timestamp_utc,iso_pdt,carrier=verizon;connection_type=lte_cellular;experiment=none,default
1782933340,2026-07-01T12:15:40-07:00,110,
1782933400,2026-07-01T12:16:40-07:00,98,
1782933460,2026-07-01T12:17:40-07:00,88,
1782933520,2026-07-01T12:18:40-07:00,105,
1782933580,2026-07-01T12:19:40-07:00,95,
1782933640,2026-07-01T12:20:40-07:00,95,
1782933700,2026-07-01T12:21:40-07:00,95,
1782933760,2026-07-01T12:22:40-07:00,98,
1782933820,2026-07-01T12:23:40-07:00,83,
1782933880,2026-07-01T12:24:40-07:00,124,
1782933940,2026-07-01T12:25:40-07:00,35,
1782934000,2026-07-01T12:26:40-07:00,140,
1782934060,2026-07-01T12:27:40-07:00,183,
1782934120,2026-07-01T12:28:40-07:00,119,
1782934180,2026-07-01T12:29:40-07:00,71,
1782934240,2026-07-01T12:30:40-07:00,91,
1782934300,2026-07-01T12:31:40-07:00,102,
1782934360,2026-07-01T12:32:40-07:00,106,
1782934420,2026-07-01T12:33:40-07:00,88,
1782934480,2026-07-01T12:34:40-07:00,47,
1782934540,2026-07-01T12:35:40-07:00,163,
1782934600,2026-07-01T12:36:40-07:00,34,
1782934660,2026-07-01T12:37:40-07:00,116,
1782934720,2026-07-01T12:38:40-07:00,193,
1782934780,2026-07-01T12:39:40-07:00,166,
1782934840,2026-07-01T12:40:40-07:00,137,
1782934900,2026-07-01T12:41:40-07:00,55,
1782934960,2026-07-01T12:42:40-07:00,164,
1782935020,2026-07-01T12:43:40-07:00,104,
1782935080,2026-07-01T12:44:40-07:00,76,
1782935140,2026-07-01T12:45:40-07:00,98,
1782935200,2026-07-01T12:46:40-07:00,131,
1782935260,2026-07-01T12:47:40-07:00,94,
1782935320,2026-07-01T12:48:40-07:00,136,
1782935380,2026-07-01T12:49:40-07:00,121,
1782935440,2026-07-01T12:50:40-07:00,79,
1782935500,2026-07-01T12:51:40-07:00,143,
1782935560,2026-07-01T12:52:40-07:00,83,
1782935620,2026-07-01T12:53:40-07:00,114,
1782935680,2026-07-01T12:54:40-07:00,77,
1782935740,2026-07-01T12:55:40-07:00,109,
1782935800,2026-07-01T12:56:40-07:00,49,
1782935860,2026-07-01T12:57:40-07:00,93,
1782935920,2026-07-01T12:58:40-07:00,112,
1782935980,2026-07-01T12:59:40-07:00,130,
1782936040,2026-07-01T13:00:40-07:00,93,
1782936100,2026-07-01T13:01:40-07:00,172,
1782936160,2026-07-01T13:02:40-07:00,69,
1782936220,2026-07-01T13:03:40-07:00,119,
1782936280,2026-07-01T13:04:40-07:00,119,
1782936340,2026-07-01T13:05:40-07:00,132,
1782936400,2026-07-01T13:06:40-07:00,68,
1782936460,2026-07-01T13:07:40-07:00,149,
1782936520,2026-07-01T13:08:40-07:00,79,
1782936580,2026-07-01T13:09:40-07:00,99,
1782936640,2026-07-01T13:10:40-07:00,169,
1782936700,2026-07-01T13:11:40-07:00,116,
1782936760,2026-07-01T13:12:40-07:00,115,
1782936820,2026-07-01T13:13:40-07:00,103,
1782936880,2026-07-01T13:14:40-07:00,137,
1782936940,2026-07-01T13:15:40-07:00,88,
1782937000,2026-07-01T13:16:40-07:00,97,
1782937060,2026-07-01T13:17:40-07:00,77,
1782937120,2026-07-01T13:18:40-07:00,100,
1782937180,2026-07-01T13:19:40-07:00,150,
1782937240,2026-07-01T13:20:40-07:00,166,
1782937300,2026-07-01T13:21:40-07:00,104,
1782937360,2026-07-01T13:22:40-07:00,115,
1782937420,2026-07-01T13:23:40-07:00,99,
1782937480,2026-07-01T13:24:40-07:00,33,
1782937540,2026-07-01T13:25:40-07:00,81,
1782937600,2026-07-01T13:26:40-07:00,81,
1782937660,2026-07-01T13:27:40-07:00,55,
1782937720,2026-07-01T13:28:40-07:00,89,
1782937780,2026-07-01T13:29:40-07:00,29,
1782937840,2026-07-01T13:30:40-07:00,113,
1782937900,2026-07-01T13:31:40-07:00,101,
1782937960,2026-07-01T13:32:40-07:00,114,
1782938020,2026-07-01T13:33:40-07:00,72,
1782938080,2026-07-01T13:34:40-07:00,70,
1782938140,2026-07-01T13:35:40-07:00,136,
1782938200,2026-07-01T13:36:40-07:00,219,
1782938260,2026-07-01T13:37:40-07:00,96,
1782938320,2026-07-01T13:38:40-07:00,69,
1782938380,2026-07-01T13:39:40-07:00,151,
1782938440,2026-07-01T13:40:40-07:00,100,
1782938500,2026-07-01T13:41:40-07:00,108,
1782938560,2026-07-01T13:42:40-07:00,63,
1782938620,2026-07-01T13:43:40-07:00,186,
1782938680,2026-07-01T13:44:40-07:00,266,
1782938740,2026-07-01T13:45:40-07:00,163,
1782938800,2026-07-01T13:46:40-07:00,258,
1782938860,2026-07-01T13:47:40-07:00,164,
1782938920,2026-07-01T13:48:40-07:00,102,
1782938980,2026-07-01T13:49:40-07:00,158,
1782939040,2026-07-01T13:50:40-07:00,122,
1782939100,2026-07-01T13:51:40-07:00,168,
1782939160,2026-07-01T13:52:40-07:00,78,
1782939220,2026-07-01T13:53:40-07:00,115,
1782939280,2026-07-01T13:54:40-07:00,100,
1782939340,2026-07-01T13:55:40-07:00,60,
1782939400,2026-07-01T13:56:40-07:00,91,
1782939460,2026-07-01T13:57:40-07:00,103,
1782939520,2026-07-01T13:58:40-07:00,87,
1782939580,2026-07-01T13:59:40-07:00,88,
1782939640,2026-07-01T14:00:40-07:00,144,
1782939700,2026-07-01T14:01:40-07:00,151,
1782939760,2026-07-01T14:02:40-07:00,102,
1782939820,2026-07-01T14:03:40-07:00,174,
1782939880,2026-07-01T14:04:40-07:00,149,
1782939940,2026-07-01T14:05:40-07:00,104,
1782940000,2026-07-01T14:06:40-07:00,86,
1782940060,2026-07-01T14:07:40-07:00,148,
1782940120,2026-07-01T14:08:40-07:00,83,
1782940180,2026-07-01T14:09:40-07:00,158,
1782940240,2026-07-01T14:10:40-07:00,100,
1782940300,2026-07-01T14:11:40-07:00,126,
1782940360,2026-07-01T14:12:40-07:00,97,
1782940420,2026-07-01T14:13:40-07:00,148,
1782940480,2026-07-01T14:14:40-07:00,100,
1782940540,2026-07-01T14:15:40-07:00,104,
1782940600,2026-07-01T14:16:40-07:00,129,
1782940660,2026-07-01T14:17:40-07:00,119,
1782940720,2026-07-01T14:18:40-07:00,124,
1782940780,2026-07-01T14:19:40-07:00,103,
1782940840,2026-07-01T14:20:40-07:00,114,
1782940900,2026-07-01T14:21:40-07:00,83,
1782940960,2026-07-01T14:22:40-07:00,134,
1782941020,2026-07-01T14:23:40-07:00,73,
1782941080,2026-07-01T14:24:40-07:00,124,
1782941140,2026-07-01T14:25:40-07:00,144,
1782941200,2026-07-01T14:26:40-07:00,105,
1782941260,2026-07-01T14:27:40-07:00,147,
1782941320,2026-07-01T14:28:40-07:00,86,
1782941380,2026-07-01T14:29:40-07:00,127,
1782941440,2026-07-01T14:30:40-07:00,215,
1782941500,2026-07-01T14:31:40-07:00,111,
1782941560,2026-07-01T14:32:40-07:00,84,
1782941620,2026-07-01T14:33:40-07:00,135,
1782941680,2026-07-01T14:34:40-07:00,129,
1782941740,2026-07-01T14:35:40-07:00,136,
1782941800,2026-07-01T14:36:40-07:00,122,
1782941860,2026-07-01T14:37:40-07:00,128,
1782941920,2026-07-01T14:38:40-07:00,138,
1782941980,2026-07-01T14:39:40-07:00,82,
1782942040,2026-07-01T14:40:40-07:00,98,
1782942100,2026-07-01T14:41:40-07:00,122,
1782942160,2026-07-01T14:42:40-07:00,102,
1782942220,2026-07-01T14:43:40-07:00,57,
1782942280,2026-07-01T14:44:40-07:00,110,
1782942340,2026-07-01T14:45:40-07:00,173,
1782942400,2026-07-01T14:46:40-07:00,141,
1782942460,2026-07-01T14:47:40-07:00,90,
1782942520,2026-07-01T14:48:40-07:00,126,
1782942580,2026-07-01T14:49:40-07:00,99,
1782942640,2026-07-01T14:50:40-07:00,70,
1782942700,2026-07-01T14:51:40-07:00,168,
1782942760,2026-07-01T14:52:40-07:00,83,
1782942820,2026-07-01T14:53:40-07:00,98,
1782942880,2026-07-01T14:54:40-07:00,105,
1782942940,2026-07-01T14:55:40-07:00,149,
1782943000,2026-07-01T14:56:40-07:00,112,
1782943060,2026-07-01T14:57:40-07:00,182,
1782943120,2026-07-01T14:58:40-07:00,186,
1782943180,2026-07-01T14:59:40-07:00,189,
1782943240,2026-07-01T15:00:40-07:00,78,
1782943300,2026-07-01T15:01:40-07:00,136,
1782943360,2026-07-01T15:02:40-07:00,94,
1782943420,2026-07-01T15:03:40-07:00,162,
1782943480,2026-07-01T15:04:40-07:00,126,
1782943540,2026-07-01T15:05:40-07:00,136,
1782943600,2026-07-01T15:06:40-07:00,63,
1782943660,2026-07-01T15:07:40-07:00,108,
1782943720,2026-07-01T15:08:40-07:00,115,
1782943780,2026-07-01T15:09:40-07:00,101,
1782943840,2026-07-01T15:10:40-07:00,101,
1782943900,2026-07-01T15:11:40-07:00,81,
1782943960,2026-07-01T15:12:40-07:00,70,
1782944020,2026-07-01T15:13:40-07:00,108,
1782944080,2026-07-01T15:14:40-07:00,189,
1782944140,2026-07-01T15:15:40-07:00,100,
1782944200,2026-07-01T15:16:40-07:00,113,
1782944260,2026-07-01T15:17:40-07:00,134,
1782944320,2026-07-01T15:18:40-07:00,90,
1782944380,2026-07-01T15:19:40-07:00,112,
1782944440,2026-07-01T15:20:40-07:00,158,
1782944500,2026-07-01T15:21:40-07:00,175,
1782944560,2026-07-01T15:22:40-07:00,49,
1782944620,2026-07-01T15:23:40-07:00,76,
1782944680,2026-07-01T15:24:40-07:00,81,
1782944740,2026-07-01T15:25:40-07:00,66,
1782944800,2026-07-01T15:26:40-07:00,51,
1782944860,2026-07-01T15:27:40-07:00,76,
1782944920,2026-07-01T15:28:40-07:00,50,
1782944980,2026-07-01T15:29:40-07:00,82,
1782945040,2026-07-01T15:30:40-07:00,83,
1782945100,2026-07-01T15:31:40-07:00,89,
1782945160,2026-07-01T15:32:40-07:00,130,
1782945220,2026-07-01T15:33:40-07:00,125,
1782945280,2026-07-01T15:34:40-07:00,78,
1782945340,2026-07-01T15:35:40-07:00,75,
1782945400,2026-07-01T15:36:40-07:00,127,
1782945460,2026-07-01T15:37:40-07:00,208,
1782945520,2026-07-01T15:38:40-07:00,155,
1782945580,2026-07-01T15:39:40-07:00,64,
1782945640,2026-07-01T15:40:40-07:00,95,
1782945700,2026-07-01T15:41:40-07:00,157,
1782945760,2026-07-01T15:42:40-07:00,140,
1782945820,2026-07-01T15:43:40-07:00,116,
1782945880,2026-07-01T15:44:40-07:00,72,
1782945940,2026-07-01T15:45:40-07:00,165,
1782946000,2026-07-01T15:46:40-07:00,82,
1782946060,2026-07-01T15:47:40-07:00,139,
1782946120,2026-07-01T15:48:40-07:00,170,
1782946180,2026-07-01T15:49:40-07:00,159,
1782946240,2026-07-01T15:50:40-07:00,105,
1782946300,2026-07-01T15:51:40-07:00,136,
1782946360,2026-07-01T15:52:40-07:00,112,
1782946420,2026-07-01T15:53:40-07:00,124,
1782946480,2026-07-01T15:54:40-07:00,143,
1782946540,2026-07-01T15:55:40-07:00,85,
1782946600,2026-07-01T15:56:40-07:00,88,
1782946660,2026-07-01T15:57:40-07:00,88,
1782946720,2026-07-01T15:58:40-07:00,122,
1782946780,2026-07-01T15:59:40-07:00,89,
1782946840,2026-07-01T16:00:40-07:00,73,
1782946900,2026-07-01T16:01:40-07:00,88,
1782946960,2026-07-01T16:02:40-07:00,126,
1782947020,2026-07-01T16:03:40-07:00,93,
1782947080,2026-07-01T16:04:40-07:00,19,
1782947140,2026-07-01T16:05:40-07:00,160,
1782947200,2026-07-01T16:06:40-07:00,240,
1782947260,2026-07-01T16:07:40-07:00,166,
1782947320,2026-07-01T16:08:40-07:00,174,
1782947380,2026-07-01T16:09:40-07:00,137,
1782947440,2026-07-01T16:10:40-07:00,76,
1782947500,2026-07-01T16:11:40-07:00,127,
1782947560,2026-07-01T16:12:40-07:00,84,
1782947620,2026-07-01T16:13:40-07:00,95,
1782947680,2026-07-01T16:14:40-07:00,63,
1782947740,2026-07-01T16:15:40-07:00,92,
1782947800,2026-07-01T16:16:40-07:00,75,
1782947860,2026-07-01T16:17:40-07:00,119,
1782947920,2026-07-01T16:18:40-07:00,25,
1782947980,2026-07-01T16:19:40-07:00,115,
1782948040,2026-07-01T16:20:40-07:00,75,
1782948100,2026-07-01T16:21:40-07:00,114,
1782948160,2026-07-01T16:22:40-07:00,42,
1782948220,2026-07-01T16:23:40-07:00,131,
1782948280,2026-07-01T16:24:40-07:00,149,
1782948340,2026-07-01T16:25:40-07:00,144,
1782948400,2026-07-01T16:26:40-07:00,88,
1782948460,2026-07-01T16:27:40-07:00,87,
1782948520,2026-07-01T16:28:40-07:00,85,
1782948580,2026-07-01T16:29:40-07:00,125,
1782948640,2026-07-01T16:30:40-07:00,122,
1782948700,2026-07-01T16:31:40-07:00,28,
1782948760,2026-07-01T16:32:40-07:00,113,
1782948820,2026-07-01T16:33:40-07:00,148,
1782948880,2026-07-01T16:34:40-07:00,103,
1782948940,2026-07-01T16:35:40-07:00,128,
1782949000,2026-07-01T16:36:40-07:00,96,
1782949060,2026-07-01T16:37:40-07:00,74,
1782949120,2026-07-01T16:38:40-07:00,211,
1782949180,2026-07-01T16:39:40-07:00,122,
1782949240,2026-07-01T16:40:40-07:00,112,
1782949300,2026-07-01T16:41:40-07:00,83,
1782949360,2026-07-01T16:42:40-07:00,84,
1782949420,2026-07-01T16:43:40-07:00,163,
1782949480,2026-07-01T16:44:40-07:00,99,
1782949540,2026-07-01T16:45:40-07:00,70,
1782949600,2026-07-01T16:46:40-07:00,62,
1782949660,2026-07-01T16:47:40-07:00,147,
1782949720,2026-07-01T16:48:40-07:00,85,
1782949780,2026-07-01T16:49:40-07:00,77,
1782949840,2026-07-01T16:50:40-07:00,68,
1782949900,2026-07-01T16:51:40-07:00,73,
1782949960,2026-07-01T16:52:40-07:00,85,
1782950020,2026-07-01T16:53:40-07:00,57,
1782950080,2026-07-01T16:54:40-07:00,134,
1782950140,2026-07-01T16:55:40-07:00,74,
1782950200,2026-07-01T16:56:40-07:00,39,
1782950260,2026-07-01T16:57:40-07:00,81,
1782950320,2026-07-01T16:58:40-07:00,68,
1782950380,2026-07-01T16:59:40-07:00,214,
1782950440,2026-07-01T17:00:40-07:00,111,
1782950500,2026-07-01T17:01:40-07:00,122,
1782950560,2026-07-01T17:02:40-07:00,114,
1782950620,2026-07-01T17:03:40-07:00,67,
1782950680,2026-07-01T17:04:40-07:00,63,
1782950740,2026-07-01T17:05:40-07:00,132,
1782950800,2026-07-01T17:06:40-07:00,70,
1782950860,2026-07-01T17:07:40-07:00,135,
1782950920,2026-07-01T17:08:40-07:00,91,
1782950980,2026-07-01T17:09:40-07:00,54,
1782951040,2026-07-01T17:10:40-07:00,64,
1782951100,2026-07-01T17:11:40-07:00,89,
1782951160,2026-07-01T17:12:40-07:00,61,
1782951220,2026-07-01T17:13:40-07:00,163,
1782951280,2026-07-01T17:14:40-07:00,93,
1782951340,2026-07-01T17:15:40-07:00,76,
1782951400,2026-07-01T17:16:40-07:00,118,
1782951460,2026-07-01T17:17:40-07:00,93,
1782951520,2026-07-01T17:18:40-07:00,129,
1782951580,2026-07-01T17:19:40-07:00,102,
1782951640,2026-07-01T17:20:40-07:00,159,
1782951700,2026-07-01T17:21:40-07:00,149,
1782951760,2026-07-01T17:22:40-07:00,103,
1782951820,2026-07-01T17:23:40-07:00,122,
1782951880,2026-07-01T17:24:40-07:00,122,
1782951940,2026-07-01T17:25:40-07:00,107,
1782952000,2026-07-01T17:26:40-07:00,74,
1782952060,2026-07-01T17:27:40-07:00,59,
1782952120,2026-07-01T17:28:40-07:00,86,
1782952180,2026-07-01T17:29:40-07:00,65,
1782952240,2026-07-01T17:30:40-07:00,122,
1782952300,2026-07-01T17:31:40-07:00,139,
1782952360,2026-07-01T17:32:40-07:00,76,
1782952420,2026-07-01T17:33:40-07:00,59,
1782952480,2026-07-01T17:34:40-07:00,175,
1782952540,2026-07-01T17:35:40-07:00,57,
1782952600,2026-07-01T17:36:40-07:00,100,
1782952660,2026-07-01T17:37:40-07:00,62,
1782952720,2026-07-01T17:38:40-07:00,37,
1782952780,2026-07-01T17:39:40-07:00,89,
1782952840,2026-07-01T17:40:40-07:00,264,
1782952900,2026-07-01T17:41:40-07:00,178,
1782952960,2026-07-01T17:42:40-07:00,183,
1782953020,2026-07-01T17:43:40-07:00,65,
1782953080,2026-07-01T17:44:40-07:00,109,
1782953140,2026-07-01T17:45:40-07:00,153,
1782953200,2026-07-01T17:46:40-07:00,121,
1782953260,2026-07-01T17:47:40-07:00,102,
1782953320,2026-07-01T17:48:40-07:00,98,
1782953380,2026-07-01T17:49:40-07:00,86,
1782953440,2026-07-01T17:50:40-07:00,42,
1782953500,2026-07-01T17:51:40-07:00,117,
1782953560,2026-07-01T17:52:40-07:00,47,
1782953620,2026-07-01T17:53:40-07:00,83,
1782953680,2026-07-01T17:54:40-07:00,46,
1782953740,2026-07-01T17:55:40-07:00,138,
1782953800,2026-07-01T17:56:40-07:00,113,
1782953860,2026-07-01T17:57:40-07:00,101,
1782953920,2026-07-01T17:58:40-07:00,90,
1782953980,2026-07-01T17:59:40-07:00,121,
1782954040,2026-07-01T18:00:40-07:00,123,
1782954100,2026-07-01T18:01:40-07:00,102,
1782954160,2026-07-01T18:02:40-07:00,143,
1782954220,2026-07-01T18:03:40-07:00,126,
1782954280,2026-07-01T18:04:40-07:00,30,
1782954340,2026-07-01T18:05:40-07:00,174,
1782954400,2026-07-01T18:06:40-07:00,51,
1782954460,2026-07-01T18:07:40-07:00,149,
1782954520,2026-07-01T18:08:40-07:00,150,
1782954580,2026-07-01T18:09:40-07:00,236,
1782954640,2026-07-01T18:10:40-07:00,66,
1782954700,2026-07-01T18:11:40-07:00,55,
1782954760,2026-07-01T18:12:40-07:00,81,
1782954820,2026-07-01T18:13:40-07:00,112,
1782954880,2026-07-01T18:14:40-07:00,110,
1782954940,2026-07-01T18:15:40-07:00,86,
1782955000,2026-07-01T18:16:40-07:00,58,
1782955060,2026-07-01T18:17:40-07:00,128,
1782955120,2026-07-01T18:18:40-07:00,117,
1782955180,2026-07-01T18:19:40-07:00,153,
1782955240,2026-07-01T18:20:40-07:00,97,
1782955300,2026-07-01T18:21:40-07:00,62,
1782955360,2026-07-01T18:22:40-07:00,84,
1782955420,2026-07-01T18:23:40-07:00,123,
1782955480,2026-07-01T18:24:40-07:00,92,
1782955540,2026-07-01T18:25:40-07:00,121,
1782955600,2026-07-01T18:26:40-07:00,90,
1782955660,2026-07-01T18:27:40-07:00,61,
1782955720,2026-07-01T18:28:40-07:00,183,
1782955780,2026-07-01T18:29:40-07:00,54,
1782955840,2026-07-01T18:30:40-07:00,156,
1782955900,2026-07-01T18:31:40-07:00,87,
1782955960,2026-07-01T18:32:40-07:00,89,
1782956020,2026-07-01T18:33:40-07:00,53,
1782956080,2026-07-01T18:34:40-07:00,69,
1782956140,2026-07-01T18:35:40-07:00,120,
1782956200,2026-07-01T18:36:40-07:00,81,
1782956260,2026-07-01T18:37:40-07:00,99,
1782956320,2026-07-01T18:38:40-07:00,45,
1782956380,2026-07-01T18:39:40-07:00,95,
1782956440,2026-07-01T18:40:40-07:00,91,
1782956500,2026-07-01T18:41:40-07:00,109,
1782956560,2026-07-01T18:42:40-07:00,77,
1782956620,2026-07-01T18:43:40-07:00,148,
1782956680,2026-07-01T18:44:40-07:00,68,
1782956740,2026-07-01T18:45:40-07:00,137,
1782956800,2026-07-01T18:46:40-07:00,134,
1782956860,2026-07-01T18:47:40-07:00,83,
1782956920,2026-07-01T18:48:40-07:00,110,
1782956980,2026-07-01T18:49:40-07:00,36,
1782957040,2026-07-01T18:50:40-07:00,188,
1782957100,2026-07-01T18:51:40-07:00,133,
1782957160,2026-07-01T18:52:40-07:00,104,
1782957220,2026-07-01T18:53:40-07:00,137,
1782957280,2026-07-01T18:54:40-07:00,89,
1782957340,2026-07-01T18:55:40-07:00,113,
1782957400,2026-07-01T18:56:40-07:00,115,
1782957460,2026-07-01T18:57:40-07:00,187,
1782957520,2026-07-01T18:58:40-07:00,119,
1782957580,2026-07-01T18:59:40-07:00,74,
1782957640,2026-07-01T19:00:40-07:00,68,
1782957700,2026-07-01T19:01:40-07:00,97,
1782957760,2026-07-01T19:02:40-07:00,85,
1782957820,2026-07-01T19:03:40-07:00,85,
1782957880,2026-07-01T19:04:40-07:00,162,
1782957940,2026-07-01T19:05:40-07:00,95,
1782958000,2026-07-01T19:06:40-07:00,62,
1782958060,2026-07-01T19:07:40-07:00,104,
1782958120,2026-07-01T19:08:40-07:00,227,
1782958180,2026-07-01T19:09:40-07:00,168,
1782958240,2026-07-01T19:10:40-07:00,97,
1782958300,2026-07-01T19:11:40-07:00,175,
1782958360,2026-07-01T19:12:40-07:00,110,
1782958420,2026-07-01T19:13:40-07:00,103,
1782958480,2026-07-01T19:14:40-07:00,174,
1782958540,2026-07-01T19:15:40-07:00,180,
1782958600,2026-07-01T19:16:40-07:00,164,
1782958660,2026-07-01T19:17:40-07:00,79,
1782958720,2026-07-01T19:18:40-07:00,51,
1782958780,2026-07-01T19:19:40-07:00,97,
1782958840,2026-07-01T19:20:40-07:00,165,
1782958900,2026-07-01T19:21:40-07:00,182,
1782958960,2026-07-01T19:22:40-07:00,90,
1782959020,2026-07-01T19:23:40-07:00,160,
1782959080,2026-07-01T19:24:40-07:00,102,
1782959140,2026-07-01T19:25:40-07:00,85,
1782959200,2026-07-01T19:26:40-07:00,87,
1782959260,2026-07-01T19:27:40-07:00,116,
1782959320,2026-07-01T19:28:40-07:00,91,
1782959380,2026-07-01T19:29:40-07:00,155,
1782959440,2026-07-01T19:30:40-07:00,95,
1782959500,2026-07-01T19:31:40-07:00,52,
1782959560,2026-07-01T19:32:40-07:00,58,
1782959620,2026-07-01T19:33:40-07:00,84,
1782959680,2026-07-01T19:34:40-07:00,45,
1782959740,2026-07-01T19:35:40-07:00,148,
1782959800,2026-07-01T19:36:40-07:00,180,
1782959860,2026-07-01T19:37:40-07:00,130,
1782959920,2026-07-01T19:38:40-07:00,117,
1782959980,2026-07-01T19:39:40-07:00,114,
1782960040,2026-07-01T19:40:40-07:00,145,
1782960100,2026-07-01T19:41:40-07:00,202,
1782960160,2026-07-01T19:42:40-07:00,76,
1782960220,2026-07-01T19:43:40-07:00,64,
1782960280,2026-07-01T19:44:40-07:00,65,
1782960340,2026-07-01T19:45:40-07:00,54,
1782960400,2026-07-01T19:46:40-07:00,177,
1782960460,2026-07-01T19:47:40-07:00,124,
1782960520,2026-07-01T19:48:40-07:00,178,
1782960580,2026-07-01T19:49:40-07:00,148,
1782960640,2026-07-01T19:50:40-07:00,134,
1782960700,2026-07-01T19:51:40-07:00,143,
1782960760,2026-07-01T19:52:40-07:00,149,
1782960820,2026-07-01T19:53:40-07:00,166,
1782960880,2026-07-01T19:54:40-07:00,121,
1782960940,2026-07-01T19:55:40-07:00,107,
1782961000,2026-07-01T19:56:40-07:00,140,
1782961060,2026-07-01T19:57:40-07:00,96,
1782961120,2026-07-01T19:58:40-07:00,144,
1782961180,2026-07-01T19:59:40-07:00,95,
1782961240,2026-07-01T20:00:40-07:00,184,
1782961300,2026-07-01T20:01:40-07:00,77,
1782961360,2026-07-01T20:02:40-07:00,107,
1782961420,2026-07-01T20:03:40-07:00,184,
1782961480,2026-07-01T20:04:40-07:00,122,
1782961540,2026-07-01T20:05:40-07:00,165,
1782961600,2026-07-01T20:06:40-07:00,256,
1782961660,2026-07-01T20:07:40-07:00,175,
1782961720,2026-07-01T20:08:40-07:00,124,
1782961780,2026-07-01T20:09:40-07:00,93,
1782961840,2026-07-01T20:10:40-07:00,130,
1782961900,2026-07-01T20:11:40-07:00,152,
1782961960,2026-07-01T20:12:40-07:00,77,
1782962020,2026-07-01T20:13:40-07:00,259,
1782962080,2026-07-01T20:14:40-07:00,180,
1782962140,2026-07-01T20:15:40-07:00,116,
1782962200,2026-07-01T20:16:40-07:00,90,
1782962260,2026-07-01T20:17:40-07:00,147,
1782962320,2026-07-01T20:18:40-07:00,72,
1782962380,2026-07-01T20:19:40-07:00,155,
1782962440,2026-07-01T20:20:40-07:00,156,
1782962500,2026-07-01T20:21:40-07:00,69,
1782962560,2026-07-01T20:22:40-07:00,165,
1782962620,2026-07-01T20:23:40-07:00,114,
1782962680,2026-07-01T20:24:40-07:00,95,
1782962740,2026-07-01T20:25:40-07:00,96,
1782962800,2026-07-01T20:26:40-07:00,48,
1782962860,2026-07-01T20:27:40-07:00,147,
1782962920,2026-07-01T20:28:40-07:00,132,
1782962980,2026-07-01T20:29:40-07:00,61,
1782963040,2026-07-01T20:30:40-07:00,107,
1782963100,2026-07-01T20:31:40-07:00,163,
1782963160,2026-07-01T20:32:40-07:00,120,
1782963220,2026-07-01T20:33:40-07:00,184,
1782963280,2026-07-01T20:34:40-07:00,66,
1782963340,2026-07-01T20:35:40-07:00,211,
1782963400,2026-07-01T20:36:40-07:00,157,
1782963460,2026-07-01T20:37:40-07:00,183,
1782963520,2026-07-01T20:38:40-07:00,61,
1782963580,2026-07-01T20:39:40-07:00,98,
1782963640,2026-07-01T20:40:40-07:00,189,
1782963700,2026-07-01T20:41:40-07:00,163,
1782963760,2026-07-01T20:42:40-07:00,72,
1782963820,2026-07-01T20:43:40-07:00,93,
1782963880,2026-07-01T20:44:40-07:00,138,
1782963940,2026-07-01T20:45:40-07:00,101,
1782964000,2026-07-01T20:46:40-07:00,61,
1782964060,2026-07-01T20:47:40-07:00,157,
1782964120,2026-07-01T20:48:40-07:00,137,
1782964180,2026-07-01T20:49:40-07:00,127,
1782964240,2026-07-01T20:50:40-07:00,84,
1782964300,2026-07-01T20:51:40-07:00,107,
1782964360,2026-07-01T20:52:40-07:00,175,
1782964420,2026-07-01T20:53:40-07:00,149,
1782964480,2026-07-01T20:54:40-07:00,116,
1782964540,2026-07-01T20:55:40-07:00,104,
1782964600,2026-07-01T20:56:40-07:00,162,
1782964660,2026-07-01T20:57:40-07:00,91,
1782964720,2026-07-01T20:58:40-07:00,201,
1782964780,2026-07-01T20:59:40-07:00,182,
1782964840,2026-07-01T21:00:40-07:00,123,
1782964900,2026-07-01T21:01:40-07:00,157,
1782964960,2026-07-01T21:02:40-07:00,81,
1782965020,2026-07-01T21:03:40-07:00,134,
1782965080,2026-07-01T21:04:40-07:00,129,
1782965140,2026-07-01T21:05:40-07:00,162,
1782965200,2026-07-01T21:06:40-07:00,154,
1782965260,2026-07-01T21:07:40-07:00,78,
1782965320,2026-07-01T21:08:40-07:00,75,
1782965380,2026-07-01T21:09:40-07:00,197,
1782965440,2026-07-01T21:10:40-07:00,103,
1782965500,2026-07-01T21:11:40-07:00,175,
1782965560,2026-07-01T21:12:40-07:00,121,
1782965620,2026-07-01T21:13:40-07:00,107,
1782965680,2026-07-01T21:14:40-07:00,151,
1782965740,2026-07-01T21:15:40-07:00,163,
1782965800,2026-07-01T21:16:40-07:00,102,
1782965860,2026-07-01T21:17:40-07:00,73,
1782965920,2026-07-01T21:18:40-07:00,116,
1782965980,2026-07-01T21:19:40-07:00,124,
1782966040,2026-07-01T21:20:40-07:00,103,
1782966100,2026-07-01T21:21:40-07:00,130,
1782966160,2026-07-01T21:22:40-07:00,138,
1782966220,2026-07-01T21:23:40-07:00,164,
1782966280,2026-07-01T21:24:40-07:00,55,
1782966340,2026-07-01T21:25:40-07:00,126,
1782966400,2026-07-01T21:26:40-07:00,64,
1782966460,2026-07-01T21:27:40-07:00,163,
1782966520,2026-07-01T21:28:40-07:00,122,
1782966580,2026-07-01T21:29:40-07:00,74,
1782966640,2026-07-01T21:30:40-07:00,187,
1782966700,2026-07-01T21:31:40-07:00,118,
1782966760,2026-07-01T21:32:40-07:00,155,
1782966820,2026-07-01T21:33:40-07:00,139,
1782966880,2026-07-01T21:34:40-07:00,88,
1782966940,2026-07-01T21:35:40-07:00,77,
1782967000,2026-07-01T21:36:40-07:00,119,
1782967060,2026-07-01T21:37:40-07:00,120,
1782967120,2026-07-01T21:38:40-07:00,146,
1782967180,2026-07-01T21:39:40-07:00,120,
1782967240,2026-07-01T21:40:40-07:00,128,
1782967300,2026-07-01T21:41:40-07:00,126,
1782967360,2026-07-01T21:42:40-07:00,169,
1782967420,2026-07-01T21:43:40-07:00,117,
1782967480,2026-07-01T21:44:40-07:00,116,
1782967540,2026-07-01T21:45:40-07:00,140,
1782967600,2026-07-01T21:46:40-07:00,84,
1782967660,2026-07-01T21:47:40-07:00,107,
1782967720,2026-07-01T21:48:40-07:00,104,
1782967780,2026-07-01T21:49:40-07:00,53,
1782967840,2026-07-01T21:50:40-07:00,148,
1782967900,2026-07-01T21:51:40-07:00,252,
1782967960,2026-07-01T21:52:40-07:00,250,
1782968020,2026-07-01T21:53:40-07:00,157,
1782968080,2026-07-01T21:54:40-07:00,48,
1782968140,2026-07-01T21:55:40-07:00,111,
1782968200,2026-07-01T21:56:40-07:00,120,
1782968260,2026-07-01T21:57:40-07:00,203,
1782968320,2026-07-01T21:58:40-07:00,146,
1782968380,2026-07-01T21:59:40-07:00,118,
1782968440,2026-07-01T22:00:40-07:00,55,
1782968500,2026-07-01T22:01:40-07:00,166,
1782968560,2026-07-01T22:02:40-07:00,112,
1782968620,2026-07-01T22:03:40-07:00,221,
1782968680,2026-07-01T22:04:40-07:00,78,
1782968740,2026-07-01T22:05:40-07:00,151,
1782968800,2026-07-01T22:06:40-07:00,70,
1782968860,2026-07-01T22:07:40-07:00,78,
1782968920,2026-07-01T22:08:40-07:00,138,
1782968980,2026-07-01T22:09:40-07:00,158,
1782969040,2026-07-01T22:10:40-07:00,119,
1782969100,2026-07-01T22:11:40-07:00,103,
1782969160,2026-07-01T22:12:40-07:00,127,
1782969220,2026-07-01T22:13:40-07:00,160,
1782969280,2026-07-01T22:14:40-07:00,94,
1782969340,2026-07-01T22:15:40-07:00,47,
1782969400,2026-07-01T22:16:40-07:00,41,
1782969460,2026-07-01T22:17:40-07:00,81,
1782969520,2026-07-01T22:18:40-07:00,114,
1782969580,2026-07-01T22:19:40-07:00,163,
1782969640,2026-07-01T22:20:40-07:00,37,
1782969700,2026-07-01T22:21:40-07:00,119,
1782969760,2026-07-01T22:22:40-07:00,120,
1782969820,2026-07-01T22:23:40-07:00,91,
1782969880,2026-07-01T22:24:40-07:00,76,
1782969940,2026-07-01T22:25:40-07:00,150,
1782970000,2026-07-01T22:26:40-07:00,80,
1782970060,2026-07-01T22:27:40-07:00,203,
1782970120,2026-07-01T22:28:40-07:00,104,
1782970180,2026-07-01T22:29:40-07:00,215,
1782970240,2026-07-01T22:30:40-07:00,64,
1782970300,2026-07-01T22:31:40-07:00,97,
1782970360,2026-07-01T22:32:40-07:00,35,
1782970420,2026-07-01T22:33:40-07:00,81,
1782970480,2026-07-01T22:34:40-07:00,28,
1782970540,2026-07-01T22:35:40-07:00,48,
1782970600,2026-07-01T22:36:40-07:00,56,
1782970660,2026-07-01T22:37:40-07:00,34,
1782970720,2026-07-01T22:38:40-07:00,135,
1782970780,2026-07-01T22:39:40-07:00,107,
1782970840,2026-07-01T22:40:40-07:00,75,
1782970900,2026-07-01T22:41:40-07:00,78,
1782970960,2026-07-01T22:42:40-07:00,67,
1782971020,2026-07-01T22:43:40-07:00,63,
1782971080,2026-07-01T22:44:40-07:00,237,
1782971140,2026-07-01T22:45:40-07:00,99,
1782971200,2026-07-01T22:46:40-07:00,83,
1782971260,2026-07-01T22:47:40-07:00,166,
1782971320,2026-07-01T22:48:40-07:00,146,
1782971380,2026-07-01T22:49:40-07:00,133,
1782971440,2026-07-01T22:50:40-07:00,117,
1782971500,2026-07-01T22:51:40-07:00,157,
1782971560,2026-07-01T22:52:40-07:00,130,
1782971620,2026-07-01T22:53:40-07:00,63,
1782971680,2026-07-01T22:54:40-07:00,135,
1782971740,2026-07-01T22:55:40-07:00,176,
1782971800,2026-07-01T22:56:40-07:00,164,
1782971860,2026-07-01T22:57:40-07:00,127,
1782971920,2026-07-01T22:58:40-07:00,200,
1782971980,2026-07-01T22:59:40-07:00,32,
1782972040,2026-07-01T23:00:40-07:00,56,
1782972100,2026-07-01T23:01:40-07:00,32,
1782972160,2026-07-01T23:02:40-07:00,109,
1782972220,2026-07-01T23:03:40-07:00,87,
1782972280,2026-07-01T23:04:40-07:00,53,
1782972340,2026-07-01T23:05:40-07:00,41,
1782972400,2026-07-01T23:06:40-07:00,59,
1782972460,2026-07-01T23:07:40-07:00,27,
1782972520,2026-07-01T23:08:40-07:00,36,
1782972580,2026-07-01T23:09:40-07:00,44,
1782972640,2026-07-01T23:10:40-07:00,61,
1782972700,2026-07-01T23:11:40-07:00,39,
1782972760,2026-07-01T23:12:40-07:00,40,
1782972820,2026-07-01T23:13:40-07:00,49,
1782972880,2026-07-01T23:14:40-07:00,54,
1782972940,2026-07-01T23:15:40-07:00,67,
1782973000,2026-07-01T23:16:40-07:00,80,
1782973060,2026-07-01T23:17:40-07:00,54,
1782973120,2026-07-01T23:18:40-07:00,36,
1782973180,2026-07-01T23:19:40-07:00,49,
1782973240,2026-07-01T23:20:40-07:00,74,
1782973300,2026-07-01T23:21:40-07:00,42,
1782973360,2026-07-01T23:22:40-07:00,46,
1782973420,2026-07-01T23:23:40-07:00,39,
1782973480,2026-07-01T23:24:40-07:00,48,
1782973540,2026-07-01T23:25:40-07:00,36,
1782973600,2026-07-01T23:26:40-07:00,63,
1782973660,2026-07-01T23:27:40-07:00,38,
1782973720,2026-07-01T23:28:40-07:00,77,
1782973780,2026-07-01T23:29:40-07:00,48,
1782973840,2026-07-01T23:30:40-07:00,56,
1782973900,2026-07-01T23:31:40-07:00,72,
1782973960,2026-07-01T23:32:40-07:00,64,
1782974020,2026-07-01T23:33:40-07:00,81,
1782974080,2026-07-01T23:34:40-07:00,22,
1782974140,2026-07-01T23:35:40-07:00,33,
1782974200,2026-07-01T23:36:40-07:00,53,
1782974260,2026-07-01T23:37:40-07:00,46,
1782974320,2026-07-01T23:38:40-07:00,60,
1782974380,2026-07-01T23:39:40-07:00,36,
1782974440,2026-07-01T23:40:40-07:00,124,
1782974500,2026-07-01T23:41:40-07:00,106,
1782974560,2026-07-01T23:42:40-07:00,51,
1782974620,2026-07-01T23:43:40-07:00,40,
1782974680,2026-07-01T23:44:40-07:00,35,
1782974740,2026-07-01T23:45:40-07:00,78,
1782974800,2026-07-01T23:46:40-07:00,161,
1782974860,2026-07-01T23:47:40-07:00,49,
1782974920,2026-07-01T23:48:40-07:00,38,
1782974980,2026-07-01T23:49:40-07:00,48,
1782975040,2026-07-01T23:50:40-07:00,54,
1782975100,2026-07-01T23:51:40-07:00,80,
1782975160,2026-07-01T23:52:40-07:00,59,
1782975220,2026-07-01T23:53:40-07:00,56,
1782975280,2026-07-01T23:54:40-07:00,46,
1782975340,2026-07-01T23:55:40-07:00,137,
1782975400,2026-07-01T23:56:40-07:00,51,
1782975460,2026-07-01T23:57:40-07:00,29,
1782975520,2026-07-01T23:58:40-07:00,31,
1782975580,2026-07-01T23:59:40-07:00,55,
1782975640,2026-07-02T00:00:40-07:00,38,
1782975700,2026-07-02T00:01:40-07:00,45,
1782975760,2026-07-02T00:02:40-07:00,31,
1782975820,2026-07-02T00:03:40-07:00,93,
1782975880,2026-07-02T00:04:40-07:00,71,
1782975940,2026-07-02T00:05:40-07:00,131,
1782976000,2026-07-02T00:06:40-07:00,64,
1782976060,2026-07-02T00:07:40-07:00,53,
1782976120,2026-07-02T00:08:40-07:00,45,
1782976180,2026-07-02T00:09:40-07:00,22,
1782976240,2026-07-02T00:10:40-07:00,12,
1782976300,2026-07-02T00:11:40-07:00,51,
1782976360,2026-07-02T00:12:40-07:00,62,
1782976420,2026-07-02T00:13:40-07:00,58,
1782976480,2026-07-02T00:14:40-07:00,28,
1782976540,2026-07-02T00:15:40-07:00,96,
1782976600,2026-07-02T00:16:40-07:00,117,
1782976660,2026-07-02T00:17:40-07:00,40,
1782976720,2026-07-02T00:18:40-07:00,47,
1782976780,2026-07-02T00:19:40-07:00,46,
1782976840,2026-07-02T00:20:40-07:00,20,
1782976900,2026-07-02T00:21:40-07:00,59,
1782976960,2026-07-02T00:22:40-07:00,37,
1782977020,2026-07-02T00:23:40-07:00,50,
1782977080,2026-07-02T00:24:40-07:00,47,
1782977140,2026-07-02T00:25:40-07:00,41,
1782977200,2026-07-02T00:26:40-07:00,32,
1782977260,2026-07-02T00:27:40-07:00,40,
1782977320,2026-07-02T00:28:40-07:00,59,
1782977380,2026-07-02T00:29:40-07:00,40,
1782977440,2026-07-02T00:30:40-07:00,50,
1782977500,2026-07-02T00:31:40-07:00,21,
1782977560,2026-07-02T00:32:40-07:00,45,
1782977620,2026-07-02T00:33:40-07:00,51,
1782977680,2026-07-02T00:34:40-07:00,43,
1782977740,2026-07-02T00:35:40-07:00,55,
1782977800,2026-07-02T00:36:40-07:00,28,
1782977860,2026-07-02T00:37:40-07:00,35,
1782977920,2026-07-02T00:38:40-07:00,37,
1782977980,2026-07-02T00:39:40-07:00,35,
1782978040,2026-07-02T00:40:40-07:00,43,
1782978100,2026-07-02T00:41:40-07:00,37,
1782978160,2026-07-02T00:42:40-07:00,9,
1782978220,2026-07-02T00:43:40-07:00,15,
1782978280,2026-07-02T00:44:40-07:00,8,
1782978340,2026-07-02T00:45:40-07:00,46,
1782978400,2026-07-02T00:46:40-07:00,13,
1782978460,2026-07-02T00:47:40-07:00,28,
1782978520,2026-07-02T00:48:40-07:00,27,
1782978580,2026-07-02T00:49:40-07:00,17,
1782978640,2026-07-02T00:50:40-07:00,9,
1782978700,2026-07-02T00:51:40-07:00,31,
1782978760,2026-07-02T00:52:40-07:00,28,
1782978820,2026-07-02T00:53:40-07:00,15,
1782978880,2026-07-02T00:54:40-07:00,11,
1782978940,2026-07-02T00:55:40-07:00,20,
1782979000,2026-07-02T00:56:40-07:00,40,
1782979060,2026-07-02T00:57:40-07:00,27,
1782979120,2026-07-02T00:58:40-07:00,38,
1782979180,2026-07-02T00:59:40-07:00,30,
1782979240,2026-07-02T01:00:40-07:00,25,
1782979300,2026-07-02T01:01:40-07:00,13,
1782979360,2026-07-02T01:02:40-07:00,28,
1782979420,2026-07-02T01:03:40-07:00,22,
1782979480,2026-07-02T01:04:40-07:00,30,
1782979540,2026-07-02T01:05:40-07:00,22,
1782979600,2026-07-02T01:06:40-07:00,24,
1782979660,2026-07-02T01:07:40-07:00,12,
1782979720,2026-07-02T01:08:40-07:00,58,
1782979780,2026-07-02T01:09:40-07:00,13,
1782979840,2026-07-02T01:10:40-07:00,6,
1782979900,2026-07-02T01:11:40-07:00,26,
1782979960,2026-07-02T01:12:40-07:00,31,
1782980020,2026-07-02T01:13:40-07:00,12,
1782980080,2026-07-02T01:14:40-07:00,8,
1782980140,2026-07-02T01:15:40-07:00,29,
1782980200,2026-07-02T01:16:40-07:00,6,
1782980260,2026-07-02T01:17:40-07:00,18,
1782980320,2026-07-02T01:18:40-07:00,13,
1782980380,2026-07-02T01:19:40-07:00,23,
1782980440,2026-07-02T01:20:40-07:00,18,
1782980500,2026-07-02T01:21:40-07:00,15,
1782980560,2026-07-02T01:22:40-07:00,4,
1782980620,2026-07-02T01:23:40-07:00,20,
1782980680,2026-07-02T01:24:40-07:00,12,
1782980740,2026-07-02T01:25:40-07:00,43,
1782980800,2026-07-02T01:26:40-07:00,3,
1782980860,2026-07-02T01:27:40-07:00,7,
1782980920,2026-07-02T01:28:40-07:00,10,
1782980980,2026-07-02T01:29:40-07:00,39,
1782981040,2026-07-02T01:30:40-07:00,13,
1782981100,2026-07-02T01:31:40-07:00,29,
1782981160,2026-07-02T01:32:40-07:00,6,
1782981220,2026-07-02T01:33:40-07:00,11,
1782981280,2026-07-02T01:34:40-07:00,9,
1782981340,2026-07-02T01:35:40-07:00,5,
1782981400,2026-07-02T01:36:40-07:00,25,
1782981460,2026-07-02T01:37:40-07:00,9,
1782981520,2026-07-02T01:38:40-07:00,14,
1782981580,2026-07-02T01:39:40-07:00,12,
1782981640,2026-07-02T01:40:40-07:00,6,
1782981700,2026-07-02T01:41:40-07:00,12,
1782981760,2026-07-02T01:42:40-07:00,11,
1782981820,2026-07-02T01:43:40-07:00,13,
1782981880,2026-07-02T01:44:40-07:00,3,
1782981940,2026-07-02T01:45:40-07:00,14,
1782982000,2026-07-02T01:46:40-07:00,14,
1782982060,2026-07-02T01:47:40-07:00,7,
1782982120,2026-07-02T01:48:40-07:00,11,
1782982180,2026-07-02T01:49:40-07:00,7,
1782982240,2026-07-02T01:50:40-07:00,12,
1782982300,2026-07-02T01:51:40-07:00,12,
1782982360,2026-07-02T01:52:40-07:00,21,
1782982420,2026-07-02T01:53:40-07:00,6,
1782982480,2026-07-02T01:54:40-07:00,4,
1782982540,2026-07-02T01:55:40-07:00,4,
1782982600,2026-07-02T01:56:40-07:00,4,
1782982660,2026-07-02T01:57:40-07:00,5,
1782982720,2026-07-02T01:58:40-07:00,10,
1782982780,2026-07-02T01:59:40-07:00,6,
1782982840,2026-07-02T02:00:40-07:00,4,
1782982900,2026-07-02T02:01:40-07:00,7,
1782982960,2026-07-02T02:02:40-07:00,2,
1782983020,2026-07-02T02:03:40-07:00,9,
1782983080,2026-07-02T02:04:40-07:00,5,
1782983140,2026-07-02T02:05:40-07:00,9,
1782983200,2026-07-02T02:06:40-07:00,11,
1782983260,2026-07-02T02:07:40-07:00,17,
1782983320,2026-07-02T02:08:40-07:00,10,
1782983380,2026-07-02T02:09:40-07:00,26,
1782983440,2026-07-02T02:10:40-07:00,22,
1782983500,2026-07-02T02:11:40-07:00,5,
1782983560,2026-07-02T02:12:40-07:00,12,
1782983620,2026-07-02T02:13:40-07:00,23,
1782983680,2026-07-02T02:14:40-07:00,6,
1782983740,2026-07-02T02:15:40-07:00,6,
1782983800,2026-07-02T02:16:40-07:00,5,
1782983860,2026-07-02T02:17:40-07:00,28,
1782983920,2026-07-02T02:18:40-07:00,11,
1782983980,2026-07-02T02:19:40-07:00,5,
1782984040,2026-07-02T02:20:40-07:00,10,
1782984100,2026-07-02T02:21:40-07:00,6,
1782984160,2026-07-02T02:22:40-07:00,9,
1782984220,2026-07-02T02:23:40-07:00,11,
1782984280,2026-07-02T02:24:40-07:00,6,
1782984340,2026-07-02T02:25:40-07:00,16,
1782984400,2026-07-02T02:26:40-07:00,10,
1782984460,2026-07-02T02:27:40-07:00,7,
1782984520,2026-07-02T02:28:40-07:00,25,
1782984580,2026-07-02T02:29:40-07:00,8,
1782984640,2026-07-02T02:30:40-07:00,10,
1782984700,2026-07-02T02:31:40-07:00,6,
1782984760,2026-07-02T02:32:40-07:00,7,
1782984820,2026-07-02T02:33:40-07:00,14,
1782984880,2026-07-02T02:34:40-07:00,7,
1782984940,2026-07-02T02:35:40-07:00,8,
1782985000,2026-07-02T02:36:40-07:00,5,
1782985060,2026-07-02T02:37:40-07:00,21,
1782985120,2026-07-02T02:38:40-07:00,11,
1782985180,2026-07-02T02:39:40-07:00,8,
1782985240,2026-07-02T02:40:40-07:00,13,
1782985300,2026-07-02T02:41:40-07:00,21,
1782985360,2026-07-02T02:42:40-07:00,6,
1782985420,2026-07-02T02:43:40-07:00,4,
1782985480,2026-07-02T02:44:40-07:00,16,
1782985540,2026-07-02T02:45:40-07:00,3,
1782985600,2026-07-02T02:46:40-07:00,15,
1782985660,2026-07-02T02:47:40-07:00,4,
1782985720,2026-07-02T02:48:40-07:00,8,
1782985780,2026-07-02T02:49:40-07:00,35,
1782985840,2026-07-02T02:50:40-07:00,5,
1782985900,2026-07-02T02:51:40-07:00,10,
1782985960,2026-07-02T02:52:40-07:00,10,
1782986020,2026-07-02T02:53:40-07:00,5,
1782986080,2026-07-02T02:54:40-07:00,2,
1782986140,2026-07-02T02:55:40-07:00,3,
1782986200,2026-07-02T02:56:40-07:00,19,
1782986260,2026-07-02T02:57:40-07:00,13,
1782986320,2026-07-02T02:58:40-07:00,6,
1782986380,2026-07-02T02:59:40-07:00,9,
1782986440,2026-07-02T03:00:40-07:00,10,
1782986500,2026-07-02T03:01:40-07:00,4,
1782986560,2026-07-02T03:02:40-07:00,9,
1782986620,2026-07-02T03:03:40-07:00,4,
1782986680,2026-07-02T03:04:40-07:00,9,
1782986740,2026-07-02T03:05:40-07:00,4,
1782986800,2026-07-02T03:06:40-07:00,6,
1782986860,2026-07-02T03:07:40-07:00,7,
1782986920,2026-07-02T03:08:40-07:00,5,
1782986980,2026-07-02T03:09:40-07:00,2,
1782987040,2026-07-02T03:10:40-07:00,11,
1782987100,2026-07-02T03:11:40-07:00,12,
1782987160,2026-07-02T03:12:40-07:00,17,
1782987220,2026-07-02T03:13:40-07:00,5,
1782987280,2026-07-02T03:14:40-07:00,6,
1782987340,2026-07-02T03:15:40-07:00,9,
1782987400,2026-07-02T03:16:40-07:00,3,
1782987460,2026-07-02T03:17:40-07:00,4,
1782987520,2026-07-02T03:18:40-07:00,5,
1782987580,2026-07-02T03:19:40-07:00,17,
1782987640,2026-07-02T03:20:40-07:00,3,
1782987700,2026-07-02T03:21:40-07:00,4,
1782987760,2026-07-02T03:22:40-07:00,11,
1782987820,2026-07-02T03:23:40-07:00,4,
1782987880,2026-07-02T03:24:40-07:00,9,
1782987940,2026-07-02T03:25:40-07:00,13,
1782988000,2026-07-02T03:26:40-07:00,4,
1782988060,2026-07-02T03:27:40-07:00,15,
1782988120,2026-07-02T03:28:40-07:00,12,
1782988180,2026-07-02T03:29:40-07:00,12,
1782988240,2026-07-02T03:30:40-07:00,5,
1782988300,2026-07-02T03:31:40-07:00,7,
1782988360,2026-07-02T03:32:40-07:00,6,
1782988420,2026-07-02T03:33:40-07:00,6,
1782988480,2026-07-02T03:34:40-07:00,6,
1782988540,2026-07-02T03:35:40-07:00,6,
1782988600,2026-07-02T03:36:40-07:00,10,
1782988660,2026-07-02T03:37:40-07:00,6,
1782988720,2026-07-02T03:38:40-07:00,7,
1782988780,2026-07-02T03:39:40-07:00,6,
1782988840,2026-07-02T03:40:40-07:00,12,
1782988900,2026-07-02T03:41:40-07:00,14,
1782988960,2026-07-02T03:42:40-07:00,27,
1782989020,2026-07-02T03:43:40-07:00,31,
1782989080,2026-07-02T03:44:40-07:00,11,
1782989140,2026-07-02T03:45:40-07:00,10,
1782989200,2026-07-02T03:46:40-07:00,12,
1782989260,2026-07-02T03:47:40-07:00,27,
1782989320,2026-07-02T03:48:40-07:00,12,
1782989380,2026-07-02T03:49:40-07:00,8,
1782989440,2026-07-02T03:50:40-07:00,12,
1782989500,2026-07-02T03:51:40-07:00,8,
1782989560,2026-07-02T03:52:40-07:00,17,
1782989620,2026-07-02T03:53:40-07:00,6,
1782989680,2026-07-02T03:54:40-07:00,8,
1782989740,2026-07-02T03:55:40-07:00,11,
1782989800,2026-07-02T03:56:40-07:00,8,
1782989860,2026-07-02T03:57:40-07:00,13,
1782989920,2026-07-02T03:58:40-07:00,3,
1782989980,2026-07-02T03:59:40-07:00,7,
1782990040,2026-07-02T04:00:40-07:00,8,
1782990100,2026-07-02T04:01:40-07:00,15,
1782990160,2026-07-02T04:02:40-07:00,4,
1782990220,2026-07-02T04:03:40-07:00,8,
1782990280,2026-07-02T04:04:40-07:00,9,
1782990340,2026-07-02T04:05:40-07:00,5,
1782990400,2026-07-02T04:06:40-07:00,15,
1782990460,2026-07-02T04:07:40-07:00,5,
1782990520,2026-07-02T04:08:40-07:00,6,
1782990580,2026-07-02T04:09:40-07:00,10,
1782990640,2026-07-02T04:10:40-07:00,10,
1782990700,2026-07-02T04:11:40-07:00,3,
1782990760,2026-07-02T04:12:40-07:00,16,
1782990820,2026-07-02T04:13:40-07:00,16,
1782990880,2026-07-02T04:14:40-07:00,14,
1782990940,2026-07-02T04:15:40-07:00,11,
1782991000,2026-07-02T04:16:40-07:00,9,
1782991060,2026-07-02T04:17:40-07:00,8,
1782991120,2026-07-02T04:18:40-07:00,28,
1782991180,2026-07-02T04:19:40-07:00,20,
1782991240,2026-07-02T04:20:40-07:00,11,
1782991300,2026-07-02T04:21:40-07:00,9,
1782991360,2026-07-02T04:22:40-07:00,5,
1782991420,2026-07-02T04:23:40-07:00,16,
1782991480,2026-07-02T04:24:40-07:00,7,
1782991540,2026-07-02T04:25:40-07:00,7,
1782991600,2026-07-02T04:26:40-07:00,6,
1782991660,2026-07-02T04:27:40-07:00,15,
1782991720,2026-07-02T04:28:40-07:00,7,
1782991780,2026-07-02T04:29:40-07:00,9,
1782991840,2026-07-02T04:30:40-07:00,8,
1782991900,2026-07-02T04:31:40-07:00,8,
1782991960,2026-07-02T04:32:40-07:00,11,
1782992020,2026-07-02T04:33:40-07:00,7,
1782992080,2026-07-02T04:34:40-07:00,6,
1782992140,2026-07-02T04:35:40-07:00,4,
1782992200,2026-07-02T04:36:40-07:00,12,
1782992260,2026-07-02T04:37:40-07:00,12,
1782992320,2026-07-02T04:38:40-07:00,6,
1782992380,2026-07-02T04:39:40-07:00,6,
1782992440,2026-07-02T04:40:40-07:00,3,
1782992500,2026-07-02T04:41:40-07:00,6,
1782992560,2026-07-02T04:42:40-07:00,10,
1782992620,2026-07-02T04:43:40-07:00,22,
1782992680,2026-07-02T04:44:40-07:00,21,
1782992740,2026-07-02T04:45:40-07:00,5,
1782992800,2026-07-02T04:46:40-07:00,7,
1782992860,2026-07-02T04:47:40-07:00,4,
1782992920,2026-07-02T04:48:40-07:00,3,
1782992980,2026-07-02T04:49:40-07:00,7,
1782993040,2026-07-02T04:50:40-07:00,5,
1782993100,2026-07-02T04:51:40-07:00,6,
1782993160,2026-07-02T04:52:40-07:00,2,
1782993220,2026-07-02T04:53:40-07:00,3,
1782993280,2026-07-02T04:54:40-07:00,12,
1782993340,2026-07-02T04:55:40-07:00,16,
1782993400,2026-07-02T04:56:40-07:00,7,
1782993460,2026-07-02T04:57:40-07:00,7,
1782993520,2026-07-02T04:58:40-07:00,8,
1782993580,2026-07-02T04:59:40-07:00,4,
1782993640,2026-07-02T05:00:40-07:00,6,
1782993700,2026-07-02T05:01:40-07:00,7,
1782993760,2026-07-02T05:02:40-07:00,5,
1782993820,2026-07-02T05:03:40-07:00,7,
1782993880,2026-07-02T05:04:40-07:00,10,
1782993940,2026-07-02T05:05:40-07:00,2,
1782994000,2026-07-02T05:06:40-07:00,17,
1782994060,2026-07-02T05:07:40-07:00,5,
1782994120,2026-07-02T05:08:40-07:00,5,
1782994180,2026-07-02T05:09:40-07:00,4,
1782994240,2026-07-02T05:10:40-07:00,22,
1782994300,2026-07-02T05:11:40-07:00,4,
1782994360,2026-07-02T05:12:40-07:00,10,
1782994420,2026-07-02T05:13:40-07:00,9,
1782994480,2026-07-02T05:14:40-07:00,10,
1782994540,2026-07-02T05:15:40-07:00,8,
1782994600,2026-07-02T05:16:40-07:00,4,
1782994660,2026-07-02T05:17:40-07:00,10,
1782994720,2026-07-02T05:18:40-07:00,14,
1782994780,2026-07-02T05:19:40-07:00,12,
1782994840,2026-07-02T05:20:40-07:00,17,
1782994900,2026-07-02T05:21:40-07:00,22,
1782994960,2026-07-02T05:22:40-07:00,12,
1782995020,2026-07-02T05:23:40-07:00,14,
1782995080,2026-07-02T05:24:40-07:00,22,
1782995140,2026-07-02T05:25:40-07:00,7,
1782995200,2026-07-02T05:26:40-07:00,6,
1782995260,2026-07-02T05:27:40-07:00,12,
1782995320,2026-07-02T05:28:40-07:00,6,
1782995380,2026-07-02T05:29:40-07:00,17,
1782995440,2026-07-02T05:30:40-07:00,28,
1782995500,2026-07-02T05:31:40-07:00,13,
1782995560,2026-07-02T05:32:40-07:00,9,
1782995620,2026-07-02T05:33:40-07:00,19,
1782995680,2026-07-02T05:34:40-07:00,9,
1782995740,2026-07-02T05:35:40-07:00,13,
1782995800,2026-07-02T05:36:40-07:00,8,
1782995860,2026-07-02T05:37:40-07:00,9,
1782995920,2026-07-02T05:38:40-07:00,12,
1782995980,2026-07-02T05:39:40-07:00,11,
1782996040,2026-07-02T05:40:40-07:00,5,
1782996100,2026-07-02T05:41:40-07:00,16,
1782996160,2026-07-02T05:42:40-07:00,11,
1782996220,2026-07-02T05:43:40-07:00,17,
1782996280,2026-07-02T05:44:40-07:00,23,
1782996340,2026-07-02T05:45:40-07:00,6,
1782996400,2026-07-02T05:46:40-07:00,7,
1782996460,2026-07-02T05:47:40-07:00,15,
1782996520,2026-07-02T05:48:40-07:00,5,
1782996580,2026-07-02T05:49:40-07:00,6,
1782996640,2026-07-02T05:50:40-07:00,14,
1782996700,2026-07-02T05:51:40-07:00,5,
1782996760,2026-07-02T05:52:40-07:00,3,
1782996820,2026-07-02T05:53:40-07:00,13,
1782996880,2026-07-02T05:54:40-07:00,8,
1782996940,2026-07-02T05:55:40-07:00,10,
1782997000,2026-07-02T05:56:40-07:00,5,
1782997060,2026-07-02T05:57:40-07:00,7,
1782997120,2026-07-02T05:58:40-07:00,10,
1782997180,2026-07-02T05:59:40-07:00,8,
1782997240,2026-07-02T06:00:40-07:00,4,
1782997300,2026-07-02T06:01:40-07:00,10,
1782997360,2026-07-02T06:02:40-07:00,8,
1782997420,2026-07-02T06:03:40-07:00,15,
1782997480,2026-07-02T06:04:40-07:00,11,
1782997540,2026-07-02T06:05:40-07:00,4,
1782997600,2026-07-02T06:06:40-07:00,5,
1782997660,2026-07-02T06:07:40-07:00,8,
1782997720,2026-07-02T06:08:40-07:00,8,
1782997780,2026-07-02T06:09:40-07:00,4,
1782997840,2026-07-02T06:10:40-07:00,20,
1782997900,2026-07-02T06:11:40-07:00,5,
1782997960,2026-07-02T06:12:40-07:00,37,
1782998020,2026-07-02T06:13:40-07:00,36,
1782998080,2026-07-02T06:14:40-07:00,21,
1782998140,2026-07-02T06:15:40-07:00,26,
1782998200,2026-07-02T06:16:40-07:00,6,
1782998260,2026-07-02T06:17:40-07:00,7,
1782998320,2026-07-02T06:18:40-07:00,15,
1782998380,2026-07-02T06:19:40-07:00,29,
1782998440,2026-07-02T06:20:40-07:00,5,
1782998500,2026-07-02T06:21:40-07:00,19,
1782998560,2026-07-02T06:22:40-07:00,8,
1782998620,2026-07-02T06:23:40-07:00,29,
1782998680,2026-07-02T06:24:40-07:00,18,
1782998740,2026-07-02T06:25:40-07:00,12,
1782998800,2026-07-02T06:26:40-07:00,15,
1782998860,2026-07-02T06:27:40-07:00,7,
1782998920,2026-07-02T06:28:40-07:00,4,
1782998980,2026-07-02T06:29:40-07:00,16,
1782999040,2026-07-02T06:30:40-07:00,8,
1782999100,2026-07-02T06:31:40-07:00,41,
1782999160,2026-07-02T06:32:40-07:00,5,
1782999220,2026-07-02T06:33:40-07:00,7,
1782999280,2026-07-02T06:34:40-07:00,20,
1782999340,2026-07-02T06:35:40-07:00,12,
1782999400,2026-07-02T06:36:40-07:00,90,
1782999460,2026-07-02T06:37:40-07:00,6,
1782999520,2026-07-02T06:38:40-07:00,32,
1782999580,2026-07-02T06:39:40-07:00,39,
1782999640,2026-07-02T06:40:40-07:00,17,
1782999700,2026-07-02T06:41:40-07:00,43,
1782999760,2026-07-02T06:42:40-07:00,13,
1782999820,2026-07-02T06:43:40-07:00,31,
1782999880,2026-07-02T06:44:40-07:00,26,
1782999940,2026-07-02T06:45:40-07:00,55,
1783000000,2026-07-02T06:46:40-07:00,13,
1783000060,2026-07-02T06:47:40-07:00,17,
1783000120,2026-07-02T06:48:40-07:00,23,
1783000180,2026-07-02T06:49:40-07:00,44,
1783000240,2026-07-02T06:50:40-07:00,18,
1783000300,2026-07-02T06:51:40-07:00,14,
1783000360,2026-07-02T06:52:40-07:00,33,
1783000420,2026-07-02T06:53:40-07:00,39,
1783000480,2026-07-02T06:54:40-07:00,36,
1783000540,2026-07-02T06:55:40-07:00,49,
1783000600,2026-07-02T06:56:40-07:00,20,
1783000660,2026-07-02T06:57:40-07:00,28,
1783000720,2026-07-02T06:58:40-07:00,28,
1783000780,2026-07-02T06:59:40-07:00,8,
1783000840,2026-07-02T07:00:40-07:00,28,
1783000900,2026-07-02T07:01:40-07:00,10,
1783000960,2026-07-02T07:02:40-07:00,9,
1783001020,2026-07-02T07:03:40-07:00,20,
1783001080,2026-07-02T07:04:40-07:00,55,
1783001140,2026-07-02T07:05:40-07:00,22,
1783001200,2026-07-02T07:06:40-07:00,51,
1783001260,2026-07-02T07:07:40-07:00,120,
1783001320,2026-07-02T07:08:40-07:00,28,
1783001380,2026-07-02T07:09:40-07:00,168,
1783001440,2026-07-02T07:10:40-07:00,13,
1783001500,2026-07-02T07:11:40-07:00,39,
1783001560,2026-07-02T07:12:40-07:00,27,
1783001620,2026-07-02T07:13:40-07:00,19,
1783001680,2026-07-02T07:14:40-07:00,29,
1783001740,2026-07-02T07:15:40-07:00,41,
1783001800,2026-07-02T07:16:40-07:00,23,
1783001860,2026-07-02T07:17:40-07:00,17,
1783001920,2026-07-02T07:18:40-07:00,9,
1783001980,2026-07-02T07:19:40-07:00,19,
1783002040,2026-07-02T07:20:40-07:00,20,
1783002100,2026-07-02T07:21:40-07:00,24,
1783002160,2026-07-02T07:22:40-07:00,73,
1783002220,2026-07-02T07:23:40-07:00,32,
1783002280,2026-07-02T07:24:40-07:00,65,
1783002340,2026-07-02T07:25:40-07:00,43,
1783002400,2026-07-02T07:26:40-07:00,50,
1783002460,2026-07-02T07:27:40-07:00,15,
1783002520,2026-07-02T07:28:40-07:00,62,
1783002580,2026-07-02T07:29:40-07:00,47,
1783002640,2026-07-02T07:30:40-07:00,14,
1783002700,2026-07-02T07:31:40-07:00,23,
1783002760,2026-07-02T07:32:40-07:00,21,
1783002820,2026-07-02T07:33:40-07:00,35,
1783002880,2026-07-02T07:34:40-07:00,34,
1783002940,2026-07-02T07:35:40-07:00,14,
1783003000,2026-07-02T07:36:40-07:00,26,
1783003060,2026-07-02T07:37:40-07:00,12,
1783003120,2026-07-02T07:38:40-07:00,24,
1783003180,2026-07-02T07:39:40-07:00,47,
1783003240,2026-07-02T07:40:40-07:00,59,
1783003300,2026-07-02T07:41:40-07:00,75,
1783003360,2026-07-02T07:42:40-07:00,54,
1783003420,2026-07-02T07:43:40-07:00,54,
1783003480,2026-07-02T07:44:40-07:00,65,
1783003540,2026-07-02T07:45:40-07:00,46,
1783003600,2026-07-02T07:46:40-07:00,38,
1783003660,2026-07-02T07:47:40-07:00,40,
1783003720,2026-07-02T07:48:40-07:00,22,
1783003780,2026-07-02T07:49:40-07:00,57,
1783003840,2026-07-02T07:50:40-07:00,64,
1783003900,2026-07-02T07:51:40-07:00,39,
1783003960,2026-07-02T07:52:40-07:00,138,
1783004020,2026-07-02T07:53:40-07:00,66,
1783004080,2026-07-02T07:54:40-07:00,30,
1783004140,2026-07-02T07:55:40-07:00,41,
1783004200,2026-07-02T07:56:40-07:00,20,
1783004260,2026-07-02T07:57:40-07:00,47,
1783004320,2026-07-02T07:58:40-07:00,99,
1783004380,2026-07-02T07:59:40-07:00,76,
1783004440,2026-07-02T08:00:40-07:00,79,
1783004500,2026-07-02T08:01:40-07:00,73,
1783004560,2026-07-02T08:02:40-07:00,88,
1783004620,2026-07-02T08:03:40-07:00,27,
1783004680,2026-07-02T08:04:40-07:00,48,
1783004740,2026-07-02T08:05:40-07:00,38,
1783004800,2026-07-02T08:06:40-07:00,61,
1783004860,2026-07-02T08:07:40-07:00,65,
1783004920,2026-07-02T08:08:40-07:00,76,
1783004980,2026-07-02T08:09:40-07:00,80,
1783005040,2026-07-02T08:10:40-07:00,117,
1783005100,2026-07-02T08:11:40-07:00,87,
1783005160,2026-07-02T08:12:40-07:00,62,
1783005220,2026-07-02T08:13:40-07:00,114,
1783005280,2026-07-02T08:14:40-07:00,82,
1783005340,2026-07-02T08:15:40-07:00,119,
1783005400,2026-07-02T08:16:40-07:00,56,
1783005460,2026-07-02T08:17:40-07:00,64,
1783005520,2026-07-02T08:18:40-07:00,57,
1783005580,2026-07-02T08:19:40-07:00,41,
1783005640,2026-07-02T08:20:40-07:00,70,
1783005700,2026-07-02T08:21:40-07:00,94,
1783005760,2026-07-02T08:22:40-07:00,76,
1783005820,2026-07-02T08:23:40-07:00,123,
1783005880,2026-07-02T08:24:40-07:00,91,
1783005940,2026-07-02T08:25:40-07:00,42,
1783006000,2026-07-02T08:26:40-07:00,41,
1783006060,2026-07-02T08:27:40-07:00,53,
1783006120,2026-07-02T08:28:40-07:00,41,
1783006180,2026-07-02T08:29:40-07:00,39,
1783006240,2026-07-02T08:30:40-07:00,28,
1783006300,2026-07-02T08:31:40-07:00,45,
1783006360,2026-07-02T08:32:40-07:00,60,
1783006420,2026-07-02T08:33:40-07:00,36,
1783006480,2026-07-02T08:34:40-07:00,48,
1783006540,2026-07-02T08:35:40-07:00,44,
1783006600,2026-07-02T08:36:40-07:00,143,
1783006660,2026-07-02T08:37:40-07:00,108,
1783006720,2026-07-02T08:38:40-07:00,116,
1783006780,2026-07-02T08:39:40-07:00,54,
1783006840,2026-07-02T08:40:40-07:00,26,
1783006900,2026-07-02T08:41:40-07:00,66,
1783006960,2026-07-02T08:42:40-07:00,101,
1783007020,2026-07-02T08:43:40-07:00,106,
1783007080,2026-07-02T08:44:40-07:00,32,
1783007140,2026-07-02T08:45:40-07:00,59,
1783007200,2026-07-02T08:46:40-07:00,57,
1783007260,2026-07-02T08:47:40-07:00,136,
1783007320,2026-07-02T08:48:40-07:00,106,
1783007380,2026-07-02T08:49:40-07:00,228,
1783007440,2026-07-02T08:50:40-07:00,37,
1783007500,2026-07-02T08:51:40-07:00,58,
1783007560,2026-07-02T08:52:40-07:00,36,
1783007620,2026-07-02T08:53:40-07:00,129,
1783007680,2026-07-02T08:54:40-07:00,64,
1783007740,2026-07-02T08:55:40-07:00,135,
1783007800,2026-07-02T08:56:40-07:00,222,
1783007860,2026-07-02T08:57:40-07:00,218,
1783007920,2026-07-02T08:58:40-07:00,116,
1783007980,2026-07-02T08:59:40-07:00,66,
1783008040,2026-07-02T09:00:40-07:00,37,
1783008100,2026-07-02T09:01:40-07:00,108,
1783008160,2026-07-02T09:02:40-07:00,149,
1783008220,2026-07-02T09:03:40-07:00,75,
1783008280,2026-07-02T09:04:40-07:00,120,
1783008340,2026-07-02T09:05:40-07:00,70,
1783008400,2026-07-02T09:06:40-07:00,168,
1783008460,2026-07-02T09:07:40-07:00,123,
1783008520,2026-07-02T09:08:40-07:00,96,
1783008580,2026-07-02T09:09:40-07:00,59,
1783008640,2026-07-02T09:10:40-07:00,95,
1783008700,2026-07-02T09:11:40-07:00,124,
1783008760,2026-07-02T09:12:40-07:00,84,
1783008820,2026-07-02T09:13:40-07:00,170,
1783008880,2026-07-02T09:14:40-07:00,40,
1783008940,2026-07-02T09:15:40-07:00,80,
1783009000,2026-07-02T09:16:40-07:00,46,
1783009060,2026-07-02T09:17:40-07:00,67,
1783009120,2026-07-02T09:18:40-07:00,103,
1783009180,2026-07-02T09:19:40-07:00,156,
1783009240,2026-07-02T09:20:40-07:00,99,
1783009300,2026-07-02T09:21:40-07:00,147,
1783009360,2026-07-02T09:22:40-07:00,55,
1783009420,2026-07-02T09:23:40-07:00,149,
1783009480,2026-07-02T09:24:40-07:00,132,
1783009540,2026-07-02T09:25:40-07:00,106,
1783009600,2026-07-02T09:26:40-07:00,146,
1783009660,2026-07-02T09:27:40-07:00,149,
1783009720,2026-07-02T09:28:40-07:00,86,
1783009780,2026-07-02T09:29:40-07:00,149,
1783009840,2026-07-02T09:30:40-07:00,151,
1783009900,2026-07-02T09:31:40-07:00,95,
1783009960,2026-07-02T09:32:40-07:00,127,
1783010020,2026-07-02T09:33:40-07:00,57,
1783010080,2026-07-02T09:34:40-07:00,169,
1783010140,2026-07-02T09:35:40-07:00,331,
1783010200,2026-07-02T09:36:40-07:00,112,
1783010260,2026-07-02T09:37:40-07:00,140,
1783010320,2026-07-02T09:38:40-07:00,85,
1783010380,2026-07-02T09:39:40-07:00,218,
1783010440,2026-07-02T09:40:40-07:00,176,
1783010500,2026-07-02T09:41:40-07:00,214,
1783010560,2026-07-02T09:42:40-07:00,29,
1783010620,2026-07-02T09:43:40-07:00,99,
1783010680,2026-07-02T09:44:40-07:00,160,
1783010740,2026-07-02T09:45:40-07:00,116,
1783010800,2026-07-02T09:46:40-07:00,84,
1783010860,2026-07-02T09:47:40-07:00,87,
1783010920,2026-07-02T09:48:40-07:00,64,
1783010980,2026-07-02T09:49:40-07:00,135,
1783011040,2026-07-02T09:50:40-07:00,113,
1783011100,2026-07-02T09:51:40-07:00,104,
1783011160,2026-07-02T09:52:40-07:00,111,
1783011220,2026-07-02T09:53:40-07:00,179,
1783011280,2026-07-02T09:54:40-07:00,110,
1783011340,2026-07-02T09:55:40-07:00,140,
1783011400,2026-07-02T09:56:40-07:00,128,
1783011460,2026-07-02T09:57:40-07:00,104,
1783011520,2026-07-02T09:58:40-07:00,70,
1783011580,2026-07-02T09:59:40-07:00,131,
1783011640,2026-07-02T10:00:40-07:00,103,
1783011700,2026-07-02T10:01:40-07:00,120,
1783011760,2026-07-02T10:02:40-07:00,175,
1783011820,2026-07-02T10:03:40-07:00,117,
1783011880,2026-07-02T10:04:40-07:00,139,
1783011940,2026-07-02T10:05:40-07:00,82,
1783012000,2026-07-02T10:06:40-07:00,61,
1783012060,2026-07-02T10:07:40-07:00,100,
1783012120,2026-07-02T10:08:40-07:00,102,
1783012180,2026-07-02T10:09:40-07:00,109,
1783012240,2026-07-02T10:10:40-07:00,62,
1783012300,2026-07-02T10:11:40-07:00,166,
1783012360,2026-07-02T10:12:40-07:00,109,
1783012420,2026-07-02T10:13:40-07:00,78,
1783012480,2026-07-02T10:14:40-07:00,132,
1783012540,2026-07-02T10:15:40-07:00,109,
1783012600,2026-07-02T10:16:40-07:00,97,
1783012660,2026-07-02T10:17:40-07:00,159,
1783012720,2026-07-02T10:18:40-07:00,138,
1783012780,2026-07-02T10:19:40-07:00,99,
1783012840,2026-07-02T10:20:40-07:00,160,
1783012900,2026-07-02T10:21:40-07:00,195,
1783012960,2026-07-02T10:22:40-07:00,141,
1783013020,2026-07-02T10:23:40-07:00,127,
1783013080,2026-07-02T10:24:40-07:00,113,
1783013140,2026-07-02T10:25:40-07:00,102,
1783013200,2026-07-02T10:26:40-07:00,146,
1783013260,2026-07-02T10:27:40-07:00,147,
1783013320,2026-07-02T10:28:40-07:00,120,
1783013380,2026-07-02T10:29:40-07:00,152,
1783013440,2026-07-02T10:30:40-07:00,72,
1783013500,2026-07-02T10:31:40-07:00,114,
1783013560,2026-07-02T10:32:40-07:00,107,
1783013620,2026-07-02T10:33:40-07:00,55,
1783013680,2026-07-02T10:34:40-07:00,50,
1783013740,2026-07-02T10:35:40-07:00,134,
1783013800,2026-07-02T10:36:40-07:00,130,
1783013860,2026-07-02T10:37:40-07:00,208,
1783013920,2026-07-02T10:38:40-07:00,200,
1783013980,2026-07-02T10:39:40-07:00,101,
1783014040,2026-07-02T10:40:40-07:00,60,
1783014100,2026-07-02T10:41:40-07:00,124,
1783014160,2026-07-02T10:42:40-07:00,96,
1783014220,2026-07-02T10:43:40-07:00,160,
1783014280,2026-07-02T10:44:40-07:00,196,
1783014340,2026-07-02T10:45:40-07:00,125,
1783014400,2026-07-02T10:46:40-07:00,56,
1783014460,2026-07-02T10:47:40-07:00,198,
1783014520,2026-07-02T10:48:40-07:00,153,
1783014580,2026-07-02T10:49:40-07:00,80,
1783014640,2026-07-02T10:50:40-07:00,90,
1783014700,2026-07-02T10:51:40-07:00,60,
1783014760,2026-07-02T10:52:40-07:00,95,
1783014820,2026-07-02T10:53:40-07:00,94,
1783014880,2026-07-02T10:54:40-07:00,65,
1783014940,2026-07-02T10:55:40-07:00,173,
1783015000,2026-07-02T10:56:40-07:00,127,
1783015060,2026-07-02T10:57:40-07:00,166,
1783015120,2026-07-02T10:58:40-07:00,66,
1783015180,2026-07-02T10:59:40-07:00,65,
1783015240,2026-07-02T11:00:40-07:00,150,
1783015300,2026-07-02T11:01:40-07:00,71,
1783015360,2026-07-02T11:02:40-07:00,105,
1783015420,2026-07-02T11:03:40-07:00,131,
1783015480,2026-07-02T11:04:40-07:00,106,
1783015540,2026-07-02T11:05:40-07:00,53,
1783015600,2026-07-02T11:06:40-07:00,126,
1783015660,2026-07-02T11:07:40-07:00,96,
1783015720,2026-07-02T11:08:40-07:00,61,
1783015780,2026-07-02T11:09:40-07:00,152,
1783015840,2026-07-02T11:10:40-07:00,91,
1783015900,2026-07-02T11:11:40-07:00,88,
1783015960,2026-07-02T11:12:40-07:00,122,
1783016020,2026-07-02T11:13:40-07:00,47,
1783016080,2026-07-02T11:14:40-07:00,129,
1783016140,2026-07-02T11:15:40-07:00,110,
1783016200,2026-07-02T11:16:40-07:00,121,
1783016260,2026-07-02T11:17:40-07:00,67,
1783016320,2026-07-02T11:18:40-07:00,216,
1783016380,2026-07-02T11:19:40-07:00,162,
1783016440,2026-07-02T11:20:40-07:00,126,
1783016500,2026-07-02T11:21:40-07:00,87,
1783016560,2026-07-02T11:22:40-07:00,162,
1783016620,2026-07-02T11:23:40-07:00,69,
1783016680,2026-07-02T11:24:40-07:00,49,
1783016740,2026-07-02T11:25:40-07:00,84,
1783016800,2026-07-02T11:26:40-07:00,86,
1783016860,2026-07-02T11:27:40-07:00,140,
1783016920,2026-07-02T11:28:40-07:00,102,
1783016980,2026-07-02T11:29:40-07:00,61,
1783017040,2026-07-02T11:30:40-07:00,161,
1783017100,2026-07-02T11:31:40-07:00,62,
1783017160,2026-07-02T11:32:40-07:00,129,
1783017220,2026-07-02T11:33:40-07:00,46,
1783017280,2026-07-02T11:34:40-07:00,112,
1783017340,2026-07-02T11:35:40-07:00,54,
1783017400,2026-07-02T11:36:40-07:00,88,
1783017460,2026-07-02T11:37:40-07:00,112,
1783017520,2026-07-02T11:38:40-07:00,91,
1783017580,2026-07-02T11:39:40-07:00,149,
1783017640,2026-07-02T11:40:40-07:00,99,
1783017700,2026-07-02T11:41:40-07:00,116,
1783017760,2026-07-02T11:42:40-07:00,86,
1783017820,2026-07-02T11:43:40-07:00,54,
1783017880,2026-07-02T11:44:40-07:00,104,
1783017940,2026-07-02T11:45:40-07:00,84,
1783018000,2026-07-02T11:46:40-07:00,126,
1783018060,2026-07-02T11:47:40-07:00,167,
1783018120,2026-07-02T11:48:40-07:00,66,
1783018180,2026-07-02T11:49:40-07:00,171,
1783018240,2026-07-02T11:50:40-07:00,62,
1783018300,2026-07-02T11:51:40-07:00,108,
1783018360,2026-07-02T11:52:40-07:00,139,
1783018420,2026-07-02T11:53:40-07:00,169,
1783018480,2026-07-02T11:54:40-07:00,125,
1783018540,2026-07-02T11:55:40-07:00,48,
1783018600,2026-07-02T11:56:40-07:00,129,
1783018660,2026-07-02T11:57:40-07:00,136,
1783018720,2026-07-02T11:58:40-07:00,37,
1783018780,2026-07-02T11:59:40-07:00,129,
1783018840,2026-07-02T12:00:40-07:00,154,
1783018900,2026-07-02T12:01:40-07:00,136,
1783018960,2026-07-02T12:02:40-07:00,37,
1783019020,2026-07-02T12:03:40-07:00,74,
1783019080,2026-07-02T12:04:40-07:00,125,
1783019140,2026-07-02T12:05:40-07:00,32,
1783019200,2026-07-02T12:06:40-07:00,50,
1783019260,2026-07-02T12:07:40-07:00,135,
1783019320,2026-07-02T12:08:40-07:00,115,
1783019380,2026-07-02T12:09:40-07:00,137,
1783019440,2026-07-02T12:10:40-07:00,141,
1783019500,2026-07-02T12:11:40-07:00,195,
1783019560,2026-07-02T12:12:40-07:00,133,
1783019620,2026-07-02T12:13:40-07:00,82,
1783019680,2026-07-02T12:14:40-07:00,103,
1783019740,2026-07-02T12:15:40-07:00,121,
1783019800,2026-07-02T12:16:40-07:00,98,
1783019860,2026-07-02T12:17:40-07:00,159,
1783019920,2026-07-02T12:18:40-07:00,53,
1783019980,2026-07-02T12:19:40-07:00,99,
1783020040,2026-07-02T12:20:40-07:00,99,
1783020100,2026-07-02T12:21:40-07:00,107,
1783020160,2026-07-02T12:22:40-07:00,39,
1783020220,2026-07-02T12:23:40-07:00,108,
1783020280,2026-07-02T12:24:40-07:00,125,
1783020340,2026-07-02T12:25:40-07:00,95,
1783020400,2026-07-02T12:26:40-07:00,63,
1783020460,2026-07-02T12:27:40-07:00,75,
1783020520,2026-07-02T12:28:40-07:00,87,
1783020580,2026-07-02T12:29:40-07:00,127,
1783020640,2026-07-02T12:30:40-07:00,162,
1783020700,2026-07-02T12:31:40-07:00,162,
1783020760,2026-07-02T12:32:40-07:00,100,
1783020820,2026-07-02T12:33:40-07:00,213,
1783020880,2026-07-02T12:34:40-07:00,113,
1783020940,2026-07-02T12:35:40-07:00,114,
1783021000,2026-07-02T12:36:40-07:00,105,
1783021060,2026-07-02T12:37:40-07:00,96,
1783021120,2026-07-02T12:38:40-07:00,137,
1783021180,2026-07-02T12:39:40-07:00,54,
1783021240,2026-07-02T12:40:40-07:00,165,
1783021300,2026-07-02T12:41:40-07:00,122,
1783021360,2026-07-02T12:42:40-07:00,90,
1783021420,2026-07-02T12:43:40-07:00,76,
1783021480,2026-07-02T12:44:40-07:00,120,
1783021540,2026-07-02T12:45:40-07:00,63,
1783021600,2026-07-02T12:46:40-07:00,42,
1783021660,2026-07-02T12:47:40-07:00,137,
1783021720,2026-07-02T12:48:40-07:00,104,
1783021780,2026-07-02T12:49:40-07:00,134,
1783021840,2026-07-02T12:50:40-07:00,71,
1783021900,2026-07-02T12:51:40-07:00,50,
1783021960,2026-07-02T12:52:40-07:00,132,
1783022020,2026-07-02T12:53:40-07:00,202,
1783022080,2026-07-02T12:54:40-07:00,222,
1783022140,2026-07-02T12:55:40-07:00,117,
1783022200,2026-07-02T12:56:40-07:00,26,
1783022260,2026-07-02T12:57:40-07:00,77,
1783022320,2026-07-02T12:58:40-07:00,76,
1783022380,2026-07-02T12:59:40-07:00,163,
1783022440,2026-07-02T13:00:40-07:00,94,
1783022500,2026-07-02T13:01:40-07:00,142,
1783022560,2026-07-02T13:02:40-07:00,167,
1783022620,2026-07-02T13:03:40-07:00,192,
1783022680,2026-07-02T13:04:40-07:00,128,
1783022740,2026-07-02T13:05:40-07:00,108,
1783022800,2026-07-02T13:06:40-07:00,197,
1783022860,2026-07-02T13:07:40-07:00,113,
1783022920,2026-07-02T13:08:40-07:00,170,
1783022980,2026-07-02T13:09:40-07:00,109,
1783023040,2026-07-02T13:10:40-07:00,63,
1783023100,2026-07-02T13:11:40-07:00,91,
1783023160,2026-07-02T13:12:40-07:00,130,
1783023220,2026-07-02T13:13:40-07:00,41,
1783023280,2026-07-02T13:14:40-07:00,57,
1783023340,2026-07-02T13:15:40-07:00,67,
1783023400,2026-07-02T13:16:40-07:00,65,
1783023460,2026-07-02T13:17:40-07:00,83,
1783023520,2026-07-02T13:18:40-07:00,82,
1783023580,2026-07-02T13:19:40-07:00,133,
1783023640,2026-07-02T13:20:40-07:00,80,
1783023700,2026-07-02T13:21:40-07:00,84,
1783023760,2026-07-02T13:22:40-07:00,130,
1783023820,2026-07-02T13:23:40-07:00,102,
1783023880,2026-07-02T13:24:40-07:00,43,
1783023940,2026-07-02T13:25:40-07:00,125,
1783024000,2026-07-02T13:26:40-07:00,114,
1783024060,2026-07-02T13:27:40-07:00,68,
1783024120,2026-07-02T13:28:40-07:00,165,
1783024180,2026-07-02T13:29:40-07:00,70,
1783024240,2026-07-02T13:30:40-07:00,104,
1783024300,2026-07-02T13:31:40-07:00,159,
1783024360,2026-07-02T13:32:40-07:00,183,
1783024420,2026-07-02T13:33:40-07:00,135,
1783024480,2026-07-02T13:34:40-07:00,93,
1783024540,2026-07-02T13:35:40-07:00,105,
1783024600,2026-07-02T13:36:40-07:00,108,
1783024660,2026-07-02T13:37:40-07:00,102,
1783024720,2026-07-02T13:38:40-07:00,127,
1783024780,2026-07-02T13:39:40-07:00,110,
1783024840,2026-07-02T13:40:40-07:00,112,
1783024900,2026-07-02T13:41:40-07:00,125,
1783024960,2026-07-02T13:42:40-07:00,80,
1783025020,2026-07-02T13:43:40-07:00,142,
1783025080,2026-07-02T13:44:40-07:00,111,
1783025140,2026-07-02T13:45:40-07:00,56,
1783025200,2026-07-02T13:46:40-07:00,93,
1783025260,2026-07-02T13:47:40-07:00,186,
1783025320,2026-07-02T13:48:40-07:00,79,
1783025380,2026-07-02T13:49:40-07:00,152,
1783025440,2026-07-02T13:50:40-07:00,116,
1783025500,2026-07-02T13:51:40-07:00,87,
1783025560,2026-07-02T13:52:40-07:00,61,
1783025620,2026-07-02T13:53:40-07:00,174,
1783025680,2026-07-02T13:54:40-07:00,161,
1783025740,2026-07-02T13:55:40-07:00,95,
1783025800,2026-07-02T13:56:40-07:00,136,
1783025860,2026-07-02T13:57:40-07:00,69,
1783025920,2026-07-02T13:58:40-07:00,117,
1783025980,2026-07-02T13:59:40-07:00,95,
1783026040,2026-07-02T14:00:40-07:00,50,
1783026100,2026-07-02T14:01:40-07:00,43,
1783026160,2026-07-02T14:02:40-07:00,97,
1783026220,2026-07-02T14:03:40-07:00,110,
1783026280,2026-07-02T14:04:40-07:00,87,
1783026340,2026-07-02T14:05:40-07:00,65,
1783026400,2026-07-02T14:06:40-07:00,65,
1783026460,2026-07-02T14:07:40-07:00,139,
1783026520,2026-07-02T14:08:40-07:00,107,
1783026580,2026-07-02T14:09:40-07:00,83,
1783026640,2026-07-02T14:10:40-07:00,159,
1783026700,2026-07-02T14:11:40-07:00,176,
1783026760,2026-07-02T14:12:40-07:00,144,
1783026820,2026-07-02T14:13:40-07:00,148,
1783026880,2026-07-02T14:14:40-07:00,71,
1783026940,2026-07-02T14:15:40-07:00,182,
1783027000,2026-07-02T14:16:40-07:00,115,
1783027060,2026-07-02T14:17:40-07:00,108,
1783027120,2026-07-02T14:18:40-07:00,98,
1783027180,2026-07-02T14:19:40-07:00,98,
1783027240,2026-07-02T14:20:40-07:00,96,
1783027300,2026-07-02T14:21:40-07:00,79,
1783027360,2026-07-02T14:22:40-07:00,88,
1783027420,2026-07-02T14:23:40-07:00,96,
1783027480,2026-07-02T14:24:40-07:00,150,
1783027540,2026-07-02T14:25:40-07:00,93,
1783027600,2026-07-02T14:26:40-07:00,113,
1783027660,2026-07-02T14:27:40-07:00,94,
1783027720,2026-07-02T14:28:40-07:00,71,
1783027780,2026-07-02T14:29:40-07:00,124,
1783027840,2026-07-02T14:30:40-07:00,132,
1783027900,2026-07-02T14:31:40-07:00,64,
1783027960,2026-07-02T14:32:40-07:00,85,
1783028020,2026-07-02T14:33:40-07:00,136,
1783028080,2026-07-02T14:34:40-07:00,159,
1783028140,2026-07-02T14:35:40-07:00,126,
1783028200,2026-07-02T14:36:40-07:00,99,
1783028260,2026-07-02T14:37:40-07:00,91,
1783028320,2026-07-02T14:38:40-07:00,178,
1783028380,2026-07-02T14:39:40-07:00,85,
1783028440,2026-07-02T14:40:40-07:00,37,
1783028500,2026-07-02T14:41:40-07:00,65,
1783028560,2026-07-02T14:42:40-07:00,91,
1783028620,2026-07-02T14:43:40-07:00,120,
1783028680,2026-07-02T14:44:40-07:00,95,
1783028740,2026-07-02T14:45:40-07:00,99,
1783028800,2026-07-02T14:46:40-07:00,117,
1783028860,2026-07-02T14:47:40-07:00,174,
1783028920,2026-07-02T14:48:40-07:00,192,
1783028980,2026-07-02T14:49:40-07:00,102,
1783029040,2026-07-02T14:50:40-07:00,91,
1783029100,2026-07-02T14:51:40-07:00,96,
1783029160,2026-07-02T14:52:40-07:00,121,
1783029220,2026-07-02T14:53:40-07:00,119,
1783029280,2026-07-02T14:54:40-07:00,164,
1783029340,2026-07-02T14:55:40-07:00,109,
1783029400,2026-07-02T14:56:40-07:00,108,
1783029460,2026-07-02T14:57:40-07:00,93,
1783029520,2026-07-02T14:58:40-07:00,160,
1783029580,2026-07-02T14:59:40-07:00,67,
1783029640,2026-07-02T15:00:40-07:00,140,
1783029700,2026-07-02T15:01:40-07:00,79,
1783029760,2026-07-02T15:02:40-07:00,79,
1783029820,2026-07-02T15:03:40-07:00,127,
1783029880,2026-07-02T15:04:40-07:00,161,
1783029940,2026-07-02T15:05:40-07:00,157,
1783030000,2026-07-02T15:06:40-07:00,93,
1783030060,2026-07-02T15:07:40-07:00,153,
1783030120,2026-07-02T15:08:40-07:00,101,
1783030180,2026-07-02T15:09:40-07:00,104,
1783030240,2026-07-02T15:10:40-07:00,95,
1783030300,2026-07-02T15:11:40-07:00,116,
1783030360,2026-07-02T15:12:40-07:00,89,
1783030420,2026-07-02T15:13:40-07:00,98,
1783030480,2026-07-02T15:14:40-07:00,112,
1783030540,2026-07-02T15:15:40-07:00,91,
1783030600,2026-07-02T15:16:40-07:00,65,
1783030660,2026-07-02T15:17:40-07:00,102,
1783030720,2026-07-02T15:18:40-07:00,70,
1783030780,2026-07-02T15:19:40-07:00,144,
1783030840,2026-07-02T15:20:40-07:00,91,
1783030900,2026-07-02T15:21:40-07:00,135,
1783030960,2026-07-02T15:22:40-07:00,54,
1783031020,2026-07-02T15:23:40-07:00,193,
1783031080,2026-07-02T15:24:40-07:00,126,
1783031140,2026-07-02T15:25:40-07:00,93,
1783031200,2026-07-02T15:26:40-07:00,122,
1783031260,2026-07-02T15:27:40-07:00,92,
1783031320,2026-07-02T15:28:40-07:00,137,
1783031380,2026-07-02T15:29:40-07:00,103,
1783031440,2026-07-02T15:30:40-07:00,76,
1783031500,2026-07-02T15:31:40-07:00,95,
1783031560,2026-07-02T15:32:40-07:00,48,
1783031620,2026-07-02T15:33:40-07:00,103,
1783031680,2026-07-02T15:34:40-07:00,96,
1783031740,2026-07-02T15:35:40-07:00,94,
1783031800,2026-07-02T15:36:40-07:00,62,
1783031860,2026-07-02T15:37:40-07:00,125,
1783031920,2026-07-02T15:38:40-07:00,206,
1783031980,2026-07-02T15:39:40-07:00,94,
1783032040,2026-07-02T15:40:40-07:00,98,
1783032100,2026-07-02T15:41:40-07:00,62,
1783032160,2026-07-02T15:42:40-07:00,115,
1783032220,2026-07-02T15:43:40-07:00,140,
1783032280,2026-07-02T15:44:40-07:00,80,
1783032340,2026-07-02T15:45:40-07:00,82,
1783032400,2026-07-02T15:46:40-07:00,97,
1783032460,2026-07-02T15:47:40-07:00,35,
1783032520,2026-07-02T15:48:40-07:00,104,
1783032580,2026-07-02T15:49:40-07:00,119,
1783032640,2026-07-02T15:50:40-07:00,48,
1783032700,2026-07-02T15:51:40-07:00,115,
1783032760,2026-07-02T15:52:40-07:00,24,
1783032820,2026-07-02T15:53:40-07:00,57,
1783032880,2026-07-02T15:54:40-07:00,747,
1783032940,2026-07-02T15:55:40-07:00,113,
1783033000,2026-07-02T15:56:40-07:00,90,
1783033060,2026-07-02T15:57:40-07:00,118,
1783033120,2026-07-02T15:58:40-07:00,141,
1783033180,2026-07-02T15:59:40-07:00,114,
1783033240,2026-07-02T16:00:40-07:00,202,
1783033300,2026-07-02T16:01:40-07:00,122,
1783033360,2026-07-02T16:02:40-07:00,150,
1783033420,2026-07-02T16:03:40-07:00,171,
1783033480,2026-07-02T16:04:40-07:00,73,
1783033540,2026-07-02T16:05:40-07:00,123,
1783033600,2026-07-02T16:06:40-07:00,78,
1783033660,2026-07-02T16:07:40-07:00,152,
1783033720,2026-07-02T16:08:40-07:00,127,
1783033780,2026-07-02T16:09:40-07:00,105,
1783033840,2026-07-02T16:10:40-07:00,94,
1783033900,2026-07-02T16:11:40-07:00,90,
1783033960,2026-07-02T16:12:40-07:00,90,
1783034020,2026-07-02T16:13:40-07:00,108,
1783034080,2026-07-02T16:14:40-07:00,110,
1783034140,2026-07-02T16:15:40-07:00,60,
1783034200,2026-07-02T16:16:40-07:00,104,
1783034260,2026-07-02T16:17:40-07:00,54,
1783034320,2026-07-02T16:18:40-07:00,104,
1783034380,2026-07-02T16:19:40-07:00,129,
1783034440,2026-07-02T16:20:40-07:00,81,
1783034500,2026-07-02T16:21:40-07:00,137,
1783034560,2026-07-02T16:22:40-07:00,112,
1783034620,2026-07-02T16:23:40-07:00,142,
1783034680,2026-07-02T16:24:40-07:00,143,
1783034740,2026-07-02T16:25:40-07:00,67,
1783034800,2026-07-02T16:26:40-07:00,39,
1783034860,2026-07-02T16:27:40-07:00,82,
1783034920,2026-07-02T16:28:40-07:00,96,
1783034980,2026-07-02T16:29:40-07:00,105,
1783035040,2026-07-02T16:30:40-07:00,195,
1783035100,2026-07-02T16:31:40-07:00,76,
1783035160,2026-07-02T16:32:40-07:00,119,
1783035220,2026-07-02T16:33:40-07:00,163,
1783035280,2026-07-02T16:34:40-07:00,49,
1783035340,2026-07-02T16:35:40-07:00,123,
1783035400,2026-07-02T16:36:40-07:00,166,
1783035460,2026-07-02T16:37:40-07:00,148,
1783035520,2026-07-02T16:38:40-07:00,85,
1783035580,2026-07-02T16:39:40-07:00,34,
1783035640,2026-07-02T16:40:40-07:00,82,
1783035700,2026-07-02T16:41:40-07:00,31,
1783035760,2026-07-02T16:42:40-07:00,58,
1783035820,2026-07-02T16:43:40-07:00,128,
1783035880,2026-07-02T16:44:40-07:00,107,
1783035940,2026-07-02T16:45:40-07:00,55,
1783036000,2026-07-02T16:46:40-07:00,42,
1783036060,2026-07-02T16:47:40-07:00,88,
1783036120,2026-07-02T16:48:40-07:00,104,
1783036180,2026-07-02T16:49:40-07:00,94,
1783036240,2026-07-02T16:50:40-07:00,98,
1783036300,2026-07-02T16:51:40-07:00,84,
1783036360,2026-07-02T16:52:40-07:00,146,
1783036420,2026-07-02T16:53:40-07:00,152,
1783036480,2026-07-02T16:54:40-07:00,167,
1783036540,2026-07-02T16:55:40-07:00,136,
1783036600,2026-07-02T16:56:40-07:00,144,
1783036660,2026-07-02T16:57:40-07:00,155,
1783036720,2026-07-02T16:58:40-07:00,52,
1783036780,2026-07-02T16:59:40-07:00,172,
1783036840,2026-07-02T17:00:40-07:00,42,
1783036900,2026-07-02T17:01:40-07:00,157,
1783036960,2026-07-02T17:02:40-07:00,79,
1783037020,2026-07-02T17:03:40-07:00,102,
1783037080,2026-07-02T17:04:40-07:00,54,
1783037140,2026-07-02T17:05:40-07:00,170,
1783037200,2026-07-02T17:06:40-07:00,46,
1783037260,2026-07-02T17:07:40-07:00,125,
1783037320,2026-07-02T17:08:40-07:00,85,
1783037380,2026-07-02T17:09:40-07:00,197,
1783037440,2026-07-02T17:10:40-07:00,42,
1783037500,2026-07-02T17:11:40-07:00,125,
1783037560,2026-07-02T17:12:40-07:00,77,
1783037620,2026-07-02T17:13:40-07:00,69,
1783037680,2026-07-02T17:14:40-07:00,128,
1783037740,2026-07-02T17:15:40-07:00,110,
1783037800,2026-07-02T17:16:40-07:00,163,
1783037860,2026-07-02T17:17:40-07:00,129,
1783037920,2026-07-02T17:18:40-07:00,116,
1783037980,2026-07-02T17:19:40-07:00,154,
1783038040,2026-07-02T17:20:40-07:00,76,
1783038100,2026-07-02T17:21:40-07:00,142,
1783038160,2026-07-02T17:22:40-07:00,81,
1783038220,2026-07-02T17:23:40-07:00,98,
1783038280,2026-07-02T17:24:40-07:00,107,
1783038340,2026-07-02T17:25:40-07:00,58,
1783038400,2026-07-02T17:26:40-07:00,87,
1783038460,2026-07-02T17:27:40-07:00,102,
1783038520,2026-07-02T17:28:40-07:00,76,
1783038580,2026-07-02T17:29:40-07:00,78,
1783038640,2026-07-02T17:30:40-07:00,95,
1783038700,2026-07-02T17:31:40-07:00,83,
1783038760,2026-07-02T17:32:40-07:00,122,
1783038820,2026-07-02T17:33:40-07:00,94,
1783038880,2026-07-02T17:34:40-07:00,110,
1783038940,2026-07-02T17:35:40-07:00,74,
1783039000,2026-07-02T17:36:40-07:00,95,
1783039060,2026-07-02T17:37:40-07:00,41,
1783039120,2026-07-02T17:38:40-07:00,126,
1783039180,2026-07-02T17:39:40-07:00,73,
1783039240,2026-07-02T17:40:40-07:00,130,
1783039300,2026-07-02T17:41:40-07:00,58,
1783039360,2026-07-02T17:42:40-07:00,61,
1783039420,2026-07-02T17:43:40-07:00,61,
1783039480,2026-07-02T17:44:40-07:00,62,
1783039540,2026-07-02T17:45:40-07:00,56,
1783039600,2026-07-02T17:46:40-07:00,157,
1783039660,2026-07-02T17:47:40-07:00,103,
1783039720,2026-07-02T17:48:40-07:00,100,
1783039780,2026-07-02T17:49:40-07:00,76,
1783039840,2026-07-02T17:50:40-07:00,171,
1783039900,2026-07-02T17:51:40-07:00,213,
1783039960,2026-07-02T17:52:40-07:00,84,
1783040020,2026-07-02T17:53:40-07:00,123,
1783040080,2026-07-02T17:54:40-07:00,97,
1783040140,2026-07-02T17:55:40-07:00,128,
1783040200,2026-07-02T17:56:40-07:00,111,
1783040260,2026-07-02T17:57:40-07:00,134,
1783040320,2026-07-02T17:58:40-07:00,117,
1783040380,2026-07-02T17:59:40-07:00,107,
1783040440,2026-07-02T18:00:40-07:00,70,
1783040500,2026-07-02T18:01:40-07:00,123,
1783040560,2026-07-02T18:02:40-07:00,120,
1783040620,2026-07-02T18:03:40-07:00,42,
1783040680,2026-07-02T18:04:40-07:00,81,
1783040740,2026-07-02T18:05:40-07:00,83,
1783040800,2026-07-02T18:06:40-07:00,69,
1783040860,2026-07-02T18:07:40-07:00,77,
1783040920,2026-07-02T18:08:40-07:00,73,
1783040980,2026-07-02T18:09:40-07:00,95,
1783041040,2026-07-02T18:10:40-07:00,157,
1783041100,2026-07-02T18:11:40-07:00,186,
1783041160,2026-07-02T18:12:40-07:00,94,
1783041220,2026-07-02T18:13:40-07:00,109,
1783041280,2026-07-02T18:14:40-07:00,68,
1783041340,2026-07-02T18:15:40-07:00,94,
1783041400,2026-07-02T18:16:40-07:00,219,
1783041460,2026-07-02T18:17:40-07:00,146,
1783041520,2026-07-02T18:18:40-07:00,98,
1783041580,2026-07-02T18:19:40-07:00,175,
1783041640,2026-07-02T18:20:40-07:00,132,
1783041700,2026-07-02T18:21:40-07:00,74,
1783041760,2026-07-02T18:22:40-07:00,77,
1783041820,2026-07-02T18:23:40-07:00,34,
1783041880,2026-07-02T18:24:40-07:00,68,
1783041940,2026-07-02T18:25:40-07:00,173,
1783042000,2026-07-02T18:26:40-07:00,112,
1783042060,2026-07-02T18:27:40-07:00,148,
1783042120,2026-07-02T18:28:40-07:00,80,
1783042180,2026-07-02T18:29:40-07:00,115,
1783042240,2026-07-02T18:30:40-07:00,80,
1783042300,2026-07-02T18:31:40-07:00,151,
1783042360,2026-07-02T18:32:40-07:00,87,
1783042420,2026-07-02T18:33:40-07:00,118,
1783042480,2026-07-02T18:34:40-07:00,56,
1783042540,2026-07-02T18:35:40-07:00,61,
1783042600,2026-07-02T18:36:40-07:00,72,
1783042660,2026-07-02T18:37:40-07:00,98,
1783042720,2026-07-02T18:38:40-07:00,117,
1783042780,2026-07-02T18:39:40-07:00,147,
1783042840,2026-07-02T18:40:40-07:00,61,
1783042900,2026-07-02T18:41:40-07:00,124,
1783042960,2026-07-02T18:42:40-07:00,80,
1783043020,2026-07-02T18:43:40-07:00,163,
1783043080,2026-07-02T18:44:40-07:00,96,
1783043140,2026-07-02T18:45:40-07:00,128,
1783043200,2026-07-02T18:46:40-07:00,113,
1783043260,2026-07-02T18:47:40-07:00,98,
1783043320,2026-07-02T18:48:40-07:00,78,
1783043380,2026-07-02T18:49:40-07:00,111,
1783043440,2026-07-02T18:50:40-07:00,74,
1783043500,2026-07-02T18:51:40-07:00,83,
1783043560,2026-07-02T18:52:40-07:00,51,
1783043620,2026-07-02T18:53:40-07:00,177,
1783043680,2026-07-02T18:54:40-07:00,96,
1783043740,2026-07-02T18:55:40-07:00,190,
1783043800,2026-07-02T18:56:40-07:00,75,
1783043860,2026-07-02T18:57:40-07:00,106,
1783043920,2026-07-02T18:58:40-07:00,78,
1783043980,2026-07-02T18:59:40-07:00,76,
1783044040,2026-07-02T19:00:40-07:00,151,
1783044100,2026-07-02T19:01:40-07:00,124,
1783044160,2026-07-02T19:02:40-07:00,74,
1783044220,2026-07-02T19:03:40-07:00,104,
1783044280,2026-07-02T19:04:40-07:00,92,
1783044340,2026-07-02T19:05:40-07:00,71,
1783044400,2026-07-02T19:06:40-07:00,99,
1783044460,2026-07-02T19:07:40-07:00,62,
1783044520,2026-07-02T19:08:40-07:00,160,
1783044580,2026-07-02T19:09:40-07:00,88,
1783044640,2026-07-02T19:10:40-07:00,118,
1783044700,2026-07-02T19:11:40-07:00,115,
1783044760,2026-07-02T19:12:40-07:00,165,
1783044820,2026-07-02T19:13:40-07:00,95,
1783044880,2026-07-02T19:14:40-07:00,73,
1783044940,2026-07-02T19:15:40-07:00,63,
1783045000,2026-07-02T19:16:40-07:00,139,
1783045060,2026-07-02T19:17:40-07:00,127,
1783045120,2026-07-02T19:18:40-07:00,116,
1783045180,2026-07-02T19:19:40-07:00,117,
1783045240,2026-07-02T19:20:40-07:00,136,
1783045300,2026-07-02T19:21:40-07:00,91,
1783045360,2026-07-02T19:22:40-07:00,161,
1783045420,2026-07-02T19:23:40-07:00,91,
1783045480,2026-07-02T19:24:40-07:00,118,
1783045540,2026-07-02T19:25:40-07:00,100,
1783045600,2026-07-02T19:26:40-07:00,147,
1783045660,2026-07-02T19:27:40-07:00,112,
1783045720,2026-07-02T19:28:40-07:00,204,
1783045780,2026-07-02T19:29:40-07:00,156,
1783045840,2026-07-02T19:30:40-07:00,75,
1783045900,2026-07-02T19:31:40-07:00,130,
1783045960,2026-07-02T19:32:40-07:00,112,
1783046020,2026-07-02T19:33:40-07:00,96,
1783046080,2026-07-02T19:34:40-07:00,92,
1783046140,2026-07-02T19:35:40-07:00,122,
1783046200,2026-07-02T19:36:40-07:00,156,
1783046260,2026-07-02T19:37:40-07:00,46,
1783046320,2026-07-02T19:38:40-07:00,104,
1783046380,2026-07-02T19:39:40-07:00,140,
1783046440,2026-07-02T19:40:40-07:00,104,
1783046500,2026-07-02T19:41:40-07:00,136,
1783046560,2026-07-02T19:42:40-07:00,79,
1783046620,2026-07-02T19:43:40-07:00,76,
1783046680,2026-07-02T19:44:40-07:00,111,
1783046740,2026-07-02T19:45:40-07:00,111,
1783046800,2026-07-02T19:46:40-07:00,103,
1783046860,2026-07-02T19:47:40-07:00,20,
1783046920,2026-07-02T19:48:40-07:00,90,
1783046980,2026-07-02T19:49:40-07:00,79,
1783047040,2026-07-02T19:50:40-07:00,70,
1783047100,2026-07-02T19:51:40-07:00,165,
1783047160,2026-07-02T19:52:40-07:00,90,
1783047220,2026-07-02T19:53:40-07:00,59,
1783047280,2026-07-02T19:54:40-07:00,138,
1783047340,2026-07-02T19:55:40-07:00,117,
1783047400,2026-07-02T19:56:40-07:00,148,
1783047460,2026-07-02T19:57:40-07:00,60,
1783047520,2026-07-02T19:58:40-07:00,28,
1783047580,2026-07-02T19:59:40-07:00,122,
1783047640,2026-07-02T20:00:40-07:00,32,
1783047700,2026-07-02T20:01:40-07:00,123,
1783047760,2026-07-02T20:02:40-07:00,107,
1783047820,2026-07-02T20:03:40-07:00,107,
1783047880,2026-07-02T20:04:40-07:00,108,
1783047940,2026-07-02T20:05:40-07:00,205,
1783048000,2026-07-02T20:06:40-07:00,38,
1783048060,2026-07-02T20:07:40-07:00,78,
1783048120,2026-07-02T20:08:40-07:00,62,
1783048180,2026-07-02T20:09:40-07:00,114,
1783048240,2026-07-02T20:10:40-07:00,64,
1783048300,2026-07-02T20:11:40-07:00,81,
1783048360,2026-07-02T20:12:40-07:00,154,
1783048420,2026-07-02T20:13:40-07:00,137,
1783048480,2026-07-02T20:14:40-07:00,75,
1783048540,2026-07-02T20:15:40-07:00,114,
1783048600,2026-07-02T20:16:40-07:00,102,
1783048660,2026-07-02T20:17:40-07:00,102,
1783048720,2026-07-02T20:18:40-07:00,56,
1783048780,2026-07-02T20:19:40-07:00,170,
1783048840,2026-07-02T20:20:40-07:00,53,
1783048900,2026-07-02T20:21:40-07:00,92,
1783048960,2026-07-02T20:22:40-07:00,112,
1783049020,2026-07-02T20:23:40-07:00,145,
1783049080,2026-07-02T20:24:40-07:00,106,
1783049140,2026-07-02T20:25:40-07:00,103,
1783049200,2026-07-02T20:26:40-07:00,106,
1783049260,2026-07-02T20:27:40-07:00,85,
1783049320,2026-07-02T20:28:40-07:00,100,
1783049380,2026-07-02T20:29:40-07:00,169,
1783049440,2026-07-02T20:30:40-07:00,80,
1783049500,2026-07-02T20:31:40-07:00,82,
1783049560,2026-07-02T20:32:40-07:00,154,
1783049620,2026-07-02T20:33:40-07:00,67,
1783049680,2026-07-02T20:34:40-07:00,93,
1783049740,2026-07-02T20:35:40-07:00,97,
1783049800,2026-07-02T20:36:40-07:00,94,
1783049860,2026-07-02T20:37:40-07:00,141,
1783049920,2026-07-02T20:38:40-07:00,90,
1783049980,2026-07-02T20:39:40-07:00,106,
1783050040,2026-07-02T20:40:40-07:00,114,
1783050100,2026-07-02T20:41:40-07:00,107,
1783050160,2026-07-02T20:42:40-07:00,100,
1783050220,2026-07-02T20:43:40-07:00,119,
1783050280,2026-07-02T20:44:40-07:00,102,
1783050340,2026-07-02T20:45:40-07:00,164,
1783050400,2026-07-02T20:46:40-07:00,79,
1783050460,2026-07-02T20:47:40-07:00,69,
1783050520,2026-07-02T20:48:40-07:00,81,
1783050580,2026-07-02T20:49:40-07:00,87,
1783050640,2026-07-02T20:50:40-07:00,121,
1783050700,2026-07-02T20:51:40-07:00,92,
1783050760,2026-07-02T20:52:40-07:00,207,
1783050820,2026-07-02T20:53:40-07:00,86,
1783050880,2026-07-02T20:54:40-07:00,91,
1783050940,2026-07-02T20:55:40-07:00,111,
1783051000,2026-07-02T20:56:40-07:00,100,
1783051060,2026-07-02T20:57:40-07:00,52,
1783051120,2026-07-02T20:58:40-07:00,112,
1783051180,2026-07-02T20:59:40-07:00,85,
1783051240,2026-07-02T21:00:40-07:00,87,
1783051300,2026-07-02T21:01:40-07:00,78,
1783051360,2026-07-02T21:02:40-07:00,62,
1783051420,2026-07-02T21:03:40-07:00,94,
1783051480,2026-07-02T21:04:40-07:00,70,
1783051540,2026-07-02T21:05:40-07:00,93,
1783051600,2026-07-02T21:06:40-07:00,180,
1783051660,2026-07-02T21:07:40-07:00,151,
1783051720,2026-07-02T21:08:40-07:00,65,
1783051780,2026-07-02T21:09:40-07:00,73,
1783051840,2026-07-02T21:10:40-07:00,167,
1783051900,2026-07-02T21:11:40-07:00,149,
1783051960,2026-07-02T21:12:40-07:00,130,
1783052020,2026-07-02T21:13:40-07:00,85,
1783052080,2026-07-02T21:14:40-07:00,120,
1783052140,2026-07-02T21:15:40-07:00,200,
1783052200,2026-07-02T21:16:40-07:00,154,
1783052260,2026-07-02T21:17:40-07:00,190,
1783052320,2026-07-02T21:18:40-07:00,108,
1783052380,2026-07-02T21:19:40-07:00,129,
1783052440,2026-07-02T21:20:40-07:00,88,
1783052500,2026-07-02T21:21:40-07:00,155,
1783052560,2026-07-02T21:22:40-07:00,132,
1783052620,2026-07-02T21:23:40-07:00,79,
1783052680,2026-07-02T21:24:40-07:00,79,
1783052740,2026-07-02T21:25:40-07:00,115,
1783052800,2026-07-02T21:26:40-07:00,122,
1783052860,2026-07-02T21:27:40-07:00,120,
1783052920,2026-07-02T21:28:40-07:00,74,
1783052980,2026-07-02T21:29:40-07:00,59,
1783053040,2026-07-02T21:30:40-07:00,156,
1783053100,2026-07-02T21:31:40-07:00,84,
1783053160,2026-07-02T21:32:40-07:00,46,
1783053220,2026-07-02T21:33:40-07:00,126,
1783053280,2026-07-02T21:34:40-07:00,126,
1783053340,2026-07-02T21:35:40-07:00,84,
1783053400,2026-07-02T21:36:40-07:00,194,
1783053460,2026-07-02T21:37:40-07:00,143,
1783053520,2026-07-02T21:38:40-07:00,113,
1783053580,2026-07-02T21:39:40-07:00,81,
1783053640,2026-07-02T21:40:40-07:00,189,
1783053700,2026-07-02T21:41:40-07:00,182,
1783053760,2026-07-02T21:42:40-07:00,101,
1783053820,2026-07-02T21:43:40-07:00,114,
1783053880,2026-07-02T21:44:40-07:00,170,
1783053940,2026-07-02T21:45:40-07:00,169,
1783054000,2026-07-02T21:46:40-07:00,52,
1783054060,2026-07-02T21:47:40-07:00,124,
1783054120,2026-07-02T21:48:40-07:00,70,
1783054180,2026-07-02T21:49:40-07:00,172,
1783054240,2026-07-02T21:50:40-07:00,171,
1783054300,2026-07-02T21:51:40-07:00,112,
1783054360,2026-07-02T21:52:40-07:00,153,
1783054420,2026-07-02T21:53:40-07:00,105,
1783054480,2026-07-02T21:54:40-07:00,128,
1783054540,2026-07-02T21:55:40-07:00,269,
1783054600,2026-07-02T21:56:40-07:00,143,
1783054660,2026-07-02T21:57:40-07:00,220,
1783054720,2026-07-02T21:58:40-07:00,127,
1783054780,2026-07-02T21:59:40-07:00,79,
1783054840,2026-07-02T22:00:40-07:00,73,
1783054900,2026-07-02T22:01:40-07:00,98,
1783054960,2026-07-02T22:02:40-07:00,112,
1783055020,2026-07-02T22:03:40-07:00,85,
1783055080,2026-07-02T22:04:40-07:00,59,
1783055140,2026-07-02T22:05:40-07:00,160,
1783055200,2026-07-02T22:06:40-07:00,90,
1783055260,2026-07-02T22:07:40-07:00,115,
1783055320,2026-07-02T22:08:40-07:00,71,
1783055380,2026-07-02T22:09:40-07:00,192,
1783055440,2026-07-02T22:10:40-07:00,74,
1783055500,2026-07-02T22:11:40-07:00,178,
1783055560,2026-07-02T22:12:40-07:00,64,
1783055620,2026-07-02T22:13:40-07:00,130,
1783055680,2026-07-02T22:14:40-07:00,95,
1783055740,2026-07-02T22:15:40-07:00,102,
1783055800,2026-07-02T22:16:40-07:00,81,
1783055860,2026-07-02T22:17:40-07:00,134,
1783055920,2026-07-02T22:18:40-07:00,123,
1783055980,2026-07-02T22:19:40-07:00,67,
1783056040,2026-07-02T22:20:40-07:00,77,
1783056100,2026-07-02T22:21:40-07:00,134,
1783056160,2026-07-02T22:22:40-07:00,96,
1783056220,2026-07-02T22:23:40-07:00,122,
1783056280,2026-07-02T22:24:40-07:00,102,
1783056340,2026-07-02T22:25:40-07:00,109,
1783056400,2026-07-02T22:26:40-07:00,181,
1783056460,2026-07-02T22:27:40-07:00,102,
1783056520,2026-07-02T22:28:40-07:00,59,
1783056580,2026-07-02T22:29:40-07:00,138,
1783056640,2026-07-02T22:30:40-07:00,99,
1783056700,2026-07-02T22:31:40-07:00,68,
1783056760,2026-07-02T22:32:40-07:00,206,
1783056820,2026-07-02T22:33:40-07:00,148,
1783056880,2026-07-02T22:34:40-07:00,86,
1783056940,2026-07-02T22:35:40-07:00,175,
1783057000,2026-07-02T22:36:40-07:00,111,
1783057060,2026-07-02T22:37:40-07:00,162,
1783057120,2026-07-02T22:38:40-07:00,123,
1783057180,2026-07-02T22:39:40-07:00,71,
1783057240,2026-07-02T22:40:40-07:00,121,
1783057300,2026-07-02T22:41:40-07:00,81,
1783057360,2026-07-02T22:42:40-07:00,72,
1783057420,2026-07-02T22:43:40-07:00,85,
1783057480,2026-07-02T22:44:40-07:00,164,
1783057540,2026-07-02T22:45:40-07:00,126,
1783057600,2026-07-02T22:46:40-07:00,98,
1783057660,2026-07-02T22:47:40-07:00,80,
1783057720,2026-07-02T22:48:40-07:00,166,
1783057780,2026-07-02T22:49:40-07:00,205,
1783057840,2026-07-02T22:50:40-07:00,117,
1783057900,2026-07-02T22:51:40-07:00,116,
1783057960,2026-07-02T22:52:40-07:00,49,
1783058020,2026-07-02T22:53:40-07:00,78,
1783058080,2026-07-02T22:54:40-07:00,88,
1783058140,2026-07-02T22:55:40-07:00,117,
1783058200,2026-07-02T22:56:40-07:00,104,
1783058260,2026-07-02T22:57:40-07:00,219,
1783058320,2026-07-02T22:58:40-07:00,107,
1783058380,2026-07-02T22:59:40-07:00,88,
1783058440,2026-07-02T23:00:40-07:00,96,
1783058500,2026-07-02T23:01:40-07:00,140,
1783058560,2026-07-02T23:02:40-07:00,196,
1783058620,2026-07-02T23:03:40-07:00,87,
1783058680,2026-07-02T23:04:40-07:00,152,
1783058740,2026-07-02T23:05:40-07:00,60,
1783058800,2026-07-02T23:06:40-07:00,69,
1783058860,2026-07-02T23:07:40-07:00,81,
1783058920,2026-07-02T23:08:40-07:00,106,
1783058980,2026-07-02T23:09:40-07:00,152,
1783059040,2026-07-02T23:10:40-07:00,103,
1783059100,2026-07-02T23:11:40-07:00,128,
1783059160,2026-07-02T23:12:40-07:00,57,
1783059220,2026-07-02T23:13:40-07:00,188,
1783059280,2026-07-02T23:14:40-07:00,95,
1783059340,2026-07-02T23:15:40-07:00,204,
1783059400,2026-07-02T23:16:40-07:00,89,
1783059460,2026-07-02T23:17:40-07:00,202,
1783059520,2026-07-02T23:18:40-07:00,73,
1783059580,2026-07-02T23:19:40-07:00,99,
1783059640,2026-07-02T23:20:40-07:00,51,
1783059700,2026-07-02T23:21:40-07:00,52,
1783059760,2026-07-02T23:22:40-07:00,70,
1783059820,2026-07-02T23:23:40-07:00,168,
1783059880,2026-07-02T23:24:40-07:00,63,
1783059940,2026-07-02T23:25:40-07:00,108,
1783060000,2026-07-02T23:26:40-07:00,61,
1783060060,2026-07-02T23:27:40-07:00,129,
1783060120,2026-07-02T23:28:40-07:00,78,
1783060180,2026-07-02T23:29:40-07:00,54,
1783060240,2026-07-02T23:30:40-07:00,89,
1783060300,2026-07-02T23:31:40-07:00,79,
1783060360,2026-07-02T23:32:40-07:00,23,
1783060420,2026-07-02T23:33:40-07:00,146,
1783060480,2026-07-02T23:34:40-07:00,66,
1783060540,2026-07-02T23:35:40-07:00,75,
1783060600,2026-07-02T23:36:40-07:00,54,
1783060660,2026-07-02T23:37:40-07:00,211,
1783060720,2026-07-02T23:38:40-07:00,132,
1783060780,2026-07-02T23:39:40-07:00,79,
1783060840,2026-07-02T23:40:40-07:00,114,
1783060900,2026-07-02T23:41:40-07:00,63,
1783060960,2026-07-02T23:42:40-07:00,111,
1783061020,2026-07-02T23:43:40-07:00,87,
1783061080,2026-07-02T23:44:40-07:00,105,
1783061140,2026-07-02T23:45:40-07:00,74,
1783061200,2026-07-02T23:46:40-07:00,94,
1783061260,2026-07-02T23:47:40-07:00,110,
1783061320,2026-07-02T23:48:40-07:00,32,
1783061380,2026-07-02T23:49:40-07:00,56,
1783061440,2026-07-02T23:50:40-07:00,106,
1783061500,2026-07-02T23:51:40-07:00,101,
1783061560,2026-07-02T23:52:40-07:00,67,
1783061620,2026-07-02T23:53:40-07:00,23,
1783061680,2026-07-02T23:54:40-07:00,48,
1783061740,2026-07-02T23:55:40-07:00,30,
1783061800,2026-07-02T23:56:40-07:00,52,
1783061860,2026-07-02T23:57:40-07:00,23,
1783061920,2026-07-02T23:58:40-07:00,67,
1783061980,2026-07-02T23:59:40-07:00,27,
1783062040,2026-07-03T00:00:40-07:00,28,
1783062100,2026-07-03T00:01:40-07:00,217,
1783062160,2026-07-03T00:02:40-07:00,50,
1783062220,2026-07-03T00:03:40-07:00,37,
1783062280,2026-07-03T00:04:40-07:00,95,
1783062340,2026-07-03T00:05:40-07:00,111,
1783062400,2026-07-03T00:06:40-07:00,81,
1783062460,2026-07-03T00:07:40-07:00,42,
1783062520,2026-07-03T00:08:40-07:00,62,
1783062580,2026-07-03T00:09:40-07:00,73,
1783062640,2026-07-03T00:10:40-07:00,48,
1783062700,2026-07-03T00:11:40-07:00,26,
1783062760,2026-07-03T00:12:40-07:00,51,
1783062820,2026-07-03T00:13:40-07:00,47,
1783062880,2026-07-03T00:14:40-07:00,35,
1783062940,2026-07-03T00:15:40-07:00,45,
1783063000,2026-07-03T00:16:40-07:00,50,
1783063060,2026-07-03T00:17:40-07:00,56,
1783063120,2026-07-03T00:18:40-07:00,67,
1783063180,2026-07-03T00:19:40-07:00,83,
1783063240,2026-07-03T00:20:40-07:00,123,
1783063300,2026-07-03T00:21:40-07:00,67,
1783063360,2026-07-03T00:22:40-07:00,30,
1783063420,2026-07-03T00:23:40-07:00,58,
1783063480,2026-07-03T00:24:40-07:00,58,
1783063540,2026-07-03T00:25:40-07:00,63,
1783063600,2026-07-03T00:26:40-07:00,78,
1783063660,2026-07-03T00:27:40-07:00,68,
1783063720,2026-07-03T00:28:40-07:00,59,
1783063780,2026-07-03T00:29:40-07:00,48,
1783063840,2026-07-03T00:30:40-07:00,20,
1783063900,2026-07-03T00:31:40-07:00,32,
1783063960,2026-07-03T00:32:40-07:00,62,
1783064020,2026-07-03T00:33:40-07:00,36,
1783064080,2026-07-03T00:34:40-07:00,94,
1783064140,2026-07-03T00:35:40-07:00,47,
1783064200,2026-07-03T00:36:40-07:00,36,
1783064260,2026-07-03T00:37:40-07:00,50,
1783064320,2026-07-03T00:38:40-07:00,48,
1783064380,2026-07-03T00:39:40-07:00,34,
1783064440,2026-07-03T00:40:40-07:00,53,
1783064500,2026-07-03T00:41:40-07:00,55,
1783064560,2026-07-03T00:42:40-07:00,39,
1783064620,2026-07-03T00:43:40-07:00,32,
1783064680,2026-07-03T00:44:40-07:00,60,
1783064740,2026-07-03T00:45:40-07:00,29,
1783064800,2026-07-03T00:46:40-07:00,49,
1783064860,2026-07-03T00:47:40-07:00,27,
1783064920,2026-07-03T00:48:40-07:00,40,
1783064980,2026-07-03T00:49:40-07:00,27,
1783065040,2026-07-03T00:50:40-07:00,26,
1783065100,2026-07-03T00:51:40-07:00,39,
1783065160,2026-07-03T00:52:40-07:00,30,
1783065220,2026-07-03T00:53:40-07:00,27,
1783065280,2026-07-03T00:54:40-07:00,13,
1783065340,2026-07-03T00:55:40-07:00,38,
1783065400,2026-07-03T00:56:40-07:00,27,
1783065460,2026-07-03T00:57:40-07:00,38,
1783065520,2026-07-03T00:58:40-07:00,30,
1783065580,2026-07-03T00:59:40-07:00,34,
1783065640,2026-07-03T01:00:40-07:00,26,
1783065700,2026-07-03T01:01:40-07:00,50,
1783065760,2026-07-03T01:02:40-07:00,36,
1783065820,2026-07-03T01:03:40-07:00,22,
1783065880,2026-07-03T01:04:40-07:00,21,
1783065940,2026-07-03T01:05:40-07:00,12,
1783066000,2026-07-03T01:06:40-07:00,46,
1783066060,2026-07-03T01:07:40-07:00,82,
1783066120,2026-07-03T01:08:40-07:00,27,
1783066180,2026-07-03T01:09:40-07:00,15,
1783066240,2026-07-03T01:10:40-07:00,8,
1783066300,2026-07-03T01:11:40-07:00,22,
1783066360,2026-07-03T01:12:40-07:00,17,
1783066420,2026-07-03T01:13:40-07:00,43,
1783066480,2026-07-03T01:14:40-07:00,16,
1783066540,2026-07-03T01:15:40-07:00,8,
1783066600,2026-07-03T01:16:40-07:00,11,
1783066660,2026-07-03T01:17:40-07:00,19,
1783066720,2026-07-03T01:18:40-07:00,20,
1783066780,2026-07-03T01:19:40-07:00,41,
1783066840,2026-07-03T01:20:40-07:00,15,
1783066900,2026-07-03T01:21:40-07:00,24,
1783066960,2026-07-03T01:22:40-07:00,17,
1783067020,2026-07-03T01:23:40-07:00,9,
1783067080,2026-07-03T01:24:40-07:00,30,
1783067140,2026-07-03T01:25:40-07:00,13,
1783067200,2026-07-03T01:26:40-07:00,6,
1783067260,2026-07-03T01:27:40-07:00,6,
1783067320,2026-07-03T01:28:40-07:00,14,
1783067380,2026-07-03T01:29:40-07:00,20,
1783067440,2026-07-03T01:30:40-07:00,20,
1783067500,2026-07-03T01:31:40-07:00,3,
1783067560,2026-07-03T01:32:40-07:00,8,
1783067620,2026-07-03T01:33:40-07:00,6,
1783067680,2026-07-03T01:34:40-07:00,13,
1783067740,2026-07-03T01:35:40-07:00,4,
1783067800,2026-07-03T01:36:40-07:00,15,
1783067860,2026-07-03T01:37:40-07:00,22,
1783067920,2026-07-03T01:38:40-07:00,31,
1783067980,2026-07-03T01:39:40-07:00,63,
1783068040,2026-07-03T01:40:40-07:00,12,
1783068100,2026-07-03T01:41:40-07:00,8,
1783068160,2026-07-03T01:42:40-07:00,6,
1783068220,2026-07-03T01:43:40-07:00,11,
1783068280,2026-07-03T01:44:40-07:00,9,
1783068340,2026-07-03T01:45:40-07:00,8,
1783068400,2026-07-03T01:46:40-07:00,15,
1783068460,2026-07-03T01:47:40-07:00,5,
1783068520,2026-07-03T01:48:40-07:00,15,
1783068580,2026-07-03T01:49:40-07:00,21,
1783068640,2026-07-03T01:50:40-07:00,19,
1783068700,2026-07-03T01:51:40-07:00,3,
1783068760,2026-07-03T01:52:40-07:00,10,
1783068820,2026-07-03T01:53:40-07:00,9,
1783068880,2026-07-03T01:54:40-07:00,19,
1783068940,2026-07-03T01:55:40-07:00,6,
1783069000,2026-07-03T01:56:40-07:00,14,
1783069060,2026-07-03T01:57:40-07:00,24,
1783069120,2026-07-03T01:58:40-07:00,35,
1783069180,2026-07-03T01:59:40-07:00,7,
1783069240,2026-07-03T02:00:40-07:00,19,
1783069300,2026-07-03T02:01:40-07:00,7,
1783069360,2026-07-03T02:02:40-07:00,7,
1783069420,2026-07-03T02:03:40-07:00,2,
1783069480,2026-07-03T02:04:40-07:00,9,
1783069540,2026-07-03T02:05:40-07:00,6,
1783069600,2026-07-03T02:06:40-07:00,9,
1783069660,2026-07-03T02:07:40-07:00,6,
1783069720,2026-07-03T02:08:40-07:00,35,
1783069780,2026-07-03T02:09:40-07:00,96,
1783069840,2026-07-03T02:10:40-07:00,154,
1783069900,2026-07-03T02:11:40-07:00,23,
1783069960,2026-07-03T02:12:40-07:00,22,
1783070020,2026-07-03T02:13:40-07:00,17,
1783070080,2026-07-03T02:14:40-07:00,8,
1783070140,2026-07-03T02:15:40-07:00,9,
1783070200,2026-07-03T02:16:40-07:00,5,
1783070260,2026-07-03T02:17:40-07:00,8,
1783070320,2026-07-03T02:18:40-07:00,5,
1783070380,2026-07-03T02:19:40-07:00,7,
1783070440,2026-07-03T02:20:40-07:00,10,
1783070500,2026-07-03T02:21:40-07:00,24,
1783070560,2026-07-03T02:22:40-07:00,10,
1783070620,2026-07-03T02:23:40-07:00,13,
1783070680,2026-07-03T02:24:40-07:00,19,
1783070740,2026-07-03T02:25:40-07:00,25,
1783070800,2026-07-03T02:26:40-07:00,16,
1783070860,2026-07-03T02:27:40-07:00,3,
1783070920,2026-07-03T02:28:40-07:00,6,
1783070980,2026-07-03T02:29:40-07:00,12,
1783071040,2026-07-03T02:30:40-07:00,22,
1783071100,2026-07-03T02:31:40-07:00,20,
1783071160,2026-07-03T02:32:40-07:00,26,
1783071220,2026-07-03T02:33:40-07:00,9,
1783071280,2026-07-03T02:34:40-07:00,15,
1783071340,2026-07-03T02:35:40-07:00,14,
1783071400,2026-07-03T02:36:40-07:00,13,
1783071460,2026-07-03T02:37:40-07:00,8,
1783071520,2026-07-03T02:38:40-07:00,7,
1783071580,2026-07-03T02:39:40-07:00,19,
1783071640,2026-07-03T02:40:40-07:00,5,
1783071700,2026-07-03T02:41:40-07:00,3,
1783071760,2026-07-03T02:42:40-07:00,4,
1783071820,2026-07-03T02:43:40-07:00,6,
1783071880,2026-07-03T02:44:40-07:00,5,
1783071940,2026-07-03T02:45:40-07:00,5,
1783072000,2026-07-03T02:46:40-07:00,13,
1783072060,2026-07-03T02:47:40-07:00,11,
1783072120,2026-07-03T02:48:40-07:00,5,
1783072180,2026-07-03T02:49:40-07:00,2,
1783072240,2026-07-03T02:50:40-07:00,5,
1783072300,2026-07-03T02:51:40-07:00,13,
1783072360,2026-07-03T02:52:40-07:00,14,
1783072420,2026-07-03T02:53:40-07:00,10,
1783072480,2026-07-03T02:54:40-07:00,9,
1783072540,2026-07-03T02:55:40-07:00,8,
1783072600,2026-07-03T02:56:40-07:00,8,
1783072660,2026-07-03T02:57:40-07:00,4,
1783072720,2026-07-03T02:58:40-07:00,5,
1783072780,2026-07-03T02:59:40-07:00,5,
1783072840,2026-07-03T03:00:40-07:00,3,
1783072900,2026-07-03T03:01:40-07:00,9,
1783072960,2026-07-03T03:02:40-07:00,4,
1783073020,2026-07-03T03:03:40-07:00,6,
1783073080,2026-07-03T03:04:40-07:00,2,
1783073140,2026-07-03T03:05:40-07:00,6,
1783073200,2026-07-03T03:06:40-07:00,21,
1783073260,2026-07-03T03:07:40-07:00,3,
1783073320,2026-07-03T03:08:40-07:00,12,
1783073380,2026-07-03T03:09:40-07:00,3,
1783073440,2026-07-03T03:10:40-07:00,6,
1783073500,2026-07-03T03:11:40-07:00,5,
1783073560,2026-07-03T03:12:40-07:00,7,
1783073620,2026-07-03T03:13:40-07:00,10,
1783073680,2026-07-03T03:14:40-07:00,68,
1783073740,2026-07-03T03:15:40-07:00,6,
1783073800,2026-07-03T03:16:40-07:00,2,
1783073860,2026-07-03T03:17:40-07:00,4,
1783073920,2026-07-03T03:18:40-07:00,4,
1783073980,2026-07-03T03:19:40-07:00,7,
1783074040,2026-07-03T03:20:40-07:00,4,
1783074100,2026-07-03T03:21:40-07:00,4,
1783074160,2026-07-03T03:22:40-07:00,5,
1783074220,2026-07-03T03:23:40-07:00,4,
1783074280,2026-07-03T03:24:40-07:00,6,
1783074340,2026-07-03T03:25:40-07:00,7,
1783074400,2026-07-03T03:26:40-07:00,4,
1783074460,2026-07-03T03:27:40-07:00,4,
1783074520,2026-07-03T03:28:40-07:00,5,
1783074580,2026-07-03T03:29:40-07:00,2,
1783074640,2026-07-03T03:30:40-07:00,12,
1783074700,2026-07-03T03:31:40-07:00,8,
1783074760,2026-07-03T03:32:40-07:00,5,
1783074820,2026-07-03T03:33:40-07:00,5,
1783074880,2026-07-03T03:34:40-07:00,4,
1783074940,2026-07-03T03:35:40-07:00,6,
1783075000,2026-07-03T03:36:40-07:00,5,
1783075060,2026-07-03T03:37:40-07:00,8,
1783075120,2026-07-03T03:38:40-07:00,6,
1783075180,2026-07-03T03:39:40-07:00,3,
1783075240,2026-07-03T03:40:40-07:00,10,
1783075300,2026-07-03T03:41:40-07:00,5,
1783075360,2026-07-03T03:42:40-07:00,6,
1783075420,2026-07-03T03:43:40-07:00,9,
1783075480,2026-07-03T03:44:40-07:00,2,
1783075540,2026-07-03T03:45:40-07:00,6,
1783075600,2026-07-03T03:46:40-07:00,5,
1783075660,2026-07-03T03:47:40-07:00,6,
1783075720,2026-07-03T03:48:40-07:00,6,
1783075780,2026-07-03T03:49:40-07:00,7,
1783075840,2026-07-03T03:50:40-07:00,3,
1783075900,2026-07-03T03:51:40-07:00,5,
1783075960,2026-07-03T03:52:40-07:00,9,
1783076020,2026-07-03T03:53:40-07:00,8,
1783076080,2026-07-03T03:54:40-07:00,14,
1783076140,2026-07-03T03:55:40-07:00,8,
1783076200,2026-07-03T03:56:40-07:00,5,
1783076260,2026-07-03T03:57:40-07:00,6,
1783076320,2026-07-03T03:58:40-07:00,4,
1783076380,2026-07-03T03:59:40-07:00,3,
1783076440,2026-07-03T04:00:40-07:00,11,
1783076500,2026-07-03T04:01:40-07:00,5,
1783076560,2026-07-03T04:02:40-07:00,3,
1783076620,2026-07-03T04:03:40-07:00,6,
1783076680,2026-07-03T04:04:40-07:00,6,
1783076740,2026-07-03T04:05:40-07:00,10,
1783076800,2026-07-03T04:06:40-07:00,11,
1783076860,2026-07-03T04:07:40-07:00,10,
1783076920,2026-07-03T04:08:40-07:00,6,
1783076980,2026-07-03T04:09:40-07:00,6,
1783077040,2026-07-03T04:10:40-07:00,6,
1783077100,2026-07-03T04:11:40-07:00,10,
1783077160,2026-07-03T04:12:40-07:00,4,
1783077220,2026-07-03T04:13:40-07:00,3,
1783077280,2026-07-03T04:14:40-07:00,10,
1783077340,2026-07-03T04:15:40-07:00,5,
1783077400,2026-07-03T04:16:40-07:00,12,
1783077460,2026-07-03T04:17:40-07:00,12,
1783077520,2026-07-03T04:18:40-07:00,7,
1783077580,2026-07-03T04:19:40-07:00,9,
1783077640,2026-07-03T04:20:40-07:00,9,
1783077700,2026-07-03T04:21:40-07:00,6,
1783077760,2026-07-03T04:22:40-07:00,7,
1783077820,2026-07-03T04:23:40-07:00,8,
1783077880,2026-07-03T04:24:40-07:00,6,
1783077940,2026-07-03T04:25:40-07:00,9,
1783078000,2026-07-03T04:26:40-07:00,16,
1783078060,2026-07-03T04:27:40-07:00,14,
1783078120,2026-07-03T04:28:40-07:00,8,
1783078180,2026-07-03T04:29:40-07:00,9,
1783078240,2026-07-03T04:30:40-07:00,17,
1783078300,2026-07-03T04:31:40-07:00,5,
1783078360,2026-07-03T04:32:40-07:00,8,
1783078420,2026-07-03T04:33:40-07:00,4,
1783078480,2026-07-03T04:34:40-07:00,4,
1783078540,2026-07-03T04:35:40-07:00,19,
1783078600,2026-07-03T04:36:40-07:00,17,
1783078660,2026-07-03T04:37:40-07:00,5,
1783078720,2026-07-03T04:38:40-07:00,17,
1783078780,2026-07-03T04:39:40-07:00,25,
1783078840,2026-07-03T04:40:40-07:00,8,
1783078900,2026-07-03T04:41:40-07:00,8,
1783078960,2026-07-03T04:42:40-07:00,14,
1783079020,2026-07-03T04:43:40-07:00,6,
1783079080,2026-07-03T04:44:40-07:00,7,
1783079140,2026-07-03T04:45:40-07:00,16,
1783079200,2026-07-03T04:46:40-07:00,19,
1783079260,2026-07-03T04:47:40-07:00,12,
1783079320,2026-07-03T04:48:40-07:00,19,
1783079380,2026-07-03T04:49:40-07:00,5,
1783079440,2026-07-03T04:50:40-07:00,14,
1783079500,2026-07-03T04:51:40-07:00,11,
1783079560,2026-07-03T04:52:40-07:00,5,
1783079620,2026-07-03T04:53:40-07:00,7,
1783079680,2026-07-03T04:54:40-07:00,9,
1783079740,2026-07-03T04:55:40-07:00,6,
1783079800,2026-07-03T04:56:40-07:00,7,
1783079860,2026-07-03T04:57:40-07:00,14,
1783079920,2026-07-03T04:58:40-07:00,14,
1783079980,2026-07-03T04:59:40-07:00,8,
1783080040,2026-07-03T05:00:40-07:00,12,
1783080100,2026-07-03T05:01:40-07:00,8,
1783080160,2026-07-03T05:02:40-07:00,13,
1783080220,2026-07-03T05:03:40-07:00,6,
1783080280,2026-07-03T05:04:40-07:00,10,
1783080340,2026-07-03T05:05:40-07:00,5,
1783080400,2026-07-03T05:06:40-07:00,7,
1783080460,2026-07-03T05:07:40-07:00,4,
1783080520,2026-07-03T05:08:40-07:00,9,
1783080580,2026-07-03T05:09:40-07:00,7,
1783080640,2026-07-03T05:10:40-07:00,5,
1783080700,2026-07-03T05:11:40-07:00,9,
1783080760,2026-07-03T05:12:40-07:00,3,
1783080820,2026-07-03T05:13:40-07:00,6,
1783080880,2026-07-03T05:14:40-07:00,3,
1783080940,2026-07-03T05:15:40-07:00,5,
1783081000,2026-07-03T05:16:40-07:00,4,
1783081060,2026-07-03T05:17:40-07:00,12,
1783081120,2026-07-03T05:18:40-07:00,14,
1783081180,2026-07-03T05:19:40-07:00,7,
1783081240,2026-07-03T05:20:40-07:00,7,
1783081300,2026-07-03T05:21:40-07:00,8,
1783081360,2026-07-03T05:22:40-07:00,11,
1783081420,2026-07-03T05:23:40-07:00,9,
1783081480,2026-07-03T05:24:40-07:00,5,
1783081540,2026-07-03T05:25:40-07:00,9,
1783081600,2026-07-03T05:26:40-07:00,11,
1783081660,2026-07-03T05:27:40-07:00,3,
1783081720,2026-07-03T05:28:40-07:00,4,
1783081780,2026-07-03T05:29:40-07:00,6,
1783081840,2026-07-03T05:30:40-07:00,7,
1783081900,2026-07-03T05:31:40-07:00,5,
1783081960,2026-07-03T05:32:40-07:00,3,
1783082020,2026-07-03T05:33:40-07:00,7,
1783082080,2026-07-03T05:34:40-07:00,3,
1783082140,2026-07-03T05:35:40-07:00,4,
1783082200,2026-07-03T05:36:40-07:00,6,
1783082260,2026-07-03T05:37:40-07:00,3,
1783082320,2026-07-03T05:38:40-07:00,9,
1783082380,2026-07-03T05:39:40-07:00,2,
1783082440,2026-07-03T05:40:40-07:00,14,
1783082500,2026-07-03T05:41:40-07:00,6,
1783082560,2026-07-03T05:42:40-07:00,8,
1783082620,2026-07-03T05:43:40-07:00,6,
1783082680,2026-07-03T05:44:40-07:00,6,
1783082740,2026-07-03T05:45:40-07:00,7,
1783082800,2026-07-03T05:46:40-07:00,19,
1783082860,2026-07-03T05:47:40-07:00,5,
1783082920,2026-07-03T05:48:40-07:00,3,
1783082980,2026-07-03T05:49:40-07:00,4,
1783083040,2026-07-03T05:50:40-07:00,4,
1783083100,2026-07-03T05:51:40-07:00,9,
1783083160,2026-07-03T05:52:40-07:00,6,
1783083220,2026-07-03T05:53:40-07:00,9,
1783083280,2026-07-03T05:54:40-07:00,17,
1783083340,2026-07-03T05:55:40-07:00,7,
1783083400,2026-07-03T05:56:40-07:00,8,
1783083460,2026-07-03T05:57:40-07:00,3,
1783083520,2026-07-03T05:58:40-07:00,8,
1783083580,2026-07-03T05:59:40-07:00,4,
1783083640,2026-07-03T06:00:40-07:00,10,
1783083700,2026-07-03T06:01:40-07:00,4,
1783083760,2026-07-03T06:02:40-07:00,5,
1783083820,2026-07-03T06:03:40-07:00,11,
1783083880,2026-07-03T06:04:40-07:00,5,
1783083940,2026-07-03T06:05:40-07:00,6,
1783084000,2026-07-03T06:06:40-07:00,9,
1783084060,2026-07-03T06:07:40-07:00,13,
1783084120,2026-07-03T06:08:40-07:00,10,
1783084180,2026-07-03T06:09:40-07:00,5,
1783084240,2026-07-03T06:10:40-07:00,5,
1783084300,2026-07-03T06:11:40-07:00,6,
1783084360,2026-07-03T06:12:40-07:00,2,
1783084420,2026-07-03T06:13:40-07:00,9,
1783084480,2026-07-03T06:14:40-07:00,6,
1783084540,2026-07-03T06:15:40-07:00,4,
1783084600,2026-07-03T06:16:40-07:00,5,
1783084660,2026-07-03T06:17:40-07:00,13,
1783084720,2026-07-03T06:18:40-07:00,9,
1783084780,2026-07-03T06:19:40-07:00,11,
1783084840,2026-07-03T06:20:40-07:00,7,
1783084900,2026-07-03T06:21:40-07:00,15,
1783084960,2026-07-03T06:22:40-07:00,2,
1783085020,2026-07-03T06:23:40-07:00,5,
1783085080,2026-07-03T06:24:40-07:00,5,
1783085140,2026-07-03T06:25:40-07:00,16,
1783085200,2026-07-03T06:26:40-07:00,10,
1783085260,2026-07-03T06:27:40-07:00,27,
1783085320,2026-07-03T06:28:40-07:00,18,
1783085380,2026-07-03T06:29:40-07:00,19,
1783085440,2026-07-03T06:30:40-07:00,35,
1783085500,2026-07-03T06:31:40-07:00,5,
1783085560,2026-07-03T06:32:40-07:00,6,
1783085620,2026-07-03T06:33:40-07:00,48,
1783085680,2026-07-03T06:34:40-07:00,10,
1783085740,2026-07-03T06:35:40-07:00,6,
1783085800,2026-07-03T06:36:40-07:00,8,
1783085860,2026-07-03T06:37:40-07:00,15,
1783085920,2026-07-03T06:38:40-07:00,16,
1783085980,2026-07-03T06:39:40-07:00,16,
1783086040,2026-07-03T06:40:40-07:00,9,
1783086100,2026-07-03T06:41:40-07:00,5,
1783086160,2026-07-03T06:42:40-07:00,30,
1783086220,2026-07-03T06:43:40-07:00,12,
1783086280,2026-07-03T06:44:40-07:00,16,
1783086340,2026-07-03T06:45:40-07:00,21,
1783086400,2026-07-03T06:46:40-07:00,35,
1783086460,2026-07-03T06:47:40-07:00,24,
1783086520,2026-07-03T06:48:40-07:00,17,
1783086580,2026-07-03T06:49:40-07:00,10,
1783086640,2026-07-03T06:50:40-07:00,12,
1783086700,2026-07-03T06:51:40-07:00,38,
1783086760,2026-07-03T06:52:40-07:00,22,
1783086820,2026-07-03T06:53:40-07:00,9,
1783086880,2026-07-03T06:54:40-07:00,8,
1783086940,2026-07-03T06:55:40-07:00,20,
1783087000,2026-07-03T06:56:40-07:00,14,
1783087060,2026-07-03T06:57:40-07:00,30,
1783087120,2026-07-03T06:58:40-07:00,28,
1783087180,2026-07-03T06:59:40-07:00,35,
1783087240,2026-07-03T07:00:40-07:00,18,
1783087300,2026-07-03T07:01:40-07:00,43,
1783087360,2026-07-03T07:02:40-07:00,47,
1783087420,2026-07-03T07:03:40-07:00,29,
1783087480,2026-07-03T07:04:40-07:00,21,
1783087540,2026-07-03T07:05:40-07:00,16,
1783087600,2026-07-03T07:06:40-07:00,33,
1783087660,2026-07-03T07:07:40-07:00,21,
1783087720,2026-07-03T07:08:40-07:00,31,
1783087780,2026-07-03T07:09:40-07:00,13,
1783087840,2026-07-03T07:10:40-07:00,5,
1783087900,2026-07-03T07:11:40-07:00,20,
1783087960,2026-07-03T07:12:40-07:00,33,
1783088020,2026-07-03T07:13:40-07:00,44,
1783088080,2026-07-03T07:14:40-07:00,26,
1783088140,2026-07-03T07:15:40-07:00,8,
1783088200,2026-07-03T07:16:40-07:00,25,
1783088260,2026-07-03T07:17:40-07:00,10,
1783088320,2026-07-03T07:18:40-07:00,22,
1783088380,2026-07-03T07:19:40-07:00,17,
1783088440,2026-07-03T07:20:40-07:00,43,
1783088500,2026-07-03T07:21:40-07:00,55,
1783088560,2026-07-03T07:22:40-07:00,90,
1783088620,2026-07-03T07:23:40-07:00,88,
1783088680,2026-07-03T07:24:40-07:00,44,
1783088740,2026-07-03T07:25:40-07:00,57,
1783088800,2026-07-03T07:26:40-07:00,57,
1783088860,2026-07-03T07:27:40-07:00,18,
1783088920,2026-07-03T07:28:40-07:00,48,
1783088980,2026-07-03T07:29:40-07:00,38,
1783089040,2026-07-03T07:30:40-07:00,38,
1783089100,2026-07-03T07:31:40-07:00,25,
1783089160,2026-07-03T07:32:40-07:00,30,
1783089220,2026-07-03T07:33:40-07:00,41,
1783089280,2026-07-03T07:34:40-07:00,52,
1783089340,2026-07-03T07:35:40-07:00,13,
1783089400,2026-07-03T07:36:40-07:00,80,
1783089460,2026-07-03T07:37:40-07:00,72,
1783089520,2026-07-03T07:38:40-07:00,45,
1783089580,2026-07-03T07:39:40-07:00,47,
1783089640,2026-07-03T07:40:40-07:00,68,
1783089700,2026-07-03T07:41:40-07:00,64,
1783089760,2026-07-03T07:42:40-07:00,59,
1783089820,2026-07-03T07:43:40-07:00,148,
1783089880,2026-07-03T07:44:40-07:00,53,
1783089940,2026-07-03T07:45:40-07:00,85,
1783090000,2026-07-03T07:46:40-07:00,96,
1783090060,2026-07-03T07:47:40-07:00,55,
1783090120,2026-07-03T07:48:40-07:00,45,
1783090180,2026-07-03T07:49:40-07:00,65,
1783090240,2026-07-03T07:50:40-07:00,66,
1783090300,2026-07-03T07:51:40-07:00,66,
1783090360,2026-07-03T07:52:40-07:00,158,
1783090420,2026-07-03T07:53:40-07:00,26,
1783090480,2026-07-03T07:54:40-07:00,86,
1783090540,2026-07-03T07:55:40-07:00,54,
1783090600,2026-07-03T07:56:40-07:00,57,
1783090660,2026-07-03T07:57:40-07:00,82,
1783090720,2026-07-03T07:58:40-07:00,149,
1783090780,2026-07-03T07:59:40-07:00,36,
1783090840,2026-07-03T08:00:40-07:00,32,
1783090900,2026-07-03T08:01:40-07:00,51,
1783090960,2026-07-03T08:02:40-07:00,72,
1783091020,2026-07-03T08:03:40-07:00,70,
1783091080,2026-07-03T08:04:40-07:00,44,
1783091140,2026-07-03T08:05:40-07:00,78,
1783091200,2026-07-03T08:06:40-07:00,55,
1783091260,2026-07-03T08:07:40-07:00,171,
1783091320,2026-07-03T08:08:40-07:00,64,
1783091380,2026-07-03T08:09:40-07:00,91,
1783091440,2026-07-03T08:10:40-07:00,150,
1783091500,2026-07-03T08:11:40-07:00,116,
1783091560,2026-07-03T08:12:40-07:00,75,
1783091620,2026-07-03T08:13:40-07:00,128,
1783091680,2026-07-03T08:14:40-07:00,65,
1783091740,2026-07-03T08:15:40-07:00,62,
1783091800,2026-07-03T08:16:40-07:00,84,
1783091860,2026-07-03T08:17:40-07:00,195,
1783091920,2026-07-03T08:18:40-07:00,93,
1783091980,2026-07-03T08:19:40-07:00,137,
1783092040,2026-07-03T08:20:40-07:00,181,
1783092100,2026-07-03T08:21:40-07:00,126,
1783092160,2026-07-03T08:22:40-07:00,83,
1783092220,2026-07-03T08:23:40-07:00,73,
1783092280,2026-07-03T08:24:40-07:00,70,
1783092340,2026-07-03T08:25:40-07:00,83,
1783092400,2026-07-03T08:26:40-07:00,61,
1783092460,2026-07-03T08:27:40-07:00,117,
1783092520,2026-07-03T08:28:40-07:00,72,
1783092580,2026-07-03T08:29:40-07:00,111,
1783092640,2026-07-03T08:30:40-07:00,217,
1783092700,2026-07-03T08:31:40-07:00,71,
1783092760,2026-07-03T08:32:40-07:00,115,
1783092820,2026-07-03T08:33:40-07:00,88,
1783092880,2026-07-03T08:34:40-07:00,64,
1783092940,2026-07-03T08:35:40-07:00,199,
1783093000,2026-07-03T08:36:40-07:00,33,
1783093060,2026-07-03T08:37:40-07:00,190,
1783093120,2026-07-03T08:38:40-07:00,68,
1783093180,2026-07-03T08:39:40-07:00,178,
1783093240,2026-07-03T08:40:40-07:00,103,
1783093300,2026-07-03T08:41:40-07:00,216,
1783093360,2026-07-03T08:42:40-07:00,84,
1783093420,2026-07-03T08:43:40-07:00,35,
1783093480,2026-07-03T08:44:40-07:00,101,
1783093540,2026-07-03T08:45:40-07:00,123,
1783093600,2026-07-03T08:46:40-07:00,107,
1783093660,2026-07-03T08:47:40-07:00,37,
1783093720,2026-07-03T08:48:40-07:00,126,
1783093780,2026-07-03T08:49:40-07:00,162,
1783093840,2026-07-03T08:50:40-07:00,165,
1783093900,2026-07-03T08:51:40-07:00,110,
1783093960,2026-07-03T08:52:40-07:00,132,
1783094020,2026-07-03T08:53:40-07:00,103,
1783094080,2026-07-03T08:54:40-07:00,91,
1783094140,2026-07-03T08:55:40-07:00,138,
1783094200,2026-07-03T08:56:40-07:00,74,
1783094260,2026-07-03T08:57:40-07:00,89,
1783094320,2026-07-03T08:58:40-07:00,139,
1783094380,2026-07-03T08:59:40-07:00,80,
1783094440,2026-07-03T09:00:40-07:00,152,
1783094500,2026-07-03T09:01:40-07:00,137,
1783094560,2026-07-03T09:02:40-07:00,126,
1783094620,2026-07-03T09:03:40-07:00,91,
1783094680,2026-07-03T09:04:40-07:00,59,
1783094740,2026-07-03T09:05:40-07:00,70,
1783094800,2026-07-03T09:06:40-07:00,186,
1783094860,2026-07-03T09:07:40-07:00,40,
1783094920,2026-07-03T09:08:40-07:00,52,
1783094980,2026-07-03T09:09:40-07:00,144,
1783095040,2026-07-03T09:10:40-07:00,162,
1783095100,2026-07-03T09:11:40-07:00,132,
1783095160,2026-07-03T09:12:40-07:00,189,
1783095220,2026-07-03T09:13:40-07:00,140,
1783095280,2026-07-03T09:14:40-07:00,76,
1783095340,2026-07-03T09:15:40-07:00,119,
1783095400,2026-07-03T09:16:40-07:00,225,
1783095460,2026-07-03T09:17:40-07:00,58,
1783095520,2026-07-03T09:18:40-07:00,103,
1783095580,2026-07-03T09:19:40-07:00,106,
1783095640,2026-07-03T09:20:40-07:00,77,
1783095700,2026-07-03T09:21:40-07:00,106,
1783095760,2026-07-03T09:22:40-07:00,107,
1783095820,2026-07-03T09:23:40-07:00,78,
1783095880,2026-07-03T09:24:40-07:00,143,
1783095940,2026-07-03T09:25:40-07:00,185,
1783096000,2026-07-03T09:26:40-07:00,106,
1783096060,2026-07-03T09:27:40-07:00,158,
1783096120,2026-07-03T09:28:40-07:00,129,
1783096180,2026-07-03T09:29:40-07:00,98,
1783096240,2026-07-03T09:30:40-07:00,76,
1783096300,2026-07-03T09:31:40-07:00,49,
1783096360,2026-07-03T09:32:40-07:00,118,
1783096420,2026-07-03T09:33:40-07:00,50,
1783096480,2026-07-03T09:34:40-07:00,82,
1783096540,2026-07-03T09:35:40-07:00,34,
1783096600,2026-07-03T09:36:40-07:00,98,
1783096660,2026-07-03T09:37:40-07:00,116,
1783096720,2026-07-03T09:38:40-07:00,37,
1783096780,2026-07-03T09:39:40-07:00,98,
1783096840,2026-07-03T09:40:40-07:00,73,
1783096900,2026-07-03T09:41:40-07:00,114,
1783096960,2026-07-03T09:42:40-07:00,112,
1783097020,2026-07-03T09:43:40-07:00,74,
1783097080,2026-07-03T09:44:40-07:00,151,
1783097140,2026-07-03T09:45:40-07:00,21,
1783097200,2026-07-03T09:46:40-07:00,108,
1783097260,2026-07-03T09:47:40-07:00,142,
1783097320,2026-07-03T09:48:40-07:00,143,
1783097380,2026-07-03T09:49:40-07:00,122,
1783097440,2026-07-03T09:50:40-07:00,103,
1783097500,2026-07-03T09:51:40-07:00,170,
1783097560,2026-07-03T09:52:40-07:00,146,
1783097620,2026-07-03T09:53:40-07:00,54,
1783097680,2026-07-03T09:54:40-07:00,194,
1783097740,2026-07-03T09:55:40-07:00,62,
1783097800,2026-07-03T09:56:40-07:00,168,
1783097860,2026-07-03T09:57:40-07:00,117,
1783097920,2026-07-03T09:58:40-07:00,83,
1783097980,2026-07-03T09:59:40-07:00,62,
1783098040,2026-07-03T10:00:40-07:00,117,
1783098100,2026-07-03T10:01:40-07:00,149,
1783098160,2026-07-03T10:02:40-07:00,110,
1783098220,2026-07-03T10:03:40-07:00,110,
1783098280,2026-07-03T10:04:40-07:00,111,
1783098340,2026-07-03T10:05:40-07:00,113,
1783098400,2026-07-03T10:06:40-07:00,62,
1783098460,2026-07-03T10:07:40-07:00,171,
1783098520,2026-07-03T10:08:40-07:00,73,
1783098580,2026-07-03T10:09:40-07:00,144,
1783098640,2026-07-03T10:10:40-07:00,53,
1783098700,2026-07-03T10:11:40-07:00,88,
1783098760,2026-07-03T10:12:40-07:00,34,
1783098820,2026-07-03T10:13:40-07:00,126,
1783098880,2026-07-03T10:14:40-07:00,91,
1783098940,2026-07-03T10:15:40-07:00,113,
1783099000,2026-07-03T10:16:40-07:00,142,
1783099060,2026-07-03T10:17:40-07:00,86,
1783099120,2026-07-03T10:18:40-07:00,88,
1783099180,2026-07-03T10:19:40-07:00,153,
1783099240,2026-07-03T10:20:40-07:00,113,
1783099300,2026-07-03T10:21:40-07:00,134,
1783099360,2026-07-03T10:22:40-07:00,47,
1783099420,2026-07-03T10:23:40-07:00,134,
1783099480,2026-07-03T10:24:40-07:00,75,
1783099540,2026-07-03T10:25:40-07:00,133,
1783099600,2026-07-03T10:26:40-07:00,30,
1783099660,2026-07-03T10:27:40-07:00,37,
1783099720,2026-07-03T10:28:40-07:00,116,
1783099780,2026-07-03T10:29:40-07:00,51,
1783099840,2026-07-03T10:30:40-07:00,131,
1783099900,2026-07-03T10:31:40-07:00,114,
1783099960,2026-07-03T10:32:40-07:00,36,
1783100020,2026-07-03T10:33:40-07:00,92,
1783100080,2026-07-03T10:34:40-07:00,102,
1783100140,2026-07-03T10:35:40-07:00,95,
1783100200,2026-07-03T10:36:40-07:00,108,
1783100260,2026-07-03T10:37:40-07:00,153,
1783100320,2026-07-03T10:38:40-07:00,92,
1783100380,2026-07-03T10:39:40-07:00,43,
1783100440,2026-07-03T10:40:40-07:00,78,
1783100500,2026-07-03T10:41:40-07:00,117,
1783100560,2026-07-03T10:42:40-07:00,117,
1783100620,2026-07-03T10:43:40-07:00,55,
1783100680,2026-07-03T10:44:40-07:00,86,
1783100740,2026-07-03T10:45:40-07:00,73,
1783100800,2026-07-03T10:46:40-07:00,99,
1783100860,2026-07-03T10:47:40-07:00,77,
1783100920,2026-07-03T10:48:40-07:00,66,
1783100980,2026-07-03T10:49:40-07:00,115,
1783101040,2026-07-03T10:50:40-07:00,121,
1783101100,2026-07-03T10:51:40-07:00,112,
1783101160,2026-07-03T10:52:40-07:00,112,
1783101220,2026-07-03T10:53:40-07:00,125,
1783101280,2026-07-03T10:54:40-07:00,70,
1783101340,2026-07-03T10:55:40-07:00,78,
1783101400,2026-07-03T10:56:40-07:00,98,
1783101460,2026-07-03T10:57:40-07:00,111,
1783101520,2026-07-03T10:58:40-07:00,134,
1783101580,2026-07-03T10:59:40-07:00,171,
1783101640,2026-07-03T11:00:40-07:00,101,
1783101700,2026-07-03T11:01:40-07:00,92,
1783101760,2026-07-03T11:02:40-07:00,111,
1783101820,2026-07-03T11:03:40-07:00,139,
1783101880,2026-07-03T11:04:40-07:00,176,
1783101940,2026-07-03T11:05:40-07:00,71,
1783102000,2026-07-03T11:06:40-07:00,77,
1783102060,2026-07-03T11:07:40-07:00,56,
1783102120,2026-07-03T11:08:40-07:00,72,
1783102180,2026-07-03T11:09:40-07:00,197,
1783102240,2026-07-03T11:10:40-07:00,115,
1783102300,2026-07-03T11:11:40-07:00,67,
1783102360,2026-07-03T11:12:40-07:00,145,
1783102420,2026-07-03T11:13:40-07:00,77,
1783102480,2026-07-03T11:14:40-07:00,135,
1783102540,2026-07-03T11:15:40-07:00,73,
1783102600,2026-07-03T11:16:40-07:00,123,
1783102660,2026-07-03T11:17:40-07:00,14,
1783102720,2026-07-03T11:18:40-07:00,77,
1783102780,2026-07-03T11:19:40-07:00,239,
1783102840,2026-07-03T11:20:40-07:00,120,
1783102900,2026-07-03T11:21:40-07:00,103,
1783102960,2026-07-03T11:22:40-07:00,126,
1783103020,2026-07-03T11:23:40-07:00,92,
1783103080,2026-07-03T11:24:40-07:00,67,
1783103140,2026-07-03T11:25:40-07:00,68,
1783103200,2026-07-03T11:26:40-07:00,127,
1783103260,2026-07-03T11:27:40-07:00,138,
1783103320,2026-07-03T11:28:40-07:00,91,
1783103380,2026-07-03T11:29:40-07:00,140,
1783103440,2026-07-03T11:30:40-07:00,46,
1783103500,2026-07-03T11:31:40-07:00,161,
1783103560,2026-07-03T11:32:40-07:00,195,
1783103620,2026-07-03T11:33:40-07:00,91,
1783103680,2026-07-03T11:34:40-07:00,162,
1783103740,2026-07-03T11:35:40-07:00,108,
1783103800,2026-07-03T11:36:40-07:00,17,
1783103860,2026-07-03T11:37:40-07:00,88,
1783103920,2026-07-03T11:38:40-07:00,108,
1783103980,2026-07-03T11:39:40-07:00,82,
1783104040,2026-07-03T11:40:40-07:00,158,
1783104100,2026-07-03T11:41:40-07:00,163,
1783104160,2026-07-03T11:42:40-07:00,62,
1783104220,2026-07-03T11:43:40-07:00,79,
1783104280,2026-07-03T11:44:40-07:00,114,
1783104340,2026-07-03T11:45:40-07:00,93,
1783104400,2026-07-03T11:46:40-07:00,56,
1783104460,2026-07-03T11:47:40-07:00,57,
1783104520,2026-07-03T11:48:40-07:00,88,
1783104580,2026-07-03T11:49:40-07:00,60,
1783104640,2026-07-03T11:50:40-07:00,63,
1783104700,2026-07-03T11:51:40-07:00,173,
1783104760,2026-07-03T11:52:40-07:00,53,
1783104820,2026-07-03T11:53:40-07:00,46,
1783104880,2026-07-03T11:54:40-07:00,119,
1783104940,2026-07-03T11:55:40-07:00,110,
1783105000,2026-07-03T11:56:40-07:00,73,
1783105060,2026-07-03T11:57:40-07:00,123,
1783105120,2026-07-03T11:58:40-07:00,156,
1783105180,2026-07-03T11:59:40-07:00,104,
1783105240,2026-07-03T12:00:40-07:00,207,
1783105300,2026-07-03T12:01:40-07:00,89,
1783105360,2026-07-03T12:02:40-07:00,122,
1783105420,2026-07-03T12:03:40-07:00,84,
1783105480,2026-07-03T12:04:40-07:00,140,
1783105540,2026-07-03T12:05:40-07:00,93,
1783105600,2026-07-03T12:06:40-07:00,93,
1783105660,2026-07-03T12:07:40-07:00,93,
1783105720,2026-07-03T12:08:40-07:00,68,
1783105780,2026-07-03T12:09:40-07:00,132,
1783105840,2026-07-03T12:10:40-07:00,133,
1783105900,2026-07-03T12:11:40-07:00,183,
1783105960,2026-07-03T12:12:40-07:00,56,
1783106020,2026-07-03T12:13:40-07:00,148,
1783106080,2026-07-03T12:14:40-07:00,190,
1783106140,2026-07-03T12:15:40-07:00,195,
1783106200,2026-07-03T12:16:40-07:00,120,
1783106260,2026-07-03T12:17:40-07:00,218,
1783106320,2026-07-03T12:18:40-07:00,101,
1783106380,2026-07-03T12:19:40-07:00,135,
1783106440,2026-07-03T12:20:40-07:00,136,
1783106500,2026-07-03T12:21:40-07:00,118,
1783106560,2026-07-03T12:22:40-07:00,53,
1783106620,2026-07-03T12:23:40-07:00,66,
1783106680,2026-07-03T12:24:40-07:00,16,
1783106740,2026-07-03T12:25:40-07:00,81,
1783106800,2026-07-03T12:26:40-07:00,38,
1783106860,2026-07-03T12:27:40-07:00,98,
1783106920,2026-07-03T12:28:40-07:00,55,
1783106980,2026-07-03T12:29:40-07:00,132,
1783107040,2026-07-03T12:30:40-07:00,107,
1783107100,2026-07-03T12:31:40-07:00,174,
1783107160,2026-07-03T12:32:40-07:00,181,
1783107220,2026-07-03T12:33:40-07:00,173,
1783107280,2026-07-03T12:34:40-07:00,194,
1783107340,2026-07-03T12:35:40-07:00,49,
1783107400,2026-07-03T12:36:40-07:00,88,
1783107460,2026-07-03T12:37:40-07:00,190,
1783107520,2026-07-03T12:38:40-07:00,56,
1783107580,2026-07-03T12:39:40-07:00,81,
1783107640,2026-07-03T12:40:40-07:00,59,
1783107700,2026-07-03T12:41:40-07:00,203,
1783107760,2026-07-03T12:42:40-07:00,166,
1783107820,2026-07-03T12:43:40-07:00,169,
1783107880,2026-07-03T12:44:40-07:00,129,
1783107940,2026-07-03T12:45:40-07:00,95,
1783108000,2026-07-03T12:46:40-07:00,105,
1783108060,2026-07-03T12:47:40-07:00,89,
1783108120,2026-07-03T12:48:40-07:00,220,
1783108180,2026-07-03T12:49:40-07:00,159,
1783108240,2026-07-03T12:50:40-07:00,35,
1783108300,2026-07-03T12:51:40-07:00,101,
1783108360,2026-07-03T12:52:40-07:00,73,
1783108420,2026-07-03T12:53:40-07:00,110,
1783108480,2026-07-03T12:54:40-07:00,88,
1783108540,2026-07-03T12:55:40-07:00,152,
1783108600,2026-07-03T12:56:40-07:00,114,
1783108660,2026-07-03T12:57:40-07:00,115,
1783108720,2026-07-03T12:58:40-07:00,31,
1783108780,2026-07-03T12:59:40-07:00,123,
1783108840,2026-07-03T13:00:40-07:00,72,
1783108900,2026-07-03T13:01:40-07:00,74,
1783108960,2026-07-03T13:02:40-07:00,168,
1783109020,2026-07-03T13:03:40-07:00,247,
1783109080,2026-07-03T13:04:40-07:00,100,
1783109140,2026-07-03T13:05:40-07:00,203,
1783109200,2026-07-03T13:06:40-07:00,107,
1783109260,2026-07-03T13:07:40-07:00,125,
1783109320,2026-07-03T13:08:40-07:00,82,
1783109380,2026-07-03T13:09:40-07:00,39,
1783109440,2026-07-03T13:10:40-07:00,35,
1783109500,2026-07-03T13:11:40-07:00,29,
1783109560,2026-07-03T13:12:40-07:00,273,
1783109620,2026-07-03T13:13:40-07:00,79,
1783109680,2026-07-03T13:14:40-07:00,158,
1783109740,2026-07-03T13:15:40-07:00,161,
1783109800,2026-07-03T13:16:40-07:00,41,
1783109860,2026-07-03T13:17:40-07:00,137,
1783109920,2026-07-03T13:18:40-07:00,36,
1783109980,2026-07-03T13:19:40-07:00,61,
1783110040,2026-07-03T13:20:40-07:00,105,
1783110100,2026-07-03T13:21:40-07:00,21,
1783110160,2026-07-03T13:22:40-07:00,58,
1783110220,2026-07-03T13:23:40-07:00,73,
1783110280,2026-07-03T13:24:40-07:00,166,
1783110340,2026-07-03T13:25:40-07:00,82,
1783110400,2026-07-03T13:26:40-07:00,175,
1783110460,2026-07-03T13:27:40-07:00,77,
1783110520,2026-07-03T13:28:40-07:00,195,
1783110580,2026-07-03T13:29:40-07:00,129,
1783110640,2026-07-03T13:30:40-07:00,49,
1783110700,2026-07-03T13:31:40-07:00,97,
1783110760,2026-07-03T13:32:40-07:00,97,
1783110820,2026-07-03T13:33:40-07:00,97,
1783110880,2026-07-03T13:34:40-07:00,97,
1783110940,2026-07-03T13:35:40-07:00,97,
1783114720,2026-07-03T14:38:40-07:00,,126
1783114780,2026-07-03T14:39:40-07:00,,126
1783114840,2026-07-03T14:40:40-07:00,,126
1783114900,2026-07-03T14:41:40-07:00,,130
1783114960,2026-07-03T14:42:40-07:00,,39
1783115020,2026-07-03T14:43:40-07:00,,94
1783115080,2026-07-03T14:44:40-07:00,,94
1783115140,2026-07-03T14:45:40-07:00,,103
1783115200,2026-07-03T14:46:40-07:00,,59
1783115260,2026-07-03T14:47:40-07:00,,43
1783115320,2026-07-03T14:48:40-07:00,,67
1783115380,2026-07-03T14:49:40-07:00,,51
1783115440,2026-07-03T14:50:40-07:00,,167
1783115500,2026-07-03T14:51:40-07:00,,91
1783115560,2026-07-03T14:52:40-07:00,,235
1783115620,2026-07-03T14:53:40-07:00,,39
1783115680,2026-07-03T14:54:40-07:00,,99
1783115740,2026-07-03T14:55:40-07:00,,68
1783115800,2026-07-03T14:56:40-07:00,,78
1783115860,2026-07-03T14:57:40-07:00,,39
1783115920,2026-07-03T14:58:40-07:00,,44
1783115980,2026-07-03T14:59:40-07:00,,124
1783116040,2026-07-03T15:00:40-07:00,,111
1783116100,2026-07-03T15:01:40-07:00,,111
1783116160,2026-07-03T15:02:40-07:00,,108
1783116220,2026-07-03T15:03:40-07:00,,115
1783116280,2026-07-03T15:04:40-07:00,,156
1783116340,2026-07-03T15:05:40-07:00,,95
1783116400,2026-07-03T15:06:40-07:00,,155
1783116460,2026-07-03T15:07:40-07:00,,93
1783116520,2026-07-03T15:08:40-07:00,,166
1783116580,2026-07-03T15:09:40-07:00,,103
1783116640,2026-07-03T15:10:40-07:00,,45
1783116700,2026-07-03T15:11:40-07:00,,72
1783116760,2026-07-03T15:12:40-07:00,,100
1783116820,2026-07-03T15:13:40-07:00,,47
1783116880,2026-07-03T15:14:40-07:00,,112
1783116940,2026-07-03T15:15:40-07:00,,125
1783117000,2026-07-03T15:16:40-07:00,,37
1783117060,2026-07-03T15:17:40-07:00,,62
1783117120,2026-07-03T15:18:40-07:00,,98
1783117180,2026-07-03T15:19:40-07:00,,66
1783117240,2026-07-03T15:20:40-07:00,,58
1783117300,2026-07-03T15:21:40-07:00,,58
1783117360,2026-07-03T15:22:40-07:00,,109
1783117420,2026-07-03T15:23:40-07:00,,99
1783117480,2026-07-03T15:24:40-07:00,,96
1783117540,2026-07-03T15:25:40-07:00,,76
1783117600,2026-07-03T15:26:40-07:00,,51
1783117660,2026-07-03T15:27:40-07:00,,57
1783117720,2026-07-03T15:28:40-07:00,,66
1783117780,2026-07-03T15:29:40-07:00,,21
1783117840,2026-07-03T15:30:40-07:00,,63
1783117900,2026-07-03T15:31:40-07:00,,70
1783117960,2026-07-03T15:32:40-07:00,,148
1783118020,2026-07-03T15:33:40-07:00,,122
1783118080,2026-07-03T15:34:40-07:00,,91
1783118140,2026-07-03T15:35:40-07:00,,145
1783118200,2026-07-03T15:36:40-07:00,,162
1783118260,2026-07-03T15:37:40-07:00,,162
1783118320,2026-07-03T15:38:40-07:00,,129
1783118380,2026-07-03T15:39:40-07:00,,138
1783118440,2026-07-03T15:40:40-07:00,,66
1783118500,2026-07-03T15:41:40-07:00,,135
1783118560,2026-07-03T15:42:40-07:00,,120
1783118620,2026-07-03T15:43:40-07:00,,263
1783118680,2026-07-03T15:44:40-07:00,,126
1783118740,2026-07-03T15:45:40-07:00,,94
1783118800,2026-07-03T15:46:40-07:00,,112
1783118860,2026-07-03T15:47:40-07:00,,113
1783118920,2026-07-03T15:48:40-07:00,,121
1783118980,2026-07-03T15:49:40-07:00,,116
1783119040,2026-07-03T15:50:40-07:00,,84
1783119100,2026-07-03T15:51:40-07:00,,117
1783119160,2026-07-03T15:52:40-07:00,,30
1783119220,2026-07-03T15:53:40-07:00,,102
1783119280,2026-07-03T15:54:40-07:00,,102
1783119340,2026-07-03T15:55:40-07:00,,87
1783119400,2026-07-03T15:56:40-07:00,,79
1783119460,2026-07-03T15:57:40-07:00,,119
1783119520,2026-07-03T15:58:40-07:00,,80
1783119580,2026-07-03T15:59:40-07:00,,90
1783119640,2026-07-03T16:00:40-07:00,,77
1783119700,2026-07-03T16:01:40-07:00,,81
1783119760,2026-07-03T16:02:40-07:00,,118
1783119820,2026-07-03T16:03:40-07:00,,94
1783119880,2026-07-03T16:04:40-07:00,,137
1783119940,2026-07-03T16:05:40-07:00,,134
1783120000,2026-07-03T16:06:40-07:00,,183
1783120060,2026-07-03T16:07:40-07:00,,183
1783120120,2026-07-03T16:08:40-07:00,,38
1783120180,2026-07-03T16:09:40-07:00,,84
1783120240,2026-07-03T16:10:40-07:00,,58
1783120300,2026-07-03T16:11:40-07:00,,87
1783120360,2026-07-03T16:12:40-07:00,,77
1783120420,2026-07-03T16:13:40-07:00,,104
1783120480,2026-07-03T16:14:40-07:00,,85
1783120540,2026-07-03T16:15:40-07:00,,93
1783120600,2026-07-03T16:16:40-07:00,,38
1783120660,2026-07-03T16:17:40-07:00,,104
1783120720,2026-07-03T16:18:40-07:00,,257
1783120780,2026-07-03T16:19:40-07:00,,88
1783120840,2026-07-03T16:20:40-07:00,,85
1783120900,2026-07-03T16:21:40-07:00,,93
1783120960,2026-07-03T16:22:40-07:00,,93
1783121020,2026-07-03T16:23:40-07:00,,100
1783121080,2026-07-03T16:24:40-07:00,,122
1783121140,2026-07-03T16:25:40-07:00,,78
1783121200,2026-07-03T16:26:40-07:00,,91
1783121260,2026-07-03T16:27:40-07:00,,165
1783121320,2026-07-03T16:28:40-07:00,,89
1783121380,2026-07-03T16:29:40-07:00,,80
1783121440,2026-07-03T16:30:40-07:00,,73
1783121500,2026-07-03T16:31:40-07:00,,120
1783121560,2026-07-03T16:32:40-07:00,,107
1783121620,2026-07-03T16:33:40-07:00,,63
1783121680,2026-07-03T16:34:40-07:00,,129
1783121740,2026-07-03T16:35:40-07:00,,112
1783121800,2026-07-03T16:36:40-07:00,,71
1783121860,2026-07-03T16:37:40-07:00,,134
1783121920,2026-07-03T16:38:40-07:00,,134
1783121980,2026-07-03T16:39:40-07:00,,44
1783122040,2026-07-03T16:40:40-07:00,,72
1783122100,2026-07-03T16:41:40-07:00,,73
1783122160,2026-07-03T16:42:40-07:00,,98
1783122220,2026-07-03T16:43:40-07:00,,89
1783122280,2026-07-03T16:44:40-07:00,,106
1783122340,2026-07-03T16:45:40-07:00,,163
1783122400,2026-07-03T16:46:40-07:00,,78
1783122460,2026-07-03T16:47:40-07:00,,37
1783122520,2026-07-03T16:48:40-07:00,,127
1783122580,2026-07-03T16:49:40-07:00,,145
1783122640,2026-07-03T16:50:40-07:00,,145
1783122700,2026-07-03T16:51:40-07:00,,112
1783122760,2026-07-03T16:52:40-07:00,,146
1783122820,2026-07-03T16:53:40-07:00,,73
1783122880,2026-07-03T16:54:40-07:00,,204
1783122940,2026-07-03T16:55:40-07:00,,80
1783123000,2026-07-03T16:56:40-07:00,,101
1783123060,2026-07-03T16:57:40-07:00,,114
1783123120,2026-07-03T16:58:40-07:00,,55
1783123180,2026-07-03T16:59:40-07:00,,71
1783123240,2026-07-03T17:00:40-07:00,,147
1783123300,2026-07-03T17:01:40-07:00,,127
1783123360,2026-07-03T17:02:40-07:00,,79
1783123420,2026-07-03T17:03:40-07:00,,79
1783123480,2026-07-03T17:04:40-07:00,,59
1783123540,2026-07-03T17:05:40-07:00,,81
1783123600,2026-07-03T17:06:40-07:00,,135
1783123660,2026-07-03T17:07:40-07:00,,111
1783123720,2026-07-03T17:08:40-07:00,,154
1783123780,2026-07-03T17:09:40-07:00,,72
1783123840,2026-07-03T17:10:40-07:00,,168
1783123900,2026-07-03T17:11:40-07:00,,150
1783123960,2026-07-03T17:12:40-07:00,,72
1783124020,2026-07-03T17:13:40-07:00,,131
1783124080,2026-07-03T17:14:40-07:00,,66
1783124140,2026-07-03T17:15:40-07:00,,108
1783124200,2026-07-03T17:16:40-07:00,,130
1783124260,2026-07-03T17:17:40-07:00,,133
1783124320,2026-07-03T17:18:40-07:00,,133
1783124380,2026-07-03T17:19:40-07:00,,91
1783124440,2026-07-03T17:20:40-07:00,,62
1783124500,2026-07-03T17:21:40-07:00,,123
1783124560,2026-07-03T17:22:40-07:00,,83
1783124620,2026-07-03T17:23:40-07:00,,127
1783124680,2026-07-03T17:24:40-07:00,,86
1783124740,2026-07-03T17:25:40-07:00,,58
1783124800,2026-07-03T17:26:40-07:00,,102
1783124860,2026-07-03T17:27:40-07:00,,115
1783124920,2026-07-03T17:28:40-07:00,,121
1783124980,2026-07-03T17:29:40-07:00,,86
1783125040,2026-07-03T17:30:40-07:00,,86
1783125100,2026-07-03T17:31:40-07:00,,83
1783125160,2026-07-03T17:32:40-07:00,,154
1783125220,2026-07-03T17:33:40-07:00,,135
1783125280,2026-07-03T17:34:40-07:00,,84
1783125340,2026-07-03T17:35:40-07:00,,59
1783125400,2026-07-03T17:36:40-07:00,,39
1783125460,2026-07-03T17:37:40-07:00,,99
1783125520,2026-07-03T17:38:40-07:00,,11
1783125580,2026-07-03T17:39:40-07:00,,88
1783125640,2026-07-03T17:40:40-07:00,,98
1783125700,2026-07-03T17:41:40-07:00,,49
1783125760,2026-07-03T17:42:40-07:00,,49
1783125820,2026-07-03T17:43:40-07:00,,16
1783125880,2026-07-03T17:44:40-07:00,,23
1783125940,2026-07-03T17:45:40-07:00,,115
1783126000,2026-07-03T17:46:40-07:00,,66
1783126060,2026-07-03T17:47:40-07:00,,93
1783126120,2026-07-03T17:48:40-07:00,,96
1783126180,2026-07-03T17:49:40-07:00,,78
1783126240,2026-07-03T17:50:40-07:00,,56
1783126300,2026-07-03T17:51:40-07:00,,90
1783126360,2026-07-03T17:52:40-07:00,,101
1783126420,2026-07-03T17:53:40-07:00,,141
1783126480,2026-07-03T17:54:40-07:00,,141
1783126540,2026-07-03T17:55:40-07:00,,127
1783126600,2026-07-03T17:56:40-07:00,,83
1783126660,2026-07-03T17:57:40-07:00,,57
1783126720,2026-07-03T17:58:40-07:00,,121
1783126780,2026-07-03T17:59:40-07:00,,41
1783126840,2026-07-03T18:00:40-07:00,,39
1783126900,2026-07-03T18:01:40-07:00,,115
1783126960,2026-07-03T18:02:40-07:00,,87
1783127020,2026-07-03T18:03:40-07:00,,106
1783127080,2026-07-03T18:04:40-07:00,,106
1783127140,2026-07-03T18:05:40-07:00,,54
1783127200,2026-07-03T18:06:40-07:00,,25
1783127260,2026-07-03T18:07:40-07:00,,25
1783127320,2026-07-03T18:08:40-07:00,,25
1783127380,2026-07-03T18:09:40-07:00,,59
1783127440,2026-07-03T18:10:40-07:00,,22
1783127500,2026-07-03T18:11:40-07:00,,22
1783127560,2026-07-03T18:12:40-07:00,,22
1783127620,2026-07-03T18:13:40-07:00,,23
1783127680,2026-07-03T18:14:40-07:00,,59
1783127740,2026-07-03T18:15:40-07:00,,59
1783127800,2026-07-03T18:16:40-07:00,,166
1783127860,2026-07-03T18:17:40-07:00,,135
1783127920,2026-07-03T18:18:40-07:00,,135
1783127980,2026-07-03T18:19:40-07:00,,135
1783128040,2026-07-03T18:20:40-07:00,,135
1783128100,2026-07-03T18:21:40-07:00,,43
1783128160,2026-07-03T18:22:40-07:00,,67
1783128220,2026-07-03T18:23:40-07:00,,67
1783128280,2026-07-03T18:24:40-07:00,,61
1783128340,2026-07-03T18:25:40-07:00,,61
1783128400,2026-07-03T18:26:40-07:00,,61
1783128460,2026-07-03T18:27:40-07:00,,43
1783128520,2026-07-03T18:28:40-07:00,,126
1783128580,2026-07-03T18:29:40-07:00,,75
1783128640,2026-07-03T18:30:40-07:00,,75
1783128700,2026-07-03T18:31:40-07:00,,75
1783128760,2026-07-03T18:32:40-07:00,,114
1783128820,2026-07-03T18:33:40-07:00,,69
1783128880,2026-07-03T18:34:40-07:00,,98
1783128940,2026-07-03T18:35:40-07:00,,69
1783129000,2026-07-03T18:36:40-07:00,,140
1783129060,2026-07-03T18:37:40-07:00,,94
1783129120,2026-07-03T18:38:40-07:00,,94
1783129180,2026-07-03T18:39:40-07:00,,135
1783129240,2026-07-03T18:40:40-07:00,,116
1783129300,2026-07-03T18:41:40-07:00,,114
1783129360,2026-07-03T18:42:40-07:00,,64
1783129420,2026-07-03T18:43:40-07:00,,152
1783129480,2026-07-03T18:44:40-07:00,,76
1783129540,2026-07-03T18:45:40-07:00,,41
1783129600,2026-07-03T18:46:40-07:00,,41
1783129660,2026-07-03T18:47:40-07:00,,41
1783129720,2026-07-03T18:48:40-07:00,,59
1783129780,2026-07-03T18:49:40-07:00,,59
1783129840,2026-07-03T18:50:40-07:00,,31
1783129900,2026-07-03T18:51:40-07:00,,128
1783129960,2026-07-03T18:52:40-07:00,,128
1783130020,2026-07-03T18:53:40-07:00,,102
1783130080,2026-07-03T18:54:40-07:00,,102
1783130140,2026-07-03T18:55:40-07:00,,91
1783130200,2026-07-03T18:56:40-07:00,,86
1783130260,2026-07-03T18:57:40-07:00,,81
1783130320,2026-07-03T18:58:40-07:00,,109
1783130380,2026-07-03T18:59:40-07:00,,124
1783130440,2026-07-03T19:00:40-07:00,,86
1783130500,2026-07-03T19:01:40-07:00,,86
1783130560,2026-07-03T19:02:40-07:00,,112
1783130620,2026-07-03T19:03:40-07:00,,112
1783130680,2026-07-03T19:04:40-07:00,,128
1783130740,2026-07-03T19:05:40-07:00,,106
1783130800,2026-07-03T19:06:40-07:00,,106
1783130860,2026-07-03T19:07:40-07:00,,106
1783130920,2026-07-03T19:08:40-07:00,,170
1783130980,2026-07-03T19:09:40-07:00,,170
1783131040,2026-07-03T19:10:40-07:00,,67
1783131100,2026-07-03T19:11:40-07:00,,41
1783131160,2026-07-03T19:12:40-07:00,,94
1783131220,2026-07-03T19:13:40-07:00,,87
1783131280,2026-07-03T19:14:40-07:00,,87
1783131340,2026-07-03T19:15:40-07:00,,87
1783131400,2026-07-03T19:16:40-07:00,,82
1783131460,2026-07-03T19:17:40-07:00,,65
1783131520,2026-07-03T19:18:40-07:00,,65
1783131580,2026-07-03T19:19:40-07:00,,65
1783131640,2026-07-03T19:20:40-07:00,,67
1783131700,2026-07-03T19:21:40-07:00,,66
1783131760,2026-07-03T19:22:40-07:00,,18
1783131820,2026-07-03T19:23:40-07:00,,18
1783131880,2026-07-03T19:24:40-07:00,,111
1783131940,2026-07-03T19:25:40-07:00,,111
1783132000,2026-07-03T19:26:40-07:00,,111
1783132060,2026-07-03T19:27:40-07:00,,54
1783132120,2026-07-03T19:28:40-07:00,,8
1783132180,2026-07-03T19:29:40-07:00,,8
1783132240,2026-07-03T19:30:40-07:00,,8
1783132300,2026-07-03T19:31:40-07:00,,0
1783132360,2026-07-03T19:32:40-07:00,,0
1783132420,2026-07-03T19:33:40-07:00,,66
1783132480,2026-07-03T19:34:40-07:00,,70
1783132540,2026-07-03T19:35:40-07:00,,111
1783132600,2026-07-03T19:36:40-07:00,,147
1783132660,2026-07-03T19:37:40-07:00,,147
1783132720,2026-07-03T19:38:40-07:00,,22
1783132780,2026-07-03T19:39:40-07:00,,23
1783132840,2026-07-03T19:40:40-07:00,,28
1783132900,2026-07-03T19:41:40-07:00,,43
1783132960,2026-07-03T19:42:40-07:00,,26
1783133020,2026-07-03T19:43:40-07:00,,55
1783133080,2026-07-03T19:44:40-07:00,,121
1783133140,2026-07-03T19:45:40-07:00,,64
1783133200,2026-07-03T19:46:40-07:00,,134
1783133260,2026-07-03T19:47:40-07:00,,134
1783133320,2026-07-03T19:48:40-07:00,,134
1783133380,2026-07-03T19:49:40-07:00,,61
1783133440,2026-07-03T19:50:40-07:00,,63
1783133500,2026-07-03T19:51:40-07:00,,120
1783133560,2026-07-03T19:52:40-07:00,,102
1783133620,2026-07-03T19:53:40-07:00,,34
1783133680,2026-07-03T19:54:40-07:00,,51
1783133740,2026-07-03T19:55:40-07:00,,51
1783133800,2026-07-03T19:56:40-07:00,,51
1783133860,2026-07-03T19:57:40-07:00,,73
1783133920,2026-07-03T19:58:40-07:00,,38
1783133980,2026-07-03T19:59:40-07:00,,14
1783134040,2026-07-03T20:00:40-07:00,,52
1783134100,2026-07-03T20:01:40-07:00,,27
1783134160,2026-07-03T20:02:40-07:00,,27
1783134220,2026-07-03T20:03:40-07:00,,29
1783134280,2026-07-03T20:04:40-07:00,,19
1783134340,2026-07-03T20:05:40-07:00,,88
1783134400,2026-07-03T20:06:40-07:00,,26
1783134460,2026-07-03T20:07:40-07:00,,63
1783134520,2026-07-03T20:08:40-07:00,,45
1783134580,2026-07-03T20:09:40-07:00,,48
1783134640,2026-07-03T20:10:40-07:00,,81
1783134700,2026-07-03T20:11:40-07:00,,81
1783134760,2026-07-03T20:12:40-07:00,,57
1783134820,2026-07-03T20:13:40-07:00,,57
1783134880,2026-07-03T20:14:40-07:00,,60
1783134940,2026-07-03T20:15:40-07:00,,75
1783135000,2026-07-03T20:16:40-07:00,,30
1783135060,2026-07-03T20:17:40-07:00,,53
1783135120,2026-07-03T20:18:40-07:00,,87
1783135180,2026-07-03T20:19:40-07:00,,124
1783135240,2026-07-03T20:20:40-07:00,,164
1783135300,2026-07-03T20:21:40-07:00,,97
1783135360,2026-07-03T20:22:40-07:00,,126
1783135420,2026-07-03T20:23:40-07:00,,85
1783135480,2026-07-03T20:24:40-07:00,,96
1783135540,2026-07-03T20:25:40-07:00,,20
1783135600,2026-07-03T20:26:40-07:00,,75
1783135660,2026-07-03T20:27:40-07:00,,60
1783135720,2026-07-03T20:28:40-07:00,,98
1783135780,2026-07-03T20:29:40-07:00,,98
1783135840,2026-07-03T20:30:40-07:00,,81
1783135900,2026-07-03T20:31:40-07:00,,72
1783135960,2026-07-03T20:32:40-07:00,,80
1783136020,2026-07-03T20:33:40-07:00,,56
1783136080,2026-07-03T20:34:40-07:00,,54
1783136140,2026-07-03T20:35:40-07:00,,102
1783136200,2026-07-03T20:36:40-07:00,,51
1783136260,2026-07-03T20:37:40-07:00,,31
1783136320,2026-07-03T20:38:40-07:00,,14
1783136380,2026-07-03T20:39:40-07:00,,60
1783136440,2026-07-03T20:40:40-07:00,,22
1783136500,2026-07-03T20:41:40-07:00,,22
1783136560,2026-07-03T20:42:40-07:00,,22
1783136620,2026-07-03T20:43:40-07:00,,27
1783136680,2026-07-03T20:44:40-07:00,,30
1783136740,2026-07-03T20:45:40-07:00,,52
1783136800,2026-07-03T20:46:40-07:00,,11
1783136860,2026-07-03T20:47:40-07:00,,110
1783136920,2026-07-03T20:48:40-07:00,,40
1783136980,2026-07-03T20:49:40-07:00,,29
1783137040,2026-07-03T20:50:40-07:00,,17
1783137100,2026-07-03T20:51:40-07:00,,25
1783137160,2026-07-03T20:52:40-07:00,,25
1783137220,2026-07-03T20:53:40-07:00,,30
1783137280,2026-07-03T20:54:40-07:00,,12
1783137340,2026-07-03T20:55:40-07:00,,27
1783137400,2026-07-03T20:56:40-07:00,,30
1783137460,2026-07-03T20:57:40-07:00,,25
1783137520,2026-07-03T20:58:40-07:00,,41
1783137580,2026-07-03T20:59:40-07:00,,22
1783137640,2026-07-03T21:00:40-07:00,,29
1783137700,2026-07-03T21:01:40-07:00,,29
1783137760,2026-07-03T21:02:40-07:00,,38
1783137820,2026-07-03T21:03:40-07:00,,43
1783137880,2026-07-03T21:04:40-07:00,,43
1783137940,2026-07-03T21:05:40-07:00,,44
1783138000,2026-07-03T21:06:40-07:00,,22
1783138060,2026-07-03T21:07:40-07:00,,28
1783138120,2026-07-03T21:08:40-07:00,,11
1783138180,2026-07-03T21:09:40-07:00,,11
1783138240,2026-07-03T21:10:40-07:00,,26
1783138300,2026-07-03T21:11:40-07:00,,22
1783138360,2026-07-03T21:12:40-07:00,,17
1783138420,2026-07-03T21:13:40-07:00,,48
1783138480,2026-07-03T21:14:40-07:00,,18
1783138540,2026-07-03T21:15:40-07:00,,42
1783138600,2026-07-03T21:16:40-07:00,,16
1783138660,2026-07-03T21:17:40-07:00,,40
1783138720,2026-07-03T21:18:40-07:00,,29
1783138780,2026-07-03T21:19:40-07:00,,82
1783138840,2026-07-03T21:20:40-07:00,,82
1783138900,2026-07-03T21:21:40-07:00,,20
1783138960,2026-07-03T21:22:40-07:00,,31
1783139020,2026-07-03T21:23:40-07:00,,40
1783139080,2026-07-03T21:24:40-07:00,,22
1783139140,2026-07-03T21:25:40-07:00,,28
1783139200,2026-07-03T21:26:40-07:00,,24
1783139260,2026-07-03T21:27:40-07:00,,37
1783139320,2026-07-03T21:28:40-07:00,,25
1783139380,2026-07-03T21:29:40-07:00,,30
1783139440,2026-07-03T21:30:40-07:00,,65
1783139500,2026-07-03T21:31:40-07:00,,16
1783139560,2026-07-03T21:32:40-07:00,,44
1783139620,2026-07-03T21:33:40-07:00,,44
1783139680,2026-07-03T21:34:40-07:00,,10
1783139740,2026-07-03T21:35:40-07:00,,10
1783139800,2026-07-03T21:36:40-07:00,,16
1783139860,2026-07-03T21:37:40-07:00,,30
1783139920,2026-07-03T21:38:40-07:00,,24
1783139980,2026-07-03T21:39:40-07:00,,43
1783140040,2026-07-03T21:40:40-07:00,,35
1783140100,2026-07-03T21:41:40-07:00,,47
1783140160,2026-07-03T21:42:40-07:00,,32
1783140220,2026-07-03T21:43:40-07:00,,32
1783140280,2026-07-03T21:44:40-07:00,,85
1783140340,2026-07-03T21:45:40-07:00,,34
1783140400,2026-07-03T21:46:40-07:00,,34
1783140460,2026-07-03T21:47:40-07:00,,78
1783140520,2026-07-03T21:48:40-07:00,,40
1783140580,2026-07-03T21:49:40-07:00,,76
1783140640,2026-07-03T21:50:40-07:00,,76
1783140700,2026-07-03T21:51:40-07:00,,76
1783140760,2026-07-03T21:52:40-07:00,,76
1783140820,2026-07-03T21:53:40-07:00,,0
1783140880,2026-07-03T21:54:40-07:00,,0
1783140940,2026-07-03T21:55:40-07:00,,70
1783141000,2026-07-03T21:56:40-07:00,,70
1783141060,2026-07-03T21:57:40-07:00,,70
1783141120,2026-07-03T21:58:40-07:00,,70
1783141180,2026-07-03T21:59:40-07:00,,110
1783141240,2026-07-03T22:00:40-07:00,,110
1783141300,2026-07-03T22:01:40-07:00,,54
1783141360,2026-07-03T22:02:40-07:00,,54
1783141420,2026-07-03T22:03:40-07:00,,124
1783141480,2026-07-03T22:04:40-07:00,,136
1783141540,2026-07-03T22:05:40-07:00,,34
1783141600,2026-07-03T22:06:40-07:00,,119
1783141660,2026-07-03T22:07:40-07:00,,115
1783141720,2026-07-03T22:08:40-07:00,,133
1783141780,2026-07-03T22:09:40-07:00,,143
1783141840,2026-07-03T22:10:40-07:00,,56
1783141900,2026-07-03T22:11:40-07:00,,142
1783141960,2026-07-03T22:12:40-07:00,,142
1783142020,2026-07-03T22:13:40-07:00,,133
1783142080,2026-07-03T22:14:40-07:00,,87
1783142140,2026-07-03T22:15:40-07:00,,145
1783142200,2026-07-03T22:16:40-07:00,,14
1783142260,2026-07-03T22:17:40-07:00,,68
1783142320,2026-07-03T22:18:40-07:00,,74
1783142380,2026-07-03T22:19:40-07:00,,61
1783142440,2026-07-03T22:20:40-07:00,,36
1783142500,2026-07-03T22:21:40-07:00,,158
1783142560,2026-07-03T22:22:40-07:00,,158
1783142620,2026-07-03T22:23:40-07:00,,54
1783142680,2026-07-03T22:24:40-07:00,,66
1783142740,2026-07-03T22:25:40-07:00,,42
1783142800,2026-07-03T22:26:40-07:00,,92
1783142860,2026-07-03T22:27:40-07:00,,42
1783142920,2026-07-03T22:28:40-07:00,,186
1783142980,2026-07-03T22:29:40-07:00,,103
1783143040,2026-07-03T22:30:40-07:00,,65
1783143100,2026-07-03T22:31:40-07:00,,130
1783143160,2026-07-03T22:32:40-07:00,,154
1783143220,2026-07-03T22:33:40-07:00,,192
1783143280,2026-07-03T22:34:40-07:00,,192
1783143340,2026-07-03T22:35:40-07:00,,146
1783143400,2026-07-03T22:36:40-07:00,,81
1783143460,2026-07-03T22:37:40-07:00,,50
1783143520,2026-07-03T22:38:40-07:00,,88
1783143580,2026-07-03T22:39:40-07:00,,67
1783143640,2026-07-03T22:40:40-07:00,,42
1783143700,2026-07-03T22:41:40-07:00,,111
1783143760,2026-07-03T22:42:40-07:00,,94
1783143820,2026-07-03T22:43:40-07:00,,46
1783143880,2026-07-03T22:44:40-07:00,,97
1783143940,2026-07-03T22:45:40-07:00,,97
1783144000,2026-07-03T22:46:40-07:00,,65
1783144060,2026-07-03T22:47:40-07:00,,37
1783144120,2026-07-03T22:48:40-07:00,,32
1783144180,2026-07-03T22:49:40-07:00,,52
1783144240,2026-07-03T22:50:40-07:00,,13
1783144300,2026-07-03T22:51:40-07:00,,63
1783144360,2026-07-03T22:52:40-07:00,,78
1783144420,2026-07-03T22:53:40-07:00,,56
1783144480,2026-07-03T22:54:40-07:00,,49
1783144540,2026-07-03T22:55:40-07:00,,22
1783144600,2026-07-03T22:56:40-07:00,,50
1783144660,2026-07-03T22:57:40-07:00,,64
1783144720,2026-07-03T22:58:40-07:00,,64
1783144780,2026-07-03T22:59:40-07:00,,27
1783144840,2026-07-03T23:00:40-07:00,,70
1783144900,2026-07-03T23:01:40-07:00,,72
1783144960,2026-07-03T23:02:40-07:00,,65
1783145020,2026-07-03T23:03:40-07:00,,33
1783145080,2026-07-03T23:04:40-07:00,,70
1783145140,2026-07-03T23:05:40-07:00,,48
1783145200,2026-07-03T23:06:40-07:00,,34
1783145260,2026-07-03T23:07:40-07:00,,54
1783145320,2026-07-03T23:08:40-07:00,,48
1783145380,2026-07-03T23:09:40-07:00,,57
1783145440,2026-07-03T23:10:40-07:00,,82
1783145500,2026-07-03T23:11:40-07:00,,81
1783145560,2026-07-03T23:12:40-07:00,,84
1783145620,2026-07-03T23:13:40-07:00,,25
1783145680,2026-07-03T23:14:40-07:00,,44
1783145740,2026-07-03T23:15:40-07:00,,74
1783145800,2026-07-03T23:16:40-07:00,,29
1783145860,2026-07-03T23:17:40-07:00,,29
1783145920,2026-07-03T23:18:40-07:00,,70
1783145980,2026-07-03T23:19:40-07:00,,96
1783146040,2026-07-03T23:20:40-07:00,,87
1783146100,2026-07-03T23:21:40-07:00,,72
1783146160,2026-07-03T23:22:40-07:00,,79
1783146220,2026-07-03T23:23:40-07:00,,33
1783146280,2026-07-03T23:24:40-07:00,,110
1783146340,2026-07-03T23:25:40-07:00,,65
1783146400,2026-07-03T23:26:40-07:00,,27
1783146460,2026-07-03T23:27:40-07:00,,84
1783146520,2026-07-03T23:28:40-07:00,,30
1783146580,2026-07-03T23:29:40-07:00,,96
1783146640,2026-07-03T23:30:40-07:00,,62
1783146700,2026-07-03T23:31:40-07:00,,27
1783146760,2026-07-03T23:32:40-07:00,,89
1783146820,2026-07-03T23:33:40-07:00,,60
1783146880,2026-07-03T23:34:40-07:00,,36
1783146940,2026-07-03T23:35:40-07:00,,103
1783147000,2026-07-03T23:36:40-07:00,,81
1783147060,2026-07-03T23:37:40-07:00,,95
1783147120,2026-07-03T23:38:40-07:00,,48
1783147180,2026-07-03T23:39:40-07:00,,80
1783147240,2026-07-03T23:40:40-07:00,,75
1783147300,2026-07-03T23:41:40-07:00,,75
1783147360,2026-07-03T23:42:40-07:00,,63
1783147420,2026-07-03T23:43:40-07:00,,68
1783147480,2026-07-03T23:44:40-07:00,,20
1783147540,2026-07-03T23:45:40-07:00,,46
1783147600,2026-07-03T23:46:40-07:00,,119
1783147660,2026-07-03T23:47:40-07:00,,98
1783147720,2026-07-03T23:48:40-07:00,,90
1783147780,2026-07-03T23:49:40-07:00,,53
1783147840,2026-07-03T23:50:40-07:00,,118
1783147900,2026-07-03T23:51:40-07:00,,21
1783147960,2026-07-03T23:52:40-07:00,,40
1783148020,2026-07-03T23:53:40-07:00,,38
1783148080,2026-07-03T23:54:40-07:00,,16
1783148140,2026-07-03T23:55:40-07:00,,65
1783148200,2026-07-03T23:56:40-07:00,,87
1783148260,2026-07-03T23:57:40-07:00,,99
1783148320,2026-07-03T23:58:40-07:00,,48
1783148380,2026-07-03T23:59:40-07:00,,71
1783148440,2026-07-04T00:00:40-07:00,,57
1783148500,2026-07-04T00:01:40-07:00,,39
1783148560,2026-07-04T00:02:40-07:00,,55
1783148620,2026-07-04T00:03:40-07:00,,120
1783148680,2026-07-04T00:04:40-07:00,,68
1783148740,2026-07-04T00:05:40-07:00,,65
1783148800,2026-07-04T00:06:40-07:00,,72
1783148860,2026-07-04T00:07:40-07:00,,93
1783148920,2026-07-04T00:08:40-07:00,,90
1783148980,2026-07-04T00:09:40-07:00,,53
1783149040,2026-07-04T00:10:40-07:00,,105
1783149100,2026-07-04T00:11:40-07:00,,55
1783149160,2026-07-04T00:12:40-07:00,,55
1783149220,2026-07-04T00:13:40-07:00,,77
1783149280,2026-07-04T00:14:40-07:00,,77
1783149340,2026-07-04T00:15:40-07:00,,28
1783149400,2026-07-04T00:16:40-07:00,,28
1783149460,2026-07-04T00:17:40-07:00,,28
1783149520,2026-07-04T00:18:40-07:00,,52
1783149580,2026-07-04T00:19:40-07:00,,143
1783149640,2026-07-04T00:20:40-07:00,,55
1783149700,2026-07-04T00:21:40-07:00,,61
1783149760,2026-07-04T00:22:40-07:00,,61
1783149820,2026-07-04T00:23:40-07:00,,61
1783149880,2026-07-04T00:24:40-07:00,,35
1783149940,2026-07-04T00:25:40-07:00,,35
1783150000,2026-07-04T00:26:40-07:00,,57
1783150060,2026-07-04T00:27:40-07:00,,53
1783150120,2026-07-04T00:28:40-07:00,,53
1783150180,2026-07-04T00:29:40-07:00,,53
1783150240,2026-07-04T00:30:40-07:00,,91
1783150300,2026-07-04T00:31:40-07:00,,91
1783150360,2026-07-04T00:32:40-07:00,,139
1783150420,2026-07-04T00:33:40-07:00,,139
1783150480,2026-07-04T00:34:40-07:00,,139
1783150540,2026-07-04T00:35:40-07:00,,53
1783150600,2026-07-04T00:36:40-07:00,,53
1783150660,2026-07-04T00:37:40-07:00,,54
1783150720,2026-07-04T00:38:40-07:00,,54
1783150780,2026-07-04T00:39:40-07:00,,54
1783150840,2026-07-04T00:40:40-07:00,,54
1783150900,2026-07-04T00:41:40-07:00,,70
1783150960,2026-07-04T00:42:40-07:00,,57
1783151020,2026-07-04T00:43:40-07:00,,57
1783151080,2026-07-04T00:44:40-07:00,,76
1783151140,2026-07-04T00:45:40-07:00,,76
1783151200,2026-07-04T00:46:40-07:00,,86
1783151260,2026-07-04T00:47:40-07:00,,86
1783151320,2026-07-04T00:48:40-07:00,,55
1783151380,2026-07-04T00:49:40-07:00,,45
1783151440,2026-07-04T00:50:40-07:00,,45
1783151500,2026-07-04T00:51:40-07:00,,85
1783151560,2026-07-04T00:52:40-07:00,,61
1783151620,2026-07-04T00:53:40-07:00,,47
1783151680,2026-07-04T00:54:40-07:00,,76
1783151740,2026-07-04T00:55:40-07:00,,69
1783151800,2026-07-04T00:56:40-07:00,,51
1783151860,2026-07-04T00:57:40-07:00,,69
1783151920,2026-07-04T00:58:40-07:00,,57
1783151980,2026-07-04T00:59:40-07:00,,62
1783152040,2026-07-04T01:00:40-07:00,,115
1783152100,2026-07-04T01:01:40-07:00,,47
1783152160,2026-07-04T01:02:40-07:00,,53
1783152220,2026-07-04T01:03:40-07:00,,27
1783152280,2026-07-04T01:04:40-07:00,,14
1783152340,2026-07-04T01:05:40-07:00,,35
1783152400,2026-07-04T01:06:40-07:00,,43
1783152460,2026-07-04T01:07:40-07:00,,94
1783152520,2026-07-04T01:08:40-07:00,,26
1783152580,2026-07-04T01:09:40-07:00,,58
1783152640,2026-07-04T01:10:40-07:00,,56
1783152700,2026-07-04T01:11:40-07:00,,40
1783152760,2026-07-04T01:12:40-07:00,,90
1783152820,2026-07-04T01:13:40-07:00,,41
1783152880,2026-07-04T01:14:40-07:00,,56
1783152940,2026-07-04T01:15:40-07:00,,27
1783153000,2026-07-04T01:16:40-07:00,,53
1783153060,2026-07-04T01:17:40-07:00,,43
1783153120,2026-07-04T01:18:40-07:00,,34
1783153180,2026-07-04T01:19:40-07:00,,89
1783153240,2026-07-04T01:20:40-07:00,,215
1783153300,2026-07-04T01:21:40-07:00,,48
1783153360,2026-07-04T01:22:40-07:00,,48
1783153420,2026-07-04T01:23:40-07:00,,28
1783153480,2026-07-04T01:24:40-07:00,,124
1783153540,2026-07-04T01:25:40-07:00,,82
1783153600,2026-07-04T01:26:40-07:00,,69
1783153660,2026-07-04T01:27:40-07:00,,43
1783153720,2026-07-04T01:28:40-07:00,,27
1783153780,2026-07-04T01:29:40-07:00,,40
1783153840,2026-07-04T01:30:40-07:00,,45
1783153900,2026-07-04T01:31:40-07:00,,46
1783153960,2026-07-04T01:32:40-07:00,,36
1783154020,2026-07-04T01:33:40-07:00,,32
1783154080,2026-07-04T01:34:40-07:00,,54
1783154140,2026-07-04T01:35:40-07:00,,17
1783154200,2026-07-04T01:36:40-07:00,,31
1783154260,2026-07-04T01:37:40-07:00,,35
1783154320,2026-07-04T01:38:40-07:00,,27
1783154380,2026-07-04T01:39:40-07:00,,35
1783154440,2026-07-04T01:40:40-07:00,,18
1783154500,2026-07-04T01:41:40-07:00,,38
1783154560,2026-07-04T01:42:40-07:00,,44
1783154620,2026-07-04T01:43:40-07:00,,18
1783154680,2026-07-04T01:44:40-07:00,,26
1783154740,2026-07-04T01:45:40-07:00,,34
1783154800,2026-07-04T01:46:40-07:00,,98
1783154860,2026-07-04T01:47:40-07:00,,65
1783154920,2026-07-04T01:48:40-07:00,,30
1783154980,2026-07-04T01:49:40-07:00,,30
1783155040,2026-07-04T01:50:40-07:00,,38
1783155100,2026-07-04T01:51:40-07:00,,39
1783155160,2026-07-04T01:52:40-07:00,,41
1783155220,2026-07-04T01:53:40-07:00,,38
1783155280,2026-07-04T01:54:40-07:00,,13
1783155340,2026-07-04T01:55:40-07:00,,35
1783155400,2026-07-04T01:56:40-07:00,,50
1783155460,2026-07-04T01:57:40-07:00,,12
1783155520,2026-07-04T01:58:40-07:00,,34
1783155580,2026-07-04T01:59:40-07:00,,36
1783155640,2026-07-04T02:00:40-07:00,,23
1783155700,2026-07-04T02:01:40-07:00,,18
1783155760,2026-07-04T02:02:40-07:00,,40
1783155820,2026-07-04T02:03:40-07:00,,20
1783155880,2026-07-04T02:04:40-07:00,,36
1783155940,2026-07-04T02:05:40-07:00,,29
1783156000,2026-07-04T02:06:40-07:00,,48
1783156060,2026-07-04T02:07:40-07:00,,23
1783156120,2026-07-04T02:08:40-07:00,,19
1783156180,2026-07-04T02:09:40-07:00,,19
1783156240,2026-07-04T02:10:40-07:00,,79
1783156300,2026-07-04T02:11:40-07:00,,11
1783156360,2026-07-04T02:12:40-07:00,,16
1783156420,2026-07-04T02:13:40-07:00,,13
1783156480,2026-07-04T02:14:40-07:00,,54
1783156540,2026-07-04T02:15:40-07:00,,51
1783156600,2026-07-04T02:16:40-07:00,,35
1783156660,2026-07-04T02:17:40-07:00,,45
1783156720,2026-07-04T02:18:40-07:00,,29
1783156780,2026-07-04T02:19:40-07:00,,26
1783156840,2026-07-04T02:20:40-07:00,,5
1783156900,2026-07-04T02:21:40-07:00,,9
1783156960,2026-07-04T02:22:40-07:00,,14
1783157020,2026-07-04T02:23:40-07:00,,8
1783157080,2026-07-04T02:24:40-07:00,,12
1783157140,2026-07-04T02:25:40-07:00,,16
1783157200,2026-07-04T02:26:40-07:00,,14
1783157260,2026-07-04T02:27:40-07:00,,13
1783157320,2026-07-04T02:28:40-07:00,,9
1783157380,2026-07-04T02:29:40-07:00,,6
1783157440,2026-07-04T02:30:40-07:00,,9
1783157500,2026-07-04T02:31:40-07:00,,13
1783157560,2026-07-04T02:32:40-07:00,,14
1783157620,2026-07-04T02:33:40-07:00,,27
1783157680,2026-07-04T02:34:40-07:00,,19
1783157740,2026-07-04T02:35:40-07:00,,34
1783157800,2026-07-04T02:36:40-07:00,,28
1783157860,2026-07-04T02:37:40-07:00,,11
1783157920,2026-07-04T02:38:40-07:00,,14
1783157980,2026-07-04T02:39:40-07:00,,14
1783158040,2026-07-04T02:40:40-07:00,,43
1783158100,2026-07-04T02:41:40-07:00,,51
1783158160,2026-07-04T02:42:40-07:00,,54
1783158220,2026-07-04T02:43:40-07:00,,23
1783158280,2026-07-04T02:44:40-07:00,,10
1783158340,2026-07-04T02:45:40-07:00,,41
1783158400,2026-07-04T02:46:40-07:00,,26
1783158460,2026-07-04T02:47:40-07:00,,30
1783158520,2026-07-04T02:48:40-07:00,,25
1783158580,2026-07-04T02:49:40-07:00,,47
1783158640,2026-07-04T02:50:40-07:00,,32
1783158700,2026-07-04T02:51:40-07:00,,60
1783158760,2026-07-04T02:52:40-07:00,,35
1783158820,2026-07-04T02:53:40-07:00,,34
1783158880,2026-07-04T02:54:40-07:00,,31
1783158940,2026-07-04T02:55:40-07:00,,42
1783159000,2026-07-04T02:56:40-07:00,,20
1783159060,2026-07-04T02:57:40-07:00,,45
1783159120,2026-07-04T02:58:40-07:00,,27
1783159180,2026-07-04T02:59:40-07:00,,23
1783159240,2026-07-04T03:00:40-07:00,,28
1783159300,2026-07-04T03:01:40-07:00,,28
1783159360,2026-07-04T03:02:40-07:00,,33
1783159420,2026-07-04T03:03:40-07:00,,20
1783159480,2026-07-04T03:04:40-07:00,,43
1783159540,2026-07-04T03:05:40-07:00,,27
1783159600,2026-07-04T03:06:40-07:00,,26
1783159660,2026-07-04T03:07:40-07:00,,42
1783159720,2026-07-04T03:08:40-07:00,,23
1783159780,2026-07-04T03:09:40-07:00,,35
1783159840,2026-07-04T03:10:40-07:00,,20
1783159900,2026-07-04T03:11:40-07:00,,53
1783159960,2026-07-04T03:12:40-07:00,,38
1783160020,2026-07-04T03:13:40-07:00,,59
1783160080,2026-07-04T03:14:40-07:00,,31
1783160140,2026-07-04T03:15:40-07:00,,43
1783160200,2026-07-04T03:16:40-07:00,,18
1783160260,2026-07-04T03:17:40-07:00,,29
1783160320,2026-07-04T03:18:40-07:00,,3
1783160380,2026-07-04T03:19:40-07:00,,18
1783160440,2026-07-04T03:20:40-07:00,,5
1783160500,2026-07-04T03:21:40-07:00,,25
1783160560,2026-07-04T03:22:40-07:00,,11
1783160620,2026-07-04T03:23:40-07:00,,46
1783160680,2026-07-04T03:24:40-07:00,,22
1783160740,2026-07-04T03:25:40-07:00,,43
1783160800,2026-07-04T03:26:40-07:00,,24
1783160860,2026-07-04T03:27:40-07:00,,44
1783160920,2026-07-04T03:28:40-07:00,,11
1783160980,2026-07-04T03:29:40-07:00,,48
1783161040,2026-07-04T03:30:40-07:00,,12
1783161100,2026-07-04T03:31:40-07:00,,34
1783161160,2026-07-04T03:32:40-07:00,,30
1783161220,2026-07-04T03:33:40-07:00,,9
1783161280,2026-07-04T03:34:40-07:00,,40
1783161340,2026-07-04T03:35:40-07:00,,73
1783161400,2026-07-04T03:36:40-07:00,,38
1783161460,2026-07-04T03:37:40-07:00,,15
1783161520,2026-07-04T03:38:40-07:00,,11
1783161580,2026-07-04T03:39:40-07:00,,27
1783161640,2026-07-04T03:40:40-07:00,,19
1783161700,2026-07-04T03:41:40-07:00,,8
1783161760,2026-07-04T03:42:40-07:00,,35
1783161820,2026-07-04T03:43:40-07:00,,7
1783161880,2026-07-04T03:44:40-07:00,,7
1783161940,2026-07-04T03:45:40-07:00,,10
1783162000,2026-07-04T03:46:40-07:00,,35
1783162060,2026-07-04T03:47:40-07:00,,23
1783162120,2026-07-04T03:48:40-07:00,,28
1783162180,2026-07-04T03:49:40-07:00,,32
1783162240,2026-07-04T03:50:40-07:00,,10
1783162300,2026-07-04T03:51:40-07:00,,11
1783162360,2026-07-04T03:52:40-07:00,,18
1783162420,2026-07-04T03:53:40-07:00,,13
1783162480,2026-07-04T03:54:40-07:00,,9
1783162540,2026-07-04T03:55:40-07:00,,41
1783162600,2026-07-04T03:56:40-07:00,,9
1783162660,2026-07-04T03:57:40-07:00,,29
1783162720,2026-07-04T03:58:40-07:00,,13
1783162780,2026-07-04T03:59:40-07:00,,13
1783162840,2026-07-04T04:00:40-07:00,,31
1783162900,2026-07-04T04:01:40-07:00,,7
1783162960,2026-07-04T04:02:40-07:00,,12
1783163020,2026-07-04T04:03:40-07:00,,6
1783163080,2026-07-04T04:04:40-07:00,,12
1783163140,2026-07-04T04:05:40-07:00,,14
1783163200,2026-07-04T04:06:40-07:00,,5
1783163260,2026-07-04T04:07:40-07:00,,12
1783163320,2026-07-04T04:08:40-07:00,,7
1783163380,2026-07-04T04:09:40-07:00,,6
1783163440,2026-07-04T04:10:40-07:00,,9
1783163500,2026-07-04T04:11:40-07:00,,6
1783163560,2026-07-04T04:12:40-07:00,,6
1783163620,2026-07-04T04:13:40-07:00,,5
1783163680,2026-07-04T04:14:40-07:00,,11
1783163740,2026-07-04T04:15:40-07:00,,6
1783163800,2026-07-04T04:16:40-07:00,,7
1783163860,2026-07-04T04:17:40-07:00,,7
1783163920,2026-07-04T04:18:40-07:00,,22
1783163980,2026-07-04T04:19:40-07:00,,6
1783164040,2026-07-04T04:20:40-07:00,,6
1783164100,2026-07-04T04:21:40-07:00,,33
1783164160,2026-07-04T04:22:40-07:00,,22
1783164220,2026-07-04T04:23:40-07:00,,28
1783164280,2026-07-04T04:24:40-07:00,,5
1783164340,2026-07-04T04:25:40-07:00,,8
1783164400,2026-07-04T04:26:40-07:00,,12
1783164460,2026-07-04T04:27:40-07:00,,8
1783164520,2026-07-04T04:28:40-07:00,,7
1783164580,2026-07-04T04:29:40-07:00,,9
1783164640,2026-07-04T04:30:40-07:00,,30
1783164700,2026-07-04T04:31:40-07:00,,7
1783164760,2026-07-04T04:32:40-07:00,,23
1783164820,2026-07-04T04:33:40-07:00,,8
1783164880,2026-07-04T04:34:40-07:00,,13
1783164940,2026-07-04T04:35:40-07:00,,7
1783165000,2026-07-04T04:36:40-07:00,,11
1783165060,2026-07-04T04:37:40-07:00,,13
1783165120,2026-07-04T04:38:40-07:00,,13
1783165180,2026-07-04T04:39:40-07:00,,15
1783165240,2026-07-04T04:40:40-07:00,,12
1783165300,2026-07-04T04:41:40-07:00,,7
1783165360,2026-07-04T04:42:40-07:00,,7
1783165420,2026-07-04T04:43:40-07:00,,17
1783165480,2026-07-04T04:44:40-07:00,,9
1783165540,2026-07-04T04:45:40-07:00,,17
1783165600,2026-07-04T04:46:40-07:00,,13
1783165660,2026-07-04T04:47:40-07:00,,11
1783165720,2026-07-04T04:48:40-07:00,,35
1783165780,2026-07-04T04:49:40-07:00,,6
1783165840,2026-07-04T04:50:40-07:00,,10
1783165900,2026-07-04T04:51:40-07:00,,8
1783165960,2026-07-04T04:52:40-07:00,,21
1783166020,2026-07-04T04:53:40-07:00,,24
1783166080,2026-07-04T04:54:40-07:00,,19
1783166140,2026-07-04T04:55:40-07:00,,22
1783166200,2026-07-04T04:56:40-07:00,,8
1783166260,2026-07-04T04:57:40-07:00,,7
1783166320,2026-07-04T04:58:40-07:00,,4
1783166380,2026-07-04T04:59:40-07:00,,3
1783166440,2026-07-04T05:00:40-07:00,,16
1783166500,2026-07-04T05:01:40-07:00,,6
1783166560,2026-07-04T05:02:40-07:00,,7
1783166620,2026-07-04T05:03:40-07:00,,25
1783166680,2026-07-04T05:04:40-07:00,,26
1783166740,2026-07-04T05:05:40-07:00,,22
1783166800,2026-07-04T05:06:40-07:00,,18
1783166860,2026-07-04T05:07:40-07:00,,10
1783166920,2026-07-04T05:08:40-07:00,,16
1783166980,2026-07-04T05:09:40-07:00,,20
1783167040,2026-07-04T05:10:40-07:00,,3
1783167100,2026-07-04T05:11:40-07:00,,8
1783167160,2026-07-04T05:12:40-07:00,,7
1783167220,2026-07-04T05:13:40-07:00,,32
1783167280,2026-07-04T05:14:40-07:00,,21
1783167340,2026-07-04T05:15:40-07:00,,10
1783167400,2026-07-04T05:16:40-07:00,,38
1783167460,2026-07-04T05:17:40-07:00,,27
1783167520,2026-07-04T05:18:40-07:00,,4
1783167580,2026-07-04T05:19:40-07:00,,13
1783167640,2026-07-04T05:20:40-07:00,,8
1783167700,2026-07-04T05:21:40-07:00,,26
1783167760,2026-07-04T05:22:40-07:00,,16
1783167820,2026-07-04T05:23:40-07:00,,21
1783167880,2026-07-04T05:24:40-07:00,,29
1783167940,2026-07-04T05:25:40-07:00,,19
1783168000,2026-07-04T05:26:40-07:00,,11
1783168060,2026-07-04T05:27:40-07:00,,11
1783168120,2026-07-04T05:28:40-07:00,,24
1783168180,2026-07-04T05:29:40-07:00,,38
1783168240,2026-07-04T05:30:40-07:00,,11
1783168300,2026-07-04T05:31:40-07:00,,40
1783168360,2026-07-04T05:32:40-07:00,,5
1783168420,2026-07-04T05:33:40-07:00,,15
1783168480,2026-07-04T05:34:40-07:00,,18
1783168540,2026-07-04T05:35:40-07:00,,43
1783168600,2026-07-04T05:36:40-07:00,,44
1783168660,2026-07-04T05:37:40-07:00,,14
1783168720,2026-07-04T05:38:40-07:00,,26
1783168780,2026-07-04T05:39:40-07:00,,23
1783168840,2026-07-04T05:40:40-07:00,,15
1783168900,2026-07-04T05:41:40-07:00,,24
1783168960,2026-07-04T05:42:40-07:00,,14
1783169020,2026-07-04T05:43:40-07:00,,13
1783169080,2026-07-04T05:44:40-07:00,,15
1783169140,2026-07-04T05:45:40-07:00,,28
1783169200,2026-07-04T05:46:40-07:00,,24
1783169260,2026-07-04T05:47:40-07:00,,12
1783169320,2026-07-04T05:48:40-07:00,,15
1783169380,2026-07-04T05:49:40-07:00,,8
1783169440,2026-07-04T05:50:40-07:00,,31
1783169500,2026-07-04T05:51:40-07:00,,5
1783169560,2026-07-04T05:52:40-07:00,,16
1783169620,2026-07-04T05:53:40-07:00,,23
1783169680,2026-07-04T05:54:40-07:00,,13
1783169740,2026-07-04T05:55:40-07:00,,8
1783169800,2026-07-04T05:56:40-07:00,,7
1783169860,2026-07-04T05:57:40-07:00,,9
1783169920,2026-07-04T05:58:40-07:00,,18
1783169980,2026-07-04T05:59:40-07:00,,19
1783170040,2026-07-04T06:00:40-07:00,,14
1783170100,2026-07-04T06:01:40-07:00,,6
1783170160,2026-07-04T06:02:40-07:00,,14
1783170220,2026-07-04T06:03:40-07:00,,5
1783170280,2026-07-04T06:04:40-07:00,,14
1783170340,2026-07-04T06:05:40-07:00,,35
1783170400,2026-07-04T06:06:40-07:00,,11
1783170460,2026-07-04T06:07:40-07:00,,9
1783170520,2026-07-04T06:08:40-07:00,,13
1783170580,2026-07-04T06:09:40-07:00,,6
1783170640,2026-07-04T06:10:40-07:00,,22
1783170700,2026-07-04T06:11:40-07:00,,7
1783170760,2026-07-04T06:12:40-07:00,,32
1783170820,2026-07-04T06:13:40-07:00,,39
1783170880,2026-07-04T06:14:40-07:00,,39
1783170940,2026-07-04T06:15:40-07:00,,37
1783171000,2026-07-04T06:16:40-07:00,,14
1783171060,2026-07-04T06:17:40-07:00,,28
1783171120,2026-07-04T06:18:40-07:00,,22
1783171180,2026-07-04T06:19:40-07:00,,10
1783171240,2026-07-04T06:20:40-07:00,,27
1783171300,2026-07-04T06:21:40-07:00,,10
1783171360,2026-07-04T06:22:40-07:00,,38
1783171420,2026-07-04T06:23:40-07:00,,37
1783171480,2026-07-04T06:24:40-07:00,,8
1783171540,2026-07-04T06:25:40-07:00,,19
1783171600,2026-07-04T06:26:40-07:00,,22
1783171660,2026-07-04T06:27:40-07:00,,15
1783171720,2026-07-04T06:28:40-07:00,,22
1783171780,2026-07-04T06:29:40-07:00,,8
1783171840,2026-07-04T06:30:40-07:00,,13
1783171900,2026-07-04T06:31:40-07:00,,24
1783171960,2026-07-04T06:32:40-07:00,,8
1783172020,2026-07-04T06:33:40-07:00,,43
1783172080,2026-07-04T06:34:40-07:00,,6
1783172140,2026-07-04T06:35:40-07:00,,29
1783172200,2026-07-04T06:36:40-07:00,,39
1783172260,2026-07-04T06:37:40-07:00,,40
1783172320,2026-07-04T06:38:40-07:00,,25
1783172380,2026-07-04T06:39:40-07:00,,25
1783172440,2026-07-04T06:40:40-07:00,,55
1783172500,2026-07-04T06:41:40-07:00,,16
1783172560,2026-07-04T06:42:40-07:00,,38
1783172620,2026-07-04T06:43:40-07:00,,11
1783172680,2026-07-04T06:44:40-07:00,,50
1783172740,2026-07-04T06:45:40-07:00,,47
1783172800,2026-07-04T06:46:40-07:00,,29
1783172860,2026-07-04T06:47:40-07:00,,38
1783172920,2026-07-04T06:48:40-07:00,,24
1783172980,2026-07-04T06:49:40-07:00,,21
1783173040,2026-07-04T06:50:40-07:00,,30
1783173100,2026-07-04T06:51:40-07:00,,59
1783173160,2026-07-04T06:52:40-07:00,,59
1783173220,2026-07-04T06:53:40-07:00,,59
1783173280,2026-07-04T06:54:40-07:00,,29
1783173340,2026-07-04T06:55:40-07:00,,68
1783173400,2026-07-04T06:56:40-07:00,,26
1783173460,2026-07-04T06:57:40-07:00,,38
1783173520,2026-07-04T06:58:40-07:00,,28
1783173580,2026-07-04T06:59:40-07:00,,29
1783173640,2026-07-04T07:00:40-07:00,,56
1783173700,2026-07-04T07:01:40-07:00,,26
1783173760,2026-07-04T07:02:40-07:00,,56
1783173820,2026-07-04T07:03:40-07:00,,52
1783173880,2026-07-04T07:04:40-07:00,,59
1783173940,2026-07-04T07:05:40-07:00,,44
1783174000,2026-07-04T07:06:40-07:00,,60
1783174060,2026-07-04T07:07:40-07:00,,32
1783174120,2026-07-04T07:08:40-07:00,,43
1783174180,2026-07-04T07:09:40-07:00,,33
1783174240,2026-07-04T07:10:40-07:00,,49
1783174300,2026-07-04T07:11:40-07:00,,71
1783174360,2026-07-04T07:12:40-07:00,,48
1783174420,2026-07-04T07:13:40-07:00,,74
1783174480,2026-07-04T07:14:40-07:00,,80
1783174540,2026-07-04T07:15:40-07:00,,67
1783174600,2026-07-04T07:16:40-07:00,,71
1783174660,2026-07-04T07:17:40-07:00,,71
1783174720,2026-07-04T07:18:40-07:00,,35
1783174780,2026-07-04T07:19:40-07:00,,85
1783174840,2026-07-04T07:20:40-07:00,,29
1783174900,2026-07-04T07:21:40-07:00,,32
1783174960,2026-07-04T07:22:40-07:00,,50
1783175020,2026-07-04T07:23:40-07:00,,66
1783175080,2026-07-04T07:24:40-07:00,,39
1783175140,2026-07-04T07:25:40-07:00,,52
1783175200,2026-07-04T07:26:40-07:00,,35
1783175260,2026-07-04T07:27:40-07:00,,57
1783175320,2026-07-04T07:28:40-07:00,,32
1783175380,2026-07-04T07:29:40-07:00,,108
1783175440,2026-07-04T07:30:40-07:00,,57
1783175500,2026-07-04T07:31:40-07:00,,65
1783175560,2026-07-04T07:32:40-07:00,,78
1783175620,2026-07-04T07:33:40-07:00,,59
1783175680,2026-07-04T07:34:40-07:00,,35
1783175740,2026-07-04T07:35:40-07:00,,70
1783175800,2026-07-04T07:36:40-07:00,,48
1783175860,2026-07-04T07:37:40-07:00,,51
1783175920,2026-07-04T07:38:40-07:00,,49
1783175980,2026-07-04T07:39:40-07:00,,45
1783176040,2026-07-04T07:40:40-07:00,,38
1783176100,2026-07-04T07:41:40-07:00,,47
1783176160,2026-07-04T07:42:40-07:00,,152
1783176220,2026-07-04T07:43:40-07:00,,74
1783176280,2026-07-04T07:44:40-07:00,,72
1783176340,2026-07-04T07:45:40-07:00,,102
1783176400,2026-07-04T07:46:40-07:00,,48
1783176460,2026-07-04T07:47:40-07:00,,55
1783176520,2026-07-04T07:48:40-07:00,,90
1783176580,2026-07-04T07:49:40-07:00,,54
1783176640,2026-07-04T07:50:40-07:00,,44
1783176700,2026-07-04T07:51:40-07:00,,61
1783176760,2026-07-04T07:52:40-07:00,,117
1783176820,2026-07-04T07:53:40-07:00,,102
1783176880,2026-07-04T07:54:40-07:00,,49
1783176940,2026-07-04T07:55:40-07:00,,108
1783177000,2026-07-04T07:56:40-07:00,,59
1783177060,2026-07-04T07:57:40-07:00,,64
1783177120,2026-07-04T07:58:40-07:00,,100
1783177180,2026-07-04T07:59:40-07:00,,161
1783177240,2026-07-04T08:00:40-07:00,,65
1783177300,2026-07-04T08:01:40-07:00,,180
1783177360,2026-07-04T08:02:40-07:00,,60
1783177420,2026-07-04T08:03:40-07:00,,126
1783177480,2026-07-04T08:04:40-07:00,,126
1783177540,2026-07-04T08:05:40-07:00,,54
1783177600,2026-07-04T08:06:40-07:00,,78
1783177660,2026-07-04T08:07:40-07:00,,98
1783177720,2026-07-04T08:08:40-07:00,,114
1783177780,2026-07-04T08:09:40-07:00,,188
1783177840,2026-07-04T08:10:40-07:00,,74
1783177900,2026-07-04T08:11:40-07:00,,132
1783177960,2026-07-04T08:12:40-07:00,,94
1783178020,2026-07-04T08:13:40-07:00,,52
1783178080,2026-07-04T08:14:40-07:00,,144
1783178140,2026-07-04T08:15:40-07:00,,122
1783178200,2026-07-04T08:16:40-07:00,,111
1783178260,2026-07-04T08:17:40-07:00,,124
1783178320,2026-07-04T08:18:40-07:00,,74
1783178380,2026-07-04T08:19:40-07:00,,145
1783178440,2026-07-04T08:20:40-07:00,,225
1783178500,2026-07-04T08:21:40-07:00,,106
1783178560,2026-07-04T08:22:40-07:00,,90
1783178620,2026-07-04T08:23:40-07:00,,44
1783178680,2026-07-04T08:24:40-07:00,,117
1783178740,2026-07-04T08:25:40-07:00,,128
1783178800,2026-07-04T08:26:40-07:00,,139
1783178860,2026-07-04T08:27:40-07:00,,118
1783178920,2026-07-04T08:28:40-07:00,,137
1783178980,2026-07-04T08:29:40-07:00,,150
1783179040,2026-07-04T08:30:40-07:00,,104
1783179100,2026-07-04T08:31:40-07:00,,111
1783179160,2026-07-04T08:32:40-07:00,,108
1783179220,2026-07-04T08:33:40-07:00,,100
1783179280,2026-07-04T08:34:40-07:00,,100
1783179340,2026-07-04T08:35:40-07:00,,100
1783179400,2026-07-04T08:36:40-07:00,,129
1783179460,2026-07-04T08:37:40-07:00,,72
1783179520,2026-07-04T08:38:40-07:00,,67
1783179580,2026-07-04T08:39:40-07:00,,148
1783179640,2026-07-04T08:40:40-07:00,,127
1783179700,2026-07-04T08:41:40-07:00,,62
1783179760,2026-07-04T08:42:40-07:00,,183
1783179820,2026-07-04T08:43:40-07:00,,123
1783179880,2026-07-04T08:44:40-07:00,,99
1783179940,2026-07-04T08:45:40-07:00,,214
1783180000,2026-07-04T08:46:40-07:00,,109
1783180060,2026-07-04T08:47:40-07:00,,94
1783180120,2026-07-04T08:48:40-07:00,,101
1783180180,2026-07-04T08:49:40-07:00,,80
1783180240,2026-07-04T08:50:40-07:00,,204
1783180300,2026-07-04T08:51:40-07:00,,204
1783180360,2026-07-04T08:52:40-07:00,,156
1783180420,2026-07-04T08:53:40-07:00,,86
1783180480,2026-07-04T08:54:40-07:00,,108
1783180540,2026-07-04T08:55:40-07:00,,92
1783180600,2026-07-04T08:56:40-07:00,,124
1783180660,2026-07-04T08:57:40-07:00,,130
1783180720,2026-07-04T08:58:40-07:00,,135
1783180780,2026-07-04T08:59:40-07:00,,146
1783180840,2026-07-04T09:00:40-07:00,,88
1783180900,2026-07-04T09:01:40-07:00,,64
1783180960,2026-07-04T09:02:40-07:00,,86
1783181020,2026-07-04T09:03:40-07:00,,94
1783181080,2026-07-04T09:04:40-07:00,,22
1783181140,2026-07-04T09:05:40-07:00,,210
1783181200,2026-07-04T09:06:40-07:00,,160
1783181260,2026-07-04T09:07:40-07:00,,18
1783181320,2026-07-04T09:08:40-07:00,,120
1783181380,2026-07-04T09:09:40-07:00,,81
1783181440,2026-07-04T09:10:40-07:00,,108
1783181500,2026-07-04T09:11:40-07:00,,45
1783181560,2026-07-04T09:12:40-07:00,,45
1783181620,2026-07-04T09:13:40-07:00,,23
1783181680,2026-07-04T09:14:40-07:00,,96
1783181740,2026-07-04T09:15:40-07:00,,91
1783181800,2026-07-04T09:16:40-07:00,,162
1783181860,2026-07-04T09:17:40-07:00,,209
1783181920,2026-07-04T09:18:40-07:00,,87
1783181980,2026-07-04T09:19:40-07:00,,122
1783182040,2026-07-04T09:20:40-07:00,,143
1783182100,2026-07-04T09:21:40-07:00,,177
1783182160,2026-07-04T09:22:40-07:00,,153
1783182220,2026-07-04T09:23:40-07:00,,57
1783182280,2026-07-04T09:24:40-07:00,,179
1783182340,2026-07-04T09:25:40-07:00,,46
1783182400,2026-07-04T09:26:40-07:00,,124
1783182460,2026-07-04T09:27:40-07:00,,152
1783182520,2026-07-04T09:28:40-07:00,,46
1783182580,2026-07-04T09:29:40-07:00,,112
1783182640,2026-07-04T09:30:40-07:00,,110
1783182700,2026-07-04T09:31:40-07:00,,110
1783182760,2026-07-04T09:32:40-07:00,,73
1783182820,2026-07-04T09:33:40-07:00,,170
1783182880,2026-07-04T09:34:40-07:00,,133
1783182940,2026-07-04T09:35:40-07:00,,60
1783183000,2026-07-04T09:36:40-07:00,,207
1783183060,2026-07-04T09:37:40-07:00,,118
1783183120,2026-07-04T09:38:40-07:00,,126
1783183180,2026-07-04T09:39:40-07:00,,87
1783183240,2026-07-04T09:40:40-07:00,,100
1783183300,2026-07-04T09:41:40-07:00,,92
1783183360,2026-07-04T09:42:40-07:00,,102
1783183420,2026-07-04T09:43:40-07:00,,130
1783183480,2026-07-04T09:44:40-07:00,,92
1783183540,2026-07-04T09:45:40-07:00,,31
1783183600,2026-07-04T09:46:40-07:00,,322
1783183660,2026-07-04T09:47:40-07:00,,82
1783183720,2026-07-04T09:48:40-07:00,,82
1783183780,2026-07-04T09:49:40-07:00,,108
1783183840,2026-07-04T09:50:40-07:00,,91
1783183900,2026-07-04T09:51:40-07:00,,150
1783183960,2026-07-04T09:52:40-07:00,,109
1783184020,2026-07-04T09:53:40-07:00,,109
1783184080,2026-07-04T09:54:40-07:00,,136
1783184140,2026-07-04T09:55:40-07:00,,115
1783184200,2026-07-04T09:56:40-07:00,,43
1783184260,2026-07-04T09:57:40-07:00,,91
1783184320,2026-07-04T09:58:40-07:00,,76
1783184380,2026-07-04T09:59:40-07:00,,149
1783184440,2026-07-04T10:00:40-07:00,,133
1783184500,2026-07-04T10:01:40-07:00,,189
1783184560,2026-07-04T10:02:40-07:00,,189
1783184620,2026-07-04T10:03:40-07:00,,113
1783184680,2026-07-04T10:04:40-07:00,,62
1783184740,2026-07-04T10:05:40-07:00,,71
1783184800,2026-07-04T10:06:40-07:00,,133
1783184860,2026-07-04T10:07:40-07:00,,149
1783184920,2026-07-04T10:08:40-07:00,,106
1783184980,2026-07-04T10:09:40-07:00,,94
1783185040,2026-07-04T10:10:40-07:00,,97
1783185100,2026-07-04T10:11:40-07:00,,170
1783185160,2026-07-04T10:12:40-07:00,,170
1783185220,2026-07-04T10:13:40-07:00,,97
1783185280,2026-07-04T10:14:40-07:00,,150
1783185340,2026-07-04T10:15:40-07:00,,193
1783185400,2026-07-04T10:16:40-07:00,,41
1783185460,2026-07-04T10:17:40-07:00,,106
1783185520,2026-07-04T10:18:40-07:00,,104
1783185580,2026-07-04T10:19:40-07:00,,78
1783185640,2026-07-04T10:20:40-07:00,,157
1783185700,2026-07-04T10:21:40-07:00,,144
1783185760,2026-07-04T10:22:40-07:00,,154
1783185820,2026-07-04T10:23:40-07:00,,65
1783185880,2026-07-04T10:24:40-07:00,,115
1783185940,2026-07-04T10:25:40-07:00,,65
1783186000,2026-07-04T10:26:40-07:00,,65
1783186060,2026-07-04T10:27:40-07:00,,123
1783186120,2026-07-04T10:28:40-07:00,,147
1783186180,2026-07-04T10:29:40-07:00,,171
1783186240,2026-07-04T10:30:40-07:00,,125
1783186300,2026-07-04T10:31:40-07:00,,77
1783186360,2026-07-04T10:32:40-07:00,,124
1783186420,2026-07-04T10:33:40-07:00,,218
1783186480,2026-07-04T10:34:40-07:00,,122
1783186540,2026-07-04T10:35:40-07:00,,100
1783186600,2026-07-04T10:36:40-07:00,,131
1783186660,2026-07-04T10:37:40-07:00,,144
1783186720,2026-07-04T10:38:40-07:00,,121
1783186780,2026-07-04T10:39:40-07:00,,65
1783186840,2026-07-04T10:40:40-07:00,,65
1783186900,2026-07-04T10:41:40-07:00,,108
1783186960,2026-07-04T10:42:40-07:00,,198
1783187020,2026-07-04T10:43:40-07:00,,72
1783187080,2026-07-04T10:44:40-07:00,,123
1783187140,2026-07-04T10:45:40-07:00,,95
1783187200,2026-07-04T10:46:40-07:00,,80
1783187260,2026-07-04T10:47:40-07:00,,61
1783187320,2026-07-04T10:48:40-07:00,,138
1783187380,2026-07-04T10:49:40-07:00,,82
1783187440,2026-07-04T10:50:40-07:00,,139
1783187500,2026-07-04T10:51:40-07:00,,120
1783187560,2026-07-04T10:52:40-07:00,,146
1783187620,2026-07-04T10:53:40-07:00,,86
1783187680,2026-07-04T10:54:40-07:00,,38
1783187740,2026-07-04T10:55:40-07:00,,92
1783187800,2026-07-04T10:56:40-07:00,,68
1783187860,2026-07-04T10:57:40-07:00,,66
1783187920,2026-07-04T10:58:40-07:00,,66
1783187980,2026-07-04T10:59:40-07:00,,57
1783188040,2026-07-04T11:00:40-07:00,,107
1783188100,2026-07-04T11:01:40-07:00,,155
1783188160,2026-07-04T11:02:40-07:00,,109
1783188220,2026-07-04T11:03:40-07:00,,83
1783188280,2026-07-04T11:04:40-07:00,,158
1783188340,2026-07-04T11:05:40-07:00,,80
1783188400,2026-07-04T11:06:40-07:00,,191
1783188460,2026-07-04T11:07:40-07:00,,74
1783188520,2026-07-04T11:08:40-07:00,,104
1783188580,2026-07-04T11:09:40-07:00,,98
1783188640,2026-07-04T11:10:40-07:00,,98
1783188700,2026-07-04T11:11:40-07:00,,73
1783188760,2026-07-04T11:12:40-07:00,,132
1783188820,2026-07-04T11:13:40-07:00,,106
1783188880,2026-07-04T11:14:40-07:00,,115
1783188940,2026-07-04T11:15:40-07:00,,95
1783189000,2026-07-04T11:16:40-07:00,,95
1783189060,2026-07-04T11:17:40-07:00,,72
1783189120,2026-07-04T11:18:40-07:00,,72
1783189180,2026-07-04T11:19:40-07:00,,47
1783189240,2026-07-04T11:20:40-07:00,,87
1783189300,2026-07-04T11:21:40-07:00,,87
1783189360,2026-07-04T11:22:40-07:00,,57
1783189420,2026-07-04T11:23:40-07:00,,57
1783189480,2026-07-04T11:24:40-07:00,,57
1783189540,2026-07-04T11:25:40-07:00,,57
1783189600,2026-07-04T11:26:40-07:00,,57
1783189720,2026-07-04T11:28:40-07:00,,62
1783189780,2026-07-04T11:29:40-07:00,,64
1783189840,2026-07-04T11:30:40-07:00,,64
1783189900,2026-07-04T11:31:40-07:00,,71
1783189960,2026-07-04T11:32:40-07:00,,60
1783190020,2026-07-04T11:33:40-07:00,,72
1783190080,2026-07-04T11:34:40-07:00,,159
1783190140,2026-07-04T11:35:40-07:00,,132
1783190200,2026-07-04T11:36:40-07:00,,104
1783190260,2026-07-04T11:37:40-07:00,,65
1783190320,2026-07-04T11:38:40-07:00,,191
1783190380,2026-07-04T11:39:40-07:00,,197
1783190440,2026-07-04T11:40:40-07:00,,101
1783190500,2026-07-04T11:41:40-07:00,,84
1783190560,2026-07-04T11:42:40-07:00,,84
1783190620,2026-07-04T11:43:40-07:00,,114
1783190680,2026-07-04T11:44:40-07:00,,61
1783190740,2026-07-04T11:45:40-07:00,,206
1783190800,2026-07-04T11:46:40-07:00,,59
1783190860,2026-07-04T11:47:40-07:00,,103
1783190920,2026-07-04T11:48:40-07:00,,194
1783190980,2026-07-04T11:49:40-07:00,,154
1783191040,2026-07-04T11:50:40-07:00,,211
1783191100,2026-07-04T11:51:40-07:00,,44
1783191160,2026-07-04T11:52:40-07:00,,44
1783191220,2026-07-04T11:53:40-07:00,,39
1783191280,2026-07-04T11:54:40-07:00,,58
1783191340,2026-07-04T11:55:40-07:00,,77
1783191400,2026-07-04T11:56:40-07:00,,40
1783191460,2026-07-04T11:57:40-07:00,,84
1783191520,2026-07-04T11:58:40-07:00,,35
1783191580,2026-07-04T11:59:40-07:00,,69
1783191640,2026-07-04T12:00:40-07:00,,150
1783191700,2026-07-04T12:01:40-07:00,,98
1783191760,2026-07-04T12:02:40-07:00,,98
1783191820,2026-07-04T12:03:40-07:00,,36
1783191880,2026-07-04T12:04:40-07:00,,73
1783191940,2026-07-04T12:05:40-07:00,,140
1783192000,2026-07-04T12:06:40-07:00,,64
1783192060,2026-07-04T12:07:40-07:00,,31
1783192120,2026-07-04T12:08:40-07:00,,69
1783192180,2026-07-04T12:09:40-07:00,,105
1783192240,2026-07-04T12:10:40-07:00,,30
1783192300,2026-07-04T12:11:40-07:00,,101
1783192360,2026-07-04T12:12:40-07:00,,244
1783192420,2026-07-04T12:13:40-07:00,,71
1783192480,2026-07-04T12:14:40-07:00,,107
1783192540,2026-07-04T12:15:40-07:00,,102
1783192600,2026-07-04T12:16:40-07:00,,102
1783192660,2026-07-04T12:17:40-07:00,,77
1783192720,2026-07-04T12:18:40-07:00,,67
1783192780,2026-07-04T12:19:40-07:00,,188
1783192840,2026-07-04T12:20:40-07:00,,44
1783192900,2026-07-04T12:21:40-07:00,,149
1783192960,2026-07-04T12:22:40-07:00,,110
1783193020,2026-07-04T12:23:40-07:00,,134
1783193080,2026-07-04T12:24:40-07:00,,100
1783193140,2026-07-04T12:25:40-07:00,,47
1783193200,2026-07-04T12:26:40-07:00,,121
1783193260,2026-07-04T12:27:40-07:00,,136
1783193320,2026-07-04T12:28:40-07:00,,70
1783193380,2026-07-04T12:29:40-07:00,,143
1783193440,2026-07-04T12:30:40-07:00,,101
1783193500,2026-07-04T12:31:40-07:00,,84
1783193560,2026-07-04T12:32:40-07:00,,29
1783193620,2026-07-04T12:33:40-07:00,,73
1783193680,2026-07-04T12:34:40-07:00,,73
1783193740,2026-07-04T12:35:40-07:00,,109
1783193800,2026-07-04T12:36:40-07:00,,107
1783193860,2026-07-04T12:37:40-07:00,,51
1783193920,2026-07-04T12:38:40-07:00,,22
1783193980,2026-07-04T12:39:40-07:00,,108
1783194040,2026-07-04T12:40:40-07:00,,59
1783194100,2026-07-04T12:41:40-07:00,,165
1783194160,2026-07-04T12:42:40-07:00,,91
1783194220,2026-07-04T12:43:40-07:00,,72
1783194280,2026-07-04T12:44:40-07:00,,83
1783194340,2026-07-04T12:45:40-07:00,,31
1783194400,2026-07-04T12:46:40-07:00,,48
1783194460,2026-07-04T12:47:40-07:00,,48
1783194520,2026-07-04T12:48:40-07:00,,54
1783194580,2026-07-04T12:49:40-07:00,,84
1783194640,2026-07-04T12:50:40-07:00,,115
1783194700,2026-07-04T12:51:40-07:00,,160
1783194760,2026-07-04T12:52:40-07:00,,105
1783194820,2026-07-04T12:53:40-07:00,,52
1783194880,2026-07-04T12:54:40-07:00,,8
1783194940,2026-07-04T12:55:40-07:00,,29
1783195000,2026-07-04T12:56:40-07:00,,70
1783195060,2026-07-04T12:57:40-07:00,,65
1783195120,2026-07-04T12:58:40-07:00,,35
1783195180,2026-07-04T12:59:40-07:00,,35
1783195240,2026-07-04T13:00:40-07:00,,175
1783195300,2026-07-04T13:01:40-07:00,,40
1783195360,2026-07-04T13:02:40-07:00,,54
1783195420,2026-07-04T13:03:40-07:00,,14
1783195480,2026-07-04T13:04:40-07:00,,52
1783195540,2026-07-04T13:05:40-07:00,,79
1783195600,2026-07-04T13:06:40-07:00,,17
1783195660,2026-07-04T13:07:40-07:00,,37
1783195720,2026-07-04T13:08:40-07:00,,60
1783195780,2026-07-04T13:09:40-07:00,,17
1783195840,2026-07-04T13:10:40-07:00,,14
1783195900,2026-07-04T13:11:40-07:00,,47
1783195960,2026-07-04T13:12:40-07:00,,24
1783196020,2026-07-04T13:13:40-07:00,,21
1783196080,2026-07-04T13:14:40-07:00,,124
1783196140,2026-07-04T13:15:40-07:00,,65
1783196200,2026-07-04T13:16:40-07:00,,134
1783196260,2026-07-04T13:17:40-07:00,,97
1783196320,2026-07-04T13:18:40-07:00,,97
1783196380,2026-07-04T13:19:40-07:00,,65
1783196440,2026-07-04T13:20:40-07:00,,18
1783196500,2026-07-04T13:21:40-07:00,,48
1783196560,2026-07-04T13:22:40-07:00,,21
1783196620,2026-07-04T13:23:40-07:00,,44
1783196680,2026-07-04T13:24:40-07:00,,97
1783196740,2026-07-04T13:25:40-07:00,,12
1783196800,2026-07-04T13:26:40-07:00,,44
1783196860,2026-07-04T13:27:40-07:00,,21
1783196920,2026-07-04T13:28:40-07:00,,126
1783196980,2026-07-04T13:29:40-07:00,,82
1783197040,2026-07-04T13:30:40-07:00,,77
1783197100,2026-07-04T13:31:40-07:00,,52
1783197160,2026-07-04T13:32:40-07:00,,47
1783197220,2026-07-04T13:33:40-07:00,,23
1783197280,2026-07-04T13:34:40-07:00,,81
1783197340,2026-07-04T13:35:40-07:00,,42
1783197400,2026-07-04T13:36:40-07:00,,32
1783197460,2026-07-04T13:37:40-07:00,,19
1783197520,2026-07-04T13:38:40-07:00,,34
1783197580,2026-07-04T13:39:40-07:00,,42
1783197640,2026-07-04T13:40:40-07:00,,27
1783197700,2026-07-04T13:41:40-07:00,,10
1783197760,2026-07-04T13:42:40-07:00,,27
1783197820,2026-07-04T13:43:40-07:00,,52
1783197880,2026-07-04T13:44:40-07:00,,19
1783197940,2026-07-04T13:45:40-07:00,,18
1783198000,2026-07-04T13:46:40-07:00,,25
1783198060,2026-07-04T13:47:40-07:00,,25
1783198120,2026-07-04T13:48:40-07:00,,21
1783198180,2026-07-04T13:49:40-07:00,,42
1783198240,2026-07-04T13:50:40-07:00,,30
1783198300,2026-07-04T13:51:40-07:00,,30
1783198360,2026-07-04T13:52:40-07:00,,41
1783198420,2026-07-04T13:53:40-07:00,,27
1783198480,2026-07-04T13:54:40-07:00,,48
1783198540,2026-07-04T13:55:40-07:00,,48
1783198600,2026-07-04T13:56:40-07:00,,38
1783198660,2026-07-04T13:57:40-07:00,,76
1783198720,2026-07-04T13:58:40-07:00,,11
1783198780,2026-07-04T13:59:40-07:00,,93
1783198840,2026-07-04T14:00:40-07:00,,76
1783198900,2026-07-04T14:01:40-07:00,,76
1783198960,2026-07-04T14:02:40-07:00,,84
1783199020,2026-07-04T14:03:40-07:00,,31
1783199080,2026-07-04T14:04:40-07:00,,38
1783199140,2026-07-04T14:05:40-07:00,,74
1783199200,2026-07-04T14:06:40-07:00,,74
1783199260,2026-07-04T14:07:40-07:00,,59
1783199320,2026-07-04T14:08:40-07:00,,37
1783199380,2026-07-04T14:09:40-07:00,,164
1783199440,2026-07-04T14:10:40-07:00,,63
1783199500,2026-07-04T14:11:40-07:00,,28
1783199560,2026-07-04T14:12:40-07:00,,31
1783199620,2026-07-04T14:13:40-07:00,,103
1783199680,2026-07-04T14:14:40-07:00,,99
1783199740,2026-07-04T14:15:40-07:00,,119
1783199800,2026-07-04T14:16:40-07:00,,76
1783199860,2026-07-04T14:17:40-07:00,,135
1783199920,2026-07-04T14:18:40-07:00,,110
1783199980,2026-07-04T14:19:40-07:00,,108
1783200040,2026-07-04T14:20:40-07:00,,108
1783200100,2026-07-04T14:21:40-07:00,,101
1783200160,2026-07-04T14:22:40-07:00,,75
1783200220,2026-07-04T14:23:40-07:00,,31
1783200280,2026-07-04T14:24:40-07:00,,76
1783200340,2026-07-04T14:25:40-07:00,,99
1783200400,2026-07-04T14:26:40-07:00,,35
1783200460,2026-07-04T14:27:40-07:00,,45
1783200520,2026-07-04T14:28:40-07:00,,56
1783200580,2026-07-04T14:29:40-07:00,,41
1783200640,2026-07-04T14:30:40-07:00,,92
1783200700,2026-07-04T14:31:40-07:00,,125
1783200760,2026-07-04T14:32:40-07:00,,111
1783200820,2026-07-04T14:33:40-07:00,,28
1783200880,2026-07-04T14:34:40-07:00,,83
1783200940,2026-07-04T14:35:40-07:00,,83
1783201000,2026-07-04T14:36:40-07:00,,62
1783201060,2026-07-04T14:37:40-07:00,,136
1783201120,2026-07-04T14:38:40-07:00,,44
1783201180,2026-07-04T14:39:40-07:00,,122
1783201240,2026-07-04T14:40:40-07:00,,111
1783201300,2026-07-04T14:41:40-07:00,,137
1783201360,2026-07-04T14:42:40-07:00,,40
1783201420,2026-07-04T14:43:40-07:00,,63
1783201480,2026-07-04T14:44:40-07:00,,67
1783201540,2026-07-04T14:45:40-07:00,,99
1783201600,2026-07-04T14:46:40-07:00,,35
1783201660,2026-07-04T14:47:40-07:00,,32
1783201720,2026-07-04T14:48:40-07:00,,32
1783201780,2026-07-04T14:49:40-07:00,,25
1783201840,2026-07-04T14:50:40-07:00,,63
1783201900,2026-07-04T14:51:40-07:00,,21
1783201960,2026-07-04T14:52:40-07:00,,18
1783202020,2026-07-04T14:53:40-07:00,,112
1783202080,2026-07-04T14:54:40-07:00,,80
1783202140,2026-07-04T14:55:40-07:00,,131
1783202200,2026-07-04T14:56:40-07:00,,127
1783202260,2026-07-04T14:57:40-07:00,,27
1783202320,2026-07-04T14:58:40-07:00,,71
1783202380,2026-07-04T14:59:40-07:00,,71
1783202440,2026-07-04T15:00:40-07:00,,106
1783202500,2026-07-04T15:01:40-07:00,,155
1783202560,2026-07-04T15:02:40-07:00,,57
1783202620,2026-07-04T15:03:40-07:00,,98
1783202680,2026-07-04T15:04:40-07:00,,131
1783202740,2026-07-04T15:05:40-07:00,,44
1783202800,2026-07-04T15:06:40-07:00,,106
1783202860,2026-07-04T15:07:40-07:00,,38
1783202920,2026-07-04T15:08:40-07:00,,145
1783202980,2026-07-04T15:09:40-07:00,,106
1783203040,2026-07-04T15:10:40-07:00,,113
1783203100,2026-07-04T15:11:40-07:00,,77
1783203160,2026-07-04T15:12:40-07:00,,77
1783203220,2026-07-04T15:13:40-07:00,,40
1783203280,2026-07-04T15:14:40-07:00,,125
1783203340,2026-07-04T15:15:40-07:00,,119
1783203400,2026-07-04T15:16:40-07:00,,82
1783203460,2026-07-04T15:17:40-07:00,,80
1783203520,2026-07-04T15:18:40-07:00,,108
1783203580,2026-07-04T15:19:40-07:00,,93
1783203640,2026-07-04T15:20:40-07:00,,71
1783203700,2026-07-04T15:21:40-07:00,,81
1783203760,2026-07-04T15:22:40-07:00,,81
1783203820,2026-07-04T15:23:40-07:00,,123
1783203880,2026-07-04T15:24:40-07:00,,83
1783203940,2026-07-04T15:25:40-07:00,,51
1783204000,2026-07-04T15:26:40-07:00,,100
1783204060,2026-07-04T15:27:40-07:00,,60
1783204120,2026-07-04T15:28:40-07:00,,85
1783204180,2026-07-04T15:29:40-07:00,,187
1783204240,2026-07-04T15:30:40-07:00,,114
1783204300,2026-07-04T15:31:40-07:00,,63
1783204360,2026-07-04T15:32:40-07:00,,136
1783204420,2026-07-04T15:33:40-07:00,,103
1783204480,2026-07-04T15:34:40-07:00,,103
1783204540,2026-07-04T15:35:40-07:00,,122
1783204600,2026-07-04T15:36:40-07:00,,39
1783204660,2026-07-04T15:37:40-07:00,,162
1783204720,2026-07-04T15:38:40-07:00,,40
1783204780,2026-07-04T15:39:40-07:00,,54
1783204840,2026-07-04T15:40:40-07:00,,43
1783204900,2026-07-04T15:41:40-07:00,,31
1783204960,2026-07-04T15:42:40-07:00,,24
1783205020,2026-07-04T15:43:40-07:00,,42
1783205080,2026-07-04T15:44:40-07:00,,29
1783205140,2026-07-04T15:45:40-07:00,,50
1783205200,2026-07-04T15:46:40-07:00,,134
1783205260,2026-07-04T15:47:40-07:00,,72
1783205320,2026-07-04T15:48:40-07:00,,40
1783205380,2026-07-04T15:49:40-07:00,,33
1783205440,2026-07-04T15:50:40-07:00,,70
1783205500,2026-07-04T15:51:40-07:00,,68
1783205560,2026-07-04T15:52:40-07:00,,89
1783205620,2026-07-04T15:53:40-07:00,,89
1783205680,2026-07-04T15:54:40-07:00,,89
1783205740,2026-07-04T15:55:40-07:00,,35
1783205800,2026-07-04T15:56:40-07:00,,99
1783205860,2026-07-04T15:57:40-07:00,,19
1783205920,2026-07-04T15:58:40-07:00,,41
1783205980,2026-07-04T15:59:40-07:00,,126
1783206040,2026-07-04T16:00:40-07:00,,73
1783206100,2026-07-04T16:01:40-07:00,,84
1783206160,2026-07-04T16:02:40-07:00,,84
1783206220,2026-07-04T16:03:40-07:00,,131
1783206280,2026-07-04T16:04:40-07:00,,84
1783206340,2026-07-04T16:05:40-07:00,,51
1783206400,2026-07-04T16:06:40-07:00,,8
1783206460,2026-07-04T16:07:40-07:00,,90
1783206520,2026-07-04T16:08:40-07:00,,102
1783206580,2026-07-04T16:09:40-07:00,,40
1783206640,2026-07-04T16:10:40-07:00,,20
1783206700,2026-07-04T16:11:40-07:00,,38
1783206760,2026-07-04T16:12:40-07:00,,17
1783206820,2026-07-04T16:13:40-07:00,,25
1783206880,2026-07-04T16:14:40-07:00,,41
1783206940,2026-07-04T16:15:40-07:00,,26
1783207000,2026-07-04T16:16:40-07:00,,26
1783207060,2026-07-04T16:17:40-07:00,,39
1783207120,2026-07-04T16:18:40-07:00,,39
1783207180,2026-07-04T16:19:40-07:00,,22
1783207240,2026-07-04T16:20:40-07:00,,22
1783207300,2026-07-04T16:21:40-07:00,,22
1783207360,2026-07-04T16:22:40-07:00,,22
1783207420,2026-07-04T16:23:40-07:00,,22
1783207480,2026-07-04T16:24:40-07:00,,47
1783207540,2026-07-04T16:25:40-07:00,,61
1783207600,2026-07-04T16:26:40-07:00,,33
1783207660,2026-07-04T16:27:40-07:00,,25
1783207720,2026-07-04T16:28:40-07:00,,130
1783207780,2026-07-04T16:29:40-07:00,,60
1783207840,2026-07-04T16:30:40-07:00,,49
1783207900,2026-07-04T16:31:40-07:00,,79
1783207960,2026-07-04T16:32:40-07:00,,79
1783208020,2026-07-04T16:33:40-07:00,,79
1783208080,2026-07-04T16:34:40-07:00,,91
1783208140,2026-07-04T16:35:40-07:00,,91
1783208200,2026-07-04T16:36:40-07:00,,91
1783208260,2026-07-04T16:37:40-07:00,,65
1783208320,2026-07-04T16:38:40-07:00,,65
1783208380,2026-07-04T16:39:40-07:00,,65
1783208440,2026-07-04T16:40:40-07:00,,19
1783208500,2026-07-04T16:41:40-07:00,,19
1783208560,2026-07-04T16:42:40-07:00,,30
1783208620,2026-07-04T16:43:40-07:00,,36
1783208680,2026-07-04T16:44:40-07:00,,77
1783208740,2026-07-04T16:45:40-07:00,,77
1783208800,2026-07-04T16:46:40-07:00,,164
1783208860,2026-07-04T16:47:40-07:00,,152
1783208920,2026-07-04T16:48:40-07:00,,63
1783208980,2026-07-04T16:49:40-07:00,,137
1783209040,2026-07-04T16:50:40-07:00,,137
1783209100,2026-07-04T16:51:40-07:00,,67
1783209160,2026-07-04T16:52:40-07:00,,67
1783209220,2026-07-04T16:53:40-07:00,,67
1783209280,2026-07-04T16:54:40-07:00,,63
1783209340,2026-07-04T16:55:40-07:00,,44
1783209400,2026-07-04T16:56:40-07:00,,100
1783209460,2026-07-04T16:57:40-07:00,,143
1783209520,2026-07-04T16:58:40-07:00,,143
1783209580,2026-07-04T16:59:40-07:00,,190
1783209640,2026-07-04T17:00:40-07:00,,172
1783209700,2026-07-04T17:01:40-07:00,,132
1783209760,2026-07-04T17:02:40-07:00,,132
1783209820,2026-07-04T17:03:40-07:00,,36
1783209880,2026-07-04T17:04:40-07:00,,58
1783209940,2026-07-04T17:05:40-07:00,,58
1783210000,2026-07-04T17:06:40-07:00,,58
1783210060,2026-07-04T17:07:40-07:00,,6
1783210120,2026-07-04T17:08:40-07:00,,6
1783210180,2026-07-04T17:09:40-07:00,,95
1783210240,2026-07-04T17:10:40-07:00,,143
1783210300,2026-07-04T17:11:40-07:00,,143
1783210360,2026-07-04T17:12:40-07:00,,30
1783210420,2026-07-04T17:13:40-07:00,,30
1783210480,2026-07-04T17:14:40-07:00,,30
1783210540,2026-07-04T17:15:40-07:00,,114
1783210600,2026-07-04T17:16:40-07:00,,96
1783210660,2026-07-04T17:17:40-07:00,,86
1783210720,2026-07-04T17:18:40-07:00,,86
1783210780,2026-07-04T17:19:40-07:00,,86
1783210840,2026-07-04T17:20:40-07:00,,35
1783210900,2026-07-04T17:21:40-07:00,,35
1783210960,2026-07-04T17:22:40-07:00,,83
1783211020,2026-07-04T17:23:40-07:00,,43
1783211080,2026-07-04T17:24:40-07:00,,43
1783211140,2026-07-04T17:25:40-07:00,,43
1783211200,2026-07-04T17:26:40-07:00,,43
1783211260,2026-07-04T17:27:40-07:00,,43
1783211320,2026-07-04T17:28:40-07:00,,0
1783211380,2026-07-04T17:29:40-07:00,,0
1783211440,2026-07-04T17:30:40-07:00,,0
1783211500,2026-07-04T17:31:40-07:00,,40
1783211560,2026-07-04T17:32:40-07:00,,65
1783211620,2026-07-04T17:33:40-07:00,,54
1783211680,2026-07-04T17:34:40-07:00,,91
1783211740,2026-07-04T17:35:40-07:00,,105
1783211800,2026-07-04T17:36:40-07:00,,105
1783211860,2026-07-04T17:37:40-07:00,,91
1783211920,2026-07-04T17:38:40-07:00,,68
1783211980,2026-07-04T17:39:40-07:00,,35
1783212040,2026-07-04T17:40:40-07:00,,136
1783212100,2026-07-04T17:41:40-07:00,,136
1783212160,2026-07-04T17:42:40-07:00,,66
1783212220,2026-07-04T17:43:40-07:00,,66
1783212280,2026-07-04T17:44:40-07:00,,66
1783212340,2026-07-04T17:45:40-07:00,,66
1783212400,2026-07-04T17:46:40-07:00,,74
1783212460,2026-07-04T17:47:40-07:00,,74
1783212520,2026-07-04T17:48:40-07:00,,20
1783212580,2026-07-04T17:49:40-07:00,,11
1783212640,2026-07-04T17:50:40-07:00,,21
1783212700,2026-07-04T17:51:40-07:00,,96
1783212760,2026-07-04T17:52:40-07:00,,55
1783212820,2026-07-04T17:53:40-07:00,,55
1783212880,2026-07-04T17:54:40-07:00,,34
1783212940,2026-07-04T17:55:40-07:00,,72
1783213000,2026-07-04T17:56:40-07:00,,94
1783213060,2026-07-04T17:57:40-07:00,,94
1783213120,2026-07-04T17:58:40-07:00,,129
1783213180,2026-07-04T17:59:40-07:00,,154
1783213240,2026-07-04T18:00:40-07:00,,154
1783213300,2026-07-04T18:01:40-07:00,,154
1783213360,2026-07-04T18:02:40-07:00,,57
1783213420,2026-07-04T18:03:40-07:00,,110
1783213480,2026-07-04T18:04:40-07:00,,51
1783213540,2026-07-04T18:05:40-07:00,,95
1783213600,2026-07-04T18:06:40-07:00,,95
1783213660,2026-07-04T18:07:40-07:00,,78
1783213720,2026-07-04T18:08:40-07:00,,78
1783213780,2026-07-04T18:09:40-07:00,,78
1783213840,2026-07-04T18:10:40-07:00,,78
1783213900,2026-07-04T18:11:40-07:00,,78
1783213960,2026-07-04T18:12:40-07:00,,22
1783214020,2026-07-04T18:13:40-07:00,,22
1783214080,2026-07-04T18:14:40-07:00,,56
1783214140,2026-07-04T18:15:40-07:00,,72
1783214200,2026-07-04T18:16:40-07:00,,144
1783214260,2026-07-04T18:17:40-07:00,,50
1783214320,2026-07-04T18:18:40-07:00,,56
1783214380,2026-07-04T18:19:40-07:00,,37
1783214440,2026-07-04T18:20:40-07:00,,104
1783214500,2026-07-04T18:21:40-07:00,,122
1783214560,2026-07-04T18:22:40-07:00,,35
1783214620,2026-07-04T18:23:40-07:00,,78
1783214680,2026-07-04T18:24:40-07:00,,149
1783214740,2026-07-04T18:25:40-07:00,,149
1783214800,2026-07-04T18:26:40-07:00,,259
1783214860,2026-07-04T18:27:40-07:00,,119
1783214920,2026-07-04T18:28:40-07:00,,83
1783214980,2026-07-04T18:29:40-07:00,,83
1783215040,2026-07-04T18:30:40-07:00,,95
1783215100,2026-07-04T18:31:40-07:00,,92
1783215160,2026-07-04T18:32:40-07:00,,93
1783215220,2026-07-04T18:33:40-07:00,,63
1783215280,2026-07-04T18:34:40-07:00,,60
1783215340,2026-07-04T18:35:40-07:00,,110
1783215400,2026-07-04T18:36:40-07:00,,113
1783215460,2026-07-04T18:37:40-07:00,,113
1783215520,2026-07-04T18:38:40-07:00,,90
1783215580,2026-07-04T18:39:40-07:00,,114
1783215640,2026-07-04T18:40:40-07:00,,81
1783215700,2026-07-04T18:41:40-07:00,,141
1783215760,2026-07-04T18:42:40-07:00,,76
1783215820,2026-07-04T18:43:40-07:00,,46
1783215880,2026-07-04T18:44:40-07:00,,63
1783215940,2026-07-04T18:45:40-07:00,,97
1783216000,2026-07-04T18:46:40-07:00,,81
1783216060,2026-07-04T18:47:40-07:00,,63
1783216120,2026-07-04T18:48:40-07:00,,97
1783216180,2026-07-04T18:49:40-07:00,,148
1783216240,2026-07-04T18:50:40-07:00,,69
1783216300,2026-07-04T18:51:40-07:00,,68
1783216360,2026-07-04T18:52:40-07:00,,95
1783216420,2026-07-04T18:53:40-07:00,,75
1783216480,2026-07-04T18:54:40-07:00,,43
1783216540,2026-07-04T18:55:40-07:00,,43
1783216600,2026-07-04T18:56:40-07:00,,43
1783216660,2026-07-04T18:57:40-07:00,,66
1783216720,2026-07-04T18:58:40-07:00,,57
1783216780,2026-07-04T18:59:40-07:00,,92
1783216840,2026-07-04T19:00:40-07:00,,72
1783216900,2026-07-04T19:01:40-07:00,,92
1783216960,2026-07-04T19:02:40-07:00,,119
1783217020,2026-07-04T19:03:40-07:00,,126
1783217080,2026-07-04T19:04:40-07:00,,22
1783217140,2026-07-04T19:05:40-07:00,,119
1783217200,2026-07-04T19:06:40-07:00,,122
1783217260,2026-07-04T19:07:40-07:00,,69
1783217320,2026-07-04T19:08:40-07:00,,143
1783217380,2026-07-04T19:09:40-07:00,,198
1783217440,2026-07-04T19:10:40-07:00,,69
1783217500,2026-07-04T19:11:40-07:00,,63
1783217560,2026-07-04T19:12:40-07:00,,148
1783217620,2026-07-04T19:13:40-07:00,,123
1783217680,2026-07-04T19:14:40-07:00,,175
1783217740,2026-07-04T19:15:40-07:00,,98
1783217800,2026-07-04T19:16:40-07:00,,98
1783217860,2026-07-04T19:17:40-07:00,,113
1783217920,2026-07-04T19:18:40-07:00,,175
1783217980,2026-07-04T19:19:40-07:00,,49
1783218040,2026-07-04T19:20:40-07:00,,77
1783218100,2026-07-04T19:21:40-07:00,,104
1783218160,2026-07-04T19:22:40-07:00,,91
1783218220,2026-07-04T19:23:40-07:00,,58
1783218280,2026-07-04T19:24:40-07:00,,100
1783218340,2026-07-04T19:25:40-07:00,,80
1783218400,2026-07-04T19:26:40-07:00,,60
1783218460,2026-07-04T19:27:40-07:00,,88
1783218520,2026-07-04T19:28:40-07:00,,158
1783218580,2026-07-04T19:29:40-07:00,,86
1783218640,2026-07-04T19:30:40-07:00,,86
1783218700,2026-07-04T19:31:40-07:00,,41
1783218760,2026-07-04T19:32:40-07:00,,94
1783218820,2026-07-04T19:33:40-07:00,,63
1783218880,2026-07-04T19:34:40-07:00,,98
1783218940,2026-07-04T19:35:40-07:00,,133
1783219000,2026-07-04T19:36:40-07:00,,156
1783219060,2026-07-04T19:37:40-07:00,,163
1783219120,2026-07-04T19:38:40-07:00,,67
1783219180,2026-07-04T19:39:40-07:00,,123
1783219240,2026-07-04T19:40:40-07:00,,123
1783219300,2026-07-04T19:41:40-07:00,,116
1783219360,2026-07-04T19:42:40-07:00,,105
1783219420,2026-07-04T19:43:40-07:00,,205
1783219480,2026-07-04T19:44:40-07:00,,79
1783219540,2026-07-04T19:45:40-07:00,,22
1783219600,2026-07-04T19:46:40-07:00,,121
1783219660,2026-07-04T19:47:40-07:00,,96
1783219720,2026-07-04T19:48:40-07:00,,61
1783219780,2026-07-04T19:49:40-07:00,,80
1783219840,2026-07-04T19:50:40-07:00,,88
1783219900,2026-07-04T19:51:40-07:00,,100
1783219960,2026-07-04T19:52:40-07:00,,117
1783220020,2026-07-04T19:53:40-07:00,,117
1783220080,2026-07-04T19:54:40-07:00,,104
1783220140,2026-07-04T19:55:40-07:00,,100
1783220200,2026-07-04T19:56:40-07:00,,114
1783220260,2026-07-04T19:57:40-07:00,,88
1783220320,2026-07-04T19:58:40-07:00,,72
1783220380,2026-07-04T19:59:40-07:00,,131
1783220440,2026-07-04T20:00:40-07:00,,73
1783220500,2026-07-04T20:01:40-07:00,,89
1783220560,2026-07-04T20:02:40-07:00,,39
1783220620,2026-07-04T20:03:40-07:00,,108
1783220680,2026-07-04T20:04:40-07:00,,71
1783220740,2026-07-04T20:05:40-07:00,,138
1783220800,2026-07-04T20:06:40-07:00,,49
1783220860,2026-07-04T20:07:40-07:00,,102
1783220920,2026-07-04T20:08:40-07:00,,31
1783220980,2026-07-04T20:09:40-07:00,,31
1783221040,2026-07-04T20:10:40-07:00,,71
1783221100,2026-07-04T20:11:40-07:00,,133
1783221160,2026-07-04T20:12:40-07:00,,201
1783221220,2026-07-04T20:13:40-07:00,,57
1783221280,2026-07-04T20:14:40-07:00,,149
1783221340,2026-07-04T20:15:40-07:00,,21
1783221400,2026-07-04T20:16:40-07:00,,44
1783221460,2026-07-04T20:17:40-07:00,,56
1783221520,2026-07-04T20:18:40-07:00,,116
1783221580,2026-07-04T20:19:40-07:00,,88
1783221640,2026-07-04T20:20:40-07:00,,115
1783221700,2026-07-04T20:21:40-07:00,,89
1783221760,2026-07-04T20:22:40-07:00,,99
1783221820,2026-07-04T20:23:40-07:00,,111
1783221880,2026-07-04T20:24:40-07:00,,85
1783221940,2026-07-04T20:25:40-07:00,,66
1783222000,2026-07-04T20:26:40-07:00,,66
1783222060,2026-07-04T20:27:40-07:00,,92
1783222120,2026-07-04T20:28:40-07:00,,90
1783222180,2026-07-04T20:29:40-07:00,,83
1783222240,2026-07-04T20:30:40-07:00,,91
1783222300,2026-07-04T20:31:40-07:00,,87
1783222360,2026-07-04T20:32:40-07:00,,43
1783222420,2026-07-04T20:33:40-07:00,,117
1783222480,2026-07-04T20:34:40-07:00,,68
1783222540,2026-07-04T20:35:40-07:00,,68
1783222600,2026-07-04T20:36:40-07:00,,134
1783222660,2026-07-04T20:37:40-07:00,,108
1783222720,2026-07-04T20:38:40-07:00,,134
1783222780,2026-07-04T20:39:40-07:00,,99
1783222840,2026-07-04T20:40:40-07:00,,126
1783222900,2026-07-04T20:41:40-07:00,,100
1783222960,2026-07-04T20:42:40-07:00,,67
1783223020,2026-07-04T20:43:40-07:00,,102
1783223080,2026-07-04T20:44:40-07:00,,129
1783223140,2026-07-04T20:45:40-07:00,,129
1783223200,2026-07-04T20:46:40-07:00,,93
1783223260,2026-07-04T20:47:40-07:00,,89
1783223320,2026-07-04T20:48:40-07:00,,59
1783223380,2026-07-04T20:49:40-07:00,,84
1783223440,2026-07-04T20:50:40-07:00,,96
1783223500,2026-07-04T20:51:40-07:00,,93
1783223560,2026-07-04T20:52:40-07:00,,142
1783223620,2026-07-04T20:53:40-07:00,,123
1783223680,2026-07-04T20:54:40-07:00,,110
1783223740,2026-07-04T20:55:40-07:00,,110
1783223800,2026-07-04T20:56:40-07:00,,73
1783223860,2026-07-04T20:57:40-07:00,,87
1783223920,2026-07-04T20:58:40-07:00,,64
1783223980,2026-07-04T20:59:40-07:00,,68
1783224040,2026-07-04T21:00:40-07:00,,29
1783224100,2026-07-04T21:01:40-07:00,,21
1783224160,2026-07-04T21:02:40-07:00,,31
1783224220,2026-07-04T21:03:40-07:00,,135
1783224280,2026-07-04T21:04:40-07:00,,121
1783224340,2026-07-04T21:05:40-07:00,,37
1783224400,2026-07-04T21:06:40-07:00,,120
1783224460,2026-07-04T21:07:40-07:00,,58
1783224520,2026-07-04T21:08:40-07:00,,69
1783224580,2026-07-04T21:09:40-07:00,,36
1783224640,2026-07-04T21:10:40-07:00,,193
1783224700,2026-07-04T21:11:40-07:00,,133
1783224760,2026-07-04T21:12:40-07:00,,128
1783224820,2026-07-04T21:13:40-07:00,,135
1783224880,2026-07-04T21:14:40-07:00,,135
1783224940,2026-07-04T21:15:40-07:00,,92
1783225000,2026-07-04T21:16:40-07:00,,124
1783225060,2026-07-04T21:17:40-07:00,,109
1783225120,2026-07-04T21:18:40-07:00,,124
1783225180,2026-07-04T21:19:40-07:00,,67
1783225240,2026-07-04T21:20:40-07:00,,109
1783225300,2026-07-04T21:21:40-07:00,,23
1783225360,2026-07-04T21:22:40-07:00,,59
1783225420,2026-07-04T21:23:40-07:00,,81
1783225480,2026-07-04T21:24:40-07:00,,63
1783225540,2026-07-04T21:25:40-07:00,,107
1783225600,2026-07-04T21:26:40-07:00,,117
1783225660,2026-07-04T21:27:40-07:00,,202
1783225720,2026-07-04T21:28:40-07:00,,41
1783225780,2026-07-04T21:29:40-07:00,,41
1783225840,2026-07-04T21:30:40-07:00,,79
1783225900,2026-07-04T21:31:40-07:00,,137
1783225960,2026-07-04T21:32:40-07:00,,59
1783226020,2026-07-04T21:33:40-07:00,,130
1783226080,2026-07-04T21:34:40-07:00,,85
1783226140,2026-07-04T21:35:40-07:00,,21
1783226200,2026-07-04T21:36:40-07:00,,150
1783226260,2026-07-04T21:37:40-07:00,,33
1783226320,2026-07-04T21:38:40-07:00,,55
1783226380,2026-07-04T21:39:40-07:00,,31
1783226440,2026-07-04T21:40:40-07:00,,68
1783226500,2026-07-04T21:41:40-07:00,,68
1783226560,2026-07-04T21:42:40-07:00,,40
1783226620,2026-07-04T21:43:40-07:00,,94
1783226680,2026-07-04T21:44:40-07:00,,39
1783226740,2026-07-04T21:45:40-07:00,,126
1783226800,2026-07-04T21:46:40-07:00,,86
1783226860,2026-07-04T21:47:40-07:00,,113
1783226920,2026-07-04T21:48:40-07:00,,32
1783226980,2026-07-04T21:49:40-07:00,,104
1783227040,2026-07-04T21:50:40-07:00,,170
1783227100,2026-07-04T21:51:40-07:00,,105
1783227160,2026-07-04T21:52:40-07:00,,75
1783227220,2026-07-04T21:53:40-07:00,,72
1783227280,2026-07-04T21:54:40-07:00,,48
1783227340,2026-07-04T21:55:40-07:00,,48
1783227400,2026-07-04T21:56:40-07:00,,111
1783227460,2026-07-04T21:57:40-07:00,,126
1783227520,2026-07-04T21:58:40-07:00,,58
1783227580,2026-07-04T21:59:40-07:00,,56
1783227640,2026-07-04T22:00:40-07:00,,45
1783227700,2026-07-04T22:01:40-07:00,,55
1783227760,2026-07-04T22:02:40-07:00,,58
1783227820,2026-07-04T22:03:40-07:00,,98
1783227880,2026-07-04T22:04:40-07:00,,133
1783227940,2026-07-04T22:05:40-07:00,,133
1783228000,2026-07-04T22:06:40-07:00,,51
1783228060,2026-07-04T22:07:40-07:00,,56
1783228120,2026-07-04T22:08:40-07:00,,24
1783228180,2026-07-04T22:09:40-07:00,,68
1783228240,2026-07-04T22:10:40-07:00,,66
1783228300,2026-07-04T22:11:40-07:00,,64
1783228360,2026-07-04T22:12:40-07:00,,94
1783228420,2026-07-04T22:13:40-07:00,,77
1783228480,2026-07-04T22:14:40-07:00,,134
1783228540,2026-07-04T22:15:40-07:00,,65
1783228600,2026-07-04T22:16:40-07:00,,102
1783228660,2026-07-04T22:17:40-07:00,,92
1783228720,2026-07-04T22:18:40-07:00,,61
1783228780,2026-07-04T22:19:40-07:00,,77
1783228840,2026-07-04T22:20:40-07:00,,39
1783228900,2026-07-04T22:21:40-07:00,,39
1783228960,2026-07-04T22:22:40-07:00,,87
1783229020,2026-07-04T22:23:40-07:00,,75
1783229080,2026-07-04T22:24:40-07:00,,45
1783229140,2026-07-04T22:25:40-07:00,,176
1783229200,2026-07-04T22:26:40-07:00,,111
1783229260,2026-07-04T22:27:40-07:00,,53
1783229320,2026-07-04T22:28:40-07:00,,179
1783229380,2026-07-04T22:29:40-07:00,,71
1783229440,2026-07-04T22:30:40-07:00,,73
1783229500,2026-07-04T22:31:40-07:00,,94
1783229560,2026-07-04T22:32:40-07:00,,58
1783229620,2026-07-04T22:33:40-07:00,,85
1783229680,2026-07-04T22:34:40-07:00,,57
1783229740,2026-07-04T22:35:40-07:00,,54
1783229800,2026-07-04T22:36:40-07:00,,25
1783229860,2026-07-04T22:37:40-07:00,,40
1783229920,2026-07-04T22:38:40-07:00,,40
1783229980,2026-07-04T22:39:40-07:00,,100
1783230040,2026-07-04T22:40:40-07:00,,86
1783230100,2026-07-04T22:41:40-07:00,,68
1783230160,2026-07-04T22:42:40-07:00,,8
1783230220,2026-07-04T22:43:40-07:00,,125
1783230280,2026-07-04T22:44:40-07:00,,112
1783230340,2026-07-04T22:45:40-07:00,,70
1783230400,2026-07-04T22:46:40-07:00,,105
1783230460,2026-07-04T22:47:40-07:00,,130
1783230520,2026-07-04T22:48:40-07:00,,136
1783230580,2026-07-04T22:49:40-07:00,,124
1783230640,2026-07-04T22:50:40-07:00,,130
1783230700,2026-07-04T22:51:40-07:00,,74
1783230760,2026-07-04T22:52:40-07:00,,122
1783230820,2026-07-04T22:53:40-07:00,,78
1783230880,2026-07-04T22:54:40-07:00,,97
1783230940,2026-07-04T22:55:40-07:00,,97
1783231000,2026-07-04T22:56:40-07:00,,150
1783231060,2026-07-04T22:57:40-07:00,,92
1783231120,2026-07-04T22:58:40-07:00,,52
1783231180,2026-07-04T22:59:40-07:00,,51
1783231240,2026-07-04T23:00:40-07:00,,81
1783231300,2026-07-04T23:01:40-07:00,,98
1783231360,2026-07-04T23:02:40-07:00,,80
1783231420,2026-07-04T23:03:40-07:00,,116
1783231480,2026-07-04T23:04:40-07:00,,94
1783231540,2026-07-04T23:05:40-07:00,,225
1783231600,2026-07-04T23:06:40-07:00,,100
1783231660,2026-07-04T23:07:40-07:00,,175
1783231720,2026-07-04T23:08:40-07:00,,95
1783231780,2026-07-04T23:09:40-07:00,,87
1783231840,2026-07-04T23:10:40-07:00,,134
1783231900,2026-07-04T23:11:40-07:00,,86
1783231960,2026-07-04T23:12:40-07:00,,99
1783232020,2026-07-04T23:13:40-07:00,,164
1783232080,2026-07-04T23:14:40-07:00,,164
1783232140,2026-07-04T23:15:40-07:00,,101
1783232200,2026-07-04T23:16:40-07:00,,139
1783232260,2026-07-04T23:17:40-07:00,,129
1783232320,2026-07-04T23:18:40-07:00,,97
1783232380,2026-07-04T23:19:40-07:00,,93
1783232440,2026-07-04T23:20:40-07:00,,68
1783232500,2026-07-04T23:21:40-07:00,,150
1783232560,2026-07-04T23:22:40-07:00,,120
1783232620,2026-07-04T23:23:40-07:00,,68
1783232680,2026-07-04T23:24:40-07:00,,99
1783232740,2026-07-04T23:25:40-07:00,,30
1783232800,2026-07-04T23:26:40-07:00,,46
1783232860,2026-07-04T23:27:40-07:00,,127
1783232920,2026-07-04T23:28:40-07:00,,127
1783232980,2026-07-04T23:29:40-07:00,,130
1783233040,2026-07-04T23:30:40-07:00,,40
1783233100,2026-07-04T23:31:40-07:00,,113
1783233160,2026-07-04T23:32:40-07:00,,69
1783233220,2026-07-04T23:33:40-07:00,,122
1783233280,2026-07-04T23:34:40-07:00,,180
1783233340,2026-07-04T23:35:40-07:00,,96
1783233400,2026-07-04T23:36:40-07:00,,141
1783233460,2026-07-04T23:37:40-07:00,,101
1783233520,2026-07-04T23:38:40-07:00,,123
1783233580,2026-07-04T23:39:40-07:00,,114
1783233640,2026-07-04T23:40:40-07:00,,76
1783233700,2026-07-04T23:41:40-07:00,,73
1783233760,2026-07-04T23:42:40-07:00,,47
1783233820,2026-07-04T23:43:40-07:00,,93
1783233880,2026-07-04T23:44:40-07:00,,120
1783233940,2026-07-04T23:45:40-07:00,,87
1783234000,2026-07-04T23:46:40-07:00,,29
1783234060,2026-07-04T23:47:40-07:00,,13
1783234120,2026-07-04T23:48:40-07:00,,106
1783234180,2026-07-04T23:49:40-07:00,,55
1783234240,2026-07-04T23:50:40-07:00,,50
1783234300,2026-07-04T23:51:40-07:00,,112
1783234360,2026-07-04T23:52:40-07:00,,112
1783234420,2026-07-04T23:53:40-07:00,,96
1783234480,2026-07-04T23:54:40-07:00,,96
1783234540,2026-07-04T23:55:40-07:00,,80
1783234600,2026-07-04T23:56:40-07:00,,92
1783234660,2026-07-04T23:57:40-07:00,,67
1783234720,2026-07-04T23:58:40-07:00,,21
1783234780,2026-07-04T23:59:40-07:00,,112
1783234840,2026-07-05T00:00:40-07:00,,68
1783234900,2026-07-05T00:01:40-07:00,,107
1783234960,2026-07-05T00:02:40-07:00,,211
1783235020,2026-07-05T00:03:40-07:00,,113
1783235080,2026-07-05T00:04:40-07:00,,121
1783235140,2026-07-05T00:05:40-07:00,,189
1783235200,2026-07-05T00:06:40-07:00,,32
1783235260,2026-07-05T00:07:40-07:00,,62
1783235320,2026-07-05T00:08:40-07:00,,85
1783235380,2026-07-05T00:09:40-07:00,,70
1783235440,2026-07-05T00:10:40-07:00,,108
1783235500,2026-07-05T00:11:40-07:00,,89
1783235560,2026-07-05T00:12:40-07:00,,111
1783235620,2026-07-05T00:13:40-07:00,,106
1783235680,2026-07-05T00:14:40-07:00,,48
1783235740,2026-07-05T00:15:40-07:00,,67
1783235800,2026-07-05T00:16:40-07:00,,163
1783235860,2026-07-05T00:17:40-07:00,,65
1783235920,2026-07-05T00:18:40-07:00,,22
1783235980,2026-07-05T00:19:40-07:00,,159
1783236040,2026-07-05T00:20:40-07:00,,111
1783236100,2026-07-05T00:21:40-07:00,,161
1783236160,2026-07-05T00:22:40-07:00,,64
1783236220,2026-07-05T00:23:40-07:00,,89
1783236280,2026-07-05T00:24:40-07:00,,57
1783236340,2026-07-05T00:25:40-07:00,,172
1783236400,2026-07-05T00:26:40-07:00,,172
1783236460,2026-07-05T00:27:40-07:00,,160
1783236520,2026-07-05T00:28:40-07:00,,41
1783236580,2026-07-05T00:29:40-07:00,,123
1783236640,2026-07-05T00:30:40-07:00,,90
1783236700,2026-07-05T00:31:40-07:00,,96
1783236760,2026-07-05T00:32:40-07:00,,71
1783236820,2026-07-05T00:33:40-07:00,,149
1783236880,2026-07-05T00:34:40-07:00,,106
1783236940,2026-07-05T00:35:40-07:00,,87
1783237000,2026-07-05T00:36:40-07:00,,141
1783237060,2026-07-05T00:37:40-07:00,,56
1783237120,2026-07-05T00:38:40-07:00,,122
1783237180,2026-07-05T00:39:40-07:00,,118
1783237240,2026-07-05T00:40:40-07:00,,84
1783237300,2026-07-05T00:41:40-07:00,,80
1783237360,2026-07-05T00:42:40-07:00,,181
1783237420,2026-07-05T00:43:40-07:00,,73
1783237480,2026-07-05T00:44:40-07:00,,68
1783237540,2026-07-05T00:45:40-07:00,,148
1783237600,2026-07-05T00:46:40-07:00,,151
1783237660,2026-07-05T00:47:40-07:00,,207
1783237720,2026-07-05T00:48:40-07:00,,117
1783237780,2026-07-05T00:49:40-07:00,,107
1783237840,2026-07-05T00:50:40-07:00,,120
1783237900,2026-07-05T00:51:40-07:00,,57
1783237960,2026-07-05T00:52:40-07:00,,82
1783238020,2026-07-05T00:53:40-07:00,,94
1783238080,2026-07-05T00:54:40-07:00,,105
1783238140,2026-07-05T00:55:40-07:00,,116
1783238200,2026-07-05T00:56:40-07:00,,59
1783238260,2026-07-05T00:57:40-07:00,,112
1783238320,2026-07-05T00:58:40-07:00,,163
1783238380,2026-07-05T00:59:40-07:00,,52
1783238440,2026-07-05T01:00:40-07:00,,73
1783238500,2026-07-05T01:01:40-07:00,,53
1783238560,2026-07-05T01:02:40-07:00,,37
1783238620,2026-07-05T01:03:40-07:00,,119
1783238680,2026-07-05T01:04:40-07:00,,49
1783238740,2026-07-05T01:05:40-07:00,,64
1783238800,2026-07-05T01:06:40-07:00,,111
1783238860,2026-07-05T01:07:40-07:00,,66
1783238920,2026-07-05T01:08:40-07:00,,29
1783238980,2026-07-05T01:09:40-07:00,,81
1783239040,2026-07-05T01:10:40-07:00,,33
1783239100,2026-07-05T01:11:40-07:00,,46
1783239160,2026-07-05T01:12:40-07:00,,60
1783239220,2026-07-05T01:13:40-07:00,,60
1783239280,2026-07-05T01:14:40-07:00,,34
1783239340,2026-07-05T01:15:40-07:00,,44
1783239400,2026-07-05T01:16:40-07:00,,29
1783239460,2026-07-05T01:17:40-07:00,,47
1783239520,2026-07-05T01:18:40-07:00,,50
1783239580,2026-07-05T01:19:40-07:00,,61
1783239640,2026-07-05T01:20:40-07:00,,51
1783239700,2026-07-05T01:21:40-07:00,,35
1783239760,2026-07-05T01:22:40-07:00,,44
1783239820,2026-07-05T01:23:40-07:00,,58
1783239880,2026-07-05T01:24:40-07:00,,55
1783239940,2026-07-05T01:25:40-07:00,,69
1783240000,2026-07-05T01:26:40-07:00,,46
1783240060,2026-07-05T01:27:40-07:00,,94
1783240120,2026-07-05T01:28:40-07:00,,76
1783240180,2026-07-05T01:29:40-07:00,,26
1783240240,2026-07-05T01:30:40-07:00,,23
1783240300,2026-07-05T01:31:40-07:00,,40
1783240360,2026-07-05T01:32:40-07:00,,44
1783240420,2026-07-05T01:33:40-07:00,,28
1783240480,2026-07-05T01:34:40-07:00,,37
1783240540,2026-07-05T01:35:40-07:00,,47
1783240600,2026-07-05T01:36:40-07:00,,47
1783240660,2026-07-05T01:37:40-07:00,,59
1783240720,2026-07-05T01:38:40-07:00,,20
1783240780,2026-07-05T01:39:40-07:00,,41
1783240840,2026-07-05T01:40:40-07:00,,47
1783240900,2026-07-05T01:41:40-07:00,,43
1783240960,2026-07-05T01:42:40-07:00,,34
1783241020,2026-07-05T01:43:40-07:00,,51
1783241080,2026-07-05T01:44:40-07:00,,36
1783241140,2026-07-05T01:45:40-07:00,,63
1783241200,2026-07-05T01:46:40-07:00,,23
1783241260,2026-07-05T01:47:40-07:00,,40
1783241320,2026-07-05T01:48:40-07:00,,31
1783241380,2026-07-05T01:49:40-07:00,,35
1783241440,2026-07-05T01:50:40-07:00,,25
1783241500,2026-07-05T01:51:40-07:00,,38
1783241560,2026-07-05T01:52:40-07:00,,34
1783241620,2026-07-05T01:53:40-07:00,,38
1783241680,2026-07-05T01:54:40-07:00,,40
1783241740,2026-07-05T01:55:40-07:00,,49
1783241800,2026-07-05T01:56:40-07:00,,20
1783241860,2026-07-05T01:57:40-07:00,,14
1783241920,2026-07-05T01:58:40-07:00,,27
1783241980,2026-07-05T01:59:40-07:00,,22
1783242040,2026-07-05T02:00:40-07:00,,46
1783242100,2026-07-05T02:01:40-07:00,,27
1783242160,2026-07-05T02:02:40-07:00,,37
1783242220,2026-07-05T02:03:40-07:00,,41
1783242280,2026-07-05T02:04:40-07:00,,27
1783242340,2026-07-05T02:05:40-07:00,,77
1783242400,2026-07-05T02:06:40-07:00,,22
1783242460,2026-07-05T02:07:40-07:00,,35
1783242520,2026-07-05T02:08:40-07:00,,29
1783242580,2026-07-05T02:09:40-07:00,,22
1783242640,2026-07-05T02:10:40-07:00,,27
1783242700,2026-07-05T02:11:40-07:00,,24
1783242760,2026-07-05T02:12:40-07:00,,32
1783242820,2026-07-05T02:13:40-07:00,,27
1783242880,2026-07-05T02:14:40-07:00,,32
1783242940,2026-07-05T02:15:40-07:00,,35
1783243000,2026-07-05T02:16:40-07:00,,41
1783243060,2026-07-05T02:17:40-07:00,,25
1783243120,2026-07-05T02:18:40-07:00,,25
1783243180,2026-07-05T02:19:40-07:00,,31
1783243240,2026-07-05T02:20:40-07:00,,35
1783243300,2026-07-05T02:21:40-07:00,,25
1783243360,2026-07-05T02:22:40-07:00,,47
1783243420,2026-07-05T02:23:40-07:00,,16
1783243480,2026-07-05T02:24:40-07:00,,22
1783243540,2026-07-05T02:25:40-07:00,,48
1783243600,2026-07-05T02:26:40-07:00,,36
1783243660,2026-07-05T02:27:40-07:00,,18
1783243720,2026-07-05T02:28:40-07:00,,19
1783243780,2026-07-05T02:29:40-07:00,,14
1783243840,2026-07-05T02:30:40-07:00,,26
1783243900,2026-07-05T02:31:40-07:00,,16
1783243960,2026-07-05T02:32:40-07:00,,29
1783244020,2026-07-05T02:33:40-07:00,,37
1783244080,2026-07-05T02:34:40-07:00,,33
1783244140,2026-07-05T02:35:40-07:00,,44
1783244200,2026-07-05T02:36:40-07:00,,15
1783244260,2026-07-05T02:37:40-07:00,,18
1783244320,2026-07-05T02:38:40-07:00,,46
1783244380,2026-07-05T02:39:40-07:00,,24
1783244440,2026-07-05T02:40:40-07:00,,11
1783244500,2026-07-05T02:41:40-07:00,,26
1783244560,2026-07-05T02:42:40-07:00,,30
1783244620,2026-07-05T02:43:40-07:00,,45
1783244680,2026-07-05T02:44:40-07:00,,28
1783244740,2026-07-05T02:45:40-07:00,,31
1783244800,2026-07-05T02:46:40-07:00,,18
1783244860,2026-07-05T02:47:40-07:00,,31
1783244920,2026-07-05T02:48:40-07:00,,37
1783244980,2026-07-05T02:49:40-07:00,,24
1783245040,2026-07-05T02:50:40-07:00,,24
1783245100,2026-07-05T02:51:40-07:00,,34
1783245160,2026-07-05T02:52:40-07:00,,12
1783245220,2026-07-05T02:53:40-07:00,,18
1783245280,2026-07-05T02:54:40-07:00,,19
1783245340,2026-07-05T02:55:40-07:00,,52
1783245400,2026-07-05T02:56:40-07:00,,22
1783245460,2026-07-05T02:57:40-07:00,,16
1783245520,2026-07-05T02:58:40-07:00,,22
1783245580,2026-07-05T02:59:40-07:00,,25
1783245640,2026-07-05T03:00:40-07:00,,8
1783245700,2026-07-05T03:01:40-07:00,,6
1783245760,2026-07-05T03:02:40-07:00,,7
1783245820,2026-07-05T03:03:40-07:00,,8
1783245880,2026-07-05T03:04:40-07:00,,4
1783245940,2026-07-05T03:05:40-07:00,,6
1783246000,2026-07-05T03:06:40-07:00,,9
1783246060,2026-07-05T03:07:40-07:00,,30
1783246120,2026-07-05T03:08:40-07:00,,7
1783246180,2026-07-05T03:09:40-07:00,,4
1783246240,2026-07-05T03:10:40-07:00,,8
1783246300,2026-07-05T03:11:40-07:00,,11
1783246360,2026-07-05T03:12:40-07:00,,18
1783246420,2026-07-05T03:13:40-07:00,,13
1783246480,2026-07-05T03:14:40-07:00,,8
1783246540,2026-07-05T03:15:40-07:00,,11
1783246600,2026-07-05T03:16:40-07:00,,13
1783246660,2026-07-05T03:17:40-07:00,,6
1783246720,2026-07-05T03:18:40-07:00,,5
1783246780,2026-07-05T03:19:40-07:00,,5
1783246840,2026-07-05T03:20:40-07:00,,9
1783246900,2026-07-05T03:21:40-07:00,,4
1783246960,2026-07-05T03:22:40-07:00,,2
1783247020,2026-07-05T03:23:40-07:00,,26
1783247080,2026-07-05T03:24:40-07:00,,7
1783247140,2026-07-05T03:25:40-07:00,,10
1783247200,2026-07-05T03:26:40-07:00,,12
1783247260,2026-07-05T03:27:40-07:00,,7
1783247320,2026-07-05T03:28:40-07:00,,12
1783247380,2026-07-05T03:29:40-07:00,,9
1783247440,2026-07-05T03:30:40-07:00,,6
1783247500,2026-07-05T03:31:40-07:00,,6
1783247560,2026-07-05T03:32:40-07:00,,9
1783247620,2026-07-05T03:33:40-07:00,,16
1783247680,2026-07-05T03:34:40-07:00,,5
1783247740,2026-07-05T03:35:40-07:00,,7
1783247800,2026-07-05T03:36:40-07:00,,7
1783247860,2026-07-05T03:37:40-07:00,,15
1783247920,2026-07-05T03:38:40-07:00,,10
1783247980,2026-07-05T03:39:40-07:00,,12
1783248040,2026-07-05T03:40:40-07:00,,15
1783248100,2026-07-05T03:41:40-07:00,,18
1783248160,2026-07-05T03:42:40-07:00,,7
1783248220,2026-07-05T03:43:40-07:00,,9
1783248280,2026-07-05T03:44:40-07:00,,7
1783248340,2026-07-05T03:45:40-07:00,,10
1783248400,2026-07-05T03:46:40-07:00,,6
1783248460,2026-07-05T03:47:40-07:00,,23
1783248520,2026-07-05T03:48:40-07:00,,7
1783248580,2026-07-05T03:49:40-07:00,,28
1783248640,2026-07-05T03:50:40-07:00,,10
1783248700,2026-07-05T03:51:40-07:00,,6
1783248760,2026-07-05T03:52:40-07:00,,7
1783248820,2026-07-05T03:53:40-07:00,,8
1783248880,2026-07-05T03:54:40-07:00,,11
1783248940,2026-07-05T03:55:40-07:00,,15
1783249000,2026-07-05T03:56:40-07:00,,6
1783249060,2026-07-05T03:57:40-07:00,,42
1783249120,2026-07-05T03:58:40-07:00,,6
1783249180,2026-07-05T03:59:40-07:00,,3
1783249240,2026-07-05T04:00:40-07:00,,4
1783249300,2026-07-05T04:01:40-07:00,,8
1783249360,2026-07-05T04:02:40-07:00,,19
1783249420,2026-07-05T04:03:40-07:00,,16
1783249480,2026-07-05T04:04:40-07:00,,13
1783249540,2026-07-05T04:05:40-07:00,,17
1783249600,2026-07-05T04:06:40-07:00,,7
1783249660,2026-07-05T04:07:40-07:00,,24
1783249720,2026-07-05T04:08:40-07:00,,11
1783249780,2026-07-05T04:09:40-07:00,,6
1783249840,2026-07-05T04:10:40-07:00,,15
1783249900,2026-07-05T04:11:40-07:00,,10
1783249960,2026-07-05T04:12:40-07:00,,11
1783250020,2026-07-05T04:13:40-07:00,,9
1783250080,2026-07-05T04:14:40-07:00,,6
1783250140,2026-07-05T04:15:40-07:00,,5
1783250200,2026-07-05T04:16:40-07:00,,8
1783250260,2026-07-05T04:17:40-07:00,,13
1783250320,2026-07-05T04:18:40-07:00,,7
1783250380,2026-07-05T04:19:40-07:00,,7
1783250440,2026-07-05T04:20:40-07:00,,7
1783250500,2026-07-05T04:21:40-07:00,,11
1783250560,2026-07-05T04:22:40-07:00,,9
1783250620,2026-07-05T04:23:40-07:00,,32
1783250680,2026-07-05T04:24:40-07:00,,10
1783250740,2026-07-05T04:25:40-07:00,,11
1783250800,2026-07-05T04:26:40-07:00,,11
1783250860,2026-07-05T04:27:40-07:00,,13
1783250920,2026-07-05T04:28:40-07:00,,4
1783250980,2026-07-05T04:29:40-07:00,,13
1783251040,2026-07-05T04:30:40-07:00,,5
1783251100,2026-07-05T04:31:40-07:00,,14
1783251160,2026-07-05T04:32:40-07:00,,10
1783251220,2026-07-05T04:33:40-07:00,,5
1783251280,2026-07-05T04:34:40-07:00,,7
1783251340,2026-07-05T04:35:40-07:00,,6
1783251400,2026-07-05T04:36:40-07:00,,22
1783251460,2026-07-05T04:37:40-07:00,,16
1783251520,2026-07-05T04:38:40-07:00,,5
1783251580,2026-07-05T04:39:40-07:00,,13
1783251640,2026-07-05T04:40:40-07:00,,16
1783251700,2026-07-05T04:41:40-07:00,,6
1783251760,2026-07-05T04:42:40-07:00,,5
1783251820,2026-07-05T04:43:40-07:00,,22
1783251880,2026-07-05T04:44:40-07:00,,14
1783251940,2026-07-05T04:45:40-07:00,,6
1783252000,2026-07-05T04:46:40-07:00,,4
1783252060,2026-07-05T04:47:40-07:00,,20
1783252120,2026-07-05T04:48:40-07:00,,8
1783252180,2026-07-05T04:49:40-07:00,,9
1783252240,2026-07-05T04:50:40-07:00,,5
1783252300,2026-07-05T04:51:40-07:00,,6
1783252360,2026-07-05T04:52:40-07:00,,6
1783252420,2026-07-05T04:53:40-07:00,,5
1783252480,2026-07-05T04:54:40-07:00,,9
1783252540,2026-07-05T04:55:40-07:00,,5
1783252600,2026-07-05T04:56:40-07:00,,14
1783252660,2026-07-05T04:57:40-07:00,,9
1783252720,2026-07-05T04:58:40-07:00,,28
1783252780,2026-07-05T04:59:40-07:00,,5
1783252840,2026-07-05T05:00:40-07:00,,12
1783252900,2026-07-05T05:01:40-07:00,,5
1783252960,2026-07-05T05:02:40-07:00,,9
1783253020,2026-07-05T05:03:40-07:00,,10
1783253080,2026-07-05T05:04:40-07:00,,14
1783253140,2026-07-05T05:05:40-07:00,,6
1783253200,2026-07-05T05:06:40-07:00,,4
1783253260,2026-07-05T05:07:40-07:00,,7
1783253320,2026-07-05T05:08:40-07:00,,5
1783253380,2026-07-05T05:09:40-07:00,,4
1783253440,2026-07-05T05:10:40-07:00,,5
1783253500,2026-07-05T05:11:40-07:00,,8
1783253560,2026-07-05T05:12:40-07:00,,4
1783253620,2026-07-05T05:13:40-07:00,,9
1783253680,2026-07-05T05:14:40-07:00,,6
1783253740,2026-07-05T05:15:40-07:00,,3
1783253800,2026-07-05T05:16:40-07:00,,6
1783253860,2026-07-05T05:17:40-07:00,,3
1783253920,2026-07-05T05:18:40-07:00,,10
1783253980,2026-07-05T05:19:40-07:00,,11
1783254040,2026-07-05T05:20:40-07:00,,14
1783254100,2026-07-05T05:21:40-07:00,,9
1783254160,2026-07-05T05:22:40-07:00,,16
1783254220,2026-07-05T05:23:40-07:00,,3
1783254280,2026-07-05T05:24:40-07:00,,6
1783254340,2026-07-05T05:25:40-07:00,,7
1783254400,2026-07-05T05:26:40-07:00,,14
1783254460,2026-07-05T05:27:40-07:00,,12
1783254520,2026-07-05T05:28:40-07:00,,18
1783254580,2026-07-05T05:29:40-07:00,,3
1783254640,2026-07-05T05:30:40-07:00,,7
1783254700,2026-07-05T05:31:40-07:00,,8
1783254760,2026-07-05T05:32:40-07:00,,6
1783254820,2026-07-05T05:33:40-07:00,,3
1783254880,2026-07-05T05:34:40-07:00,,19
1783254940,2026-07-05T05:35:40-07:00,,32
1783255000,2026-07-05T05:36:40-07:00,,4
1783255060,2026-07-05T05:37:40-07:00,,18
1783255120,2026-07-05T05:38:40-07:00,,20
1783255180,2026-07-05T05:39:40-07:00,,32
1783255240,2026-07-05T05:40:40-07:00,,10
1783255300,2026-07-05T05:41:40-07:00,,8
1783255360,2026-07-05T05:42:40-07:00,,14
1783255420,2026-07-05T05:43:40-07:00,,9
1783255480,2026-07-05T05:44:40-07:00,,44
1783255540,2026-07-05T05:45:40-07:00,,14
1783255600,2026-07-05T05:46:40-07:00,,24
1783255660,2026-07-05T05:47:40-07:00,,15
1783255720,2026-07-05T05:48:40-07:00,,9
1783255780,2026-07-05T05:49:40-07:00,,37
1783255840,2026-07-05T05:50:40-07:00,,22
1783255900,2026-07-05T05:51:40-07:00,,13
1783255960,2026-07-05T05:52:40-07:00,,25
1783256020,2026-07-05T05:53:40-07:00,,16
1783256080,2026-07-05T05:54:40-07:00,,17
1783256140,2026-07-05T05:55:40-07:00,,29
1783256200,2026-07-05T05:56:40-07:00,,20
1783256260,2026-07-05T05:57:40-07:00,,4
1783256320,2026-07-05T05:58:40-07:00,,19
1783256380,2026-07-05T05:59:40-07:00,,7
1783256440,2026-07-05T06:00:40-07:00,,6
1783256500,2026-07-05T06:01:40-07:00,,13
1783256560,2026-07-05T06:02:40-07:00,,9
1783256620,2026-07-05T06:03:40-07:00,,40
1783256680,2026-07-05T06:04:40-07:00,,17
1783256740,2026-07-05T06:05:40-07:00,,15
1783256800,2026-07-05T06:06:40-07:00,,24
1783256860,2026-07-05T06:07:40-07:00,,18
1783256920,2026-07-05T06:08:40-07:00,,13
1783256980,2026-07-05T06:09:40-07:00,,24
1783257040,2026-07-05T06:10:40-07:00,,5
1783257100,2026-07-05T06:11:40-07:00,,9
1783257160,2026-07-05T06:12:40-07:00,,4
1783257220,2026-07-05T06:13:40-07:00,,10
1783257280,2026-07-05T06:14:40-07:00,,19
1783257340,2026-07-05T06:15:40-07:00,,17
1783257400,2026-07-05T06:16:40-07:00,,7
1783257460,2026-07-05T06:17:40-07:00,,56
1783257520,2026-07-05T06:18:40-07:00,,26
1783257580,2026-07-05T06:19:40-07:00,,7
1783257640,2026-07-05T06:20:40-07:00,,20
1783257700,2026-07-05T06:21:40-07:00,,19
1783257760,2026-07-05T06:22:40-07:00,,19
1783257820,2026-07-05T06:23:40-07:00,,32
1783257880,2026-07-05T06:24:40-07:00,,47
1783257940,2026-07-05T06:25:40-07:00,,18
1783258000,2026-07-05T06:26:40-07:00,,27
1783258060,2026-07-05T06:27:40-07:00,,9
1783258120,2026-07-05T06:28:40-07:00,,37
1783258180,2026-07-05T06:29:40-07:00,,11
1783258240,2026-07-05T06:30:40-07:00,,45
1783258300,2026-07-05T06:31:40-07:00,,16
1783258360,2026-07-05T06:32:40-07:00,,14
1783258420,2026-07-05T06:33:40-07:00,,36
1783258480,2026-07-05T06:34:40-07:00,,18
1783258540,2026-07-05T06:35:40-07:00,,24
1783258600,2026-07-05T06:36:40-07:00,,39
1783258660,2026-07-05T06:37:40-07:00,,24
1783258720,2026-07-05T06:38:40-07:00,,24
1783258780,2026-07-05T06:39:40-07:00,,35
1783258840,2026-07-05T06:40:40-07:00,,47
1783258900,2026-07-05T06:41:40-07:00,,18
1783258960,2026-07-05T06:42:40-07:00,,24
1783259020,2026-07-05T06:43:40-07:00,,13
1783259080,2026-07-05T06:44:40-07:00,,28
1783259140,2026-07-05T06:45:40-07:00,,15
1783259200,2026-07-05T06:46:40-07:00,,61
1783259260,2026-07-05T06:47:40-07:00,,41
1783259320,2026-07-05T06:48:40-07:00,,31
1783259380,2026-07-05T06:49:40-07:00,,27
1783259440,2026-07-05T06:50:40-07:00,,26
1783259500,2026-07-05T06:51:40-07:00,,29
1783259560,2026-07-05T06:52:40-07:00,,43
1783259620,2026-07-05T06:53:40-07:00,,43
1783259680,2026-07-05T06:54:40-07:00,,27
1783259740,2026-07-05T06:55:40-07:00,,21
1783259800,2026-07-05T06:56:40-07:00,,24
1783259860,2026-07-05T06:57:40-07:00,,19
1783259920,2026-07-05T06:58:40-07:00,,33
1783259980,2026-07-05T06:59:40-07:00,,35
1783260040,2026-07-05T07:00:40-07:00,,27
1783260100,2026-07-05T07:01:40-07:00,,39
1783260160,2026-07-05T07:02:40-07:00,,49
1783260220,2026-07-05T07:03:40-07:00,,26
1783260280,2026-07-05T07:04:40-07:00,,44
1783260340,2026-07-05T07:05:40-07:00,,32
1783260400,2026-07-05T07:06:40-07:00,,24
1783260460,2026-07-05T07:07:40-07:00,,39
1783260520,2026-07-05T07:08:40-07:00,,43
1783260580,2026-07-05T07:09:40-07:00,,37
1783260640,2026-07-05T07:10:40-07:00,,51
1783260700,2026-07-05T07:11:40-07:00,,47
1783260760,2026-07-05T07:12:40-07:00,,32
1783260820,2026-07-05T07:13:40-07:00,,18
1783260880,2026-07-05T07:14:40-07:00,,41
1783260940,2026-07-05T07:15:40-07:00,,18
1783261000,2026-07-05T07:16:40-07:00,,30
1783261060,2026-07-05T07:17:40-07:00,,16
1783261120,2026-07-05T07:18:40-07:00,,67
1783261180,2026-07-05T07:19:40-07:00,,55
1783261240,2026-07-05T07:20:40-07:00,,49
1783261300,2026-07-05T07:21:40-07:00,,51
1783261360,2026-07-05T07:22:40-07:00,,39
1783261420,2026-07-05T07:23:40-07:00,,37
1783261480,2026-07-05T07:24:40-07:00,,62
1783261540,2026-07-05T07:25:40-07:00,,47
1783261600,2026-07-05T07:26:40-07:00,,38
1783261660,2026-07-05T07:27:40-07:00,,21
1783261720,2026-07-05T07:28:40-07:00,,37
1783261780,2026-07-05T07:29:40-07:00,,44
1783261840,2026-07-05T07:30:40-07:00,,26
1783261900,2026-07-05T07:31:40-07:00,,41
1783261960,2026-07-05T07:32:40-07:00,,27
1783262020,2026-07-05T07:33:40-07:00,,43
1783262080,2026-07-05T07:34:40-07:00,,26
1783262140,2026-07-05T07:35:40-07:00,,34
1783262200,2026-07-05T07:36:40-07:00,,19
1783262260,2026-07-05T07:37:40-07:00,,30
1783262320,2026-07-05T07:38:40-07:00,,33
1783262380,2026-07-05T07:39:40-07:00,,74
1783262440,2026-07-05T07:40:40-07:00,,68
1783262500,2026-07-05T07:41:40-07:00,,58
1783262560,2026-07-05T07:42:40-07:00,,51
1783262620,2026-07-05T07:43:40-07:00,,26
1783262680,2026-07-05T07:44:40-07:00,,16
1783262740,2026-07-05T07:45:40-07:00,,60
1783262800,2026-07-05T07:46:40-07:00,,55
1783262860,2026-07-05T07:47:40-07:00,,36
1783262920,2026-07-05T07:48:40-07:00,,50
1783262980,2026-07-05T07:49:40-07:00,,36
1783263040,2026-07-05T07:50:40-07:00,,46
1783263100,2026-07-05T07:51:40-07:00,,33
1783263160,2026-07-05T07:52:40-07:00,,32
1783263220,2026-07-05T07:53:40-07:00,,158
1783263280,2026-07-05T07:54:40-07:00,,57
1783263340,2026-07-05T07:55:40-07:00,,57
1783263400,2026-07-05T07:56:40-07:00,,173
1783263460,2026-07-05T07:57:40-07:00,,35
1783263520,2026-07-05T07:58:40-07:00,,44
1783263580,2026-07-05T07:59:40-07:00,,57
1783263640,2026-07-05T08:00:40-07:00,,24
1783263700,2026-07-05T08:01:40-07:00,,27
1783263760,2026-07-05T08:02:40-07:00,,43
1783263820,2026-07-05T08:03:40-07:00,,49
1783263880,2026-07-05T08:04:40-07:00,,77
1783263940,2026-07-05T08:05:40-07:00,,67
1783264000,2026-07-05T08:06:40-07:00,,153
1783264060,2026-07-05T08:07:40-07:00,,234
1783264120,2026-07-05T08:08:40-07:00,,40
1783264180,2026-07-05T08:09:40-07:00,,51
1783264240,2026-07-05T08:10:40-07:00,,53
1783264300,2026-07-05T08:11:40-07:00,,61
1783264360,2026-07-05T08:12:40-07:00,,45
1783264420,2026-07-05T08:13:40-07:00,,69
1783264480,2026-07-05T08:14:40-07:00,,79
1783264540,2026-07-05T08:15:40-07:00,,33
1783264600,2026-07-05T08:16:40-07:00,,52
1783264660,2026-07-05T08:17:40-07:00,,51
1783264720,2026-07-05T08:18:40-07:00,,61
1783264780,2026-07-05T08:19:40-07:00,,46
1783264840,2026-07-05T08:20:40-07:00,,54
1783264900,2026-07-05T08:21:40-07:00,,94
1783264960,2026-07-05T08:22:40-07:00,,65
1783265020,2026-07-05T08:23:40-07:00,,131
1783265080,2026-07-05T08:24:40-07:00,,72
1783265140,2026-07-05T08:25:40-07:00,,137
1783265200,2026-07-05T08:26:40-07:00,,196
1783265260,2026-07-05T08:27:40-07:00,,50
1783265320,2026-07-05T08:28:40-07:00,,92
1783265380,2026-07-05T08:29:40-07:00,,72
1783265440,2026-07-05T08:30:40-07:00,,153
1783265500,2026-07-05T08:31:40-07:00,,123
1783265560,2026-07-05T08:32:40-07:00,,204
1783265620,2026-07-05T08:33:40-07:00,,204
1783265680,2026-07-05T08:34:40-07:00,,130
1783265740,2026-07-05T08:35:40-07:00,,117
1783265800,2026-07-05T08:36:40-07:00,,197
1783265860,2026-07-05T08:37:40-07:00,,102
1783265920,2026-07-05T08:38:40-07:00,,111
1783265980,2026-07-05T08:39:40-07:00,,51
1783266040,2026-07-05T08:40:40-07:00,,42
1783266100,2026-07-05T08:41:40-07:00,,126
1783266160,2026-07-05T08:42:40-07:00,,180
1783266220,2026-07-05T08:43:40-07:00,,62
1783266280,2026-07-05T08:44:40-07:00,,191
1783266340,2026-07-05T08:45:40-07:00,,176
1783266400,2026-07-05T08:46:40-07:00,,82
1783266460,2026-07-05T08:47:40-07:00,,90
1783266520,2026-07-05T08:48:40-07:00,,72
1783266580,2026-07-05T08:49:40-07:00,,131
1783266640,2026-07-05T08:50:40-07:00,,97
1783266700,2026-07-05T08:51:40-07:00,,112
1783266760,2026-07-05T08:52:40-07:00,,52
1783266820,2026-07-05T08:53:40-07:00,,145
1783266880,2026-07-05T08:54:40-07:00,,87
1783266940,2026-07-05T08:55:40-07:00,,91
1783267000,2026-07-05T08:56:40-07:00,,110
1783267060,2026-07-05T08:57:40-07:00,,117
1783267120,2026-07-05T08:58:40-07:00,,135
1783267180,2026-07-05T08:59:40-07:00,,135
1783267240,2026-07-05T09:00:40-07:00,,73
1783267300,2026-07-05T09:01:40-07:00,,23
1783267360,2026-07-05T09:02:40-07:00,,44
1783267420,2026-07-05T09:03:40-07:00,,110
1783267480,2026-07-05T09:04:40-07:00,,58
1783267540,2026-07-05T09:05:40-07:00,,73
1783267600,2026-07-05T09:06:40-07:00,,73
1783267660,2026-07-05T09:07:40-07:00,,196
1783267720,2026-07-05T09:08:40-07:00,,87
1783267780,2026-07-05T09:09:40-07:00,,64
1783267840,2026-07-05T09:10:40-07:00,,44
1783267900,2026-07-05T09:11:40-07:00,,60
1783267960,2026-07-05T09:12:40-07:00,,99
1783268020,2026-07-05T09:13:40-07:00,,99
1783268080,2026-07-05T09:14:40-07:00,,107
1783268140,2026-07-05T09:15:40-07:00,,117
1783268200,2026-07-05T09:16:40-07:00,,132
1783268260,2026-07-05T09:17:40-07:00,,77
1783268320,2026-07-05T09:18:40-07:00,,77
1783268380,2026-07-05T09:19:40-07:00,,134
1783268440,2026-07-05T09:20:40-07:00,,137
1783268500,2026-07-05T09:21:40-07:00,,33
1783268560,2026-07-05T09:22:40-07:00,,85
1783268620,2026-07-05T09:23:40-07:00,,52
1783268680,2026-07-05T09:24:40-07:00,,63
1783268740,2026-07-05T09:25:40-07:00,,87
1783268800,2026-07-05T09:26:40-07:00,,60
1783268860,2026-07-05T09:27:40-07:00,,60
1783268920,2026-07-05T09:28:40-07:00,,60
1783268980,2026-07-05T09:29:40-07:00,,82
1783269040,2026-07-05T09:30:40-07:00,,130
1783269100,2026-07-05T09:31:40-07:00,,53
1783269160,2026-07-05T09:32:40-07:00,,42
1783269220,2026-07-05T09:33:40-07:00,,88
1783269280,2026-07-05T09:34:40-07:00,,88
1783269340,2026-07-05T09:35:40-07:00,,27
1783269400,2026-07-05T09:36:40-07:00,,95
1783269460,2026-07-05T09:37:40-07:00,,90
1783269520,2026-07-05T09:38:40-07:00,,99
1783269580,2026-07-05T09:39:40-07:00,,101
1783269640,2026-07-05T09:40:40-07:00,,55
1783269700,2026-07-05T09:41:40-07:00,,155
1783269760,2026-07-05T09:42:40-07:00,,164
1783269820,2026-07-05T09:43:40-07:00,,109
1783269880,2026-07-05T09:44:40-07:00,,180
1783269940,2026-07-05T09:45:40-07:00,,195
1783270000,2026-07-05T09:46:40-07:00,,30
1783270060,2026-07-05T09:47:40-07:00,,43
1783270120,2026-07-05T09:48:40-07:00,,43
1783270180,2026-07-05T09:49:40-07:00,,43
1783270240,2026-07-05T09:50:40-07:00,,208
1783270300,2026-07-05T09:51:40-07:00,,50
1783270360,2026-07-05T09:52:40-07:00,,50
1783270420,2026-07-05T09:53:40-07:00,,70
1783270480,2026-07-05T09:54:40-07:00,,69
1783270540,2026-07-05T09:55:40-07:00,,69
1783270600,2026-07-05T09:56:40-07:00,,69
1783270660,2026-07-05T09:57:40-07:00,,59
1783270720,2026-07-05T09:58:40-07:00,,71
1783270780,2026-07-05T09:59:40-07:00,,125
1783270840,2026-07-05T10:00:40-07:00,,75
1783270900,2026-07-05T10:01:40-07:00,,81
1783270960,2026-07-05T10:02:40-07:00,,151
1783271020,2026-07-05T10:03:40-07:00,,112
1783271080,2026-07-05T10:04:40-07:00,,110
1783271140,2026-07-05T10:05:40-07:00,,115
1783271200,2026-07-05T10:06:40-07:00,,48
1783271260,2026-07-05T10:07:40-07:00,,48
1783271320,2026-07-05T10:08:40-07:00,,133
1783271380,2026-07-05T10:09:40-07:00,,40
1783271440,2026-07-05T10:10:40-07:00,,40
1783271500,2026-07-05T10:11:40-07:00,,146
1783271560,2026-07-05T10:12:40-07:00,,83
1783271620,2026-07-05T10:13:40-07:00,,55
1783271680,2026-07-05T10:14:40-07:00,,34
1783271740,2026-07-05T10:15:40-07:00,,53
1783271800,2026-07-05T10:16:40-07:00,,160
1783271860,2026-07-05T10:17:40-07:00,,58
1783271920,2026-07-05T10:18:40-07:00,,56
1783271980,2026-07-05T10:19:40-07:00,,89
1783272040,2026-07-05T10:20:40-07:00,,70
1783272100,2026-07-05T10:21:40-07:00,,143
1783272160,2026-07-05T10:22:40-07:00,,29
1783272220,2026-07-05T10:23:40-07:00,,162
1783272280,2026-07-05T10:24:40-07:00,,110
1783272340,2026-07-05T10:25:40-07:00,,188
1783272400,2026-07-05T10:26:40-07:00,,156
1783272460,2026-07-05T10:27:40-07:00,,201
1783272520,2026-07-05T10:28:40-07:00,,104
1783272580,2026-07-05T10:29:40-07:00,,45
1783272640,2026-07-05T10:30:40-07:00,,114
1783272700,2026-07-05T10:31:40-07:00,,92
1783272760,2026-07-05T10:32:40-07:00,,102
1783272820,2026-07-05T10:33:40-07:00,,115
1783272880,2026-07-05T10:34:40-07:00,,154
1783272940,2026-07-05T10:35:40-07:00,,76
1783273000,2026-07-05T10:36:40-07:00,,90
1783273060,2026-07-05T10:37:40-07:00,,73
1783273120,2026-07-05T10:38:40-07:00,,86
1783273180,2026-07-05T10:39:40-07:00,,104
1783273240,2026-07-05T10:40:40-07:00,,73
1783273300,2026-07-05T10:41:40-07:00,,73
1783273360,2026-07-05T10:42:40-07:00,,88
1783273420,2026-07-05T10:43:40-07:00,,37
1783273480,2026-07-05T10:44:40-07:00,,53
1783273540,2026-07-05T10:45:40-07:00,,97
1783273600,2026-07-05T10:46:40-07:00,,82
1783273660,2026-07-05T10:47:40-07:00,,77
1783273720,2026-07-05T10:48:40-07:00,,119
1783273780,2026-07-05T10:49:40-07:00,,99
1783273840,2026-07-05T10:50:40-07:00,,95
1783273900,2026-07-05T10:51:40-07:00,,96
1783273960,2026-07-05T10:52:40-07:00,,86
1783274020,2026-07-05T10:53:40-07:00,,98
1783274080,2026-07-05T10:54:40-07:00,,141
1783274140,2026-07-05T10:55:40-07:00,,140
1783274200,2026-07-05T10:56:40-07:00,,34
1783274260,2026-07-05T10:57:40-07:00,,76
1783274320,2026-07-05T10:58:40-07:00,,76
1783274380,2026-07-05T10:59:40-07:00,,117
1783274440,2026-07-05T11:00:40-07:00,,148
1783274500,2026-07-05T11:01:40-07:00,,98
1783274560,2026-07-05T11:02:40-07:00,,46
1783274620,2026-07-05T11:03:40-07:00,,48
1783274680,2026-07-05T11:04:40-07:00,,73
1783274740,2026-07-05T11:05:40-07:00,,22
1783274800,2026-07-05T11:06:40-07:00,,24
1783274860,2026-07-05T11:07:40-07:00,,48
1783274920,2026-07-05T11:08:40-07:00,,106
1783274980,2026-07-05T11:09:40-07:00,,60
1783275040,2026-07-05T11:10:40-07:00,,35
1783275100,2026-07-05T11:11:40-07:00,,118
1783275160,2026-07-05T11:12:40-07:00,,14
1783275220,2026-07-05T11:13:40-07:00,,106
1783275280,2026-07-05T11:14:40-07:00,,89
1783275340,2026-07-05T11:15:40-07:00,,85
1783275400,2026-07-05T11:16:40-07:00,,116
1783275460,2026-07-05T11:17:40-07:00,,95
1783275520,2026-07-05T11:18:40-07:00,,91
1783275580,2026-07-05T11:19:40-07:00,,91
1783275640,2026-07-05T11:20:40-07:00,,22
1783275700,2026-07-05T11:21:40-07:00,,82
1783275760,2026-07-05T11:22:40-07:00,,122
1783275820,2026-07-05T11:23:40-07:00,,96
1783275880,2026-07-05T11:24:40-07:00,,73
1783275940,2026-07-05T11:25:40-07:00,,55
1783276000,2026-07-05T11:26:40-07:00,,93
1783276060,2026-07-05T11:27:40-07:00,,44
1783276120,2026-07-05T11:28:40-07:00,,92
1783276180,2026-07-05T11:29:40-07:00,,92
1783276240,2026-07-05T11:30:40-07:00,,49
1783276300,2026-07-05T11:31:40-07:00,,77
1783276360,2026-07-05T11:32:40-07:00,,142
1783276420,2026-07-05T11:33:40-07:00,,99
1783276480,2026-07-05T11:34:40-07:00,,101
1783276540,2026-07-05T11:35:40-07:00,,71
1783276600,2026-07-05T11:36:40-07:00,,83
1783276660,2026-07-05T11:37:40-07:00,,34
1783276720,2026-07-05T11:38:40-07:00,,40
1783276780,2026-07-05T11:39:40-07:00,,64
1783276840,2026-07-05T11:40:40-07:00,,64
1783276900,2026-07-05T11:41:40-07:00,,117
1783276960,2026-07-05T11:42:40-07:00,,110
1783277020,2026-07-05T11:43:40-07:00,,119
1783277080,2026-07-05T11:44:40-07:00,,98
1783277140,2026-07-05T11:45:40-07:00,,125
1783277200,2026-07-05T11:46:40-07:00,,108
1783277260,2026-07-05T11:47:40-07:00,,90
1783277320,2026-07-05T11:48:40-07:00,,53
1783277380,2026-07-05T11:49:40-07:00,,120
1783277440,2026-07-05T11:50:40-07:00,,103
1783277500,2026-07-05T11:51:40-07:00,,92
1783277560,2026-07-05T11:52:40-07:00,,144
1783277620,2026-07-05T11:53:40-07:00,,107
1783277680,2026-07-05T11:54:40-07:00,,56
1783277740,2026-07-05T11:55:40-07:00,,113
1783277800,2026-07-05T11:56:40-07:00,,35
1783277860,2026-07-05T11:57:40-07:00,,35
1783277920,2026-07-05T11:58:40-07:00,,101
1783277980,2026-07-05T11:59:40-07:00,,60
1783278040,2026-07-05T12:00:40-07:00,,100
1783278100,2026-07-05T12:01:40-07:00,,128
1783278160,2026-07-05T12:02:40-07:00,,107
1783278220,2026-07-05T12:03:40-07:00,,96
1783278280,2026-07-05T12:04:40-07:00,,43
1783278340,2026-07-05T12:05:40-07:00,,42
1783278400,2026-07-05T12:06:40-07:00,,43
1783278460,2026-07-05T12:07:40-07:00,,63
1783278520,2026-07-05T12:08:40-07:00,,173
1783278580,2026-07-05T12:09:40-07:00,,43
1783278640,2026-07-05T12:10:40-07:00,,89
1783278700,2026-07-05T12:11:40-07:00,,188
1783278760,2026-07-05T12:12:40-07:00,,21
1783278820,2026-07-05T12:13:40-07:00,,91
1783278880,2026-07-05T12:14:40-07:00,,103
1783278940,2026-07-05T12:15:40-07:00,,47
1783279000,2026-07-05T12:16:40-07:00,,62
1783279060,2026-07-05T12:17:40-07:00,,48
1783279120,2026-07-05T12:18:40-07:00,,21
1783279180,2026-07-05T12:19:40-07:00,,86
1783279240,2026-07-05T12:20:40-07:00,,86
1783279300,2026-07-05T12:21:40-07:00,,76
1783279360,2026-07-05T12:22:40-07:00,,122
1783279420,2026-07-05T12:23:40-07:00,,154
1783279480,2026-07-05T12:24:40-07:00,,59
1783279540,2026-07-05T12:25:40-07:00,,27
1783279600,2026-07-05T12:26:40-07:00,,101
1783279660,2026-07-05T12:27:40-07:00,,81
1783279720,2026-07-05T12:28:40-07:00,,69
1783279780,2026-07-05T12:29:40-07:00,,50
1783279840,2026-07-05T12:30:40-07:00,,77
1783279900,2026-07-05T12:31:40-07:00,,74
1783279960,2026-07-05T12:32:40-07:00,,156
1783280020,2026-07-05T12:33:40-07:00,,65
1783280080,2026-07-05T12:34:40-07:00,,125
1783280140,2026-07-05T12:35:40-07:00,,40
1783280200,2026-07-05T12:36:40-07:00,,28
1783280260,2026-07-05T12:37:40-07:00,,46
1783280320,2026-07-05T12:38:40-07:00,,72
1783280380,2026-07-05T12:39:40-07:00,,89
1783280440,2026-07-05T12:40:40-07:00,,90
1783280500,2026-07-05T12:41:40-07:00,,108
1783280560,2026-07-05T12:42:40-07:00,,108
1783280620,2026-07-05T12:43:40-07:00,,137
1783280680,2026-07-05T12:44:40-07:00,,107
1783280740,2026-07-05T12:45:40-07:00,,52
1783280800,2026-07-05T12:46:40-07:00,,43
1783280860,2026-07-05T12:47:40-07:00,,54
1783280920,2026-07-05T12:48:40-07:00,,119
1783280980,2026-07-05T12:49:40-07:00,,64
1783281040,2026-07-05T12:50:40-07:00,,95
1783281100,2026-07-05T12:51:40-07:00,,55
1783281160,2026-07-05T12:52:40-07:00,,64
1783281220,2026-07-05T12:53:40-07:00,,65
1783281280,2026-07-05T12:54:40-07:00,,65
1783281340,2026-07-05T12:55:40-07:00,,67
1783281400,2026-07-05T12:56:40-07:00,,121
1783281460,2026-07-05T12:57:40-07:00,,64
1783281520,2026-07-05T12:58:40-07:00,,50
1783281580,2026-07-05T12:59:40-07:00,,86
1783281640,2026-07-05T13:00:40-07:00,,33
1783281700,2026-07-05T13:01:40-07:00,,88
1783281760,2026-07-05T13:02:40-07:00,,102
1783281820,2026-07-05T13:03:40-07:00,,60
1783281880,2026-07-05T13:04:40-07:00,,101
1783281940,2026-07-05T13:05:40-07:00,,130
1783282000,2026-07-05T13:06:40-07:00,,89
1783282060,2026-07-05T13:07:40-07:00,,41
1783282120,2026-07-05T13:08:40-07:00,,88
1783282180,2026-07-05T13:09:40-07:00,,88
1783282240,2026-07-05T13:10:40-07:00,,171
1783282300,2026-07-05T13:11:40-07:00,,173
1783282360,2026-07-05T13:12:40-07:00,,126
1783282420,2026-07-05T13:13:40-07:00,,151
1783282480,2026-07-05T13:14:40-07:00,,56
1783282540,2026-07-05T13:15:40-07:00,,147
1783282600,2026-07-05T13:16:40-07:00,,93
1783282660,2026-07-05T13:17:40-07:00,,87
1783282720,2026-07-05T13:18:40-07:00,,53
1783282780,2026-07-05T13:19:40-07:00,,60
1783282840,2026-07-05T13:20:40-07:00,,81
1783282900,2026-07-05T13:21:40-07:00,,155
1783282960,2026-07-05T13:22:40-07:00,,143
1783283020,2026-07-05T13:23:40-07:00,,81
1783283080,2026-07-05T13:24:40-07:00,,91
1783283140,2026-07-05T13:25:40-07:00,,49
1783283200,2026-07-05T13:26:40-07:00,,96
1783283260,2026-07-05T13:27:40-07:00,,99
1783283320,2026-07-05T13:28:40-07:00,,69
1783283380,2026-07-05T13:29:40-07:00,,69
1783283440,2026-07-05T13:30:40-07:00,,66
1783283500,2026-07-05T13:31:40-07:00,,94
1783283560,2026-07-05T13:32:40-07:00,,105
1783283620,2026-07-05T13:33:40-07:00,,118
1783283680,2026-07-05T13:34:40-07:00,,99
1783283740,2026-07-05T13:35:40-07:00,,86
1783283800,2026-07-05T13:36:40-07:00,,216
1783283860,2026-07-05T13:37:40-07:00,,58
1783283920,2026-07-05T13:38:40-07:00,,94
1783283980,2026-07-05T13:39:40-07:00,,91
1783284040,2026-07-05T13:40:40-07:00,,67
1783284100,2026-07-05T13:41:40-07:00,,113
1783284160,2026-07-05T13:42:40-07:00,,161
1783284220,2026-07-05T13:43:40-07:00,,96
1783284280,2026-07-05T13:44:40-07:00,,128
1783284340,2026-07-05T13:45:40-07:00,,120
1783284400,2026-07-05T13:46:40-07:00,,123
1783284460,2026-07-05T13:47:40-07:00,,111
1783284520,2026-07-05T13:48:40-07:00,,111
1783284580,2026-07-05T13:49:40-07:00,,88
1783284640,2026-07-05T13:50:40-07:00,,144
1783284700,2026-07-05T13:51:40-07:00,,58
1783284760,2026-07-05T13:52:40-07:00,,44
1783284820,2026-07-05T13:53:40-07:00,,121
1783284880,2026-07-05T13:54:40-07:00,,106
1783284940,2026-07-05T13:55:40-07:00,,124
1783285000,2026-07-05T13:56:40-07:00,,60
1783285060,2026-07-05T13:57:40-07:00,,28
1783285120,2026-07-05T13:58:40-07:00,,32
1783285180,2026-07-05T13:59:40-07:00,,19
1783285240,2026-07-05T14:00:40-07:00,,42
1783285300,2026-07-05T14:01:40-07:00,,101
1783285360,2026-07-05T14:02:40-07:00,,101
1783285420,2026-07-05T14:03:40-07:00,,102
1783285480,2026-07-05T14:04:40-07:00,,85
1783285540,2026-07-05T14:05:40-07:00,,144
1783285600,2026-07-05T14:06:40-07:00,,58
1783285660,2026-07-05T14:07:40-07:00,,89
1783285720,2026-07-05T14:08:40-07:00,,139
1783285780,2026-07-05T14:09:40-07:00,,105
1783285840,2026-07-05T14:10:40-07:00,,93
1783285900,2026-07-05T14:11:40-07:00,,100
1783285960,2026-07-05T14:12:40-07:00,,100
1783286020,2026-07-05T14:13:40-07:00,,115
1783286080,2026-07-05T14:14:40-07:00,,76
1783286140,2026-07-05T14:15:40-07:00,,100
1783286200,2026-07-05T14:16:40-07:00,,94
1783286260,2026-07-05T14:17:40-07:00,,101
1783286320,2026-07-05T14:18:40-07:00,,51
1783286380,2026-07-05T14:19:40-07:00,,157
1783286440,2026-07-05T14:20:40-07:00,,101
1783286500,2026-07-05T14:21:40-07:00,,78
1783286560,2026-07-05T14:22:40-07:00,,74
1783286620,2026-07-05T14:23:40-07:00,,102
1783286680,2026-07-05T14:24:40-07:00,,102
1783286740,2026-07-05T14:25:40-07:00,,180
1783286800,2026-07-05T14:26:40-07:00,,90
1783286860,2026-07-05T14:27:40-07:00,,92
1783286920,2026-07-05T14:28:40-07:00,,114
1783286980,2026-07-05T14:29:40-07:00,,93
1783287040,2026-07-05T14:30:40-07:00,,97
1783287100,2026-07-05T14:31:40-07:00,,104
1783287160,2026-07-05T14:32:40-07:00,,172
1783287220,2026-07-05T14:33:40-07:00,,84
1783287280,2026-07-05T14:34:40-07:00,,102
1783287340,2026-07-05T14:35:40-07:00,,197
1783287400,2026-07-05T14:36:40-07:00,,87
1783287460,2026-07-05T14:37:40-07:00,,42
1783287520,2026-07-05T14:38:40-07:00,,130
1783287580,2026-07-05T14:39:40-07:00,,122
1783287640,2026-07-05T14:40:40-07:00,,158
1783287700,2026-07-05T14:41:40-07:00,,158
1783287760,2026-07-05T14:42:40-07:00,,130
1783287820,2026-07-05T14:43:40-07:00,,138
1783287880,2026-07-05T14:44:40-07:00,,188
1783287940,2026-07-05T14:45:40-07:00,,127
1783288000,2026-07-05T14:46:40-07:00,,84
1783288060,2026-07-05T14:47:40-07:00,,184
1783288120,2026-07-05T14:48:40-07:00,,182
1783288180,2026-07-05T14:49:40-07:00,,151
1783288240,2026-07-05T14:50:40-07:00,,189
1783288300,2026-07-05T14:51:40-07:00,,68
1783288360,2026-07-05T14:52:40-07:00,,104
1783288420,2026-07-05T14:53:40-07:00,,136
1783288480,2026-07-05T14:54:40-07:00,,108
1783288540,2026-07-05T14:55:40-07:00,,78
1783288600,2026-07-05T14:56:40-07:00,,129
1783288660,2026-07-05T14:57:40-07:00,,91
1783288720,2026-07-05T14:58:40-07:00,,91
1783288780,2026-07-05T14:59:40-07:00,,102
1783288840,2026-07-05T15:00:40-07:00,,76
1783288900,2026-07-05T15:01:40-07:00,,134
1783288960,2026-07-05T15:02:40-07:00,,121
1783289020,2026-07-05T15:03:40-07:00,,92
1783289080,2026-07-05T15:04:40-07:00,,189
1783289140,2026-07-05T15:05:40-07:00,,110
1783289200,2026-07-05T15:06:40-07:00,,66
1783289260,2026-07-05T15:07:40-07:00,,94
1783289320,2026-07-05T15:08:40-07:00,,111
1783289380,2026-07-05T15:09:40-07:00,,89
1783289440,2026-07-05T15:10:40-07:00,,157
1783289500,2026-07-05T15:11:40-07:00,,63
1783289560,2026-07-05T15:12:40-07:00,,105
1783289620,2026-07-05T15:13:40-07:00,,94
1783289680,2026-07-05T15:14:40-07:00,,116
1783289740,2026-07-05T15:15:40-07:00,,121
1783289800,2026-07-05T15:16:40-07:00,,96
1783289860,2026-07-05T15:17:40-07:00,,96
1783289920,2026-07-05T15:18:40-07:00,,123
1783289980,2026-07-05T15:19:40-07:00,,73
1783290040,2026-07-05T15:20:40-07:00,,71
1783290100,2026-07-05T15:21:40-07:00,,63
1783290160,2026-07-05T15:22:40-07:00,,118
1783290220,2026-07-05T15:23:40-07:00,,119
1783290280,2026-07-05T15:24:40-07:00,,92
1783290340,2026-07-05T15:25:40-07:00,,83
1783290400,2026-07-05T15:26:40-07:00,,119
1783290460,2026-07-05T15:27:40-07:00,,148
1783290520,2026-07-05T15:28:40-07:00,,102
1783290580,2026-07-05T15:29:40-07:00,,107
1783290640,2026-07-05T15:30:40-07:00,,116
1783290700,2026-07-05T15:31:40-07:00,,17
1783290760,2026-07-05T15:32:40-07:00,,103
1783290820,2026-07-05T15:33:40-07:00,,98
1783290880,2026-07-05T15:34:40-07:00,,108
1783290940,2026-07-05T15:35:40-07:00,,70
1783291000,2026-07-05T15:36:40-07:00,,121
1783291060,2026-07-05T15:37:40-07:00,,88
1783291120,2026-07-05T15:38:40-07:00,,88
1783291180,2026-07-05T15:39:40-07:00,,106
1783291240,2026-07-05T15:40:40-07:00,,136
1783291300,2026-07-05T15:41:40-07:00,,86
1783291360,2026-07-05T15:42:40-07:00,,102
1783291420,2026-07-05T15:43:40-07:00,,139
1783291480,2026-07-05T15:44:40-07:00,,92
1783291540,2026-07-05T15:45:40-07:00,,118
1783291600,2026-07-05T15:46:40-07:00,,74
1783291660,2026-07-05T15:47:40-07:00,,99
1783291720,2026-07-05T15:48:40-07:00,,95
1783291780,2026-07-05T15:49:40-07:00,,67
1783291840,2026-07-05T15:50:40-07:00,,103
1783291900,2026-07-05T15:51:40-07:00,,80
1783291960,2026-07-05T15:52:40-07:00,,122
1783292020,2026-07-05T15:53:40-07:00,,93
1783292080,2026-07-05T15:54:40-07:00,,73
1783292140,2026-07-05T15:55:40-07:00,,86
1783292200,2026-07-05T15:56:40-07:00,,86
1783292260,2026-07-05T15:57:40-07:00,,51
1783292320,2026-07-05T15:58:40-07:00,,79
1783292380,2026-07-05T15:59:40-07:00,,108
1783292440,2026-07-05T16:00:40-07:00,,76
1783292500,2026-07-05T16:01:40-07:00,,173
1783292560,2026-07-05T16:02:40-07:00,,38
1783292620,2026-07-05T16:03:40-07:00,,81
1783292680,2026-07-05T16:04:40-07:00,,87
1783292740,2026-07-05T16:05:40-07:00,,73
1783292800,2026-07-05T16:06:40-07:00,,83
1783292860,2026-07-05T16:07:40-07:00,,141
1783292920,2026-07-05T16:08:40-07:00,,111
1783292980,2026-07-05T16:09:40-07:00,,133
1783293040,2026-07-05T16:10:40-07:00,,69
1783293100,2026-07-05T16:11:40-07:00,,153
1783293160,2026-07-05T16:12:40-07:00,,123
1783293220,2026-07-05T16:13:40-07:00,,97
1783293280,2026-07-05T16:14:40-07:00,,128
1783293340,2026-07-05T16:15:40-07:00,,70
1783293400,2026-07-05T16:16:40-07:00,,105
1783293460,2026-07-05T16:17:40-07:00,,105
1783293520,2026-07-05T16:18:40-07:00,,107
1783293580,2026-07-05T16:19:40-07:00,,204
1783293640,2026-07-05T16:20:40-07:00,,81
1783293700,2026-07-05T16:21:40-07:00,,112
1783293760,2026-07-05T16:22:40-07:00,,66
1783293820,2026-07-05T16:23:40-07:00,,124
1783293880,2026-07-05T16:24:40-07:00,,31
1783293940,2026-07-05T16:25:40-07:00,,158
1783294000,2026-07-05T16:26:40-07:00,,158
1783294060,2026-07-05T16:27:40-07:00,,130
1783294120,2026-07-05T16:28:40-07:00,,59
1783294180,2026-07-05T16:29:40-07:00,,80
1783294240,2026-07-05T16:30:40-07:00,,139
1783294300,2026-07-05T16:31:40-07:00,,103
1783294360,2026-07-05T16:32:40-07:00,,106
1783294420,2026-07-05T16:33:40-07:00,,67
1783294480,2026-07-05T16:34:40-07:00,,86
1783294540,2026-07-05T16:35:40-07:00,,131
1783294600,2026-07-05T16:36:40-07:00,,127
1783294660,2026-07-05T16:37:40-07:00,,102
1783294720,2026-07-05T16:38:40-07:00,,54
1783294780,2026-07-05T16:39:40-07:00,,149
1783294840,2026-07-05T16:40:40-07:00,,84
1783294900,2026-07-05T16:41:40-07:00,,84
1783294960,2026-07-05T16:42:40-07:00,,117
1783295020,2026-07-05T16:43:40-07:00,,78
1783295080,2026-07-05T16:44:40-07:00,,140
1783295140,2026-07-05T16:45:40-07:00,,75
1783295200,2026-07-05T16:46:40-07:00,,154
1783295260,2026-07-05T16:47:40-07:00,,182
1783295320,2026-07-05T16:48:40-07:00,,117
1783295380,2026-07-05T16:49:40-07:00,,82
1783295440,2026-07-05T16:50:40-07:00,,132
1783295500,2026-07-05T16:51:40-07:00,,133
1783295560,2026-07-05T16:52:40-07:00,,107
1783295620,2026-07-05T16:53:40-07:00,,118
1783295680,2026-07-05T16:54:40-07:00,,160
1783295740,2026-07-05T16:55:40-07:00,,143
1783295800,2026-07-05T16:56:40-07:00,,91
1783295860,2026-07-05T16:57:40-07:00,,147
1783295920,2026-07-05T16:58:40-07:00,,142
1783295980,2026-07-05T16:59:40-07:00,,69
1783296040,2026-07-05T17:00:40-07:00,,46
1783296100,2026-07-05T17:01:40-07:00,,89
1783296160,2026-07-05T17:02:40-07:00,,79
1783296220,2026-07-05T17:03:40-07:00,,81
1783296280,2026-07-05T17:04:40-07:00,,91
1783296340,2026-07-05T17:05:40-07:00,,45
1783296400,2026-07-05T17:06:40-07:00,,83
1783296460,2026-07-05T17:07:40-07:00,,155
1783296520,2026-07-05T17:08:40-07:00,,155
1783296580,2026-07-05T17:09:40-07:00,,83
1783296640,2026-07-05T17:10:40-07:00,,91
1783296700,2026-07-05T17:11:40-07:00,,127
1783296760,2026-07-05T17:12:40-07:00,,99
1783296820,2026-07-05T17:13:40-07:00,,77
1783296880,2026-07-05T17:14:40-07:00,,43
1783296940,2026-07-05T17:15:40-07:00,,79
1783297000,2026-07-05T17:16:40-07:00,,58
1783297060,2026-07-05T17:17:40-07:00,,95
1783297120,2026-07-05T17:18:40-07:00,,87
1783297180,2026-07-05T17:19:40-07:00,,155
1783297240,2026-07-05T17:20:40-07:00,,100
1783297300,2026-07-05T17:21:40-07:00,,128
1783297360,2026-07-05T17:22:40-07:00,,90
1783297420,2026-07-05T17:23:40-07:00,,67
1783297480,2026-07-05T17:24:40-07:00,,105
1783297540,2026-07-05T17:25:40-07:00,,120
1783297600,2026-07-05T17:26:40-07:00,,121
1783297660,2026-07-05T17:27:40-07:00,,121
1783297720,2026-07-05T17:28:40-07:00,,113
1783297780,2026-07-05T17:29:40-07:00,,90
1783297840,2026-07-05T17:30:40-07:00,,58
1783297900,2026-07-05T17:31:40-07:00,,82
1783297960,2026-07-05T17:32:40-07:00,,27
1783298020,2026-07-05T17:33:40-07:00,,100
1783298080,2026-07-05T17:34:40-07:00,,73
1783298140,2026-07-05T17:35:40-07:00,,40
1783298200,2026-07-05T17:36:40-07:00,,118
1783298260,2026-07-05T17:37:40-07:00,,149
1783298320,2026-07-05T17:38:40-07:00,,101
1783298380,2026-07-05T17:39:40-07:00,,63
1783298440,2026-07-05T17:40:40-07:00,,63
1783298500,2026-07-05T17:41:40-07:00,,89
1783298560,2026-07-05T17:42:40-07:00,,65
1783298620,2026-07-05T17:43:40-07:00,,149
1783298680,2026-07-05T17:44:40-07:00,,37
1783298740,2026-07-05T17:45:40-07:00,,131
1783298800,2026-07-05T17:46:40-07:00,,94
1783298860,2026-07-05T17:47:40-07:00,,53
1783298920,2026-07-05T17:48:40-07:00,,130
1783298980,2026-07-05T17:49:40-07:00,,32
1783299040,2026-07-05T17:50:40-07:00,,106
1783299100,2026-07-05T17:51:40-07:00,,125
1783299160,2026-07-05T17:52:40-07:00,,82
1783299220,2026-07-05T17:53:40-07:00,,29
1783299280,2026-07-05T17:54:40-07:00,,124
1783299340,2026-07-05T17:55:40-07:00,,94
1783299400,2026-07-05T17:56:40-07:00,,143
1783299460,2026-07-05T17:57:40-07:00,,104
1783299520,2026-07-05T17:58:40-07:00,,92
1783299580,2026-07-05T17:59:40-07:00,,127
1783299640,2026-07-05T18:00:40-07:00,,119
1783299700,2026-07-05T18:01:40-07:00,,74
1783299760,2026-07-05T18:02:40-07:00,,152
1783299820,2026-07-05T18:03:40-07:00,,126
1783299880,2026-07-05T18:04:40-07:00,,183
1783299940,2026-07-05T18:05:40-07:00,,191
1783300000,2026-07-05T18:06:40-07:00,,74
1783300060,2026-07-05T18:07:40-07:00,,112
1783300120,2026-07-05T18:08:40-07:00,,41
1783300180,2026-07-05T18:09:40-07:00,,95
1783300240,2026-07-05T18:10:40-07:00,,95
1783300300,2026-07-05T18:11:40-07:00,,127
1783300360,2026-07-05T18:12:40-07:00,,92
1783300420,2026-07-05T18:13:40-07:00,,32
1783300480,2026-07-05T18:14:40-07:00,,95
1783300540,2026-07-05T18:15:40-07:00,,80
1783300600,2026-07-05T18:16:40-07:00,,108
1783300660,2026-07-05T18:17:40-07:00,,112
1783300720,2026-07-05T18:18:40-07:00,,107
1783300780,2026-07-05T18:19:40-07:00,,56
1783300840,2026-07-05T18:20:40-07:00,,91
1783300900,2026-07-05T18:21:40-07:00,,79
1783300960,2026-07-05T18:22:40-07:00,,164
1783301020,2026-07-05T18:23:40-07:00,,101
1783301080,2026-07-05T18:24:40-07:00,,45
1783301140,2026-07-05T18:25:40-07:00,,107
1783301200,2026-07-05T18:26:40-07:00,,72
1783301260,2026-07-05T18:27:40-07:00,,68
1783301320,2026-07-05T18:28:40-07:00,,83
1783301380,2026-07-05T18:29:40-07:00,,87
1783301440,2026-07-05T18:30:40-07:00,,128
1783301500,2026-07-05T18:31:40-07:00,,98
1783301560,2026-07-05T18:32:40-07:00,,82
1783301620,2026-07-05T18:33:40-07:00,,97
1783301680,2026-07-05T18:34:40-07:00,,169
1783301740,2026-07-05T18:35:40-07:00,,129
1783301800,2026-07-05T18:36:40-07:00,,34
1783301860,2026-07-05T18:37:40-07:00,,34
1783301920,2026-07-05T18:38:40-07:00,,99
1783301980,2026-07-05T18:39:40-07:00,,135
1783302040,2026-07-05T18:40:40-07:00,,105
1783302100,2026-07-05T18:41:40-07:00,,126
1783302160,2026-07-05T18:42:40-07:00,,128
1783302220,2026-07-05T18:43:40-07:00,,70
1783302280,2026-07-05T18:44:40-07:00,,71
1783302340,2026-07-05T18:45:40-07:00,,76
1783302400,2026-07-05T18:46:40-07:00,,96
1783302460,2026-07-05T18:47:40-07:00,,133
1783302520,2026-07-05T18:48:40-07:00,,94
1783302580,2026-07-05T18:49:40-07:00,,54
1783302640,2026-07-05T18:50:40-07:00,,114
1783302700,2026-07-05T18:51:40-07:00,,82
1783302760,2026-07-05T18:52:40-07:00,,125
1783302820,2026-07-05T18:53:40-07:00,,44
1783302880,2026-07-05T18:54:40-07:00,,49
1783302940,2026-07-05T18:55:40-07:00,,55
1783303000,2026-07-05T18:56:40-07:00,,75
1783303060,2026-07-05T18:57:40-07:00,,103
1783303120,2026-07-05T18:58:40-07:00,,153
1783303180,2026-07-05T18:59:40-07:00,,102
1783303240,2026-07-05T19:00:40-07:00,,160
1783303300,2026-07-05T19:01:40-07:00,,105
1783303360,2026-07-05T19:02:40-07:00,,105
1783303420,2026-07-05T19:03:40-07:00,,94
1783303480,2026-07-05T19:04:40-07:00,,75
1783303540,2026-07-05T19:05:40-07:00,,186
1783303600,2026-07-05T19:06:40-07:00,,110
1783303660,2026-07-05T19:07:40-07:00,,78
1783303720,2026-07-05T19:08:40-07:00,,149
1783303780,2026-07-05T19:09:40-07:00,,133
1783303840,2026-07-05T19:10:40-07:00,,152
1783303900,2026-07-05T19:11:40-07:00,,113
1783303960,2026-07-05T19:12:40-07:00,,62
1783304020,2026-07-05T19:13:40-07:00,,166
1783304080,2026-07-05T19:14:40-07:00,,174
1783304140,2026-07-05T19:15:40-07:00,,101
1783304200,2026-07-05T19:16:40-07:00,,112
1783304260,2026-07-05T19:17:40-07:00,,118
1783304320,2026-07-05T19:18:40-07:00,,60
1783304380,2026-07-05T19:19:40-07:00,,36
1783304440,2026-07-05T19:20:40-07:00,,100
1783304500,2026-07-05T19:21:40-07:00,,120
1783304560,2026-07-05T19:22:40-07:00,,69
1783304620,2026-07-05T19:23:40-07:00,,78
1783304680,2026-07-05T19:24:40-07:00,,158
1783304740,2026-07-05T19:25:40-07:00,,128
1783304800,2026-07-05T19:26:40-07:00,,38
1783304860,2026-07-05T19:27:40-07:00,,92
1783304920,2026-07-05T19:28:40-07:00,,92
1783304980,2026-07-05T19:29:40-07:00,,112
1783305040,2026-07-05T19:30:40-07:00,,162
1783305100,2026-07-05T19:31:40-07:00,,124
1783305160,2026-07-05T19:32:40-07:00,,101
1783305220,2026-07-05T19:33:40-07:00,,116
1783305280,2026-07-05T19:34:40-07:00,,214
1783305340,2026-07-05T19:35:40-07:00,,123
1783305400,2026-07-05T19:36:40-07:00,,36
1783305460,2026-07-05T19:37:40-07:00,,167
1783305520,2026-07-05T19:38:40-07:00,,143
1783305580,2026-07-05T19:39:40-07:00,,18
1783305640,2026-07-05T19:40:40-07:00,,121
1783305700,2026-07-05T19:41:40-07:00,,101
1783305760,2026-07-05T19:42:40-07:00,,54
1783305820,2026-07-05T19:43:40-07:00,,111
1783305880,2026-07-05T19:44:40-07:00,,104
1783305940,2026-07-05T19:45:40-07:00,,111
1783306000,2026-07-05T19:46:40-07:00,,127
1783306060,2026-07-05T19:47:40-07:00,,107
1783306120,2026-07-05T19:48:40-07:00,,155
1783306180,2026-07-05T19:49:40-07:00,,56
1783306240,2026-07-05T19:50:40-07:00,,54
1783306300,2026-07-05T19:51:40-07:00,,274
1783306360,2026-07-05T19:52:40-07:00,,108
1783306420,2026-07-05T19:53:40-07:00,,95
1783306480,2026-07-05T19:54:40-07:00,,54
1783306540,2026-07-05T19:55:40-07:00,,158
1783306600,2026-07-05T19:56:40-07:00,,158
1783306660,2026-07-05T19:57:40-07:00,,155
1783306720,2026-07-05T19:58:40-07:00,,270
1783306780,2026-07-05T19:59:40-07:00,,132
1783306840,2026-07-05T20:00:40-07:00,,118
1783306900,2026-07-05T20:01:40-07:00,,114
1783306960,2026-07-05T20:02:40-07:00,,115
1783307020,2026-07-05T20:03:40-07:00,,118
1783307080,2026-07-05T20:04:40-07:00,,92
1783307140,2026-07-05T20:05:40-07:00,,61
1783307200,2026-07-05T20:06:40-07:00,,50
1783307260,2026-07-05T20:07:40-07:00,,114
1783307320,2026-07-05T20:08:40-07:00,,74
1783307380,2026-07-05T20:09:40-07:00,,107
1783307440,2026-07-05T20:10:40-07:00,,126
1783307500,2026-07-05T20:11:40-07:00,,103
1783307560,2026-07-05T20:12:40-07:00,,134
1783307620,2026-07-05T20:13:40-07:00,,95
1783307680,2026-07-05T20:14:40-07:00,,81
1783307740,2026-07-05T20:15:40-07:00,,88
1783307800,2026-07-05T20:16:40-07:00,,179
1783307860,2026-07-05T20:17:40-07:00,,113
1783307920,2026-07-05T20:18:40-07:00,,176
1783307980,2026-07-05T20:19:40-07:00,,114
1783308040,2026-07-05T20:20:40-07:00,,123
1783308100,2026-07-05T20:21:40-07:00,,94
1783308160,2026-07-05T20:22:40-07:00,,94
1783308220,2026-07-05T20:23:40-07:00,,94
1783308280,2026-07-05T20:24:40-07:00,,193
1783308340,2026-07-05T20:25:40-07:00,,166
1783308400,2026-07-05T20:26:40-07:00,,143
1783308460,2026-07-05T20:27:40-07:00,,126
1783308520,2026-07-05T20:28:40-07:00,,45
1783308580,2026-07-05T20:29:40-07:00,,113
1783308640,2026-07-05T20:30:40-07:00,,95
1783308700,2026-07-05T20:31:40-07:00,,81
1783308760,2026-07-05T20:32:40-07:00,,73
1783308820,2026-07-05T20:33:40-07:00,,74
1783308880,2026-07-05T20:34:40-07:00,,109
1783308940,2026-07-05T20:35:40-07:00,,88
1783309000,2026-07-05T20:36:40-07:00,,100
1783309060,2026-07-05T20:37:40-07:00,,93
1783309120,2026-07-05T20:38:40-07:00,,138
1783309180,2026-07-05T20:39:40-07:00,,130
1783309240,2026-07-05T20:40:40-07:00,,142
1783309300,2026-07-05T20:41:40-07:00,,111
1783309360,2026-07-05T20:42:40-07:00,,156
1783309420,2026-07-05T20:43:40-07:00,,132
1783309480,2026-07-05T20:44:40-07:00,,162
1783309540,2026-07-05T20:45:40-07:00,,61
1783309600,2026-07-05T20:46:40-07:00,,59
1783309660,2026-07-05T20:47:40-07:00,,106
1783309720,2026-07-05T20:48:40-07:00,,56
1783309780,2026-07-05T20:49:40-07:00,,129
1783309840,2026-07-05T20:50:40-07:00,,100
1783309900,2026-07-05T20:51:40-07:00,,162
1783309960,2026-07-05T20:52:40-07:00,,94
1783310020,2026-07-05T20:53:40-07:00,,65
1783310080,2026-07-05T20:54:40-07:00,,147
1783310140,2026-07-05T20:55:40-07:00,,151
1783310200,2026-07-05T20:56:40-07:00,,153
1783310260,2026-07-05T20:57:40-07:00,,121
1783310320,2026-07-05T20:58:40-07:00,,180
1783310380,2026-07-05T20:59:40-07:00,,160
1783310440,2026-07-05T21:00:40-07:00,,116
1783310500,2026-07-05T21:01:40-07:00,,116
1783310560,2026-07-05T21:02:40-07:00,,78
1783310620,2026-07-05T21:03:40-07:00,,167
1783310680,2026-07-05T21:04:40-07:00,,138
1783310740,2026-07-05T21:05:40-07:00,,93
1783310800,2026-07-05T21:06:40-07:00,,121
1783310860,2026-07-05T21:07:40-07:00,,87
1783310920,2026-07-05T21:08:40-07:00,,71
1783310980,2026-07-05T21:09:40-07:00,,101
1783311040,2026-07-05T21:10:40-07:00,,110
1783311100,2026-07-05T21:11:40-07:00,,129
1783311160,2026-07-05T21:12:40-07:00,,178
1783311220,2026-07-05T21:13:40-07:00,,76
1783311280,2026-07-05T21:14:40-07:00,,73
1783311340,2026-07-05T21:15:40-07:00,,90
1783311400,2026-07-05T21:16:40-07:00,,128
1783311460,2026-07-05T21:17:40-07:00,,80
1783311520,2026-07-05T21:18:40-07:00,,144
1783311580,2026-07-05T21:19:40-07:00,,82
1783311640,2026-07-05T21:20:40-07:00,,83
1783311700,2026-07-05T21:21:40-07:00,,209
1783311760,2026-07-05T21:22:40-07:00,,154
1783311820,2026-07-05T21:23:40-07:00,,94
1783311880,2026-07-05T21:24:40-07:00,,141
1783311940,2026-07-05T21:25:40-07:00,,86
1783312000,2026-07-05T21:26:40-07:00,,54
1783312060,2026-07-05T21:27:40-07:00,,100
1783312120,2026-07-05T21:28:40-07:00,,115
1783312180,2026-07-05T21:29:40-07:00,,117
1783312240,2026-07-05T21:30:40-07:00,,193
1783312300,2026-07-05T21:31:40-07:00,,100
1783312360,2026-07-05T21:32:40-07:00,,129
1783312420,2026-07-05T21:33:40-07:00,,136
1783312480,2026-07-05T21:34:40-07:00,,110
1783312540,2026-07-05T21:35:40-07:00,,104
1783312600,2026-07-05T21:36:40-07:00,,94
1783312660,2026-07-05T21:37:40-07:00,,128
1783312720,2026-07-05T21:38:40-07:00,,29
1783312780,2026-07-05T21:39:40-07:00,,29
1783312840,2026-07-05T21:40:40-07:00,,68
1783312900,2026-07-05T21:41:40-07:00,,56
1783312960,2026-07-05T21:42:40-07:00,,124
1783313020,2026-07-05T21:43:40-07:00,,112
1783313080,2026-07-05T21:44:40-07:00,,114
1783313140,2026-07-05T21:45:40-07:00,,54
1783313200,2026-07-05T21:46:40-07:00,,155
1783313260,2026-07-05T21:47:40-07:00,,88
1783313320,2026-07-05T21:48:40-07:00,,124
1783313380,2026-07-05T21:49:40-07:00,,86
1783313440,2026-07-05T21:50:40-07:00,,82
1783313500,2026-07-05T21:51:40-07:00,,105
1783313560,2026-07-05T21:52:40-07:00,,35
1783313620,2026-07-05T21:53:40-07:00,,198
1783313680,2026-07-05T21:54:40-07:00,,90
1783313740,2026-07-05T21:55:40-07:00,,129
1783313800,2026-07-05T21:56:40-07:00,,98
1783313860,2026-07-05T21:57:40-07:00,,145
1783313920,2026-07-05T21:58:40-07:00,,34
1783313980,2026-07-05T21:59:40-07:00,,61
1783314040,2026-07-05T22:00:40-07:00,,132
1783314100,2026-07-05T22:01:40-07:00,,82
1783314160,2026-07-05T22:02:40-07:00,,172
1783314220,2026-07-05T22:03:40-07:00,,137
1783314280,2026-07-05T22:04:40-07:00,,113
1783314340,2026-07-05T22:05:40-07:00,,154
1783314400,2026-07-05T22:06:40-07:00,,105
1783314460,2026-07-05T22:07:40-07:00,,105
1783314520,2026-07-05T22:08:40-07:00,,102
1783314580,2026-07-05T22:09:40-07:00,,218
1783314640,2026-07-05T22:10:40-07:00,,148
1783314700,2026-07-05T22:11:40-07:00,,205
1783314760,2026-07-05T22:12:40-07:00,,81
1783314820,2026-07-05T22:13:40-07:00,,153
1783314880,2026-07-05T22:14:40-07:00,,144
1783314940,2026-07-05T22:15:40-07:00,,106
1783315000,2026-07-05T22:16:40-07:00,,156
1783315060,2026-07-05T22:17:40-07:00,,151
1783315120,2026-07-05T22:18:40-07:00,,110
1783315180,2026-07-05T22:19:40-07:00,,123
1783315240,2026-07-05T22:20:40-07:00,,98
1783315300,2026-07-05T22:21:40-07:00,,148
1783315360,2026-07-05T22:22:40-07:00,,135
1783315420,2026-07-05T22:23:40-07:00,,46
1783315480,2026-07-05T22:24:40-07:00,,194
1783315540,2026-07-05T22:25:40-07:00,,147
1783315600,2026-07-05T22:26:40-07:00,,146
1783315660,2026-07-05T22:27:40-07:00,,86
1783315720,2026-07-05T22:28:40-07:00,,110
1783315780,2026-07-05T22:29:40-07:00,,207
1783315840,2026-07-05T22:30:40-07:00,,192
1783315900,2026-07-05T22:31:40-07:00,,109
1783315960,2026-07-05T22:32:40-07:00,,141
1783316020,2026-07-05T22:33:40-07:00,,93
1783316080,2026-07-05T22:34:40-07:00,,112
1783316140,2026-07-05T22:35:40-07:00,,133
1783316200,2026-07-05T22:36:40-07:00,,249
1783316260,2026-07-05T22:37:40-07:00,,72
1783316320,2026-07-05T22:38:40-07:00,,22
1783316380,2026-07-05T22:39:40-07:00,,62
1783316440,2026-07-05T22:40:40-07:00,,69
1783316500,2026-07-05T22:41:40-07:00,,94
1783316560,2026-07-05T22:42:40-07:00,,153
1783316620,2026-07-05T22:43:40-07:00,,65
1783316680,2026-07-05T22:44:40-07:00,,77
1783316740,2026-07-05T22:45:40-07:00,,194
1783316800,2026-07-05T22:46:40-07:00,,67
1783316860,2026-07-05T22:47:40-07:00,,196
1783316920,2026-07-05T22:48:40-07:00,,103
1783316980,2026-07-05T22:49:40-07:00,,200
1783317040,2026-07-05T22:50:40-07:00,,98
1783317100,2026-07-05T22:51:40-07:00,,138
1783317160,2026-07-05T22:52:40-07:00,,59
1783317220,2026-07-05T22:53:40-07:00,,88
1783317280,2026-07-05T22:54:40-07:00,,134
1783317340,2026-07-05T22:55:40-07:00,,55
1783317400,2026-07-05T22:56:40-07:00,,73
1783317460,2026-07-05T22:57:40-07:00,,68
1783317520,2026-07-05T22:58:40-07:00,,129
1783317580,2026-07-05T22:59:40-07:00,,81
1783317640,2026-07-05T23:00:40-07:00,,31
1783317700,2026-07-05T23:01:40-07:00,,65
1783317760,2026-07-05T23:02:40-07:00,,134
1783317820,2026-07-05T23:03:40-07:00,,66
1783317880,2026-07-05T23:04:40-07:00,,121
1783317940,2026-07-05T23:05:40-07:00,,154
1783318000,2026-07-05T23:06:40-07:00,,145
1783318060,2026-07-05T23:07:40-07:00,,195
1783318120,2026-07-05T23:08:40-07:00,,84
1783318180,2026-07-05T23:09:40-07:00,,84
1783318240,2026-07-05T23:10:40-07:00,,184
1783318300,2026-07-05T23:11:40-07:00,,85
1783318360,2026-07-05T23:12:40-07:00,,142
1783318420,2026-07-05T23:13:40-07:00,,74
1783318480,2026-07-05T23:14:40-07:00,,176
1783318540,2026-07-05T23:15:40-07:00,,119
1783318600,2026-07-05T23:16:40-07:00,,150
1783318660,2026-07-05T23:17:40-07:00,,106
1783318720,2026-07-05T23:18:40-07:00,,117
1783318780,2026-07-05T23:19:40-07:00,,166
1783318840,2026-07-05T23:20:40-07:00,,35
1783318900,2026-07-05T23:21:40-07:00,,37
1783318960,2026-07-05T23:22:40-07:00,,67
1783319020,2026-07-05T23:23:40-07:00,,122
1783319080,2026-07-05T23:24:40-07:00,,61
1783319140,2026-07-05T23:25:40-07:00,,71
1783319200,2026-07-05T23:26:40-07:00,,42
1783319260,2026-07-05T23:27:40-07:00,,59
1783319320,2026-07-05T23:28:40-07:00,,47
1783319380,2026-07-05T23:29:40-07:00,,37
1783319440,2026-07-05T23:30:40-07:00,,90
1783319500,2026-07-05T23:31:40-07:00,,46
1783319560,2026-07-05T23:32:40-07:00,,106
1783319620,2026-07-05T23:33:40-07:00,,35
1783319680,2026-07-05T23:34:40-07:00,,63
1783319740,2026-07-05T23:35:40-07:00,,72
1783319800,2026-07-05T23:36:40-07:00,,38
1783319860,2026-07-05T23:37:40-07:00,,55
1783319920,2026-07-05T23:38:40-07:00,,53
1783319980,2026-07-05T23:39:40-07:00,,49
1783320040,2026-07-05T23:40:40-07:00,,54
1783320100,2026-07-05T23:41:40-07:00,,82
1783320160,2026-07-05T23:42:40-07:00,,106
1783320220,2026-07-05T23:43:40-07:00,,114
1783320280,2026-07-05T23:44:40-07:00,,128
1783320340,2026-07-05T23:45:40-07:00,,101
1783320400,2026-07-05T23:46:40-07:00,,55
1783320460,2026-07-05T23:47:40-07:00,,49
1783320520,2026-07-05T23:48:40-07:00,,41
1783320580,2026-07-05T23:49:40-07:00,,75
1783320640,2026-07-05T23:50:40-07:00,,47
1783320700,2026-07-05T23:51:40-07:00,,60
1783320760,2026-07-05T23:52:40-07:00,,47
1783320820,2026-07-05T23:53:40-07:00,,49
1783320880,2026-07-05T23:54:40-07:00,,52
1783320940,2026-07-05T23:55:40-07:00,,112
1783321000,2026-07-05T23:56:40-07:00,,42
1783321060,2026-07-05T23:57:40-07:00,,57
1783321120,2026-07-05T23:58:40-07:00,,59
1783321180,2026-07-05T23:59:40-07:00,,75
1783321200,2026-07-06T00:00:00-07:00,,26
1783321260,2026-07-06T00:01:00-07:00,,43
1783321320,2026-07-06T00:02:00-07:00,,123
1783321380,2026-07-06T00:03:00-07:00,,38
1783321440,2026-07-06T00:04:00-07:00,,31
1783321500,2026-07-06T00:05:00-07:00,,48
1783321560,2026-07-06T00:06:00-07:00,,28
1783321620,2026-07-06T00:07:00-07:00,,45
1783321680,2026-07-06T00:08:00-07:00,,34
1783321740,2026-07-06T00:09:00-07:00,,21
1783321800,2026-07-06T00:10:00-07:00,,22
1783321860,2026-07-06T00:11:00-07:00,,27
1783321920,2026-07-06T00:12:00-07:00,,56
1783321980,2026-07-06T00:13:00-07:00,,61
1783322040,2026-07-06T00:14:00-07:00,,48
1783322100,2026-07-06T00:15:00-07:00,,56
1783322160,2026-07-06T00:16:00-07:00,,46
1783322220,2026-07-06T00:17:00-07:00,,17
1783322280,2026-07-06T00:18:00-07:00,,73
1783322340,2026-07-06T00:19:00-07:00,,48
1783322400,2026-07-06T00:20:00-07:00,,29
1783322460,2026-07-06T00:21:00-07:00,,52
1783322520,2026-07-06T00:22:00-07:00,,36
1783322580,2026-07-06T00:23:00-07:00,,54
1783322640,2026-07-06T00:24:00-07:00,,21
1783322700,2026-07-06T00:25:00-07:00,,45
1783322760,2026-07-06T00:26:00-07:00,,46
1783322820,2026-07-06T00:27:00-07:00,,48
1783322880,2026-07-06T00:28:00-07:00,,125
1783322940,2026-07-06T00:29:00-07:00,,60
1783323000,2026-07-06T00:30:00-07:00,,35
1783323060,2026-07-06T00:31:00-07:00,,19
1783323120,2026-07-06T00:32:00-07:00,,58
1783323180,2026-07-06T00:33:00-07:00,,57
1783323240,2026-07-06T00:34:00-07:00,,40
1783323300,2026-07-06T00:35:00-07:00,,42
1783323360,2026-07-06T00:36:00-07:00,,46
1783323420,2026-07-06T00:37:00-07:00,,47
1783323480,2026-07-06T00:38:00-07:00,,54
1783323540,2026-07-06T00:39:00-07:00,,34
1783323600,2026-07-06T00:40:00-07:00,,48
1783323660,2026-07-06T00:41:00-07:00,,22
1783323720,2026-07-06T00:42:00-07:00,,32
1783323780,2026-07-06T00:43:00-07:00,,27
1783323840,2026-07-06T00:44:00-07:00,,54
1783323900,2026-07-06T00:45:00-07:00,,22
1783323960,2026-07-06T00:46:00-07:00,,19
1783324020,2026-07-06T00:47:00-07:00,,26
1783324080,2026-07-06T00:48:00-07:00,,22
1783324140,2026-07-06T00:49:00-07:00,,25
1783324200,2026-07-06T00:50:00-07:00,,11
1783324260,2026-07-06T00:51:00-07:00,,22
1783324320,2026-07-06T00:52:00-07:00,,25
1783324380,2026-07-06T00:53:00-07:00,,15
1783324440,2026-07-06T00:54:00-07:00,,14
1783324500,2026-07-06T00:55:00-07:00,,7
1783324560,2026-07-06T00:56:00-07:00,,15
1783324620,2026-07-06T00:57:00-07:00,,32
1783324680,2026-07-06T00:58:00-07:00,,20
1783324740,2026-07-06T00:59:00-07:00,,14
1783324800,2026-07-06T01:00:00-07:00,,12
1783324860,2026-07-06T01:01:00-07:00,,16
1783324920,2026-07-06T01:02:00-07:00,,15
1783324980,2026-07-06T01:03:00-07:00,,32
1783325040,2026-07-06T01:04:00-07:00,,2
1783325100,2026-07-06T01:05:00-07:00,,17
1783325160,2026-07-06T01:06:00-07:00,,30
1783325220,2026-07-06T01:07:00-07:00,,15
1783325280,2026-07-06T01:08:00-07:00,,22
1783325340,2026-07-06T01:09:00-07:00,,10
1783325400,2026-07-06T01:10:00-07:00,,9
1783325460,2026-07-06T01:11:00-07:00,,18
1783325520,2026-07-06T01:12:00-07:00,,24
1783325580,2026-07-06T01:13:00-07:00,,4
1783325640,2026-07-06T01:14:00-07:00,,7
1783325700,2026-07-06T01:15:00-07:00,,25
1783325760,2026-07-06T01:16:00-07:00,,9
1783325820,2026-07-06T01:17:00-07:00,,9
1783325880,2026-07-06T01:18:00-07:00,,7
1783325940,2026-07-06T01:19:00-07:00,,25
1783326000,2026-07-06T01:20:00-07:00,,7
1783326060,2026-07-06T01:21:00-07:00,,14
1783326120,2026-07-06T01:22:00-07:00,,22
1783326180,2026-07-06T01:23:00-07:00,,12
1783326240,2026-07-06T01:24:00-07:00,,10
1783326300,2026-07-06T01:25:00-07:00,,31
1783326360,2026-07-06T01:26:00-07:00,,14
1783326420,2026-07-06T01:27:00-07:00,,10
1783326480,2026-07-06T01:28:00-07:00,,6
1783326540,2026-07-06T01:29:00-07:00,,23
1783326600,2026-07-06T01:30:00-07:00,,9
1783326660,2026-07-06T01:31:00-07:00,,15
1783326720,2026-07-06T01:32:00-07:00,,6
1783326780,2026-07-06T01:33:00-07:00,,8
1783326840,2026-07-06T01:34:00-07:00,,9
1783326900,2026-07-06T01:35:00-07:00,,15
1783326960,2026-07-06T01:36:00-07:00,,14
1783327020,2026-07-06T01:37:00-07:00,,7
1783327080,2026-07-06T01:38:00-07:00,,4
1783327140,2026-07-06T01:39:00-07:00,,6
1783327200,2026-07-06T01:40:00-07:00,,4
1783327260,2026-07-06T01:41:00-07:00,,6
1783327320,2026-07-06T01:42:00-07:00,,6
1783327380,2026-07-06T01:43:00-07:00,,8
1783327440,2026-07-06T01:44:00-07:00,,7
1783327500,2026-07-06T01:45:00-07:00,,6
1783327560,2026-07-06T01:46:00-07:00,,9
1783327620,2026-07-06T01:47:00-07:00,,8
1783327680,2026-07-06T01:48:00-07:00,,23
1783327740,2026-07-06T01:49:00-07:00,,8
1783327800,2026-07-06T01:50:00-07:00,,10
1783327860,2026-07-06T01:51:00-07:00,,5
1783327920,2026-07-06T01:52:00-07:00,,7
1783327980,2026-07-06T01:53:00-07:00,,25
1783328040,2026-07-06T01:54:00-07:00,,11
1783328100,2026-07-06T01:55:00-07:00,,6
1783328160,2026-07-06T01:56:00-07:00,,7
1783328220,2026-07-06T01:57:00-07:00,,6
1783328280,2026-07-06T01:58:00-07:00,,6
1783328340,2026-07-06T01:59:00-07:00,,5
1783328400,2026-07-06T02:00:00-07:00,,3
1783328460,2026-07-06T02:01:00-07:00,,6
1783328520,2026-07-06T02:02:00-07:00,,8
1783328580,2026-07-06T02:03:00-07:00,,6
1783328640,2026-07-06T02:04:00-07:00,,6
1783328700,2026-07-06T02:05:00-07:00,,7
1783328760,2026-07-06T02:06:00-07:00,,7
1783328820,2026-07-06T02:07:00-07:00,,6
1783328880,2026-07-06T02:08:00-07:00,,7
1783328940,2026-07-06T02:09:00-07:00,,6
1783329000,2026-07-06T02:10:00-07:00,,12
1783329060,2026-07-06T02:11:00-07:00,,9
1783329120,2026-07-06T02:12:00-07:00,,14
1783329180,2026-07-06T02:13:00-07:00,,10
1783329240,2026-07-06T02:14:00-07:00,,10
1783329300,2026-07-06T02:15:00-07:00,,11
1783329360,2026-07-06T02:16:00-07:00,,10
1783329420,2026-07-06T02:17:00-07:00,,19
1783329480,2026-07-06T02:18:00-07:00,,16
1783329540,2026-07-06T02:19:00-07:00,,6
1783329600,2026-07-06T02:20:00-07:00,,6
1783329660,2026-07-06T02:21:00-07:00,,7
1783329720,2026-07-06T02:22:00-07:00,,6
1783329780,2026-07-06T02:23:00-07:00,,8
1783329840,2026-07-06T02:24:00-07:00,,6
1783329900,2026-07-06T02:25:00-07:00,,23
1783329960,2026-07-06T02:26:00-07:00,,18
1783330020,2026-07-06T02:27:00-07:00,,36
1783330080,2026-07-06T02:28:00-07:00,,47
1783330140,2026-07-06T02:29:00-07:00,,9
1783330200,2026-07-06T02:30:00-07:00,,6
1783330260,2026-07-06T02:31:00-07:00,,14
1783330320,2026-07-06T02:32:00-07:00,,5
1783330380,2026-07-06T02:33:00-07:00,,12
1783330440,2026-07-06T02:34:00-07:00,,9
1783330500,2026-07-06T02:35:00-07:00,,5
1783330560,2026-07-06T02:36:00-07:00,,6
1783330620,2026-07-06T02:37:00-07:00,,7
1783330680,2026-07-06T02:38:00-07:00,,6
1783330740,2026-07-06T02:39:00-07:00,,8
1783330800,2026-07-06T02:40:00-07:00,,5
1783330860,2026-07-06T02:41:00-07:00,,5
1783330920,2026-07-06T02:42:00-07:00,,11
1783330980,2026-07-06T02:43:00-07:00,,8
1783331040,2026-07-06T02:44:00-07:00,,10
1783331100,2026-07-06T02:45:00-07:00,,7
1783331160,2026-07-06T02:46:00-07:00,,7
1783331220,2026-07-06T02:47:00-07:00,,9
1783331280,2026-07-06T02:48:00-07:00,,22
1783331340,2026-07-06T02:49:00-07:00,,3
1783331400,2026-07-06T02:50:00-07:00,,5
1783331460,2026-07-06T02:51:00-07:00,,9
1783331520,2026-07-06T02:52:00-07:00,,6
1783331580,2026-07-06T02:53:00-07:00,,14
1783331640,2026-07-06T02:54:00-07:00,,7
1783331700,2026-07-06T02:55:00-07:00,,8
1783331760,2026-07-06T02:56:00-07:00,,5
1783331820,2026-07-06T02:57:00-07:00,,7
1783331880,2026-07-06T02:58:00-07:00,,10
1783331940,2026-07-06T02:59:00-07:00,,10
1783332000,2026-07-06T03:00:00-07:00,,13
1783332060,2026-07-06T03:01:00-07:00,,11
1783332120,2026-07-06T03:02:00-07:00,,7
1783332180,2026-07-06T03:03:00-07:00,,8
1783332240,2026-07-06T03:04:00-07:00,,8
1783332300,2026-07-06T03:05:00-07:00,,8
1783332360,2026-07-06T03:06:00-07:00,,10
1783332420,2026-07-06T03:07:00-07:00,,10
1783332480,2026-07-06T03:08:00-07:00,,6
1783332540,2026-07-06T03:09:00-07:00,,6
1783332600,2026-07-06T03:10:00-07:00,,11
1783332660,2026-07-06T03:11:00-07:00,,5
1783332720,2026-07-06T03:12:00-07:00,,10
1783332780,2026-07-06T03:13:00-07:00,,6
1783332840,2026-07-06T03:14:00-07:00,,9
1783332900,2026-07-06T03:15:00-07:00,,6
1783332960,2026-07-06T03:16:00-07:00,,10
1783333020,2026-07-06T03:17:00-07:00,,6
1783333080,2026-07-06T03:18:00-07:00,,10
1783333140,2026-07-06T03:19:00-07:00,,8
1783333200,2026-07-06T03:20:00-07:00,,10
1783333260,2026-07-06T03:21:00-07:00,,13
1783333320,2026-07-06T03:22:00-07:00,,11
1783333380,2026-07-06T03:23:00-07:00,,5
1783333440,2026-07-06T03:24:00-07:00,,10
1783333500,2026-07-06T03:25:00-07:00,,9
1783333560,2026-07-06T03:26:00-07:00,,13
1783333620,2026-07-06T03:27:00-07:00,,7
1783333680,2026-07-06T03:28:00-07:00,,8
1783333740,2026-07-06T03:29:00-07:00,,12
1783333800,2026-07-06T03:30:00-07:00,,10
1783333860,2026-07-06T03:31:00-07:00,,9
1783333920,2026-07-06T03:32:00-07:00,,8
1783333980,2026-07-06T03:33:00-07:00,,6
1783334040,2026-07-06T03:34:00-07:00,,23
1783334100,2026-07-06T03:35:00-07:00,,5
1783334160,2026-07-06T03:36:00-07:00,,9
1783334220,2026-07-06T03:37:00-07:00,,7
1783334280,2026-07-06T03:38:00-07:00,,8
1783334340,2026-07-06T03:39:00-07:00,,6
1783334400,2026-07-06T03:40:00-07:00,,6
1783334460,2026-07-06T03:41:00-07:00,,6
1783334520,2026-07-06T03:42:00-07:00,,6
1783334580,2026-07-06T03:43:00-07:00,,4
1783334640,2026-07-06T03:44:00-07:00,,12
1783334700,2026-07-06T03:45:00-07:00,,13
1783334760,2026-07-06T03:46:00-07:00,,7
1783334820,2026-07-06T03:47:00-07:00,,11
1783334880,2026-07-06T03:48:00-07:00,,7
1783334940,2026-07-06T03:49:00-07:00,,6
1783335000,2026-07-06T03:50:00-07:00,,7
1783335060,2026-07-06T03:51:00-07:00,,11
1783335120,2026-07-06T03:52:00-07:00,,8
1783335180,2026-07-06T03:53:00-07:00,,5
1783335240,2026-07-06T03:54:00-07:00,,6
1783335300,2026-07-06T03:55:00-07:00,,11
1783335360,2026-07-06T03:56:00-07:00,,3
1783335420,2026-07-06T03:57:00-07:00,,7
1783335480,2026-07-06T03:58:00-07:00,,15
1783335540,2026-07-06T03:59:00-07:00,,12
1783335600,2026-07-06T04:00:00-07:00,,12
1783335660,2026-07-06T04:01:00-07:00,,19
1783335720,2026-07-06T04:02:00-07:00,,7
1783335780,2026-07-06T04:03:00-07:00,,14
1783335840,2026-07-06T04:04:00-07:00,,6
1783335900,2026-07-06T04:05:00-07:00,,8
1783335960,2026-07-06T04:06:00-07:00,,6
1783336020,2026-07-06T04:07:00-07:00,,6
1783336080,2026-07-06T04:08:00-07:00,,5
1783336140,2026-07-06T04:09:00-07:00,,17
1783336200,2026-07-06T04:10:00-07:00,,9
1783336260,2026-07-06T04:11:00-07:00,,21
1783336320,2026-07-06T04:12:00-07:00,,13
1783336380,2026-07-06T04:13:00-07:00,,6
1783336440,2026-07-06T04:14:00-07:00,,7
1783336500,2026-07-06T04:15:00-07:00,,8
1783336560,2026-07-06T04:16:00-07:00,,11
1783336620,2026-07-06T04:17:00-07:00,,5
1783336680,2026-07-06T04:18:00-07:00,,13
1783336740,2026-07-06T04:19:00-07:00,,15
1783336800,2026-07-06T04:20:00-07:00,,17
1783336860,2026-07-06T04:21:00-07:00,,10
1783336920,2026-07-06T04:22:00-07:00,,7
1783336980,2026-07-06T04:23:00-07:00,,14
1783337040,2026-07-06T04:24:00-07:00,,30
1783337100,2026-07-06T04:25:00-07:00,,7
1783337160,2026-07-06T04:26:00-07:00,,9
1783337220,2026-07-06T04:27:00-07:00,,9
1783337280,2026-07-06T04:28:00-07:00,,12
1783337340,2026-07-06T04:29:00-07:00,,12
1783337400,2026-07-06T04:30:00-07:00,,24
1783337460,2026-07-06T04:31:00-07:00,,16
1783337520,2026-07-06T04:32:00-07:00,,5
1783337580,2026-07-06T04:33:00-07:00,,6
1783337640,2026-07-06T04:34:00-07:00,,27
1783337700,2026-07-06T04:35:00-07:00,,15
1783337760,2026-07-06T04:36:00-07:00,,18
1783337820,2026-07-06T04:37:00-07:00,,4
1783337880,2026-07-06T04:38:00-07:00,,6
1783337940,2026-07-06T04:39:00-07:00,,12
1783338000,2026-07-06T04:40:00-07:00,,46
1783338060,2026-07-06T04:41:00-07:00,,8
1783338120,2026-07-06T04:42:00-07:00,,13
1783338180,2026-07-06T04:43:00-07:00,,9
1783338240,2026-07-06T04:44:00-07:00,,7
1783338300,2026-07-06T04:45:00-07:00,,24
1783338360,2026-07-06T04:46:00-07:00,,5
1783338420,2026-07-06T04:47:00-07:00,,24
1783338480,2026-07-06T04:48:00-07:00,,27
1783338540,2026-07-06T04:49:00-07:00,,14
1783338600,2026-07-06T04:50:00-07:00,,6
1783338660,2026-07-06T04:51:00-07:00,,11
1783338720,2026-07-06T04:52:00-07:00,,13
1783338780,2026-07-06T04:53:00-07:00,,20
1783338840,2026-07-06T04:54:00-07:00,,9
1783338900,2026-07-06T04:55:00-07:00,,7
1783338960,2026-07-06T04:56:00-07:00,,7
1783339020,2026-07-06T04:57:00-07:00,,18
1783339080,2026-07-06T04:58:00-07:00,,19
1783339140,2026-07-06T04:59:00-07:00,,16
1783339200,2026-07-06T05:00:00-07:00,,14
1783339260,2026-07-06T05:01:00-07:00,,15
1783339320,2026-07-06T05:02:00-07:00,,22
1783339380,2026-07-06T05:03:00-07:00,,16
1783339440,2026-07-06T05:04:00-07:00,,11
1783339500,2026-07-06T05:05:00-07:00,,20
1783339560,2026-07-06T05:06:00-07:00,,19
1783339620,2026-07-06T05:07:00-07:00,,17
1783339680,2026-07-06T05:08:00-07:00,,30
1783339740,2026-07-06T05:09:00-07:00,,6
1783339800,2026-07-06T05:10:00-07:00,,12
1783339860,2026-07-06T05:11:00-07:00,,9
1783339920,2026-07-06T05:12:00-07:00,,53
1783339980,2026-07-06T05:13:00-07:00,,7
1783340040,2026-07-06T05:14:00-07:00,,27
1783340100,2026-07-06T05:15:00-07:00,,18
1783340160,2026-07-06T05:16:00-07:00,,40
1783340220,2026-07-06T05:17:00-07:00,,7
1783340280,2026-07-06T05:18:00-07:00,,7
1783340340,2026-07-06T05:19:00-07:00,,9
1783340400,2026-07-06T05:20:00-07:00,,42
1783340460,2026-07-06T05:21:00-07:00,,15
1783340520,2026-07-06T05:22:00-07:00,,12
1783340580,2026-07-06T05:23:00-07:00,,33
1783340640,2026-07-06T05:24:00-07:00,,9
1783340700,2026-07-06T05:25:00-07:00,,46
1783340760,2026-07-06T05:26:00-07:00,,6
1783340820,2026-07-06T05:27:00-07:00,,8
1783340880,2026-07-06T05:28:00-07:00,,7
1783340940,2026-07-06T05:29:00-07:00,,6
1783341000,2026-07-06T05:30:00-07:00,,8
1783341060,2026-07-06T05:31:00-07:00,,28
1783341120,2026-07-06T05:32:00-07:00,,12
1783341180,2026-07-06T05:33:00-07:00,,19
1783341240,2026-07-06T05:34:00-07:00,,36
1783341300,2026-07-06T05:35:00-07:00,,33
1783341360,2026-07-06T05:36:00-07:00,,16
1783341420,2026-07-06T05:37:00-07:00,,44
1783341480,2026-07-06T05:38:00-07:00,,8
1783341540,2026-07-06T05:39:00-07:00,,24
1783341600,2026-07-06T05:40:00-07:00,,26
1783341660,2026-07-06T05:41:00-07:00,,14
1783341720,2026-07-06T05:42:00-07:00,,20
1783341780,2026-07-06T05:43:00-07:00,,9
1783341840,2026-07-06T05:44:00-07:00,,16
1783341900,2026-07-06T05:45:00-07:00,,17
1783341960,2026-07-06T05:46:00-07:00,,10
1783342020,2026-07-06T05:47:00-07:00,,6
1783342080,2026-07-06T05:48:00-07:00,,10
1783342140,2026-07-06T05:49:00-07:00,,66
1783342200,2026-07-06T05:50:00-07:00,,12
1783342260,2026-07-06T05:51:00-07:00,,44
1783342320,2026-07-06T05:52:00-07:00,,7
1783342380,2026-07-06T05:53:00-07:00,,10
1783342440,2026-07-06T05:54:00-07:00,,15
1783342500,2026-07-06T05:55:00-07:00,,36
1783342560,2026-07-06T05:56:00-07:00,,6
1783342620,2026-07-06T05:57:00-07:00,,16
1783342680,2026-07-06T05:58:00-07:00,,24
1783342740,2026-07-06T05:59:00-07:00,,25
1783342800,2026-07-06T06:00:00-07:00,,38
1783342860,2026-07-06T06:01:00-07:00,,19
1783342920,2026-07-06T06:02:00-07:00,,23
1783342980,2026-07-06T06:03:00-07:00,,37
1783343040,2026-07-06T06:04:00-07:00,,12
1783343100,2026-07-06T06:05:00-07:00,,20
1783343160,2026-07-06T06:06:00-07:00,,42
1783343220,2026-07-06T06:07:00-07:00,,28
1783343280,2026-07-06T06:08:00-07:00,,33
1783343340,2026-07-06T06:09:00-07:00,,10
1783343400,2026-07-06T06:10:00-07:00,,12
1783343460,2026-07-06T06:11:00-07:00,,8
1783343520,2026-07-06T06:12:00-07:00,,31
1783343580,2026-07-06T06:13:00-07:00,,11
1783343640,2026-07-06T06:14:00-07:00,,22
1783343700,2026-07-06T06:15:00-07:00,,13
1783343760,2026-07-06T06:16:00-07:00,,28
1783343820,2026-07-06T06:17:00-07:00,,40
1783343880,2026-07-06T06:18:00-07:00,,10
1783343940,2026-07-06T06:19:00-07:00,,36
1783344000,2026-07-06T06:20:00-07:00,,43
1783344060,2026-07-06T06:21:00-07:00,,44
1783344120,2026-07-06T06:22:00-07:00,,46
1783344180,2026-07-06T06:23:00-07:00,,36
1783344240,2026-07-06T06:24:00-07:00,,18
1783344300,2026-07-06T06:25:00-07:00,,25
1783344360,2026-07-06T06:26:00-07:00,,18
1783344420,2026-07-06T06:27:00-07:00,,31
1783344480,2026-07-06T06:28:00-07:00,,13
1783344540,2026-07-06T06:29:00-07:00,,20
1783344600,2026-07-06T06:30:00-07:00,,13
1783344660,2026-07-06T06:31:00-07:00,,43
1783344720,2026-07-06T06:32:00-07:00,,40
1783344780,2026-07-06T06:33:00-07:00,,29
1783344840,2026-07-06T06:34:00-07:00,,14
1783344900,2026-07-06T06:35:00-07:00,,32
1783344960,2026-07-06T06:36:00-07:00,,32
1783345020,2026-07-06T06:37:00-07:00,,82
1783345080,2026-07-06T06:38:00-07:00,,59
1783345140,2026-07-06T06:39:00-07:00,,165
1783345200,2026-07-06T06:40:00-07:00,,47
1783345260,2026-07-06T06:41:00-07:00,,30
1783345320,2026-07-06T06:42:00-07:00,,34
1783345380,2026-07-06T06:43:00-07:00,,59
1783345440,2026-07-06T06:44:00-07:00,,9
1783345500,2026-07-06T06:45:00-07:00,,10
1783345560,2026-07-06T06:46:00-07:00,,15
1783345620,2026-07-06T06:47:00-07:00,,17
1783345680,2026-07-06T06:48:00-07:00,,19
1783345740,2026-07-06T06:49:00-07:00,,8
1783345800,2026-07-06T06:50:00-07:00,,29
1783345860,2026-07-06T06:51:00-07:00,,33
1783345920,2026-07-06T06:52:00-07:00,,37
1783345980,2026-07-06T06:53:00-07:00,,59
1783346040,2026-07-06T06:54:00-07:00,,28
1783346100,2026-07-06T06:55:00-07:00,,30
1783346160,2026-07-06T06:56:00-07:00,,57
1783346220,2026-07-06T06:57:00-07:00,,74
1783346280,2026-07-06T06:58:00-07:00,,56
1783346340,2026-07-06T06:59:00-07:00,,48
1783346400,2026-07-06T07:00:00-07:00,,52
1783346460,2026-07-06T07:01:00-07:00,,80
1783346520,2026-07-06T07:02:00-07:00,,58
1783346580,2026-07-06T07:03:00-07:00,,30
1783346640,2026-07-06T07:04:00-07:00,,33
1783346700,2026-07-06T07:05:00-07:00,,27
1783346760,2026-07-06T07:06:00-07:00,,25
1783346820,2026-07-06T07:07:00-07:00,,5
1783346880,2026-07-06T07:08:00-07:00,,14
1783346940,2026-07-06T07:09:00-07:00,,13
1783347000,2026-07-06T07:10:00-07:00,,16
1783347060,2026-07-06T07:11:00-07:00,,41
1783347120,2026-07-06T07:12:00-07:00,,49
1783347180,2026-07-06T07:13:00-07:00,,36
1783347240,2026-07-06T07:14:00-07:00,,62
1783347300,2026-07-06T07:15:00-07:00,,24
1783347360,2026-07-06T07:16:00-07:00,,16
1783347420,2026-07-06T07:17:00-07:00,,55
1783347480,2026-07-06T07:18:00-07:00,,46
1783347540,2026-07-06T07:19:00-07:00,,15
1783347600,2026-07-06T07:20:00-07:00,,30
1783347660,2026-07-06T07:21:00-07:00,,40
1783347720,2026-07-06T07:22:00-07:00,,14
1783347780,2026-07-06T07:23:00-07:00,,42
1783347840,2026-07-06T07:24:00-07:00,,80
1783347900,2026-07-06T07:25:00-07:00,,57
1783347960,2026-07-06T07:26:00-07:00,,32
1783348020,2026-07-06T07:27:00-07:00,,62
1783348080,2026-07-06T07:28:00-07:00,,65
1783348140,2026-07-06T07:29:00-07:00,,29
1783348200,2026-07-06T07:30:00-07:00,,49
1783348260,2026-07-06T07:31:00-07:00,,53
1783348320,2026-07-06T07:32:00-07:00,,53
1783348380,2026-07-06T07:33:00-07:00,,48
1783348440,2026-07-06T07:34:00-07:00,,38
1783348500,2026-07-06T07:35:00-07:00,,40
1783348560,2026-07-06T07:36:00-07:00,,26
1783348620,2026-07-06T07:37:00-07:00,,33
1783348680,2026-07-06T07:38:00-07:00,,50
1783348740,2026-07-06T07:39:00-07:00,,138
1783348800,2026-07-06T07:40:00-07:00,,33
1783348860,2026-07-06T07:41:00-07:00,,13
1783348920,2026-07-06T07:42:00-07:00,,88
1783348980,2026-07-06T07:43:00-07:00,,48
1783349040,2026-07-06T07:44:00-07:00,,11
1783349100,2026-07-06T07:45:00-07:00,,34
1783349160,2026-07-06T07:46:00-07:00,,41
1783349220,2026-07-06T07:47:00-07:00,,33
1783349280,2026-07-06T07:48:00-07:00,,26
1783349340,2026-07-06T07:49:00-07:00,,37
1783349400,2026-07-06T07:50:00-07:00,,31
1783349460,2026-07-06T07:51:00-07:00,,22
1783349520,2026-07-06T07:52:00-07:00,,162
1783349580,2026-07-06T07:53:00-07:00,,191
1783349640,2026-07-06T07:54:00-07:00,,54
1783349700,2026-07-06T07:55:00-07:00,,52
1783349760,2026-07-06T07:56:00-07:00,,33
1783349820,2026-07-06T07:57:00-07:00,,60
1783349880,2026-07-06T07:58:00-07:00,,90
1783349940,2026-07-06T07:59:00-07:00,,18
1783350000,2026-07-06T08:00:00-07:00,,32
1783350060,2026-07-06T08:01:00-07:00,,41
1783350120,2026-07-06T08:02:00-07:00,,38
1783350180,2026-07-06T08:03:00-07:00,,35
1783350240,2026-07-06T08:04:00-07:00,,40
1783350300,2026-07-06T08:05:00-07:00,,23
1783350360,2026-07-06T08:06:00-07:00,,49
1783350420,2026-07-06T08:07:00-07:00,,61
1783350480,2026-07-06T08:08:00-07:00,,86
1783350540,2026-07-06T08:09:00-07:00,,24
1783350600,2026-07-06T08:10:00-07:00,,13
1783350660,2026-07-06T08:11:00-07:00,,44
1783350720,2026-07-06T08:12:00-07:00,,53
1783350780,2026-07-06T08:13:00-07:00,,44
1783350840,2026-07-06T08:14:00-07:00,,48
1783350900,2026-07-06T08:15:00-07:00,,41
1783350960,2026-07-06T08:16:00-07:00,,50
1783351020,2026-07-06T08:17:00-07:00,,60
1783351080,2026-07-06T08:18:00-07:00,,64
1783351140,2026-07-06T08:19:00-07:00,,35
1783351200,2026-07-06T08:20:00-07:00,,28
1783351260,2026-07-06T08:21:00-07:00,,15
1783351320,2026-07-06T08:22:00-07:00,,26
1783351380,2026-07-06T08:23:00-07:00,,41
1783351440,2026-07-06T08:24:00-07:00,,47
1783351500,2026-07-06T08:25:00-07:00,,24
1783351560,2026-07-06T08:26:00-07:00,,50
1783351620,2026-07-06T08:27:00-07:00,,46
1783351680,2026-07-06T08:28:00-07:00,,57
1783351740,2026-07-06T08:29:00-07:00,,25
1783351800,2026-07-06T08:30:00-07:00,,15
1783351860,2026-07-06T08:31:00-07:00,,147
1783351920,2026-07-06T08:32:00-07:00,,168
1783351980,2026-07-06T08:33:00-07:00,,19
1783352040,2026-07-06T08:34:00-07:00,,47
1783352100,2026-07-06T08:35:00-07:00,,95
1783352160,2026-07-06T08:36:00-07:00,,76
1783352220,2026-07-06T08:37:00-07:00,,103
1783352280,2026-07-06T08:38:00-07:00,,72
1783352340,2026-07-06T08:39:00-07:00,,104
1783352400,2026-07-06T08:40:00-07:00,,34
1783352460,2026-07-06T08:41:00-07:00,,150
1783352520,2026-07-06T08:42:00-07:00,,82
1783352580,2026-07-06T08:43:00-07:00,,148
1783352640,2026-07-06T08:44:00-07:00,,141
1783352700,2026-07-06T08:45:00-07:00,,90
1783352760,2026-07-06T08:46:00-07:00,,111
1783352820,2026-07-06T08:47:00-07:00,,97
1783352880,2026-07-06T08:48:00-07:00,,88
1783352940,2026-07-06T08:49:00-07:00,,177
1783353000,2026-07-06T08:50:00-07:00,,65
1783353060,2026-07-06T08:51:00-07:00,,126
1783353120,2026-07-06T08:52:00-07:00,,112
1783353180,2026-07-06T08:53:00-07:00,,193
1783353240,2026-07-06T08:54:00-07:00,,45
1783353300,2026-07-06T08:55:00-07:00,,45
1783353360,2026-07-06T08:56:00-07:00,,63
1783353420,2026-07-06T08:57:00-07:00,,44
1783353480,2026-07-06T08:58:00-07:00,,69
1783353540,2026-07-06T08:59:00-07:00,,143
1783353600,2026-07-06T09:00:00-07:00,,129
1783353660,2026-07-06T09:01:00-07:00,,78
1783353720,2026-07-06T09:02:00-07:00,,133
1783353780,2026-07-06T09:03:00-07:00,,260
1783353840,2026-07-06T09:04:00-07:00,,122
1783353900,2026-07-06T09:05:00-07:00,,165
1783353960,2026-07-06T09:06:00-07:00,,173
1783354020,2026-07-06T09:07:00-07:00,,197
1783354080,2026-07-06T09:08:00-07:00,,94
1783354140,2026-07-06T09:09:00-07:00,,76
1783354200,2026-07-06T09:10:00-07:00,,93
1783354260,2026-07-06T09:11:00-07:00,,97
1783354320,2026-07-06T09:12:00-07:00,,209
1783354380,2026-07-06T09:13:00-07:00,,118
1783354440,2026-07-06T09:14:00-07:00,,106
1783354500,2026-07-06T09:15:00-07:00,,112
1783354560,2026-07-06T09:16:00-07:00,,122
1783354620,2026-07-06T09:17:00-07:00,,94
1783354680,2026-07-06T09:18:00-07:00,,127
1783354740,2026-07-06T09:19:00-07:00,,140
1783354800,2026-07-06T09:20:00-07:00,,214
1783354860,2026-07-06T09:21:00-07:00,,83
1783354920,2026-07-06T09:22:00-07:00,,114
1783354980,2026-07-06T09:23:00-07:00,,99
1783355040,2026-07-06T09:24:00-07:00,,96
1783355100,2026-07-06T09:25:00-07:00,,122
1783355160,2026-07-06T09:26:00-07:00,,167
1783355220,2026-07-06T09:27:00-07:00,,128
1783355280,2026-07-06T09:28:00-07:00,,99
1783355340,2026-07-06T09:29:00-07:00,,142
1783355400,2026-07-06T09:30:00-07:00,,107
1783355460,2026-07-06T09:31:00-07:00,,113
1783355520,2026-07-06T09:32:00-07:00,,163
1783355580,2026-07-06T09:33:00-07:00,,93
1783355640,2026-07-06T09:34:00-07:00,,111
1783355700,2026-07-06T09:35:00-07:00,,51
1783355760,2026-07-06T09:36:00-07:00,,164
1783355820,2026-07-06T09:37:00-07:00,,52
1783355880,2026-07-06T09:38:00-07:00,,46
1783355940,2026-07-06T09:39:00-07:00,,49
1783356000,2026-07-06T09:40:00-07:00,,58
1783356060,2026-07-06T09:41:00-07:00,,138
1783356120,2026-07-06T09:42:00-07:00,,154
1783356180,2026-07-06T09:43:00-07:00,,72
1783356240,2026-07-06T09:44:00-07:00,,89
1783356300,2026-07-06T09:45:00-07:00,,144
1783356360,2026-07-06T09:46:00-07:00,,72
1783356420,2026-07-06T09:47:00-07:00,,102
1783356480,2026-07-06T09:48:00-07:00,,107
1783356540,2026-07-06T09:49:00-07:00,,48
1783356600,2026-07-06T09:50:00-07:00,,66
1783356660,2026-07-06T09:51:00-07:00,,62
1783356720,2026-07-06T09:52:00-07:00,,82
1783356780,2026-07-06T09:53:00-07:00,,136
1783356840,2026-07-06T09:54:00-07:00,,87
1783356900,2026-07-06T09:55:00-07:00,,68
1783356960,2026-07-06T09:56:00-07:00,,96
1783357020,2026-07-06T09:57:00-07:00,,117
1783357080,2026-07-06T09:58:00-07:00,,66
1783357140,2026-07-06T09:59:00-07:00,,39
1783357200,2026-07-06T10:00:00-07:00,,35
1783357260,2026-07-06T10:01:00-07:00,,76
1783357320,2026-07-06T10:02:00-07:00,,192
1783357380,2026-07-06T10:03:00-07:00,,85
1783357440,2026-07-06T10:04:00-07:00,,79
1783357500,2026-07-06T10:05:00-07:00,,121
1783357560,2026-07-06T10:06:00-07:00,,108
1783357620,2026-07-06T10:07:00-07:00,,121
1783357680,2026-07-06T10:08:00-07:00,,38
1783357740,2026-07-06T10:09:00-07:00,,38
1783357800,2026-07-06T10:10:00-07:00,,94
1783357860,2026-07-06T10:11:00-07:00,,130
1783357920,2026-07-06T10:12:00-07:00,,79
1783357980,2026-07-06T10:13:00-07:00,,169
1783358040,2026-07-06T10:14:00-07:00,,111
1783358100,2026-07-06T10:15:00-07:00,,69
1783358160,2026-07-06T10:16:00-07:00,,123
1783358220,2026-07-06T10:17:00-07:00,,113
1783358280,2026-07-06T10:18:00-07:00,,149
1783358340,2026-07-06T10:19:00-07:00,,170
1783358400,2026-07-06T10:20:00-07:00,,80
1783358460,2026-07-06T10:21:00-07:00,,112
1783358520,2026-07-06T10:22:00-07:00,,107
1783358580,2026-07-06T10:23:00-07:00,,46
1783358640,2026-07-06T10:24:00-07:00,,169
1783358700,2026-07-06T10:25:00-07:00,,87
1783358760,2026-07-06T10:26:00-07:00,,85
1783358820,2026-07-06T10:27:00-07:00,,135
1783358880,2026-07-06T10:28:00-07:00,,74
1783358940,2026-07-06T10:29:00-07:00,,110
1783359000,2026-07-06T10:30:00-07:00,,149
1783359060,2026-07-06T10:31:00-07:00,,54
1783359120,2026-07-06T10:32:00-07:00,,90
1783359180,2026-07-06T10:33:00-07:00,,79
1783359240,2026-07-06T10:34:00-07:00,,199
1783359300,2026-07-06T10:35:00-07:00,,78
1783359360,2026-07-06T10:36:00-07:00,,26
1783359420,2026-07-06T10:37:00-07:00,,95
1783359480,2026-07-06T10:38:00-07:00,,172
1783359540,2026-07-06T10:39:00-07:00,,140
1783359600,2026-07-06T10:40:00-07:00,,102
1783359660,2026-07-06T10:41:00-07:00,,121
1783359720,2026-07-06T10:42:00-07:00,,90
1783359780,2026-07-06T10:43:00-07:00,,110
1783359840,2026-07-06T10:44:00-07:00,,127
1783359900,2026-07-06T10:45:00-07:00,,83
1783359960,2026-07-06T10:46:00-07:00,,32
1783360020,2026-07-06T10:47:00-07:00,,51
1783360080,2026-07-06T10:48:00-07:00,,102
1783360140,2026-07-06T10:49:00-07:00,,121
1783360200,2026-07-06T10:50:00-07:00,,113
1783360260,2026-07-06T10:51:00-07:00,,144
1783360320,2026-07-06T10:52:00-07:00,,70
1783360380,2026-07-06T10:53:00-07:00,,143
1783360440,2026-07-06T10:54:00-07:00,,58
1783360500,2026-07-06T10:55:00-07:00,,55
1783360560,2026-07-06T10:56:00-07:00,,57
1783360620,2026-07-06T10:57:00-07:00,,98
1783360680,2026-07-06T10:58:00-07:00,,110
1783360740,2026-07-06T10:59:00-07:00,,122
1783360800,2026-07-06T11:00:00-07:00,,171
1783360860,2026-07-06T11:01:00-07:00,,182
1783360920,2026-07-06T11:02:00-07:00,,123
1783360980,2026-07-06T11:03:00-07:00,,84
1783361040,2026-07-06T11:04:00-07:00,,61
1783361100,2026-07-06T11:05:00-07:00,,87
1783361160,2026-07-06T11:06:00-07:00,,138
1783361220,2026-07-06T11:07:00-07:00,,138
1783361280,2026-07-06T11:08:00-07:00,,120
1783361340,2026-07-06T11:09:00-07:00,,71
1783361400,2026-07-06T11:10:00-07:00,,117
1783361460,2026-07-06T11:11:00-07:00,,69
1783361520,2026-07-06T11:12:00-07:00,,94
1783361580,2026-07-06T11:13:00-07:00,,100
1783361640,2026-07-06T11:14:00-07:00,,138
1783361700,2026-07-06T11:15:00-07:00,,37
1783361760,2026-07-06T11:16:00-07:00,,120
1783361820,2026-07-06T11:17:00-07:00,,85
1783361880,2026-07-06T11:18:00-07:00,,90
1783361940,2026-07-06T11:19:00-07:00,,57
1783362000,2026-07-06T11:20:00-07:00,,82
1783362060,2026-07-06T11:21:00-07:00,,79
1783362120,2026-07-06T11:22:00-07:00,,100
1783362180,2026-07-06T11:23:00-07:00,,70
1783362240,2026-07-06T11:24:00-07:00,,74
1783362300,2026-07-06T11:25:00-07:00,,93
1783362360,2026-07-06T11:26:00-07:00,,92
1783362420,2026-07-06T11:27:00-07:00,,42
1783362480,2026-07-06T11:28:00-07:00,,80
1783362540,2026-07-06T11:29:00-07:00,,60
1783362600,2026-07-06T11:30:00-07:00,,62
1783362660,2026-07-06T11:31:00-07:00,,157
1783362720,2026-07-06T11:32:00-07:00,,86
1783362780,2026-07-06T11:33:00-07:00,,82
1783362840,2026-07-06T11:34:00-07:00,,85
1783362900,2026-07-06T11:35:00-07:00,,131
1783362960,2026-07-06T11:36:00-07:00,,41
1783363020,2026-07-06T11:37:00-07:00,,105
1783363080,2026-07-06T11:38:00-07:00,,102
1783363140,2026-07-06T11:39:00-07:00,,102
1783363200,2026-07-06T11:40:00-07:00,,146
1783363260,2026-07-06T11:41:00-07:00,,118
1783363320,2026-07-06T11:42:00-07:00,,142
1783363380,2026-07-06T11:43:00-07:00,,145
1783363440,2026-07-06T11:44:00-07:00,,120
1783363500,2026-07-06T11:45:00-07:00,,164
1783363560,2026-07-06T11:46:00-07:00,,44
1783363620,2026-07-06T11:47:00-07:00,,72
1783363680,2026-07-06T11:48:00-07:00,,99
1783363740,2026-07-06T11:49:00-07:00,,166
1783363800,2026-07-06T11:50:00-07:00,,77
1783363860,2026-07-06T11:51:00-07:00,,85
1783363920,2026-07-06T11:52:00-07:00,,141
1783363980,2026-07-06T11:53:00-07:00,,136
1783364040,2026-07-06T11:54:00-07:00,,91
1783364100,2026-07-06T11:55:00-07:00,,148
1783364160,2026-07-06T11:56:00-07:00,,97
1783364220,2026-07-06T11:57:00-07:00,,57
1783364280,2026-07-06T11:58:00-07:00,,89
1783364340,2026-07-06T11:59:00-07:00,,83
1783364400,2026-07-06T12:00:00-07:00,,142
1783364460,2026-07-06T12:01:00-07:00,,77
1783364520,2026-07-06T12:02:00-07:00,,115
1783364580,2026-07-06T12:03:00-07:00,,89
1783364640,2026-07-06T12:04:00-07:00,,170
1783364700,2026-07-06T12:05:00-07:00,,75
1783364760,2026-07-06T12:06:00-07:00,,107
1783364820,2026-07-06T12:07:00-07:00,,71
1783364880,2026-07-06T12:08:00-07:00,,134
1783364940,2026-07-06T12:09:00-07:00,,87
1783365000,2026-07-06T12:10:00-07:00,,101
1783365060,2026-07-06T12:11:00-07:00,,183
1783365120,2026-07-06T12:12:00-07:00,,46
1783365180,2026-07-06T12:13:00-07:00,,75
1783365240,2026-07-06T12:14:00-07:00,,127
1783365300,2026-07-06T12:15:00-07:00,,69
1783365360,2026-07-06T12:16:00-07:00,,122
1783365420,2026-07-06T12:17:00-07:00,,137
1783365480,2026-07-06T12:18:00-07:00,,24
1783365540,2026-07-06T12:19:00-07:00,,93
1783365600,2026-07-06T12:20:00-07:00,,144
1783365660,2026-07-06T12:21:00-07:00,,150
1783365720,2026-07-06T12:22:00-07:00,,80
1783365780,2026-07-06T12:23:00-07:00,,64
1783365840,2026-07-06T12:24:00-07:00,,170
1783365900,2026-07-06T12:25:00-07:00,,170
1783365960,2026-07-06T12:26:00-07:00,,90
1783366020,2026-07-06T12:27:00-07:00,,120
1783366080,2026-07-06T12:28:00-07:00,,41
1783366140,2026-07-06T12:29:00-07:00,,174
1783366200,2026-07-06T12:30:00-07:00,,115
1783366260,2026-07-06T12:31:00-07:00,,138
1783366320,2026-07-06T12:32:00-07:00,,115
1783366380,2026-07-06T12:33:00-07:00,,63
1783366440,2026-07-06T12:34:00-07:00,,137
1783366500,2026-07-06T12:35:00-07:00,,179
1783366560,2026-07-06T12:36:00-07:00,,181
1783366620,2026-07-06T12:37:00-07:00,,71
1783366680,2026-07-06T12:38:00-07:00,,43
1783366740,2026-07-06T12:39:00-07:00,,121
1783366800,2026-07-06T12:40:00-07:00,,159
1783366860,2026-07-06T12:41:00-07:00,,23
1783366920,2026-07-06T12:42:00-07:00,,71
1783366980,2026-07-06T12:43:00-07:00,,71
1783367040,2026-07-06T12:44:00-07:00,,126
1783367100,2026-07-06T12:45:00-07:00,,52
1783367160,2026-07-06T12:46:00-07:00,,73
1783367220,2026-07-06T12:47:00-07:00,,112
1783367280,2026-07-06T12:48:00-07:00,,64
1783367340,2026-07-06T12:49:00-07:00,,106
1783367400,2026-07-06T12:50:00-07:00,,133
1783367460,2026-07-06T12:51:00-07:00,,133
1783367520,2026-07-06T12:52:00-07:00,,116
1783367580,2026-07-06T12:53:00-07:00,,104
1783367640,2026-07-06T12:54:00-07:00,,90
1783367700,2026-07-06T12:55:00-07:00,,149
1783367760,2026-07-06T12:56:00-07:00,,44
1783367820,2026-07-06T12:57:00-07:00,,80
1783367880,2026-07-06T12:58:00-07:00,,110
1783367940,2026-07-06T12:59:00-07:00,,140
1783368000,2026-07-06T13:00:00-07:00,,115
1783368060,2026-07-06T13:01:00-07:00,,101
1783368120,2026-07-06T13:02:00-07:00,,88
1783368180,2026-07-06T13:03:00-07:00,,202
1783368240,2026-07-06T13:04:00-07:00,,76
1783368300,2026-07-06T13:05:00-07:00,,117
1783368360,2026-07-06T13:06:00-07:00,,144
1783368420,2026-07-06T13:07:00-07:00,,85
1783368480,2026-07-06T13:08:00-07:00,,123
1783368540,2026-07-06T13:09:00-07:00,,74
1783368600,2026-07-06T13:10:00-07:00,,74
1783368660,2026-07-06T13:11:00-07:00,,132
1783368720,2026-07-06T13:12:00-07:00,,85
1783368780,2026-07-06T13:13:00-07:00,,79
1783368840,2026-07-06T13:14:00-07:00,,102
1783368900,2026-07-06T13:15:00-07:00,,77
1783368960,2026-07-06T13:16:00-07:00,,122
1783369020,2026-07-06T13:17:00-07:00,,126
1783369080,2026-07-06T13:18:00-07:00,,25
1783369140,2026-07-06T13:19:00-07:00,,110
1783369200,2026-07-06T13:20:00-07:00,,120
1783369260,2026-07-06T13:21:00-07:00,,69
1783369320,2026-07-06T13:22:00-07:00,,96
1783369380,2026-07-06T13:23:00-07:00,,84
1783369440,2026-07-06T13:24:00-07:00,,98
1783369500,2026-07-06T13:25:00-07:00,,135
1783369560,2026-07-06T13:26:00-07:00,,96
1783369620,2026-07-06T13:27:00-07:00,,43
1783369680,2026-07-06T13:28:00-07:00,,40
1783369740,2026-07-06T13:29:00-07:00,,93
1783369800,2026-07-06T13:30:00-07:00,,46
1783369860,2026-07-06T13:31:00-07:00,,99
1783369920,2026-07-06T13:32:00-07:00,,97
1783369980,2026-07-06T13:33:00-07:00,,25
1783370040,2026-07-06T13:34:00-07:00,,62
1783370100,2026-07-06T13:35:00-07:00,,143
1783370160,2026-07-06T13:36:00-07:00,,57
1783370220,2026-07-06T13:37:00-07:00,,133
1783370280,2026-07-06T13:38:00-07:00,,167
1783370340,2026-07-06T13:39:00-07:00,,106
1783370400,2026-07-06T13:40:00-07:00,,83
1783370460,2026-07-06T13:41:00-07:00,,98
1783370520,2026-07-06T13:42:00-07:00,,98
1783370580,2026-07-06T13:43:00-07:00,,162
1783370640,2026-07-06T13:44:00-07:00,,86
1783370700,2026-07-06T13:45:00-07:00,,116
1783370760,2026-07-06T13:46:00-07:00,,117
1783370820,2026-07-06T13:47:00-07:00,,153
1783370880,2026-07-06T13:48:00-07:00,,95
1783370940,2026-07-06T13:49:00-07:00,,68
1783371000,2026-07-06T13:50:00-07:00,,186
1783371060,2026-07-06T13:51:00-07:00,,77
1783371120,2026-07-06T13:52:00-07:00,,93
1783371180,2026-07-06T13:53:00-07:00,,52
1783371240,2026-07-06T13:54:00-07:00,,86
1783371300,2026-07-06T13:55:00-07:00,,58
1783371360,2026-07-06T13:56:00-07:00,,80
1783371420,2026-07-06T13:57:00-07:00,,115
1783371480,2026-07-06T13:58:00-07:00,,144
1783371540,2026-07-06T13:59:00-07:00,,55
1783371600,2026-07-06T14:00:00-07:00,,140
1783371660,2026-07-06T14:01:00-07:00,,119
1783371720,2026-07-06T14:02:00-07:00,,101
1783371780,2026-07-06T14:03:00-07:00,,18
1783371840,2026-07-06T14:04:00-07:00,,94
1783371900,2026-07-06T14:05:00-07:00,,80
1783371960,2026-07-06T14:06:00-07:00,,186
1783372020,2026-07-06T14:07:00-07:00,,61
1783372080,2026-07-06T14:08:00-07:00,,153
1783372140,2026-07-06T14:09:00-07:00,,71
1783372200,2026-07-06T14:10:00-07:00,,55
1783372260,2026-07-06T14:11:00-07:00,,142
1783372320,2026-07-06T14:12:00-07:00,,102
1783372380,2026-07-06T14:13:00-07:00,,107
1783372440,2026-07-06T14:14:00-07:00,,166
1783372500,2026-07-06T14:15:00-07:00,,102
1783372560,2026-07-06T14:16:00-07:00,,102
1783372620,2026-07-06T14:17:00-07:00,,75
1783372680,2026-07-06T14:18:00-07:00,,24
1783372740,2026-07-06T14:19:00-07:00,,119
1783372800,2026-07-06T14:20:00-07:00,,124
1783372860,2026-07-06T14:21:00-07:00,,92
1783372920,2026-07-06T14:22:00-07:00,,180
1783372980,2026-07-06T14:23:00-07:00,,73
1783373040,2026-07-06T14:24:00-07:00,,124
1783373100,2026-07-06T14:25:00-07:00,,52
1783373160,2026-07-06T14:26:00-07:00,,65
1783373220,2026-07-06T14:27:00-07:00,,162
1783373280,2026-07-06T14:28:00-07:00,,92
1783373340,2026-07-06T14:29:00-07:00,,53
1783373400,2026-07-06T14:30:00-07:00,,96
1783373460,2026-07-06T14:31:00-07:00,,73
1783373520,2026-07-06T14:32:00-07:00,,80
1783373580,2026-07-06T14:33:00-07:00,,136
1783373640,2026-07-06T14:34:00-07:00,,79
1783373700,2026-07-06T14:35:00-07:00,,24
1783373760,2026-07-06T14:36:00-07:00,,36
1783373820,2026-07-06T14:37:00-07:00,,114
1783373880,2026-07-06T14:38:00-07:00,,105
1783373940,2026-07-06T14:39:00-07:00,,119
1783374000,2026-07-06T14:40:00-07:00,,93
1783374060,2026-07-06T14:41:00-07:00,,88
1783374120,2026-07-06T14:42:00-07:00,,79
1783374180,2026-07-06T14:43:00-07:00,,83
1783374240,2026-07-06T14:44:00-07:00,,97
1783374300,2026-07-06T14:45:00-07:00,,204
1783374360,2026-07-06T14:46:00-07:00,,93
1783374420,2026-07-06T14:47:00-07:00,,119
1783374480,2026-07-06T14:48:00-07:00,,53
1783374540,2026-07-06T14:49:00-07:00,,109
1783374600,2026-07-06T14:50:00-07:00,,96
1783374660,2026-07-06T14:51:00-07:00,,96
1783374720,2026-07-06T14:52:00-07:00,,13
1783374780,2026-07-06T14:53:00-07:00,,148
1783374840,2026-07-06T14:54:00-07:00,,167
1783374900,2026-07-06T14:55:00-07:00,,136
1783374960,2026-07-06T14:56:00-07:00,,219
1783375020,2026-07-06T14:57:00-07:00,,83
1783375080,2026-07-06T14:58:00-07:00,,120
1783375140,2026-07-06T14:59:00-07:00,,105
1783375200,2026-07-06T15:00:00-07:00,,138
1783375260,2026-07-06T15:01:00-07:00,,166
1783375320,2026-07-06T15:02:00-07:00,,49
1783375380,2026-07-06T15:03:00-07:00,,90
1783375440,2026-07-06T15:04:00-07:00,,96
1783375500,2026-07-06T15:05:00-07:00,,162
1783375560,2026-07-06T15:06:00-07:00,,149
1783375620,2026-07-06T15:07:00-07:00,,164
1783375680,2026-07-06T15:08:00-07:00,,153
1783375740,2026-07-06T15:09:00-07:00,,55
1783375800,2026-07-06T15:10:00-07:00,,38
1783375860,2026-07-06T15:11:00-07:00,,143
1783375920,2026-07-06T15:12:00-07:00,,118
1783375980,2026-07-06T15:13:00-07:00,,109
1783376040,2026-07-06T15:14:00-07:00,,60
1783376100,2026-07-06T15:15:00-07:00,,84
1783376160,2026-07-06T15:16:00-07:00,,157
1783376220,2026-07-06T15:17:00-07:00,,111
1783376280,2026-07-06T15:18:00-07:00,,77
1783376340,2026-07-06T15:19:00-07:00,,74
1783376400,2026-07-06T15:20:00-07:00,,58
1783376460,2026-07-06T15:21:00-07:00,,114
1783376520,2026-07-06T15:22:00-07:00,,106
1783376580,2026-07-06T15:23:00-07:00,,57
1783376640,2026-07-06T15:24:00-07:00,,57
1783376700,2026-07-06T15:25:00-07:00,,57
1783376760,2026-07-06T15:26:00-07:00,52,57
1783376820,2026-07-06T15:27:00-07:00,58,57
1783376880,2026-07-06T15:28:00-07:00,104,57
1783376940,2026-07-06T15:29:00-07:00,53,
1783377000,2026-07-06T15:30:00-07:00,124,
1783377060,2026-07-06T15:31:00-07:00,45,
1783377120,2026-07-06T15:32:00-07:00,117,
1783377180,2026-07-06T15:33:00-07:00,107,
1783377240,2026-07-06T15:34:00-07:00,117,
1783377300,2026-07-06T15:35:00-07:00,83,
1783377360,2026-07-06T15:36:00-07:00,39,
1783377420,2026-07-06T15:37:00-07:00,82,
1783377480,2026-07-06T15:38:00-07:00,145,
1783377540,2026-07-06T15:39:00-07:00,36,
1783377600,2026-07-06T15:40:00-07:00,101,
1783377660,2026-07-06T15:41:00-07:00,139,
1783377720,2026-07-06T15:42:00-07:00,128,
1783377780,2026-07-06T15:43:00-07:00,38,
1783377840,2026-07-06T15:44:00-07:00,109,
1783377900,2026-07-06T15:45:00-07:00,93,
1783377960,2026-07-06T15:46:00-07:00,80,
1783378020,2026-07-06T15:47:00-07:00,31,
1783378080,2026-07-06T15:48:00-07:00,33,
1783378140,2026-07-06T15:49:00-07:00,104,
1783378200,2026-07-06T15:50:00-07:00,76,
1783378260,2026-07-06T15:51:00-07:00,26,
1783378320,2026-07-06T15:52:00-07:00,82,
1783378380,2026-07-06T15:53:00-07:00,82,
1783378440,2026-07-06T15:54:00-07:00,88,
1783378500,2026-07-06T15:55:00-07:00,25,
1783378560,2026-07-06T15:56:00-07:00,98,
1783378620,2026-07-06T15:57:00-07:00,68,
1783378680,2026-07-06T15:58:00-07:00,117,
1783378740,2026-07-06T15:59:00-07:00,114,
1783378800,2026-07-06T16:00:00-07:00,100,
1783378860,2026-07-06T16:01:00-07:00,100,
1783378920,2026-07-06T16:02:00-07:00,78,
1783378980,2026-07-06T16:03:00-07:00,158,
1783379040,2026-07-06T16:04:00-07:00,56,
1783379100,2026-07-06T16:05:00-07:00,74,
1783379160,2026-07-06T16:06:00-07:00,87,
1783379220,2026-07-06T16:07:00-07:00,11,
1783379280,2026-07-06T16:08:00-07:00,10,
1783379340,2026-07-06T16:09:00-07:00,87,
1783379400,2026-07-06T16:10:00-07:00,52,
1783379460,2026-07-06T16:11:00-07:00,128,
1783379520,2026-07-06T16:12:00-07:00,19,
1783379580,2026-07-06T16:13:00-07:00,3,
1783379640,2026-07-06T16:14:00-07:00,90,
1783379700,2026-07-06T16:15:00-07:00,35,
1783379760,2026-07-06T16:16:00-07:00,72,
1783379820,2026-07-06T16:17:00-07:00,106,
1783379880,2026-07-06T16:18:00-07:00,102,
1783379940,2026-07-06T16:19:00-07:00,77,
1783380000,2026-07-06T16:20:00-07:00,90,
1783380060,2026-07-06T16:21:00-07:00,85,
1783380120,2026-07-06T16:22:00-07:00,81,
1783380180,2026-07-06T16:23:00-07:00,90,
1783380240,2026-07-06T16:24:00-07:00,105,
1783380300,2026-07-06T16:25:00-07:00,78,
1783380360,2026-07-06T16:26:00-07:00,77,
1783380420,2026-07-06T16:27:00-07:00,18,
1783380480,2026-07-06T16:28:00-07:00,159,
1783380540,2026-07-06T16:29:00-07:00,69,
1783380600,2026-07-06T16:30:00-07:00,120,
1783380660,2026-07-06T16:31:00-07:00,87,
1783380720,2026-07-06T16:32:00-07:00,102,
1783380780,2026-07-06T16:33:00-07:00,130,
1783380840,2026-07-06T16:34:00-07:00,111,
1783380900,2026-07-06T16:35:00-07:00,74,
1783380960,2026-07-06T16:36:00-07:00,107,
1783381020,2026-07-06T16:37:00-07:00,113,
1783381080,2026-07-06T16:38:00-07:00,116,
1783381140,2026-07-06T16:39:00-07:00,48,
1783381200,2026-07-06T16:40:00-07:00,71,
1783381260,2026-07-06T16:41:00-07:00,126,
1783381320,2026-07-06T16:42:00-07:00,17,
1783381380,2026-07-06T16:43:00-07:00,60,
1783381440,2026-07-06T16:44:00-07:00,117,
1783381500,2026-07-06T16:45:00-07:00,108,
1783381560,2026-07-06T16:46:00-07:00,94,
1783381620,2026-07-06T16:47:00-07:00,67,
1783381680,2026-07-06T16:48:00-07:00,80,
1783381740,2026-07-06T16:49:00-07:00,80,
1783381800,2026-07-06T16:50:00-07:00,144,
1783381860,2026-07-06T16:51:00-07:00,42,
1783381920,2026-07-06T16:52:00-07:00,116,
1783381980,2026-07-06T16:53:00-07:00,126,
1783382040,2026-07-06T16:54:00-07:00,93,
1783382100,2026-07-06T16:55:00-07:00,88,
1783382160,2026-07-06T16:56:00-07:00,186,
1783382220,2026-07-06T16:57:00-07:00,128,
1783382280,2026-07-06T16:58:00-07:00,137,
1783382340,2026-07-06T16:59:00-07:00,87,
1783382400,2026-07-06T17:00:00-07:00,123,
1783382460,2026-07-06T17:01:00-07:00,99,
1783382520,2026-07-06T17:02:00-07:00,48,
1783382580,2026-07-06T17:03:00-07:00,67,
1783382640,2026-07-06T17:04:00-07:00,77,
1783382700,2026-07-06T17:05:00-07:00,85,
1783382760,2026-07-06T17:06:00-07:00,126,
1783382820,2026-07-06T17:07:00-07:00,62,
1783382880,2026-07-06T17:08:00-07:00,89,
1783382940,2026-07-06T17:09:00-07:00,33,
1783383000,2026-07-06T17:10:00-07:00,156,
1783383060,2026-07-06T17:11:00-07:00,83,
1783383120,2026-07-06T17:12:00-07:00,149,
1783383180,2026-07-06T17:13:00-07:00,143,
1783383240,2026-07-06T17:14:00-07:00,63,
1783383300,2026-07-06T17:15:00-07:00,71,
1783383360,2026-07-06T17:16:00-07:00,65,
1783383420,2026-07-06T17:17:00-07:00,119,
1783383480,2026-07-06T17:18:00-07:00,105,
1783383540,2026-07-06T17:19:00-07:00,40,
1783383600,2026-07-06T17:20:00-07:00,118,
1783383660,2026-07-06T17:21:00-07:00,99,
1783383720,2026-07-06T17:22:00-07:00,114,
1783383780,2026-07-06T17:23:00-07:00,131,
1783383840,2026-07-06T17:24:00-07:00,64,
1783383900,2026-07-06T17:25:00-07:00,112,
1783383960,2026-07-06T17:26:00-07:00,76,
1783384020,2026-07-06T17:27:00-07:00,110,
1783384080,2026-07-06T17:28:00-07:00,134,
1783384140,2026-07-06T17:29:00-07:00,79,
1783384200,2026-07-06T17:30:00-07:00,37,
1783384260,2026-07-06T17:31:00-07:00,126,
1783384320,2026-07-06T17:32:00-07:00,82,
1783384380,2026-07-06T17:33:00-07:00,98,
1783384440,2026-07-06T17:34:00-07:00,73,
1783384500,2026-07-06T17:35:00-07:00,127,
1783384560,2026-07-06T17:36:00-07:00,47,
1783384620,2026-07-06T17:37:00-07:00,130,
1783384680,2026-07-06T17:38:00-07:00,125,
1783384740,2026-07-06T17:39:00-07:00,93,
1783384800,2026-07-06T17:40:00-07:00,167,
1783384860,2026-07-06T17:41:00-07:00,96,
1783384920,2026-07-06T17:42:00-07:00,127,
1783384980,2026-07-06T17:43:00-07:00,73,
1783385040,2026-07-06T17:44:00-07:00,84,
1783385100,2026-07-06T17:45:00-07:00,132,
1783385160,2026-07-06T17:46:00-07:00,76,
1783385220,2026-07-06T17:47:00-07:00,136,
1783385280,2026-07-06T17:48:00-07:00,118,
1783385340,2026-07-06T17:49:00-07:00,130,
1783385400,2026-07-06T17:50:00-07:00,134,
1783385460,2026-07-06T17:51:00-07:00,108,
1783385520,2026-07-06T17:52:00-07:00,125,
1783385580,2026-07-06T17:53:00-07:00,136,
1783385640,2026-07-06T17:54:00-07:00,65,
1783385700,2026-07-06T17:55:00-07:00,127,
1783385760,2026-07-06T17:56:00-07:00,42,
1783385820,2026-07-06T17:57:00-07:00,102,
1783385880,2026-07-06T17:58:00-07:00,125,
1783385940,2026-07-06T17:59:00-07:00,143,
1783386000,2026-07-06T18:00:00-07:00,124,
1783386060,2026-07-06T18:01:00-07:00,89,
1783386120,2026-07-06T18:02:00-07:00,97,
1783386180,2026-07-06T18:03:00-07:00,102,
1783386240,2026-07-06T18:04:00-07:00,109,
1783386300,2026-07-06T18:05:00-07:00,136,
1783386360,2026-07-06T18:06:00-07:00,111,
1783386420,2026-07-06T18:07:00-07:00,270,
1783386480,2026-07-06T18:08:00-07:00,80,
1783386540,2026-07-06T18:09:00-07:00,174,
1783386600,2026-07-06T18:10:00-07:00,90,
1783386660,2026-07-06T18:11:00-07:00,127,
1783386720,2026-07-06T18:12:00-07:00,135,
1783386780,2026-07-06T18:13:00-07:00,144,
1783386840,2026-07-06T18:14:00-07:00,86,
1783386900,2026-07-06T18:15:00-07:00,32,
1783386960,2026-07-06T18:16:00-07:00,103,
1783387020,2026-07-06T18:17:00-07:00,115,
1783387080,2026-07-06T18:18:00-07:00,133,
1783387140,2026-07-06T18:19:00-07:00,116,
1783387200,2026-07-06T18:20:00-07:00,63,
1783387260,2026-07-06T18:21:00-07:00,165,
1783387320,2026-07-06T18:22:00-07:00,171,
1783387380,2026-07-06T18:23:00-07:00,68,
1783387440,2026-07-06T18:24:00-07:00,77,
1783387500,2026-07-06T18:25:00-07:00,115,
1783387560,2026-07-06T18:26:00-07:00,174,
1783387620,2026-07-06T18:27:00-07:00,85,
1783387680,2026-07-06T18:28:00-07:00,57,
1783387740,2026-07-06T18:29:00-07:00,76,
1783387800,2026-07-06T18:30:00-07:00,221,
1783387860,2026-07-06T18:31:00-07:00,104,
1783387920,2026-07-06T18:32:00-07:00,106,
1783387980,2026-07-06T18:33:00-07:00,150,
1783388040,2026-07-06T18:34:00-07:00,54,
1783388100,2026-07-06T18:35:00-07:00,165,
1783388160,2026-07-06T18:36:00-07:00,89,
1783388220,2026-07-06T18:37:00-07:00,148,
1783388280,2026-07-06T18:38:00-07:00,105,
1783388340,2026-07-06T18:39:00-07:00,99,
1783388400,2026-07-06T18:40:00-07:00,101,
1783388460,2026-07-06T18:41:00-07:00,92,
1783388520,2026-07-06T18:42:00-07:00,105,
1783388580,2026-07-06T18:43:00-07:00,102,
1783388640,2026-07-06T18:44:00-07:00,92,
1783388700,2026-07-06T18:45:00-07:00,189,
1783388760,2026-07-06T18:46:00-07:00,43,
1783388820,2026-07-06T18:47:00-07:00,62,
1783388880,2026-07-06T18:48:00-07:00,112,
1783388940,2026-07-06T18:49:00-07:00,105,
1783389000,2026-07-06T18:50:00-07:00,60,
1783389060,2026-07-06T18:51:00-07:00,204,
1783389120,2026-07-06T18:52:00-07:00,72,
1783389180,2026-07-06T18:53:00-07:00,72,
1783389240,2026-07-06T18:54:00-07:00,98,
1783389300,2026-07-06T18:55:00-07:00,58,
1783389360,2026-07-06T18:56:00-07:00,58,
1783389420,2026-07-06T18:57:00-07:00,75,
1783389480,2026-07-06T18:58:00-07:00,68,
1783389540,2026-07-06T18:59:00-07:00,83,
1783389600,2026-07-06T19:00:00-07:00,80,
1783389660,2026-07-06T19:01:00-07:00,46,
1783389720,2026-07-06T19:02:00-07:00,165,
1783389780,2026-07-06T19:03:00-07:00,156,
1783389840,2026-07-06T19:04:00-07:00,130,
1783389900,2026-07-06T19:05:00-07:00,131,
1783389960,2026-07-06T19:06:00-07:00,69,
1783390020,2026-07-06T19:07:00-07:00,154,
1783390080,2026-07-06T19:08:00-07:00,129,
1783390140,2026-07-06T19:09:00-07:00,114,
1783390200,2026-07-06T19:10:00-07:00,76,
1783390260,2026-07-06T19:11:00-07:00,118,
1783390320,2026-07-06T19:12:00-07:00,165,
1783390380,2026-07-06T19:13:00-07:00,98,
1783390440,2026-07-06T19:14:00-07:00,100,
1783390500,2026-07-06T19:15:00-07:00,95,
1783390560,2026-07-06T19:16:00-07:00,119,
1783390620,2026-07-06T19:17:00-07:00,149,
1783390680,2026-07-06T19:18:00-07:00,127,
1783390740,2026-07-06T19:19:00-07:00,126,
1783390800,2026-07-06T19:20:00-07:00,23,
1783390860,2026-07-06T19:21:00-07:00,131,
1783390920,2026-07-06T19:22:00-07:00,96,
1783390980,2026-07-06T19:23:00-07:00,91,
1783391040,2026-07-06T19:24:00-07:00,21,
1783391100,2026-07-06T19:25:00-07:00,102,
1783391160,2026-07-06T19:26:00-07:00,163,
1783391220,2026-07-06T19:27:00-07:00,113,
1783391280,2026-07-06T19:28:00-07:00,83,
1783391340,2026-07-06T19:29:00-07:00,41,
1783391400,2026-07-06T19:30:00-07:00,105,
1783391460,2026-07-06T19:31:00-07:00,53,
1783391520,2026-07-06T19:32:00-07:00,73,
1783391580,2026-07-06T19:33:00-07:00,53,
1783391640,2026-07-06T19:34:00-07:00,121,
1783391700,2026-07-06T19:35:00-07:00,118,
1783391760,2026-07-06T19:36:00-07:00,135,
1783391820,2026-07-06T19:37:00-07:00,159,
1783391880,2026-07-06T19:38:00-07:00,100,
1783391940,2026-07-06T19:39:00-07:00,113,
1783392000,2026-07-06T19:40:00-07:00,40,
1783392060,2026-07-06T19:41:00-07:00,147,
1783392120,2026-07-06T19:42:00-07:00,120,
1783392180,2026-07-06T19:43:00-07:00,90,
1783392240,2026-07-06T19:44:00-07:00,121,
1783392300,2026-07-06T19:45:00-07:00,71,
1783392360,2026-07-06T19:46:00-07:00,232,
1783392420,2026-07-06T19:47:00-07:00,101,
1783392480,2026-07-06T19:48:00-07:00,42,
1783392540,2026-07-06T19:49:00-07:00,107,
1783392600,2026-07-06T19:50:00-07:00,48,
1783392660,2026-07-06T19:51:00-07:00,122,
1783392720,2026-07-06T19:52:00-07:00,102,
1783392780,2026-07-06T19:53:00-07:00,74,
1783392840,2026-07-06T19:54:00-07:00,84,
1783392900,2026-07-06T19:55:00-07:00,61,
1783392960,2026-07-06T19:56:00-07:00,61,
1783393020,2026-07-06T19:57:00-07:00,65,
1783393080,2026-07-06T19:58:00-07:00,192,
1783393140,2026-07-06T19:59:00-07:00,184,
1783393200,2026-07-06T20:00:00-07:00,119,
1783393260,2026-07-06T20:01:00-07:00,89,
1783393320,2026-07-06T20:02:00-07:00,45,
1783393380,2026-07-06T20:03:00-07:00,98,
1783393440,2026-07-06T20:04:00-07:00,80,
1783393500,2026-07-06T20:05:00-07:00,102,
1783393560,2026-07-06T20:06:00-07:00,89,
1783393620,2026-07-06T20:07:00-07:00,117,
1783393680,2026-07-06T20:08:00-07:00,128,
1783393740,2026-07-06T20:09:00-07:00,112,
1783393800,2026-07-06T20:10:00-07:00,91,
1783393860,2026-07-06T20:11:00-07:00,91,
1783393920,2026-07-06T20:12:00-07:00,91,
1783393980,2026-07-06T20:13:00-07:00,114,
1783394040,2026-07-06T20:14:00-07:00,127,
1783394100,2026-07-06T20:15:00-07:00,178,
1783394160,2026-07-06T20:16:00-07:00,122,
1783394220,2026-07-06T20:17:00-07:00,95,
1783394280,2026-07-06T20:18:00-07:00,118,
1783394340,2026-07-06T20:19:00-07:00,123,
1783394400,2026-07-06T20:20:00-07:00,115,
1783394460,2026-07-06T20:21:00-07:00,66,
1783394520,2026-07-06T20:22:00-07:00,80,
1783394580,2026-07-06T20:23:00-07:00,107,
1783394640,2026-07-06T20:24:00-07:00,129,
1783394700,2026-07-06T20:25:00-07:00,67,
1783394760,2026-07-06T20:26:00-07:00,172,
1783394820,2026-07-06T20:27:00-07:00,110,
1783394880,2026-07-06T20:28:00-07:00,104,
1783394940,2026-07-06T20:29:00-07:00,74,
1783395000,2026-07-06T20:30:00-07:00,96,
1783395060,2026-07-06T20:31:00-07:00,136,
1783395120,2026-07-06T20:32:00-07:00,96,
1783395180,2026-07-06T20:33:00-07:00,92,
1783395240,2026-07-06T20:34:00-07:00,124,
1783395300,2026-07-06T20:35:00-07:00,120,
1783395360,2026-07-06T20:36:00-07:00,182,
1783395420,2026-07-06T20:37:00-07:00,106,
1783395480,2026-07-06T20:38:00-07:00,88,
1783395540,2026-07-06T20:39:00-07:00,111,
1783395600,2026-07-06T20:40:00-07:00,117,
1783395660,2026-07-06T20:41:00-07:00,119,
1783395720,2026-07-06T20:42:00-07:00,176,
1783395780,2026-07-06T20:43:00-07:00,136,
1783395840,2026-07-06T20:44:00-07:00,152,
1783395900,2026-07-06T20:45:00-07:00,37,
1783395960,2026-07-06T20:46:00-07:00,84,
1783396020,2026-07-06T20:47:00-07:00,84,
1783396080,2026-07-06T20:48:00-07:00,107,
1783396140,2026-07-06T20:49:00-07:00,92,
1783396200,2026-07-06T20:50:00-07:00,203,
1783396260,2026-07-06T20:51:00-07:00,73,
1783396320,2026-07-06T20:52:00-07:00,52,
1783396380,2026-07-06T20:53:00-07:00,69,
1783396440,2026-07-06T20:54:00-07:00,116,
1783396500,2026-07-06T20:55:00-07:00,93,
1783396560,2026-07-06T20:56:00-07:00,59,
1783396620,2026-07-06T20:57:00-07:00,75,
1783396680,2026-07-06T20:58:00-07:00,164,
1783396740,2026-07-06T20:59:00-07:00,125,
1783396800,2026-07-06T21:00:00-07:00,133,
1783396860,2026-07-06T21:01:00-07:00,39,
1783396920,2026-07-06T21:02:00-07:00,101,
1783396980,2026-07-06T21:03:00-07:00,101,
1783397040,2026-07-06T21:04:00-07:00,40,
1783397100,2026-07-06T21:05:00-07:00,163,
1783397160,2026-07-06T21:06:00-07:00,84,
1783397220,2026-07-06T21:07:00-07:00,174,
1783397280,2026-07-06T21:08:00-07:00,139,
1783397340,2026-07-06T21:09:00-07:00,42,
1783397400,2026-07-06T21:10:00-07:00,91,
1783397460,2026-07-06T21:11:00-07:00,46,
1783397520,2026-07-06T21:12:00-07:00,74,
1783397580,2026-07-06T21:13:00-07:00,151,
1783397640,2026-07-06T21:14:00-07:00,109,
1783397700,2026-07-06T21:15:00-07:00,91,
1783397760,2026-07-06T21:16:00-07:00,117,
1783397820,2026-07-06T21:17:00-07:00,105,
1783397880,2026-07-06T21:18:00-07:00,83,
1783397940,2026-07-06T21:19:00-07:00,83,
1783398000,2026-07-06T21:20:00-07:00,143,
1783398060,2026-07-06T21:21:00-07:00,106,
1783398120,2026-07-06T21:22:00-07:00,212,
1783398180,2026-07-06T21:23:00-07:00,43,
1783398240,2026-07-06T21:24:00-07:00,103,
1783398300,2026-07-06T21:25:00-07:00,122,
1783398360,2026-07-06T21:26:00-07:00,103,
1783398420,2026-07-06T21:27:00-07:00,155,
1783398480,2026-07-06T21:28:00-07:00,146,
1783398540,2026-07-06T21:29:00-07:00,118,
1783398600,2026-07-06T21:30:00-07:00,156,
1783398660,2026-07-06T21:31:00-07:00,127,
1783398720,2026-07-06T21:32:00-07:00,184,
1783398780,2026-07-06T21:33:00-07:00,82,
1783398840,2026-07-06T21:34:00-07:00,139,
1783398900,2026-07-06T21:35:00-07:00,114,
1783398960,2026-07-06T21:36:00-07:00,218,
1783399020,2026-07-06T21:37:00-07:00,132,
1783399080,2026-07-06T21:38:00-07:00,74,
1783399140,2026-07-06T21:39:00-07:00,206,
1783399200,2026-07-06T21:40:00-07:00,85,
1783399260,2026-07-06T21:41:00-07:00,119,
1783399320,2026-07-06T21:42:00-07:00,86,
1783399380,2026-07-06T21:43:00-07:00,114,
1783399440,2026-07-06T21:44:00-07:00,169,
1783399500,2026-07-06T21:45:00-07:00,84,
1783399560,2026-07-06T21:46:00-07:00,90,
1783399620,2026-07-06T21:47:00-07:00,93,
1783399680,2026-07-06T21:48:00-07:00,37,
1783399740,2026-07-06T21:49:00-07:00,122,
1783399800,2026-07-06T21:50:00-07:00,136,
1783399860,2026-07-06T21:51:00-07:00,151,
1783399920,2026-07-06T21:52:00-07:00,135,
1783399980,2026-07-06T21:53:00-07:00,144,
1783400040,2026-07-06T21:54:00-07:00,127,
1783400100,2026-07-06T21:55:00-07:00,53,
1783400160,2026-07-06T21:56:00-07:00,169,
1783400220,2026-07-06T21:57:00-07:00,66,
1783400280,2026-07-06T21:58:00-07:00,63,
1783400340,2026-07-06T21:59:00-07:00,118,
1783400400,2026-07-06T22:00:00-07:00,112,
1783400460,2026-07-06T22:01:00-07:00,174,
1783400520,2026-07-06T22:02:00-07:00,79,
1783400580,2026-07-06T22:03:00-07:00,139,
1783400640,2026-07-06T22:04:00-07:00,107,
1783400700,2026-07-06T22:05:00-07:00,61,
1783400760,2026-07-06T22:06:00-07:00,52,
1783400820,2026-07-06T22:07:00-07:00,97,
1783400880,2026-07-06T22:08:00-07:00,29,
1783400940,2026-07-06T22:09:00-07:00,101,
1783401000,2026-07-06T22:10:00-07:00,108,
1783401060,2026-07-06T22:11:00-07:00,141,
1783401120,2026-07-06T22:12:00-07:00,87,
1783401180,2026-07-06T22:13:00-07:00,92,
1783401240,2026-07-06T22:14:00-07:00,187,
1783401300,2026-07-06T22:15:00-07:00,155,
1783401360,2026-07-06T22:16:00-07:00,152,
1783401420,2026-07-06T22:17:00-07:00,154,
1783401480,2026-07-06T22:18:00-07:00,109,
1783401540,2026-07-06T22:19:00-07:00,175,
1783401600,2026-07-06T22:20:00-07:00,111,
1783401660,2026-07-06T22:21:00-07:00,89,
1783401720,2026-07-06T22:22:00-07:00,178,
1783401780,2026-07-06T22:23:00-07:00,67,
1783401840,2026-07-06T22:24:00-07:00,181,
1783401900,2026-07-06T22:25:00-07:00,199,
1783401960,2026-07-06T22:26:00-07:00,218,
1783402020,2026-07-06T22:27:00-07:00,137,
1783402080,2026-07-06T22:28:00-07:00,80,
1783402140,2026-07-06T22:29:00-07:00,71,
1783402200,2026-07-06T22:30:00-07:00,103,
1783402260,2026-07-06T22:31:00-07:00,116,
1783402320,2026-07-06T22:32:00-07:00,134,
1783402380,2026-07-06T22:33:00-07:00,99,
1783402440,2026-07-06T22:34:00-07:00,42,
1783402500,2026-07-06T22:35:00-07:00,85,
1783402560,2026-07-06T22:36:00-07:00,124,
1783402620,2026-07-06T22:37:00-07:00,88,
1783402680,2026-07-06T22:38:00-07:00,80,
1783402740,2026-07-06T22:39:00-07:00,167,
1783402800,2026-07-06T22:40:00-07:00,73,
1783402860,2026-07-06T22:41:00-07:00,72,
1783402920,2026-07-06T22:42:00-07:00,59,
1783402980,2026-07-06T22:43:00-07:00,201,
1783403040,2026-07-06T22:44:00-07:00,88,
1783403100,2026-07-06T22:45:00-07:00,76,
1783403160,2026-07-06T22:46:00-07:00,100,
1783403220,2026-07-06T22:47:00-07:00,69,
1783403280,2026-07-06T22:48:00-07:00,86,
1783403340,2026-07-06T22:49:00-07:00,147,
1783403400,2026-07-06T22:50:00-07:00,184,
1783403460,2026-07-06T22:51:00-07:00,72,
1783403520,2026-07-06T22:52:00-07:00,69,
1783403580,2026-07-06T22:53:00-07:00,73,
1783403640,2026-07-06T22:54:00-07:00,31,
1783403700,2026-07-06T22:55:00-07:00,50,
1783403760,2026-07-06T22:56:00-07:00,52,
1783403820,2026-07-06T22:57:00-07:00,58,
1783403880,2026-07-06T22:58:00-07:00,41,
1783403940,2026-07-06T22:59:00-07:00,76,
1783404000,2026-07-06T23:00:00-07:00,84,
1783404060,2026-07-06T23:01:00-07:00,59,
1783404120,2026-07-06T23:02:00-07:00,46,
1783404180,2026-07-06T23:03:00-07:00,93,
1783404240,2026-07-06T23:04:00-07:00,53,
1783404300,2026-07-06T23:05:00-07:00,41,
1783404360,2026-07-06T23:06:00-07:00,115,
1783404420,2026-07-06T23:07:00-07:00,78,
1783404480,2026-07-06T23:08:00-07:00,167,
1783404540,2026-07-06T23:09:00-07:00,196,
1783404600,2026-07-06T23:10:00-07:00,69,
1783404660,2026-07-06T23:11:00-07:00,57,
1783404720,2026-07-06T23:12:00-07:00,61,
1783404780,2026-07-06T23:13:00-07:00,50,
1783404840,2026-07-06T23:14:00-07:00,50,
1783404900,2026-07-06T23:15:00-07:00,53,
1783404960,2026-07-06T23:16:00-07:00,40,
1783405020,2026-07-06T23:17:00-07:00,56,
1783405080,2026-07-06T23:18:00-07:00,64,
1783405140,2026-07-06T23:19:00-07:00,36,
1783405200,2026-07-06T23:20:00-07:00,37,
1783405260,2026-07-06T23:21:00-07:00,65,
1783405320,2026-07-06T23:22:00-07:00,37,
1783405380,2026-07-06T23:23:00-07:00,106,
1783405440,2026-07-06T23:24:00-07:00,44,
1783405500,2026-07-06T23:25:00-07:00,30,
1783405560,2026-07-06T23:26:00-07:00,60,
1783405620,2026-07-06T23:27:00-07:00,41,
1783405680,2026-07-06T23:28:00-07:00,35,
1783405740,2026-07-06T23:29:00-07:00,80,
1783405800,2026-07-06T23:30:00-07:00,87,
1783405860,2026-07-06T23:31:00-07:00,46,
1783405920,2026-07-06T23:32:00-07:00,40,
1783405980,2026-07-06T23:33:00-07:00,56,
1783406040,2026-07-06T23:34:00-07:00,47,
1783406100,2026-07-06T23:35:00-07:00,26,
1783406160,2026-07-06T23:36:00-07:00,25,
1783406220,2026-07-06T23:37:00-07:00,46,
1783406280,2026-07-06T23:38:00-07:00,32,
1783406340,2026-07-06T23:39:00-07:00,89,
1783406400,2026-07-06T23:40:00-07:00,61,
1783406460,2026-07-06T23:41:00-07:00,48,
1783406520,2026-07-06T23:42:00-07:00,63,
1783406580,2026-07-06T23:43:00-07:00,59,
1783406640,2026-07-06T23:44:00-07:00,15,
1783406700,2026-07-06T23:45:00-07:00,42,
1783406760,2026-07-06T23:46:00-07:00,34,
1783406820,2026-07-06T23:47:00-07:00,70,
1783406880,2026-07-06T23:48:00-07:00,19,
1783406940,2026-07-06T23:49:00-07:00,25,
1783407000,2026-07-06T23:50:00-07:00,21,
1783407060,2026-07-06T23:51:00-07:00,40,
1783407120,2026-07-06T23:52:00-07:00,47,
1783407180,2026-07-06T23:53:00-07:00,11,
1783407240,2026-07-06T23:54:00-07:00,30,
1783407300,2026-07-06T23:55:00-07:00,20,
1783407360,2026-07-06T23:56:00-07:00,46,
1783407420,2026-07-06T23:57:00-07:00,43,
1783407480,2026-07-06T23:58:00-07:00,43,
1783407540,2026-07-06T23:59:00-07:00,21,
1783407600,2026-07-07T00:00:00-07:00,15,
1783407660,2026-07-07T00:01:00-07:00,28,
1783407720,2026-07-07T00:02:00-07:00,32,
1783407780,2026-07-07T00:03:00-07:00,53,
1783407840,2026-07-07T00:04:00-07:00,11,
1783407900,2026-07-07T00:05:00-07:00,40,
1783407960,2026-07-07T00:06:00-07:00,34,
1783408020,2026-07-07T00:07:00-07:00,47,
1783408080,2026-07-07T00:08:00-07:00,27,
1783408140,2026-07-07T00:09:00-07:00,32,
1783408200,2026-07-07T00:10:00-07:00,23,
1783408260,2026-07-07T00:11:00-07:00,40,
1783408320,2026-07-07T00:12:00-07:00,30,
1783408380,2026-07-07T00:13:00-07:00,22,
1783408440,2026-07-07T00:14:00-07:00,16,
1783408500,2026-07-07T00:15:00-07:00,50,
1783408560,2026-07-07T00:16:00-07:00,31,
1783408620,2026-07-07T00:17:00-07:00,28,
1783408680,2026-07-07T00:18:00-07:00,22,
1783408740,2026-07-07T00:19:00-07:00,20,
1783408800,2026-07-07T00:20:00-07:00,58,
1783408860,2026-07-07T00:21:00-07:00,21,
1783408920,2026-07-07T00:22:00-07:00,23,
1783408980,2026-07-07T00:23:00-07:00,18,
1783409040,2026-07-07T00:24:00-07:00,17,
1783409100,2026-07-07T00:25:00-07:00,36,
1783409160,2026-07-07T00:26:00-07:00,22,
1783409220,2026-07-07T00:27:00-07:00,37,
1783409280,2026-07-07T00:28:00-07:00,23,
1783409340,2026-07-07T00:29:00-07:00,39,
1783409400,2026-07-07T00:30:00-07:00,18,
1783409460,2026-07-07T00:31:00-07:00,32,
1783409520,2026-07-07T00:32:00-07:00,18,
1783409580,2026-07-07T00:33:00-07:00,11,
1783409640,2026-07-07T00:34:00-07:00,37,
1783409700,2026-07-07T00:35:00-07:00,26,
1783409760,2026-07-07T00:36:00-07:00,34,
1783409820,2026-07-07T00:37:00-07:00,17,
1783409880,2026-07-07T00:38:00-07:00,29,
1783409940,2026-07-07T00:39:00-07:00,12,
1783410000,2026-07-07T00:40:00-07:00,17,
1783410060,2026-07-07T00:41:00-07:00,30,
1783410120,2026-07-07T00:42:00-07:00,10,
1783410180,2026-07-07T00:43:00-07:00,21,
1783410240,2026-07-07T00:44:00-07:00,18,
1783410300,2026-07-07T00:45:00-07:00,30,
1783410360,2026-07-07T00:46:00-07:00,21,
1783410420,2026-07-07T00:47:00-07:00,38,
1783410480,2026-07-07T00:48:00-07:00,5,
1783410540,2026-07-07T00:49:00-07:00,12,
1783410600,2026-07-07T00:50:00-07:00,18,
1783410660,2026-07-07T00:51:00-07:00,10,
1783410720,2026-07-07T00:52:00-07:00,15,
1783410780,2026-07-07T00:53:00-07:00,23,
1783410840,2026-07-07T00:54:00-07:00,12,
1783410900,2026-07-07T00:55:00-07:00,22,
1783410960,2026-07-07T00:56:00-07:00,11,
1783411020,2026-07-07T00:57:00-07:00,13,
1783411080,2026-07-07T00:58:00-07:00,15,
1783411140,2026-07-07T00:59:00-07:00,8,
1783411200,2026-07-07T01:00:00-07:00,7,
1783411260,2026-07-07T01:01:00-07:00,6,
1783411320,2026-07-07T01:02:00-07:00,5,
1783411380,2026-07-07T01:03:00-07:00,7,
1783411440,2026-07-07T01:04:00-07:00,12,
1783411500,2026-07-07T01:05:00-07:00,7,
1783411560,2026-07-07T01:06:00-07:00,5,
1783411620,2026-07-07T01:07:00-07:00,20,
1783411680,2026-07-07T01:08:00-07:00,13,
1783411740,2026-07-07T01:09:00-07:00,11,
1783411800,2026-07-07T01:10:00-07:00,27,
1783411860,2026-07-07T01:11:00-07:00,13,
1783411920,2026-07-07T01:12:00-07:00,11,
1783411980,2026-07-07T01:13:00-07:00,10,
1783412040,2026-07-07T01:14:00-07:00,13,
1783412100,2026-07-07T01:15:00-07:00,12,
1783412160,2026-07-07T01:16:00-07:00,5,
1783412220,2026-07-07T01:17:00-07:00,6,
1783412280,2026-07-07T01:18:00-07:00,9,
1783412340,2026-07-07T01:19:00-07:00,10,
1783412400,2026-07-07T01:20:00-07:00,13,
1783412460,2026-07-07T01:21:00-07:00,17,
1783412520,2026-07-07T01:22:00-07:00,8,
1783412580,2026-07-07T01:23:00-07:00,8,
1783412640,2026-07-07T01:24:00-07:00,12,
1783412700,2026-07-07T01:25:00-07:00,4,
1783412760,2026-07-07T01:26:00-07:00,8,
1783412820,2026-07-07T01:27:00-07:00,8,
1783412880,2026-07-07T01:28:00-07:00,5,
1783412940,2026-07-07T01:29:00-07:00,11,
1783413000,2026-07-07T01:30:00-07:00,20,
1783413060,2026-07-07T01:31:00-07:00,8,
1783413120,2026-07-07T01:32:00-07:00,6,
1783413180,2026-07-07T01:33:00-07:00,10,
1783413240,2026-07-07T01:34:00-07:00,7,
1783413300,2026-07-07T01:35:00-07:00,11,
1783413360,2026-07-07T01:36:00-07:00,7,
1783413420,2026-07-07T01:37:00-07:00,18,
1783413480,2026-07-07T01:38:00-07:00,14,
1783413540,2026-07-07T01:39:00-07:00,16,
1783413600,2026-07-07T01:40:00-07:00,12,
1783413660,2026-07-07T01:41:00-07:00,14,
1783413720,2026-07-07T01:42:00-07:00,7,
1783413780,2026-07-07T01:43:00-07:00,9,
1783413840,2026-07-07T01:44:00-07:00,4,
1783413900,2026-07-07T01:45:00-07:00,7,
1783413960,2026-07-07T01:46:00-07:00,10,
1783414020,2026-07-07T01:47:00-07:00,16,
1783414080,2026-07-07T01:48:00-07:00,12,
1783414140,2026-07-07T01:49:00-07:00,10,
1783414200,2026-07-07T01:50:00-07:00,13,
1783414260,2026-07-07T01:51:00-07:00,8,
1783414320,2026-07-07T01:52:00-07:00,8,
1783414380,2026-07-07T01:53:00-07:00,8,
1783414440,2026-07-07T01:54:00-07:00,10,
1783414500,2026-07-07T01:55:00-07:00,9,
1783414560,2026-07-07T01:56:00-07:00,5,
1783414620,2026-07-07T01:57:00-07:00,10,
1783414680,2026-07-07T01:58:00-07:00,10,
1783414740,2026-07-07T01:59:00-07:00,3,
1783414800,2026-07-07T02:00:00-07:00,9,
1783414860,2026-07-07T02:01:00-07:00,6,
1783414920,2026-07-07T02:02:00-07:00,6,
1783414980,2026-07-07T02:03:00-07:00,9,
1783415040,2026-07-07T02:04:00-07:00,6,
1783415100,2026-07-07T02:05:00-07:00,11,
1783415160,2026-07-07T02:06:00-07:00,8,
1783415220,2026-07-07T02:07:00-07:00,11,
1783415280,2026-07-07T02:08:00-07:00,6,
1783415340,2026-07-07T02:09:00-07:00,4,
1783415400,2026-07-07T02:10:00-07:00,8,
1783415460,2026-07-07T02:11:00-07:00,6,
1783415520,2026-07-07T02:12:00-07:00,6,
1783415580,2026-07-07T02:13:00-07:00,5,
1783415640,2026-07-07T02:14:00-07:00,6,
1783415700,2026-07-07T02:15:00-07:00,7,
1783415760,2026-07-07T02:16:00-07:00,7,
1783415820,2026-07-07T02:17:00-07:00,7,
1783415880,2026-07-07T02:18:00-07:00,11,
1783415940,2026-07-07T02:19:00-07:00,10,
1783416000,2026-07-07T02:20:00-07:00,16,
1783416060,2026-07-07T02:21:00-07:00,7,
1783416120,2026-07-07T02:22:00-07:00,12,
1783416180,2026-07-07T02:23:00-07:00,6,
1783416240,2026-07-07T02:24:00-07:00,8,
1783416300,2026-07-07T02:25:00-07:00,7,
1783416360,2026-07-07T02:26:00-07:00,11,
1783416420,2026-07-07T02:27:00-07:00,7,
1783416480,2026-07-07T02:28:00-07:00,13,
1783416540,2026-07-07T02:29:00-07:00,26,
1783416600,2026-07-07T02:30:00-07:00,11,
1783416660,2026-07-07T02:31:00-07:00,4,
1783416720,2026-07-07T02:32:00-07:00,7,
1783416780,2026-07-07T02:33:00-07:00,7,
1783416840,2026-07-07T02:34:00-07:00,26,
1783416900,2026-07-07T02:35:00-07:00,11,
1783416960,2026-07-07T02:36:00-07:00,15,
1783417020,2026-07-07T02:37:00-07:00,22,
1783417080,2026-07-07T02:38:00-07:00,23,
1783417140,2026-07-07T02:39:00-07:00,7,
1783417200,2026-07-07T02:40:00-07:00,10,
1783417260,2026-07-07T02:41:00-07:00,7,
1783417320,2026-07-07T02:42:00-07:00,18,
1783417380,2026-07-07T02:43:00-07:00,11,
1783417440,2026-07-07T02:44:00-07:00,18,
1783417500,2026-07-07T02:45:00-07:00,29,
1783417560,2026-07-07T02:46:00-07:00,15,
1783417620,2026-07-07T02:47:00-07:00,14,
1783417680,2026-07-07T02:48:00-07:00,11,
1783417740,2026-07-07T02:49:00-07:00,8,
1783417800,2026-07-07T02:50:00-07:00,11,
1783417860,2026-07-07T02:51:00-07:00,5,
1783417920,2026-07-07T02:52:00-07:00,4,
1783417980,2026-07-07T02:53:00-07:00,8,
1783418040,2026-07-07T02:54:00-07:00,19,
1783418100,2026-07-07T02:55:00-07:00,21,
1783418160,2026-07-07T02:56:00-07:00,12,
1783418220,2026-07-07T02:57:00-07:00,18,
1783418280,2026-07-07T02:58:00-07:00,6,
1783418340,2026-07-07T02:59:00-07:00,9,
1783418400,2026-07-07T03:00:00-07:00,8,
1783418460,2026-07-07T03:01:00-07:00,16,
1783418520,2026-07-07T03:02:00-07:00,24,
1783418580,2026-07-07T03:03:00-07:00,15,
1783418640,2026-07-07T03:04:00-07:00,14,
1783418700,2026-07-07T03:05:00-07:00,8,
1783418760,2026-07-07T03:06:00-07:00,11,
1783418820,2026-07-07T03:07:00-07:00,8,
1783418880,2026-07-07T03:08:00-07:00,16,
1783418940,2026-07-07T03:09:00-07:00,20,
1783419000,2026-07-07T03:10:00-07:00,10,
1783419060,2026-07-07T03:11:00-07:00,24,
1783419120,2026-07-07T03:12:00-07:00,8,
1783419180,2026-07-07T03:13:00-07:00,8,
1783419240,2026-07-07T03:14:00-07:00,13,
1783419300,2026-07-07T03:15:00-07:00,27,
1783419360,2026-07-07T03:16:00-07:00,6,
1783419420,2026-07-07T03:17:00-07:00,10,
1783419480,2026-07-07T03:18:00-07:00,12,
1783419540,2026-07-07T03:19:00-07:00,12,
1783419600,2026-07-07T03:20:00-07:00,12,
1783419660,2026-07-07T03:21:00-07:00,30,
1783419720,2026-07-07T03:22:00-07:00,16,
1783419780,2026-07-07T03:23:00-07:00,14,
1783419840,2026-07-07T03:24:00-07:00,10,
1783419900,2026-07-07T03:25:00-07:00,16,
1783419960,2026-07-07T03:26:00-07:00,8,
1783420020,2026-07-07T03:27:00-07:00,9,
1783420080,2026-07-07T03:28:00-07:00,11,
1783420140,2026-07-07T03:29:00-07:00,6,
1783420200,2026-07-07T03:30:00-07:00,17,
1783420260,2026-07-07T03:31:00-07:00,11,
1783420320,2026-07-07T03:32:00-07:00,29,
1783420380,2026-07-07T03:33:00-07:00,23,
1783420440,2026-07-07T03:34:00-07:00,28,
1783420500,2026-07-07T03:35:00-07:00,7,
1783420560,2026-07-07T03:36:00-07:00,13,
1783420620,2026-07-07T03:37:00-07:00,4,
1783420680,2026-07-07T03:38:00-07:00,5,
1783420740,2026-07-07T03:39:00-07:00,6,
1783420800,2026-07-07T03:40:00-07:00,18,
1783420860,2026-07-07T03:41:00-07:00,36,
1783420920,2026-07-07T03:42:00-07:00,17,
1783420980,2026-07-07T03:43:00-07:00,7,
1783421040,2026-07-07T03:44:00-07:00,8,
1783421100,2026-07-07T03:45:00-07:00,12,
1783421160,2026-07-07T03:46:00-07:00,7,
1783421220,2026-07-07T03:47:00-07:00,6,
1783421280,2026-07-07T03:48:00-07:00,20,
1783421340,2026-07-07T03:49:00-07:00,29,
1783421400,2026-07-07T03:50:00-07:00,24,
1783421460,2026-07-07T03:51:00-07:00,19,
1783421520,2026-07-07T03:52:00-07:00,10,
1783421580,2026-07-07T03:53:00-07:00,6,
1783421640,2026-07-07T03:54:00-07:00,7,
1783421700,2026-07-07T03:55:00-07:00,9,
1783421760,2026-07-07T03:56:00-07:00,8,
1783421820,2026-07-07T03:57:00-07:00,8,
1783421880,2026-07-07T03:58:00-07:00,14,
1783421940,2026-07-07T03:59:00-07:00,3,
1783422000,2026-07-07T04:00:00-07:00,31,
1783422060,2026-07-07T04:01:00-07:00,6,
1783422120,2026-07-07T04:02:00-07:00,15,
1783422180,2026-07-07T04:03:00-07:00,19,
1783422240,2026-07-07T04:04:00-07:00,6,
1783422300,2026-07-07T04:05:00-07:00,22,
1783422360,2026-07-07T04:06:00-07:00,33,
1783422420,2026-07-07T04:07:00-07:00,9,
1783422480,2026-07-07T04:08:00-07:00,5,
1783422540,2026-07-07T04:09:00-07:00,10,
1783422600,2026-07-07T04:10:00-07:00,15,
1783422660,2026-07-07T04:11:00-07:00,8,
1783422720,2026-07-07T04:12:00-07:00,14,
1783422780,2026-07-07T04:13:00-07:00,27,
1783422840,2026-07-07T04:14:00-07:00,5,
1783422900,2026-07-07T04:15:00-07:00,16,
1783422960,2026-07-07T04:16:00-07:00,26,
1783423020,2026-07-07T04:17:00-07:00,8,
1783423080,2026-07-07T04:18:00-07:00,18,
1783423140,2026-07-07T04:19:00-07:00,8,
1783423200,2026-07-07T04:20:00-07:00,19,
1783423260,2026-07-07T04:21:00-07:00,14,
1783423320,2026-07-07T04:22:00-07:00,4,
1783423380,2026-07-07T04:23:00-07:00,10,
1783423440,2026-07-07T04:24:00-07:00,10,
1783423500,2026-07-07T04:25:00-07:00,13,
1783423560,2026-07-07T04:26:00-07:00,21,
1783423620,2026-07-07T04:27:00-07:00,9,
1783423680,2026-07-07T04:28:00-07:00,8,
1783423740,2026-07-07T04:29:00-07:00,7,
1783423800,2026-07-07T04:30:00-07:00,23,
1783423860,2026-07-07T04:31:00-07:00,19,
1783423920,2026-07-07T04:32:00-07:00,21,
1783423980,2026-07-07T04:33:00-07:00,6,
1783424040,2026-07-07T04:34:00-07:00,4,
1783424100,2026-07-07T04:35:00-07:00,12,
1783424160,2026-07-07T04:36:00-07:00,5,
1783424220,2026-07-07T04:37:00-07:00,7,
1783424280,2026-07-07T04:38:00-07:00,22,
1783424340,2026-07-07T04:39:00-07:00,33,
1783424400,2026-07-07T04:40:00-07:00,9,
1783424460,2026-07-07T04:41:00-07:00,7,
1783424520,2026-07-07T04:42:00-07:00,22,
1783424580,2026-07-07T04:43:00-07:00,3,
1783424640,2026-07-07T04:44:00-07:00,25,
1783424700,2026-07-07T04:45:00-07:00,18,
1783424760,2026-07-07T04:46:00-07:00,2,
1783424820,2026-07-07T04:47:00-07:00,20,
1783424880,2026-07-07T04:48:00-07:00,9,
1783424940,2026-07-07T04:49:00-07:00,4,
1783425000,2026-07-07T04:50:00-07:00,7,
1783425060,2026-07-07T04:51:00-07:00,8,
1783425120,2026-07-07T04:52:00-07:00,34,
1783425180,2026-07-07T04:53:00-07:00,15,
1783425240,2026-07-07T04:54:00-07:00,9,
1783425300,2026-07-07T04:55:00-07:00,7,
1783425360,2026-07-07T04:56:00-07:00,17,
1783425420,2026-07-07T04:57:00-07:00,57,
1783425480,2026-07-07T04:58:00-07:00,7,
1783425540,2026-07-07T04:59:00-07:00,20,
1783425600,2026-07-07T05:00:00-07:00,17,
1783425660,2026-07-07T05:01:00-07:00,23,
1783425720,2026-07-07T05:02:00-07:00,25,
1783425780,2026-07-07T05:03:00-07:00,20,
1783425840,2026-07-07T05:04:00-07:00,8,
1783425900,2026-07-07T05:05:00-07:00,13,
1783425960,2026-07-07T05:06:00-07:00,4,
1783426020,2026-07-07T05:07:00-07:00,20,
1783426080,2026-07-07T05:08:00-07:00,5,
1783426140,2026-07-07T05:09:00-07:00,6,
1783426200,2026-07-07T05:10:00-07:00,7,
1783426260,2026-07-07T05:11:00-07:00,7,
1783426320,2026-07-07T05:12:00-07:00,5,
1783426380,2026-07-07T05:13:00-07:00,10,
1783426440,2026-07-07T05:14:00-07:00,9,
1783426500,2026-07-07T05:15:00-07:00,6,
1783426560,2026-07-07T05:16:00-07:00,7,
1783426620,2026-07-07T05:17:00-07:00,19,
1783426680,2026-07-07T05:18:00-07:00,8,
1783426740,2026-07-07T05:19:00-07:00,12,
1783426800,2026-07-07T05:20:00-07:00,22,
1783426860,2026-07-07T05:21:00-07:00,9,
1783426920,2026-07-07T05:22:00-07:00,8,
1783426980,2026-07-07T05:23:00-07:00,5,
1783427040,2026-07-07T05:24:00-07:00,8,
1783427100,2026-07-07T05:25:00-07:00,10,
1783427160,2026-07-07T05:26:00-07:00,6,
1783427220,2026-07-07T05:27:00-07:00,13,
1783427280,2026-07-07T05:28:00-07:00,27,
1783427340,2026-07-07T05:29:00-07:00,21,
1783427400,2026-07-07T05:30:00-07:00,6,
1783427460,2026-07-07T05:31:00-07:00,7,
1783427520,2026-07-07T05:32:00-07:00,9,
1783427580,2026-07-07T05:33:00-07:00,10,
1783427640,2026-07-07T05:34:00-07:00,13,
1783427700,2026-07-07T05:35:00-07:00,19,
1783427760,2026-07-07T05:36:00-07:00,10,
1783427820,2026-07-07T05:37:00-07:00,8,
1783427880,2026-07-07T05:38:00-07:00,6,
1783427940,2026-07-07T05:39:00-07:00,9,
1783428000,2026-07-07T05:40:00-07:00,9,
1783428060,2026-07-07T05:41:00-07:00,6,
1783428120,2026-07-07T05:42:00-07:00,7,
1783428180,2026-07-07T05:43:00-07:00,10,
1783428240,2026-07-07T05:44:00-07:00,17,
1783428300,2026-07-07T05:45:00-07:00,9,
1783428360,2026-07-07T05:46:00-07:00,14,
1783428420,2026-07-07T05:47:00-07:00,16,
1783428480,2026-07-07T05:48:00-07:00,19,
1783428540,2026-07-07T05:49:00-07:00,32,
1783428600,2026-07-07T05:50:00-07:00,12,
1783428660,2026-07-07T05:51:00-07:00,8,
1783428720,2026-07-07T05:52:00-07:00,16,
1783428780,2026-07-07T05:53:00-07:00,13,
1783428840,2026-07-07T05:54:00-07:00,9,
1783428900,2026-07-07T05:55:00-07:00,26,
1783428960,2026-07-07T05:56:00-07:00,17,
1783429020,2026-07-07T05:57:00-07:00,11,
1783429080,2026-07-07T05:58:00-07:00,10,
1783429140,2026-07-07T05:59:00-07:00,13,
1783429200,2026-07-07T06:00:00-07:00,19,
1783429260,2026-07-07T06:01:00-07:00,19,
1783429320,2026-07-07T06:02:00-07:00,18,
1783429380,2026-07-07T06:03:00-07:00,4,
1783429440,2026-07-07T06:04:00-07:00,9,
1783429500,2026-07-07T06:05:00-07:00,12,
1783429560,2026-07-07T06:06:00-07:00,31,
1783429620,2026-07-07T06:07:00-07:00,6,
1783429680,2026-07-07T06:08:00-07:00,33,
1783429740,2026-07-07T06:09:00-07:00,6,
1783429800,2026-07-07T06:10:00-07:00,12,
1783429860,2026-07-07T06:11:00-07:00,35,
1783429920,2026-07-07T06:12:00-07:00,27,
1783429980,2026-07-07T06:13:00-07:00,17,
1783430040,2026-07-07T06:14:00-07:00,149,
1783430100,2026-07-07T06:15:00-07:00,34,
1783430160,2026-07-07T06:16:00-07:00,30,
1783430220,2026-07-07T06:17:00-07:00,34,
1783430280,2026-07-07T06:18:00-07:00,10,
1783430340,2026-07-07T06:19:00-07:00,20,
1783430400,2026-07-07T06:20:00-07:00,21,
1783430460,2026-07-07T06:21:00-07:00,20,
1783430520,2026-07-07T06:22:00-07:00,6,
1783430580,2026-07-07T06:23:00-07:00,32,
1783430640,2026-07-07T06:24:00-07:00,4,
1783430700,2026-07-07T06:25:00-07:00,35,
1783430760,2026-07-07T06:26:00-07:00,35,
1783430820,2026-07-07T06:27:00-07:00,12,
1783430880,2026-07-07T06:28:00-07:00,15,
1783430940,2026-07-07T06:29:00-07:00,13,
1783431000,2026-07-07T06:30:00-07:00,45,
1783431060,2026-07-07T06:31:00-07:00,49,
1783431120,2026-07-07T06:32:00-07:00,33,
1783431180,2026-07-07T06:33:00-07:00,34,
1783431240,2026-07-07T06:34:00-07:00,23,
1783431300,2026-07-07T06:35:00-07:00,7,
1783431360,2026-07-07T06:36:00-07:00,9,
1783431420,2026-07-07T06:37:00-07:00,25,
1783431480,2026-07-07T06:38:00-07:00,22,
1783431540,2026-07-07T06:39:00-07:00,47,
1783431600,2026-07-07T06:40:00-07:00,84,
1783431660,2026-07-07T06:41:00-07:00,57,
1783431720,2026-07-07T06:42:00-07:00,93,
1783431780,2026-07-07T06:43:00-07:00,14,
1783431840,2026-07-07T06:44:00-07:00,18,
1783431900,2026-07-07T06:45:00-07:00,17,
1783431960,2026-07-07T06:46:00-07:00,8,
1783432020,2026-07-07T06:47:00-07:00,24,
1783432080,2026-07-07T06:48:00-07:00,25,
1783432140,2026-07-07T06:49:00-07:00,14,
1783432200,2026-07-07T06:50:00-07:00,9,
1783432260,2026-07-07T06:51:00-07:00,10,
1783432320,2026-07-07T06:52:00-07:00,34,
1783432380,2026-07-07T06:53:00-07:00,22,
1783432440,2026-07-07T06:54:00-07:00,16,
1783432500,2026-07-07T06:55:00-07:00,21,
1783432560,2026-07-07T06:56:00-07:00,30,
1783432620,2026-07-07T06:57:00-07:00,82,
1783432680,2026-07-07T06:58:00-07:00,52,
1783432740,2026-07-07T06:59:00-07:00,47,
1783432800,2026-07-07T07:00:00-07:00,25,
1783432860,2026-07-07T07:01:00-07:00,38,
1783432920,2026-07-07T07:02:00-07:00,52,
1783432980,2026-07-07T07:03:00-07:00,21,
1783433040,2026-07-07T07:04:00-07:00,52,
1783433100,2026-07-07T07:05:00-07:00,29,
1783433160,2026-07-07T07:06:00-07:00,23,
1783433220,2026-07-07T07:07:00-07:00,56,
1783433280,2026-07-07T07:08:00-07:00,26,
1783433340,2026-07-07T07:09:00-07:00,13,
1783433400,2026-07-07T07:10:00-07:00,39,
1783433460,2026-07-07T07:11:00-07:00,58,
1783433520,2026-07-07T07:12:00-07:00,33,
1783433580,2026-07-07T07:13:00-07:00,52,
1783433640,2026-07-07T07:14:00-07:00,13,
1783433700,2026-07-07T07:15:00-07:00,26,
1783433760,2026-07-07T07:16:00-07:00,8,
1783433820,2026-07-07T07:17:00-07:00,20,
1783433880,2026-07-07T07:18:00-07:00,5,
1783433940,2026-07-07T07:19:00-07:00,68,
1783434000,2026-07-07T07:20:00-07:00,53,
1783434060,2026-07-07T07:21:00-07:00,31,
1783434120,2026-07-07T07:22:00-07:00,6,
1783434180,2026-07-07T07:23:00-07:00,52,
1783434240,2026-07-07T07:24:00-07:00,24,
1783434300,2026-07-07T07:25:00-07:00,84,
1783434360,2026-07-07T07:26:00-07:00,56,
1783434420,2026-07-07T07:27:00-07:00,21,
1783434480,2026-07-07T07:28:00-07:00,44,
1783434540,2026-07-07T07:29:00-07:00,20,
1783434600,2026-07-07T07:30:00-07:00,34,
1783434660,2026-07-07T07:31:00-07:00,82,
1783434720,2026-07-07T07:32:00-07:00,45,
1783434780,2026-07-07T07:33:00-07:00,44,
1783434840,2026-07-07T07:34:00-07:00,46,
1783434900,2026-07-07T07:35:00-07:00,40,
1783434960,2026-07-07T07:36:00-07:00,41,
1783435020,2026-07-07T07:37:00-07:00,38,
1783435080,2026-07-07T07:38:00-07:00,38,
1783435140,2026-07-07T07:39:00-07:00,28,
1783435200,2026-07-07T07:40:00-07:00,61,
1783435260,2026-07-07T07:41:00-07:00,46,
1783435320,2026-07-07T07:42:00-07:00,77,
1783435380,2026-07-07T07:43:00-07:00,46,
1783435440,2026-07-07T07:44:00-07:00,61,
1783435500,2026-07-07T07:45:00-07:00,32,
1783435560,2026-07-07T07:46:00-07:00,36,
1783435620,2026-07-07T07:47:00-07:00,155,
1783435680,2026-07-07T07:48:00-07:00,39,
1783435740,2026-07-07T07:49:00-07:00,51,
1783435800,2026-07-07T07:50:00-07:00,56,
1783435860,2026-07-07T07:51:00-07:00,20,
1783435920,2026-07-07T07:52:00-07:00,17,
1783435980,2026-07-07T07:53:00-07:00,23,
1783436040,2026-07-07T07:54:00-07:00,11,
1783436100,2026-07-07T07:55:00-07:00,40,
1783436160,2026-07-07T07:56:00-07:00,29,
1783436220,2026-07-07T07:57:00-07:00,35,
1783436280,2026-07-07T07:58:00-07:00,44,
1783436340,2026-07-07T07:59:00-07:00,46,
1783436400,2026-07-07T08:00:00-07:00,53,
1783436460,2026-07-07T08:01:00-07:00,42,
1783436520,2026-07-07T08:02:00-07:00,39,
1783436580,2026-07-07T08:03:00-07:00,185,
1783436640,2026-07-07T08:04:00-07:00,51,
1783436700,2026-07-07T08:05:00-07:00,80,
1783436760,2026-07-07T08:06:00-07:00,59,
1783436820,2026-07-07T08:07:00-07:00,38,
1783436880,2026-07-07T08:08:00-07:00,55,
1783436940,2026-07-07T08:09:00-07:00,50,
1783437000,2026-07-07T08:10:00-07:00,101,
1783437060,2026-07-07T08:11:00-07:00,57,
1783437120,2026-07-07T08:12:00-07:00,19,
1783437180,2026-07-07T08:13:00-07:00,19,
1783437240,2026-07-07T08:14:00-07:00,10,
1783437300,2026-07-07T08:15:00-07:00,35,
1783437360,2026-07-07T08:16:00-07:00,38,
1783437420,2026-07-07T08:17:00-07:00,28,
1783437480,2026-07-07T08:18:00-07:00,67,
1783437540,2026-07-07T08:19:00-07:00,163,
1783437600,2026-07-07T08:20:00-07:00,62,
1783437660,2026-07-07T08:21:00-07:00,68,
1783437720,2026-07-07T08:22:00-07:00,83,
1783437780,2026-07-07T08:23:00-07:00,30,
1783437840,2026-07-07T08:24:00-07:00,24,
1783437900,2026-07-07T08:25:00-07:00,81,
1783437960,2026-07-07T08:26:00-07:00,129,
1783438020,2026-07-07T08:27:00-07:00,79,
1783438080,2026-07-07T08:28:00-07:00,143,
1783438140,2026-07-07T08:29:00-07:00,26,
1783438200,2026-07-07T08:30:00-07:00,79,
1783438260,2026-07-07T08:31:00-07:00,68,
1783438320,2026-07-07T08:32:00-07:00,30,
1783438380,2026-07-07T08:33:00-07:00,53,
1783438440,2026-07-07T08:34:00-07:00,179,
1783438500,2026-07-07T08:35:00-07:00,54,
1783438560,2026-07-07T08:36:00-07:00,63,
1783438620,2026-07-07T08:37:00-07:00,114,
1783438680,2026-07-07T08:38:00-07:00,52,
1783438740,2026-07-07T08:39:00-07:00,111,
1783438800,2026-07-07T08:40:00-07:00,141,
1783438860,2026-07-07T08:41:00-07:00,112,
1783438920,2026-07-07T08:42:00-07:00,69,
1783438980,2026-07-07T08:43:00-07:00,133,
1783439040,2026-07-07T08:44:00-07:00,197,
1783439100,2026-07-07T08:45:00-07:00,33,
1783439160,2026-07-07T08:46:00-07:00,133,
1783439220,2026-07-07T08:47:00-07:00,156,
1783439280,2026-07-07T08:48:00-07:00,115,
1783439340,2026-07-07T08:49:00-07:00,116,
1783439400,2026-07-07T08:50:00-07:00,75,
1783439460,2026-07-07T08:51:00-07:00,52,
1783439520,2026-07-07T08:52:00-07:00,162,
1783439580,2026-07-07T08:53:00-07:00,130,
1783439640,2026-07-07T08:54:00-07:00,81,
1783439700,2026-07-07T08:55:00-07:00,44,
1783439760,2026-07-07T08:56:00-07:00,233,
1783439820,2026-07-07T08:57:00-07:00,97,
1783439880,2026-07-07T08:58:00-07:00,98,
1783439940,2026-07-07T08:59:00-07:00,55,
1783440000,2026-07-07T09:00:00-07:00,35,
1783440060,2026-07-07T09:01:00-07:00,70,
1783440120,2026-07-07T09:02:00-07:00,109,
1783440180,2026-07-07T09:03:00-07:00,97,
1783440240,2026-07-07T09:04:00-07:00,93,
1783440300,2026-07-07T09:05:00-07:00,53,
1783440360,2026-07-07T09:06:00-07:00,140,
1783440420,2026-07-07T09:07:00-07:00,66,
1783440480,2026-07-07T09:08:00-07:00,188,
1783440540,2026-07-07T09:09:00-07:00,72,
1783440600,2026-07-07T09:10:00-07:00,162,
1783440660,2026-07-07T09:11:00-07:00,123,
1783440720,2026-07-07T09:12:00-07:00,116,
1783440780,2026-07-07T09:13:00-07:00,54,
1783440840,2026-07-07T09:14:00-07:00,138,
1783440900,2026-07-07T09:15:00-07:00,40,
1783440960,2026-07-07T09:16:00-07:00,104,
1783441020,2026-07-07T09:17:00-07:00,96,
1783441080,2026-07-07T09:18:00-07:00,92,
1783441140,2026-07-07T09:19:00-07:00,105,
1783441200,2026-07-07T09:20:00-07:00,93,
1783441260,2026-07-07T09:21:00-07:00,52,
1783441320,2026-07-07T09:22:00-07:00,39,
1783441380,2026-07-07T09:23:00-07:00,102,
1783441440,2026-07-07T09:24:00-07:00,20,
1783441500,2026-07-07T09:25:00-07:00,101,
1783441560,2026-07-07T09:26:00-07:00,117,
1783441620,2026-07-07T09:27:00-07:00,206,
1783441680,2026-07-07T09:28:00-07:00,130,
1783441740,2026-07-07T09:29:00-07:00,73,
1783441800,2026-07-07T09:30:00-07:00,144,
1783441860,2026-07-07T09:31:00-07:00,89,
1783441920,2026-07-07T09:32:00-07:00,57,
1783441980,2026-07-07T09:33:00-07:00,165,
1783442040,2026-07-07T09:34:00-07:00,76,
1783442100,2026-07-07T09:35:00-07:00,50,
1783442160,2026-07-07T09:36:00-07:00,96,
1783442220,2026-07-07T09:37:00-07:00,123,
1783442280,2026-07-07T09:38:00-07:00,99,
1783442340,2026-07-07T09:39:00-07:00,19,
1783442400,2026-07-07T09:40:00-07:00,64,
1783442460,2026-07-07T09:41:00-07:00,19,
1783442520,2026-07-07T09:42:00-07:00,38,
1783442580,2026-07-07T09:43:00-07:00,36,
1783442640,2026-07-07T09:44:00-07:00,104,
1783442700,2026-07-07T09:45:00-07:00,70,
1783442760,2026-07-07T09:46:00-07:00,62,
1783442820,2026-07-07T09:47:00-07:00,63,
1783442880,2026-07-07T09:48:00-07:00,122,
1783442940,2026-07-07T09:49:00-07:00,135,
1783443000,2026-07-07T09:50:00-07:00,135,
1783443060,2026-07-07T09:51:00-07:00,135,
1783443120,2026-07-07T09:52:00-07:00,100,
1783443180,2026-07-07T09:53:00-07:00,36,
1783443240,2026-07-07T09:54:00-07:00,137,
1783443300,2026-07-07T09:55:00-07:00,121,
1783443360,2026-07-07T09:56:00-07:00,77,
1783443420,2026-07-07T09:57:00-07:00,74,
1783443480,2026-07-07T09:58:00-07:00,73,
1783443540,2026-07-07T09:59:00-07:00,111,
1783443600,2026-07-07T10:00:00-07:00,69,
1783443660,2026-07-07T10:01:00-07:00,164,
1783443720,2026-07-07T10:02:00-07:00,71,
1783443780,2026-07-07T10:03:00-07:00,114,
1783443840,2026-07-07T10:04:00-07:00,93,
1783443900,2026-07-07T10:05:00-07:00,112,
1783443960,2026-07-07T10:06:00-07:00,169,
1783444020,2026-07-07T10:07:00-07:00,76,
1783444080,2026-07-07T10:08:00-07:00,67,
1783444140,2026-07-07T10:09:00-07:00,35,
1783444200,2026-07-07T10:10:00-07:00,77,
1783444260,2026-07-07T10:11:00-07:00,153,
1783444320,2026-07-07T10:12:00-07:00,130,
1783444380,2026-07-07T10:13:00-07:00,126,
1783444440,2026-07-07T10:14:00-07:00,187,
1783444500,2026-07-07T10:15:00-07:00,93,
1783444560,2026-07-07T10:16:00-07:00,166,
1783444620,2026-07-07T10:17:00-07:00,108,
1783444680,2026-07-07T10:18:00-07:00,166,
1783444740,2026-07-07T10:19:00-07:00,63,
1783444800,2026-07-07T10:20:00-07:00,121,
1783444860,2026-07-07T10:21:00-07:00,105,
1783444920,2026-07-07T10:22:00-07:00,182,
1783444980,2026-07-07T10:23:00-07:00,138,
1783445040,2026-07-07T10:24:00-07:00,101,
1783445100,2026-07-07T10:25:00-07:00,79,
1783445160,2026-07-07T10:26:00-07:00,62,
1783445220,2026-07-07T10:27:00-07:00,137,
1783445280,2026-07-07T10:28:00-07:00,58,
1783445340,2026-07-07T10:29:00-07:00,91,
1783445400,2026-07-07T10:30:00-07:00,96,
1783445460,2026-07-07T10:31:00-07:00,101,
1783445520,2026-07-07T10:32:00-07:00,90,
1783445580,2026-07-07T10:33:00-07:00,53,
1783445640,2026-07-07T10:34:00-07:00,148,
1783445700,2026-07-07T10:35:00-07:00,99,
1783445760,2026-07-07T10:36:00-07:00,76,
1783445820,2026-07-07T10:37:00-07:00,66,
1783445880,2026-07-07T10:38:00-07:00,61,
1783445940,2026-07-07T10:39:00-07:00,131,
1783446000,2026-07-07T10:40:00-07:00,122,
1783446060,2026-07-07T10:41:00-07:00,80,
1783446120,2026-07-07T10:42:00-07:00,34,
1783446180,2026-07-07T10:43:00-07:00,106,
1783446240,2026-07-07T10:44:00-07:00,124,
1783446300,2026-07-07T10:45:00-07:00,142,
1783446360,2026-07-07T10:46:00-07:00,94,
1783446420,2026-07-07T10:47:00-07:00,103,
1783446480,2026-07-07T10:48:00-07:00,121,
1783446540,2026-07-07T10:49:00-07:00,121,
1783446600,2026-07-07T10:50:00-07:00,116,
1783446660,2026-07-07T10:51:00-07:00,101,
1783446720,2026-07-07T10:52:00-07:00,104,
1783446780,2026-07-07T10:53:00-07:00,96,
1783446840,2026-07-07T10:54:00-07:00,102,
1783446900,2026-07-07T10:55:00-07:00,124,
1783446960,2026-07-07T10:56:00-07:00,80,
1783447020,2026-07-07T10:57:00-07:00,150,
1783447080,2026-07-07T10:58:00-07:00,137,
1783447140,2026-07-07T10:59:00-07:00,123,
1783447200,2026-07-07T11:00:00-07:00,79,
1783447260,2026-07-07T11:01:00-07:00,78,
1783447320,2026-07-07T11:02:00-07:00,92,
1783447380,2026-07-07T11:03:00-07:00,197,
1783447440,2026-07-07T11:04:00-07:00,107,
1783447500,2026-07-07T11:05:00-07:00,73,
1783447560,2026-07-07T11:06:00-07:00,84,
1783447620,2026-07-07T11:07:00-07:00,85,
1783447680,2026-07-07T11:08:00-07:00,100,
1783447740,2026-07-07T11:09:00-07:00,102,
1783447800,2026-07-07T11:10:00-07:00,151,
1783447860,2026-07-07T11:11:00-07:00,137,
1783447920,2026-07-07T11:12:00-07:00,90,
1783447980,2026-07-07T11:13:00-07:00,129,
1783448040,2026-07-07T11:14:00-07:00,100,
1783448100,2026-07-07T11:15:00-07:00,131,
1783448160,2026-07-07T11:16:00-07:00,195,
1783448220,2026-07-07T11:17:00-07:00,112,
1783448280,2026-07-07T11:18:00-07:00,110,
1783448340,2026-07-07T11:19:00-07:00,101,
1783448400,2026-07-07T11:20:00-07:00,76,
1783448460,2026-07-07T11:21:00-07:00,74,
1783448520,2026-07-07T11:22:00-07:00,119,
1783448580,2026-07-07T11:23:00-07:00,112,
1783448640,2026-07-07T11:24:00-07:00,81,
1783448700,2026-07-07T11:25:00-07:00,90,
1783448760,2026-07-07T11:26:00-07:00,169,
1783448820,2026-07-07T11:27:00-07:00,175,
1783448880,2026-07-07T11:28:00-07:00,169,
1783448940,2026-07-07T11:29:00-07:00,163,
1783449000,2026-07-07T11:30:00-07:00,127,
1783449060,2026-07-07T11:31:00-07:00,89,
1783449120,2026-07-07T11:32:00-07:00,77,
1783449180,2026-07-07T11:33:00-07:00,130,
1783449240,2026-07-07T11:34:00-07:00,118,
1783449300,2026-07-07T11:35:00-07:00,76,
1783449360,2026-07-07T11:36:00-07:00,152,
1783449420,2026-07-07T11:37:00-07:00,115,
1783449480,2026-07-07T11:38:00-07:00,93,
1783449540,2026-07-07T11:39:00-07:00,124,
1783449600,2026-07-07T11:40:00-07:00,72,
1783449660,2026-07-07T11:41:00-07:00,226,
1783449720,2026-07-07T11:42:00-07:00,37,
1783449780,2026-07-07T11:43:00-07:00,125,
1783449840,2026-07-07T11:44:00-07:00,35,
1783449900,2026-07-07T11:45:00-07:00,159,
1783449960,2026-07-07T11:46:00-07:00,98,
1783450020,2026-07-07T11:47:00-07:00,123,
1783450080,2026-07-07T11:48:00-07:00,103,
1783450140,2026-07-07T11:49:00-07:00,141,
1783450200,2026-07-07T11:50:00-07:00,131,
1783450260,2026-07-07T11:51:00-07:00,104,
1783450320,2026-07-07T11:52:00-07:00,235,
1783450380,2026-07-07T11:53:00-07:00,166,
1783450440,2026-07-07T11:54:00-07:00,91,
1783450500,2026-07-07T11:55:00-07:00,70,
1783450560,2026-07-07T11:56:00-07:00,40,
1783450620,2026-07-07T11:57:00-07:00,63,
1783450680,2026-07-07T11:58:00-07:00,126,
1783450740,2026-07-07T11:59:00-07:00,110,
1783450800,2026-07-07T12:00:00-07:00,56,
1783450860,2026-07-07T12:01:00-07:00,149,
1783450920,2026-07-07T12:02:00-07:00,123,
1783450980,2026-07-07T12:03:00-07:00,143,
1783451040,2026-07-07T12:04:00-07:00,78,
1783451100,2026-07-07T12:05:00-07:00,51,
1783451160,2026-07-07T12:06:00-07:00,137,
1783451220,2026-07-07T12:07:00-07:00,85,
1783451280,2026-07-07T12:08:00-07:00,167,
1783451340,2026-07-07T12:09:00-07:00,125,
1783451400,2026-07-07T12:10:00-07:00,119,
1783451460,2026-07-07T12:11:00-07:00,119,
1783451520,2026-07-07T12:12:00-07:00,36,
1783451580,2026-07-07T12:13:00-07:00,116,
1783451640,2026-07-07T12:14:00-07:00,132,
1783451700,2026-07-07T12:15:00-07:00,115,
1783451760,2026-07-07T12:16:00-07:00,110,
1783451820,2026-07-07T12:17:00-07:00,108,
1783451880,2026-07-07T12:18:00-07:00,86,
1783451940,2026-07-07T12:19:00-07:00,98,
1783452000,2026-07-07T12:20:00-07:00,94,
1783452060,2026-07-07T12:21:00-07:00,98,
1783452120,2026-07-07T12:22:00-07:00,81,
1783452180,2026-07-07T12:23:00-07:00,109,
1783452240,2026-07-07T12:24:00-07:00,80,
1783452300,2026-07-07T12:25:00-07:00,103,
1783452360,2026-07-07T12:26:00-07:00,67,
1783452420,2026-07-07T12:27:00-07:00,115,
1783452480,2026-07-07T12:28:00-07:00,68,
1783452540,2026-07-07T12:29:00-07:00,94,
1783452600,2026-07-07T12:30:00-07:00,96,
1783452660,2026-07-07T12:31:00-07:00,133,
1783452720,2026-07-07T12:32:00-07:00,113,
1783452780,2026-07-07T12:33:00-07:00,81,
1783452840,2026-07-07T12:34:00-07:00,100,
1783452900,2026-07-07T12:35:00-07:00,103,
1783452960,2026-07-07T12:36:00-07:00,65,
1783453020,2026-07-07T12:37:00-07:00,82,
1783453080,2026-07-07T12:38:00-07:00,109,
1783453140,2026-07-07T12:39:00-07:00,26,
1783453200,2026-07-07T12:40:00-07:00,33,
1783453260,2026-07-07T12:41:00-07:00,65,
1783453320,2026-07-07T12:42:00-07:00,50,
1783453380,2026-07-07T12:43:00-07:00,81,
1783453440,2026-07-07T12:44:00-07:00,126,
1783453500,2026-07-07T12:45:00-07:00,107,
1783453560,2026-07-07T12:46:00-07:00,93,
1783453620,2026-07-07T12:47:00-07:00,73,
1783453680,2026-07-07T12:48:00-07:00,114,
1783453740,2026-07-07T12:49:00-07:00,128,
1783453800,2026-07-07T12:50:00-07:00,98,
1783453860,2026-07-07T12:51:00-07:00,127,
1783453920,2026-07-07T12:52:00-07:00,43,
1783453980,2026-07-07T12:53:00-07:00,105,
1783454040,2026-07-07T12:54:00-07:00,99,
1783454100,2026-07-07T12:55:00-07:00,149,
1783454160,2026-07-07T12:56:00-07:00,69,
1783454220,2026-07-07T12:57:00-07:00,132,
1783454280,2026-07-07T12:58:00-07:00,134,
1783454340,2026-07-07T12:59:00-07:00,106,
1783454400,2026-07-07T13:00:00-07:00,155,
1783454460,2026-07-07T13:01:00-07:00,143,
1783454520,2026-07-07T13:02:00-07:00,108,
1783454580,2026-07-07T13:03:00-07:00,90,
1783454640,2026-07-07T13:04:00-07:00,33,
1783454700,2026-07-07T13:05:00-07:00,135,
1783454760,2026-07-07T13:06:00-07:00,164,
1783454820,2026-07-07T13:07:00-07:00,104,
1783454880,2026-07-07T13:08:00-07:00,119,
1783454940,2026-07-07T13:09:00-07:00,74,
1783455000,2026-07-07T13:10:00-07:00,104,
1783455060,2026-07-07T13:11:00-07:00,90,
1783455120,2026-07-07T13:12:00-07:00,68,
1783455180,2026-07-07T13:13:00-07:00,86,
1783455240,2026-07-07T13:14:00-07:00,67,
1783455300,2026-07-07T13:15:00-07:00,57,
1783455360,2026-07-07T13:16:00-07:00,106,
1783455420,2026-07-07T13:17:00-07:00,78,
1783455480,2026-07-07T13:18:00-07:00,98,
1783455540,2026-07-07T13:19:00-07:00,85,
1783455600,2026-07-07T13:20:00-07:00,43,
1783455660,2026-07-07T13:21:00-07:00,83,
1783455720,2026-07-07T13:22:00-07:00,68,
1783455780,2026-07-07T13:23:00-07:00,192,
1783455840,2026-07-07T13:24:00-07:00,77,
1783455900,2026-07-07T13:25:00-07:00,114,
1783455960,2026-07-07T13:26:00-07:00,103,
1783456020,2026-07-07T13:27:00-07:00,121,
1783456080,2026-07-07T13:28:00-07:00,176,
1783456140,2026-07-07T13:29:00-07:00,61,
1783456200,2026-07-07T13:30:00-07:00,73,
1783456260,2026-07-07T13:31:00-07:00,35,
1783456320,2026-07-07T13:32:00-07:00,58,
1783456380,2026-07-07T13:33:00-07:00,121,
1783456440,2026-07-07T13:34:00-07:00,43,
1783456500,2026-07-07T13:35:00-07:00,75,
1783456560,2026-07-07T13:36:00-07:00,92,
1783456620,2026-07-07T13:37:00-07:00,71,
1783456680,2026-07-07T13:38:00-07:00,77,
1783456740,2026-07-07T13:39:00-07:00,175,
1783456800,2026-07-07T13:40:00-07:00,103,
1783456860,2026-07-07T13:41:00-07:00,201,
1783456920,2026-07-07T13:42:00-07:00,164,
1783456980,2026-07-07T13:43:00-07:00,150,
1783457040,2026-07-07T13:44:00-07:00,119,
1783457100,2026-07-07T13:45:00-07:00,67,
1783457160,2026-07-07T13:46:00-07:00,81,
1783457220,2026-07-07T13:47:00-07:00,95,
1783457280,2026-07-07T13:48:00-07:00,126,
1783457340,2026-07-07T13:49:00-07:00,110,
1783457400,2026-07-07T13:50:00-07:00,128,
1783457460,2026-07-07T13:51:00-07:00,73,
1783457520,2026-07-07T13:52:00-07:00,107,
1783457580,2026-07-07T13:53:00-07:00,81,
1783457640,2026-07-07T13:54:00-07:00,85,
1783457700,2026-07-07T13:55:00-07:00,180,
1783457760,2026-07-07T13:56:00-07:00,133,
1783457820,2026-07-07T13:57:00-07:00,191,
1783457880,2026-07-07T13:58:00-07:00,63,
1783457940,2026-07-07T13:59:00-07:00,129,
1783458000,2026-07-07T14:00:00-07:00,180,
1783458060,2026-07-07T14:01:00-07:00,108,
1783458120,2026-07-07T14:02:00-07:00,72,
1783458180,2026-07-07T14:03:00-07:00,81,
1783458240,2026-07-07T14:04:00-07:00,109,
1783458300,2026-07-07T14:05:00-07:00,85,
1783458360,2026-07-07T14:06:00-07:00,65,
1783458420,2026-07-07T14:07:00-07:00,151,
1783458480,2026-07-07T14:08:00-07:00,113,
1783458540,2026-07-07T14:09:00-07:00,120,
1783458600,2026-07-07T14:10:00-07:00,96,
1783458660,2026-07-07T14:11:00-07:00,54,
1783458720,2026-07-07T14:12:00-07:00,99,
1783458780,2026-07-07T14:13:00-07:00,128,
1783458840,2026-07-07T14:14:00-07:00,139,
1783458900,2026-07-07T14:15:00-07:00,120,
1783458960,2026-07-07T14:16:00-07:00,146,
1783459020,2026-07-07T14:17:00-07:00,87,
1783459080,2026-07-07T14:18:00-07:00,145,
1783459140,2026-07-07T14:19:00-07:00,54,
1783459200,2026-07-07T14:20:00-07:00,179,
1783459260,2026-07-07T14:21:00-07:00,89,
1783459320,2026-07-07T14:22:00-07:00,91,
1783459380,2026-07-07T14:23:00-07:00,90,
1783459440,2026-07-07T14:24:00-07:00,100,
1783459500,2026-07-07T14:25:00-07:00,188,
1783459560,2026-07-07T14:26:00-07:00,111,
1783459620,2026-07-07T14:27:00-07:00,42,
1783459680,2026-07-07T14:28:00-07:00,115,
1783459740,2026-07-07T14:29:00-07:00,100,
1783459800,2026-07-07T14:30:00-07:00,104,
1783459860,2026-07-07T14:31:00-07:00,90,
1783459920,2026-07-07T14:32:00-07:00,66,
1783459980,2026-07-07T14:33:00-07:00,67,
1783460040,2026-07-07T14:34:00-07:00,169,
1783460100,2026-07-07T14:35:00-07:00,86,
1783460160,2026-07-07T14:36:00-07:00,144,
1783460220,2026-07-07T14:37:00-07:00,158,
1783460280,2026-07-07T14:38:00-07:00,67,
1783460340,2026-07-07T14:39:00-07:00,114,
1783460400,2026-07-07T14:40:00-07:00,147,
1783460460,2026-07-07T14:41:00-07:00,165,
1783460520,2026-07-07T14:42:00-07:00,63,
1783460580,2026-07-07T14:43:00-07:00,122,
1783460640,2026-07-07T14:44:00-07:00,102,
1783460700,2026-07-07T14:45:00-07:00,124,
1783460760,2026-07-07T14:46:00-07:00,96,
1783460820,2026-07-07T14:47:00-07:00,115,
1783460880,2026-07-07T14:48:00-07:00,98,
1783460940,2026-07-07T14:49:00-07:00,185,
1783461000,2026-07-07T14:50:00-07:00,94,
1783461060,2026-07-07T14:51:00-07:00,110,
1783461120,2026-07-07T14:52:00-07:00,76,
1783461180,2026-07-07T14:53:00-07:00,143,
1783461240,2026-07-07T14:54:00-07:00,140,
1783461300,2026-07-07T14:55:00-07:00,186,
1783461360,2026-07-07T14:56:00-07:00,52,
1783461420,2026-07-07T14:57:00-07:00,75,
1783461480,2026-07-07T14:58:00-07:00,120,
1783461540,2026-07-07T14:59:00-07:00,160,
1783461600,2026-07-07T15:00:00-07:00,112,
1783461660,2026-07-07T15:01:00-07:00,168,
1783461720,2026-07-07T15:02:00-07:00,99,
1783461780,2026-07-07T15:03:00-07:00,76,
1783461840,2026-07-07T15:04:00-07:00,61,
1783461900,2026-07-07T15:05:00-07:00,130,
1783461960,2026-07-07T15:06:00-07:00,87,
1783462020,2026-07-07T15:07:00-07:00,86,
1783462080,2026-07-07T15:08:00-07:00,58,
1783462140,2026-07-07T15:09:00-07:00,74,
1783462200,2026-07-07T15:10:00-07:00,84,
1783462260,2026-07-07T15:11:00-07:00,152,
1783462320,2026-07-07T15:12:00-07:00,159,
1783462380,2026-07-07T15:13:00-07:00,185,
1783462440,2026-07-07T15:14:00-07:00,58,
1783462500,2026-07-07T15:15:00-07:00,34,
1783462560,2026-07-07T15:16:00-07:00,164,
1783462620,2026-07-07T15:17:00-07:00,100,
1783462680,2026-07-07T15:18:00-07:00,173,
1783462740,2026-07-07T15:19:00-07:00,90,
1783462800,2026-07-07T15:20:00-07:00,136,
1783462860,2026-07-07T15:21:00-07:00,94,
1783462920,2026-07-07T15:22:00-07:00,141,
1783462980,2026-07-07T15:23:00-07:00,147,
1783463040,2026-07-07T15:24:00-07:00,152,
1783463100,2026-07-07T15:25:00-07:00,183,
1783463160,2026-07-07T15:26:00-07:00,159,
1783463220,2026-07-07T15:27:00-07:00,178,
1783463280,2026-07-07T15:28:00-07:00,76,
1783463340,2026-07-07T15:29:00-07:00,230,
1783463400,2026-07-07T15:30:00-07:00,181,
1783463460,2026-07-07T15:31:00-07:00,139,
1783463520,2026-07-07T15:32:00-07:00,100,
1783463580,2026-07-07T15:33:00-07:00,101,
1783463640,2026-07-07T15:34:00-07:00,104,
1783463700,2026-07-07T15:35:00-07:00,106,
1783463760,2026-07-07T15:36:00-07:00,103,
1783463820,2026-07-07T15:37:00-07:00,130,
1783463880,2026-07-07T15:38:00-07:00,69,
1783463940,2026-07-07T15:39:00-07:00,110,
1783464000,2026-07-07T15:40:00-07:00,97,
1783464060,2026-07-07T15:41:00-07:00,140,
1783464120,2026-07-07T15:42:00-07:00,83,
1783464180,2026-07-07T15:43:00-07:00,89,
1783464240,2026-07-07T15:44:00-07:00,165,
1783464300,2026-07-07T15:45:00-07:00,146,
1783464360,2026-07-07T15:46:00-07:00,100,
1783464420,2026-07-07T15:47:00-07:00,25,
1783464480,2026-07-07T15:48:00-07:00,53,
1783464540,2026-07-07T15:49:00-07:00,120,
1783464600,2026-07-07T15:50:00-07:00,223,
1783464660,2026-07-07T15:51:00-07:00,88,
1783464720,2026-07-07T15:52:00-07:00,44,
1783464780,2026-07-07T15:53:00-07:00,114,
1783464840,2026-07-07T15:54:00-07:00,106,
1783464900,2026-07-07T15:55:00-07:00,64,
1783464960,2026-07-07T15:56:00-07:00,94,
1783465020,2026-07-07T15:57:00-07:00,140,
1783465080,2026-07-07T15:58:00-07:00,98,
1783465140,2026-07-07T15:59:00-07:00,113,
1783465200,2026-07-07T16:00:00-07:00,189,
1783465260,2026-07-07T16:01:00-07:00,104,
1783465320,2026-07-07T16:02:00-07:00,102,
1783465380,2026-07-07T16:03:00-07:00,126,
1783465440,2026-07-07T16:04:00-07:00,70,
1783465500,2026-07-07T16:05:00-07:00,82,
1783465560,2026-07-07T16:06:00-07:00,183,
1783465620,2026-07-07T16:07:00-07:00,106,
1783465680,2026-07-07T16:08:00-07:00,117,
1783465740,2026-07-07T16:09:00-07:00,87,
1783465800,2026-07-07T16:10:00-07:00,63,
1783465860,2026-07-07T16:11:00-07:00,91,
1783465920,2026-07-07T16:12:00-07:00,91,
1783465980,2026-07-07T16:13:00-07:00,88,
1783466040,2026-07-07T16:14:00-07:00,128,
1783466100,2026-07-07T16:15:00-07:00,104,
1783466160,2026-07-07T16:16:00-07:00,81,
1783466220,2026-07-07T16:17:00-07:00,114,
1783466280,2026-07-07T16:18:00-07:00,110,
1783466340,2026-07-07T16:19:00-07:00,140,
1783466400,2026-07-07T16:20:00-07:00,95,
1783466460,2026-07-07T16:21:00-07:00,70,
1783466520,2026-07-07T16:22:00-07:00,135,
1783466580,2026-07-07T16:23:00-07:00,85,
1783466640,2026-07-07T16:24:00-07:00,83,
1783466700,2026-07-07T16:25:00-07:00,162,
1783466760,2026-07-07T16:26:00-07:00,128,
1783466820,2026-07-07T16:27:00-07:00,99,
1783466880,2026-07-07T16:28:00-07:00,64,
1783466940,2026-07-07T16:29:00-07:00,124,
1783467000,2026-07-07T16:30:00-07:00,172,
1783467060,2026-07-07T16:31:00-07:00,128,
1783467120,2026-07-07T16:32:00-07:00,73,
1783467180,2026-07-07T16:33:00-07:00,208,
1783467240,2026-07-07T16:34:00-07:00,112,
1783467300,2026-07-07T16:35:00-07:00,53,
1783467360,2026-07-07T16:36:00-07:00,110,
1783467420,2026-07-07T16:37:00-07:00,188,
1783467480,2026-07-07T16:38:00-07:00,281,
1783467540,2026-07-07T16:39:00-07:00,172,
1783467600,2026-07-07T16:40:00-07:00,90,
1783467660,2026-07-07T16:41:00-07:00,47,
1783467720,2026-07-07T16:42:00-07:00,107,
1783467780,2026-07-07T16:43:00-07:00,84,
1783467840,2026-07-07T16:44:00-07:00,81,
1783467900,2026-07-07T16:45:00-07:00,192,
1783467960,2026-07-07T16:46:00-07:00,238,
1783468020,2026-07-07T16:47:00-07:00,131,
1783468080,2026-07-07T16:48:00-07:00,82,
1783468140,2026-07-07T16:49:00-07:00,87,
1783468200,2026-07-07T16:50:00-07:00,104,
1783468260,2026-07-07T16:51:00-07:00,169,
1783468320,2026-07-07T16:52:00-07:00,73,
1783468380,2026-07-07T16:53:00-07:00,48,
1783468440,2026-07-07T16:54:00-07:00,148,
1783468500,2026-07-07T16:55:00-07:00,128,
1783468560,2026-07-07T16:56:00-07:00,77,
1783468620,2026-07-07T16:57:00-07:00,165,
1783468680,2026-07-07T16:58:00-07:00,68,
1783468740,2026-07-07T16:59:00-07:00,118,
1783468800,2026-07-07T17:00:00-07:00,121,
1783468860,2026-07-07T17:01:00-07:00,115,
1783468920,2026-07-07T17:02:00-07:00,85,
1783468980,2026-07-07T17:03:00-07:00,60,
1783469040,2026-07-07T17:04:00-07:00,139,
1783469100,2026-07-07T17:05:00-07:00,104,
1783469160,2026-07-07T17:06:00-07:00,73,
1783469220,2026-07-07T17:07:00-07:00,92,
1783469280,2026-07-07T17:08:00-07:00,79,
1783469340,2026-07-07T17:09:00-07:00,183,
1783469400,2026-07-07T17:10:00-07:00,128,
1783469460,2026-07-07T17:11:00-07:00,129,
1783469520,2026-07-07T17:12:00-07:00,89,
1783469580,2026-07-07T17:13:00-07:00,129,
1783469640,2026-07-07T17:14:00-07:00,84,
1783469700,2026-07-07T17:15:00-07:00,119,
1783469760,2026-07-07T17:16:00-07:00,48,
1783469820,2026-07-07T17:17:00-07:00,168,
1783469880,2026-07-07T17:18:00-07:00,152,
1783469940,2026-07-07T17:19:00-07:00,112,
1783470000,2026-07-07T17:20:00-07:00,144,
1783470060,2026-07-07T17:21:00-07:00,67,
1783470120,2026-07-07T17:22:00-07:00,129,
1783470180,2026-07-07T17:23:00-07:00,192,
1783470240,2026-07-07T17:24:00-07:00,134,
1783470300,2026-07-07T17:25:00-07:00,63,
1783470360,2026-07-07T17:26:00-07:00,110,
1783470420,2026-07-07T17:27:00-07:00,26,
1783470480,2026-07-07T17:28:00-07:00,124,
1783470540,2026-07-07T17:29:00-07:00,225,
1783470600,2026-07-07T17:30:00-07:00,93,
1783470660,2026-07-07T17:31:00-07:00,72,
1783470720,2026-07-07T17:32:00-07:00,155,
1783470780,2026-07-07T17:33:00-07:00,76,
1783470840,2026-07-07T17:34:00-07:00,121,
1783470900,2026-07-07T17:35:00-07:00,140,
1783470960,2026-07-07T17:36:00-07:00,59,
1783471020,2026-07-07T17:37:00-07:00,209,
1783471080,2026-07-07T17:38:00-07:00,114,
1783471140,2026-07-07T17:39:00-07:00,109,
1783471200,2026-07-07T17:40:00-07:00,81,
1783471260,2026-07-07T17:41:00-07:00,107,
1783471320,2026-07-07T17:42:00-07:00,92,
1783471380,2026-07-07T17:43:00-07:00,141,
1783471440,2026-07-07T17:44:00-07:00,108,
1783471500,2026-07-07T17:45:00-07:00,107,
1783471560,2026-07-07T17:46:00-07:00,133,
1783471620,2026-07-07T17:47:00-07:00,69,
1783471680,2026-07-07T17:48:00-07:00,143,
1783471740,2026-07-07T17:49:00-07:00,84,
1783471800,2026-07-07T17:50:00-07:00,85,
1783471860,2026-07-07T17:51:00-07:00,91,
1783471920,2026-07-07T17:52:00-07:00,131,
1783471980,2026-07-07T17:53:00-07:00,110,
1783472040,2026-07-07T17:54:00-07:00,190,
1783472100,2026-07-07T17:55:00-07:00,141,
1783472160,2026-07-07T17:56:00-07:00,120,
1783472220,2026-07-07T17:57:00-07:00,65,
1783472280,2026-07-07T17:58:00-07:00,167,
1783472340,2026-07-07T17:59:00-07:00,167,
1783472400,2026-07-07T18:00:00-07:00,118,
1783472460,2026-07-07T18:01:00-07:00,159,
1783472520,2026-07-07T18:02:00-07:00,113,
1783472580,2026-07-07T18:03:00-07:00,243,
1783472640,2026-07-07T18:04:00-07:00,83,
1783472700,2026-07-07T18:05:00-07:00,88,
1783472760,2026-07-07T18:06:00-07:00,84,
1783472820,2026-07-07T18:07:00-07:00,82,
1783472880,2026-07-07T18:08:00-07:00,174,
1783472940,2026-07-07T18:09:00-07:00,95,
1783473000,2026-07-07T18:10:00-07:00,80,
1783473060,2026-07-07T18:11:00-07:00,125,
1783473120,2026-07-07T18:12:00-07:00,99,
1783473180,2026-07-07T18:13:00-07:00,125,
1783473240,2026-07-07T18:14:00-07:00,130,
1783473300,2026-07-07T18:15:00-07:00,175,
1783473360,2026-07-07T18:16:00-07:00,83,
1783473420,2026-07-07T18:17:00-07:00,182,
1783473480,2026-07-07T18:18:00-07:00,118,
1783473540,2026-07-07T18:19:00-07:00,153,
1783473600,2026-07-07T18:20:00-07:00,38,
1783473660,2026-07-07T18:21:00-07:00,171,
1783473720,2026-07-07T18:22:00-07:00,160,
1783473780,2026-07-07T18:23:00-07:00,180,
1783473840,2026-07-07T18:24:00-07:00,64,
1783473900,2026-07-07T18:25:00-07:00,59,
1783473960,2026-07-07T18:26:00-07:00,129,
1783474020,2026-07-07T18:27:00-07:00,81,
1783474080,2026-07-07T18:28:00-07:00,198,
1783474140,2026-07-07T18:29:00-07:00,139,
1783474200,2026-07-07T18:30:00-07:00,56,
1783474260,2026-07-07T18:31:00-07:00,91,
1783474320,2026-07-07T18:32:00-07:00,170,
1783474380,2026-07-07T18:33:00-07:00,158,
1783474440,2026-07-07T18:34:00-07:00,146,
1783474500,2026-07-07T18:35:00-07:00,145,
1783474560,2026-07-07T18:36:00-07:00,119,
1783474620,2026-07-07T18:37:00-07:00,116,
1783474680,2026-07-07T18:38:00-07:00,91,
1783474740,2026-07-07T18:39:00-07:00,158,
1783474800,2026-07-07T18:40:00-07:00,122,
1783474860,2026-07-07T18:41:00-07:00,109,
1783474920,2026-07-07T18:42:00-07:00,100,
1783474980,2026-07-07T18:43:00-07:00,149,
1783475040,2026-07-07T18:44:00-07:00,82,
1783475100,2026-07-07T18:45:00-07:00,181,
1783475160,2026-07-07T18:46:00-07:00,57,
1783475220,2026-07-07T18:47:00-07:00,125,
1783475280,2026-07-07T18:48:00-07:00,75,
1783475340,2026-07-07T18:49:00-07:00,56,
1783475400,2026-07-07T18:50:00-07:00,142,
1783475460,2026-07-07T18:51:00-07:00,56,
1783475520,2026-07-07T18:52:00-07:00,55,
1783475580,2026-07-07T18:53:00-07:00,157,
1783475640,2026-07-07T18:54:00-07:00,226,
1783475700,2026-07-07T18:55:00-07:00,93,
1783475760,2026-07-07T18:56:00-07:00,120,
1783475820,2026-07-07T18:57:00-07:00,192,
1783475880,2026-07-07T18:58:00-07:00,177,
1783475940,2026-07-07T18:59:00-07:00,173,
1783476000,2026-07-07T19:00:00-07:00,101,
1783476060,2026-07-07T19:01:00-07:00,124,
1783476120,2026-07-07T19:02:00-07:00,157,
1783476180,2026-07-07T19:03:00-07:00,141,
1783476240,2026-07-07T19:04:00-07:00,112,
1783476300,2026-07-07T19:05:00-07:00,64,
1783476360,2026-07-07T19:06:00-07:00,135,
1783476420,2026-07-07T19:07:00-07:00,180,
1783476480,2026-07-07T19:08:00-07:00,139,
1783476540,2026-07-07T19:09:00-07:00,220,
1783476600,2026-07-07T19:10:00-07:00,87,
1783476660,2026-07-07T19:11:00-07:00,139,
1783476720,2026-07-07T19:12:00-07:00,182,
1783476780,2026-07-07T19:13:00-07:00,188,
1783476840,2026-07-07T19:14:00-07:00,115,
1783476900,2026-07-07T19:15:00-07:00,132,
1783476960,2026-07-07T19:16:00-07:00,120,
1783477020,2026-07-07T19:17:00-07:00,62,
1783477080,2026-07-07T19:18:00-07:00,96,
1783477140,2026-07-07T19:19:00-07:00,171,
1783477200,2026-07-07T19:20:00-07:00,67,
1783477260,2026-07-07T19:21:00-07:00,154,
1783477320,2026-07-07T19:22:00-07:00,118,
1783477380,2026-07-07T19:23:00-07:00,195,
1783477440,2026-07-07T19:24:00-07:00,182,
1783477500,2026-07-07T19:25:00-07:00,43,
1783477560,2026-07-07T19:26:00-07:00,52,
1783477620,2026-07-07T19:27:00-07:00,95,
1783477680,2026-07-07T19:28:00-07:00,83,
1783477740,2026-07-07T19:29:00-07:00,133,
1783477800,2026-07-07T19:30:00-07:00,98,
1783477860,2026-07-07T19:31:00-07:00,121,
1783477920,2026-07-07T19:32:00-07:00,93,
1783477980,2026-07-07T19:33:00-07:00,151,
1783478040,2026-07-07T19:34:00-07:00,119,
1783478100,2026-07-07T19:35:00-07:00,162,
1783478160,2026-07-07T19:36:00-07:00,128,
1783478220,2026-07-07T19:37:00-07:00,120,
1783478280,2026-07-07T19:38:00-07:00,55,
1783478340,2026-07-07T19:39:00-07:00,141,
1783478400,2026-07-07T19:40:00-07:00,258,
1783478460,2026-07-07T19:41:00-07:00,95,
1783478520,2026-07-07T19:42:00-07:00,137,
1783478580,2026-07-07T19:43:00-07:00,150,
1783478640,2026-07-07T19:44:00-07:00,63,
1783478700,2026-07-07T19:45:00-07:00,116,
1783478760,2026-07-07T19:46:00-07:00,210,
1783478820,2026-07-07T19:47:00-07:00,107,
1783478880,2026-07-07T19:48:00-07:00,138,
1783478940,2026-07-07T19:49:00-07:00,76,
1783479000,2026-07-07T19:50:00-07:00,110,
1783479060,2026-07-07T19:51:00-07:00,237,
1783479120,2026-07-07T19:52:00-07:00,177,
1783479180,2026-07-07T19:53:00-07:00,44,
1783479240,2026-07-07T19:54:00-07:00,129,
1783479300,2026-07-07T19:55:00-07:00,47,
1783479360,2026-07-07T19:56:00-07:00,170,
1783479420,2026-07-07T19:57:00-07:00,151,
1783479480,2026-07-07T19:58:00-07:00,57,
1783479540,2026-07-07T19:59:00-07:00,102,
1783479600,2026-07-07T20:00:00-07:00,143,
1783479660,2026-07-07T20:01:00-07:00,92,
1783479720,2026-07-07T20:02:00-07:00,169,
1783479780,2026-07-07T20:03:00-07:00,85,
1783479840,2026-07-07T20:04:00-07:00,154,
1783479900,2026-07-07T20:05:00-07:00,91,
1783479960,2026-07-07T20:06:00-07:00,168,
1783480020,2026-07-07T20:07:00-07:00,89,
1783480080,2026-07-07T20:08:00-07:00,60,
1783480140,2026-07-07T20:09:00-07:00,193,
1783480200,2026-07-07T20:10:00-07:00,56,
1783480260,2026-07-07T20:11:00-07:00,142,
1783480320,2026-07-07T20:12:00-07:00,132,
1783480380,2026-07-07T20:13:00-07:00,52,
1783480440,2026-07-07T20:14:00-07:00,207,
1783480500,2026-07-07T20:15:00-07:00,199,
1783480560,2026-07-07T20:16:00-07:00,90,
1783480620,2026-07-07T20:17:00-07:00,115,
1783480680,2026-07-07T20:18:00-07:00,75,
1783480740,2026-07-07T20:19:00-07:00,99,
1783480800,2026-07-07T20:20:00-07:00,62,
1783480860,2026-07-07T20:21:00-07:00,97,
1783480920,2026-07-07T20:22:00-07:00,51,
1783480980,2026-07-07T20:23:00-07:00,98,
1783481040,2026-07-07T20:24:00-07:00,121,
1783481100,2026-07-07T20:25:00-07:00,96,
1783481160,2026-07-07T20:26:00-07:00,145,
1783481220,2026-07-07T20:27:00-07:00,71,
1783481280,2026-07-07T20:28:00-07:00,102,
1783481340,2026-07-07T20:29:00-07:00,169,
1783481400,2026-07-07T20:30:00-07:00,129,
1783481460,2026-07-07T20:31:00-07:00,174,
1783481520,2026-07-07T20:32:00-07:00,105,
1783481580,2026-07-07T20:33:00-07:00,125,
1783481640,2026-07-07T20:34:00-07:00,176,
1783481700,2026-07-07T20:35:00-07:00,205,
1783481760,2026-07-07T20:36:00-07:00,92,
1783481820,2026-07-07T20:37:00-07:00,180,
1783481880,2026-07-07T20:38:00-07:00,139,
1783481940,2026-07-07T20:39:00-07:00,218,
1783482000,2026-07-07T20:40:00-07:00,176,
1783482060,2026-07-07T20:41:00-07:00,83,
1783482120,2026-07-07T20:42:00-07:00,171,
1783482180,2026-07-07T20:43:00-07:00,76,
1783482240,2026-07-07T20:44:00-07:00,62,
1783482300,2026-07-07T20:45:00-07:00,111,
1783482360,2026-07-07T20:46:00-07:00,195,
1783482420,2026-07-07T20:47:00-07:00,32,
1783482480,2026-07-07T20:48:00-07:00,121,
1783482540,2026-07-07T20:49:00-07:00,151,
1783482600,2026-07-07T20:50:00-07:00,163,
1783482660,2026-07-07T20:51:00-07:00,100,
1783482720,2026-07-07T20:52:00-07:00,44,
1783482780,2026-07-07T20:53:00-07:00,106,
1783482840,2026-07-07T20:54:00-07:00,77,
1783482900,2026-07-07T20:55:00-07:00,171,
1783482960,2026-07-07T20:56:00-07:00,190,
1783483020,2026-07-07T20:57:00-07:00,195,
1783483080,2026-07-07T20:58:00-07:00,74,
1783483140,2026-07-07T20:59:00-07:00,140,
1783483200,2026-07-07T21:00:00-07:00,95,
1783483260,2026-07-07T21:01:00-07:00,136,
1783483320,2026-07-07T21:02:00-07:00,84,
1783483380,2026-07-07T21:03:00-07:00,115,
1783483440,2026-07-07T21:04:00-07:00,87,
1783483500,2026-07-07T21:05:00-07:00,164,
1783483560,2026-07-07T21:06:00-07:00,130,
1783483620,2026-07-07T21:07:00-07:00,134,
1783483680,2026-07-07T21:08:00-07:00,58,
1783483740,2026-07-07T21:09:00-07:00,148,
1783483800,2026-07-07T21:10:00-07:00,106,
1783483860,2026-07-07T21:11:00-07:00,178,
1783483920,2026-07-07T21:12:00-07:00,59,
1783483980,2026-07-07T21:13:00-07:00,150,
1783484040,2026-07-07T21:14:00-07:00,63,
1783484100,2026-07-07T21:15:00-07:00,192,
1783484160,2026-07-07T21:16:00-07:00,4,
1783484220,2026-07-07T21:17:00-07:00,123,
1783484280,2026-07-07T21:18:00-07:00,77,
1783484340,2026-07-07T21:19:00-07:00,127,
1783484400,2026-07-07T21:20:00-07:00,105,
1783484460,2026-07-07T21:21:00-07:00,99,
1783484520,2026-07-07T21:22:00-07:00,104,
1783484580,2026-07-07T21:23:00-07:00,44,
1783484640,2026-07-07T21:24:00-07:00,122,
1783484700,2026-07-07T21:25:00-07:00,90,
1783484760,2026-07-07T21:26:00-07:00,58,
1783484820,2026-07-07T21:27:00-07:00,83,
1783484880,2026-07-07T21:28:00-07:00,127,
1783484940,2026-07-07T21:29:00-07:00,95,
1783485000,2026-07-07T21:30:00-07:00,96,
1783485060,2026-07-07T21:31:00-07:00,132,
1783485120,2026-07-07T21:32:00-07:00,205,
1783485180,2026-07-07T21:33:00-07:00,76,
1783485240,2026-07-07T21:34:00-07:00,79,
1783485300,2026-07-07T21:35:00-07:00,135,
1783485360,2026-07-07T21:36:00-07:00,78,
1783485420,2026-07-07T21:37:00-07:00,164,
1783485480,2026-07-07T21:38:00-07:00,68,
1783485540,2026-07-07T21:39:00-07:00,125,
1783485600,2026-07-07T21:40:00-07:00,74,
1783485660,2026-07-07T21:41:00-07:00,96,
1783485720,2026-07-07T21:42:00-07:00,121,
1783485780,2026-07-07T21:43:00-07:00,128,
1783485840,2026-07-07T21:44:00-07:00,74,
1783485900,2026-07-07T21:45:00-07:00,129,
1783485960,2026-07-07T21:46:00-07:00,140,
1783486020,2026-07-07T21:47:00-07:00,24,
1783486080,2026-07-07T21:48:00-07:00,141,
1783486140,2026-07-07T21:49:00-07:00,93,
1783486200,2026-07-07T21:50:00-07:00,128,
1783486260,2026-07-07T21:51:00-07:00,143,
1783486320,2026-07-07T21:52:00-07:00,86,
1783486380,2026-07-07T21:53:00-07:00,228,
1783486440,2026-07-07T21:54:00-07:00,48,
1783486500,2026-07-07T21:55:00-07:00,113,
1783486560,2026-07-07T21:56:00-07:00,71,
1783486620,2026-07-07T21:57:00-07:00,158,
1783486680,2026-07-07T21:58:00-07:00,41,
1783486740,2026-07-07T21:59:00-07:00,151,
1783486800,2026-07-07T22:00:00-07:00,133,
1783486860,2026-07-07T22:01:00-07:00,92,
1783486920,2026-07-07T22:02:00-07:00,118,
1783486980,2026-07-07T22:03:00-07:00,47,
1783487040,2026-07-07T22:04:00-07:00,150,
1783487100,2026-07-07T22:05:00-07:00,158,
1783487160,2026-07-07T22:06:00-07:00,72,
1783487220,2026-07-07T22:07:00-07:00,700,
1783487280,2026-07-07T22:08:00-07:00,142,
1783487340,2026-07-07T22:09:00-07:00,121,
1783487400,2026-07-07T22:10:00-07:00,94,
1783487460,2026-07-07T22:11:00-07:00,187,
1783487520,2026-07-07T22:12:00-07:00,51,
1783487580,2026-07-07T22:13:00-07:00,101,
1783487640,2026-07-07T22:14:00-07:00,72,
1783487700,2026-07-07T22:15:00-07:00,133,
1783487760,2026-07-07T22:16:00-07:00,128,
1783487820,2026-07-07T22:17:00-07:00,85,
1783487880,2026-07-07T22:18:00-07:00,76,
1783487940,2026-07-07T22:19:00-07:00,108,
1783488000,2026-07-07T22:20:00-07:00,147,
1783488060,2026-07-07T22:21:00-07:00,66,
1783488120,2026-07-07T22:22:00-07:00,47,
1783488180,2026-07-07T22:23:00-07:00,133,
1783488240,2026-07-07T22:24:00-07:00,123,
1783488300,2026-07-07T22:25:00-07:00,104,
1783488360,2026-07-07T22:26:00-07:00,167,
1783488420,2026-07-07T22:27:00-07:00,91,
1783488480,2026-07-07T22:28:00-07:00,32,
1783488540,2026-07-07T22:29:00-07:00,75,
1783488600,2026-07-07T22:30:00-07:00,103,
1783488660,2026-07-07T22:31:00-07:00,79,
1783488720,2026-07-07T22:32:00-07:00,75,
1783488780,2026-07-07T22:33:00-07:00,68,
1783488840,2026-07-07T22:34:00-07:00,89,
1783488900,2026-07-07T22:35:00-07:00,97,
1783488960,2026-07-07T22:36:00-07:00,73,
1783489020,2026-07-07T22:37:00-07:00,109,
1783489080,2026-07-07T22:38:00-07:00,63,
1783489140,2026-07-07T22:39:00-07:00,138,
1783489200,2026-07-07T22:40:00-07:00,112,
1783489260,2026-07-07T22:41:00-07:00,36,
1783489320,2026-07-07T22:42:00-07:00,142,
1783489380,2026-07-07T22:43:00-07:00,108,
1783489440,2026-07-07T22:44:00-07:00,105,
1783489500,2026-07-07T22:45:00-07:00,217,
1783489560,2026-07-07T22:46:00-07:00,38,
1783489620,2026-07-07T22:47:00-07:00,141,
1783489680,2026-07-07T22:48:00-07:00,136,
1783489740,2026-07-07T22:49:00-07:00,125,
1783489800,2026-07-07T22:50:00-07:00,199,
1783489860,2026-07-07T22:51:00-07:00,27,
1783489920,2026-07-07T22:52:00-07:00,106,
1783489980,2026-07-07T22:53:00-07:00,59,
1783490040,2026-07-07T22:54:00-07:00,70,
1783490100,2026-07-07T22:55:00-07:00,80,
1783490160,2026-07-07T22:56:00-07:00,105,
1783490220,2026-07-07T22:57:00-07:00,86,
1783490280,2026-07-07T22:58:00-07:00,40,
1783490340,2026-07-07T22:59:00-07:00,106,
1783490400,2026-07-07T23:00:00-07:00,114,
1783490460,2026-07-07T23:01:00-07:00,91,
1783490520,2026-07-07T23:02:00-07:00,76,
1783490580,2026-07-07T23:03:00-07:00,87,
1783490640,2026-07-07T23:04:00-07:00,44,
1783490700,2026-07-07T23:05:00-07:00,54,
1783490760,2026-07-07T23:06:00-07:00,49,
1783490820,2026-07-07T23:07:00-07:00,32,
1783490880,2026-07-07T23:08:00-07:00,60,
1783490940,2026-07-07T23:09:00-07:00,62,
1783491000,2026-07-07T23:10:00-07:00,145,
1783491060,2026-07-07T23:11:00-07:00,93,
1783491120,2026-07-07T23:12:00-07:00,55,
1783491180,2026-07-07T23:13:00-07:00,48,
1783491240,2026-07-07T23:14:00-07:00,120,
1783491300,2026-07-07T23:15:00-07:00,75,
1783491360,2026-07-07T23:16:00-07:00,60,
1783491420,2026-07-07T23:17:00-07:00,77,
1783491480,2026-07-07T23:18:00-07:00,47,
1783491540,2026-07-07T23:19:00-07:00,30,
1783491600,2026-07-07T23:20:00-07:00,33,
1783491660,2026-07-07T23:21:00-07:00,42,
1783491720,2026-07-07T23:22:00-07:00,69,
1783491780,2026-07-07T23:23:00-07:00,36,
1783491840,2026-07-07T23:24:00-07:00,53,
1783491900,2026-07-07T23:25:00-07:00,41,
1783491960,2026-07-07T23:26:00-07:00,43,
1783492020,2026-07-07T23:27:00-07:00,180,
1783492080,2026-07-07T23:28:00-07:00,30,
1783492140,2026-07-07T23:29:00-07:00,53,
1783492200,2026-07-07T23:30:00-07:00,147,
1783492260,2026-07-07T23:31:00-07:00,63,
1783492320,2026-07-07T23:32:00-07:00,41,
1783492380,2026-07-07T23:33:00-07:00,64,
1783492440,2026-07-07T23:34:00-07:00,51,
1783492500,2026-07-07T23:35:00-07:00,45,
1783492560,2026-07-07T23:36:00-07:00,28,
1783492620,2026-07-07T23:37:00-07:00,97,
1783492680,2026-07-07T23:38:00-07:00,44,
1783492740,2026-07-07T23:39:00-07:00,40,
1783492800,2026-07-07T23:40:00-07:00,85,
1783492860,2026-07-07T23:41:00-07:00,29,
1783492920,2026-07-07T23:42:00-07:00,47,
1783492980,2026-07-07T23:43:00-07:00,46,
1783493040,2026-07-07T23:44:00-07:00,83,
1783493100,2026-07-07T23:45:00-07:00,29,
1783493160,2026-07-07T23:46:00-07:00,40,
1783493220,2026-07-07T23:47:00-07:00,47,
1783493280,2026-07-07T23:48:00-07:00,33,
1783493340,2026-07-07T23:49:00-07:00,53,
1783493400,2026-07-07T23:50:00-07:00,27,
1783493460,2026-07-07T23:51:00-07:00,36,
1783493520,2026-07-07T23:52:00-07:00,34,
1783493580,2026-07-07T23:53:00-07:00,41,
1783493640,2026-07-07T23:54:00-07:00,32,
1783493700,2026-07-07T23:55:00-07:00,59,
1783493760,2026-07-07T23:56:00-07:00,97,
1783493820,2026-07-07T23:57:00-07:00,84,
1783493880,2026-07-07T23:58:00-07:00,134,
1783493940,2026-07-07T23:59:00-07:00,29,
1783494000,2026-07-08T00:00:00-07:00,24,
1783494060,2026-07-08T00:01:00-07:00,36,
1783494120,2026-07-08T00:02:00-07:00,34,
1783494180,2026-07-08T00:03:00-07:00,22,
1783494240,2026-07-08T00:04:00-07:00,51,
1783494300,2026-07-08T00:05:00-07:00,29,
1783494360,2026-07-08T00:06:00-07:00,39,
1783494420,2026-07-08T00:07:00-07:00,33,
1783494480,2026-07-08T00:08:00-07:00,39,
1783494540,2026-07-08T00:09:00-07:00,23,
1783494600,2026-07-08T00:10:00-07:00,35,
1783494660,2026-07-08T00:11:00-07:00,48,
1783494720,2026-07-08T00:12:00-07:00,34,
1783494780,2026-07-08T00:13:00-07:00,78,
1783494840,2026-07-08T00:14:00-07:00,64,
1783494900,2026-07-08T00:15:00-07:00,40,
1783494960,2026-07-08T00:16:00-07:00,36,
1783495020,2026-07-08T00:17:00-07:00,47,
1783495080,2026-07-08T00:18:00-07:00,40,
1783495140,2026-07-08T00:19:00-07:00,22,
1783495200,2026-07-08T00:20:00-07:00,11,
1783495260,2026-07-08T00:21:00-07:00,37,
1783495320,2026-07-08T00:22:00-07:00,42,
1783495380,2026-07-08T00:23:00-07:00,34,
1783495440,2026-07-08T00:24:00-07:00,25,
1783495500,2026-07-08T00:25:00-07:00,21,
1783495560,2026-07-08T00:26:00-07:00,58,
1783495620,2026-07-08T00:27:00-07:00,22,
1783495680,2026-07-08T00:28:00-07:00,49,
1783495740,2026-07-08T00:29:00-07:00,11,
1783495800,2026-07-08T00:30:00-07:00,24,
1783495860,2026-07-08T00:31:00-07:00,14,
1783495920,2026-07-08T00:32:00-07:00,19,
1783495980,2026-07-08T00:33:00-07:00,14,
1783496040,2026-07-08T00:34:00-07:00,32,
1783496100,2026-07-08T00:35:00-07:00,13,
1783496160,2026-07-08T00:36:00-07:00,40,
1783496220,2026-07-08T00:37:00-07:00,17,
1783496280,2026-07-08T00:38:00-07:00,20,
1783496340,2026-07-08T00:39:00-07:00,25,
1783496400,2026-07-08T00:40:00-07:00,19,
1783496460,2026-07-08T00:41:00-07:00,11,
1783496520,2026-07-08T00:42:00-07:00,8,
1783496580,2026-07-08T00:43:00-07:00,29,
1783496640,2026-07-08T00:44:00-07:00,16,
1783496700,2026-07-08T00:45:00-07:00,21,
1783496760,2026-07-08T00:46:00-07:00,22,
1783496820,2026-07-08T00:47:00-07:00,23,
1783496880,2026-07-08T00:48:00-07:00,36,
1783496940,2026-07-08T00:49:00-07:00,11,
1783497000,2026-07-08T00:50:00-07:00,14,
1783497060,2026-07-08T00:51:00-07:00,10,
1783497120,2026-07-08T00:52:00-07:00,13,
1783497180,2026-07-08T00:53:00-07:00,23,
1783497240,2026-07-08T00:54:00-07:00,11,
1783497300,2026-07-08T00:55:00-07:00,11,
1783497360,2026-07-08T00:56:00-07:00,62,
1783497420,2026-07-08T00:57:00-07:00,11,
1783497480,2026-07-08T00:58:00-07:00,12,
1783497540,2026-07-08T00:59:00-07:00,26,
1783497600,2026-07-08T01:00:00-07:00,9,
1783497660,2026-07-08T01:01:00-07:00,25,
1783497720,2026-07-08T01:02:00-07:00,14,
1783497780,2026-07-08T01:03:00-07:00,17,
1783497840,2026-07-08T01:04:00-07:00,18,
1783497900,2026-07-08T01:05:00-07:00,23,
1783497960,2026-07-08T01:06:00-07:00,36,
1783498020,2026-07-08T01:07:00-07:00,22,
1783498080,2026-07-08T01:08:00-07:00,36,
1783498140,2026-07-08T01:09:00-07:00,54,
1783498200,2026-07-08T01:10:00-07:00,29,
1783498260,2026-07-08T01:11:00-07:00,7,
1783498320,2026-07-08T01:12:00-07:00,5,
1783498380,2026-07-08T01:13:00-07:00,47,
1783498440,2026-07-08T01:14:00-07:00,23,
1783498500,2026-07-08T01:15:00-07:00,11,
1783498560,2026-07-08T01:16:00-07:00,8,
1783498620,2026-07-08T01:17:00-07:00,26,
1783498680,2026-07-08T01:18:00-07:00,24,
1783498740,2026-07-08T01:19:00-07:00,23,
1783498800,2026-07-08T01:20:00-07:00,11,
1783498860,2026-07-08T01:21:00-07:00,9,
1783498920,2026-07-08T01:22:00-07:00,12,
1783498980,2026-07-08T01:23:00-07:00,4,
1783499040,2026-07-08T01:24:00-07:00,9,
1783499100,2026-07-08T01:25:00-07:00,15,
1783499160,2026-07-08T01:26:00-07:00,5,
1783499220,2026-07-08T01:27:00-07:00,22,
1783499280,2026-07-08T01:28:00-07:00,4,
1783499340,2026-07-08T01:29:00-07:00,26,
1783499400,2026-07-08T01:30:00-07:00,18,
1783499460,2026-07-08T01:31:00-07:00,18,
1783499520,2026-07-08T01:32:00-07:00,8,
1783499580,2026-07-08T01:33:00-07:00,23,
1783499640,2026-07-08T01:34:00-07:00,19,
1783499700,2026-07-08T01:35:00-07:00,37,
1783499760,2026-07-08T01:36:00-07:00,53,
1783499820,2026-07-08T01:37:00-07:00,3,
1783499880,2026-07-08T01:38:00-07:00,10,
1783499940,2026-07-08T01:39:00-07:00,9,
1783500000,2026-07-08T01:40:00-07:00,19,
1783500060,2026-07-08T01:41:00-07:00,23,
1783500120,2026-07-08T01:42:00-07:00,17,
1783500180,2026-07-08T01:43:00-07:00,9,
1783500240,2026-07-08T01:44:00-07:00,11,
1783500300,2026-07-08T01:45:00-07:00,5,
1783500360,2026-07-08T01:46:00-07:00,4,
1783500420,2026-07-08T01:47:00-07:00,9,
1783500480,2026-07-08T01:48:00-07:00,4,
1783500540,2026-07-08T01:49:00-07:00,11,
1783500600,2026-07-08T01:50:00-07:00,10,
1783500660,2026-07-08T01:51:00-07:00,7,
1783500720,2026-07-08T01:52:00-07:00,7,
1783500780,2026-07-08T01:53:00-07:00,4,
1783500840,2026-07-08T01:54:00-07:00,3,
1783500900,2026-07-08T01:55:00-07:00,29,
1783500960,2026-07-08T01:56:00-07:00,6,
1783501020,2026-07-08T01:57:00-07:00,12,
1783501080,2026-07-08T01:58:00-07:00,14,
1783501140,2026-07-08T01:59:00-07:00,32,
1783501200,2026-07-08T02:00:00-07:00,5,
1783501260,2026-07-08T02:01:00-07:00,10,
1783501320,2026-07-08T02:02:00-07:00,2,
1783501380,2026-07-08T02:03:00-07:00,8,
1783501440,2026-07-08T02:04:00-07:00,2,
1783501500,2026-07-08T02:05:00-07:00,4,
1783501560,2026-07-08T02:06:00-07:00,7,
1783501620,2026-07-08T02:07:00-07:00,7,
1783501680,2026-07-08T02:08:00-07:00,10,
1783501740,2026-07-08T02:09:00-07:00,9,
1783501800,2026-07-08T02:10:00-07:00,4,
1783501860,2026-07-08T02:11:00-07:00,4,
1783501920,2026-07-08T02:12:00-07:00,3,
1783501980,2026-07-08T02:13:00-07:00,5,
1783502040,2026-07-08T02:14:00-07:00,3,
1783502100,2026-07-08T02:15:00-07:00,10,
1783502160,2026-07-08T02:16:00-07:00,6,
1783502220,2026-07-08T02:17:00-07:00,5,
1783502280,2026-07-08T02:18:00-07:00,6,
1783502340,2026-07-08T02:19:00-07:00,9,
1783502400,2026-07-08T02:20:00-07:00,8,
1783502460,2026-07-08T02:21:00-07:00,4,
1783502520,2026-07-08T02:22:00-07:00,6,
1783502580,2026-07-08T02:23:00-07:00,11,
1783502640,2026-07-08T02:24:00-07:00,7,
1783502700,2026-07-08T02:25:00-07:00,8,
1783502760,2026-07-08T02:26:00-07:00,20,
1783502820,2026-07-08T02:27:00-07:00,7,
1783502880,2026-07-08T02:28:00-07:00,3,
1783502940,2026-07-08T02:29:00-07:00,6,
1783503000,2026-07-08T02:30:00-07:00,3,
1783503060,2026-07-08T02:31:00-07:00,8,
1783503120,2026-07-08T02:32:00-07:00,9,
1783503180,2026-07-08T02:33:00-07:00,10,
1783503240,2026-07-08T02:34:00-07:00,11,
1783503300,2026-07-08T02:35:00-07:00,15,
1783503360,2026-07-08T02:36:00-07:00,7,
1783503420,2026-07-08T02:37:00-07:00,11,
1783503480,2026-07-08T02:38:00-07:00,9,
1783503540,2026-07-08T02:39:00-07:00,7,
1783503600,2026-07-08T02:40:00-07:00,6,
1783503660,2026-07-08T02:41:00-07:00,9,
1783503720,2026-07-08T02:42:00-07:00,16,
1783503780,2026-07-08T02:43:00-07:00,20,
1783503840,2026-07-08T02:44:00-07:00,10,
1783503900,2026-07-08T02:45:00-07:00,12,
1783503960,2026-07-08T02:46:00-07:00,11,
1783504020,2026-07-08T02:47:00-07:00,7,
1783504080,2026-07-08T02:48:00-07:00,11,
1783504140,2026-07-08T02:49:00-07:00,7,
1783504200,2026-07-08T02:50:00-07:00,9,
1783504260,2026-07-08T02:51:00-07:00,8,
1783504320,2026-07-08T02:52:00-07:00,8,
1783504380,2026-07-08T02:53:00-07:00,7,
1783504440,2026-07-08T02:54:00-07:00,6,
1783504500,2026-07-08T02:55:00-07:00,23,
1783504560,2026-07-08T02:56:00-07:00,6,
1783504620,2026-07-08T02:57:00-07:00,35,
1783504680,2026-07-08T02:58:00-07:00,3,
1783504740,2026-07-08T02:59:00-07:00,9,
1783504800,2026-07-08T03:00:00-07:00,8,
1783504860,2026-07-08T03:01:00-07:00,14,
1783504920,2026-07-08T03:02:00-07:00,10,
1783504980,2026-07-08T03:03:00-07:00,12,
1783505040,2026-07-08T03:04:00-07:00,9,
1783505100,2026-07-08T03:05:00-07:00,24,
1783505160,2026-07-08T03:06:00-07:00,10,
1783505220,2026-07-08T03:07:00-07:00,5,
1783505280,2026-07-08T03:08:00-07:00,5,
1783505340,2026-07-08T03:09:00-07:00,10,
1783505400,2026-07-08T03:10:00-07:00,6,
1783505460,2026-07-08T03:11:00-07:00,13,
1783505520,2026-07-08T03:12:00-07:00,12,
1783505580,2026-07-08T03:13:00-07:00,14,
1783505640,2026-07-08T03:14:00-07:00,6,
1783505700,2026-07-08T03:15:00-07:00,44,
1783505760,2026-07-08T03:16:00-07:00,13,
1783505820,2026-07-08T03:17:00-07:00,29,
1783505880,2026-07-08T03:18:00-07:00,8,
1783505940,2026-07-08T03:19:00-07:00,7,
1783506000,2026-07-08T03:20:00-07:00,15,
1783506060,2026-07-08T03:21:00-07:00,13,
1783506120,2026-07-08T03:22:00-07:00,8,
1783506180,2026-07-08T03:23:00-07:00,7,
1783506240,2026-07-08T03:24:00-07:00,8,
1783506300,2026-07-08T03:25:00-07:00,11,
1783506360,2026-07-08T03:26:00-07:00,12,
1783506420,2026-07-08T03:27:00-07:00,20,
1783506480,2026-07-08T03:28:00-07:00,12,
1783506540,2026-07-08T03:29:00-07:00,7,
1783506600,2026-07-08T03:30:00-07:00,6,
1783506660,2026-07-08T03:31:00-07:00,8,
1783506720,2026-07-08T03:32:00-07:00,6,
1783506780,2026-07-08T03:33:00-07:00,6,
1783506840,2026-07-08T03:34:00-07:00,6,
1783506900,2026-07-08T03:35:00-07:00,6,
1783506960,2026-07-08T03:36:00-07:00,8,
1783507020,2026-07-08T03:37:00-07:00,6,
1783507080,2026-07-08T03:38:00-07:00,7,
1783507140,2026-07-08T03:39:00-07:00,8,
1783507200,2026-07-08T03:40:00-07:00,5,
1783507260,2026-07-08T03:41:00-07:00,8,
1783507320,2026-07-08T03:42:00-07:00,30,
1783507380,2026-07-08T03:43:00-07:00,8,
1783507440,2026-07-08T03:44:00-07:00,5,
1783507500,2026-07-08T03:45:00-07:00,13,
1783507560,2026-07-08T03:46:00-07:00,13,
1783507620,2026-07-08T03:47:00-07:00,8,
1783507680,2026-07-08T03:48:00-07:00,6,
1783507740,2026-07-08T03:49:00-07:00,5,
1783507800,2026-07-08T03:50:00-07:00,7,
1783507860,2026-07-08T03:51:00-07:00,10,
1783507920,2026-07-08T03:52:00-07:00,6,
1783507980,2026-07-08T03:53:00-07:00,11,
1783508040,2026-07-08T03:54:00-07:00,6,
1783508100,2026-07-08T03:55:00-07:00,15,
1783508160,2026-07-08T03:56:00-07:00,16,
1783508220,2026-07-08T03:57:00-07:00,8,
1783508280,2026-07-08T03:58:00-07:00,9,
1783508340,2026-07-08T03:59:00-07:00,11,
1783508400,2026-07-08T04:00:00-07:00,4,
1783508460,2026-07-08T04:01:00-07:00,9,
1783508520,2026-07-08T04:02:00-07:00,6,
1783508580,2026-07-08T04:03:00-07:00,5,
1783508640,2026-07-08T04:04:00-07:00,6,
1783508700,2026-07-08T04:05:00-07:00,4,
1783508760,2026-07-08T04:06:00-07:00,3,
1783508820,2026-07-08T04:07:00-07:00,2,
1783508880,2026-07-08T04:08:00-07:00,5,
1783508940,2026-07-08T04:09:00-07:00,2,
1783509000,2026-07-08T04:10:00-07:00,14,
1783509060,2026-07-08T04:11:00-07:00,4,
1783509120,2026-07-08T04:12:00-07:00,7,
1783509180,2026-07-08T04:13:00-07:00,5,
1783509240,2026-07-08T04:14:00-07:00,4,
1783509300,2026-07-08T04:15:00-07:00,3,
1783509360,2026-07-08T04:16:00-07:00,5,
1783509420,2026-07-08T04:17:00-07:00,27,
1783509480,2026-07-08T04:18:00-07:00,4,
1783509540,2026-07-08T04:19:00-07:00,3,
1783509600,2026-07-08T04:20:00-07:00,6,
1783509660,2026-07-08T04:21:00-07:00,7,
1783509720,2026-07-08T04:22:00-07:00,7,
1783509780,2026-07-08T04:23:00-07:00,6,
1783509840,2026-07-08T04:24:00-07:00,4,
1783509900,2026-07-08T04:25:00-07:00,11,
1783509960,2026-07-08T04:26:00-07:00,4,
1783510020,2026-07-08T04:27:00-07:00,5,
1783510080,2026-07-08T04:28:00-07:00,13,
1783510140,2026-07-08T04:29:00-07:00,12,
1783510200,2026-07-08T04:30:00-07:00,6,
1783510260,2026-07-08T04:31:00-07:00,7,
1783510320,2026-07-08T04:32:00-07:00,8,
1783510380,2026-07-08T04:33:00-07:00,15,
1783510440,2026-07-08T04:34:00-07:00,8,
1783510500,2026-07-08T04:35:00-07:00,10,
1783510560,2026-07-08T04:36:00-07:00,2,
1783510620,2026-07-08T04:37:00-07:00,5,
1783510680,2026-07-08T04:38:00-07:00,6,
1783510740,2026-07-08T04:39:00-07:00,5,
1783510800,2026-07-08T04:40:00-07:00,6,
1783510860,2026-07-08T04:41:00-07:00,4,
1783510920,2026-07-08T04:42:00-07:00,6,
1783510980,2026-07-08T04:43:00-07:00,16,
1783511040,2026-07-08T04:44:00-07:00,33,
1783511100,2026-07-08T04:45:00-07:00,12,
1783511160,2026-07-08T04:46:00-07:00,9,
1783511220,2026-07-08T04:47:00-07:00,10,
1783511280,2026-07-08T04:48:00-07:00,7,
1783511340,2026-07-08T04:49:00-07:00,18,
1783511400,2026-07-08T04:50:00-07:00,8,
1783511460,2026-07-08T04:51:00-07:00,8,
1783511520,2026-07-08T04:52:00-07:00,5,
1783511580,2026-07-08T04:53:00-07:00,5,
1783511640,2026-07-08T04:54:00-07:00,5,
1783511700,2026-07-08T04:55:00-07:00,7,
1783511760,2026-07-08T04:56:00-07:00,9,
1783511820,2026-07-08T04:57:00-07:00,8,
1783511880,2026-07-08T04:58:00-07:00,8,
1783511940,2026-07-08T04:59:00-07:00,17,
1783512000,2026-07-08T05:00:00-07:00,6,
1783512060,2026-07-08T05:01:00-07:00,13,
1783512120,2026-07-08T05:02:00-07:00,31,
1783512180,2026-07-08T05:03:00-07:00,6,
1783512240,2026-07-08T05:04:00-07:00,3,
1783512300,2026-07-08T05:05:00-07:00,11,
1783512360,2026-07-08T05:06:00-07:00,9,
1783512420,2026-07-08T05:07:00-07:00,6,
1783512480,2026-07-08T05:08:00-07:00,15,
1783512540,2026-07-08T05:09:00-07:00,5,
1783512600,2026-07-08T05:10:00-07:00,8,
1783512660,2026-07-08T05:11:00-07:00,11,
1783512720,2026-07-08T05:12:00-07:00,4,
1783512780,2026-07-08T05:13:00-07:00,3,
1783512840,2026-07-08T05:14:00-07:00,11,
1783512900,2026-07-08T05:15:00-07:00,27,
1783512960,2026-07-08T05:16:00-07:00,7,
1783513020,2026-07-08T05:17:00-07:00,6,
1783513080,2026-07-08T05:18:00-07:00,6,
1783513140,2026-07-08T05:19:00-07:00,7,
1783513200,2026-07-08T05:20:00-07:00,11,
1783513260,2026-07-08T05:21:00-07:00,5,
1783513320,2026-07-08T05:22:00-07:00,19,
1783513380,2026-07-08T05:23:00-07:00,21,
1783513440,2026-07-08T05:24:00-07:00,27,
1783513500,2026-07-08T05:25:00-07:00,8,
1783513560,2026-07-08T05:26:00-07:00,6,
1783513620,2026-07-08T05:27:00-07:00,5,
1783513680,2026-07-08T05:28:00-07:00,6,
1783513740,2026-07-08T05:29:00-07:00,5,
1783513800,2026-07-08T05:30:00-07:00,10,
1783513860,2026-07-08T05:31:00-07:00,16,
1783513920,2026-07-08T05:32:00-07:00,13,
1783513980,2026-07-08T05:33:00-07:00,5,
1783514040,2026-07-08T05:34:00-07:00,7,
1783514100,2026-07-08T05:35:00-07:00,5,
1783514160,2026-07-08T05:36:00-07:00,19,
1783514220,2026-07-08T05:37:00-07:00,9,
1783514280,2026-07-08T05:38:00-07:00,7,
1783514340,2026-07-08T05:39:00-07:00,14,
1783514400,2026-07-08T05:40:00-07:00,5,
1783514460,2026-07-08T05:41:00-07:00,8,
1783514520,2026-07-08T05:42:00-07:00,7,
1783514580,2026-07-08T05:43:00-07:00,6,
1783514640,2026-07-08T05:44:00-07:00,5,
1783514700,2026-07-08T05:45:00-07:00,6,
1783514760,2026-07-08T05:46:00-07:00,8,
1783514820,2026-07-08T05:47:00-07:00,2,
1783514880,2026-07-08T05:48:00-07:00,4,
1783514940,2026-07-08T05:49:00-07:00,4,
1783515000,2026-07-08T05:50:00-07:00,6,
1783515060,2026-07-08T05:51:00-07:00,7,
1783515120,2026-07-08T05:52:00-07:00,16,
1783515180,2026-07-08T05:53:00-07:00,7,
1783515240,2026-07-08T05:54:00-07:00,4,
1783515300,2026-07-08T05:55:00-07:00,15,
1783515360,2026-07-08T05:56:00-07:00,11,
1783515420,2026-07-08T05:57:00-07:00,12,
1783515480,2026-07-08T05:58:00-07:00,7,
1783515540,2026-07-08T05:59:00-07:00,19,
1783515600,2026-07-08T06:00:00-07:00,11,
1783515660,2026-07-08T06:01:00-07:00,5,
1783515720,2026-07-08T06:02:00-07:00,4,
1783515780,2026-07-08T06:03:00-07:00,4,
1783515840,2026-07-08T06:04:00-07:00,3,
1783515900,2026-07-08T06:05:00-07:00,19,
1783515960,2026-07-08T06:06:00-07:00,5,
1783516020,2026-07-08T06:07:00-07:00,3,
1783516080,2026-07-08T06:08:00-07:00,4,
1783516140,2026-07-08T06:09:00-07:00,90,
1783516200,2026-07-08T06:10:00-07:00,6,
1783516260,2026-07-08T06:11:00-07:00,21,
1783516320,2026-07-08T06:12:00-07:00,10,
1783516380,2026-07-08T06:13:00-07:00,10,
1783516440,2026-07-08T06:14:00-07:00,4,
1783516500,2026-07-08T06:15:00-07:00,5,
1783516560,2026-07-08T06:16:00-07:00,9,
1783516620,2026-07-08T06:17:00-07:00,8,
1783516680,2026-07-08T06:18:00-07:00,33,
1783516740,2026-07-08T06:19:00-07:00,22,
1783516800,2026-07-08T06:20:00-07:00,9,
1783516860,2026-07-08T06:21:00-07:00,6,
1783516920,2026-07-08T06:22:00-07:00,6,
1783516980,2026-07-08T06:23:00-07:00,11,
1783517040,2026-07-08T06:24:00-07:00,4,
1783517100,2026-07-08T06:25:00-07:00,11,
1783517160,2026-07-08T06:26:00-07:00,23,
1783517220,2026-07-08T06:27:00-07:00,7,
1783517280,2026-07-08T06:28:00-07:00,4,
1783517340,2026-07-08T06:29:00-07:00,20,
1783517400,2026-07-08T06:30:00-07:00,4,
1783517460,2026-07-08T06:31:00-07:00,8,
1783517520,2026-07-08T06:32:00-07:00,33,
1783517580,2026-07-08T06:33:00-07:00,16,
1783517640,2026-07-08T06:34:00-07:00,9,
1783517700,2026-07-08T06:35:00-07:00,16,
1783517760,2026-07-08T06:36:00-07:00,34,
1783517820,2026-07-08T06:37:00-07:00,19,
1783517880,2026-07-08T06:38:00-07:00,9,
1783517940,2026-07-08T06:39:00-07:00,5,
1783518000,2026-07-08T06:40:00-07:00,45,
1783518060,2026-07-08T06:41:00-07:00,22,
1783518120,2026-07-08T06:42:00-07:00,6,
1783518180,2026-07-08T06:43:00-07:00,7,
1783518240,2026-07-08T06:44:00-07:00,10,
1783518300,2026-07-08T06:45:00-07:00,40,
1783518360,2026-07-08T06:46:00-07:00,30,
1783518420,2026-07-08T06:47:00-07:00,30,
1783518480,2026-07-08T06:48:00-07:00,64,
1783518540,2026-07-08T06:49:00-07:00,41,
1783518600,2026-07-08T06:50:00-07:00,33,
1783518660,2026-07-08T06:51:00-07:00,33,
1783518720,2026-07-08T06:52:00-07:00,24,
1783518780,2026-07-08T06:53:00-07:00,25,
1783518840,2026-07-08T06:54:00-07:00,7,
1783518900,2026-07-08T06:55:00-07:00,15,
1783518960,2026-07-08T06:56:00-07:00,26,
1783519020,2026-07-08T06:57:00-07:00,8,
1783519080,2026-07-08T06:58:00-07:00,28,
1783519140,2026-07-08T06:59:00-07:00,24,
1783519200,2026-07-08T07:00:00-07:00,5,
1783519260,2026-07-08T07:01:00-07:00,12,
1783519320,2026-07-08T07:02:00-07:00,37,
1783519380,2026-07-08T07:03:00-07:00,15,
1783519440,2026-07-08T07:04:00-07:00,15,
1783519500,2026-07-08T07:05:00-07:00,23,
1783519560,2026-07-08T07:06:00-07:00,16,
1783519620,2026-07-08T07:07:00-07:00,15,
1783519680,2026-07-08T07:08:00-07:00,54,
1783519740,2026-07-08T07:09:00-07:00,41,
1783519800,2026-07-08T07:10:00-07:00,20,
1783519860,2026-07-08T07:11:00-07:00,22,
1783519920,2026-07-08T07:12:00-07:00,48,
1783519980,2026-07-08T07:13:00-07:00,50,
1783520040,2026-07-08T07:14:00-07:00,22,
1783520100,2026-07-08T07:15:00-07:00,45,
1783520160,2026-07-08T07:16:00-07:00,35,
1783520220,2026-07-08T07:17:00-07:00,34,
1783520280,2026-07-08T07:18:00-07:00,45,
1783520340,2026-07-08T07:19:00-07:00,9,
1783520400,2026-07-08T07:20:00-07:00,29,
1783520460,2026-07-08T07:21:00-07:00,39,
1783520520,2026-07-08T07:22:00-07:00,34,
1783520580,2026-07-08T07:23:00-07:00,45,
1783520640,2026-07-08T07:24:00-07:00,42,
1783520700,2026-07-08T07:25:00-07:00,43,
1783520760,2026-07-08T07:26:00-07:00,41,
1783520820,2026-07-08T07:27:00-07:00,30,
1783520880,2026-07-08T07:28:00-07:00,60,
1783520940,2026-07-08T07:29:00-07:00,30,
1783521000,2026-07-08T07:30:00-07:00,20,
1783521060,2026-07-08T07:31:00-07:00,19,
1783521120,2026-07-08T07:32:00-07:00,10,
1783521180,2026-07-08T07:33:00-07:00,141,
1783521240,2026-07-08T07:34:00-07:00,12,
1783521300,2026-07-08T07:35:00-07:00,91,
1783521360,2026-07-08T07:36:00-07:00,29,
1783521420,2026-07-08T07:37:00-07:00,57,
1783521480,2026-07-08T07:38:00-07:00,21,
1783521540,2026-07-08T07:39:00-07:00,58,
1783521600,2026-07-08T07:40:00-07:00,28,
1783521660,2026-07-08T07:41:00-07:00,99,
1783521720,2026-07-08T07:42:00-07:00,62,
1783521780,2026-07-08T07:43:00-07:00,64,
1783521840,2026-07-08T07:44:00-07:00,42,
1783521900,2026-07-08T07:45:00-07:00,87,
1783521960,2026-07-08T07:46:00-07:00,47,
1783522020,2026-07-08T07:47:00-07:00,47,
1783522080,2026-07-08T07:48:00-07:00,49,
1783522140,2026-07-08T07:49:00-07:00,22,
1783522200,2026-07-08T07:50:00-07:00,33,
1783522260,2026-07-08T07:51:00-07:00,26,
1783522320,2026-07-08T07:52:00-07:00,68,
1783522380,2026-07-08T07:53:00-07:00,19,
1783522440,2026-07-08T07:54:00-07:00,47,
1783522500,2026-07-08T07:55:00-07:00,41,
1783522560,2026-07-08T07:56:00-07:00,39,
1783522620,2026-07-08T07:57:00-07:00,36,
1783522680,2026-07-08T07:58:00-07:00,27,
1783522740,2026-07-08T07:59:00-07:00,101,
1783522800,2026-07-08T08:00:00-07:00,15,
1783522860,2026-07-08T08:01:00-07:00,20,
1783522920,2026-07-08T08:02:00-07:00,43,
1783522980,2026-07-08T08:03:00-07:00,24,
1783523040,2026-07-08T08:04:00-07:00,17,
1783523100,2026-07-08T08:05:00-07:00,53,
1783523160,2026-07-08T08:06:00-07:00,11,
1783523220,2026-07-08T08:07:00-07:00,29,
1783523280,2026-07-08T08:08:00-07:00,31,
1783523340,2026-07-08T08:09:00-07:00,39,
1783523400,2026-07-08T08:10:00-07:00,14,
1783523460,2026-07-08T08:11:00-07:00,26,
1783523520,2026-07-08T08:12:00-07:00,50,
1783523580,2026-07-08T08:13:00-07:00,32,
1783523640,2026-07-08T08:14:00-07:00,28,
1783523700,2026-07-08T08:15:00-07:00,79,
1783523760,2026-07-08T08:16:00-07:00,75,
1783523820,2026-07-08T08:17:00-07:00,34,
1783523880,2026-07-08T08:18:00-07:00,71,
1783523940,2026-07-08T08:19:00-07:00,244,
1783524000,2026-07-08T08:20:00-07:00,73,
1783524060,2026-07-08T08:21:00-07:00,45,
1783524120,2026-07-08T08:22:00-07:00,53,
1783524180,2026-07-08T08:23:00-07:00,62,
1783524240,2026-07-08T08:24:00-07:00,108,
1783524300,2026-07-08T08:25:00-07:00,75,
1783524360,2026-07-08T08:26:00-07:00,121,
1783524420,2026-07-08T08:27:00-07:00,82,
1783524480,2026-07-08T08:28:00-07:00,104,
1783524540,2026-07-08T08:29:00-07:00,16,
1783524600,2026-07-08T08:30:00-07:00,39,
1783524660,2026-07-08T08:31:00-07:00,32,
1783524720,2026-07-08T08:32:00-07:00,47,
1783524780,2026-07-08T08:33:00-07:00,98,
1783524840,2026-07-08T08:34:00-07:00,14,
1783524900,2026-07-08T08:35:00-07:00,16,
1783524960,2026-07-08T08:36:00-07:00,36,
1783525020,2026-07-08T08:37:00-07:00,37,
1783525080,2026-07-08T08:38:00-07:00,73,
1783525140,2026-07-08T08:39:00-07:00,15,
1783525200,2026-07-08T08:40:00-07:00,23,
1783525260,2026-07-08T08:41:00-07:00,52,
1783525320,2026-07-08T08:42:00-07:00,17,
1783525380,2026-07-08T08:43:00-07:00,63,
1783525440,2026-07-08T08:44:00-07:00,66,
1783525500,2026-07-08T08:45:00-07:00,38,
1783525560,2026-07-08T08:46:00-07:00,65,
1783525620,2026-07-08T08:47:00-07:00,67,
1783525680,2026-07-08T08:48:00-07:00,112,
1783525740,2026-07-08T08:49:00-07:00,37,
1783525800,2026-07-08T08:50:00-07:00,29,
1783525860,2026-07-08T08:51:00-07:00,29,
1783525920,2026-07-08T08:52:00-07:00,35,
1783525980,2026-07-08T08:53:00-07:00,536,
1783526040,2026-07-08T08:54:00-07:00,83,
1783526100,2026-07-08T08:55:00-07:00,45,
1783526160,2026-07-08T08:56:00-07:00,46,
1783526220,2026-07-08T08:57:00-07:00,38,
1783526280,2026-07-08T08:58:00-07:00,69,
1783526340,2026-07-08T08:59:00-07:00,70,
1783526400,2026-07-08T09:00:00-07:00,29,
1783526460,2026-07-08T09:01:00-07:00,72,
1783526520,2026-07-08T09:02:00-07:00,36,
1783526580,2026-07-08T09:03:00-07:00,86,
1783526640,2026-07-08T09:04:00-07:00,24,
1783526700,2026-07-08T09:05:00-07:00,46,
1783526760,2026-07-08T09:06:00-07:00,46,
1783526820,2026-07-08T09:07:00-07:00,136,
1783526880,2026-07-08T09:08:00-07:00,51,
1783526940,2026-07-08T09:09:00-07:00,70,
1783527000,2026-07-08T09:10:00-07:00,25,
1783527060,2026-07-08T09:11:00-07:00,61,
1783527120,2026-07-08T09:12:00-07:00,65,
1783527180,2026-07-08T09:13:00-07:00,53,
1783527240,2026-07-08T09:14:00-07:00,42,
1783527300,2026-07-08T09:15:00-07:00,41,
1783527360,2026-07-08T09:16:00-07:00,102,
1783527420,2026-07-08T09:17:00-07:00,87,
1783527480,2026-07-08T09:18:00-07:00,70,
1783527540,2026-07-08T09:19:00-07:00,136,
1783527600,2026-07-08T09:20:00-07:00,38,
1783527660,2026-07-08T09:21:00-07:00,43,
1783527720,2026-07-08T09:22:00-07:00,32,
1783527780,2026-07-08T09:23:00-07:00,92,
1783527840,2026-07-08T09:24:00-07:00,45,
1783527900,2026-07-08T09:25:00-07:00,101,
1783527960,2026-07-08T09:26:00-07:00,74,
1783528020,2026-07-08T09:27:00-07:00,87,
1783528080,2026-07-08T09:28:00-07:00,119,
1783528140,2026-07-08T09:29:00-07:00,66,
1783528200,2026-07-08T09:30:00-07:00,59,
1783528260,2026-07-08T09:31:00-07:00,27,
1783528320,2026-07-08T09:32:00-07:00,62,
1783528380,2026-07-08T09:33:00-07:00,35,
1783528440,2026-07-08T09:34:00-07:00,40,
1783528500,2026-07-08T09:35:00-07:00,30,
1783528560,2026-07-08T09:36:00-07:00,77,
1783528620,2026-07-08T09:37:00-07:00,35,
1783528680,2026-07-08T09:38:00-07:00,122,
1783528740,2026-07-08T09:39:00-07:00,82,
1783528800,2026-07-08T09:40:00-07:00,101,
1783528860,2026-07-08T09:41:00-07:00,47,
1783528920,2026-07-08T09:42:00-07:00,74,
1783528980,2026-07-08T09:43:00-07:00,47,
1783529040,2026-07-08T09:44:00-07:00,50,
1783529100,2026-07-08T09:45:00-07:00,96,
1783529160,2026-07-08T09:46:00-07:00,73,
1783529220,2026-07-08T09:47:00-07:00,135,
1783529280,2026-07-08T09:48:00-07:00,60,
1783529340,2026-07-08T09:49:00-07:00,68,
1783529400,2026-07-08T09:50:00-07:00,153,
1783529460,2026-07-08T09:51:00-07:00,119,
1783529520,2026-07-08T09:52:00-07:00,38,
1783529580,2026-07-08T09:53:00-07:00,147,
1783529640,2026-07-08T09:54:00-07:00,106,
1783529700,2026-07-08T09:55:00-07:00,75,
1783529760,2026-07-08T09:56:00-07:00,79,
1783529820,2026-07-08T09:57:00-07:00,171,
1783529880,2026-07-08T09:58:00-07:00,135,
1783529940,2026-07-08T09:59:00-07:00,158,
1783530000,2026-07-08T10:00:00-07:00,161,
1783530060,2026-07-08T10:01:00-07:00,54,
1783530120,2026-07-08T10:02:00-07:00,83,
1783530180,2026-07-08T10:03:00-07:00,99,
1783530240,2026-07-08T10:04:00-07:00,54,
1783530300,2026-07-08T10:05:00-07:00,78,
1783530360,2026-07-08T10:06:00-07:00,133,
1783530420,2026-07-08T10:07:00-07:00,118,
1783530480,2026-07-08T10:08:00-07:00,113,
1783530540,2026-07-08T10:09:00-07:00,67,
1783530600,2026-07-08T10:10:00-07:00,35,
1783530660,2026-07-08T10:11:00-07:00,80,
1783530720,2026-07-08T10:12:00-07:00,49,
1783530780,2026-07-08T10:13:00-07:00,131,
1783530840,2026-07-08T10:14:00-07:00,43,
1783530900,2026-07-08T10:15:00-07:00,114,
1783530960,2026-07-08T10:16:00-07:00,128,
1783531020,2026-07-08T10:17:00-07:00,60,
1783531080,2026-07-08T10:18:00-07:00,135,
1783531140,2026-07-08T10:19:00-07:00,112,
1783531200,2026-07-08T10:20:00-07:00,82,
1783531260,2026-07-08T10:21:00-07:00,99,
1783531320,2026-07-08T10:22:00-07:00,115,
1783531380,2026-07-08T10:23:00-07:00,99,
1783531440,2026-07-08T10:24:00-07:00,55,
1783531500,2026-07-08T10:25:00-07:00,132,
1783531560,2026-07-08T10:26:00-07:00,145,
1783531620,2026-07-08T10:27:00-07:00,42,
1783531680,2026-07-08T10:28:00-07:00,113,
1783531740,2026-07-08T10:29:00-07:00,124,
1783531800,2026-07-08T10:30:00-07:00,134,
1783531860,2026-07-08T10:31:00-07:00,102,
1783531920,2026-07-08T10:32:00-07:00,125,
1783531980,2026-07-08T10:33:00-07:00,119,
1783532040,2026-07-08T10:34:00-07:00,120,
1783532100,2026-07-08T10:35:00-07:00,43,
1783532160,2026-07-08T10:36:00-07:00,69,
1783532220,2026-07-08T10:37:00-07:00,105,
1783532280,2026-07-08T10:38:00-07:00,140,
1783532340,2026-07-08T10:39:00-07:00,123,
1783532400,2026-07-08T10:40:00-07:00,129,
1783532460,2026-07-08T10:41:00-07:00,79,
1783532520,2026-07-08T10:42:00-07:00,105,
1783532580,2026-07-08T10:43:00-07:00,71,
1783532640,2026-07-08T10:44:00-07:00,117,
1783532700,2026-07-08T10:45:00-07:00,96,
1783532760,2026-07-08T10:46:00-07:00,44,
1783532820,2026-07-08T10:47:00-07:00,89,
1783532880,2026-07-08T10:48:00-07:00,105,
1783532940,2026-07-08T10:49:00-07:00,75,
1783533000,2026-07-08T10:50:00-07:00,27,
1783533060,2026-07-08T10:51:00-07:00,167,
1783533120,2026-07-08T10:52:00-07:00,105,
1783533180,2026-07-08T10:53:00-07:00,76,
1783533240,2026-07-08T10:54:00-07:00,79,
1783533300,2026-07-08T10:55:00-07:00,71,
1783533360,2026-07-08T10:56:00-07:00,117,
1783533420,2026-07-08T10:57:00-07:00,137,
1783533480,2026-07-08T10:58:00-07:00,78,
1783533540,2026-07-08T10:59:00-07:00,142,
1783533600,2026-07-08T11:00:00-07:00,69,
1783533660,2026-07-08T11:01:00-07:00,68,
1783533720,2026-07-08T11:02:00-07:00,147,
1783533780,2026-07-08T11:03:00-07:00,49,
1783533840,2026-07-08T11:04:00-07:00,73,
1783533900,2026-07-08T11:05:00-07:00,96,
1783533960,2026-07-08T11:06:00-07:00,43,
1783534020,2026-07-08T11:07:00-07:00,135,
1783534080,2026-07-08T11:08:00-07:00,155,
1783534140,2026-07-08T11:09:00-07:00,128,
1783534200,2026-07-08T11:10:00-07:00,73,
1783534260,2026-07-08T11:11:00-07:00,48,
1783534320,2026-07-08T11:12:00-07:00,55,
1783534380,2026-07-08T11:13:00-07:00,57,
1783534440,2026-07-08T11:14:00-07:00,71,
1783534500,2026-07-08T11:15:00-07:00,101,
1783534560,2026-07-08T11:16:00-07:00,65,
1783534620,2026-07-08T11:17:00-07:00,66,
1783534680,2026-07-08T11:18:00-07:00,193,
1783534740,2026-07-08T11:19:00-07:00,110,
1783534800,2026-07-08T11:20:00-07:00,41,
1783534860,2026-07-08T11:21:00-07:00,103,
1783534920,2026-07-08T11:22:00-07:00,104,
1783534980,2026-07-08T11:23:00-07:00,130,
1783535040,2026-07-08T11:24:00-07:00,21,
1783535100,2026-07-08T11:25:00-07:00,56,
1783535160,2026-07-08T11:26:00-07:00,45,
1783535220,2026-07-08T11:27:00-07:00,98,
1783535280,2026-07-08T11:28:00-07:00,58,
1783535340,2026-07-08T11:29:00-07:00,128,
1783535400,2026-07-08T11:30:00-07:00,52,
1783535460,2026-07-08T11:31:00-07:00,138,
1783535520,2026-07-08T11:32:00-07:00,75,
1783535580,2026-07-08T11:33:00-07:00,114,
1783535640,2026-07-08T11:34:00-07:00,46,
1783535700,2026-07-08T11:35:00-07:00,76,
1783535760,2026-07-08T11:36:00-07:00,113,
1783535820,2026-07-08T11:37:00-07:00,103,
1783535880,2026-07-08T11:38:00-07:00,100,
1783535940,2026-07-08T11:39:00-07:00,75,
1783536000,2026-07-08T11:40:00-07:00,72,
1783536060,2026-07-08T11:41:00-07:00,115,
1783536120,2026-07-08T11:42:00-07:00,108,
1783536180,2026-07-08T11:43:00-07:00,44,
1783536240,2026-07-08T11:44:00-07:00,103,
1783536300,2026-07-08T11:45:00-07:00,120,
1783536360,2026-07-08T11:46:00-07:00,114,
1783536420,2026-07-08T11:47:00-07:00,111,
1783536480,2026-07-08T11:48:00-07:00,76,
1783536540,2026-07-08T11:49:00-07:00,117,
1783536600,2026-07-08T11:50:00-07:00,80,
1783536660,2026-07-08T11:51:00-07:00,75,
1783536720,2026-07-08T11:52:00-07:00,52,
1783536780,2026-07-08T11:53:00-07:00,156,
1783536840,2026-07-08T11:54:00-07:00,121,
1783536900,2026-07-08T11:55:00-07:00,86,
1783536960,2026-07-08T11:56:00-07:00,103,
1783537020,2026-07-08T11:57:00-07:00,65,
1783537080,2026-07-08T11:58:00-07:00,54,
1783537140,2026-07-08T11:59:00-07:00,51,
1783537200,2026-07-08T12:00:00-07:00,161,
1783537260,2026-07-08T12:01:00-07:00,84,
1783537320,2026-07-08T12:02:00-07:00,158,
1783537380,2026-07-08T12:03:00-07:00,80,
1783537440,2026-07-08T12:04:00-07:00,84,
1783537500,2026-07-08T12:05:00-07:00,76,
1783537560,2026-07-08T12:06:00-07:00,90,
1783537620,2026-07-08T12:07:00-07:00,85,
1783537680,2026-07-08T12:08:00-07:00,89,
1783537740,2026-07-08T12:09:00-07:00,112,
1783537800,2026-07-08T12:10:00-07:00,128,
1783537860,2026-07-08T12:11:00-07:00,176,
1783537920,2026-07-08T12:12:00-07:00,95,
1783537980,2026-07-08T12:13:00-07:00,122,
1783538040,2026-07-08T12:14:00-07:00,112,
1783538100,2026-07-08T12:15:00-07:00,117,
1783538160,2026-07-08T12:16:00-07:00,206,
1783538220,2026-07-08T12:17:00-07:00,140,
1783538280,2026-07-08T12:18:00-07:00,81,
1783538340,2026-07-08T12:19:00-07:00,130,
1783538400,2026-07-08T12:20:00-07:00,107,
1783538460,2026-07-08T12:21:00-07:00,142,
1783538520,2026-07-08T12:22:00-07:00,75,
1783538580,2026-07-08T12:23:00-07:00,112,
1783538640,2026-07-08T12:24:00-07:00,124,
1783538700,2026-07-08T12:25:00-07:00,59,
1783538760,2026-07-08T12:26:00-07:00,115,
1783538820,2026-07-08T12:27:00-07:00,88,
1783538880,2026-07-08T12:28:00-07:00,62,
1783538940,2026-07-08T12:29:00-07:00,185,
1783539000,2026-07-08T12:30:00-07:00,100,
1783539060,2026-07-08T12:31:00-07:00,139,
1783539120,2026-07-08T12:32:00-07:00,109,
1783539180,2026-07-08T12:33:00-07:00,149,
1783539240,2026-07-08T12:34:00-07:00,48,
1783539300,2026-07-08T12:35:00-07:00,108,
1783539360,2026-07-08T12:36:00-07:00,104,
1783539420,2026-07-08T12:37:00-07:00,41,
1783539480,2026-07-08T12:38:00-07:00,89,
1783539540,2026-07-08T12:39:00-07:00,156,
1783539600,2026-07-08T12:40:00-07:00,67,
1783539660,2026-07-08T12:41:00-07:00,163,
1783539720,2026-07-08T12:42:00-07:00,128,
1783539780,2026-07-08T12:43:00-07:00,106,
1783539840,2026-07-08T12:44:00-07:00,98,
1783539900,2026-07-08T12:45:00-07:00,114,
1783539960,2026-07-08T12:46:00-07:00,117,
1783540020,2026-07-08T12:47:00-07:00,73,
1783540080,2026-07-08T12:48:00-07:00,34,
1783540140,2026-07-08T12:49:00-07:00,141,
1783540200,2026-07-08T12:50:00-07:00,83,
1783540260,2026-07-08T12:51:00-07:00,57,
1783540320,2026-07-08T12:52:00-07:00,108,
1783540380,2026-07-08T12:53:00-07:00,92,
1783540440,2026-07-08T12:54:00-07:00,118,
1783540500,2026-07-08T12:55:00-07:00,132,
1783540560,2026-07-08T12:56:00-07:00,107,
1783540620,2026-07-08T12:57:00-07:00,31,
1783540680,2026-07-08T12:58:00-07:00,37,
1783540740,2026-07-08T12:59:00-07:00,57,
1783540800,2026-07-08T13:00:00-07:00,88,
1783540860,2026-07-08T13:01:00-07:00,120,
1783540920,2026-07-08T13:02:00-07:00,95,
1783540980,2026-07-08T13:03:00-07:00,170,
1783541040,2026-07-08T13:04:00-07:00,96,
1783541100,2026-07-08T13:05:00-07:00,142,
1783541160,2026-07-08T13:06:00-07:00,179,
1783541220,2026-07-08T13:07:00-07:00,76,
1783541280,2026-07-08T13:08:00-07:00,66,
1783541340,2026-07-08T13:09:00-07:00,46,
1783541400,2026-07-08T13:10:00-07:00,175,
1783541460,2026-07-08T13:11:00-07:00,82,
1783541520,2026-07-08T13:12:00-07:00,103,
1783541580,2026-07-08T13:13:00-07:00,82,
1783541640,2026-07-08T13:14:00-07:00,97,
1783541700,2026-07-08T13:15:00-07:00,50,
1783541760,2026-07-08T13:16:00-07:00,83,
1783541820,2026-07-08T13:17:00-07:00,57,
1783541880,2026-07-08T13:18:00-07:00,77,
1783541940,2026-07-08T13:19:00-07:00,118,
1783542000,2026-07-08T13:20:00-07:00,138,
1783542060,2026-07-08T13:21:00-07:00,134,
1783542120,2026-07-08T13:22:00-07:00,90,
1783542180,2026-07-08T13:23:00-07:00,170,
1783542240,2026-07-08T13:24:00-07:00,113,
1783542300,2026-07-08T13:25:00-07:00,68,
1783542360,2026-07-08T13:26:00-07:00,148,
1783542420,2026-07-08T13:27:00-07:00,102,
1783542480,2026-07-08T13:28:00-07:00,81,
1783542540,2026-07-08T13:29:00-07:00,53,
1783542600,2026-07-08T13:30:00-07:00,91,
1783542660,2026-07-08T13:31:00-07:00,139,
1783542720,2026-07-08T13:32:00-07:00,122,
1783542780,2026-07-08T13:33:00-07:00,158,
1783542840,2026-07-08T13:34:00-07:00,160,
1783542900,2026-07-08T13:35:00-07:00,61,
1783542960,2026-07-08T13:36:00-07:00,44,
1783543020,2026-07-08T13:37:00-07:00,117,
1783543080,2026-07-08T13:38:00-07:00,39,
1783543140,2026-07-08T13:39:00-07:00,58,
1783543200,2026-07-08T13:40:00-07:00,81,
1783543260,2026-07-08T13:41:00-07:00,106,
1783543320,2026-07-08T13:42:00-07:00,131,
1783543380,2026-07-08T13:43:00-07:00,220,
1783543440,2026-07-08T13:44:00-07:00,74,
1783543500,2026-07-08T13:45:00-07:00,157,
1783543560,2026-07-08T13:46:00-07:00,130,
1783543620,2026-07-08T13:47:00-07:00,115,
1783543680,2026-07-08T13:48:00-07:00,126,
1783543740,2026-07-08T13:49:00-07:00,85,
1783543800,2026-07-08T13:50:00-07:00,42,
1783543860,2026-07-08T13:51:00-07:00,34,
1783543920,2026-07-08T13:52:00-07:00,129,
1783543980,2026-07-08T13:53:00-07:00,70,
1783544040,2026-07-08T13:54:00-07:00,49,
1783544100,2026-07-08T13:55:00-07:00,112,
1783544160,2026-07-08T13:56:00-07:00,93,
1783544220,2026-07-08T13:57:00-07:00,87,
1783544280,2026-07-08T13:58:00-07:00,153,
1783544340,2026-07-08T13:59:00-07:00,110,
1783544400,2026-07-08T14:00:00-07:00,162,
1783544460,2026-07-08T14:01:00-07:00,162,
1783544520,2026-07-08T14:02:00-07:00,55,
1783544580,2026-07-08T14:03:00-07:00,92,
1783544640,2026-07-08T14:04:00-07:00,168,
1783544700,2026-07-08T14:05:00-07:00,117,
1783544760,2026-07-08T14:06:00-07:00,112,
1783544820,2026-07-08T14:07:00-07:00,108,
1783544880,2026-07-08T14:08:00-07:00,42,
1783544940,2026-07-08T14:09:00-07:00,67,
1783545000,2026-07-08T14:10:00-07:00,108,
1783545060,2026-07-08T14:11:00-07:00,150,
1783545120,2026-07-08T14:12:00-07:00,68,
1783545180,2026-07-08T14:13:00-07:00,126,
1783545240,2026-07-08T14:14:00-07:00,92,
1783545300,2026-07-08T14:15:00-07:00,75,
1783545360,2026-07-08T14:16:00-07:00,78,
1783545420,2026-07-08T14:17:00-07:00,109,
1783545480,2026-07-08T14:18:00-07:00,46,
1783545540,2026-07-08T14:19:00-07:00,65,
1783545600,2026-07-08T14:20:00-07:00,139,
1783545660,2026-07-08T14:21:00-07:00,69,
1783545720,2026-07-08T14:22:00-07:00,56,
1783545780,2026-07-08T14:23:00-07:00,115,
1783545840,2026-07-08T14:24:00-07:00,97,
1783545900,2026-07-08T14:25:00-07:00,128,
1783545960,2026-07-08T14:26:00-07:00,114,
1783546020,2026-07-08T14:27:00-07:00,117,
1783546080,2026-07-08T14:28:00-07:00,215,
1783546140,2026-07-08T14:29:00-07:00,46,
1783546200,2026-07-08T14:30:00-07:00,130,
1783546260,2026-07-08T14:31:00-07:00,113,
1783546320,2026-07-08T14:32:00-07:00,108,
1783546380,2026-07-08T14:33:00-07:00,144,
1783546440,2026-07-08T14:34:00-07:00,180,
1783546500,2026-07-08T14:35:00-07:00,76,
1783546560,2026-07-08T14:36:00-07:00,254,
1783546620,2026-07-08T14:37:00-07:00,126,
1783546680,2026-07-08T14:38:00-07:00,112,
1783546740,2026-07-08T14:39:00-07:00,146,
1783546800,2026-07-08T14:40:00-07:00,85,
1783546860,2026-07-08T14:41:00-07:00,130,
1783546920,2026-07-08T14:42:00-07:00,146,
1783546980,2026-07-08T14:43:00-07:00,84,
1783547040,2026-07-08T14:44:00-07:00,97,
1783547100,2026-07-08T14:45:00-07:00,71,
1783547160,2026-07-08T14:46:00-07:00,73,
1783547220,2026-07-08T14:47:00-07:00,138,
1783547280,2026-07-08T14:48:00-07:00,113,
1783547340,2026-07-08T14:49:00-07:00,131,
1783547400,2026-07-08T14:50:00-07:00,74,
1783547460,2026-07-08T14:51:00-07:00,123,
1783547520,2026-07-08T14:52:00-07:00,147,
1783547580,2026-07-08T14:53:00-07:00,140,
1783547640,2026-07-08T14:54:00-07:00,195,
1783547700,2026-07-08T14:55:00-07:00,208,
1783547760,2026-07-08T14:56:00-07:00,116,
1783547820,2026-07-08T14:57:00-07:00,83,
1783547880,2026-07-08T14:58:00-07:00,103,
1783547940,2026-07-08T14:59:00-07:00,67,
1783548000,2026-07-08T15:00:00-07:00,67,
1783548060,2026-07-08T15:01:00-07:00,140,
1783548120,2026-07-08T15:02:00-07:00,68,
1783548180,2026-07-08T15:03:00-07:00,94,
1783548240,2026-07-08T15:04:00-07:00,145,
1783548300,2026-07-08T15:05:00-07:00,104,
1783548360,2026-07-08T15:06:00-07:00,60,
1783548420,2026-07-08T15:07:00-07:00,134,
1783548480,2026-07-08T15:08:00-07:00,85,
1783548540,2026-07-08T15:09:00-07:00,119,
1783548600,2026-07-08T15:10:00-07:00,122,
1783548660,2026-07-08T15:11:00-07:00,100,
1783548720,2026-07-08T15:12:00-07:00,176,
1783548780,2026-07-08T15:13:00-07:00,43,
1783548840,2026-07-08T15:14:00-07:00,147,
1783548900,2026-07-08T15:15:00-07:00,98,
1783548960,2026-07-08T15:16:00-07:00,65,
1783549020,2026-07-08T15:17:00-07:00,148,
1783549080,2026-07-08T15:18:00-07:00,89,
1783549140,2026-07-08T15:19:00-07:00,82,
1783549200,2026-07-08T15:20:00-07:00,63,
1783549260,2026-07-08T15:21:00-07:00,159,
1783549320,2026-07-08T15:22:00-07:00,188,
1783549380,2026-07-08T15:23:00-07:00,204,
1783549440,2026-07-08T15:24:00-07:00,122,
1783549500,2026-07-08T15:25:00-07:00,138,
1783549560,2026-07-08T15:26:00-07:00,114,
1783549620,2026-07-08T15:27:00-07:00,88,
1783549680,2026-07-08T15:28:00-07:00,181,
1783549740,2026-07-08T15:29:00-07:00,135,
1783549800,2026-07-08T15:30:00-07:00,114,
1783549860,2026-07-08T15:31:00-07:00,148,
1783549920,2026-07-08T15:32:00-07:00,77,
1783549980,2026-07-08T15:33:00-07:00,208,
1783550040,2026-07-08T15:34:00-07:00,43,
1783550100,2026-07-08T15:35:00-07:00,95,
1783550160,2026-07-08T15:36:00-07:00,107,
1783550220,2026-07-08T15:37:00-07:00,74,
1783550280,2026-07-08T15:38:00-07:00,142,
1783550340,2026-07-08T15:39:00-07:00,148,
1783550400,2026-07-08T15:40:00-07:00,127,
1783550460,2026-07-08T15:41:00-07:00,177,
1783550520,2026-07-08T15:42:00-07:00,125,
1783550580,2026-07-08T15:43:00-07:00,45,
1783550640,2026-07-08T15:44:00-07:00,91,
1783550700,2026-07-08T15:45:00-07:00,78,
1783550760,2026-07-08T15:46:00-07:00,188,
1783550820,2026-07-08T15:47:00-07:00,94,
1783550880,2026-07-08T15:48:00-07:00,168,
1783550940,2026-07-08T15:49:00-07:00,135,
1783551000,2026-07-08T15:50:00-07:00,114,
1783551060,2026-07-08T15:51:00-07:00,156,
1783551120,2026-07-08T15:52:00-07:00,138,
1783551180,2026-07-08T15:53:00-07:00,73,
1783551240,2026-07-08T15:54:00-07:00,100,
1783551300,2026-07-08T15:55:00-07:00,67,
1783551360,2026-07-08T15:56:00-07:00,160,
1783551420,2026-07-08T15:57:00-07:00,136,
1783551480,2026-07-08T15:58:00-07:00,66,
1783551540,2026-07-08T15:59:00-07:00,136,
1783551600,2026-07-08T16:00:00-07:00,120,
1783551660,2026-07-08T16:01:00-07:00,87,
1783551720,2026-07-08T16:02:00-07:00,92,
1783551780,2026-07-08T16:03:00-07:00,186,
1783551840,2026-07-08T16:04:00-07:00,74,
1783551900,2026-07-08T16:05:00-07:00,191,
1783551960,2026-07-08T16:06:00-07:00,120,
1783552020,2026-07-08T16:07:00-07:00,143,
1783552080,2026-07-08T16:08:00-07:00,169,
1783552140,2026-07-08T16:09:00-07:00,117,
1783552200,2026-07-08T16:10:00-07:00,190,
1783552260,2026-07-08T16:11:00-07:00,121,
1783552320,2026-07-08T16:12:00-07:00,49,
1783552380,2026-07-08T16:13:00-07:00,144,
1783552440,2026-07-08T16:14:00-07:00,61,
1783552500,2026-07-08T16:15:00-07:00,72,
1783552560,2026-07-08T16:16:00-07:00,107,
1783552620,2026-07-08T16:17:00-07:00,90,
1783552680,2026-07-08T16:18:00-07:00,80,
1783552740,2026-07-08T16:19:00-07:00,95,
1783552800,2026-07-08T16:20:00-07:00,97,
1783552860,2026-07-08T16:21:00-07:00,49,
1783552920,2026-07-08T16:22:00-07:00,169,
1783552980,2026-07-08T16:23:00-07:00,114,
1783553040,2026-07-08T16:24:00-07:00,126,
1783553100,2026-07-08T16:25:00-07:00,194,
1783553160,2026-07-08T16:26:00-07:00,157,
1783553220,2026-07-08T16:27:00-07:00,60,
1783553280,2026-07-08T16:28:00-07:00,74,
1783553340,2026-07-08T16:29:00-07:00,164,
1783553400,2026-07-08T16:30:00-07:00,75,
1783553460,2026-07-08T16:31:00-07:00,156,
1783553520,2026-07-08T16:32:00-07:00,112,
1783553580,2026-07-08T16:33:00-07:00,42,
1783553640,2026-07-08T16:34:00-07:00,63,
1783553700,2026-07-08T16:35:00-07:00,110,
1783553760,2026-07-08T16:36:00-07:00,62,
1783553820,2026-07-08T16:37:00-07:00,102,
1783553880,2026-07-08T16:38:00-07:00,121,
1783553940,2026-07-08T16:39:00-07:00,37,
1783554000,2026-07-08T16:40:00-07:00,161,
1783554060,2026-07-08T16:41:00-07:00,73,
1783554120,2026-07-08T16:42:00-07:00,225,
1783554180,2026-07-08T16:43:00-07:00,84,
1783554240,2026-07-08T16:44:00-07:00,114,
1783554300,2026-07-08T16:45:00-07:00,79,
1783554360,2026-07-08T16:46:00-07:00,79,
1783554420,2026-07-08T16:47:00-07:00,92,
1783554480,2026-07-08T16:48:00-07:00,118,
1783554540,2026-07-08T16:49:00-07:00,48,
1783554600,2026-07-08T16:50:00-07:00,134,
1783554660,2026-07-08T16:51:00-07:00,152,
1783554720,2026-07-08T16:52:00-07:00,191,
1783554780,2026-07-08T16:53:00-07:00,127,
1783554840,2026-07-08T16:54:00-07:00,85,
1783554900,2026-07-08T16:55:00-07:00,121,
1783554960,2026-07-08T16:56:00-07:00,68,
1783555020,2026-07-08T16:57:00-07:00,148,
1783555080,2026-07-08T16:58:00-07:00,72,
1783555140,2026-07-08T16:59:00-07:00,93,
1783555200,2026-07-08T17:00:00-07:00,156,
1783555260,2026-07-08T17:01:00-07:00,140,
1783555320,2026-07-08T17:02:00-07:00,135,
1783555380,2026-07-08T17:03:00-07:00,187,
1783555440,2026-07-08T17:04:00-07:00,137,
1783555500,2026-07-08T17:05:00-07:00,135,
1783555560,2026-07-08T17:06:00-07:00,153,
1783555620,2026-07-08T17:07:00-07:00,148,
1783555680,2026-07-08T17:08:00-07:00,130,
1783555740,2026-07-08T17:09:00-07:00,117,
1783555800,2026-07-08T17:10:00-07:00,115,
1783555860,2026-07-08T17:11:00-07:00,153,
1783555920,2026-07-08T17:12:00-07:00,115,
1783555980,2026-07-08T17:13:00-07:00,40,
1783556040,2026-07-08T17:14:00-07:00,99,
1783556100,2026-07-08T17:15:00-07:00,43,
1783556160,2026-07-08T17:16:00-07:00,48,
1783556220,2026-07-08T17:17:00-07:00,126,
1783556280,2026-07-08T17:18:00-07:00,103,
1783556340,2026-07-08T17:19:00-07:00,87,
1783556400,2026-07-08T17:20:00-07:00,247,
1783556460,2026-07-08T17:21:00-07:00,107,
1783556520,2026-07-08T17:22:00-07:00,77,
1783556580,2026-07-08T17:23:00-07:00,80,
1783556640,2026-07-08T17:24:00-07:00,67,
1783556700,2026-07-08T17:25:00-07:00,104,
1783556760,2026-07-08T17:26:00-07:00,121,
1783556820,2026-07-08T17:27:00-07:00,91,
1783556880,2026-07-08T17:28:00-07:00,152,
1783556940,2026-07-08T17:29:00-07:00,99,
1783557000,2026-07-08T17:30:00-07:00,72,
1783557060,2026-07-08T17:31:00-07:00,137,
1783557120,2026-07-08T17:32:00-07:00,116,
1783557180,2026-07-08T17:33:00-07:00,105,
1783557240,2026-07-08T17:34:00-07:00,102,
1783557300,2026-07-08T17:35:00-07:00,112,
1783557360,2026-07-08T17:36:00-07:00,61,
1783557420,2026-07-08T17:37:00-07:00,183,
1783557480,2026-07-08T17:38:00-07:00,73,
1783557540,2026-07-08T17:39:00-07:00,113,
1783557600,2026-07-08T17:40:00-07:00,121,
1783557660,2026-07-08T17:41:00-07:00,118,
1783557720,2026-07-08T17:42:00-07:00,144,
1783557780,2026-07-08T17:43:00-07:00,147,
1783557840,2026-07-08T17:44:00-07:00,64,
1783557900,2026-07-08T17:45:00-07:00,123,
1783557960,2026-07-08T17:46:00-07:00,73,
1783558020,2026-07-08T17:47:00-07:00,123,
1783558080,2026-07-08T17:48:00-07:00,91,
1783558140,2026-07-08T17:49:00-07:00,82,
1783558200,2026-07-08T17:50:00-07:00,109,
1783558260,2026-07-08T17:51:00-07:00,44,
1783558320,2026-07-08T17:52:00-07:00,60,
1783558380,2026-07-08T17:53:00-07:00,88,
1783558440,2026-07-08T17:54:00-07:00,99,
1783558500,2026-07-08T17:55:00-07:00,77,
1783558560,2026-07-08T17:56:00-07:00,93,
1783558620,2026-07-08T17:57:00-07:00,219,
1783558680,2026-07-08T17:58:00-07:00,107,
1783558740,2026-07-08T17:59:00-07:00,125,
1783558800,2026-07-08T18:00:00-07:00,34,
1783558860,2026-07-08T18:01:00-07:00,97,
1783558920,2026-07-08T18:02:00-07:00,58,
1783558980,2026-07-08T18:03:00-07:00,58,
1783559040,2026-07-08T18:04:00-07:00,78,
1783559100,2026-07-08T18:05:00-07:00,61,
1783559160,2026-07-08T18:06:00-07:00,94,
1783559220,2026-07-08T18:07:00-07:00,54,
1783559280,2026-07-08T18:08:00-07:00,167,
1783559340,2026-07-08T18:09:00-07:00,134,
1783559400,2026-07-08T18:10:00-07:00,94,
1783559460,2026-07-08T18:11:00-07:00,81,
1783559520,2026-07-08T18:12:00-07:00,70,
1783559580,2026-07-08T18:13:00-07:00,120,
1783559640,2026-07-08T18:14:00-07:00,56,
1783559700,2026-07-08T18:15:00-07:00,18,
1783559760,2026-07-08T18:16:00-07:00,88,
1783559820,2026-07-08T18:17:00-07:00,44,
1783559880,2026-07-08T18:18:00-07:00,86,
1783559940,2026-07-08T18:19:00-07:00,178,
1783560000,2026-07-08T18:20:00-07:00,83,
1783560060,2026-07-08T18:21:00-07:00,72,
1783560120,2026-07-08T18:22:00-07:00,143,
1783560180,2026-07-08T18:23:00-07:00,49,
1783560240,2026-07-08T18:24:00-07:00,147,
1783560300,2026-07-08T18:25:00-07:00,156,
1783560360,2026-07-08T18:26:00-07:00,120,
1783560420,2026-07-08T18:27:00-07:00,109,
1783560480,2026-07-08T18:28:00-07:00,93,
1783560540,2026-07-08T18:29:00-07:00,122,
1783560600,2026-07-08T18:30:00-07:00,49,
1783560660,2026-07-08T18:31:00-07:00,76,
1783560720,2026-07-08T18:32:00-07:00,117,
1783560780,2026-07-08T18:33:00-07:00,92,
1783560840,2026-07-08T18:34:00-07:00,195,
1783560900,2026-07-08T18:35:00-07:00,257,
1783560960,2026-07-08T18:36:00-07:00,108,
1783561020,2026-07-08T18:37:00-07:00,78,
1783561080,2026-07-08T18:38:00-07:00,142,
1783561140,2026-07-08T18:39:00-07:00,124,
1783561200,2026-07-08T18:40:00-07:00,66,
1783561260,2026-07-08T18:41:00-07:00,74,
1783561320,2026-07-08T18:42:00-07:00,80,
1783561380,2026-07-08T18:43:00-07:00,135,
1783561440,2026-07-08T18:44:00-07:00,56,
1783561500,2026-07-08T18:45:00-07:00,52,
1783561560,2026-07-08T18:46:00-07:00,63,
1783561620,2026-07-08T18:47:00-07:00,168,
1783561680,2026-07-08T18:48:00-07:00,131,
1783561740,2026-07-08T18:49:00-07:00,129,
1783561800,2026-07-08T18:50:00-07:00,168,
1783561860,2026-07-08T18:51:00-07:00,198,
1783561920,2026-07-08T18:52:00-07:00,60,
1783561980,2026-07-08T18:53:00-07:00,55,
1783562040,2026-07-08T18:54:00-07:00,95,
1783562100,2026-07-08T18:55:00-07:00,77,
1783562160,2026-07-08T18:56:00-07:00,122,
1783562220,2026-07-08T18:57:00-07:00,113,
1783562280,2026-07-08T18:58:00-07:00,100,
1783562340,2026-07-08T18:59:00-07:00,97,
1783562400,2026-07-08T19:00:00-07:00,81,
1783562460,2026-07-08T19:01:00-07:00,110,
1783562520,2026-07-08T19:02:00-07:00,176,
1783562580,2026-07-08T19:03:00-07:00,58,
1783562640,2026-07-08T19:04:00-07:00,117,
1783562700,2026-07-08T19:05:00-07:00,122,
1783562760,2026-07-08T19:06:00-07:00,106,
1783562820,2026-07-08T19:07:00-07:00,102,
1783562880,2026-07-08T19:08:00-07:00,163,
1783562940,2026-07-08T19:09:00-07:00,100,
1783563000,2026-07-08T19:10:00-07:00,126,
1783563060,2026-07-08T19:11:00-07:00,130,
1783563120,2026-07-08T19:12:00-07:00,78,
1783563180,2026-07-08T19:13:00-07:00,128,
1783563240,2026-07-08T19:14:00-07:00,104,
1783563300,2026-07-08T19:15:00-07:00,203,
1783563360,2026-07-08T19:16:00-07:00,98,
1783563420,2026-07-08T19:17:00-07:00,47,
1783563480,2026-07-08T19:18:00-07:00,143,
1783563540,2026-07-08T19:19:00-07:00,164,
1783563600,2026-07-08T19:20:00-07:00,112,
1783563660,2026-07-08T19:21:00-07:00,87,
1783563720,2026-07-08T19:22:00-07:00,118,
1783563780,2026-07-08T19:23:00-07:00,42,
1783563840,2026-07-08T19:24:00-07:00,93,
1783563900,2026-07-08T19:25:00-07:00,233,
1783563960,2026-07-08T19:26:00-07:00,180,
1783564020,2026-07-08T19:27:00-07:00,152,
1783564080,2026-07-08T19:28:00-07:00,51,
1783564140,2026-07-08T19:29:00-07:00,103,
1783564200,2026-07-08T19:30:00-07:00,91,
1783564260,2026-07-08T19:31:00-07:00,128,
1783564320,2026-07-08T19:32:00-07:00,94,
1783564380,2026-07-08T19:33:00-07:00,169,
1783564440,2026-07-08T19:34:00-07:00,168,
1783564500,2026-07-08T19:35:00-07:00,78,
1783564560,2026-07-08T19:36:00-07:00,89,
1783564620,2026-07-08T19:37:00-07:00,75,
1783564680,2026-07-08T19:38:00-07:00,82,
1783564740,2026-07-08T19:39:00-07:00,106,
1783564800,2026-07-08T19:40:00-07:00,125,
1783564860,2026-07-08T19:41:00-07:00,105,
1783564920,2026-07-08T19:42:00-07:00,55,
1783564980,2026-07-08T19:43:00-07:00,173,
1783565040,2026-07-08T19:44:00-07:00,91,
1783565100,2026-07-08T19:45:00-07:00,95,
1783565160,2026-07-08T19:46:00-07:00,110,
1783565220,2026-07-08T19:47:00-07:00,108,
1783565280,2026-07-08T19:48:00-07:00,102,
1783565340,2026-07-08T19:49:00-07:00,115,
1783565400,2026-07-08T19:50:00-07:00,68,
1783565460,2026-07-08T19:51:00-07:00,107,
1783565520,2026-07-08T19:52:00-07:00,43,
1783565580,2026-07-08T19:53:00-07:00,49,
1783565640,2026-07-08T19:54:00-07:00,62,
1783565700,2026-07-08T19:55:00-07:00,106,
1783565760,2026-07-08T19:56:00-07:00,156,
1783565820,2026-07-08T19:57:00-07:00,169,
1783565880,2026-07-08T19:58:00-07:00,137,
1783565940,2026-07-08T19:59:00-07:00,134,
1783566000,2026-07-08T20:00:00-07:00,116,
1783566060,2026-07-08T20:01:00-07:00,87,
1783566120,2026-07-08T20:02:00-07:00,179,
1783566180,2026-07-08T20:03:00-07:00,83,
1783566240,2026-07-08T20:04:00-07:00,113,
1783566300,2026-07-08T20:05:00-07:00,160,
1783566360,2026-07-08T20:06:00-07:00,126,
1783566420,2026-07-08T20:07:00-07:00,39,
1783566480,2026-07-08T20:08:00-07:00,166,
1783566540,2026-07-08T20:09:00-07:00,80,
1783566600,2026-07-08T20:10:00-07:00,157,
1783566660,2026-07-08T20:11:00-07:00,250,
1783566720,2026-07-08T20:12:00-07:00,67,
1783566780,2026-07-08T20:13:00-07:00,163,
1783566840,2026-07-08T20:14:00-07:00,145,
1783566900,2026-07-08T20:15:00-07:00,84,
1783566960,2026-07-08T20:16:00-07:00,161,
1783567020,2026-07-08T20:17:00-07:00,193,
1783567080,2026-07-08T20:18:00-07:00,179,
1783567140,2026-07-08T20:19:00-07:00,78,
1783567200,2026-07-08T20:20:00-07:00,118,
1783567260,2026-07-08T20:21:00-07:00,135,
1783567320,2026-07-08T20:22:00-07:00,155,
1783567380,2026-07-08T20:23:00-07:00,107,
1783567440,2026-07-08T20:24:00-07:00,37,
1783567500,2026-07-08T20:25:00-07:00,91,
1783567560,2026-07-08T20:26:00-07:00,153,
1783567620,2026-07-08T20:27:00-07:00,78,
1783567680,2026-07-08T20:28:00-07:00,115,
1783567740,2026-07-08T20:29:00-07:00,84,
1783567800,2026-07-08T20:30:00-07:00,119,
1783567860,2026-07-08T20:31:00-07:00,154,
1783567920,2026-07-08T20:32:00-07:00,38,
1783567980,2026-07-08T20:33:00-07:00,68,
1783568040,2026-07-08T20:34:00-07:00,135,
1783568100,2026-07-08T20:35:00-07:00,59,
1783568160,2026-07-08T20:36:00-07:00,217,
1783568220,2026-07-08T20:37:00-07:00,83,
1783568280,2026-07-08T20:38:00-07:00,90,
1783568340,2026-07-08T20:39:00-07:00,133,
1783568400,2026-07-08T20:40:00-07:00,140,
1783568460,2026-07-08T20:41:00-07:00,129,
1783568520,2026-07-08T20:42:00-07:00,142,
1783568580,2026-07-08T20:43:00-07:00,93,
1783568640,2026-07-08T20:44:00-07:00,51,
1783568700,2026-07-08T20:45:00-07:00,63,
1783568760,2026-07-08T20:46:00-07:00,95,
1783568820,2026-07-08T20:47:00-07:00,121,
1783568880,2026-07-08T20:48:00-07:00,179,
1783568940,2026-07-08T20:49:00-07:00,76,
1783569000,2026-07-08T20:50:00-07:00,126,
1783569060,2026-07-08T20:51:00-07:00,142,
1783569120,2026-07-08T20:52:00-07:00,116,
1783569180,2026-07-08T20:53:00-07:00,65,
1783569240,2026-07-08T20:54:00-07:00,93,
1783569300,2026-07-08T20:55:00-07:00,119,
1783569360,2026-07-08T20:56:00-07:00,96,
1783569420,2026-07-08T20:57:00-07:00,77,
1783569480,2026-07-08T20:58:00-07:00,105,
1783569540,2026-07-08T20:59:00-07:00,118,
1783569600,2026-07-08T21:00:00-07:00,93,
1783569660,2026-07-08T21:01:00-07:00,56,
1783569720,2026-07-08T21:02:00-07:00,100,
1783569780,2026-07-08T21:03:00-07:00,125,
1783569840,2026-07-08T21:04:00-07:00,79,
1783569900,2026-07-08T21:05:00-07:00,251,
1783569960,2026-07-08T21:06:00-07:00,69,
1783570020,2026-07-08T21:07:00-07:00,54,
1783570080,2026-07-08T21:08:00-07:00,59,
1783570140,2026-07-08T21:09:00-07:00,124,
1783570200,2026-07-08T21:10:00-07:00,62,
1783570260,2026-07-08T21:11:00-07:00,97,
1783570320,2026-07-08T21:12:00-07:00,83,
1783570380,2026-07-08T21:13:00-07:00,130,
1783570440,2026-07-08T21:14:00-07:00,172,
1783570500,2026-07-08T21:15:00-07:00,85,
1783570560,2026-07-08T21:16:00-07:00,174,
1783570620,2026-07-08T21:17:00-07:00,82,
1783570680,2026-07-08T21:18:00-07:00,58,
1783570740,2026-07-08T21:19:00-07:00,194,
1783570800,2026-07-08T21:20:00-07:00,166,
1783570860,2026-07-08T21:21:00-07:00,130,
1783570920,2026-07-08T21:22:00-07:00,120,
1783570980,2026-07-08T21:23:00-07:00,150,
1783571040,2026-07-08T21:24:00-07:00,66,
1783571100,2026-07-08T21:25:00-07:00,148,
1783571160,2026-07-08T21:26:00-07:00,202,
1783571220,2026-07-08T21:27:00-07:00,123,
1783571280,2026-07-08T21:28:00-07:00,98,
1783571340,2026-07-08T21:29:00-07:00,139,
1783571400,2026-07-08T21:30:00-07:00,121,
1783571460,2026-07-08T21:31:00-07:00,60,
1783571520,2026-07-08T21:32:00-07:00,154,
1783571580,2026-07-08T21:33:00-07:00,98,
1783571640,2026-07-08T21:34:00-07:00,151,
1783571700,2026-07-08T21:35:00-07:00,86,
1783571760,2026-07-08T21:36:00-07:00,134,
1783571820,2026-07-08T21:37:00-07:00,157,
1783571880,2026-07-08T21:38:00-07:00,106,
1783571940,2026-07-08T21:39:00-07:00,102,
1783572000,2026-07-08T21:40:00-07:00,60,
1783572060,2026-07-08T21:41:00-07:00,91,
1783572120,2026-07-08T21:42:00-07:00,128,
1783572180,2026-07-08T21:43:00-07:00,119,
1783572240,2026-07-08T21:44:00-07:00,69,
1783572300,2026-07-08T21:45:00-07:00,131,
1783572360,2026-07-08T21:46:00-07:00,35,
1783572420,2026-07-08T21:47:00-07:00,147,
1783572480,2026-07-08T21:48:00-07:00,75,
1783572540,2026-07-08T21:49:00-07:00,142,
1783572600,2026-07-08T21:50:00-07:00,135,
1783572660,2026-07-08T21:51:00-07:00,99,
1783572720,2026-07-08T21:52:00-07:00,162,
1783572780,2026-07-08T21:53:00-07:00,101,
1783572840,2026-07-08T21:54:00-07:00,176,
1783572900,2026-07-08T21:55:00-07:00,140,
1783572960,2026-07-08T21:56:00-07:00,107,
1783573020,2026-07-08T21:57:00-07:00,145,
1783573080,2026-07-08T21:58:00-07:00,51,
1783573140,2026-07-08T21:59:00-07:00,228,
1783573200,2026-07-08T22:00:00-07:00,77,
1783573260,2026-07-08T22:01:00-07:00,113,
1783573320,2026-07-08T22:02:00-07:00,133,
1783573380,2026-07-08T22:03:00-07:00,63,
1783573440,2026-07-08T22:04:00-07:00,54,
1783573500,2026-07-08T22:05:00-07:00,47,
1783573560,2026-07-08T22:06:00-07:00,78,
1783573620,2026-07-08T22:07:00-07:00,54,
1783573680,2026-07-08T22:08:00-07:00,117,
1783573740,2026-07-08T22:09:00-07:00,132,
1783573800,2026-07-08T22:10:00-07:00,140,
1783573860,2026-07-08T22:11:00-07:00,129,
1783573920,2026-07-08T22:12:00-07:00,81,
1783573980,2026-07-08T22:13:00-07:00,112,
1783574040,2026-07-08T22:14:00-07:00,70,
1783574100,2026-07-08T22:15:00-07:00,146,
1783574160,2026-07-08T22:16:00-07:00,92,
1783574220,2026-07-08T22:17:00-07:00,142,
1783574280,2026-07-08T22:18:00-07:00,88,
1783574340,2026-07-08T22:19:00-07:00,129,
1783574400,2026-07-08T22:20:00-07:00,63,
1783574460,2026-07-08T22:21:00-07:00,100,
1783574520,2026-07-08T22:22:00-07:00,108,
1783574580,2026-07-08T22:23:00-07:00,107,
1783574640,2026-07-08T22:24:00-07:00,37,
1783574700,2026-07-08T22:25:00-07:00,75,
1783574760,2026-07-08T22:26:00-07:00,145,
1783574820,2026-07-08T22:27:00-07:00,106,
1783574880,2026-07-08T22:28:00-07:00,50,
1783574940,2026-07-08T22:29:00-07:00,76,
1783575000,2026-07-08T22:30:00-07:00,131,
1783575060,2026-07-08T22:31:00-07:00,85,
1783575120,2026-07-08T22:32:00-07:00,42,
1783575180,2026-07-08T22:33:00-07:00,121,
1783575240,2026-07-08T22:34:00-07:00,97,
1783575300,2026-07-08T22:35:00-07:00,115,
1783575360,2026-07-08T22:36:00-07:00,45,
1783575420,2026-07-08T22:37:00-07:00,177,
1783575480,2026-07-08T22:38:00-07:00,61,
1783575540,2026-07-08T22:39:00-07:00,56,
1783575600,2026-07-08T22:40:00-07:00,141,
1783575660,2026-07-08T22:41:00-07:00,73,
1783575720,2026-07-08T22:42:00-07:00,53,
1783575780,2026-07-08T22:43:00-07:00,56,
1783575840,2026-07-08T22:44:00-07:00,48,
1783575900,2026-07-08T22:45:00-07:00,81,
1783575960,2026-07-08T22:46:00-07:00,79,
1783576020,2026-07-08T22:47:00-07:00,110,
1783576080,2026-07-08T22:48:00-07:00,133,
1783576140,2026-07-08T22:49:00-07:00,183,
1783576200,2026-07-08T22:50:00-07:00,88,
1783576260,2026-07-08T22:51:00-07:00,94,
1783576320,2026-07-08T22:52:00-07:00,89,
1783576380,2026-07-08T22:53:00-07:00,158,
1783576440,2026-07-08T22:54:00-07:00,125,
1783576500,2026-07-08T22:55:00-07:00,98,
1783576560,2026-07-08T22:56:00-07:00,65,
1783576620,2026-07-08T22:57:00-07:00,93,
1783576680,2026-07-08T22:58:00-07:00,55,
1783576740,2026-07-08T22:59:00-07:00,126,
1783576800,2026-07-08T23:00:00-07:00,134,
1783576860,2026-07-08T23:01:00-07:00,130,
1783576920,2026-07-08T23:02:00-07:00,52,
1783576980,2026-07-08T23:03:00-07:00,95,
1783577040,2026-07-08T23:04:00-07:00,56,
1783577100,2026-07-08T23:05:00-07:00,90,
1783577160,2026-07-08T23:06:00-07:00,119,
1783577220,2026-07-08T23:07:00-07:00,57,
1783577280,2026-07-08T23:08:00-07:00,19,
1783577340,2026-07-08T23:09:00-07:00,60,
1783577400,2026-07-08T23:10:00-07:00,25,
1783577460,2026-07-08T23:11:00-07:00,47,
1783577520,2026-07-08T23:12:00-07:00,18,
1783577580,2026-07-08T23:13:00-07:00,74,
1783577640,2026-07-08T23:14:00-07:00,18,
1783577700,2026-07-08T23:15:00-07:00,61,
1783577760,2026-07-08T23:16:00-07:00,31,
1783577820,2026-07-08T23:17:00-07:00,29,
1783577880,2026-07-08T23:18:00-07:00,96,
1783577940,2026-07-08T23:19:00-07:00,27,
1783578000,2026-07-08T23:20:00-07:00,37,
1783578060,2026-07-08T23:21:00-07:00,63,
1783578120,2026-07-08T23:22:00-07:00,12,
1783578180,2026-07-08T23:23:00-07:00,31,
1783578240,2026-07-08T23:24:00-07:00,18,
1783578300,2026-07-08T23:25:00-07:00,24,
1783578360,2026-07-08T23:26:00-07:00,23,
1783578420,2026-07-08T23:27:00-07:00,23,
1783578480,2026-07-08T23:28:00-07:00,39,
1783578540,2026-07-08T23:29:00-07:00,49,
1783578600,2026-07-08T23:30:00-07:00,22,
1783578660,2026-07-08T23:31:00-07:00,12,
1783578720,2026-07-08T23:32:00-07:00,33,
1783578780,2026-07-08T23:33:00-07:00,15,
1783578840,2026-07-08T23:34:00-07:00,34,
1783578900,2026-07-08T23:35:00-07:00,44,
1783578960,2026-07-08T23:36:00-07:00,36,
1783579020,2026-07-08T23:37:00-07:00,24,
1783579080,2026-07-08T23:38:00-07:00,15,
1783579140,2026-07-08T23:39:00-07:00,86,
1783579200,2026-07-08T23:40:00-07:00,33,
1783579260,2026-07-08T23:41:00-07:00,47,
1783579320,2026-07-08T23:42:00-07:00,91,
1783579380,2026-07-08T23:43:00-07:00,59,
1783579440,2026-07-08T23:44:00-07:00,25,
1783579500,2026-07-08T23:45:00-07:00,37,
1783579560,2026-07-08T23:46:00-07:00,24,
1783579620,2026-07-08T23:47:00-07:00,24,
1783579680,2026-07-08T23:48:00-07:00,32,
1783579740,2026-07-08T23:49:00-07:00,21,
1783579800,2026-07-08T23:50:00-07:00,22,
1783579860,2026-07-08T23:51:00-07:00,70,
1783579920,2026-07-08T23:52:00-07:00,40,
1783579980,2026-07-08T23:53:00-07:00,42,
1783580040,2026-07-08T23:54:00-07:00,14,
1783580100,2026-07-08T23:55:00-07:00,32,
1783580160,2026-07-08T23:56:00-07:00,49,
1783580220,2026-07-08T23:57:00-07:00,51,
1783580280,2026-07-08T23:58:00-07:00,20,
1783580340,2026-07-08T23:59:00-07:00,50,
1783580400,2026-07-09T00:00:00-07:00,38,
1783580460,2026-07-09T00:01:00-07:00,42,
1783580520,2026-07-09T00:02:00-07:00,44,
1783580580,2026-07-09T00:03:00-07:00,44,
1783580640,2026-07-09T00:04:00-07:00,65,
1783580700,2026-07-09T00:05:00-07:00,45,
1783580760,2026-07-09T00:06:00-07:00,26,
1783580820,2026-07-09T00:07:00-07:00,15,
1783580880,2026-07-09T00:08:00-07:00,14,
1783580940,2026-07-09T00:09:00-07:00,19,
1783581000,2026-07-09T00:10:00-07:00,22,
1783581060,2026-07-09T00:11:00-07:00,37,
1783581120,2026-07-09T00:12:00-07:00,19,
1783581180,2026-07-09T00:13:00-07:00,30,
1783581240,2026-07-09T00:14:00-07:00,50,
1783581300,2026-07-09T00:15:00-07:00,50,
1783581360,2026-07-09T00:16:00-07:00,9,
1783581420,2026-07-09T00:17:00-07:00,4,
1783581480,2026-07-09T00:18:00-07:00,34,
1783581540,2026-07-09T00:19:00-07:00,37,
1783581600,2026-07-09T00:20:00-07:00,38,
1783581660,2026-07-09T00:21:00-07:00,19,
1783581720,2026-07-09T00:22:00-07:00,83,
1783581780,2026-07-09T00:23:00-07:00,18,
1783581840,2026-07-09T00:24:00-07:00,22,
1783581900,2026-07-09T00:25:00-07:00,21,
1783581960,2026-07-09T00:26:00-07:00,33,
1783582020,2026-07-09T00:27:00-07:00,58,
1783582080,2026-07-09T00:28:00-07:00,13,
1783582140,2026-07-09T00:29:00-07:00,58,
1783582200,2026-07-09T00:30:00-07:00,13,
1783582260,2026-07-09T00:31:00-07:00,19,
1783582320,2026-07-09T00:32:00-07:00,28,
1783582380,2026-07-09T00:33:00-07:00,49,
1783582440,2026-07-09T00:34:00-07:00,44,
1783582500,2026-07-09T00:35:00-07:00,48,
1783582560,2026-07-09T00:36:00-07:00,38,
1783582620,2026-07-09T00:37:00-07:00,13,
1783582680,2026-07-09T00:38:00-07:00,38,
1783582740,2026-07-09T00:39:00-07:00,25,
1783582800,2026-07-09T00:40:00-07:00,31,
1783582860,2026-07-09T00:41:00-07:00,18,
1783582920,2026-07-09T00:42:00-07:00,39,
1783582980,2026-07-09T00:43:00-07:00,20,
1783583040,2026-07-09T00:44:00-07:00,28,
1783583100,2026-07-09T00:45:00-07:00,37,
1783583160,2026-07-09T00:46:00-07:00,15,
1783583220,2026-07-09T00:47:00-07:00,68,
1783583280,2026-07-09T00:48:00-07:00,36,
1783583340,2026-07-09T00:49:00-07:00,38,
1783583400,2026-07-09T00:50:00-07:00,24,
1783583460,2026-07-09T00:51:00-07:00,37,
1783583520,2026-07-09T00:52:00-07:00,21,
1783583580,2026-07-09T00:53:00-07:00,24,
1783583640,2026-07-09T00:54:00-07:00,45,
1783583700,2026-07-09T00:55:00-07:00,31,
1783583760,2026-07-09T00:56:00-07:00,15,
1783583820,2026-07-09T00:57:00-07:00,27,
1783583880,2026-07-09T00:58:00-07:00,15,
1783583940,2026-07-09T00:59:00-07:00,28,
1783584000,2026-07-09T01:00:00-07:00,13,
1783584060,2026-07-09T01:01:00-07:00,21,
1783584120,2026-07-09T01:02:00-07:00,13,
1783584180,2026-07-09T01:03:00-07:00,27,
1783584240,2026-07-09T01:04:00-07:00,4,
1783584300,2026-07-09T01:05:00-07:00,21,
1783584360,2026-07-09T01:06:00-07:00,25,
1783584420,2026-07-09T01:07:00-07:00,21,
1783584480,2026-07-09T01:08:00-07:00,13,
1783584540,2026-07-09T01:09:00-07:00,16,
1783584600,2026-07-09T01:10:00-07:00,7,
1783584660,2026-07-09T01:11:00-07:00,9,
1783584720,2026-07-09T01:12:00-07:00,20,
1783584780,2026-07-09T01:13:00-07:00,13,
1783584840,2026-07-09T01:14:00-07:00,24,
1783584900,2026-07-09T01:15:00-07:00,11,
1783584960,2026-07-09T01:16:00-07:00,40,
1783585020,2026-07-09T01:17:00-07:00,16,
1783585080,2026-07-09T01:18:00-07:00,40,
1783585140,2026-07-09T01:19:00-07:00,11,
1783585200,2026-07-09T01:20:00-07:00,26,
1783585260,2026-07-09T01:21:00-07:00,19,
1783585320,2026-07-09T01:22:00-07:00,17,
1783585380,2026-07-09T01:23:00-07:00,21,
1783585440,2026-07-09T01:24:00-07:00,19,
1783585500,2026-07-09T01:25:00-07:00,21,
1783585560,2026-07-09T01:26:00-07:00,27,
1783585620,2026-07-09T01:27:00-07:00,16,
1783585680,2026-07-09T01:28:00-07:00,17,
1783585740,2026-07-09T01:29:00-07:00,12,
1783585800,2026-07-09T01:30:00-07:00,12,
1783585860,2026-07-09T01:31:00-07:00,15,
1783585920,2026-07-09T01:32:00-07:00,2,
1783585980,2026-07-09T01:33:00-07:00,16,
1783586040,2026-07-09T01:34:00-07:00,18,
1783586100,2026-07-09T01:35:00-07:00,8,
1783586160,2026-07-09T01:36:00-07:00,20,
1783586220,2026-07-09T01:37:00-07:00,32,
1783586280,2026-07-09T01:38:00-07:00,40,
1783586340,2026-07-09T01:39:00-07:00,7,
1783586400,2026-07-09T01:40:00-07:00,2,
1783586460,2026-07-09T01:41:00-07:00,17,
1783586520,2026-07-09T01:42:00-07:00,8,
1783586580,2026-07-09T01:43:00-07:00,8,
1783586640,2026-07-09T01:44:00-07:00,58,
1783586700,2026-07-09T01:45:00-07:00,27,
1783586760,2026-07-09T01:46:00-07:00,41,
1783586820,2026-07-09T01:47:00-07:00,22,
1783586880,2026-07-09T01:48:00-07:00,9,
1783586940,2026-07-09T01:49:00-07:00,14,
1783587000,2026-07-09T01:50:00-07:00,15,
1783587060,2026-07-09T01:51:00-07:00,11,
1783587120,2026-07-09T01:52:00-07:00,4,
1783587180,2026-07-09T01:53:00-07:00,9,
1783587240,2026-07-09T01:54:00-07:00,14,
1783587300,2026-07-09T01:55:00-07:00,8,
1783587360,2026-07-09T01:56:00-07:00,7,
1783587420,2026-07-09T01:57:00-07:00,5,
1783587480,2026-07-09T01:58:00-07:00,10,
1783587540,2026-07-09T01:59:00-07:00,9,
1783587600,2026-07-09T02:00:00-07:00,7,
1783587660,2026-07-09T02:01:00-07:00,13,
1783587720,2026-07-09T02:02:00-07:00,6,
1783587780,2026-07-09T02:03:00-07:00,6,
1783587840,2026-07-09T02:04:00-07:00,14,
1783587900,2026-07-09T02:05:00-07:00,25,
1783587960,2026-07-09T02:06:00-07:00,3,
1783588020,2026-07-09T02:07:00-07:00,13,
1783588080,2026-07-09T02:08:00-07:00,8,
1783588140,2026-07-09T02:09:00-07:00,7,
1783588200,2026-07-09T02:10:00-07:00,15,
1783588260,2026-07-09T02:11:00-07:00,12,
1783588320,2026-07-09T02:12:00-07:00,23,
1783588380,2026-07-09T02:13:00-07:00,5,
1783588440,2026-07-09T02:14:00-07:00,8,
1783588500,2026-07-09T02:15:00-07:00,4,
1783588560,2026-07-09T02:16:00-07:00,12,
1783588620,2026-07-09T02:17:00-07:00,13,
1783588680,2026-07-09T02:18:00-07:00,36,
1783588740,2026-07-09T02:19:00-07:00,23,
1783588800,2026-07-09T02:20:00-07:00,11,
1783588860,2026-07-09T02:21:00-07:00,10,
1783588920,2026-07-09T02:22:00-07:00,9,
1783588980,2026-07-09T02:23:00-07:00,7,
1783589040,2026-07-09T02:24:00-07:00,18,
1783589100,2026-07-09T02:25:00-07:00,6,
1783589160,2026-07-09T02:26:00-07:00,7,
1783589220,2026-07-09T02:27:00-07:00,4,
1783589280,2026-07-09T02:28:00-07:00,8,
1783589340,2026-07-09T02:29:00-07:00,13,
1783589400,2026-07-09T02:30:00-07:00,6,
1783589460,2026-07-09T02:31:00-07:00,4,
1783589520,2026-07-09T02:32:00-07:00,8,
1783589580,2026-07-09T02:33:00-07:00,11,
1783589640,2026-07-09T02:34:00-07:00,6,
1783589700,2026-07-09T02:35:00-07:00,4,
1783589760,2026-07-09T02:36:00-07:00,3,
1783589820,2026-07-09T02:37:00-07:00,4,
1783589880,2026-07-09T02:38:00-07:00,4,
1783589940,2026-07-09T02:39:00-07:00,5,
1783590000,2026-07-09T02:40:00-07:00,6,
1783590060,2026-07-09T02:41:00-07:00,5,
1783590120,2026-07-09T02:42:00-07:00,15,
1783590180,2026-07-09T02:43:00-07:00,5,
1783590240,2026-07-09T02:44:00-07:00,3,
1783590300,2026-07-09T02:45:00-07:00,3,
1783590360,2026-07-09T02:46:00-07:00,6,
1783590420,2026-07-09T02:47:00-07:00,7,
1783590480,2026-07-09T02:48:00-07:00,5,
1783590540,2026-07-09T02:49:00-07:00,4,
1783590600,2026-07-09T02:50:00-07:00,29,
1783590660,2026-07-09T02:51:00-07:00,3,
1783590720,2026-07-09T02:52:00-07:00,18,
1783590780,2026-07-09T02:53:00-07:00,3,
1783590840,2026-07-09T02:54:00-07:00,5,
1783590900,2026-07-09T02:55:00-07:00,7,
1783590960,2026-07-09T02:56:00-07:00,6,
1783591020,2026-07-09T02:57:00-07:00,6,
1783591080,2026-07-09T02:58:00-07:00,7,
1783591140,2026-07-09T02:59:00-07:00,8,
1783591200,2026-07-09T03:00:00-07:00,11,
1783591260,2026-07-09T03:01:00-07:00,4,
1783591320,2026-07-09T03:02:00-07:00,8,
1783591380,2026-07-09T03:03:00-07:00,6,
1783591440,2026-07-09T03:04:00-07:00,7,
1783591500,2026-07-09T03:05:00-07:00,6,
1783591560,2026-07-09T03:06:00-07:00,6,
1783591620,2026-07-09T03:07:00-07:00,3,
1783591680,2026-07-09T03:08:00-07:00,6,
1783591740,2026-07-09T03:09:00-07:00,8,
1783591800,2026-07-09T03:10:00-07:00,3,
1783591860,2026-07-09T03:11:00-07:00,4,
1783591920,2026-07-09T03:12:00-07:00,5,
1783591980,2026-07-09T03:13:00-07:00,8,
1783592040,2026-07-09T03:14:00-07:00,10,
1783592100,2026-07-09T03:15:00-07:00,4,
1783592160,2026-07-09T03:16:00-07:00,8,
1783592220,2026-07-09T03:17:00-07:00,5,
1783592280,2026-07-09T03:18:00-07:00,9,
1783592340,2026-07-09T03:19:00-07:00,6,
1783592400,2026-07-09T03:20:00-07:00,8,
1783592460,2026-07-09T03:21:00-07:00,6,
1783592520,2026-07-09T03:22:00-07:00,7,
1783592580,2026-07-09T03:23:00-07:00,5,
1783592640,2026-07-09T03:24:00-07:00,7,
1783592700,2026-07-09T03:25:00-07:00,10,
1783592760,2026-07-09T03:26:00-07:00,10,
1783592820,2026-07-09T03:27:00-07:00,8,
1783592880,2026-07-09T03:28:00-07:00,6,
1783592940,2026-07-09T03:29:00-07:00,6,
1783593000,2026-07-09T03:30:00-07:00,5,
1783593060,2026-07-09T03:31:00-07:00,6,
1783593120,2026-07-09T03:32:00-07:00,5,
1783593180,2026-07-09T03:33:00-07:00,8,
1783593240,2026-07-09T03:34:00-07:00,8,
1783593300,2026-07-09T03:35:00-07:00,10,
1783593360,2026-07-09T03:36:00-07:00,7,
1783593420,2026-07-09T03:37:00-07:00,6,
1783593480,2026-07-09T03:38:00-07:00,4,
1783593540,2026-07-09T03:39:00-07:00,6,
1783593600,2026-07-09T03:40:00-07:00,8,
1783593660,2026-07-09T03:41:00-07:00,11,
1783593720,2026-07-09T03:42:00-07:00,5,
1783593780,2026-07-09T03:43:00-07:00,18,
1783593840,2026-07-09T03:44:00-07:00,12,
1783593900,2026-07-09T03:45:00-07:00,9,
1783593960,2026-07-09T03:46:00-07:00,6,
1783594020,2026-07-09T03:47:00-07:00,9,
1783594080,2026-07-09T03:48:00-07:00,6,
1783594140,2026-07-09T03:49:00-07:00,4,
1783594200,2026-07-09T03:50:00-07:00,13,
1783594260,2026-07-09T03:51:00-07:00,7,
1783594320,2026-07-09T03:52:00-07:00,13,
1783594380,2026-07-09T03:53:00-07:00,5,
1783594440,2026-07-09T03:54:00-07:00,5,
1783594500,2026-07-09T03:55:00-07:00,7,
1783594560,2026-07-09T03:56:00-07:00,5,
1783594620,2026-07-09T03:57:00-07:00,6,
1783594680,2026-07-09T03:58:00-07:00,7,
1783594740,2026-07-09T03:59:00-07:00,5,
1783594800,2026-07-09T04:00:00-07:00,8,
1783594860,2026-07-09T04:01:00-07:00,12,
1783594920,2026-07-09T04:02:00-07:00,7,
1783594980,2026-07-09T04:03:00-07:00,5,
1783595040,2026-07-09T04:04:00-07:00,6,
1783595100,2026-07-09T04:05:00-07:00,9,
1783595160,2026-07-09T04:06:00-07:00,9,
1783595220,2026-07-09T04:07:00-07:00,7,
1783595280,2026-07-09T04:08:00-07:00,6,
1783595340,2026-07-09T04:09:00-07:00,6,
1783595400,2026-07-09T04:10:00-07:00,16,
1783595460,2026-07-09T04:11:00-07:00,29,
1783595520,2026-07-09T04:12:00-07:00,3,
1783595580,2026-07-09T04:13:00-07:00,6,
1783595640,2026-07-09T04:14:00-07:00,8,
1783595700,2026-07-09T04:15:00-07:00,10,
1783595760,2026-07-09T04:16:00-07:00,942,
1783595820,2026-07-09T04:17:00-07:00,6,
1783595880,2026-07-09T04:18:00-07:00,14,
1783595940,2026-07-09T04:19:00-07:00,9,
1783596000,2026-07-09T04:20:00-07:00,7,
1783596060,2026-07-09T04:21:00-07:00,8,
1783596120,2026-07-09T04:22:00-07:00,10,
1783596180,2026-07-09T04:23:00-07:00,7,
1783596240,2026-07-09T04:24:00-07:00,6,
1783596300,2026-07-09T04:25:00-07:00,6,
1783596360,2026-07-09T04:26:00-07:00,8,
1783596420,2026-07-09T04:27:00-07:00,7,
1783596480,2026-07-09T04:28:00-07:00,6,
1783596540,2026-07-09T04:29:00-07:00,15,
1783596600,2026-07-09T04:30:00-07:00,9,
1783596660,2026-07-09T04:31:00-07:00,5,
1783596720,2026-07-09T04:32:00-07:00,8,
1783596780,2026-07-09T04:33:00-07:00,8,
1783596840,2026-07-09T04:34:00-07:00,7,
1783596900,2026-07-09T04:35:00-07:00,5,
1783596960,2026-07-09T04:36:00-07:00,6,
1783597020,2026-07-09T04:37:00-07:00,9,
1783597080,2026-07-09T04:38:00-07:00,9,
1783597140,2026-07-09T04:39:00-07:00,6,
1783597200,2026-07-09T04:40:00-07:00,5,
1783597260,2026-07-09T04:41:00-07:00,5,
1783597320,2026-07-09T04:42:00-07:00,10,
1783597380,2026-07-09T04:43:00-07:00,5,
1783597440,2026-07-09T04:44:00-07:00,8,
1783597500,2026-07-09T04:45:00-07:00,8,
1783597560,2026-07-09T04:46:00-07:00,7,
1783597620,2026-07-09T04:47:00-07:00,9,
1783597680,2026-07-09T04:48:00-07:00,6,
1783597740,2026-07-09T04:49:00-07:00,7,
1783597800,2026-07-09T04:50:00-07:00,7,
1783597860,2026-07-09T04:51:00-07:00,8,
1783597920,2026-07-09T04:52:00-07:00,7,
1783597980,2026-07-09T04:53:00-07:00,6,
1783598040,2026-07-09T04:54:00-07:00,7,
1783598100,2026-07-09T04:55:00-07:00,2,
1783598160,2026-07-09T04:56:00-07:00,4,
1783598220,2026-07-09T04:57:00-07:00,6,
1783598280,2026-07-09T04:58:00-07:00,5,
1783598340,2026-07-09T04:59:00-07:00,6,
1783598400,2026-07-09T05:00:00-07:00,8,
1783598460,2026-07-09T05:01:00-07:00,5,
1783598520,2026-07-09T05:02:00-07:00,11,
1783598580,2026-07-09T05:03:00-07:00,8,
1783598640,2026-07-09T05:04:00-07:00,7,
1783598700,2026-07-09T05:05:00-07:00,8,
1783598760,2026-07-09T05:06:00-07:00,8,
1783598820,2026-07-09T05:07:00-07:00,9,
1783598880,2026-07-09T05:08:00-07:00,5,
1783598940,2026-07-09T05:09:00-07:00,10,
1783599000,2026-07-09T05:10:00-07:00,8,
1783599060,2026-07-09T05:11:00-07:00,5,
1783599120,2026-07-09T05:12:00-07:00,5,
1783599180,2026-07-09T05:13:00-07:00,11,
1783599240,2026-07-09T05:14:00-07:00,14,
1783599300,2026-07-09T05:15:00-07:00,12,
1783599360,2026-07-09T05:16:00-07:00,2,
1783599420,2026-07-09T05:17:00-07:00,2,
1783599480,2026-07-09T05:18:00-07:00,5,
1783599540,2026-07-09T05:19:00-07:00,5,
1783599600,2026-07-09T05:20:00-07:00,7,
1783599660,2026-07-09T05:21:00-07:00,5,
1783599720,2026-07-09T05:22:00-07:00,5,
1783599780,2026-07-09T05:23:00-07:00,2,
1783599840,2026-07-09T05:24:00-07:00,4,
1783599900,2026-07-09T05:25:00-07:00,10,
1783599960,2026-07-09T05:26:00-07:00,5,
1783600020,2026-07-09T05:27:00-07:00,2,
1783600080,2026-07-09T05:28:00-07:00,8,
1783600140,2026-07-09T05:29:00-07:00,6,
1783600200,2026-07-09T05:30:00-07:00,7,
1783600260,2026-07-09T05:31:00-07:00,28,
1783600320,2026-07-09T05:32:00-07:00,10,
1783600380,2026-07-09T05:33:00-07:00,18,
1783600440,2026-07-09T05:34:00-07:00,17,
1783600500,2026-07-09T05:35:00-07:00,21,
1783600560,2026-07-09T05:36:00-07:00,4,
1783600620,2026-07-09T05:37:00-07:00,3,
1783600680,2026-07-09T05:38:00-07:00,10,
1783600740,2026-07-09T05:39:00-07:00,6,
1783600800,2026-07-09T05:40:00-07:00,11,
1783600860,2026-07-09T05:41:00-07:00,6,
1783600920,2026-07-09T05:42:00-07:00,10,
1783600980,2026-07-09T05:43:00-07:00,5,
1783601040,2026-07-09T05:44:00-07:00,5,
1783601100,2026-07-09T05:45:00-07:00,7,
1783601160,2026-07-09T05:46:00-07:00,22,
1783601220,2026-07-09T05:47:00-07:00,3,
1783601280,2026-07-09T05:48:00-07:00,16,
1783601340,2026-07-09T05:49:00-07:00,4,
1783601400,2026-07-09T05:50:00-07:00,8,
1783601460,2026-07-09T05:51:00-07:00,6,
1783601520,2026-07-09T05:52:00-07:00,5,
1783601580,2026-07-09T05:53:00-07:00,19,
1783601640,2026-07-09T05:54:00-07:00,10,
1783601700,2026-07-09T05:55:00-07:00,13,
1783601760,2026-07-09T05:56:00-07:00,26,
1783601820,2026-07-09T05:57:00-07:00,22,
1783601880,2026-07-09T05:58:00-07:00,6,
1783601940,2026-07-09T05:59:00-07:00,13,
1783602000,2026-07-09T06:00:00-07:00,5,
1783602060,2026-07-09T06:01:00-07:00,14,
1783602120,2026-07-09T06:02:00-07:00,26,
1783602180,2026-07-09T06:03:00-07:00,26,
1783602240,2026-07-09T06:04:00-07:00,2,
1783602300,2026-07-09T06:05:00-07:00,5,
1783602360,2026-07-09T06:06:00-07:00,7,
1783602420,2026-07-09T06:07:00-07:00,5,
1783602480,2026-07-09T06:08:00-07:00,13,
1783602540,2026-07-09T06:09:00-07:00,32,
1783602600,2026-07-09T06:10:00-07:00,8,
1783602660,2026-07-09T06:11:00-07:00,10,
1783602720,2026-07-09T06:12:00-07:00,10,
1783602780,2026-07-09T06:13:00-07:00,8,
1783602840,2026-07-09T06:14:00-07:00,8,
1783602900,2026-07-09T06:15:00-07:00,8,
1783602960,2026-07-09T06:16:00-07:00,4,
1783603020,2026-07-09T06:17:00-07:00,11,
1783603080,2026-07-09T06:18:00-07:00,20,
1783603140,2026-07-09T06:19:00-07:00,10,
1783603200,2026-07-09T06:20:00-07:00,21,
1783603260,2026-07-09T06:21:00-07:00,16,
1783603320,2026-07-09T06:22:00-07:00,4,
1783603380,2026-07-09T06:23:00-07:00,18,
1783603440,2026-07-09T06:24:00-07:00,15,
1783603500,2026-07-09T06:25:00-07:00,11,
1783603560,2026-07-09T06:26:00-07:00,24,
1783603620,2026-07-09T06:27:00-07:00,11,
1783603680,2026-07-09T06:28:00-07:00,27,
1783603740,2026-07-09T06:29:00-07:00,14,
1783603800,2026-07-09T06:30:00-07:00,12,
1783603860,2026-07-09T06:31:00-07:00,20,
1783603920,2026-07-09T06:32:00-07:00,11,
1783603980,2026-07-09T06:33:00-07:00,6,
1783604040,2026-07-09T06:34:00-07:00,13,
1783604100,2026-07-09T06:35:00-07:00,13,
1783604160,2026-07-09T06:36:00-07:00,12,
1783604220,2026-07-09T06:37:00-07:00,12,
1783604280,2026-07-09T06:38:00-07:00,30,
1783604340,2026-07-09T06:39:00-07:00,14,
1783604400,2026-07-09T06:40:00-07:00,29,
1783604460,2026-07-09T06:41:00-07:00,13,
1783604520,2026-07-09T06:42:00-07:00,22,
1783604580,2026-07-09T06:43:00-07:00,10,
1783604640,2026-07-09T06:44:00-07:00,5,
1783604700,2026-07-09T06:45:00-07:00,43,
1783604760,2026-07-09T06:46:00-07:00,25,
1783604820,2026-07-09T06:47:00-07:00,11,
1783604880,2026-07-09T06:48:00-07:00,8,
1783604940,2026-07-09T06:49:00-07:00,6,
1783605000,2026-07-09T06:50:00-07:00,5,
1783605060,2026-07-09T06:51:00-07:00,5,
1783605120,2026-07-09T06:52:00-07:00,8,
1783605180,2026-07-09T06:53:00-07:00,3,
1783605240,2026-07-09T06:54:00-07:00,9,
1783605300,2026-07-09T06:55:00-07:00,53,
1783605360,2026-07-09T06:56:00-07:00,37,
1783605420,2026-07-09T06:57:00-07:00,5,
1783605480,2026-07-09T06:58:00-07:00,17,
1783605540,2026-07-09T06:59:00-07:00,6,
1783605600,2026-07-09T07:00:00-07:00,4,
1783605660,2026-07-09T07:01:00-07:00,12,
1783605720,2026-07-09T07:02:00-07:00,9,
1783605780,2026-07-09T07:03:00-07:00,9,
1783605840,2026-07-09T07:04:00-07:00,69,
1783605900,2026-07-09T07:05:00-07:00,8,
1783605960,2026-07-09T07:06:00-07:00,43,
1783606020,2026-07-09T07:07:00-07:00,19,
1783606080,2026-07-09T07:08:00-07:00,9,
1783606140,2026-07-09T07:09:00-07:00,31,
1783606200,2026-07-09T07:10:00-07:00,34,
1783606260,2026-07-09T07:11:00-07:00,45,
1783606320,2026-07-09T07:12:00-07:00,18,
1783606380,2026-07-09T07:13:00-07:00,20,
1783606440,2026-07-09T07:14:00-07:00,26,
1783606500,2026-07-09T07:15:00-07:00,25,
1783606560,2026-07-09T07:16:00-07:00,62,
1783606620,2026-07-09T07:17:00-07:00,12,
1783606680,2026-07-09T07:18:00-07:00,8,
1783606740,2026-07-09T07:19:00-07:00,31,
1783606800,2026-07-09T07:20:00-07:00,24,
1783606860,2026-07-09T07:21:00-07:00,11,
1783606920,2026-07-09T07:22:00-07:00,13,
1783606980,2026-07-09T07:23:00-07:00,32,
1783607040,2026-07-09T07:24:00-07:00,7,
1783607100,2026-07-09T07:25:00-07:00,22,
1783607160,2026-07-09T07:26:00-07:00,9,
1783607220,2026-07-09T07:27:00-07:00,19,
1783607280,2026-07-09T07:28:00-07:00,28,
1783607340,2026-07-09T07:29:00-07:00,9,
1783607400,2026-07-09T07:30:00-07:00,21,
1783607460,2026-07-09T07:31:00-07:00,32,
1783607520,2026-07-09T07:32:00-07:00,37,
1783607580,2026-07-09T07:33:00-07:00,11,
1783607640,2026-07-09T07:34:00-07:00,9,
1783607700,2026-07-09T07:35:00-07:00,50,
1783607760,2026-07-09T07:36:00-07:00,30,
1783607820,2026-07-09T07:37:00-07:00,189,
1783607880,2026-07-09T07:38:00-07:00,66,
1783607940,2026-07-09T07:39:00-07:00,22,
1783608000,2026-07-09T07:40:00-07:00,61,
1783608060,2026-07-09T07:41:00-07:00,32,
1783608120,2026-07-09T07:42:00-07:00,36,
1783608180,2026-07-09T07:43:00-07:00,39,
1783608240,2026-07-09T07:44:00-07:00,43,
1783608300,2026-07-09T07:45:00-07:00,14,
1783608360,2026-07-09T07:46:00-07:00,32,
1783608420,2026-07-09T07:47:00-07:00,80,
1783608480,2026-07-09T07:48:00-07:00,45,
1783608540,2026-07-09T07:49:00-07:00,34,
1783608600,2026-07-09T07:50:00-07:00,23,
1783608660,2026-07-09T07:51:00-07:00,40,
1783608720,2026-07-09T07:52:00-07:00,47,
1783608780,2026-07-09T07:53:00-07:00,68,
1783608840,2026-07-09T07:54:00-07:00,76,
1783608900,2026-07-09T07:55:00-07:00,13,
1783608960,2026-07-09T07:56:00-07:00,6,
1783609020,2026-07-09T07:57:00-07:00,26,
1783609080,2026-07-09T07:58:00-07:00,22,
1783609140,2026-07-09T07:59:00-07:00,20,
1783609200,2026-07-09T08:00:00-07:00,18,
1783609260,2026-07-09T08:01:00-07:00,21,
1783609320,2026-07-09T08:02:00-07:00,5,
1783609380,2026-07-09T08:03:00-07:00,10,
1783609440,2026-07-09T08:04:00-07:00,7,
1783609500,2026-07-09T08:05:00-07:00,16,
1783609560,2026-07-09T08:06:00-07:00,8,
1783609620,2026-07-09T08:07:00-07:00,52,
1783609680,2026-07-09T08:08:00-07:00,17,
1783609740,2026-07-09T08:09:00-07:00,4,
1783609800,2026-07-09T08:10:00-07:00,14,
1783609860,2026-07-09T08:11:00-07:00,19,
1783609920,2026-07-09T08:12:00-07:00,52,
1783609980,2026-07-09T08:13:00-07:00,24,
1783610040,2026-07-09T08:14:00-07:00,38,
1783610100,2026-07-09T08:15:00-07:00,12,
1783610160,2026-07-09T08:16:00-07:00,14,
1783610220,2026-07-09T08:17:00-07:00,10,
1783610280,2026-07-09T08:18:00-07:00,15,
1783610340,2026-07-09T08:19:00-07:00,33,
1783610400,2026-07-09T08:20:00-07:00,16,
1783610460,2026-07-09T08:21:00-07:00,26,
1783610520,2026-07-09T08:22:00-07:00,26,
1783610580,2026-07-09T08:23:00-07:00,53,
1783610640,2026-07-09T08:24:00-07:00,9,
1783610700,2026-07-09T08:25:00-07:00,28,
1783610760,2026-07-09T08:26:00-07:00,52,
1783610820,2026-07-09T08:27:00-07:00,18,
1783610880,2026-07-09T08:28:00-07:00,7,
1783610940,2026-07-09T08:29:00-07:00,9,
1783611000,2026-07-09T08:30:00-07:00,23,
1783611060,2026-07-09T08:31:00-07:00,30,
1783611120,2026-07-09T08:32:00-07:00,9,
1783611180,2026-07-09T08:33:00-07:00,27,
1783611240,2026-07-09T08:34:00-07:00,16,
1783611300,2026-07-09T08:35:00-07:00,14,
1783611360,2026-07-09T08:36:00-07:00,60,
1783611420,2026-07-09T08:37:00-07:00,27,
1783611480,2026-07-09T08:38:00-07:00,19,
1783611540,2026-07-09T08:39:00-07:00,46,
1783611600,2026-07-09T08:40:00-07:00,191,
1783611660,2026-07-09T08:41:00-07:00,13,
1783611720,2026-07-09T08:42:00-07:00,41,
1783611780,2026-07-09T08:43:00-07:00,13,
1783611840,2026-07-09T08:44:00-07:00,8,
1783611900,2026-07-09T08:45:00-07:00,11,
1783611960,2026-07-09T08:46:00-07:00,6,
1783612020,2026-07-09T08:47:00-07:00,20,
1783612080,2026-07-09T08:48:00-07:00,26,
1783612140,2026-07-09T08:49:00-07:00,44,
1783612200,2026-07-09T08:50:00-07:00,20,
1783612260,2026-07-09T08:51:00-07:00,59,
1783612320,2026-07-09T08:52:00-07:00,56,
1783612380,2026-07-09T08:53:00-07:00,43,
1783612440,2026-07-09T08:54:00-07:00,35,
1783612500,2026-07-09T08:55:00-07:00,74,
1783612560,2026-07-09T08:56:00-07:00,32,
1783612620,2026-07-09T08:57:00-07:00,15,
1783612680,2026-07-09T08:58:00-07:00,23,
1783612740,2026-07-09T08:59:00-07:00,7,
1783612800,2026-07-09T09:00:00-07:00,18,
1783612860,2026-07-09T09:01:00-07:00,21,
1783612920,2026-07-09T09:02:00-07:00,96,
1783612980,2026-07-09T09:03:00-07:00,35,
1783613040,2026-07-09T09:04:00-07:00,41,
1783613100,2026-07-09T09:05:00-07:00,44,
1783613160,2026-07-09T09:06:00-07:00,24,
1783613220,2026-07-09T09:07:00-07:00,11,
1783613280,2026-07-09T09:08:00-07:00,42,
1783613340,2026-07-09T09:09:00-07:00,52,
1783613400,2026-07-09T09:10:00-07:00,7,
1783613460,2026-07-09T09:11:00-07:00,16,
1783613520,2026-07-09T09:12:00-07:00,20,
1783613580,2026-07-09T09:13:00-07:00,49,
1783613640,2026-07-09T09:14:00-07:00,40,
1783613700,2026-07-09T09:15:00-07:00,17,
1783613760,2026-07-09T09:16:00-07:00,45,
1783613820,2026-07-09T09:17:00-07:00,32,
1783613880,2026-07-09T09:18:00-07:00,49,
1783613940,2026-07-09T09:19:00-07:00,32,
1783614000,2026-07-09T09:20:00-07:00,74,
1783614060,2026-07-09T09:21:00-07:00,85,
1783614120,2026-07-09T09:22:00-07:00,59,
1783614180,2026-07-09T09:23:00-07:00,22,
1783614240,2026-07-09T09:24:00-07:00,18,
1783614300,2026-07-09T09:25:00-07:00,125,
1783614360,2026-07-09T09:26:00-07:00,40,
1783614420,2026-07-09T09:27:00-07:00,47,
1783614480,2026-07-09T09:28:00-07:00,52,
1783614540,2026-07-09T09:29:00-07:00,39,
1783614600,2026-07-09T09:30:00-07:00,37,
1783614660,2026-07-09T09:31:00-07:00,99,
1783614720,2026-07-09T09:32:00-07:00,28,
1783614780,2026-07-09T09:33:00-07:00,48,
1783614840,2026-07-09T09:34:00-07:00,37,
1783614900,2026-07-09T09:35:00-07:00,34,
1783614960,2026-07-09T09:36:00-07:00,147,
1783615020,2026-07-09T09:37:00-07:00,17,
1783615080,2026-07-09T09:38:00-07:00,24,
1783615140,2026-07-09T09:39:00-07:00,51,
1783615200,2026-07-09T09:40:00-07:00,61,
1783615260,2026-07-09T09:41:00-07:00,64,
1783615320,2026-07-09T09:42:00-07:00,46,
1783615380,2026-07-09T09:43:00-07:00,33,
1783615440,2026-07-09T09:44:00-07:00,26,
1783615500,2026-07-09T09:45:00-07:00,15,
1783615560,2026-07-09T09:46:00-07:00,39,
1783615620,2026-07-09T09:47:00-07:00,17,
1783615680,2026-07-09T09:48:00-07:00,57,
1783615740,2026-07-09T09:49:00-07:00,44,
1783615800,2026-07-09T09:50:00-07:00,46,
1783615860,2026-07-09T09:51:00-07:00,68,
1783615920,2026-07-09T09:52:00-07:00,42,
1783615980,2026-07-09T09:53:00-07:00,60,
1783616040,2026-07-09T09:54:00-07:00,37,
1783616100,2026-07-09T09:55:00-07:00,27,
1783616160,2026-07-09T09:56:00-07:00,18,
1783616220,2026-07-09T09:57:00-07:00,42,
1783616280,2026-07-09T09:58:00-07:00,7,
1783616340,2026-07-09T09:59:00-07:00,8,
1783616400,2026-07-09T10:00:00-07:00,31,
1783616460,2026-07-09T10:01:00-07:00,10,
1783616520,2026-07-09T10:02:00-07:00,51,
1783616580,2026-07-09T10:03:00-07:00,7,
1783616640,2026-07-09T10:04:00-07:00,42,
1783616700,2026-07-09T10:05:00-07:00,17,
1783616760,2026-07-09T10:06:00-07:00,22,
1783616820,2026-07-09T10:07:00-07:00,12,
1783616880,2026-07-09T10:08:00-07:00,9,
1783616940,2026-07-09T10:09:00-07:00,39,
1783617000,2026-07-09T10:10:00-07:00,37,
1783617060,2026-07-09T10:11:00-07:00,31,
1783617120,2026-07-09T10:12:00-07:00,84,
1783617180,2026-07-09T10:13:00-07:00,29,
1783617240,2026-07-09T10:14:00-07:00,47,
1783617300,2026-07-09T10:15:00-07:00,38,
1783617360,2026-07-09T10:16:00-07:00,28,
1783617420,2026-07-09T10:17:00-07:00,63,
1783617480,2026-07-09T10:18:00-07:00,53,
1783617540,2026-07-09T10:19:00-07:00,64,
1783617600,2026-07-09T10:20:00-07:00,27,
1783617660,2026-07-09T10:21:00-07:00,23,
1783617720,2026-07-09T10:22:00-07:00,62,
1783617780,2026-07-09T10:23:00-07:00,23,
1783617840,2026-07-09T10:24:00-07:00,36,
1783617900,2026-07-09T10:25:00-07:00,57,
1783617960,2026-07-09T10:26:00-07:00,45,
1783618020,2026-07-09T10:27:00-07:00,41,
1783618080,2026-07-09T10:28:00-07:00,46,
1783618140,2026-07-09T10:29:00-07:00,44,
1783618200,2026-07-09T10:30:00-07:00,66,
1783618260,2026-07-09T10:31:00-07:00,59,
1783618320,2026-07-09T10:32:00-07:00,37,
1783618380,2026-07-09T10:33:00-07:00,37,
1783618440,2026-07-09T10:34:00-07:00,79,
1783618500,2026-07-09T10:35:00-07:00,69,
1783618560,2026-07-09T10:36:00-07:00,106,
1783618620,2026-07-09T10:37:00-07:00,62,
1783618680,2026-07-09T10:38:00-07:00,52,
1783618740,2026-07-09T10:39:00-07:00,37,
1783618800,2026-07-09T10:40:00-07:00,236,
1783618860,2026-07-09T10:41:00-07:00,46,
1783618920,2026-07-09T10:42:00-07:00,52,
1783618980,2026-07-09T10:43:00-07:00,51,
1783619040,2026-07-09T10:44:00-07:00,40,
1783619100,2026-07-09T10:45:00-07:00,31,
1783619160,2026-07-09T10:46:00-07:00,116,
1783619220,2026-07-09T10:47:00-07:00,22,
1783619280,2026-07-09T10:48:00-07:00,86,
1783619340,2026-07-09T10:49:00-07:00,75,
1783619400,2026-07-09T10:50:00-07:00,31,
1783619460,2026-07-09T10:51:00-07:00,42,
1783619520,2026-07-09T10:52:00-07:00,7,
1783619580,2026-07-09T10:53:00-07:00,11,
1783619640,2026-07-09T10:54:00-07:00,48,
1783619700,2026-07-09T10:55:00-07:00,41,
1783619760,2026-07-09T10:56:00-07:00,154,
1783619820,2026-07-09T10:57:00-07:00,78,
1783619880,2026-07-09T10:58:00-07:00,63,
1783619940,2026-07-09T10:59:00-07:00,40,
1783620000,2026-07-09T11:00:00-07:00,33,
1783620060,2026-07-09T11:01:00-07:00,52,
1783620120,2026-07-09T11:02:00-07:00,37,
1783620180,2026-07-09T11:03:00-07:00,43,
1783620240,2026-07-09T11:04:00-07:00,37,
1783620300,2026-07-09T11:05:00-07:00,64,
1783620360,2026-07-09T11:06:00-07:00,78,
1783620420,2026-07-09T11:07:00-07:00,49,
1783620480,2026-07-09T11:08:00-07:00,120,
1783620540,2026-07-09T11:09:00-07:00,93,
1783620600,2026-07-09T11:10:00-07:00,119,
1783620660,2026-07-09T11:11:00-07:00,28,
1783620720,2026-07-09T11:12:00-07:00,33,
1783620780,2026-07-09T11:13:00-07:00,172,
1783620840,2026-07-09T11:14:00-07:00,74,
1783620900,2026-07-09T11:15:00-07:00,92,
1783620960,2026-07-09T11:16:00-07:00,52,
1783621020,2026-07-09T11:17:00-07:00,70,
1783621080,2026-07-09T11:18:00-07:00,24,
1783621140,2026-07-09T11:19:00-07:00,102,
1783621200,2026-07-09T11:20:00-07:00,30,
1783621260,2026-07-09T11:21:00-07:00,84,
1783621320,2026-07-09T11:22:00-07:00,53,
1783621380,2026-07-09T11:23:00-07:00,20,
1783621440,2026-07-09T11:24:00-07:00,25,
1783621500,2026-07-09T11:25:00-07:00,65,
1783621560,2026-07-09T11:26:00-07:00,72,
1783621620,2026-07-09T11:27:00-07:00,71,
1783621680,2026-07-09T11:28:00-07:00,64,
1783621740,2026-07-09T11:29:00-07:00,35,
1783621800,2026-07-09T11:30:00-07:00,47,
1783621860,2026-07-09T11:31:00-07:00,46,
1783621920,2026-07-09T11:32:00-07:00,61,
1783621980,2026-07-09T11:33:00-07:00,105,
1783622040,2026-07-09T11:34:00-07:00,111,
1783622100,2026-07-09T11:35:00-07:00,38,
1783622160,2026-07-09T11:36:00-07:00,66,
1783622220,2026-07-09T11:37:00-07:00,31,
1783622280,2026-07-09T11:38:00-07:00,28,
1783622340,2026-07-09T11:39:00-07:00,41,
1783622400,2026-07-09T11:40:00-07:00,58,
1783622460,2026-07-09T11:41:00-07:00,35,
1783622520,2026-07-09T11:42:00-07:00,85,
1783622580,2026-07-09T11:43:00-07:00,65,
1783622640,2026-07-09T11:44:00-07:00,183,
1783622700,2026-07-09T11:45:00-07:00,45,
1783622760,2026-07-09T11:46:00-07:00,82,
1783622820,2026-07-09T11:47:00-07:00,58,
1783622880,2026-07-09T11:48:00-07:00,18,
1783622940,2026-07-09T11:49:00-07:00,29,
1783623000,2026-07-09T11:50:00-07:00,36,
1783623060,2026-07-09T11:51:00-07:00,42,
1783623120,2026-07-09T11:52:00-07:00,62,
1783623180,2026-07-09T11:53:00-07:00,51,
1783623240,2026-07-09T11:54:00-07:00,38,
1783623300,2026-07-09T11:55:00-07:00,11,
1783623360,2026-07-09T11:56:00-07:00,45,
1783623420,2026-07-09T11:57:00-07:00,79,
1783623480,2026-07-09T11:58:00-07:00,141,
1783623540,2026-07-09T11:59:00-07:00,124,
1783623600,2026-07-09T12:00:00-07:00,46,
1783623660,2026-07-09T12:01:00-07:00,53,
1783623720,2026-07-09T12:02:00-07:00,50,
1783623780,2026-07-09T12:03:00-07:00,65,
1783623840,2026-07-09T12:04:00-07:00,26,
1783623900,2026-07-09T12:05:00-07:00,28,
1783623960,2026-07-09T12:06:00-07:00,41,
1783624020,2026-07-09T12:07:00-07:00,35,
1783624080,2026-07-09T12:08:00-07:00,63,
1783624140,2026-07-09T12:09:00-07:00,56,
1783624200,2026-07-09T12:10:00-07:00,45,
1783624260,2026-07-09T12:11:00-07:00,99,
1783624320,2026-07-09T12:12:00-07:00,23,
1783624380,2026-07-09T12:13:00-07:00,83,
1783624440,2026-07-09T12:14:00-07:00,50,
1783624500,2026-07-09T12:15:00-07:00,78,
1783624560,2026-07-09T12:16:00-07:00,83,
1783624620,2026-07-09T12:17:00-07:00,118,
1783624680,2026-07-09T12:18:00-07:00,140,
1783624740,2026-07-09T12:19:00-07:00,67,
1783624800,2026-07-09T12:20:00-07:00,29,
1783624860,2026-07-09T12:21:00-07:00,72,
1783624920,2026-07-09T12:22:00-07:00,126,
1783624980,2026-07-09T12:23:00-07:00,129,
1783625040,2026-07-09T12:24:00-07:00,95,
1783625100,2026-07-09T12:25:00-07:00,118,
1783625160,2026-07-09T12:26:00-07:00,60,
1783625220,2026-07-09T12:27:00-07:00,110,
1783625280,2026-07-09T12:28:00-07:00,95,
1783625340,2026-07-09T12:29:00-07:00,142,
1783625400,2026-07-09T12:30:00-07:00,47,
1783625460,2026-07-09T12:31:00-07:00,70,
1783625520,2026-07-09T12:32:00-07:00,49,
1783625580,2026-07-09T12:33:00-07:00,56,
1783625640,2026-07-09T12:34:00-07:00,49,
1783625700,2026-07-09T12:35:00-07:00,70,
1783625760,2026-07-09T12:36:00-07:00,52,
1783625820,2026-07-09T12:37:00-07:00,50,
1783625880,2026-07-09T12:38:00-07:00,38,
1783625940,2026-07-09T12:39:00-07:00,98,
1783626000,2026-07-09T12:40:00-07:00,115,
1783626060,2026-07-09T12:41:00-07:00,137,
1783626120,2026-07-09T12:42:00-07:00,79,
1783626180,2026-07-09T12:43:00-07:00,101,
1783626240,2026-07-09T12:44:00-07:00,123,
1783626300,2026-07-09T12:45:00-07:00,100,
1783626360,2026-07-09T12:46:00-07:00,144,
1783626420,2026-07-09T12:47:00-07:00,59,
1783626480,2026-07-09T12:48:00-07:00,38,
1783626540,2026-07-09T12:49:00-07:00,128,
1783626600,2026-07-09T12:50:00-07:00,41,
1783626660,2026-07-09T12:51:00-07:00,40,
1783626720,2026-07-09T12:52:00-07:00,63,
1783626780,2026-07-09T12:53:00-07:00,53,
1783626840,2026-07-09T12:54:00-07:00,101,
1783626900,2026-07-09T12:55:00-07:00,46,
1783626960,2026-07-09T12:56:00-07:00,50,
1783627020,2026-07-09T12:57:00-07:00,56,
1783627080,2026-07-09T12:58:00-07:00,47,
1783627140,2026-07-09T12:59:00-07:00,53,
1783627200,2026-07-09T13:00:00-07:00,28,
1783627260,2026-07-09T13:01:00-07:00,47,
1783627320,2026-07-09T13:02:00-07:00,43,
1783627380,2026-07-09T13:03:00-07:00,120,
1783627440,2026-07-09T13:04:00-07:00,34,
1783627500,2026-07-09T13:05:00-07:00,95,
1783627560,2026-07-09T13:06:00-07:00,146,
1783627620,2026-07-09T13:07:00-07:00,58,
1783627680,2026-07-09T13:08:00-07:00,58,
1783627740,2026-07-09T13:09:00-07:00,122,
1783627800,2026-07-09T13:10:00-07:00,56,
1783627860,2026-07-09T13:11:00-07:00,113,
1783627920,2026-07-09T13:12:00-07:00,122,
1783627980,2026-07-09T13:13:00-07:00,74,
1783628040,2026-07-09T13:14:00-07:00,113,
1783628100,2026-07-09T13:15:00-07:00,51,
1783628160,2026-07-09T13:16:00-07:00,70,
1783628220,2026-07-09T13:17:00-07:00,72,
1783628280,2026-07-09T13:18:00-07:00,56,
1783628340,2026-07-09T13:19:00-07:00,57,
1783628400,2026-07-09T13:20:00-07:00,118,
1783628460,2026-07-09T13:21:00-07:00,120,
1783628520,2026-07-09T13:22:00-07:00,83,
1783628580,2026-07-09T13:23:00-07:00,90,
1783628640,2026-07-09T13:24:00-07:00,111,
1783628700,2026-07-09T13:25:00-07:00,132,
1783628760,2026-07-09T13:26:00-07:00,156,
1783628820,2026-07-09T13:27:00-07:00,77,
1783628880,2026-07-09T13:28:00-07:00,155,
1783628940,2026-07-09T13:29:00-07:00,98,
1783629000,2026-07-09T13:30:00-07:00,146,
1783629060,2026-07-09T13:31:00-07:00,167,
1783629120,2026-07-09T13:32:00-07:00,100,
1783629180,2026-07-09T13:33:00-07:00,127,
1783629240,2026-07-09T13:34:00-07:00,26,
1783629300,2026-07-09T13:35:00-07:00,126,
1783629360,2026-07-09T13:36:00-07:00,188,
1783629420,2026-07-09T13:37:00-07:00,54,
1783629480,2026-07-09T13:38:00-07:00,108,
1783629540,2026-07-09T13:39:00-07:00,115,
1783629600,2026-07-09T13:40:00-07:00,100,
1783629660,2026-07-09T13:41:00-07:00,57,
1783629720,2026-07-09T13:42:00-07:00,101,
1783629780,2026-07-09T13:43:00-07:00,48,
1783629840,2026-07-09T13:44:00-07:00,89,
1783629900,2026-07-09T13:45:00-07:00,108,
1783629960,2026-07-09T13:46:00-07:00,76,
1783630020,2026-07-09T13:47:00-07:00,91,
1783630080,2026-07-09T13:48:00-07:00,88,
1783630140,2026-07-09T13:49:00-07:00,90,
1783630200,2026-07-09T13:50:00-07:00,69,
1783630260,2026-07-09T13:51:00-07:00,66,
1783630320,2026-07-09T13:52:00-07:00,77,
1783630380,2026-07-09T13:53:00-07:00,93,
1783630440,2026-07-09T13:54:00-07:00,105,
1783630500,2026-07-09T13:55:00-07:00,186,
1783630560,2026-07-09T13:56:00-07:00,86,
1783630620,2026-07-09T13:57:00-07:00,65,
1783630680,2026-07-09T13:58:00-07:00,67,
1783630740,2026-07-09T13:59:00-07:00,115,
1783630800,2026-07-09T14:00:00-07:00,70,
1783630860,2026-07-09T14:01:00-07:00,70,
1783630920,2026-07-09T14:02:00-07:00,56,
1783630980,2026-07-09T14:03:00-07:00,136,
1783631040,2026-07-09T14:04:00-07:00,137,
1783631100,2026-07-09T14:05:00-07:00,123,
1783631160,2026-07-09T14:06:00-07:00,146,
1783631220,2026-07-09T14:07:00-07:00,67,
1783631280,2026-07-09T14:08:00-07:00,190,
1783631340,2026-07-09T14:09:00-07:00,53,
1783631400,2026-07-09T14:10:00-07:00,106,
1783631460,2026-07-09T14:11:00-07:00,68,
1783631520,2026-07-09T14:12:00-07:00,111,
1783631580,2026-07-09T14:13:00-07:00,89,
1783631640,2026-07-09T14:14:00-07:00,61,
1783631700,2026-07-09T14:15:00-07:00,156,
1783631760,2026-07-09T14:16:00-07:00,105,
1783631820,2026-07-09T14:17:00-07:00,149,
1783631880,2026-07-09T14:18:00-07:00,200,
1783631940,2026-07-09T14:19:00-07:00,115,
1783632000,2026-07-09T14:20:00-07:00,76,
1783632060,2026-07-09T14:21:00-07:00,104,
1783632120,2026-07-09T14:22:00-07:00,75,
1783632180,2026-07-09T14:23:00-07:00,133,
1783632240,2026-07-09T14:24:00-07:00,199,
1783632300,2026-07-09T14:25:00-07:00,155,
1783632360,2026-07-09T14:26:00-07:00,109,
1783632420,2026-07-09T14:27:00-07:00,58,
1783632480,2026-07-09T14:28:00-07:00,70,
1783632540,2026-07-09T14:29:00-07:00,124,
1783632600,2026-07-09T14:30:00-07:00,87,
1783632660,2026-07-09T14:31:00-07:00,112,
1783632720,2026-07-09T14:32:00-07:00,196,
1783632780,2026-07-09T14:33:00-07:00,134,
1783632840,2026-07-09T14:34:00-07:00,65,
1783632900,2026-07-09T14:35:00-07:00,130,
1783632960,2026-07-09T14:36:00-07:00,85,
1783633020,2026-07-09T14:37:00-07:00,133,
1783633080,2026-07-09T14:38:00-07:00,151,
1783633140,2026-07-09T14:39:00-07:00,90,
1783633200,2026-07-09T14:40:00-07:00,138,
1783633260,2026-07-09T14:41:00-07:00,141,
1783633320,2026-07-09T14:42:00-07:00,156,
1783633380,2026-07-09T14:43:00-07:00,143,
1783633440,2026-07-09T14:44:00-07:00,96,
1783633500,2026-07-09T14:45:00-07:00,95,
1783633560,2026-07-09T14:46:00-07:00,72,
1783633620,2026-07-09T14:47:00-07:00,169,
1783633680,2026-07-09T14:48:00-07:00,206,
1783633740,2026-07-09T14:49:00-07:00,80,
1783633800,2026-07-09T14:50:00-07:00,100,
1783633860,2026-07-09T14:51:00-07:00,74,
1783633920,2026-07-09T14:52:00-07:00,65,
1783633980,2026-07-09T14:53:00-07:00,138,
1783634040,2026-07-09T14:54:00-07:00,84,
1783634100,2026-07-09T14:55:00-07:00,137,
1783634160,2026-07-09T14:56:00-07:00,134,
1783634220,2026-07-09T14:57:00-07:00,137,
1783634280,2026-07-09T14:58:00-07:00,142,
1783634340,2026-07-09T14:59:00-07:00,182,
1783634400,2026-07-09T15:00:00-07:00,127,
1783634460,2026-07-09T15:01:00-07:00,158,
1783634520,2026-07-09T15:02:00-07:00,167,
1783634580,2026-07-09T15:03:00-07:00,92,
1783634640,2026-07-09T15:04:00-07:00,119,
1783634700,2026-07-09T15:05:00-07:00,145,
1783634760,2026-07-09T15:06:00-07:00,179,
1783634820,2026-07-09T15:07:00-07:00,98,
1783634880,2026-07-09T15:08:00-07:00,94,
1783634940,2026-07-09T15:09:00-07:00,100,
1783635000,2026-07-09T15:10:00-07:00,121,
1783635060,2026-07-09T15:11:00-07:00,103,
1783635120,2026-07-09T15:12:00-07:00,47,
1783635180,2026-07-09T15:13:00-07:00,121,
1783635240,2026-07-09T15:14:00-07:00,151,
1783635300,2026-07-09T15:15:00-07:00,140,
1783635360,2026-07-09T15:16:00-07:00,101,
1783635420,2026-07-09T15:17:00-07:00,77,
1783635480,2026-07-09T15:18:00-07:00,206,
1783635540,2026-07-09T15:19:00-07:00,79,
1783635600,2026-07-09T15:20:00-07:00,161,
1783635660,2026-07-09T15:21:00-07:00,65,
1783635720,2026-07-09T15:22:00-07:00,105,
1783635780,2026-07-09T15:23:00-07:00,66,
1783635840,2026-07-09T15:24:00-07:00,133,
1783635900,2026-07-09T15:25:00-07:00,134,
1783635960,2026-07-09T15:26:00-07:00,68,
1783636020,2026-07-09T15:27:00-07:00,121,
1783636080,2026-07-09T15:28:00-07:00,198,
1783636140,2026-07-09T15:29:00-07:00,135,
1783636200,2026-07-09T15:30:00-07:00,132,
1783636260,2026-07-09T15:31:00-07:00,120,
1783636320,2026-07-09T15:32:00-07:00,97,
1783636380,2026-07-09T15:33:00-07:00,111,
1783636440,2026-07-09T15:34:00-07:00,130,
1783636500,2026-07-09T15:35:00-07:00,132,
1783636560,2026-07-09T15:36:00-07:00,22,
1783636620,2026-07-09T15:37:00-07:00,144,
1783636680,2026-07-09T15:38:00-07:00,66,
1783636740,2026-07-09T15:39:00-07:00,66,
1783636800,2026-07-09T15:40:00-07:00,77,
1783636860,2026-07-09T15:41:00-07:00,130,
1783636920,2026-07-09T15:42:00-07:00,67,
1783636980,2026-07-09T15:43:00-07:00,45,
1783637040,2026-07-09T15:44:00-07:00,166,
1783637100,2026-07-09T15:45:00-07:00,119,
1783637160,2026-07-09T15:46:00-07:00,94,
1783637220,2026-07-09T15:47:00-07:00,82,
1783637280,2026-07-09T15:48:00-07:00,116,
1783637340,2026-07-09T15:49:00-07:00,72,
1783637400,2026-07-09T15:50:00-07:00,203,
1783637460,2026-07-09T15:51:00-07:00,124,
1783637520,2026-07-09T15:52:00-07:00,57,
1783637580,2026-07-09T15:53:00-07:00,69,
1783637640,2026-07-09T15:54:00-07:00,62,
1783637700,2026-07-09T15:55:00-07:00,101,
1783637760,2026-07-09T15:56:00-07:00,38,
1783637820,2026-07-09T15:57:00-07:00,132,
1783637880,2026-07-09T15:58:00-07:00,123,
1783637940,2026-07-09T15:59:00-07:00,122,
1783638000,2026-07-09T16:00:00-07:00,131,
1783638060,2026-07-09T16:01:00-07:00,82,
1783638120,2026-07-09T16:02:00-07:00,155,
1783638180,2026-07-09T16:03:00-07:00,170,
1783638240,2026-07-09T16:04:00-07:00,207,
1783638300,2026-07-09T16:05:00-07:00,149,
1783638360,2026-07-09T16:06:00-07:00,70,
1783638420,2026-07-09T16:07:00-07:00,43,
1783638480,2026-07-09T16:08:00-07:00,96,
1783638540,2026-07-09T16:09:00-07:00,103,
1783638600,2026-07-09T16:10:00-07:00,39,
1783638660,2026-07-09T16:11:00-07:00,89,
1783638720,2026-07-09T16:12:00-07:00,166,
1783638780,2026-07-09T16:13:00-07:00,132,
1783638840,2026-07-09T16:14:00-07:00,108,
1783638900,2026-07-09T16:15:00-07:00,52,
1783638960,2026-07-09T16:16:00-07:00,62,
1783639020,2026-07-09T16:17:00-07:00,159,
1783639080,2026-07-09T16:18:00-07:00,90,
1783639140,2026-07-09T16:19:00-07:00,90,
1783639200,2026-07-09T16:20:00-07:00,92,
1783639260,2026-07-09T16:21:00-07:00,176,
1783639320,2026-07-09T16:22:00-07:00,139,
1783639380,2026-07-09T16:23:00-07:00,121,
1783639440,2026-07-09T16:24:00-07:00,112,
1783639500,2026-07-09T16:25:00-07:00,164,
1783639560,2026-07-09T16:26:00-07:00,50,
1783639620,2026-07-09T16:27:00-07:00,116,
1783639680,2026-07-09T16:28:00-07:00,57,
1783639740,2026-07-09T16:29:00-07:00,124,
1783639800,2026-07-09T16:30:00-07:00,34,
1783639860,2026-07-09T16:31:00-07:00,103,
1783639920,2026-07-09T16:32:00-07:00,102,
1783639980,2026-07-09T16:33:00-07:00,109,
1783640040,2026-07-09T16:34:00-07:00,141,
1783640100,2026-07-09T16:35:00-07:00,123,
1783640160,2026-07-09T16:36:00-07:00,100,
1783640220,2026-07-09T16:37:00-07:00,86,
1783640280,2026-07-09T16:38:00-07:00,122,
1783640340,2026-07-09T16:39:00-07:00,178,
1783640400,2026-07-09T16:40:00-07:00,75,
1783640460,2026-07-09T16:41:00-07:00,114,
1783640520,2026-07-09T16:42:00-07:00,163,
1783640580,2026-07-09T16:43:00-07:00,120,
1783640640,2026-07-09T16:44:00-07:00,90,
1783640700,2026-07-09T16:45:00-07:00,93,
1783640760,2026-07-09T16:46:00-07:00,86,
1783640820,2026-07-09T16:47:00-07:00,140,
1783640880,2026-07-09T16:48:00-07:00,50,
1783640940,2026-07-09T16:49:00-07:00,58,
1783641000,2026-07-09T16:50:00-07:00,79,
1783641060,2026-07-09T16:51:00-07:00,90,
1783641120,2026-07-09T16:52:00-07:00,111,
1783641180,2026-07-09T16:53:00-07:00,77,
1783641240,2026-07-09T16:54:00-07:00,80,
1783641300,2026-07-09T16:55:00-07:00,92,
1783641360,2026-07-09T16:56:00-07:00,98,
1783641420,2026-07-09T16:57:00-07:00,94,
1783641480,2026-07-09T16:58:00-07:00,123,
1783641540,2026-07-09T16:59:00-07:00,96,
1783641600,2026-07-09T17:00:00-07:00,143,
1783641660,2026-07-09T17:01:00-07:00,69,
1783641720,2026-07-09T17:02:00-07:00,121,
1783641780,2026-07-09T17:03:00-07:00,82,
1783641840,2026-07-09T17:04:00-07:00,76,
1783641900,2026-07-09T17:05:00-07:00,92,
1783641960,2026-07-09T17:06:00-07:00,105,
1783642020,2026-07-09T17:07:00-07:00,111,
1783642080,2026-07-09T17:08:00-07:00,98,
1783642140,2026-07-09T17:09:00-07:00,150,
1783642200,2026-07-09T17:10:00-07:00,114,
1783642260,2026-07-09T17:11:00-07:00,84,
1783642320,2026-07-09T17:12:00-07:00,175,
1783642380,2026-07-09T17:13:00-07:00,120,
1783642440,2026-07-09T17:14:00-07:00,183,
1783642500,2026-07-09T17:15:00-07:00,164,
1783642560,2026-07-09T17:16:00-07:00,53,
1783642620,2026-07-09T17:17:00-07:00,92,
1783642680,2026-07-09T17:18:00-07:00,114,
1783642740,2026-07-09T17:19:00-07:00,205,
1783642800,2026-07-09T17:20:00-07:00,129,
1783642860,2026-07-09T17:21:00-07:00,77,
1783642920,2026-07-09T17:22:00-07:00,148,
1783642980,2026-07-09T17:23:00-07:00,81,
1783643040,2026-07-09T17:24:00-07:00,42,
1783643100,2026-07-09T17:25:00-07:00,94,
1783643160,2026-07-09T17:26:00-07:00,66,
1783643220,2026-07-09T17:27:00-07:00,53,
1783643280,2026-07-09T17:28:00-07:00,127,
1783643340,2026-07-09T17:29:00-07:00,144,
1783643400,2026-07-09T17:30:00-07:00,82,
1783643460,2026-07-09T17:31:00-07:00,128,
1783643520,2026-07-09T17:32:00-07:00,105,
1783643580,2026-07-09T17:33:00-07:00,88,
1783643640,2026-07-09T17:34:00-07:00,88,
1783643700,2026-07-09T17:35:00-07:00,87,
1783643760,2026-07-09T17:36:00-07:00,92,
1783643820,2026-07-09T17:37:00-07:00,35,
1783643880,2026-07-09T17:38:00-07:00,51,
1783643940,2026-07-09T17:39:00-07:00,92,
1783644000,2026-07-09T17:40:00-07:00,169,
1783644060,2026-07-09T17:41:00-07:00,96,
1783644120,2026-07-09T17:42:00-07:00,111,
1783644180,2026-07-09T17:43:00-07:00,119,
1783644240,2026-07-09T17:44:00-07:00,115,
1783644300,2026-07-09T17:45:00-07:00,107,
1783644360,2026-07-09T17:46:00-07:00,109,
1783644420,2026-07-09T17:47:00-07:00,104,
1783644480,2026-07-09T17:48:00-07:00,71,
1783644540,2026-07-09T17:49:00-07:00,82,
1783644600,2026-07-09T17:50:00-07:00,134,
1783644660,2026-07-09T17:51:00-07:00,44,
1783644720,2026-07-09T17:52:00-07:00,133,
1783644780,2026-07-09T17:53:00-07:00,105,
1783644840,2026-07-09T17:54:00-07:00,128,
1783644900,2026-07-09T17:55:00-07:00,139,
1783644960,2026-07-09T17:56:00-07:00,116,
1783645020,2026-07-09T17:57:00-07:00,135,
1783645080,2026-07-09T17:58:00-07:00,67,
1783645140,2026-07-09T17:59:00-07:00,145,
1783645200,2026-07-09T18:00:00-07:00,84,
1783645260,2026-07-09T18:01:00-07:00,54,
1783645320,2026-07-09T18:02:00-07:00,96,
1783645380,2026-07-09T18:03:00-07:00,52,
1783645440,2026-07-09T18:04:00-07:00,125,
1783645500,2026-07-09T18:05:00-07:00,85,
1783645560,2026-07-09T18:06:00-07:00,107,
1783645620,2026-07-09T18:07:00-07:00,90,
1783645680,2026-07-09T18:08:00-07:00,64,
1783645740,2026-07-09T18:09:00-07:00,108,
1783645800,2026-07-09T18:10:00-07:00,204,
1783645860,2026-07-09T18:11:00-07:00,63,
1783645920,2026-07-09T18:12:00-07:00,184,
1783645980,2026-07-09T18:13:00-07:00,132,
1783646040,2026-07-09T18:14:00-07:00,193,
1783646100,2026-07-09T18:15:00-07:00,148,
1783646160,2026-07-09T18:16:00-07:00,32,
1783646220,2026-07-09T18:17:00-07:00,109,
1783646280,2026-07-09T18:18:00-07:00,79,
1783646340,2026-07-09T18:19:00-07:00,103,
1783646400,2026-07-09T18:20:00-07:00,92,
1783646460,2026-07-09T18:21:00-07:00,89,
1783646520,2026-07-09T18:22:00-07:00,122,
1783646580,2026-07-09T18:23:00-07:00,85,
1783646640,2026-07-09T18:24:00-07:00,162,
1783646700,2026-07-09T18:25:00-07:00,191,
1783646760,2026-07-09T18:26:00-07:00,126,
1783646820,2026-07-09T18:27:00-07:00,153,
1783646880,2026-07-09T18:28:00-07:00,131,
1783646940,2026-07-09T18:29:00-07:00,82,
1783647000,2026-07-09T18:30:00-07:00,86,
1783647060,2026-07-09T18:31:00-07:00,124,
1783647120,2026-07-09T18:32:00-07:00,92,
1783647180,2026-07-09T18:33:00-07:00,114,
1783647240,2026-07-09T18:34:00-07:00,74,
1783647300,2026-07-09T18:35:00-07:00,78,
1783647360,2026-07-09T18:36:00-07:00,108,
1783647420,2026-07-09T18:37:00-07:00,97,
1783647480,2026-07-09T18:38:00-07:00,160,
1783647540,2026-07-09T18:39:00-07:00,44,
1783647600,2026-07-09T18:40:00-07:00,33,
1783647660,2026-07-09T18:41:00-07:00,55,
1783647720,2026-07-09T18:42:00-07:00,82,
1783647780,2026-07-09T18:43:00-07:00,86,
1783647840,2026-07-09T18:44:00-07:00,91,
1783647900,2026-07-09T18:45:00-07:00,39,
1783647960,2026-07-09T18:46:00-07:00,81,
1783648020,2026-07-09T18:47:00-07:00,129,
1783648080,2026-07-09T18:48:00-07:00,138,
1783648140,2026-07-09T18:49:00-07:00,120,
1783648200,2026-07-09T18:50:00-07:00,67,
1783648260,2026-07-09T18:51:00-07:00,88,
1783648320,2026-07-09T18:52:00-07:00,126,
1783648380,2026-07-09T18:53:00-07:00,111,
1783648440,2026-07-09T18:54:00-07:00,93,
1783648500,2026-07-09T18:55:00-07:00,93,
1783648560,2026-07-09T18:56:00-07:00,141,
1783648620,2026-07-09T18:57:00-07:00,89,
1783648680,2026-07-09T18:58:00-07:00,110,
1783648740,2026-07-09T18:59:00-07:00,65,
1783648800,2026-07-09T19:00:00-07:00,129,
1783648860,2026-07-09T19:01:00-07:00,82,
1783648920,2026-07-09T19:02:00-07:00,101,
1783648980,2026-07-09T19:03:00-07:00,39,
1783649040,2026-07-09T19:04:00-07:00,79,
1783649100,2026-07-09T19:05:00-07:00,191,
1783649160,2026-07-09T19:06:00-07:00,78,
1783649220,2026-07-09T19:07:00-07:00,239,
1783649280,2026-07-09T19:08:00-07:00,132,
1783649340,2026-07-09T19:09:00-07:00,119,
1783649400,2026-07-09T19:10:00-07:00,170,
1783649460,2026-07-09T19:11:00-07:00,126,
1783649520,2026-07-09T19:12:00-07:00,105,
1783649580,2026-07-09T19:13:00-07:00,76,
1783649640,2026-07-09T19:14:00-07:00,98,
1783649700,2026-07-09T19:15:00-07:00,178,
1783649760,2026-07-09T19:16:00-07:00,136,
1783649820,2026-07-09T19:17:00-07:00,125,
1783649880,2026-07-09T19:18:00-07:00,82,
1783649940,2026-07-09T19:19:00-07:00,116,
1783650000,2026-07-09T19:20:00-07:00,112,
1783650060,2026-07-09T19:21:00-07:00,79,
1783650120,2026-07-09T19:22:00-07:00,160,
1783650180,2026-07-09T19:23:00-07:00,103,
1783650240,2026-07-09T19:24:00-07:00,151,
1783650300,2026-07-09T19:25:00-07:00,121,
1783650360,2026-07-09T19:26:00-07:00,103,
1783650420,2026-07-09T19:27:00-07:00,153,
1783650480,2026-07-09T19:28:00-07:00,61,
1783650540,2026-07-09T19:29:00-07:00,138,
1783650600,2026-07-09T19:30:00-07:00,71,
1783650660,2026-07-09T19:31:00-07:00,111,
1783650720,2026-07-09T19:32:00-07:00,112,
1783650780,2026-07-09T19:33:00-07:00,128,
1783650840,2026-07-09T19:34:00-07:00,69,
1783650900,2026-07-09T19:35:00-07:00,144,
1783650960,2026-07-09T19:36:00-07:00,67,
1783651020,2026-07-09T19:37:00-07:00,240,
1783651080,2026-07-09T19:38:00-07:00,107,
1783651140,2026-07-09T19:39:00-07:00,127,
1783651200,2026-07-09T19:40:00-07:00,105,
1783651260,2026-07-09T19:41:00-07:00,175,
1783651320,2026-07-09T19:42:00-07:00,131,
1783651380,2026-07-09T19:43:00-07:00,107,
1783651440,2026-07-09T19:44:00-07:00,74,
1783651500,2026-07-09T19:45:00-07:00,53,
1783651560,2026-07-09T19:46:00-07:00,59,
1783651620,2026-07-09T19:47:00-07:00,111,
1783651680,2026-07-09T19:48:00-07:00,133,
1783651740,2026-07-09T19:49:00-07:00,99,
1783651800,2026-07-09T19:50:00-07:00,45,
1783651860,2026-07-09T19:51:00-07:00,152,
1783651920,2026-07-09T19:52:00-07:00,90,
1783651980,2026-07-09T19:53:00-07:00,45,
1783652040,2026-07-09T19:54:00-07:00,231,
1783652100,2026-07-09T19:55:00-07:00,188,
1783652160,2026-07-09T19:56:00-07:00,53,
1783652220,2026-07-09T19:57:00-07:00,73,
1783652280,2026-07-09T19:58:00-07:00,125,
1783652340,2026-07-09T19:59:00-07:00,119,
1783652400,2026-07-09T20:00:00-07:00,71,
1783652460,2026-07-09T20:01:00-07:00,186,
1783652520,2026-07-09T20:02:00-07:00,92,
1783652580,2026-07-09T20:03:00-07:00,163,
1783652640,2026-07-09T20:04:00-07:00,87,
1783652700,2026-07-09T20:05:00-07:00,80,
1783652760,2026-07-09T20:06:00-07:00,107,
1783652820,2026-07-09T20:07:00-07:00,60,
1783652880,2026-07-09T20:08:00-07:00,76,
1783652940,2026-07-09T20:09:00-07:00,57,
1783653000,2026-07-09T20:10:00-07:00,61,
1783653060,2026-07-09T20:11:00-07:00,80,
1783653120,2026-07-09T20:12:00-07:00,35,
1783653180,2026-07-09T20:13:00-07:00,139,
1783653240,2026-07-09T20:14:00-07:00,45,
1783653300,2026-07-09T20:15:00-07:00,61,
1783653360,2026-07-09T20:16:00-07:00,125,
1783653420,2026-07-09T20:17:00-07:00,54,
1783653480,2026-07-09T20:18:00-07:00,133,
1783653540,2026-07-09T20:19:00-07:00,251,
1783653600,2026-07-09T20:20:00-07:00,203,
1783653660,2026-07-09T20:21:00-07:00,86,
1783653720,2026-07-09T20:22:00-07:00,118,
1783653780,2026-07-09T20:23:00-07:00,58,
1783653840,2026-07-09T20:24:00-07:00,71,
1783653900,2026-07-09T20:25:00-07:00,60,
1783653960,2026-07-09T20:26:00-07:00,89,
1783654020,2026-07-09T20:27:00-07:00,107,
1783654080,2026-07-09T20:28:00-07:00,42,
1783654140,2026-07-09T20:29:00-07:00,136,
1783654200,2026-07-09T20:30:00-07:00,227,
1783654260,2026-07-09T20:31:00-07:00,56,
1783654320,2026-07-09T20:32:00-07:00,111,
1783654380,2026-07-09T20:33:00-07:00,181,
1783654440,2026-07-09T20:34:00-07:00,111,
1783654500,2026-07-09T20:35:00-07:00,137,
1783654560,2026-07-09T20:36:00-07:00,192,
1783654620,2026-07-09T20:37:00-07:00,212,
1783654680,2026-07-09T20:38:00-07:00,113,
1783654740,2026-07-09T20:39:00-07:00,158,
1783654800,2026-07-09T20:40:00-07:00,178,
1783654860,2026-07-09T20:41:00-07:00,80,
1783654920,2026-07-09T20:42:00-07:00,79,
1783654980,2026-07-09T20:43:00-07:00,133,
1783655040,2026-07-09T20:44:00-07:00,48,
1783655100,2026-07-09T20:45:00-07:00,67,
1783655160,2026-07-09T20:46:00-07:00,83,
1783655220,2026-07-09T20:47:00-07:00,95,
1783655280,2026-07-09T20:48:00-07:00,68,
1783655340,2026-07-09T20:49:00-07:00,76,
1783655400,2026-07-09T20:50:00-07:00,90,
1783655460,2026-07-09T20:51:00-07:00,56,
1783655520,2026-07-09T20:52:00-07:00,109,
1783655580,2026-07-09T20:53:00-07:00,144,
1783655640,2026-07-09T20:54:00-07:00,122,
1783655700,2026-07-09T20:55:00-07:00,135,
1783655760,2026-07-09T20:56:00-07:00,127,
1783655820,2026-07-09T20:57:00-07:00,61,
1783655880,2026-07-09T20:58:00-07:00,91,
1783655940,2026-07-09T20:59:00-07:00,109,
1783656000,2026-07-09T21:00:00-07:00,69,
1783656060,2026-07-09T21:01:00-07:00,131,
1783656120,2026-07-09T21:02:00-07:00,51,
1783656180,2026-07-09T21:03:00-07:00,98,
1783656240,2026-07-09T21:04:00-07:00,322,
1783656300,2026-07-09T21:05:00-07:00,120,
1783656360,2026-07-09T21:06:00-07:00,107,
1783656420,2026-07-09T21:07:00-07:00,80,
1783656480,2026-07-09T21:08:00-07:00,16,
1783656540,2026-07-09T21:09:00-07:00,147,
1783656600,2026-07-09T21:10:00-07:00,102,
1783656660,2026-07-09T21:11:00-07:00,68,
1783656720,2026-07-09T21:12:00-07:00,75,
1783656780,2026-07-09T21:13:00-07:00,101,
1783656840,2026-07-09T21:14:00-07:00,97,
1783656900,2026-07-09T21:15:00-07:00,83,
1783656960,2026-07-09T21:16:00-07:00,173,
1783657020,2026-07-09T21:17:00-07:00,157,
1783657080,2026-07-09T21:18:00-07:00,108,
1783657140,2026-07-09T21:19:00-07:00,128,
1783657200,2026-07-09T21:20:00-07:00,156,
1783657260,2026-07-09T21:21:00-07:00,104,
1783657320,2026-07-09T21:22:00-07:00,111,
1783657380,2026-07-09T21:23:00-07:00,120,
1783657440,2026-07-09T21:24:00-07:00,81,
1783657500,2026-07-09T21:25:00-07:00,95,
1783657560,2026-07-09T21:26:00-07:00,122,
1783657620,2026-07-09T21:27:00-07:00,181,
1783657680,2026-07-09T21:28:00-07:00,40,
1783657740,2026-07-09T21:29:00-07:00,112,
1783657800,2026-07-09T21:30:00-07:00,168,
1783657860,2026-07-09T21:31:00-07:00,179,
1783657920,2026-07-09T21:32:00-07:00,153,
1783657980,2026-07-09T21:33:00-07:00,72,
1783658040,2026-07-09T21:34:00-07:00,91,
1783658100,2026-07-09T21:35:00-07:00,50,
1783658160,2026-07-09T21:36:00-07:00,138,
1783658220,2026-07-09T21:37:00-07:00,82,
1783658280,2026-07-09T21:38:00-07:00,202,
1783658340,2026-07-09T21:39:00-07:00,142,
1783658400,2026-07-09T21:40:00-07:00,166,
1783658460,2026-07-09T21:41:00-07:00,138,
1783658520,2026-07-09T21:42:00-07:00,112,
1783658580,2026-07-09T21:43:00-07:00,139,
1783658640,2026-07-09T21:44:00-07:00,108,
1783658700,2026-07-09T21:45:00-07:00,106,
1783658760,2026-07-09T21:46:00-07:00,134,
1783658820,2026-07-09T21:47:00-07:00,110,
1783658880,2026-07-09T21:48:00-07:00,164,
1783658940,2026-07-09T21:49:00-07:00,94,
1783659000,2026-07-09T21:50:00-07:00,112,
1783659060,2026-07-09T21:51:00-07:00,66,
1783659120,2026-07-09T21:52:00-07:00,99,
1783659180,2026-07-09T21:53:00-07:00,218,
1783659240,2026-07-09T21:54:00-07:00,96,
1783659300,2026-07-09T21:55:00-07:00,70,
1783659360,2026-07-09T21:56:00-07:00,149,
1783659420,2026-07-09T21:57:00-07:00,179,
1783659480,2026-07-09T21:58:00-07:00,78,
1783659540,2026-07-09T21:59:00-07:00,88,
1783659600,2026-07-09T22:00:00-07:00,209,
1783659660,2026-07-09T22:01:00-07:00,45,
1783659720,2026-07-09T22:02:00-07:00,157,
1783659780,2026-07-09T22:03:00-07:00,120,
1783659840,2026-07-09T22:04:00-07:00,134,
1783659900,2026-07-09T22:05:00-07:00,172,
1783659960,2026-07-09T22:06:00-07:00,105,
1783660020,2026-07-09T22:07:00-07:00,100,
1783660080,2026-07-09T22:08:00-07:00,124,
1783660140,2026-07-09T22:09:00-07:00,132,
1783660200,2026-07-09T22:10:00-07:00,97,
1783660260,2026-07-09T22:11:00-07:00,83,
1783660320,2026-07-09T22:12:00-07:00,86,
1783660380,2026-07-09T22:13:00-07:00,101,
1783660440,2026-07-09T22:14:00-07:00,81,
1783660500,2026-07-09T22:15:00-07:00,49,
1783660560,2026-07-09T22:16:00-07:00,103,
1783660620,2026-07-09T22:17:00-07:00,89,
1783660680,2026-07-09T22:18:00-07:00,63,
1783660740,2026-07-09T22:19:00-07:00,38,
1783660800,2026-07-09T22:20:00-07:00,58,
1783660860,2026-07-09T22:21:00-07:00,80,
1783660920,2026-07-09T22:22:00-07:00,216,
1783660980,2026-07-09T22:23:00-07:00,48,
1783661040,2026-07-09T22:24:00-07:00,119,
1783661100,2026-07-09T22:25:00-07:00,71,
1783661160,2026-07-09T22:26:00-07:00,130,
1783661220,2026-07-09T22:27:00-07:00,48,
1783661280,2026-07-09T22:28:00-07:00,204,
1783661340,2026-07-09T22:29:00-07:00,98,
1783661400,2026-07-09T22:30:00-07:00,114,
1783661460,2026-07-09T22:31:00-07:00,50,
1783661520,2026-07-09T22:32:00-07:00,72,
1783661580,2026-07-09T22:33:00-07:00,57,
1783661640,2026-07-09T22:34:00-07:00,98,
1783661700,2026-07-09T22:35:00-07:00,61,
1783661760,2026-07-09T22:36:00-07:00,100,
1783661820,2026-07-09T22:37:00-07:00,95,
1783661880,2026-07-09T22:38:00-07:00,137,
1783661940,2026-07-09T22:39:00-07:00,176,
1783662000,2026-07-09T22:40:00-07:00,136,
1783662060,2026-07-09T22:41:00-07:00,121,
1783662120,2026-07-09T22:42:00-07:00,72,
1783662180,2026-07-09T22:43:00-07:00,47,
1783662240,2026-07-09T22:44:00-07:00,70,
1783662300,2026-07-09T22:45:00-07:00,66,
1783662360,2026-07-09T22:46:00-07:00,122,
1783662420,2026-07-09T22:47:00-07:00,44,
1783662480,2026-07-09T22:48:00-07:00,56,
1783662540,2026-07-09T22:49:00-07:00,133,
1783662600,2026-07-09T22:50:00-07:00,90,
1783662660,2026-07-09T22:51:00-07:00,54,
1783662720,2026-07-09T22:52:00-07:00,51,
1783662780,2026-07-09T22:53:00-07:00,70,
1783662840,2026-07-09T22:54:00-07:00,82,
1783662900,2026-07-09T22:55:00-07:00,124,
1783662960,2026-07-09T22:56:00-07:00,138,
1783663020,2026-07-09T22:57:00-07:00,53,
1783663080,2026-07-09T22:58:00-07:00,84,
1783663140,2026-07-09T22:59:00-07:00,41,
1783663200,2026-07-09T23:00:00-07:00,164,
1783663260,2026-07-09T23:01:00-07:00,64,
1783663320,2026-07-09T23:02:00-07:00,61,
1783663380,2026-07-09T23:03:00-07:00,43,
1783663440,2026-07-09T23:04:00-07:00,37,
1783663500,2026-07-09T23:05:00-07:00,70,
1783663560,2026-07-09T23:06:00-07:00,168,
1783663620,2026-07-09T23:07:00-07:00,67,
1783663680,2026-07-09T23:08:00-07:00,73,
1783663740,2026-07-09T23:09:00-07:00,83,
1783663800,2026-07-09T23:10:00-07:00,69,
1783663860,2026-07-09T23:11:00-07:00,51,
1783663920,2026-07-09T23:12:00-07:00,54,
1783663980,2026-07-09T23:13:00-07:00,74,
1783664040,2026-07-09T23:14:00-07:00,57,
1783664100,2026-07-09T23:15:00-07:00,85,
1783664160,2026-07-09T23:16:00-07:00,93,
1783664220,2026-07-09T23:17:00-07:00,121,
1783664280,2026-07-09T23:18:00-07:00,58,
1783664340,2026-07-09T23:19:00-07:00,53,
1783664400,2026-07-09T23:20:00-07:00,38,
1783664460,2026-07-09T23:21:00-07:00,169,
1783664520,2026-07-09T23:22:00-07:00,108,
1783664580,2026-07-09T23:23:00-07:00,58,
1783664640,2026-07-09T23:24:00-07:00,58,
1783664700,2026-07-09T23:25:00-07:00,49,
1783664760,2026-07-09T23:26:00-07:00,51,
1783664820,2026-07-09T23:27:00-07:00,151,
1783664880,2026-07-09T23:28:00-07:00,85,
1783664940,2026-07-09T23:29:00-07:00,72,
1783665000,2026-07-09T23:30:00-07:00,50,
1783665060,2026-07-09T23:31:00-07:00,69,
1783665120,2026-07-09T23:32:00-07:00,31,
1783665180,2026-07-09T23:33:00-07:00,69,
1783665240,2026-07-09T23:34:00-07:00,70,
1783665300,2026-07-09T23:35:00-07:00,76,
1783665360,2026-07-09T23:36:00-07:00,55,
1783665420,2026-07-09T23:37:00-07:00,74,
1783665480,2026-07-09T23:38:00-07:00,41,
1783665540,2026-07-09T23:39:00-07:00,51,
1783665600,2026-07-09T23:40:00-07:00,31,
1783665660,2026-07-09T23:41:00-07:00,39,
1783665720,2026-07-09T23:42:00-07:00,31,
1783665780,2026-07-09T23:43:00-07:00,55,
1783665840,2026-07-09T23:44:00-07:00,35,
1783665900,2026-07-09T23:45:00-07:00,32,
1783665960,2026-07-09T23:46:00-07:00,45,
1783666020,2026-07-09T23:47:00-07:00,52,
1783666080,2026-07-09T23:48:00-07:00,69,
1783666140,2026-07-09T23:49:00-07:00,73,
1783666200,2026-07-09T23:50:00-07:00,60,
1783666260,2026-07-09T23:51:00-07:00,40,
1783666320,2026-07-09T23:52:00-07:00,40,
1783666380,2026-07-09T23:53:00-07:00,72,
1783666440,2026-07-09T23:54:00-07:00,42,
1783666500,2026-07-09T23:55:00-07:00,27,
1783666560,2026-07-09T23:56:00-07:00,48,
1783666620,2026-07-09T23:57:00-07:00,38,
1783666680,2026-07-09T23:58:00-07:00,129,
1783666740,2026-07-09T23:59:00-07:00,40,
1783666800,2026-07-10T00:00:00-07:00,39,
1783666860,2026-07-10T00:01:00-07:00,68,
1783666920,2026-07-10T00:02:00-07:00,30,
1783666980,2026-07-10T00:03:00-07:00,33,
1783667040,2026-07-10T00:04:00-07:00,39,
1783667100,2026-07-10T00:05:00-07:00,47,
1783667160,2026-07-10T00:06:00-07:00,43,
1783667220,2026-07-10T00:07:00-07:00,41,
1783667280,2026-07-10T00:08:00-07:00,17,
1783667340,2026-07-10T00:09:00-07:00,37,
1783667400,2026-07-10T00:10:00-07:00,50,
1783667460,2026-07-10T00:11:00-07:00,14,
1783667520,2026-07-10T00:12:00-07:00,33,
1783667580,2026-07-10T00:13:00-07:00,54,
1783667640,2026-07-10T00:14:00-07:00,37,
1783667700,2026-07-10T00:15:00-07:00,42,
1783667760,2026-07-10T00:16:00-07:00,51,
1783667820,2026-07-10T00:17:00-07:00,31,
1783667880,2026-07-10T00:18:00-07:00,43,
1783667940,2026-07-10T00:19:00-07:00,32,
1783668000,2026-07-10T00:20:00-07:00,22,
1783668060,2026-07-10T00:21:00-07:00,26,
1783668120,2026-07-10T00:22:00-07:00,31,
1783668180,2026-07-10T00:23:00-07:00,33,
1783668240,2026-07-10T00:24:00-07:00,13,
1783668300,2026-07-10T00:25:00-07:00,31,
1783668360,2026-07-10T00:26:00-07:00,39,
1783668420,2026-07-10T00:27:00-07:00,26,
1783668480,2026-07-10T00:28:00-07:00,31,
1783668540,2026-07-10T00:29:00-07:00,5,
1783668600,2026-07-10T00:30:00-07:00,21,
1783668660,2026-07-10T00:31:00-07:00,34,
1783668720,2026-07-10T00:32:00-07:00,15,
1783668780,2026-07-10T00:33:00-07:00,21,
1783668840,2026-07-10T00:34:00-07:00,14,
1783668900,2026-07-10T00:35:00-07:00,45,
1783668960,2026-07-10T00:36:00-07:00,38,
1783669020,2026-07-10T00:37:00-07:00,31,
1783669080,2026-07-10T00:38:00-07:00,34,
1783669140,2026-07-10T00:39:00-07:00,38,
1783669200,2026-07-10T00:40:00-07:00,24,
1783669260,2026-07-10T00:41:00-07:00,22,
1783669320,2026-07-10T00:42:00-07:00,33,
1783669380,2026-07-10T00:43:00-07:00,22,
1783669440,2026-07-10T00:44:00-07:00,18,
1783669500,2026-07-10T00:45:00-07:00,11,
1783669560,2026-07-10T00:46:00-07:00,44,
1783669620,2026-07-10T00:47:00-07:00,15,
1783669680,2026-07-10T00:48:00-07:00,32,
1783669740,2026-07-10T00:49:00-07:00,34,
1783669800,2026-07-10T00:50:00-07:00,27,
1783669860,2026-07-10T00:51:00-07:00,21,
1783669920,2026-07-10T00:52:00-07:00,17,
1783669980,2026-07-10T00:53:00-07:00,12,
1783670040,2026-07-10T00:54:00-07:00,18,
1783670100,2026-07-10T00:55:00-07:00,50,
1783670160,2026-07-10T00:56:00-07:00,13,
1783670220,2026-07-10T00:57:00-07:00,41,
1783670280,2026-07-10T00:58:00-07:00,9,
1783670340,2026-07-10T00:59:00-07:00,11,
1783670400,2026-07-10T01:00:00-07:00,10,
1783670460,2026-07-10T01:01:00-07:00,28,
1783670520,2026-07-10T01:02:00-07:00,22,
1783670580,2026-07-10T01:03:00-07:00,16,
1783670640,2026-07-10T01:04:00-07:00,8,
1783670700,2026-07-10T01:05:00-07:00,10,
1783670760,2026-07-10T01:06:00-07:00,5,
1783670820,2026-07-10T01:07:00-07:00,28,
1783670880,2026-07-10T01:08:00-07:00,9,
1783670940,2026-07-10T01:09:00-07:00,6,
1783671000,2026-07-10T01:10:00-07:00,28,
1783671060,2026-07-10T01:11:00-07:00,46,
1783671120,2026-07-10T01:12:00-07:00,36,
1783671180,2026-07-10T01:13:00-07:00,28,
1783671240,2026-07-10T01:14:00-07:00,23,
1783671300,2026-07-10T01:15:00-07:00,14,
1783671360,2026-07-10T01:16:00-07:00,11,
1783671420,2026-07-10T01:17:00-07:00,20,
1783671480,2026-07-10T01:18:00-07:00,33,
1783671540,2026-07-10T01:19:00-07:00,32,
1783671600,2026-07-10T01:20:00-07:00,32,
1783671660,2026-07-10T01:21:00-07:00,6,
1783671720,2026-07-10T01:22:00-07:00,46,
1783671780,2026-07-10T01:23:00-07:00,18,
1783671840,2026-07-10T01:24:00-07:00,29,
1783671900,2026-07-10T01:25:00-07:00,16,
1783671960,2026-07-10T01:26:00-07:00,8,
1783672020,2026-07-10T01:27:00-07:00,13,
1783672080,2026-07-10T01:28:00-07:00,23,
1783672140,2026-07-10T01:29:00-07:00,11,
1783672200,2026-07-10T01:30:00-07:00,6,
1783672260,2026-07-10T01:31:00-07:00,19,
1783672320,2026-07-10T01:32:00-07:00,8,
1783672380,2026-07-10T01:33:00-07:00,12,
1783672440,2026-07-10T01:34:00-07:00,6,
1783672500,2026-07-10T01:35:00-07:00,10,
1783672560,2026-07-10T01:36:00-07:00,7,
1783672620,2026-07-10T01:37:00-07:00,13,
1783672680,2026-07-10T01:38:00-07:00,11,
1783672740,2026-07-10T01:39:00-07:00,7,
1783672800,2026-07-10T01:40:00-07:00,11,
1783672860,2026-07-10T01:41:00-07:00,14,
1783672920,2026-07-10T01:42:00-07:00,35,
1783672980,2026-07-10T01:43:00-07:00,7,
1783673040,2026-07-10T01:44:00-07:00,11,
1783673100,2026-07-10T01:45:00-07:00,18,
1783673160,2026-07-10T01:46:00-07:00,13,
1783673220,2026-07-10T01:47:00-07:00,9,
1783673280,2026-07-10T01:48:00-07:00,7,
1783673340,2026-07-10T01:49:00-07:00,3,
1783673400,2026-07-10T01:50:00-07:00,17,
1783673460,2026-07-10T01:51:00-07:00,5,
1783673520,2026-07-10T01:52:00-07:00,5,
1783673580,2026-07-10T01:53:00-07:00,5,
1783673640,2026-07-10T01:54:00-07:00,5,
1783673700,2026-07-10T01:55:00-07:00,7,
1783673760,2026-07-10T01:56:00-07:00,7,
1783673820,2026-07-10T01:57:00-07:00,5,
1783673880,2026-07-10T01:58:00-07:00,25,
1783673940,2026-07-10T01:59:00-07:00,6,
1783674000,2026-07-10T02:00:00-07:00,10,
1783674060,2026-07-10T02:01:00-07:00,4,
1783674120,2026-07-10T02:02:00-07:00,10,
1783674180,2026-07-10T02:03:00-07:00,6,
1783674240,2026-07-10T02:04:00-07:00,7,
1783674300,2026-07-10T02:05:00-07:00,7,
1783674360,2026-07-10T02:06:00-07:00,5,
1783674420,2026-07-10T02:07:00-07:00,8,
1783674480,2026-07-10T02:08:00-07:00,6,
1783674540,2026-07-10T02:09:00-07:00,5,
1783674600,2026-07-10T02:10:00-07:00,9,
1783674660,2026-07-10T02:11:00-07:00,23,
1783674720,2026-07-10T02:12:00-07:00,33,
1783674780,2026-07-10T02:13:00-07:00,29,
1783674840,2026-07-10T02:14:00-07:00,28,
1783674900,2026-07-10T02:15:00-07:00,26,
1783674960,2026-07-10T02:16:00-07:00,10,
1783675020,2026-07-10T02:17:00-07:00,15,
1783675080,2026-07-10T02:18:00-07:00,4,
1783675140,2026-07-10T02:19:00-07:00,23,
1783675200,2026-07-10T02:20:00-07:00,17,
1783675260,2026-07-10T02:21:00-07:00,6,
1783675320,2026-07-10T02:22:00-07:00,48,
1783675380,2026-07-10T02:23:00-07:00,10,
1783675440,2026-07-10T02:24:00-07:00,5,
1783675500,2026-07-10T02:25:00-07:00,24,
1783675560,2026-07-10T02:26:00-07:00,11,
1783675620,2026-07-10T02:27:00-07:00,14,
1783675680,2026-07-10T02:28:00-07:00,16,
1783675740,2026-07-10T02:29:00-07:00,21,
1783675800,2026-07-10T02:30:00-07:00,10,
1783675860,2026-07-10T02:31:00-07:00,14,
1783675920,2026-07-10T02:32:00-07:00,7,
1783675980,2026-07-10T02:33:00-07:00,6,
1783676040,2026-07-10T02:34:00-07:00,11,
1783676100,2026-07-10T02:35:00-07:00,35,
1783676160,2026-07-10T02:36:00-07:00,10,
1783676220,2026-07-10T02:37:00-07:00,7,
1783676280,2026-07-10T02:38:00-07:00,21,
1783676340,2026-07-10T02:39:00-07:00,11,
1783676400,2026-07-10T02:40:00-07:00,6,
1783676460,2026-07-10T02:41:00-07:00,27,
1783676520,2026-07-10T02:42:00-07:00,10,
1783676580,2026-07-10T02:43:00-07:00,30,
1783676640,2026-07-10T02:44:00-07:00,11,
1783676700,2026-07-10T02:45:00-07:00,14,
1783676760,2026-07-10T02:46:00-07:00,17,
1783676820,2026-07-10T02:47:00-07:00,15,
1783676880,2026-07-10T02:48:00-07:00,13,
1783676940,2026-07-10T02:49:00-07:00,24,
1783677000,2026-07-10T02:50:00-07:00,26,
1783677060,2026-07-10T02:51:00-07:00,16,
1783677120,2026-07-10T02:52:00-07:00,15,
1783677180,2026-07-10T02:53:00-07:00,10,
1783677240,2026-07-10T02:54:00-07:00,6,
1783677300,2026-07-10T02:55:00-07:00,48,
1783677360,2026-07-10T02:56:00-07:00,11,
1783677420,2026-07-10T02:57:00-07:00,13,
1783677480,2026-07-10T02:58:00-07:00,10,
1783677540,2026-07-10T02:59:00-07:00,7,
1783677600,2026-07-10T03:00:00-07:00,11,
1783677660,2026-07-10T03:01:00-07:00,23,
1783677720,2026-07-10T03:02:00-07:00,11,
1783677780,2026-07-10T03:03:00-07:00,11,
1783677840,2026-07-10T03:04:00-07:00,7,
1783677900,2026-07-10T03:05:00-07:00,6,
1783677960,2026-07-10T03:06:00-07:00,23,
1783678020,2026-07-10T03:07:00-07:00,33,
1783678080,2026-07-10T03:08:00-07:00,8,
1783678140,2026-07-10T03:09:00-07:00,9,
1783678200,2026-07-10T03:10:00-07:00,9,
1783678260,2026-07-10T03:11:00-07:00,6,
1783678320,2026-07-10T03:12:00-07:00,11,
1783678380,2026-07-10T03:13:00-07:00,8,
1783678440,2026-07-10T03:14:00-07:00,9,
1783678500,2026-07-10T03:15:00-07:00,13,
1783678560,2026-07-10T03:16:00-07:00,10,
1783678620,2026-07-10T03:17:00-07:00,7,
1783678680,2026-07-10T03:18:00-07:00,13,
1783678740,2026-07-10T03:19:00-07:00,10,
1783678800,2026-07-10T03:20:00-07:00,8,
1783678860,2026-07-10T03:21:00-07:00,9,
1783678920,2026-07-10T03:22:00-07:00,6,
1783678980,2026-07-10T03:23:00-07:00,10,
1783679040,2026-07-10T03:24:00-07:00,7,
1783679100,2026-07-10T03:25:00-07:00,13,
1783679160,2026-07-10T03:26:00-07:00,7,
1783679220,2026-07-10T03:27:00-07:00,7,
1783679280,2026-07-10T03:28:00-07:00,7,
1783679340,2026-07-10T03:29:00-07:00,9,
1783679400,2026-07-10T03:30:00-07:00,11,
1783679460,2026-07-10T03:31:00-07:00,7,
1783679520,2026-07-10T03:32:00-07:00,5,
1783679580,2026-07-10T03:33:00-07:00,6,
1783679640,2026-07-10T03:34:00-07:00,10,
1783679700,2026-07-10T03:35:00-07:00,8,
1783679760,2026-07-10T03:36:00-07:00,13,
1783679820,2026-07-10T03:37:00-07:00,9,
1783679880,2026-07-10T03:38:00-07:00,6,
1783679940,2026-07-10T03:39:00-07:00,8,
1783680000,2026-07-10T03:40:00-07:00,5,
1783680060,2026-07-10T03:41:00-07:00,11,
1783680120,2026-07-10T03:42:00-07:00,8,
1783680180,2026-07-10T03:43:00-07:00,5,
1783680240,2026-07-10T03:44:00-07:00,5,
1783680300,2026-07-10T03:45:00-07:00,6,
1783680360,2026-07-10T03:46:00-07:00,9,
1783680420,2026-07-10T03:47:00-07:00,8,
1783680480,2026-07-10T03:48:00-07:00,7,
1783680540,2026-07-10T03:49:00-07:00,8,
1783680600,2026-07-10T03:50:00-07:00,8,
1783680660,2026-07-10T03:51:00-07:00,13,
1783680720,2026-07-10T03:52:00-07:00,44,
1783680780,2026-07-10T03:53:00-07:00,11,
1783680840,2026-07-10T03:54:00-07:00,5,
1783680900,2026-07-10T03:55:00-07:00,5,
1783680960,2026-07-10T03:56:00-07:00,17,
1783681020,2026-07-10T03:57:00-07:00,6,
1783681080,2026-07-10T03:58:00-07:00,5,
1783681140,2026-07-10T03:59:00-07:00,11,
1783681200,2026-07-10T04:00:00-07:00,8,
1783681260,2026-07-10T04:01:00-07:00,13,
1783681320,2026-07-10T04:02:00-07:00,8,
1783681380,2026-07-10T04:03:00-07:00,6,
1783681440,2026-07-10T04:04:00-07:00,10,
1783681500,2026-07-10T04:05:00-07:00,8,
1783681560,2026-07-10T04:06:00-07:00,7,
1783681620,2026-07-10T04:07:00-07:00,18,
1783681680,2026-07-10T04:08:00-07:00,14,
1783681740,2026-07-10T04:09:00-07:00,11,
1783681800,2026-07-10T04:10:00-07:00,5,
1783681860,2026-07-10T04:11:00-07:00,13,
1783681920,2026-07-10T04:12:00-07:00,6,
1783681980,2026-07-10T04:13:00-07:00,9,
1783682040,2026-07-10T04:14:00-07:00,6,
1783682100,2026-07-10T04:15:00-07:00,4,
1783682160,2026-07-10T04:16:00-07:00,11,
1783682220,2026-07-10T04:17:00-07:00,13,
1783682280,2026-07-10T04:18:00-07:00,11,
1783682340,2026-07-10T04:19:00-07:00,13,
1783682400,2026-07-10T04:20:00-07:00,10,
1783682460,2026-07-10T04:21:00-07:00,7,
1783682520,2026-07-10T04:22:00-07:00,17,
1783682580,2026-07-10T04:23:00-07:00,7,
1783682640,2026-07-10T04:24:00-07:00,11,
1783682700,2026-07-10T04:25:00-07:00,8,
1783682760,2026-07-10T04:26:00-07:00,7,
1783682820,2026-07-10T04:27:00-07:00,5,
1783682880,2026-07-10T04:28:00-07:00,9,
1783682940,2026-07-10T04:29:00-07:00,24,
1783683000,2026-07-10T04:30:00-07:00,5,
1783683060,2026-07-10T04:31:00-07:00,9,
1783683120,2026-07-10T04:32:00-07:00,7,
1783683180,2026-07-10T04:33:00-07:00,5,
1783683240,2026-07-10T04:34:00-07:00,5,
1783683300,2026-07-10T04:35:00-07:00,6,
1783683360,2026-07-10T04:36:00-07:00,15,
1783683420,2026-07-10T04:37:00-07:00,8,
1783683480,2026-07-10T04:38:00-07:00,9,
1783683540,2026-07-10T04:39:00-07:00,15,
1783683600,2026-07-10T04:40:00-07:00,27,
1783683660,2026-07-10T04:41:00-07:00,22,
1783683720,2026-07-10T04:42:00-07:00,9,
1783683780,2026-07-10T04:43:00-07:00,6,
1783683840,2026-07-10T04:44:00-07:00,8,
1783683900,2026-07-10T04:45:00-07:00,5,
1783683960,2026-07-10T04:46:00-07:00,11,
1783684020,2026-07-10T04:47:00-07:00,11,
1783684080,2026-07-10T04:48:00-07:00,7,
1783684140,2026-07-10T04:49:00-07:00,6,
1783684200,2026-07-10T04:50:00-07:00,13,
1783684260,2026-07-10T04:51:00-07:00,7,
1783684320,2026-07-10T04:52:00-07:00,11,
1783684380,2026-07-10T04:53:00-07:00,8,
1783684440,2026-07-10T04:54:00-07:00,13,
1783684500,2026-07-10T04:55:00-07:00,9,
1783684560,2026-07-10T04:56:00-07:00,9,
1783684620,2026-07-10T04:57:00-07:00,7,
1783684680,2026-07-10T04:58:00-07:00,6,
1783684740,2026-07-10T04:59:00-07:00,9,
1783684800,2026-07-10T05:00:00-07:00,8,
1783684860,2026-07-10T05:01:00-07:00,12,
1783684920,2026-07-10T05:02:00-07:00,5,
1783684980,2026-07-10T05:03:00-07:00,8,
1783685040,2026-07-10T05:04:00-07:00,9,
1783685100,2026-07-10T05:05:00-07:00,27,
1783685160,2026-07-10T05:06:00-07:00,16,
1783685220,2026-07-10T05:07:00-07:00,7,
1783685280,2026-07-10T05:08:00-07:00,8,
1783685340,2026-07-10T05:09:00-07:00,4,
1783685400,2026-07-10T05:10:00-07:00,5,
1783685460,2026-07-10T05:11:00-07:00,7,
1783685520,2026-07-10T05:12:00-07:00,9,
1783685580,2026-07-10T05:13:00-07:00,18,
1783685640,2026-07-10T05:14:00-07:00,8,
1783685700,2026-07-10T05:15:00-07:00,12,
1783685760,2026-07-10T05:16:00-07:00,7,
1783685820,2026-07-10T05:17:00-07:00,4,
1783685880,2026-07-10T05:18:00-07:00,6,
1783685940,2026-07-10T05:19:00-07:00,11,
1783686000,2026-07-10T05:20:00-07:00,16,
1783686060,2026-07-10T05:21:00-07:00,32,
1783686120,2026-07-10T05:22:00-07:00,21,
1783686180,2026-07-10T05:23:00-07:00,11,
1783686240,2026-07-10T05:24:00-07:00,9,
1783686300,2026-07-10T05:25:00-07:00,16,
1783686360,2026-07-10T05:26:00-07:00,6,
1783686420,2026-07-10T05:27:00-07:00,9,
1783686480,2026-07-10T05:28:00-07:00,11,
1783686540,2026-07-10T05:29:00-07:00,6,
1783686600,2026-07-10T05:30:00-07:00,8,
1783686660,2026-07-10T05:31:00-07:00,5,
1783686720,2026-07-10T05:32:00-07:00,44,
1783686780,2026-07-10T05:33:00-07:00,5,
1783686840,2026-07-10T05:34:00-07:00,16,
1783686900,2026-07-10T05:35:00-07:00,13,
1783686960,2026-07-10T05:36:00-07:00,8,
1783687020,2026-07-10T05:37:00-07:00,9,
1783687080,2026-07-10T05:38:00-07:00,5,
1783687140,2026-07-10T05:39:00-07:00,14,
1783687200,2026-07-10T05:40:00-07:00,30,
1783687260,2026-07-10T05:41:00-07:00,8,
1783687320,2026-07-10T05:42:00-07:00,11,
1783687380,2026-07-10T05:43:00-07:00,21,
1783687440,2026-07-10T05:44:00-07:00,9,
1783687500,2026-07-10T05:45:00-07:00,18,
1783687560,2026-07-10T05:46:00-07:00,27,
1783687620,2026-07-10T05:47:00-07:00,12,
1783687680,2026-07-10T05:48:00-07:00,11,
1783687740,2026-07-10T05:49:00-07:00,38,
1783687800,2026-07-10T05:50:00-07:00,46,
1783687860,2026-07-10T05:51:00-07:00,4,
1783687920,2026-07-10T05:52:00-07:00,42,
1783687980,2026-07-10T05:53:00-07:00,61,
1783688040,2026-07-10T05:54:00-07:00,27,
1783688100,2026-07-10T05:55:00-07:00,22,
1783688160,2026-07-10T05:56:00-07:00,43,
1783688220,2026-07-10T05:57:00-07:00,31,
1783688280,2026-07-10T05:58:00-07:00,17,
1783688340,2026-07-10T05:59:00-07:00,17,
1783688400,2026-07-10T06:00:00-07:00,34,
1783688460,2026-07-10T06:01:00-07:00,34,
1783688520,2026-07-10T06:02:00-07:00,18,
1783688580,2026-07-10T06:03:00-07:00,19,
1783688640,2026-07-10T06:04:00-07:00,24,
1783688700,2026-07-10T06:05:00-07:00,16,
1783688760,2026-07-10T06:06:00-07:00,35,
1783688820,2026-07-10T06:07:00-07:00,54,
1783688880,2026-07-10T06:08:00-07:00,10,
1783688940,2026-07-10T06:09:00-07:00,55,
1783689000,2026-07-10T06:10:00-07:00,22,
1783689060,2026-07-10T06:11:00-07:00,22,
1783689120,2026-07-10T06:12:00-07:00,10,
1783689180,2026-07-10T06:13:00-07:00,39,
1783689240,2026-07-10T06:14:00-07:00,14,
1783689300,2026-07-10T06:15:00-07:00,31,
1783689360,2026-07-10T06:16:00-07:00,19,
1783689420,2026-07-10T06:17:00-07:00,12,
1783689480,2026-07-10T06:18:00-07:00,12,
1783689540,2026-07-10T06:19:00-07:00,12,
1783689600,2026-07-10T06:20:00-07:00,7,
1783689660,2026-07-10T06:21:00-07:00,8,
1783689720,2026-07-10T06:22:00-07:00,7,
1783689780,2026-07-10T06:23:00-07:00,34,
1783689840,2026-07-10T06:24:00-07:00,20,
1783689900,2026-07-10T06:25:00-07:00,46,
1783689960,2026-07-10T06:26:00-07:00,16,
1783690020,2026-07-10T06:27:00-07:00,24,
1783690080,2026-07-10T06:28:00-07:00,9,
1783690140,2026-07-10T06:29:00-07:00,38,
1783690200,2026-07-10T06:30:00-07:00,26,
1783690260,2026-07-10T06:31:00-07:00,37,
1783690320,2026-07-10T06:32:00-07:00,33,
1783690380,2026-07-10T06:33:00-07:00,20,
1783690440,2026-07-10T06:34:00-07:00,35,
1783690500,2026-07-10T06:35:00-07:00,10,
1783690560,2026-07-10T06:36:00-07:00,35,
1783690620,2026-07-10T06:37:00-07:00,32,
1783690680,2026-07-10T06:38:00-07:00,11,
1783690740,2026-07-10T06:39:00-07:00,41,
1783690800,2026-07-10T06:40:00-07:00,15,
1783690860,2026-07-10T06:41:00-07:00,80,
1783690920,2026-07-10T06:42:00-07:00,10,
1783690980,2026-07-10T06:43:00-07:00,11,
1783691040,2026-07-10T06:44:00-07:00,57,
1783691100,2026-07-10T06:45:00-07:00,22,
1783691160,2026-07-10T06:46:00-07:00,12,
1783691220,2026-07-10T06:47:00-07:00,23,
1783691280,2026-07-10T06:48:00-07:00,31,
1783691340,2026-07-10T06:49:00-07:00,25,
1783691400,2026-07-10T06:50:00-07:00,31,
1783691460,2026-07-10T06:51:00-07:00,43,
1783691520,2026-07-10T06:52:00-07:00,36,
1783691580,2026-07-10T06:53:00-07:00,8,
1783691640,2026-07-10T06:54:00-07:00,30,
1783691700,2026-07-10T06:55:00-07:00,14,
1783691760,2026-07-10T06:56:00-07:00,15,
1783691820,2026-07-10T06:57:00-07:00,17,
1783691880,2026-07-10T06:58:00-07:00,6,
1783691940,2026-07-10T06:59:00-07:00,42,
1783692000,2026-07-10T07:00:00-07:00,30,
1783692060,2026-07-10T07:01:00-07:00,29,
1783692120,2026-07-10T07:02:00-07:00,31,
1783692180,2026-07-10T07:03:00-07:00,9,
1783692240,2026-07-10T07:04:00-07:00,28,
1783692300,2026-07-10T07:05:00-07:00,13,
1783692360,2026-07-10T07:06:00-07:00,20,
1783692420,2026-07-10T07:07:00-07:00,30,
1783692480,2026-07-10T07:08:00-07:00,12,
1783692540,2026-07-10T07:09:00-07:00,44,
1783692600,2026-07-10T07:10:00-07:00,14,
1783692660,2026-07-10T07:11:00-07:00,8,
1783692720,2026-07-10T07:12:00-07:00,30,
1783692780,2026-07-10T07:13:00-07:00,11,
1783692840,2026-07-10T07:14:00-07:00,13,
1783692900,2026-07-10T07:15:00-07:00,12,
1783692960,2026-07-10T07:16:00-07:00,63,
1783693020,2026-07-10T07:17:00-07:00,20,
1783693080,2026-07-10T07:18:00-07:00,17,
1783693140,2026-07-10T07:19:00-07:00,16,
1783693200,2026-07-10T07:20:00-07:00,35,
1783693260,2026-07-10T07:21:00-07:00,44,
1783693320,2026-07-10T07:22:00-07:00,17,
1783693380,2026-07-10T07:23:00-07:00,19,
1783693440,2026-07-10T07:24:00-07:00,36,
1783693500,2026-07-10T07:25:00-07:00,16,
1783693560,2026-07-10T07:26:00-07:00,84,
1783693620,2026-07-10T07:27:00-07:00,42,
1783693680,2026-07-10T07:28:00-07:00,67,
1783693740,2026-07-10T07:29:00-07:00,56,
1783693800,2026-07-10T07:30:00-07:00,45,
1783693860,2026-07-10T07:31:00-07:00,32,
1783693920,2026-07-10T07:32:00-07:00,46,
1783693980,2026-07-10T07:33:00-07:00,67,
1783694040,2026-07-10T07:34:00-07:00,33,
1783694100,2026-07-10T07:35:00-07:00,53,
1783694160,2026-07-10T07:36:00-07:00,20,
1783694220,2026-07-10T07:37:00-07:00,35,
1783694280,2026-07-10T07:38:00-07:00,99,
1783694340,2026-07-10T07:39:00-07:00,23,
1783694400,2026-07-10T07:40:00-07:00,27,
1783694460,2026-07-10T07:41:00-07:00,62,
1783694520,2026-07-10T07:42:00-07:00,131,
1783694580,2026-07-10T07:43:00-07:00,46,
1783694640,2026-07-10T07:44:00-07:00,54,
1783694700,2026-07-10T07:45:00-07:00,30,
1783694760,2026-07-10T07:46:00-07:00,52,
1783694820,2026-07-10T07:47:00-07:00,79,
1783694880,2026-07-10T07:48:00-07:00,42,
1783694940,2026-07-10T07:49:00-07:00,15,
1783695000,2026-07-10T07:50:00-07:00,31,
1783695060,2026-07-10T07:51:00-07:00,16,
1783695120,2026-07-10T07:52:00-07:00,74,
1783695180,2026-07-10T07:53:00-07:00,39,
1783695240,2026-07-10T07:54:00-07:00,40,
1783695300,2026-07-10T07:55:00-07:00,70,
1783695360,2026-07-10T07:56:00-07:00,82,
1783695420,2026-07-10T07:57:00-07:00,29,
1783695480,2026-07-10T07:58:00-07:00,46,
1783695540,2026-07-10T07:59:00-07:00,24,
1783695600,2026-07-10T08:00:00-07:00,63,
1783695660,2026-07-10T08:01:00-07:00,118,
1783695720,2026-07-10T08:02:00-07:00,23,
1783695780,2026-07-10T08:03:00-07:00,22,
1783695840,2026-07-10T08:04:00-07:00,34,
1783695900,2026-07-10T08:05:00-07:00,87,
1783695960,2026-07-10T08:06:00-07:00,52,
1783696020,2026-07-10T08:07:00-07:00,42,
1783696080,2026-07-10T08:08:00-07:00,65,
1783696140,2026-07-10T08:09:00-07:00,44,
1783696200,2026-07-10T08:10:00-07:00,36,
1783696260,2026-07-10T08:11:00-07:00,33,
1783696320,2026-07-10T08:12:00-07:00,31,
1783696380,2026-07-10T08:13:00-07:00,60,
1783696440,2026-07-10T08:14:00-07:00,33,
1783696500,2026-07-10T08:15:00-07:00,49,
1783696560,2026-07-10T08:16:00-07:00,26,
1783696620,2026-07-10T08:17:00-07:00,68,
1783696680,2026-07-10T08:18:00-07:00,38,
1783696740,2026-07-10T08:19:00-07:00,33,
1783696800,2026-07-10T08:20:00-07:00,40,
1783696860,2026-07-10T08:21:00-07:00,47,
1783696920,2026-07-10T08:22:00-07:00,28,
1783696980,2026-07-10T08:23:00-07:00,66,
1783697040,2026-07-10T08:24:00-07:00,36,
1783697100,2026-07-10T08:25:00-07:00,6,
1783697160,2026-07-10T08:26:00-07:00,27,
1783697220,2026-07-10T08:27:00-07:00,8,
1783697280,2026-07-10T08:28:00-07:00,76,
1783697340,2026-07-10T08:29:00-07:00,175,
1783697400,2026-07-10T08:30:00-07:00,72,
1783697460,2026-07-10T08:31:00-07:00,44,
1783697520,2026-07-10T08:32:00-07:00,59,
1783697580,2026-07-10T08:33:00-07:00,63,
1783697640,2026-07-10T08:34:00-07:00,119,
1783697700,2026-07-10T08:35:00-07:00,55,
1783697760,2026-07-10T08:36:00-07:00,27,
1783697820,2026-07-10T08:37:00-07:00,47,
1783697880,2026-07-10T08:38:00-07:00,53,
1783697940,2026-07-10T08:39:00-07:00,62,
1783698000,2026-07-10T08:40:00-07:00,75,
1783698060,2026-07-10T08:41:00-07:00,190,
1783698120,2026-07-10T08:42:00-07:00,32,
1783698180,2026-07-10T08:43:00-07:00,123,
1783698240,2026-07-10T08:44:00-07:00,72,
1783698300,2026-07-10T08:45:00-07:00,84,
1783698360,2026-07-10T08:46:00-07:00,59,
1783698420,2026-07-10T08:47:00-07:00,185,
1783698480,2026-07-10T08:48:00-07:00,42,
1783698540,2026-07-10T08:49:00-07:00,67,
1783698600,2026-07-10T08:50:00-07:00,44,
1783698660,2026-07-10T08:51:00-07:00,38,
1783698720,2026-07-10T08:52:00-07:00,61,
1783698780,2026-07-10T08:53:00-07:00,113,
1783698840,2026-07-10T08:54:00-07:00,59,
1783698900,2026-07-10T08:55:00-07:00,120,
1783698960,2026-07-10T08:56:00-07:00,126,
1783699020,2026-07-10T08:57:00-07:00,109,
1783699080,2026-07-10T08:58:00-07:00,104,
1783699140,2026-07-10T08:59:00-07:00,79,
1783699200,2026-07-10T09:00:00-07:00,85,
1783699260,2026-07-10T09:01:00-07:00,120,
1783699320,2026-07-10T09:02:00-07:00,107,
1783699380,2026-07-10T09:03:00-07:00,99,
1783699440,2026-07-10T09:04:00-07:00,65,
1783699500,2026-07-10T09:05:00-07:00,97,
1783699560,2026-07-10T09:06:00-07:00,84,
1783699620,2026-07-10T09:07:00-07:00,110,
1783699680,2026-07-10T09:08:00-07:00,87,
1783699740,2026-07-10T09:09:00-07:00,81,
1783699800,2026-07-10T09:10:00-07:00,60,
1783699860,2026-07-10T09:11:00-07:00,78,
1783699920,2026-07-10T09:12:00-07:00,25,
1783699980,2026-07-10T09:13:00-07:00,141,
1783700040,2026-07-10T09:14:00-07:00,47,
1783700100,2026-07-10T09:15:00-07:00,106,
1783700160,2026-07-10T09:16:00-07:00,35,
1783700220,2026-07-10T09:17:00-07:00,190,
1783700280,2026-07-10T09:18:00-07:00,100,
1783700340,2026-07-10T09:19:00-07:00,102,
1783700400,2026-07-10T09:20:00-07:00,107,
1783700460,2026-07-10T09:21:00-07:00,107,
1783700520,2026-07-10T09:22:00-07:00,51,
1783700580,2026-07-10T09:23:00-07:00,58,
1783700640,2026-07-10T09:24:00-07:00,182,
1783700700,2026-07-10T09:25:00-07:00,102,
1783700760,2026-07-10T09:26:00-07:00,151,
1783700820,2026-07-10T09:27:00-07:00,72,
1783700880,2026-07-10T09:28:00-07:00,120,
1783700940,2026-07-10T09:29:00-07:00,63,
1783701000,2026-07-10T09:30:00-07:00,80,
1783701060,2026-07-10T09:31:00-07:00,128,
1783701120,2026-07-10T09:32:00-07:00,155,
1783701180,2026-07-10T09:33:00-07:00,63,
1783701240,2026-07-10T09:34:00-07:00,69,
1783701300,2026-07-10T09:35:00-07:00,21,
1783701360,2026-07-10T09:36:00-07:00,66,
1783701420,2026-07-10T09:37:00-07:00,108,
1783701480,2026-07-10T09:38:00-07:00,70,
1783701540,2026-07-10T09:39:00-07:00,154,
1783701600,2026-07-10T09:40:00-07:00,74,
1783701660,2026-07-10T09:41:00-07:00,118,
1783701720,2026-07-10T09:42:00-07:00,58,
1783701780,2026-07-10T09:43:00-07:00,93,
1783701840,2026-07-10T09:44:00-07:00,81,
1783701900,2026-07-10T09:45:00-07:00,183,
1783701960,2026-07-10T09:46:00-07:00,69,
1783702020,2026-07-10T09:47:00-07:00,113,
1783702080,2026-07-10T09:48:00-07:00,60,
1783702140,2026-07-10T09:49:00-07:00,85,
1783702200,2026-07-10T09:50:00-07:00,77,
1783702260,2026-07-10T09:51:00-07:00,68,
1783702320,2026-07-10T09:52:00-07:00,65,
1783702380,2026-07-10T09:53:00-07:00,136,
1783702440,2026-07-10T09:54:00-07:00,49,
1783702500,2026-07-10T09:55:00-07:00,178,
1783702560,2026-07-10T09:56:00-07:00,46,
1783702620,2026-07-10T09:57:00-07:00,67,
1783702680,2026-07-10T09:58:00-07:00,53,
1783702740,2026-07-10T09:59:00-07:00,86,
1783702800,2026-07-10T10:00:00-07:00,89,
1783702860,2026-07-10T10:01:00-07:00,169,
1783702920,2026-07-10T10:02:00-07:00,62,
1783702980,2026-07-10T10:03:00-07:00,105,
1783703040,2026-07-10T10:04:00-07:00,81,
1783703100,2026-07-10T10:05:00-07:00,174,
1783703160,2026-07-10T10:06:00-07:00,58,
1783703220,2026-07-10T10:07:00-07:00,80,
1783703280,2026-07-10T10:08:00-07:00,166,
1783703340,2026-07-10T10:09:00-07:00,170,
1783703400,2026-07-10T10:10:00-07:00,74,
1783703460,2026-07-10T10:11:00-07:00,72,
1783703520,2026-07-10T10:12:00-07:00,152,
1783703580,2026-07-10T10:13:00-07:00,121,
1783703640,2026-07-10T10:14:00-07:00,153,
1783703700,2026-07-10T10:15:00-07:00,41,
1783703760,2026-07-10T10:16:00-07:00,164,
1783703820,2026-07-10T10:17:00-07:00,191,
1783703880,2026-07-10T10:18:00-07:00,99,
1783703940,2026-07-10T10:19:00-07:00,234,
1783704000,2026-07-10T10:20:00-07:00,130,
1783704060,2026-07-10T10:21:00-07:00,122,
1783704120,2026-07-10T10:22:00-07:00,147,
1783704180,2026-07-10T10:23:00-07:00,129,
1783704240,2026-07-10T10:24:00-07:00,58,
1783704300,2026-07-10T10:25:00-07:00,93,
1783704360,2026-07-10T10:26:00-07:00,47,
1783704420,2026-07-10T10:27:00-07:00,167,
1783704480,2026-07-10T10:28:00-07:00,101,
1783704540,2026-07-10T10:29:00-07:00,228,
1783704600,2026-07-10T10:30:00-07:00,60,
1783704660,2026-07-10T10:31:00-07:00,188,
1783704720,2026-07-10T10:32:00-07:00,68,
1783704780,2026-07-10T10:33:00-07:00,54,
1783704840,2026-07-10T10:34:00-07:00,31,
1783704900,2026-07-10T10:35:00-07:00,37,
1783704960,2026-07-10T10:36:00-07:00,53,
1783705020,2026-07-10T10:37:00-07:00,93,
1783705080,2026-07-10T10:38:00-07:00,81,
1783705140,2026-07-10T10:39:00-07:00,212,
1783705200,2026-07-10T10:40:00-07:00,41,
1783705260,2026-07-10T10:41:00-07:00,40,
1783705320,2026-07-10T10:42:00-07:00,75,
1783705380,2026-07-10T10:43:00-07:00,52,
1783705440,2026-07-10T10:44:00-07:00,127,
1783705500,2026-07-10T10:45:00-07:00,87,
1783705560,2026-07-10T10:46:00-07:00,53,
1783705620,2026-07-10T10:47:00-07:00,51,
1783705680,2026-07-10T10:48:00-07:00,43,
1783705740,2026-07-10T10:49:00-07:00,102,
1783705800,2026-07-10T10:50:00-07:00,50,
1783705860,2026-07-10T10:51:00-07:00,81,
1783705920,2026-07-10T10:52:00-07:00,89,
1783705980,2026-07-10T10:53:00-07:00,70,
1783706040,2026-07-10T10:54:00-07:00,61,
1783706100,2026-07-10T10:55:00-07:00,80,
1783706160,2026-07-10T10:56:00-07:00,40,
1783706220,2026-07-10T10:57:00-07:00,86,
1783706280,2026-07-10T10:58:00-07:00,40,
1783706340,2026-07-10T10:59:00-07:00,67,
1783706400,2026-07-10T11:00:00-07:00,47,
1783706460,2026-07-10T11:01:00-07:00,162,
1783706520,2026-07-10T11:02:00-07:00,181,
1783706580,2026-07-10T11:03:00-07:00,156,
1783706640,2026-07-10T11:04:00-07:00,178,
1783706700,2026-07-10T11:05:00-07:00,38,
1783706760,2026-07-10T11:06:00-07:00,155,
1783706820,2026-07-10T11:07:00-07:00,144,
1783706880,2026-07-10T11:08:00-07:00,42,
1783706940,2026-07-10T11:09:00-07:00,70,
1783707000,2026-07-10T11:10:00-07:00,79,
1783707060,2026-07-10T11:11:00-07:00,58,
1783707120,2026-07-10T11:12:00-07:00,137,
1783707180,2026-07-10T11:13:00-07:00,117,
1783707240,2026-07-10T11:14:00-07:00,51,
1783707300,2026-07-10T11:15:00-07:00,45,
1783707360,2026-07-10T11:16:00-07:00,91,
1783707420,2026-07-10T11:17:00-07:00,64,
1783707480,2026-07-10T11:18:00-07:00,107,
1783707540,2026-07-10T11:19:00-07:00,111,
1783707600,2026-07-10T11:20:00-07:00,120,
1783707660,2026-07-10T11:21:00-07:00,110,
1783707720,2026-07-10T11:22:00-07:00,66,
1783707780,2026-07-10T11:23:00-07:00,60,
1783707840,2026-07-10T11:24:00-07:00,180,
1783707900,2026-07-10T11:25:00-07:00,137,
1783707960,2026-07-10T11:26:00-07:00,187,
1783708020,2026-07-10T11:27:00-07:00,132,
1783708080,2026-07-10T11:28:00-07:00,49,
1783708140,2026-07-10T11:29:00-07:00,77,
1783708200,2026-07-10T11:30:00-07:00,58,
1783708260,2026-07-10T11:31:00-07:00,84,
1783708320,2026-07-10T11:32:00-07:00,65,
1783708380,2026-07-10T11:33:00-07:00,104,
1783708440,2026-07-10T11:34:00-07:00,81,
1783708500,2026-07-10T11:35:00-07:00,136,
1783708560,2026-07-10T11:36:00-07:00,43,
1783708620,2026-07-10T11:37:00-07:00,31,
1783708680,2026-07-10T11:38:00-07:00,54,
1783708740,2026-07-10T11:39:00-07:00,63,
1783708800,2026-07-10T11:40:00-07:00,129,
1783708860,2026-07-10T11:41:00-07:00,107,
1783708920,2026-07-10T11:42:00-07:00,112,
1783708980,2026-07-10T11:43:00-07:00,36,
1783709040,2026-07-10T11:44:00-07:00,66,
1783709100,2026-07-10T11:45:00-07:00,84,
1783709160,2026-07-10T11:46:00-07:00,145,
1783709220,2026-07-10T11:47:00-07:00,163,
1783709280,2026-07-10T11:48:00-07:00,78,
1783709340,2026-07-10T11:49:00-07:00,91,
1783709400,2026-07-10T11:50:00-07:00,122,
1783709460,2026-07-10T11:51:00-07:00,91,
1783709520,2026-07-10T11:52:00-07:00,121,
1783709580,2026-07-10T11:53:00-07:00,74,
1783709640,2026-07-10T11:54:00-07:00,90,
1783709700,2026-07-10T11:55:00-07:00,68,
1783709760,2026-07-10T11:56:00-07:00,45,
1783709820,2026-07-10T11:57:00-07:00,141,
1783709880,2026-07-10T11:58:00-07:00,94,
1783709940,2026-07-10T11:59:00-07:00,113,
1783710000,2026-07-10T12:00:00-07:00,82,
1783710060,2026-07-10T12:01:00-07:00,117,
1783710120,2026-07-10T12:02:00-07:00,102,
1783710180,2026-07-10T12:03:00-07:00,145,
1783710240,2026-07-10T12:04:00-07:00,43,
1783710300,2026-07-10T12:05:00-07:00,90,
1783710360,2026-07-10T12:06:00-07:00,116,
1783710420,2026-07-10T12:07:00-07:00,151,
1783710480,2026-07-10T12:08:00-07:00,146,
1783710540,2026-07-10T12:09:00-07:00,74,
1783710600,2026-07-10T12:10:00-07:00,148,
1783710660,2026-07-10T12:11:00-07:00,49,
1783710720,2026-07-10T12:12:00-07:00,103,
1783710780,2026-07-10T12:13:00-07:00,105,
1783710840,2026-07-10T12:14:00-07:00,71,
1783710900,2026-07-10T12:15:00-07:00,90,
1783710960,2026-07-10T12:16:00-07:00,93,
1783711020,2026-07-10T12:17:00-07:00,56,
1783711080,2026-07-10T12:18:00-07:00,90,
1783711140,2026-07-10T12:19:00-07:00,136,
1783711200,2026-07-10T12:20:00-07:00,76,
1783711260,2026-07-10T12:21:00-07:00,104,
1783711320,2026-07-10T12:22:00-07:00,45,
1783711380,2026-07-10T12:23:00-07:00,104,
1783711440,2026-07-10T12:24:00-07:00,116,
1783711500,2026-07-10T12:25:00-07:00,83,
1783711560,2026-07-10T12:26:00-07:00,135,
1783711620,2026-07-10T12:27:00-07:00,89,
1783711680,2026-07-10T12:28:00-07:00,176,
1783711740,2026-07-10T12:29:00-07:00,131,
1783711800,2026-07-10T12:30:00-07:00,94,
1783711860,2026-07-10T12:31:00-07:00,122,
1783711920,2026-07-10T12:32:00-07:00,68,
1783711980,2026-07-10T12:33:00-07:00,93,
1783712040,2026-07-10T12:34:00-07:00,129,
1783712100,2026-07-10T12:35:00-07:00,91,
1783712160,2026-07-10T12:36:00-07:00,76,
1783712220,2026-07-10T12:37:00-07:00,142,
1783712280,2026-07-10T12:38:00-07:00,83,
1783712340,2026-07-10T12:39:00-07:00,171,
1783712400,2026-07-10T12:40:00-07:00,94,
1783712460,2026-07-10T12:41:00-07:00,109,
1783712520,2026-07-10T12:42:00-07:00,76,
1783712580,2026-07-10T12:43:00-07:00,28,
1783712640,2026-07-10T12:44:00-07:00,156,
1783712700,2026-07-10T12:45:00-07:00,110,
1783712760,2026-07-10T12:46:00-07:00,155,
1783712820,2026-07-10T12:47:00-07:00,66,
1783712880,2026-07-10T12:48:00-07:00,79,
1783712940,2026-07-10T12:49:00-07:00,153,
1783713000,2026-07-10T12:50:00-07:00,74,
1783713060,2026-07-10T12:51:00-07:00,138,
1783713120,2026-07-10T12:52:00-07:00,100,
1783713180,2026-07-10T12:53:00-07:00,109,
1783713240,2026-07-10T12:54:00-07:00,138,
1783713300,2026-07-10T12:55:00-07:00,50,
1783713360,2026-07-10T12:56:00-07:00,53,
1783713420,2026-07-10T12:57:00-07:00,135,
1783713480,2026-07-10T12:58:00-07:00,206,
1783713540,2026-07-10T12:59:00-07:00,74,
1783713600,2026-07-10T13:00:00-07:00,55,
1783713660,2026-07-10T13:01:00-07:00,70,
1783713720,2026-07-10T13:02:00-07:00,156,
1783713780,2026-07-10T13:03:00-07:00,52,
1783713840,2026-07-10T13:04:00-07:00,89,
1783713900,2026-07-10T13:05:00-07:00,114,
1783713960,2026-07-10T13:06:00-07:00,117,
1783714020,2026-07-10T13:07:00-07:00,140,
1783714080,2026-07-10T13:08:00-07:00,171,
1783714140,2026-07-10T13:09:00-07:00,145,
1783714200,2026-07-10T13:10:00-07:00,112,
1783714260,2026-07-10T13:11:00-07:00,61,
1783714320,2026-07-10T13:12:00-07:00,201,
1783714380,2026-07-10T13:13:00-07:00,70,
1783714440,2026-07-10T13:14:00-07:00,117,
1783714500,2026-07-10T13:15:00-07:00,103,
1783714560,2026-07-10T13:16:00-07:00,183,
1783714620,2026-07-10T13:17:00-07:00,71,
1783714680,2026-07-10T13:18:00-07:00,127,
1783714740,2026-07-10T13:19:00-07:00,113,
1783714800,2026-07-10T13:20:00-07:00,146,
1783714860,2026-07-10T13:21:00-07:00,119,
1783714920,2026-07-10T13:22:00-07:00,37,
1783714980,2026-07-10T13:23:00-07:00,59,
1783715040,2026-07-10T13:24:00-07:00,93,
1783715100,2026-07-10T13:25:00-07:00,139,
1783715160,2026-07-10T13:26:00-07:00,103,
1783715220,2026-07-10T13:27:00-07:00,164,
1783715280,2026-07-10T13:28:00-07:00,113,
1783715340,2026-07-10T13:29:00-07:00,67,
1783715400,2026-07-10T13:30:00-07:00,176,
1783715460,2026-07-10T13:31:00-07:00,69,
1783715520,2026-07-10T13:32:00-07:00,150,
1783715580,2026-07-10T13:33:00-07:00,152,
1783715640,2026-07-10T13:34:00-07:00,86,
1783715700,2026-07-10T13:35:00-07:00,117,
1783715760,2026-07-10T13:36:00-07:00,155,
1783715820,2026-07-10T13:37:00-07:00,121,
1783715880,2026-07-10T13:38:00-07:00,86,
1783715940,2026-07-10T13:39:00-07:00,142,
1783716000,2026-07-10T13:40:00-07:00,52,
1783716060,2026-07-10T13:41:00-07:00,121,
1783716120,2026-07-10T13:42:00-07:00,55,
1783716180,2026-07-10T13:43:00-07:00,65,
1783716240,2026-07-10T13:44:00-07:00,203,
1783716300,2026-07-10T13:45:00-07:00,147,
1783716360,2026-07-10T13:46:00-07:00,125,
1783716420,2026-07-10T13:47:00-07:00,65,
1783716480,2026-07-10T13:48:00-07:00,207,
1783716540,2026-07-10T13:49:00-07:00,86,
1783716600,2026-07-10T13:50:00-07:00,61,
1783716660,2026-07-10T13:51:00-07:00,214,
1783716720,2026-07-10T13:52:00-07:00,215,
1783716780,2026-07-10T13:53:00-07:00,150,
1783716840,2026-07-10T13:54:00-07:00,178,
1783716900,2026-07-10T13:55:00-07:00,98,
1783716960,2026-07-10T13:56:00-07:00,65,
1783717020,2026-07-10T13:57:00-07:00,158,
1783717080,2026-07-10T13:58:00-07:00,77,
1783717140,2026-07-10T13:59:00-07:00,188,
1783717200,2026-07-10T14:00:00-07:00,97,
1783717260,2026-07-10T14:01:00-07:00,77,
1783717320,2026-07-10T14:02:00-07:00,80,
1783717380,2026-07-10T14:03:00-07:00,66,
1783717440,2026-07-10T14:04:00-07:00,175,
1783717500,2026-07-10T14:05:00-07:00,122,
1783717560,2026-07-10T14:06:00-07:00,72,
1783717620,2026-07-10T14:07:00-07:00,182,
1783717680,2026-07-10T14:08:00-07:00,123,
1783717740,2026-07-10T14:09:00-07:00,126,
1783717800,2026-07-10T14:10:00-07:00,68,
1783717860,2026-07-10T14:11:00-07:00,93,
1783717920,2026-07-10T14:12:00-07:00,112,
1783717980,2026-07-10T14:13:00-07:00,89,
1783718040,2026-07-10T14:14:00-07:00,156,
1783718100,2026-07-10T14:15:00-07:00,44,
1783718160,2026-07-10T14:16:00-07:00,107,
1783718220,2026-07-10T14:17:00-07:00,124,
1783718280,2026-07-10T14:18:00-07:00,126,
1783718340,2026-07-10T14:19:00-07:00,123,
1783718400,2026-07-10T14:20:00-07:00,57,
1783718460,2026-07-10T14:21:00-07:00,118,
1783718520,2026-07-10T14:22:00-07:00,134,
1783718580,2026-07-10T14:23:00-07:00,138,
1783718640,2026-07-10T14:24:00-07:00,57,
1783718700,2026-07-10T14:25:00-07:00,26,
1783718760,2026-07-10T14:26:00-07:00,110,
1783718820,2026-07-10T14:27:00-07:00,63,
1783718880,2026-07-10T14:28:00-07:00,163,
1783718940,2026-07-10T14:29:00-07:00,118,
1783719000,2026-07-10T14:30:00-07:00,111,
1783719060,2026-07-10T14:31:00-07:00,137,
1783719120,2026-07-10T14:32:00-07:00,162,
1783719180,2026-07-10T14:33:00-07:00,123,
1783719240,2026-07-10T14:34:00-07:00,81,
1783719300,2026-07-10T14:35:00-07:00,60,
1783719360,2026-07-10T14:36:00-07:00,151,
1783719420,2026-07-10T14:37:00-07:00,32,
1783719480,2026-07-10T14:38:00-07:00,124,
1783719540,2026-07-10T14:39:00-07:00,111,
1783719600,2026-07-10T14:40:00-07:00,90,
1783719660,2026-07-10T14:41:00-07:00,58,
1783719720,2026-07-10T14:42:00-07:00,169,
1783719780,2026-07-10T14:43:00-07:00,24,
1783719840,2026-07-10T14:44:00-07:00,120,
1783719900,2026-07-10T14:45:00-07:00,162,
1783719960,2026-07-10T14:46:00-07:00,117,
1783720020,2026-07-10T14:47:00-07:00,92,
1783720080,2026-07-10T14:48:00-07:00,116,
1783720140,2026-07-10T14:49:00-07:00,100,
1783720200,2026-07-10T14:50:00-07:00,39,
1783720260,2026-07-10T14:51:00-07:00,75,
1783720320,2026-07-10T14:52:00-07:00,88,
1783720380,2026-07-10T14:53:00-07:00,184,
1783720440,2026-07-10T14:54:00-07:00,167,
1783720500,2026-07-10T14:55:00-07:00,108,
1783720560,2026-07-10T14:56:00-07:00,113,
1783720620,2026-07-10T14:57:00-07:00,121,
1783720680,2026-07-10T14:58:00-07:00,43,
1783720740,2026-07-10T14:59:00-07:00,70,
1783720800,2026-07-10T15:00:00-07:00,121,
1783720860,2026-07-10T15:01:00-07:00,61,
1783720920,2026-07-10T15:02:00-07:00,143,
1783720980,2026-07-10T15:03:00-07:00,219,
1783721040,2026-07-10T15:04:00-07:00,112,
1783721100,2026-07-10T15:05:00-07:00,69,
1783721160,2026-07-10T15:06:00-07:00,149,
1783721220,2026-07-10T15:07:00-07:00,103,
1783721280,2026-07-10T15:08:00-07:00,129,
1783721340,2026-07-10T15:09:00-07:00,93,
1783721400,2026-07-10T15:10:00-07:00,96,
1783721460,2026-07-10T15:11:00-07:00,121,
1783721520,2026-07-10T15:12:00-07:00,103,
1783721580,2026-07-10T15:13:00-07:00,123,
1783721640,2026-07-10T15:14:00-07:00,118,
1783721700,2026-07-10T15:15:00-07:00,141,
1783721760,2026-07-10T15:16:00-07:00,72,
1783721820,2026-07-10T15:17:00-07:00,92,
1783721880,2026-07-10T15:18:00-07:00,111,
1783721940,2026-07-10T15:19:00-07:00,171,
1783722000,2026-07-10T15:20:00-07:00,107,
1783722060,2026-07-10T15:21:00-07:00,79,
1783722120,2026-07-10T15:22:00-07:00,84,
1783722180,2026-07-10T15:23:00-07:00,143,
1783722240,2026-07-10T15:24:00-07:00,100,
1783722300,2026-07-10T15:25:00-07:00,129,
1783722360,2026-07-10T15:26:00-07:00,104,
1783722420,2026-07-10T15:27:00-07:00,42,
1783722480,2026-07-10T15:28:00-07:00,97,
1783722540,2026-07-10T15:29:00-07:00,124,
1783722600,2026-07-10T15:30:00-07:00,133,
1783722660,2026-07-10T15:31:00-07:00,97,
1783722720,2026-07-10T15:32:00-07:00,158,
1783722780,2026-07-10T15:33:00-07:00,164,
1783722840,2026-07-10T15:34:00-07:00,90,
1783722900,2026-07-10T15:35:00-07:00,227,
1783722960,2026-07-10T15:36:00-07:00,136,
1783723020,2026-07-10T15:37:00-07:00,118,
1783723080,2026-07-10T15:38:00-07:00,48,
1783723140,2026-07-10T15:39:00-07:00,107,
1783723200,2026-07-10T15:40:00-07:00,75,
1783723260,2026-07-10T15:41:00-07:00,143,
1783723320,2026-07-10T15:42:00-07:00,141,
1783723380,2026-07-10T15:43:00-07:00,118,
1783723440,2026-07-10T15:44:00-07:00,117,
1783723500,2026-07-10T15:45:00-07:00,228,
1783723560,2026-07-10T15:46:00-07:00,79,
1783723620,2026-07-10T15:47:00-07:00,152,
1783723680,2026-07-10T15:48:00-07:00,173,
1783723740,2026-07-10T15:49:00-07:00,133,
1783723800,2026-07-10T15:50:00-07:00,90,
1783723860,2026-07-10T15:51:00-07:00,221,
1783723920,2026-07-10T15:52:00-07:00,87,
1783723980,2026-07-10T15:53:00-07:00,235,
1783724040,2026-07-10T15:54:00-07:00,37,
1783724100,2026-07-10T15:55:00-07:00,139,
1783724160,2026-07-10T15:56:00-07:00,111,
1783724220,2026-07-10T15:57:00-07:00,170,
1783724280,2026-07-10T15:58:00-07:00,55,
1783724340,2026-07-10T15:59:00-07:00,156,
1783724400,2026-07-10T16:00:00-07:00,47,
1783724460,2026-07-10T16:01:00-07:00,92,
1783724520,2026-07-10T16:02:00-07:00,139,
1783724580,2026-07-10T16:03:00-07:00,142,
1783724640,2026-07-10T16:04:00-07:00,96,
1783724700,2026-07-10T16:05:00-07:00,147,
1783724760,2026-07-10T16:06:00-07:00,19,
1783724820,2026-07-10T16:07:00-07:00,47,
1783724880,2026-07-10T16:08:00-07:00,112,
1783724940,2026-07-10T16:09:00-07:00,67,
1783725000,2026-07-10T16:10:00-07:00,106,
1783725060,2026-07-10T16:11:00-07:00,80,
1783725120,2026-07-10T16:12:00-07:00,147,
1783725180,2026-07-10T16:13:00-07:00,121,
1783725240,2026-07-10T16:14:00-07:00,103,
1783725300,2026-07-10T16:15:00-07:00,46,
1783725360,2026-07-10T16:16:00-07:00,151,
1783725420,2026-07-10T16:17:00-07:00,22,
1783725480,2026-07-10T16:18:00-07:00,80,
1783725540,2026-07-10T16:19:00-07:00,111,
1783725600,2026-07-10T16:20:00-07:00,61,
1783725660,2026-07-10T16:21:00-07:00,43,
1783725720,2026-07-10T16:22:00-07:00,84,
1783725780,2026-07-10T16:23:00-07:00,107,
1783725840,2026-07-10T16:24:00-07:00,174,
1783725900,2026-07-10T16:25:00-07:00,68,
1783725960,2026-07-10T16:26:00-07:00,47,
1783726020,2026-07-10T16:27:00-07:00,53,
1783726080,2026-07-10T16:28:00-07:00,52,
1783726140,2026-07-10T16:29:00-07:00,54,
1783726200,2026-07-10T16:30:00-07:00,73,
1783726260,2026-07-10T16:31:00-07:00,102,
1783726320,2026-07-10T16:32:00-07:00,102,
1783726380,2026-07-10T16:33:00-07:00,59,
1783726440,2026-07-10T16:34:00-07:00,93,
1783726500,2026-07-10T16:35:00-07:00,101,
1783726560,2026-07-10T16:36:00-07:00,117,
1783726620,2026-07-10T16:37:00-07:00,48,
1783726680,2026-07-10T16:38:00-07:00,85,
1783726740,2026-07-10T16:39:00-07:00,106,
1783726800,2026-07-10T16:40:00-07:00,27,
1783726860,2026-07-10T16:41:00-07:00,146,
1783726920,2026-07-10T16:42:00-07:00,117,
1783726980,2026-07-10T16:43:00-07:00,68,
1783727040,2026-07-10T16:44:00-07:00,36,
1783727100,2026-07-10T16:45:00-07:00,172,
1783727160,2026-07-10T16:46:00-07:00,62,
1783727220,2026-07-10T16:47:00-07:00,96,
1783727280,2026-07-10T16:48:00-07:00,93,
1783727340,2026-07-10T16:49:00-07:00,60,
1783727400,2026-07-10T16:50:00-07:00,126,
1783727460,2026-07-10T16:51:00-07:00,142,
1783727520,2026-07-10T16:52:00-07:00,56,
1783727580,2026-07-10T16:53:00-07:00,216,
1783727640,2026-07-10T16:54:00-07:00,144,
1783727700,2026-07-10T16:55:00-07:00,111,
1783727760,2026-07-10T16:56:00-07:00,172,
1783727820,2026-07-10T16:57:00-07:00,110,
1783727880,2026-07-10T16:58:00-07:00,98,
1783727940,2026-07-10T16:59:00-07:00,68,
1783728000,2026-07-10T17:00:00-07:00,75,
1783728060,2026-07-10T17:01:00-07:00,50,
1783728120,2026-07-10T17:02:00-07:00,121,
1783728180,2026-07-10T17:03:00-07:00,78,
1783728240,2026-07-10T17:04:00-07:00,104,
1783728300,2026-07-10T17:05:00-07:00,105,
1783728360,2026-07-10T17:06:00-07:00,119,
1783728420,2026-07-10T17:07:00-07:00,106,
1783728480,2026-07-10T17:08:00-07:00,93,
1783728540,2026-07-10T17:09:00-07:00,93,
1783728600,2026-07-10T17:10:00-07:00,119,
1783728660,2026-07-10T17:11:00-07:00,121,
1783728720,2026-07-10T17:12:00-07:00,127,
1783728780,2026-07-10T17:13:00-07:00,131,
1783728840,2026-07-10T17:14:00-07:00,56,
1783728900,2026-07-10T17:15:00-07:00,111,
1783728960,2026-07-10T17:16:00-07:00,116,
1783729020,2026-07-10T17:17:00-07:00,125,
1783729080,2026-07-10T17:18:00-07:00,107,
1783729140,2026-07-10T17:19:00-07:00,112,
1783729200,2026-07-10T17:20:00-07:00,82,
1783729260,2026-07-10T17:21:00-07:00,142,
1783729320,2026-07-10T17:22:00-07:00,113,
1783729380,2026-07-10T17:23:00-07:00,148,
1783729440,2026-07-10T17:24:00-07:00,144,
1783729500,2026-07-10T17:25:00-07:00,162,
1783729560,2026-07-10T17:26:00-07:00,94,
1783729620,2026-07-10T17:27:00-07:00,67,
1783729680,2026-07-10T17:28:00-07:00,114,
1783729740,2026-07-10T17:29:00-07:00,132,
1783729800,2026-07-10T17:30:00-07:00,102,
1783729860,2026-07-10T17:31:00-07:00,87,
1783729920,2026-07-10T17:32:00-07:00,151,
1783729980,2026-07-10T17:33:00-07:00,83,
1783730040,2026-07-10T17:34:00-07:00,50,
1783730100,2026-07-10T17:35:00-07:00,108,
1783730160,2026-07-10T17:36:00-07:00,26,
1783730220,2026-07-10T17:37:00-07:00,186,
1783730280,2026-07-10T17:38:00-07:00,106,
1783730340,2026-07-10T17:39:00-07:00,115,
1783730400,2026-07-10T17:40:00-07:00,64,
1783730460,2026-07-10T17:41:00-07:00,104,
1783730520,2026-07-10T17:42:00-07:00,100,
1783730580,2026-07-10T17:43:00-07:00,113,
1783730640,2026-07-10T17:44:00-07:00,104,
1783730700,2026-07-10T17:45:00-07:00,72,
1783730760,2026-07-10T17:46:00-07:00,93,
1783730820,2026-07-10T17:47:00-07:00,111,
1783730880,2026-07-10T17:48:00-07:00,87,
1783730940,2026-07-10T17:49:00-07:00,18,
1783731000,2026-07-10T17:50:00-07:00,90,
1783731060,2026-07-10T17:51:00-07:00,95,
1783731120,2026-07-10T17:52:00-07:00,163,
1783731180,2026-07-10T17:53:00-07:00,122,
1783731240,2026-07-10T17:54:00-07:00,133,
1783731300,2026-07-10T17:55:00-07:00,135,
1783731360,2026-07-10T17:56:00-07:00,93,
1783731420,2026-07-10T17:57:00-07:00,85,
1783731480,2026-07-10T17:58:00-07:00,69,
1783731540,2026-07-10T17:59:00-07:00,88,
1783731600,2026-07-10T18:00:00-07:00,105,
1783731660,2026-07-10T18:01:00-07:00,86,
1783731720,2026-07-10T18:02:00-07:00,31,
1783731780,2026-07-10T18:03:00-07:00,129,
1783731840,2026-07-10T18:04:00-07:00,67,
1783731900,2026-07-10T18:05:00-07:00,121,
1783731960,2026-07-10T18:06:00-07:00,94,
1783732020,2026-07-10T18:07:00-07:00,107,
1783732080,2026-07-10T18:08:00-07:00,41,
1783732140,2026-07-10T18:09:00-07:00,75,
1783732200,2026-07-10T18:10:00-07:00,71,
1783732260,2026-07-10T18:11:00-07:00,67,
1783732320,2026-07-10T18:12:00-07:00,88,
1783732380,2026-07-10T18:13:00-07:00,65,
1783732440,2026-07-10T18:14:00-07:00,23,
1783732500,2026-07-10T18:15:00-07:00,120,
1783732560,2026-07-10T18:16:00-07:00,72,
1783732620,2026-07-10T18:17:00-07:00,98,
1783732680,2026-07-10T18:18:00-07:00,44,
1783732740,2026-07-10T18:19:00-07:00,97,
1783732800,2026-07-10T18:20:00-07:00,143,
1783732860,2026-07-10T18:21:00-07:00,114,
1783732920,2026-07-10T18:22:00-07:00,88,
1783732980,2026-07-10T18:23:00-07:00,106,
1783733040,2026-07-10T18:24:00-07:00,113,
1783733100,2026-07-10T18:25:00-07:00,174,
1783733160,2026-07-10T18:26:00-07:00,61,
1783733220,2026-07-10T18:27:00-07:00,99,
1783733280,2026-07-10T18:28:00-07:00,150,
1783733340,2026-07-10T18:29:00-07:00,104,
1783733400,2026-07-10T18:30:00-07:00,57,
1783733460,2026-07-10T18:31:00-07:00,93,
1783733520,2026-07-10T18:32:00-07:00,67,
1783733580,2026-07-10T18:33:00-07:00,75,
1783733640,2026-07-10T18:34:00-07:00,84,
1783733700,2026-07-10T18:35:00-07:00,139,
1783733760,2026-07-10T18:36:00-07:00,31,
1783733820,2026-07-10T18:37:00-07:00,118,
1783733880,2026-07-10T18:38:00-07:00,77,
1783733940,2026-07-10T18:39:00-07:00,116,
1783734000,2026-07-10T18:40:00-07:00,57,
1783734060,2026-07-10T18:41:00-07:00,127,
1783734120,2026-07-10T18:42:00-07:00,83,
1783734180,2026-07-10T18:43:00-07:00,58,
1783734240,2026-07-10T18:44:00-07:00,149,
1783734300,2026-07-10T18:45:00-07:00,104,
1783734360,2026-07-10T18:46:00-07:00,98,
1783734420,2026-07-10T18:47:00-07:00,59,
1783734480,2026-07-10T18:48:00-07:00,71,
1783734540,2026-07-10T18:49:00-07:00,160,
1783734600,2026-07-10T18:50:00-07:00,56,
1783734660,2026-07-10T18:51:00-07:00,106,
1783734720,2026-07-10T18:52:00-07:00,38,
1783734780,2026-07-10T18:53:00-07:00,75,
1783734840,2026-07-10T18:54:00-07:00,82,
1783734900,2026-07-10T18:55:00-07:00,99,
1783734960,2026-07-10T18:56:00-07:00,652,
1783735020,2026-07-10T18:57:00-07:00,119,
1783735080,2026-07-10T18:58:00-07:00,129,
1783735140,2026-07-10T18:59:00-07:00,154,
1783735200,2026-07-10T19:00:00-07:00,112,
1783735260,2026-07-10T19:01:00-07:00,74,
1783735320,2026-07-10T19:02:00-07:00,120,
1783735380,2026-07-10T19:03:00-07:00,175,
1783735440,2026-07-10T19:04:00-07:00,63,
1783735500,2026-07-10T19:05:00-07:00,66,
1783735560,2026-07-10T19:06:00-07:00,131,
1783735620,2026-07-10T19:07:00-07:00,154,
1783735680,2026-07-10T19:08:00-07:00,122,
1783735740,2026-07-10T19:09:00-07:00,160,
1783735800,2026-07-10T19:10:00-07:00,107,
1783735860,2026-07-10T19:11:00-07:00,129,
1783735920,2026-07-10T19:12:00-07:00,114,
1783735980,2026-07-10T19:13:00-07:00,29,
1783736040,2026-07-10T19:14:00-07:00,152,
1783736100,2026-07-10T19:15:00-07:00,97,
1783736160,2026-07-10T19:16:00-07:00,141,
1783736220,2026-07-10T19:17:00-07:00,78,
1783736280,2026-07-10T19:18:00-07:00,126,
1783736340,2026-07-10T19:19:00-07:00,57,
1783736400,2026-07-10T19:20:00-07:00,81,
1783736460,2026-07-10T19:21:00-07:00,46,
1783736520,2026-07-10T19:22:00-07:00,37,
1783736580,2026-07-10T19:23:00-07:00,44,
1783736640,2026-07-10T19:24:00-07:00,67,
1783736700,2026-07-10T19:25:00-07:00,65,
1783736760,2026-07-10T19:26:00-07:00,55,
1783736820,2026-07-10T19:27:00-07:00,101,
1783736880,2026-07-10T19:28:00-07:00,82,
1783736940,2026-07-10T19:29:00-07:00,68,
1783737000,2026-07-10T19:30:00-07:00,128,
1783737060,2026-07-10T19:31:00-07:00,67,
1783737120,2026-07-10T19:32:00-07:00,86,
1783737180,2026-07-10T19:33:00-07:00,55,
1783737240,2026-07-10T19:34:00-07:00,224,
1783737300,2026-07-10T19:35:00-07:00,134,
1783737360,2026-07-10T19:36:00-07:00,85,
1783737420,2026-07-10T19:37:00-07:00,25,
1783737480,2026-07-10T19:38:00-07:00,95,
1783737540,2026-07-10T19:39:00-07:00,105,
1783737600,2026-07-10T19:40:00-07:00,106,
1783737660,2026-07-10T19:41:00-07:00,88,
1783737720,2026-07-10T19:42:00-07:00,107,
1783737780,2026-07-10T19:43:00-07:00,131,
1783737840,2026-07-10T19:44:00-07:00,76,
1783737900,2026-07-10T19:45:00-07:00,46,
1783737960,2026-07-10T19:46:00-07:00,110,
1783738020,2026-07-10T19:47:00-07:00,114,
1783738080,2026-07-10T19:48:00-07:00,114,
1783738140,2026-07-10T19:49:00-07:00,109,
1783738200,2026-07-10T19:50:00-07:00,261,
1783738260,2026-07-10T19:51:00-07:00,64,
1783738320,2026-07-10T19:52:00-07:00,108,
1783738380,2026-07-10T19:53:00-07:00,106,
1783738440,2026-07-10T19:54:00-07:00,150,
1783738500,2026-07-10T19:55:00-07:00,75,
1783738560,2026-07-10T19:56:00-07:00,107,
1783738620,2026-07-10T19:57:00-07:00,80,
1783738680,2026-07-10T19:58:00-07:00,27,
1783738740,2026-07-10T19:59:00-07:00,150,
1783738800,2026-07-10T20:00:00-07:00,87,
1783738860,2026-07-10T20:01:00-07:00,101,
1783738920,2026-07-10T20:02:00-07:00,170,
1783738980,2026-07-10T20:03:00-07:00,106,
1783739040,2026-07-10T20:04:00-07:00,196,
1783739100,2026-07-10T20:05:00-07:00,118,
1783739160,2026-07-10T20:06:00-07:00,54,
1783739220,2026-07-10T20:07:00-07:00,65,
1783739280,2026-07-10T20:08:00-07:00,150,
1783739340,2026-07-10T20:09:00-07:00,114,
1783739400,2026-07-10T20:10:00-07:00,194,
1783739460,2026-07-10T20:11:00-07:00,104,
1783739520,2026-07-10T20:12:00-07:00,144,
1783739580,2026-07-10T20:13:00-07:00,96,
1783739640,2026-07-10T20:14:00-07:00,110,
1783739700,2026-07-10T20:15:00-07:00,115,
1783739760,2026-07-10T20:16:00-07:00,69,
1783739820,2026-07-10T20:17:00-07:00,110,
1783739880,2026-07-10T20:18:00-07:00,50,
1783739940,2026-07-10T20:19:00-07:00,176,
1783740000,2026-07-10T20:20:00-07:00,80,
1783740060,2026-07-10T20:21:00-07:00,112,
1783740120,2026-07-10T20:22:00-07:00,120,
1783740180,2026-07-10T20:23:00-07:00,92,
1783740240,2026-07-10T20:24:00-07:00,61,
1783740300,2026-07-10T20:25:00-07:00,201,
1783740360,2026-07-10T20:26:00-07:00,118,
1783740420,2026-07-10T20:27:00-07:00,108,
1783740480,2026-07-10T20:28:00-07:00,98,
1783740540,2026-07-10T20:29:00-07:00,160,
1783740600,2026-07-10T20:30:00-07:00,56,
1783740660,2026-07-10T20:31:00-07:00,94,
1783740720,2026-07-10T20:32:00-07:00,80,
1783740780,2026-07-10T20:33:00-07:00,22,
1783740840,2026-07-10T20:34:00-07:00,48,
1783740900,2026-07-10T20:35:00-07:00,125,
1783740960,2026-07-10T20:36:00-07:00,128,
1783741020,2026-07-10T20:37:00-07:00,139,
1783741080,2026-07-10T20:38:00-07:00,90,
1783741140,2026-07-10T20:39:00-07:00,136,
1783741200,2026-07-10T20:40:00-07:00,132,
1783741260,2026-07-10T20:41:00-07:00,107,
1783741320,2026-07-10T20:42:00-07:00,147,
1783741380,2026-07-10T20:43:00-07:00,102,
1783741440,2026-07-10T20:44:00-07:00,164,
1783741500,2026-07-10T20:45:00-07:00,143,
1783741560,2026-07-10T20:46:00-07:00,78,
1783741620,2026-07-10T20:47:00-07:00,52,
1783741680,2026-07-10T20:48:00-07:00,93,
1783741740,2026-07-10T20:49:00-07:00,115,
1783741800,2026-07-10T20:50:00-07:00,88,
1783741860,2026-07-10T20:51:00-07:00,78,
1783741920,2026-07-10T20:52:00-07:00,107,
1783741980,2026-07-10T20:53:00-07:00,82,
1783742040,2026-07-10T20:54:00-07:00,77,
1783742100,2026-07-10T20:55:00-07:00,108,
1783742160,2026-07-10T20:56:00-07:00,181,
1783742220,2026-07-10T20:57:00-07:00,46,
1783742280,2026-07-10T20:58:00-07:00,162,
1783742340,2026-07-10T20:59:00-07:00,45,
1783742400,2026-07-10T21:00:00-07:00,140,
1783742460,2026-07-10T21:01:00-07:00,160,
1783742520,2026-07-10T21:02:00-07:00,189,
1783742580,2026-07-10T21:03:00-07:00,66,
1783742640,2026-07-10T21:04:00-07:00,55,
1783742700,2026-07-10T21:05:00-07:00,84,
1783742760,2026-07-10T21:06:00-07:00,54,
1783742820,2026-07-10T21:07:00-07:00,102,
1783742880,2026-07-10T21:08:00-07:00,131,
1783742940,2026-07-10T21:09:00-07:00,117,
1783743000,2026-07-10T21:10:00-07:00,130,
1783743060,2026-07-10T21:11:00-07:00,69,
1783743120,2026-07-10T21:12:00-07:00,81,
1783743180,2026-07-10T21:13:00-07:00,154,
1783743240,2026-07-10T21:14:00-07:00,84,
1783743300,2026-07-10T21:15:00-07:00,176,
1783743360,2026-07-10T21:16:00-07:00,133,
1783743420,2026-07-10T21:17:00-07:00,108,
1783743480,2026-07-10T21:18:00-07:00,161,
1783743540,2026-07-10T21:19:00-07:00,122,
1783743600,2026-07-10T21:20:00-07:00,45,
1783743660,2026-07-10T21:21:00-07:00,136,
1783743720,2026-07-10T21:22:00-07:00,151,
1783743780,2026-07-10T21:23:00-07:00,116,
1783743840,2026-07-10T21:24:00-07:00,136,
1783743900,2026-07-10T21:25:00-07:00,37,
1783743960,2026-07-10T21:26:00-07:00,171,
1783744020,2026-07-10T21:27:00-07:00,159,
1783744080,2026-07-10T21:28:00-07:00,117,
1783744140,2026-07-10T21:29:00-07:00,98,
1783744200,2026-07-10T21:30:00-07:00,122,
1783744260,2026-07-10T21:31:00-07:00,125,
1783744320,2026-07-10T21:32:00-07:00,147,
1783744380,2026-07-10T21:33:00-07:00,69,
1783744440,2026-07-10T21:34:00-07:00,43,
1783744500,2026-07-10T21:35:00-07:00,57,
1783744560,2026-07-10T21:36:00-07:00,145,
1783744620,2026-07-10T21:37:00-07:00,102,
1783744680,2026-07-10T21:38:00-07:00,171,
1783744740,2026-07-10T21:39:00-07:00,65,
1783744800,2026-07-10T21:40:00-07:00,89,
1783744860,2026-07-10T21:41:00-07:00,83,
1783744920,2026-07-10T21:42:00-07:00,122,
1783744980,2026-07-10T21:43:00-07:00,122,
1783745040,2026-07-10T21:44:00-07:00,57,
1783745100,2026-07-10T21:45:00-07:00,70,
1783745160,2026-07-10T21:46:00-07:00,70,
1783745220,2026-07-10T21:47:00-07:00,176,
1783745280,2026-07-10T21:48:00-07:00,54,
1783745340,2026-07-10T21:49:00-07:00,75,
1783745400,2026-07-10T21:50:00-07:00,111,
1783745460,2026-07-10T21:51:00-07:00,85,
1783745520,2026-07-10T21:52:00-07:00,101,
1783745580,2026-07-10T21:53:00-07:00,91,
1783745640,2026-07-10T21:54:00-07:00,45,
1783745700,2026-07-10T21:55:00-07:00,103,
1783745760,2026-07-10T21:56:00-07:00,107,
1783745820,2026-07-10T21:57:00-07:00,111,
1783745880,2026-07-10T21:58:00-07:00,127,
1783745940,2026-07-10T21:59:00-07:00,148,
1783746000,2026-07-10T22:00:00-07:00,107,
1783746060,2026-07-10T22:01:00-07:00,78,
1783746120,2026-07-10T22:02:00-07:00,39,
1783746180,2026-07-10T22:03:00-07:00,191,
1783746240,2026-07-10T22:04:00-07:00,138,
1783746300,2026-07-10T22:05:00-07:00,160,
1783746360,2026-07-10T22:06:00-07:00,68,
1783746420,2026-07-10T22:07:00-07:00,98,
1783746480,2026-07-10T22:08:00-07:00,141,
1783746540,2026-07-10T22:09:00-07:00,235,
1783746600,2026-07-10T22:10:00-07:00,130,
1783746660,2026-07-10T22:11:00-07:00,147,
1783746720,2026-07-10T22:12:00-07:00,148,
1783746780,2026-07-10T22:13:00-07:00,77,
1783746840,2026-07-10T22:14:00-07:00,108,
1783746900,2026-07-10T22:15:00-07:00,59,
1783746960,2026-07-10T22:16:00-07:00,150,
1783747020,2026-07-10T22:17:00-07:00,119,
1783747080,2026-07-10T22:18:00-07:00,48,
1783747140,2026-07-10T22:19:00-07:00,126,
1783747200,2026-07-10T22:20:00-07:00,126,
1783747260,2026-07-10T22:21:00-07:00,63,
1783747320,2026-07-10T22:22:00-07:00,27,
1783747380,2026-07-10T22:23:00-07:00,243,
1783747440,2026-07-10T22:24:00-07:00,69,
1783747500,2026-07-10T22:25:00-07:00,60,
1783747560,2026-07-10T22:26:00-07:00,104,
1783747620,2026-07-10T22:27:00-07:00,151,
1783747680,2026-07-10T22:28:00-07:00,195,
1783747740,2026-07-10T22:29:00-07:00,70,
1783747800,2026-07-10T22:30:00-07:00,138,
1783747860,2026-07-10T22:31:00-07:00,98,
1783747920,2026-07-10T22:32:00-07:00,55,
1783747980,2026-07-10T22:33:00-07:00,143,
1783748040,2026-07-10T22:34:00-07:00,81,
1783748100,2026-07-10T22:35:00-07:00,63,
1783748160,2026-07-10T22:36:00-07:00,91,
1783748220,2026-07-10T22:37:00-07:00,70,
1783748280,2026-07-10T22:38:00-07:00,134,
1783748340,2026-07-10T22:39:00-07:00,43,
1783748400,2026-07-10T22:40:00-07:00,202,
1783748460,2026-07-10T22:41:00-07:00,112,
1783748520,2026-07-10T22:42:00-07:00,109,
1783748580,2026-07-10T22:43:00-07:00,140,
1783748640,2026-07-10T22:44:00-07:00,114,
1783748700,2026-07-10T22:45:00-07:00,55,
1783748760,2026-07-10T22:46:00-07:00,60,
1783748820,2026-07-10T22:47:00-07:00,132,
1783748880,2026-07-10T22:48:00-07:00,91,
1783748940,2026-07-10T22:49:00-07:00,68,
1783749000,2026-07-10T22:50:00-07:00,70,
1783749060,2026-07-10T22:51:00-07:00,119,
1783749120,2026-07-10T22:52:00-07:00,56,
1783749180,2026-07-10T22:53:00-07:00,161,
1783749240,2026-07-10T22:54:00-07:00,67,
1783749300,2026-07-10T22:55:00-07:00,124,
1783749360,2026-07-10T22:56:00-07:00,76,
1783749420,2026-07-10T22:57:00-07:00,70,
1783749480,2026-07-10T22:58:00-07:00,138,
1783749540,2026-07-10T22:59:00-07:00,188,
1783749600,2026-07-10T23:00:00-07:00,91,
1783749660,2026-07-10T23:01:00-07:00,242,
1783749720,2026-07-10T23:02:00-07:00,138,
1783749780,2026-07-10T23:03:00-07:00,67,
1783749840,2026-07-10T23:04:00-07:00,60,
1783749900,2026-07-10T23:05:00-07:00,100,
1783749960,2026-07-10T23:06:00-07:00,71,
1783750020,2026-07-10T23:07:00-07:00,101,
1783750080,2026-07-10T23:08:00-07:00,86,
1783750140,2026-07-10T23:09:00-07:00,54,
1783750200,2026-07-10T23:10:00-07:00,132,
1783750260,2026-07-10T23:11:00-07:00,52,
1783750320,2026-07-10T23:12:00-07:00,141,
1783750380,2026-07-10T23:13:00-07:00,152,
1783750440,2026-07-10T23:14:00-07:00,78,
1783750500,2026-07-10T23:15:00-07:00,178,
1783750560,2026-07-10T23:16:00-07:00,127,
1783750620,2026-07-10T23:17:00-07:00,141,
1783750680,2026-07-10T23:18:00-07:00,48,
1783750740,2026-07-10T23:19:00-07:00,65,
1783750800,2026-07-10T23:20:00-07:00,79,
1783750860,2026-07-10T23:21:00-07:00,44,
1783750920,2026-07-10T23:22:00-07:00,194,
1783750980,2026-07-10T23:23:00-07:00,70,
1783751040,2026-07-10T23:24:00-07:00,97,
1783751100,2026-07-10T23:25:00-07:00,128,
1783751160,2026-07-10T23:26:00-07:00,101,
1783751220,2026-07-10T23:27:00-07:00,52,
1783751280,2026-07-10T23:28:00-07:00,86,
1783751340,2026-07-10T23:29:00-07:00,41,
1783751400,2026-07-10T23:30:00-07:00,25,
1783751460,2026-07-10T23:31:00-07:00,64,
1783751520,2026-07-10T23:32:00-07:00,23,
1783751580,2026-07-10T23:33:00-07:00,33,
1783751640,2026-07-10T23:34:00-07:00,62,
1783751700,2026-07-10T23:35:00-07:00,42,
1783751760,2026-07-10T23:36:00-07:00,68,
1783751820,2026-07-10T23:37:00-07:00,26,
1783751880,2026-07-10T23:38:00-07:00,28,
1783751940,2026-07-10T23:39:00-07:00,56,
1783752000,2026-07-10T23:40:00-07:00,62,
1783752060,2026-07-10T23:41:00-07:00,56,
1783752120,2026-07-10T23:42:00-07:00,78,
1783752180,2026-07-10T23:43:00-07:00,42,
1783752240,2026-07-10T23:44:00-07:00,71,
1783752300,2026-07-10T23:45:00-07:00,43,
1783752360,2026-07-10T23:46:00-07:00,65,
1783752420,2026-07-10T23:47:00-07:00,77,
1783752480,2026-07-10T23:48:00-07:00,49,
1783752540,2026-07-10T23:49:00-07:00,33,
1783752600,2026-07-10T23:50:00-07:00,132,
1783752660,2026-07-10T23:51:00-07:00,48,
1783752720,2026-07-10T23:52:00-07:00,121,
1783752780,2026-07-10T23:53:00-07:00,31,
1783752840,2026-07-10T23:54:00-07:00,62,
1783752900,2026-07-10T23:55:00-07:00,38,
1783752960,2026-07-10T23:56:00-07:00,45,
1783753020,2026-07-10T23:57:00-07:00,29,
1783753080,2026-07-10T23:58:00-07:00,26,
1783753140,2026-07-10T23:59:00-07:00,25,
1783753200,2026-07-11T00:00:00-07:00,72,
1783753260,2026-07-11T00:01:00-07:00,35,
1783753320,2026-07-11T00:02:00-07:00,29,
1783753380,2026-07-11T00:03:00-07:00,41,
1783753440,2026-07-11T00:04:00-07:00,40,
1783753500,2026-07-11T00:05:00-07:00,31,
1783753560,2026-07-11T00:06:00-07:00,34,
1783753620,2026-07-11T00:07:00-07:00,26,
1783753680,2026-07-11T00:08:00-07:00,59,
1783753740,2026-07-11T00:09:00-07:00,44,
1783753800,2026-07-11T00:10:00-07:00,17,
1783753860,2026-07-11T00:11:00-07:00,37,
1783753920,2026-07-11T00:12:00-07:00,51,
1783753980,2026-07-11T00:13:00-07:00,40,
1783754040,2026-07-11T00:14:00-07:00,42,
1783754100,2026-07-11T00:15:00-07:00,50,
1783754160,2026-07-11T00:16:00-07:00,43,
1783754220,2026-07-11T00:17:00-07:00,48,
1783754280,2026-07-11T00:18:00-07:00,28,
1783754340,2026-07-11T00:19:00-07:00,39,
1783754400,2026-07-11T00:20:00-07:00,32,
1783754460,2026-07-11T00:21:00-07:00,32,
1783754520,2026-07-11T00:22:00-07:00,30,
1783754580,2026-07-11T00:23:00-07:00,38,
1783754640,2026-07-11T00:24:00-07:00,40,
1783754700,2026-07-11T00:25:00-07:00,47,
1783754760,2026-07-11T00:26:00-07:00,24,
1783754820,2026-07-11T00:27:00-07:00,36,
1783754880,2026-07-11T00:28:00-07:00,19,
1783754940,2026-07-11T00:29:00-07:00,32,
1783755000,2026-07-11T00:30:00-07:00,42,
1783755060,2026-07-11T00:31:00-07:00,48,
1783755120,2026-07-11T00:32:00-07:00,48,
1783755180,2026-07-11T00:33:00-07:00,52,
1783755240,2026-07-11T00:34:00-07:00,25,
1783755300,2026-07-11T00:35:00-07:00,44,
1783755360,2026-07-11T00:36:00-07:00,80,
1783755420,2026-07-11T00:37:00-07:00,44,
1783755480,2026-07-11T00:38:00-07:00,72,
1783755540,2026-07-11T00:39:00-07:00,40,
1783755600,2026-07-11T00:40:00-07:00,27,
1783755660,2026-07-11T00:41:00-07:00,43,
1783755720,2026-07-11T00:42:00-07:00,39,
1783755780,2026-07-11T00:43:00-07:00,31,
1783755840,2026-07-11T00:44:00-07:00,25,
1783755900,2026-07-11T00:45:00-07:00,30,
1783755960,2026-07-11T00:46:00-07:00,27,
1783756020,2026-07-11T00:47:00-07:00,28,
1783756080,2026-07-11T00:48:00-07:00,35,
1783756140,2026-07-11T00:49:00-07:00,23,
1783756200,2026-07-11T00:50:00-07:00,18,
1783756260,2026-07-11T00:51:00-07:00,23,
1783756320,2026-07-11T00:52:00-07:00,26,
1783756380,2026-07-11T00:53:00-07:00,14,
1783756440,2026-07-11T00:54:00-07:00,32,
1783756500,2026-07-11T00:55:00-07:00,17,
1783756560,2026-07-11T00:56:00-07:00,27,
1783756620,2026-07-11T00:57:00-07:00,24,
1783756680,2026-07-11T00:58:00-07:00,22,
1783756740,2026-07-11T00:59:00-07:00,34,
1783756800,2026-07-11T01:00:00-07:00,37,
1783756860,2026-07-11T01:01:00-07:00,18,
1783756920,2026-07-11T01:02:00-07:00,24,
1783756980,2026-07-11T01:03:00-07:00,25,
1783757040,2026-07-11T01:04:00-07:00,41,
1783757100,2026-07-11T01:05:00-07:00,13,
1783757160,2026-07-11T01:06:00-07:00,18,
1783757220,2026-07-11T01:07:00-07:00,25,
1783757280,2026-07-11T01:08:00-07:00,35,
1783757340,2026-07-11T01:09:00-07:00,21,
1783757400,2026-07-11T01:10:00-07:00,47,
1783757460,2026-07-11T01:11:00-07:00,31,
1783757520,2026-07-11T01:12:00-07:00,21,
1783757580,2026-07-11T01:13:00-07:00,29,
1783757640,2026-07-11T01:14:00-07:00,20,
1783757700,2026-07-11T01:15:00-07:00,36,
1783757760,2026-07-11T01:16:00-07:00,49,
1783757820,2026-07-11T01:17:00-07:00,47,
1783757880,2026-07-11T01:18:00-07:00,18,
1783757940,2026-07-11T01:19:00-07:00,21,
1783758000,2026-07-11T01:20:00-07:00,16,
1783758060,2026-07-11T01:21:00-07:00,20,
1783758120,2026-07-11T01:22:00-07:00,23,
1783758180,2026-07-11T01:23:00-07:00,26,
1783758240,2026-07-11T01:24:00-07:00,23,
1783758300,2026-07-11T01:25:00-07:00,6,
1783758360,2026-07-11T01:26:00-07:00,19,
1783758420,2026-07-11T01:27:00-07:00,16,
1783758480,2026-07-11T01:28:00-07:00,14,
1783758540,2026-07-11T01:29:00-07:00,26,
1783758600,2026-07-11T01:30:00-07:00,42,
1783758660,2026-07-11T01:31:00-07:00,22,
1783758720,2026-07-11T01:32:00-07:00,30,
1783758780,2026-07-11T01:33:00-07:00,32,
1783758840,2026-07-11T01:34:00-07:00,7,
1783758900,2026-07-11T01:35:00-07:00,18,
1783758960,2026-07-11T01:36:00-07:00,3,
1783759020,2026-07-11T01:37:00-07:00,7,
1783759080,2026-07-11T01:38:00-07:00,31,
1783759140,2026-07-11T01:39:00-07:00,13,
1783759200,2026-07-11T01:40:00-07:00,20,
1783759260,2026-07-11T01:41:00-07:00,12,
1783759320,2026-07-11T01:42:00-07:00,8,
1783759380,2026-07-11T01:43:00-07:00,9,
1783759440,2026-07-11T01:44:00-07:00,16,
1783759500,2026-07-11T01:45:00-07:00,36,
1783759560,2026-07-11T01:46:00-07:00,50,
1783759620,2026-07-11T01:47:00-07:00,23,
1783759680,2026-07-11T01:48:00-07:00,28,
1783759740,2026-07-11T01:49:00-07:00,44,
1783759800,2026-07-11T01:50:00-07:00,26,
1783759860,2026-07-11T01:51:00-07:00,20,
1783759920,2026-07-11T01:52:00-07:00,15,
1783759980,2026-07-11T01:53:00-07:00,10,
1783760040,2026-07-11T01:54:00-07:00,9,
1783760100,2026-07-11T01:55:00-07:00,8,
1783760160,2026-07-11T01:56:00-07:00,5,
1783760220,2026-07-11T01:57:00-07:00,5,
1783760280,2026-07-11T01:58:00-07:00,20,
1783760340,2026-07-11T01:59:00-07:00,10,
1783760400,2026-07-11T02:00:00-07:00,24,
1783760460,2026-07-11T02:01:00-07:00,14,
1783760520,2026-07-11T02:02:00-07:00,12,
1783760580,2026-07-11T02:03:00-07:00,15,
1783760640,2026-07-11T02:04:00-07:00,5,
1783760700,2026-07-11T02:05:00-07:00,9,
1783760760,2026-07-11T02:06:00-07:00,5,
1783760820,2026-07-11T02:07:00-07:00,14,
1783760880,2026-07-11T02:08:00-07:00,14,
1783760940,2026-07-11T02:09:00-07:00,18,
1783761000,2026-07-11T02:10:00-07:00,31,
1783761060,2026-07-11T02:11:00-07:00,7,
1783761120,2026-07-11T02:12:00-07:00,8,
1783761180,2026-07-11T02:13:00-07:00,7,
1783761240,2026-07-11T02:14:00-07:00,38,
1783761300,2026-07-11T02:15:00-07:00,13,
1783761360,2026-07-11T02:16:00-07:00,11,
1783761420,2026-07-11T02:17:00-07:00,13,
1783761480,2026-07-11T02:18:00-07:00,9,
1783761540,2026-07-11T02:19:00-07:00,8,
1783761600,2026-07-11T02:20:00-07:00,7,
1783761660,2026-07-11T02:21:00-07:00,24,
1783761720,2026-07-11T02:22:00-07:00,7,
1783761780,2026-07-11T02:23:00-07:00,11,
1783761840,2026-07-11T02:24:00-07:00,6,
1783761900,2026-07-11T02:25:00-07:00,9,
1783761960,2026-07-11T02:26:00-07:00,14,
1783762020,2026-07-11T02:27:00-07:00,9,
1783762080,2026-07-11T02:28:00-07:00,4,
1783762140,2026-07-11T02:29:00-07:00,8,
1783762200,2026-07-11T02:30:00-07:00,10,
1783762260,2026-07-11T02:31:00-07:00,18,
1783762320,2026-07-11T02:32:00-07:00,21,
1783762380,2026-07-11T02:33:00-07:00,9,
1783762440,2026-07-11T02:34:00-07:00,6,
1783762500,2026-07-11T02:35:00-07:00,11,
1783762560,2026-07-11T02:36:00-07:00,8,
1783762620,2026-07-11T02:37:00-07:00,11,
1783762680,2026-07-11T02:38:00-07:00,9,
1783762740,2026-07-11T02:39:00-07:00,12,
1783762800,2026-07-11T02:40:00-07:00,29,
1783762860,2026-07-11T02:41:00-07:00,13,
1783762920,2026-07-11T02:42:00-07:00,25,
1783762980,2026-07-11T02:43:00-07:00,6,
1783763040,2026-07-11T02:44:00-07:00,37,
1783763100,2026-07-11T02:45:00-07:00,8,
1783763160,2026-07-11T02:46:00-07:00,6,
1783763220,2026-07-11T02:47:00-07:00,7,
1783763280,2026-07-11T02:48:00-07:00,7,
1783763340,2026-07-11T02:49:00-07:00,7,
1783763400,2026-07-11T02:50:00-07:00,7,
1783763460,2026-07-11T02:51:00-07:00,9,
1783763520,2026-07-11T02:52:00-07:00,4,
1783763580,2026-07-11T02:53:00-07:00,11,
1783763640,2026-07-11T02:54:00-07:00,3,
1783763700,2026-07-11T02:55:00-07:00,6,
1783763760,2026-07-11T02:56:00-07:00,4,
1783763820,2026-07-11T02:57:00-07:00,6,
1783763880,2026-07-11T02:58:00-07:00,8,
1783763940,2026-07-11T02:59:00-07:00,6,
1783764000,2026-07-11T03:00:00-07:00,9,
1783764060,2026-07-11T03:01:00-07:00,11,
1783764120,2026-07-11T03:02:00-07:00,5,
1783764180,2026-07-11T03:03:00-07:00,7,
1783764240,2026-07-11T03:04:00-07:00,6,
1783764300,2026-07-11T03:05:00-07:00,6,
1783764360,2026-07-11T03:06:00-07:00,5,
1783764420,2026-07-11T03:07:00-07:00,14,
1783764480,2026-07-11T03:08:00-07:00,14,
1783764540,2026-07-11T03:09:00-07:00,9,
1783764600,2026-07-11T03:10:00-07:00,5,
1783764660,2026-07-11T03:11:00-07:00,6,
1783764720,2026-07-11T03:12:00-07:00,6,
1783764780,2026-07-11T03:13:00-07:00,8,
1783764840,2026-07-11T03:14:00-07:00,12,
1783764900,2026-07-11T03:15:00-07:00,13,
1783764960,2026-07-11T03:16:00-07:00,6,
1783765020,2026-07-11T03:17:00-07:00,6,
1783765080,2026-07-11T03:18:00-07:00,14,
1783765140,2026-07-11T03:19:00-07:00,9,
1783765200,2026-07-11T03:20:00-07:00,8,
1783765260,2026-07-11T03:21:00-07:00,6,
1783765320,2026-07-11T03:22:00-07:00,3,
1783765380,2026-07-11T03:23:00-07:00,7,
1783765440,2026-07-11T03:24:00-07:00,7,
1783765500,2026-07-11T03:25:00-07:00,6,
1783765560,2026-07-11T03:26:00-07:00,8,
1783765620,2026-07-11T03:27:00-07:00,4,
1783765680,2026-07-11T03:28:00-07:00,24,
1783765740,2026-07-11T03:29:00-07:00,12,
1783765800,2026-07-11T03:30:00-07:00,11,
1783765860,2026-07-11T03:31:00-07:00,8,
1783765920,2026-07-11T03:32:00-07:00,28,
1783765980,2026-07-11T03:33:00-07:00,10,
1783766040,2026-07-11T03:34:00-07:00,9,
1783766100,2026-07-11T03:35:00-07:00,9,
1783766160,2026-07-11T03:36:00-07:00,11,
1783766220,2026-07-11T03:37:00-07:00,10,
1783766280,2026-07-11T03:38:00-07:00,13,
1783766340,2026-07-11T03:39:00-07:00,6,
1783766400,2026-07-11T03:40:00-07:00,6,
1783766460,2026-07-11T03:41:00-07:00,4,
1783766520,2026-07-11T03:42:00-07:00,17,
1783766580,2026-07-11T03:43:00-07:00,8,
1783766640,2026-07-11T03:44:00-07:00,8,
1783766700,2026-07-11T03:45:00-07:00,7,
1783766760,2026-07-11T03:46:00-07:00,10,
1783766820,2026-07-11T03:47:00-07:00,27,
1783766880,2026-07-11T03:48:00-07:00,15,
1783766940,2026-07-11T03:49:00-07:00,10,
1783767000,2026-07-11T03:50:00-07:00,20,
1783767060,2026-07-11T03:51:00-07:00,20,
1783767120,2026-07-11T03:52:00-07:00,17,
1783767180,2026-07-11T03:53:00-07:00,10,
1783767240,2026-07-11T03:54:00-07:00,6,
1783767300,2026-07-11T03:55:00-07:00,2,
1783767360,2026-07-11T03:56:00-07:00,7,
1783767420,2026-07-11T03:57:00-07:00,5,
1783767480,2026-07-11T03:58:00-07:00,6,
1783767540,2026-07-11T03:59:00-07:00,5,
1783767600,2026-07-11T04:00:00-07:00,4,
1783767660,2026-07-11T04:01:00-07:00,19,
1783767720,2026-07-11T04:02:00-07:00,11,
1783767780,2026-07-11T04:03:00-07:00,6,
1783767840,2026-07-11T04:04:00-07:00,4,
1783767900,2026-07-11T04:05:00-07:00,13,
1783767960,2026-07-11T04:06:00-07:00,7,
1783768020,2026-07-11T04:07:00-07:00,5,
1783768080,2026-07-11T04:08:00-07:00,33,
1783768140,2026-07-11T04:09:00-07:00,5,
1783768200,2026-07-11T04:10:00-07:00,20,
1783768260,2026-07-11T04:11:00-07:00,8,
1783768320,2026-07-11T04:12:00-07:00,7,
1783768380,2026-07-11T04:13:00-07:00,7,
1783768440,2026-07-11T04:14:00-07:00,5,
1783768500,2026-07-11T04:15:00-07:00,5,
1783768560,2026-07-11T04:16:00-07:00,5,
1783768620,2026-07-11T04:17:00-07:00,7,
1783768680,2026-07-11T04:18:00-07:00,8,
1783768740,2026-07-11T04:19:00-07:00,5,
1783768800,2026-07-11T04:20:00-07:00,4,
1783768860,2026-07-11T04:21:00-07:00,5,
1783768920,2026-07-11T04:22:00-07:00,9,
1783768980,2026-07-11T04:23:00-07:00,11,
1783769040,2026-07-11T04:24:00-07:00,4,
1783769100,2026-07-11T04:25:00-07:00,10,
1783769160,2026-07-11T04:26:00-07:00,17,
1783769220,2026-07-11T04:27:00-07:00,6,
1783769280,2026-07-11T04:28:00-07:00,5,
1783769340,2026-07-11T04:29:00-07:00,10,
1783769400,2026-07-11T04:30:00-07:00,18,
1783769460,2026-07-11T04:31:00-07:00,8,
1783769520,2026-07-11T04:32:00-07:00,9,
1783769580,2026-07-11T04:33:00-07:00,4,
1783769640,2026-07-11T04:34:00-07:00,10,
1783769700,2026-07-11T04:35:00-07:00,8,
1783769760,2026-07-11T04:36:00-07:00,4,
1783769820,2026-07-11T04:37:00-07:00,43,
1783769880,2026-07-11T04:38:00-07:00,5,
1783769940,2026-07-11T04:39:00-07:00,11,
1783770000,2026-07-11T04:40:00-07:00,8,
1783770060,2026-07-11T04:41:00-07:00,8,
1783770120,2026-07-11T04:42:00-07:00,20,
1783770180,2026-07-11T04:43:00-07:00,5,
1783770240,2026-07-11T04:44:00-07:00,13,
1783770300,2026-07-11T04:45:00-07:00,15,
1783770360,2026-07-11T04:46:00-07:00,13,
1783770420,2026-07-11T04:47:00-07:00,15,
1783770480,2026-07-11T04:48:00-07:00,11,
1783770540,2026-07-11T04:49:00-07:00,3,
1783770600,2026-07-11T04:50:00-07:00,8,
1783770660,2026-07-11T04:51:00-07:00,3,
1783770720,2026-07-11T04:52:00-07:00,8,
1783770780,2026-07-11T04:53:00-07:00,11,
1783770840,2026-07-11T04:54:00-07:00,39,
1783770900,2026-07-11T04:55:00-07:00,17,
1783770960,2026-07-11T04:56:00-07:00,8,
1783771020,2026-07-11T04:57:00-07:00,3,
1783771080,2026-07-11T04:58:00-07:00,7,
1783771140,2026-07-11T04:59:00-07:00,10,
1783771200,2026-07-11T05:00:00-07:00,7,
1783771260,2026-07-11T05:01:00-07:00,12,
1783771320,2026-07-11T05:02:00-07:00,6,
1783771380,2026-07-11T05:03:00-07:00,20,
1783771440,2026-07-11T05:04:00-07:00,5,
1783771500,2026-07-11T05:05:00-07:00,12,
1783771560,2026-07-11T05:06:00-07:00,8,
1783771620,2026-07-11T05:07:00-07:00,15,
1783771680,2026-07-11T05:08:00-07:00,7,
1783771740,2026-07-11T05:09:00-07:00,21,
1783771800,2026-07-11T05:10:00-07:00,5,
1783771860,2026-07-11T05:11:00-07:00,11,
1783771920,2026-07-11T05:12:00-07:00,4,
1783771980,2026-07-11T05:13:00-07:00,7,
1783772040,2026-07-11T05:14:00-07:00,6,
1783772100,2026-07-11T05:15:00-07:00,5,
1783772160,2026-07-11T05:16:00-07:00,5,
1783772220,2026-07-11T05:17:00-07:00,16,
1783772280,2026-07-11T05:18:00-07:00,27,
1783772340,2026-07-11T05:19:00-07:00,18,
1783772400,2026-07-11T05:20:00-07:00,13,
1783772460,2026-07-11T05:21:00-07:00,11,
1783772520,2026-07-11T05:22:00-07:00,42,
1783772580,2026-07-11T05:23:00-07:00,15,
1783772640,2026-07-11T05:24:00-07:00,21,
1783772700,2026-07-11T05:25:00-07:00,19,
1783772760,2026-07-11T05:26:00-07:00,10,
1783772820,2026-07-11T05:27:00-07:00,3,
1783772880,2026-07-11T05:28:00-07:00,10,
1783772940,2026-07-11T05:29:00-07:00,10,
1783773000,2026-07-11T05:30:00-07:00,7,
1783773060,2026-07-11T05:31:00-07:00,9,
1783773120,2026-07-11T05:32:00-07:00,7,
1783773180,2026-07-11T05:33:00-07:00,5,
1783773240,2026-07-11T05:34:00-07:00,9,
1783773300,2026-07-11T05:35:00-07:00,4,
1783773360,2026-07-11T05:36:00-07:00,18,
1783773420,2026-07-11T05:37:00-07:00,14,
1783773480,2026-07-11T05:38:00-07:00,21,
1783773540,2026-07-11T05:39:00-07:00,20,
1783773600,2026-07-11T05:40:00-07:00,21,
1783773660,2026-07-11T05:41:00-07:00,8,
1783773720,2026-07-11T05:42:00-07:00,7,
1783773780,2026-07-11T05:43:00-07:00,9,
1783773840,2026-07-11T05:44:00-07:00,5,
1783773900,2026-07-11T05:45:00-07:00,13,
1783773960,2026-07-11T05:46:00-07:00,12,
1783774020,2026-07-11T05:47:00-07:00,7,
1783774080,2026-07-11T05:48:00-07:00,16,
1783774140,2026-07-11T05:49:00-07:00,10,
1783774200,2026-07-11T05:50:00-07:00,11,
1783774260,2026-07-11T05:51:00-07:00,24,
1783774320,2026-07-11T05:52:00-07:00,27,
1783774380,2026-07-11T05:53:00-07:00,5,
1783774440,2026-07-11T05:54:00-07:00,5,
1783774500,2026-07-11T05:55:00-07:00,5,
1783774560,2026-07-11T05:56:00-07:00,6,
1783774620,2026-07-11T05:57:00-07:00,14,
1783774680,2026-07-11T05:58:00-07:00,5,
1783774740,2026-07-11T05:59:00-07:00,8,
1783774800,2026-07-11T06:00:00-07:00,14,
1783774860,2026-07-11T06:01:00-07:00,29,
1783774920,2026-07-11T06:02:00-07:00,6,
1783774980,2026-07-11T06:03:00-07:00,8,
1783775040,2026-07-11T06:04:00-07:00,18,
1783775100,2026-07-11T06:05:00-07:00,12,
1783775160,2026-07-11T06:06:00-07:00,6,
1783775220,2026-07-11T06:07:00-07:00,12,
1783775280,2026-07-11T06:08:00-07:00,6,
1783775340,2026-07-11T06:09:00-07:00,6,
1783775400,2026-07-11T06:10:00-07:00,9,
1783775460,2026-07-11T06:11:00-07:00,38,
1783775520,2026-07-11T06:12:00-07:00,21,
1783775580,2026-07-11T06:13:00-07:00,17,
1783775640,2026-07-11T06:14:00-07:00,10,
1783775700,2026-07-11T06:15:00-07:00,11,
1783775760,2026-07-11T06:16:00-07:00,5,
1783775820,2026-07-11T06:17:00-07:00,12,
1783775880,2026-07-11T06:18:00-07:00,9,
1783775940,2026-07-11T06:19:00-07:00,8,
1783776000,2026-07-11T06:20:00-07:00,5,
1783776060,2026-07-11T06:21:00-07:00,8,
1783776120,2026-07-11T06:22:00-07:00,42,
1783776180,2026-07-11T06:23:00-07:00,7,
1783776240,2026-07-11T06:24:00-07:00,5,
1783776300,2026-07-11T06:25:00-07:00,6,
1783776360,2026-07-11T06:26:00-07:00,21,
1783776420,2026-07-11T06:27:00-07:00,8,
1783776480,2026-07-11T06:28:00-07:00,8,
1783776540,2026-07-11T06:29:00-07:00,14,
1783776600,2026-07-11T06:30:00-07:00,6,
1783776660,2026-07-11T06:31:00-07:00,30,
1783776720,2026-07-11T06:32:00-07:00,14,
1783776780,2026-07-11T06:33:00-07:00,5,
1783776840,2026-07-11T06:34:00-07:00,23,
1783776900,2026-07-11T06:35:00-07:00,13,
1783776960,2026-07-11T06:36:00-07:00,8,
1783777020,2026-07-11T06:37:00-07:00,12,
1783777080,2026-07-11T06:38:00-07:00,11,
1783777140,2026-07-11T06:39:00-07:00,17,
1783777200,2026-07-11T06:40:00-07:00,26,
1783777260,2026-07-11T06:41:00-07:00,7,
1783777320,2026-07-11T06:42:00-07:00,5,
1783777380,2026-07-11T06:43:00-07:00,11,
1783777440,2026-07-11T06:44:00-07:00,21,
1783777500,2026-07-11T06:45:00-07:00,27,
1783777560,2026-07-11T06:46:00-07:00,18,
1783777620,2026-07-11T06:47:00-07:00,7,
1783777680,2026-07-11T06:48:00-07:00,12,
1783777740,2026-07-11T06:49:00-07:00,8,
1783777800,2026-07-11T06:50:00-07:00,35,
1783777860,2026-07-11T06:51:00-07:00,36,
1783777920,2026-07-11T06:52:00-07:00,32,
1783777980,2026-07-11T06:53:00-07:00,10,
1783778040,2026-07-11T06:54:00-07:00,8,
1783778100,2026-07-11T06:55:00-07:00,6,
1783778160,2026-07-11T06:56:00-07:00,13,
1783778220,2026-07-11T06:57:00-07:00,53,
1783778280,2026-07-11T06:58:00-07:00,39,
1783778340,2026-07-11T06:59:00-07:00,44,
1783778400,2026-07-11T07:00:00-07:00,23,
1783778460,2026-07-11T07:01:00-07:00,29,
1783778520,2026-07-11T07:02:00-07:00,42,
1783778580,2026-07-11T07:03:00-07:00,32,
1783778640,2026-07-11T07:04:00-07:00,24,
1783778700,2026-07-11T07:05:00-07:00,12,
1783778760,2026-07-11T07:06:00-07:00,39,
1783778820,2026-07-11T07:07:00-07:00,20,
1783778880,2026-07-11T07:08:00-07:00,28,
1783778940,2026-07-11T07:09:00-07:00,16,
1783779000,2026-07-11T07:10:00-07:00,37,
1783779060,2026-07-11T07:11:00-07:00,34,
1783779120,2026-07-11T07:12:00-07:00,10,
1783779180,2026-07-11T07:13:00-07:00,11,
1783779240,2026-07-11T07:14:00-07:00,20,
1783779300,2026-07-11T07:15:00-07:00,36,
1783779360,2026-07-11T07:16:00-07:00,39,
1783779420,2026-07-11T07:17:00-07:00,24,
1783779480,2026-07-11T07:18:00-07:00,55,
1783779540,2026-07-11T07:19:00-07:00,50,
1783779600,2026-07-11T07:20:00-07:00,8,
1783779660,2026-07-11T07:21:00-07:00,60,
1783779720,2026-07-11T07:22:00-07:00,7,
1783779780,2026-07-11T07:23:00-07:00,28,
1783779840,2026-07-11T07:24:00-07:00,46,
1783779900,2026-07-11T07:25:00-07:00,21,
1783779960,2026-07-11T07:26:00-07:00,17,
1783780020,2026-07-11T07:27:00-07:00,43,
1783780080,2026-07-11T07:28:00-07:00,27,
1783780140,2026-07-11T07:29:00-07:00,27,
1783780200,2026-07-11T07:30:00-07:00,11,
1783780260,2026-07-11T07:31:00-07:00,62,
1783780320,2026-07-11T07:32:00-07:00,20,
1783780380,2026-07-11T07:33:00-07:00,58,
1783780440,2026-07-11T07:34:00-07:00,47,
1783780500,2026-07-11T07:35:00-07:00,49,
1783780560,2026-07-11T07:36:00-07:00,38,
1783780620,2026-07-11T07:37:00-07:00,53,
1783780680,2026-07-11T07:38:00-07:00,22,
1783780740,2026-07-11T07:39:00-07:00,38,
1783780800,2026-07-11T07:40:00-07:00,55,
1783780860,2026-07-11T07:41:00-07:00,37,
1783780920,2026-07-11T07:42:00-07:00,57,
1783780980,2026-07-11T07:43:00-07:00,40,
1783781040,2026-07-11T07:44:00-07:00,45,
1783781100,2026-07-11T07:45:00-07:00,55,
1783781160,2026-07-11T07:46:00-07:00,48,
1783781220,2026-07-11T07:47:00-07:00,89,
1783781280,2026-07-11T07:48:00-07:00,191,
1783781340,2026-07-11T07:49:00-07:00,99,
1783781400,2026-07-11T07:50:00-07:00,70,
1783781460,2026-07-11T07:51:00-07:00,60,
1783781520,2026-07-11T07:52:00-07:00,71,
1783781580,2026-07-11T07:53:00-07:00,63,
1783781640,2026-07-11T07:54:00-07:00,123,
1783781700,2026-07-11T07:55:00-07:00,33,
1783781760,2026-07-11T07:56:00-07:00,131,
1783781820,2026-07-11T07:57:00-07:00,82,
1783781880,2026-07-11T07:58:00-07:00,33,
1783781940,2026-07-11T07:59:00-07:00,66,
1783782000,2026-07-11T08:00:00-07:00,42,
1783782060,2026-07-11T08:01:00-07:00,51,
1783782120,2026-07-11T08:02:00-07:00,159,
1783782180,2026-07-11T08:03:00-07:00,54,
1783782240,2026-07-11T08:04:00-07:00,49,
1783782300,2026-07-11T08:05:00-07:00,34,
1783782360,2026-07-11T08:06:00-07:00,30,
1783782420,2026-07-11T08:07:00-07:00,57,
1783782480,2026-07-11T08:08:00-07:00,53,
1783782540,2026-07-11T08:09:00-07:00,49,
1783782600,2026-07-11T08:10:00-07:00,47,
1783782660,2026-07-11T08:11:00-07:00,82,
1783782720,2026-07-11T08:12:00-07:00,114,
1783782780,2026-07-11T08:13:00-07:00,130,
1783782840,2026-07-11T08:14:00-07:00,169,
1783782900,2026-07-11T08:15:00-07:00,77,
1783782960,2026-07-11T08:16:00-07:00,153,
1783783020,2026-07-11T08:17:00-07:00,49,
1783783080,2026-07-11T08:18:00-07:00,103,
1783783140,2026-07-11T08:19:00-07:00,130,
1783783200,2026-07-11T08:20:00-07:00,51,
1783783260,2026-07-11T08:21:00-07:00,114,
1783783320,2026-07-11T08:22:00-07:00,131,
1783783380,2026-07-11T08:23:00-07:00,75,
1783783440,2026-07-11T08:24:00-07:00,76,
1783783500,2026-07-11T08:25:00-07:00,106,
1783783560,2026-07-11T08:26:00-07:00,63,
1783783620,2026-07-11T08:27:00-07:00,71,
1783783680,2026-07-11T08:28:00-07:00,59,
1783783740,2026-07-11T08:29:00-07:00,59,
1783783800,2026-07-11T08:30:00-07:00,48,
1783783860,2026-07-11T08:31:00-07:00,21,
1783783920,2026-07-11T08:32:00-07:00,87,
1783783980,2026-07-11T08:33:00-07:00,79,
1783784040,2026-07-11T08:34:00-07:00,96,
1783784100,2026-07-11T08:35:00-07:00,117,
1783784160,2026-07-11T08:36:00-07:00,113,
1783784220,2026-07-11T08:37:00-07:00,162,
1783784280,2026-07-11T08:38:00-07:00,182,
1783784340,2026-07-11T08:39:00-07:00,70,
1783784400,2026-07-11T08:40:00-07:00,37,
1783784460,2026-07-11T08:41:00-07:00,60,
1783784520,2026-07-11T08:42:00-07:00,112,
1783784580,2026-07-11T08:43:00-07:00,189,
1783784640,2026-07-11T08:44:00-07:00,79,
1783784700,2026-07-11T08:45:00-07:00,73,
1783784760,2026-07-11T08:46:00-07:00,185,
1783784820,2026-07-11T08:47:00-07:00,80,
1783784880,2026-07-11T08:48:00-07:00,101,
1783784940,2026-07-11T08:49:00-07:00,71,
1783785000,2026-07-11T08:50:00-07:00,114,
1783785060,2026-07-11T08:51:00-07:00,38,
1783785120,2026-07-11T08:52:00-07:00,156,
1783785180,2026-07-11T08:53:00-07:00,172,
1783785240,2026-07-11T08:54:00-07:00,134,
1783785300,2026-07-11T08:55:00-07:00,135,
1783785360,2026-07-11T08:56:00-07:00,68,
1783785420,2026-07-11T08:57:00-07:00,145,
1783785480,2026-07-11T08:58:00-07:00,127,
1783785540,2026-07-11T08:59:00-07:00,132,
1783785600,2026-07-11T09:00:00-07:00,39,
1783785660,2026-07-11T09:01:00-07:00,109,
1783785720,2026-07-11T09:02:00-07:00,218,
1783785780,2026-07-11T09:03:00-07:00,139,
1783785840,2026-07-11T09:04:00-07:00,126,
1783785900,2026-07-11T09:05:00-07:00,153,
1783785960,2026-07-11T09:06:00-07:00,75,
1783786020,2026-07-11T09:07:00-07:00,90,
1783786080,2026-07-11T09:08:00-07:00,86,
1783786140,2026-07-11T09:09:00-07:00,111,
1783786200,2026-07-11T09:10:00-07:00,75,
1783786260,2026-07-11T09:11:00-07:00,155,
1783786320,2026-07-11T09:12:00-07:00,134,
1783786380,2026-07-11T09:13:00-07:00,143,
1783786440,2026-07-11T09:14:00-07:00,198,
1783786500,2026-07-11T09:15:00-07:00,133,
1783786560,2026-07-11T09:16:00-07:00,90,
1783786620,2026-07-11T09:17:00-07:00,83,
1783786680,2026-07-11T09:18:00-07:00,111,
1783786740,2026-07-11T09:19:00-07:00,148,
1783786800,2026-07-11T09:20:00-07:00,90,
1783786860,2026-07-11T09:21:00-07:00,92,
1783786920,2026-07-11T09:22:00-07:00,107,
1783786980,2026-07-11T09:23:00-07:00,107,
1783787040,2026-07-11T09:24:00-07:00,96,
1783787100,2026-07-11T09:25:00-07:00,62,
1783787160,2026-07-11T09:26:00-07:00,93,
1783787220,2026-07-11T09:27:00-07:00,156,
1783787280,2026-07-11T09:28:00-07:00,107,
1783787340,2026-07-11T09:29:00-07:00,219,
1783787400,2026-07-11T09:30:00-07:00,39,
1783787460,2026-07-11T09:31:00-07:00,144,
1783787520,2026-07-11T09:32:00-07:00,143,
1783787580,2026-07-11T09:33:00-07:00,124,
1783787640,2026-07-11T09:34:00-07:00,124,
1783787700,2026-07-11T09:35:00-07:00,151,
1783787760,2026-07-11T09:36:00-07:00,129,
1783787820,2026-07-11T09:37:00-07:00,86,
1783787880,2026-07-11T09:38:00-07:00,105,
1783787940,2026-07-11T09:39:00-07:00,55,
1783788000,2026-07-11T09:40:00-07:00,27,
1783788060,2026-07-11T09:41:00-07:00,149,
1783788120,2026-07-11T09:42:00-07:00,118,
1783788180,2026-07-11T09:43:00-07:00,110,
1783788240,2026-07-11T09:44:00-07:00,213,
1783788300,2026-07-11T09:45:00-07:00,134,
1783788360,2026-07-11T09:46:00-07:00,61,
1783788420,2026-07-11T09:47:00-07:00,126,
1783788480,2026-07-11T09:48:00-07:00,113,
1783788540,2026-07-11T09:49:00-07:00,88,
1783788600,2026-07-11T09:50:00-07:00,133,
1783788660,2026-07-11T09:51:00-07:00,103,
1783788720,2026-07-11T09:52:00-07:00,111,
1783788780,2026-07-11T09:53:00-07:00,62,
1783788840,2026-07-11T09:54:00-07:00,93,
1783788900,2026-07-11T09:55:00-07:00,193,
1783788960,2026-07-11T09:56:00-07:00,178,
1783789020,2026-07-11T09:57:00-07:00,241,
1783789080,2026-07-11T09:58:00-07:00,75,
1783789140,2026-07-11T09:59:00-07:00,62,
1783789200,2026-07-11T10:00:00-07:00,122,
1783789260,2026-07-11T10:01:00-07:00,58,
1783789320,2026-07-11T10:02:00-07:00,204,
1783789380,2026-07-11T10:03:00-07:00,97,
1783789440,2026-07-11T10:04:00-07:00,154,
1783789500,2026-07-11T10:05:00-07:00,63,
1783789560,2026-07-11T10:06:00-07:00,54,
1783789620,2026-07-11T10:07:00-07:00,61,
1783789680,2026-07-11T10:08:00-07:00,125,
1783789740,2026-07-11T10:09:00-07:00,130,
1783789800,2026-07-11T10:10:00-07:00,55,
1783789860,2026-07-11T10:11:00-07:00,129,
1783789920,2026-07-11T10:12:00-07:00,114,
1783789980,2026-07-11T10:13:00-07:00,48,
1783790040,2026-07-11T10:14:00-07:00,209,
1783790100,2026-07-11T10:15:00-07:00,136,
1783790160,2026-07-11T10:16:00-07:00,60,
1783790220,2026-07-11T10:17:00-07:00,163,
1783790280,2026-07-11T10:18:00-07:00,99,
1783790340,2026-07-11T10:19:00-07:00,132,
1783790400,2026-07-11T10:20:00-07:00,125,
1783790460,2026-07-11T10:21:00-07:00,117,
1783790520,2026-07-11T10:22:00-07:00,197,
1783790580,2026-07-11T10:23:00-07:00,37,
1783790640,2026-07-11T10:24:00-07:00,164,
1783790700,2026-07-11T10:25:00-07:00,151,
1783790760,2026-07-11T10:26:00-07:00,144,
1783790820,2026-07-11T10:27:00-07:00,79,
1783790880,2026-07-11T10:28:00-07:00,46,
1783790940,2026-07-11T10:29:00-07:00,68,
1783791000,2026-07-11T10:30:00-07:00,67,
1783791060,2026-07-11T10:31:00-07:00,74,
1783791120,2026-07-11T10:32:00-07:00,164,
1783791180,2026-07-11T10:33:00-07:00,44,
1783791240,2026-07-11T10:34:00-07:00,56,
1783791300,2026-07-11T10:35:00-07:00,123,
1783791360,2026-07-11T10:36:00-07:00,164,
1783791420,2026-07-11T10:37:00-07:00,53,
1783791480,2026-07-11T10:38:00-07:00,59,
1783791540,2026-07-11T10:39:00-07:00,102,
1783791600,2026-07-11T10:40:00-07:00,146,
1783791660,2026-07-11T10:41:00-07:00,94,
1783791720,2026-07-11T10:42:00-07:00,194,
1783791780,2026-07-11T10:43:00-07:00,101,
1783791840,2026-07-11T10:44:00-07:00,181,
1783791900,2026-07-11T10:45:00-07:00,142,
1783791960,2026-07-11T10:46:00-07:00,101,
1783792020,2026-07-11T10:47:00-07:00,90,
1783792080,2026-07-11T10:48:00-07:00,84,
1783792140,2026-07-11T10:49:00-07:00,91,
1783792200,2026-07-11T10:50:00-07:00,175,
1783792260,2026-07-11T10:51:00-07:00,60,
1783792320,2026-07-11T10:52:00-07:00,104,
1783792380,2026-07-11T10:53:00-07:00,122,
1783792440,2026-07-11T10:54:00-07:00,198,
1783792500,2026-07-11T10:55:00-07:00,32,
1783792560,2026-07-11T10:56:00-07:00,56,
1783792620,2026-07-11T10:57:00-07:00,16,
1783792680,2026-07-11T10:58:00-07:00,133,
1783792740,2026-07-11T10:59:00-07:00,32,
1783792800,2026-07-11T11:00:00-07:00,49,
1783792860,2026-07-11T11:01:00-07:00,87,
1783792920,2026-07-11T11:02:00-07:00,96,
1783792980,2026-07-11T11:03:00-07:00,42,
1783793040,2026-07-11T11:04:00-07:00,72,
1783793100,2026-07-11T11:05:00-07:00,132,
1783793160,2026-07-11T11:06:00-07:00,104,
1783793220,2026-07-11T11:07:00-07:00,116,
1783793280,2026-07-11T11:08:00-07:00,40,
1783793340,2026-07-11T11:09:00-07:00,46,
1783793400,2026-07-11T11:10:00-07:00,62,
1783793460,2026-07-11T11:11:00-07:00,82,
1783793520,2026-07-11T11:12:00-07:00,129,
1783793580,2026-07-11T11:13:00-07:00,172,
1783793640,2026-07-11T11:14:00-07:00,106,
1783793700,2026-07-11T11:15:00-07:00,131,
1783793760,2026-07-11T11:16:00-07:00,140,
1783793820,2026-07-11T11:17:00-07:00,142,
1783793880,2026-07-11T11:18:00-07:00,131,
1783793940,2026-07-11T11:19:00-07:00,126,
1783794000,2026-07-11T11:20:00-07:00,150,
1783794060,2026-07-11T11:21:00-07:00,148,
1783794120,2026-07-11T11:22:00-07:00,119,
1783794180,2026-07-11T11:23:00-07:00,67,
1783794240,2026-07-11T11:24:00-07:00,136,
1783794300,2026-07-11T11:25:00-07:00,160,
1783794360,2026-07-11T11:26:00-07:00,115,
1783794420,2026-07-11T11:27:00-07:00,102,
1783794480,2026-07-11T11:28:00-07:00,51,
1783794540,2026-07-11T11:29:00-07:00,37,
1783794600,2026-07-11T11:30:00-07:00,169,
1783794660,2026-07-11T11:31:00-07:00,88,
1783794720,2026-07-11T11:32:00-07:00,114,
1783794780,2026-07-11T11:33:00-07:00,142,
1783794840,2026-07-11T11:34:00-07:00,100,
1783794900,2026-07-11T11:35:00-07:00,145,
1783794960,2026-07-11T11:36:00-07:00,84,
1783795020,2026-07-11T11:37:00-07:00,140,
1783795080,2026-07-11T11:38:00-07:00,115,
1783795140,2026-07-11T11:39:00-07:00,100,
1783795200,2026-07-11T11:40:00-07:00,78,
1783795260,2026-07-11T11:41:00-07:00,61,
1783795320,2026-07-11T11:42:00-07:00,26,
1783795380,2026-07-11T11:43:00-07:00,46,
1783795440,2026-07-11T11:44:00-07:00,65,
1783795500,2026-07-11T11:45:00-07:00,43,
1783795560,2026-07-11T11:46:00-07:00,84,
1783795620,2026-07-11T11:47:00-07:00,127,
1783795680,2026-07-11T11:48:00-07:00,142,
1783795740,2026-07-11T11:49:00-07:00,181,
1783795800,2026-07-11T11:50:00-07:00,180,
1783795860,2026-07-11T11:51:00-07:00,91,
1783795920,2026-07-11T11:52:00-07:00,79,
1783795980,2026-07-11T11:53:00-07:00,216,
1783796040,2026-07-11T11:54:00-07:00,184,
1783796100,2026-07-11T11:55:00-07:00,73,
1783796160,2026-07-11T11:56:00-07:00,182,
1783796220,2026-07-11T11:57:00-07:00,121,
1783796280,2026-07-11T11:58:00-07:00,78,
1783796340,2026-07-11T11:59:00-07:00,58,
1783796400,2026-07-11T12:00:00-07:00,57,
1783796460,2026-07-11T12:01:00-07:00,290,
1783796520,2026-07-11T12:02:00-07:00,168,
1783796580,2026-07-11T12:03:00-07:00,56,
1783796640,2026-07-11T12:04:00-07:00,189,
1783796700,2026-07-11T12:05:00-07:00,98,
1783796760,2026-07-11T12:06:00-07:00,104,
1783796820,2026-07-11T12:07:00-07:00,132,
1783796880,2026-07-11T12:08:00-07:00,104,
1783796940,2026-07-11T12:09:00-07:00,108,
1783797000,2026-07-11T12:10:00-07:00,73,
1783797060,2026-07-11T12:11:00-07:00,152,
1783797120,2026-07-11T12:12:00-07:00,75,
1783797180,2026-07-11T12:13:00-07:00,49,
1783797240,2026-07-11T12:14:00-07:00,74,
1783797300,2026-07-11T12:15:00-07:00,80,
1783797360,2026-07-11T12:16:00-07:00,123,
1783797420,2026-07-11T12:17:00-07:00,88,
1783797480,2026-07-11T12:18:00-07:00,76,
1783797540,2026-07-11T12:19:00-07:00,148,
1783797600,2026-07-11T12:20:00-07:00,130,
1783797660,2026-07-11T12:21:00-07:00,92,
1783797720,2026-07-11T12:22:00-07:00,128,
1783797780,2026-07-11T12:23:00-07:00,54,
1783797840,2026-07-11T12:24:00-07:00,166,
1783797900,2026-07-11T12:25:00-07:00,30,
1783797960,2026-07-11T12:26:00-07:00,112,
1783798020,2026-07-11T12:27:00-07:00,92,
1783798080,2026-07-11T12:28:00-07:00,148,
1783798140,2026-07-11T12:29:00-07:00,180,
1783798200,2026-07-11T12:30:00-07:00,80,
1783798260,2026-07-11T12:31:00-07:00,123,
1783798320,2026-07-11T12:32:00-07:00,63,
1783798380,2026-07-11T12:33:00-07:00,90,
1783798440,2026-07-11T12:34:00-07:00,170,
1783798500,2026-07-11T12:35:00-07:00,46,
1783798560,2026-07-11T12:36:00-07:00,31,
1783798620,2026-07-11T12:37:00-07:00,114,
1783798680,2026-07-11T12:38:00-07:00,78,
1783798740,2026-07-11T12:39:00-07:00,94,
1783798800,2026-07-11T12:40:00-07:00,104,
1783798860,2026-07-11T12:41:00-07:00,78,
1783798920,2026-07-11T12:42:00-07:00,63,
1783798980,2026-07-11T12:43:00-07:00,130,
1783799040,2026-07-11T12:44:00-07:00,94,
1783799100,2026-07-11T12:45:00-07:00,71,
1783799160,2026-07-11T12:46:00-07:00,58,
1783799220,2026-07-11T12:47:00-07:00,144,
1783799280,2026-07-11T12:48:00-07:00,171,
1783799340,2026-07-11T12:49:00-07:00,61,
1783799400,2026-07-11T12:50:00-07:00,100,
1783799460,2026-07-11T12:51:00-07:00,97,
1783799520,2026-07-11T12:52:00-07:00,230,
1783799580,2026-07-11T12:53:00-07:00,139,
1783799640,2026-07-11T12:54:00-07:00,92,
1783799700,2026-07-11T12:55:00-07:00,144,
1783799760,2026-07-11T12:56:00-07:00,93,
1783799820,2026-07-11T12:57:00-07:00,128,
1783799880,2026-07-11T12:58:00-07:00,155,
1783799940,2026-07-11T12:59:00-07:00,69,
1783800000,2026-07-11T13:00:00-07:00,128,
1783800060,2026-07-11T13:01:00-07:00,85,
1783800120,2026-07-11T13:02:00-07:00,73,
1783800180,2026-07-11T13:03:00-07:00,106,
1783800240,2026-07-11T13:04:00-07:00,103,
1783800300,2026-07-11T13:05:00-07:00,115,
1783800360,2026-07-11T13:06:00-07:00,88,
1783800420,2026-07-11T13:07:00-07:00,77,
1783800480,2026-07-11T13:08:00-07:00,104,
1783800540,2026-07-11T13:09:00-07:00,92,
1783800600,2026-07-11T13:10:00-07:00,129,
1783800660,2026-07-11T13:11:00-07:00,117,
1783800720,2026-07-11T13:12:00-07:00,121,
1783800780,2026-07-11T13:13:00-07:00,161,
1783800840,2026-07-11T13:14:00-07:00,44,
1783800900,2026-07-11T13:15:00-07:00,129,
1783800960,2026-07-11T13:16:00-07:00,129,
1783801020,2026-07-11T13:17:00-07:00,129,
1783801080,2026-07-11T13:18:00-07:00,166,
1783801140,2026-07-11T13:19:00-07:00,50,
1783801200,2026-07-11T13:20:00-07:00,169,
1783801260,2026-07-11T13:21:00-07:00,49,
1783801320,2026-07-11T13:22:00-07:00,108,
1783801380,2026-07-11T13:23:00-07:00,91,
1783801440,2026-07-11T13:24:00-07:00,124,
1783801500,2026-07-11T13:25:00-07:00,114,
1783801560,2026-07-11T13:26:00-07:00,114,
1783801620,2026-07-11T13:27:00-07:00,91,
1783801680,2026-07-11T13:28:00-07:00,82,
1783801740,2026-07-11T13:29:00-07:00,95,
1783801800,2026-07-11T13:30:00-07:00,138,
1783801860,2026-07-11T13:31:00-07:00,121,
1783801920,2026-07-11T13:32:00-07:00,128,
1783801980,2026-07-11T13:33:00-07:00,100,
1783802040,2026-07-11T13:34:00-07:00,66,
1783802100,2026-07-11T13:35:00-07:00,110,
1783802160,2026-07-11T13:36:00-07:00,84,
1783802220,2026-07-11T13:37:00-07:00,70,
1783802280,2026-07-11T13:38:00-07:00,106,
1783802340,2026-07-11T13:39:00-07:00,109,
1783802400,2026-07-11T13:40:00-07:00,86,
1783802460,2026-07-11T13:41:00-07:00,148,
1783802520,2026-07-11T13:42:00-07:00,119,
1783802580,2026-07-11T13:43:00-07:00,72,
1783802640,2026-07-11T13:44:00-07:00,117,
1783802700,2026-07-11T13:45:00-07:00,90,
1783802760,2026-07-11T13:46:00-07:00,60,
1783802820,2026-07-11T13:47:00-07:00,78,
1783802880,2026-07-11T13:48:00-07:00,130,
1783802940,2026-07-11T13:49:00-07:00,50,
1783803000,2026-07-11T13:50:00-07:00,119,
1783803060,2026-07-11T13:51:00-07:00,93,
1783803120,2026-07-11T13:52:00-07:00,126,
1783803180,2026-07-11T13:53:00-07:00,130,
1783803240,2026-07-11T13:54:00-07:00,107,
1783803300,2026-07-11T13:55:00-07:00,170,
1783803360,2026-07-11T13:56:00-07:00,54,
1783803420,2026-07-11T13:57:00-07:00,84,
1783803480,2026-07-11T13:58:00-07:00,61,
1783803540,2026-07-11T13:59:00-07:00,127,
1783803600,2026-07-11T14:00:00-07:00,159,
1783803660,2026-07-11T14:01:00-07:00,110,
1783803720,2026-07-11T14:02:00-07:00,103,
1783803780,2026-07-11T14:03:00-07:00,79,
1783803840,2026-07-11T14:04:00-07:00,77,
1783803900,2026-07-11T14:05:00-07:00,90,
1783803960,2026-07-11T14:06:00-07:00,104,
1783804020,2026-07-11T14:07:00-07:00,76,
1783804080,2026-07-11T14:08:00-07:00,83,
1783804140,2026-07-11T14:09:00-07:00,60,
1783804200,2026-07-11T14:10:00-07:00,95,
1783804260,2026-07-11T14:11:00-07:00,47,
1783804320,2026-07-11T14:12:00-07:00,143,
1783804380,2026-07-11T14:13:00-07:00,80,
1783804440,2026-07-11T14:14:00-07:00,149,
1783804500,2026-07-11T14:15:00-07:00,55,
1783804560,2026-07-11T14:16:00-07:00,26,
1783804620,2026-07-11T14:17:00-07:00,71,
1783804680,2026-07-11T14:18:00-07:00,60,
1783804740,2026-07-11T14:19:00-07:00,84,
1783804800,2026-07-11T14:20:00-07:00,31,
1783804860,2026-07-11T14:21:00-07:00,88,
1783804920,2026-07-11T14:22:00-07:00,28,
1783804980,2026-07-11T14:23:00-07:00,133,
1783805040,2026-07-11T14:24:00-07:00,88,
1783805100,2026-07-11T14:25:00-07:00,85,
1783805160,2026-07-11T14:26:00-07:00,103,
1783805220,2026-07-11T14:27:00-07:00,108,
1783805280,2026-07-11T14:28:00-07:00,67,
1783805340,2026-07-11T14:29:00-07:00,153,
1783805400,2026-07-11T14:30:00-07:00,65,
1783805460,2026-07-11T14:31:00-07:00,14,
1783805520,2026-07-11T14:32:00-07:00,106,
1783805580,2026-07-11T14:33:00-07:00,37,
1783805640,2026-07-11T14:34:00-07:00,93,
1783805700,2026-07-11T14:35:00-07:00,102,
1783805760,2026-07-11T14:36:00-07:00,52,
1783805820,2026-07-11T14:37:00-07:00,84,
1783805880,2026-07-11T14:38:00-07:00,154,
1783805940,2026-07-11T14:39:00-07:00,115,
1783806000,2026-07-11T14:40:00-07:00,127,
1783806060,2026-07-11T14:41:00-07:00,161,
1783806120,2026-07-11T14:42:00-07:00,102,
1783806180,2026-07-11T14:43:00-07:00,134,
1783806240,2026-07-11T14:44:00-07:00,30,
1783806300,2026-07-11T14:45:00-07:00,108,
1783806360,2026-07-11T14:46:00-07:00,169,
1783806420,2026-07-11T14:47:00-07:00,112,
1783806480,2026-07-11T14:48:00-07:00,89,
1783806540,2026-07-11T14:49:00-07:00,161,
1783806600,2026-07-11T14:50:00-07:00,67,
1783806660,2026-07-11T14:51:00-07:00,104,
1783806720,2026-07-11T14:52:00-07:00,161,
1783806780,2026-07-11T14:53:00-07:00,73,
1783806840,2026-07-11T14:54:00-07:00,118,
1783806900,2026-07-11T14:55:00-07:00,143,
1783806960,2026-07-11T14:56:00-07:00,155,
1783807020,2026-07-11T14:57:00-07:00,125,
1783807080,2026-07-11T14:58:00-07:00,85,
1783807140,2026-07-11T14:59:00-07:00,75,
1783807200,2026-07-11T15:00:00-07:00,57,
1783807260,2026-07-11T15:01:00-07:00,112,
1783807320,2026-07-11T15:02:00-07:00,100,
1783807380,2026-07-11T15:03:00-07:00,82,
1783807440,2026-07-11T15:04:00-07:00,114,
1783807500,2026-07-11T15:05:00-07:00,75,
1783807560,2026-07-11T15:06:00-07:00,96,
1783807620,2026-07-11T15:07:00-07:00,102,
1783807680,2026-07-11T15:08:00-07:00,109,
1783807740,2026-07-11T15:09:00-07:00,121,
1783807800,2026-07-11T15:10:00-07:00,100,
1783807860,2026-07-11T15:11:00-07:00,135,
1783807920,2026-07-11T15:12:00-07:00,55,
1783807980,2026-07-11T15:13:00-07:00,42,
1783808040,2026-07-11T15:14:00-07:00,112,
1783808100,2026-07-11T15:15:00-07:00,148,
1783808160,2026-07-11T15:16:00-07:00,154,
1783808220,2026-07-11T15:17:00-07:00,121,
1783808280,2026-07-11T15:18:00-07:00,78,
1783808340,2026-07-11T15:19:00-07:00,109,
1783808400,2026-07-11T15:20:00-07:00,242,
1783808460,2026-07-11T15:21:00-07:00,99,
1783808520,2026-07-11T15:22:00-07:00,83,
1783808580,2026-07-11T15:23:00-07:00,65,
1783808640,2026-07-11T15:24:00-07:00,54,
1783808700,2026-07-11T15:25:00-07:00,112,
1783808760,2026-07-11T15:26:00-07:00,77,
1783808820,2026-07-11T15:27:00-07:00,113,
1783808880,2026-07-11T15:28:00-07:00,153,
1783808940,2026-07-11T15:29:00-07:00,42,
1783809000,2026-07-11T15:30:00-07:00,65,
1783809060,2026-07-11T15:31:00-07:00,63,
1783809120,2026-07-11T15:32:00-07:00,85,
1783809180,2026-07-11T15:33:00-07:00,218,
1783809240,2026-07-11T15:34:00-07:00,58,
1783809300,2026-07-11T15:35:00-07:00,114,
1783809360,2026-07-11T15:36:00-07:00,135,
1783809420,2026-07-11T15:37:00-07:00,216,
1783809480,2026-07-11T15:38:00-07:00,62,
1783809540,2026-07-11T15:39:00-07:00,104,
1783809600,2026-07-11T15:40:00-07:00,141,
1783809660,2026-07-11T15:41:00-07:00,144,
1783809720,2026-07-11T15:42:00-07:00,134,
1783809780,2026-07-11T15:43:00-07:00,110,
1783809840,2026-07-11T15:44:00-07:00,80,
1783809900,2026-07-11T15:45:00-07:00,165,
1783809960,2026-07-11T15:46:00-07:00,126,
1783810020,2026-07-11T15:47:00-07:00,87,
1783810080,2026-07-11T15:48:00-07:00,164,
1783810140,2026-07-11T15:49:00-07:00,111,
1783810200,2026-07-11T15:50:00-07:00,146,
1783810260,2026-07-11T15:51:00-07:00,213,
1783810320,2026-07-11T15:52:00-07:00,96,
1783810380,2026-07-11T15:53:00-07:00,118,
1783810440,2026-07-11T15:54:00-07:00,124,
1783810500,2026-07-11T15:55:00-07:00,127,
1783810560,2026-07-11T15:56:00-07:00,144,
1783810620,2026-07-11T15:57:00-07:00,226,
1783810680,2026-07-11T15:58:00-07:00,124,
1783810740,2026-07-11T15:59:00-07:00,104,
1783810800,2026-07-11T16:00:00-07:00,133,
1783810860,2026-07-11T16:01:00-07:00,152,
1783810920,2026-07-11T16:02:00-07:00,230,
1783810980,2026-07-11T16:03:00-07:00,45,
1783811040,2026-07-11T16:04:00-07:00,169,
1783811100,2026-07-11T16:05:00-07:00,187,
1783811160,2026-07-11T16:06:00-07:00,91,
1783811220,2026-07-11T16:07:00-07:00,209,
1783811280,2026-07-11T16:08:00-07:00,138,
1783811340,2026-07-11T16:09:00-07:00,124,
1783811400,2026-07-11T16:10:00-07:00,241,
1783811460,2026-07-11T16:11:00-07:00,166,
1783811520,2026-07-11T16:12:00-07:00,101,
1783811580,2026-07-11T16:13:00-07:00,130,
1783811640,2026-07-11T16:14:00-07:00,50,
1783811700,2026-07-11T16:15:00-07:00,153,
1783811760,2026-07-11T16:16:00-07:00,125,
1783811820,2026-07-11T16:17:00-07:00,109,
1783811880,2026-07-11T16:18:00-07:00,158,
1783811940,2026-07-11T16:19:00-07:00,76,
1783812000,2026-07-11T16:20:00-07:00,164,
1783812060,2026-07-11T16:21:00-07:00,110,
1783812120,2026-07-11T16:22:00-07:00,197,
1783812180,2026-07-11T16:23:00-07:00,99,
1783812240,2026-07-11T16:24:00-07:00,211,
1783812300,2026-07-11T16:25:00-07:00,111,
1783812360,2026-07-11T16:26:00-07:00,72,
1783812420,2026-07-11T16:27:00-07:00,88,
1783812480,2026-07-11T16:28:00-07:00,134,
1783812540,2026-07-11T16:29:00-07:00,95,
1783812600,2026-07-11T16:30:00-07:00,128,
1783812660,2026-07-11T16:31:00-07:00,67,
1783812720,2026-07-11T16:32:00-07:00,177,
1783812780,2026-07-11T16:33:00-07:00,102,
1783812840,2026-07-11T16:34:00-07:00,121,
1783812900,2026-07-11T16:35:00-07:00,104,
1783812960,2026-07-11T16:36:00-07:00,158,
1783813020,2026-07-11T16:37:00-07:00,82,
1783813080,2026-07-11T16:38:00-07:00,76,
1783813140,2026-07-11T16:39:00-07:00,107,
1783813200,2026-07-11T16:40:00-07:00,95,
1783813260,2026-07-11T16:41:00-07:00,36,
1783813320,2026-07-11T16:42:00-07:00,131,
1783813380,2026-07-11T16:43:00-07:00,33,
1783813440,2026-07-11T16:44:00-07:00,117,
1783813500,2026-07-11T16:45:00-07:00,120,
1783813560,2026-07-11T16:46:00-07:00,131,
1783813620,2026-07-11T16:47:00-07:00,60,
1783813680,2026-07-11T16:48:00-07:00,80,
1783813740,2026-07-11T16:49:00-07:00,83,
1783813800,2026-07-11T16:50:00-07:00,105,
1783813860,2026-07-11T16:51:00-07:00,225,
1783813920,2026-07-11T16:52:00-07:00,213,
1783813980,2026-07-11T16:53:00-07:00,116,
1783814040,2026-07-11T16:54:00-07:00,100,
1783814100,2026-07-11T16:55:00-07:00,110,
1783814160,2026-07-11T16:56:00-07:00,125,
1783814220,2026-07-11T16:57:00-07:00,90,
1783814280,2026-07-11T16:58:00-07:00,71,
1783814340,2026-07-11T16:59:00-07:00,81,
1783814400,2026-07-11T17:00:00-07:00,155,
1783814460,2026-07-11T17:01:00-07:00,103,
1783814520,2026-07-11T17:02:00-07:00,80,
1783814580,2026-07-11T17:03:00-07:00,88,
1783814640,2026-07-11T17:04:00-07:00,98,
1783814700,2026-07-11T17:05:00-07:00,37,
1783814760,2026-07-11T17:06:00-07:00,135,
1783814820,2026-07-11T17:07:00-07:00,81,
1783814880,2026-07-11T17:08:00-07:00,124,
1783814940,2026-07-11T17:09:00-07:00,77,
1783815000,2026-07-11T17:10:00-07:00,109,
1783815060,2026-07-11T17:11:00-07:00,49,
1783815120,2026-07-11T17:12:00-07:00,107,
1783815180,2026-07-11T17:13:00-07:00,11,
1783815240,2026-07-11T17:14:00-07:00,63,
1783815300,2026-07-11T17:15:00-07:00,75,
1783815360,2026-07-11T17:16:00-07:00,96,
1783815420,2026-07-11T17:17:00-07:00,136,
1783815480,2026-07-11T17:18:00-07:00,209,
1783815540,2026-07-11T17:19:00-07:00,107,
1783815600,2026-07-11T17:20:00-07:00,108,
1783815660,2026-07-11T17:21:00-07:00,151,
1783815720,2026-07-11T17:22:00-07:00,51,
1783815780,2026-07-11T17:23:00-07:00,133,
1783815840,2026-07-11T17:24:00-07:00,93,
1783815900,2026-07-11T17:25:00-07:00,95,
1783815960,2026-07-11T17:26:00-07:00,62,
1783816020,2026-07-11T17:27:00-07:00,64,
1783816080,2026-07-11T17:28:00-07:00,143,
1783816140,2026-07-11T17:29:00-07:00,84,
1783816200,2026-07-11T17:30:00-07:00,81,
1783816260,2026-07-11T17:31:00-07:00,54,
1783816320,2026-07-11T17:32:00-07:00,68,
1783816380,2026-07-11T17:33:00-07:00,127,
1783816440,2026-07-11T17:34:00-07:00,24,
1783816500,2026-07-11T17:35:00-07:00,195,
1783816560,2026-07-11T17:36:00-07:00,91,
1783816620,2026-07-11T17:37:00-07:00,66,
1783816680,2026-07-11T17:38:00-07:00,164,
1783816740,2026-07-11T17:39:00-07:00,164,
1783816800,2026-07-11T17:40:00-07:00,182,
1783816860,2026-07-11T17:41:00-07:00,92,
1783816920,2026-07-11T17:42:00-07:00,75,
1783816980,2026-07-11T17:43:00-07:00,105,
1783817040,2026-07-11T17:44:00-07:00,132,
1783817100,2026-07-11T17:45:00-07:00,100,
1783817160,2026-07-11T17:46:00-07:00,104,
1783817220,2026-07-11T17:47:00-07:00,84,
1783817280,2026-07-11T17:48:00-07:00,118,
1783817340,2026-07-11T17:49:00-07:00,99,
1783817400,2026-07-11T17:50:00-07:00,65,
1783817460,2026-07-11T17:51:00-07:00,112,
1783817520,2026-07-11T17:52:00-07:00,103,
1783817580,2026-07-11T17:53:00-07:00,170,
1783817640,2026-07-11T17:54:00-07:00,39,
1783817700,2026-07-11T17:55:00-07:00,118,
1783817760,2026-07-11T17:56:00-07:00,83,
1783817820,2026-07-11T17:57:00-07:00,140,
1783817880,2026-07-11T17:58:00-07:00,124,
1783817940,2026-07-11T17:59:00-07:00,134,
1783818000,2026-07-11T18:00:00-07:00,90,
1783818060,2026-07-11T18:01:00-07:00,86,
1783818120,2026-07-11T18:02:00-07:00,70,
1783818180,2026-07-11T18:03:00-07:00,122,
1783818240,2026-07-11T18:04:00-07:00,116,
1783818300,2026-07-11T18:05:00-07:00,110,
1783818360,2026-07-11T18:06:00-07:00,70,
1783818420,2026-07-11T18:07:00-07:00,92,
1783818480,2026-07-11T18:08:00-07:00,51,
1783818540,2026-07-11T18:09:00-07:00,117,
1783818600,2026-07-11T18:10:00-07:00,129,
1783818660,2026-07-11T18:11:00-07:00,103,
1783818720,2026-07-11T18:12:00-07:00,136,
1783818780,2026-07-11T18:13:00-07:00,60,
1783818840,2026-07-11T18:14:00-07:00,128,
1783818900,2026-07-11T18:15:00-07:00,126,
1783818960,2026-07-11T18:16:00-07:00,61,
1783819020,2026-07-11T18:17:00-07:00,58,
1783819080,2026-07-11T18:18:00-07:00,86,
1783819140,2026-07-11T18:19:00-07:00,109,
1783819200,2026-07-11T18:20:00-07:00,47,
1783819260,2026-07-11T18:21:00-07:00,98,
1783819320,2026-07-11T18:22:00-07:00,113,
1783819380,2026-07-11T18:23:00-07:00,130,
1783819440,2026-07-11T18:24:00-07:00,100,
1783819500,2026-07-11T18:25:00-07:00,104,
1783819560,2026-07-11T18:26:00-07:00,103,
1783819620,2026-07-11T18:27:00-07:00,119,
1783819680,2026-07-11T18:28:00-07:00,61,
1783819740,2026-07-11T18:29:00-07:00,58,
1783819800,2026-07-11T18:30:00-07:00,24,
1783819860,2026-07-11T18:31:00-07:00,110,
1783819920,2026-07-11T18:32:00-07:00,89,
1783819980,2026-07-11T18:33:00-07:00,46,
1783820040,2026-07-11T18:34:00-07:00,120,
1783820100,2026-07-11T18:35:00-07:00,126,
1783820160,2026-07-11T18:36:00-07:00,143,
1783820220,2026-07-11T18:37:00-07:00,108,
1783820280,2026-07-11T18:38:00-07:00,88,
1783820340,2026-07-11T18:39:00-07:00,97,
1783820400,2026-07-11T18:40:00-07:00,43,
1783820460,2026-07-11T18:41:00-07:00,156,
1783820520,2026-07-11T18:42:00-07:00,56,
1783820580,2026-07-11T18:43:00-07:00,77,
1783820640,2026-07-11T18:44:00-07:00,86,
1783820700,2026-07-11T18:45:00-07:00,43,
1783820760,2026-07-11T18:46:00-07:00,97,
1783820820,2026-07-11T18:47:00-07:00,128,
1783820880,2026-07-11T18:48:00-07:00,48,
1783820940,2026-07-11T18:49:00-07:00,44,
1783821000,2026-07-11T18:50:00-07:00,89,
1783821060,2026-07-11T18:51:00-07:00,201,
1783821120,2026-07-11T18:52:00-07:00,28,
1783821180,2026-07-11T18:53:00-07:00,59,
1783821240,2026-07-11T18:54:00-07:00,34,
1783821300,2026-07-11T18:55:00-07:00,89,
1783821360,2026-07-11T18:56:00-07:00,113,
1783821420,2026-07-11T18:57:00-07:00,90,
1783821480,2026-07-11T18:58:00-07:00,45,
1783821540,2026-07-11T18:59:00-07:00,103,
1783821600,2026-07-11T19:00:00-07:00,61,
1783821660,2026-07-11T19:01:00-07:00,69,
1783821720,2026-07-11T19:02:00-07:00,117,
1783821780,2026-07-11T19:03:00-07:00,132,
1783821840,2026-07-11T19:04:00-07:00,124,
1783821900,2026-07-11T19:05:00-07:00,85,
1783821960,2026-07-11T19:06:00-07:00,123,
1783822020,2026-07-11T19:07:00-07:00,116,
1783822080,2026-07-11T19:08:00-07:00,135,
1783822140,2026-07-11T19:09:00-07:00,91,
1783822200,2026-07-11T19:10:00-07:00,113,
1783822260,2026-07-11T19:11:00-07:00,97,
1783822320,2026-07-11T19:12:00-07:00,131,
1783822380,2026-07-11T19:13:00-07:00,69,
1783822440,2026-07-11T19:14:00-07:00,168,
1783822500,2026-07-11T19:15:00-07:00,113,
1783822560,2026-07-11T19:16:00-07:00,79,
1783822620,2026-07-11T19:17:00-07:00,95,
1783822680,2026-07-11T19:18:00-07:00,111,
1783822740,2026-07-11T19:19:00-07:00,79,
1783822800,2026-07-11T19:20:00-07:00,132,
1783822860,2026-07-11T19:21:00-07:00,119,
1783822920,2026-07-11T19:22:00-07:00,88,
1783822980,2026-07-11T19:23:00-07:00,74,
1783823040,2026-07-11T19:24:00-07:00,117,
1783823100,2026-07-11T19:25:00-07:00,107,
1783823160,2026-07-11T19:26:00-07:00,54,
1783823220,2026-07-11T19:27:00-07:00,195,
1783823280,2026-07-11T19:28:00-07:00,78,
1783823340,2026-07-11T19:29:00-07:00,177,
1783823400,2026-07-11T19:30:00-07:00,109,
1783823460,2026-07-11T19:31:00-07:00,51,
1783823520,2026-07-11T19:32:00-07:00,40,
1783823580,2026-07-11T19:33:00-07:00,74,
1783823640,2026-07-11T19:34:00-07:00,99,
1783823700,2026-07-11T19:35:00-07:00,94,
1783823760,2026-07-11T19:36:00-07:00,157,
1783823820,2026-07-11T19:37:00-07:00,70,
1783823880,2026-07-11T19:38:00-07:00,106,
1783823940,2026-07-11T19:39:00-07:00,130,
1783824000,2026-07-11T19:40:00-07:00,157,
1783824060,2026-07-11T19:41:00-07:00,41,
1783824120,2026-07-11T19:42:00-07:00,153,
1783824180,2026-07-11T19:43:00-07:00,85,
1783824240,2026-07-11T19:44:00-07:00,172,
1783824300,2026-07-11T19:45:00-07:00,120,
1783824360,2026-07-11T19:46:00-07:00,79,
1783824420,2026-07-11T19:47:00-07:00,87,
1783824480,2026-07-11T19:48:00-07:00,127,
1783824540,2026-07-11T19:49:00-07:00,74,
1783824600,2026-07-11T19:50:00-07:00,138,
1783824660,2026-07-11T19:51:00-07:00,69,
1783824720,2026-07-11T19:52:00-07:00,90,
1783824780,2026-07-11T19:53:00-07:00,94,
1783824840,2026-07-11T19:54:00-07:00,87,
1783824900,2026-07-11T19:55:00-07:00,185,
1783824960,2026-07-11T19:56:00-07:00,56,
1783825020,2026-07-11T19:57:00-07:00,114,
1783825080,2026-07-11T19:58:00-07:00,124,
1783825140,2026-07-11T19:59:00-07:00,72,
1783825200,2026-07-11T20:00:00-07:00,126,
1783825260,2026-07-11T20:01:00-07:00,125,
1783825320,2026-07-11T20:02:00-07:00,53,
1783825380,2026-07-11T20:03:00-07:00,79,
1783825440,2026-07-11T20:04:00-07:00,61,
1783825500,2026-07-11T20:05:00-07:00,98,
1783825560,2026-07-11T20:06:00-07:00,148,
1783825620,2026-07-11T20:07:00-07:00,116,
1783825680,2026-07-11T20:08:00-07:00,65,
1783825740,2026-07-11T20:09:00-07:00,122,
1783825800,2026-07-11T20:10:00-07:00,113,
1783825860,2026-07-11T20:11:00-07:00,117,
1783825920,2026-07-11T20:12:00-07:00,22,
1783825980,2026-07-11T20:13:00-07:00,80,
1783826040,2026-07-11T20:14:00-07:00,88,
1783826100,2026-07-11T20:15:00-07:00,25,
1783826160,2026-07-11T20:16:00-07:00,103,
1783826220,2026-07-11T20:17:00-07:00,85,
1783826280,2026-07-11T20:18:00-07:00,154,
1783826340,2026-07-11T20:19:00-07:00,26,
1783826400,2026-07-11T20:20:00-07:00,71,
1783826460,2026-07-11T20:21:00-07:00,90,
1783826520,2026-07-11T20:22:00-07:00,61,
1783826580,2026-07-11T20:23:00-07:00,82,
1783826640,2026-07-11T20:24:00-07:00,108,
1783826700,2026-07-11T20:25:00-07:00,91,
1783826760,2026-07-11T20:26:00-07:00,131,
1783826820,2026-07-11T20:27:00-07:00,84,
1783826880,2026-07-11T20:28:00-07:00,73,
1783826940,2026-07-11T20:29:00-07:00,79,
1783827000,2026-07-11T20:30:00-07:00,34,
1783827060,2026-07-11T20:31:00-07:00,128,
1783827120,2026-07-11T20:32:00-07:00,157,
1783827180,2026-07-11T20:33:00-07:00,81,
1783827240,2026-07-11T20:34:00-07:00,122,
1783827300,2026-07-11T20:35:00-07:00,90,
1783827360,2026-07-11T20:36:00-07:00,78,
1783827420,2026-07-11T20:37:00-07:00,49,
1783827480,2026-07-11T20:38:00-07:00,123,
1783827540,2026-07-11T20:39:00-07:00,51,
1783827600,2026-07-11T20:40:00-07:00,57,
1783827660,2026-07-11T20:41:00-07:00,113,
1783827720,2026-07-11T20:42:00-07:00,158,
1783827780,2026-07-11T20:43:00-07:00,123,
1783827840,2026-07-11T20:44:00-07:00,81,
1783827900,2026-07-11T20:45:00-07:00,104,
1783827960,2026-07-11T20:46:00-07:00,123,
1783828020,2026-07-11T20:47:00-07:00,111,
1783828080,2026-07-11T20:48:00-07:00,86,
1783828140,2026-07-11T20:49:00-07:00,86,
1783828200,2026-07-11T20:50:00-07:00,93,
1783828260,2026-07-11T20:51:00-07:00,128,
1783828320,2026-07-11T20:52:00-07:00,81,
1783828380,2026-07-11T20:53:00-07:00,23,
1783828440,2026-07-11T20:54:00-07:00,99,
1783828500,2026-07-11T20:55:00-07:00,77,
1783828560,2026-07-11T20:56:00-07:00,106,
1783828620,2026-07-11T20:57:00-07:00,70,
1783828680,2026-07-11T20:58:00-07:00,171,
1783828740,2026-07-11T20:59:00-07:00,73,
1783828800,2026-07-11T21:00:00-07:00,28,
1783828860,2026-07-11T21:01:00-07:00,151,
1783828920,2026-07-11T21:02:00-07:00,112,
1783828980,2026-07-11T21:03:00-07:00,174,
1783829040,2026-07-11T21:04:00-07:00,174,
1783829100,2026-07-11T21:05:00-07:00,79,
1783829160,2026-07-11T21:06:00-07:00,44,
1783829220,2026-07-11T21:07:00-07:00,25,
1783829280,2026-07-11T21:08:00-07:00,79,
1783829340,2026-07-11T21:09:00-07:00,104,
1783829400,2026-07-11T21:10:00-07:00,141,
1783829460,2026-07-11T21:11:00-07:00,150,
1783829520,2026-07-11T21:12:00-07:00,148,
1783829580,2026-07-11T21:13:00-07:00,94,
1783829640,2026-07-11T21:14:00-07:00,157,
1783829700,2026-07-11T21:15:00-07:00,60,
1783829760,2026-07-11T21:16:00-07:00,84,
1783829820,2026-07-11T21:17:00-07:00,52,
1783829880,2026-07-11T21:18:00-07:00,72,
1783829940,2026-07-11T21:19:00-07:00,81,
1783830000,2026-07-11T21:20:00-07:00,74,
1783830060,2026-07-11T21:21:00-07:00,112,
1783830120,2026-07-11T21:22:00-07:00,99,
1783830180,2026-07-11T21:23:00-07:00,151,
1783830240,2026-07-11T21:24:00-07:00,136,
1783830300,2026-07-11T21:25:00-07:00,65,
1783830360,2026-07-11T21:26:00-07:00,81,
1783830420,2026-07-11T21:27:00-07:00,63,
1783830480,2026-07-11T21:28:00-07:00,42,
1783830540,2026-07-11T21:29:00-07:00,111,
1783830600,2026-07-11T21:30:00-07:00,153,
1783830660,2026-07-11T21:31:00-07:00,117,
1783830720,2026-07-11T21:32:00-07:00,108,
1783830780,2026-07-11T21:33:00-07:00,114,
1783830840,2026-07-11T21:34:00-07:00,120,
1783830900,2026-07-11T21:35:00-07:00,111,
1783830960,2026-07-11T21:36:00-07:00,114,
1783831020,2026-07-11T21:37:00-07:00,49,
1783831080,2026-07-11T21:38:00-07:00,87,
1783831140,2026-07-11T21:39:00-07:00,94,
1783831200,2026-07-11T21:40:00-07:00,57,
1783831260,2026-07-11T21:41:00-07:00,113,
1783831320,2026-07-11T21:42:00-07:00,145,
1783831380,2026-07-11T21:43:00-07:00,105,
1783831440,2026-07-11T21:44:00-07:00,143,
1783831500,2026-07-11T21:45:00-07:00,183,
1783831560,2026-07-11T21:46:00-07:00,133,
1783831620,2026-07-11T21:47:00-07:00,110,
1783831680,2026-07-11T21:48:00-07:00,100,
1783831740,2026-07-11T21:49:00-07:00,144,
1783831800,2026-07-11T21:50:00-07:00,217,
1783831860,2026-07-11T21:51:00-07:00,113,
1783831920,2026-07-11T21:52:00-07:00,146,
1783831980,2026-07-11T21:53:00-07:00,175,
1783832040,2026-07-11T21:54:00-07:00,102,
1783832100,2026-07-11T21:55:00-07:00,54,
1783832160,2026-07-11T21:56:00-07:00,83,
1783832220,2026-07-11T21:57:00-07:00,124,
1783832280,2026-07-11T21:58:00-07:00,120,
1783832340,2026-07-11T21:59:00-07:00,233,
1783832400,2026-07-11T22:00:00-07:00,143,
1783832460,2026-07-11T22:01:00-07:00,59,
1783832520,2026-07-11T22:02:00-07:00,210,
1783832580,2026-07-11T22:03:00-07:00,188,
1783832640,2026-07-11T22:04:00-07:00,67,
1783832700,2026-07-11T22:05:00-07:00,145,
1783832760,2026-07-11T22:06:00-07:00,111,
1783832820,2026-07-11T22:07:00-07:00,127,
1783832880,2026-07-11T22:08:00-07:00,70,
1783832940,2026-07-11T22:09:00-07:00,120,
1783833000,2026-07-11T22:10:00-07:00,122,
1783833060,2026-07-11T22:11:00-07:00,51,
1783833120,2026-07-11T22:12:00-07:00,54,
1783833180,2026-07-11T22:13:00-07:00,88,
1783833240,2026-07-11T22:14:00-07:00,70,
1783833300,2026-07-11T22:15:00-07:00,128,
1783833360,2026-07-11T22:16:00-07:00,43,
1783833420,2026-07-11T22:17:00-07:00,62,
1783833480,2026-07-11T22:18:00-07:00,91,
1783833540,2026-07-11T22:19:00-07:00,78,
1783833600,2026-07-11T22:20:00-07:00,88,
1783833660,2026-07-11T22:21:00-07:00,99,
1783833720,2026-07-11T22:22:00-07:00,58,
1783833780,2026-07-11T22:23:00-07:00,82,
1783833840,2026-07-11T22:24:00-07:00,171,
1783833900,2026-07-11T22:25:00-07:00,127,
1783833960,2026-07-11T22:26:00-07:00,119,
1783834020,2026-07-11T22:27:00-07:00,182,
1783834080,2026-07-11T22:28:00-07:00,56,
1783834140,2026-07-11T22:29:00-07:00,120,
1783834200,2026-07-11T22:30:00-07:00,142,
1783834260,2026-07-11T22:31:00-07:00,184,
1783834320,2026-07-11T22:32:00-07:00,102,
1783834380,2026-07-11T22:33:00-07:00,184,
1783834440,2026-07-11T22:34:00-07:00,72,
1783834500,2026-07-11T22:35:00-07:00,181,
1783834560,2026-07-11T22:36:00-07:00,82,
1783834620,2026-07-11T22:37:00-07:00,58,
1783834680,2026-07-11T22:38:00-07:00,56,
1783834740,2026-07-11T22:39:00-07:00,83,
1783834800,2026-07-11T22:40:00-07:00,101,
1783834860,2026-07-11T22:41:00-07:00,118,
1783834920,2026-07-11T22:42:00-07:00,154,
1783834980,2026-07-11T22:43:00-07:00,76,
1783835040,2026-07-11T22:44:00-07:00,121,
1783835100,2026-07-11T22:45:00-07:00,103,
1783835160,2026-07-11T22:46:00-07:00,119,
1783835220,2026-07-11T22:47:00-07:00,114,
1783835280,2026-07-11T22:48:00-07:00,152,
1783835340,2026-07-11T22:49:00-07:00,144,
1783835400,2026-07-11T22:50:00-07:00,168,
1783835460,2026-07-11T22:51:00-07:00,160,
1783835520,2026-07-11T22:52:00-07:00,98,
1783835580,2026-07-11T22:53:00-07:00,138,
1783835640,2026-07-11T22:54:00-07:00,114,
1783835700,2026-07-11T22:55:00-07:00,95,
1783835760,2026-07-11T22:56:00-07:00,105,
1783835820,2026-07-11T22:57:00-07:00,141,
1783835880,2026-07-11T22:58:00-07:00,95,
1783835940,2026-07-11T22:59:00-07:00,62,
1783836000,2026-07-11T23:00:00-07:00,140,
1783836060,2026-07-11T23:01:00-07:00,42,
1783836120,2026-07-11T23:02:00-07:00,113,
1783836180,2026-07-11T23:03:00-07:00,122,
1783836240,2026-07-11T23:04:00-07:00,121,
1783836300,2026-07-11T23:05:00-07:00,77,
1783836360,2026-07-11T23:06:00-07:00,156,
1783836420,2026-07-11T23:07:00-07:00,88,
1783836480,2026-07-11T23:08:00-07:00,61,
1783836540,2026-07-11T23:09:00-07:00,51,
1783836600,2026-07-11T23:10:00-07:00,128,
1783836660,2026-07-11T23:11:00-07:00,100,
1783836720,2026-07-11T23:12:00-07:00,140,
1783836780,2026-07-11T23:13:00-07:00,65,
1783836840,2026-07-11T23:14:00-07:00,214,
1783836900,2026-07-11T23:15:00-07:00,160,
1783836960,2026-07-11T23:16:00-07:00,103,
1783837020,2026-07-11T23:17:00-07:00,132,
1783837080,2026-07-11T23:18:00-07:00,75,
1783837140,2026-07-11T23:19:00-07:00,113,
1783837200,2026-07-11T23:20:00-07:00,93,
1783837260,2026-07-11T23:21:00-07:00,83,
1783837320,2026-07-11T23:22:00-07:00,134,
1783837380,2026-07-11T23:23:00-07:00,85,
1783837440,2026-07-11T23:24:00-07:00,102,
1783837500,2026-07-11T23:25:00-07:00,124,
1783837560,2026-07-11T23:26:00-07:00,93,
1783837620,2026-07-11T23:27:00-07:00,127,
1783837680,2026-07-11T23:28:00-07:00,50,
1783837740,2026-07-11T23:29:00-07:00,145,
1783837800,2026-07-11T23:30:00-07:00,54,
1783837860,2026-07-11T23:31:00-07:00,101,
1783837920,2026-07-11T23:32:00-07:00,182,
1783837980,2026-07-11T23:33:00-07:00,75,
1783838040,2026-07-11T23:34:00-07:00,133,
1783838100,2026-07-11T23:35:00-07:00,55,
1783838160,2026-07-11T23:36:00-07:00,90,
1783838220,2026-07-11T23:37:00-07:00,101,
1783838280,2026-07-11T23:38:00-07:00,75,
1783838340,2026-07-11T23:39:00-07:00,129,
1783838400,2026-07-11T23:40:00-07:00,120,
1783838460,2026-07-11T23:41:00-07:00,162,
1783838520,2026-07-11T23:42:00-07:00,43,
1783838580,2026-07-11T23:43:00-07:00,127,
1783838640,2026-07-11T23:44:00-07:00,88,
1783838700,2026-07-11T23:45:00-07:00,71,
1783838760,2026-07-11T23:46:00-07:00,50,
1783838820,2026-07-11T23:47:00-07:00,63,
1783838880,2026-07-11T23:48:00-07:00,161,
1783838940,2026-07-11T23:49:00-07:00,130,
1783839000,2026-07-11T23:50:00-07:00,40,
1783839060,2026-07-11T23:51:00-07:00,41,
1783839120,2026-07-11T23:52:00-07:00,176,
1783839180,2026-07-11T23:53:00-07:00,39,
1783839240,2026-07-11T23:54:00-07:00,187,
1783839300,2026-07-11T23:55:00-07:00,49,
1783839360,2026-07-11T23:56:00-07:00,52,
1783839420,2026-07-11T23:57:00-07:00,26,
1783839480,2026-07-11T23:58:00-07:00,28,
1783839540,2026-07-11T23:59:00-07:00,83,
1783839600,2026-07-12T00:00:00-07:00,65,
1783839660,2026-07-12T00:01:00-07:00,62,
1783839720,2026-07-12T00:02:00-07:00,41,
1783839780,2026-07-12T00:03:00-07:00,39,
1783839840,2026-07-12T00:04:00-07:00,67,
1783839900,2026-07-12T00:05:00-07:00,78,
1783839960,2026-07-12T00:06:00-07:00,49,
1783840020,2026-07-12T00:07:00-07:00,28,
1783840080,2026-07-12T00:08:00-07:00,31,
1783840140,2026-07-12T00:09:00-07:00,55,
1783840200,2026-07-12T00:10:00-07:00,42,
1783840260,2026-07-12T00:11:00-07:00,33,
1783840320,2026-07-12T00:12:00-07:00,49,
1783840380,2026-07-12T00:13:00-07:00,35,
1783840440,2026-07-12T00:14:00-07:00,27,
1783840500,2026-07-12T00:15:00-07:00,37,
1783840560,2026-07-12T00:16:00-07:00,27,
1783840620,2026-07-12T00:17:00-07:00,28,
1783840680,2026-07-12T00:18:00-07:00,55,
1783840740,2026-07-12T00:19:00-07:00,42,
1783840800,2026-07-12T00:20:00-07:00,28,
1783840860,2026-07-12T00:21:00-07:00,66,
1783840920,2026-07-12T00:22:00-07:00,42,
1783840980,2026-07-12T00:23:00-07:00,44,
1783841040,2026-07-12T00:24:00-07:00,47,
1783841100,2026-07-12T00:25:00-07:00,13,
1783841160,2026-07-12T00:26:00-07:00,44,
1783841220,2026-07-12T00:27:00-07:00,39,
1783841280,2026-07-12T00:28:00-07:00,38,
1783841340,2026-07-12T00:29:00-07:00,26,
1783841400,2026-07-12T00:30:00-07:00,38,
1783841460,2026-07-12T00:31:00-07:00,45,
1783841520,2026-07-12T00:32:00-07:00,22,
1783841580,2026-07-12T00:33:00-07:00,46,
1783841640,2026-07-12T00:34:00-07:00,15,
1783841700,2026-07-12T00:35:00-07:00,47,
1783841760,2026-07-12T00:36:00-07:00,63,
1783841820,2026-07-12T00:37:00-07:00,33,
1783841880,2026-07-12T00:38:00-07:00,25,
1783841940,2026-07-12T00:39:00-07:00,42,
1783842000,2026-07-12T00:40:00-07:00,27,
1783842060,2026-07-12T00:41:00-07:00,26,
1783842120,2026-07-12T00:42:00-07:00,37,
1783842180,2026-07-12T00:43:00-07:00,37,
1783842240,2026-07-12T00:44:00-07:00,30,
1783842300,2026-07-12T00:45:00-07:00,16,
1783842360,2026-07-12T00:46:00-07:00,28,
1783842420,2026-07-12T00:47:00-07:00,18,
1783842480,2026-07-12T00:48:00-07:00,19,
1783842540,2026-07-12T00:49:00-07:00,10,
1783842600,2026-07-12T00:50:00-07:00,50,
1783842660,2026-07-12T00:51:00-07:00,16,
1783842720,2026-07-12T00:52:00-07:00,12,
1783842780,2026-07-12T00:53:00-07:00,11,
1783842840,2026-07-12T00:54:00-07:00,13,
1783842900,2026-07-12T00:55:00-07:00,29,
1783842960,2026-07-12T00:56:00-07:00,36,
1783843020,2026-07-12T00:57:00-07:00,45,
1783843080,2026-07-12T00:58:00-07:00,9,
1783843140,2026-07-12T00:59:00-07:00,9,
1783843200,2026-07-12T01:00:00-07:00,17,
1783843260,2026-07-12T01:01:00-07:00,15,
1783843320,2026-07-12T01:02:00-07:00,31,
1783843380,2026-07-12T01:03:00-07:00,32,
1783843440,2026-07-12T01:04:00-07:00,51,
1783843500,2026-07-12T01:05:00-07:00,51,
1783843560,2026-07-12T01:06:00-07:00,20,
1783843620,2026-07-12T01:07:00-07:00,8,
1783843680,2026-07-12T01:08:00-07:00,14,
1783843740,2026-07-12T01:09:00-07:00,10,
1783843800,2026-07-12T01:10:00-07:00,32,
1783843860,2026-07-12T01:11:00-07:00,13,
1783843920,2026-07-12T01:12:00-07:00,30,
1783843980,2026-07-12T01:13:00-07:00,31,
1783844040,2026-07-12T01:14:00-07:00,25,
1783844100,2026-07-12T01:15:00-07:00,15,
1783844160,2026-07-12T01:16:00-07:00,25,
1783844220,2026-07-12T01:17:00-07:00,31,
1783844280,2026-07-12T01:18:00-07:00,22,
1783844340,2026-07-12T01:19:00-07:00,12,
1783844400,2026-07-12T01:20:00-07:00,33,
1783844460,2026-07-12T01:21:00-07:00,8,
1783844520,2026-07-12T01:22:00-07:00,34,
1783844580,2026-07-12T01:23:00-07:00,23,
1783844640,2026-07-12T01:24:00-07:00,9,
1783844700,2026-07-12T01:25:00-07:00,34,
1783844760,2026-07-12T01:26:00-07:00,38,
1783844820,2026-07-12T01:27:00-07:00,17,
1783844880,2026-07-12T01:28:00-07:00,18,
1783844940,2026-07-12T01:29:00-07:00,22,
1783845000,2026-07-12T01:30:00-07:00,16,
1783845060,2026-07-12T01:31:00-07:00,12,
1783845120,2026-07-12T01:32:00-07:00,13,
1783845180,2026-07-12T01:33:00-07:00,17,
1783845240,2026-07-12T01:34:00-07:00,12,
1783845300,2026-07-12T01:35:00-07:00,11,
1783845360,2026-07-12T01:36:00-07:00,18,
1783845420,2026-07-12T01:37:00-07:00,12,
1783845480,2026-07-12T01:38:00-07:00,13,
1783845540,2026-07-12T01:39:00-07:00,28,
1783845600,2026-07-12T01:40:00-07:00,5,
1783845660,2026-07-12T01:41:00-07:00,28,
1783845720,2026-07-12T01:42:00-07:00,47,
1783845780,2026-07-12T01:43:00-07:00,41,
1783845840,2026-07-12T01:44:00-07:00,41,
1783845900,2026-07-12T01:45:00-07:00,18,
1783845960,2026-07-12T01:46:00-07:00,38,
1783846020,2026-07-12T01:47:00-07:00,27,
1783846080,2026-07-12T01:48:00-07:00,16,
1783846140,2026-07-12T01:49:00-07:00,13,
1783846200,2026-07-12T01:50:00-07:00,21,
1783846260,2026-07-12T01:51:00-07:00,10,
1783846320,2026-07-12T01:52:00-07:00,28,
1783846380,2026-07-12T01:53:00-07:00,13,
1783846440,2026-07-12T01:54:00-07:00,20,
1783846500,2026-07-12T01:55:00-07:00,14,
1783846560,2026-07-12T01:56:00-07:00,17,
1783846620,2026-07-12T01:57:00-07:00,21,
1783846680,2026-07-12T01:58:00-07:00,17,
1783846740,2026-07-12T01:59:00-07:00,6,
1783846800,2026-07-12T02:00:00-07:00,19,
1783846860,2026-07-12T02:01:00-07:00,36,
1783846920,2026-07-12T02:02:00-07:00,34,
1783846980,2026-07-12T02:03:00-07:00,5,
1783847040,2026-07-12T02:04:00-07:00,18,
1783847100,2026-07-12T02:05:00-07:00,21,
1783847160,2026-07-12T02:06:00-07:00,13,
1783847220,2026-07-12T02:07:00-07:00,52,
1783847280,2026-07-12T02:08:00-07:00,18,
1783847340,2026-07-12T02:09:00-07:00,29,
1783847400,2026-07-12T02:10:00-07:00,20,
1783847460,2026-07-12T02:11:00-07:00,31,
1783847520,2026-07-12T02:12:00-07:00,29,
1783847580,2026-07-12T02:13:00-07:00,13,
1783847640,2026-07-12T02:14:00-07:00,33,
1783847700,2026-07-12T02:15:00-07:00,15,
1783847760,2026-07-12T02:16:00-07:00,4,
1783847820,2026-07-12T02:17:00-07:00,17,
1783847880,2026-07-12T02:18:00-07:00,24,
1783847940,2026-07-12T02:19:00-07:00,26,
1783848000,2026-07-12T02:20:00-07:00,14,
1783848060,2026-07-12T02:21:00-07:00,16,
1783848120,2026-07-12T02:22:00-07:00,7,
1783848180,2026-07-12T02:23:00-07:00,8,
1783848240,2026-07-12T02:24:00-07:00,12,
1783848300,2026-07-12T02:25:00-07:00,21,
1783848360,2026-07-12T02:26:00-07:00,5,
1783848420,2026-07-12T02:27:00-07:00,10,
1783848480,2026-07-12T02:28:00-07:00,9,
1783848540,2026-07-12T02:29:00-07:00,10,
1783848600,2026-07-12T02:30:00-07:00,44,
1783848660,2026-07-12T02:31:00-07:00,15,
1783848720,2026-07-12T02:32:00-07:00,38,
1783848780,2026-07-12T02:33:00-07:00,16,
1783848840,2026-07-12T02:34:00-07:00,15,
1783848900,2026-07-12T02:35:00-07:00,10,
1783848960,2026-07-12T02:36:00-07:00,15,
1783849020,2026-07-12T02:37:00-07:00,7,
1783849080,2026-07-12T02:38:00-07:00,13,
1783849140,2026-07-12T02:39:00-07:00,13,
1783849200,2026-07-12T02:40:00-07:00,9,
1783849260,2026-07-12T02:41:00-07:00,5,
1783849320,2026-07-12T02:42:00-07:00,9,
1783849380,2026-07-12T02:43:00-07:00,8,
1783849440,2026-07-12T02:44:00-07:00,10,
1783849500,2026-07-12T02:45:00-07:00,14,
1783849560,2026-07-12T02:46:00-07:00,13,
1783849620,2026-07-12T02:47:00-07:00,11,
1783849680,2026-07-12T02:48:00-07:00,10,
1783849740,2026-07-12T02:49:00-07:00,8,
1783849800,2026-07-12T02:50:00-07:00,13,
1783849860,2026-07-12T02:51:00-07:00,10,
1783849920,2026-07-12T02:52:00-07:00,7,
1783849980,2026-07-12T02:53:00-07:00,8,
1783850040,2026-07-12T02:54:00-07:00,13,
1783850100,2026-07-12T02:55:00-07:00,6,
1783850160,2026-07-12T02:56:00-07:00,10,
1783850220,2026-07-12T02:57:00-07:00,9,
1783850280,2026-07-12T02:58:00-07:00,9,
1783850340,2026-07-12T02:59:00-07:00,10,
1783850400,2026-07-12T03:00:00-07:00,8,
1783850460,2026-07-12T03:01:00-07:00,14,
1783850520,2026-07-12T03:02:00-07:00,5,
1783850580,2026-07-12T03:03:00-07:00,5,
1783850640,2026-07-12T03:04:00-07:00,8,
1783850700,2026-07-12T03:05:00-07:00,7,
1783850760,2026-07-12T03:06:00-07:00,19,
1783850820,2026-07-12T03:07:00-07:00,8,
1783850880,2026-07-12T03:08:00-07:00,7,
1783850940,2026-07-12T03:09:00-07:00,8,
1783851000,2026-07-12T03:10:00-07:00,6,
1783851060,2026-07-12T03:11:00-07:00,7,
1783851120,2026-07-12T03:12:00-07:00,3,
1783851180,2026-07-12T03:13:00-07:00,5,
1783851240,2026-07-12T03:14:00-07:00,6,
1783851300,2026-07-12T03:15:00-07:00,5,
1783851360,2026-07-12T03:16:00-07:00,6,
1783851420,2026-07-12T03:17:00-07:00,7,
1783851480,2026-07-12T03:18:00-07:00,16,
1783851540,2026-07-12T03:19:00-07:00,6,
1783851600,2026-07-12T03:20:00-07:00,5,
1783851660,2026-07-12T03:21:00-07:00,15,
1783851720,2026-07-12T03:22:00-07:00,12,
1783851780,2026-07-12T03:23:00-07:00,7,
1783851840,2026-07-12T03:24:00-07:00,5,
1783851900,2026-07-12T03:25:00-07:00,5,
1783851960,2026-07-12T03:26:00-07:00,4,
1783852020,2026-07-12T03:27:00-07:00,9,
1783852080,2026-07-12T03:28:00-07:00,5,
1783852140,2026-07-12T03:29:00-07:00,18,
1783852200,2026-07-12T03:30:00-07:00,7,
1783852260,2026-07-12T03:31:00-07:00,8,
1783852320,2026-07-12T03:32:00-07:00,8,
1783852380,2026-07-12T03:33:00-07:00,6,
1783852440,2026-07-12T03:34:00-07:00,13,
1783852500,2026-07-12T03:35:00-07:00,15,
1783852560,2026-07-12T03:36:00-07:00,8,
1783852620,2026-07-12T03:37:00-07:00,12,
1783852680,2026-07-12T03:38:00-07:00,12,
1783852740,2026-07-12T03:39:00-07:00,7,
1783852800,2026-07-12T03:40:00-07:00,7,
1783852860,2026-07-12T03:41:00-07:00,5,
1783852920,2026-07-12T03:42:00-07:00,8,
1783852980,2026-07-12T03:43:00-07:00,9,
1783853040,2026-07-12T03:44:00-07:00,6,
1783853100,2026-07-12T03:45:00-07:00,9,
1783853160,2026-07-12T03:46:00-07:00,13,
1783853220,2026-07-12T03:47:00-07:00,20,
1783853280,2026-07-12T03:48:00-07:00,4,
1783853340,2026-07-12T03:49:00-07:00,12,
1783853400,2026-07-12T03:50:00-07:00,25,
1783853460,2026-07-12T03:51:00-07:00,7,
1783853520,2026-07-12T03:52:00-07:00,12,
1783853580,2026-07-12T03:53:00-07:00,7,
1783853640,2026-07-12T03:54:00-07:00,23,
1783853700,2026-07-12T03:55:00-07:00,10,
1783853760,2026-07-12T03:56:00-07:00,7,
1783853820,2026-07-12T03:57:00-07:00,13,
1783853880,2026-07-12T03:58:00-07:00,5,
1783853940,2026-07-12T03:59:00-07:00,9,
1783854000,2026-07-12T04:00:00-07:00,6,
1783854060,2026-07-12T04:01:00-07:00,8,
1783854120,2026-07-12T04:02:00-07:00,6,
1783854180,2026-07-12T04:03:00-07:00,11,
1783854240,2026-07-12T04:04:00-07:00,6,
1783854300,2026-07-12T04:05:00-07:00,8,
1783854360,2026-07-12T04:06:00-07:00,7,
1783854420,2026-07-12T04:07:00-07:00,6,
1783854480,2026-07-12T04:08:00-07:00,4,
1783854540,2026-07-12T04:09:00-07:00,12,
1783854600,2026-07-12T04:10:00-07:00,10,
1783854660,2026-07-12T04:11:00-07:00,10,
1783854720,2026-07-12T04:12:00-07:00,8,
1783854780,2026-07-12T04:13:00-07:00,8,
1783854840,2026-07-12T04:14:00-07:00,13,
1783854900,2026-07-12T04:15:00-07:00,7,
1783854960,2026-07-12T04:16:00-07:00,6,
1783855020,2026-07-12T04:17:00-07:00,10,
1783855080,2026-07-12T04:18:00-07:00,5,
1783855140,2026-07-12T04:19:00-07:00,9,
1783855200,2026-07-12T04:20:00-07:00,6,
1783855260,2026-07-12T04:21:00-07:00,10,
1783855320,2026-07-12T04:22:00-07:00,8,
1783855380,2026-07-12T04:23:00-07:00,7,
1783855440,2026-07-12T04:24:00-07:00,8,
1783855500,2026-07-12T04:25:00-07:00,7,
1783855560,2026-07-12T04:26:00-07:00,7,
1783855620,2026-07-12T04:27:00-07:00,11,
1783855680,2026-07-12T04:28:00-07:00,6,
1783855740,2026-07-12T04:29:00-07:00,19,
1783855800,2026-07-12T04:30:00-07:00,4,
1783855860,2026-07-12T04:31:00-07:00,11,
1783855920,2026-07-12T04:32:00-07:00,38,
1783855980,2026-07-12T04:33:00-07:00,7,
1783856040,2026-07-12T04:34:00-07:00,16,
1783856100,2026-07-12T04:35:00-07:00,7,
1783856160,2026-07-12T04:36:00-07:00,13,
1783856220,2026-07-12T04:37:00-07:00,15,
1783856280,2026-07-12T04:38:00-07:00,20,
1783856340,2026-07-12T04:39:00-07:00,8,
1783856400,2026-07-12T04:40:00-07:00,8,
1783856460,2026-07-12T04:41:00-07:00,11,
1783856520,2026-07-12T04:42:00-07:00,7,
1783856580,2026-07-12T04:43:00-07:00,9,
1783856640,2026-07-12T04:44:00-07:00,5,
1783856700,2026-07-12T04:45:00-07:00,4,
1783856760,2026-07-12T04:46:00-07:00,9,
1783856820,2026-07-12T04:47:00-07:00,6,
1783856880,2026-07-12T04:48:00-07:00,2,
1783856940,2026-07-12T04:49:00-07:00,7,
1783857000,2026-07-12T04:50:00-07:00,8,
1783857060,2026-07-12T04:51:00-07:00,6,
1783857120,2026-07-12T04:52:00-07:00,4,
1783857180,2026-07-12T04:53:00-07:00,5,
1783857240,2026-07-12T04:54:00-07:00,6,
1783857300,2026-07-12T04:55:00-07:00,6,
1783857360,2026-07-12T04:56:00-07:00,8,
1783857420,2026-07-12T04:57:00-07:00,7,
1783857480,2026-07-12T04:58:00-07:00,9,
1783857540,2026-07-12T04:59:00-07:00,6,
1783857600,2026-07-12T05:00:00-07:00,6,
1783857660,2026-07-12T05:01:00-07:00,5,
1783857720,2026-07-12T05:02:00-07:00,6,
1783857780,2026-07-12T05:03:00-07:00,6,
1783857840,2026-07-12T05:04:00-07:00,7,
1783857900,2026-07-12T05:05:00-07:00,9,
1783857960,2026-07-12T05:06:00-07:00,8,
1783858020,2026-07-12T05:07:00-07:00,9,
1783858080,2026-07-12T05:08:00-07:00,15,
1783858140,2026-07-12T05:09:00-07:00,14,
1783858200,2026-07-12T05:10:00-07:00,15,
1783858260,2026-07-12T05:11:00-07:00,8,
1783858320,2026-07-12T05:12:00-07:00,22,
1783858380,2026-07-12T05:13:00-07:00,6,
1783858440,2026-07-12T05:14:00-07:00,11,
1783858500,2026-07-12T05:15:00-07:00,5,
1783858560,2026-07-12T05:16:00-07:00,6,
1783858620,2026-07-12T05:17:00-07:00,9,
1783858680,2026-07-12T05:18:00-07:00,4,
1783858740,2026-07-12T05:19:00-07:00,20,
1783858800,2026-07-12T05:20:00-07:00,3,
1783858860,2026-07-12T05:21:00-07:00,10,
1783858920,2026-07-12T05:22:00-07:00,6,
1783858980,2026-07-12T05:23:00-07:00,5,
1783859040,2026-07-12T05:24:00-07:00,5,
1783859100,2026-07-12T05:25:00-07:00,17,
1783859160,2026-07-12T05:26:00-07:00,11,
1783859220,2026-07-12T05:27:00-07:00,16,
1783859280,2026-07-12T05:28:00-07:00,3,
1783859340,2026-07-12T05:29:00-07:00,4,
1783859400,2026-07-12T05:30:00-07:00,8,
1783859460,2026-07-12T05:31:00-07:00,10,
1783859520,2026-07-12T05:32:00-07:00,5,
1783859580,2026-07-12T05:33:00-07:00,9,
1783859640,2026-07-12T05:34:00-07:00,9,
1783859700,2026-07-12T05:35:00-07:00,7,
1783859760,2026-07-12T05:36:00-07:00,11,
1783859820,2026-07-12T05:37:00-07:00,9,
1783859880,2026-07-12T05:38:00-07:00,10,
1783859940,2026-07-12T05:39:00-07:00,32,
1783860000,2026-07-12T05:40:00-07:00,8,
1783860060,2026-07-12T05:41:00-07:00,8,
1783860120,2026-07-12T05:42:00-07:00,7,
1783860180,2026-07-12T05:43:00-07:00,8,
1783860240,2026-07-12T05:44:00-07:00,8,
1783860300,2026-07-12T05:45:00-07:00,12,
1783860360,2026-07-12T05:46:00-07:00,11,
1783860420,2026-07-12T05:47:00-07:00,10,
1783860480,2026-07-12T05:48:00-07:00,10,
1783860540,2026-07-12T05:49:00-07:00,6,
1783860600,2026-07-12T05:50:00-07:00,9,
1783860660,2026-07-12T05:51:00-07:00,12,
1783860720,2026-07-12T05:52:00-07:00,7,
1783860780,2026-07-12T05:53:00-07:00,5,
1783860840,2026-07-12T05:54:00-07:00,5,
1783860900,2026-07-12T05:55:00-07:00,15,
1783860960,2026-07-12T05:56:00-07:00,4,
1783861020,2026-07-12T05:57:00-07:00,5,
1783861080,2026-07-12T05:58:00-07:00,20,
1783861140,2026-07-12T05:59:00-07:00,9,
1783861200,2026-07-12T06:00:00-07:00,5,
1783861260,2026-07-12T06:01:00-07:00,28,
1783861320,2026-07-12T06:02:00-07:00,11,
1783861380,2026-07-12T06:03:00-07:00,7,
1783861440,2026-07-12T06:04:00-07:00,5,
1783861500,2026-07-12T06:05:00-07:00,6,
1783861560,2026-07-12T06:06:00-07:00,8,
1783861620,2026-07-12T06:07:00-07:00,14,
1783861680,2026-07-12T06:08:00-07:00,15,
1783861740,2026-07-12T06:09:00-07:00,23,
1783861800,2026-07-12T06:10:00-07:00,6,
1783861860,2026-07-12T06:11:00-07:00,7,
1783861920,2026-07-12T06:12:00-07:00,8,
1783861980,2026-07-12T06:13:00-07:00,4,
1783862040,2026-07-12T06:14:00-07:00,28,
1783862100,2026-07-12T06:15:00-07:00,11,
1783862160,2026-07-12T06:16:00-07:00,16,
1783862220,2026-07-12T06:17:00-07:00,39,
1783862280,2026-07-12T06:18:00-07:00,5,
1783862340,2026-07-12T06:19:00-07:00,13,
1783862400,2026-07-12T06:20:00-07:00,22,
1783862460,2026-07-12T06:21:00-07:00,16,
1783862520,2026-07-12T06:22:00-07:00,6,
1783862580,2026-07-12T06:23:00-07:00,18,
1783862640,2026-07-12T06:24:00-07:00,13,
1783862700,2026-07-12T06:25:00-07:00,22,
1783862760,2026-07-12T06:26:00-07:00,15,
1783862820,2026-07-12T06:27:00-07:00,7,
1783862880,2026-07-12T06:28:00-07:00,26,
1783862940,2026-07-12T06:29:00-07:00,9,
1783863000,2026-07-12T06:30:00-07:00,4,
1783863060,2026-07-12T06:31:00-07:00,10,
1783863120,2026-07-12T06:32:00-07:00,9,
1783863180,2026-07-12T06:33:00-07:00,4,
1783863240,2026-07-12T06:34:00-07:00,19,
1783863300,2026-07-12T06:35:00-07:00,19,
1783863360,2026-07-12T06:36:00-07:00,9,
1783863420,2026-07-12T06:37:00-07:00,17,
1783863480,2026-07-12T06:38:00-07:00,14,
1783863540,2026-07-12T06:39:00-07:00,8,
1783863600,2026-07-12T06:40:00-07:00,6,
1783863660,2026-07-12T06:41:00-07:00,11,
1783863720,2026-07-12T06:42:00-07:00,11,
1783863780,2026-07-12T06:43:00-07:00,38,
1783863840,2026-07-12T06:44:00-07:00,9,
1783863900,2026-07-12T06:45:00-07:00,7,
1783863960,2026-07-12T06:46:00-07:00,27,
1783864020,2026-07-12T06:47:00-07:00,5,
1783864080,2026-07-12T06:48:00-07:00,8,
1783864140,2026-07-12T06:49:00-07:00,7,
1783864200,2026-07-12T06:50:00-07:00,8,
1783864260,2026-07-12T06:51:00-07:00,11,
1783864320,2026-07-12T06:52:00-07:00,6,
1783864380,2026-07-12T06:53:00-07:00,31,
1783864440,2026-07-12T06:54:00-07:00,7,
1783864500,2026-07-12T06:55:00-07:00,32,
1783864560,2026-07-12T06:56:00-07:00,18,
1783864620,2026-07-12T06:57:00-07:00,27,
1783864680,2026-07-12T06:58:00-07:00,19,
1783864740,2026-07-12T06:59:00-07:00,30,
1783864800,2026-07-12T07:00:00-07:00,31,
1783864860,2026-07-12T07:01:00-07:00,33,
1783864920,2026-07-12T07:02:00-07:00,24,
1783864980,2026-07-12T07:03:00-07:00,27,
1783865040,2026-07-12T07:04:00-07:00,12,
1783865100,2026-07-12T07:05:00-07:00,10,
1783865160,2026-07-12T07:06:00-07:00,7,
1783865220,2026-07-12T07:07:00-07:00,13,
1783865280,2026-07-12T07:08:00-07:00,32,
1783865340,2026-07-12T07:09:00-07:00,14,
1783865400,2026-07-12T07:10:00-07:00,20,
1783865460,2026-07-12T07:11:00-07:00,16,
1783865520,2026-07-12T07:12:00-07:00,41,
1783865580,2026-07-12T07:13:00-07:00,29,
1783865640,2026-07-12T07:14:00-07:00,12,
1783865700,2026-07-12T07:15:00-07:00,52,
1783865760,2026-07-12T07:16:00-07:00,6,
1783865820,2026-07-12T07:17:00-07:00,37,
1783865880,2026-07-12T07:18:00-07:00,11,
1783865940,2026-07-12T07:19:00-07:00,29,
1783866000,2026-07-12T07:20:00-07:00,33,
1783866060,2026-07-12T07:21:00-07:00,42,
1783866120,2026-07-12T07:22:00-07:00,18,
1783866180,2026-07-12T07:23:00-07:00,21,
1783866240,2026-07-12T07:24:00-07:00,19,
1783866300,2026-07-12T07:25:00-07:00,32,
1783866360,2026-07-12T07:26:00-07:00,20,
1783866420,2026-07-12T07:27:00-07:00,37,
1783866480,2026-07-12T07:28:00-07:00,23,
1783866540,2026-07-12T07:29:00-07:00,30,
1783866600,2026-07-12T07:30:00-07:00,28,
1783866660,2026-07-12T07:31:00-07:00,25,
1783866720,2026-07-12T07:32:00-07:00,57,
1783866780,2026-07-12T07:33:00-07:00,80,
1783866840,2026-07-12T07:34:00-07:00,31,
1783866900,2026-07-12T07:35:00-07:00,48,
1783866960,2026-07-12T07:36:00-07:00,60,
1783867020,2026-07-12T07:37:00-07:00,32,
1783867080,2026-07-12T07:38:00-07:00,23,
1783867140,2026-07-12T07:39:00-07:00,32,
1783867200,2026-07-12T07:40:00-07:00,30,
1783867260,2026-07-12T07:41:00-07:00,17,
1783867320,2026-07-12T07:42:00-07:00,33,
1783867380,2026-07-12T07:43:00-07:00,35,
1783867440,2026-07-12T07:44:00-07:00,55,
1783867500,2026-07-12T07:45:00-07:00,14,
1783867560,2026-07-12T07:46:00-07:00,25,
1783867620,2026-07-12T07:47:00-07:00,145,
1783867680,2026-07-12T07:48:00-07:00,36,
1783867740,2026-07-12T07:49:00-07:00,19,
1783867800,2026-07-12T07:50:00-07:00,17,
1783867860,2026-07-12T07:51:00-07:00,36,
1783867920,2026-07-12T07:52:00-07:00,22,
1783867980,2026-07-12T07:53:00-07:00,82,
1783868040,2026-07-12T07:54:00-07:00,57,
1783868100,2026-07-12T07:55:00-07:00,35,
1783868160,2026-07-12T07:56:00-07:00,109,
1783868220,2026-07-12T07:57:00-07:00,61,
1783868280,2026-07-12T07:58:00-07:00,40,
1783868340,2026-07-12T07:59:00-07:00,54,
1783868400,2026-07-12T08:00:00-07:00,49,
1783868460,2026-07-12T08:01:00-07:00,67,
1783868520,2026-07-12T08:02:00-07:00,63,
1783868580,2026-07-12T08:03:00-07:00,29,
1783868640,2026-07-12T08:04:00-07:00,43,
1783868700,2026-07-12T08:05:00-07:00,56,
1783868760,2026-07-12T08:06:00-07:00,59,
1783868820,2026-07-12T08:07:00-07:00,23,
1783868880,2026-07-12T08:08:00-07:00,14,
1783868940,2026-07-12T08:09:00-07:00,30,
1783869000,2026-07-12T08:10:00-07:00,36,
1783869060,2026-07-12T08:11:00-07:00,48,
1783869120,2026-07-12T08:12:00-07:00,48,
1783869180,2026-07-12T08:13:00-07:00,36,
1783869240,2026-07-12T08:14:00-07:00,19,
1783869300,2026-07-12T08:15:00-07:00,61,
1783869360,2026-07-12T08:16:00-07:00,56,
1783869420,2026-07-12T08:17:00-07:00,60,
1783869480,2026-07-12T08:18:00-07:00,134,
1783869540,2026-07-12T08:19:00-07:00,192,
1783869600,2026-07-12T08:20:00-07:00,134,
1783869660,2026-07-12T08:21:00-07:00,150,
1783869720,2026-07-12T08:22:00-07:00,75,
1783869780,2026-07-12T08:23:00-07:00,160,
1783869840,2026-07-12T08:24:00-07:00,120,
1783869900,2026-07-12T08:25:00-07:00,136,
1783869960,2026-07-12T08:26:00-07:00,36,
1783870020,2026-07-12T08:27:00-07:00,202,
1783870080,2026-07-12T08:28:00-07:00,65,
1783870140,2026-07-12T08:29:00-07:00,159,
1783870200,2026-07-12T08:30:00-07:00,131,
1783870260,2026-07-12T08:31:00-07:00,57,
1783870320,2026-07-12T08:32:00-07:00,74,
1783870380,2026-07-12T08:33:00-07:00,105,
1783870440,2026-07-12T08:34:00-07:00,40,
1783870500,2026-07-12T08:35:00-07:00,22,
1783870560,2026-07-12T08:36:00-07:00,76,
1783870620,2026-07-12T08:37:00-07:00,70,
1783870680,2026-07-12T08:38:00-07:00,147,
1783870740,2026-07-12T08:39:00-07:00,82,
1783870800,2026-07-12T08:40:00-07:00,116,
1783870860,2026-07-12T08:41:00-07:00,104,
1783870920,2026-07-12T08:42:00-07:00,139,
1783870980,2026-07-12T08:43:00-07:00,76,
1783871040,2026-07-12T08:44:00-07:00,165,
1783871100,2026-07-12T08:45:00-07:00,59,
1783871160,2026-07-12T08:46:00-07:00,67,
1783871220,2026-07-12T08:47:00-07:00,134,
1783871280,2026-07-12T08:48:00-07:00,113,
1783871340,2026-07-12T08:49:00-07:00,64,
1783871400,2026-07-12T08:50:00-07:00,165,
1783871460,2026-07-12T08:51:00-07:00,56,
1783871520,2026-07-12T08:52:00-07:00,105,
1783871580,2026-07-12T08:53:00-07:00,107,
1783871640,2026-07-12T08:54:00-07:00,62,
1783871700,2026-07-12T08:55:00-07:00,163,
1783871760,2026-07-12T08:56:00-07:00,87,
1783871820,2026-07-12T08:57:00-07:00,91,
1783871880,2026-07-12T08:58:00-07:00,145,
1783871940,2026-07-12T08:59:00-07:00,119,
1783872000,2026-07-12T09:00:00-07:00,145,
1783872060,2026-07-12T09:01:00-07:00,112,
1783872120,2026-07-12T09:02:00-07:00,157,
1783872180,2026-07-12T09:03:00-07:00,118,
1783872240,2026-07-12T09:04:00-07:00,126,
1783872300,2026-07-12T09:05:00-07:00,147,
1783872360,2026-07-12T09:06:00-07:00,81,
1783872420,2026-07-12T09:07:00-07:00,124,
1783872480,2026-07-12T09:08:00-07:00,136,
1783872540,2026-07-12T09:09:00-07:00,195,
1783872600,2026-07-12T09:10:00-07:00,120,
1783872660,2026-07-12T09:11:00-07:00,55,
1783872720,2026-07-12T09:12:00-07:00,57,
1783872780,2026-07-12T09:13:00-07:00,126,
1783872840,2026-07-12T09:14:00-07:00,83,
1783872900,2026-07-12T09:15:00-07:00,124,
1783872960,2026-07-12T09:16:00-07:00,79,
1783873020,2026-07-12T09:17:00-07:00,158,
1783873080,2026-07-12T09:18:00-07:00,103,
1783873140,2026-07-12T09:19:00-07:00,126,
1783873200,2026-07-12T09:20:00-07:00,43,
1783873260,2026-07-12T09:21:00-07:00,93,
1783873320,2026-07-12T09:22:00-07:00,46,
1783873380,2026-07-12T09:23:00-07:00,96,
1783873440,2026-07-12T09:24:00-07:00,164,
1783873500,2026-07-12T09:25:00-07:00,118,
1783873560,2026-07-12T09:26:00-07:00,83,
1783873620,2026-07-12T09:27:00-07:00,155,
1783873680,2026-07-12T09:28:00-07:00,145,
1783873740,2026-07-12T09:29:00-07:00,130,
1783873800,2026-07-12T09:30:00-07:00,100,
1783873860,2026-07-12T09:31:00-07:00,61,
1783873920,2026-07-12T09:32:00-07:00,101,
1783873980,2026-07-12T09:33:00-07:00,56,
1783874040,2026-07-12T09:34:00-07:00,15,
1783874100,2026-07-12T09:35:00-07:00,80,
1783874160,2026-07-12T09:36:00-07:00,122,
1783874220,2026-07-12T09:37:00-07:00,149,
1783874280,2026-07-12T09:38:00-07:00,146,
1783874340,2026-07-12T09:39:00-07:00,131,
1783874400,2026-07-12T09:40:00-07:00,42,
1783874460,2026-07-12T09:41:00-07:00,151,
1783874520,2026-07-12T09:42:00-07:00,207,
1783874580,2026-07-12T09:43:00-07:00,59,
1783874640,2026-07-12T09:44:00-07:00,117,
1783874700,2026-07-12T09:45:00-07:00,59,
1783874760,2026-07-12T09:46:00-07:00,44,
1783874820,2026-07-12T09:47:00-07:00,122,
1783874880,2026-07-12T09:48:00-07:00,64,
1783874940,2026-07-12T09:49:00-07:00,82,
1783875000,2026-07-12T09:50:00-07:00,98,
1783875060,2026-07-12T09:51:00-07:00,90,
1783875120,2026-07-12T09:52:00-07:00,32,
1783875180,2026-07-12T09:53:00-07:00,128,
1783875240,2026-07-12T09:54:00-07:00,68,
1783875300,2026-07-12T09:55:00-07:00,185,
1783875360,2026-07-12T09:56:00-07:00,87,
1783875420,2026-07-12T09:57:00-07:00,106,
1783875480,2026-07-12T09:58:00-07:00,106,
1783875540,2026-07-12T09:59:00-07:00,141,
1783875600,2026-07-12T10:00:00-07:00,139,
1783875660,2026-07-12T10:01:00-07:00,81,
1783875720,2026-07-12T10:02:00-07:00,85,
1783875780,2026-07-12T10:03:00-07:00,80,
1783875840,2026-07-12T10:04:00-07:00,74,
1783875900,2026-07-12T10:05:00-07:00,73,
1783875960,2026-07-12T10:06:00-07:00,176,
1783876020,2026-07-12T10:07:00-07:00,72,
1783876080,2026-07-12T10:08:00-07:00,78,
1783876140,2026-07-12T10:09:00-07:00,89,
1783876200,2026-07-12T10:10:00-07:00,180,
1783876260,2026-07-12T10:11:00-07:00,145,
1783876320,2026-07-12T10:12:00-07:00,102,
1783876380,2026-07-12T10:13:00-07:00,236,
1783876440,2026-07-12T10:14:00-07:00,87,
1783876500,2026-07-12T10:15:00-07:00,178,
1783876560,2026-07-12T10:16:00-07:00,76,
1783876620,2026-07-12T10:17:00-07:00,87,
1783876680,2026-07-12T10:18:00-07:00,72,
1783876740,2026-07-12T10:19:00-07:00,124,
1783876800,2026-07-12T10:20:00-07:00,159,
1783876860,2026-07-12T10:21:00-07:00,130,
1783876920,2026-07-12T10:22:00-07:00,46,
1783876980,2026-07-12T10:23:00-07:00,127,
1783877040,2026-07-12T10:24:00-07:00,52,
1783877100,2026-07-12T10:25:00-07:00,110,
1783877160,2026-07-12T10:26:00-07:00,116,
1783877220,2026-07-12T10:27:00-07:00,85,
1783877280,2026-07-12T10:28:00-07:00,46,
1783877340,2026-07-12T10:29:00-07:00,57,
1783877400,2026-07-12T10:30:00-07:00,73,
1783877460,2026-07-12T10:31:00-07:00,90,
1783877520,2026-07-12T10:32:00-07:00,79,
1783877580,2026-07-12T10:33:00-07:00,141,
1783877640,2026-07-12T10:34:00-07:00,74,
1783877700,2026-07-12T10:35:00-07:00,94,
1783877760,2026-07-12T10:36:00-07:00,93,
1783877820,2026-07-12T10:37:00-07:00,154,
1783877880,2026-07-12T10:38:00-07:00,106,
1783877940,2026-07-12T10:39:00-07:00,128,
1783878000,2026-07-12T10:40:00-07:00,62,
1783878060,2026-07-12T10:41:00-07:00,201,
1783878120,2026-07-12T10:42:00-07:00,113,
1783878180,2026-07-12T10:43:00-07:00,85,
1783878240,2026-07-12T10:44:00-07:00,88,
1783878300,2026-07-12T10:45:00-07:00,88,
1783878360,2026-07-12T10:46:00-07:00,134,
1783878420,2026-07-12T10:47:00-07:00,61,
1783878480,2026-07-12T10:48:00-07:00,138,
1783878540,2026-07-12T10:49:00-07:00,92,
1783878600,2026-07-12T10:50:00-07:00,113,
1783878660,2026-07-12T10:51:00-07:00,95,
1783878720,2026-07-12T10:52:00-07:00,148,
1783878780,2026-07-12T10:53:00-07:00,142,
1783878840,2026-07-12T10:54:00-07:00,67,
1783878900,2026-07-12T10:55:00-07:00,175,
1783878960,2026-07-12T10:56:00-07:00,40,
1783879020,2026-07-12T10:57:00-07:00,159,
1783879080,2026-07-12T10:58:00-07:00,68,
1783879140,2026-07-12T10:59:00-07:00,226,
1783879200,2026-07-12T11:00:00-07:00,104,
1783879260,2026-07-12T11:01:00-07:00,127,
1783879320,2026-07-12T11:02:00-07:00,117,
1783879380,2026-07-12T11:03:00-07:00,136,
1783879440,2026-07-12T11:04:00-07:00,77,
1783879500,2026-07-12T11:05:00-07:00,77,
1783879560,2026-07-12T11:06:00-07:00,219,
1783879620,2026-07-12T11:07:00-07:00,74,
1783879680,2026-07-12T11:08:00-07:00,103,
1783879740,2026-07-12T11:09:00-07:00,82,
1783879800,2026-07-12T11:10:00-07:00,73,
1783879860,2026-07-12T11:11:00-07:00,133,
1783879920,2026-07-12T11:12:00-07:00,135,
1783879980,2026-07-12T11:13:00-07:00,129,
1783880040,2026-07-12T11:14:00-07:00,135,
1783880100,2026-07-12T11:15:00-07:00,100,
1783880160,2026-07-12T11:16:00-07:00,130,
1783880220,2026-07-12T11:17:00-07:00,91,
1783880280,2026-07-12T11:18:00-07:00,143,
1783880340,2026-07-12T11:19:00-07:00,97,
1783880400,2026-07-12T11:20:00-07:00,92,
1783880460,2026-07-12T11:21:00-07:00,106,
1783880520,2026-07-12T11:22:00-07:00,68,
1783880580,2026-07-12T11:23:00-07:00,129,
1783880640,2026-07-12T11:24:00-07:00,135,
1783880700,2026-07-12T11:25:00-07:00,77,
1783880760,2026-07-12T11:26:00-07:00,78,
1783880820,2026-07-12T11:27:00-07:00,114,
1783880880,2026-07-12T11:28:00-07:00,139,
1783880940,2026-07-12T11:29:00-07:00,93,
1783881000,2026-07-12T11:30:00-07:00,117,
1783881060,2026-07-12T11:31:00-07:00,169,
1783881120,2026-07-12T11:32:00-07:00,94,
1783881180,2026-07-12T11:33:00-07:00,146,
1783881240,2026-07-12T11:34:00-07:00,98,
1783881300,2026-07-12T11:35:00-07:00,72,
1783881360,2026-07-12T11:36:00-07:00,80,
1783881420,2026-07-12T11:37:00-07:00,126,
1783881480,2026-07-12T11:38:00-07:00,90,
1783881540,2026-07-12T11:39:00-07:00,94,
1783881600,2026-07-12T11:40:00-07:00,110,
1783881660,2026-07-12T11:41:00-07:00,60,
1783881720,2026-07-12T11:42:00-07:00,110,
1783881780,2026-07-12T11:43:00-07:00,122,
1783881840,2026-07-12T11:44:00-07:00,89,
1783881900,2026-07-12T11:45:00-07:00,200,
1783881960,2026-07-12T11:46:00-07:00,70,
1783882020,2026-07-12T11:47:00-07:00,61,
1783882080,2026-07-12T11:48:00-07:00,90,
1783882140,2026-07-12T11:49:00-07:00,139,
1783882200,2026-07-12T11:50:00-07:00,100,
1783882260,2026-07-12T11:51:00-07:00,87,
1783882320,2026-07-12T11:52:00-07:00,143,
1783882380,2026-07-12T11:53:00-07:00,39,
1783882440,2026-07-12T11:54:00-07:00,27,
1783882500,2026-07-12T11:55:00-07:00,43,
1783882560,2026-07-12T11:56:00-07:00,85,
1783882620,2026-07-12T11:57:00-07:00,89,
1783882680,2026-07-12T11:58:00-07:00,30,
1783882740,2026-07-12T11:59:00-07:00,92,
1783882800,2026-07-12T12:00:00-07:00,119,
1783882860,2026-07-12T12:01:00-07:00,122,
1783882920,2026-07-12T12:02:00-07:00,87,
1783882980,2026-07-12T12:03:00-07:00,96,
1783883040,2026-07-12T12:04:00-07:00,68,
1783883100,2026-07-12T12:05:00-07:00,97,
1783883160,2026-07-12T12:06:00-07:00,34,
1783883220,2026-07-12T12:07:00-07:00,121,
1783883280,2026-07-12T12:08:00-07:00,98,
1783883340,2026-07-12T12:09:00-07:00,91,
1783883400,2026-07-12T12:10:00-07:00,31,
1783883460,2026-07-12T12:11:00-07:00,95,
1783883520,2026-07-12T12:12:00-07:00,48,
1783883580,2026-07-12T12:13:00-07:00,93,
1783883640,2026-07-12T12:14:00-07:00,112,
1783883700,2026-07-12T12:15:00-07:00,157,
1783883760,2026-07-12T12:16:00-07:00,143,
1783883820,2026-07-12T12:17:00-07:00,118,
1783883880,2026-07-12T12:18:00-07:00,138,
1783883940,2026-07-12T12:19:00-07:00,122,
1783884000,2026-07-12T12:20:00-07:00,137,
1783884060,2026-07-12T12:21:00-07:00,29,
1783884120,2026-07-12T12:22:00-07:00,124,
1783884180,2026-07-12T12:23:00-07:00,79,
1783884240,2026-07-12T12:24:00-07:00,77,
1783884300,2026-07-12T12:25:00-07:00,36,
1783884360,2026-07-12T12:26:00-07:00,103,
1783884420,2026-07-12T12:27:00-07:00,62,
1783884480,2026-07-12T12:28:00-07:00,75,
1783884540,2026-07-12T12:29:00-07:00,171,
1783884600,2026-07-12T12:30:00-07:00,86,
1783884660,2026-07-12T12:31:00-07:00,76,
1783884720,2026-07-12T12:32:00-07:00,85,
1783884780,2026-07-12T12:33:00-07:00,135,
1783884840,2026-07-12T12:34:00-07:00,77,
1783884900,2026-07-12T12:35:00-07:00,52,
1783884960,2026-07-12T12:36:00-07:00,66,
1783885020,2026-07-12T12:37:00-07:00,115,
1783885080,2026-07-12T12:38:00-07:00,108,
1783885140,2026-07-12T12:39:00-07:00,55,
1783885200,2026-07-12T12:40:00-07:00,131,
1783885260,2026-07-12T12:41:00-07:00,73,
1783885320,2026-07-12T12:42:00-07:00,69,
1783885380,2026-07-12T12:43:00-07:00,120,
1783885440,2026-07-12T12:44:00-07:00,113,
1783885500,2026-07-12T12:45:00-07:00,146,
1783885560,2026-07-12T12:46:00-07:00,181,
1783885620,2026-07-12T12:47:00-07:00,70,
1783885680,2026-07-12T12:48:00-07:00,70,
1783885740,2026-07-12T12:49:00-07:00,70,
1783885800,2026-07-12T12:50:00-07:00,67,
1783885860,2026-07-12T12:51:00-07:00,53,
1783885920,2026-07-12T12:52:00-07:00,83,
1783885980,2026-07-12T12:53:00-07:00,66,
1783886040,2026-07-12T12:54:00-07:00,106,
1783886100,2026-07-12T12:55:00-07:00,65,
1783886160,2026-07-12T12:56:00-07:00,78,
1783886220,2026-07-12T12:57:00-07:00,86,
1783886280,2026-07-12T12:58:00-07:00,91,
1783886340,2026-07-12T12:59:00-07:00,74,
1783886400,2026-07-12T13:00:00-07:00,177,
1783886460,2026-07-12T13:01:00-07:00,81,
1783886520,2026-07-12T13:02:00-07:00,80,
1783886580,2026-07-12T13:03:00-07:00,126,
1783886640,2026-07-12T13:04:00-07:00,128,
1783886700,2026-07-12T13:05:00-07:00,117,
1783886760,2026-07-12T13:06:00-07:00,64,
1783886820,2026-07-12T13:07:00-07:00,101,
1783886880,2026-07-12T13:08:00-07:00,121,
1783886940,2026-07-12T13:09:00-07:00,94,
1783887000,2026-07-12T13:10:00-07:00,134,
1783887060,2026-07-12T13:11:00-07:00,109,
1783887120,2026-07-12T13:12:00-07:00,74,
1783887180,2026-07-12T13:13:00-07:00,130,
1783887240,2026-07-12T13:14:00-07:00,127,
1783887300,2026-07-12T13:15:00-07:00,97,
1783887360,2026-07-12T13:16:00-07:00,185,
1783887420,2026-07-12T13:17:00-07:00,103,
1783887480,2026-07-12T13:18:00-07:00,162,
1783887540,2026-07-12T13:19:00-07:00,148,
1783887600,2026-07-12T13:20:00-07:00,69,
1783887660,2026-07-12T13:21:00-07:00,92,
1783887720,2026-07-12T13:22:00-07:00,122,
1783887780,2026-07-12T13:23:00-07:00,114,
1783887840,2026-07-12T13:24:00-07:00,133,
1783887900,2026-07-12T13:25:00-07:00,87,
1783887960,2026-07-12T13:26:00-07:00,89,
1783888020,2026-07-12T13:27:00-07:00,110,
1783888080,2026-07-12T13:28:00-07:00,128,
1783888140,2026-07-12T13:29:00-07:00,156,
1783888200,2026-07-12T13:30:00-07:00,134,
1783888260,2026-07-12T13:31:00-07:00,143,
1783888320,2026-07-12T13:32:00-07:00,19,
1783888380,2026-07-12T13:33:00-07:00,100,
1783888440,2026-07-12T13:34:00-07:00,75,
1783888500,2026-07-12T13:35:00-07:00,120,
1783888560,2026-07-12T13:36:00-07:00,91,
1783888620,2026-07-12T13:37:00-07:00,187,
1783888680,2026-07-12T13:38:00-07:00,163,
1783888740,2026-07-12T13:39:00-07:00,118,
1783888800,2026-07-12T13:40:00-07:00,50,
1783888860,2026-07-12T13:41:00-07:00,92,
1783888920,2026-07-12T13:42:00-07:00,105,
1783888980,2026-07-12T13:43:00-07:00,145,
1783889040,2026-07-12T13:44:00-07:00,108,
1783889100,2026-07-12T13:45:00-07:00,150,
1783889160,2026-07-12T13:46:00-07:00,149,
1783889220,2026-07-12T13:47:00-07:00,164,
1783889280,2026-07-12T13:48:00-07:00,32,
1783889340,2026-07-12T13:49:00-07:00,73,
1783889400,2026-07-12T13:50:00-07:00,63,
1783889460,2026-07-12T13:51:00-07:00,190,
1783889520,2026-07-12T13:52:00-07:00,90,
1783889580,2026-07-12T13:53:00-07:00,55,
1783889640,2026-07-12T13:54:00-07:00,114,
1783889700,2026-07-12T13:55:00-07:00,135,
1783889760,2026-07-12T13:56:00-07:00,78,
1783889820,2026-07-12T13:57:00-07:00,138,
1783889880,2026-07-12T13:58:00-07:00,111,
1783889940,2026-07-12T13:59:00-07:00,49,
1783890000,2026-07-12T14:00:00-07:00,26,
1783890060,2026-07-12T14:01:00-07:00,118,
1783890120,2026-07-12T14:02:00-07:00,104,
1783890180,2026-07-12T14:03:00-07:00,105,
1783890240,2026-07-12T14:04:00-07:00,35,
1783890300,2026-07-12T14:05:00-07:00,16,
1783890360,2026-07-12T14:06:00-07:00,177,
1783890420,2026-07-12T14:07:00-07:00,73,
1783890480,2026-07-12T14:08:00-07:00,91,
1783890540,2026-07-12T14:09:00-07:00,155,
1783890600,2026-07-12T14:10:00-07:00,117,
1783890660,2026-07-12T14:11:00-07:00,112,
1783890720,2026-07-12T14:12:00-07:00,94,
1783890780,2026-07-12T14:13:00-07:00,113,
1783890840,2026-07-12T14:14:00-07:00,90,
1783890900,2026-07-12T14:15:00-07:00,83,
1783890960,2026-07-12T14:16:00-07:00,75,
1783891020,2026-07-12T14:17:00-07:00,114,
1783891080,2026-07-12T14:18:00-07:00,52,
1783891140,2026-07-12T14:19:00-07:00,135,
1783891200,2026-07-12T14:20:00-07:00,81,
1783891260,2026-07-12T14:21:00-07:00,58,
1783891320,2026-07-12T14:22:00-07:00,103,
1783891380,2026-07-12T14:23:00-07:00,39,
1783891440,2026-07-12T14:24:00-07:00,114,
1783891500,2026-07-12T14:25:00-07:00,47,
1783891560,2026-07-12T14:26:00-07:00,49,
1783891620,2026-07-12T14:27:00-07:00,114,
1783891680,2026-07-12T14:28:00-07:00,123,
1783891740,2026-07-12T14:29:00-07:00,52,
1783891800,2026-07-12T14:30:00-07:00,109,
1783891860,2026-07-12T14:31:00-07:00,107,
1783891920,2026-07-12T14:32:00-07:00,137,
1783891980,2026-07-12T14:33:00-07:00,49,
1783892040,2026-07-12T14:34:00-07:00,82,
1783892100,2026-07-12T14:35:00-07:00,106,
1783892160,2026-07-12T14:36:00-07:00,116,
1783892220,2026-07-12T14:37:00-07:00,163,
1783892280,2026-07-12T14:38:00-07:00,56,
1783892340,2026-07-12T14:39:00-07:00,188,
1783892400,2026-07-12T14:40:00-07:00,82,
1783892460,2026-07-12T14:41:00-07:00,138,
1783892520,2026-07-12T14:42:00-07:00,94,
1783892580,2026-07-12T14:43:00-07:00,54,
1783892640,2026-07-12T14:44:00-07:00,40,
1783892700,2026-07-12T14:45:00-07:00,89,
1783892760,2026-07-12T14:46:00-07:00,76,
1783892820,2026-07-12T14:47:00-07:00,84,
1783892880,2026-07-12T14:48:00-07:00,101,
1783892940,2026-07-12T14:49:00-07:00,87,
1783893000,2026-07-12T14:50:00-07:00,47,
1783893060,2026-07-12T14:51:00-07:00,85,
1783893120,2026-07-12T14:52:00-07:00,98,
1783893180,2026-07-12T14:53:00-07:00,99,
1783893240,2026-07-12T14:54:00-07:00,87,
1783893300,2026-07-12T14:55:00-07:00,146,
1783893360,2026-07-12T14:56:00-07:00,101,
1783893420,2026-07-12T14:57:00-07:00,129,
1783893480,2026-07-12T14:58:00-07:00,75,
1783893540,2026-07-12T14:59:00-07:00,270,
1783893600,2026-07-12T15:00:00-07:00,86,
1783893660,2026-07-12T15:01:00-07:00,148,
1783893720,2026-07-12T15:02:00-07:00,142,
1783893780,2026-07-12T15:03:00-07:00,38,
1783893840,2026-07-12T15:04:00-07:00,91,
1783893900,2026-07-12T15:05:00-07:00,114,
1783893960,2026-07-12T15:06:00-07:00,71,
1783894020,2026-07-12T15:07:00-07:00,162,
1783894080,2026-07-12T15:08:00-07:00,56,
1783894140,2026-07-12T15:09:00-07:00,62,
1783894200,2026-07-12T15:10:00-07:00,72,
1783894260,2026-07-12T15:11:00-07:00,104,
1783894320,2026-07-12T15:12:00-07:00,74,
1783894380,2026-07-12T15:13:00-07:00,160,
1783894440,2026-07-12T15:14:00-07:00,124,
1783894500,2026-07-12T15:15:00-07:00,109,
1783894560,2026-07-12T15:16:00-07:00,104,
1783894620,2026-07-12T15:17:00-07:00,86,
1783894680,2026-07-12T15:18:00-07:00,82,
1783894740,2026-07-12T15:19:00-07:00,99,
1783894800,2026-07-12T15:20:00-07:00,95,
1783894860,2026-07-12T15:21:00-07:00,102,
1783894920,2026-07-12T15:22:00-07:00,98,
1783894980,2026-07-12T15:23:00-07:00,86,
1783895040,2026-07-12T15:24:00-07:00,145,
1783895100,2026-07-12T15:25:00-07:00,118,
1783895160,2026-07-12T15:26:00-07:00,67,
1783895220,2026-07-12T15:27:00-07:00,58,
1783895280,2026-07-12T15:28:00-07:00,89,
1783895340,2026-07-12T15:29:00-07:00,103,
1783895400,2026-07-12T15:30:00-07:00,115,
1783895460,2026-07-12T15:31:00-07:00,78,
1783895520,2026-07-12T15:32:00-07:00,126,
1783895580,2026-07-12T15:33:00-07:00,84,
1783895640,2026-07-12T15:34:00-07:00,88,
1783895700,2026-07-12T15:35:00-07:00,136,
1783895760,2026-07-12T15:36:00-07:00,123,
1783895820,2026-07-12T15:37:00-07:00,172,
1783895880,2026-07-12T15:38:00-07:00,126,
1783895940,2026-07-12T15:39:00-07:00,64,
1783896000,2026-07-12T15:40:00-07:00,61,
1783896060,2026-07-12T15:41:00-07:00,90,
1783896120,2026-07-12T15:42:00-07:00,105,
1783896180,2026-07-12T15:43:00-07:00,77,
1783896240,2026-07-12T15:44:00-07:00,86,
1783896300,2026-07-12T15:45:00-07:00,109,
1783896360,2026-07-12T15:46:00-07:00,55,
1783896420,2026-07-12T15:47:00-07:00,98,
1783896480,2026-07-12T15:48:00-07:00,130,
1783896540,2026-07-12T15:49:00-07:00,54,
1783896600,2026-07-12T15:50:00-07:00,100,
1783896660,2026-07-12T15:51:00-07:00,53,
1783896720,2026-07-12T15:52:00-07:00,76,
1783896780,2026-07-12T15:53:00-07:00,95,
1783896840,2026-07-12T15:54:00-07:00,96,
1783896900,2026-07-12T15:55:00-07:00,88,
1783896960,2026-07-12T15:56:00-07:00,75,
1783897020,2026-07-12T15:57:00-07:00,116,
1783897080,2026-07-12T15:58:00-07:00,156,
1783897140,2026-07-12T15:59:00-07:00,61,
1783897200,2026-07-12T16:00:00-07:00,92,
1783897260,2026-07-12T16:01:00-07:00,122,
1783897320,2026-07-12T16:02:00-07:00,100,
1783897380,2026-07-12T16:03:00-07:00,89,
1783897440,2026-07-12T16:04:00-07:00,78,
1783897500,2026-07-12T16:05:00-07:00,92,
1783897560,2026-07-12T16:06:00-07:00,123,
1783897620,2026-07-12T16:07:00-07:00,72,
1783897680,2026-07-12T16:08:00-07:00,90,
1783897740,2026-07-12T16:09:00-07:00,54,
1783897800,2026-07-12T16:10:00-07:00,122,
1783897860,2026-07-12T16:11:00-07:00,103,
1783897920,2026-07-12T16:12:00-07:00,106,
1783897980,2026-07-12T16:13:00-07:00,177,
1783898040,2026-07-12T16:14:00-07:00,78,
1783898100,2026-07-12T16:15:00-07:00,61,
1783898160,2026-07-12T16:16:00-07:00,115,
1783898220,2026-07-12T16:17:00-07:00,131,
1783898280,2026-07-12T16:18:00-07:00,133,
1783898340,2026-07-12T16:19:00-07:00,120,
1783898400,2026-07-12T16:20:00-07:00,76,
1783898460,2026-07-12T16:21:00-07:00,136,
1783898520,2026-07-12T16:22:00-07:00,147,
1783898580,2026-07-12T16:23:00-07:00,75,
1783898640,2026-07-12T16:24:00-07:00,88,
1783898700,2026-07-12T16:25:00-07:00,110,
1783898760,2026-07-12T16:26:00-07:00,105,
1783898820,2026-07-12T16:27:00-07:00,55,
1783898880,2026-07-12T16:28:00-07:00,111,
1783898940,2026-07-12T16:29:00-07:00,109,
1783899000,2026-07-12T16:30:00-07:00,38,
1783899060,2026-07-12T16:31:00-07:00,73,
1783899120,2026-07-12T16:32:00-07:00,81,
1783899180,2026-07-12T16:33:00-07:00,90,
1783899240,2026-07-12T16:34:00-07:00,101,
1783899300,2026-07-12T16:35:00-07:00,40,
1783899360,2026-07-12T16:36:00-07:00,74,
1783899420,2026-07-12T16:37:00-07:00,89,
1783899480,2026-07-12T16:38:00-07:00,126,
1783899540,2026-07-12T16:39:00-07:00,55,
1783899600,2026-07-12T16:40:00-07:00,115,
1783899660,2026-07-12T16:41:00-07:00,82,
1783899720,2026-07-12T16:42:00-07:00,94,
1783899780,2026-07-12T16:43:00-07:00,100,
1783899840,2026-07-12T16:44:00-07:00,83,
1783899900,2026-07-12T16:45:00-07:00,164,
1783899960,2026-07-12T16:46:00-07:00,136,
1783900020,2026-07-12T16:47:00-07:00,116,
1783900080,2026-07-12T16:48:00-07:00,145,
1783900140,2026-07-12T16:49:00-07:00,74,
1783900200,2026-07-12T16:50:00-07:00,71,
1783900260,2026-07-12T16:51:00-07:00,108,
1783900320,2026-07-12T16:52:00-07:00,108,
1783900380,2026-07-12T16:53:00-07:00,164,
1783900440,2026-07-12T16:54:00-07:00,84,
1783900500,2026-07-12T16:55:00-07:00,103,
1783900560,2026-07-12T16:56:00-07:00,75,
1783900620,2026-07-12T16:57:00-07:00,101,
1783900680,2026-07-12T16:58:00-07:00,53,
1783900740,2026-07-12T16:59:00-07:00,77,
1783900800,2026-07-12T17:00:00-07:00,190,
1783900860,2026-07-12T17:01:00-07:00,103,
1783900920,2026-07-12T17:02:00-07:00,163,
1783900980,2026-07-12T17:03:00-07:00,107,
1783901040,2026-07-12T17:04:00-07:00,104,
1783901100,2026-07-12T17:05:00-07:00,125,
1783901160,2026-07-12T17:06:00-07:00,161,
1783901220,2026-07-12T17:07:00-07:00,81,
1783901280,2026-07-12T17:08:00-07:00,150,
1783901340,2026-07-12T17:09:00-07:00,85,
1783901400,2026-07-12T17:10:00-07:00,124,
1783901460,2026-07-12T17:11:00-07:00,90,
1783901520,2026-07-12T17:12:00-07:00,145,
1783901580,2026-07-12T17:13:00-07:00,89,
1783901640,2026-07-12T17:14:00-07:00,133,
1783901700,2026-07-12T17:15:00-07:00,20,
1783901760,2026-07-12T17:16:00-07:00,70,
1783901820,2026-07-12T17:17:00-07:00,94,
1783901880,2026-07-12T17:18:00-07:00,187,
1783901940,2026-07-12T17:19:00-07:00,93,
1783902000,2026-07-12T17:20:00-07:00,105,
1783902060,2026-07-12T17:21:00-07:00,112,
1783902120,2026-07-12T17:22:00-07:00,112,
1783902180,2026-07-12T17:23:00-07:00,84,
1783902240,2026-07-12T17:24:00-07:00,78,
1783902300,2026-07-12T17:25:00-07:00,96,
1783902360,2026-07-12T17:26:00-07:00,171,
1783902420,2026-07-12T17:27:00-07:00,53,
1783902480,2026-07-12T17:28:00-07:00,97,
1783902540,2026-07-12T17:29:00-07:00,98,
1783902600,2026-07-12T17:30:00-07:00,98,
1783902660,2026-07-12T17:31:00-07:00,88,
1783902720,2026-07-12T17:32:00-07:00,164,
1783902780,2026-07-12T17:33:00-07:00,153,
1783902840,2026-07-12T17:34:00-07:00,154,
1783902900,2026-07-12T17:35:00-07:00,129,
1783902960,2026-07-12T17:36:00-07:00,110,
1783903020,2026-07-12T17:37:00-07:00,94,
1783903080,2026-07-12T17:38:00-07:00,98,
1783903140,2026-07-12T17:39:00-07:00,118,
1783903200,2026-07-12T17:40:00-07:00,75,
1783903260,2026-07-12T17:41:00-07:00,87,
1783903320,2026-07-12T17:42:00-07:00,118,
1783903380,2026-07-12T17:43:00-07:00,177,
1783903440,2026-07-12T17:44:00-07:00,100,
1783903500,2026-07-12T17:45:00-07:00,129,
1783903560,2026-07-12T17:46:00-07:00,106,
1783903620,2026-07-12T17:47:00-07:00,181,
1783903680,2026-07-12T17:48:00-07:00,106,
1783903740,2026-07-12T17:49:00-07:00,65,
1783903800,2026-07-12T17:50:00-07:00,133,
1783903860,2026-07-12T17:51:00-07:00,92,
1783903920,2026-07-12T17:52:00-07:00,159,
1783903980,2026-07-12T17:53:00-07:00,126,
1783904040,2026-07-12T17:54:00-07:00,107,
1783904100,2026-07-12T17:55:00-07:00,128,
1783904160,2026-07-12T17:56:00-07:00,101,
1783904220,2026-07-12T17:57:00-07:00,143,
1783904280,2026-07-12T17:58:00-07:00,115,
1783904340,2026-07-12T17:59:00-07:00,86,
1783904400,2026-07-12T18:00:00-07:00,60,
1783904460,2026-07-12T18:01:00-07:00,169,
1783904520,2026-07-12T18:02:00-07:00,79,
1783904580,2026-07-12T18:03:00-07:00,105,
1783904640,2026-07-12T18:04:00-07:00,62,
1783904700,2026-07-12T18:05:00-07:00,77,
1783904760,2026-07-12T18:06:00-07:00,75,
1783904820,2026-07-12T18:07:00-07:00,68,
1783904880,2026-07-12T18:08:00-07:00,116,
1783904940,2026-07-12T18:09:00-07:00,74,
1783905000,2026-07-12T18:10:00-07:00,56,
1783905060,2026-07-12T18:11:00-07:00,74,
1783905120,2026-07-12T18:12:00-07:00,42,
1783905180,2026-07-12T18:13:00-07:00,98,
1783905240,2026-07-12T18:14:00-07:00,133,
1783905300,2026-07-12T18:15:00-07:00,85,
1783905360,2026-07-12T18:16:00-07:00,104,
1783905420,2026-07-12T18:17:00-07:00,61,
1783905480,2026-07-12T18:18:00-07:00,108,
1783905540,2026-07-12T18:19:00-07:00,108,
1783905600,2026-07-12T18:20:00-07:00,28,
1783905660,2026-07-12T18:21:00-07:00,102,
1783905720,2026-07-12T18:22:00-07:00,31,
1783905780,2026-07-12T18:23:00-07:00,101,
1783905840,2026-07-12T18:24:00-07:00,50,
1783905900,2026-07-12T18:25:00-07:00,94,
1783905960,2026-07-12T18:26:00-07:00,57,
1783906020,2026-07-12T18:27:00-07:00,88,
1783906080,2026-07-12T18:28:00-07:00,116,
1783906140,2026-07-12T18:29:00-07:00,76,
1783906200,2026-07-12T18:30:00-07:00,53,
1783906260,2026-07-12T18:31:00-07:00,125,
1783906320,2026-07-12T18:32:00-07:00,128,
1783906380,2026-07-12T18:33:00-07:00,110,
1783906440,2026-07-12T18:34:00-07:00,58,
1783906500,2026-07-12T18:35:00-07:00,93,
1783906560,2026-07-12T18:36:00-07:00,84,
1783906620,2026-07-12T18:37:00-07:00,64,
1783906680,2026-07-12T18:38:00-07:00,73,
1783906740,2026-07-12T18:39:00-07:00,79,
1783906800,2026-07-12T18:40:00-07:00,167,
1783906860,2026-07-12T18:41:00-07:00,154,
1783906920,2026-07-12T18:42:00-07:00,79,
1783906980,2026-07-12T18:43:00-07:00,57,
1783907040,2026-07-12T18:44:00-07:00,91,
1783907100,2026-07-12T18:45:00-07:00,105,
1783907160,2026-07-12T18:46:00-07:00,97,
1783907220,2026-07-12T18:47:00-07:00,50,
1783907280,2026-07-12T18:48:00-07:00,87,
1783907340,2026-07-12T18:49:00-07:00,42,
1783907400,2026-07-12T18:50:00-07:00,123,
1783907460,2026-07-12T18:51:00-07:00,60,
1783907520,2026-07-12T18:52:00-07:00,115,
1783907580,2026-07-12T18:53:00-07:00,79,
1783907640,2026-07-12T18:54:00-07:00,33,
1783907700,2026-07-12T18:55:00-07:00,126,
1783907760,2026-07-12T18:56:00-07:00,102,
1783907820,2026-07-12T18:57:00-07:00,98,
1783907880,2026-07-12T18:58:00-07:00,144,
1783907940,2026-07-12T18:59:00-07:00,39,
1783908000,2026-07-12T19:00:00-07:00,108,
1783908060,2026-07-12T19:01:00-07:00,104,
1783908120,2026-07-12T19:02:00-07:00,64,
1783908180,2026-07-12T19:03:00-07:00,91,
1783908240,2026-07-12T19:04:00-07:00,116,
1783908300,2026-07-12T19:05:00-07:00,120,
1783908360,2026-07-12T19:06:00-07:00,128,
1783908420,2026-07-12T19:07:00-07:00,37,
1783908480,2026-07-12T19:08:00-07:00,69,
1783908540,2026-07-12T19:09:00-07:00,103,
1783908600,2026-07-12T19:10:00-07:00,123,
1783908660,2026-07-12T19:11:00-07:00,96,
1783908720,2026-07-12T19:12:00-07:00,88,
1783908780,2026-07-12T19:13:00-07:00,83,
1783908840,2026-07-12T19:14:00-07:00,77,
1783908900,2026-07-12T19:15:00-07:00,97,
1783908960,2026-07-12T19:16:00-07:00,132,
1783909020,2026-07-12T19:17:00-07:00,128,
1783909080,2026-07-12T19:18:00-07:00,102,
1783909140,2026-07-12T19:19:00-07:00,93,
1783909200,2026-07-12T19:20:00-07:00,120,
1783909260,2026-07-12T19:21:00-07:00,83,
1783909320,2026-07-12T19:22:00-07:00,48,
1783909380,2026-07-12T19:23:00-07:00,70,
1783909440,2026-07-12T19:24:00-07:00,121,
1783909500,2026-07-12T19:25:00-07:00,76,
1783909560,2026-07-12T19:26:00-07:00,140,
1783909620,2026-07-12T19:27:00-07:00,51,
1783909680,2026-07-12T19:28:00-07:00,43,
1783909740,2026-07-12T19:29:00-07:00,178,
1783909800,2026-07-12T19:30:00-07:00,118,
1783909860,2026-07-12T19:31:00-07:00,95,
1783909920,2026-07-12T19:32:00-07:00,89,
1783909980,2026-07-12T19:33:00-07:00,39,
1783910040,2026-07-12T19:34:00-07:00,59,
1783910100,2026-07-12T19:35:00-07:00,79,
1783910160,2026-07-12T19:36:00-07:00,127,
1783910220,2026-07-12T19:37:00-07:00,171,
1783910280,2026-07-12T19:38:00-07:00,154,
1783910340,2026-07-12T19:39:00-07:00,149,
1783910400,2026-07-12T19:40:00-07:00,99,
1783910460,2026-07-12T19:41:00-07:00,130,
1783910520,2026-07-12T19:42:00-07:00,86,
1783910580,2026-07-12T19:43:00-07:00,129,
1783910640,2026-07-12T19:44:00-07:00,60,
1783910700,2026-07-12T19:45:00-07:00,63,
1783910760,2026-07-12T19:46:00-07:00,124,
1783910820,2026-07-12T19:47:00-07:00,113,
1783910880,2026-07-12T19:48:00-07:00,109,
1783910940,2026-07-12T19:49:00-07:00,167,
1783911000,2026-07-12T19:50:00-07:00,114,
1783911060,2026-07-12T19:51:00-07:00,118,
1783911120,2026-07-12T19:52:00-07:00,106,
1783911180,2026-07-12T19:53:00-07:00,62,
1783911240,2026-07-12T19:54:00-07:00,109,
1783911300,2026-07-12T19:55:00-07:00,103,
1783911360,2026-07-12T19:56:00-07:00,113,
1783911420,2026-07-12T19:57:00-07:00,123,
1783911480,2026-07-12T19:58:00-07:00,122,
1783911540,2026-07-12T19:59:00-07:00,108,
1783911600,2026-07-12T20:00:00-07:00,99,
1783911660,2026-07-12T20:01:00-07:00,122,
1783911720,2026-07-12T20:02:00-07:00,102,
1783911780,2026-07-12T20:03:00-07:00,85,
1783911840,2026-07-12T20:04:00-07:00,137,
1783911900,2026-07-12T20:05:00-07:00,73,
1783911960,2026-07-12T20:06:00-07:00,78,
1783912020,2026-07-12T20:07:00-07:00,86,
1783912080,2026-07-12T20:08:00-07:00,192,
1783912140,2026-07-12T20:09:00-07:00,119,
1783912200,2026-07-12T20:10:00-07:00,134,
1783912260,2026-07-12T20:11:00-07:00,105,
1783912320,2026-07-12T20:12:00-07:00,100,
1783912380,2026-07-12T20:13:00-07:00,98,
1783912440,2026-07-12T20:14:00-07:00,69,
1783912500,2026-07-12T20:15:00-07:00,144,
1783912560,2026-07-12T20:16:00-07:00,116,
1783912620,2026-07-12T20:17:00-07:00,99,
1783912680,2026-07-12T20:18:00-07:00,149,
1783912740,2026-07-12T20:19:00-07:00,101,
1783912800,2026-07-12T20:20:00-07:00,157,
1783912860,2026-07-12T20:21:00-07:00,80,
1783912920,2026-07-12T20:22:00-07:00,128,
1783912980,2026-07-12T20:23:00-07:00,88,
1783913040,2026-07-12T20:24:00-07:00,125,
1783913100,2026-07-12T20:25:00-07:00,126,
1783913160,2026-07-12T20:26:00-07:00,126,
1783913220,2026-07-12T20:27:00-07:00,60,
1783913280,2026-07-12T20:28:00-07:00,110,
1783913340,2026-07-12T20:29:00-07:00,146,
1783913400,2026-07-12T20:30:00-07:00,145,
1783913460,2026-07-12T20:31:00-07:00,204,
1783913520,2026-07-12T20:32:00-07:00,175,
1783913580,2026-07-12T20:33:00-07:00,138,
1783913640,2026-07-12T20:34:00-07:00,148,
1783913700,2026-07-12T20:35:00-07:00,111,
1783913760,2026-07-12T20:36:00-07:00,111,
1783913820,2026-07-12T20:37:00-07:00,106,
1783913880,2026-07-12T20:38:00-07:00,128,
1783913940,2026-07-12T20:39:00-07:00,108,
1783914000,2026-07-12T20:40:00-07:00,109,
1783914060,2026-07-12T20:41:00-07:00,85,
1783914120,2026-07-12T20:42:00-07:00,93,
1783914180,2026-07-12T20:43:00-07:00,148,
1783914240,2026-07-12T20:44:00-07:00,46,
1783914300,2026-07-12T20:45:00-07:00,159,
1783914360,2026-07-12T20:46:00-07:00,82,
1783914420,2026-07-12T20:47:00-07:00,100,
1783914480,2026-07-12T20:48:00-07:00,121,
1783914540,2026-07-12T20:49:00-07:00,73,
1783914600,2026-07-12T20:50:00-07:00,63,
1783914660,2026-07-12T20:51:00-07:00,108,
1783914720,2026-07-12T20:52:00-07:00,42,
1783914780,2026-07-12T20:53:00-07:00,85,
1783914840,2026-07-12T20:54:00-07:00,110,
1783914900,2026-07-12T20:55:00-07:00,80,
1783914960,2026-07-12T20:56:00-07:00,90,
1783915020,2026-07-12T20:57:00-07:00,111,
1783915080,2026-07-12T20:58:00-07:00,78,
1783915140,2026-07-12T20:59:00-07:00,92,
1783915200,2026-07-12T21:00:00-07:00,147,
1783915260,2026-07-12T21:01:00-07:00,138,
1783915320,2026-07-12T21:02:00-07:00,141,
1783915380,2026-07-12T21:03:00-07:00,89,
1783915440,2026-07-12T21:04:00-07:00,49,
1783915500,2026-07-12T21:05:00-07:00,108,
1783915560,2026-07-12T21:06:00-07:00,120,
1783915620,2026-07-12T21:07:00-07:00,108,
1783915680,2026-07-12T21:08:00-07:00,161,
1783915740,2026-07-12T21:09:00-07:00,97,
1783915800,2026-07-12T21:10:00-07:00,82,
1783915860,2026-07-12T21:11:00-07:00,114,
1783915920,2026-07-12T21:12:00-07:00,59,
1783915980,2026-07-12T21:13:00-07:00,109,
1783916040,2026-07-12T21:14:00-07:00,114,
1783916100,2026-07-12T21:15:00-07:00,56,
1783916160,2026-07-12T21:16:00-07:00,145,
1783916220,2026-07-12T21:17:00-07:00,94,
1783916280,2026-07-12T21:18:00-07:00,174,
1783916340,2026-07-12T21:19:00-07:00,38,
1783916400,2026-07-12T21:20:00-07:00,40,
1783916460,2026-07-12T21:21:00-07:00,55,
1783916520,2026-07-12T21:22:00-07:00,113,
1783916580,2026-07-12T21:23:00-07:00,53,
1783916640,2026-07-12T21:24:00-07:00,108,
1783916700,2026-07-12T21:25:00-07:00,107,
1783916760,2026-07-12T21:26:00-07:00,126,
1783916820,2026-07-12T21:27:00-07:00,155,
1783916880,2026-07-12T21:28:00-07:00,144,
1783916940,2026-07-12T21:29:00-07:00,91,
1783917000,2026-07-12T21:30:00-07:00,91,
1783917060,2026-07-12T21:31:00-07:00,128,
1783917120,2026-07-12T21:32:00-07:00,99,
1783917180,2026-07-12T21:33:00-07:00,106,
1783917240,2026-07-12T21:34:00-07:00,136,
1783917300,2026-07-12T21:35:00-07:00,110,
1783917360,2026-07-12T21:36:00-07:00,97,
1783917420,2026-07-12T21:37:00-07:00,121,
1783917480,2026-07-12T21:38:00-07:00,138,
1783917540,2026-07-12T21:39:00-07:00,116,
1783917600,2026-07-12T21:40:00-07:00,83,
1783917660,2026-07-12T21:41:00-07:00,79,
1783917720,2026-07-12T21:42:00-07:00,140,
1783917780,2026-07-12T21:43:00-07:00,188,
1783917840,2026-07-12T21:44:00-07:00,93,
1783917900,2026-07-12T21:45:00-07:00,137,
1783917960,2026-07-12T21:46:00-07:00,185,
1783918020,2026-07-12T21:47:00-07:00,107,
1783918080,2026-07-12T21:48:00-07:00,98,
1783918140,2026-07-12T21:49:00-07:00,220,
1783918200,2026-07-12T21:50:00-07:00,152,
1783918260,2026-07-12T21:51:00-07:00,113,
1783918320,2026-07-12T21:52:00-07:00,186,
1783918380,2026-07-12T21:53:00-07:00,121,
1783918440,2026-07-12T21:54:00-07:00,120,
1783918500,2026-07-12T21:55:00-07:00,216,
1783918560,2026-07-12T21:56:00-07:00,142,
1783918620,2026-07-12T21:57:00-07:00,45,
1783918680,2026-07-12T21:58:00-07:00,150,
1783918740,2026-07-12T21:59:00-07:00,76,
1783918800,2026-07-12T22:00:00-07:00,97,
1783918860,2026-07-12T22:01:00-07:00,122,
1783918920,2026-07-12T22:02:00-07:00,32,
1783918980,2026-07-12T22:03:00-07:00,162,
1783919040,2026-07-12T22:04:00-07:00,139,
1783919100,2026-07-12T22:05:00-07:00,224,
1783919160,2026-07-12T22:06:00-07:00,109,
1783919220,2026-07-12T22:07:00-07:00,91,
1783919280,2026-07-12T22:08:00-07:00,39,
1783919340,2026-07-12T22:09:00-07:00,133,
1783919400,2026-07-12T22:10:00-07:00,108,
1783919460,2026-07-12T22:11:00-07:00,173,
1783919520,2026-07-12T22:12:00-07:00,113,
1783919580,2026-07-12T22:13:00-07:00,47,
1783919640,2026-07-12T22:14:00-07:00,135,
1783919700,2026-07-12T22:15:00-07:00,69,
1783919760,2026-07-12T22:16:00-07:00,85,
1783919820,2026-07-12T22:17:00-07:00,144,
1783919880,2026-07-12T22:18:00-07:00,129,
1783919940,2026-07-12T22:19:00-07:00,121,
1783920000,2026-07-12T22:20:00-07:00,97,
1783920060,2026-07-12T22:21:00-07:00,67,
1783920120,2026-07-12T22:22:00-07:00,91,
1783920180,2026-07-12T22:23:00-07:00,127,
1783920240,2026-07-12T22:24:00-07:00,84,
1783920300,2026-07-12T22:25:00-07:00,168,
1783920360,2026-07-12T22:26:00-07:00,111,
1783920420,2026-07-12T22:27:00-07:00,166,
1783920480,2026-07-12T22:28:00-07:00,111,
1783920540,2026-07-12T22:29:00-07:00,106,
1783920600,2026-07-12T22:30:00-07:00,132,
1783920660,2026-07-12T22:31:00-07:00,152,
1783920720,2026-07-12T22:32:00-07:00,113,
1783920780,2026-07-12T22:33:00-07:00,144,
1783920840,2026-07-12T22:34:00-07:00,174,
1783920900,2026-07-12T22:35:00-07:00,138,
1783920960,2026-07-12T22:36:00-07:00,135,
1783921020,2026-07-12T22:37:00-07:00,118,
1783921080,2026-07-12T22:38:00-07:00,82,
1783921140,2026-07-12T22:39:00-07:00,92,
1783921200,2026-07-12T22:40:00-07:00,107,
1783921260,2026-07-12T22:41:00-07:00,164,
1783921320,2026-07-12T22:42:00-07:00,175,
1783921380,2026-07-12T22:43:00-07:00,150,
1783921440,2026-07-12T22:44:00-07:00,182,
1783921500,2026-07-12T22:45:00-07:00,56,
1783921560,2026-07-12T22:46:00-07:00,45,
1783921620,2026-07-12T22:47:00-07:00,56,
1783921680,2026-07-12T22:48:00-07:00,60,
1783921740,2026-07-12T22:49:00-07:00,18,
1783921800,2026-07-12T22:50:00-07:00,137,
1783921860,2026-07-12T22:51:00-07:00,103,
1783921920,2026-07-12T22:52:00-07:00,92,
1783921980,2026-07-12T22:53:00-07:00,95,
1783922040,2026-07-12T22:54:00-07:00,74,
1783922100,2026-07-12T22:55:00-07:00,45,
1783922160,2026-07-12T22:56:00-07:00,91,
1783922220,2026-07-12T22:57:00-07:00,28,
1783922280,2026-07-12T22:58:00-07:00,89,
1783922340,2026-07-12T22:59:00-07:00,110,
1783922400,2026-07-12T23:00:00-07:00,53,
1783922460,2026-07-12T23:01:00-07:00,128,
1783922520,2026-07-12T23:02:00-07:00,85,
1783922580,2026-07-12T23:03:00-07:00,60,
1783922640,2026-07-12T23:04:00-07:00,66,
1783922700,2026-07-12T23:05:00-07:00,117,
1783922760,2026-07-12T23:06:00-07:00,70,
1783922820,2026-07-12T23:07:00-07:00,110,
1783922880,2026-07-12T23:08:00-07:00,106,
1783922940,2026-07-12T23:09:00-07:00,50,
1783923000,2026-07-12T23:10:00-07:00,128,
1783923060,2026-07-12T23:11:00-07:00,80,
1783923120,2026-07-12T23:12:00-07:00,55,
1783923180,2026-07-12T23:13:00-07:00,142,
1783923240,2026-07-12T23:14:00-07:00,94,
1783923300,2026-07-12T23:15:00-07:00,128,
1783923360,2026-07-12T23:16:00-07:00,114,
1783923420,2026-07-12T23:17:00-07:00,158,
1783923480,2026-07-12T23:18:00-07:00,56,
1783923540,2026-07-12T23:19:00-07:00,103,
1783923600,2026-07-12T23:20:00-07:00,104,
1783923660,2026-07-12T23:21:00-07:00,70,
1783923720,2026-07-12T23:22:00-07:00,117,
1783923780,2026-07-12T23:23:00-07:00,119,
1783923840,2026-07-12T23:24:00-07:00,84,
1783923900,2026-07-12T23:25:00-07:00,51,
1783923960,2026-07-12T23:26:00-07:00,127,
1783924020,2026-07-12T23:27:00-07:00,76,
1783924080,2026-07-12T23:28:00-07:00,98,
1783924140,2026-07-12T23:29:00-07:00,58,
1783924200,2026-07-12T23:30:00-07:00,64,
1783924260,2026-07-12T23:31:00-07:00,54,
1783924320,2026-07-12T23:32:00-07:00,153,
1783924380,2026-07-12T23:33:00-07:00,113,
1783924440,2026-07-12T23:34:00-07:00,63,
1783924500,2026-07-12T23:35:00-07:00,79,
1783924560,2026-07-12T23:36:00-07:00,57,
1783924620,2026-07-12T23:37:00-07:00,54,
1783924680,2026-07-12T23:38:00-07:00,86,
1783924740,2026-07-12T23:39:00-07:00,85,
1783924800,2026-07-12T23:40:00-07:00,119,
1783924860,2026-07-12T23:41:00-07:00,37,
1783924920,2026-07-12T23:42:00-07:00,174,
1783924980,2026-07-12T23:43:00-07:00,72,
1783925040,2026-07-12T23:44:00-07:00,94,
1783925100,2026-07-12T23:45:00-07:00,65,
1783925160,2026-07-12T23:46:00-07:00,136,
1783925220,2026-07-12T23:47:00-07:00,56,
1783925280,2026-07-12T23:48:00-07:00,76,
1783925340,2026-07-12T23:49:00-07:00,118,
1783925400,2026-07-12T23:50:00-07:00,70,
1783925460,2026-07-12T23:51:00-07:00,85,
1783925520,2026-07-12T23:52:00-07:00,78,
1783925580,2026-07-12T23:53:00-07:00,44,
1783925640,2026-07-12T23:54:00-07:00,44,
1783925700,2026-07-12T23:55:00-07:00,75,
1783925760,2026-07-12T23:56:00-07:00,68,
1783925820,2026-07-12T23:57:00-07:00,200,
1783925880,2026-07-12T23:58:00-07:00,227,
1783925940,2026-07-12T23:59:00-07:00,148,
1783926000,2026-07-13T00:00:00-07:00,96,
1783926060,2026-07-13T00:01:00-07:00,83,
1783926120,2026-07-13T00:02:00-07:00,93,
1783926180,2026-07-13T00:03:00-07:00,55,
1783926240,2026-07-13T00:04:00-07:00,69,
1783926300,2026-07-13T00:05:00-07:00,37,
1783926360,2026-07-13T00:06:00-07:00,99,
1783926420,2026-07-13T00:07:00-07:00,56,
1783926480,2026-07-13T00:08:00-07:00,57,
1783926540,2026-07-13T00:09:00-07:00,76,
1783926600,2026-07-13T00:10:00-07:00,46,
1783926660,2026-07-13T00:11:00-07:00,108,
1783926720,2026-07-13T00:12:00-07:00,65,
1783926780,2026-07-13T00:13:00-07:00,60,
1783926840,2026-07-13T00:14:00-07:00,69,
1783926900,2026-07-13T00:15:00-07:00,72,
1783926960,2026-07-13T00:16:00-07:00,102,
1783927020,2026-07-13T00:17:00-07:00,75,
1783927080,2026-07-13T00:18:00-07:00,83,
1783927140,2026-07-13T00:19:00-07:00,50,
1783927200,2026-07-13T00:20:00-07:00,22,
1783927260,2026-07-13T00:21:00-07:00,64,
1783927320,2026-07-13T00:22:00-07:00,67,
1783927380,2026-07-13T00:23:00-07:00,49,
1783927440,2026-07-13T00:24:00-07:00,48,
1783927500,2026-07-13T00:25:00-07:00,74,
1783927560,2026-07-13T00:26:00-07:00,74,
1783927620,2026-07-13T00:27:00-07:00,83,
1783927680,2026-07-13T00:28:00-07:00,11,
1783927740,2026-07-13T00:29:00-07:00,59,
1783927800,2026-07-13T00:30:00-07:00,27,
1783927860,2026-07-13T00:31:00-07:00,29,
1783927920,2026-07-13T00:32:00-07:00,20,
1783927980,2026-07-13T00:33:00-07:00,10,
1783928040,2026-07-13T00:34:00-07:00,63,
1783928100,2026-07-13T00:35:00-07:00,16,
1783928160,2026-07-13T00:36:00-07:00,31,
1783928220,2026-07-13T00:37:00-07:00,58,
1783928280,2026-07-13T00:38:00-07:00,45,
1783928340,2026-07-13T00:39:00-07:00,19,
1783928400,2026-07-13T00:40:00-07:00,65,
1783928460,2026-07-13T00:41:00-07:00,45,
1783928520,2026-07-13T00:42:00-07:00,25,
1783928580,2026-07-13T00:43:00-07:00,13,
1783928640,2026-07-13T00:44:00-07:00,32,
1783928700,2026-07-13T00:45:00-07:00,40,
1783928760,2026-07-13T00:46:00-07:00,25,
1783928820,2026-07-13T00:47:00-07:00,34,
1783928880,2026-07-13T00:48:00-07:00,15,
1783928940,2026-07-13T00:49:00-07:00,28,
1783929000,2026-07-13T00:50:00-07:00,12,
1783929060,2026-07-13T00:51:00-07:00,10,
1783929120,2026-07-13T00:52:00-07:00,28,
1783929180,2026-07-13T00:53:00-07:00,35,
1783929240,2026-07-13T00:54:00-07:00,10,
1783929300,2026-07-13T00:55:00-07:00,24,
1783929360,2026-07-13T00:56:00-07:00,29,
1783929420,2026-07-13T00:57:00-07:00,30,
1783929480,2026-07-13T00:58:00-07:00,32,
1783929540,2026-07-13T00:59:00-07:00,11,
1783929600,2026-07-13T01:00:00-07:00,28,
1783929660,2026-07-13T01:01:00-07:00,18,
1783929720,2026-07-13T01:02:00-07:00,19,
1783929780,2026-07-13T01:03:00-07:00,11,
1783929840,2026-07-13T01:04:00-07:00,17,
1783929900,2026-07-13T01:05:00-07:00,5,
1783929960,2026-07-13T01:06:00-07:00,24,
1783930020,2026-07-13T01:07:00-07:00,25,
1783930080,2026-07-13T01:08:00-07:00,14,
1783930140,2026-07-13T01:09:00-07:00,33,
1783930200,2026-07-13T01:10:00-07:00,29,
1783930260,2026-07-13T01:11:00-07:00,19,
1783930320,2026-07-13T01:12:00-07:00,15,
1783930380,2026-07-13T01:13:00-07:00,10,
1783930440,2026-07-13T01:14:00-07:00,15,
1783930500,2026-07-13T01:15:00-07:00,8,
1783930560,2026-07-13T01:16:00-07:00,5,
1783930620,2026-07-13T01:17:00-07:00,12,
1783930680,2026-07-13T01:18:00-07:00,28,
1783930740,2026-07-13T01:19:00-07:00,12,
1783930800,2026-07-13T01:20:00-07:00,10,
1783930860,2026-07-13T01:21:00-07:00,5,
1783930920,2026-07-13T01:22:00-07:00,9,
1783930980,2026-07-13T01:23:00-07:00,22,
1783931040,2026-07-13T01:24:00-07:00,17,
1783931100,2026-07-13T01:25:00-07:00,10,
1783931160,2026-07-13T01:26:00-07:00,7,
1783931220,2026-07-13T01:27:00-07:00,40,
1783931280,2026-07-13T01:28:00-07:00,32,
1783931340,2026-07-13T01:29:00-07:00,21,
1783931400,2026-07-13T01:30:00-07:00,68,
1783931460,2026-07-13T01:31:00-07:00,12,
1783931520,2026-07-13T01:32:00-07:00,15,
1783931580,2026-07-13T01:33:00-07:00,17,
1783931640,2026-07-13T01:34:00-07:00,13,
1783931700,2026-07-13T01:35:00-07:00,20,
1783931760,2026-07-13T01:36:00-07:00,12,
1783931820,2026-07-13T01:37:00-07:00,24,
1783931880,2026-07-13T01:38:00-07:00,13,
1783931940,2026-07-13T01:39:00-07:00,9,
1783932000,2026-07-13T01:40:00-07:00,13,
1783932060,2026-07-13T01:41:00-07:00,11,
1783932120,2026-07-13T01:42:00-07:00,7,
1783932180,2026-07-13T01:43:00-07:00,6,
1783932240,2026-07-13T01:44:00-07:00,6,
1783932300,2026-07-13T01:45:00-07:00,10,
1783932360,2026-07-13T01:46:00-07:00,12,
1783932420,2026-07-13T01:47:00-07:00,5,
1783932480,2026-07-13T01:48:00-07:00,20,
1783932540,2026-07-13T01:49:00-07:00,10,
1783932600,2026-07-13T01:50:00-07:00,8,
1783932660,2026-07-13T01:51:00-07:00,7,
1783932720,2026-07-13T01:52:00-07:00,11,
1783932780,2026-07-13T01:53:00-07:00,11,
1783932840,2026-07-13T01:54:00-07:00,21,
1783932900,2026-07-13T01:55:00-07:00,17,
1783932960,2026-07-13T01:56:00-07:00,5,
1783933020,2026-07-13T01:57:00-07:00,9,
1783933080,2026-07-13T01:58:00-07:00,8,
1783933140,2026-07-13T01:59:00-07:00,5,
1783933200,2026-07-13T02:00:00-07:00,14,
1783933260,2026-07-13T02:01:00-07:00,7,
1783933320,2026-07-13T02:02:00-07:00,9,
1783933380,2026-07-13T02:03:00-07:00,11,
1783933440,2026-07-13T02:04:00-07:00,6,
1783933500,2026-07-13T02:05:00-07:00,17,
1783933560,2026-07-13T02:06:00-07:00,25,
1783933620,2026-07-13T02:07:00-07:00,18,
1783933680,2026-07-13T02:08:00-07:00,7,
1783933740,2026-07-13T02:09:00-07:00,12,
1783933800,2026-07-13T02:10:00-07:00,9,
1783933860,2026-07-13T02:11:00-07:00,10,
1783933920,2026-07-13T02:12:00-07:00,8,
1783933980,2026-07-13T02:13:00-07:00,8,
1783934040,2026-07-13T02:14:00-07:00,6,
1783934100,2026-07-13T02:15:00-07:00,11,
1783934160,2026-07-13T02:16:00-07:00,13,
1783934220,2026-07-13T02:17:00-07:00,13,
1783934280,2026-07-13T02:18:00-07:00,7,
1783934340,2026-07-13T02:19:00-07:00,7,
1783934400,2026-07-13T02:20:00-07:00,29,
1783934460,2026-07-13T02:21:00-07:00,13,
1783934520,2026-07-13T02:22:00-07:00,8,
1783934580,2026-07-13T02:23:00-07:00,12,
1783934640,2026-07-13T02:24:00-07:00,8,
1783934700,2026-07-13T02:25:00-07:00,8,
1783934760,2026-07-13T02:26:00-07:00,5,
1783934820,2026-07-13T02:27:00-07:00,22,
1783934880,2026-07-13T02:28:00-07:00,4,
1783934940,2026-07-13T02:29:00-07:00,6,
1783935000,2026-07-13T02:30:00-07:00,7,
1783935060,2026-07-13T02:31:00-07:00,15,
1783935120,2026-07-13T02:32:00-07:00,14,
1783935180,2026-07-13T02:33:00-07:00,7,
1783935240,2026-07-13T02:34:00-07:00,13,
1783935300,2026-07-13T02:35:00-07:00,9,
1783935360,2026-07-13T02:36:00-07:00,10,
1783935420,2026-07-13T02:37:00-07:00,7,
1783935480,2026-07-13T02:38:00-07:00,11,
1783935540,2026-07-13T02:39:00-07:00,5,
1783935600,2026-07-13T02:40:00-07:00,19,
1783935660,2026-07-13T02:41:00-07:00,36,
1783935720,2026-07-13T02:42:00-07:00,12,
1783935780,2026-07-13T02:43:00-07:00,22,
1783935840,2026-07-13T02:44:00-07:00,13,
1783935900,2026-07-13T02:45:00-07:00,16,
1783935960,2026-07-13T02:46:00-07:00,21,
1783936020,2026-07-13T02:47:00-07:00,6,
1783936080,2026-07-13T02:48:00-07:00,15,
1783936140,2026-07-13T02:49:00-07:00,11,
1783936200,2026-07-13T02:50:00-07:00,22,
1783936260,2026-07-13T02:51:00-07:00,26,
1783936320,2026-07-13T02:52:00-07:00,7,
1783936380,2026-07-13T02:53:00-07:00,6,
1783936440,2026-07-13T02:54:00-07:00,13,
1783936500,2026-07-13T02:55:00-07:00,17,
1783936560,2026-07-13T02:56:00-07:00,77,
1783936620,2026-07-13T02:57:00-07:00,8,
1783936680,2026-07-13T02:58:00-07:00,18,
1783936740,2026-07-13T02:59:00-07:00,8,
1783936800,2026-07-13T03:00:00-07:00,9,
1783936860,2026-07-13T03:01:00-07:00,11,
1783936920,2026-07-13T03:02:00-07:00,6,
1783936980,2026-07-13T03:03:00-07:00,16,
1783937040,2026-07-13T03:04:00-07:00,6,
1783937100,2026-07-13T03:05:00-07:00,22,
1783937160,2026-07-13T03:06:00-07:00,9,
1783937220,2026-07-13T03:07:00-07:00,12,
1783937280,2026-07-13T03:08:00-07:00,8,
1783937340,2026-07-13T03:09:00-07:00,9,
1783937400,2026-07-13T03:10:00-07:00,9,
1783937460,2026-07-13T03:11:00-07:00,8,
1783937520,2026-07-13T03:12:00-07:00,9,
1783937580,2026-07-13T03:13:00-07:00,7,
1783937640,2026-07-13T03:14:00-07:00,80,
1783937700,2026-07-13T03:15:00-07:00,6,
1783937760,2026-07-13T03:16:00-07:00,5,
1783937820,2026-07-13T03:17:00-07:00,7,
1783937880,2026-07-13T03:18:00-07:00,8,
1783937940,2026-07-13T03:19:00-07:00,11,
1783938000,2026-07-13T03:20:00-07:00,10,
1783938060,2026-07-13T03:21:00-07:00,9,
1783938120,2026-07-13T03:22:00-07:00,8,
1783938180,2026-07-13T03:23:00-07:00,6,
1783938240,2026-07-13T03:24:00-07:00,4,
1783938300,2026-07-13T03:25:00-07:00,5,
1783938360,2026-07-13T03:26:00-07:00,9,
1783938420,2026-07-13T03:27:00-07:00,5,
1783938480,2026-07-13T03:28:00-07:00,10,
1783938540,2026-07-13T03:29:00-07:00,6,
1783938600,2026-07-13T03:30:00-07:00,10,
1783938660,2026-07-13T03:31:00-07:00,30,
1783938720,2026-07-13T03:32:00-07:00,16,
1783938780,2026-07-13T03:33:00-07:00,9,
1783938840,2026-07-13T03:34:00-07:00,12,
1783938900,2026-07-13T03:35:00-07:00,6,
1783938960,2026-07-13T03:36:00-07:00,10,
1783939020,2026-07-13T03:37:00-07:00,6,
1783939080,2026-07-13T03:38:00-07:00,6,
1783939140,2026-07-13T03:39:00-07:00,9,
1783939200,2026-07-13T03:40:00-07:00,8,
1783939260,2026-07-13T03:41:00-07:00,9,
1783939320,2026-07-13T03:42:00-07:00,15,
1783939380,2026-07-13T03:43:00-07:00,6,
1783939440,2026-07-13T03:44:00-07:00,29,
1783939500,2026-07-13T03:45:00-07:00,9,
1783939560,2026-07-13T03:46:00-07:00,7,
1783939620,2026-07-13T03:47:00-07:00,13,
1783939680,2026-07-13T03:48:00-07:00,4,
1783939740,2026-07-13T03:49:00-07:00,6,
1783939800,2026-07-13T03:50:00-07:00,6,
1783939860,2026-07-13T03:51:00-07:00,10,
1783939920,2026-07-13T03:52:00-07:00,8,
1783939980,2026-07-13T03:53:00-07:00,10,
1783940040,2026-07-13T03:54:00-07:00,8,
1783940100,2026-07-13T03:55:00-07:00,6,
1783940160,2026-07-13T03:56:00-07:00,14,
1783940220,2026-07-13T03:57:00-07:00,6,
1783940280,2026-07-13T03:58:00-07:00,7,
1783940340,2026-07-13T03:59:00-07:00,6,
1783940400,2026-07-13T04:00:00-07:00,10,
1783940460,2026-07-13T04:01:00-07:00,12,
1783940520,2026-07-13T04:02:00-07:00,10,
1783940580,2026-07-13T04:03:00-07:00,12,
1783940640,2026-07-13T04:04:00-07:00,8,
1783940700,2026-07-13T04:05:00-07:00,16,
1783940760,2026-07-13T04:06:00-07:00,9,
1783940820,2026-07-13T04:07:00-07:00,25,
1783940880,2026-07-13T04:08:00-07:00,12,
1783940940,2026-07-13T04:09:00-07:00,21,
1783941000,2026-07-13T04:10:00-07:00,9,
1783941060,2026-07-13T04:11:00-07:00,8,
1783941120,2026-07-13T04:12:00-07:00,7,
1783941180,2026-07-13T04:13:00-07:00,7,
1783941240,2026-07-13T04:14:00-07:00,17,
1783941300,2026-07-13T04:15:00-07:00,8,
1783941360,2026-07-13T04:16:00-07:00,14,
1783941420,2026-07-13T04:17:00-07:00,13,
1783941480,2026-07-13T04:18:00-07:00,11,
1783941540,2026-07-13T04:19:00-07:00,8,
1783941600,2026-07-13T04:20:00-07:00,10,
1783941660,2026-07-13T04:21:00-07:00,16,
1783941720,2026-07-13T04:22:00-07:00,15,
1783941780,2026-07-13T04:23:00-07:00,13,
1783941840,2026-07-13T04:24:00-07:00,35,
1783941900,2026-07-13T04:25:00-07:00,16,
1783941960,2026-07-13T04:26:00-07:00,5,
1783942020,2026-07-13T04:27:00-07:00,18,
1783942080,2026-07-13T04:28:00-07:00,10,
1783942140,2026-07-13T04:29:00-07:00,7,
1783942200,2026-07-13T04:30:00-07:00,10,
1783942260,2026-07-13T04:31:00-07:00,6,
1783942320,2026-07-13T04:32:00-07:00,10,
1783942380,2026-07-13T04:33:00-07:00,32,
1783942440,2026-07-13T04:34:00-07:00,9,
1783942500,2026-07-13T04:35:00-07:00,10,
1783942560,2026-07-13T04:36:00-07:00,8,
1783942620,2026-07-13T04:37:00-07:00,7,
1783942680,2026-07-13T04:38:00-07:00,16,
1783942740,2026-07-13T04:39:00-07:00,9,
1783942800,2026-07-13T04:40:00-07:00,7,
1783942860,2026-07-13T04:41:00-07:00,10,
1783942920,2026-07-13T04:42:00-07:00,13,
1783942980,2026-07-13T04:43:00-07:00,8,
1783943040,2026-07-13T04:44:00-07:00,16,
1783943100,2026-07-13T04:45:00-07:00,7,
1783943160,2026-07-13T04:46:00-07:00,38,
1783943220,2026-07-13T04:47:00-07:00,15,
1783943280,2026-07-13T04:48:00-07:00,9,
1783943340,2026-07-13T04:49:00-07:00,15,
1783943400,2026-07-13T04:50:00-07:00,9,
1783943460,2026-07-13T04:51:00-07:00,22,
1783943520,2026-07-13T04:52:00-07:00,20,
1783943580,2026-07-13T04:53:00-07:00,7,
1783943640,2026-07-13T04:54:00-07:00,8,
1783943700,2026-07-13T04:55:00-07:00,10,
1783943760,2026-07-13T04:56:00-07:00,9,
1783943820,2026-07-13T04:57:00-07:00,8,
1783943880,2026-07-13T04:58:00-07:00,15,
1783943940,2026-07-13T04:59:00-07:00,7,
1783944000,2026-07-13T05:00:00-07:00,75,
1783944060,2026-07-13T05:01:00-07:00,13,
1783944120,2026-07-13T05:02:00-07:00,13,
1783944180,2026-07-13T05:03:00-07:00,13,
1783944240,2026-07-13T05:04:00-07:00,26,
1783944300,2026-07-13T05:05:00-07:00,15,
1783944360,2026-07-13T05:06:00-07:00,7,
1783944420,2026-07-13T05:07:00-07:00,11,
1783944480,2026-07-13T05:08:00-07:00,9,
1783944540,2026-07-13T05:09:00-07:00,27,
1783944600,2026-07-13T05:10:00-07:00,12,
1783944660,2026-07-13T05:11:00-07:00,10,
1783944720,2026-07-13T05:12:00-07:00,13,
1783944780,2026-07-13T05:13:00-07:00,21,
1783944840,2026-07-13T05:14:00-07:00,18,
1783944900,2026-07-13T05:15:00-07:00,9,
1783944960,2026-07-13T05:16:00-07:00,15,
1783945020,2026-07-13T05:17:00-07:00,13,
1783945080,2026-07-13T05:18:00-07:00,41,
1783945140,2026-07-13T05:19:00-07:00,128,
1783945200,2026-07-13T05:20:00-07:00,82,
1783945260,2026-07-13T05:21:00-07:00,23,
1783945320,2026-07-13T05:22:00-07:00,18,
1783945380,2026-07-13T05:23:00-07:00,7,
1783945440,2026-07-13T05:24:00-07:00,24,
1783945500,2026-07-13T05:25:00-07:00,9,
1783945560,2026-07-13T05:26:00-07:00,15,
1783945620,2026-07-13T05:27:00-07:00,21,
1783945680,2026-07-13T05:28:00-07:00,5,
1783945740,2026-07-13T05:29:00-07:00,22,
1783945800,2026-07-13T05:30:00-07:00,152,
1783945860,2026-07-13T05:31:00-07:00,299,
1783945920,2026-07-13T05:32:00-07:00,36,
1783945980,2026-07-13T05:33:00-07:00,8,
1783946040,2026-07-13T05:34:00-07:00,5,
1783946100,2026-07-13T05:35:00-07:00,57,
1783946160,2026-07-13T05:36:00-07:00,22,
1783946220,2026-07-13T05:37:00-07:00,9,
1783946280,2026-07-13T05:38:00-07:00,16,
1783946340,2026-07-13T05:39:00-07:00,30,
1783946400,2026-07-13T05:40:00-07:00,10,
1783946460,2026-07-13T05:41:00-07:00,9,
1783946520,2026-07-13T05:42:00-07:00,14,
1783946580,2026-07-13T05:43:00-07:00,22,
1783946640,2026-07-13T05:44:00-07:00,7,
1783946700,2026-07-13T05:45:00-07:00,18,
1783946760,2026-07-13T05:46:00-07:00,29,
1783946820,2026-07-13T05:47:00-07:00,9,
1783946880,2026-07-13T05:48:00-07:00,8,
1783946940,2026-07-13T05:49:00-07:00,31,
1783947000,2026-07-13T05:50:00-07:00,24,
1783947060,2026-07-13T05:51:00-07:00,5,
1783947120,2026-07-13T05:52:00-07:00,11,
1783947180,2026-07-13T05:53:00-07:00,15,
1783947240,2026-07-13T05:54:00-07:00,13,
1783947300,2026-07-13T05:55:00-07:00,13,
1783947360,2026-07-13T05:56:00-07:00,8,
1783947420,2026-07-13T05:57:00-07:00,10,
1783947480,2026-07-13T05:58:00-07:00,10,
1783947540,2026-07-13T05:59:00-07:00,31,
1783947600,2026-07-13T06:00:00-07:00,31,
1783947660,2026-07-13T06:01:00-07:00,28,
1783947720,2026-07-13T06:02:00-07:00,22,
1783947780,2026-07-13T06:03:00-07:00,10,
1783947840,2026-07-13T06:04:00-07:00,22,
1783947900,2026-07-13T06:05:00-07:00,9,
1783947960,2026-07-13T06:06:00-07:00,32,
1783948020,2026-07-13T06:07:00-07:00,19,
1783948080,2026-07-13T06:08:00-07:00,17,
1783948140,2026-07-13T06:09:00-07:00,18,
1783948200,2026-07-13T06:10:00-07:00,14,
1783948260,2026-07-13T06:11:00-07:00,15,
1783948320,2026-07-13T06:12:00-07:00,9,
1783948380,2026-07-13T06:13:00-07:00,10,
1783948440,2026-07-13T06:14:00-07:00,13,
1783948500,2026-07-13T06:15:00-07:00,12,
1783948560,2026-07-13T06:16:00-07:00,16,
1783948620,2026-07-13T06:17:00-07:00,23,
1783948680,2026-07-13T06:18:00-07:00,14,
1783948740,2026-07-13T06:19:00-07:00,16,
1783948800,2026-07-13T06:20:00-07:00,10,
1783948860,2026-07-13T06:21:00-07:00,12,
1783948920,2026-07-13T06:22:00-07:00,23,
1783948980,2026-07-13T06:23:00-07:00,18,
1783949040,2026-07-13T06:24:00-07:00,34,
1783949100,2026-07-13T06:25:00-07:00,31,
1783949160,2026-07-13T06:26:00-07:00,28,
1783949220,2026-07-13T06:27:00-07:00,13,
1783949280,2026-07-13T06:28:00-07:00,22,
1783949340,2026-07-13T06:29:00-07:00,25,
1783949400,2026-07-13T06:30:00-07:00,27,
1783949460,2026-07-13T06:31:00-07:00,11,
1783949520,2026-07-13T06:32:00-07:00,12,
1783949580,2026-07-13T06:33:00-07:00,20,
1783949640,2026-07-13T06:34:00-07:00,36,
1783949700,2026-07-13T06:35:00-07:00,6,
1783949760,2026-07-13T06:36:00-07:00,31,
1783949820,2026-07-13T06:37:00-07:00,28,
1783949880,2026-07-13T06:38:00-07:00,37,
1783949940,2026-07-13T06:39:00-07:00,23,
1783950000,2026-07-13T06:40:00-07:00,10,
1783950060,2026-07-13T06:41:00-07:00,25,
1783950120,2026-07-13T06:42:00-07:00,87,
1783950180,2026-07-13T06:43:00-07:00,13,
1783950240,2026-07-13T06:44:00-07:00,66,
1783950300,2026-07-13T06:45:00-07:00,19,
1783950360,2026-07-13T06:46:00-07:00,19,
1783950420,2026-07-13T06:47:00-07:00,22,
1783950480,2026-07-13T06:48:00-07:00,30,
1783950540,2026-07-13T06:49:00-07:00,17,
1783950600,2026-07-13T06:50:00-07:00,32,
1783950660,2026-07-13T06:51:00-07:00,51,
1783950720,2026-07-13T06:52:00-07:00,51,
1783950780,2026-07-13T06:53:00-07:00,37,
1783950840,2026-07-13T06:54:00-07:00,13,
1783950900,2026-07-13T06:55:00-07:00,16,
1783950960,2026-07-13T06:56:00-07:00,23,
1783951020,2026-07-13T06:57:00-07:00,10,
1783951080,2026-07-13T06:58:00-07:00,12,
1783951140,2026-07-13T06:59:00-07:00,10,
1783951200,2026-07-13T07:00:00-07:00,40,
1783951260,2026-07-13T07:01:00-07:00,63,
1783951320,2026-07-13T07:02:00-07:00,39,
1783951380,2026-07-13T07:03:00-07:00,38,
1783951440,2026-07-13T07:04:00-07:00,56,
1783951500,2026-07-13T07:05:00-07:00,70,
1783951560,2026-07-13T07:06:00-07:00,28,
1783951620,2026-07-13T07:07:00-07:00,27,
1783951680,2026-07-13T07:08:00-07:00,52,
1783951740,2026-07-13T07:09:00-07:00,21,
1783951800,2026-07-13T07:10:00-07:00,82,
1783951860,2026-07-13T07:11:00-07:00,43,
1783951920,2026-07-13T07:12:00-07:00,15,
1783951980,2026-07-13T07:13:00-07:00,29,
1783952040,2026-07-13T07:14:00-07:00,37,
1783952100,2026-07-13T07:15:00-07:00,66,
1783952160,2026-07-13T07:16:00-07:00,41,
1783952220,2026-07-13T07:17:00-07:00,54,
1783952280,2026-07-13T07:18:00-07:00,123,
1783952340,2026-07-13T07:19:00-07:00,56,
1783952400,2026-07-13T07:20:00-07:00,60,
1783952460,2026-07-13T07:21:00-07:00,155,
1783952520,2026-07-13T07:22:00-07:00,15,
1783952580,2026-07-13T07:23:00-07:00,36,
1783952640,2026-07-13T07:24:00-07:00,36,
1783952700,2026-07-13T07:25:00-07:00,22,
1783952760,2026-07-13T07:26:00-07:00,100,
1783952820,2026-07-13T07:27:00-07:00,36,
1783952880,2026-07-13T07:28:00-07:00,47,
1783952940,2026-07-13T07:29:00-07:00,35,
1783953000,2026-07-13T07:30:00-07:00,52,
1783953060,2026-07-13T07:31:00-07:00,38,
1783953120,2026-07-13T07:32:00-07:00,81,
1783953180,2026-07-13T07:33:00-07:00,82,
1783953240,2026-07-13T07:34:00-07:00,55,
1783953300,2026-07-13T07:35:00-07:00,40,
1783953360,2026-07-13T07:36:00-07:00,31,
1783953420,2026-07-13T07:37:00-07:00,48,
1783953480,2026-07-13T07:38:00-07:00,61,
1783953540,2026-07-13T07:39:00-07:00,54,
1783953600,2026-07-13T07:40:00-07:00,56,
1783953660,2026-07-13T07:41:00-07:00,32,
1783953720,2026-07-13T07:42:00-07:00,92,
1783953780,2026-07-13T07:43:00-07:00,74,
1783953840,2026-07-13T07:44:00-07:00,45,
1783953900,2026-07-13T07:45:00-07:00,35,
1783953960,2026-07-13T07:46:00-07:00,39,
1783954020,2026-07-13T07:47:00-07:00,108,
1783954080,2026-07-13T07:48:00-07:00,106,
1783954140,2026-07-13T07:49:00-07:00,124,
1783954200,2026-07-13T07:50:00-07:00,105,
1783954260,2026-07-13T07:51:00-07:00,162,
1783954320,2026-07-13T07:52:00-07:00,107,
1783954380,2026-07-13T07:53:00-07:00,260,
1783954440,2026-07-13T07:54:00-07:00,34,
1783954500,2026-07-13T07:55:00-07:00,96,
1783954560,2026-07-13T07:56:00-07:00,66,
1783954620,2026-07-13T07:57:00-07:00,63,
1783954680,2026-07-13T07:58:00-07:00,131,
1783954740,2026-07-13T07:59:00-07:00,122,
1783954800,2026-07-13T08:00:00-07:00,47,
1783954860,2026-07-13T08:01:00-07:00,203,
1783954920,2026-07-13T08:02:00-07:00,42,
1783954980,2026-07-13T08:03:00-07:00,41,
1783955040,2026-07-13T08:04:00-07:00,45,
1783955100,2026-07-13T08:05:00-07:00,58,
1783955160,2026-07-13T08:06:00-07:00,34,
1783955220,2026-07-13T08:07:00-07:00,75,
1783955280,2026-07-13T08:08:00-07:00,181,
1783955340,2026-07-13T08:09:00-07:00,46,
1783955400,2026-07-13T08:10:00-07:00,69,
1783955460,2026-07-13T08:11:00-07:00,87,
1783955520,2026-07-13T08:12:00-07:00,98,
1783955580,2026-07-13T08:13:00-07:00,221,
1783955640,2026-07-13T08:14:00-07:00,51,
1783955700,2026-07-13T08:15:00-07:00,94,
1783955760,2026-07-13T08:16:00-07:00,100,
1783955820,2026-07-13T08:17:00-07:00,146,
1783955880,2026-07-13T08:18:00-07:00,105,
1783955940,2026-07-13T08:19:00-07:00,168,
1783956000,2026-07-13T08:20:00-07:00,58,
1783956060,2026-07-13T08:21:00-07:00,76,
1783956120,2026-07-13T08:22:00-07:00,71,
1783956180,2026-07-13T08:23:00-07:00,24,
1783956240,2026-07-13T08:24:00-07:00,139,
1783956300,2026-07-13T08:25:00-07:00,77,
1783956360,2026-07-13T08:26:00-07:00,180,
1783956420,2026-07-13T08:27:00-07:00,88,
1783956480,2026-07-13T08:28:00-07:00,39,
1783956540,2026-07-13T08:29:00-07:00,145,
1783956600,2026-07-13T08:30:00-07:00,77,
1783956660,2026-07-13T08:31:00-07:00,59,
1783956720,2026-07-13T08:32:00-07:00,74,
1783956780,2026-07-13T08:33:00-07:00,123,
1783956840,2026-07-13T08:34:00-07:00,92,
1783956900,2026-07-13T08:35:00-07:00,111,
1783956960,2026-07-13T08:36:00-07:00,117,
1783957020,2026-07-13T08:37:00-07:00,54,
1783957080,2026-07-13T08:38:00-07:00,116,
1783957140,2026-07-13T08:39:00-07:00,134,
1783957200,2026-07-13T08:40:00-07:00,45,
1783957260,2026-07-13T08:41:00-07:00,13,
1783957320,2026-07-13T08:42:00-07:00,70,
1783957380,2026-07-13T08:43:00-07:00,27,
1783957440,2026-07-13T08:44:00-07:00,30,
1783957500,2026-07-13T08:45:00-07:00,56,
1783957560,2026-07-13T08:46:00-07:00,173,
1783957620,2026-07-13T08:47:00-07:00,92,
1783957680,2026-07-13T08:48:00-07:00,82,
1783957740,2026-07-13T08:49:00-07:00,22,
1783957800,2026-07-13T08:50:00-07:00,58,
1783957860,2026-07-13T08:51:00-07:00,149,
1783957920,2026-07-13T08:52:00-07:00,72,
1783957980,2026-07-13T08:53:00-07:00,88,
1783958040,2026-07-13T08:54:00-07:00,66,
1783958100,2026-07-13T08:55:00-07:00,80,
1783958160,2026-07-13T08:56:00-07:00,78,
1783958220,2026-07-13T08:57:00-07:00,51,
1783958280,2026-07-13T08:58:00-07:00,163,
1783958340,2026-07-13T08:59:00-07:00,32,
1783958400,2026-07-13T09:00:00-07:00,41,
1783958460,2026-07-13T09:01:00-07:00,62,
1783958520,2026-07-13T09:02:00-07:00,51,
1783958580,2026-07-13T09:03:00-07:00,85,
1783958640,2026-07-13T09:04:00-07:00,178,
1783958700,2026-07-13T09:05:00-07:00,34,
1783958760,2026-07-13T09:06:00-07:00,70,
1783958820,2026-07-13T09:07:00-07:00,104,
1783958880,2026-07-13T09:08:00-07:00,104,
1783958940,2026-07-13T09:09:00-07:00,43,
1783959000,2026-07-13T09:10:00-07:00,78,
1783959060,2026-07-13T09:11:00-07:00,27,
1783959120,2026-07-13T09:12:00-07:00,138,
1783959180,2026-07-13T09:13:00-07:00,48,
1783959240,2026-07-13T09:14:00-07:00,106,
1783959300,2026-07-13T09:15:00-07:00,111,
1783959360,2026-07-13T09:16:00-07:00,112,
1783959420,2026-07-13T09:17:00-07:00,43,
1783959480,2026-07-13T09:18:00-07:00,104,
1783959540,2026-07-13T09:19:00-07:00,49,
1783959600,2026-07-13T09:20:00-07:00,72,
1783959660,2026-07-13T09:21:00-07:00,76,
1783959720,2026-07-13T09:22:00-07:00,78,
1783959780,2026-07-13T09:23:00-07:00,53,
1783959840,2026-07-13T09:24:00-07:00,127,
1783959900,2026-07-13T09:25:00-07:00,88,
1783959960,2026-07-13T09:26:00-07:00,77,
1783960020,2026-07-13T09:27:00-07:00,53,
1783960080,2026-07-13T09:28:00-07:00,154,
1783960140,2026-07-13T09:29:00-07:00,73,
1783960200,2026-07-13T09:30:00-07:00,113,
1783960260,2026-07-13T09:31:00-07:00,50,
1783960320,2026-07-13T09:32:00-07:00,62,
1783960380,2026-07-13T09:33:00-07:00,117,
1783960440,2026-07-13T09:34:00-07:00,84,
1783960500,2026-07-13T09:35:00-07:00,55,
1783960560,2026-07-13T09:36:00-07:00,124,
1783960620,2026-07-13T09:37:00-07:00,178,
1783960680,2026-07-13T09:38:00-07:00,69,
1783960740,2026-07-13T09:39:00-07:00,121,
1783960800,2026-07-13T09:40:00-07:00,184,
1783960860,2026-07-13T09:41:00-07:00,139,
1783960920,2026-07-13T09:42:00-07:00,43,
1783960980,2026-07-13T09:43:00-07:00,98,
1783961040,2026-07-13T09:44:00-07:00,140,
1783961100,2026-07-13T09:45:00-07:00,113,
1783961160,2026-07-13T09:46:00-07:00,127,
1783961220,2026-07-13T09:47:00-07:00,98,
1783961280,2026-07-13T09:48:00-07:00,157,
1783961340,2026-07-13T09:49:00-07:00,119,
1783961400,2026-07-13T09:50:00-07:00,98,
1783961460,2026-07-13T09:51:00-07:00,147,
1783961520,2026-07-13T09:52:00-07:00,85,
1783961580,2026-07-13T09:53:00-07:00,121,
1783961640,2026-07-13T09:54:00-07:00,137,
1783961700,2026-07-13T09:55:00-07:00,133,
1783961760,2026-07-13T09:56:00-07:00,135,
1783961820,2026-07-13T09:57:00-07:00,56,
1783961880,2026-07-13T09:58:00-07:00,141,
1783961940,2026-07-13T09:59:00-07:00,65,
1783962000,2026-07-13T10:00:00-07:00,81,
1783962060,2026-07-13T10:01:00-07:00,125,
1783962120,2026-07-13T10:02:00-07:00,84,
1783962180,2026-07-13T10:03:00-07:00,83,
1783962240,2026-07-13T10:04:00-07:00,49,
1783962300,2026-07-13T10:05:00-07:00,26,
1783962360,2026-07-13T10:06:00-07:00,126,
1783962420,2026-07-13T10:07:00-07:00,60,
1783962480,2026-07-13T10:08:00-07:00,164,
1783962540,2026-07-13T10:09:00-07:00,54,
1783962600,2026-07-13T10:10:00-07:00,60,
1783962660,2026-07-13T10:11:00-07:00,63,
1783962720,2026-07-13T10:12:00-07:00,174,
1783962780,2026-07-13T10:13:00-07:00,135,
1783962840,2026-07-13T10:14:00-07:00,73,
1783962900,2026-07-13T10:15:00-07:00,45,
1783962960,2026-07-13T10:16:00-07:00,105,
1783963020,2026-07-13T10:17:00-07:00,91,
1783963080,2026-07-13T10:18:00-07:00,110,
1783963140,2026-07-13T10:19:00-07:00,73,
1783963200,2026-07-13T10:20:00-07:00,133,
1783963260,2026-07-13T10:21:00-07:00,70,
1783963320,2026-07-13T10:22:00-07:00,47,
1783963380,2026-07-13T10:23:00-07:00,46,
1783963440,2026-07-13T10:24:00-07:00,98,
1783963500,2026-07-13T10:25:00-07:00,96,
1783963560,2026-07-13T10:26:00-07:00,48,
1783963620,2026-07-13T10:27:00-07:00,118,
1783963680,2026-07-13T10:28:00-07:00,70,
1783963740,2026-07-13T10:29:00-07:00,127,
1783963800,2026-07-13T10:30:00-07:00,46,
1783963860,2026-07-13T10:31:00-07:00,76,
1783963920,2026-07-13T10:32:00-07:00,20,
1783963980,2026-07-13T10:33:00-07:00,30,
1783964040,2026-07-13T10:34:00-07:00,93,
1783964100,2026-07-13T10:35:00-07:00,63,
1783964160,2026-07-13T10:36:00-07:00,147,
1783964220,2026-07-13T10:37:00-07:00,44,
1783964280,2026-07-13T10:38:00-07:00,84,
1783964340,2026-07-13T10:39:00-07:00,42,
1783964400,2026-07-13T10:40:00-07:00,42,
1783964460,2026-07-13T10:41:00-07:00,53,
1783964520,2026-07-13T10:42:00-07:00,121,
1783964580,2026-07-13T10:43:00-07:00,101,
1783964640,2026-07-13T10:44:00-07:00,114,
1783964700,2026-07-13T10:45:00-07:00,67,
1783964760,2026-07-13T10:46:00-07:00,93,
1783964820,2026-07-13T10:47:00-07:00,163,
1783964880,2026-07-13T10:48:00-07:00,156,
1783964940,2026-07-13T10:49:00-07:00,109,
1783965000,2026-07-13T10:50:00-07:00,61,
1783965060,2026-07-13T10:51:00-07:00,70,
1783965120,2026-07-13T10:52:00-07:00,105,
1783965180,2026-07-13T10:53:00-07:00,147,
1783965240,2026-07-13T10:54:00-07:00,36,
1783965300,2026-07-13T10:55:00-07:00,90,
1783965360,2026-07-13T10:56:00-07:00,81,
1783965420,2026-07-13T10:57:00-07:00,121,
1783965480,2026-07-13T10:58:00-07:00,60,
1783965540,2026-07-13T10:59:00-07:00,48,
1783965600,2026-07-13T11:00:00-07:00,124,
1783965660,2026-07-13T11:01:00-07:00,225,
1783965720,2026-07-13T11:02:00-07:00,69,
1783965780,2026-07-13T11:03:00-07:00,104,
1783965840,2026-07-13T11:04:00-07:00,76,
1783965900,2026-07-13T11:05:00-07:00,115,
1783965960,2026-07-13T11:06:00-07:00,131,
1783966020,2026-07-13T11:07:00-07:00,192,
1783966080,2026-07-13T11:08:00-07:00,86,
1783966140,2026-07-13T11:09:00-07:00,123,
1783966200,2026-07-13T11:10:00-07:00,68,
1783966260,2026-07-13T11:11:00-07:00,150,
1783966320,2026-07-13T11:12:00-07:00,37,
1783966380,2026-07-13T11:13:00-07:00,151,
1783966440,2026-07-13T11:14:00-07:00,129,
1783966500,2026-07-13T11:15:00-07:00,77,
1783966560,2026-07-13T11:16:00-07:00,258,
1783966620,2026-07-13T11:17:00-07:00,241,
1783966680,2026-07-13T11:18:00-07:00,135,
1783966740,2026-07-13T11:19:00-07:00,84,
1783966800,2026-07-13T11:20:00-07:00,94,
1783966860,2026-07-13T11:21:00-07:00,126,
1783966920,2026-07-13T11:22:00-07:00,90,
1783966980,2026-07-13T11:23:00-07:00,101,
1783967040,2026-07-13T11:24:00-07:00,46,
1783967100,2026-07-13T11:25:00-07:00,102,
1783967160,2026-07-13T11:26:00-07:00,67,
1783967220,2026-07-13T11:27:00-07:00,111,
1783967280,2026-07-13T11:28:00-07:00,172,
1783967340,2026-07-13T11:29:00-07:00,97,
1783967400,2026-07-13T11:30:00-07:00,31,
1783967460,2026-07-13T11:31:00-07:00,126,
1783967520,2026-07-13T11:32:00-07:00,90,
1783967580,2026-07-13T11:33:00-07:00,108,
1783967640,2026-07-13T11:34:00-07:00,51,
1783967700,2026-07-13T11:35:00-07:00,92,
1783967760,2026-07-13T11:36:00-07:00,102,
1783967820,2026-07-13T11:37:00-07:00,112,
1783967880,2026-07-13T11:38:00-07:00,127,
1783967940,2026-07-13T11:39:00-07:00,270,
1783968000,2026-07-13T11:40:00-07:00,47,
1783968060,2026-07-13T11:41:00-07:00,117,
1783968120,2026-07-13T11:42:00-07:00,77,
1783968180,2026-07-13T11:43:00-07:00,156,
1783968240,2026-07-13T11:44:00-07:00,132,
1783968300,2026-07-13T11:45:00-07:00,118,
1783968360,2026-07-13T11:46:00-07:00,46,
1783968420,2026-07-13T11:47:00-07:00,65,
1783968480,2026-07-13T11:48:00-07:00,83,
1783968540,2026-07-13T11:49:00-07:00,42,
1783968600,2026-07-13T11:50:00-07:00,144,
1783968660,2026-07-13T11:51:00-07:00,89,
1783968720,2026-07-13T11:52:00-07:00,102,
1783968780,2026-07-13T11:53:00-07:00,91,
1783968840,2026-07-13T11:54:00-07:00,99,
1783968900,2026-07-13T11:55:00-07:00,79,
1783968960,2026-07-13T11:56:00-07:00,152,
1783969020,2026-07-13T11:57:00-07:00,65,
1783969080,2026-07-13T11:58:00-07:00,83,
1783969140,2026-07-13T11:59:00-07:00,156,
1783969200,2026-07-13T12:00:00-07:00,115,
1783969260,2026-07-13T12:01:00-07:00,136,
1783969320,2026-07-13T12:02:00-07:00,190,
1783969380,2026-07-13T12:03:00-07:00,179,
1783969440,2026-07-13T12:04:00-07:00,133,
1783969500,2026-07-13T12:05:00-07:00,51,
1783969560,2026-07-13T12:06:00-07:00,74,
1783969620,2026-07-13T12:07:00-07:00,126,
1783969680,2026-07-13T12:08:00-07:00,94,
1783969740,2026-07-13T12:09:00-07:00,86,
1783969800,2026-07-13T12:10:00-07:00,144,
1783969860,2026-07-13T12:11:00-07:00,119,
1783969920,2026-07-13T12:12:00-07:00,123,
1783969980,2026-07-13T12:13:00-07:00,70,
1783970040,2026-07-13T12:14:00-07:00,44,
1783970100,2026-07-13T12:15:00-07:00,58,
1783970160,2026-07-13T12:16:00-07:00,135,
1783970220,2026-07-13T12:17:00-07:00,92,
1783970280,2026-07-13T12:18:00-07:00,170,
1783970340,2026-07-13T12:19:00-07:00,106,
1783970400,2026-07-13T12:20:00-07:00,93,
1783970460,2026-07-13T12:21:00-07:00,128,
1783970520,2026-07-13T12:22:00-07:00,137,
1783970580,2026-07-13T12:23:00-07:00,131,
1783970640,2026-07-13T12:24:00-07:00,115,
1783970700,2026-07-13T12:25:00-07:00,151,
1783970760,2026-07-13T12:26:00-07:00,104,
1783970820,2026-07-13T12:27:00-07:00,133,
1783970880,2026-07-13T12:28:00-07:00,67,
1783970940,2026-07-13T12:29:00-07:00,122,
1783971000,2026-07-13T12:30:00-07:00,144,
1783971060,2026-07-13T12:31:00-07:00,172,
1783971120,2026-07-13T12:32:00-07:00,73,
1783971180,2026-07-13T12:33:00-07:00,100,
1783971240,2026-07-13T12:34:00-07:00,127,
1783971300,2026-07-13T12:35:00-07:00,68,
1783971360,2026-07-13T12:36:00-07:00,87,
1783971420,2026-07-13T12:37:00-07:00,94,
1783971480,2026-07-13T12:38:00-07:00,148,
1783971540,2026-07-13T12:39:00-07:00,130,
1783971600,2026-07-13T12:40:00-07:00,92,
1783971660,2026-07-13T12:41:00-07:00,51,
1783971720,2026-07-13T12:42:00-07:00,84,
1783971780,2026-07-13T12:43:00-07:00,88,
1783971840,2026-07-13T12:44:00-07:00,150,
1783971900,2026-07-13T12:45:00-07:00,124,
1783971960,2026-07-13T12:46:00-07:00,124,
1783972020,2026-07-13T12:47:00-07:00,115,
1783972080,2026-07-13T12:48:00-07:00,115,
1783972140,2026-07-13T12:49:00-07:00,58,
1783972200,2026-07-13T12:50:00-07:00,84,
1783972260,2026-07-13T12:51:00-07:00,90,
1783972320,2026-07-13T12:52:00-07:00,82,
1783972380,2026-07-13T12:53:00-07:00,120,
1783972440,2026-07-13T12:54:00-07:00,138,
1783972500,2026-07-13T12:55:00-07:00,90,
1783972560,2026-07-13T12:56:00-07:00,89,
1783972620,2026-07-13T12:57:00-07:00,124,
1783972680,2026-07-13T12:58:00-07:00,115,
1783972740,2026-07-13T12:59:00-07:00,80,
1783972800,2026-07-13T13:00:00-07:00,73,
1783972860,2026-07-13T13:01:00-07:00,56,
1783972920,2026-07-13T13:02:00-07:00,111,
1783972980,2026-07-13T13:03:00-07:00,134,
1783973040,2026-07-13T13:04:00-07:00,117,
1783973100,2026-07-13T13:05:00-07:00,45,
1783973160,2026-07-13T13:06:00-07:00,64,
1783973220,2026-07-13T13:07:00-07:00,66,
1783973280,2026-07-13T13:08:00-07:00,112,
1783973340,2026-07-13T13:09:00-07:00,84,
1783973400,2026-07-13T13:10:00-07:00,134,
1783973460,2026-07-13T13:11:00-07:00,96,
1783973520,2026-07-13T13:12:00-07:00,118,
1783973580,2026-07-13T13:13:00-07:00,84,
1783973640,2026-07-13T13:14:00-07:00,107,
1783973700,2026-07-13T13:15:00-07:00,135,
1783973760,2026-07-13T13:16:00-07:00,94,
1783973820,2026-07-13T13:17:00-07:00,96,
1783973880,2026-07-13T13:18:00-07:00,108,
1783973940,2026-07-13T13:19:00-07:00,68,
1783974000,2026-07-13T13:20:00-07:00,47,
1783974060,2026-07-13T13:21:00-07:00,92,
1783974120,2026-07-13T13:22:00-07:00,140,
1783974180,2026-07-13T13:23:00-07:00,117,
1783974240,2026-07-13T13:24:00-07:00,169,
1783974300,2026-07-13T13:25:00-07:00,129,
1783974360,2026-07-13T13:26:00-07:00,121,
1783974420,2026-07-13T13:27:00-07:00,73,
1783974480,2026-07-13T13:28:00-07:00,184,
1783974540,2026-07-13T13:29:00-07:00,71,
1783974600,2026-07-13T13:30:00-07:00,59,
1783974660,2026-07-13T13:31:00-07:00,52,
1783974720,2026-07-13T13:32:00-07:00,125,
1783974780,2026-07-13T13:33:00-07:00,90,
1783974840,2026-07-13T13:34:00-07:00,164,
1783974900,2026-07-13T13:35:00-07:00,145,
1783974960,2026-07-13T13:36:00-07:00,133,
1783975020,2026-07-13T13:37:00-07:00,206,
1783975080,2026-07-13T13:38:00-07:00,52,
1783975140,2026-07-13T13:39:00-07:00,115,
1783975200,2026-07-13T13:40:00-07:00,94,
1783975260,2026-07-13T13:41:00-07:00,123,
1783975320,2026-07-13T13:42:00-07:00,134,
1783975380,2026-07-13T13:43:00-07:00,80,
1783975440,2026-07-13T13:44:00-07:00,65,
1783975500,2026-07-13T13:45:00-07:00,48,
1783975560,2026-07-13T13:46:00-07:00,176,
1783975620,2026-07-13T13:47:00-07:00,49,
1783975680,2026-07-13T13:48:00-07:00,104,
1783975740,2026-07-13T13:49:00-07:00,108,
1783975800,2026-07-13T13:50:00-07:00,113,
1783975860,2026-07-13T13:51:00-07:00,150,
1783975920,2026-07-13T13:52:00-07:00,117,
1783975980,2026-07-13T13:53:00-07:00,77,
1783976040,2026-07-13T13:54:00-07:00,68,
1783976100,2026-07-13T13:55:00-07:00,114,
1783976160,2026-07-13T13:56:00-07:00,88,
1783976220,2026-07-13T13:57:00-07:00,30,
1783976280,2026-07-13T13:58:00-07:00,112,
1783976340,2026-07-13T13:59:00-07:00,57,
1783976400,2026-07-13T14:00:00-07:00,158,
1783976460,2026-07-13T14:01:00-07:00,95,
1783976520,2026-07-13T14:02:00-07:00,67,
1783976580,2026-07-13T14:03:00-07:00,61,
1783976640,2026-07-13T14:04:00-07:00,98,
1783976700,2026-07-13T14:05:00-07:00,63,
1783976760,2026-07-13T14:06:00-07:00,82,
1783976820,2026-07-13T14:07:00-07:00,93,
1783976880,2026-07-13T14:08:00-07:00,48,
1783976940,2026-07-13T14:09:00-07:00,60,
1783977000,2026-07-13T14:10:00-07:00,61,
1783977060,2026-07-13T14:11:00-07:00,60,
1783977120,2026-07-13T14:12:00-07:00,88,
1783977180,2026-07-13T14:13:00-07:00,77,
1783977240,2026-07-13T14:14:00-07:00,139,
1783977300,2026-07-13T14:15:00-07:00,129,
1783977360,2026-07-13T14:16:00-07:00,87,
1783977420,2026-07-13T14:17:00-07:00,101,
1783977480,2026-07-13T14:18:00-07:00,168,
1783977540,2026-07-13T14:19:00-07:00,96,
1783977600,2026-07-13T14:20:00-07:00,163,
1783977660,2026-07-13T14:21:00-07:00,145,
1783977720,2026-07-13T14:22:00-07:00,76,
1783977780,2026-07-13T14:23:00-07:00,151,
1783977840,2026-07-13T14:24:00-07:00,152,
1783977900,2026-07-13T14:25:00-07:00,112,
1783977960,2026-07-13T14:26:00-07:00,34,
1783978020,2026-07-13T14:27:00-07:00,124,
1783978080,2026-07-13T14:28:00-07:00,56,
1783978140,2026-07-13T14:29:00-07:00,125,
1783978200,2026-07-13T14:30:00-07:00,141,
1783978260,2026-07-13T14:31:00-07:00,85,
1783978320,2026-07-13T14:32:00-07:00,103,
1783978380,2026-07-13T14:33:00-07:00,40,
1783978440,2026-07-13T14:34:00-07:00,70,
1783978500,2026-07-13T14:35:00-07:00,104,
1783978560,2026-07-13T14:36:00-07:00,88,
1783978620,2026-07-13T14:37:00-07:00,157,
1783978680,2026-07-13T14:38:00-07:00,152,
1783978740,2026-07-13T14:39:00-07:00,105,
1783978800,2026-07-13T14:40:00-07:00,49,
1783978860,2026-07-13T14:41:00-07:00,78,
1783978920,2026-07-13T14:42:00-07:00,130,
1783978980,2026-07-13T14:43:00-07:00,154,
1783979040,2026-07-13T14:44:00-07:00,145,
1783979100,2026-07-13T14:45:00-07:00,89,
1783979160,2026-07-13T14:46:00-07:00,122,
1783979220,2026-07-13T14:47:00-07:00,35,
1783979280,2026-07-13T14:48:00-07:00,132,
1783979340,2026-07-13T14:49:00-07:00,89,
1783979400,2026-07-13T14:50:00-07:00,127,
1783979460,2026-07-13T14:51:00-07:00,130,
1783979520,2026-07-13T14:52:00-07:00,43,
1783979580,2026-07-13T14:53:00-07:00,128,
1783979640,2026-07-13T14:54:00-07:00,148,
1783979700,2026-07-13T14:55:00-07:00,57,
1783979760,2026-07-13T14:56:00-07:00,121,
1783979820,2026-07-13T14:57:00-07:00,131,
1783979880,2026-07-13T14:58:00-07:00,137,
1783979940,2026-07-13T14:59:00-07:00,90,
1783980000,2026-07-13T15:00:00-07:00,83,
1783980060,2026-07-13T15:01:00-07:00,110,
1783980120,2026-07-13T15:02:00-07:00,224,
1783980180,2026-07-13T15:03:00-07:00,108,
1783980240,2026-07-13T15:04:00-07:00,113,
1783980300,2026-07-13T15:05:00-07:00,126,
1783980360,2026-07-13T15:06:00-07:00,127,
1783980420,2026-07-13T15:07:00-07:00,107,
1783980480,2026-07-13T15:08:00-07:00,72,
1783980540,2026-07-13T15:09:00-07:00,99,
1783980600,2026-07-13T15:10:00-07:00,109,
1783980660,2026-07-13T15:11:00-07:00,90,
1783980720,2026-07-13T15:12:00-07:00,132,
1783980780,2026-07-13T15:13:00-07:00,105,
1783980840,2026-07-13T15:14:00-07:00,82,
1783980900,2026-07-13T15:15:00-07:00,192,
1783980960,2026-07-13T15:16:00-07:00,153,
1783981020,2026-07-13T15:17:00-07:00,86,
1783981080,2026-07-13T15:18:00-07:00,89,
1783981140,2026-07-13T15:19:00-07:00,144,
1783981200,2026-07-13T15:20:00-07:00,98,
1783981260,2026-07-13T15:21:00-07:00,121,
1783981320,2026-07-13T15:22:00-07:00,48,
1783981380,2026-07-13T15:23:00-07:00,110,
1783981440,2026-07-13T15:24:00-07:00,88,
1783981500,2026-07-13T15:25:00-07:00,102,
1783981560,2026-07-13T15:26:00-07:00,81,
1783981620,2026-07-13T15:27:00-07:00,101,
1783981680,2026-07-13T15:28:00-07:00,74,
1783981740,2026-07-13T15:29:00-07:00,155,
1783981800,2026-07-13T15:30:00-07:00,106,
1783981860,2026-07-13T15:31:00-07:00,130,
1783981920,2026-07-13T15:32:00-07:00,45,
1783981980,2026-07-13T15:33:00-07:00,124,
1783982040,2026-07-13T15:34:00-07:00,142,
1783982100,2026-07-13T15:35:00-07:00,127,
1783982160,2026-07-13T15:36:00-07:00,88,
1783982220,2026-07-13T15:37:00-07:00,50,
1783982280,2026-07-13T15:38:00-07:00,140,
1783982340,2026-07-13T15:39:00-07:00,157,
1783982400,2026-07-13T15:40:00-07:00,50,
1783982460,2026-07-13T15:41:00-07:00,153,
1783982520,2026-07-13T15:42:00-07:00,122,
1783982580,2026-07-13T15:43:00-07:00,130,
1783982640,2026-07-13T15:44:00-07:00,80,
1783982700,2026-07-13T15:45:00-07:00,63,
1783982760,2026-07-13T15:46:00-07:00,212,
1783982820,2026-07-13T15:47:00-07:00,206,
1783982880,2026-07-13T15:48:00-07:00,122,
1783982940,2026-07-13T15:49:00-07:00,141,
1783983000,2026-07-13T15:50:00-07:00,126,
1783983060,2026-07-13T15:51:00-07:00,117,
1783983120,2026-07-13T15:52:00-07:00,112,
1783983180,2026-07-13T15:53:00-07:00,113,
1783983240,2026-07-13T15:54:00-07:00,154,
1783983300,2026-07-13T15:55:00-07:00,150,
1783983360,2026-07-13T15:56:00-07:00,131,
1783983420,2026-07-13T15:57:00-07:00,72,
1783983480,2026-07-13T15:58:00-07:00,72,
1783983540,2026-07-13T15:59:00-07:00,95,
1783983600,2026-07-13T16:00:00-07:00,183,
1783983660,2026-07-13T16:01:00-07:00,181,
1783983720,2026-07-13T16:02:00-07:00,50,
1783983780,2026-07-13T16:03:00-07:00,107,
1783983840,2026-07-13T16:04:00-07:00,72,
1783983900,2026-07-13T16:05:00-07:00,115,
1783983960,2026-07-13T16:06:00-07:00,107,
1783984020,2026-07-13T16:07:00-07:00,128,
1783984080,2026-07-13T16:08:00-07:00,46,
1783984140,2026-07-13T16:09:00-07:00,134,
1783984200,2026-07-13T16:10:00-07:00,148,
1783984260,2026-07-13T16:11:00-07:00,102,
1783984320,2026-07-13T16:12:00-07:00,182,
1783984380,2026-07-13T16:13:00-07:00,119,
1783984440,2026-07-13T16:14:00-07:00,153,
1783984500,2026-07-13T16:15:00-07:00,102,
1783984560,2026-07-13T16:16:00-07:00,127,
1783984620,2026-07-13T16:17:00-07:00,62,
1783984680,2026-07-13T16:18:00-07:00,114,
1783984740,2026-07-13T16:19:00-07:00,70,
1783984800,2026-07-13T16:20:00-07:00,102,
1783984860,2026-07-13T16:21:00-07:00,118,
1783984920,2026-07-13T16:22:00-07:00,120,
1783984980,2026-07-13T16:23:00-07:00,103,
1783985040,2026-07-13T16:24:00-07:00,99,
1783985100,2026-07-13T16:25:00-07:00,93,
1783985160,2026-07-13T16:26:00-07:00,144,
1783985220,2026-07-13T16:27:00-07:00,96,
1783985280,2026-07-13T16:28:00-07:00,142,
1783985340,2026-07-13T16:29:00-07:00,61,
1783985400,2026-07-13T16:30:00-07:00,59,
1783985460,2026-07-13T16:31:00-07:00,48,
1783985520,2026-07-13T16:32:00-07:00,61,
1783985580,2026-07-13T16:33:00-07:00,152,
1783985640,2026-07-13T16:34:00-07:00,75,
1783985700,2026-07-13T16:35:00-07:00,85,
1783985760,2026-07-13T16:36:00-07:00,62,
1783985820,2026-07-13T16:37:00-07:00,115,
1783985880,2026-07-13T16:38:00-07:00,121,
1783985940,2026-07-13T16:39:00-07:00,85,
1783986000,2026-07-13T16:40:00-07:00,134,
1783986060,2026-07-13T16:41:00-07:00,94,
1783986120,2026-07-13T16:42:00-07:00,124,
1783986180,2026-07-13T16:43:00-07:00,88,
1783986240,2026-07-13T16:44:00-07:00,125,
1783986300,2026-07-13T16:45:00-07:00,81,
1783986360,2026-07-13T16:46:00-07:00,53,
1783986420,2026-07-13T16:47:00-07:00,139,
1783986480,2026-07-13T16:48:00-07:00,112,
1783986540,2026-07-13T16:49:00-07:00,136,
1783986600,2026-07-13T16:50:00-07:00,77,
1783986660,2026-07-13T16:51:00-07:00,134,
1783986720,2026-07-13T16:52:00-07:00,74,
1783986780,2026-07-13T16:53:00-07:00,142,
1783986840,2026-07-13T16:54:00-07:00,59,
1783986900,2026-07-13T16:55:00-07:00,73,
1783986960,2026-07-13T16:56:00-07:00,122,
1783987020,2026-07-13T16:57:00-07:00,94,
1783987080,2026-07-13T16:58:00-07:00,113,
1783987140,2026-07-13T16:59:00-07:00,94,
1783987200,2026-07-13T17:00:00-07:00,110,
1783987260,2026-07-13T17:01:00-07:00,55,
1783987320,2026-07-13T17:02:00-07:00,62,
1783987380,2026-07-13T17:03:00-07:00,78,
1783987440,2026-07-13T17:04:00-07:00,106,
1783987500,2026-07-13T17:05:00-07:00,231,
1783987560,2026-07-13T17:06:00-07:00,168,
1783987620,2026-07-13T17:07:00-07:00,44,
1783987680,2026-07-13T17:08:00-07:00,104,
1783987740,2026-07-13T17:09:00-07:00,120,
1783987800,2026-07-13T17:10:00-07:00,54,
1783987860,2026-07-13T17:11:00-07:00,86,
1783987920,2026-07-13T17:12:00-07:00,234,
1783987980,2026-07-13T17:13:00-07:00,71,
1783988040,2026-07-13T17:14:00-07:00,47,
1783988100,2026-07-13T17:15:00-07:00,125,
1783988160,2026-07-13T17:16:00-07:00,120,
1783988220,2026-07-13T17:17:00-07:00,80,
1783988280,2026-07-13T17:18:00-07:00,125,
1783988340,2026-07-13T17:19:00-07:00,142,
1783988400,2026-07-13T17:20:00-07:00,77,
1783988460,2026-07-13T17:21:00-07:00,70,
1783988520,2026-07-13T17:22:00-07:00,165,
1783988580,2026-07-13T17:23:00-07:00,75,
1783988640,2026-07-13T17:24:00-07:00,68,
1783988700,2026-07-13T17:25:00-07:00,103,
1783988760,2026-07-13T17:26:00-07:00,130,
1783988820,2026-07-13T17:27:00-07:00,171,
1783988880,2026-07-13T17:28:00-07:00,133,
1783988940,2026-07-13T17:29:00-07:00,60,
1783989000,2026-07-13T17:30:00-07:00,54,
1783989060,2026-07-13T17:31:00-07:00,44,
1783989120,2026-07-13T17:32:00-07:00,102,
1783989180,2026-07-13T17:33:00-07:00,148,
1783989240,2026-07-13T17:34:00-07:00,80,
1783989300,2026-07-13T17:35:00-07:00,110,
1783989360,2026-07-13T17:36:00-07:00,166,
1783989420,2026-07-13T17:37:00-07:00,123,
1783989480,2026-07-13T17:38:00-07:00,89,
1783989540,2026-07-13T17:39:00-07:00,95,
1783989600,2026-07-13T17:40:00-07:00,105,
1783989660,2026-07-13T17:41:00-07:00,100,
1783989720,2026-07-13T17:42:00-07:00,108,
1783989780,2026-07-13T17:43:00-07:00,78,
1783989840,2026-07-13T17:44:00-07:00,138,
1783989900,2026-07-13T17:45:00-07:00,123,
1783989960,2026-07-13T17:46:00-07:00,134,
1783990020,2026-07-13T17:47:00-07:00,80,
1783990080,2026-07-13T17:48:00-07:00,137,
1783990140,2026-07-13T17:49:00-07:00,100,
1783990200,2026-07-13T17:50:00-07:00,120,
1783990260,2026-07-13T17:51:00-07:00,108,
1783990320,2026-07-13T17:52:00-07:00,74,
1783990380,2026-07-13T17:53:00-07:00,145,
1783990440,2026-07-13T17:54:00-07:00,114,
1783990500,2026-07-13T17:55:00-07:00,189,
1783990560,2026-07-13T17:56:00-07:00,147,
1783990620,2026-07-13T17:57:00-07:00,110,
1783990680,2026-07-13T17:58:00-07:00,107,
1783990740,2026-07-13T17:59:00-07:00,195,
1783990800,2026-07-13T18:00:00-07:00,144,
1783990860,2026-07-13T18:01:00-07:00,96,
1783990920,2026-07-13T18:02:00-07:00,128,
1783990980,2026-07-13T18:03:00-07:00,119,
1783991040,2026-07-13T18:04:00-07:00,125,
1783991100,2026-07-13T18:05:00-07:00,69,
1783991160,2026-07-13T18:06:00-07:00,125,
1783991220,2026-07-13T18:07:00-07:00,113,
1783991280,2026-07-13T18:08:00-07:00,115,
1783991340,2026-07-13T18:09:00-07:00,127,
1783991400,2026-07-13T18:10:00-07:00,71,
1783991460,2026-07-13T18:11:00-07:00,112,
1783991520,2026-07-13T18:12:00-07:00,114,
1783991580,2026-07-13T18:13:00-07:00,134,
1783991640,2026-07-13T18:14:00-07:00,37,
1783991700,2026-07-13T18:15:00-07:00,50,
1783991760,2026-07-13T18:16:00-07:00,102,
1783991820,2026-07-13T18:17:00-07:00,156,
1783991880,2026-07-13T18:18:00-07:00,193,
1783991940,2026-07-13T18:19:00-07:00,44,
1783992000,2026-07-13T18:20:00-07:00,77,
1783992060,2026-07-13T18:21:00-07:00,38,
1783992120,2026-07-13T18:22:00-07:00,127,
1783992180,2026-07-13T18:23:00-07:00,107,
1783992240,2026-07-13T18:24:00-07:00,53,
1783992300,2026-07-13T18:25:00-07:00,201,
1783992360,2026-07-13T18:26:00-07:00,94,
1783992420,2026-07-13T18:27:00-07:00,192,
1783992480,2026-07-13T18:28:00-07:00,69,
1783992540,2026-07-13T18:29:00-07:00,192,
1783992600,2026-07-13T18:30:00-07:00,112,
1783992660,2026-07-13T18:31:00-07:00,153,
1783992720,2026-07-13T18:32:00-07:00,92,
1783992780,2026-07-13T18:33:00-07:00,32,
1783992840,2026-07-13T18:34:00-07:00,63,
1783992900,2026-07-13T18:35:00-07:00,102,
1783992960,2026-07-13T18:36:00-07:00,96,
1783993020,2026-07-13T18:37:00-07:00,67,
1783993080,2026-07-13T18:38:00-07:00,74,
1783993140,2026-07-13T18:39:00-07:00,151,
1783993200,2026-07-13T18:40:00-07:00,58,
1783993260,2026-07-13T18:41:00-07:00,61,
1783993320,2026-07-13T18:42:00-07:00,51,
1783993380,2026-07-13T18:43:00-07:00,57,
1783993440,2026-07-13T18:44:00-07:00,78,
1783993500,2026-07-13T18:45:00-07:00,110,
1783993560,2026-07-13T18:46:00-07:00,16,
1783993620,2026-07-13T18:47:00-07:00,45,
1783993680,2026-07-13T18:48:00-07:00,245,
1783993740,2026-07-13T18:49:00-07:00,30,
1783993800,2026-07-13T18:50:00-07:00,69,
1783993860,2026-07-13T18:51:00-07:00,73,
1783993920,2026-07-13T18:52:00-07:00,160,
1783993980,2026-07-13T18:53:00-07:00,82,
1783994040,2026-07-13T18:54:00-07:00,57,
1783994100,2026-07-13T18:55:00-07:00,32,
1783994160,2026-07-13T18:56:00-07:00,61,
1783994220,2026-07-13T18:57:00-07:00,69,
1783994280,2026-07-13T18:58:00-07:00,46,
1783994340,2026-07-13T18:59:00-07:00,103,
1783994400,2026-07-13T19:00:00-07:00,77,
1783994460,2026-07-13T19:01:00-07:00,147,
1783994520,2026-07-13T19:02:00-07:00,83,
1783994580,2026-07-13T19:03:00-07:00,59,
1783994640,2026-07-13T19:04:00-07:00,105,
1783994700,2026-07-13T19:05:00-07:00,41,
1783994760,2026-07-13T19:06:00-07:00,99,
1783994820,2026-07-13T19:07:00-07:00,52,
1783994880,2026-07-13T19:08:00-07:00,56,
1783994940,2026-07-13T19:09:00-07:00,87,
1783995000,2026-07-13T19:10:00-07:00,51,
1783995060,2026-07-13T19:11:00-07:00,96,
1783995120,2026-07-13T19:12:00-07:00,41,
1783995180,2026-07-13T19:13:00-07:00,147,
1783995240,2026-07-13T19:14:00-07:00,108,
1783995300,2026-07-13T19:15:00-07:00,48,
1783995360,2026-07-13T19:16:00-07:00,128,
1783995420,2026-07-13T19:17:00-07:00,99,
1783995480,2026-07-13T19:18:00-07:00,61,
1783995540,2026-07-13T19:19:00-07:00,197,
1783995600,2026-07-13T19:20:00-07:00,87,
1783995660,2026-07-13T19:21:00-07:00,109,
1783995720,2026-07-13T19:22:00-07:00,103,
1783995780,2026-07-13T19:23:00-07:00,123,
1783995840,2026-07-13T19:24:00-07:00,45,
1783995900,2026-07-13T19:25:00-07:00,52,
1783995960,2026-07-13T19:26:00-07:00,192,
1783996020,2026-07-13T19:27:00-07:00,139,
1783996080,2026-07-13T19:28:00-07:00,133,
1783996140,2026-07-13T19:29:00-07:00,109,
1783996200,2026-07-13T19:30:00-07:00,60,
1783996260,2026-07-13T19:31:00-07:00,88,
1783996320,2026-07-13T19:32:00-07:00,39,
1783996380,2026-07-13T19:33:00-07:00,94,
1783996440,2026-07-13T19:34:00-07:00,45,
1783996500,2026-07-13T19:35:00-07:00,160,
1783996560,2026-07-13T19:36:00-07:00,136,
1783996620,2026-07-13T19:37:00-07:00,90,
1783996680,2026-07-13T19:38:00-07:00,60,
1783996740,2026-07-13T19:39:00-07:00,118,
1783996800,2026-07-13T19:40:00-07:00,116,
1783996860,2026-07-13T19:41:00-07:00,77,
1783996920,2026-07-13T19:42:00-07:00,49,
1783996980,2026-07-13T19:43:00-07:00,34,
1783997040,2026-07-13T19:44:00-07:00,101,
1783997100,2026-07-13T19:45:00-07:00,29,
1783997160,2026-07-13T19:46:00-07:00,117,
1783997220,2026-07-13T19:47:00-07:00,75,
1783997280,2026-07-13T19:48:00-07:00,98,
1783997340,2026-07-13T19:49:00-07:00,71,
1783997400,2026-07-13T19:50:00-07:00,52,
1783997460,2026-07-13T19:51:00-07:00,65,
1783997520,2026-07-13T19:52:00-07:00,264,
1783997580,2026-07-13T19:53:00-07:00,51,
1783997640,2026-07-13T19:54:00-07:00,82,
1783997700,2026-07-13T19:55:00-07:00,51,
1783997760,2026-07-13T19:56:00-07:00,107,
1783997820,2026-07-13T19:57:00-07:00,73,
1783997880,2026-07-13T19:58:00-07:00,196,
1783997940,2026-07-13T19:59:00-07:00,65,
1783998000,2026-07-13T20:00:00-07:00,139,
1783998060,2026-07-13T20:01:00-07:00,135,
1783998120,2026-07-13T20:02:00-07:00,154,
1783998180,2026-07-13T20:03:00-07:00,83,
1783998240,2026-07-13T20:04:00-07:00,113,
1783998300,2026-07-13T20:05:00-07:00,46,
1783998360,2026-07-13T20:06:00-07:00,86,
1783998420,2026-07-13T20:07:00-07:00,107,
1783998480,2026-07-13T20:08:00-07:00,74,
1783998540,2026-07-13T20:09:00-07:00,117,
1783998600,2026-07-13T20:10:00-07:00,39,
1783998660,2026-07-13T20:11:00-07:00,100,
1783998720,2026-07-13T20:12:00-07:00,114,
1783998780,2026-07-13T20:13:00-07:00,53,
1783998840,2026-07-13T20:14:00-07:00,190,
1783998900,2026-07-13T20:15:00-07:00,135,
1783998960,2026-07-13T20:16:00-07:00,70,
1783999020,2026-07-13T20:17:00-07:00,116,
1783999080,2026-07-13T20:18:00-07:00,33,
1783999140,2026-07-13T20:19:00-07:00,74,
1783999200,2026-07-13T20:20:00-07:00,119,
1783999260,2026-07-13T20:21:00-07:00,96,
1783999320,2026-07-13T20:22:00-07:00,94,
1783999380,2026-07-13T20:23:00-07:00,94,
1783999440,2026-07-13T20:24:00-07:00,121,
1783999500,2026-07-13T20:25:00-07:00,138,
1783999560,2026-07-13T20:26:00-07:00,131,
1783999620,2026-07-13T20:27:00-07:00,115,
1783999680,2026-07-13T20:28:00-07:00,147,
1783999740,2026-07-13T20:29:00-07:00,100,
1783999800,2026-07-13T20:30:00-07:00,146,
1783999860,2026-07-13T20:31:00-07:00,87,
1783999920,2026-07-13T20:32:00-07:00,95,
1783999980,2026-07-13T20:33:00-07:00,47,
1784000040,2026-07-13T20:34:00-07:00,86,
1784000100,2026-07-13T20:35:00-07:00,95,
1784000160,2026-07-13T20:36:00-07:00,114,
1784000220,2026-07-13T20:37:00-07:00,91,
1784000280,2026-07-13T20:38:00-07:00,93,
1784000340,2026-07-13T20:39:00-07:00,97,
1784000400,2026-07-13T20:40:00-07:00,145,
1784000460,2026-07-13T20:41:00-07:00,158,
1784000520,2026-07-13T20:42:00-07:00,177,
1784000580,2026-07-13T20:43:00-07:00,111,
1784000640,2026-07-13T20:44:00-07:00,46,
1784000700,2026-07-13T20:45:00-07:00,89,
1784000760,2026-07-13T20:46:00-07:00,152,
1784000820,2026-07-13T20:47:00-07:00,110,
1784000880,2026-07-13T20:48:00-07:00,117,
1784000940,2026-07-13T20:49:00-07:00,104,
1784001000,2026-07-13T20:50:00-07:00,88,
1784001060,2026-07-13T20:51:00-07:00,99,
1784001120,2026-07-13T20:52:00-07:00,125,
1784001180,2026-07-13T20:53:00-07:00,82,
1784001240,2026-07-13T20:54:00-07:00,176,
1784001300,2026-07-13T20:55:00-07:00,133,
1784001360,2026-07-13T20:56:00-07:00,125,
1784001420,2026-07-13T20:57:00-07:00,143,
1784001480,2026-07-13T20:58:00-07:00,71,
1784001540,2026-07-13T20:59:00-07:00,121,
1784001600,2026-07-13T21:00:00-07:00,25,
1784001660,2026-07-13T21:01:00-07:00,84,
1784001720,2026-07-13T21:02:00-07:00,109,
1784001780,2026-07-13T21:03:00-07:00,111,
1784001840,2026-07-13T21:04:00-07:00,89,
1784001900,2026-07-13T21:05:00-07:00,205,
1784001960,2026-07-13T21:06:00-07:00,98,
1784002020,2026-07-13T21:07:00-07:00,164,
1784002080,2026-07-13T21:08:00-07:00,173,
1784002140,2026-07-13T21:09:00-07:00,155,
1784002200,2026-07-13T21:10:00-07:00,144,
1784002260,2026-07-13T21:11:00-07:00,110,
1784002320,2026-07-13T21:12:00-07:00,53,
1784002380,2026-07-13T21:13:00-07:00,106,
1784002440,2026-07-13T21:14:00-07:00,90,
1784002500,2026-07-13T21:15:00-07:00,149,
1784002560,2026-07-13T21:16:00-07:00,119,
1784002620,2026-07-13T21:17:00-07:00,112,
1784002680,2026-07-13T21:18:00-07:00,95,
1784002740,2026-07-13T21:19:00-07:00,241,
1784002800,2026-07-13T21:20:00-07:00,230,
1784002860,2026-07-13T21:21:00-07:00,123,
1784002920,2026-07-13T21:22:00-07:00,126,
1784002980,2026-07-13T21:23:00-07:00,78,
1784003040,2026-07-13T21:24:00-07:00,54,
1784003100,2026-07-13T21:25:00-07:00,159,
1784003160,2026-07-13T21:26:00-07:00,176,
1784003220,2026-07-13T21:27:00-07:00,87,
1784003280,2026-07-13T21:28:00-07:00,75,
1784003340,2026-07-13T21:29:00-07:00,79,
1784003400,2026-07-13T21:30:00-07:00,147,
1784003460,2026-07-13T21:31:00-07:00,116,
1784003520,2026-07-13T21:32:00-07:00,81,
1784003580,2026-07-13T21:33:00-07:00,68,
1784003640,2026-07-13T21:34:00-07:00,115,
1784003700,2026-07-13T21:35:00-07:00,107,
1784003760,2026-07-13T21:36:00-07:00,161,
1784003820,2026-07-13T21:37:00-07:00,70,
1784003880,2026-07-13T21:38:00-07:00,107,
1784003940,2026-07-13T21:39:00-07:00,125,
1784004000,2026-07-13T21:40:00-07:00,189,
1784004060,2026-07-13T21:41:00-07:00,151,
1784004120,2026-07-13T21:42:00-07:00,136,
1784004180,2026-07-13T21:43:00-07:00,91,
1784004240,2026-07-13T21:44:00-07:00,71,
1784004300,2026-07-13T21:45:00-07:00,126,
1784004360,2026-07-13T21:46:00-07:00,95,
1784004420,2026-07-13T21:47:00-07:00,120,
1784004480,2026-07-13T21:48:00-07:00,121,
1784004540,2026-07-13T21:49:00-07:00,141,
1784004600,2026-07-13T21:50:00-07:00,130,
1784004660,2026-07-13T21:51:00-07:00,60,
1784004720,2026-07-13T21:52:00-07:00,209,
1784004780,2026-07-13T21:53:00-07:00,146,
1784004840,2026-07-13T21:54:00-07:00,79,
1784004900,2026-07-13T21:55:00-07:00,140,
1784004960,2026-07-13T21:56:00-07:00,91,
1784005020,2026-07-13T21:57:00-07:00,226,
1784005080,2026-07-13T21:58:00-07:00,55,
1784005140,2026-07-13T21:59:00-07:00,109,
1784005200,2026-07-13T22:00:00-07:00,133,
1784005260,2026-07-13T22:01:00-07:00,145,
1784005320,2026-07-13T22:02:00-07:00,171,
1784005380,2026-07-13T22:03:00-07:00,77,
1784005440,2026-07-13T22:04:00-07:00,140,
1784005500,2026-07-13T22:05:00-07:00,94,
1784005560,2026-07-13T22:06:00-07:00,104,
1784005620,2026-07-13T22:07:00-07:00,119,
1784005680,2026-07-13T22:08:00-07:00,85,
1784005740,2026-07-13T22:09:00-07:00,78,
1784005800,2026-07-13T22:10:00-07:00,71,
1784005860,2026-07-13T22:11:00-07:00,57,
1784005920,2026-07-13T22:12:00-07:00,206,
1784005980,2026-07-13T22:13:00-07:00,56,
1784006040,2026-07-13T22:14:00-07:00,72,
1784006100,2026-07-13T22:15:00-07:00,40,
1784006160,2026-07-13T22:16:00-07:00,44,
1784006220,2026-07-13T22:17:00-07:00,134,
1784006280,2026-07-13T22:18:00-07:00,77,
1784006340,2026-07-13T22:19:00-07:00,123,
1784006400,2026-07-13T22:20:00-07:00,95,
1784006460,2026-07-13T22:21:00-07:00,73,
1784006520,2026-07-13T22:22:00-07:00,79,
1784006580,2026-07-13T22:23:00-07:00,75,
1784006640,2026-07-13T22:24:00-07:00,78,
1784006700,2026-07-13T22:25:00-07:00,213,
1784006760,2026-07-13T22:26:00-07:00,246,
1784006820,2026-07-13T22:27:00-07:00,45,
1784006880,2026-07-13T22:28:00-07:00,107,
1784006940,2026-07-13T22:29:00-07:00,46,
1784007000,2026-07-13T22:30:00-07:00,147,
1784007060,2026-07-13T22:31:00-07:00,57,
1784007120,2026-07-13T22:32:00-07:00,45,
1784007180,2026-07-13T22:33:00-07:00,107,
1784007240,2026-07-13T22:34:00-07:00,172,
1784007300,2026-07-13T22:35:00-07:00,153,
1784007360,2026-07-13T22:36:00-07:00,64,
1784007420,2026-07-13T22:37:00-07:00,136,
1784007480,2026-07-13T22:38:00-07:00,35,
1784007540,2026-07-13T22:39:00-07:00,83,
1784007600,2026-07-13T22:40:00-07:00,104,
1784007660,2026-07-13T22:41:00-07:00,41,
1784007720,2026-07-13T22:42:00-07:00,94,
1784007780,2026-07-13T22:43:00-07:00,99,
1784007840,2026-07-13T22:44:00-07:00,106,
1784007900,2026-07-13T22:45:00-07:00,77,
1784007960,2026-07-13T22:46:00-07:00,82,
1784008020,2026-07-13T22:47:00-07:00,67,
1784008080,2026-07-13T22:48:00-07:00,168,
1784008140,2026-07-13T22:49:00-07:00,86,
1784008200,2026-07-13T22:50:00-07:00,90,
1784008260,2026-07-13T22:51:00-07:00,151,
1784008320,2026-07-13T22:52:00-07:00,78,
1784008380,2026-07-13T22:53:00-07:00,128,
1784008440,2026-07-13T22:54:00-07:00,97,
1784008500,2026-07-13T22:55:00-07:00,136,
1784008560,2026-07-13T22:56:00-07:00,55,
1784008620,2026-07-13T22:57:00-07:00,91,
1784008680,2026-07-13T22:58:00-07:00,78,
1784008740,2026-07-13T22:59:00-07:00,123,
1784008800,2026-07-13T23:00:00-07:00,80,
1784008860,2026-07-13T23:01:00-07:00,92,
1784008920,2026-07-13T23:02:00-07:00,138,
1784008980,2026-07-13T23:03:00-07:00,115,
1784009040,2026-07-13T23:04:00-07:00,36,
1784009100,2026-07-13T23:05:00-07:00,49,
1784009160,2026-07-13T23:06:00-07:00,43,
1784009220,2026-07-13T23:07:00-07:00,58,
1784009280,2026-07-13T23:08:00-07:00,30,
1784009340,2026-07-13T23:09:00-07:00,79,
1784009400,2026-07-13T23:10:00-07:00,72,
1784009460,2026-07-13T23:11:00-07:00,25,
1784009520,2026-07-13T23:12:00-07:00,98,
1784009580,2026-07-13T23:13:00-07:00,42,
1784009640,2026-07-13T23:14:00-07:00,69,
1784009700,2026-07-13T23:15:00-07:00,35,
1784009760,2026-07-13T23:16:00-07:00,69,
1784009820,2026-07-13T23:17:00-07:00,73,
1784009880,2026-07-13T23:18:00-07:00,99,
1784009940,2026-07-13T23:19:00-07:00,176,
1784010000,2026-07-13T23:20:00-07:00,43,
1784010060,2026-07-13T23:21:00-07:00,144,
1784010120,2026-07-13T23:22:00-07:00,34,
1784010180,2026-07-13T23:23:00-07:00,58,
1784010240,2026-07-13T23:24:00-07:00,60,
1784010300,2026-07-13T23:25:00-07:00,105,
1784010360,2026-07-13T23:26:00-07:00,144,
1784010420,2026-07-13T23:27:00-07:00,126,
1784010480,2026-07-13T23:28:00-07:00,26,
1784010540,2026-07-13T23:29:00-07:00,32,
1784010600,2026-07-13T23:30:00-07:00,66,
1784010660,2026-07-13T23:31:00-07:00,69,
1784010720,2026-07-13T23:32:00-07:00,76,
1784010780,2026-07-13T23:33:00-07:00,46,
1784010840,2026-07-13T23:34:00-07:00,48,
1784010900,2026-07-13T23:35:00-07:00,27,
1784010960,2026-07-13T23:36:00-07:00,126,
1784011020,2026-07-13T23:37:00-07:00,42,
1784011080,2026-07-13T23:38:00-07:00,17,
1784011140,2026-07-13T23:39:00-07:00,67,
1784011200,2026-07-13T23:40:00-07:00,38,
1784011260,2026-07-13T23:41:00-07:00,36,
1784011320,2026-07-13T23:42:00-07:00,47,
1784011380,2026-07-13T23:43:00-07:00,32,
1784011440,2026-07-13T23:44:00-07:00,54,
1784011500,2026-07-13T23:45:00-07:00,56,
1784011560,2026-07-13T23:46:00-07:00,25,
1784011620,2026-07-13T23:47:00-07:00,10,
1784011680,2026-07-13T23:48:00-07:00,57,
1784011740,2026-07-13T23:49:00-07:00,59,
1784011800,2026-07-13T23:50:00-07:00,10,
1784011860,2026-07-13T23:51:00-07:00,74,
1784011920,2026-07-13T23:52:00-07:00,102,
1784011980,2026-07-13T23:53:00-07:00,40,
1784012040,2026-07-13T23:54:00-07:00,61,
1784012100,2026-07-13T23:55:00-07:00,17,
1784012160,2026-07-13T23:56:00-07:00,32,
1784012220,2026-07-13T23:57:00-07:00,69,
1784012280,2026-07-13T23:58:00-07:00,25,
1784012340,2026-07-13T23:59:00-07:00,21,
1784012400,2026-07-14T00:00:00-07:00,30,
1784012460,2026-07-14T00:01:00-07:00,22,
1784012520,2026-07-14T00:02:00-07:00,46,
1784012580,2026-07-14T00:03:00-07:00,30,
1784012640,2026-07-14T00:04:00-07:00,38,
1784012700,2026-07-14T00:05:00-07:00,25,
1784012760,2026-07-14T00:06:00-07:00,26,
1784012820,2026-07-14T00:07:00-07:00,27,
1784012880,2026-07-14T00:08:00-07:00,22,
1784012940,2026-07-14T00:09:00-07:00,25,
1784013000,2026-07-14T00:10:00-07:00,25,
1784013060,2026-07-14T00:11:00-07:00,49,
1784013120,2026-07-14T00:12:00-07:00,35,
1784013180,2026-07-14T00:13:00-07:00,34,
1784013240,2026-07-14T00:14:00-07:00,35,
1784013300,2026-07-14T00:15:00-07:00,29,
1784013360,2026-07-14T00:16:00-07:00,19,
1784013420,2026-07-14T00:17:00-07:00,27,
1784013480,2026-07-14T00:18:00-07:00,18,
1784013540,2026-07-14T00:19:00-07:00,29,
1784013600,2026-07-14T00:20:00-07:00,64,
1784013660,2026-07-14T00:21:00-07:00,68,
1784013720,2026-07-14T00:22:00-07:00,45,
1784013780,2026-07-14T00:23:00-07:00,20,
1784013840,2026-07-14T00:24:00-07:00,23,
1784013900,2026-07-14T00:25:00-07:00,16,
1784013960,2026-07-14T00:26:00-07:00,19,
1784014020,2026-07-14T00:27:00-07:00,19,
1784014080,2026-07-14T00:28:00-07:00,8,
1784014140,2026-07-14T00:29:00-07:00,39,
1784014200,2026-07-14T00:30:00-07:00,7,
1784014260,2026-07-14T00:31:00-07:00,22,
1784014320,2026-07-14T00:32:00-07:00,37,
1784014380,2026-07-14T00:33:00-07:00,42,
1784014440,2026-07-14T00:34:00-07:00,12,
1784014500,2026-07-14T00:35:00-07:00,35,
1784014560,2026-07-14T00:36:00-07:00,16,
1784014620,2026-07-14T00:37:00-07:00,10,
1784014680,2026-07-14T00:38:00-07:00,16,
1784014740,2026-07-14T00:39:00-07:00,26,
1784014800,2026-07-14T00:40:00-07:00,9,
1784014860,2026-07-14T00:41:00-07:00,21,
1784014920,2026-07-14T00:42:00-07:00,10,
1784014980,2026-07-14T00:43:00-07:00,15,
1784015040,2026-07-14T00:44:00-07:00,4,
1784015100,2026-07-14T00:45:00-07:00,52,
1784015160,2026-07-14T00:46:00-07:00,9,
1784015220,2026-07-14T00:47:00-07:00,5,
1784015280,2026-07-14T00:48:00-07:00,31,
1784015340,2026-07-14T00:49:00-07:00,20,
1784015400,2026-07-14T00:50:00-07:00,30,
1784015460,2026-07-14T00:51:00-07:00,42,
1784015520,2026-07-14T00:52:00-07:00,33,
1784015580,2026-07-14T00:53:00-07:00,41,
1784015640,2026-07-14T00:54:00-07:00,68,
1784015700,2026-07-14T00:55:00-07:00,29,
1784015760,2026-07-14T00:56:00-07:00,40,
1784015820,2026-07-14T00:57:00-07:00,32,
1784015880,2026-07-14T00:58:00-07:00,7,
1784015940,2026-07-14T00:59:00-07:00,10,
1784016000,2026-07-14T01:00:00-07:00,13,
1784016060,2026-07-14T01:01:00-07:00,33,
1784016120,2026-07-14T01:02:00-07:00,19,
1784016180,2026-07-14T01:03:00-07:00,26,
1784016240,2026-07-14T01:04:00-07:00,28,
1784016300,2026-07-14T01:05:00-07:00,17,
1784016360,2026-07-14T01:06:00-07:00,3,
1784016420,2026-07-14T01:07:00-07:00,4,
1784016480,2026-07-14T01:08:00-07:00,30,
1784016540,2026-07-14T01:09:00-07:00,21,
1784016600,2026-07-14T01:10:00-07:00,10,
1784016660,2026-07-14T01:11:00-07:00,14,
1784016720,2026-07-14T01:12:00-07:00,40,
1784016780,2026-07-14T01:13:00-07:00,19,
1784016840,2026-07-14T01:14:00-07:00,20,
1784016900,2026-07-14T01:15:00-07:00,36,
1784016960,2026-07-14T01:16:00-07:00,37,
1784017020,2026-07-14T01:17:00-07:00,29,
1784017080,2026-07-14T01:18:00-07:00,20,
1784017140,2026-07-14T01:19:00-07:00,14,
1784017200,2026-07-14T01:20:00-07:00,7,
1784017260,2026-07-14T01:21:00-07:00,31,
1784017320,2026-07-14T01:22:00-07:00,33,
1784017380,2026-07-14T01:23:00-07:00,18,
1784017440,2026-07-14T01:24:00-07:00,24,
1784017500,2026-07-14T01:25:00-07:00,23,
1784017560,2026-07-14T01:26:00-07:00,18,
1784017620,2026-07-14T01:27:00-07:00,28,
1784017680,2026-07-14T01:28:00-07:00,14,
1784017740,2026-07-14T01:29:00-07:00,11,
1784017800,2026-07-14T01:30:00-07:00,17,
1784017860,2026-07-14T01:31:00-07:00,13,
1784017920,2026-07-14T01:32:00-07:00,12,
1784017980,2026-07-14T01:33:00-07:00,18,
1784018040,2026-07-14T01:34:00-07:00,31,
1784018100,2026-07-14T01:35:00-07:00,29,
1784018160,2026-07-14T01:36:00-07:00,5,
1784018220,2026-07-14T01:37:00-07:00,3,
1784018280,2026-07-14T01:38:00-07:00,12,
1784018340,2026-07-14T01:39:00-07:00,31,
1784018400,2026-07-14T01:40:00-07:00,15,
1784018460,2026-07-14T01:41:00-07:00,12,
1784018520,2026-07-14T01:42:00-07:00,18,
1784018580,2026-07-14T01:43:00-07:00,21,
1784018640,2026-07-14T01:44:00-07:00,5,
1784018700,2026-07-14T01:45:00-07:00,17,
1784018760,2026-07-14T01:46:00-07:00,38,
1784018820,2026-07-14T01:47:00-07:00,8,
1784018880,2026-07-14T01:48:00-07:00,22,
1784018940,2026-07-14T01:49:00-07:00,18,
1784019000,2026-07-14T01:50:00-07:00,10,
1784019060,2026-07-14T01:51:00-07:00,6,
1784019120,2026-07-14T01:52:00-07:00,10,
1784019180,2026-07-14T01:53:00-07:00,6,
1784019240,2026-07-14T01:54:00-07:00,12,
1784019300,2026-07-14T01:55:00-07:00,15,
1784019360,2026-07-14T01:56:00-07:00,9,
1784019420,2026-07-14T01:57:00-07:00,6,
1784019480,2026-07-14T01:58:00-07:00,7,
1784019540,2026-07-14T01:59:00-07:00,4,
1784019600,2026-07-14T02:00:00-07:00,13,
1784019660,2026-07-14T02:01:00-07:00,5,
1784019720,2026-07-14T02:02:00-07:00,6,
1784019780,2026-07-14T02:03:00-07:00,7,
1784019840,2026-07-14T02:04:00-07:00,3,
1784019900,2026-07-14T02:05:00-07:00,5,
1784019960,2026-07-14T02:06:00-07:00,4,
1784020020,2026-07-14T02:07:00-07:00,5,
1784020080,2026-07-14T02:08:00-07:00,17,
1784020140,2026-07-14T02:09:00-07:00,13,
1784020200,2026-07-14T02:10:00-07:00,5,
1784020260,2026-07-14T02:11:00-07:00,14,
1784020320,2026-07-14T02:12:00-07:00,3,
1784020380,2026-07-14T02:13:00-07:00,11,
1784020440,2026-07-14T02:14:00-07:00,14,
1784020500,2026-07-14T02:15:00-07:00,6,
1784020560,2026-07-14T02:16:00-07:00,5,
1784020620,2026-07-14T02:17:00-07:00,4,
1784020680,2026-07-14T02:18:00-07:00,26,
1784020740,2026-07-14T02:19:00-07:00,5,
1784020800,2026-07-14T02:20:00-07:00,5,
1784020860,2026-07-14T02:21:00-07:00,8,
1784020920,2026-07-14T02:22:00-07:00,7,
1784020980,2026-07-14T02:23:00-07:00,5,
1784021040,2026-07-14T02:24:00-07:00,7,
1784021100,2026-07-14T02:25:00-07:00,10,
1784021160,2026-07-14T02:26:00-07:00,6,
1784021220,2026-07-14T02:27:00-07:00,15,
1784021280,2026-07-14T02:28:00-07:00,27,
1784021340,2026-07-14T02:29:00-07:00,7,
1784021400,2026-07-14T02:30:00-07:00,7,
1784021460,2026-07-14T02:31:00-07:00,5,
1784021520,2026-07-14T02:32:00-07:00,5,
1784021580,2026-07-14T02:33:00-07:00,6,
1784021640,2026-07-14T02:34:00-07:00,12,
1784021700,2026-07-14T02:35:00-07:00,3,
1784021760,2026-07-14T02:36:00-07:00,17,
1784021820,2026-07-14T02:37:00-07:00,8,
1784021880,2026-07-14T02:38:00-07:00,15,
1784021940,2026-07-14T02:39:00-07:00,8,
1784022000,2026-07-14T02:40:00-07:00,7,
1784022060,2026-07-14T02:41:00-07:00,20,
1784022120,2026-07-14T02:42:00-07:00,15,
1784022180,2026-07-14T02:43:00-07:00,20,
1784022240,2026-07-14T02:44:00-07:00,20,
1784022300,2026-07-14T02:45:00-07:00,15,
1784022360,2026-07-14T02:46:00-07:00,39,
1784022420,2026-07-14T02:47:00-07:00,23,
1784022480,2026-07-14T02:48:00-07:00,7,
1784022540,2026-07-14T02:49:00-07:00,6,
1784022600,2026-07-14T02:50:00-07:00,30,
1784022660,2026-07-14T02:51:00-07:00,6,
1784022720,2026-07-14T02:52:00-07:00,17,
1784022780,2026-07-14T02:53:00-07:00,15,
1784022840,2026-07-14T02:54:00-07:00,18,
1784022900,2026-07-14T02:55:00-07:00,29,
1784022960,2026-07-14T02:56:00-07:00,37,
1784023020,2026-07-14T02:57:00-07:00,8,
1784023080,2026-07-14T02:58:00-07:00,16,
1784023140,2026-07-14T02:59:00-07:00,8,
1784023200,2026-07-14T03:00:00-07:00,9,
1784023260,2026-07-14T03:01:00-07:00,25,
1784023320,2026-07-14T03:02:00-07:00,31,
1784023380,2026-07-14T03:03:00-07:00,23,
1784023440,2026-07-14T03:04:00-07:00,11,
1784023500,2026-07-14T03:05:00-07:00,34,
1784023560,2026-07-14T03:06:00-07:00,11,
1784023620,2026-07-14T03:07:00-07:00,5,
1784023680,2026-07-14T03:08:00-07:00,13,
1784023740,2026-07-14T03:09:00-07:00,17,
1784023800,2026-07-14T03:10:00-07:00,30,
1784023860,2026-07-14T03:11:00-07:00,14,
1784023920,2026-07-14T03:12:00-07:00,27,
1784023980,2026-07-14T03:13:00-07:00,17,
1784024040,2026-07-14T03:14:00-07:00,30,
1784024100,2026-07-14T03:15:00-07:00,12,
1784024160,2026-07-14T03:16:00-07:00,11,
1784024220,2026-07-14T03:17:00-07:00,6,
1784024280,2026-07-14T03:18:00-07:00,14,
1784024340,2026-07-14T03:19:00-07:00,8,
1784024400,2026-07-14T03:20:00-07:00,10,
1784024460,2026-07-14T03:21:00-07:00,6,
1784024520,2026-07-14T03:22:00-07:00,15,
1784024580,2026-07-14T03:23:00-07:00,21,
1784024640,2026-07-14T03:24:00-07:00,15,
1784024700,2026-07-14T03:25:00-07:00,8,
1784024760,2026-07-14T03:26:00-07:00,6,
1784024820,2026-07-14T03:27:00-07:00,27,
1784024880,2026-07-14T03:28:00-07:00,10,
1784024940,2026-07-14T03:29:00-07:00,8,
1784025000,2026-07-14T03:30:00-07:00,10,
1784025060,2026-07-14T03:31:00-07:00,14,
1784025120,2026-07-14T03:32:00-07:00,16,
1784025180,2026-07-14T03:33:00-07:00,7,
1784025240,2026-07-14T03:34:00-07:00,7,
1784025300,2026-07-14T03:35:00-07:00,19,
1784025360,2026-07-14T03:36:00-07:00,10,
1784025420,2026-07-14T03:37:00-07:00,4,
1784025480,2026-07-14T03:38:00-07:00,8,
1784025540,2026-07-14T03:39:00-07:00,7,
1784025600,2026-07-14T03:40:00-07:00,9,
1784025660,2026-07-14T03:41:00-07:00,30,
1784025720,2026-07-14T03:42:00-07:00,6,
1784025780,2026-07-14T03:43:00-07:00,10,
1784025840,2026-07-14T03:44:00-07:00,14,
1784025900,2026-07-14T03:45:00-07:00,5,
1784025960,2026-07-14T03:46:00-07:00,4,
1784026020,2026-07-14T03:47:00-07:00,6,
1784026080,2026-07-14T03:48:00-07:00,6,
1784026140,2026-07-14T03:49:00-07:00,5,
1784026200,2026-07-14T03:50:00-07:00,14,
1784026260,2026-07-14T03:51:00-07:00,5,
1784026320,2026-07-14T03:52:00-07:00,17,
1784026380,2026-07-14T03:53:00-07:00,12,
1784026440,2026-07-14T03:54:00-07:00,9,
1784026500,2026-07-14T03:55:00-07:00,5,
1784026560,2026-07-14T03:56:00-07:00,9,
1784026620,2026-07-14T03:57:00-07:00,6,
1784026680,2026-07-14T03:58:00-07:00,9,
1784026740,2026-07-14T03:59:00-07:00,4,
1784026800,2026-07-14T04:00:00-07:00,7,
1784026860,2026-07-14T04:01:00-07:00,9,
1784026920,2026-07-14T04:02:00-07:00,8,
1784026980,2026-07-14T04:03:00-07:00,6,
1784027040,2026-07-14T04:04:00-07:00,3,
1784027100,2026-07-14T04:05:00-07:00,7,
1784027160,2026-07-14T04:06:00-07:00,6,
1784027220,2026-07-14T04:07:00-07:00,10,
1784027280,2026-07-14T04:08:00-07:00,6,
1784027340,2026-07-14T04:09:00-07:00,6,
1784027400,2026-07-14T04:10:00-07:00,6,
1784027460,2026-07-14T04:11:00-07:00,6,
1784027520,2026-07-14T04:12:00-07:00,6,
1784027580,2026-07-14T04:13:00-07:00,3,
1784027640,2026-07-14T04:14:00-07:00,5,
1784027700,2026-07-14T04:15:00-07:00,4,
1784027760,2026-07-14T04:16:00-07:00,7,
1784027820,2026-07-14T04:17:00-07:00,12,
1784027880,2026-07-14T04:18:00-07:00,21,
1784027940,2026-07-14T04:19:00-07:00,6,
1784028000,2026-07-14T04:20:00-07:00,5,
1784028060,2026-07-14T04:21:00-07:00,9,
1784028120,2026-07-14T04:22:00-07:00,8,
1784028180,2026-07-14T04:23:00-07:00,5,
1784028240,2026-07-14T04:24:00-07:00,3,
1784028300,2026-07-14T04:25:00-07:00,13,
1784028360,2026-07-14T04:26:00-07:00,6,
1784028420,2026-07-14T04:27:00-07:00,7,
1784028480,2026-07-14T04:28:00-07:00,6,
1784028540,2026-07-14T04:29:00-07:00,2,
1784028600,2026-07-14T04:30:00-07:00,7,
1784028660,2026-07-14T04:31:00-07:00,4,
1784028720,2026-07-14T04:32:00-07:00,10,
1784028780,2026-07-14T04:33:00-07:00,5,
1784028840,2026-07-14T04:34:00-07:00,5,
1784028900,2026-07-14T04:35:00-07:00,4,
1784028960,2026-07-14T04:36:00-07:00,5,
1784029020,2026-07-14T04:37:00-07:00,8,
1784029080,2026-07-14T04:38:00-07:00,13,
1784029140,2026-07-14T04:39:00-07:00,3,
1784029200,2026-07-14T04:40:00-07:00,8,
1784029260,2026-07-14T04:41:00-07:00,4,
1784029320,2026-07-14T04:42:00-07:00,5,
1784029380,2026-07-14T04:43:00-07:00,10,
1784029440,2026-07-14T04:44:00-07:00,4,
1784029500,2026-07-14T04:45:00-07:00,8,
1784029560,2026-07-14T04:46:00-07:00,7,
1784029620,2026-07-14T04:47:00-07:00,5,
1784029680,2026-07-14T04:48:00-07:00,15,
1784029740,2026-07-14T04:49:00-07:00,8,
1784029800,2026-07-14T04:50:00-07:00,10,
1784029860,2026-07-14T04:51:00-07:00,8,
1784029920,2026-07-14T04:52:00-07:00,8,
1784029980,2026-07-14T04:53:00-07:00,4,
1784030040,2026-07-14T04:54:00-07:00,4,
1784030100,2026-07-14T04:55:00-07:00,5,
1784030160,2026-07-14T04:56:00-07:00,3,
1784030220,2026-07-14T04:57:00-07:00,10,
1784030280,2026-07-14T04:58:00-07:00,4,
1784030340,2026-07-14T04:59:00-07:00,8,
1784030400,2026-07-14T05:00:00-07:00,1,
1784030460,2026-07-14T05:01:00-07:00,5,
1784030520,2026-07-14T05:02:00-07:00,14,
1784030580,2026-07-14T05:03:00-07:00,8,
1784030640,2026-07-14T05:04:00-07:00,6,
1784030700,2026-07-14T05:05:00-07:00,7,
1784030760,2026-07-14T05:06:00-07:00,10,
1784030820,2026-07-14T05:07:00-07:00,11,
1784030880,2026-07-14T05:08:00-07:00,5,
1784030940,2026-07-14T05:09:00-07:00,9,
1784031000,2026-07-14T05:10:00-07:00,8,
1784031060,2026-07-14T05:11:00-07:00,14,
1784031120,2026-07-14T05:12:00-07:00,7,
1784031180,2026-07-14T05:13:00-07:00,25,
1784031240,2026-07-14T05:14:00-07:00,8,
1784031300,2026-07-14T05:15:00-07:00,12,
1784031360,2026-07-14T05:16:00-07:00,6,
1784031420,2026-07-14T05:17:00-07:00,9,
1784031480,2026-07-14T05:18:00-07:00,9,
1784031540,2026-07-14T05:19:00-07:00,7,
1784031600,2026-07-14T05:20:00-07:00,4,
1784031660,2026-07-14T05:21:00-07:00,6,
1784031720,2026-07-14T05:22:00-07:00,6,
1784031780,2026-07-14T05:23:00-07:00,32,
1784031840,2026-07-14T05:24:00-07:00,12,
1784031900,2026-07-14T05:25:00-07:00,4,
1784031960,2026-07-14T05:26:00-07:00,10,
1784032020,2026-07-14T05:27:00-07:00,11,
1784032080,2026-07-14T05:28:00-07:00,11,
1784032140,2026-07-14T05:29:00-07:00,15,
1784032200,2026-07-14T05:30:00-07:00,14,
1784032260,2026-07-14T05:31:00-07:00,6,
1784032320,2026-07-14T05:32:00-07:00,8,
1784032380,2026-07-14T05:33:00-07:00,5,
1784032440,2026-07-14T05:34:00-07:00,4,
1784032500,2026-07-14T05:35:00-07:00,5,
1784032560,2026-07-14T05:36:00-07:00,4,
1784032620,2026-07-14T05:37:00-07:00,8,
1784032680,2026-07-14T05:38:00-07:00,19,
1784032740,2026-07-14T05:39:00-07:00,59,
1784032800,2026-07-14T05:40:00-07:00,7,
1784032860,2026-07-14T05:41:00-07:00,18,
1784032920,2026-07-14T05:42:00-07:00,16,
1784032980,2026-07-14T05:43:00-07:00,10,
1784033040,2026-07-14T05:44:00-07:00,5,
1784033100,2026-07-14T05:45:00-07:00,14,
1784033160,2026-07-14T05:46:00-07:00,10,
1784033220,2026-07-14T05:47:00-07:00,10,
1784033280,2026-07-14T05:48:00-07:00,9,
1784033340,2026-07-14T05:49:00-07:00,9,
1784033400,2026-07-14T05:50:00-07:00,6,
1784033460,2026-07-14T05:51:00-07:00,12,
1784033520,2026-07-14T05:52:00-07:00,6,
1784033580,2026-07-14T05:53:00-07:00,8,
1784033640,2026-07-14T05:54:00-07:00,11,
1784033700,2026-07-14T05:55:00-07:00,32,
1784033760,2026-07-14T05:56:00-07:00,21,
1784033820,2026-07-14T05:57:00-07:00,3,
1784033880,2026-07-14T05:58:00-07:00,9,
1784033940,2026-07-14T05:59:00-07:00,6,
1784034000,2026-07-14T06:00:00-07:00,9,
1784034060,2026-07-14T06:01:00-07:00,8,
1784034120,2026-07-14T06:02:00-07:00,7,
1784034180,2026-07-14T06:03:00-07:00,7,
1784034240,2026-07-14T06:04:00-07:00,5,
1784034300,2026-07-14T06:05:00-07:00,15,
1784034360,2026-07-14T06:06:00-07:00,24,
1784034420,2026-07-14T06:07:00-07:00,49,
1784034480,2026-07-14T06:08:00-07:00,20,
1784034540,2026-07-14T06:09:00-07:00,22,
1784034600,2026-07-14T06:10:00-07:00,27,
1784034660,2026-07-14T06:11:00-07:00,6,
1784034720,2026-07-14T06:12:00-07:00,14,
1784034780,2026-07-14T06:13:00-07:00,3,
1784034840,2026-07-14T06:14:00-07:00,9,
1784034900,2026-07-14T06:15:00-07:00,11,
1784034960,2026-07-14T06:16:00-07:00,15,
1784035020,2026-07-14T06:17:00-07:00,28,
1784035080,2026-07-14T06:18:00-07:00,27,
1784035140,2026-07-14T06:19:00-07:00,45,
1784035200,2026-07-14T06:20:00-07:00,23,
1784035260,2026-07-14T06:21:00-07:00,40,
1784035320,2026-07-14T06:22:00-07:00,41,
1784035380,2026-07-14T06:23:00-07:00,10,
1784035440,2026-07-14T06:24:00-07:00,14,
1784035500,2026-07-14T06:25:00-07:00,36,
1784035560,2026-07-14T06:26:00-07:00,54,
1784035620,2026-07-14T06:27:00-07:00,8,
1784035680,2026-07-14T06:28:00-07:00,15,
1784035740,2026-07-14T06:29:00-07:00,17,
1784035800,2026-07-14T06:30:00-07:00,13,
1784035860,2026-07-14T06:31:00-07:00,9,
1784035920,2026-07-14T06:32:00-07:00,35,
1784035980,2026-07-14T06:33:00-07:00,44,
1784036040,2026-07-14T06:34:00-07:00,8,
1784036100,2026-07-14T06:35:00-07:00,24,
1784036160,2026-07-14T06:36:00-07:00,31,
1784036220,2026-07-14T06:37:00-07:00,20,
1784036280,2026-07-14T06:38:00-07:00,46,
1784036340,2026-07-14T06:39:00-07:00,58,
1784036400,2026-07-14T06:40:00-07:00,40,
1784036460,2026-07-14T06:41:00-07:00,35,
1784036520,2026-07-14T06:42:00-07:00,28,
1784036580,2026-07-14T06:43:00-07:00,21,
1784036640,2026-07-14T06:44:00-07:00,81,
1784036700,2026-07-14T06:45:00-07:00,24,
1784036760,2026-07-14T06:46:00-07:00,205,
1784036820,2026-07-14T06:47:00-07:00,22,
1784036880,2026-07-14T06:48:00-07:00,44,
1784036940,2026-07-14T06:49:00-07:00,32,
1784037000,2026-07-14T06:50:00-07:00,73,
1784037060,2026-07-14T06:51:00-07:00,20,
1784037120,2026-07-14T06:52:00-07:00,15,
1784037180,2026-07-14T06:53:00-07:00,33,
1784037240,2026-07-14T06:54:00-07:00,48,
1784037300,2026-07-14T06:55:00-07:00,75,
1784037360,2026-07-14T06:56:00-07:00,10,
1784037420,2026-07-14T06:57:00-07:00,54,
1784037480,2026-07-14T06:58:00-07:00,36,
1784037540,2026-07-14T06:59:00-07:00,17,
1784037600,2026-07-14T07:00:00-07:00,33,
1784037660,2026-07-14T07:01:00-07:00,25,
1784037720,2026-07-14T07:02:00-07:00,33,
1784037780,2026-07-14T07:03:00-07:00,22,
1784037840,2026-07-14T07:04:00-07:00,42,
1784037900,2026-07-14T07:05:00-07:00,43,
1784037960,2026-07-14T07:06:00-07:00,114,
1784038020,2026-07-14T07:07:00-07:00,73,
1784038080,2026-07-14T07:08:00-07:00,86,
1784038140,2026-07-14T07:09:00-07:00,66,
1784038200,2026-07-14T07:10:00-07:00,12,
1784038260,2026-07-14T07:11:00-07:00,11,
1784038320,2026-07-14T07:12:00-07:00,32,
1784038380,2026-07-14T07:13:00-07:00,48,
1784038440,2026-07-14T07:14:00-07:00,12,
1784038500,2026-07-14T07:15:00-07:00,72,
1784038560,2026-07-14T07:16:00-07:00,72,
1784038620,2026-07-14T07:17:00-07:00,51,
1784038680,2026-07-14T07:18:00-07:00,66,
1784038740,2026-07-14T07:19:00-07:00,60,
1784038800,2026-07-14T07:20:00-07:00,30,
1784038860,2026-07-14T07:21:00-07:00,72,
1784038920,2026-07-14T07:22:00-07:00,39,
1784038980,2026-07-14T07:23:00-07:00,29,
1784039040,2026-07-14T07:24:00-07:00,13,
1784039100,2026-07-14T07:25:00-07:00,13,
1784039160,2026-07-14T07:26:00-07:00,53,
1784039220,2026-07-14T07:27:00-07:00,32,
1784039280,2026-07-14T07:28:00-07:00,62,
1784039340,2026-07-14T07:29:00-07:00,33,
1784039400,2026-07-14T07:30:00-07:00,20,
1784039460,2026-07-14T07:31:00-07:00,21,
1784039520,2026-07-14T07:32:00-07:00,24,
1784039580,2026-07-14T07:33:00-07:00,25,
1784039640,2026-07-14T07:34:00-07:00,25,
1784039700,2026-07-14T07:35:00-07:00,7,
1784039760,2026-07-14T07:36:00-07:00,79,
1784039820,2026-07-14T07:37:00-07:00,32,
1784039880,2026-07-14T07:38:00-07:00,43,
1784039940,2026-07-14T07:39:00-07:00,37,
1784040000,2026-07-14T07:40:00-07:00,56,
1784040060,2026-07-14T07:41:00-07:00,73,
1784040120,2026-07-14T07:42:00-07:00,25,
1784040180,2026-07-14T07:43:00-07:00,38,
1784040240,2026-07-14T07:44:00-07:00,52,
1784040300,2026-07-14T07:45:00-07:00,50,
1784040360,2026-07-14T07:46:00-07:00,159,
1784040420,2026-07-14T07:47:00-07:00,46,
1784040480,2026-07-14T07:48:00-07:00,153,
1784040540,2026-07-14T07:49:00-07:00,57,
1784040600,2026-07-14T07:50:00-07:00,46,
1784040660,2026-07-14T07:51:00-07:00,78,
1784040720,2026-07-14T07:52:00-07:00,57,
1784040780,2026-07-14T07:53:00-07:00,223,
1784040840,2026-07-14T07:54:00-07:00,109,
1784040900,2026-07-14T07:55:00-07:00,63,
1784040960,2026-07-14T07:56:00-07:00,26,
1784041020,2026-07-14T07:57:00-07:00,23,
1784041080,2026-07-14T07:58:00-07:00,30,
1784041140,2026-07-14T07:59:00-07:00,143,
1784041200,2026-07-14T08:00:00-07:00,69,
1784041260,2026-07-14T08:01:00-07:00,64,
1784041320,2026-07-14T08:02:00-07:00,97,
1784041380,2026-07-14T08:03:00-07:00,120,
1784041440,2026-07-14T08:04:00-07:00,48,
1784041500,2026-07-14T08:05:00-07:00,75,
1784041560,2026-07-14T08:06:00-07:00,39,
1784041620,2026-07-14T08:07:00-07:00,112,
1784041680,2026-07-14T08:08:00-07:00,74,
1784041740,2026-07-14T08:09:00-07:00,24,
1784041800,2026-07-14T08:10:00-07:00,59,
1784041860,2026-07-14T08:11:00-07:00,99,
1784041920,2026-07-14T08:12:00-07:00,61,
1784041980,2026-07-14T08:13:00-07:00,35,
1784042040,2026-07-14T08:14:00-07:00,101,
1784042100,2026-07-14T08:15:00-07:00,40,
1784042160,2026-07-14T08:16:00-07:00,45,
1784042220,2026-07-14T08:17:00-07:00,38,
1784042280,2026-07-14T08:18:00-07:00,31,
1784042340,2026-07-14T08:19:00-07:00,53,
1784042400,2026-07-14T08:20:00-07:00,11,
1784042460,2026-07-14T08:21:00-07:00,14,
1784042520,2026-07-14T08:22:00-07:00,42,
1784042580,2026-07-14T08:23:00-07:00,12,
1784042640,2026-07-14T08:24:00-07:00,31,
1784042700,2026-07-14T08:25:00-07:00,55,
1784042760,2026-07-14T08:26:00-07:00,48,
1784042820,2026-07-14T08:27:00-07:00,80,
1784042880,2026-07-14T08:28:00-07:00,38,
1784042940,2026-07-14T08:29:00-07:00,96,
1784043000,2026-07-14T08:30:00-07:00,48,
1784043060,2026-07-14T08:31:00-07:00,108,
1784043120,2026-07-14T08:32:00-07:00,52,
1784043180,2026-07-14T08:33:00-07:00,66,
1784043240,2026-07-14T08:34:00-07:00,77,
1784043300,2026-07-14T08:35:00-07:00,133,
1784043360,2026-07-14T08:36:00-07:00,45,
1784043420,2026-07-14T08:37:00-07:00,140,
1784043480,2026-07-14T08:38:00-07:00,44,
1784043540,2026-07-14T08:39:00-07:00,87,
1784043600,2026-07-14T08:40:00-07:00,74,
1784043660,2026-07-14T08:41:00-07:00,180,
1784043720,2026-07-14T08:42:00-07:00,78,
1784043780,2026-07-14T08:43:00-07:00,59,
1784043840,2026-07-14T08:44:00-07:00,116,
1784043900,2026-07-14T08:45:00-07:00,67,
1784043960,2026-07-14T08:46:00-07:00,52,
1784044020,2026-07-14T08:47:00-07:00,208,
1784044080,2026-07-14T08:48:00-07:00,52,
1784044140,2026-07-14T08:49:00-07:00,123,
1784044200,2026-07-14T08:50:00-07:00,76,
1784044260,2026-07-14T08:51:00-07:00,110,
1784044320,2026-07-14T08:52:00-07:00,175,
1784044380,2026-07-14T08:53:00-07:00,130,
1784044440,2026-07-14T08:54:00-07:00,176,
1784044500,2026-07-14T08:55:00-07:00,144,
1784044560,2026-07-14T08:56:00-07:00,94,
1784044620,2026-07-14T08:57:00-07:00,159,
1784044680,2026-07-14T08:58:00-07:00,73,
1784044740,2026-07-14T08:59:00-07:00,150,
1784044800,2026-07-14T09:00:00-07:00,130,
1784044860,2026-07-14T09:01:00-07:00,158,
1784044920,2026-07-14T09:02:00-07:00,87,
1784044980,2026-07-14T09:03:00-07:00,143,
1784045040,2026-07-14T09:04:00-07:00,91,
1784045100,2026-07-14T09:05:00-07:00,71,
1784045160,2026-07-14T09:06:00-07:00,101,
1784045220,2026-07-14T09:07:00-07:00,78,
1784045280,2026-07-14T09:08:00-07:00,86,
1784045340,2026-07-14T09:09:00-07:00,157,
1784045400,2026-07-14T09:10:00-07:00,46,
1784045460,2026-07-14T09:11:00-07:00,57,
1784045520,2026-07-14T09:12:00-07:00,127,
1784045580,2026-07-14T09:13:00-07:00,84,
1784045640,2026-07-14T09:14:00-07:00,60,
1784045700,2026-07-14T09:15:00-07:00,65,
1784045760,2026-07-14T09:16:00-07:00,42,
1784045820,2026-07-14T09:17:00-07:00,28,
1784045880,2026-07-14T09:18:00-07:00,60,
1784045940,2026-07-14T09:19:00-07:00,85,
1784046000,2026-07-14T09:20:00-07:00,33,
1784046060,2026-07-14T09:21:00-07:00,50,
1784046120,2026-07-14T09:22:00-07:00,36,
1784046180,2026-07-14T09:23:00-07:00,30,
1784046240,2026-07-14T09:24:00-07:00,49,
1784046300,2026-07-14T09:25:00-07:00,22,
1784046360,2026-07-14T09:26:00-07:00,34,
1784046420,2026-07-14T09:27:00-07:00,104,
1784046480,2026-07-14T09:28:00-07:00,40,
1784046540,2026-07-14T09:29:00-07:00,135,
1784046600,2026-07-14T09:30:00-07:00,47,
1784046660,2026-07-14T09:31:00-07:00,39,
1784046720,2026-07-14T09:32:00-07:00,147,
1784046780,2026-07-14T09:33:00-07:00,48,
1784046840,2026-07-14T09:34:00-07:00,60,
1784046900,2026-07-14T09:35:00-07:00,96,
1784046960,2026-07-14T09:36:00-07:00,107,
1784047020,2026-07-14T09:37:00-07:00,32,
1784047080,2026-07-14T09:38:00-07:00,28,
1784047140,2026-07-14T09:39:00-07:00,94,
1784047200,2026-07-14T09:40:00-07:00,42,
1784047260,2026-07-14T09:41:00-07:00,38,
1784047320,2026-07-14T09:42:00-07:00,47,
1784047380,2026-07-14T09:43:00-07:00,165,
1784047440,2026-07-14T09:44:00-07:00,114,
1784047500,2026-07-14T09:45:00-07:00,44,
1784047560,2026-07-14T09:46:00-07:00,37,
1784047620,2026-07-14T09:47:00-07:00,48,
1784047680,2026-07-14T09:48:00-07:00,31,
1784047740,2026-07-14T09:49:00-07:00,77,
1784047800,2026-07-14T09:50:00-07:00,53,
1784047860,2026-07-14T09:51:00-07:00,73,
1784047920,2026-07-14T09:52:00-07:00,45,
1784047980,2026-07-14T09:53:00-07:00,33,
1784048040,2026-07-14T09:54:00-07:00,130,
1784048100,2026-07-14T09:55:00-07:00,156,
1784048160,2026-07-14T09:56:00-07:00,46,
1784048220,2026-07-14T09:57:00-07:00,51,
1784048280,2026-07-14T09:58:00-07:00,59,
1784048340,2026-07-14T09:59:00-07:00,118,
1784048400,2026-07-14T10:00:00-07:00,81,
1784048460,2026-07-14T10:01:00-07:00,52,
1784048520,2026-07-14T10:02:00-07:00,131,
1784048580,2026-07-14T10:03:00-07:00,70,
1784048640,2026-07-14T10:04:00-07:00,82,
1784048700,2026-07-14T10:05:00-07:00,58,
1784048760,2026-07-14T10:06:00-07:00,110,
1784048820,2026-07-14T10:07:00-07:00,60,
1784048880,2026-07-14T10:08:00-07:00,69,
1784048940,2026-07-14T10:09:00-07:00,72,
1784049000,2026-07-14T10:10:00-07:00,74,
1784049060,2026-07-14T10:11:00-07:00,72,
1784049120,2026-07-14T10:12:00-07:00,118,
1784049180,2026-07-14T10:13:00-07:00,132,
1784049240,2026-07-14T10:14:00-07:00,189,
1784049300,2026-07-14T10:15:00-07:00,123,
1784049360,2026-07-14T10:16:00-07:00,150,
1784049420,2026-07-14T10:17:00-07:00,62,
1784049480,2026-07-14T10:18:00-07:00,69,
1784049540,2026-07-14T10:19:00-07:00,65,
1784049600,2026-07-14T10:20:00-07:00,45,
1784049660,2026-07-14T10:21:00-07:00,53,
1784049720,2026-07-14T10:22:00-07:00,53,
1784049780,2026-07-14T10:23:00-07:00,61,
1784049840,2026-07-14T10:24:00-07:00,117,
1784049900,2026-07-14T10:25:00-07:00,115,
1784049960,2026-07-14T10:26:00-07:00,47,
1784050020,2026-07-14T10:27:00-07:00,53,
1784050080,2026-07-14T10:28:00-07:00,44,
1784050140,2026-07-14T10:29:00-07:00,82,
1784050200,2026-07-14T10:30:00-07:00,60,
1784050260,2026-07-14T10:31:00-07:00,121,
1784050320,2026-07-14T10:32:00-07:00,118,
1784050380,2026-07-14T10:33:00-07:00,117,
1784050440,2026-07-14T10:34:00-07:00,60,
1784050500,2026-07-14T10:35:00-07:00,107,
1784050560,2026-07-14T10:36:00-07:00,110,
1784050620,2026-07-14T10:37:00-07:00,63,
1784050680,2026-07-14T10:38:00-07:00,99,
1784050740,2026-07-14T10:39:00-07:00,95,
1784050800,2026-07-14T10:40:00-07:00,96,
1784050860,2026-07-14T10:41:00-07:00,53,
1784050920,2026-07-14T10:42:00-07:00,139,
1784050980,2026-07-14T10:43:00-07:00,138,
1784051040,2026-07-14T10:44:00-07:00,159,
1784051100,2026-07-14T10:45:00-07:00,129,
1784051160,2026-07-14T10:46:00-07:00,125,
1784051220,2026-07-14T10:47:00-07:00,115,
1784051280,2026-07-14T10:48:00-07:00,103,
1784051340,2026-07-14T10:49:00-07:00,237,
1784051400,2026-07-14T10:50:00-07:00,101,
1784051460,2026-07-14T10:51:00-07:00,60,
1784051520,2026-07-14T10:52:00-07:00,101,
1784051580,2026-07-14T10:53:00-07:00,49,
1784051640,2026-07-14T10:54:00-07:00,210,
1784051700,2026-07-14T10:55:00-07:00,152,
1784051760,2026-07-14T10:56:00-07:00,126,
1784051820,2026-07-14T10:57:00-07:00,92,
1784051880,2026-07-14T10:58:00-07:00,160,
1784051940,2026-07-14T10:59:00-07:00,135,
1784052000,2026-07-14T11:00:00-07:00,87,
1784052060,2026-07-14T11:01:00-07:00,133,
1784052120,2026-07-14T11:02:00-07:00,63,
1784052180,2026-07-14T11:03:00-07:00,166,
1784052240,2026-07-14T11:04:00-07:00,80,
1784052300,2026-07-14T11:05:00-07:00,74,
1784052360,2026-07-14T11:06:00-07:00,99,
1784052420,2026-07-14T11:07:00-07:00,126,
1784052480,2026-07-14T11:08:00-07:00,116,
1784052540,2026-07-14T11:09:00-07:00,80,
1784052600,2026-07-14T11:10:00-07:00,50,
1784052660,2026-07-14T11:11:00-07:00,137,
1784052720,2026-07-14T11:12:00-07:00,82,
1784052780,2026-07-14T11:13:00-07:00,49,
1784052840,2026-07-14T11:14:00-07:00,124,
1784052900,2026-07-14T11:15:00-07:00,63,
1784052960,2026-07-14T11:16:00-07:00,142,
1784053020,2026-07-14T11:17:00-07:00,87,
1784053080,2026-07-14T11:18:00-07:00,145,
1784053140,2026-07-14T11:19:00-07:00,115,
1784053200,2026-07-14T11:20:00-07:00,137,
1784053260,2026-07-14T11:21:00-07:00,52,
1784053320,2026-07-14T11:22:00-07:00,136,
1784053380,2026-07-14T11:23:00-07:00,109,
1784053440,2026-07-14T11:24:00-07:00,66,
1784053500,2026-07-14T11:25:00-07:00,156,
1784053560,2026-07-14T11:26:00-07:00,130,
1784053620,2026-07-14T11:27:00-07:00,173,
1784053680,2026-07-14T11:28:00-07:00,41,
1784053740,2026-07-14T11:29:00-07:00,73,
1784053800,2026-07-14T11:30:00-07:00,102,
1784053860,2026-07-14T11:31:00-07:00,46,
1784053920,2026-07-14T11:32:00-07:00,132,
1784053980,2026-07-14T11:33:00-07:00,69,
1784054040,2026-07-14T11:34:00-07:00,50,
1784054100,2026-07-14T11:35:00-07:00,80,
1784054160,2026-07-14T11:36:00-07:00,86,
1784054220,2026-07-14T11:37:00-07:00,115,
1784054280,2026-07-14T11:38:00-07:00,65,
1784054340,2026-07-14T11:39:00-07:00,79,
1784054400,2026-07-14T11:40:00-07:00,132,
1784054460,2026-07-14T11:41:00-07:00,148,
1784054520,2026-07-14T11:42:00-07:00,91,
1784054580,2026-07-14T11:43:00-07:00,54,
1784054640,2026-07-14T11:44:00-07:00,64,
1784054700,2026-07-14T11:45:00-07:00,55,
1784054760,2026-07-14T11:46:00-07:00,60,
1784054820,2026-07-14T11:47:00-07:00,134,
1784054880,2026-07-14T11:48:00-07:00,106,
1784054940,2026-07-14T11:49:00-07:00,37,
1784055000,2026-07-14T11:50:00-07:00,43,
1784055060,2026-07-14T11:51:00-07:00,125,
1784055120,2026-07-14T11:52:00-07:00,78,
1784055180,2026-07-14T11:53:00-07:00,75,
1784055240,2026-07-14T11:54:00-07:00,73,
1784055300,2026-07-14T11:55:00-07:00,141,
1784055360,2026-07-14T11:56:00-07:00,127,
1784055420,2026-07-14T11:57:00-07:00,86,
1784055480,2026-07-14T11:58:00-07:00,88,
1784055540,2026-07-14T11:59:00-07:00,83,
1784055600,2026-07-14T12:00:00-07:00,45,
1784055660,2026-07-14T12:01:00-07:00,48,
1784055720,2026-07-14T12:02:00-07:00,144,
1784055780,2026-07-14T12:03:00-07:00,150,
1784055840,2026-07-14T12:04:00-07:00,131,
1784055900,2026-07-14T12:05:00-07:00,202,
1784055960,2026-07-14T12:06:00-07:00,83,
1784056020,2026-07-14T12:07:00-07:00,62,
1784056080,2026-07-14T12:08:00-07:00,73,
1784056140,2026-07-14T12:09:00-07:00,189,
1784056200,2026-07-14T12:10:00-07:00,76,
1784056260,2026-07-14T12:11:00-07:00,288,
1784056320,2026-07-14T12:12:00-07:00,92,
1784056380,2026-07-14T12:13:00-07:00,148,
1784056440,2026-07-14T12:14:00-07:00,103,
1784056500,2026-07-14T12:15:00-07:00,130,
1784056560,2026-07-14T12:16:00-07:00,80,
1784056620,2026-07-14T12:17:00-07:00,104,
1784056680,2026-07-14T12:18:00-07:00,127,
1784056740,2026-07-14T12:19:00-07:00,165,
1784056800,2026-07-14T12:20:00-07:00,73,
1784056860,2026-07-14T12:21:00-07:00,96,
1784056920,2026-07-14T12:22:00-07:00,13,
1784056980,2026-07-14T12:23:00-07:00,48,
1784057040,2026-07-14T12:24:00-07:00,77,
1784057100,2026-07-14T12:25:00-07:00,109,
1784057160,2026-07-14T12:26:00-07:00,125,
1784057220,2026-07-14T12:27:00-07:00,136,
1784057280,2026-07-14T12:28:00-07:00,90,
1784057340,2026-07-14T12:29:00-07:00,97,
1784057400,2026-07-14T12:30:00-07:00,150,
1784057460,2026-07-14T12:31:00-07:00,202,
1784057520,2026-07-14T12:32:00-07:00,95,
1784057580,2026-07-14T12:33:00-07:00,76,
1784057640,2026-07-14T12:34:00-07:00,121,
1784057700,2026-07-14T12:35:00-07:00,125,
1784057760,2026-07-14T12:36:00-07:00,134,
1784057820,2026-07-14T12:37:00-07:00,124,
1784057880,2026-07-14T12:38:00-07:00,120,
1784057940,2026-07-14T12:39:00-07:00,97,
1784058000,2026-07-14T12:40:00-07:00,93,
1784058060,2026-07-14T12:41:00-07:00,92,
1784058120,2026-07-14T12:42:00-07:00,101,
1784058180,2026-07-14T12:43:00-07:00,110,
1784058240,2026-07-14T12:44:00-07:00,42,
1784058300,2026-07-14T12:45:00-07:00,108,
1784058360,2026-07-14T12:46:00-07:00,87,
1784058420,2026-07-14T12:47:00-07:00,63,
1784058480,2026-07-14T12:48:00-07:00,112,
1784058540,2026-07-14T12:49:00-07:00,96,
1784058600,2026-07-14T12:50:00-07:00,85,
1784058660,2026-07-14T12:51:00-07:00,103,
1784058720,2026-07-14T12:52:00-07:00,30,
1784058780,2026-07-14T12:53:00-07:00,109,
1784058840,2026-07-14T12:54:00-07:00,64,
1784058900,2026-07-14T12:55:00-07:00,74,
1784058960,2026-07-14T12:56:00-07:00,48,
1784059020,2026-07-14T12:57:00-07:00,125,
1784059080,2026-07-14T12:58:00-07:00,74,
1784059140,2026-07-14T12:59:00-07:00,114,
1784059200,2026-07-14T13:00:00-07:00,36,
1784059260,2026-07-14T13:01:00-07:00,115,
1784059320,2026-07-14T13:02:00-07:00,124,
1784059380,2026-07-14T13:03:00-07:00,124,
1784059440,2026-07-14T13:04:00-07:00,57,
1784059500,2026-07-14T13:05:00-07:00,39,
1784059560,2026-07-14T13:06:00-07:00,47,
1784059620,2026-07-14T13:07:00-07:00,102,
1784059680,2026-07-14T13:08:00-07:00,83,
1784059740,2026-07-14T13:09:00-07:00,98,
1784059800,2026-07-14T13:10:00-07:00,129,
1784059860,2026-07-14T13:11:00-07:00,114,
1784059920,2026-07-14T13:12:00-07:00,113,
1784059980,2026-07-14T13:13:00-07:00,147,
1784060040,2026-07-14T13:14:00-07:00,37,
1784060100,2026-07-14T13:15:00-07:00,94,
1784060160,2026-07-14T13:16:00-07:00,72,
1784060220,2026-07-14T13:17:00-07:00,84,
1784060280,2026-07-14T13:18:00-07:00,105,
1784060340,2026-07-14T13:19:00-07:00,105,
1784060400,2026-07-14T13:20:00-07:00,127,
1784060460,2026-07-14T13:21:00-07:00,100,
1784060520,2026-07-14T13:22:00-07:00,137,
1784060580,2026-07-14T13:23:00-07:00,150,
1784060640,2026-07-14T13:24:00-07:00,90,
1784060700,2026-07-14T13:25:00-07:00,69,
1784060760,2026-07-14T13:26:00-07:00,96,
1784060820,2026-07-14T13:27:00-07:00,127,
1784060880,2026-07-14T13:28:00-07:00,124,
1784060940,2026-07-14T13:29:00-07:00,86,
1784061000,2026-07-14T13:30:00-07:00,127,
1784061060,2026-07-14T13:31:00-07:00,66,
1784061120,2026-07-14T13:32:00-07:00,109,
1784061180,2026-07-14T13:33:00-07:00,112,
1784061240,2026-07-14T13:34:00-07:00,40,
1784061300,2026-07-14T13:35:00-07:00,164,
1784061360,2026-07-14T13:36:00-07:00,86,
1784061420,2026-07-14T13:37:00-07:00,67,
1784061480,2026-07-14T13:38:00-07:00,118,
1784061540,2026-07-14T13:39:00-07:00,81,
1784061600,2026-07-14T13:40:00-07:00,61,
1784061660,2026-07-14T13:41:00-07:00,99,
1784061720,2026-07-14T13:42:00-07:00,130,
1784061780,2026-07-14T13:43:00-07:00,114,
1784061840,2026-07-14T13:44:00-07:00,143,
1784061900,2026-07-14T13:45:00-07:00,112,
1784061960,2026-07-14T13:46:00-07:00,104,
1784062020,2026-07-14T13:47:00-07:00,112,
1784062080,2026-07-14T13:48:00-07:00,135,
1784062140,2026-07-14T13:49:00-07:00,100,
1784062200,2026-07-14T13:50:00-07:00,121,
1784062260,2026-07-14T13:51:00-07:00,74,
1784062320,2026-07-14T13:52:00-07:00,49,
1784062380,2026-07-14T13:53:00-07:00,114,
1784062440,2026-07-14T13:54:00-07:00,98,
1784062500,2026-07-14T13:55:00-07:00,204,
1784062560,2026-07-14T13:56:00-07:00,121,
1784062620,2026-07-14T13:57:00-07:00,128,
1784062680,2026-07-14T13:58:00-07:00,104,
1784062740,2026-07-14T13:59:00-07:00,67,
1784062800,2026-07-14T14:00:00-07:00,123,
1784062860,2026-07-14T14:01:00-07:00,96,
1784062920,2026-07-14T14:02:00-07:00,115,
1784062980,2026-07-14T14:03:00-07:00,138,
1784063040,2026-07-14T14:04:00-07:00,44,
1784063100,2026-07-14T14:05:00-07:00,86,
1784063160,2026-07-14T14:06:00-07:00,52,
1784063220,2026-07-14T14:07:00-07:00,93,
1784063280,2026-07-14T14:08:00-07:00,76,
1784063340,2026-07-14T14:09:00-07:00,178,
1784063400,2026-07-14T14:10:00-07:00,83,
1784063460,2026-07-14T14:11:00-07:00,142,
1784063520,2026-07-14T14:12:00-07:00,126,
1784063580,2026-07-14T14:13:00-07:00,152,
1784063640,2026-07-14T14:14:00-07:00,40,
1784063700,2026-07-14T14:15:00-07:00,147,
1784063760,2026-07-14T14:16:00-07:00,72,
1784063820,2026-07-14T14:17:00-07:00,120,
1784063880,2026-07-14T14:18:00-07:00,124,
1784063940,2026-07-14T14:19:00-07:00,226,
1784064000,2026-07-14T14:20:00-07:00,54,
1784064060,2026-07-14T14:21:00-07:00,100,
1784064120,2026-07-14T14:22:00-07:00,108,
1784064180,2026-07-14T14:23:00-07:00,122,
1784064240,2026-07-14T14:24:00-07:00,121,
1784064300,2026-07-14T14:25:00-07:00,131,
1784064360,2026-07-14T14:26:00-07:00,136,
1784064420,2026-07-14T14:27:00-07:00,152,
1784064480,2026-07-14T14:28:00-07:00,115,
1784064540,2026-07-14T14:29:00-07:00,92,
1784064600,2026-07-14T14:30:00-07:00,107,
1784064660,2026-07-14T14:31:00-07:00,132,
1784064720,2026-07-14T14:32:00-07:00,75,
1784064780,2026-07-14T14:33:00-07:00,155,
1784064840,2026-07-14T14:34:00-07:00,114,
1784064900,2026-07-14T14:35:00-07:00,180,
1784064960,2026-07-14T14:36:00-07:00,108,
1784065020,2026-07-14T14:37:00-07:00,106,
1784065080,2026-07-14T14:38:00-07:00,137,
1784065140,2026-07-14T14:39:00-07:00,69,
1784065200,2026-07-14T14:40:00-07:00,79,
1784065260,2026-07-14T14:41:00-07:00,119,
1784065320,2026-07-14T14:42:00-07:00,117,
1784065380,2026-07-14T14:43:00-07:00,67,
1784065440,2026-07-14T14:44:00-07:00,123,
1784065500,2026-07-14T14:45:00-07:00,101,
1784065560,2026-07-14T14:46:00-07:00,119,
1784065620,2026-07-14T14:47:00-07:00,47,
1784065680,2026-07-14T14:48:00-07:00,110,
1784065740,2026-07-14T14:49:00-07:00,78,
1784065800,2026-07-14T14:50:00-07:00,105,
1784065860,2026-07-14T14:51:00-07:00,111,
1784065920,2026-07-14T14:52:00-07:00,165,
1784065980,2026-07-14T14:53:00-07:00,102,
1784066040,2026-07-14T14:54:00-07:00,128,
1784066100,2026-07-14T14:55:00-07:00,205,
1784066160,2026-07-14T14:56:00-07:00,149,
1784066220,2026-07-14T14:57:00-07:00,126,
1784066280,2026-07-14T14:58:00-07:00,133,
1784066340,2026-07-14T14:59:00-07:00,132,
1784066400,2026-07-14T15:00:00-07:00,196,
1784066460,2026-07-14T15:01:00-07:00,76,
1784066520,2026-07-14T15:02:00-07:00,150,
1784066580,2026-07-14T15:03:00-07:00,89,
1784066640,2026-07-14T15:04:00-07:00,129,
1784066700,2026-07-14T15:05:00-07:00,97,
1784066760,2026-07-14T15:06:00-07:00,172,
1784066820,2026-07-14T15:07:00-07:00,74,
1784066880,2026-07-14T15:08:00-07:00,124,
1784066940,2026-07-14T15:09:00-07:00,161,
1784067000,2026-07-14T15:10:00-07:00,113,
1784067060,2026-07-14T15:11:00-07:00,101,
1784067120,2026-07-14T15:12:00-07:00,135,
1784067180,2026-07-14T15:13:00-07:00,91,
1784067240,2026-07-14T15:14:00-07:00,102,
1784067300,2026-07-14T15:15:00-07:00,127,
1784067360,2026-07-14T15:16:00-07:00,30,
1784067420,2026-07-14T15:17:00-07:00,104,
1784067480,2026-07-14T15:18:00-07:00,105,
1784067540,2026-07-14T15:19:00-07:00,107,
1784067600,2026-07-14T15:20:00-07:00,42,
1784067660,2026-07-14T15:21:00-07:00,186,
1784067720,2026-07-14T15:22:00-07:00,99,
1784067780,2026-07-14T15:23:00-07:00,54,
1784067840,2026-07-14T15:24:00-07:00,71,
1784067900,2026-07-14T15:25:00-07:00,149,
1784067960,2026-07-14T15:26:00-07:00,106,
1784068020,2026-07-14T15:27:00-07:00,151,
1784068080,2026-07-14T15:28:00-07:00,132,
1784068140,2026-07-14T15:29:00-07:00,309,
1784068200,2026-07-14T15:30:00-07:00,76,
1784068260,2026-07-14T15:31:00-07:00,22,
1784068320,2026-07-14T15:32:00-07:00,65,
1784068380,2026-07-14T15:33:00-07:00,106,
1784068440,2026-07-14T15:34:00-07:00,111,
1784068500,2026-07-14T15:35:00-07:00,85,
1784068560,2026-07-14T15:36:00-07:00,108,
1784068620,2026-07-14T15:37:00-07:00,43,
1784068680,2026-07-14T15:38:00-07:00,130,
1784068740,2026-07-14T15:39:00-07:00,190,
1784068800,2026-07-14T15:40:00-07:00,106,
1784068860,2026-07-14T15:41:00-07:00,80,
1784068920,2026-07-14T15:42:00-07:00,59,
1784068980,2026-07-14T15:43:00-07:00,50,
1784069040,2026-07-14T15:44:00-07:00,159,
1784069100,2026-07-14T15:45:00-07:00,62,
1784069160,2026-07-14T15:46:00-07:00,86,
1784069220,2026-07-14T15:47:00-07:00,126,
1784069280,2026-07-14T15:48:00-07:00,121,
1784069340,2026-07-14T15:49:00-07:00,170,
1784069400,2026-07-14T15:50:00-07:00,101,
1784069460,2026-07-14T15:51:00-07:00,96,
1784069520,2026-07-14T15:52:00-07:00,83,
1784069580,2026-07-14T15:53:00-07:00,123,
1784069640,2026-07-14T15:54:00-07:00,77,
1784069700,2026-07-14T15:55:00-07:00,26,
1784069760,2026-07-14T15:56:00-07:00,63,
1784069820,2026-07-14T15:57:00-07:00,43,
1784069880,2026-07-14T15:58:00-07:00,107,
1784069940,2026-07-14T15:59:00-07:00,110,
1784070000,2026-07-14T16:00:00-07:00,111,
1784070060,2026-07-14T16:01:00-07:00,181,
1784070120,2026-07-14T16:02:00-07:00,100,
1784070180,2026-07-14T16:03:00-07:00,167,
1784070240,2026-07-14T16:04:00-07:00,90,
1784070300,2026-07-14T16:05:00-07:00,53,
1784070360,2026-07-14T16:06:00-07:00,64,
1784070420,2026-07-14T16:07:00-07:00,119,
1784070480,2026-07-14T16:08:00-07:00,116,
1784070540,2026-07-14T16:09:00-07:00,109,
1784070600,2026-07-14T16:10:00-07:00,90,
1784070660,2026-07-14T16:11:00-07:00,36,
1784070720,2026-07-14T16:12:00-07:00,66,
1784070780,2026-07-14T16:13:00-07:00,95,
1784070840,2026-07-14T16:14:00-07:00,58,
1784070900,2026-07-14T16:15:00-07:00,94,
1784070960,2026-07-14T16:16:00-07:00,137,
1784071020,2026-07-14T16:17:00-07:00,140,
1784071080,2026-07-14T16:18:00-07:00,136,
1784071140,2026-07-14T16:19:00-07:00,124,
1784071200,2026-07-14T16:20:00-07:00,46,
1784071260,2026-07-14T16:21:00-07:00,119,
1784071320,2026-07-14T16:22:00-07:00,126,
1784071380,2026-07-14T16:23:00-07:00,154,
1784071440,2026-07-14T16:24:00-07:00,119,
1784071500,2026-07-14T16:25:00-07:00,69,
1784071560,2026-07-14T16:26:00-07:00,118,
1784071620,2026-07-14T16:27:00-07:00,62,
1784071680,2026-07-14T16:28:00-07:00,86,
1784071740,2026-07-14T16:29:00-07:00,126,
1784071800,2026-07-14T16:30:00-07:00,107,
1784071860,2026-07-14T16:31:00-07:00,128,
1784071920,2026-07-14T16:32:00-07:00,95,
1784071980,2026-07-14T16:33:00-07:00,128,
1784072040,2026-07-14T16:34:00-07:00,171,
1784072100,2026-07-14T16:35:00-07:00,187,
1784072160,2026-07-14T16:36:00-07:00,122,
1784072220,2026-07-14T16:37:00-07:00,99,
1784072280,2026-07-14T16:38:00-07:00,134,
1784072340,2026-07-14T16:39:00-07:00,140,
1784072400,2026-07-14T16:40:00-07:00,215,
1784072460,2026-07-14T16:41:00-07:00,110,
1784072520,2026-07-14T16:42:00-07:00,170,
1784072580,2026-07-14T16:43:00-07:00,93,
1784072640,2026-07-14T16:44:00-07:00,133,
1784072700,2026-07-14T16:45:00-07:00,131,
1784072760,2026-07-14T16:46:00-07:00,117,
1784072820,2026-07-14T16:47:00-07:00,133,
1784072880,2026-07-14T16:48:00-07:00,167,
1784072940,2026-07-14T16:49:00-07:00,91,
1784073000,2026-07-14T16:50:00-07:00,70,
1784073060,2026-07-14T16:51:00-07:00,143,
1784073120,2026-07-14T16:52:00-07:00,119,
1784073180,2026-07-14T16:53:00-07:00,82,
1784073240,2026-07-14T16:54:00-07:00,98,
1784073300,2026-07-14T16:55:00-07:00,83,
1784073360,2026-07-14T16:56:00-07:00,91,
1784073420,2026-07-14T16:57:00-07:00,141,
1784073480,2026-07-14T16:58:00-07:00,45,
1784073540,2026-07-14T16:59:00-07:00,168,
1784073600,2026-07-14T17:00:00-07:00,57,
1784073660,2026-07-14T17:01:00-07:00,117,
1784073720,2026-07-14T17:02:00-07:00,211,
1784073780,2026-07-14T17:03:00-07:00,135,
1784073840,2026-07-14T17:04:00-07:00,211,
1784073900,2026-07-14T17:05:00-07:00,129,
1784073960,2026-07-14T17:06:00-07:00,104,
1784074020,2026-07-14T17:07:00-07:00,143,
1784074080,2026-07-14T17:08:00-07:00,142,
1784074140,2026-07-14T17:09:00-07:00,116,
1784074200,2026-07-14T17:10:00-07:00,87,
1784074260,2026-07-14T17:11:00-07:00,77,
1784074320,2026-07-14T17:12:00-07:00,157,
1784074380,2026-07-14T17:13:00-07:00,163,
1784074440,2026-07-14T17:14:00-07:00,52,
1784074500,2026-07-14T17:15:00-07:00,79,
1784074560,2026-07-14T17:16:00-07:00,104,
1784074620,2026-07-14T17:17:00-07:00,99,
1784074680,2026-07-14T17:18:00-07:00,82,
1784074740,2026-07-14T17:19:00-07:00,146,
1784074800,2026-07-14T17:20:00-07:00,92,
1784074860,2026-07-14T17:21:00-07:00,48,
1784074920,2026-07-14T17:22:00-07:00,109,
1784074980,2026-07-14T17:23:00-07:00,52,
1784075040,2026-07-14T17:24:00-07:00,97,
1784075100,2026-07-14T17:25:00-07:00,93,
1784075160,2026-07-14T17:26:00-07:00,88,
1784075220,2026-07-14T17:27:00-07:00,49,
1784075280,2026-07-14T17:28:00-07:00,145,
1784075340,2026-07-14T17:29:00-07:00,156,
1784075400,2026-07-14T17:30:00-07:00,67,
1784075460,2026-07-14T17:31:00-07:00,63,
1784075520,2026-07-14T17:32:00-07:00,59,
1784075580,2026-07-14T17:33:00-07:00,80,
1784075640,2026-07-14T17:34:00-07:00,65,
1784075700,2026-07-14T17:35:00-07:00,67,
1784075760,2026-07-14T17:36:00-07:00,40,
1784075820,2026-07-14T17:37:00-07:00,159,
1784075880,2026-07-14T17:38:00-07:00,157,
1784075940,2026-07-14T17:39:00-07:00,117,
1784076000,2026-07-14T17:40:00-07:00,56,
1784076060,2026-07-14T17:41:00-07:00,92,
1784076120,2026-07-14T17:42:00-07:00,142,
1784076180,2026-07-14T17:43:00-07:00,165,
1784076240,2026-07-14T17:44:00-07:00,97,
1784076300,2026-07-14T17:45:00-07:00,147,
1784076360,2026-07-14T17:46:00-07:00,86,
1784076420,2026-07-14T17:47:00-07:00,75,
1784076480,2026-07-14T17:48:00-07:00,106,
1784076540,2026-07-14T17:49:00-07:00,92,
1784076600,2026-07-14T17:50:00-07:00,133,
1784076660,2026-07-14T17:51:00-07:00,123,
1784076720,2026-07-14T17:52:00-07:00,146,
1784076780,2026-07-14T17:53:00-07:00,172,
1784076840,2026-07-14T17:54:00-07:00,53,
1784076900,2026-07-14T17:55:00-07:00,233,
1784076960,2026-07-14T17:56:00-07:00,144,
1784077020,2026-07-14T17:57:00-07:00,115,
1784077080,2026-07-14T17:58:00-07:00,154,
1784077140,2026-07-14T17:59:00-07:00,54,
1784077200,2026-07-14T18:00:00-07:00,206,
1784077260,2026-07-14T18:01:00-07:00,93,
1784077320,2026-07-14T18:02:00-07:00,102,
1784077380,2026-07-14T18:03:00-07:00,124,
1784077440,2026-07-14T18:04:00-07:00,171,
1784077500,2026-07-14T18:05:00-07:00,74,
1784077560,2026-07-14T18:06:00-07:00,107,
1784077620,2026-07-14T18:07:00-07:00,123,
1784077680,2026-07-14T18:08:00-07:00,177,
1784077740,2026-07-14T18:09:00-07:00,103,
1784077800,2026-07-14T18:10:00-07:00,76,
1784077860,2026-07-14T18:11:00-07:00,65,
1784077920,2026-07-14T18:12:00-07:00,139,
1784077980,2026-07-14T18:13:00-07:00,176,
1784078040,2026-07-14T18:14:00-07:00,125,
1784078100,2026-07-14T18:15:00-07:00,135,
1784078160,2026-07-14T18:16:00-07:00,39,
1784078220,2026-07-14T18:17:00-07:00,84,
1784078280,2026-07-14T18:18:00-07:00,64,
1784078340,2026-07-14T18:19:00-07:00,149,
1784078400,2026-07-14T18:20:00-07:00,134,
1784078460,2026-07-14T18:21:00-07:00,175,
1784078520,2026-07-14T18:22:00-07:00,103,
1784078580,2026-07-14T18:23:00-07:00,96,
1784078640,2026-07-14T18:24:00-07:00,87,
1784078700,2026-07-14T18:25:00-07:00,68,
1784078760,2026-07-14T18:26:00-07:00,171,
1784078820,2026-07-14T18:27:00-07:00,150,
1784078880,2026-07-14T18:28:00-07:00,66,
1784078940,2026-07-14T18:29:00-07:00,119,
1784079000,2026-07-14T18:30:00-07:00,77,
1784079060,2026-07-14T18:31:00-07:00,55,
1784079120,2026-07-14T18:32:00-07:00,119,
1784079180,2026-07-14T18:33:00-07:00,158,
1784079240,2026-07-14T18:34:00-07:00,63,
1784079300,2026-07-14T18:35:00-07:00,99,
1784079360,2026-07-14T18:36:00-07:00,131,
1784079420,2026-07-14T18:37:00-07:00,128,
1784079480,2026-07-14T18:38:00-07:00,104,
1784079540,2026-07-14T18:39:00-07:00,50,
1784079600,2026-07-14T18:40:00-07:00,152,
1784079660,2026-07-14T18:41:00-07:00,49,
1784079720,2026-07-14T18:42:00-07:00,176,
1784079780,2026-07-14T18:43:00-07:00,151,
1784079840,2026-07-14T18:44:00-07:00,148,
1784079900,2026-07-14T18:45:00-07:00,51,
1784079960,2026-07-14T18:46:00-07:00,89,
1784080020,2026-07-14T18:47:00-07:00,151,
1784080080,2026-07-14T18:48:00-07:00,107,
1784080140,2026-07-14T18:49:00-07:00,159,
1784080200,2026-07-14T18:50:00-07:00,178,
1784080260,2026-07-14T18:51:00-07:00,111,
1784080320,2026-07-14T18:52:00-07:00,104,
1784080380,2026-07-14T18:53:00-07:00,50,
1784080440,2026-07-14T18:54:00-07:00,133,
1784080500,2026-07-14T18:55:00-07:00,138,
1784080560,2026-07-14T18:56:00-07:00,105,
1784080620,2026-07-14T18:57:00-07:00,134,
1784080680,2026-07-14T18:58:00-07:00,135,
1784080740,2026-07-14T18:59:00-07:00,84,
1784080800,2026-07-14T19:00:00-07:00,110,
1784080860,2026-07-14T19:01:00-07:00,171,
1784080920,2026-07-14T19:02:00-07:00,162,
1784080980,2026-07-14T19:03:00-07:00,161,
1784081040,2026-07-14T19:04:00-07:00,112,
1784081100,2026-07-14T19:05:00-07:00,74,
1784081160,2026-07-14T19:06:00-07:00,76,
1784081220,2026-07-14T19:07:00-07:00,75,
1784081280,2026-07-14T19:08:00-07:00,180,
1784081340,2026-07-14T19:09:00-07:00,174,
1784081400,2026-07-14T19:10:00-07:00,125,
1784081460,2026-07-14T19:11:00-07:00,50,
1784081520,2026-07-14T19:12:00-07:00,139,
1784081580,2026-07-14T19:13:00-07:00,116,
1784081640,2026-07-14T19:14:00-07:00,132,
1784081700,2026-07-14T19:15:00-07:00,88,
1784081760,2026-07-14T19:16:00-07:00,106,
1784081820,2026-07-14T19:17:00-07:00,153,
1784081880,2026-07-14T19:18:00-07:00,70,
1784081940,2026-07-14T19:19:00-07:00,106,
1784082000,2026-07-14T19:20:00-07:00,66,
1784082060,2026-07-14T19:21:00-07:00,81,
1784082120,2026-07-14T19:22:00-07:00,75,
1784082180,2026-07-14T19:23:00-07:00,87,
1784082240,2026-07-14T19:24:00-07:00,54,
1784082300,2026-07-14T19:25:00-07:00,76,
1784082360,2026-07-14T19:26:00-07:00,134,
1784082420,2026-07-14T19:27:00-07:00,157,
1784082480,2026-07-14T19:28:00-07:00,129,
1784082540,2026-07-14T19:29:00-07:00,33,
1784082600,2026-07-14T19:30:00-07:00,136,
1784082660,2026-07-14T19:31:00-07:00,114,
1784082720,2026-07-14T19:32:00-07:00,61,
1784082780,2026-07-14T19:33:00-07:00,139,
1784082840,2026-07-14T19:34:00-07:00,53,
1784082900,2026-07-14T19:35:00-07:00,43,
1784082960,2026-07-14T19:36:00-07:00,83,
1784083020,2026-07-14T19:37:00-07:00,52,
1784083080,2026-07-14T19:38:00-07:00,122,
1784083140,2026-07-14T19:39:00-07:00,136,
1784083200,2026-07-14T19:40:00-07:00,36,
1784083260,2026-07-14T19:41:00-07:00,180,
1784083320,2026-07-14T19:42:00-07:00,88,
1784083380,2026-07-14T19:43:00-07:00,110,
1784083440,2026-07-14T19:44:00-07:00,56,
1784083500,2026-07-14T19:45:00-07:00,107,
1784083560,2026-07-14T19:46:00-07:00,188,
1784083620,2026-07-14T19:47:00-07:00,147,
1784083680,2026-07-14T19:48:00-07:00,125,
1784083740,2026-07-14T19:49:00-07:00,54,
1784083800,2026-07-14T19:50:00-07:00,50,
1784083860,2026-07-14T19:51:00-07:00,40,
1784083920,2026-07-14T19:52:00-07:00,177,
1784083980,2026-07-14T19:53:00-07:00,180,
1784084040,2026-07-14T19:54:00-07:00,196,
1784084100,2026-07-14T19:55:00-07:00,80,
1784084160,2026-07-14T19:56:00-07:00,59,
1784084220,2026-07-14T19:57:00-07:00,115,
1784084280,2026-07-14T19:58:00-07:00,127,
1784084340,2026-07-14T19:59:00-07:00,114,
1784084400,2026-07-14T20:00:00-07:00,62,
1784084460,2026-07-14T20:01:00-07:00,88,
1784084520,2026-07-14T20:02:00-07:00,52,
1784084580,2026-07-14T20:03:00-07:00,61,
1784084640,2026-07-14T20:04:00-07:00,41,
1784084700,2026-07-14T20:05:00-07:00,39,
1784084760,2026-07-14T20:06:00-07:00,156,
1784084820,2026-07-14T20:07:00-07:00,105,
1784084880,2026-07-14T20:08:00-07:00,154,
1784084940,2026-07-14T20:09:00-07:00,54,
1784085000,2026-07-14T20:10:00-07:00,44,
1784085060,2026-07-14T20:11:00-07:00,100,
1784085120,2026-07-14T20:12:00-07:00,72,
1784085180,2026-07-14T20:13:00-07:00,80,
1784085240,2026-07-14T20:14:00-07:00,86,
1784085300,2026-07-14T20:15:00-07:00,47,
1784085360,2026-07-14T20:16:00-07:00,80,
1784085420,2026-07-14T20:17:00-07:00,140,
1784085480,2026-07-14T20:18:00-07:00,106,
1784085540,2026-07-14T20:19:00-07:00,43,
1784085600,2026-07-14T20:20:00-07:00,117,
1784085660,2026-07-14T20:21:00-07:00,39,
1784085720,2026-07-14T20:22:00-07:00,80,
1784085780,2026-07-14T20:23:00-07:00,71,
1784085840,2026-07-14T20:24:00-07:00,127,
1784085900,2026-07-14T20:25:00-07:00,112,
1784085960,2026-07-14T20:26:00-07:00,175,
1784086020,2026-07-14T20:27:00-07:00,73,
1784086080,2026-07-14T20:28:00-07:00,70,
1784086140,2026-07-14T20:29:00-07:00,73,
1784086200,2026-07-14T20:30:00-07:00,185,
1784086260,2026-07-14T20:31:00-07:00,141,
1784086320,2026-07-14T20:32:00-07:00,108,
1784086380,2026-07-14T20:33:00-07:00,54,
1784086440,2026-07-14T20:34:00-07:00,63,
1784086500,2026-07-14T20:35:00-07:00,101,
1784086560,2026-07-14T20:36:00-07:00,141,
1784086620,2026-07-14T20:37:00-07:00,116,
1784086680,2026-07-14T20:38:00-07:00,129,
1784086740,2026-07-14T20:39:00-07:00,97,
1784086800,2026-07-14T20:40:00-07:00,170,
1784086860,2026-07-14T20:41:00-07:00,108,
1784086920,2026-07-14T20:42:00-07:00,52,
1784086980,2026-07-14T20:43:00-07:00,113,
1784087040,2026-07-14T20:44:00-07:00,131,
1784087100,2026-07-14T20:45:00-07:00,109,
1784087160,2026-07-14T20:46:00-07:00,131,
1784087220,2026-07-14T20:47:00-07:00,70,
1784087280,2026-07-14T20:48:00-07:00,138,
1784087340,2026-07-14T20:49:00-07:00,90,
1784087400,2026-07-14T20:50:00-07:00,167,
1784087460,2026-07-14T20:51:00-07:00,92,
1784087520,2026-07-14T20:52:00-07:00,88,
1784087580,2026-07-14T20:53:00-07:00,80,
1784087640,2026-07-14T20:54:00-07:00,85,
1784087700,2026-07-14T20:55:00-07:00,136,
1784087760,2026-07-14T20:56:00-07:00,136,
1784087820,2026-07-14T20:57:00-07:00,51,
1784087880,2026-07-14T20:58:00-07:00,130,
1784087940,2026-07-14T20:59:00-07:00,117,
1784088000,2026-07-14T21:00:00-07:00,96,
1784088060,2026-07-14T21:01:00-07:00,53,
1784088120,2026-07-14T21:02:00-07:00,112,
1784088180,2026-07-14T21:03:00-07:00,209,
1784088240,2026-07-14T21:04:00-07:00,95,
1784088300,2026-07-14T21:05:00-07:00,141,
1784088360,2026-07-14T21:06:00-07:00,51,
1784088420,2026-07-14T21:07:00-07:00,126,
1784088480,2026-07-14T21:08:00-07:00,45,
1784088540,2026-07-14T21:09:00-07:00,83,
1784088600,2026-07-14T21:10:00-07:00,87,
1784088660,2026-07-14T21:11:00-07:00,38,
1784088720,2026-07-14T21:12:00-07:00,147,
1784088780,2026-07-14T21:13:00-07:00,182,
1784088840,2026-07-14T21:14:00-07:00,118,
1784088900,2026-07-14T21:15:00-07:00,156,
1784088960,2026-07-14T21:16:00-07:00,178,
1784089020,2026-07-14T21:17:00-07:00,101,
1784089080,2026-07-14T21:18:00-07:00,120,
1784089140,2026-07-14T21:19:00-07:00,100,
1784089200,2026-07-14T21:20:00-07:00,41,
1784089260,2026-07-14T21:21:00-07:00,73,
1784089320,2026-07-14T21:22:00-07:00,83,
1784089380,2026-07-14T21:23:00-07:00,228,
1784089440,2026-07-14T21:24:00-07:00,96,
1784089500,2026-07-14T21:25:00-07:00,120,
1784089560,2026-07-14T21:26:00-07:00,122,
1784089620,2026-07-14T21:27:00-07:00,95,
1784089680,2026-07-14T21:28:00-07:00,119,
1784089740,2026-07-14T21:29:00-07:00,205,
1784089800,2026-07-14T21:30:00-07:00,52,
1784089860,2026-07-14T21:31:00-07:00,123,
1784089920,2026-07-14T21:32:00-07:00,98,
1784089980,2026-07-14T21:33:00-07:00,136,
1784090040,2026-07-14T21:34:00-07:00,142,
1784090100,2026-07-14T21:35:00-07:00,77,
1784090160,2026-07-14T21:36:00-07:00,151,
1784090220,2026-07-14T21:37:00-07:00,95,
1784090280,2026-07-14T21:38:00-07:00,164,
1784090340,2026-07-14T21:39:00-07:00,71,
1784090400,2026-07-14T21:40:00-07:00,106,
1784090460,2026-07-14T21:41:00-07:00,29,
1784090520,2026-07-14T21:42:00-07:00,76,
1784090580,2026-07-14T21:43:00-07:00,71,
1784090640,2026-07-14T21:44:00-07:00,83,
1784090700,2026-07-14T21:45:00-07:00,113,
1784090760,2026-07-14T21:46:00-07:00,163,
1784090820,2026-07-14T21:47:00-07:00,158,
1784090880,2026-07-14T21:48:00-07:00,162,
1784090940,2026-07-14T21:49:00-07:00,122,
1784091000,2026-07-14T21:50:00-07:00,105,
1784091060,2026-07-14T21:51:00-07:00,164,
1784091120,2026-07-14T21:52:00-07:00,111,
1784091180,2026-07-14T21:53:00-07:00,86,
1784091240,2026-07-14T21:54:00-07:00,161,
1784091300,2026-07-14T21:55:00-07:00,154,
1784091360,2026-07-14T21:56:00-07:00,197,
1784091420,2026-07-14T21:57:00-07:00,130,
1784091480,2026-07-14T21:58:00-07:00,151,
1784091540,2026-07-14T21:59:00-07:00,110,
1784091600,2026-07-14T22:00:00-07:00,78,
1784091660,2026-07-14T22:01:00-07:00,160,
1784091720,2026-07-14T22:02:00-07:00,145,
1784091780,2026-07-14T22:03:00-07:00,124,
1784091840,2026-07-14T22:04:00-07:00,132,
1784091900,2026-07-14T22:05:00-07:00,74,
1784091960,2026-07-14T22:06:00-07:00,159,
1784092020,2026-07-14T22:07:00-07:00,194,
1784092080,2026-07-14T22:08:00-07:00,88,
1784092140,2026-07-14T22:09:00-07:00,79,
1784092200,2026-07-14T22:10:00-07:00,69,
1784092260,2026-07-14T22:11:00-07:00,77,
1784092320,2026-07-14T22:12:00-07:00,89,
1784092380,2026-07-14T22:13:00-07:00,133,
1784092440,2026-07-14T22:14:00-07:00,84,
1784092500,2026-07-14T22:15:00-07:00,110,
1784092560,2026-07-14T22:16:00-07:00,151,
1784092620,2026-07-14T22:17:00-07:00,151,
1784092680,2026-07-14T22:18:00-07:00,51,
1784092740,2026-07-14T22:19:00-07:00,151,
1784092800,2026-07-14T22:20:00-07:00,169,
1784092860,2026-07-14T22:21:00-07:00,115,
1784092920,2026-07-14T22:22:00-07:00,166,
1784092980,2026-07-14T22:23:00-07:00,96,
1784093040,2026-07-14T22:24:00-07:00,40,
1784093100,2026-07-14T22:25:00-07:00,149,
1784093160,2026-07-14T22:26:00-07:00,168,
1784093220,2026-07-14T22:27:00-07:00,130,
1784093280,2026-07-14T22:28:00-07:00,107,
1784093340,2026-07-14T22:29:00-07:00,101,
1784093400,2026-07-14T22:30:00-07:00,94,
1784093460,2026-07-14T22:31:00-07:00,133,
1784093520,2026-07-14T22:32:00-07:00,129,
1784093580,2026-07-14T22:33:00-07:00,230,
1784093640,2026-07-14T22:34:00-07:00,182,
1784093700,2026-07-14T22:35:00-07:00,93,
1784093760,2026-07-14T22:36:00-07:00,192,
1784093820,2026-07-14T22:37:00-07:00,154,
1784093880,2026-07-14T22:38:00-07:00,72,
1784093940,2026-07-14T22:39:00-07:00,48,
1784094000,2026-07-14T22:40:00-07:00,108,
1784094060,2026-07-14T22:41:00-07:00,73,
1784094120,2026-07-14T22:42:00-07:00,127,
1784094180,2026-07-14T22:43:00-07:00,88,
1784094240,2026-07-14T22:44:00-07:00,50,
1784094300,2026-07-14T22:45:00-07:00,50,
1784094360,2026-07-14T22:46:00-07:00,36,
1784094420,2026-07-14T22:47:00-07:00,117,
1784094480,2026-07-14T22:48:00-07:00,38,
1784094540,2026-07-14T22:49:00-07:00,109,
1784094600,2026-07-14T22:50:00-07:00,141,
1784094660,2026-07-14T22:51:00-07:00,39,
1784094720,2026-07-14T22:52:00-07:00,44,
1784094780,2026-07-14T22:53:00-07:00,77,
1784094840,2026-07-14T22:54:00-07:00,101,
1784094900,2026-07-14T22:55:00-07:00,78,
1784094960,2026-07-14T22:56:00-07:00,150,
1784095020,2026-07-14T22:57:00-07:00,163,
1784095080,2026-07-14T22:58:00-07:00,75,
1784095140,2026-07-14T22:59:00-07:00,155,
1784095200,2026-07-14T23:00:00-07:00,128,
1784095260,2026-07-14T23:01:00-07:00,116,
1784095320,2026-07-14T23:02:00-07:00,167,
1784095380,2026-07-14T23:03:00-07:00,32,
1784095440,2026-07-14T23:04:00-07:00,172,
1784095500,2026-07-14T23:05:00-07:00,94,
1784095560,2026-07-14T23:06:00-07:00,156,
1784095620,2026-07-14T23:07:00-07:00,54,
1784095680,2026-07-14T23:08:00-07:00,156,
1784095740,2026-07-14T23:09:00-07:00,54,
1784095800,2026-07-14T23:10:00-07:00,54,
1784095860,2026-07-14T23:11:00-07:00,82,
1784095920,2026-07-14T23:12:00-07:00,75,
1784095980,2026-07-14T23:13:00-07:00,54,
1784096040,2026-07-14T23:14:00-07:00,77,
1784096100,2026-07-14T23:15:00-07:00,129,
1784096160,2026-07-14T23:16:00-07:00,133,
1784096220,2026-07-14T23:17:00-07:00,58,
1784096280,2026-07-14T23:18:00-07:00,135,
1784096340,2026-07-14T23:19:00-07:00,110,
1784096400,2026-07-14T23:20:00-07:00,147,
1784096460,2026-07-14T23:21:00-07:00,44,
1784096520,2026-07-14T23:22:00-07:00,68,
1784096580,2026-07-14T23:23:00-07:00,50,
1784096640,2026-07-14T23:24:00-07:00,67,
1784096700,2026-07-14T23:25:00-07:00,64,
1784096760,2026-07-14T23:26:00-07:00,55,
1784096820,2026-07-14T23:27:00-07:00,43,
1784096880,2026-07-14T23:28:00-07:00,63,
1784096940,2026-07-14T23:29:00-07:00,110,
1784097000,2026-07-14T23:30:00-07:00,59,
1784097060,2026-07-14T23:31:00-07:00,50,
1784097120,2026-07-14T23:32:00-07:00,198,
1784097180,2026-07-14T23:33:00-07:00,64,
1784097240,2026-07-14T23:34:00-07:00,47,
1784097300,2026-07-14T23:35:00-07:00,43,
1784097360,2026-07-14T23:36:00-07:00,30,
1784097420,2026-07-14T23:37:00-07:00,34,
1784097480,2026-07-14T23:38:00-07:00,49,
1784097540,2026-07-14T23:39:00-07:00,32,
1784097600,2026-07-14T23:40:00-07:00,16,
1784097660,2026-07-14T23:41:00-07:00,37,
1784097720,2026-07-14T23:42:00-07:00,39,
1784097780,2026-07-14T23:43:00-07:00,54,
1784097840,2026-07-14T23:44:00-07:00,35,
1784097900,2026-07-14T23:45:00-07:00,28,
1784097960,2026-07-14T23:46:00-07:00,47,
1784098020,2026-07-14T23:47:00-07:00,38,
1784098080,2026-07-14T23:48:00-07:00,24,
1784098140,2026-07-14T23:49:00-07:00,25,
1784098200,2026-07-14T23:50:00-07:00,49,
1784098260,2026-07-14T23:51:00-07:00,44,
1784098320,2026-07-14T23:52:00-07:00,32,
1784098380,2026-07-14T23:53:00-07:00,41,
1784098440,2026-07-14T23:54:00-07:00,38,
1784098500,2026-07-14T23:55:00-07:00,111,
1784098560,2026-07-14T23:56:00-07:00,49,
1784098620,2026-07-14T23:57:00-07:00,38,
1784098680,2026-07-14T23:58:00-07:00,43,
1784098740,2026-07-14T23:59:00-07:00,31,
1784098800,2026-07-15T00:00:00-07:00,37,
1784098860,2026-07-15T00:01:00-07:00,48,
1784098920,2026-07-15T00:02:00-07:00,33,
1784098980,2026-07-15T00:03:00-07:00,46,
1784099040,2026-07-15T00:04:00-07:00,22,
1784099100,2026-07-15T00:05:00-07:00,24,
1784099160,2026-07-15T00:06:00-07:00,30,
1784099220,2026-07-15T00:07:00-07:00,48,
1784099280,2026-07-15T00:08:00-07:00,34,
1784099340,2026-07-15T00:09:00-07:00,66,
1784099400,2026-07-15T00:10:00-07:00,49,
1784099460,2026-07-15T00:11:00-07:00,34,
1784099520,2026-07-15T00:12:00-07:00,16,
1784099580,2026-07-15T00:13:00-07:00,39,
1784099640,2026-07-15T00:14:00-07:00,37,
1784099700,2026-07-15T00:15:00-07:00,21,
1784099760,2026-07-15T00:16:00-07:00,172,
1784099820,2026-07-15T00:17:00-07:00,26,
1784099880,2026-07-15T00:18:00-07:00,39,
1784099940,2026-07-15T00:19:00-07:00,45,
1784100000,2026-07-15T00:20:00-07:00,37,
1784100060,2026-07-15T00:21:00-07:00,30,
1784100120,2026-07-15T00:22:00-07:00,48,
1784100180,2026-07-15T00:23:00-07:00,36,
1784100240,2026-07-15T00:24:00-07:00,82,
1784100300,2026-07-15T00:25:00-07:00,43,
1784100360,2026-07-15T00:26:00-07:00,55,
1784100420,2026-07-15T00:27:00-07:00,52,
1784100480,2026-07-15T00:28:00-07:00,19,
1784100540,2026-07-15T00:29:00-07:00,40,
1784100600,2026-07-15T00:30:00-07:00,51,
1784100660,2026-07-15T00:31:00-07:00,33,
1784100720,2026-07-15T00:32:00-07:00,30,
1784100780,2026-07-15T00:33:00-07:00,39,
1784100840,2026-07-15T00:34:00-07:00,24,
1784100900,2026-07-15T00:35:00-07:00,23,
1784100960,2026-07-15T00:36:00-07:00,57,
1784101020,2026-07-15T00:37:00-07:00,22,
1784101080,2026-07-15T00:38:00-07:00,19,
1784101140,2026-07-15T00:39:00-07:00,8,
1784101200,2026-07-15T00:40:00-07:00,22,
1784101260,2026-07-15T00:41:00-07:00,48,
1784101320,2026-07-15T00:42:00-07:00,17,
1784101380,2026-07-15T00:43:00-07:00,44,
1784101440,2026-07-15T00:44:00-07:00,44,
1784101500,2026-07-15T00:45:00-07:00,84,
1784101560,2026-07-15T00:46:00-07:00,25,
1784101620,2026-07-15T00:47:00-07:00,30,
1784101680,2026-07-15T00:48:00-07:00,9,
1784101740,2026-07-15T00:49:00-07:00,6,
1784101800,2026-07-15T00:50:00-07:00,13,
1784101860,2026-07-15T00:51:00-07:00,22,
1784101920,2026-07-15T00:52:00-07:00,61,
1784101980,2026-07-15T00:53:00-07:00,58,
1784102040,2026-07-15T00:54:00-07:00,18,
1784102100,2026-07-15T00:55:00-07:00,7,
1784102160,2026-07-15T00:56:00-07:00,15,
1784102220,2026-07-15T00:57:00-07:00,9,
1784102280,2026-07-15T00:58:00-07:00,4,
1784102340,2026-07-15T00:59:00-07:00,9,
1784102400,2026-07-15T01:00:00-07:00,10,
1784102460,2026-07-15T01:01:00-07:00,7,
1784102520,2026-07-15T01:02:00-07:00,20,
1784102580,2026-07-15T01:03:00-07:00,7,
1784102640,2026-07-15T01:04:00-07:00,46,
1784102700,2026-07-15T01:05:00-07:00,17,
1784102760,2026-07-15T01:06:00-07:00,21,
1784102820,2026-07-15T01:07:00-07:00,11,
1784102880,2026-07-15T01:08:00-07:00,16,
1784102940,2026-07-15T01:09:00-07:00,6,
1784103000,2026-07-15T01:10:00-07:00,17,
1784103060,2026-07-15T01:11:00-07:00,13,
1784103120,2026-07-15T01:12:00-07:00,9,
1784103180,2026-07-15T01:13:00-07:00,9,
1784103240,2026-07-15T01:14:00-07:00,4,
1784103300,2026-07-15T01:15:00-07:00,9,
1784103360,2026-07-15T01:16:00-07:00,5,
1784103420,2026-07-15T01:17:00-07:00,5,
1784103480,2026-07-15T01:18:00-07:00,10,
1784103540,2026-07-15T01:19:00-07:00,3,
1784103600,2026-07-15T01:20:00-07:00,5,
1784103660,2026-07-15T01:21:00-07:00,8,
1784103720,2026-07-15T01:22:00-07:00,3,
1784103780,2026-07-15T01:23:00-07:00,8,
1784103840,2026-07-15T01:24:00-07:00,4,
1784103900,2026-07-15T01:25:00-07:00,7,
1784103960,2026-07-15T01:26:00-07:00,9,
1784104020,2026-07-15T01:27:00-07:00,13,
1784104080,2026-07-15T01:28:00-07:00,10,
1784104140,2026-07-15T01:29:00-07:00,6,
1784104200,2026-07-15T01:30:00-07:00,6,
1784104260,2026-07-15T01:31:00-07:00,13,
1784104320,2026-07-15T01:32:00-07:00,7,
1784104380,2026-07-15T01:33:00-07:00,2,
1784104440,2026-07-15T01:34:00-07:00,12,
1784104500,2026-07-15T01:35:00-07:00,21,
1784104560,2026-07-15T01:36:00-07:00,5,
1784104620,2026-07-15T01:37:00-07:00,5,
1784104680,2026-07-15T01:38:00-07:00,4,
1784104740,2026-07-15T01:39:00-07:00,6,
1784104800,2026-07-15T01:40:00-07:00,11,
1784104860,2026-07-15T01:41:00-07:00,9,
1784104920,2026-07-15T01:42:00-07:00,6,
1784104980,2026-07-15T01:43:00-07:00,4,
1784105040,2026-07-15T01:44:00-07:00,9,
1784105100,2026-07-15T01:45:00-07:00,5,
1784105160,2026-07-15T01:46:00-07:00,9,
1784105220,2026-07-15T01:47:00-07:00,3,
1784105280,2026-07-15T01:48:00-07:00,5,
1784105340,2026-07-15T01:49:00-07:00,4,
1784105400,2026-07-15T01:50:00-07:00,5,
1784105460,2026-07-15T01:51:00-07:00,28,
1784105520,2026-07-15T01:52:00-07:00,15,
1784105580,2026-07-15T01:53:00-07:00,8,
1784105640,2026-07-15T01:54:00-07:00,4,
1784105700,2026-07-15T01:55:00-07:00,4,
1784105760,2026-07-15T01:56:00-07:00,6,
1784105820,2026-07-15T01:57:00-07:00,6,
1784105880,2026-07-15T01:58:00-07:00,7,
1784105940,2026-07-15T01:59:00-07:00,4,
1784106000,2026-07-15T02:00:00-07:00,4,
1784106060,2026-07-15T02:01:00-07:00,9,
1784106120,2026-07-15T02:02:00-07:00,3,
1784106180,2026-07-15T02:03:00-07:00,5,
1784106240,2026-07-15T02:04:00-07:00,6,
1784106300,2026-07-15T02:05:00-07:00,4,
1784106360,2026-07-15T02:06:00-07:00,5,
1784106420,2026-07-15T02:07:00-07:00,4,
1784106480,2026-07-15T02:08:00-07:00,13,
1784106540,2026-07-15T02:09:00-07:00,18,
1784106600,2026-07-15T02:10:00-07:00,26,
1784106660,2026-07-15T02:11:00-07:00,10,
1784106720,2026-07-15T02:12:00-07:00,7,
1784106780,2026-07-15T02:13:00-07:00,7,
1784106840,2026-07-15T02:14:00-07:00,4,
1784106900,2026-07-15T02:15:00-07:00,9,
1784106960,2026-07-15T02:16:00-07:00,6,
1784107020,2026-07-15T02:17:00-07:00,3,
1784107080,2026-07-15T02:18:00-07:00,6,
1784107140,2026-07-15T02:19:00-07:00,2,
1784107200,2026-07-15T02:20:00-07:00,3,
1784107260,2026-07-15T02:21:00-07:00,5,
1784107320,2026-07-15T02:22:00-07:00,3,
1784107380,2026-07-15T02:23:00-07:00,5,
1784107440,2026-07-15T02:24:00-07:00,3,
1784107500,2026-07-15T02:25:00-07:00,2,
1784107560,2026-07-15T02:26:00-07:00,6,
1784107620,2026-07-15T02:27:00-07:00,7,
1784107680,2026-07-15T02:28:00-07:00,4,
1784107740,2026-07-15T02:29:00-07:00,8,
1784107800,2026-07-15T02:30:00-07:00,6,
1784107860,2026-07-15T02:31:00-07:00,7,
1784107920,2026-07-15T02:32:00-07:00,8,
1784107980,2026-07-15T02:33:00-07:00,7,
1784108040,2026-07-15T02:34:00-07:00,6,
1784108100,2026-07-15T02:35:00-07:00,4,
1784108160,2026-07-15T02:36:00-07:00,9,
1784108220,2026-07-15T02:37:00-07:00,13,
1784108280,2026-07-15T02:38:00-07:00,13,
1784108340,2026-07-15T02:39:00-07:00,7,
1784108400,2026-07-15T02:40:00-07:00,10,
1784108460,2026-07-15T02:41:00-07:00,7,
1784108520,2026-07-15T02:42:00-07:00,9,
1784108580,2026-07-15T02:43:00-07:00,6,
1784108640,2026-07-15T02:44:00-07:00,6,
1784108700,2026-07-15T02:45:00-07:00,6,
1784108760,2026-07-15T02:46:00-07:00,8,
1784108820,2026-07-15T02:47:00-07:00,5,
1784108880,2026-07-15T02:48:00-07:00,5,
1784108940,2026-07-15T02:49:00-07:00,8,
1784109000,2026-07-15T02:50:00-07:00,7,
1784109060,2026-07-15T02:51:00-07:00,7,
1784109120,2026-07-15T02:52:00-07:00,4,
1784109180,2026-07-15T02:53:00-07:00,8,
1784109240,2026-07-15T02:54:00-07:00,3,
1784109300,2026-07-15T02:55:00-07:00,8,
1784109360,2026-07-15T02:56:00-07:00,6,
1784109420,2026-07-15T02:57:00-07:00,21,
1784109480,2026-07-15T02:58:00-07:00,4,
1784109540,2026-07-15T02:59:00-07:00,4,
1784109600,2026-07-15T03:00:00-07:00,5,
1784109660,2026-07-15T03:01:00-07:00,9,
1784109720,2026-07-15T03:02:00-07:00,10,
1784109780,2026-07-15T03:03:00-07:00,6,
1784109840,2026-07-15T03:04:00-07:00,7,
1784109900,2026-07-15T03:05:00-07:00,8,
1784109960,2026-07-15T03:06:00-07:00,9,
1784110020,2026-07-15T03:07:00-07:00,11,
1784110080,2026-07-15T03:08:00-07:00,11,
1784110140,2026-07-15T03:09:00-07:00,6,
1784110200,2026-07-15T03:10:00-07:00,7,
1784110260,2026-07-15T03:11:00-07:00,6,
1784110320,2026-07-15T03:12:00-07:00,5,
1784110380,2026-07-15T03:13:00-07:00,7,
1784110440,2026-07-15T03:14:00-07:00,11,
1784110500,2026-07-15T03:15:00-07:00,5,
1784110560,2026-07-15T03:16:00-07:00,5,
1784110620,2026-07-15T03:17:00-07:00,13,
1784110680,2026-07-15T03:18:00-07:00,6,
1784110740,2026-07-15T03:19:00-07:00,5,
1784110800,2026-07-15T03:20:00-07:00,3,
1784110860,2026-07-15T03:21:00-07:00,5,
1784110920,2026-07-15T03:22:00-07:00,5,
1784110980,2026-07-15T03:23:00-07:00,14,
1784111040,2026-07-15T03:24:00-07:00,15,
1784111100,2026-07-15T03:25:00-07:00,16,
1784111160,2026-07-15T03:26:00-07:00,4,
1784111220,2026-07-15T03:27:00-07:00,12,
1784111280,2026-07-15T03:28:00-07:00,9,
1784111340,2026-07-15T03:29:00-07:00,10,
1784111400,2026-07-15T03:30:00-07:00,9,
1784111460,2026-07-15T03:31:00-07:00,5,
1784111520,2026-07-15T03:32:00-07:00,7,
1784111580,2026-07-15T03:33:00-07:00,11,
1784111640,2026-07-15T03:34:00-07:00,4,
1784111700,2026-07-15T03:35:00-07:00,17,
1784111760,2026-07-15T03:36:00-07:00,5,
1784111820,2026-07-15T03:37:00-07:00,8,
1784111880,2026-07-15T03:38:00-07:00,4,
1784111940,2026-07-15T03:39:00-07:00,4,
1784112000,2026-07-15T03:40:00-07:00,8,
1784112060,2026-07-15T03:41:00-07:00,7,
1784112120,2026-07-15T03:42:00-07:00,11,
1784112180,2026-07-15T03:43:00-07:00,5,
1784112240,2026-07-15T03:44:00-07:00,4,
1784112300,2026-07-15T03:45:00-07:00,6,
1784112360,2026-07-15T03:46:00-07:00,7,
1784112420,2026-07-15T03:47:00-07:00,8,
1784112480,2026-07-15T03:48:00-07:00,6,
1784112540,2026-07-15T03:49:00-07:00,7,
1784112600,2026-07-15T03:50:00-07:00,2,
1784112660,2026-07-15T03:51:00-07:00,6,
1784112720,2026-07-15T03:52:00-07:00,7,
1784112780,2026-07-15T03:53:00-07:00,3,
1784112840,2026-07-15T03:54:00-07:00,5,
1784112900,2026-07-15T03:55:00-07:00,4,
1784112960,2026-07-15T03:56:00-07:00,2,
1784113020,2026-07-15T03:57:00-07:00,5,
1784113080,2026-07-15T03:58:00-07:00,7,
1784113140,2026-07-15T03:59:00-07:00,17,
1784113200,2026-07-15T04:00:00-07:00,6,
1784113260,2026-07-15T04:01:00-07:00,6,
1784113320,2026-07-15T04:02:00-07:00,14,
1784113380,2026-07-15T04:03:00-07:00,8,
1784113440,2026-07-15T04:04:00-07:00,4,
1784113500,2026-07-15T04:05:00-07:00,5,
1784113560,2026-07-15T04:06:00-07:00,8,
1784113620,2026-07-15T04:07:00-07:00,4,
1784113680,2026-07-15T04:08:00-07:00,4,
1784113740,2026-07-15T04:09:00-07:00,8,
1784113800,2026-07-15T04:10:00-07:00,7,
1784113860,2026-07-15T04:11:00-07:00,9,
1784113920,2026-07-15T04:12:00-07:00,8,
1784113980,2026-07-15T04:13:00-07:00,6,
1784114040,2026-07-15T04:14:00-07:00,5,
1784114100,2026-07-15T04:15:00-07:00,7,
1784114160,2026-07-15T04:16:00-07:00,7,
1784114220,2026-07-15T04:17:00-07:00,5,
1784114280,2026-07-15T04:18:00-07:00,8,
1784114340,2026-07-15T04:19:00-07:00,6,
1784114400,2026-07-15T04:20:00-07:00,7,
1784114460,2026-07-15T04:21:00-07:00,11,
1784114520,2026-07-15T04:22:00-07:00,6,
1784114580,2026-07-15T04:23:00-07:00,11,
1784114640,2026-07-15T04:24:00-07:00,6,
1784114700,2026-07-15T04:25:00-07:00,11,
1784114760,2026-07-15T04:26:00-07:00,10,
1784114820,2026-07-15T04:27:00-07:00,5,
1784114880,2026-07-15T04:28:00-07:00,7,
1784114940,2026-07-15T04:29:00-07:00,6,
1784115000,2026-07-15T04:30:00-07:00,12,
1784115060,2026-07-15T04:31:00-07:00,6,
1784115120,2026-07-15T04:32:00-07:00,9,
1784115180,2026-07-15T04:33:00-07:00,7,
1784115240,2026-07-15T04:34:00-07:00,9,
1784115300,2026-07-15T04:35:00-07:00,5,
1784115360,2026-07-15T04:36:00-07:00,12,
1784115420,2026-07-15T04:37:00-07:00,7,
1784115480,2026-07-15T04:38:00-07:00,25,
1784115540,2026-07-15T04:39:00-07:00,6,
1784115600,2026-07-15T04:40:00-07:00,8,
1784115660,2026-07-15T04:41:00-07:00,8,
1784115720,2026-07-15T04:42:00-07:00,4,
1784115780,2026-07-15T04:43:00-07:00,5,
1784115840,2026-07-15T04:44:00-07:00,6,
1784115900,2026-07-15T04:45:00-07:00,6,
1784115960,2026-07-15T04:46:00-07:00,6,
1784116020,2026-07-15T04:47:00-07:00,2,
1784116080,2026-07-15T04:48:00-07:00,3,
1784116140,2026-07-15T04:49:00-07:00,4,
1784116200,2026-07-15T04:50:00-07:00,5,
1784116260,2026-07-15T04:51:00-07:00,13,
1784116320,2026-07-15T04:52:00-07:00,8,
1784116380,2026-07-15T04:53:00-07:00,13,
1784116440,2026-07-15T04:54:00-07:00,10,
1784116500,2026-07-15T04:55:00-07:00,22,
1784116560,2026-07-15T04:56:00-07:00,5,
1784116620,2026-07-15T04:57:00-07:00,5,
1784116680,2026-07-15T04:58:00-07:00,5,
1784116740,2026-07-15T04:59:00-07:00,9,
1784116800,2026-07-15T05:00:00-07:00,7,
1784116860,2026-07-15T05:01:00-07:00,5,
1784116920,2026-07-15T05:02:00-07:00,3,
1784116980,2026-07-15T05:03:00-07:00,10,
1784117040,2026-07-15T05:04:00-07:00,4,
1784117100,2026-07-15T05:05:00-07:00,16,
1784117160,2026-07-15T05:06:00-07:00,6,
1784117220,2026-07-15T05:07:00-07:00,24,
1784117280,2026-07-15T05:08:00-07:00,12,
1784117340,2026-07-15T05:09:00-07:00,4,
1784117400,2026-07-15T05:10:00-07:00,3,
1784117460,2026-07-15T05:11:00-07:00,8,
1784117520,2026-07-15T05:12:00-07:00,8,
1784117580,2026-07-15T05:13:00-07:00,10,
1784117640,2026-07-15T05:14:00-07:00,6,
1784117700,2026-07-15T05:15:00-07:00,6,
1784117760,2026-07-15T05:16:00-07:00,7,
1784117820,2026-07-15T05:17:00-07:00,3,
1784117880,2026-07-15T05:18:00-07:00,16,
1784117940,2026-07-15T05:19:00-07:00,29,
1784118000,2026-07-15T05:20:00-07:00,6,
1784118060,2026-07-15T05:21:00-07:00,7,
1784118120,2026-07-15T05:22:00-07:00,10,
1784118180,2026-07-15T05:23:00-07:00,6,
1784118240,2026-07-15T05:24:00-07:00,6,
1784118300,2026-07-15T05:25:00-07:00,4,
1784118360,2026-07-15T05:26:00-07:00,7,
1784118420,2026-07-15T05:27:00-07:00,11,
1784118480,2026-07-15T05:28:00-07:00,8,
1784118540,2026-07-15T05:29:00-07:00,6,
1784118600,2026-07-15T05:30:00-07:00,8,
1784118660,2026-07-15T05:31:00-07:00,29,
1784118720,2026-07-15T05:32:00-07:00,13,
1784118780,2026-07-15T05:33:00-07:00,8,
1784118840,2026-07-15T05:34:00-07:00,4,
1784118900,2026-07-15T05:35:00-07:00,23,
1784118960,2026-07-15T05:36:00-07:00,8,
1784119020,2026-07-15T05:37:00-07:00,8,
1784119080,2026-07-15T05:38:00-07:00,20,
1784119140,2026-07-15T05:39:00-07:00,3,
1784119200,2026-07-15T05:40:00-07:00,9,
1784119260,2026-07-15T05:41:00-07:00,10,
1784119320,2026-07-15T05:42:00-07:00,10,
1784119380,2026-07-15T05:43:00-07:00,5,
1784119440,2026-07-15T05:44:00-07:00,8,
1784119500,2026-07-15T05:45:00-07:00,19,
1784119560,2026-07-15T05:46:00-07:00,12,
1784119620,2026-07-15T05:47:00-07:00,5,
1784119680,2026-07-15T05:48:00-07:00,27,
1784119740,2026-07-15T05:49:00-07:00,14,
1784119800,2026-07-15T05:50:00-07:00,5,
1784119860,2026-07-15T05:51:00-07:00,8,
1784119920,2026-07-15T05:52:00-07:00,8,
1784119980,2026-07-15T05:53:00-07:00,26,
1784120040,2026-07-15T05:54:00-07:00,13,
1784120100,2026-07-15T05:55:00-07:00,14,
1784120160,2026-07-15T05:56:00-07:00,10,
1784120220,2026-07-15T05:57:00-07:00,11,
1784120280,2026-07-15T05:58:00-07:00,7,
1784120340,2026-07-15T05:59:00-07:00,6,
1784120400,2026-07-15T06:00:00-07:00,8,
1784120460,2026-07-15T06:01:00-07:00,10,
1784120520,2026-07-15T06:02:00-07:00,9,
1784120580,2026-07-15T06:03:00-07:00,11,
1784120640,2026-07-15T06:04:00-07:00,27,
1784120700,2026-07-15T06:05:00-07:00,15,
1784120760,2026-07-15T06:06:00-07:00,20,
1784120820,2026-07-15T06:07:00-07:00,12,
1784120880,2026-07-15T06:08:00-07:00,50,
1784120940,2026-07-15T06:09:00-07:00,9,
1784121000,2026-07-15T06:10:00-07:00,11,
1784121060,2026-07-15T06:11:00-07:00,15,
1784121120,2026-07-15T06:12:00-07:00,31,
1784121180,2026-07-15T06:13:00-07:00,12,
1784121240,2026-07-15T06:14:00-07:00,33,
1784121300,2026-07-15T06:15:00-07:00,12,
1784121360,2026-07-15T06:16:00-07:00,6,
1784121420,2026-07-15T06:17:00-07:00,22,
1784121480,2026-07-15T06:18:00-07:00,29,
1784121540,2026-07-15T06:19:00-07:00,10,
1784121600,2026-07-15T06:20:00-07:00,20,
1784121660,2026-07-15T06:21:00-07:00,11,
1784121720,2026-07-15T06:22:00-07:00,45,
1784121780,2026-07-15T06:23:00-07:00,30,
1784121840,2026-07-15T06:24:00-07:00,26,
1784121900,2026-07-15T06:25:00-07:00,24,
1784121960,2026-07-15T06:26:00-07:00,53,
1784122020,2026-07-15T06:27:00-07:00,22,
1784122080,2026-07-15T06:28:00-07:00,14,
1784122140,2026-07-15T06:29:00-07:00,38,
1784122200,2026-07-15T06:30:00-07:00,22,
1784122260,2026-07-15T06:31:00-07:00,25,
1784122320,2026-07-15T06:32:00-07:00,13,
1784122380,2026-07-15T06:33:00-07:00,42,
1784122440,2026-07-15T06:34:00-07:00,30,
1784122500,2026-07-15T06:35:00-07:00,25,
1784122560,2026-07-15T06:36:00-07:00,66,
1784122620,2026-07-15T06:37:00-07:00,18,
1784122680,2026-07-15T06:38:00-07:00,12,
1784122740,2026-07-15T06:39:00-07:00,6,
1784122800,2026-07-15T06:40:00-07:00,29,
1784122860,2026-07-15T06:41:00-07:00,59,
1784122920,2026-07-15T06:42:00-07:00,25,
1784122980,2026-07-15T06:43:00-07:00,16,
1784123040,2026-07-15T06:44:00-07:00,26,
1784123100,2026-07-15T06:45:00-07:00,50,
1784123160,2026-07-15T06:46:00-07:00,23,
1784123220,2026-07-15T06:47:00-07:00,13,
1784123280,2026-07-15T06:48:00-07:00,14,
1784123340,2026-07-15T06:49:00-07:00,40,
1784123400,2026-07-15T06:50:00-07:00,11,
1784123460,2026-07-15T06:51:00-07:00,37,
1784123520,2026-07-15T06:52:00-07:00,9,
1784123580,2026-07-15T06:53:00-07:00,26,
1784123640,2026-07-15T06:54:00-07:00,26,
1784123700,2026-07-15T06:55:00-07:00,14,
1784123760,2026-07-15T06:56:00-07:00,33,
1784123820,2026-07-15T06:57:00-07:00,23,
1784123880,2026-07-15T06:58:00-07:00,50,
1784123940,2026-07-15T06:59:00-07:00,8,
1784124000,2026-07-15T07:00:00-07:00,14,
1784124060,2026-07-15T07:01:00-07:00,39,
1784124120,2026-07-15T07:02:00-07:00,17,
1784124180,2026-07-15T07:03:00-07:00,15,
1784124240,2026-07-15T07:04:00-07:00,20,
1784124300,2026-07-15T07:05:00-07:00,29,
1784124360,2026-07-15T07:06:00-07:00,21,
1784124420,2026-07-15T07:07:00-07:00,18,
1784124480,2026-07-15T07:08:00-07:00,17,
1784124540,2026-07-15T07:09:00-07:00,39,
1784124600,2026-07-15T07:10:00-07:00,39,
1784124660,2026-07-15T07:11:00-07:00,17,
1784124720,2026-07-15T07:12:00-07:00,31,
1784124780,2026-07-15T07:13:00-07:00,18,
1784124840,2026-07-15T07:14:00-07:00,108,
1784124900,2026-07-15T07:15:00-07:00,44,
1784124960,2026-07-15T07:16:00-07:00,21,
1784125020,2026-07-15T07:17:00-07:00,57,
1784125080,2026-07-15T07:18:00-07:00,48,
1784125140,2026-07-15T07:19:00-07:00,40,
1784125200,2026-07-15T07:20:00-07:00,49,
1784125260,2026-07-15T07:21:00-07:00,25,
1784125320,2026-07-15T07:22:00-07:00,29,
1784125380,2026-07-15T07:23:00-07:00,52,
1784125440,2026-07-15T07:24:00-07:00,34,
1784125500,2026-07-15T07:25:00-07:00,39,
1784125560,2026-07-15T07:26:00-07:00,26,
1784125620,2026-07-15T07:27:00-07:00,63,
1784125680,2026-07-15T07:28:00-07:00,33,
1784125740,2026-07-15T07:29:00-07:00,32,
1784125800,2026-07-15T07:30:00-07:00,41,
1784125860,2026-07-15T07:31:00-07:00,13,
1784125920,2026-07-15T07:32:00-07:00,46,
1784125980,2026-07-15T07:33:00-07:00,34,
1784126040,2026-07-15T07:34:00-07:00,51,
1784126100,2026-07-15T07:35:00-07:00,24,
1784126160,2026-07-15T07:36:00-07:00,44,
1784126220,2026-07-15T07:37:00-07:00,61,
1784126280,2026-07-15T07:38:00-07:00,69,
1784126340,2026-07-15T07:39:00-07:00,71,
1784126400,2026-07-15T07:40:00-07:00,70,
1784126460,2026-07-15T07:41:00-07:00,52,
1784126520,2026-07-15T07:42:00-07:00,115,
1784126580,2026-07-15T07:43:00-07:00,56,
1784126640,2026-07-15T07:44:00-07:00,39,
1784126700,2026-07-15T07:45:00-07:00,29,
1784126760,2026-07-15T07:46:00-07:00,36,
1784126820,2026-07-15T07:47:00-07:00,25,
1784126880,2026-07-15T07:48:00-07:00,60,
1784126940,2026-07-15T07:49:00-07:00,83,
1784127000,2026-07-15T07:50:00-07:00,16,
1784127060,2026-07-15T07:51:00-07:00,64,
1784127120,2026-07-15T07:52:00-07:00,64,
1784127180,2026-07-15T07:53:00-07:00,190,
1784127240,2026-07-15T07:54:00-07:00,74,
1784127300,2026-07-15T07:55:00-07:00,59,
1784127360,2026-07-15T07:56:00-07:00,53,
1784127420,2026-07-15T07:57:00-07:00,33,
1784127480,2026-07-15T07:58:00-07:00,26,
1784127540,2026-07-15T07:59:00-07:00,51,
1784127600,2026-07-15T08:00:00-07:00,33,
1784127660,2026-07-15T08:01:00-07:00,57,
1784127720,2026-07-15T08:02:00-07:00,35,
1784127780,2026-07-15T08:03:00-07:00,71,
1784127840,2026-07-15T08:04:00-07:00,44,
1784127900,2026-07-15T08:05:00-07:00,64,
1784127960,2026-07-15T08:06:00-07:00,31,
1784128020,2026-07-15T08:07:00-07:00,55,
1784128080,2026-07-15T08:08:00-07:00,49,
1784128140,2026-07-15T08:09:00-07:00,47,
1784128200,2026-07-15T08:10:00-07:00,59,
1784128260,2026-07-15T08:11:00-07:00,41,
1784128320,2026-07-15T08:12:00-07:00,56,
1784128380,2026-07-15T08:13:00-07:00,62,
1784128440,2026-07-15T08:14:00-07:00,150,
1784128500,2026-07-15T08:15:00-07:00,89,
1784128560,2026-07-15T08:16:00-07:00,163,
1784128620,2026-07-15T08:17:00-07:00,182,
1784128680,2026-07-15T08:18:00-07:00,155,
1784128740,2026-07-15T08:19:00-07:00,111,
1784128800,2026-07-15T08:20:00-07:00,84,
1784128860,2026-07-15T08:21:00-07:00,76,
1784128920,2026-07-15T08:22:00-07:00,113,
1784128980,2026-07-15T08:23:00-07:00,81,
1784129040,2026-07-15T08:24:00-07:00,138,
1784129100,2026-07-15T08:25:00-07:00,60,
1784129160,2026-07-15T08:26:00-07:00,87,
1784129220,2026-07-15T08:27:00-07:00,200,
1784129280,2026-07-15T08:28:00-07:00,65,
1784129340,2026-07-15T08:29:00-07:00,119,
1784129400,2026-07-15T08:30:00-07:00,109,
1784129460,2026-07-15T08:31:00-07:00,66,
1784129520,2026-07-15T08:32:00-07:00,70,
1784129580,2026-07-15T08:33:00-07:00,53,
1784129640,2026-07-15T08:34:00-07:00,30,
1784129700,2026-07-15T08:35:00-07:00,74,
1784129760,2026-07-15T08:36:00-07:00,78,
1784129820,2026-07-15T08:37:00-07:00,81,
1784129880,2026-07-15T08:38:00-07:00,60,
1784129940,2026-07-15T08:39:00-07:00,148,
1784130000,2026-07-15T08:40:00-07:00,152,
1784130060,2026-07-15T08:41:00-07:00,75,
1784130120,2026-07-15T08:42:00-07:00,107,
1784130180,2026-07-15T08:43:00-07:00,64,
1784130240,2026-07-15T08:44:00-07:00,123,
1784130300,2026-07-15T08:45:00-07:00,37,
1784130360,2026-07-15T08:46:00-07:00,49,
1784130420,2026-07-15T08:47:00-07:00,104,
1784130480,2026-07-15T08:48:00-07:00,32,
1784130540,2026-07-15T08:49:00-07:00,119,
1784130600,2026-07-15T08:50:00-07:00,55,
1784130660,2026-07-15T08:51:00-07:00,60,
1784130720,2026-07-15T08:52:00-07:00,155,
1784130780,2026-07-15T08:53:00-07:00,125,
1784130840,2026-07-15T08:54:00-07:00,102,
1784130900,2026-07-15T08:55:00-07:00,100,
1784130960,2026-07-15T08:56:00-07:00,132,
1784131020,2026-07-15T08:57:00-07:00,187,
1784131080,2026-07-15T08:58:00-07:00,91,
1784131140,2026-07-15T08:59:00-07:00,132,
1784131200,2026-07-15T09:00:00-07:00,123,
1784131260,2026-07-15T09:01:00-07:00,80,
1784131320,2026-07-15T09:02:00-07:00,38,
1784131380,2026-07-15T09:03:00-07:00,52,
1784131440,2026-07-15T09:04:00-07:00,57,
1784131500,2026-07-15T09:05:00-07:00,54,
1784131560,2026-07-15T09:06:00-07:00,118,
1784131620,2026-07-15T09:07:00-07:00,38,
1784131680,2026-07-15T09:08:00-07:00,50,
1784131740,2026-07-15T09:09:00-07:00,140,
1784131800,2026-07-15T09:10:00-07:00,68,
1784131860,2026-07-15T09:11:00-07:00,53,
1784131920,2026-07-15T09:12:00-07:00,126,
1784131980,2026-07-15T09:13:00-07:00,161,
1784132040,2026-07-15T09:14:00-07:00,56,
1784132100,2026-07-15T09:15:00-07:00,67,
1784132160,2026-07-15T09:16:00-07:00,162,
1784132220,2026-07-15T09:17:00-07:00,59,
1784132280,2026-07-15T09:18:00-07:00,105,
1784132340,2026-07-15T09:19:00-07:00,139,
1784132400,2026-07-15T09:20:00-07:00,54,
1784132460,2026-07-15T09:21:00-07:00,81,
1784132520,2026-07-15T09:22:00-07:00,94,
1784132580,2026-07-15T09:23:00-07:00,114,
1784132640,2026-07-15T09:24:00-07:00,73,
1784132700,2026-07-15T09:25:00-07:00,126,
1784132760,2026-07-15T09:26:00-07:00,127,
1784132820,2026-07-15T09:27:00-07:00,81,
1784132880,2026-07-15T09:28:00-07:00,72,
1784132940,2026-07-15T09:29:00-07:00,103,
1784133000,2026-07-15T09:30:00-07:00,103,
1784133060,2026-07-15T09:31:00-07:00,107,
1784133120,2026-07-15T09:32:00-07:00,86,
1784133180,2026-07-15T09:33:00-07:00,57,
1784133240,2026-07-15T09:34:00-07:00,189,
1784133300,2026-07-15T09:35:00-07:00,97,
1784133360,2026-07-15T09:36:00-07:00,41,
1784133420,2026-07-15T09:37:00-07:00,40,
1784133480,2026-07-15T09:38:00-07:00,199,
1784133540,2026-07-15T09:39:00-07:00,71,
1784133600,2026-07-15T09:40:00-07:00,75,
1784133660,2026-07-15T09:41:00-07:00,43,
1784133720,2026-07-15T09:42:00-07:00,42,
1784133780,2026-07-15T09:43:00-07:00,67,
1784133840,2026-07-15T09:44:00-07:00,81,
1784133900,2026-07-15T09:45:00-07:00,45,
1784133960,2026-07-15T09:46:00-07:00,125,
1784134020,2026-07-15T09:47:00-07:00,119,
1784134080,2026-07-15T09:48:00-07:00,130,
1784134140,2026-07-15T09:49:00-07:00,72,
1784134200,2026-07-15T09:50:00-07:00,73,
1784134260,2026-07-15T09:51:00-07:00,147,
1784134320,2026-07-15T09:52:00-07:00,67,
1784134380,2026-07-15T09:53:00-07:00,102,
1784134440,2026-07-15T09:54:00-07:00,39,
1784134500,2026-07-15T09:55:00-07:00,65,
1784134560,2026-07-15T09:56:00-07:00,66,
1784134620,2026-07-15T09:57:00-07:00,78,
1784134680,2026-07-15T09:58:00-07:00,57,
1784134740,2026-07-15T09:59:00-07:00,62,
1784134800,2026-07-15T10:00:00-07:00,118,
1784134860,2026-07-15T10:01:00-07:00,91,
1784134920,2026-07-15T10:02:00-07:00,99,
1784134980,2026-07-15T10:03:00-07:00,110,
1784135040,2026-07-15T10:04:00-07:00,131,
1784135100,2026-07-15T10:05:00-07:00,107,
1784135160,2026-07-15T10:06:00-07:00,87,
1784135220,2026-07-15T10:07:00-07:00,114,
1784135280,2026-07-15T10:08:00-07:00,91,
1784135340,2026-07-15T10:09:00-07:00,198,
1784135400,2026-07-15T10:10:00-07:00,105,
1784135460,2026-07-15T10:11:00-07:00,60,
1784135520,2026-07-15T10:12:00-07:00,107,
1784135580,2026-07-15T10:13:00-07:00,172,
1784135640,2026-07-15T10:14:00-07:00,79,
1784135700,2026-07-15T10:15:00-07:00,116,
1784135760,2026-07-15T10:16:00-07:00,117,
1784135820,2026-07-15T10:17:00-07:00,80,
1784135880,2026-07-15T10:18:00-07:00,43,
1784135940,2026-07-15T10:19:00-07:00,56,
1784136000,2026-07-15T10:20:00-07:00,101,
1784136060,2026-07-15T10:21:00-07:00,139,
1784136120,2026-07-15T10:22:00-07:00,92,
1784136180,2026-07-15T10:23:00-07:00,111,
1784136240,2026-07-15T10:24:00-07:00,72,
1784136300,2026-07-15T10:25:00-07:00,113,
1784136360,2026-07-15T10:26:00-07:00,178,
1784136420,2026-07-15T10:27:00-07:00,115,
1784136480,2026-07-15T10:28:00-07:00,169,
1784136540,2026-07-15T10:29:00-07:00,153,
1784136600,2026-07-15T10:30:00-07:00,175,
1784136660,2026-07-15T10:31:00-07:00,142,
1784136720,2026-07-15T10:32:00-07:00,135,
1784136780,2026-07-15T10:33:00-07:00,66,
1784136840,2026-07-15T10:34:00-07:00,161,
1784136900,2026-07-15T10:35:00-07:00,151,
1784136960,2026-07-15T10:36:00-07:00,99,
1784137020,2026-07-15T10:37:00-07:00,57,
1784137080,2026-07-15T10:38:00-07:00,64,
1784137140,2026-07-15T10:39:00-07:00,68,
1784137200,2026-07-15T10:40:00-07:00,52,
1784137260,2026-07-15T10:41:00-07:00,84,
1784137320,2026-07-15T10:42:00-07:00,105,
1784137380,2026-07-15T10:43:00-07:00,163,
1784137440,2026-07-15T10:44:00-07:00,115,
1784137500,2026-07-15T10:45:00-07:00,197,
1784137560,2026-07-15T10:46:00-07:00,156,
1784137620,2026-07-15T10:47:00-07:00,89,
1784137680,2026-07-15T10:48:00-07:00,129,
1784137740,2026-07-15T10:49:00-07:00,74,
1784137800,2026-07-15T10:50:00-07:00,155,
1784137860,2026-07-15T10:51:00-07:00,79,
1784137920,2026-07-15T10:52:00-07:00,145,
1784137980,2026-07-15T10:53:00-07:00,205,
1784138040,2026-07-15T10:54:00-07:00,89,
1784138100,2026-07-15T10:55:00-07:00,74,
1784138160,2026-07-15T10:56:00-07:00,45,
1784138220,2026-07-15T10:57:00-07:00,162,
1784138280,2026-07-15T10:58:00-07:00,70,
1784138340,2026-07-15T10:59:00-07:00,134,
1784138400,2026-07-15T11:00:00-07:00,74,
1784138460,2026-07-15T11:01:00-07:00,134,
1784138520,2026-07-15T11:02:00-07:00,113,
1784138580,2026-07-15T11:03:00-07:00,77,
1784138640,2026-07-15T11:04:00-07:00,152,
1784138700,2026-07-15T11:05:00-07:00,127,
1784138760,2026-07-15T11:06:00-07:00,85,
1784138820,2026-07-15T11:07:00-07:00,89,
1784138880,2026-07-15T11:08:00-07:00,117,
1784138940,2026-07-15T11:09:00-07:00,168,
1784139000,2026-07-15T11:10:00-07:00,60,
1784139060,2026-07-15T11:11:00-07:00,135,
1784139120,2026-07-15T11:12:00-07:00,31,
1784139180,2026-07-15T11:13:00-07:00,75,
1784139240,2026-07-15T11:14:00-07:00,103,
1784139300,2026-07-15T11:15:00-07:00,110,
1784139360,2026-07-15T11:16:00-07:00,108,
1784139420,2026-07-15T11:17:00-07:00,116,
1784139480,2026-07-15T11:18:00-07:00,74,
1784139540,2026-07-15T11:19:00-07:00,177,
1784139600,2026-07-15T11:20:00-07:00,119,
1784139660,2026-07-15T11:21:00-07:00,44,
1784139720,2026-07-15T11:22:00-07:00,104,
1784139780,2026-07-15T11:23:00-07:00,86,
1784139840,2026-07-15T11:24:00-07:00,148,
1784139900,2026-07-15T11:25:00-07:00,49,
1784139960,2026-07-15T11:26:00-07:00,109,
1784140020,2026-07-15T11:27:00-07:00,51,
1784140080,2026-07-15T11:28:00-07:00,171,
1784140140,2026-07-15T11:29:00-07:00,126,
1784140200,2026-07-15T11:30:00-07:00,138,
1784140260,2026-07-15T11:31:00-07:00,170,
1784140320,2026-07-15T11:32:00-07:00,44,
1784140380,2026-07-15T11:33:00-07:00,47,
1784140440,2026-07-15T11:34:00-07:00,83,
1784140500,2026-07-15T11:35:00-07:00,110,
1784140560,2026-07-15T11:36:00-07:00,116,
1784140620,2026-07-15T11:37:00-07:00,82,
1784140680,2026-07-15T11:38:00-07:00,77,
1784140740,2026-07-15T11:39:00-07:00,117,
1784140800,2026-07-15T11:40:00-07:00,81,
1784140860,2026-07-15T11:41:00-07:00,185,
1784140920,2026-07-15T11:42:00-07:00,105,
1784140980,2026-07-15T11:43:00-07:00,116,
1784141040,2026-07-15T11:44:00-07:00,81,
1784141100,2026-07-15T11:45:00-07:00,87,
1784141160,2026-07-15T11:46:00-07:00,154,
1784141220,2026-07-15T11:47:00-07:00,172,
1784141280,2026-07-15T11:48:00-07:00,80,
1784141340,2026-07-15T11:49:00-07:00,86,
1784141400,2026-07-15T11:50:00-07:00,118,
1784141460,2026-07-15T11:51:00-07:00,43,
1784141520,2026-07-15T11:52:00-07:00,61,
1784141580,2026-07-15T11:53:00-07:00,70,
1784141640,2026-07-15T11:54:00-07:00,55,
1784141700,2026-07-15T11:55:00-07:00,98,
1784141760,2026-07-15T11:56:00-07:00,167,
1784141820,2026-07-15T11:57:00-07:00,120,
1784141880,2026-07-15T11:58:00-07:00,124,
1784141940,2026-07-15T11:59:00-07:00,90,
1784142000,2026-07-15T12:00:00-07:00,126,
1784142060,2026-07-15T12:01:00-07:00,79,
1784142120,2026-07-15T12:02:00-07:00,78,
1784142180,2026-07-15T12:03:00-07:00,76,
1784142240,2026-07-15T12:04:00-07:00,114,
1784142300,2026-07-15T12:05:00-07:00,97,
1784142360,2026-07-15T12:06:00-07:00,200,
1784142420,2026-07-15T12:07:00-07:00,144,
1784142480,2026-07-15T12:08:00-07:00,121,
1784142540,2026-07-15T12:09:00-07:00,48,
1784142600,2026-07-15T12:10:00-07:00,117,
1784142660,2026-07-15T12:11:00-07:00,178,
1784142720,2026-07-15T12:12:00-07:00,105,
1784142780,2026-07-15T12:13:00-07:00,208,
1784142840,2026-07-15T12:14:00-07:00,104,
1784142900,2026-07-15T12:15:00-07:00,111,
1784142960,2026-07-15T12:16:00-07:00,111,
1784143020,2026-07-15T12:17:00-07:00,111,
1784143080,2026-07-15T12:18:00-07:00,111,
1784143140,2026-07-15T12:19:00-07:00,111,
