timestamp_utc,iso_pdt,carrier=verizon;connection_type=lte_cellular;experiment=none
1782933333,2026-07-01T12:15:33-07:00,15
1782933393,2026-07-01T12:16:33-07:00,13
1782933453,2026-07-01T12:17:33-07:00,13
1782933513,2026-07-01T12:18:33-07:00,11
1782933573,2026-07-01T12:19:33-07:00,12
1782933633,2026-07-01T12:20:33-07:00,12
1782933693,2026-07-01T12:21:33-07:00,12
1782933753,2026-07-01T12:22:33-07:00,13
1782933813,2026-07-01T12:23:33-07:00,13
1782933873,2026-07-01T12:24:33-07:00,16
1782933933,2026-07-01T12:25:33-07:00,17
1782933993,2026-07-01T12:26:33-07:00,15
1782934053,2026-07-01T12:27:33-07:00,13
1782934113,2026-07-01T12:28:33-07:00,14
1782934173,2026-07-01T12:29:33-07:00,15
1782934233,2026-07-01T12:30:33-07:00,17
1782934293,2026-07-01T12:31:33-07:00,17
1782934353,2026-07-01T12:32:33-07:00,12
1782934413,2026-07-01T12:33:33-07:00,1
1782934473,2026-07-01T12:34:33-07:00,15
1782934533,2026-07-01T12:35:33-07:00,14
1782934593,2026-07-01T12:36:33-07:00,15
1782934653,2026-07-01T12:37:33-07:00,15
1782934713,2026-07-01T12:38:33-07:00,12
1782934773,2026-07-01T12:39:33-07:00,13
1782934833,2026-07-01T12:40:33-07:00,13
1782934893,2026-07-01T12:41:33-07:00,12
1782934953,2026-07-01T12:42:33-07:00,16
1782935013,2026-07-01T12:43:33-07:00,12
1782935073,2026-07-01T12:44:33-07:00,16
1782935133,2026-07-01T12:45:33-07:00,14
1782935193,2026-07-01T12:46:33-07:00,12
1782935253,2026-07-01T12:47:33-07:00,17
1782935313,2026-07-01T12:48:33-07:00,14
1782935373,2026-07-01T12:49:33-07:00,15
1782935433,2026-07-01T12:50:33-07:00,13
1782935493,2026-07-01T12:51:33-07:00,13
1782935553,2026-07-01T12:52:33-07:00,13
1782935613,2026-07-01T12:53:33-07:00,13
1782935673,2026-07-01T12:54:33-07:00,12
1782935733,2026-07-01T12:55:33-07:00,13
1782935793,2026-07-01T12:56:33-07:00,17
1782935853,2026-07-01T12:57:33-07:00,14
1782935913,2026-07-01T12:58:33-07:00,11
1782935973,2026-07-01T12:59:33-07:00,11
1782936033,2026-07-01T13:00:33-07:00,13
1782936093,2026-07-01T13:01:33-07:00,16
1782936153,2026-07-01T13:02:33-07:00,14
1782936213,2026-07-01T13:03:33-07:00,11
1782936273,2026-07-01T13:04:33-07:00,11
1782936333,2026-07-01T13:05:33-07:00,15
1782936393,2026-07-01T13:06:33-07:00,12
1782936453,2026-07-01T13:07:33-07:00,12
1782936513,2026-07-01T13:08:33-07:00,11
1782936573,2026-07-01T13:09:33-07:00,14
1782936633,2026-07-01T13:10:33-07:00,14
1782936693,2026-07-01T13:11:33-07:00,14
1782936753,2026-07-01T13:12:33-07:00,10
1782936813,2026-07-01T13:13:33-07:00,14
1782936873,2026-07-01T13:14:33-07:00,12
1782936933,2026-07-01T13:15:33-07:00,18
1782936993,2026-07-01T13:16:33-07:00,18
1782937053,2026-07-01T13:17:33-07:00,12
1782937113,2026-07-01T13:18:33-07:00,13
1782937173,2026-07-01T13:19:33-07:00,13
1782937233,2026-07-01T13:20:33-07:00,13
1782937293,2026-07-01T13:21:33-07:00,13
1782937353,2026-07-01T13:22:33-07:00,15
1782937413,2026-07-01T13:23:33-07:00,12
1782937473,2026-07-01T13:24:33-07:00,14
1782937533,2026-07-01T13:25:33-07:00,14
1782937593,2026-07-01T13:26:33-07:00,14
1782937653,2026-07-01T13:27:33-07:00,12
1782937713,2026-07-01T13:28:33-07:00,14
1782937773,2026-07-01T13:29:33-07:00,13
1782937833,2026-07-01T13:30:33-07:00,12
1782937893,2026-07-01T13:31:33-07:00,18
1782937953,2026-07-01T13:32:33-07:00,13
1782938013,2026-07-01T13:33:33-07:00,12
1782938073,2026-07-01T13:34:33-07:00,13
1782938133,2026-07-01T13:35:33-07:00,12
1782938193,2026-07-01T13:36:33-07:00,14
1782938253,2026-07-01T13:37:33-07:00,11
1782938313,2026-07-01T13:38:33-07:00,14
1782938373,2026-07-01T13:39:33-07:00,12
1782938433,2026-07-01T13:40:33-07:00,11
1782938493,2026-07-01T13:41:33-07:00,13
1782938553,2026-07-01T13:42:33-07:00,13
1782938613,2026-07-01T13:43:33-07:00,13
1782938673,2026-07-01T13:44:33-07:00,15
1782938733,2026-07-01T13:45:33-07:00,14
1782938793,2026-07-01T13:46:33-07:00,17
1782938853,2026-07-01T13:47:33-07:00,12
1782938913,2026-07-01T13:48:33-07:00,15
1782938973,2026-07-01T13:49:33-07:00,11
1782939033,2026-07-01T13:50:33-07:00,14
1782939093,2026-07-01T13:51:33-07:00,11
1782939153,2026-07-01T13:52:33-07:00,11
1782939213,2026-07-01T13:53:33-07:00,11
1782939273,2026-07-01T13:54:33-07:00,13
1782939333,2026-07-01T13:55:33-07:00,12
1782939393,2026-07-01T13:56:33-07:00,13
1782939453,2026-07-01T13:57:33-07:00,15
1782939513,2026-07-01T13:58:33-07:00,12
1782939573,2026-07-01T13:59:33-07:00,13
1782939633,2026-07-01T14:00:33-07:00,14
1782939693,2026-07-01T14:01:33-07:00,17
1782939753,2026-07-01T14:02:33-07:00,1
1782939813,2026-07-01T14:03:33-07:00,15
1782939873,2026-07-01T14:04:33-07:00,13
1782939933,2026-07-01T14:05:33-07:00,16
1782939993,2026-07-01T14:06:33-07:00,18
1782940053,2026-07-01T14:07:33-07:00,11
1782940113,2026-07-01T14:08:33-07:00,11
1782940173,2026-07-01T14:09:33-07:00,17
1782940233,2026-07-01T14:10:33-07:00,13
1782940293,2026-07-01T14:11:33-07:00,13
1782940353,2026-07-01T14:12:33-07:00,14
1782940413,2026-07-01T14:13:33-07:00,18
1782940473,2026-07-01T14:14:33-07:00,14
1782940533,2026-07-01T14:15:33-07:00,17
1782940593,2026-07-01T14:16:33-07:00,13
1782940653,2026-07-01T14:17:33-07:00,-2
1782940713,2026-07-01T14:18:33-07:00,16
1782940773,2026-07-01T14:19:33-07:00,12
1782940833,2026-07-01T14:20:33-07:00,14
1782940893,2026-07-01T14:21:33-07:00,15
1782940953,2026-07-01T14:22:33-07:00,15
1782941013,2026-07-01T14:23:33-07:00,14
1782941073,2026-07-01T14:24:33-07:00,17
1782941133,2026-07-01T14:25:33-07:00,12
1782941193,2026-07-01T14:26:33-07:00,-4
1782941253,2026-07-01T14:27:33-07:00,13
1782941313,2026-07-01T14:28:33-07:00,12
1782941373,2026-07-01T14:29:33-07:00,13
1782941433,2026-07-01T14:30:33-07:00,10
1782941493,2026-07-01T14:31:33-07:00,14
1782941553,2026-07-01T14:32:33-07:00,14
1782941613,2026-07-01T14:33:33-07:00,11
1782941673,2026-07-01T14:34:33-07:00,11
1782941733,2026-07-01T14:35:33-07:00,12
1782941793,2026-07-01T14:36:33-07:00,12
1782941853,2026-07-01T14:37:33-07:00,14
1782941913,2026-07-01T14:38:33-07:00,14
1782941973,2026-07-01T14:39:33-07:00,11
1782942033,2026-07-01T14:40:33-07:00,13
1782942093,2026-07-01T14:41:33-07:00,15
1782942153,2026-07-01T14:42:33-07:00,12
1782942213,2026-07-01T14:43:33-07:00,13
1782942273,2026-07-01T14:44:33-07:00,16
1782942333,2026-07-01T14:45:33-07:00,12
1782942393,2026-07-01T14:46:33-07:00,15
1782942453,2026-07-01T14:47:33-07:00,13
1782942513,2026-07-01T14:48:33-07:00,11
1782942573,2026-07-01T14:49:33-07:00,16
1782942633,2026-07-01T14:50:33-07:00,15
1782942693,2026-07-01T14:51:33-07:00,12
1782942753,2026-07-01T14:52:33-07:00,16
1782942813,2026-07-01T14:53:33-07:00,13
1782942873,2026-07-01T14:54:33-07:00,12
1782942933,2026-07-01T14:55:33-07:00,16
1782942993,2026-07-01T14:56:33-07:00,11
1782943053,2026-07-01T14:57:33-07:00,13
1782943113,2026-07-01T14:58:33-07:00,15
1782943173,2026-07-01T14:59:33-07:00,13
1782943233,2026-07-01T15:00:33-07:00,12
1782943293,2026-07-01T15:01:33-07:00,12
1782943353,2026-07-01T15:02:33-07:00,14
1782943413,2026-07-01T15:03:33-07:00,12
1782943473,2026-07-01T15:04:33-07:00,14
1782943533,2026-07-01T15:05:33-07:00,13
1782943593,2026-07-01T15:06:33-07:00,0
1782943653,2026-07-01T15:07:33-07:00,13
1782943713,2026-07-01T15:08:33-07:00,13
1782943773,2026-07-01T15:09:33-07:00,11
1782943833,2026-07-01T15:10:33-07:00,14
1782943893,2026-07-01T15:11:33-07:00,14
1782943953,2026-07-01T15:12:33-07:00,17
1782944013,2026-07-01T15:13:33-07:00,13
1782944073,2026-07-01T15:14:33-07:00,12
1782944133,2026-07-01T15:15:33-07:00,12
1782944193,2026-07-01T15:16:33-07:00,13
1782944253,2026-07-01T15:17:33-07:00,14
1782944313,2026-07-01T15:18:33-07:00,17
1782944373,2026-07-01T15:19:33-07:00,13
1782944433,2026-07-01T15:20:33-07:00,15
1782944493,2026-07-01T15:21:33-07:00,18
1782944553,2026-07-01T15:22:33-07:00,14
1782944613,2026-07-01T15:23:33-07:00,14
1782944673,2026-07-01T15:24:33-07:00,14
1782944733,2026-07-01T15:25:33-07:00,16
1782944793,2026-07-01T15:26:33-07:00,14
1782944853,2026-07-01T15:27:33-07:00,12
1782944913,2026-07-01T15:28:33-07:00,12
1782944973,2026-07-01T15:29:33-07:00,10
1782945033,2026-07-01T15:30:33-07:00,13
1782945093,2026-07-01T15:31:33-07:00,14
1782945153,2026-07-01T15:32:33-07:00,12
1782945213,2026-07-01T15:33:33-07:00,13
1782945273,2026-07-01T15:34:33-07:00,13
1782945333,2026-07-01T15:35:33-07:00,13
1782945393,2026-07-01T15:36:33-07:00,15
1782945453,2026-07-01T15:37:33-07:00,13
1782945513,2026-07-01T15:38:33-07:00,15
1782945573,2026-07-01T15:39:33-07:00,13
1782945633,2026-07-01T15:40:33-07:00,13
1782945693,2026-07-01T15:41:33-07:00,13
1782945753,2026-07-01T15:42:33-07:00,13
1782945813,2026-07-01T15:43:33-07:00,15
1782945873,2026-07-01T15:44:33-07:00,14
1782945933,2026-07-01T15:45:33-07:00,14
1782945993,2026-07-01T15:46:33-07:00,17
1782946053,2026-07-01T15:47:33-07:00,-3
1782946113,2026-07-01T15:48:33-07:00,15
1782946173,2026-07-01T15:49:33-07:00,14
1782946233,2026-07-01T15:50:33-07:00,11
1782946293,2026-07-01T15:51:33-07:00,13
1782946353,2026-07-01T15:52:33-07:00,14
1782946413,2026-07-01T15:53:33-07:00,17
1782946473,2026-07-01T15:54:33-07:00,14
1782946533,2026-07-01T15:55:33-07:00,-1
1782946593,2026-07-01T15:56:33-07:00,12
1782946653,2026-07-01T15:57:33-07:00,11
1782946713,2026-07-01T15:58:33-07:00,16
1782946773,2026-07-01T15:59:33-07:00,17
1782946833,2026-07-01T16:00:33-07:00,12
1782946893,2026-07-01T16:01:33-07:00,13
1782946953,2026-07-01T16:02:33-07:00,16
1782947013,2026-07-01T16:03:33-07:00,14
1782947073,2026-07-01T16:04:33-07:00,16
1782947133,2026-07-01T16:05:33-07:00,16
1782947193,2026-07-01T16:06:33-07:00,18
1782947253,2026-07-01T16:07:33-07:00,14
1782947313,2026-07-01T16:08:33-07:00,15
1782947373,2026-07-01T16:09:33-07:00,15
1782947433,2026-07-01T16:10:33-07:00,13
1782947493,2026-07-01T16:11:33-07:00,14
1782947553,2026-07-01T16:12:33-07:00,11
1782947613,2026-07-01T16:13:33-07:00,13
1782947673,2026-07-01T16:14:33-07:00,12
1782947733,2026-07-01T16:15:33-07:00,15
1782947793,2026-07-01T16:16:33-07:00,14
1782947853,2026-07-01T16:17:33-07:00,14
1782947913,2026-07-01T16:18:33-07:00,13
1782947973,2026-07-01T16:19:33-07:00,16
1782948033,2026-07-01T16:20:33-07:00,12
1782948093,2026-07-01T16:21:33-07:00,13
1782948153,2026-07-01T16:22:33-07:00,12
1782948213,2026-07-01T16:23:33-07:00,15
1782948273,2026-07-01T16:24:33-07:00,18
1782948333,2026-07-01T16:25:33-07:00,11
1782948393,2026-07-01T16:26:33-07:00,12
1782948453,2026-07-01T16:27:33-07:00,13
1782948513,2026-07-01T16:28:33-07:00,13
1782948573,2026-07-01T16:29:33-07:00,18
1782948633,2026-07-01T16:30:33-07:00,12
1782948693,2026-07-01T16:31:33-07:00,12
1782948753,2026-07-01T16:32:33-07:00,13
1782948813,2026-07-01T16:33:33-07:00,11
1782948873,2026-07-01T16:34:33-07:00,15
1782948933,2026-07-01T16:35:33-07:00,10
1782948993,2026-07-01T16:36:33-07:00,12
1782949053,2026-07-01T16:37:33-07:00,15
1782949113,2026-07-01T16:38:33-07:00,10
1782949173,2026-07-01T16:39:33-07:00,13
1782949233,2026-07-01T16:40:33-07:00,12
1782949293,2026-07-01T16:41:33-07:00,16
1782949353,2026-07-01T16:42:33-07:00,13
1782949413,2026-07-01T16:43:33-07:00,14
1782949473,2026-07-01T16:44:33-07:00,-5
1782949533,2026-07-01T16:45:33-07:00,11
1782949593,2026-07-01T16:46:33-07:00,17
1782949653,2026-07-01T16:47:33-07:00,12
1782949713,2026-07-01T16:48:33-07:00,14
1782949773,2026-07-01T16:49:33-07:00,12
1782949833,2026-07-01T16:50:33-07:00,13
1782949893,2026-07-01T16:51:33-07:00,12
1782949953,2026-07-01T16:52:33-07:00,13
1782950013,2026-07-01T16:53:33-07:00,17
1782950073,2026-07-01T16:54:33-07:00,16
1782950133,2026-07-01T16:55:33-07:00,15
1782950193,2026-07-01T16:56:33-07:00,15
1782950253,2026-07-01T16:57:33-07:00,11
1782950313,2026-07-01T16:58:33-07:00,12
1782950373,2026-07-01T16:59:33-07:00,14
1782950433,2026-07-01T17:00:33-07:00,14
1782950493,2026-07-01T17:01:33-07:00,17
1782950553,2026-07-01T17:02:33-07:00,13
1782950613,2026-07-01T17:03:33-07:00,15
1782950673,2026-07-01T17:04:33-07:00,16
1782950733,2026-07-01T17:05:33-07:00,14
1782950793,2026-07-01T17:06:33-07:00,12
1782950853,2026-07-01T17:07:33-07:00,11
1782950913,2026-07-01T17:08:33-07:00,13
1782950973,2026-07-01T17:09:33-07:00,14
1782951033,2026-07-01T17:10:33-07:00,12
1782951093,2026-07-01T17:11:33-07:00,12
1782951153,2026-07-01T17:12:33-07:00,13
1782951213,2026-07-01T17:13:33-07:00,14
1782951273,2026-07-01T17:14:33-07:00,12
1782951333,2026-07-01T17:15:33-07:00,14
1782951393,2026-07-01T17:16:33-07:00,12
1782951453,2026-07-01T17:17:33-07:00,15
1782951513,2026-07-01T17:18:33-07:00,18
1782951573,2026-07-01T17:19:33-07:00,16
1782951633,2026-07-01T17:20:33-07:00,15
1782951693,2026-07-01T17:21:33-07:00,13
1782951753,2026-07-01T17:22:33-07:00,13
1782951813,2026-07-01T17:23:33-07:00,11
1782951873,2026-07-01T17:24:33-07:00,11
1782951933,2026-07-01T17:25:33-07:00,12
1782951993,2026-07-01T17:26:33-07:00,14
1782952053,2026-07-01T17:27:33-07:00,17
1782952113,2026-07-01T17:28:33-07:00,12
1782952173,2026-07-01T17:29:33-07:00,15
1782952233,2026-07-01T17:30:33-07:00,15
1782952293,2026-07-01T17:31:33-07:00,11
1782952353,2026-07-01T17:32:33-07:00,16
1782952413,2026-07-01T17:33:33-07:00,14
1782952473,2026-07-01T17:34:33-07:00,17
1782952533,2026-07-01T17:35:33-07:00,14
1782952593,2026-07-01T17:36:33-07:00,14
1782952653,2026-07-01T17:37:33-07:00,15
1782952713,2026-07-01T17:38:33-07:00,11
1782952773,2026-07-01T17:39:33-07:00,15
1782952833,2026-07-01T17:40:33-07:00,16
1782952893,2026-07-01T17:41:33-07:00,13
1782952953,2026-07-01T17:42:33-07:00,11
1782953013,2026-07-01T17:43:33-07:00,12
1782953073,2026-07-01T17:44:33-07:00,14
1782953133,2026-07-01T17:45:33-07:00,12
1782953193,2026-07-01T17:46:33-07:00,13
1782953253,2026-07-01T17:47:33-07:00,13
1782953313,2026-07-01T17:48:33-07:00,-7
1782953373,2026-07-01T17:49:33-07:00,-3
1782953433,2026-07-01T17:50:33-07:00,14
1782953493,2026-07-01T17:51:33-07:00,11
1782953553,2026-07-01T17:52:33-07:00,13
1782953613,2026-07-01T17:53:33-07:00,16
1782953673,2026-07-01T17:54:33-07:00,13
1782953733,2026-07-01T17:55:33-07:00,13
1782953793,2026-07-01T17:56:33-07:00,15
1782953853,2026-07-01T17:57:33-07:00,13
1782953913,2026-07-01T17:58:33-07:00,14
1782953973,2026-07-01T17:59:33-07:00,15
1782954033,2026-07-01T18:00:33-07:00,10
1782954093,2026-07-01T18:01:33-07:00,12
1782954153,2026-07-01T18:02:33-07:00,9
1782954213,2026-07-01T18:03:33-07:00,17
1782954273,2026-07-01T18:04:33-07:00,15
1782954333,2026-07-01T18:05:33-07:00,14
1782954393,2026-07-01T18:06:33-07:00,9
1782954453,2026-07-01T18:07:33-07:00,11
1782954513,2026-07-01T18:08:33-07:00,15
1782954573,2026-07-01T18:09:33-07:00,11
1782954633,2026-07-01T18:10:33-07:00,14
1782954693,2026-07-01T18:11:33-07:00,13
1782954753,2026-07-01T18:12:33-07:00,17
1782954813,2026-07-01T18:13:33-07:00,17
1782954873,2026-07-01T18:14:33-07:00,14
1782954933,2026-07-01T18:15:33-07:00,16
1782954993,2026-07-01T18:16:33-07:00,13
1782955053,2026-07-01T18:17:33-07:00,13
1782955113,2026-07-01T18:18:33-07:00,12
1782955173,2026-07-01T18:19:33-07:00,-3
1782955233,2026-07-01T18:20:33-07:00,13
1782955293,2026-07-01T18:21:33-07:00,13
1782955353,2026-07-01T18:22:33-07:00,16
1782955413,2026-07-01T18:23:33-07:00,16
1782955473,2026-07-01T18:24:33-07:00,15
1782955533,2026-07-01T18:25:33-07:00,14
1782955593,2026-07-01T18:26:33-07:00,18
1782955653,2026-07-01T18:27:33-07:00,14
1782955713,2026-07-01T18:28:33-07:00,11
1782955773,2026-07-01T18:29:33-07:00,13
1782955833,2026-07-01T18:30:33-07:00,14
1782955893,2026-07-01T18:31:33-07:00,15
1782955953,2026-07-01T18:32:33-07:00,14
1782956013,2026-07-01T18:33:33-07:00,15
1782956073,2026-07-01T18:34:33-07:00,12
1782956133,2026-07-01T18:35:33-07:00,13
1782956193,2026-07-01T18:36:33-07:00,18
1782956253,2026-07-01T18:37:33-07:00,17
1782956313,2026-07-01T18:38:33-07:00,12
1782956373,2026-07-01T18:39:33-07:00,15
1782956433,2026-07-01T18:40:33-07:00,16
1782956493,2026-07-01T18:41:33-07:00,16
1782956553,2026-07-01T18:42:33-07:00,15
1782956613,2026-07-01T18:43:33-07:00,11
1782956673,2026-07-01T18:44:33-07:00,15
1782956733,2026-07-01T18:45:33-07:00,13
1782956793,2026-07-01T18:46:33-07:00,12
1782956853,2026-07-01T18:47:33-07:00,16
1782956913,2026-07-01T18:48:33-07:00,16
1782956973,2026-07-01T18:49:33-07:00,15
1782957033,2026-07-01T18:50:33-07:00,17
1782957093,2026-07-01T18:51:33-07:00,12
1782957153,2026-07-01T18:52:33-07:00,13
1782957213,2026-07-01T18:53:33-07:00,16
1782957273,2026-07-01T18:54:33-07:00,14
1782957333,2026-07-01T18:55:33-07:00,16
1782957393,2026-07-01T18:56:33-07:00,10
1782957453,2026-07-01T18:57:33-07:00,12
1782957513,2026-07-01T18:58:33-07:00,-4
1782957573,2026-07-01T18:59:33-07:00,13
1782957633,2026-07-01T19:00:33-07:00,13
1782957693,2026-07-01T19:01:33-07:00,17
1782957753,2026-07-01T19:02:33-07:00,14
1782957813,2026-07-01T19:03:33-07:00,18
1782957873,2026-07-01T19:04:33-07:00,15
1782957933,2026-07-01T19:05:33-07:00,15
1782957993,2026-07-01T19:06:33-07:00,12
1782958053,2026-07-01T19:07:33-07:00,14
1782958113,2026-07-01T19:08:33-07:00,11
1782958173,2026-07-01T19:09:33-07:00,11
1782958233,2026-07-01T19:10:33-07:00,12
1782958293,2026-07-01T19:11:33-07:00,14
1782958353,2026-07-01T19:12:33-07:00,11
1782958413,2026-07-01T19:13:33-07:00,14
1782958473,2026-07-01T19:14:33-07:00,12
1782958533,2026-07-01T19:15:33-07:00,13
1782958593,2026-07-01T19:16:33-07:00,16
1782958653,2026-07-01T19:17:33-07:00,17
1782958713,2026-07-01T19:18:33-07:00,13
1782958773,2026-07-01T19:19:33-07:00,11
1782958833,2026-07-01T19:20:33-07:00,11
1782958893,2026-07-01T19:21:33-07:00,13
1782958953,2026-07-01T19:22:33-07:00,12
1782959013,2026-07-01T19:23:33-07:00,13
1782959073,2026-07-01T19:24:33-07:00,15
1782959133,2026-07-01T19:25:33-07:00,16
1782959193,2026-07-01T19:26:33-07:00,13
1782959253,2026-07-01T19:27:33-07:00,13
1782959313,2026-07-01T19:28:33-07:00,12
1782959373,2026-07-01T19:29:33-07:00,14
1782959433,2026-07-01T19:30:33-07:00,15
1782959493,2026-07-01T19:31:33-07:00,11
1782959553,2026-07-01T19:32:33-07:00,12
1782959613,2026-07-01T19:33:33-07:00,16
1782959673,2026-07-01T19:34:33-07:00,14
1782959733,2026-07-01T19:35:33-07:00,18
1782959793,2026-07-01T19:36:33-07:00,12
1782959853,2026-07-01T19:37:33-07:00,13
1782959913,2026-07-01T19:38:33-07:00,14
1782959973,2026-07-01T19:39:33-07:00,13
1782960033,2026-07-01T19:40:33-07:00,12
1782960093,2026-07-01T19:41:33-07:00,12
1782960153,2026-07-01T19:42:33-07:00,13
1782960213,2026-07-01T19:43:33-07:00,14
1782960273,2026-07-01T19:44:33-07:00,13
1782960333,2026-07-01T19:45:33-07:00,18
1782960393,2026-07-01T19:46:33-07:00,12
1782960453,2026-07-01T19:47:33-07:00,13
1782960513,2026-07-01T19:48:33-07:00,16
1782960573,2026-07-01T19:49:33-07:00,14
1782960633,2026-07-01T19:50:33-07:00,10
1782960693,2026-07-01T19:51:33-07:00,13
1782960753,2026-07-01T19:52:33-07:00,13
1782960813,2026-07-01T19:53:33-07:00,13
1782960873,2026-07-01T19:54:33-07:00,17
1782960933,2026-07-01T19:55:33-07:00,11
1782960993,2026-07-01T19:56:33-07:00,10
1782961053,2026-07-01T19:57:33-07:00,13
1782961113,2026-07-01T19:58:33-07:00,12
1782961173,2026-07-01T19:59:33-07:00,12
1782961233,2026-07-01T20:00:33-07:00,14
1782961293,2026-07-01T20:01:33-07:00,12
1782961353,2026-07-01T20:02:33-07:00,11
1782961413,2026-07-01T20:03:33-07:00,13
1782961473,2026-07-01T20:04:33-07:00,13
1782961533,2026-07-01T20:05:33-07:00,12
1782961593,2026-07-01T20:06:33-07:00,13
1782961653,2026-07-01T20:07:33-07:00,13
1782961713,2026-07-01T20:08:33-07:00,13
1782961773,2026-07-01T20:09:33-07:00,13
1782961833,2026-07-01T20:10:33-07:00,11
1782961893,2026-07-01T20:11:33-07:00,16
1782961953,2026-07-01T20:12:33-07:00,13
1782962013,2026-07-01T20:13:33-07:00,15
1782962073,2026-07-01T20:14:33-07:00,12
1782962133,2026-07-01T20:15:33-07:00,13
1782962193,2026-07-01T20:16:33-07:00,14
1782962253,2026-07-01T20:17:33-07:00,12
1782962313,2026-07-01T20:18:33-07:00,14
1782962373,2026-07-01T20:19:33-07:00,14
1782962433,2026-07-01T20:20:33-07:00,18
1782962493,2026-07-01T20:21:33-07:00,13
1782962553,2026-07-01T20:22:33-07:00,13
1782962613,2026-07-01T20:23:33-07:00,17
1782962673,2026-07-01T20:24:33-07:00,13
1782962733,2026-07-01T20:25:33-07:00,12
1782962793,2026-07-01T20:26:33-07:00,14
1782962853,2026-07-01T20:27:33-07:00,12
1782962913,2026-07-01T20:28:33-07:00,14
1782962973,2026-07-01T20:29:33-07:00,11
1782963033,2026-07-01T20:30:33-07:00,10
1782963093,2026-07-01T20:31:33-07:00,14
1782963153,2026-07-01T20:32:33-07:00,14
1782963213,2026-07-01T20:33:33-07:00,15
1782963273,2026-07-01T20:34:33-07:00,12
1782963333,2026-07-01T20:35:33-07:00,16
1782963393,2026-07-01T20:36:33-07:00,13
1782963453,2026-07-01T20:37:33-07:00,12
1782963513,2026-07-01T20:38:33-07:00,14
1782963573,2026-07-01T20:39:33-07:00,14
1782963633,2026-07-01T20:40:33-07:00,13
1782963693,2026-07-01T20:41:33-07:00,13
1782963753,2026-07-01T20:42:33-07:00,12
1782963813,2026-07-01T20:43:33-07:00,14
1782963873,2026-07-01T20:44:33-07:00,17
1782963933,2026-07-01T20:45:33-07:00,14
1782963993,2026-07-01T20:46:33-07:00,13
1782964053,2026-07-01T20:47:33-07:00,13
1782964113,2026-07-01T20:48:33-07:00,14
1782964173,2026-07-01T20:49:33-07:00,11
1782964233,2026-07-01T20:50:33-07:00,12
1782964293,2026-07-01T20:51:33-07:00,14
1782964353,2026-07-01T20:52:33-07:00,13
1782964413,2026-07-01T20:53:33-07:00,15
1782964473,2026-07-01T20:54:33-07:00,13
1782964533,2026-07-01T20:55:33-07:00,11
1782964593,2026-07-01T20:56:33-07:00,13
1782964653,2026-07-01T20:57:33-07:00,12
1782964713,2026-07-01T20:58:33-07:00,12
1782964773,2026-07-01T20:59:33-07:00,12
1782964833,2026-07-01T21:00:33-07:00,12
1782964893,2026-07-01T21:01:33-07:00,13
1782964953,2026-07-01T21:02:33-07:00,13
1782965013,2026-07-01T21:03:33-07:00,13
1782965073,2026-07-01T21:04:33-07:00,14
1782965133,2026-07-01T21:05:33-07:00,13
1782965193,2026-07-01T21:06:33-07:00,12
1782965253,2026-07-01T21:07:33-07:00,12
1782965313,2026-07-01T21:08:33-07:00,14
1782965373,2026-07-01T21:09:33-07:00,14
1782965433,2026-07-01T21:10:33-07:00,13
1782965493,2026-07-01T21:11:33-07:00,12
1782965553,2026-07-01T21:12:33-07:00,12
1782965613,2026-07-01T21:13:33-07:00,14
1782965673,2026-07-01T21:14:33-07:00,15
1782965733,2026-07-01T21:15:33-07:00,12
1782965793,2026-07-01T21:16:33-07:00,12
1782965853,2026-07-01T21:17:33-07:00,11
1782965913,2026-07-01T21:18:33-07:00,13
1782965973,2026-07-01T21:19:33-07:00,11
1782966033,2026-07-01T21:20:33-07:00,12
1782966093,2026-07-01T21:21:33-07:00,11
1782966153,2026-07-01T21:22:33-07:00,-2
1782966213,2026-07-01T21:23:33-07:00,12
1782966273,2026-07-01T21:24:33-07:00,12
1782966333,2026-07-01T21:25:33-07:00,12
1782966393,2026-07-01T21:26:33-07:00,13
1782966453,2026-07-01T21:27:33-07:00,14
1782966513,2026-07-01T21:28:33-07:00,13
1782966573,2026-07-01T21:29:33-07:00,12
1782966633,2026-07-01T21:30:33-07:00,10
1782966693,2026-07-01T21:31:33-07:00,10
1782966753,2026-07-01T21:32:33-07:00,13
1782966813,2026-07-01T21:33:33-07:00,-3
1782966873,2026-07-01T21:34:33-07:00,13
1782966933,2026-07-01T21:35:33-07:00,13
1782966993,2026-07-01T21:36:33-07:00,12
1782967053,2026-07-01T21:37:33-07:00,11
1782967113,2026-07-01T21:38:33-07:00,13
1782967173,2026-07-01T21:39:33-07:00,3
1782967233,2026-07-01T21:40:33-07:00,12
1782967293,2026-07-01T21:41:33-07:00,11
1782967353,2026-07-01T21:42:33-07:00,15
1782967413,2026-07-01T21:43:33-07:00,12
1782967473,2026-07-01T21:44:33-07:00,14
1782967533,2026-07-01T21:45:33-07:00,12
1782967593,2026-07-01T21:46:33-07:00,12
1782967653,2026-07-01T21:47:33-07:00,12
1782967713,2026-07-01T21:48:33-07:00,13
1782967773,2026-07-01T21:49:33-07:00,12
1782967833,2026-07-01T21:50:33-07:00,12
1782967893,2026-07-01T21:51:33-07:00,17
1782967953,2026-07-01T21:52:33-07:00,13
1782968013,2026-07-01T21:53:33-07:00,14
1782968073,2026-07-01T21:54:33-07:00,11
1782968133,2026-07-01T21:55:33-07:00,16
1782968193,2026-07-01T21:56:33-07:00,13
1782968253,2026-07-01T21:57:33-07:00,13
1782968313,2026-07-01T21:58:33-07:00,16
1782968373,2026-07-01T21:59:33-07:00,12
1782968433,2026-07-01T22:00:33-07:00,13
1782968493,2026-07-01T22:01:33-07:00,11
1782968553,2026-07-01T22:02:33-07:00,13
1782968613,2026-07-01T22:03:33-07:00,18
1782968673,2026-07-01T22:04:33-07:00,11
1782968733,2026-07-01T22:05:33-07:00,12
1782968793,2026-07-01T22:06:33-07:00,13
1782968853,2026-07-01T22:07:33-07:00,12
1782968913,2026-07-01T22:08:33-07:00,14
1782968973,2026-07-01T22:09:33-07:00,13
1782969033,2026-07-01T22:10:33-07:00,12
1782969093,2026-07-01T22:11:33-07:00,12
1782969153,2026-07-01T22:12:33-07:00,13
1782969213,2026-07-01T22:13:33-07:00,14
1782969273,2026-07-01T22:14:33-07:00,15
1782969333,2026-07-01T22:15:33-07:00,14
1782969393,2026-07-01T22:16:33-07:00,13
1782969453,2026-07-01T22:17:33-07:00,15
1782969513,2026-07-01T22:18:33-07:00,14
1782969573,2026-07-01T22:19:33-07:00,13
1782969633,2026-07-01T22:20:33-07:00,14
1782969693,2026-07-01T22:21:33-07:00,14
1782969753,2026-07-01T22:22:33-07:00,16
1782969813,2026-07-01T22:23:33-07:00,13
1782969873,2026-07-01T22:24:33-07:00,16
1782969933,2026-07-01T22:25:33-07:00,13
1782969993,2026-07-01T22:26:33-07:00,14
1782970053,2026-07-01T22:27:33-07:00,13
1782970113,2026-07-01T22:28:33-07:00,16
1782970173,2026-07-01T22:29:33-07:00,12
1782970233,2026-07-01T22:30:33-07:00,0
1782970293,2026-07-01T22:31:33-07:00,-4
1782970353,2026-07-01T22:32:33-07:00,12
1782970413,2026-07-01T22:33:33-07:00,13
1782970473,2026-07-01T22:34:33-07:00,14
1782970533,2026-07-01T22:35:33-07:00,14
1782970593,2026-07-01T22:36:33-07:00,16
1782970653,2026-07-01T22:37:33-07:00,14
1782970713,2026-07-01T22:38:33-07:00,13
1782970773,2026-07-01T22:39:33-07:00,15
1782970833,2026-07-01T22:40:33-07:00,15
1782970893,2026-07-01T22:41:33-07:00,16
1782970953,2026-07-01T22:42:33-07:00,13
1782971013,2026-07-01T22:43:33-07:00,17
1782971073,2026-07-01T22:44:33-07:00,15
1782971133,2026-07-01T22:45:33-07:00,12
1782971193,2026-07-01T22:46:33-07:00,12
1782971253,2026-07-01T22:47:33-07:00,14
1782971313,2026-07-01T22:48:33-07:00,12
1782971373,2026-07-01T22:49:33-07:00,23
1782971433,2026-07-01T22:50:33-07:00,12
1782971493,2026-07-01T22:51:33-07:00,13
1782971553,2026-07-01T22:52:33-07:00,15
1782971613,2026-07-01T22:53:33-07:00,14
1782971673,2026-07-01T22:54:33-07:00,12
1782971733,2026-07-01T22:55:33-07:00,12
1782971793,2026-07-01T22:56:33-07:00,15
1782971853,2026-07-01T22:57:33-07:00,14
1782971913,2026-07-01T22:58:33-07:00,13
1782971973,2026-07-01T22:59:33-07:00,14
1782972033,2026-07-01T23:00:33-07:00,13
1782972093,2026-07-01T23:01:33-07:00,12
1782972153,2026-07-01T23:02:33-07:00,13
1782972213,2026-07-01T23:03:33-07:00,13
1782972273,2026-07-01T23:04:33-07:00,13
1782972333,2026-07-01T23:05:33-07:00,12
1782972393,2026-07-01T23:06:33-07:00,13
1782972453,2026-07-01T23:07:33-07:00,15
1782972513,2026-07-01T23:08:33-07:00,14
1782972573,2026-07-01T23:09:33-07:00,11
1782972633,2026-07-01T23:10:33-07:00,14
1782972693,2026-07-01T23:11:33-07:00,0
1782972753,2026-07-01T23:12:33-07:00,13
1782972813,2026-07-01T23:13:33-07:00,14
1782972873,2026-07-01T23:14:33-07:00,13
1782972933,2026-07-01T23:15:33-07:00,12
1782972993,2026-07-01T23:16:33-07:00,12
1782973053,2026-07-01T23:17:33-07:00,12
1782973113,2026-07-01T23:18:33-07:00,-6
1782973173,2026-07-01T23:19:33-07:00,12
1782973233,2026-07-01T23:20:33-07:00,13
1782973293,2026-07-01T23:21:33-07:00,12
1782973353,2026-07-01T23:22:33-07:00,14
1782973413,2026-07-01T23:23:33-07:00,12
1782973473,2026-07-01T23:24:33-07:00,13
1782973533,2026-07-01T23:25:33-07:00,14
1782973593,2026-07-01T23:26:33-07:00,12
1782973653,2026-07-01T23:27:33-07:00,15
1782973713,2026-07-01T23:28:33-07:00,13
1782973773,2026-07-01T23:29:33-07:00,17
1782973833,2026-07-01T23:30:33-07:00,13
1782973893,2026-07-01T23:31:33-07:00,13
1782973953,2026-07-01T23:32:33-07:00,13
1782974013,2026-07-01T23:33:33-07:00,12
1782974073,2026-07-01T23:34:33-07:00,14
1782974133,2026-07-01T23:35:33-07:00,12
1782974193,2026-07-01T23:36:33-07:00,15
1782974253,2026-07-01T23:37:33-07:00,13
1782974313,2026-07-01T23:38:33-07:00,-3
1782974373,2026-07-01T23:39:33-07:00,16
1782974433,2026-07-01T23:40:33-07:00,16
1782974493,2026-07-01T23:41:33-07:00,14
1782974553,2026-07-01T23:42:33-07:00,13
1782974613,2026-07-01T23:43:33-07:00,13
1782974673,2026-07-01T23:44:33-07:00,14
1782974733,2026-07-01T23:45:33-07:00,14
1782974793,2026-07-01T23:46:33-07:00,16
1782974853,2026-07-01T23:47:33-07:00,14
1782974913,2026-07-01T23:48:33-07:00,13
1782974973,2026-07-01T23:49:33-07:00,14
1782975033,2026-07-01T23:50:33-07:00,15
1782975093,2026-07-01T23:51:33-07:00,14
1782975153,2026-07-01T23:52:33-07:00,15
1782975213,2026-07-01T23:53:33-07:00,13
1782975273,2026-07-01T23:54:33-07:00,15
1782975333,2026-07-01T23:55:33-07:00,14
1782975393,2026-07-01T23:56:33-07:00,14
1782975453,2026-07-01T23:57:33-07:00,14
1782975513,2026-07-01T23:58:33-07:00,17
1782975573,2026-07-01T23:59:33-07:00,15
1782975633,2026-07-02T00:00:33-07:00,14
1782975693,2026-07-02T00:01:33-07:00,15
1782975753,2026-07-02T00:02:33-07:00,18
1782975813,2026-07-02T00:03:33-07:00,17
1782975873,2026-07-02T00:04:33-07:00,13
1782975933,2026-07-02T00:05:33-07:00,14
1782975993,2026-07-02T00:06:33-07:00,13
1782976053,2026-07-02T00:07:33-07:00,13
1782976113,2026-07-02T00:08:33-07:00,13
1782976173,2026-07-02T00:09:33-07:00,14
1782976233,2026-07-02T00:10:33-07:00,16
1782976293,2026-07-02T00:11:33-07:00,12
1782976353,2026-07-02T00:12:33-07:00,13
1782976413,2026-07-02T00:13:33-07:00,13
1782976473,2026-07-02T00:14:33-07:00,17
1782976533,2026-07-02T00:15:33-07:00,15
1782976593,2026-07-02T00:16:33-07:00,13
1782976653,2026-07-02T00:17:33-07:00,-1
1782976713,2026-07-02T00:18:33-07:00,13
1782976773,2026-07-02T00:19:33-07:00,16
1782976833,2026-07-02T00:20:33-07:00,15
1782976893,2026-07-02T00:21:33-07:00,18
1782976953,2026-07-02T00:22:33-07:00,13
1782977013,2026-07-02T00:23:33-07:00,15
1782977073,2026-07-02T00:24:33-07:00,14
1782977133,2026-07-02T00:25:33-07:00,12
1782977193,2026-07-02T00:26:33-07:00,16
1782977253,2026-07-02T00:27:33-07:00,-8
1782977313,2026-07-02T00:28:33-07:00,16
1782977373,2026-07-02T00:29:33-07:00,14
1782977433,2026-07-02T00:30:33-07:00,17
1782977493,2026-07-02T00:31:33-07:00,15
1782977553,2026-07-02T00:32:33-07:00,12
1782977613,2026-07-02T00:33:33-07:00,14
1782977673,2026-07-02T00:34:33-07:00,15
1782977733,2026-07-02T00:35:33-07:00,17
1782977793,2026-07-02T00:36:33-07:00,13
1782977853,2026-07-02T00:37:33-07:00,15
1782977913,2026-07-02T00:38:33-07:00,13
1782977973,2026-07-02T00:39:33-07:00,13
1782978033,2026-07-02T00:40:33-07:00,14
1782978093,2026-07-02T00:41:33-07:00,14
1782978153,2026-07-02T00:42:33-07:00,14
1782978213,2026-07-02T00:43:33-07:00,14
1782978273,2026-07-02T00:44:33-07:00,13
1782978333,2026-07-02T00:45:33-07:00,14
1782978393,2026-07-02T00:46:33-07:00,14
1782978453,2026-07-02T00:47:33-07:00,13
1782978513,2026-07-02T00:48:33-07:00,14
1782978573,2026-07-02T00:49:33-07:00,12
1782978633,2026-07-02T00:50:33-07:00,15
1782978693,2026-07-02T00:51:33-07:00,13
1782978753,2026-07-02T00:52:33-07:00,12
1782978813,2026-07-02T00:53:33-07:00,13
1782978873,2026-07-02T00:54:33-07:00,15
1782978933,2026-07-02T00:55:33-07:00,14
1782978993,2026-07-02T00:56:33-07:00,13
1782979053,2026-07-02T00:57:33-07:00,14
1782979113,2026-07-02T00:58:33-07:00,14
1782979173,2026-07-02T00:59:33-07:00,17
1782979233,2026-07-02T01:00:33-07:00,16
1782979293,2026-07-02T01:01:33-07:00,18
1782979353,2026-07-02T01:02:33-07:00,13
1782979413,2026-07-02T01:03:33-07:00,13
1782979473,2026-07-02T01:04:33-07:00,12
1782979533,2026-07-02T01:05:33-07:00,13
1782979593,2026-07-02T01:06:33-07:00,11
1782979653,2026-07-02T01:07:33-07:00,13
1782979713,2026-07-02T01:08:33-07:00,14
1782979773,2026-07-02T01:09:33-07:00,14
1782979833,2026-07-02T01:10:33-07:00,14
1782979893,2026-07-02T01:11:33-07:00,13
1782979953,2026-07-02T01:12:33-07:00,13
1782980013,2026-07-02T01:13:33-07:00,15
1782980073,2026-07-02T01:14:33-07:00,13
1782980133,2026-07-02T01:15:33-07:00,14
1782980193,2026-07-02T01:16:33-07:00,11
1782980253,2026-07-02T01:17:33-07:00,10
1782980313,2026-07-02T01:18:33-07:00,12
1782980373,2026-07-02T01:19:33-07:00,14
1782980433,2026-07-02T01:20:33-07:00,12
1782980493,2026-07-02T01:21:33-07:00,14
1782980553,2026-07-02T01:22:33-07:00,14
1782980613,2026-07-02T01:23:33-07:00,12
1782980673,2026-07-02T01:24:33-07:00,16
1782980733,2026-07-02T01:25:33-07:00,13
1782980793,2026-07-02T01:26:33-07:00,12
1782980853,2026-07-02T01:27:33-07:00,14
1782980913,2026-07-02T01:28:33-07:00,14
1782980973,2026-07-02T01:29:33-07:00,16
1782981033,2026-07-02T01:30:33-07:00,16
1782981093,2026-07-02T01:31:33-07:00,15
1782981153,2026-07-02T01:32:33-07:00,15
1782981213,2026-07-02T01:33:33-07:00,13
1782981273,2026-07-02T01:34:33-07:00,14
1782981333,2026-07-02T01:35:33-07:00,-2
1782981393,2026-07-02T01:36:33-07:00,13
1782981453,2026-07-02T01:37:33-07:00,13
1782981513,2026-07-02T01:38:33-07:00,14
1782981573,2026-07-02T01:39:33-07:00,13
1782981633,2026-07-02T01:40:33-07:00,14
1782981693,2026-07-02T01:41:33-07:00,13
1782981753,2026-07-02T01:42:33-07:00,14
1782981813,2026-07-02T01:43:33-07:00,16
1782981873,2026-07-02T01:44:33-07:00,16
1782981933,2026-07-02T01:45:33-07:00,13
1782981993,2026-07-02T01:46:33-07:00,11
1782982053,2026-07-02T01:47:33-07:00,12
1782982113,2026-07-02T01:48:33-07:00,12
1782982173,2026-07-02T01:49:33-07:00,13
1782982233,2026-07-02T01:50:33-07:00,11
1782982293,2026-07-02T01:51:33-07:00,12
1782982353,2026-07-02T01:52:33-07:00,10
1782982413,2026-07-02T01:53:33-07:00,11
1782982473,2026-07-02T01:54:33-07:00,13
1782982533,2026-07-02T01:55:33-07:00,14
1782982593,2026-07-02T01:56:33-07:00,14
1782982653,2026-07-02T01:57:33-07:00,14
1782982713,2026-07-02T01:58:33-07:00,13
1782982773,2026-07-02T01:59:33-07:00,13
1782982833,2026-07-02T02:00:33-07:00,13
1782982893,2026-07-02T02:01:33-07:00,13
1782982953,2026-07-02T02:02:33-07:00,13
1782983013,2026-07-02T02:03:33-07:00,11
1782983073,2026-07-02T02:04:33-07:00,15
1782983133,2026-07-02T02:05:33-07:00,12
1782983193,2026-07-02T02:06:33-07:00,13
1782983253,2026-07-02T02:07:33-07:00,12
1782983313,2026-07-02T02:08:33-07:00,15
1782983373,2026-07-02T02:09:33-07:00,13
1782983433,2026-07-02T02:10:33-07:00,13
1782983493,2026-07-02T02:11:33-07:00,13
1782983553,2026-07-02T02:12:33-07:00,12
1782983613,2026-07-02T02:13:33-07:00,12
1782983673,2026-07-02T02:14:33-07:00,-7
1782983733,2026-07-02T02:15:33-07:00,13
1782983793,2026-07-02T02:16:33-07:00,13
1782983853,2026-07-02T02:17:33-07:00,12
1782983913,2026-07-02T02:18:33-07:00,11
1782983973,2026-07-02T02:19:33-07:00,14
1782984033,2026-07-02T02:20:33-07:00,13
1782984093,2026-07-02T02:21:33-07:00,13
1782984153,2026-07-02T02:22:33-07:00,11
1782984213,2026-07-02T02:23:33-07:00,12
1782984273,2026-07-02T02:24:33-07:00,13
1782984333,2026-07-02T02:25:33-07:00,11
1782984393,2026-07-02T02:26:33-07:00,14
1782984453,2026-07-02T02:27:33-07:00,13
1782984513,2026-07-02T02:28:33-07:00,16
1782984573,2026-07-02T02:29:33-07:00,14
1782984633,2026-07-02T02:30:33-07:00,14
1782984693,2026-07-02T02:31:33-07:00,13
1782984753,2026-07-02T02:32:33-07:00,12
1782984813,2026-07-02T02:33:33-07:00,13
1782984873,2026-07-02T02:34:33-07:00,11
1782984933,2026-07-02T02:35:33-07:00,14
1782984993,2026-07-02T02:36:33-07:00,14
1782985053,2026-07-02T02:37:33-07:00,12
1782985113,2026-07-02T02:38:33-07:00,16
1782985173,2026-07-02T02:39:33-07:00,13
1782985233,2026-07-02T02:40:33-07:00,12
1782985293,2026-07-02T02:41:33-07:00,12
1782985353,2026-07-02T02:42:33-07:00,14
1782985413,2026-07-02T02:43:33-07:00,13
1782985473,2026-07-02T02:44:33-07:00,13
1782985533,2026-07-02T02:45:33-07:00,15
1782985593,2026-07-02T02:46:33-07:00,15
1782985653,2026-07-02T02:47:33-07:00,13
1782985713,2026-07-02T02:48:33-07:00,18
1782985773,2026-07-02T02:49:33-07:00,13
1782985833,2026-07-02T02:50:33-07:00,12
1782985893,2026-07-02T02:51:33-07:00,13
1782985953,2026-07-02T02:52:33-07:00,14
1782986013,2026-07-02T02:53:33-07:00,12
1782986073,2026-07-02T02:54:33-07:00,11
1782986133,2026-07-02T02:55:33-07:00,13
1782986193,2026-07-02T02:56:33-07:00,15
1782986253,2026-07-02T02:57:33-07:00,12
1782986313,2026-07-02T02:58:33-07:00,13
1782986373,2026-07-02T02:59:33-07:00,15
1782986433,2026-07-02T03:00:33-07:00,13
1782986493,2026-07-02T03:01:33-07:00,13
1782986553,2026-07-02T03:02:33-07:00,12
1782986613,2026-07-02T03:03:33-07:00,12
1782986673,2026-07-02T03:04:33-07:00,13
1782986733,2026-07-02T03:05:33-07:00,13
1782986793,2026-07-02T03:06:33-07:00,14
1782986853,2026-07-02T03:07:33-07:00,15
1782986913,2026-07-02T03:08:33-07:00,12
1782986973,2026-07-02T03:09:33-07:00,14
1782987033,2026-07-02T03:10:33-07:00,12
1782987093,2026-07-02T03:11:33-07:00,12
1782987153,2026-07-02T03:12:33-07:00,13
1782987213,2026-07-02T03:13:33-07:00,12
1782987273,2026-07-02T03:14:33-07:00,13
1782987333,2026-07-02T03:15:33-07:00,11
1782987393,2026-07-02T03:16:33-07:00,14
1782987453,2026-07-02T03:17:33-07:00,12
1782987513,2026-07-02T03:18:33-07:00,13
1782987573,2026-07-02T03:19:33-07:00,12
1782987633,2026-07-02T03:20:33-07:00,14
1782987693,2026-07-02T03:21:33-07:00,12
1782987753,2026-07-02T03:22:33-07:00,13
1782987813,2026-07-02T03:23:33-07:00,12
1782987873,2026-07-02T03:24:33-07:00,17
1782987933,2026-07-02T03:25:33-07:00,15
1782987993,2026-07-02T03:26:33-07:00,16
1782988053,2026-07-02T03:27:33-07:00,12
1782988113,2026-07-02T03:28:33-07:00,13
1782988173,2026-07-02T03:29:33-07:00,15
1782988233,2026-07-02T03:30:33-07:00,13
1782988293,2026-07-02T03:31:33-07:00,11
1782988353,2026-07-02T03:32:33-07:00,-6
1782988413,2026-07-02T03:33:33-07:00,15
1782988473,2026-07-02T03:34:33-07:00,10
1782988533,2026-07-02T03:35:33-07:00,10
1782988593,2026-07-02T03:36:33-07:00,13
1782988653,2026-07-02T03:37:33-07:00,15
1782988713,2026-07-02T03:38:33-07:00,14
1782988773,2026-07-02T03:39:33-07:00,13
1782988833,2026-07-02T03:40:33-07:00,14
1782988893,2026-07-02T03:41:33-07:00,12
1782988953,2026-07-02T03:42:33-07:00,10
1782989013,2026-07-02T03:43:33-07:00,14
1782989073,2026-07-02T03:44:33-07:00,13
1782989133,2026-07-02T03:45:33-07:00,12
1782989193,2026-07-02T03:46:33-07:00,14
1782989253,2026-07-02T03:47:33-07:00,12
1782989313,2026-07-02T03:48:33-07:00,14
1782989373,2026-07-02T03:49:33-07:00,11
1782989433,2026-07-02T03:50:33-07:00,13
1782989493,2026-07-02T03:51:33-07:00,12
1782989553,2026-07-02T03:52:33-07:00,11
1782989613,2026-07-02T03:53:33-07:00,13
1782989673,2026-07-02T03:54:33-07:00,11
1782989733,2026-07-02T03:55:33-07:00,12
1782989793,2026-07-02T03:56:33-07:00,11
1782989853,2026-07-02T03:57:33-07:00,11
1782989913,2026-07-02T03:58:33-07:00,13
1782989973,2026-07-02T03:59:33-07:00,14
1782990033,2026-07-02T04:00:33-07:00,12
1782990093,2026-07-02T04:01:33-07:00,-3
1782990153,2026-07-02T04:02:33-07:00,14
1782990213,2026-07-02T04:03:33-07:00,12
1782990273,2026-07-02T04:04:33-07:00,10
1782990333,2026-07-02T04:05:33-07:00,18
1782990393,2026-07-02T04:06:33-07:00,12
1782990453,2026-07-02T04:07:33-07:00,14
1782990513,2026-07-02T04:08:33-07:00,14
1782990573,2026-07-02T04:09:33-07:00,17
1782990633,2026-07-02T04:10:33-07:00,14
1782990693,2026-07-02T04:11:33-07:00,-3
1782990753,2026-07-02T04:12:33-07:00,14
1782990813,2026-07-02T04:13:33-07:00,15
1782990873,2026-07-02T04:14:33-07:00,15
1782990933,2026-07-02T04:15:33-07:00,13
1782990993,2026-07-02T04:16:33-07:00,14
1782991053,2026-07-02T04:17:33-07:00,13
1782991113,2026-07-02T04:18:33-07:00,14
1782991173,2026-07-02T04:19:33-07:00,15
1782991233,2026-07-02T04:20:33-07:00,14
1782991293,2026-07-02T04:21:33-07:00,13
1782991353,2026-07-02T04:22:33-07:00,16
1782991413,2026-07-02T04:23:33-07:00,14
1782991473,2026-07-02T04:24:33-07:00,14
1782991533,2026-07-02T04:25:33-07:00,14
1782991593,2026-07-02T04:26:33-07:00,12
1782991653,2026-07-02T04:27:33-07:00,12
1782991713,2026-07-02T04:28:33-07:00,13
1782991773,2026-07-02T04:29:33-07:00,13
1782991833,2026-07-02T04:30:33-07:00,13
1782991893,2026-07-02T04:31:33-07:00,13
1782991953,2026-07-02T04:32:33-07:00,12
1782992013,2026-07-02T04:33:33-07:00,13
1782992073,2026-07-02T04:34:33-07:00,15
1782992133,2026-07-02T04:35:33-07:00,16
1782992193,2026-07-02T04:36:33-07:00,14
1782992253,2026-07-02T04:37:33-07:00,15
1782992313,2026-07-02T04:38:33-07:00,14
1782992373,2026-07-02T04:39:33-07:00,11
1782992433,2026-07-02T04:40:33-07:00,13
1782992493,2026-07-02T04:41:33-07:00,13
1782992553,2026-07-02T04:42:33-07:00,11
1782992613,2026-07-02T04:43:33-07:00,13
1782992673,2026-07-02T04:44:33-07:00,13
1782992733,2026-07-02T04:45:33-07:00,14
1782992793,2026-07-02T04:46:33-07:00,12
1782992853,2026-07-02T04:47:33-07:00,12
1782992913,2026-07-02T04:48:33-07:00,13
1782992973,2026-07-02T04:49:33-07:00,13
1782993033,2026-07-02T04:50:33-07:00,12
1782993093,2026-07-02T04:51:33-07:00,12
1782993153,2026-07-02T04:52:33-07:00,12
1782993213,2026-07-02T04:53:33-07:00,14
1782993273,2026-07-02T04:54:33-07:00,14
1782993333,2026-07-02T04:55:33-07:00,14
1782993393,2026-07-02T04:56:33-07:00,12
1782993453,2026-07-02T04:57:33-07:00,13
1782993513,2026-07-02T04:58:33-07:00,13
1782993573,2026-07-02T04:59:33-07:00,13
1782993633,2026-07-02T05:00:33-07:00,13
1782993693,2026-07-02T05:01:33-07:00,13
1782993753,2026-07-02T05:02:33-07:00,13
1782993813,2026-07-02T05:03:33-07:00,13
1782993873,2026-07-02T05:04:33-07:00,14
1782993933,2026-07-02T05:05:33-07:00,14
1782993993,2026-07-02T05:06:33-07:00,13
1782994053,2026-07-02T05:07:33-07:00,13
1782994113,2026-07-02T05:08:33-07:00,13
1782994173,2026-07-02T05:09:33-07:00,14
1782994233,2026-07-02T05:10:33-07:00,14
1782994293,2026-07-02T05:11:33-07:00,13
1782994353,2026-07-02T05:12:33-07:00,14
1782994413,2026-07-02T05:13:33-07:00,14
1782994473,2026-07-02T05:14:33-07:00,14
1782994533,2026-07-02T05:15:33-07:00,14
1782994593,2026-07-02T05:16:33-07:00,13
1782994653,2026-07-02T05:17:33-07:00,12
1782994713,2026-07-02T05:18:33-07:00,15
1782994773,2026-07-02T05:19:33-07:00,12
1782994833,2026-07-02T05:20:33-07:00,14
1782994893,2026-07-02T05:21:33-07:00,11
1782994953,2026-07-02T05:22:33-07:00,13
1782995013,2026-07-02T05:23:33-07:00,13
1782995073,2026-07-02T05:24:33-07:00,13
1782995133,2026-07-02T05:25:33-07:00,13
1782995193,2026-07-02T05:26:33-07:00,16
1782995253,2026-07-02T05:27:33-07:00,15
1782995313,2026-07-02T05:28:33-07:00,16
1782995373,2026-07-02T05:29:33-07:00,13
1782995433,2026-07-02T05:30:33-07:00,13
1782995493,2026-07-02T05:31:33-07:00,12
1782995553,2026-07-02T05:32:33-07:00,12
1782995613,2026-07-02T05:33:33-07:00,13
1782995673,2026-07-02T05:34:33-07:00,11
1782995733,2026-07-02T05:35:33-07:00,13
1782995793,2026-07-02T05:36:33-07:00,14
1782995853,2026-07-02T05:37:33-07:00,13
1782995913,2026-07-02T05:38:33-07:00,12
1782995973,2026-07-02T05:39:33-07:00,-5
1782996033,2026-07-02T05:40:33-07:00,14
1782996093,2026-07-02T05:41:33-07:00,16
1782996153,2026-07-02T05:42:33-07:00,13
1782996213,2026-07-02T05:43:33-07:00,14
1782996273,2026-07-02T05:44:33-07:00,14
1782996333,2026-07-02T05:45:33-07:00,14
1782996393,2026-07-02T05:46:33-07:00,14
1782996453,2026-07-02T05:47:33-07:00,14
1782996513,2026-07-02T05:48:33-07:00,14
1782996573,2026-07-02T05:49:33-07:00,15
1782996633,2026-07-02T05:50:33-07:00,12
1782996693,2026-07-02T05:51:33-07:00,13
1782996753,2026-07-02T05:52:33-07:00,13
1782996813,2026-07-02T05:53:33-07:00,13
1782996873,2026-07-02T05:54:33-07:00,15
1782996933,2026-07-02T05:55:33-07:00,15
1782996993,2026-07-02T05:56:33-07:00,12
1782997053,2026-07-02T05:57:33-07:00,15
1782997113,2026-07-02T05:58:33-07:00,15
1782997173,2026-07-02T05:59:33-07:00,14
1782997233,2026-07-02T06:00:33-07:00,12
1782997293,2026-07-02T06:01:33-07:00,15
1782997353,2026-07-02T06:02:33-07:00,11
1782997413,2026-07-02T06:03:33-07:00,15
1782997473,2026-07-02T06:04:33-07:00,13
1782997533,2026-07-02T06:05:33-07:00,13
1782997593,2026-07-02T06:06:33-07:00,13
1782997653,2026-07-02T06:07:33-07:00,14
1782997713,2026-07-02T06:08:33-07:00,12
1782997773,2026-07-02T06:09:33-07:00,14
1782997833,2026-07-02T06:10:33-07:00,10
1782997893,2026-07-02T06:11:33-07:00,10
1782997953,2026-07-02T06:12:33-07:00,13
1782998013,2026-07-02T06:13:33-07:00,13
1782998073,2026-07-02T06:14:33-07:00,13
1782998133,2026-07-02T06:15:33-07:00,14
1782998193,2026-07-02T06:16:33-07:00,15
1782998253,2026-07-02T06:17:33-07:00,15
1782998313,2026-07-02T06:18:33-07:00,14
1782998373,2026-07-02T06:19:33-07:00,15
1782998433,2026-07-02T06:20:33-07:00,15
1782998493,2026-07-02T06:21:33-07:00,13
1782998553,2026-07-02T06:22:33-07:00,12
1782998613,2026-07-02T06:23:33-07:00,13
1782998673,2026-07-02T06:24:33-07:00,13
1782998733,2026-07-02T06:25:33-07:00,12
1782998793,2026-07-02T06:26:33-07:00,11
1782998853,2026-07-02T06:27:33-07:00,10
1782998913,2026-07-02T06:28:33-07:00,11
1782998973,2026-07-02T06:29:33-07:00,12
1782999033,2026-07-02T06:30:33-07:00,15
1782999093,2026-07-02T06:31:33-07:00,13
1782999153,2026-07-02T06:32:33-07:00,14
1782999213,2026-07-02T06:33:33-07:00,14
1782999273,2026-07-02T06:34:33-07:00,13
1782999333,2026-07-02T06:35:33-07:00,14
1782999393,2026-07-02T06:36:33-07:00,14
1782999453,2026-07-02T06:37:33-07:00,18
1782999513,2026-07-02T06:38:33-07:00,15
1782999573,2026-07-02T06:39:33-07:00,14
1782999633,2026-07-02T06:40:33-07:00,13
1782999693,2026-07-02T06:41:33-07:00,12
1782999753,2026-07-02T06:42:33-07:00,13
1782999813,2026-07-02T06:43:33-07:00,14
1782999873,2026-07-02T06:44:33-07:00,15
1782999933,2026-07-02T06:45:33-07:00,12
1782999993,2026-07-02T06:46:33-07:00,13
1783000053,2026-07-02T06:47:33-07:00,13
1783000113,2026-07-02T06:48:33-07:00,16
1783000173,2026-07-02T06:49:33-07:00,11
1783000233,2026-07-02T06:50:33-07:00,14
1783000293,2026-07-02T06:51:33-07:00,13
1783000353,2026-07-02T06:52:33-07:00,11
1783000413,2026-07-02T06:53:33-07:00,12
1783000473,2026-07-02T06:54:33-07:00,13
1783000533,2026-07-02T06:55:33-07:00,12
1783000593,2026-07-02T06:56:33-07:00,11
1783000653,2026-07-02T06:57:33-07:00,11
1783000713,2026-07-02T06:58:33-07:00,11
1783000773,2026-07-02T06:59:33-07:00,12
1783000833,2026-07-02T07:00:33-07:00,14
1783000893,2026-07-02T07:01:33-07:00,13
1783000953,2026-07-02T07:02:33-07:00,13
1783001013,2026-07-02T07:03:33-07:00,11
1783001073,2026-07-02T07:04:33-07:00,12
1783001133,2026-07-02T07:05:33-07:00,12
1783001193,2026-07-02T07:06:33-07:00,10
1783001253,2026-07-02T07:07:33-07:00,11
1783001313,2026-07-02T07:08:33-07:00,13
1783001373,2026-07-02T07:09:33-07:00,12
1783001433,2026-07-02T07:10:33-07:00,14
1783001493,2026-07-02T07:11:33-07:00,13
1783001553,2026-07-02T07:12:33-07:00,12
1783001613,2026-07-02T07:13:33-07:00,13
1783001673,2026-07-02T07:14:33-07:00,10
1783001733,2026-07-02T07:15:33-07:00,13
1783001793,2026-07-02T07:16:33-07:00,13
1783001853,2026-07-02T07:17:33-07:00,12
1783001913,2026-07-02T07:18:33-07:00,14
1783001973,2026-07-02T07:19:33-07:00,12
1783002033,2026-07-02T07:20:33-07:00,11
1783002093,2026-07-02T07:21:33-07:00,14
1783002153,2026-07-02T07:22:33-07:00,12
1783002213,2026-07-02T07:23:33-07:00,12
1783002273,2026-07-02T07:24:33-07:00,15
1783002333,2026-07-02T07:25:33-07:00,15
1783002393,2026-07-02T07:26:33-07:00,14
1783002453,2026-07-02T07:27:33-07:00,16
1783002513,2026-07-02T07:28:33-07:00,13
1783002573,2026-07-02T07:29:33-07:00,13
1783002633,2026-07-02T07:30:33-07:00,11
1783002693,2026-07-02T07:31:33-07:00,16
1783002753,2026-07-02T07:32:33-07:00,13
1783002813,2026-07-02T07:33:33-07:00,11
1783002873,2026-07-02T07:34:33-07:00,14
1783002933,2026-07-02T07:35:33-07:00,14
1783002993,2026-07-02T07:36:33-07:00,-2
1783003053,2026-07-02T07:37:33-07:00,11
1783003113,2026-07-02T07:38:33-07:00,13
1783003173,2026-07-02T07:39:33-07:00,12
1783003233,2026-07-02T07:40:33-07:00,12
1783003293,2026-07-02T07:41:33-07:00,14
1783003353,2026-07-02T07:42:33-07:00,15
1783003413,2026-07-02T07:43:33-07:00,13
1783003473,2026-07-02T07:44:33-07:00,13
1783003533,2026-07-02T07:45:33-07:00,12
1783003593,2026-07-02T07:46:33-07:00,15
1783003653,2026-07-02T07:47:33-07:00,15
1783003713,2026-07-02T07:48:33-07:00,12
1783003773,2026-07-02T07:49:33-07:00,14
1783003833,2026-07-02T07:50:33-07:00,16
1783003893,2026-07-02T07:51:33-07:00,18
1783003953,2026-07-02T07:52:33-07:00,13
1783004013,2026-07-02T07:53:33-07:00,17
1783004073,2026-07-02T07:54:33-07:00,13
1783004133,2026-07-02T07:55:33-07:00,12
1783004193,2026-07-02T07:56:33-07:00,14
1783004253,2026-07-02T07:57:33-07:00,14
1783004313,2026-07-02T07:58:33-07:00,13
1783004373,2026-07-02T07:59:33-07:00,15
1783004433,2026-07-02T08:00:33-07:00,13
1783004493,2026-07-02T08:01:33-07:00,13
1783004553,2026-07-02T08:02:33-07:00,16
1783004613,2026-07-02T08:03:33-07:00,13
1783004673,2026-07-02T08:04:33-07:00,15
1783004733,2026-07-02T08:05:33-07:00,11
1783004793,2026-07-02T08:06:33-07:00,13
1783004853,2026-07-02T08:07:33-07:00,15
1783004913,2026-07-02T08:08:33-07:00,16
1783004973,2026-07-02T08:09:33-07:00,15
1783005033,2026-07-02T08:10:33-07:00,15
1783005093,2026-07-02T08:11:33-07:00,17
1783005153,2026-07-02T08:12:33-07:00,17
1783005213,2026-07-02T08:13:33-07:00,15
1783005273,2026-07-02T08:14:33-07:00,15
1783005333,2026-07-02T08:15:33-07:00,13
1783005393,2026-07-02T08:16:33-07:00,17
1783005453,2026-07-02T08:17:33-07:00,15
1783005513,2026-07-02T08:18:33-07:00,13
1783005573,2026-07-02T08:19:33-07:00,18
1783005633,2026-07-02T08:20:33-07:00,17
1783005693,2026-07-02T08:21:33-07:00,13
1783005753,2026-07-02T08:22:33-07:00,15
1783005813,2026-07-02T08:23:33-07:00,12
1783005873,2026-07-02T08:24:33-07:00,15
1783005933,2026-07-02T08:25:33-07:00,15
1783005993,2026-07-02T08:26:33-07:00,16
1783006053,2026-07-02T08:27:33-07:00,14
1783006113,2026-07-02T08:28:33-07:00,16
1783006173,2026-07-02T08:29:33-07:00,16
1783006233,2026-07-02T08:30:33-07:00,14
1783006293,2026-07-02T08:31:33-07:00,13
1783006353,2026-07-02T08:32:33-07:00,11
1783006413,2026-07-02T08:33:33-07:00,15
1783006473,2026-07-02T08:34:33-07:00,13
1783006533,2026-07-02T08:35:33-07:00,13
1783006593,2026-07-02T08:36:33-07:00,15
1783006653,2026-07-02T08:37:33-07:00,17
1783006713,2026-07-02T08:38:33-07:00,13
1783006773,2026-07-02T08:39:33-07:00,14
1783006833,2026-07-02T08:40:33-07:00,15
1783006893,2026-07-02T08:41:33-07:00,16
1783006953,2026-07-02T08:42:33-07:00,15
1783007013,2026-07-02T08:43:33-07:00,18
1783007073,2026-07-02T08:44:33-07:00,15
1783007133,2026-07-02T08:45:33-07:00,16
1783007193,2026-07-02T08:46:33-07:00,15
1783007253,2026-07-02T08:47:33-07:00,13
1783007313,2026-07-02T08:48:33-07:00,16
1783007373,2026-07-02T08:49:33-07:00,11
1783007433,2026-07-02T08:50:33-07:00,14
1783007493,2026-07-02T08:51:33-07:00,13
1783007553,2026-07-02T08:52:33-07:00,14
1783007613,2026-07-02T08:53:33-07:00,13
1783007673,2026-07-02T08:54:33-07:00,15
1783007733,2026-07-02T08:55:33-07:00,12
1783007793,2026-07-02T08:56:33-07:00,17
1783007853,2026-07-02T08:57:33-07:00,14
1783007913,2026-07-02T08:58:33-07:00,16
1783007973,2026-07-02T08:59:33-07:00,15
1783008033,2026-07-02T09:00:33-07:00,15
1783008093,2026-07-02T09:01:33-07:00,16
1783008153,2026-07-02T09:02:33-07:00,16
1783008213,2026-07-02T09:03:33-07:00,16
1783008273,2026-07-02T09:04:33-07:00,17
1783008333,2026-07-02T09:05:33-07:00,14
1783008393,2026-07-02T09:06:33-07:00,11
1783008453,2026-07-02T09:07:33-07:00,13
1783008513,2026-07-02T09:08:33-07:00,12
1783008573,2026-07-02T09:09:33-07:00,13
1783008633,2026-07-02T09:10:33-07:00,13
1783008693,2026-07-02T09:11:33-07:00,13
1783008753,2026-07-02T09:12:33-07:00,18
1783008813,2026-07-02T09:13:33-07:00,16
1783008873,2026-07-02T09:14:33-07:00,12
1783008933,2026-07-02T09:15:33-07:00,14
1783008993,2026-07-02T09:16:33-07:00,13
1783009053,2026-07-02T09:17:33-07:00,15
1783009113,2026-07-02T09:18:33-07:00,16
1783009173,2026-07-02T09:19:33-07:00,13
1783009233,2026-07-02T09:20:33-07:00,13
1783009293,2026-07-02T09:21:33-07:00,13
1783009353,2026-07-02T09:22:33-07:00,11
1783009413,2026-07-02T09:23:33-07:00,13
1783009473,2026-07-02T09:24:33-07:00,14
1783009533,2026-07-02T09:25:33-07:00,11
1783009593,2026-07-02T09:26:33-07:00,16
1783009653,2026-07-02T09:27:33-07:00,16
1783009713,2026-07-02T09:28:33-07:00,13
1783009773,2026-07-02T09:29:33-07:00,11
1783009833,2026-07-02T09:30:33-07:00,13
1783009893,2026-07-02T09:31:33-07:00,18
1783009953,2026-07-02T09:32:33-07:00,12
1783010013,2026-07-02T09:33:33-07:00,12
1783010073,2026-07-02T09:34:33-07:00,14
1783010133,2026-07-02T09:35:33-07:00,17
1783010193,2026-07-02T09:36:33-07:00,16
1783010253,2026-07-02T09:37:33-07:00,17
1783010313,2026-07-02T09:38:33-07:00,15
1783010373,2026-07-02T09:39:33-07:00,15
1783010433,2026-07-02T09:40:33-07:00,13
1783010493,2026-07-02T09:41:33-07:00,12
1783010553,2026-07-02T09:42:33-07:00,11
1783010613,2026-07-02T09:43:33-07:00,14
1783010673,2026-07-02T09:44:33-07:00,15
1783010733,2026-07-02T09:45:33-07:00,13
1783010793,2026-07-02T09:46:33-07:00,15
1783010853,2026-07-02T09:47:33-07:00,15
1783010913,2026-07-02T09:48:33-07:00,12
1783010973,2026-07-02T09:49:33-07:00,15
1783011033,2026-07-02T09:50:33-07:00,13
1783011093,2026-07-02T09:51:33-07:00,13
1783011153,2026-07-02T09:52:33-07:00,15
1783011213,2026-07-02T09:53:33-07:00,12
1783011273,2026-07-02T09:54:33-07:00,10
1783011333,2026-07-02T09:55:33-07:00,12
1783011393,2026-07-02T09:56:33-07:00,13
1783011453,2026-07-02T09:57:33-07:00,15
1783011513,2026-07-02T09:58:33-07:00,14
1783011573,2026-07-02T09:59:33-07:00,15
1783011633,2026-07-02T10:00:33-07:00,13
1783011693,2026-07-02T10:01:33-07:00,14
1783011753,2026-07-02T10:02:33-07:00,15
1783011813,2026-07-02T10:03:33-07:00,14
1783011873,2026-07-02T10:04:33-07:00,11
1783011933,2026-07-02T10:05:33-07:00,0
1783011993,2026-07-02T10:06:33-07:00,14
1783012053,2026-07-02T10:07:33-07:00,14
1783012113,2026-07-02T10:08:33-07:00,13
1783012173,2026-07-02T10:09:33-07:00,10
1783012233,2026-07-02T10:10:33-07:00,11
1783012293,2026-07-02T10:11:33-07:00,12
1783012353,2026-07-02T10:12:33-07:00,11
1783012413,2026-07-02T10:13:33-07:00,12
1783012473,2026-07-02T10:14:33-07:00,13
1783012533,2026-07-02T10:15:33-07:00,15
1783012593,2026-07-02T10:16:33-07:00,14
1783012653,2026-07-02T10:17:33-07:00,10
1783012713,2026-07-02T10:18:33-07:00,11
1783012773,2026-07-02T10:19:33-07:00,14
1783012833,2026-07-02T10:20:33-07:00,10
1783012893,2026-07-02T10:21:33-07:00,13
1783012953,2026-07-02T10:22:33-07:00,13
1783013013,2026-07-02T10:23:33-07:00,13
1783013073,2026-07-02T10:24:33-07:00,11
1783013133,2026-07-02T10:25:33-07:00,13
1783013193,2026-07-02T10:26:33-07:00,13
1783013253,2026-07-02T10:27:33-07:00,12
1783013313,2026-07-02T10:28:33-07:00,13
1783013373,2026-07-02T10:29:33-07:00,9
1783013433,2026-07-02T10:30:33-07:00,12
1783013493,2026-07-02T10:31:33-07:00,9
1783013553,2026-07-02T10:32:33-07:00,15
1783013613,2026-07-02T10:33:33-07:00,-1
1783013673,2026-07-02T10:34:33-07:00,15
1783013733,2026-07-02T10:35:33-07:00,1
1783013793,2026-07-02T10:36:33-07:00,14
1783013853,2026-07-02T10:37:33-07:00,14
1783013913,2026-07-02T10:38:33-07:00,14
1783013973,2026-07-02T10:39:33-07:00,11
1783014033,2026-07-02T10:40:33-07:00,11
1783014093,2026-07-02T10:41:33-07:00,13
1783014153,2026-07-02T10:42:33-07:00,11
1783014213,2026-07-02T10:43:33-07:00,15
1783014273,2026-07-02T10:44:33-07:00,17
1783014333,2026-07-02T10:45:33-07:00,-2
1783014393,2026-07-02T10:46:33-07:00,11
1783014453,2026-07-02T10:47:33-07:00,11
1783014513,2026-07-02T10:48:33-07:00,11
1783014573,2026-07-02T10:49:33-07:00,16
1783014633,2026-07-02T10:50:33-07:00,18
1783014693,2026-07-02T10:51:33-07:00,14
1783014753,2026-07-02T10:52:33-07:00,10
1783014813,2026-07-02T10:53:33-07:00,13
1783014873,2026-07-02T10:54:33-07:00,15
1783014933,2026-07-02T10:55:33-07:00,13
1783014993,2026-07-02T10:56:33-07:00,11
1783015053,2026-07-02T10:57:33-07:00,14
1783015113,2026-07-02T10:58:33-07:00,14
1783015173,2026-07-02T10:59:33-07:00,14
1783015233,2026-07-02T11:00:33-07:00,12
1783015293,2026-07-02T11:01:33-07:00,10
1783015353,2026-07-02T11:02:33-07:00,10
1783015413,2026-07-02T11:03:33-07:00,-4
1783015473,2026-07-02T11:04:33-07:00,13
1783015533,2026-07-02T11:05:33-07:00,15
1783015593,2026-07-02T11:06:33-07:00,12
1783015653,2026-07-02T11:07:33-07:00,13
1783015713,2026-07-02T11:08:33-07:00,13
1783015773,2026-07-02T11:09:33-07:00,13
1783015833,2026-07-02T11:10:33-07:00,14
1783015893,2026-07-02T11:11:33-07:00,15
1783015953,2026-07-02T11:12:33-07:00,12
1783016013,2026-07-02T11:13:33-07:00,15
1783016073,2026-07-02T11:14:33-07:00,18
1783016133,2026-07-02T11:15:33-07:00,13
1783016193,2026-07-02T11:16:33-07:00,15
1783016253,2026-07-02T11:17:33-07:00,15
1783016313,2026-07-02T11:18:33-07:00,15
1783016373,2026-07-02T11:19:33-07:00,11
1783016433,2026-07-02T11:20:33-07:00,13
1783016493,2026-07-02T11:21:33-07:00,14
1783016553,2026-07-02T11:22:33-07:00,11
1783016613,2026-07-02T11:23:33-07:00,13
1783016673,2026-07-02T11:24:33-07:00,13
1783016733,2026-07-02T11:25:33-07:00,16
1783016793,2026-07-02T11:26:33-07:00,14
1783016853,2026-07-02T11:27:33-07:00,12
1783016913,2026-07-02T11:28:33-07:00,12
1783016973,2026-07-02T11:29:33-07:00,11
1783017033,2026-07-02T11:30:33-07:00,17
1783017093,2026-07-02T11:31:33-07:00,15
1783017153,2026-07-02T11:32:33-07:00,12
1783017213,2026-07-02T11:33:33-07:00,14
1783017273,2026-07-02T11:34:33-07:00,13
1783017333,2026-07-02T11:35:33-07:00,16
1783017393,2026-07-02T11:36:33-07:00,10
1783017453,2026-07-02T11:37:33-07:00,16
1783017513,2026-07-02T11:38:33-07:00,14
1783017573,2026-07-02T11:39:33-07:00,16
1783017633,2026-07-02T11:40:33-07:00,16
1783017693,2026-07-02T11:41:33-07:00,14
1783017753,2026-07-02T11:42:33-07:00,15
1783017813,2026-07-02T11:43:33-07:00,16
1783017873,2026-07-02T11:44:33-07:00,13
1783017933,2026-07-02T11:45:33-07:00,13
1783017993,2026-07-02T11:46:33-07:00,14
1783018053,2026-07-02T11:47:33-07:00,13
1783018113,2026-07-02T11:48:33-07:00,15
1783018173,2026-07-02T11:49:33-07:00,14
1783018233,2026-07-02T11:50:33-07:00,12
1783018293,2026-07-02T11:51:33-07:00,12
1783018353,2026-07-02T11:52:33-07:00,13
1783018413,2026-07-02T11:53:33-07:00,12
1783018473,2026-07-02T11:54:33-07:00,16
1783018533,2026-07-02T11:55:33-07:00,12
1783018593,2026-07-02T11:56:33-07:00,12
1783018653,2026-07-02T11:57:33-07:00,13
1783018713,2026-07-02T11:58:33-07:00,12
1783018773,2026-07-02T11:59:33-07:00,14
1783018833,2026-07-02T12:00:33-07:00,14
1783018893,2026-07-02T12:01:33-07:00,15
1783018953,2026-07-02T12:02:33-07:00,18
1783019013,2026-07-02T12:03:33-07:00,13
1783019073,2026-07-02T12:04:33-07:00,14
1783019133,2026-07-02T12:05:33-07:00,18
1783019193,2026-07-02T12:06:33-07:00,14
1783019253,2026-07-02T12:07:33-07:00,18
1783019313,2026-07-02T12:08:33-07:00,15
1783019373,2026-07-02T12:09:33-07:00,17
1783019433,2026-07-02T12:10:33-07:00,18
1783019493,2026-07-02T12:11:33-07:00,13
1783019553,2026-07-02T12:12:33-07:00,16
1783019613,2026-07-02T12:13:33-07:00,10
1783019673,2026-07-02T12:14:33-07:00,13
1783019733,2026-07-02T12:15:33-07:00,15
1783019793,2026-07-02T12:16:33-07:00,17
1783019853,2026-07-02T12:17:33-07:00,12
1783019913,2026-07-02T12:18:33-07:00,15
1783019973,2026-07-02T12:19:33-07:00,15
1783020033,2026-07-02T12:20:33-07:00,18
1783020093,2026-07-02T12:21:33-07:00,14
1783020153,2026-07-02T12:22:33-07:00,18
1783020213,2026-07-02T12:23:33-07:00,16
1783020273,2026-07-02T12:24:33-07:00,15
1783020333,2026-07-02T12:25:33-07:00,17
1783020393,2026-07-02T12:26:33-07:00,13
1783020453,2026-07-02T12:27:33-07:00,13
1783020513,2026-07-02T12:28:33-07:00,13
1783020573,2026-07-02T12:29:33-07:00,15
1783020633,2026-07-02T12:30:33-07:00,18
1783020693,2026-07-02T12:31:33-07:00,18
1783020753,2026-07-02T12:32:33-07:00,13
1783020813,2026-07-02T12:33:33-07:00,16
1783020873,2026-07-02T12:34:33-07:00,13
1783020933,2026-07-02T12:35:33-07:00,12
1783020993,2026-07-02T12:36:33-07:00,15
1783021053,2026-07-02T12:37:33-07:00,13
1783021113,2026-07-02T12:38:33-07:00,16
1783021173,2026-07-02T12:39:33-07:00,13
1783021233,2026-07-02T12:40:33-07:00,12
1783021293,2026-07-02T12:41:33-07:00,13
1783021353,2026-07-02T12:42:33-07:00,13
1783021413,2026-07-02T12:43:33-07:00,13
1783021473,2026-07-02T12:44:33-07:00,13
1783021533,2026-07-02T12:45:33-07:00,14
1783021593,2026-07-02T12:46:33-07:00,14
1783021653,2026-07-02T12:47:33-07:00,15
1783021713,2026-07-02T12:48:33-07:00,18
1783021773,2026-07-02T12:49:33-07:00,15
1783021833,2026-07-02T12:50:33-07:00,11
1783021893,2026-07-02T12:51:33-07:00,13
1783021953,2026-07-02T12:52:33-07:00,11
1783022013,2026-07-02T12:53:33-07:00,18
1783022073,2026-07-02T12:54:33-07:00,13
1783022133,2026-07-02T12:55:33-07:00,14
1783022193,2026-07-02T12:56:33-07:00,16
1783022253,2026-07-02T12:57:33-07:00,14
1783022313,2026-07-02T12:58:33-07:00,17
1783022373,2026-07-02T12:59:33-07:00,12
1783022433,2026-07-02T13:00:33-07:00,8
1783022493,2026-07-02T13:01:33-07:00,13
1783022553,2026-07-02T13:02:33-07:00,11
1783022613,2026-07-02T13:03:33-07:00,15
1783022673,2026-07-02T13:04:33-07:00,16
1783022733,2026-07-02T13:05:33-07:00,14
1783022793,2026-07-02T13:06:33-07:00,13
1783022853,2026-07-02T13:07:33-07:00,14
1783022913,2026-07-02T13:08:33-07:00,15
1783022973,2026-07-02T13:09:33-07:00,15
1783023033,2026-07-02T13:10:33-07:00,15
1783023093,2026-07-02T13:11:33-07:00,16
1783023153,2026-07-02T13:12:33-07:00,16
1783023213,2026-07-02T13:13:33-07:00,17
1783023273,2026-07-02T13:14:33-07:00,12
1783023333,2026-07-02T13:15:33-07:00,13
1783023393,2026-07-02T13:16:33-07:00,13
1783023453,2026-07-02T13:17:33-07:00,16
1783023513,2026-07-02T13:18:33-07:00,12
1783023573,2026-07-02T13:19:33-07:00,15
1783023633,2026-07-02T13:20:33-07:00,13
1783023693,2026-07-02T13:21:33-07:00,14
1783023753,2026-07-02T13:22:33-07:00,12
1783023813,2026-07-02T13:23:33-07:00,14
1783023873,2026-07-02T13:24:33-07:00,14
1783023933,2026-07-02T13:25:33-07:00,14
1783023993,2026-07-02T13:26:33-07:00,13
1783024053,2026-07-02T13:27:33-07:00,13
1783024113,2026-07-02T13:28:33-07:00,14
1783024173,2026-07-02T13:29:33-07:00,12
1783024233,2026-07-02T13:30:33-07:00,11
1783024293,2026-07-02T13:31:33-07:00,16
1783024353,2026-07-02T13:32:33-07:00,12
1783024413,2026-07-02T13:33:33-07:00,17
1783024473,2026-07-02T13:34:33-07:00,12
1783024533,2026-07-02T13:35:33-07:00,15
1783024593,2026-07-02T13:36:33-07:00,14
1783024653,2026-07-02T13:37:33-07:00,14
1783024713,2026-07-02T13:38:33-07:00,14
1783024773,2026-07-02T13:39:33-07:00,14
1783024833,2026-07-02T13:40:33-07:00,15
1783024893,2026-07-02T13:41:33-07:00,13
1783024953,2026-07-02T13:42:33-07:00,18
1783025013,2026-07-02T13:43:33-07:00,13
1783025073,2026-07-02T13:44:33-07:00,16
1783025133,2026-07-02T13:45:33-07:00,15
1783025193,2026-07-02T13:46:33-07:00,17
1783025253,2026-07-02T13:47:33-07:00,15
1783025313,2026-07-02T13:48:33-07:00,14
1783025373,2026-07-02T13:49:33-07:00,16
1783025433,2026-07-02T13:50:33-07:00,15
1783025493,2026-07-02T13:51:33-07:00,15
1783025553,2026-07-02T13:52:33-07:00,13
1783025613,2026-07-02T13:53:33-07:00,13
1783025673,2026-07-02T13:54:33-07:00,14
1783025733,2026-07-02T13:55:33-07:00,11
1783025793,2026-07-02T13:56:33-07:00,13
1783025853,2026-07-02T13:57:33-07:00,11
1783025913,2026-07-02T13:58:33-07:00,18
1783025973,2026-07-02T13:59:33-07:00,14
1783026033,2026-07-02T14:00:33-07:00,17
1783026093,2026-07-02T14:01:33-07:00,14
1783026153,2026-07-02T14:02:33-07:00,15
1783026213,2026-07-02T14:03:33-07:00,17
1783026273,2026-07-02T14:04:33-07:00,12
1783026333,2026-07-02T14:05:33-07:00,15
1783026393,2026-07-02T14:06:33-07:00,12
1783026453,2026-07-02T14:07:33-07:00,12
1783026513,2026-07-02T14:08:33-07:00,12
1783026573,2026-07-02T14:09:33-07:00,13
1783026633,2026-07-02T14:10:33-07:00,13
1783026693,2026-07-02T14:11:33-07:00,13
1783026753,2026-07-02T14:12:33-07:00,16
1783026813,2026-07-02T14:13:33-07:00,14
1783026873,2026-07-02T14:14:33-07:00,14
1783026933,2026-07-02T14:15:33-07:00,16
1783026993,2026-07-02T14:16:33-07:00,18
1783027053,2026-07-02T14:17:33-07:00,13
1783027113,2026-07-02T14:18:33-07:00,14
1783027173,2026-07-02T14:19:33-07:00,12
1783027233,2026-07-02T14:20:33-07:00,14
1783027293,2026-07-02T14:21:33-07:00,15
1783027353,2026-07-02T14:22:33-07:00,16
1783027413,2026-07-02T14:23:33-07:00,16
1783027473,2026-07-02T14:24:33-07:00,16
1783027533,2026-07-02T14:25:33-07:00,16
1783027593,2026-07-02T14:26:33-07:00,16
1783027653,2026-07-02T14:27:33-07:00,13
1783027713,2026-07-02T14:28:33-07:00,14
1783027773,2026-07-02T14:29:33-07:00,18
1783027833,2026-07-02T14:30:33-07:00,10
1783027893,2026-07-02T14:31:33-07:00,14
1783027953,2026-07-02T14:32:33-07:00,13
1783028013,2026-07-02T14:33:33-07:00,-4
1783028073,2026-07-02T14:34:33-07:00,16
1783028133,2026-07-02T14:35:33-07:00,14
1783028193,2026-07-02T14:36:33-07:00,15
1783028253,2026-07-02T14:37:33-07:00,14
1783028313,2026-07-02T14:38:33-07:00,13
1783028373,2026-07-02T14:39:33-07:00,12
1783028433,2026-07-02T14:40:33-07:00,16
1783028493,2026-07-02T14:41:33-07:00,16
1783028553,2026-07-02T14:42:33-07:00,18
1783028613,2026-07-02T14:43:33-07:00,9
1783028673,2026-07-02T14:44:33-07:00,12
1783028733,2026-07-02T14:45:33-07:00,12
1783028793,2026-07-02T14:46:33-07:00,15
1783028853,2026-07-02T14:47:33-07:00,14
1783028913,2026-07-02T14:48:33-07:00,14
1783028973,2026-07-02T14:49:33-07:00,18
1783029033,2026-07-02T14:50:33-07:00,17
1783029093,2026-07-02T14:51:33-07:00,18
1783029153,2026-07-02T14:52:33-07:00,16
1783029213,2026-07-02T14:53:33-07:00,16
1783029273,2026-07-02T14:54:33-07:00,14
1783029333,2026-07-02T14:55:33-07:00,13
1783029393,2026-07-02T14:56:33-07:00,13
1783029453,2026-07-02T14:57:33-07:00,16
1783029513,2026-07-02T14:58:33-07:00,16
1783029573,2026-07-02T14:59:33-07:00,13
1783029633,2026-07-02T15:00:33-07:00,11
1783029693,2026-07-02T15:01:33-07:00,21
1783029753,2026-07-02T15:02:33-07:00,15
1783029813,2026-07-02T15:03:33-07:00,12
1783029873,2026-07-02T15:04:33-07:00,11
1783029933,2026-07-02T15:05:33-07:00,13
1783029993,2026-07-02T15:06:33-07:00,15
1783030053,2026-07-02T15:07:33-07:00,14
1783030113,2026-07-02T15:08:33-07:00,14
1783030173,2026-07-02T15:09:33-07:00,12
1783030233,2026-07-02T15:10:33-07:00,14
1783030293,2026-07-02T15:11:33-07:00,13
1783030353,2026-07-02T15:12:33-07:00,11
1783030413,2026-07-02T15:13:33-07:00,13
1783030473,2026-07-02T15:14:33-07:00,13
1783030533,2026-07-02T15:15:33-07:00,14
1783030593,2026-07-02T15:16:33-07:00,-6
1783030653,2026-07-02T15:17:33-07:00,18
1783030713,2026-07-02T15:18:33-07:00,13
1783030773,2026-07-02T15:19:33-07:00,12
1783030833,2026-07-02T15:20:33-07:00,16
1783030893,2026-07-02T15:21:33-07:00,14
1783030953,2026-07-02T15:22:33-07:00,14
1783031013,2026-07-02T15:23:33-07:00,14
1783031073,2026-07-02T15:24:33-07:00,12
1783031133,2026-07-02T15:25:33-07:00,11
1783031193,2026-07-02T15:26:33-07:00,13
1783031253,2026-07-02T15:27:33-07:00,13
1783031313,2026-07-02T15:28:33-07:00,13
1783031373,2026-07-02T15:29:33-07:00,13
1783031433,2026-07-02T15:30:33-07:00,12
1783031493,2026-07-02T15:31:33-07:00,14
1783031553,2026-07-02T15:32:33-07:00,13
1783031613,2026-07-02T15:33:33-07:00,14
1783031673,2026-07-02T15:34:33-07:00,13
1783031733,2026-07-02T15:35:33-07:00,13
1783031793,2026-07-02T15:36:33-07:00,1
1783031853,2026-07-02T15:37:33-07:00,14
1783031913,2026-07-02T15:38:33-07:00,14
1783031973,2026-07-02T15:39:33-07:00,12
1783032033,2026-07-02T15:40:33-07:00,11
1783032093,2026-07-02T15:41:33-07:00,10
1783032153,2026-07-02T15:42:33-07:00,15
1783032213,2026-07-02T15:43:33-07:00,17
1783032273,2026-07-02T15:44:33-07:00,11
1783032333,2026-07-02T15:45:33-07:00,14
1783032393,2026-07-02T15:46:33-07:00,15
1783032453,2026-07-02T15:47:33-07:00,12
1783032513,2026-07-02T15:48:33-07:00,12
1783032573,2026-07-02T15:49:33-07:00,14
1783032633,2026-07-02T15:50:33-07:00,12
1783032693,2026-07-02T15:51:33-07:00,13
1783032753,2026-07-02T15:52:33-07:00,14
1783032813,2026-07-02T15:53:33-07:00,15
1783032873,2026-07-02T15:54:33-07:00,14
1783032933,2026-07-02T15:55:33-07:00,10
1783032993,2026-07-02T15:56:33-07:00,13
1783033053,2026-07-02T15:57:33-07:00,14
1783033113,2026-07-02T15:58:33-07:00,14
1783033173,2026-07-02T15:59:33-07:00,14
1783033233,2026-07-02T16:00:33-07:00,18
1783033293,2026-07-02T16:01:33-07:00,12
1783033353,2026-07-02T16:02:33-07:00,16
1783033413,2026-07-02T16:03:33-07:00,15
1783033473,2026-07-02T16:04:33-07:00,17
1783033533,2026-07-02T16:05:33-07:00,18
1783033593,2026-07-02T16:06:33-07:00,14
1783033653,2026-07-02T16:07:33-07:00,16
1783033713,2026-07-02T16:08:33-07:00,18
1783033773,2026-07-02T16:09:33-07:00,15
1783033833,2026-07-02T16:10:33-07:00,13
1783033893,2026-07-02T16:11:33-07:00,17
1783033953,2026-07-02T16:12:33-07:00,14
1783034013,2026-07-02T16:13:33-07:00,18
1783034073,2026-07-02T16:14:33-07:00,16
1783034133,2026-07-02T16:15:33-07:00,15
1783034193,2026-07-02T16:16:33-07:00,1
1783034253,2026-07-02T16:17:33-07:00,16
1783034313,2026-07-02T16:18:33-07:00,13
1783034373,2026-07-02T16:19:33-07:00,14
1783034433,2026-07-02T16:20:33-07:00,16
1783034493,2026-07-02T16:21:33-07:00,14
1783034553,2026-07-02T16:22:33-07:00,14
1783034613,2026-07-02T16:23:33-07:00,15
1783034673,2026-07-02T16:24:33-07:00,14
1783034733,2026-07-02T16:25:33-07:00,-5
1783034793,2026-07-02T16:26:33-07:00,17
1783034853,2026-07-02T16:27:33-07:00,15
1783034913,2026-07-02T16:28:33-07:00,-3
1783034973,2026-07-02T16:29:33-07:00,14
1783035033,2026-07-02T16:30:33-07:00,18
1783035093,2026-07-02T16:31:33-07:00,13
1783035153,2026-07-02T16:32:33-07:00,18
1783035213,2026-07-02T16:33:33-07:00,13
1783035273,2026-07-02T16:34:33-07:00,12
1783035333,2026-07-02T16:35:33-07:00,17
1783035393,2026-07-02T16:36:33-07:00,17
1783035453,2026-07-02T16:37:33-07:00,12
1783035513,2026-07-02T16:38:33-07:00,16
1783035573,2026-07-02T16:39:33-07:00,18
1783035633,2026-07-02T16:40:33-07:00,13
1783035693,2026-07-02T16:41:33-07:00,17
1783035753,2026-07-02T16:42:33-07:00,18
1783035813,2026-07-02T16:43:33-07:00,16
1783035873,2026-07-02T16:44:33-07:00,13
1783035933,2026-07-02T16:45:33-07:00,20
1783035993,2026-07-02T16:46:33-07:00,15
1783036053,2026-07-02T16:47:33-07:00,14
1783036113,2026-07-02T16:48:33-07:00,15
1783036173,2026-07-02T16:49:33-07:00,11
1783036233,2026-07-02T16:50:33-07:00,15
1783036293,2026-07-02T16:51:33-07:00,15
1783036353,2026-07-02T16:52:33-07:00,13
1783036413,2026-07-02T16:53:33-07:00,13
1783036473,2026-07-02T16:54:33-07:00,15
1783036533,2026-07-02T16:55:33-07:00,12
1783036593,2026-07-02T16:56:33-07:00,0
1783036653,2026-07-02T16:57:33-07:00,5
1783036713,2026-07-02T16:58:33-07:00,13
1783036773,2026-07-02T16:59:33-07:00,15
1783036833,2026-07-02T17:00:33-07:00,14
1783036893,2026-07-02T17:01:33-07:00,13
1783036953,2026-07-02T17:02:33-07:00,18
1783037013,2026-07-02T17:03:33-07:00,12
1783037073,2026-07-02T17:04:33-07:00,15
1783037133,2026-07-02T17:05:33-07:00,16
1783037193,2026-07-02T17:06:33-07:00,18
1783037253,2026-07-02T17:07:33-07:00,14
1783037313,2026-07-02T17:08:33-07:00,16
1783037373,2026-07-02T17:09:33-07:00,13
1783037433,2026-07-02T17:10:33-07:00,18
1783037493,2026-07-02T17:11:33-07:00,17
1783037553,2026-07-02T17:12:33-07:00,14
1783037613,2026-07-02T17:13:33-07:00,13
1783037673,2026-07-02T17:14:33-07:00,16
1783037733,2026-07-02T17:15:33-07:00,18
1783037793,2026-07-02T17:16:33-07:00,14
1783037853,2026-07-02T17:17:33-07:00,14
1783037913,2026-07-02T17:18:33-07:00,12
1783037973,2026-07-02T17:19:33-07:00,18
1783038033,2026-07-02T17:20:33-07:00,14
1783038093,2026-07-02T17:21:33-07:00,18
1783038153,2026-07-02T17:22:33-07:00,12
1783038213,2026-07-02T17:23:33-07:00,14
1783038273,2026-07-02T17:24:33-07:00,12
1783038333,2026-07-02T17:25:33-07:00,16
1783038393,2026-07-02T17:26:33-07:00,18
1783038453,2026-07-02T17:27:33-07:00,12
1783038513,2026-07-02T17:28:33-07:00,14
1783038573,2026-07-02T17:29:33-07:00,14
1783038633,2026-07-02T17:30:33-07:00,13
1783038693,2026-07-02T17:31:33-07:00,15
1783038753,2026-07-02T17:32:33-07:00,17
1783038813,2026-07-02T17:33:33-07:00,15
1783038873,2026-07-02T17:34:33-07:00,18
1783038933,2026-07-02T17:35:33-07:00,2
1783038993,2026-07-02T17:36:33-07:00,17
1783039053,2026-07-02T17:37:33-07:00,16
1783039113,2026-07-02T17:38:33-07:00,18
1783039173,2026-07-02T17:39:33-07:00,18
1783039233,2026-07-02T17:40:33-07:00,16
1783039293,2026-07-02T17:41:33-07:00,16
1783039353,2026-07-02T17:42:33-07:00,18
1783039413,2026-07-02T17:43:33-07:00,18
1783039473,2026-07-02T17:44:33-07:00,13
1783039533,2026-07-02T17:45:33-07:00,13
1783039593,2026-07-02T17:46:33-07:00,11
1783039653,2026-07-02T17:47:33-07:00,14
1783039713,2026-07-02T17:48:33-07:00,15
1783039773,2026-07-02T17:49:33-07:00,14
1783039833,2026-07-02T17:50:33-07:00,15
1783039893,2026-07-02T17:51:33-07:00,15
1783039953,2026-07-02T17:52:33-07:00,17
1783040013,2026-07-02T17:53:33-07:00,18
1783040073,2026-07-02T17:54:33-07:00,14
1783040133,2026-07-02T17:55:33-07:00,15
1783040193,2026-07-02T17:56:33-07:00,18
1783040253,2026-07-02T17:57:33-07:00,11
1783040313,2026-07-02T17:58:33-07:00,14
1783040373,2026-07-02T17:59:33-07:00,14
1783040433,2026-07-02T18:00:33-07:00,15
1783040493,2026-07-02T18:01:33-07:00,15
1783040553,2026-07-02T18:02:33-07:00,18
1783040613,2026-07-02T18:03:33-07:00,12
1783040673,2026-07-02T18:04:33-07:00,15
1783040733,2026-07-02T18:05:33-07:00,16
1783040793,2026-07-02T18:06:33-07:00,15
1783040853,2026-07-02T18:07:33-07:00,16
1783040913,2026-07-02T18:08:33-07:00,17
1783040973,2026-07-02T18:09:33-07:00,18
1783041033,2026-07-02T18:10:33-07:00,15
1783041093,2026-07-02T18:11:33-07:00,14
1783041153,2026-07-02T18:12:33-07:00,17
1783041213,2026-07-02T18:13:33-07:00,13
1783041273,2026-07-02T18:14:33-07:00,14
1783041333,2026-07-02T18:15:33-07:00,12
1783041393,2026-07-02T18:16:33-07:00,12
1783041453,2026-07-02T18:17:33-07:00,13
1783041513,2026-07-02T18:18:33-07:00,15
1783041573,2026-07-02T18:19:33-07:00,15
1783041633,2026-07-02T18:20:33-07:00,13
1783041693,2026-07-02T18:21:33-07:00,10
1783041753,2026-07-02T18:22:33-07:00,13
1783041813,2026-07-02T18:23:33-07:00,14
1783041873,2026-07-02T18:24:33-07:00,14
1783041933,2026-07-02T18:25:33-07:00,14
1783041993,2026-07-02T18:26:33-07:00,15
1783042053,2026-07-02T18:27:33-07:00,15
1783042113,2026-07-02T18:28:33-07:00,15
1783042173,2026-07-02T18:29:33-07:00,13
1783042233,2026-07-02T18:30:33-07:00,12
1783042293,2026-07-02T18:31:33-07:00,13
1783042353,2026-07-02T18:32:33-07:00,14
1783042413,2026-07-02T18:33:33-07:00,17
1783042473,2026-07-02T18:34:33-07:00,18
1783042533,2026-07-02T18:35:33-07:00,14
1783042593,2026-07-02T18:36:33-07:00,18
1783042653,2026-07-02T18:37:33-07:00,18
1783042713,2026-07-02T18:38:33-07:00,17
1783042773,2026-07-02T18:39:33-07:00,12
1783042833,2026-07-02T18:40:33-07:00,15
1783042893,2026-07-02T18:41:33-07:00,13
1783042953,2026-07-02T18:42:33-07:00,12
1783043013,2026-07-02T18:43:33-07:00,16
1783043073,2026-07-02T18:44:33-07:00,12
1783043133,2026-07-02T18:45:33-07:00,12
1783043193,2026-07-02T18:46:33-07:00,13
1783043253,2026-07-02T18:47:33-07:00,14
1783043313,2026-07-02T18:48:33-07:00,11
1783043373,2026-07-02T18:49:33-07:00,13
1783043433,2026-07-02T18:50:33-07:00,18
1783043493,2026-07-02T18:51:33-07:00,14
1783043553,2026-07-02T18:52:33-07:00,13
1783043613,2026-07-02T18:53:33-07:00,18
1783043673,2026-07-02T18:54:33-07:00,12
1783043733,2026-07-02T18:55:33-07:00,15
1783043793,2026-07-02T18:56:33-07:00,12
1783043853,2026-07-02T18:57:33-07:00,16
1783043913,2026-07-02T18:58:33-07:00,12
1783043973,2026-07-02T18:59:33-07:00,16
1783044033,2026-07-02T19:00:33-07:00,13
1783044093,2026-07-02T19:01:33-07:00,15
1783044153,2026-07-02T19:02:33-07:00,13
1783044213,2026-07-02T19:03:33-07:00,16
1783044273,2026-07-02T19:04:33-07:00,13
1783044333,2026-07-02T19:05:33-07:00,14
1783044393,2026-07-02T19:06:33-07:00,13
1783044453,2026-07-02T19:07:33-07:00,16
1783044513,2026-07-02T19:08:33-07:00,12
1783044573,2026-07-02T19:09:33-07:00,16
1783044633,2026-07-02T19:10:33-07:00,14
1783044693,2026-07-02T19:11:33-07:00,13
1783044753,2026-07-02T19:12:33-07:00,14
1783044813,2026-07-02T19:13:33-07:00,16
1783044873,2026-07-02T19:14:33-07:00,15
1783044933,2026-07-02T19:15:33-07:00,15
1783044993,2026-07-02T19:16:33-07:00,16
1783045053,2026-07-02T19:17:33-07:00,16
1783045113,2026-07-02T19:18:33-07:00,18
1783045173,2026-07-02T19:19:33-07:00,13
1783045233,2026-07-02T19:20:33-07:00,12
1783045293,2026-07-02T19:21:33-07:00,16
1783045353,2026-07-02T19:22:33-07:00,15
1783045413,2026-07-02T19:23:33-07:00,14
1783045473,2026-07-02T19:24:33-07:00,12
1783045533,2026-07-02T19:25:33-07:00,13
1783045593,2026-07-02T19:26:33-07:00,13
1783045653,2026-07-02T19:27:33-07:00,12
1783045713,2026-07-02T19:28:33-07:00,12
1783045773,2026-07-02T19:29:33-07:00,14
1783045833,2026-07-02T19:30:33-07:00,16
1783045893,2026-07-02T19:31:33-07:00,13
1783045953,2026-07-02T19:32:33-07:00,15
1783046013,2026-07-02T19:33:33-07:00,14
1783046073,2026-07-02T19:34:33-07:00,13
1783046133,2026-07-02T19:35:33-07:00,14
1783046193,2026-07-02T19:36:33-07:00,14
1783046253,2026-07-02T19:37:33-07:00,16
1783046313,2026-07-02T19:38:33-07:00,14
1783046373,2026-07-02T19:39:33-07:00,13
1783046433,2026-07-02T19:40:33-07:00,13
1783046493,2026-07-02T19:41:33-07:00,13
1783046553,2026-07-02T19:42:33-07:00,17
1783046613,2026-07-02T19:43:33-07:00,-3
1783046673,2026-07-02T19:44:33-07:00,12
1783046733,2026-07-02T19:45:33-07:00,12
1783046793,2026-07-02T19:46:33-07:00,11
1783046853,2026-07-02T19:47:33-07:00,12
1783046913,2026-07-02T19:48:33-07:00,12
1783046973,2026-07-02T19:49:33-07:00,14
1783047033,2026-07-02T19:50:33-07:00,12
1783047093,2026-07-02T19:51:33-07:00,14
1783047153,2026-07-02T19:52:33-07:00,12
1783047213,2026-07-02T19:53:33-07:00,13
1783047273,2026-07-02T19:54:33-07:00,11
1783047333,2026-07-02T19:55:33-07:00,12
1783047393,2026-07-02T19:56:33-07:00,12
1783047453,2026-07-02T19:57:33-07:00,13
1783047513,2026-07-02T19:58:33-07:00,17
1783047573,2026-07-02T19:59:33-07:00,14
1783047633,2026-07-02T20:00:33-07:00,13
1783047693,2026-07-02T20:01:33-07:00,13
1783047753,2026-07-02T20:02:33-07:00,11
1783047813,2026-07-02T20:03:33-07:00,14
1783047873,2026-07-02T20:04:33-07:00,18
1783047933,2026-07-02T20:05:33-07:00,14
1783047993,2026-07-02T20:06:33-07:00,12
1783048053,2026-07-02T20:07:33-07:00,13
1783048113,2026-07-02T20:08:33-07:00,15
1783048173,2026-07-02T20:09:33-07:00,13
1783048233,2026-07-02T20:10:33-07:00,13
1783048293,2026-07-02T20:11:33-07:00,16
1783048353,2026-07-02T20:12:33-07:00,13
1783048413,2026-07-02T20:13:33-07:00,15
1783048473,2026-07-02T20:14:33-07:00,13
1783048533,2026-07-02T20:15:33-07:00,14
1783048593,2026-07-02T20:16:33-07:00,12
1783048653,2026-07-02T20:17:33-07:00,15
1783048713,2026-07-02T20:18:33-07:00,11
1783048773,2026-07-02T20:19:33-07:00,18
1783048833,2026-07-02T20:20:33-07:00,14
1783048893,2026-07-02T20:21:33-07:00,-2
1783048953,2026-07-02T20:22:33-07:00,15
1783049013,2026-07-02T20:23:33-07:00,13
1783049073,2026-07-02T20:24:33-07:00,16
1783049133,2026-07-02T20:25:33-07:00,14
1783049193,2026-07-02T20:26:33-07:00,16
1783049253,2026-07-02T20:27:33-07:00,15
1783049313,2026-07-02T20:28:33-07:00,10
1783049373,2026-07-02T20:29:33-07:00,14
1783049433,2026-07-02T20:30:33-07:00,14
1783049493,2026-07-02T20:31:33-07:00,11
1783049553,2026-07-02T20:32:33-07:00,14
1783049613,2026-07-02T20:33:33-07:00,14
1783049673,2026-07-02T20:34:33-07:00,14
1783049733,2026-07-02T20:35:33-07:00,15
1783049793,2026-07-02T20:36:33-07:00,15
1783049853,2026-07-02T20:37:33-07:00,13
1783049913,2026-07-02T20:38:33-07:00,13
1783049973,2026-07-02T20:39:33-07:00,14
1783050033,2026-07-02T20:40:33-07:00,15
1783050093,2026-07-02T20:41:33-07:00,13
1783050153,2026-07-02T20:42:33-07:00,14
1783050213,2026-07-02T20:43:33-07:00,13
1783050273,2026-07-02T20:44:33-07:00,12
1783050333,2026-07-02T20:45:33-07:00,14
1783050393,2026-07-02T20:46:33-07:00,14
1783050453,2026-07-02T20:47:33-07:00,13
1783050513,2026-07-02T20:48:33-07:00,11
1783050573,2026-07-02T20:49:33-07:00,14
1783050633,2026-07-02T20:50:33-07:00,13
1783050693,2026-07-02T20:51:33-07:00,13
1783050753,2026-07-02T20:52:33-07:00,-4
1783050813,2026-07-02T20:53:33-07:00,12
1783050873,2026-07-02T20:54:33-07:00,16
1783050933,2026-07-02T20:55:33-07:00,14
1783050993,2026-07-02T20:56:33-07:00,14
1783051053,2026-07-02T20:57:33-07:00,13
1783051113,2026-07-02T20:58:33-07:00,11
1783051173,2026-07-02T20:59:33-07:00,14
1783051233,2026-07-02T21:00:33-07:00,12
1783051293,2026-07-02T21:01:33-07:00,12
1783051353,2026-07-02T21:02:33-07:00,13
1783051413,2026-07-02T21:03:33-07:00,12
1783051473,2026-07-02T21:04:33-07:00,14
1783051533,2026-07-02T21:05:33-07:00,14
1783051593,2026-07-02T21:06:33-07:00,14
1783051653,2026-07-02T21:07:33-07:00,11
1783051713,2026-07-02T21:08:33-07:00,14
1783051773,2026-07-02T21:09:33-07:00,13
1783051833,2026-07-02T21:10:33-07:00,12
1783051893,2026-07-02T21:11:33-07:00,13
1783051953,2026-07-02T21:12:33-07:00,13
1783052013,2026-07-02T21:13:33-07:00,14
1783052073,2026-07-02T21:14:33-07:00,14
1783052133,2026-07-02T21:15:33-07:00,14
1783052193,2026-07-02T21:16:33-07:00,13
1783052253,2026-07-02T21:17:33-07:00,15
1783052313,2026-07-02T21:18:33-07:00,13
1783052373,2026-07-02T21:19:33-07:00,17
1783052433,2026-07-02T21:20:33-07:00,12
1783052493,2026-07-02T21:21:33-07:00,14
1783052553,2026-07-02T21:22:33-07:00,14
1783052613,2026-07-02T21:23:33-07:00,14
1783052673,2026-07-02T21:24:33-07:00,20
1783052733,2026-07-02T21:25:33-07:00,12
1783052793,2026-07-02T21:26:33-07:00,14
1783052853,2026-07-02T21:27:33-07:00,18
1783052913,2026-07-02T21:28:33-07:00,16
1783052973,2026-07-02T21:29:33-07:00,18
1783053033,2026-07-02T21:30:33-07:00,14
1783053093,2026-07-02T21:31:33-07:00,16
1783053153,2026-07-02T21:32:33-07:00,10
1783053213,2026-07-02T21:33:33-07:00,16
1783053273,2026-07-02T21:34:33-07:00,13
1783053333,2026-07-02T21:35:33-07:00,14
1783053393,2026-07-02T21:36:33-07:00,16
1783053453,2026-07-02T21:37:33-07:00,15
1783053513,2026-07-02T21:38:33-07:00,13
1783053573,2026-07-02T21:39:33-07:00,12
1783053633,2026-07-02T21:40:33-07:00,14
1783053693,2026-07-02T21:41:33-07:00,15
1783053753,2026-07-02T21:42:33-07:00,18
1783053813,2026-07-02T21:43:33-07:00,14
1783053873,2026-07-02T21:44:33-07:00,15
1783053933,2026-07-02T21:45:33-07:00,13
1783053993,2026-07-02T21:46:33-07:00,15
1783054053,2026-07-02T21:47:33-07:00,13
1783054113,2026-07-02T21:48:33-07:00,13
1783054173,2026-07-02T21:49:33-07:00,15
1783054233,2026-07-02T21:50:33-07:00,13
1783054293,2026-07-02T21:51:33-07:00,15
1783054353,2026-07-02T21:52:33-07:00,14
1783054413,2026-07-02T21:53:33-07:00,11
1783054473,2026-07-02T21:54:33-07:00,12
1783054533,2026-07-02T21:55:33-07:00,15
1783054593,2026-07-02T21:56:33-07:00,12
1783054653,2026-07-02T21:57:33-07:00,14
1783054713,2026-07-02T21:58:33-07:00,12
1783054773,2026-07-02T21:59:33-07:00,14
1783054833,2026-07-02T22:00:33-07:00,-3
1783054893,2026-07-02T22:01:33-07:00,13
1783054953,2026-07-02T22:02:33-07:00,11
1783055013,2026-07-02T22:03:33-07:00,14
1783055073,2026-07-02T22:04:33-07:00,14
1783055133,2026-07-02T22:05:33-07:00,14
1783055193,2026-07-02T22:06:33-07:00,17
1783055253,2026-07-02T22:07:33-07:00,12
1783055313,2026-07-02T22:08:33-07:00,14
1783055373,2026-07-02T22:09:33-07:00,13
1783055433,2026-07-02T22:10:33-07:00,17
1783055493,2026-07-02T22:11:33-07:00,15
1783055553,2026-07-02T22:12:33-07:00,17
1783055613,2026-07-02T22:13:33-07:00,14
1783055673,2026-07-02T22:14:33-07:00,14
1783055733,2026-07-02T22:15:33-07:00,17
1783055793,2026-07-02T22:16:33-07:00,14
1783055853,2026-07-02T22:17:33-07:00,13
1783055913,2026-07-02T22:18:33-07:00,14
1783055973,2026-07-02T22:19:33-07:00,-3
1783056033,2026-07-02T22:20:33-07:00,13
1783056093,2026-07-02T22:21:33-07:00,13
1783056153,2026-07-02T22:22:33-07:00,18
1783056213,2026-07-02T22:23:33-07:00,14
1783056273,2026-07-02T22:24:33-07:00,13
1783056333,2026-07-02T22:25:33-07:00,14
1783056393,2026-07-02T22:26:33-07:00,13
1783056453,2026-07-02T22:27:33-07:00,14
1783056513,2026-07-02T22:28:33-07:00,-2
1783056573,2026-07-02T22:29:33-07:00,14
1783056633,2026-07-02T22:30:33-07:00,13
1783056693,2026-07-02T22:31:33-07:00,13
1783056753,2026-07-02T22:32:33-07:00,14
1783056813,2026-07-02T22:33:33-07:00,12
1783056873,2026-07-02T22:34:33-07:00,11
1783056933,2026-07-02T22:35:33-07:00,13
1783056993,2026-07-02T22:36:33-07:00,12
1783057053,2026-07-02T22:37:33-07:00,13
1783057113,2026-07-02T22:38:33-07:00,18
1783057173,2026-07-02T22:39:33-07:00,15
1783057233,2026-07-02T22:40:33-07:00,-2
1783057293,2026-07-02T22:41:33-07:00,13
1783057353,2026-07-02T22:42:33-07:00,12
1783057413,2026-07-02T22:43:33-07:00,15
1783057473,2026-07-02T22:44:33-07:00,13
1783057533,2026-07-02T22:45:33-07:00,14
1783057593,2026-07-02T22:46:33-07:00,14
1783057653,2026-07-02T22:47:33-07:00,14
1783057713,2026-07-02T22:48:33-07:00,13
1783057773,2026-07-02T22:49:33-07:00,14
1783057833,2026-07-02T22:50:33-07:00,14
1783057893,2026-07-02T22:51:33-07:00,14
1783057953,2026-07-02T22:52:33-07:00,16
1783058013,2026-07-02T22:53:33-07:00,14
1783058073,2026-07-02T22:54:33-07:00,12
1783058133,2026-07-02T22:55:33-07:00,15
1783058193,2026-07-02T22:56:33-07:00,11
1783058253,2026-07-02T22:57:33-07:00,15
1783058313,2026-07-02T22:58:33-07:00,14
1783058373,2026-07-02T22:59:33-07:00,12
1783058433,2026-07-02T23:00:33-07:00,15
1783058493,2026-07-02T23:01:33-07:00,13
1783058553,2026-07-02T23:02:33-07:00,15
1783058613,2026-07-02T23:03:33-07:00,14
1783058673,2026-07-02T23:04:33-07:00,13
1783058733,2026-07-02T23:05:33-07:00,12
1783058793,2026-07-02T23:06:33-07:00,12
1783058853,2026-07-02T23:07:33-07:00,18
1783058913,2026-07-02T23:08:33-07:00,13
1783058973,2026-07-02T23:09:33-07:00,13
1783059033,2026-07-02T23:10:33-07:00,12
1783059093,2026-07-02T23:11:33-07:00,17
1783059153,2026-07-02T23:12:33-07:00,14
1783059213,2026-07-02T23:13:33-07:00,16
1783059273,2026-07-02T23:14:33-07:00,13
1783059333,2026-07-02T23:15:33-07:00,13
1783059393,2026-07-02T23:16:33-07:00,16
1783059453,2026-07-02T23:17:33-07:00,0
1783059513,2026-07-02T23:18:33-07:00,14
1783059573,2026-07-02T23:19:33-07:00,14
1783059633,2026-07-02T23:20:33-07:00,14
1783059693,2026-07-02T23:21:33-07:00,11
1783059753,2026-07-02T23:22:33-07:00,15
1783059813,2026-07-02T23:23:33-07:00,12
1783059873,2026-07-02T23:24:33-07:00,13
1783059933,2026-07-02T23:25:33-07:00,17
1783059993,2026-07-02T23:26:33-07:00,14
1783060053,2026-07-02T23:27:33-07:00,13
1783060113,2026-07-02T23:28:33-07:00,14
1783060173,2026-07-02T23:29:33-07:00,14
1783060233,2026-07-02T23:30:33-07:00,12
1783060293,2026-07-02T23:31:33-07:00,18
1783060353,2026-07-02T23:32:33-07:00,14
1783060413,2026-07-02T23:33:33-07:00,13
1783060473,2026-07-02T23:34:33-07:00,14
1783060533,2026-07-02T23:35:33-07:00,14
1783060593,2026-07-02T23:36:33-07:00,17
1783060653,2026-07-02T23:37:33-07:00,12
1783060713,2026-07-02T23:38:33-07:00,17
1783060773,2026-07-02T23:39:33-07:00,13
1783060833,2026-07-02T23:40:33-07:00,12
1783060893,2026-07-02T23:41:33-07:00,13
1783060953,2026-07-02T23:42:33-07:00,18
1783061013,2026-07-02T23:43:33-07:00,14
1783061073,2026-07-02T23:44:33-07:00,13
1783061133,2026-07-02T23:45:33-07:00,14
1783061193,2026-07-02T23:46:33-07:00,18
1783061253,2026-07-02T23:47:33-07:00,13
1783061313,2026-07-02T23:48:33-07:00,14
1783061373,2026-07-02T23:49:33-07:00,16
1783061433,2026-07-02T23:50:33-07:00,18
1783061493,2026-07-02T23:51:33-07:00,15
1783061553,2026-07-02T23:52:33-07:00,15
1783061613,2026-07-02T23:53:33-07:00,14
1783061673,2026-07-02T23:54:33-07:00,15
1783061733,2026-07-02T23:55:33-07:00,-2
1783061793,2026-07-02T23:56:33-07:00,15
1783061853,2026-07-02T23:57:33-07:00,14
1783061913,2026-07-02T23:58:33-07:00,14
1783061973,2026-07-02T23:59:33-07:00,14
1783062033,2026-07-03T00:00:33-07:00,13
1783062093,2026-07-03T00:01:33-07:00,13
1783062153,2026-07-03T00:02:33-07:00,15
1783062213,2026-07-03T00:03:33-07:00,18
1783062273,2026-07-03T00:04:33-07:00,13
1783062333,2026-07-03T00:05:33-07:00,16
1783062393,2026-07-03T00:06:33-07:00,16
1783062453,2026-07-03T00:07:33-07:00,15
1783062513,2026-07-03T00:08:33-07:00,15
1783062573,2026-07-03T00:09:33-07:00,17
1783062633,2026-07-03T00:10:33-07:00,16
1783062693,2026-07-03T00:11:33-07:00,16
1783062753,2026-07-03T00:12:33-07:00,17
1783062813,2026-07-03T00:13:33-07:00,13
1783062873,2026-07-03T00:14:33-07:00,17
1783062933,2026-07-03T00:15:33-07:00,18
1783062993,2026-07-03T00:16:33-07:00,14
1783063053,2026-07-03T00:17:33-07:00,18
1783063113,2026-07-03T00:18:33-07:00,12
1783063173,2026-07-03T00:19:33-07:00,18
1783063233,2026-07-03T00:20:33-07:00,13
1783063293,2026-07-03T00:21:33-07:00,17
1783063353,2026-07-03T00:22:33-07:00,13
1783063413,2026-07-03T00:23:33-07:00,17
1783063473,2026-07-03T00:24:33-07:00,12
1783063533,2026-07-03T00:25:33-07:00,14
1783063593,2026-07-03T00:26:33-07:00,13
1783063653,2026-07-03T00:27:33-07:00,14
1783063713,2026-07-03T00:28:33-07:00,14
1783063773,2026-07-03T00:29:33-07:00,18
1783063833,2026-07-03T00:30:33-07:00,15
1783063893,2026-07-03T00:31:33-07:00,15
1783063953,2026-07-03T00:32:33-07:00,15
1783064013,2026-07-03T00:33:33-07:00,15
1783064073,2026-07-03T00:34:33-07:00,15
1783064133,2026-07-03T00:35:33-07:00,13
1783064193,2026-07-03T00:36:33-07:00,12
1783064253,2026-07-03T00:37:33-07:00,15
1783064313,2026-07-03T00:38:33-07:00,13
1783064373,2026-07-03T00:39:33-07:00,11
1783064433,2026-07-03T00:40:33-07:00,12
1783064493,2026-07-03T00:41:33-07:00,13
1783064553,2026-07-03T00:42:33-07:00,16
1783064613,2026-07-03T00:43:33-07:00,13
1783064673,2026-07-03T00:44:33-07:00,15
1783064733,2026-07-03T00:45:33-07:00,13
1783064793,2026-07-03T00:46:33-07:00,13
1783064853,2026-07-03T00:47:33-07:00,17
1783064913,2026-07-03T00:48:33-07:00,13
1783064973,2026-07-03T00:49:33-07:00,14
1783065033,2026-07-03T00:50:33-07:00,15
1783065093,2026-07-03T00:51:33-07:00,15
1783065153,2026-07-03T00:52:33-07:00,12
1783065213,2026-07-03T00:53:33-07:00,14
1783065273,2026-07-03T00:54:33-07:00,1
1783065333,2026-07-03T00:55:33-07:00,15
1783065393,2026-07-03T00:56:33-07:00,13
1783065453,2026-07-03T00:57:33-07:00,13
1783065513,2026-07-03T00:58:33-07:00,10
1783065573,2026-07-03T00:59:33-07:00,11
1783065633,2026-07-03T01:00:33-07:00,13
1783065693,2026-07-03T01:01:33-07:00,13
1783065753,2026-07-03T01:02:33-07:00,14
1783065813,2026-07-03T01:03:33-07:00,18
1783065873,2026-07-03T01:04:33-07:00,13
1783065933,2026-07-03T01:05:33-07:00,12
1783065993,2026-07-03T01:06:33-07:00,14
1783066053,2026-07-03T01:07:33-07:00,14
1783066113,2026-07-03T01:08:33-07:00,14
1783066173,2026-07-03T01:09:33-07:00,15
1783066233,2026-07-03T01:10:33-07:00,13
1783066293,2026-07-03T01:11:33-07:00,10
1783066353,2026-07-03T01:12:33-07:00,14
1783066413,2026-07-03T01:13:33-07:00,-3
1783066473,2026-07-03T01:14:33-07:00,11
1783066533,2026-07-03T01:15:33-07:00,13
1783066593,2026-07-03T01:16:33-07:00,13
1783066653,2026-07-03T01:17:33-07:00,13
1783066713,2026-07-03T01:18:33-07:00,13
1783066773,2026-07-03T01:19:33-07:00,18
1783066833,2026-07-03T01:20:33-07:00,14
1783066893,2026-07-03T01:21:33-07:00,14
1783066953,2026-07-03T01:22:33-07:00,12
1783067013,2026-07-03T01:23:33-07:00,18
1783067073,2026-07-03T01:24:33-07:00,18
1783067133,2026-07-03T01:25:33-07:00,13
1783067193,2026-07-03T01:26:33-07:00,12
1783067253,2026-07-03T01:27:33-07:00,12
1783067313,2026-07-03T01:28:33-07:00,13
1783067373,2026-07-03T01:29:33-07:00,11
1783067433,2026-07-03T01:30:33-07:00,12
1783067493,2026-07-03T01:31:33-07:00,14
1783067553,2026-07-03T01:32:33-07:00,14
1783067613,2026-07-03T01:33:33-07:00,13
1783067673,2026-07-03T01:34:33-07:00,14
1783067733,2026-07-03T01:35:33-07:00,12
1783067793,2026-07-03T01:36:33-07:00,12
1783067853,2026-07-03T01:37:33-07:00,13
1783067913,2026-07-03T01:38:33-07:00,12
1783067973,2026-07-03T01:39:33-07:00,15
1783068033,2026-07-03T01:40:33-07:00,11
1783068093,2026-07-03T01:41:33-07:00,12
1783068153,2026-07-03T01:42:33-07:00,17
1783068213,2026-07-03T01:43:33-07:00,14
1783068273,2026-07-03T01:44:33-07:00,14
1783068333,2026-07-03T01:45:33-07:00,11
1783068393,2026-07-03T01:46:33-07:00,14
1783068453,2026-07-03T01:47:33-07:00,13
1783068513,2026-07-03T01:48:33-07:00,13
1783068573,2026-07-03T01:49:33-07:00,13
1783068633,2026-07-03T01:50:33-07:00,14
1783068693,2026-07-03T01:51:33-07:00,11
1783068753,2026-07-03T01:52:33-07:00,12
1783068813,2026-07-03T01:53:33-07:00,15
1783068873,2026-07-03T01:54:33-07:00,18
1783068933,2026-07-03T01:55:33-07:00,12
1783068993,2026-07-03T01:56:33-07:00,13
1783069053,2026-07-03T01:57:33-07:00,12
1783069113,2026-07-03T01:58:33-07:00,12
1783069173,2026-07-03T01:59:33-07:00,13
1783069233,2026-07-03T02:00:33-07:00,13
1783069293,2026-07-03T02:01:33-07:00,13
1783069353,2026-07-03T02:02:33-07:00,12
1783069413,2026-07-03T02:03:33-07:00,16
1783069473,2026-07-03T02:04:33-07:00,15
1783069533,2026-07-03T02:05:33-07:00,14
1783069593,2026-07-03T02:06:33-07:00,12
1783069653,2026-07-03T02:07:33-07:00,11
1783069713,2026-07-03T02:08:33-07:00,14
1783069773,2026-07-03T02:09:33-07:00,14
1783069833,2026-07-03T02:10:33-07:00,14
1783069893,2026-07-03T02:11:33-07:00,14
1783069953,2026-07-03T02:12:33-07:00,12
1783070013,2026-07-03T02:13:33-07:00,18
1783070073,2026-07-03T02:14:33-07:00,12
1783070133,2026-07-03T02:15:33-07:00,15
1783070193,2026-07-03T02:16:33-07:00,13
1783070253,2026-07-03T02:17:33-07:00,12
1783070313,2026-07-03T02:18:33-07:00,11
1783070373,2026-07-03T02:19:33-07:00,12
1783070433,2026-07-03T02:20:33-07:00,18
1783070493,2026-07-03T02:21:33-07:00,-6
1783070553,2026-07-03T02:22:33-07:00,13
1783070613,2026-07-03T02:23:33-07:00,12
1783070673,2026-07-03T02:24:33-07:00,11
1783070733,2026-07-03T02:25:33-07:00,14
1783070793,2026-07-03T02:26:33-07:00,14
1783070853,2026-07-03T02:27:33-07:00,12
1783070913,2026-07-03T02:28:33-07:00,13
1783070973,2026-07-03T02:29:33-07:00,12
1783071033,2026-07-03T02:30:33-07:00,13
1783071093,2026-07-03T02:31:33-07:00,-7
1783071153,2026-07-03T02:32:33-07:00,12
1783071213,2026-07-03T02:33:33-07:00,13
1783071273,2026-07-03T02:34:33-07:00,13
1783071333,2026-07-03T02:35:33-07:00,12
1783071393,2026-07-03T02:36:33-07:00,12
1783071453,2026-07-03T02:37:33-07:00,12
1783071513,2026-07-03T02:38:33-07:00,14
1783071573,2026-07-03T02:39:33-07:00,14
1783071633,2026-07-03T02:40:33-07:00,13
1783071693,2026-07-03T02:41:33-07:00,12
1783071753,2026-07-03T02:42:33-07:00,12
1783071813,2026-07-03T02:43:33-07:00,13
1783071873,2026-07-03T02:44:33-07:00,14
1783071933,2026-07-03T02:45:33-07:00,14
1783071993,2026-07-03T02:46:33-07:00,12
1783072053,2026-07-03T02:47:33-07:00,11
1783072113,2026-07-03T02:48:33-07:00,13
1783072173,2026-07-03T02:49:33-07:00,12
1783072233,2026-07-03T02:50:33-07:00,13
1783072293,2026-07-03T02:51:33-07:00,12
1783072353,2026-07-03T02:52:33-07:00,14
1783072413,2026-07-03T02:53:33-07:00,13
1783072473,2026-07-03T02:54:33-07:00,13
1783072533,2026-07-03T02:55:33-07:00,14
1783072593,2026-07-03T02:56:33-07:00,11
1783072653,2026-07-03T02:57:33-07:00,12
1783072713,2026-07-03T02:58:33-07:00,14
1783072773,2026-07-03T02:59:33-07:00,13
1783072833,2026-07-03T03:00:33-07:00,14
1783072893,2026-07-03T03:01:33-07:00,13
1783072953,2026-07-03T03:02:33-07:00,12
1783073013,2026-07-03T03:03:33-07:00,12
1783073073,2026-07-03T03:04:33-07:00,12
1783073133,2026-07-03T03:05:33-07:00,13
1783073193,2026-07-03T03:06:33-07:00,13
1783073253,2026-07-03T03:07:33-07:00,14
1783073313,2026-07-03T03:08:33-07:00,14
1783073373,2026-07-03T03:09:33-07:00,12
1783073433,2026-07-03T03:10:33-07:00,13
1783073493,2026-07-03T03:11:33-07:00,13
1783073553,2026-07-03T03:12:33-07:00,13
1783073613,2026-07-03T03:13:33-07:00,12
1783073673,2026-07-03T03:14:33-07:00,13
1783073733,2026-07-03T03:15:33-07:00,12
1783073793,2026-07-03T03:16:33-07:00,13
1783073853,2026-07-03T03:17:33-07:00,12
1783073913,2026-07-03T03:18:33-07:00,13
1783073973,2026-07-03T03:19:33-07:00,13
1783074033,2026-07-03T03:20:33-07:00,14
1783074093,2026-07-03T03:21:33-07:00,12
1783074153,2026-07-03T03:22:33-07:00,12
1783074213,2026-07-03T03:23:33-07:00,13
1783074273,2026-07-03T03:24:33-07:00,12
1783074333,2026-07-03T03:25:33-07:00,14
1783074393,2026-07-03T03:26:33-07:00,14
1783074453,2026-07-03T03:27:33-07:00,13
1783074513,2026-07-03T03:28:33-07:00,12
1783074573,2026-07-03T03:29:33-07:00,14
1783074633,2026-07-03T03:30:33-07:00,18
1783074693,2026-07-03T03:31:33-07:00,12
1783074753,2026-07-03T03:32:33-07:00,11
1783074813,2026-07-03T03:33:33-07:00,12
1783074873,2026-07-03T03:34:33-07:00,12
1783074933,2026-07-03T03:35:33-07:00,13
1783074993,2026-07-03T03:36:33-07:00,13
1783075053,2026-07-03T03:37:33-07:00,17
1783075113,2026-07-03T03:38:33-07:00,17
1783075173,2026-07-03T03:39:33-07:00,-6
1783075233,2026-07-03T03:40:33-07:00,13
1783075293,2026-07-03T03:41:33-07:00,12
1783075353,2026-07-03T03:42:33-07:00,12
1783075413,2026-07-03T03:43:33-07:00,12
1783075473,2026-07-03T03:44:33-07:00,12
1783075533,2026-07-03T03:45:33-07:00,13
1783075593,2026-07-03T03:46:33-07:00,13
1783075653,2026-07-03T03:47:33-07:00,11
1783075713,2026-07-03T03:48:33-07:00,13
1783075773,2026-07-03T03:49:33-07:00,13
1783075833,2026-07-03T03:50:33-07:00,14
1783075893,2026-07-03T03:51:33-07:00,15
1783075953,2026-07-03T03:52:33-07:00,15
1783076013,2026-07-03T03:53:33-07:00,15
1783076073,2026-07-03T03:54:33-07:00,15
1783076133,2026-07-03T03:55:33-07:00,15
1783076193,2026-07-03T03:56:33-07:00,15
1783076253,2026-07-03T03:57:33-07:00,13
1783076313,2026-07-03T03:58:33-07:00,12
1783076373,2026-07-03T03:59:33-07:00,16
1783076433,2026-07-03T04:00:33-07:00,13
1783076493,2026-07-03T04:01:33-07:00,11
1783076553,2026-07-03T04:02:33-07:00,15
1783076613,2026-07-03T04:03:33-07:00,15
1783076673,2026-07-03T04:04:33-07:00,14
1783076733,2026-07-03T04:05:33-07:00,12
1783076793,2026-07-03T04:06:33-07:00,15
1783076853,2026-07-03T04:07:33-07:00,13
1783076913,2026-07-03T04:08:33-07:00,14
1783076973,2026-07-03T04:09:33-07:00,14
1783077033,2026-07-03T04:10:33-07:00,15
1783077093,2026-07-03T04:11:33-07:00,13
1783077153,2026-07-03T04:12:33-07:00,13
1783077213,2026-07-03T04:13:33-07:00,14
1783077273,2026-07-03T04:14:33-07:00,13
1783077333,2026-07-03T04:15:33-07:00,14
1783077393,2026-07-03T04:16:33-07:00,13
1783077453,2026-07-03T04:17:33-07:00,13
1783077513,2026-07-03T04:18:33-07:00,-4
1783077573,2026-07-03T04:19:33-07:00,13
1783077633,2026-07-03T04:20:33-07:00,16
1783077693,2026-07-03T04:21:33-07:00,14
1783077753,2026-07-03T04:22:33-07:00,15
1783077813,2026-07-03T04:23:33-07:00,16
1783077873,2026-07-03T04:24:33-07:00,14
1783077933,2026-07-03T04:25:33-07:00,12
1783077993,2026-07-03T04:26:33-07:00,14
1783078053,2026-07-03T04:27:33-07:00,12
1783078113,2026-07-03T04:28:33-07:00,-9
1783078173,2026-07-03T04:29:33-07:00,18
1783078233,2026-07-03T04:30:33-07:00,15
1783078293,2026-07-03T04:31:33-07:00,13
1783078353,2026-07-03T04:32:33-07:00,16
1783078413,2026-07-03T04:33:33-07:00,16
1783078473,2026-07-03T04:34:33-07:00,14
1783078533,2026-07-03T04:35:33-07:00,15
1783078593,2026-07-03T04:36:33-07:00,14
1783078653,2026-07-03T04:37:33-07:00,17
1783078713,2026-07-03T04:38:33-07:00,15
1783078773,2026-07-03T04:39:33-07:00,14
1783078833,2026-07-03T04:40:33-07:00,14
1783078893,2026-07-03T04:41:33-07:00,16
1783078953,2026-07-03T04:42:33-07:00,15
1783079013,2026-07-03T04:43:33-07:00,13
1783079073,2026-07-03T04:44:33-07:00,15
1783079133,2026-07-03T04:45:33-07:00,14
1783079193,2026-07-03T04:46:33-07:00,14
1783079253,2026-07-03T04:47:33-07:00,14
1783079313,2026-07-03T04:48:33-07:00,12
1783079373,2026-07-03T04:49:33-07:00,17
1783079433,2026-07-03T04:50:33-07:00,13
1783079493,2026-07-03T04:51:33-07:00,12
1783079553,2026-07-03T04:52:33-07:00,12
1783079613,2026-07-03T04:53:33-07:00,13
1783079673,2026-07-03T04:54:33-07:00,13
1783079733,2026-07-03T04:55:33-07:00,13
1783079793,2026-07-03T04:56:33-07:00,13
1783079853,2026-07-03T04:57:33-07:00,13
1783079913,2026-07-03T04:58:33-07:00,14
1783079973,2026-07-03T04:59:33-07:00,13
1783080033,2026-07-03T05:00:33-07:00,12
1783080093,2026-07-03T05:01:33-07:00,15
1783080153,2026-07-03T05:02:33-07:00,14
1783080213,2026-07-03T05:03:33-07:00,14
1783080273,2026-07-03T05:04:33-07:00,12
1783080333,2026-07-03T05:05:33-07:00,15
1783080393,2026-07-03T05:06:33-07:00,12
1783080453,2026-07-03T05:07:33-07:00,12
1783080513,2026-07-03T05:08:33-07:00,13
1783080573,2026-07-03T05:09:33-07:00,13
1783080633,2026-07-03T05:10:33-07:00,13
1783080693,2026-07-03T05:11:33-07:00,15
1783080753,2026-07-03T05:12:33-07:00,13
1783080813,2026-07-03T05:13:33-07:00,14
1783080873,2026-07-03T05:14:33-07:00,12
1783080933,2026-07-03T05:15:33-07:00,14
1783080993,2026-07-03T05:16:33-07:00,14
1783081053,2026-07-03T05:17:33-07:00,15
1783081113,2026-07-03T05:18:33-07:00,15
1783081173,2026-07-03T05:19:33-07:00,15
1783081233,2026-07-03T05:20:33-07:00,15
1783081293,2026-07-03T05:21:33-07:00,14
1783081353,2026-07-03T05:22:33-07:00,18
1783081413,2026-07-03T05:23:33-07:00,14
1783081473,2026-07-03T05:24:33-07:00,16
1783081533,2026-07-03T05:25:33-07:00,15
1783081593,2026-07-03T05:26:33-07:00,14
1783081653,2026-07-03T05:27:33-07:00,13
1783081713,2026-07-03T05:28:33-07:00,13
1783081773,2026-07-03T05:29:33-07:00,13
1783081833,2026-07-03T05:30:33-07:00,12
1783081893,2026-07-03T05:31:33-07:00,13
1783081953,2026-07-03T05:32:33-07:00,14
1783082013,2026-07-03T05:33:33-07:00,14
1783082073,2026-07-03T05:34:33-07:00,14
1783082133,2026-07-03T05:35:33-07:00,12
1783082193,2026-07-03T05:36:33-07:00,-4
1783082253,2026-07-03T05:37:33-07:00,13
1783082313,2026-07-03T05:38:33-07:00,16
1783082373,2026-07-03T05:39:33-07:00,11
1783082433,2026-07-03T05:40:33-07:00,13
1783082493,2026-07-03T05:41:33-07:00,12
1783082553,2026-07-03T05:42:33-07:00,14
1783082613,2026-07-03T05:43:33-07:00,12
1783082673,2026-07-03T05:44:33-07:00,13
1783082733,2026-07-03T05:45:33-07:00,15
1783082793,2026-07-03T05:46:33-07:00,-5
1783082853,2026-07-03T05:47:33-07:00,13
1783082913,2026-07-03T05:48:33-07:00,12
1783082973,2026-07-03T05:49:33-07:00,15
1783083033,2026-07-03T05:50:33-07:00,17
1783083093,2026-07-03T05:51:33-07:00,17
1783083153,2026-07-03T05:52:33-07:00,14
1783083213,2026-07-03T05:53:33-07:00,13
1783083273,2026-07-03T05:54:33-07:00,13
1783083333,2026-07-03T05:55:33-07:00,12
1783083393,2026-07-03T05:56:33-07:00,12
1783083453,2026-07-03T05:57:33-07:00,13
1783083513,2026-07-03T05:58:33-07:00,15
1783083573,2026-07-03T05:59:33-07:00,14
1783083633,2026-07-03T06:00:33-07:00,13
1783083693,2026-07-03T06:01:33-07:00,12
1783083753,2026-07-03T06:02:33-07:00,15
1783083813,2026-07-03T06:03:33-07:00,15
1783083873,2026-07-03T06:04:33-07:00,12
1783083933,2026-07-03T06:05:33-07:00,13
1783083993,2026-07-03T06:06:33-07:00,13
1783084053,2026-07-03T06:07:33-07:00,16
1783084113,2026-07-03T06:08:33-07:00,15
1783084173,2026-07-03T06:09:33-07:00,15
1783084233,2026-07-03T06:10:33-07:00,13
1783084293,2026-07-03T06:11:33-07:00,14
1783084353,2026-07-03T06:12:33-07:00,15
1783084413,2026-07-03T06:13:33-07:00,13
1783084473,2026-07-03T06:14:33-07:00,12
1783084533,2026-07-03T06:15:33-07:00,13
1783084593,2026-07-03T06:16:33-07:00,13
1783084653,2026-07-03T06:17:33-07:00,13
1783084713,2026-07-03T06:18:33-07:00,12
1783084773,2026-07-03T06:19:33-07:00,12
1783084833,2026-07-03T06:20:33-07:00,11
1783084893,2026-07-03T06:21:33-07:00,18
1783084953,2026-07-03T06:22:33-07:00,13
1783085013,2026-07-03T06:23:33-07:00,14
1783085073,2026-07-03T06:24:33-07:00,15
1783085133,2026-07-03T06:25:33-07:00,17
1783085193,2026-07-03T06:26:33-07:00,14
1783085253,2026-07-03T06:27:33-07:00,13
1783085313,2026-07-03T06:28:33-07:00,12
1783085373,2026-07-03T06:29:33-07:00,13
1783085433,2026-07-03T06:30:33-07:00,13
1783085493,2026-07-03T06:31:33-07:00,13
1783085553,2026-07-03T06:32:33-07:00,14
1783085613,2026-07-03T06:33:33-07:00,12
1783085673,2026-07-03T06:34:33-07:00,13
1783085733,2026-07-03T06:35:33-07:00,13
1783085793,2026-07-03T06:36:33-07:00,13
1783085853,2026-07-03T06:37:33-07:00,14
1783085913,2026-07-03T06:38:33-07:00,15
1783085973,2026-07-03T06:39:33-07:00,11
1783086033,2026-07-03T06:40:33-07:00,12
1783086093,2026-07-03T06:41:33-07:00,17
1783086153,2026-07-03T06:42:33-07:00,17
1783086213,2026-07-03T06:43:33-07:00,15
1783086273,2026-07-03T06:44:33-07:00,13
1783086333,2026-07-03T06:45:33-07:00,13
1783086393,2026-07-03T06:46:33-07:00,14
1783086453,2026-07-03T06:47:33-07:00,14
1783086513,2026-07-03T06:48:33-07:00,11
1783086573,2026-07-03T06:49:33-07:00,16
1783086633,2026-07-03T06:50:33-07:00,14
1783086693,2026-07-03T06:51:33-07:00,16
1783086753,2026-07-03T06:52:33-07:00,18
1783086813,2026-07-03T06:53:33-07:00,15
1783086873,2026-07-03T06:54:33-07:00,-4
1783086933,2026-07-03T06:55:33-07:00,16
1783086993,2026-07-03T06:56:33-07:00,16
1783087053,2026-07-03T06:57:33-07:00,15
1783087113,2026-07-03T06:58:33-07:00,14
1783087173,2026-07-03T06:59:33-07:00,18
1783087233,2026-07-03T07:00:33-07:00,15
1783087293,2026-07-03T07:01:33-07:00,17
1783087353,2026-07-03T07:02:33-07:00,18
1783087413,2026-07-03T07:03:33-07:00,15
1783087473,2026-07-03T07:04:33-07:00,14
1783087533,2026-07-03T07:05:33-07:00,18
1783087593,2026-07-03T07:06:33-07:00,15
1783087653,2026-07-03T07:07:33-07:00,14
1783087713,2026-07-03T07:08:33-07:00,13
1783087773,2026-07-03T07:09:33-07:00,14
1783087833,2026-07-03T07:10:33-07:00,16
1783087893,2026-07-03T07:11:33-07:00,12
1783087953,2026-07-03T07:12:33-07:00,14
1783088013,2026-07-03T07:13:33-07:00,18
1783088073,2026-07-03T07:14:33-07:00,14
1783088133,2026-07-03T07:15:33-07:00,14
1783088193,2026-07-03T07:16:33-07:00,14
1783088253,2026-07-03T07:17:33-07:00,14
1783088313,2026-07-03T07:18:33-07:00,15
1783088373,2026-07-03T07:19:33-07:00,16
1783088433,2026-07-03T07:20:33-07:00,14
1783088493,2026-07-03T07:21:33-07:00,18
1783088553,2026-07-03T07:22:33-07:00,14
1783088613,2026-07-03T07:23:33-07:00,18
1783088673,2026-07-03T07:24:33-07:00,12
1783088733,2026-07-03T07:25:33-07:00,15
1783088793,2026-07-03T07:26:33-07:00,13
1783088853,2026-07-03T07:27:33-07:00,12
1783088913,2026-07-03T07:28:33-07:00,14
1783088973,2026-07-03T07:29:33-07:00,18
1783089033,2026-07-03T07:30:33-07:00,13
1783089093,2026-07-03T07:31:33-07:00,18
1783089153,2026-07-03T07:32:33-07:00,15
1783089213,2026-07-03T07:33:33-07:00,14
1783089273,2026-07-03T07:34:33-07:00,16
1783089333,2026-07-03T07:35:33-07:00,14
1783089393,2026-07-03T07:36:33-07:00,15
1783089453,2026-07-03T07:37:33-07:00,14
1783089513,2026-07-03T07:38:33-07:00,14
1783089573,2026-07-03T07:39:33-07:00,15
1783089633,2026-07-03T07:40:33-07:00,15
1783089693,2026-07-03T07:41:33-07:00,13
1783089753,2026-07-03T07:42:33-07:00,15
1783089813,2026-07-03T07:43:33-07:00,14
1783089873,2026-07-03T07:44:33-07:00,16
1783089933,2026-07-03T07:45:33-07:00,15
1783089993,2026-07-03T07:46:33-07:00,13
1783090053,2026-07-03T07:47:33-07:00,16
1783090113,2026-07-03T07:48:33-07:00,14
1783090173,2026-07-03T07:49:33-07:00,14
1783090233,2026-07-03T07:50:33-07:00,15
1783090293,2026-07-03T07:51:33-07:00,17
1783090353,2026-07-03T07:52:33-07:00,14
1783090413,2026-07-03T07:53:33-07:00,0
1783090473,2026-07-03T07:54:33-07:00,17
1783090533,2026-07-03T07:55:33-07:00,14
1783090593,2026-07-03T07:56:33-07:00,14
1783090653,2026-07-03T07:57:33-07:00,14
1783090713,2026-07-03T07:58:33-07:00,15
1783090773,2026-07-03T07:59:33-07:00,13
1783090833,2026-07-03T08:00:33-07:00,13
1783090893,2026-07-03T08:01:33-07:00,13
1783090953,2026-07-03T08:02:33-07:00,11
1783091013,2026-07-03T08:03:33-07:00,11
1783091073,2026-07-03T08:04:33-07:00,15
1783091133,2026-07-03T08:05:33-07:00,13
1783091193,2026-07-03T08:06:33-07:00,17
1783091253,2026-07-03T08:07:33-07:00,12
1783091313,2026-07-03T08:08:33-07:00,16
1783091373,2026-07-03T08:09:33-07:00,15
1783091433,2026-07-03T08:10:33-07:00,14
1783091493,2026-07-03T08:11:33-07:00,13
1783091553,2026-07-03T08:12:33-07:00,13
1783091613,2026-07-03T08:13:33-07:00,13
1783091673,2026-07-03T08:14:33-07:00,14
1783091733,2026-07-03T08:15:33-07:00,14
1783091793,2026-07-03T08:16:33-07:00,12
1783091853,2026-07-03T08:17:33-07:00,13
1783091913,2026-07-03T08:18:33-07:00,14
1783091973,2026-07-03T08:19:33-07:00,13
1783092033,2026-07-03T08:20:33-07:00,13
1783092093,2026-07-03T08:21:33-07:00,15
1783092153,2026-07-03T08:22:33-07:00,12
1783092213,2026-07-03T08:23:33-07:00,18
1783092273,2026-07-03T08:24:33-07:00,13
1783092333,2026-07-03T08:25:33-07:00,12
1783092393,2026-07-03T08:26:33-07:00,15
1783092453,2026-07-03T08:27:33-07:00,12
1783092513,2026-07-03T08:28:33-07:00,14
1783092573,2026-07-03T08:29:33-07:00,10
1783092633,2026-07-03T08:30:33-07:00,18
1783092693,2026-07-03T08:31:33-07:00,13
1783092753,2026-07-03T08:32:33-07:00,13
1783092813,2026-07-03T08:33:33-07:00,11
1783092873,2026-07-03T08:34:33-07:00,11
1783092933,2026-07-03T08:35:33-07:00,12
1783092993,2026-07-03T08:36:33-07:00,17
1783093053,2026-07-03T08:37:33-07:00,-5
1783093113,2026-07-03T08:38:33-07:00,14
1783093173,2026-07-03T08:39:33-07:00,12
1783093233,2026-07-03T08:40:33-07:00,15
1783093293,2026-07-03T08:41:33-07:00,11
1783093353,2026-07-03T08:42:33-07:00,15
1783093413,2026-07-03T08:43:33-07:00,13
1783093473,2026-07-03T08:44:33-07:00,12
1783093533,2026-07-03T08:45:33-07:00,16
1783093593,2026-07-03T08:46:33-07:00,15
1783093653,2026-07-03T08:47:33-07:00,15
1783093713,2026-07-03T08:48:33-07:00,13
1783093773,2026-07-03T08:49:33-07:00,14
1783093833,2026-07-03T08:50:33-07:00,15
1783093893,2026-07-03T08:51:33-07:00,16
1783093953,2026-07-03T08:52:33-07:00,15
1783094013,2026-07-03T08:53:33-07:00,15
1783094073,2026-07-03T08:54:33-07:00,13
1783094133,2026-07-03T08:55:33-07:00,12
1783094193,2026-07-03T08:56:33-07:00,14
1783094253,2026-07-03T08:57:33-07:00,13
1783094313,2026-07-03T08:58:33-07:00,18
1783094373,2026-07-03T08:59:33-07:00,13
1783094433,2026-07-03T09:00:33-07:00,14
1783094493,2026-07-03T09:01:33-07:00,12
1783094553,2026-07-03T09:02:33-07:00,14
1783094613,2026-07-03T09:03:33-07:00,12
1783094673,2026-07-03T09:04:33-07:00,12
1783094733,2026-07-03T09:05:33-07:00,14
1783094793,2026-07-03T09:06:33-07:00,14
1783094853,2026-07-03T09:07:33-07:00,14
1783094913,2026-07-03T09:08:33-07:00,13
1783094973,2026-07-03T09:09:33-07:00,14
1783095033,2026-07-03T09:10:33-07:00,13
1783095093,2026-07-03T09:11:33-07:00,12
1783095153,2026-07-03T09:12:33-07:00,12
1783095213,2026-07-03T09:13:33-07:00,14
1783095273,2026-07-03T09:14:33-07:00,13
1783095333,2026-07-03T09:15:33-07:00,14
1783095393,2026-07-03T09:16:33-07:00,14
1783095453,2026-07-03T09:17:33-07:00,14
1783095513,2026-07-03T09:18:33-07:00,15
1783095573,2026-07-03T09:19:33-07:00,13
1783095633,2026-07-03T09:20:33-07:00,13
1783095693,2026-07-03T09:21:33-07:00,11
1783095753,2026-07-03T09:22:33-07:00,15
1783095813,2026-07-03T09:23:33-07:00,13
1783095873,2026-07-03T09:24:33-07:00,17
1783095933,2026-07-03T09:25:33-07:00,13
1783095993,2026-07-03T09:26:33-07:00,12
1783096053,2026-07-03T09:27:33-07:00,12
1783096113,2026-07-03T09:28:33-07:00,13
1783096173,2026-07-03T09:29:33-07:00,14
1783096233,2026-07-03T09:30:33-07:00,15
1783096293,2026-07-03T09:31:33-07:00,13
1783096353,2026-07-03T09:32:33-07:00,11
1783096413,2026-07-03T09:33:33-07:00,12
1783096473,2026-07-03T09:34:33-07:00,13
1783096533,2026-07-03T09:35:33-07:00,13
1783096593,2026-07-03T09:36:33-07:00,14
1783096653,2026-07-03T09:37:33-07:00,10
1783096713,2026-07-03T09:38:33-07:00,11
1783096773,2026-07-03T09:39:33-07:00,14
1783096833,2026-07-03T09:40:33-07:00,15
1783096893,2026-07-03T09:41:33-07:00,12
1783096953,2026-07-03T09:42:33-07:00,11
1783097013,2026-07-03T09:43:33-07:00,12
1783097073,2026-07-03T09:44:33-07:00,15
1783097133,2026-07-03T09:45:33-07:00,14
1783097193,2026-07-03T09:46:33-07:00,11
1783097253,2026-07-03T09:47:33-07:00,13
1783097313,2026-07-03T09:48:33-07:00,13
1783097373,2026-07-03T09:49:33-07:00,15
1783097433,2026-07-03T09:50:33-07:00,13
1783097493,2026-07-03T09:51:33-07:00,13
1783097553,2026-07-03T09:52:33-07:00,12
1783097613,2026-07-03T09:53:33-07:00,11
1783097673,2026-07-03T09:54:33-07:00,12
1783097733,2026-07-03T09:55:33-07:00,13
1783097793,2026-07-03T09:56:33-07:00,13
1783097853,2026-07-03T09:57:33-07:00,16
1783097913,2026-07-03T09:58:33-07:00,16
1783097973,2026-07-03T09:59:33-07:00,14
1783098033,2026-07-03T10:00:33-07:00,13
1783098093,2026-07-03T10:01:33-07:00,12
1783098153,2026-07-03T10:02:33-07:00,13
1783098213,2026-07-03T10:03:33-07:00,14
1783098273,2026-07-03T10:04:33-07:00,12
1783098333,2026-07-03T10:05:33-07:00,14
1783098393,2026-07-03T10:06:33-07:00,12
1783098453,2026-07-03T10:07:33-07:00,12
1783098513,2026-07-03T10:08:33-07:00,15
1783098573,2026-07-03T10:09:33-07:00,13
1783098633,2026-07-03T10:10:33-07:00,12
1783098693,2026-07-03T10:11:33-07:00,13
1783098753,2026-07-03T10:12:33-07:00,13
1783098813,2026-07-03T10:13:33-07:00,15
1783098873,2026-07-03T10:14:33-07:00,12
1783098933,2026-07-03T10:15:33-07:00,13
1783098993,2026-07-03T10:16:33-07:00,11
1783099053,2026-07-03T10:17:33-07:00,14
1783099113,2026-07-03T10:18:33-07:00,13
1783099173,2026-07-03T10:19:33-07:00,13
1783099233,2026-07-03T10:20:33-07:00,15
1783099293,2026-07-03T10:21:33-07:00,11
1783099353,2026-07-03T10:22:33-07:00,12
1783099413,2026-07-03T10:23:33-07:00,11
1783099473,2026-07-03T10:24:33-07:00,11
1783099533,2026-07-03T10:25:33-07:00,12
1783099593,2026-07-03T10:26:33-07:00,18
1783099653,2026-07-03T10:27:33-07:00,11
1783099713,2026-07-03T10:28:33-07:00,15
1783099773,2026-07-03T10:29:33-07:00,18
1783099833,2026-07-03T10:30:33-07:00,12
1783099893,2026-07-03T10:31:33-07:00,14
1783099953,2026-07-03T10:32:33-07:00,16
1783100013,2026-07-03T10:33:33-07:00,13
1783100073,2026-07-03T10:34:33-07:00,15
1783100133,2026-07-03T10:35:33-07:00,13
1783100193,2026-07-03T10:36:33-07:00,14
1783100253,2026-07-03T10:37:33-07:00,11
1783100313,2026-07-03T10:38:33-07:00,15
1783100373,2026-07-03T10:39:33-07:00,16
1783100433,2026-07-03T10:40:33-07:00,13
1783100493,2026-07-03T10:41:33-07:00,13
1783100553,2026-07-03T10:42:33-07:00,16
1783100613,2026-07-03T10:43:33-07:00,1
1783100673,2026-07-03T10:44:33-07:00,17
1783100733,2026-07-03T10:45:33-07:00,12
1783100793,2026-07-03T10:46:33-07:00,13
1783100853,2026-07-03T10:47:33-07:00,14
1783100913,2026-07-03T10:48:33-07:00,14
1783100973,2026-07-03T10:49:33-07:00,13
1783101033,2026-07-03T10:50:33-07:00,16
1783101093,2026-07-03T10:51:33-07:00,15
1783101153,2026-07-03T10:52:33-07:00,12
1783101213,2026-07-03T10:53:33-07:00,13
1783101273,2026-07-03T10:54:33-07:00,13
1783101333,2026-07-03T10:55:33-07:00,12
1783101393,2026-07-03T10:56:33-07:00,18
1783101453,2026-07-03T10:57:33-07:00,14
1783101513,2026-07-03T10:58:33-07:00,14
1783101573,2026-07-03T10:59:33-07:00,13
1783101633,2026-07-03T11:00:33-07:00,15
1783101693,2026-07-03T11:01:33-07:00,13
1783101753,2026-07-03T11:02:33-07:00,15
1783101813,2026-07-03T11:03:33-07:00,13
1783101873,2026-07-03T11:04:33-07:00,16
1783101933,2026-07-03T11:05:33-07:00,12
1783101993,2026-07-03T11:06:33-07:00,12
1783102053,2026-07-03T11:07:33-07:00,18
1783102113,2026-07-03T11:08:33-07:00,15
1783102173,2026-07-03T11:09:33-07:00,17
1783102233,2026-07-03T11:10:33-07:00,16
1783102293,2026-07-03T11:11:33-07:00,11
1783102353,2026-07-03T11:12:33-07:00,10
1783102413,2026-07-03T11:13:33-07:00,-4
1783102473,2026-07-03T11:14:33-07:00,0
1783102533,2026-07-03T11:15:33-07:00,16
1783102593,2026-07-03T11:16:33-07:00,15
1783102653,2026-07-03T11:17:33-07:00,15
1783102713,2026-07-03T11:18:33-07:00,13
1783102773,2026-07-03T11:19:33-07:00,15
1783102833,2026-07-03T11:20:33-07:00,13
1783102893,2026-07-03T11:21:33-07:00,13
1783102953,2026-07-03T11:22:33-07:00,11
1783103013,2026-07-03T11:23:33-07:00,21
1783103073,2026-07-03T11:24:33-07:00,12
1783103133,2026-07-03T11:25:33-07:00,14
1783103193,2026-07-03T11:26:33-07:00,11
1783103253,2026-07-03T11:27:33-07:00,12
1783103313,2026-07-03T11:28:33-07:00,14
1783103373,2026-07-03T11:29:33-07:00,16
1783103433,2026-07-03T11:30:33-07:00,13
1783103493,2026-07-03T11:31:33-07:00,13
1783103553,2026-07-03T11:32:33-07:00,14
1783103613,2026-07-03T11:33:33-07:00,18
1783103673,2026-07-03T11:34:33-07:00,16
1783103733,2026-07-03T11:35:33-07:00,13
1783103793,2026-07-03T11:36:33-07:00,13
1783103853,2026-07-03T11:37:33-07:00,13
1783103913,2026-07-03T11:38:33-07:00,13
1783103973,2026-07-03T11:39:33-07:00,14
1783104033,2026-07-03T11:40:33-07:00,16
1783104093,2026-07-03T11:41:33-07:00,11
1783104153,2026-07-03T11:42:33-07:00,14
1783104213,2026-07-03T11:43:33-07:00,0
1783104273,2026-07-03T11:44:33-07:00,12
1783104333,2026-07-03T11:45:33-07:00,13
1783104393,2026-07-03T11:46:33-07:00,17
1783104453,2026-07-03T11:47:33-07:00,16
1783104513,2026-07-03T11:48:33-07:00,11
1783104573,2026-07-03T11:49:33-07:00,14
1783104633,2026-07-03T11:50:33-07:00,13
1783104693,2026-07-03T11:51:33-07:00,12
1783104753,2026-07-03T11:52:33-07:00,14
1783104813,2026-07-03T11:53:33-07:00,13
1783104873,2026-07-03T11:54:33-07:00,15
1783104933,2026-07-03T11:55:33-07:00,16
1783104993,2026-07-03T11:56:33-07:00,18
1783105053,2026-07-03T11:57:33-07:00,14
1783105113,2026-07-03T11:58:33-07:00,14
1783105173,2026-07-03T11:59:33-07:00,13
1783105233,2026-07-03T12:00:33-07:00,16
1783105293,2026-07-03T12:01:33-07:00,14
1783105353,2026-07-03T12:02:33-07:00,15
1783105413,2026-07-03T12:03:33-07:00,11
1783105473,2026-07-03T12:04:33-07:00,12
1783105533,2026-07-03T12:05:33-07:00,12
1783105593,2026-07-03T12:06:33-07:00,12
1783105653,2026-07-03T12:07:33-07:00,12
1783105713,2026-07-03T12:08:33-07:00,13
1783105773,2026-07-03T12:09:33-07:00,13
1783105833,2026-07-03T12:10:33-07:00,14
1783105893,2026-07-03T12:11:33-07:00,11
1783105953,2026-07-03T12:12:33-07:00,17
1783106013,2026-07-03T12:13:33-07:00,14
1783106073,2026-07-03T12:14:33-07:00,12
1783106133,2026-07-03T12:15:33-07:00,11
1783106193,2026-07-03T12:16:33-07:00,13
1783106253,2026-07-03T12:17:33-07:00,15
1783106313,2026-07-03T12:18:33-07:00,14
1783106373,2026-07-03T12:19:33-07:00,16
1783106433,2026-07-03T12:20:33-07:00,18
1783106493,2026-07-03T12:21:33-07:00,15
1783106553,2026-07-03T12:22:33-07:00,18
1783106613,2026-07-03T12:23:33-07:00,17
1783106673,2026-07-03T12:24:33-07:00,13
1783106733,2026-07-03T12:25:33-07:00,16
1783106793,2026-07-03T12:26:33-07:00,16
1783106853,2026-07-03T12:27:33-07:00,14
1783106913,2026-07-03T12:28:33-07:00,18
1783106973,2026-07-03T12:29:33-07:00,13
1783107033,2026-07-03T12:30:33-07:00,11
1783107093,2026-07-03T12:31:33-07:00,17
1783107153,2026-07-03T12:32:33-07:00,13
1783107213,2026-07-03T12:33:33-07:00,12
1783107273,2026-07-03T12:34:33-07:00,14
1783107333,2026-07-03T12:35:33-07:00,12
1783107393,2026-07-03T12:36:33-07:00,15
1783107453,2026-07-03T12:37:33-07:00,13
1783107513,2026-07-03T12:38:33-07:00,11
1783107573,2026-07-03T12:39:33-07:00,12
1783107633,2026-07-03T12:40:33-07:00,13
1783107693,2026-07-03T12:41:33-07:00,11
1783107753,2026-07-03T12:42:33-07:00,15
1783107813,2026-07-03T12:43:33-07:00,13
1783107873,2026-07-03T12:44:33-07:00,17
1783107933,2026-07-03T12:45:33-07:00,13
1783107993,2026-07-03T12:46:33-07:00,18
1783108053,2026-07-03T12:47:33-07:00,18
1783108113,2026-07-03T12:48:33-07:00,13
1783108173,2026-07-03T12:49:33-07:00,10
1783108233,2026-07-03T12:50:33-07:00,15
1783108293,2026-07-03T12:51:33-07:00,14
1783108353,2026-07-03T12:52:33-07:00,13
1783108413,2026-07-03T12:53:33-07:00,18
1783108473,2026-07-03T12:54:33-07:00,14
1783108533,2026-07-03T12:55:33-07:00,12
1783108593,2026-07-03T12:56:33-07:00,12
1783108653,2026-07-03T12:57:33-07:00,12
1783108713,2026-07-03T12:58:33-07:00,14
1783108773,2026-07-03T12:59:33-07:00,11
1783108833,2026-07-03T13:00:33-07:00,11
1783108893,2026-07-03T13:01:33-07:00,17
1783108953,2026-07-03T13:02:33-07:00,11
1783109013,2026-07-03T13:03:33-07:00,13
1783109073,2026-07-03T13:04:33-07:00,12
1783109133,2026-07-03T13:05:33-07:00,17
1783109193,2026-07-03T13:06:33-07:00,14
1783109253,2026-07-03T13:07:33-07:00,11
1783109313,2026-07-03T13:08:33-07:00,18
1783109373,2026-07-03T13:09:33-07:00,12
1783109433,2026-07-03T13:10:33-07:00,16
1783109493,2026-07-03T13:11:33-07:00,18
1783109553,2026-07-03T13:12:33-07:00,14
1783109613,2026-07-03T13:13:33-07:00,15
1783109673,2026-07-03T13:14:33-07:00,14
1783109733,2026-07-03T13:15:33-07:00,17
1783109793,2026-07-03T13:16:33-07:00,13
1783109853,2026-07-03T13:17:33-07:00,13
1783109913,2026-07-03T13:18:33-07:00,15
1783109973,2026-07-03T13:19:33-07:00,17
1783110033,2026-07-03T13:20:33-07:00,18
1783110093,2026-07-03T13:21:33-07:00,15
1783110153,2026-07-03T13:22:33-07:00,14
1783110213,2026-07-03T13:23:33-07:00,15
1783110273,2026-07-03T13:24:33-07:00,15
1783110333,2026-07-03T13:25:33-07:00,13
1783110393,2026-07-03T13:26:33-07:00,12
1783110453,2026-07-03T13:27:33-07:00,14
1783110513,2026-07-03T13:28:33-07:00,13
1783110573,2026-07-03T13:29:33-07:00,17
1783110633,2026-07-03T13:30:33-07:00,13
1783110693,2026-07-03T13:31:33-07:00,16
1783110753,2026-07-03T13:32:33-07:00,16
1783110813,2026-07-03T13:33:33-07:00,16
1783110873,2026-07-03T13:34:33-07:00,16
1783110933,2026-07-03T13:35:33-07:00,16
1783376760,2026-07-06T15:26:00-07:00,17
1783376820,2026-07-06T15:27:00-07:00,13
1783376880,2026-07-06T15:28:00-07:00,13
1783376940,2026-07-06T15:29:00-07:00,11
1783377000,2026-07-06T15:30:00-07:00,14
1783377060,2026-07-06T15:31:00-07:00,17
1783377120,2026-07-06T15:32:00-07:00,14
1783377180,2026-07-06T15:33:00-07:00,14
1783377240,2026-07-06T15:34:00-07:00,13
1783377300,2026-07-06T15:35:00-07:00,13
1783377360,2026-07-06T15:36:00-07:00,12
1783377420,2026-07-06T15:37:00-07:00,15
1783377480,2026-07-06T15:38:00-07:00,11
1783377540,2026-07-06T15:39:00-07:00,13
1783377600,2026-07-06T15:40:00-07:00,14
1783377660,2026-07-06T15:41:00-07:00,13
1783377720,2026-07-06T15:42:00-07:00,13
1783377780,2026-07-06T15:43:00-07:00,13
1783377840,2026-07-06T15:44:00-07:00,14
1783377900,2026-07-06T15:45:00-07:00,17
1783377960,2026-07-06T15:46:00-07:00,14
1783378020,2026-07-06T15:47:00-07:00,14
1783378080,2026-07-06T15:48:00-07:00,15
1783378140,2026-07-06T15:49:00-07:00,13
1783378200,2026-07-06T15:50:00-07:00,13
1783378260,2026-07-06T15:51:00-07:00,13
1783378320,2026-07-06T15:52:00-07:00,14
1783378380,2026-07-06T15:53:00-07:00,15
1783378440,2026-07-06T15:54:00-07:00,14
1783378500,2026-07-06T15:55:00-07:00,16
1783378560,2026-07-06T15:56:00-07:00,13
1783378620,2026-07-06T15:57:00-07:00,16
1783378680,2026-07-06T15:58:00-07:00,15
1783378740,2026-07-06T15:59:00-07:00,15
1783378800,2026-07-06T16:00:00-07:00,15
1783378860,2026-07-06T16:01:00-07:00,3
1783378920,2026-07-06T16:02:00-07:00,17
1783378980,2026-07-06T16:03:00-07:00,13
1783379040,2026-07-06T16:04:00-07:00,11
1783379100,2026-07-06T16:05:00-07:00,13
1783379160,2026-07-06T16:06:00-07:00,12
1783379220,2026-07-06T16:07:00-07:00,18
1783379280,2026-07-06T16:08:00-07:00,13
1783379340,2026-07-06T16:09:00-07:00,18
1783379400,2026-07-06T16:10:00-07:00,18
1783379460,2026-07-06T16:11:00-07:00,17
1783379520,2026-07-06T16:12:00-07:00,20
1783379580,2026-07-06T16:13:00-07:00,13
1783379640,2026-07-06T16:14:00-07:00,15
1783379700,2026-07-06T16:15:00-07:00,15
1783379760,2026-07-06T16:16:00-07:00,15
1783379820,2026-07-06T16:17:00-07:00,15
1783379880,2026-07-06T16:18:00-07:00,13
1783379940,2026-07-06T16:19:00-07:00,13
1783380000,2026-07-06T16:20:00-07:00,18
1783380060,2026-07-06T16:21:00-07:00,16
1783380120,2026-07-06T16:22:00-07:00,13
1783380180,2026-07-06T16:23:00-07:00,14
1783380240,2026-07-06T16:24:00-07:00,16
1783380300,2026-07-06T16:25:00-07:00,13
1783380360,2026-07-06T16:26:00-07:00,13
1783380420,2026-07-06T16:27:00-07:00,13
1783380480,2026-07-06T16:28:00-07:00,15
1783380540,2026-07-06T16:29:00-07:00,13
1783380600,2026-07-06T16:30:00-07:00,14
1783380660,2026-07-06T16:31:00-07:00,18
1783380720,2026-07-06T16:32:00-07:00,13
1783380780,2026-07-06T16:33:00-07:00,13
1783380840,2026-07-06T16:34:00-07:00,14
1783380900,2026-07-06T16:35:00-07:00,15
1783380960,2026-07-06T16:36:00-07:00,12
1783381020,2026-07-06T16:37:00-07:00,17
1783381080,2026-07-06T16:38:00-07:00,13
1783381140,2026-07-06T16:39:00-07:00,13
1783381200,2026-07-06T16:40:00-07:00,13
1783381260,2026-07-06T16:41:00-07:00,16
1783381320,2026-07-06T16:42:00-07:00,14
1783381380,2026-07-06T16:43:00-07:00,11
1783381440,2026-07-06T16:44:00-07:00,15
1783381500,2026-07-06T16:45:00-07:00,13
1783381560,2026-07-06T16:46:00-07:00,13
1783381620,2026-07-06T16:47:00-07:00,15
1783381680,2026-07-06T16:48:00-07:00,14
1783381740,2026-07-06T16:49:00-07:00,18
1783381800,2026-07-06T16:50:00-07:00,17
1783381860,2026-07-06T16:51:00-07:00,13
1783381920,2026-07-06T16:52:00-07:00,15
1783381980,2026-07-06T16:53:00-07:00,13
1783382040,2026-07-06T16:54:00-07:00,17
1783382100,2026-07-06T16:55:00-07:00,13
1783382160,2026-07-06T16:56:00-07:00,13
1783382220,2026-07-06T16:57:00-07:00,14
1783382280,2026-07-06T16:58:00-07:00,14
1783382340,2026-07-06T16:59:00-07:00,15
1783382400,2026-07-06T17:00:00-07:00,13
1783382460,2026-07-06T17:01:00-07:00,3
1783382520,2026-07-06T17:02:00-07:00,17
1783382580,2026-07-06T17:03:00-07:00,14
1783382640,2026-07-06T17:04:00-07:00,14
1783382700,2026-07-06T17:05:00-07:00,15
1783382760,2026-07-06T17:06:00-07:00,13
1783382820,2026-07-06T17:07:00-07:00,13
1783382880,2026-07-06T17:08:00-07:00,15
1783382940,2026-07-06T17:09:00-07:00,14
1783383000,2026-07-06T17:10:00-07:00,13
1783383060,2026-07-06T17:11:00-07:00,13
1783383120,2026-07-06T17:12:00-07:00,13
1783383180,2026-07-06T17:13:00-07:00,14
1783383240,2026-07-06T17:14:00-07:00,12
1783383300,2026-07-06T17:15:00-07:00,14
1783383360,2026-07-06T17:16:00-07:00,14
1783383420,2026-07-06T17:17:00-07:00,13
1783383480,2026-07-06T17:18:00-07:00,13
1783383540,2026-07-06T17:19:00-07:00,2
1783383600,2026-07-06T17:20:00-07:00,18
1783383660,2026-07-06T17:21:00-07:00,13
1783383720,2026-07-06T17:22:00-07:00,18
1783383780,2026-07-06T17:23:00-07:00,14
1783383840,2026-07-06T17:24:00-07:00,17
1783383900,2026-07-06T17:25:00-07:00,16
1783383960,2026-07-06T17:26:00-07:00,16
1783384020,2026-07-06T17:27:00-07:00,12
1783384080,2026-07-06T17:28:00-07:00,16
1783384140,2026-07-06T17:29:00-07:00,15
1783384200,2026-07-06T17:30:00-07:00,18
1783384260,2026-07-06T17:31:00-07:00,18
1783384320,2026-07-06T17:32:00-07:00,12
1783384380,2026-07-06T17:33:00-07:00,17
1783384440,2026-07-06T17:34:00-07:00,15
1783384500,2026-07-06T17:35:00-07:00,16
1783384560,2026-07-06T17:36:00-07:00,14
1783384620,2026-07-06T17:37:00-07:00,18
1783384680,2026-07-06T17:38:00-07:00,2
1783384740,2026-07-06T17:39:00-07:00,18
1783384800,2026-07-06T17:40:00-07:00,13
1783384860,2026-07-06T17:41:00-07:00,14
1783384920,2026-07-06T17:42:00-07:00,18
1783384980,2026-07-06T17:43:00-07:00,16
1783385040,2026-07-06T17:44:00-07:00,15
1783385100,2026-07-06T17:45:00-07:00,14
1783385160,2026-07-06T17:46:00-07:00,13
1783385220,2026-07-06T17:47:00-07:00,16
1783385280,2026-07-06T17:48:00-07:00,14
1783385340,2026-07-06T17:49:00-07:00,14
1783385400,2026-07-06T17:50:00-07:00,17
1783385460,2026-07-06T17:51:00-07:00,16
1783385520,2026-07-06T17:52:00-07:00,14
1783385580,2026-07-06T17:53:00-07:00,15
1783385640,2026-07-06T17:54:00-07:00,13
1783385700,2026-07-06T17:55:00-07:00,13
1783385760,2026-07-06T17:56:00-07:00,13
1783385820,2026-07-06T17:57:00-07:00,15
1783385880,2026-07-06T17:58:00-07:00,18
1783385940,2026-07-06T17:59:00-07:00,17
1783386000,2026-07-06T18:00:00-07:00,15
1783386060,2026-07-06T18:01:00-07:00,14
1783386120,2026-07-06T18:02:00-07:00,13
1783386180,2026-07-06T18:03:00-07:00,14
1783386240,2026-07-06T18:04:00-07:00,16
1783386300,2026-07-06T18:05:00-07:00,17
1783386360,2026-07-06T18:06:00-07:00,18
1783386420,2026-07-06T18:07:00-07:00,16
1783386480,2026-07-06T18:08:00-07:00,15
1783386540,2026-07-06T18:09:00-07:00,14
1783386600,2026-07-06T18:10:00-07:00,18
1783386660,2026-07-06T18:11:00-07:00,13
1783386720,2026-07-06T18:12:00-07:00,16
1783386780,2026-07-06T18:13:00-07:00,18
1783386840,2026-07-06T18:14:00-07:00,16
1783386900,2026-07-06T18:15:00-07:00,14
1783386960,2026-07-06T18:16:00-07:00,16
1783387020,2026-07-06T18:17:00-07:00,14
1783387080,2026-07-06T18:18:00-07:00,18
1783387140,2026-07-06T18:19:00-07:00,13
1783387200,2026-07-06T18:20:00-07:00,13
1783387260,2026-07-06T18:21:00-07:00,15
1783387320,2026-07-06T18:22:00-07:00,17
1783387380,2026-07-06T18:23:00-07:00,15
1783387440,2026-07-06T18:24:00-07:00,15
1783387500,2026-07-06T18:25:00-07:00,16
1783387560,2026-07-06T18:26:00-07:00,17
1783387620,2026-07-06T18:27:00-07:00,15
1783387680,2026-07-06T18:28:00-07:00,15
1783387740,2026-07-06T18:29:00-07:00,17
1783387800,2026-07-06T18:30:00-07:00,16
1783387860,2026-07-06T18:31:00-07:00,16
1783387920,2026-07-06T18:32:00-07:00,15
1783387980,2026-07-06T18:33:00-07:00,16
1783388040,2026-07-06T18:34:00-07:00,14
1783388100,2026-07-06T18:35:00-07:00,16
1783388160,2026-07-06T18:36:00-07:00,16
1783388220,2026-07-06T18:37:00-07:00,15
1783388280,2026-07-06T18:38:00-07:00,14
1783388340,2026-07-06T18:39:00-07:00,14
1783388400,2026-07-06T18:40:00-07:00,16
1783388460,2026-07-06T18:41:00-07:00,16
1783388520,2026-07-06T18:42:00-07:00,15
1783388580,2026-07-06T18:43:00-07:00,13
1783388640,2026-07-06T18:44:00-07:00,14
1783388700,2026-07-06T18:45:00-07:00,14
1783388760,2026-07-06T18:46:00-07:00,13
1783388820,2026-07-06T18:47:00-07:00,13
1783388880,2026-07-06T18:48:00-07:00,14
1783388940,2026-07-06T18:49:00-07:00,17
1783389000,2026-07-06T18:50:00-07:00,13
1783389060,2026-07-06T18:51:00-07:00,11
1783389120,2026-07-06T18:52:00-07:00,1
1783389180,2026-07-06T18:53:00-07:00,14
1783389240,2026-07-06T18:54:00-07:00,14
1783389300,2026-07-06T18:55:00-07:00,18
1783389360,2026-07-06T18:56:00-07:00,18
1783389420,2026-07-06T18:57:00-07:00,14
1783389480,2026-07-06T18:58:00-07:00,15
1783389540,2026-07-06T18:59:00-07:00,13
1783389600,2026-07-06T19:00:00-07:00,18
1783389660,2026-07-06T19:01:00-07:00,14
1783389720,2026-07-06T19:02:00-07:00,14
1783389780,2026-07-06T19:03:00-07:00,14
1783389840,2026-07-06T19:04:00-07:00,16
1783389900,2026-07-06T19:05:00-07:00,-1
1783389960,2026-07-06T19:06:00-07:00,16
1783390020,2026-07-06T19:07:00-07:00,17
1783390080,2026-07-06T19:08:00-07:00,14
1783390140,2026-07-06T19:09:00-07:00,11
1783390200,2026-07-06T19:10:00-07:00,12
1783390260,2026-07-06T19:11:00-07:00,13
1783390320,2026-07-06T19:12:00-07:00,16
1783390380,2026-07-06T19:13:00-07:00,16
1783390440,2026-07-06T19:14:00-07:00,17
1783390500,2026-07-06T19:15:00-07:00,13
1783390560,2026-07-06T19:16:00-07:00,15
1783390620,2026-07-06T19:17:00-07:00,15
1783390680,2026-07-06T19:18:00-07:00,15
1783390740,2026-07-06T19:19:00-07:00,14
1783390800,2026-07-06T19:20:00-07:00,15
1783390860,2026-07-06T19:21:00-07:00,0
1783390920,2026-07-06T19:22:00-07:00,13
1783390980,2026-07-06T19:23:00-07:00,17
1783391040,2026-07-06T19:24:00-07:00,14
1783391100,2026-07-06T19:25:00-07:00,15
1783391160,2026-07-06T19:26:00-07:00,12
1783391220,2026-07-06T19:27:00-07:00,14
1783391280,2026-07-06T19:28:00-07:00,13
1783391340,2026-07-06T19:29:00-07:00,13
1783391400,2026-07-06T19:30:00-07:00,-5
1783391460,2026-07-06T19:31:00-07:00,14
1783391520,2026-07-06T19:32:00-07:00,17
1783391580,2026-07-06T19:33:00-07:00,14
1783391640,2026-07-06T19:34:00-07:00,14
1783391700,2026-07-06T19:35:00-07:00,13
1783391760,2026-07-06T19:36:00-07:00,14
1783391820,2026-07-06T19:37:00-07:00,16
1783391880,2026-07-06T19:38:00-07:00,16
1783391940,2026-07-06T19:39:00-07:00,13
1783392000,2026-07-06T19:40:00-07:00,13
1783392060,2026-07-06T19:41:00-07:00,-1
1783392120,2026-07-06T19:42:00-07:00,14
1783392180,2026-07-06T19:43:00-07:00,17
1783392240,2026-07-06T19:44:00-07:00,14
1783392300,2026-07-06T19:45:00-07:00,16
1783392360,2026-07-06T19:46:00-07:00,14
1783392420,2026-07-06T19:47:00-07:00,17
1783392480,2026-07-06T19:48:00-07:00,14
1783392540,2026-07-06T19:49:00-07:00,14
1783392600,2026-07-06T19:50:00-07:00,12
1783392660,2026-07-06T19:51:00-07:00,14
1783392720,2026-07-06T19:52:00-07:00,16
1783392780,2026-07-06T19:53:00-07:00,18
1783392840,2026-07-06T19:54:00-07:00,18
1783392900,2026-07-06T19:55:00-07:00,15
1783392960,2026-07-06T19:56:00-07:00,13
1783393020,2026-07-06T19:57:00-07:00,15
1783393080,2026-07-06T19:58:00-07:00,14
1783393140,2026-07-06T19:59:00-07:00,16
1783393200,2026-07-06T20:00:00-07:00,13
1783393260,2026-07-06T20:01:00-07:00,14
1783393320,2026-07-06T20:02:00-07:00,13
1783393380,2026-07-06T20:03:00-07:00,13
1783393440,2026-07-06T20:04:00-07:00,13
1783393500,2026-07-06T20:05:00-07:00,14
1783393560,2026-07-06T20:06:00-07:00,14
1783393620,2026-07-06T20:07:00-07:00,13
1783393680,2026-07-06T20:08:00-07:00,13
1783393740,2026-07-06T20:09:00-07:00,14
1783393800,2026-07-06T20:10:00-07:00,1
1783393860,2026-07-06T20:11:00-07:00,14
1783393920,2026-07-06T20:12:00-07:00,15
1783393980,2026-07-06T20:13:00-07:00,13
1783394040,2026-07-06T20:14:00-07:00,15
1783394100,2026-07-06T20:15:00-07:00,15
1783394160,2026-07-06T20:16:00-07:00,13
1783394220,2026-07-06T20:17:00-07:00,15
1783394280,2026-07-06T20:18:00-07:00,12
1783394340,2026-07-06T20:19:00-07:00,12
1783394400,2026-07-06T20:20:00-07:00,15
1783394460,2026-07-06T20:21:00-07:00,1
1783394520,2026-07-06T20:22:00-07:00,14
1783394580,2026-07-06T20:23:00-07:00,14
1783394640,2026-07-06T20:24:00-07:00,14
1783394700,2026-07-06T20:25:00-07:00,14
1783394760,2026-07-06T20:26:00-07:00,13
1783394820,2026-07-06T20:27:00-07:00,13
1783394880,2026-07-06T20:28:00-07:00,13
1783394940,2026-07-06T20:29:00-07:00,15
1783395000,2026-07-06T20:30:00-07:00,14
1783395060,2026-07-06T20:31:00-07:00,13
1783395120,2026-07-06T20:32:00-07:00,13
1783395180,2026-07-06T20:33:00-07:00,14
1783395240,2026-07-06T20:34:00-07:00,17
1783395300,2026-07-06T20:35:00-07:00,14
1783395360,2026-07-06T20:36:00-07:00,16
1783395420,2026-07-06T20:37:00-07:00,13
1783395480,2026-07-06T20:38:00-07:00,13
1783395540,2026-07-06T20:39:00-07:00,13
1783395600,2026-07-06T20:40:00-07:00,14
1783395660,2026-07-06T20:41:00-07:00,13
1783395720,2026-07-06T20:42:00-07:00,13
1783395780,2026-07-06T20:43:00-07:00,15
1783395840,2026-07-06T20:44:00-07:00,13
1783395900,2026-07-06T20:45:00-07:00,13
1783395960,2026-07-06T20:46:00-07:00,12
1783396020,2026-07-06T20:47:00-07:00,14
1783396080,2026-07-06T20:48:00-07:00,14
1783396140,2026-07-06T20:49:00-07:00,13
1783396200,2026-07-06T20:50:00-07:00,13
1783396260,2026-07-06T20:51:00-07:00,15
1783396320,2026-07-06T20:52:00-07:00,13
1783396380,2026-07-06T20:53:00-07:00,14
1783396440,2026-07-06T20:54:00-07:00,15
1783396500,2026-07-06T20:55:00-07:00,13
1783396560,2026-07-06T20:56:00-07:00,18
1783396620,2026-07-06T20:57:00-07:00,14
1783396680,2026-07-06T20:58:00-07:00,13
1783396740,2026-07-06T20:59:00-07:00,1
1783396800,2026-07-06T21:00:00-07:00,12
1783396860,2026-07-06T21:01:00-07:00,13
1783396920,2026-07-06T21:02:00-07:00,12
1783396980,2026-07-06T21:03:00-07:00,12
1783397040,2026-07-06T21:04:00-07:00,13
1783397100,2026-07-06T21:05:00-07:00,1
1783397160,2026-07-06T21:06:00-07:00,1
1783397220,2026-07-06T21:07:00-07:00,13
1783397280,2026-07-06T21:08:00-07:00,13
1783397340,2026-07-06T21:09:00-07:00,18
1783397400,2026-07-06T21:10:00-07:00,13
1783397460,2026-07-06T21:11:00-07:00,14
1783397520,2026-07-06T21:12:00-07:00,13
1783397580,2026-07-06T21:13:00-07:00,16
1783397640,2026-07-06T21:14:00-07:00,12
1783397700,2026-07-06T21:15:00-07:00,14
1783397760,2026-07-06T21:16:00-07:00,13
1783397820,2026-07-06T21:17:00-07:00,16
1783397880,2026-07-06T21:18:00-07:00,13
1783397940,2026-07-06T21:19:00-07:00,13
1783398000,2026-07-06T21:20:00-07:00,16
1783398060,2026-07-06T21:21:00-07:00,14
1783398120,2026-07-06T21:22:00-07:00,13
1783398180,2026-07-06T21:23:00-07:00,13
1783398240,2026-07-06T21:24:00-07:00,12
1783398300,2026-07-06T21:25:00-07:00,16
1783398360,2026-07-06T21:26:00-07:00,13
1783398420,2026-07-06T21:27:00-07:00,16
1783398480,2026-07-06T21:28:00-07:00,13
1783398540,2026-07-06T21:29:00-07:00,14
1783398600,2026-07-06T21:30:00-07:00,13
1783398660,2026-07-06T21:31:00-07:00,18
1783398720,2026-07-06T21:32:00-07:00,14
1783398780,2026-07-06T21:33:00-07:00,14
1783398840,2026-07-06T21:34:00-07:00,16
1783398900,2026-07-06T21:35:00-07:00,15
1783398960,2026-07-06T21:36:00-07:00,14
1783399020,2026-07-06T21:37:00-07:00,14
1783399080,2026-07-06T21:38:00-07:00,14
1783399140,2026-07-06T21:39:00-07:00,13
1783399200,2026-07-06T21:40:00-07:00,13
1783399260,2026-07-06T21:41:00-07:00,17
1783399320,2026-07-06T21:42:00-07:00,13
1783399380,2026-07-06T21:43:00-07:00,14
1783399440,2026-07-06T21:44:00-07:00,13
1783399500,2026-07-06T21:45:00-07:00,0
1783399560,2026-07-06T21:46:00-07:00,14
1783399620,2026-07-06T21:47:00-07:00,12
1783399680,2026-07-06T21:48:00-07:00,18
1783399740,2026-07-06T21:49:00-07:00,13
1783399800,2026-07-06T21:50:00-07:00,14
1783399860,2026-07-06T21:51:00-07:00,15
1783399920,2026-07-06T21:52:00-07:00,13
1783399980,2026-07-06T21:53:00-07:00,14
1783400040,2026-07-06T21:54:00-07:00,13
1783400100,2026-07-06T21:55:00-07:00,15
1783400160,2026-07-06T21:56:00-07:00,13
1783400220,2026-07-06T21:57:00-07:00,16
1783400280,2026-07-06T21:58:00-07:00,13
1783400340,2026-07-06T21:59:00-07:00,16
1783400400,2026-07-06T22:00:00-07:00,14
1783400460,2026-07-06T22:01:00-07:00,12
1783400520,2026-07-06T22:02:00-07:00,18
1783400580,2026-07-06T22:03:00-07:00,14
1783400640,2026-07-06T22:04:00-07:00,12
1783400700,2026-07-06T22:05:00-07:00,15
1783400760,2026-07-06T22:06:00-07:00,15
1783400820,2026-07-06T22:07:00-07:00,13
1783400880,2026-07-06T22:08:00-07:00,16
1783400940,2026-07-06T22:09:00-07:00,14
1783401000,2026-07-06T22:10:00-07:00,14
1783401060,2026-07-06T22:11:00-07:00,14
1783401120,2026-07-06T22:12:00-07:00,14
1783401180,2026-07-06T22:13:00-07:00,13
1783401240,2026-07-06T22:14:00-07:00,17
1783401300,2026-07-06T22:15:00-07:00,13
1783401360,2026-07-06T22:16:00-07:00,13
1783401420,2026-07-06T22:17:00-07:00,13
1783401480,2026-07-06T22:18:00-07:00,13
1783401540,2026-07-06T22:19:00-07:00,13
1783401600,2026-07-06T22:20:00-07:00,13
1783401660,2026-07-06T22:21:00-07:00,16
1783401720,2026-07-06T22:22:00-07:00,14
1783401780,2026-07-06T22:23:00-07:00,14
1783401840,2026-07-06T22:24:00-07:00,13
1783401900,2026-07-06T22:25:00-07:00,13
1783401960,2026-07-06T22:26:00-07:00,13
1783402020,2026-07-06T22:27:00-07:00,13
1783402080,2026-07-06T22:28:00-07:00,14
1783402140,2026-07-06T22:29:00-07:00,16
1783402200,2026-07-06T22:30:00-07:00,14
1783402260,2026-07-06T22:31:00-07:00,14
1783402320,2026-07-06T22:32:00-07:00,14
1783402380,2026-07-06T22:33:00-07:00,13
1783402440,2026-07-06T22:34:00-07:00,17
1783402500,2026-07-06T22:35:00-07:00,14
1783402560,2026-07-06T22:36:00-07:00,13
1783402620,2026-07-06T22:37:00-07:00,14
1783402680,2026-07-06T22:38:00-07:00,13
1783402740,2026-07-06T22:39:00-07:00,13
1783402800,2026-07-06T22:40:00-07:00,14
1783402860,2026-07-06T22:41:00-07:00,13
1783402920,2026-07-06T22:42:00-07:00,14
1783402980,2026-07-06T22:43:00-07:00,14
1783403040,2026-07-06T22:44:00-07:00,14
1783403100,2026-07-06T22:45:00-07:00,17
1783403160,2026-07-06T22:46:00-07:00,14
1783403220,2026-07-06T22:47:00-07:00,14
1783403280,2026-07-06T22:48:00-07:00,12
1783403340,2026-07-06T22:49:00-07:00,14
1783403400,2026-07-06T22:50:00-07:00,15
1783403460,2026-07-06T22:51:00-07:00,14
1783403520,2026-07-06T22:52:00-07:00,15
1783403580,2026-07-06T22:53:00-07:00,14
1783403640,2026-07-06T22:54:00-07:00,14
1783403700,2026-07-06T22:55:00-07:00,14
1783403760,2026-07-06T22:56:00-07:00,14
1783403820,2026-07-06T22:57:00-07:00,15
1783403880,2026-07-06T22:58:00-07:00,13
1783403940,2026-07-06T22:59:00-07:00,17
1783404000,2026-07-06T23:00:00-07:00,13
1783404060,2026-07-06T23:01:00-07:00,15
1783404120,2026-07-06T23:02:00-07:00,-1
1783404180,2026-07-06T23:03:00-07:00,14
1783404240,2026-07-06T23:04:00-07:00,15
1783404300,2026-07-06T23:05:00-07:00,17
1783404360,2026-07-06T23:06:00-07:00,13
1783404420,2026-07-06T23:07:00-07:00,14
1783404480,2026-07-06T23:08:00-07:00,17
1783404540,2026-07-06T23:09:00-07:00,16
1783404600,2026-07-06T23:10:00-07:00,14
1783404660,2026-07-06T23:11:00-07:00,14
1783404720,2026-07-06T23:12:00-07:00,-1
1783404780,2026-07-06T23:13:00-07:00,15
1783404840,2026-07-06T23:14:00-07:00,14
1783404900,2026-07-06T23:15:00-07:00,15
1783404960,2026-07-06T23:16:00-07:00,12
1783405020,2026-07-06T23:17:00-07:00,14
1783405080,2026-07-06T23:18:00-07:00,12
1783405140,2026-07-06T23:19:00-07:00,14
1783405200,2026-07-06T23:20:00-07:00,14
1783405260,2026-07-06T23:21:00-07:00,14
1783405320,2026-07-06T23:22:00-07:00,-1
1783405380,2026-07-06T23:23:00-07:00,14
1783405440,2026-07-06T23:24:00-07:00,15
1783405500,2026-07-06T23:25:00-07:00,14
1783405560,2026-07-06T23:26:00-07:00,14
1783405620,2026-07-06T23:27:00-07:00,14
1783405680,2026-07-06T23:28:00-07:00,14
1783405740,2026-07-06T23:29:00-07:00,14
1783405800,2026-07-06T23:30:00-07:00,16
1783405860,2026-07-06T23:31:00-07:00,-50
1783405920,2026-07-06T23:32:00-07:00,14
1783405980,2026-07-06T23:33:00-07:00,18
1783406040,2026-07-06T23:34:00-07:00,14
1783406100,2026-07-06T23:35:00-07:00,14
1783406160,2026-07-06T23:36:00-07:00,14
1783406220,2026-07-06T23:37:00-07:00,13
1783406280,2026-07-06T23:38:00-07:00,19
1783406340,2026-07-06T23:39:00-07:00,14
1783406400,2026-07-06T23:40:00-07:00,14
1783406460,2026-07-06T23:41:00-07:00,14
1783406520,2026-07-06T23:42:00-07:00,13
1783406580,2026-07-06T23:43:00-07:00,15
1783406640,2026-07-06T23:44:00-07:00,14
1783406700,2026-07-06T23:45:00-07:00,14
1783406760,2026-07-06T23:46:00-07:00,15
1783406820,2026-07-06T23:47:00-07:00,16
1783406880,2026-07-06T23:48:00-07:00,13
1783406940,2026-07-06T23:49:00-07:00,14
1783407000,2026-07-06T23:50:00-07:00,16
1783407060,2026-07-06T23:51:00-07:00,14
1783407120,2026-07-06T23:52:00-07:00,15
1783407180,2026-07-06T23:53:00-07:00,15
1783407240,2026-07-06T23:54:00-07:00,14
1783407300,2026-07-06T23:55:00-07:00,14
1783407360,2026-07-06T23:56:00-07:00,15
1783407420,2026-07-06T23:57:00-07:00,14
1783407480,2026-07-06T23:58:00-07:00,14
1783407540,2026-07-06T23:59:00-07:00,17
1783407600,2026-07-07T00:00:00-07:00,13
1783407660,2026-07-07T00:01:00-07:00,14
1783407720,2026-07-07T00:02:00-07:00,17
1783407780,2026-07-07T00:03:00-07:00,15
1783407840,2026-07-07T00:04:00-07:00,14
1783407900,2026-07-07T00:05:00-07:00,15
1783407960,2026-07-07T00:06:00-07:00,14
1783408020,2026-07-07T00:07:00-07:00,13
1783408080,2026-07-07T00:08:00-07:00,13
1783408140,2026-07-07T00:09:00-07:00,13
1783408200,2026-07-07T00:10:00-07:00,12
1783408260,2026-07-07T00:11:00-07:00,0
1783408320,2026-07-07T00:12:00-07:00,13
1783408380,2026-07-07T00:13:00-07:00,15
1783408440,2026-07-07T00:14:00-07:00,13
1783408500,2026-07-07T00:15:00-07:00,17
1783408560,2026-07-07T00:16:00-07:00,12
1783408620,2026-07-07T00:17:00-07:00,14
1783408680,2026-07-07T00:18:00-07:00,16
1783408740,2026-07-07T00:19:00-07:00,14
1783408800,2026-07-07T00:20:00-07:00,14
1783408860,2026-07-07T00:21:00-07:00,12
1783408920,2026-07-07T00:22:00-07:00,14
1783408980,2026-07-07T00:23:00-07:00,14
1783409040,2026-07-07T00:24:00-07:00,13
1783409100,2026-07-07T00:25:00-07:00,16
1783409160,2026-07-07T00:26:00-07:00,14
1783409220,2026-07-07T00:27:00-07:00,13
1783409280,2026-07-07T00:28:00-07:00,13
1783409340,2026-07-07T00:29:00-07:00,13
1783409400,2026-07-07T00:30:00-07:00,13
1783409460,2026-07-07T00:31:00-07:00,15
1783409520,2026-07-07T00:32:00-07:00,15
1783409580,2026-07-07T00:33:00-07:00,13
1783409640,2026-07-07T00:34:00-07:00,13
1783409700,2026-07-07T00:35:00-07:00,13
1783409760,2026-07-07T00:36:00-07:00,12
1783409820,2026-07-07T00:37:00-07:00,13
1783409880,2026-07-07T00:38:00-07:00,13
1783409940,2026-07-07T00:39:00-07:00,13
1783410000,2026-07-07T00:40:00-07:00,13
1783410060,2026-07-07T00:41:00-07:00,14
1783410120,2026-07-07T00:42:00-07:00,16
1783410180,2026-07-07T00:43:00-07:00,18
1783410240,2026-07-07T00:44:00-07:00,14
1783410300,2026-07-07T00:45:00-07:00,12
1783410360,2026-07-07T00:46:00-07:00,13
1783410420,2026-07-07T00:47:00-07:00,13
1783410480,2026-07-07T00:48:00-07:00,15
1783410540,2026-07-07T00:49:00-07:00,18
1783410600,2026-07-07T00:50:00-07:00,17
1783410660,2026-07-07T00:51:00-07:00,11
1783410720,2026-07-07T00:52:00-07:00,14
1783410780,2026-07-07T00:53:00-07:00,13
1783410840,2026-07-07T00:54:00-07:00,15
1783410900,2026-07-07T00:55:00-07:00,13
1783410960,2026-07-07T00:56:00-07:00,13
1783411020,2026-07-07T00:57:00-07:00,14
1783411080,2026-07-07T00:58:00-07:00,13
1783411140,2026-07-07T00:59:00-07:00,12
1783411200,2026-07-07T01:00:00-07:00,15
1783411260,2026-07-07T01:01:00-07:00,14
1783411320,2026-07-07T01:02:00-07:00,16
1783411380,2026-07-07T01:03:00-07:00,13
1783411440,2026-07-07T01:04:00-07:00,15
1783411500,2026-07-07T01:05:00-07:00,15
1783411560,2026-07-07T01:06:00-07:00,15
1783411620,2026-07-07T01:07:00-07:00,16
1783411680,2026-07-07T01:08:00-07:00,16
1783411740,2026-07-07T01:09:00-07:00,15
1783411800,2026-07-07T01:10:00-07:00,15
1783411860,2026-07-07T01:11:00-07:00,16
1783411920,2026-07-07T01:12:00-07:00,14
1783411980,2026-07-07T01:13:00-07:00,-5
1783412040,2026-07-07T01:14:00-07:00,14
1783412100,2026-07-07T01:15:00-07:00,14
1783412160,2026-07-07T01:16:00-07:00,14
1783412220,2026-07-07T01:17:00-07:00,14
1783412280,2026-07-07T01:18:00-07:00,15
1783412340,2026-07-07T01:19:00-07:00,13
1783412400,2026-07-07T01:20:00-07:00,15
1783412460,2026-07-07T01:21:00-07:00,15
1783412520,2026-07-07T01:22:00-07:00,14
1783412580,2026-07-07T01:23:00-07:00,14
1783412640,2026-07-07T01:24:00-07:00,15
1783412700,2026-07-07T01:25:00-07:00,14
1783412760,2026-07-07T01:26:00-07:00,12
1783412820,2026-07-07T01:27:00-07:00,13
1783412880,2026-07-07T01:28:00-07:00,13
1783412940,2026-07-07T01:29:00-07:00,13
1783413000,2026-07-07T01:30:00-07:00,16
1783413060,2026-07-07T01:31:00-07:00,17
1783413120,2026-07-07T01:32:00-07:00,13
1783413180,2026-07-07T01:33:00-07:00,15
1783413240,2026-07-07T01:34:00-07:00,16
1783413300,2026-07-07T01:35:00-07:00,15
1783413360,2026-07-07T01:36:00-07:00,15
1783413420,2026-07-07T01:37:00-07:00,14
1783413480,2026-07-07T01:38:00-07:00,13
1783413540,2026-07-07T01:39:00-07:00,16
1783413600,2026-07-07T01:40:00-07:00,14
1783413660,2026-07-07T01:41:00-07:00,14
1783413720,2026-07-07T01:42:00-07:00,15
1783413780,2026-07-07T01:43:00-07:00,15
1783413840,2026-07-07T01:44:00-07:00,14
1783413900,2026-07-07T01:45:00-07:00,14
1783413960,2026-07-07T01:46:00-07:00,14
1783414020,2026-07-07T01:47:00-07:00,14
1783414080,2026-07-07T01:48:00-07:00,13
1783414140,2026-07-07T01:49:00-07:00,15
1783414200,2026-07-07T01:50:00-07:00,14
1783414260,2026-07-07T01:51:00-07:00,14
1783414320,2026-07-07T01:52:00-07:00,14
1783414380,2026-07-07T01:53:00-07:00,14
1783414440,2026-07-07T01:54:00-07:00,16
1783414500,2026-07-07T01:55:00-07:00,15
1783414560,2026-07-07T01:56:00-07:00,13
1783414620,2026-07-07T01:57:00-07:00,15
1783414680,2026-07-07T01:58:00-07:00,15
1783414740,2026-07-07T01:59:00-07:00,13
1783414800,2026-07-07T02:00:00-07:00,14
1783414860,2026-07-07T02:01:00-07:00,15
1783414920,2026-07-07T02:02:00-07:00,14
1783414980,2026-07-07T02:03:00-07:00,14
1783415040,2026-07-07T02:04:00-07:00,13
1783415100,2026-07-07T02:05:00-07:00,14
1783415160,2026-07-07T02:06:00-07:00,14
1783415220,2026-07-07T02:07:00-07:00,13
1783415280,2026-07-07T02:08:00-07:00,14
1783415340,2026-07-07T02:09:00-07:00,15
1783415400,2026-07-07T02:10:00-07:00,15
1783415460,2026-07-07T02:11:00-07:00,15
1783415520,2026-07-07T02:12:00-07:00,15
1783415580,2026-07-07T02:13:00-07:00,15
1783415640,2026-07-07T02:14:00-07:00,13
1783415700,2026-07-07T02:15:00-07:00,14
1783415760,2026-07-07T02:16:00-07:00,14
1783415820,2026-07-07T02:17:00-07:00,14
1783415880,2026-07-07T02:18:00-07:00,14
1783415940,2026-07-07T02:19:00-07:00,12
1783416000,2026-07-07T02:20:00-07:00,13
1783416060,2026-07-07T02:21:00-07:00,14
1783416120,2026-07-07T02:22:00-07:00,14
1783416180,2026-07-07T02:23:00-07:00,16
1783416240,2026-07-07T02:24:00-07:00,14
1783416300,2026-07-07T02:25:00-07:00,15
1783416360,2026-07-07T02:26:00-07:00,-3
1783416420,2026-07-07T02:27:00-07:00,16
1783416480,2026-07-07T02:28:00-07:00,16
1783416540,2026-07-07T02:29:00-07:00,15
1783416600,2026-07-07T02:30:00-07:00,16
1783416660,2026-07-07T02:31:00-07:00,14
1783416720,2026-07-07T02:32:00-07:00,13
1783416780,2026-07-07T02:33:00-07:00,13
1783416840,2026-07-07T02:34:00-07:00,14
1783416900,2026-07-07T02:35:00-07:00,14
1783416960,2026-07-07T02:36:00-07:00,15
1783417020,2026-07-07T02:37:00-07:00,16
1783417080,2026-07-07T02:38:00-07:00,14
1783417140,2026-07-07T02:39:00-07:00,13
1783417200,2026-07-07T02:40:00-07:00,13
1783417260,2026-07-07T02:41:00-07:00,14
1783417320,2026-07-07T02:42:00-07:00,16
1783417380,2026-07-07T02:43:00-07:00,15
1783417440,2026-07-07T02:44:00-07:00,12
1783417500,2026-07-07T02:45:00-07:00,15
1783417560,2026-07-07T02:46:00-07:00,14
1783417620,2026-07-07T02:47:00-07:00,13
1783417680,2026-07-07T02:48:00-07:00,14
1783417740,2026-07-07T02:49:00-07:00,15
1783417800,2026-07-07T02:50:00-07:00,13
1783417860,2026-07-07T02:51:00-07:00,15
1783417920,2026-07-07T02:52:00-07:00,14
1783417980,2026-07-07T02:53:00-07:00,15
1783418040,2026-07-07T02:54:00-07:00,15
1783418100,2026-07-07T02:55:00-07:00,13
1783418160,2026-07-07T02:56:00-07:00,14
1783418220,2026-07-07T02:57:00-07:00,13
1783418280,2026-07-07T02:58:00-07:00,13
1783418340,2026-07-07T02:59:00-07:00,16
1783418400,2026-07-07T03:00:00-07:00,13
1783418460,2026-07-07T03:01:00-07:00,23
1783418520,2026-07-07T03:02:00-07:00,14
1783418580,2026-07-07T03:03:00-07:00,14
1783418640,2026-07-07T03:04:00-07:00,15
1783418700,2026-07-07T03:05:00-07:00,16
1783418760,2026-07-07T03:06:00-07:00,14
1783418820,2026-07-07T03:07:00-07:00,14
1783418880,2026-07-07T03:08:00-07:00,13
1783418940,2026-07-07T03:09:00-07:00,14
1783419000,2026-07-07T03:10:00-07:00,14
1783419060,2026-07-07T03:11:00-07:00,13
1783419120,2026-07-07T03:12:00-07:00,13
1783419180,2026-07-07T03:13:00-07:00,14
1783419240,2026-07-07T03:14:00-07:00,14
1783419300,2026-07-07T03:15:00-07:00,14
1783419360,2026-07-07T03:16:00-07:00,13
1783419420,2026-07-07T03:17:00-07:00,13
1783419480,2026-07-07T03:18:00-07:00,14
1783419540,2026-07-07T03:19:00-07:00,17
1783419600,2026-07-07T03:20:00-07:00,14
1783419660,2026-07-07T03:21:00-07:00,13
1783419720,2026-07-07T03:22:00-07:00,13
1783419780,2026-07-07T03:23:00-07:00,15
1783419840,2026-07-07T03:24:00-07:00,13
1783419900,2026-07-07T03:25:00-07:00,14
1783419960,2026-07-07T03:26:00-07:00,14
1783420020,2026-07-07T03:27:00-07:00,15
1783420080,2026-07-07T03:28:00-07:00,18
1783420140,2026-07-07T03:29:00-07:00,13
1783420200,2026-07-07T03:30:00-07:00,14
1783420260,2026-07-07T03:31:00-07:00,14
1783420320,2026-07-07T03:32:00-07:00,14
1783420380,2026-07-07T03:33:00-07:00,16
1783420440,2026-07-07T03:34:00-07:00,-2
1783420500,2026-07-07T03:35:00-07:00,14
1783420560,2026-07-07T03:36:00-07:00,14
1783420620,2026-07-07T03:37:00-07:00,16
1783420680,2026-07-07T03:38:00-07:00,14
1783420740,2026-07-07T03:39:00-07:00,13
1783420800,2026-07-07T03:40:00-07:00,16
1783420860,2026-07-07T03:41:00-07:00,13
1783420920,2026-07-07T03:42:00-07:00,14
1783420980,2026-07-07T03:43:00-07:00,13
1783421040,2026-07-07T03:44:00-07:00,13
1783421100,2026-07-07T03:45:00-07:00,12
1783421160,2026-07-07T03:46:00-07:00,13
1783421220,2026-07-07T03:47:00-07:00,15
1783421280,2026-07-07T03:48:00-07:00,14
1783421340,2026-07-07T03:49:00-07:00,14
1783421400,2026-07-07T03:50:00-07:00,14
1783421460,2026-07-07T03:51:00-07:00,14
1783421520,2026-07-07T03:52:00-07:00,14
1783421580,2026-07-07T03:53:00-07:00,15
1783421640,2026-07-07T03:54:00-07:00,15
1783421700,2026-07-07T03:55:00-07:00,14
1783421760,2026-07-07T03:56:00-07:00,13
1783421820,2026-07-07T03:57:00-07:00,14
1783421880,2026-07-07T03:58:00-07:00,13
1783421940,2026-07-07T03:59:00-07:00,14
1783422000,2026-07-07T04:00:00-07:00,12
1783422060,2026-07-07T04:01:00-07:00,13
1783422120,2026-07-07T04:02:00-07:00,15
1783422180,2026-07-07T04:03:00-07:00,-3
1783422240,2026-07-07T04:04:00-07:00,13
1783422300,2026-07-07T04:05:00-07:00,15
1783422360,2026-07-07T04:06:00-07:00,15
1783422420,2026-07-07T04:07:00-07:00,14
1783422480,2026-07-07T04:08:00-07:00,15
1783422540,2026-07-07T04:09:00-07:00,14
1783422600,2026-07-07T04:10:00-07:00,14
1783422660,2026-07-07T04:11:00-07:00,18
1783422720,2026-07-07T04:12:00-07:00,14
1783422780,2026-07-07T04:13:00-07:00,13
1783422840,2026-07-07T04:14:00-07:00,13
1783422900,2026-07-07T04:15:00-07:00,13
1783422960,2026-07-07T04:16:00-07:00,15
1783423020,2026-07-07T04:17:00-07:00,13
1783423080,2026-07-07T04:18:00-07:00,14
1783423140,2026-07-07T04:19:00-07:00,15
1783423200,2026-07-07T04:20:00-07:00,15
1783423260,2026-07-07T04:21:00-07:00,18
1783423320,2026-07-07T04:22:00-07:00,14
1783423380,2026-07-07T04:23:00-07:00,12
1783423440,2026-07-07T04:24:00-07:00,-50
1783423500,2026-07-07T04:25:00-07:00,14
1783423560,2026-07-07T04:26:00-07:00,13
1783423620,2026-07-07T04:27:00-07:00,18
1783423680,2026-07-07T04:28:00-07:00,14
1783423740,2026-07-07T04:29:00-07:00,13
1783423800,2026-07-07T04:30:00-07:00,13
1783423860,2026-07-07T04:31:00-07:00,16
1783423920,2026-07-07T04:32:00-07:00,18
1783423980,2026-07-07T04:33:00-07:00,15
1783424040,2026-07-07T04:34:00-07:00,14
1783424100,2026-07-07T04:35:00-07:00,13
1783424160,2026-07-07T04:36:00-07:00,14
1783424220,2026-07-07T04:37:00-07:00,12
1783424280,2026-07-07T04:38:00-07:00,13
1783424340,2026-07-07T04:39:00-07:00,14
1783424400,2026-07-07T04:40:00-07:00,13
1783424460,2026-07-07T04:41:00-07:00,13
1783424520,2026-07-07T04:42:00-07:00,-3
1783424580,2026-07-07T04:43:00-07:00,13
1783424640,2026-07-07T04:44:00-07:00,13
1783424700,2026-07-07T04:45:00-07:00,-2
1783424760,2026-07-07T04:46:00-07:00,16
1783424820,2026-07-07T04:47:00-07:00,13
1783424880,2026-07-07T04:48:00-07:00,13
1783424940,2026-07-07T04:49:00-07:00,14
1783425000,2026-07-07T04:50:00-07:00,14
1783425060,2026-07-07T04:51:00-07:00,14
1783425120,2026-07-07T04:52:00-07:00,15
1783425180,2026-07-07T04:53:00-07:00,13
1783425240,2026-07-07T04:54:00-07:00,14
1783425300,2026-07-07T04:55:00-07:00,14
1783425360,2026-07-07T04:56:00-07:00,14
1783425420,2026-07-07T04:57:00-07:00,14
1783425480,2026-07-07T04:58:00-07:00,14
1783425540,2026-07-07T04:59:00-07:00,14
1783425600,2026-07-07T05:00:00-07:00,14
1783425660,2026-07-07T05:01:00-07:00,14
1783425720,2026-07-07T05:02:00-07:00,14
1783425780,2026-07-07T05:03:00-07:00,14
1783425840,2026-07-07T05:04:00-07:00,15
1783425900,2026-07-07T05:05:00-07:00,12
1783425960,2026-07-07T05:06:00-07:00,15
1783426020,2026-07-07T05:07:00-07:00,13
1783426080,2026-07-07T05:08:00-07:00,13
1783426140,2026-07-07T05:09:00-07:00,14
1783426200,2026-07-07T05:10:00-07:00,13
1783426260,2026-07-07T05:11:00-07:00,-3
1783426320,2026-07-07T05:12:00-07:00,16
1783426380,2026-07-07T05:13:00-07:00,13
1783426440,2026-07-07T05:14:00-07:00,14
1783426500,2026-07-07T05:15:00-07:00,14
1783426560,2026-07-07T05:16:00-07:00,15
1783426620,2026-07-07T05:17:00-07:00,13
1783426680,2026-07-07T05:18:00-07:00,16
1783426740,2026-07-07T05:19:00-07:00,14
1783426800,2026-07-07T05:20:00-07:00,14
1783426860,2026-07-07T05:21:00-07:00,-2
1783426920,2026-07-07T05:22:00-07:00,15
1783426980,2026-07-07T05:23:00-07:00,14
1783427040,2026-07-07T05:24:00-07:00,15
1783427100,2026-07-07T05:25:00-07:00,14
1783427160,2026-07-07T05:26:00-07:00,15
1783427220,2026-07-07T05:27:00-07:00,14
1783427280,2026-07-07T05:28:00-07:00,15
1783427340,2026-07-07T05:29:00-07:00,18
1783427400,2026-07-07T05:30:00-07:00,13
1783427460,2026-07-07T05:31:00-07:00,15
1783427520,2026-07-07T05:32:00-07:00,14
1783427580,2026-07-07T05:33:00-07:00,13
1783427640,2026-07-07T05:34:00-07:00,13
1783427700,2026-07-07T05:35:00-07:00,15
1783427760,2026-07-07T05:36:00-07:00,17
1783427820,2026-07-07T05:37:00-07:00,13
1783427880,2026-07-07T05:38:00-07:00,14
1783427940,2026-07-07T05:39:00-07:00,14
1783428000,2026-07-07T05:40:00-07:00,13
1783428060,2026-07-07T05:41:00-07:00,14
1783428120,2026-07-07T05:42:00-07:00,14
1783428180,2026-07-07T05:43:00-07:00,13
1783428240,2026-07-07T05:44:00-07:00,16
1783428300,2026-07-07T05:45:00-07:00,14
1783428360,2026-07-07T05:46:00-07:00,14
1783428420,2026-07-07T05:47:00-07:00,15
1783428480,2026-07-07T05:48:00-07:00,18
1783428540,2026-07-07T05:49:00-07:00,14
1783428600,2026-07-07T05:50:00-07:00,15
1783428660,2026-07-07T05:51:00-07:00,15
1783428720,2026-07-07T05:52:00-07:00,15
1783428780,2026-07-07T05:53:00-07:00,15
1783428840,2026-07-07T05:54:00-07:00,15
1783428900,2026-07-07T05:55:00-07:00,16
1783428960,2026-07-07T05:56:00-07:00,14
1783429020,2026-07-07T05:57:00-07:00,14
1783429080,2026-07-07T05:58:00-07:00,14
1783429140,2026-07-07T05:59:00-07:00,15
1783429200,2026-07-07T06:00:00-07:00,18
1783429260,2026-07-07T06:01:00-07:00,15
1783429320,2026-07-07T06:02:00-07:00,14
1783429380,2026-07-07T06:03:00-07:00,15
1783429440,2026-07-07T06:04:00-07:00,15
1783429500,2026-07-07T06:05:00-07:00,14
1783429560,2026-07-07T06:06:00-07:00,14
1783429620,2026-07-07T06:07:00-07:00,15
1783429680,2026-07-07T06:08:00-07:00,14
1783429740,2026-07-07T06:09:00-07:00,14
1783429800,2026-07-07T06:10:00-07:00,16
1783429860,2026-07-07T06:11:00-07:00,14
1783429920,2026-07-07T06:12:00-07:00,13
1783429980,2026-07-07T06:13:00-07:00,14
1783430040,2026-07-07T06:14:00-07:00,15
1783430100,2026-07-07T06:15:00-07:00,13
1783430160,2026-07-07T06:16:00-07:00,15
1783430220,2026-07-07T06:17:00-07:00,16
1783430280,2026-07-07T06:18:00-07:00,15
1783430340,2026-07-07T06:19:00-07:00,15
1783430400,2026-07-07T06:20:00-07:00,14
1783430460,2026-07-07T06:21:00-07:00,16
1783430520,2026-07-07T06:22:00-07:00,15
1783430580,2026-07-07T06:23:00-07:00,18
1783430640,2026-07-07T06:24:00-07:00,14
1783430700,2026-07-07T06:25:00-07:00,13
1783430760,2026-07-07T06:26:00-07:00,15
1783430820,2026-07-07T06:27:00-07:00,14
1783430880,2026-07-07T06:28:00-07:00,14
1783430940,2026-07-07T06:29:00-07:00,-3
1783431000,2026-07-07T06:30:00-07:00,15
1783431060,2026-07-07T06:31:00-07:00,15
1783431120,2026-07-07T06:32:00-07:00,13
1783431180,2026-07-07T06:33:00-07:00,16
1783431240,2026-07-07T06:34:00-07:00,13
1783431300,2026-07-07T06:35:00-07:00,13
1783431360,2026-07-07T06:36:00-07:00,17
1783431420,2026-07-07T06:37:00-07:00,14
1783431480,2026-07-07T06:38:00-07:00,14
1783431540,2026-07-07T06:39:00-07:00,13
1783431600,2026-07-07T06:40:00-07:00,14
1783431660,2026-07-07T06:41:00-07:00,18
1783431720,2026-07-07T06:42:00-07:00,-50
1783431780,2026-07-07T06:43:00-07:00,13
1783431840,2026-07-07T06:44:00-07:00,14
1783431900,2026-07-07T06:45:00-07:00,13
1783431960,2026-07-07T06:46:00-07:00,14
1783432020,2026-07-07T06:47:00-07:00,14
1783432080,2026-07-07T06:48:00-07:00,14
1783432140,2026-07-07T06:49:00-07:00,15
1783432200,2026-07-07T06:50:00-07:00,15
1783432260,2026-07-07T06:51:00-07:00,14
1783432320,2026-07-07T06:52:00-07:00,16
1783432380,2026-07-07T06:53:00-07:00,14
1783432440,2026-07-07T06:54:00-07:00,14
1783432500,2026-07-07T06:55:00-07:00,14
1783432560,2026-07-07T06:56:00-07:00,16
1783432620,2026-07-07T06:57:00-07:00,15
1783432680,2026-07-07T06:58:00-07:00,17
1783432740,2026-07-07T06:59:00-07:00,14
1783432800,2026-07-07T07:00:00-07:00,14
1783432860,2026-07-07T07:01:00-07:00,16
1783432920,2026-07-07T07:02:00-07:00,15
1783432980,2026-07-07T07:03:00-07:00,16
1783433040,2026-07-07T07:04:00-07:00,14
1783433100,2026-07-07T07:05:00-07:00,16
1783433160,2026-07-07T07:06:00-07:00,15
1783433220,2026-07-07T07:07:00-07:00,15
1783433280,2026-07-07T07:08:00-07:00,0
1783433340,2026-07-07T07:09:00-07:00,14
1783433400,2026-07-07T07:10:00-07:00,14
1783433460,2026-07-07T07:11:00-07:00,14
1783433520,2026-07-07T07:12:00-07:00,15
1783433580,2026-07-07T07:13:00-07:00,-3
1783433640,2026-07-07T07:14:00-07:00,16
1783433700,2026-07-07T07:15:00-07:00,15
1783433760,2026-07-07T07:16:00-07:00,14
1783433820,2026-07-07T07:17:00-07:00,13
1783433880,2026-07-07T07:18:00-07:00,15
1783433940,2026-07-07T07:19:00-07:00,15
1783434000,2026-07-07T07:20:00-07:00,15
1783434060,2026-07-07T07:21:00-07:00,14
1783434120,2026-07-07T07:22:00-07:00,14
1783434180,2026-07-07T07:23:00-07:00,15
1783434240,2026-07-07T07:24:00-07:00,14
1783434300,2026-07-07T07:25:00-07:00,14
1783434360,2026-07-07T07:26:00-07:00,16
1783434420,2026-07-07T07:27:00-07:00,14
1783434480,2026-07-07T07:28:00-07:00,17
1783434540,2026-07-07T07:29:00-07:00,17
1783434600,2026-07-07T07:30:00-07:00,14
1783434660,2026-07-07T07:31:00-07:00,18
1783434720,2026-07-07T07:32:00-07:00,14
1783434780,2026-07-07T07:33:00-07:00,14
1783434840,2026-07-07T07:34:00-07:00,15
1783434900,2026-07-07T07:35:00-07:00,13
1783434960,2026-07-07T07:36:00-07:00,17
1783435020,2026-07-07T07:37:00-07:00,14
1783435080,2026-07-07T07:38:00-07:00,15
1783435140,2026-07-07T07:39:00-07:00,15
1783435200,2026-07-07T07:40:00-07:00,15
1783435260,2026-07-07T07:41:00-07:00,14
1783435320,2026-07-07T07:42:00-07:00,14
1783435380,2026-07-07T07:43:00-07:00,17
1783435440,2026-07-07T07:44:00-07:00,14
1783435500,2026-07-07T07:45:00-07:00,16
1783435560,2026-07-07T07:46:00-07:00,18
1783435620,2026-07-07T07:47:00-07:00,15
1783435680,2026-07-07T07:48:00-07:00,17
1783435740,2026-07-07T07:49:00-07:00,16
1783435800,2026-07-07T07:50:00-07:00,15
1783435860,2026-07-07T07:51:00-07:00,14
1783435920,2026-07-07T07:52:00-07:00,14
1783435980,2026-07-07T07:53:00-07:00,15
1783436040,2026-07-07T07:54:00-07:00,14
1783436100,2026-07-07T07:55:00-07:00,15
1783436160,2026-07-07T07:56:00-07:00,15
1783436220,2026-07-07T07:57:00-07:00,13
1783436280,2026-07-07T07:58:00-07:00,1
1783436340,2026-07-07T07:59:00-07:00,14
1783436400,2026-07-07T08:00:00-07:00,15
1783436460,2026-07-07T08:01:00-07:00,14
1783436520,2026-07-07T08:02:00-07:00,13
1783436580,2026-07-07T08:03:00-07:00,15
1783436640,2026-07-07T08:04:00-07:00,14
1783436700,2026-07-07T08:05:00-07:00,15
1783436760,2026-07-07T08:06:00-07:00,14
1783436820,2026-07-07T08:07:00-07:00,-2
1783436880,2026-07-07T08:08:00-07:00,14
1783436940,2026-07-07T08:09:00-07:00,14
1783437000,2026-07-07T08:10:00-07:00,15
1783437060,2026-07-07T08:11:00-07:00,16
1783437120,2026-07-07T08:12:00-07:00,13
1783437180,2026-07-07T08:13:00-07:00,15
1783437240,2026-07-07T08:14:00-07:00,14
1783437300,2026-07-07T08:15:00-07:00,17
1783437360,2026-07-07T08:16:00-07:00,14
1783437420,2026-07-07T08:17:00-07:00,14
1783437480,2026-07-07T08:18:00-07:00,16
1783437540,2026-07-07T08:19:00-07:00,14
1783437600,2026-07-07T08:20:00-07:00,15
1783437660,2026-07-07T08:21:00-07:00,15
1783437720,2026-07-07T08:22:00-07:00,18
1783437780,2026-07-07T08:23:00-07:00,14
1783437840,2026-07-07T08:24:00-07:00,17
1783437900,2026-07-07T08:25:00-07:00,13
1783437960,2026-07-07T08:26:00-07:00,15
1783438020,2026-07-07T08:27:00-07:00,17
1783438080,2026-07-07T08:28:00-07:00,14
1783438140,2026-07-07T08:29:00-07:00,14
1783438200,2026-07-07T08:30:00-07:00,14
1783438260,2026-07-07T08:31:00-07:00,14
1783438320,2026-07-07T08:32:00-07:00,16
1783438380,2026-07-07T08:33:00-07:00,15
1783438440,2026-07-07T08:34:00-07:00,16
1783438500,2026-07-07T08:35:00-07:00,14
1783438560,2026-07-07T08:36:00-07:00,12
1783438620,2026-07-07T08:37:00-07:00,18
1783438680,2026-07-07T08:38:00-07:00,15
1783438740,2026-07-07T08:39:00-07:00,14
1783438800,2026-07-07T08:40:00-07:00,14
1783438860,2026-07-07T08:41:00-07:00,20
1783438920,2026-07-07T08:42:00-07:00,14
1783438980,2026-07-07T08:43:00-07:00,14
1783439040,2026-07-07T08:44:00-07:00,15
1783439100,2026-07-07T08:45:00-07:00,13
1783439160,2026-07-07T08:46:00-07:00,17
1783439220,2026-07-07T08:47:00-07:00,14
1783439280,2026-07-07T08:48:00-07:00,14
1783439340,2026-07-07T08:49:00-07:00,14
1783439400,2026-07-07T08:50:00-07:00,15
1783439460,2026-07-07T08:51:00-07:00,-50
1783439520,2026-07-07T08:52:00-07:00,17
1783439580,2026-07-07T08:53:00-07:00,15
1783439640,2026-07-07T08:54:00-07:00,16
1783439700,2026-07-07T08:55:00-07:00,16
1783439760,2026-07-07T08:56:00-07:00,13
1783439820,2026-07-07T08:57:00-07:00,13
1783439880,2026-07-07T08:58:00-07:00,14
1783439940,2026-07-07T08:59:00-07:00,18
1783440000,2026-07-07T09:00:00-07:00,16
1783440060,2026-07-07T09:01:00-07:00,16
1783440120,2026-07-07T09:02:00-07:00,14
1783440180,2026-07-07T09:03:00-07:00,14
1783440240,2026-07-07T09:04:00-07:00,14
1783440300,2026-07-07T09:05:00-07:00,14
1783440360,2026-07-07T09:06:00-07:00,15
1783440420,2026-07-07T09:07:00-07:00,15
1783440480,2026-07-07T09:08:00-07:00,15
1783440540,2026-07-07T09:09:00-07:00,14
1783440600,2026-07-07T09:10:00-07:00,14
1783440660,2026-07-07T09:11:00-07:00,15
1783440720,2026-07-07T09:12:00-07:00,15
1783440780,2026-07-07T09:13:00-07:00,17
1783440840,2026-07-07T09:14:00-07:00,17
1783440900,2026-07-07T09:15:00-07:00,13
1783440960,2026-07-07T09:16:00-07:00,13
1783441020,2026-07-07T09:17:00-07:00,13
1783441080,2026-07-07T09:18:00-07:00,15
1783441140,2026-07-07T09:19:00-07:00,13
1783441200,2026-07-07T09:20:00-07:00,14
1783441260,2026-07-07T09:21:00-07:00,14
1783441320,2026-07-07T09:22:00-07:00,14
1783441380,2026-07-07T09:23:00-07:00,16
1783441440,2026-07-07T09:24:00-07:00,14
1783441500,2026-07-07T09:25:00-07:00,14
1783441560,2026-07-07T09:26:00-07:00,15
1783441620,2026-07-07T09:27:00-07:00,13
1783441680,2026-07-07T09:28:00-07:00,14
1783441740,2026-07-07T09:29:00-07:00,14
1783441800,2026-07-07T09:30:00-07:00,12
1783441860,2026-07-07T09:31:00-07:00,15
1783441920,2026-07-07T09:32:00-07:00,18
1783441980,2026-07-07T09:33:00-07:00,13
1783442040,2026-07-07T09:34:00-07:00,16
1783442100,2026-07-07T09:35:00-07:00,15
1783442160,2026-07-07T09:36:00-07:00,16
1783442220,2026-07-07T09:37:00-07:00,-50
1783442280,2026-07-07T09:38:00-07:00,14
1783442340,2026-07-07T09:39:00-07:00,13
1783442400,2026-07-07T09:40:00-07:00,14
1783442460,2026-07-07T09:41:00-07:00,14
1783442520,2026-07-07T09:42:00-07:00,14
1783442580,2026-07-07T09:43:00-07:00,14
1783442640,2026-07-07T09:44:00-07:00,14
1783442700,2026-07-07T09:45:00-07:00,16
1783442760,2026-07-07T09:46:00-07:00,14
1783442820,2026-07-07T09:47:00-07:00,14
1783442880,2026-07-07T09:48:00-07:00,13
1783442940,2026-07-07T09:49:00-07:00,14
1783443000,2026-07-07T09:50:00-07:00,14
1783443060,2026-07-07T09:51:00-07:00,14
1783443120,2026-07-07T09:52:00-07:00,15
1783443180,2026-07-07T09:53:00-07:00,14
1783443240,2026-07-07T09:54:00-07:00,12
1783443300,2026-07-07T09:55:00-07:00,14
1783443360,2026-07-07T09:56:00-07:00,14
1783443420,2026-07-07T09:57:00-07:00,15
1783443480,2026-07-07T09:58:00-07:00,14
1783443540,2026-07-07T09:59:00-07:00,13
1783443600,2026-07-07T10:00:00-07:00,14
1783443660,2026-07-07T10:01:00-07:00,15
1783443720,2026-07-07T10:02:00-07:00,14
1783443780,2026-07-07T10:03:00-07:00,15
1783443840,2026-07-07T10:04:00-07:00,13
1783443900,2026-07-07T10:05:00-07:00,13
1783443960,2026-07-07T10:06:00-07:00,16
1783444020,2026-07-07T10:07:00-07:00,12
1783444080,2026-07-07T10:08:00-07:00,14
1783444140,2026-07-07T10:09:00-07:00,16
1783444200,2026-07-07T10:10:00-07:00,15
1783444260,2026-07-07T10:11:00-07:00,14
1783444320,2026-07-07T10:12:00-07:00,15
1783444380,2026-07-07T10:13:00-07:00,18
1783444440,2026-07-07T10:14:00-07:00,1
1783444500,2026-07-07T10:15:00-07:00,16
1783444560,2026-07-07T10:16:00-07:00,13
1783444620,2026-07-07T10:17:00-07:00,15
1783444680,2026-07-07T10:18:00-07:00,17
1783444740,2026-07-07T10:19:00-07:00,15
1783444800,2026-07-07T10:20:00-07:00,-50
1783444860,2026-07-07T10:21:00-07:00,14
1783444920,2026-07-07T10:22:00-07:00,15
1783444980,2026-07-07T10:23:00-07:00,14
1783445040,2026-07-07T10:24:00-07:00,13
1783445100,2026-07-07T10:25:00-07:00,15
1783445160,2026-07-07T10:26:00-07:00,13
1783445220,2026-07-07T10:27:00-07:00,14
1783445280,2026-07-07T10:28:00-07:00,12
1783445340,2026-07-07T10:29:00-07:00,12
1783445400,2026-07-07T10:30:00-07:00,14
1783445460,2026-07-07T10:31:00-07:00,16
1783445520,2026-07-07T10:32:00-07:00,17
1783445580,2026-07-07T10:33:00-07:00,14
1783445640,2026-07-07T10:34:00-07:00,14
1783445700,2026-07-07T10:35:00-07:00,14
1783445760,2026-07-07T10:36:00-07:00,1
1783445820,2026-07-07T10:37:00-07:00,14
1783445880,2026-07-07T10:38:00-07:00,16
1783445940,2026-07-07T10:39:00-07:00,16
1783446000,2026-07-07T10:40:00-07:00,14
1783446060,2026-07-07T10:41:00-07:00,17
1783446120,2026-07-07T10:42:00-07:00,17
1783446180,2026-07-07T10:43:00-07:00,15
1783446240,2026-07-07T10:44:00-07:00,14
1783446300,2026-07-07T10:45:00-07:00,14
1783446360,2026-07-07T10:46:00-07:00,5
1783446420,2026-07-07T10:47:00-07:00,13
1783446480,2026-07-07T10:48:00-07:00,14
1783446540,2026-07-07T10:49:00-07:00,14
1783446600,2026-07-07T10:50:00-07:00,14
1783446660,2026-07-07T10:51:00-07:00,15
1783446720,2026-07-07T10:52:00-07:00,13
1783446780,2026-07-07T10:53:00-07:00,13
1783446840,2026-07-07T10:54:00-07:00,15
1783446900,2026-07-07T10:55:00-07:00,16
1783446960,2026-07-07T10:56:00-07:00,14
1783447020,2026-07-07T10:57:00-07:00,12
1783447080,2026-07-07T10:58:00-07:00,12
1783447140,2026-07-07T10:59:00-07:00,14
1783447200,2026-07-07T11:00:00-07:00,14
1783447260,2026-07-07T11:01:00-07:00,13
1783447320,2026-07-07T11:02:00-07:00,13
1783447380,2026-07-07T11:03:00-07:00,17
1783447440,2026-07-07T11:04:00-07:00,0
1783447500,2026-07-07T11:05:00-07:00,17
1783447560,2026-07-07T11:06:00-07:00,14
1783447620,2026-07-07T11:07:00-07:00,18
1783447680,2026-07-07T11:08:00-07:00,14
1783447740,2026-07-07T11:09:00-07:00,15
1783447800,2026-07-07T11:10:00-07:00,13
1783447860,2026-07-07T11:11:00-07:00,14
1783447920,2026-07-07T11:12:00-07:00,13
1783447980,2026-07-07T11:13:00-07:00,16
1783448040,2026-07-07T11:14:00-07:00,15
1783448100,2026-07-07T11:15:00-07:00,16
1783448160,2026-07-07T11:16:00-07:00,14
1783448220,2026-07-07T11:17:00-07:00,17
1783448280,2026-07-07T11:18:00-07:00,14
1783448340,2026-07-07T11:19:00-07:00,12
1783448400,2026-07-07T11:20:00-07:00,14
1783448460,2026-07-07T11:21:00-07:00,13
1783448520,2026-07-07T11:22:00-07:00,2
1783448580,2026-07-07T11:23:00-07:00,14
1783448640,2026-07-07T11:24:00-07:00,13
1783448700,2026-07-07T11:25:00-07:00,16
1783448760,2026-07-07T11:26:00-07:00,16
1783448820,2026-07-07T11:27:00-07:00,14
1783448880,2026-07-07T11:28:00-07:00,13
1783448940,2026-07-07T11:29:00-07:00,14
1783449000,2026-07-07T11:30:00-07:00,14
1783449060,2026-07-07T11:31:00-07:00,14
1783449120,2026-07-07T11:32:00-07:00,13
1783449180,2026-07-07T11:33:00-07:00,14
1783449240,2026-07-07T11:34:00-07:00,12
1783449300,2026-07-07T11:35:00-07:00,13
1783449360,2026-07-07T11:36:00-07:00,15
1783449420,2026-07-07T11:37:00-07:00,16
1783449480,2026-07-07T11:38:00-07:00,13
1783449540,2026-07-07T11:39:00-07:00,16
1783449600,2026-07-07T11:40:00-07:00,15
1783449660,2026-07-07T11:41:00-07:00,14
1783449720,2026-07-07T11:42:00-07:00,0
1783449780,2026-07-07T11:43:00-07:00,18
1783449840,2026-07-07T11:44:00-07:00,16
1783449900,2026-07-07T11:45:00-07:00,13
1783449960,2026-07-07T11:46:00-07:00,15
1783450020,2026-07-07T11:47:00-07:00,18
1783450080,2026-07-07T11:48:00-07:00,17
1783450140,2026-07-07T11:49:00-07:00,18
1783450200,2026-07-07T11:50:00-07:00,15
1783450260,2026-07-07T11:51:00-07:00,13
1783450320,2026-07-07T11:52:00-07:00,15
1783450380,2026-07-07T11:53:00-07:00,13
1783450440,2026-07-07T11:54:00-07:00,16
1783450500,2026-07-07T11:55:00-07:00,18
1783450560,2026-07-07T11:56:00-07:00,16
1783450620,2026-07-07T11:57:00-07:00,13
1783450680,2026-07-07T11:58:00-07:00,14
1783450740,2026-07-07T11:59:00-07:00,13
1783450800,2026-07-07T12:00:00-07:00,18
1783450860,2026-07-07T12:01:00-07:00,16
1783450920,2026-07-07T12:02:00-07:00,14
1783450980,2026-07-07T12:03:00-07:00,13
1783451040,2026-07-07T12:04:00-07:00,12
1783451100,2026-07-07T12:05:00-07:00,15
1783451160,2026-07-07T12:06:00-07:00,13
1783451220,2026-07-07T12:07:00-07:00,14
1783451280,2026-07-07T12:08:00-07:00,15
1783451340,2026-07-07T12:09:00-07:00,16
1783451400,2026-07-07T12:10:00-07:00,12
1783451460,2026-07-07T12:11:00-07:00,12
1783451520,2026-07-07T12:12:00-07:00,13
1783451580,2026-07-07T12:13:00-07:00,15
1783451640,2026-07-07T12:14:00-07:00,15
1783451700,2026-07-07T12:15:00-07:00,16
1783451760,2026-07-07T12:16:00-07:00,15
1783451820,2026-07-07T12:17:00-07:00,14
1783451880,2026-07-07T12:18:00-07:00,18
1783451940,2026-07-07T12:19:00-07:00,13
1783452000,2026-07-07T12:20:00-07:00,16
1783452060,2026-07-07T12:21:00-07:00,14
1783452120,2026-07-07T12:22:00-07:00,17
1783452180,2026-07-07T12:23:00-07:00,13
1783452240,2026-07-07T12:24:00-07:00,14
1783452300,2026-07-07T12:25:00-07:00,12
1783452360,2026-07-07T12:26:00-07:00,14
1783452420,2026-07-07T12:27:00-07:00,12
1783452480,2026-07-07T12:28:00-07:00,12
1783452540,2026-07-07T12:29:00-07:00,13
1783452600,2026-07-07T12:30:00-07:00,18
1783452660,2026-07-07T12:31:00-07:00,18
1783452720,2026-07-07T12:32:00-07:00,12
1783452780,2026-07-07T12:33:00-07:00,13
1783452840,2026-07-07T12:34:00-07:00,13
1783452900,2026-07-07T12:35:00-07:00,13
1783452960,2026-07-07T12:36:00-07:00,15
1783453020,2026-07-07T12:37:00-07:00,13
1783453080,2026-07-07T12:38:00-07:00,18
1783453140,2026-07-07T12:39:00-07:00,13
1783453200,2026-07-07T12:40:00-07:00,13
1783453260,2026-07-07T12:41:00-07:00,14
1783453320,2026-07-07T12:42:00-07:00,13
1783453380,2026-07-07T12:43:00-07:00,14
1783453440,2026-07-07T12:44:00-07:00,18
1783453500,2026-07-07T12:45:00-07:00,13
1783453560,2026-07-07T12:46:00-07:00,14
1783453620,2026-07-07T12:47:00-07:00,15
1783453680,2026-07-07T12:48:00-07:00,15
1783453740,2026-07-07T12:49:00-07:00,12
1783453800,2026-07-07T12:50:00-07:00,14
1783453860,2026-07-07T12:51:00-07:00,17
1783453920,2026-07-07T12:52:00-07:00,15
1783453980,2026-07-07T12:53:00-07:00,13
1783454040,2026-07-07T12:54:00-07:00,14
1783454100,2026-07-07T12:55:00-07:00,14
1783454160,2026-07-07T12:56:00-07:00,12
1783454220,2026-07-07T12:57:00-07:00,14
1783454280,2026-07-07T12:58:00-07:00,14
1783454340,2026-07-07T12:59:00-07:00,14
1783454400,2026-07-07T13:00:00-07:00,14
1783454460,2026-07-07T13:01:00-07:00,12
1783454520,2026-07-07T13:02:00-07:00,14
1783454580,2026-07-07T13:03:00-07:00,18
1783454640,2026-07-07T13:04:00-07:00,14
1783454700,2026-07-07T13:05:00-07:00,15
1783454760,2026-07-07T13:06:00-07:00,13
1783454820,2026-07-07T13:07:00-07:00,15
1783454880,2026-07-07T13:08:00-07:00,16
1783454940,2026-07-07T13:09:00-07:00,13
1783455000,2026-07-07T13:10:00-07:00,16
1783455060,2026-07-07T13:11:00-07:00,15
1783455120,2026-07-07T13:12:00-07:00,13
1783455180,2026-07-07T13:13:00-07:00,1
1783455240,2026-07-07T13:14:00-07:00,14
1783455300,2026-07-07T13:15:00-07:00,13
1783455360,2026-07-07T13:16:00-07:00,16
1783455420,2026-07-07T13:17:00-07:00,13
1783455480,2026-07-07T13:18:00-07:00,13
1783455540,2026-07-07T13:19:00-07:00,14
1783455600,2026-07-07T13:20:00-07:00,17
1783455660,2026-07-07T13:21:00-07:00,17
1783455720,2026-07-07T13:22:00-07:00,13
1783455780,2026-07-07T13:23:00-07:00,13
1783455840,2026-07-07T13:24:00-07:00,14
1783455900,2026-07-07T13:25:00-07:00,13
1783455960,2026-07-07T13:26:00-07:00,13
1783456020,2026-07-07T13:27:00-07:00,16
1783456080,2026-07-07T13:28:00-07:00,12
1783456140,2026-07-07T13:29:00-07:00,14
1783456200,2026-07-07T13:30:00-07:00,13
1783456260,2026-07-07T13:31:00-07:00,14
1783456320,2026-07-07T13:32:00-07:00,14
1783456380,2026-07-07T13:33:00-07:00,13
1783456440,2026-07-07T13:34:00-07:00,13
1783456500,2026-07-07T13:35:00-07:00,16
1783456560,2026-07-07T13:36:00-07:00,13
1783456620,2026-07-07T13:37:00-07:00,13
1783456680,2026-07-07T13:38:00-07:00,13
1783456740,2026-07-07T13:39:00-07:00,13
1783456800,2026-07-07T13:40:00-07:00,15
1783456860,2026-07-07T13:41:00-07:00,13
1783456920,2026-07-07T13:42:00-07:00,15
1783456980,2026-07-07T13:43:00-07:00,17
1783457040,2026-07-07T13:44:00-07:00,13
1783457100,2026-07-07T13:45:00-07:00,14
1783457160,2026-07-07T13:46:00-07:00,13
1783457220,2026-07-07T13:47:00-07:00,16
1783457280,2026-07-07T13:48:00-07:00,17
1783457340,2026-07-07T13:49:00-07:00,12
1783457400,2026-07-07T13:50:00-07:00,13
1783457460,2026-07-07T13:51:00-07:00,13
1783457520,2026-07-07T13:52:00-07:00,13
1783457580,2026-07-07T13:53:00-07:00,13
1783457640,2026-07-07T13:54:00-07:00,16
1783457700,2026-07-07T13:55:00-07:00,18
1783457760,2026-07-07T13:56:00-07:00,14
1783457820,2026-07-07T13:57:00-07:00,14
1783457880,2026-07-07T13:58:00-07:00,15
1783457940,2026-07-07T13:59:00-07:00,13
1783458000,2026-07-07T14:00:00-07:00,13
1783458060,2026-07-07T14:01:00-07:00,13
1783458120,2026-07-07T14:02:00-07:00,13
1783458180,2026-07-07T14:03:00-07:00,13
1783458240,2026-07-07T14:04:00-07:00,13
1783458300,2026-07-07T14:05:00-07:00,14
1783458360,2026-07-07T14:06:00-07:00,14
1783458420,2026-07-07T14:07:00-07:00,14
1783458480,2026-07-07T14:08:00-07:00,17
1783458540,2026-07-07T14:09:00-07:00,13
1783458600,2026-07-07T14:10:00-07:00,14
1783458660,2026-07-07T14:11:00-07:00,18
1783458720,2026-07-07T14:12:00-07:00,16
1783458780,2026-07-07T14:13:00-07:00,13
1783458840,2026-07-07T14:14:00-07:00,13
1783458900,2026-07-07T14:15:00-07:00,14
1783458960,2026-07-07T14:16:00-07:00,13
1783459020,2026-07-07T14:17:00-07:00,14
1783459080,2026-07-07T14:18:00-07:00,13
1783459140,2026-07-07T14:19:00-07:00,13
1783459200,2026-07-07T14:20:00-07:00,15
1783459260,2026-07-07T14:21:00-07:00,15
1783459320,2026-07-07T14:22:00-07:00,13
1783459380,2026-07-07T14:23:00-07:00,14
1783459440,2026-07-07T14:24:00-07:00,13
1783459500,2026-07-07T14:25:00-07:00,12
1783459560,2026-07-07T14:26:00-07:00,14
1783459620,2026-07-07T14:27:00-07:00,12
1783459680,2026-07-07T14:28:00-07:00,15
1783459740,2026-07-07T14:29:00-07:00,17
1783459800,2026-07-07T14:30:00-07:00,13
1783459860,2026-07-07T14:31:00-07:00,15
1783459920,2026-07-07T14:32:00-07:00,13
1783459980,2026-07-07T14:33:00-07:00,12
1783460040,2026-07-07T14:34:00-07:00,14
1783460100,2026-07-07T14:35:00-07:00,13
1783460160,2026-07-07T14:36:00-07:00,13
1783460220,2026-07-07T14:37:00-07:00,15
1783460280,2026-07-07T14:38:00-07:00,12
1783460340,2026-07-07T14:39:00-07:00,14
1783460400,2026-07-07T14:40:00-07:00,11
1783460460,2026-07-07T14:41:00-07:00,12
1783460520,2026-07-07T14:42:00-07:00,12
1783460580,2026-07-07T14:43:00-07:00,14
1783460640,2026-07-07T14:44:00-07:00,14
1783460700,2026-07-07T14:45:00-07:00,13
1783460760,2026-07-07T14:46:00-07:00,12
1783460820,2026-07-07T14:47:00-07:00,17
1783460880,2026-07-07T14:48:00-07:00,15
1783460940,2026-07-07T14:49:00-07:00,16
1783461000,2026-07-07T14:50:00-07:00,13
1783461060,2026-07-07T14:51:00-07:00,13
1783461120,2026-07-07T14:52:00-07:00,13
1783461180,2026-07-07T14:53:00-07:00,13
1783461240,2026-07-07T14:54:00-07:00,12
1783461300,2026-07-07T14:55:00-07:00,14
1783461360,2026-07-07T14:56:00-07:00,14
1783461420,2026-07-07T14:57:00-07:00,14
1783461480,2026-07-07T14:58:00-07:00,13
1783461540,2026-07-07T14:59:00-07:00,12
1783461600,2026-07-07T15:00:00-07:00,18
1783461660,2026-07-07T15:01:00-07:00,16
1783461720,2026-07-07T15:02:00-07:00,13
1783461780,2026-07-07T15:03:00-07:00,11
1783461840,2026-07-07T15:04:00-07:00,12
1783461900,2026-07-07T15:05:00-07:00,14
1783461960,2026-07-07T15:06:00-07:00,15
1783462020,2026-07-07T15:07:00-07:00,13
1783462080,2026-07-07T15:08:00-07:00,13
1783462140,2026-07-07T15:09:00-07:00,13
1783462200,2026-07-07T15:10:00-07:00,15
1783462260,2026-07-07T15:11:00-07:00,14
1783462320,2026-07-07T15:12:00-07:00,13
1783462380,2026-07-07T15:13:00-07:00,14
1783462440,2026-07-07T15:14:00-07:00,12
1783462500,2026-07-07T15:15:00-07:00,13
1783462560,2026-07-07T15:16:00-07:00,13
1783462620,2026-07-07T15:17:00-07:00,12
1783462680,2026-07-07T15:18:00-07:00,14
1783462740,2026-07-07T15:19:00-07:00,13
1783462800,2026-07-07T15:20:00-07:00,14
1783462860,2026-07-07T15:21:00-07:00,14
1783462920,2026-07-07T15:22:00-07:00,13
1783462980,2026-07-07T15:23:00-07:00,16
1783463040,2026-07-07T15:24:00-07:00,12
1783463100,2026-07-07T15:25:00-07:00,13
1783463160,2026-07-07T15:26:00-07:00,12
1783463220,2026-07-07T15:27:00-07:00,12
1783463280,2026-07-07T15:28:00-07:00,14
1783463340,2026-07-07T15:29:00-07:00,13
1783463400,2026-07-07T15:30:00-07:00,14
1783463460,2026-07-07T15:31:00-07:00,11
1783463520,2026-07-07T15:32:00-07:00,14
1783463580,2026-07-07T15:33:00-07:00,13
1783463640,2026-07-07T15:34:00-07:00,13
1783463700,2026-07-07T15:35:00-07:00,13
1783463760,2026-07-07T15:36:00-07:00,13
1783463820,2026-07-07T15:37:00-07:00,15
1783463880,2026-07-07T15:38:00-07:00,16
1783463940,2026-07-07T15:39:00-07:00,14
1783464000,2026-07-07T15:40:00-07:00,15
1783464060,2026-07-07T15:41:00-07:00,-2
1783464120,2026-07-07T15:42:00-07:00,17
1783464180,2026-07-07T15:43:00-07:00,13
1783464240,2026-07-07T15:44:00-07:00,14
1783464300,2026-07-07T15:45:00-07:00,14
1783464360,2026-07-07T15:46:00-07:00,16
1783464420,2026-07-07T15:47:00-07:00,14
1783464480,2026-07-07T15:48:00-07:00,12
1783464540,2026-07-07T15:49:00-07:00,14
1783464600,2026-07-07T15:50:00-07:00,15
1783464660,2026-07-07T15:51:00-07:00,-5
1783464720,2026-07-07T15:52:00-07:00,12
1783464780,2026-07-07T15:53:00-07:00,14
1783464840,2026-07-07T15:54:00-07:00,16
1783464900,2026-07-07T15:55:00-07:00,12
1783464960,2026-07-07T15:56:00-07:00,15
1783465020,2026-07-07T15:57:00-07:00,11
1783465080,2026-07-07T15:58:00-07:00,14
1783465140,2026-07-07T15:59:00-07:00,15
1783465200,2026-07-07T16:00:00-07:00,13
1783465260,2026-07-07T16:01:00-07:00,14
1783465320,2026-07-07T16:02:00-07:00,16
1783465380,2026-07-07T16:03:00-07:00,13
1783465440,2026-07-07T16:04:00-07:00,12
1783465500,2026-07-07T16:05:00-07:00,15
1783465560,2026-07-07T16:06:00-07:00,13
1783465620,2026-07-07T16:07:00-07:00,12
1783465680,2026-07-07T16:08:00-07:00,16
1783465740,2026-07-07T16:09:00-07:00,12
1783465800,2026-07-07T16:10:00-07:00,12
1783465860,2026-07-07T16:11:00-07:00,14
1783465920,2026-07-07T16:12:00-07:00,15
1783465980,2026-07-07T16:13:00-07:00,15
1783466040,2026-07-07T16:14:00-07:00,14
1783466100,2026-07-07T16:15:00-07:00,17
1783466160,2026-07-07T16:16:00-07:00,12
1783466220,2026-07-07T16:17:00-07:00,12
1783466280,2026-07-07T16:18:00-07:00,15
1783466340,2026-07-07T16:19:00-07:00,16
1783466400,2026-07-07T16:20:00-07:00,14
1783466460,2026-07-07T16:21:00-07:00,14
1783466520,2026-07-07T16:22:00-07:00,15
1783466580,2026-07-07T16:23:00-07:00,13
1783466640,2026-07-07T16:24:00-07:00,16
1783466700,2026-07-07T16:25:00-07:00,15
1783466760,2026-07-07T16:26:00-07:00,16
1783466820,2026-07-07T16:27:00-07:00,13
1783466880,2026-07-07T16:28:00-07:00,13
1783466940,2026-07-07T16:29:00-07:00,15
1783467000,2026-07-07T16:30:00-07:00,15
1783467060,2026-07-07T16:31:00-07:00,13
1783467120,2026-07-07T16:32:00-07:00,14
1783467180,2026-07-07T16:33:00-07:00,14
1783467240,2026-07-07T16:34:00-07:00,18
1783467300,2026-07-07T16:35:00-07:00,13
1783467360,2026-07-07T16:36:00-07:00,13
1783467420,2026-07-07T16:37:00-07:00,11
1783467480,2026-07-07T16:38:00-07:00,12
1783467540,2026-07-07T16:39:00-07:00,14
1783467600,2026-07-07T16:40:00-07:00,15
1783467660,2026-07-07T16:41:00-07:00,15
1783467720,2026-07-07T16:42:00-07:00,13
1783467780,2026-07-07T16:43:00-07:00,15
1783467840,2026-07-07T16:44:00-07:00,17
1783467900,2026-07-07T16:45:00-07:00,13
1783467960,2026-07-07T16:46:00-07:00,17
1783468020,2026-07-07T16:47:00-07:00,14
1783468080,2026-07-07T16:48:00-07:00,14
1783468140,2026-07-07T16:49:00-07:00,15
1783468200,2026-07-07T16:50:00-07:00,14
1783468260,2026-07-07T16:51:00-07:00,13
1783468320,2026-07-07T16:52:00-07:00,13
1783468380,2026-07-07T16:53:00-07:00,14
1783468440,2026-07-07T16:54:00-07:00,13
1783468500,2026-07-07T16:55:00-07:00,14
1783468560,2026-07-07T16:56:00-07:00,13
1783468620,2026-07-07T16:57:00-07:00,14
1783468680,2026-07-07T16:58:00-07:00,15
1783468740,2026-07-07T16:59:00-07:00,4
1783468800,2026-07-07T17:00:00-07:00,15
1783468860,2026-07-07T17:01:00-07:00,13
1783468920,2026-07-07T17:02:00-07:00,13
1783468980,2026-07-07T17:03:00-07:00,15
1783469040,2026-07-07T17:04:00-07:00,13
1783469100,2026-07-07T17:05:00-07:00,13
1783469160,2026-07-07T17:06:00-07:00,14
1783469220,2026-07-07T17:07:00-07:00,14
1783469280,2026-07-07T17:08:00-07:00,15
1783469340,2026-07-07T17:09:00-07:00,12
1783469400,2026-07-07T17:10:00-07:00,18
1783469460,2026-07-07T17:11:00-07:00,16
1783469520,2026-07-07T17:12:00-07:00,14
1783469580,2026-07-07T17:13:00-07:00,15
1783469640,2026-07-07T17:14:00-07:00,14
1783469700,2026-07-07T17:15:00-07:00,13
1783469760,2026-07-07T17:16:00-07:00,17
1783469820,2026-07-07T17:17:00-07:00,14
1783469880,2026-07-07T17:18:00-07:00,17
1783469940,2026-07-07T17:19:00-07:00,14
1783470000,2026-07-07T17:20:00-07:00,13
1783470060,2026-07-07T17:21:00-07:00,13
1783470120,2026-07-07T17:22:00-07:00,15
1783470180,2026-07-07T17:23:00-07:00,16
1783470240,2026-07-07T17:24:00-07:00,16
1783470300,2026-07-07T17:25:00-07:00,15
1783470360,2026-07-07T17:26:00-07:00,13
1783470420,2026-07-07T17:27:00-07:00,15
1783470480,2026-07-07T17:28:00-07:00,17
1783470540,2026-07-07T17:29:00-07:00,18
1783470600,2026-07-07T17:30:00-07:00,15
1783470660,2026-07-07T17:31:00-07:00,1
1783470720,2026-07-07T17:32:00-07:00,13
1783470780,2026-07-07T17:33:00-07:00,17
1783470840,2026-07-07T17:34:00-07:00,14
1783470900,2026-07-07T17:35:00-07:00,13
1783470960,2026-07-07T17:36:00-07:00,11
1783471020,2026-07-07T17:37:00-07:00,13
1783471080,2026-07-07T17:38:00-07:00,14
1783471140,2026-07-07T17:39:00-07:00,16
1783471200,2026-07-07T17:40:00-07:00,14
1783471260,2026-07-07T17:41:00-07:00,17
1783471320,2026-07-07T17:42:00-07:00,18
1783471380,2026-07-07T17:43:00-07:00,15
1783471440,2026-07-07T17:44:00-07:00,16
1783471500,2026-07-07T17:45:00-07:00,14
1783471560,2026-07-07T17:46:00-07:00,15
1783471620,2026-07-07T17:47:00-07:00,13
1783471680,2026-07-07T17:48:00-07:00,15
1783471740,2026-07-07T17:49:00-07:00,15
1783471800,2026-07-07T17:50:00-07:00,13
1783471860,2026-07-07T17:51:00-07:00,18
1783471920,2026-07-07T17:52:00-07:00,13
1783471980,2026-07-07T17:53:00-07:00,14
1783472040,2026-07-07T17:54:00-07:00,15
1783472100,2026-07-07T17:55:00-07:00,18
1783472160,2026-07-07T17:56:00-07:00,17
1783472220,2026-07-07T17:57:00-07:00,15
1783472280,2026-07-07T17:58:00-07:00,13
1783472340,2026-07-07T17:59:00-07:00,13
1783472400,2026-07-07T18:00:00-07:00,15
1783472460,2026-07-07T18:01:00-07:00,14
1783472520,2026-07-07T18:02:00-07:00,15
1783472580,2026-07-07T18:03:00-07:00,14
1783472640,2026-07-07T18:04:00-07:00,13
1783472700,2026-07-07T18:05:00-07:00,18
1783472760,2026-07-07T18:06:00-07:00,15
1783472820,2026-07-07T18:07:00-07:00,23
1783472880,2026-07-07T18:08:00-07:00,13
1783472940,2026-07-07T18:09:00-07:00,15
1783473000,2026-07-07T18:10:00-07:00,13
1783473060,2026-07-07T18:11:00-07:00,13
1783473120,2026-07-07T18:12:00-07:00,17
1783473180,2026-07-07T18:13:00-07:00,14
1783473240,2026-07-07T18:14:00-07:00,14
1783473300,2026-07-07T18:15:00-07:00,14
1783473360,2026-07-07T18:16:00-07:00,17
1783473420,2026-07-07T18:17:00-07:00,13
1783473480,2026-07-07T18:18:00-07:00,14
1783473540,2026-07-07T18:19:00-07:00,14
1783473600,2026-07-07T18:20:00-07:00,13
1783473660,2026-07-07T18:21:00-07:00,15
1783473720,2026-07-07T18:22:00-07:00,13
1783473780,2026-07-07T18:23:00-07:00,15
1783473840,2026-07-07T18:24:00-07:00,14
1783473900,2026-07-07T18:25:00-07:00,14
1783473960,2026-07-07T18:26:00-07:00,13
1783474020,2026-07-07T18:27:00-07:00,14
1783474080,2026-07-07T18:28:00-07:00,14
1783474140,2026-07-07T18:29:00-07:00,14
1783474200,2026-07-07T18:30:00-07:00,18
1783474260,2026-07-07T18:31:00-07:00,14
1783474320,2026-07-07T18:32:00-07:00,16
1783474380,2026-07-07T18:33:00-07:00,16
1783474440,2026-07-07T18:34:00-07:00,2
1783474500,2026-07-07T18:35:00-07:00,14
1783474560,2026-07-07T18:36:00-07:00,13
1783474620,2026-07-07T18:37:00-07:00,15
1783474680,2026-07-07T18:38:00-07:00,14
1783474740,2026-07-07T18:39:00-07:00,14
1783474800,2026-07-07T18:40:00-07:00,13
1783474860,2026-07-07T18:41:00-07:00,17
1783474920,2026-07-07T18:42:00-07:00,16
1783474980,2026-07-07T18:43:00-07:00,14
1783475040,2026-07-07T18:44:00-07:00,14
1783475100,2026-07-07T18:45:00-07:00,16
1783475160,2026-07-07T18:46:00-07:00,12
1783475220,2026-07-07T18:47:00-07:00,17
1783475280,2026-07-07T18:48:00-07:00,15
1783475340,2026-07-07T18:49:00-07:00,18
1783475400,2026-07-07T18:50:00-07:00,12
1783475460,2026-07-07T18:51:00-07:00,18
1783475520,2026-07-07T18:52:00-07:00,14
1783475580,2026-07-07T18:53:00-07:00,14
1783475640,2026-07-07T18:54:00-07:00,17
1783475700,2026-07-07T18:55:00-07:00,13
1783475760,2026-07-07T18:56:00-07:00,14
1783475820,2026-07-07T18:57:00-07:00,16
1783475880,2026-07-07T18:58:00-07:00,12
1783475940,2026-07-07T18:59:00-07:00,20
1783476000,2026-07-07T19:00:00-07:00,14
1783476060,2026-07-07T19:01:00-07:00,13
1783476120,2026-07-07T19:02:00-07:00,14
1783476180,2026-07-07T19:03:00-07:00,1
1783476240,2026-07-07T19:04:00-07:00,-1
1783476300,2026-07-07T19:05:00-07:00,13
1783476360,2026-07-07T19:06:00-07:00,13
1783476420,2026-07-07T19:07:00-07:00,14
1783476480,2026-07-07T19:08:00-07:00,14
1783476540,2026-07-07T19:09:00-07:00,13
1783476600,2026-07-07T19:10:00-07:00,13
1783476660,2026-07-07T19:11:00-07:00,13
1783476720,2026-07-07T19:12:00-07:00,14
1783476780,2026-07-07T19:13:00-07:00,13
1783476840,2026-07-07T19:14:00-07:00,14
1783476900,2026-07-07T19:15:00-07:00,15
1783476960,2026-07-07T19:16:00-07:00,16
1783477020,2026-07-07T19:17:00-07:00,13
1783477080,2026-07-07T19:18:00-07:00,14
1783477140,2026-07-07T19:19:00-07:00,12
1783477200,2026-07-07T19:20:00-07:00,14
1783477260,2026-07-07T19:21:00-07:00,12
1783477320,2026-07-07T19:22:00-07:00,14
1783477380,2026-07-07T19:23:00-07:00,16
1783477440,2026-07-07T19:24:00-07:00,17
1783477500,2026-07-07T19:25:00-07:00,17
1783477560,2026-07-07T19:26:00-07:00,13
1783477620,2026-07-07T19:27:00-07:00,15
1783477680,2026-07-07T19:28:00-07:00,14
1783477740,2026-07-07T19:29:00-07:00,13
1783477800,2026-07-07T19:30:00-07:00,15
1783477860,2026-07-07T19:31:00-07:00,14
1783477920,2026-07-07T19:32:00-07:00,13
1783477980,2026-07-07T19:33:00-07:00,14
1783478040,2026-07-07T19:34:00-07:00,17
1783478100,2026-07-07T19:35:00-07:00,12
1783478160,2026-07-07T19:36:00-07:00,16
1783478220,2026-07-07T19:37:00-07:00,13
1783478280,2026-07-07T19:38:00-07:00,17
1783478340,2026-07-07T19:39:00-07:00,14
1783478400,2026-07-07T19:40:00-07:00,15
1783478460,2026-07-07T19:41:00-07:00,14
1783478520,2026-07-07T19:42:00-07:00,0
1783478580,2026-07-07T19:43:00-07:00,14
1783478640,2026-07-07T19:44:00-07:00,12
1783478700,2026-07-07T19:45:00-07:00,13
1783478760,2026-07-07T19:46:00-07:00,14
1783478820,2026-07-07T19:47:00-07:00,14
1783478880,2026-07-07T19:48:00-07:00,14
1783478940,2026-07-07T19:49:00-07:00,15
1783479000,2026-07-07T19:50:00-07:00,17
1783479060,2026-07-07T19:51:00-07:00,13
1783479120,2026-07-07T19:52:00-07:00,17
1783479180,2026-07-07T19:53:00-07:00,1
1783479240,2026-07-07T19:54:00-07:00,15
1783479300,2026-07-07T19:55:00-07:00,13
1783479360,2026-07-07T19:56:00-07:00,13
1783479420,2026-07-07T19:57:00-07:00,14
1783479480,2026-07-07T19:58:00-07:00,13
1783479540,2026-07-07T19:59:00-07:00,14
1783479600,2026-07-07T20:00:00-07:00,14
1783479660,2026-07-07T20:01:00-07:00,16
1783479720,2026-07-07T20:02:00-07:00,16
1783479780,2026-07-07T20:03:00-07:00,14
1783479840,2026-07-07T20:04:00-07:00,13
1783479900,2026-07-07T20:05:00-07:00,15
1783479960,2026-07-07T20:06:00-07:00,13
1783480020,2026-07-07T20:07:00-07:00,15
1783480080,2026-07-07T20:08:00-07:00,14
1783480140,2026-07-07T20:09:00-07:00,12
1783480200,2026-07-07T20:10:00-07:00,17
1783480260,2026-07-07T20:11:00-07:00,14
1783480320,2026-07-07T20:12:00-07:00,13
1783480380,2026-07-07T20:13:00-07:00,16
1783480440,2026-07-07T20:14:00-07:00,14
1783480500,2026-07-07T20:15:00-07:00,13
1783480560,2026-07-07T20:16:00-07:00,15
1783480620,2026-07-07T20:17:00-07:00,15
1783480680,2026-07-07T20:18:00-07:00,12
1783480740,2026-07-07T20:19:00-07:00,14
1783480800,2026-07-07T20:20:00-07:00,14
1783480860,2026-07-07T20:21:00-07:00,12
1783480920,2026-07-07T20:22:00-07:00,16
1783480980,2026-07-07T20:23:00-07:00,14
1783481040,2026-07-07T20:24:00-07:00,15
1783481100,2026-07-07T20:25:00-07:00,13
1783481160,2026-07-07T20:26:00-07:00,17
1783481220,2026-07-07T20:27:00-07:00,13
1783481280,2026-07-07T20:28:00-07:00,14
1783481340,2026-07-07T20:29:00-07:00,12
1783481400,2026-07-07T20:30:00-07:00,-50
1783481460,2026-07-07T20:31:00-07:00,13
1783481520,2026-07-07T20:32:00-07:00,13
1783481580,2026-07-07T20:33:00-07:00,17
1783481640,2026-07-07T20:34:00-07:00,16
1783481700,2026-07-07T20:35:00-07:00,13
1783481760,2026-07-07T20:36:00-07:00,12
1783481820,2026-07-07T20:37:00-07:00,13
1783481880,2026-07-07T20:38:00-07:00,14
1783481940,2026-07-07T20:39:00-07:00,14
1783482000,2026-07-07T20:40:00-07:00,14
1783482060,2026-07-07T20:41:00-07:00,13
1783482120,2026-07-07T20:42:00-07:00,14
1783482180,2026-07-07T20:43:00-07:00,12
1783482240,2026-07-07T20:44:00-07:00,15
1783482300,2026-07-07T20:45:00-07:00,14
1783482360,2026-07-07T20:46:00-07:00,2
1783482420,2026-07-07T20:47:00-07:00,14
1783482480,2026-07-07T20:48:00-07:00,13
1783482540,2026-07-07T20:49:00-07:00,17
1783482600,2026-07-07T20:50:00-07:00,18
1783482660,2026-07-07T20:51:00-07:00,18
1783482720,2026-07-07T20:52:00-07:00,15
1783482780,2026-07-07T20:53:00-07:00,17
1783482840,2026-07-07T20:54:00-07:00,18
1783482900,2026-07-07T20:55:00-07:00,13
1783482960,2026-07-07T20:56:00-07:00,13
1783483020,2026-07-07T20:57:00-07:00,13
1783483080,2026-07-07T20:58:00-07:00,16
1783483140,2026-07-07T20:59:00-07:00,14
1783483200,2026-07-07T21:00:00-07:00,17
1783483260,2026-07-07T21:01:00-07:00,16
1783483320,2026-07-07T21:02:00-07:00,15
1783483380,2026-07-07T21:03:00-07:00,14
1783483440,2026-07-07T21:04:00-07:00,13
1783483500,2026-07-07T21:05:00-07:00,12
1783483560,2026-07-07T21:06:00-07:00,13
1783483620,2026-07-07T21:07:00-07:00,13
1783483680,2026-07-07T21:08:00-07:00,12
1783483740,2026-07-07T21:09:00-07:00,14
1783483800,2026-07-07T21:10:00-07:00,15
1783483860,2026-07-07T21:11:00-07:00,16
1783483920,2026-07-07T21:12:00-07:00,14
1783483980,2026-07-07T21:13:00-07:00,16
1783484040,2026-07-07T21:14:00-07:00,14
1783484100,2026-07-07T21:15:00-07:00,13
1783484160,2026-07-07T21:16:00-07:00,13
1783484220,2026-07-07T21:17:00-07:00,13
1783484280,2026-07-07T21:18:00-07:00,13
1783484340,2026-07-07T21:19:00-07:00,18
1783484400,2026-07-07T21:20:00-07:00,15
1783484460,2026-07-07T21:21:00-07:00,14
1783484520,2026-07-07T21:22:00-07:00,14
1783484580,2026-07-07T21:23:00-07:00,13
1783484640,2026-07-07T21:24:00-07:00,12
1783484700,2026-07-07T21:25:00-07:00,15
1783484760,2026-07-07T21:26:00-07:00,16
1783484820,2026-07-07T21:27:00-07:00,16
1783484880,2026-07-07T21:28:00-07:00,13
1783484940,2026-07-07T21:29:00-07:00,13
1783485000,2026-07-07T21:30:00-07:00,14
1783485060,2026-07-07T21:31:00-07:00,14
1783485120,2026-07-07T21:32:00-07:00,18
1783485180,2026-07-07T21:33:00-07:00,13
1783485240,2026-07-07T21:34:00-07:00,16
1783485300,2026-07-07T21:35:00-07:00,14
1783485360,2026-07-07T21:36:00-07:00,18
1783485420,2026-07-07T21:37:00-07:00,14
1783485480,2026-07-07T21:38:00-07:00,13
1783485540,2026-07-07T21:39:00-07:00,16
1783485600,2026-07-07T21:40:00-07:00,13
1783485660,2026-07-07T21:41:00-07:00,2
1783485720,2026-07-07T21:42:00-07:00,14
1783485780,2026-07-07T21:43:00-07:00,17
1783485840,2026-07-07T21:44:00-07:00,16
1783485900,2026-07-07T21:45:00-07:00,15
1783485960,2026-07-07T21:46:00-07:00,14
1783486020,2026-07-07T21:47:00-07:00,14
1783486080,2026-07-07T21:48:00-07:00,13
1783486140,2026-07-07T21:49:00-07:00,15
1783486200,2026-07-07T21:50:00-07:00,14
1783486260,2026-07-07T21:51:00-07:00,-1
1783486320,2026-07-07T21:52:00-07:00,15
1783486380,2026-07-07T21:53:00-07:00,13
1783486440,2026-07-07T21:54:00-07:00,15
1783486500,2026-07-07T21:55:00-07:00,16
1783486560,2026-07-07T21:56:00-07:00,15
1783486620,2026-07-07T21:57:00-07:00,14
1783486680,2026-07-07T21:58:00-07:00,15
1783486740,2026-07-07T21:59:00-07:00,15
1783486800,2026-07-07T22:00:00-07:00,14
1783486860,2026-07-07T22:01:00-07:00,-50
1783486920,2026-07-07T22:02:00-07:00,14
1783486980,2026-07-07T22:03:00-07:00,14
1783487040,2026-07-07T22:04:00-07:00,18
1783487100,2026-07-07T22:05:00-07:00,13
1783487160,2026-07-07T22:06:00-07:00,13
1783487220,2026-07-07T22:07:00-07:00,13
1783487280,2026-07-07T22:08:00-07:00,15
1783487340,2026-07-07T22:09:00-07:00,16
1783487400,2026-07-07T22:10:00-07:00,13
1783487460,2026-07-07T22:11:00-07:00,14
1783487520,2026-07-07T22:12:00-07:00,17
1783487580,2026-07-07T22:13:00-07:00,14
1783487640,2026-07-07T22:14:00-07:00,14
1783487700,2026-07-07T22:15:00-07:00,16
1783487760,2026-07-07T22:16:00-07:00,14
1783487820,2026-07-07T22:17:00-07:00,14
1783487880,2026-07-07T22:18:00-07:00,15
1783487940,2026-07-07T22:19:00-07:00,1
1783488000,2026-07-07T22:20:00-07:00,14
1783488060,2026-07-07T22:21:00-07:00,14
1783488120,2026-07-07T22:22:00-07:00,14
1783488180,2026-07-07T22:23:00-07:00,13
1783488240,2026-07-07T22:24:00-07:00,15
1783488300,2026-07-07T22:25:00-07:00,14
1783488360,2026-07-07T22:26:00-07:00,15
1783488420,2026-07-07T22:27:00-07:00,16
1783488480,2026-07-07T22:28:00-07:00,14
1783488540,2026-07-07T22:29:00-07:00,17
1783488600,2026-07-07T22:30:00-07:00,13
1783488660,2026-07-07T22:31:00-07:00,13
1783488720,2026-07-07T22:32:00-07:00,14
1783488780,2026-07-07T22:33:00-07:00,13
1783488840,2026-07-07T22:34:00-07:00,16
1783488900,2026-07-07T22:35:00-07:00,14
1783488960,2026-07-07T22:36:00-07:00,15
1783489020,2026-07-07T22:37:00-07:00,17
1783489080,2026-07-07T22:38:00-07:00,15
1783489140,2026-07-07T22:39:00-07:00,13
1783489200,2026-07-07T22:40:00-07:00,17
1783489260,2026-07-07T22:41:00-07:00,14
1783489320,2026-07-07T22:42:00-07:00,14
1783489380,2026-07-07T22:43:00-07:00,13
1783489440,2026-07-07T22:44:00-07:00,17
1783489500,2026-07-07T22:45:00-07:00,14
1783489560,2026-07-07T22:46:00-07:00,15
1783489620,2026-07-07T22:47:00-07:00,14
1783489680,2026-07-07T22:48:00-07:00,15
1783489740,2026-07-07T22:49:00-07:00,16
1783489800,2026-07-07T22:50:00-07:00,14
1783489860,2026-07-07T22:51:00-07:00,17
1783489920,2026-07-07T22:52:00-07:00,13
1783489980,2026-07-07T22:53:00-07:00,14
1783490040,2026-07-07T22:54:00-07:00,14
1783490100,2026-07-07T22:55:00-07:00,17
1783490160,2026-07-07T22:56:00-07:00,12
1783490220,2026-07-07T22:57:00-07:00,14
1783490280,2026-07-07T22:58:00-07:00,13
1783490340,2026-07-07T22:59:00-07:00,14
1783490400,2026-07-07T23:00:00-07:00,13
1783490460,2026-07-07T23:01:00-07:00,14
1783490520,2026-07-07T23:02:00-07:00,15
1783490580,2026-07-07T23:03:00-07:00,14
1783490640,2026-07-07T23:04:00-07:00,15
1783490700,2026-07-07T23:05:00-07:00,13
1783490760,2026-07-07T23:06:00-07:00,13
1783490820,2026-07-07T23:07:00-07:00,18
1783490880,2026-07-07T23:08:00-07:00,13
1783490940,2026-07-07T23:09:00-07:00,13
1783491000,2026-07-07T23:10:00-07:00,13
1783491060,2026-07-07T23:11:00-07:00,14
1783491120,2026-07-07T23:12:00-07:00,13
1783491180,2026-07-07T23:13:00-07:00,18
1783491240,2026-07-07T23:14:00-07:00,13
1783491300,2026-07-07T23:15:00-07:00,15
1783491360,2026-07-07T23:16:00-07:00,14
1783491420,2026-07-07T23:17:00-07:00,1
1783491480,2026-07-07T23:18:00-07:00,16
1783491540,2026-07-07T23:19:00-07:00,14
1783491600,2026-07-07T23:20:00-07:00,14
1783491660,2026-07-07T23:21:00-07:00,14
1783491720,2026-07-07T23:22:00-07:00,14
1783491780,2026-07-07T23:23:00-07:00,15
1783491840,2026-07-07T23:24:00-07:00,14
1783491900,2026-07-07T23:25:00-07:00,13
1783491960,2026-07-07T23:26:00-07:00,1
1783492020,2026-07-07T23:27:00-07:00,14
1783492080,2026-07-07T23:28:00-07:00,13
1783492140,2026-07-07T23:29:00-07:00,14
1783492200,2026-07-07T23:30:00-07:00,13
1783492260,2026-07-07T23:31:00-07:00,12
1783492320,2026-07-07T23:32:00-07:00,14
1783492380,2026-07-07T23:33:00-07:00,14
1783492440,2026-07-07T23:34:00-07:00,16
1783492500,2026-07-07T23:35:00-07:00,14
1783492560,2026-07-07T23:36:00-07:00,14
1783492620,2026-07-07T23:37:00-07:00,14
1783492680,2026-07-07T23:38:00-07:00,18
1783492740,2026-07-07T23:39:00-07:00,16
1783492800,2026-07-07T23:40:00-07:00,13
1783492860,2026-07-07T23:41:00-07:00,18
1783492920,2026-07-07T23:42:00-07:00,13
1783492980,2026-07-07T23:43:00-07:00,15
1783493040,2026-07-07T23:44:00-07:00,17
1783493100,2026-07-07T23:45:00-07:00,13
1783493160,2026-07-07T23:46:00-07:00,14
1783493220,2026-07-07T23:47:00-07:00,13
1783493280,2026-07-07T23:48:00-07:00,13
1783493340,2026-07-07T23:49:00-07:00,17
1783493400,2026-07-07T23:50:00-07:00,14
1783493460,2026-07-07T23:51:00-07:00,14
1783493520,2026-07-07T23:52:00-07:00,14
1783493580,2026-07-07T23:53:00-07:00,13
1783493640,2026-07-07T23:54:00-07:00,17
1783493700,2026-07-07T23:55:00-07:00,15
1783493760,2026-07-07T23:56:00-07:00,14
1783493820,2026-07-07T23:57:00-07:00,14
1783493880,2026-07-07T23:58:00-07:00,14
1783493940,2026-07-07T23:59:00-07:00,15
1783494000,2026-07-08T00:00:00-07:00,13
1783494060,2026-07-08T00:01:00-07:00,14
1783494120,2026-07-08T00:02:00-07:00,15
1783494180,2026-07-08T00:03:00-07:00,14
1783494240,2026-07-08T00:04:00-07:00,15
1783494300,2026-07-08T00:05:00-07:00,15
1783494360,2026-07-08T00:06:00-07:00,15
1783494420,2026-07-08T00:07:00-07:00,15
1783494480,2026-07-08T00:08:00-07:00,13
1783494540,2026-07-08T00:09:00-07:00,14
1783494600,2026-07-08T00:10:00-07:00,15
1783494660,2026-07-08T00:11:00-07:00,16
1783494720,2026-07-08T00:12:00-07:00,15
1783494780,2026-07-08T00:13:00-07:00,15
1783494840,2026-07-08T00:14:00-07:00,15
1783494900,2026-07-08T00:15:00-07:00,14
1783494960,2026-07-08T00:16:00-07:00,15
1783495020,2026-07-08T00:17:00-07:00,17
1783495080,2026-07-08T00:18:00-07:00,14
1783495140,2026-07-08T00:19:00-07:00,13
1783495200,2026-07-08T00:20:00-07:00,11
1783495260,2026-07-08T00:21:00-07:00,14
1783495320,2026-07-08T00:22:00-07:00,14
1783495380,2026-07-08T00:23:00-07:00,14
1783495440,2026-07-08T00:24:00-07:00,17
1783495500,2026-07-08T00:25:00-07:00,14
1783495560,2026-07-08T00:26:00-07:00,14
1783495620,2026-07-08T00:27:00-07:00,13
1783495680,2026-07-08T00:28:00-07:00,17
1783495740,2026-07-08T00:29:00-07:00,14
1783495800,2026-07-08T00:30:00-07:00,14
1783495860,2026-07-08T00:31:00-07:00,13
1783495920,2026-07-08T00:32:00-07:00,13
1783495980,2026-07-08T00:33:00-07:00,17
1783496040,2026-07-08T00:34:00-07:00,14
1783496100,2026-07-08T00:35:00-07:00,15
1783496160,2026-07-08T00:36:00-07:00,13
1783496220,2026-07-08T00:37:00-07:00,13
1783496280,2026-07-08T00:38:00-07:00,16
1783496340,2026-07-08T00:39:00-07:00,14
1783496400,2026-07-08T00:40:00-07:00,16
1783496460,2026-07-08T00:41:00-07:00,13
1783496520,2026-07-08T00:42:00-07:00,14
1783496580,2026-07-08T00:43:00-07:00,14
1783496640,2026-07-08T00:44:00-07:00,14
1783496700,2026-07-08T00:45:00-07:00,13
1783496760,2026-07-08T00:46:00-07:00,14
1783496820,2026-07-08T00:47:00-07:00,14
1783496880,2026-07-08T00:48:00-07:00,16
1783496940,2026-07-08T00:49:00-07:00,13
1783497000,2026-07-08T00:50:00-07:00,12
1783497060,2026-07-08T00:51:00-07:00,13
1783497120,2026-07-08T00:52:00-07:00,14
1783497180,2026-07-08T00:53:00-07:00,12
1783497240,2026-07-08T00:54:00-07:00,-2
1783497300,2026-07-08T00:55:00-07:00,14
1783497360,2026-07-08T00:56:00-07:00,12
1783497420,2026-07-08T00:57:00-07:00,15
1783497480,2026-07-08T00:58:00-07:00,13
1783497540,2026-07-08T00:59:00-07:00,14
1783497600,2026-07-08T01:00:00-07:00,14
1783497660,2026-07-08T01:01:00-07:00,17
1783497720,2026-07-08T01:02:00-07:00,12
1783497780,2026-07-08T01:03:00-07:00,14
1783497840,2026-07-08T01:04:00-07:00,-3
1783497900,2026-07-08T01:05:00-07:00,14
1783497960,2026-07-08T01:06:00-07:00,14
1783498020,2026-07-08T01:07:00-07:00,14
1783498080,2026-07-08T01:08:00-07:00,15
1783498140,2026-07-08T01:09:00-07:00,14
1783498200,2026-07-08T01:10:00-07:00,13
1783498260,2026-07-08T01:11:00-07:00,13
1783498320,2026-07-08T01:12:00-07:00,13
1783498380,2026-07-08T01:13:00-07:00,13
1783498440,2026-07-08T01:14:00-07:00,12
1783498500,2026-07-08T01:15:00-07:00,13
1783498560,2026-07-08T01:16:00-07:00,13
1783498620,2026-07-08T01:17:00-07:00,13
1783498680,2026-07-08T01:18:00-07:00,13
1783498740,2026-07-08T01:19:00-07:00,13
1783498800,2026-07-08T01:20:00-07:00,13
1783498860,2026-07-08T01:21:00-07:00,14
1783498920,2026-07-08T01:22:00-07:00,14
1783498980,2026-07-08T01:23:00-07:00,12
1783499040,2026-07-08T01:24:00-07:00,13
1783499100,2026-07-08T01:25:00-07:00,13
1783499160,2026-07-08T01:26:00-07:00,13
1783499220,2026-07-08T01:27:00-07:00,14
1783499280,2026-07-08T01:28:00-07:00,15
1783499340,2026-07-08T01:29:00-07:00,15
1783499400,2026-07-08T01:30:00-07:00,13
1783499460,2026-07-08T01:31:00-07:00,14
1783499520,2026-07-08T01:32:00-07:00,13
1783499580,2026-07-08T01:33:00-07:00,16
1783499640,2026-07-08T01:34:00-07:00,13
1783499700,2026-07-08T01:35:00-07:00,15
1783499760,2026-07-08T01:36:00-07:00,15
1783499820,2026-07-08T01:37:00-07:00,15
1783499880,2026-07-08T01:38:00-07:00,14
1783499940,2026-07-08T01:39:00-07:00,12
1783500000,2026-07-08T01:40:00-07:00,16
1783500060,2026-07-08T01:41:00-07:00,14
1783500120,2026-07-08T01:42:00-07:00,13
1783500180,2026-07-08T01:43:00-07:00,14
1783500240,2026-07-08T01:44:00-07:00,15
1783500300,2026-07-08T01:45:00-07:00,14
1783500360,2026-07-08T01:46:00-07:00,14
1783500420,2026-07-08T01:47:00-07:00,14
1783500480,2026-07-08T01:48:00-07:00,15
1783500540,2026-07-08T01:49:00-07:00,13
1783500600,2026-07-08T01:50:00-07:00,14
1783500660,2026-07-08T01:51:00-07:00,14
1783500720,2026-07-08T01:52:00-07:00,14
1783500780,2026-07-08T01:53:00-07:00,0
1783500840,2026-07-08T01:54:00-07:00,13
1783500900,2026-07-08T01:55:00-07:00,13
1783500960,2026-07-08T01:56:00-07:00,17
1783501020,2026-07-08T01:57:00-07:00,14
1783501080,2026-07-08T01:58:00-07:00,13
1783501140,2026-07-08T01:59:00-07:00,14
1783501200,2026-07-08T02:00:00-07:00,15
1783501260,2026-07-08T02:01:00-07:00,13
1783501320,2026-07-08T02:02:00-07:00,13
1783501380,2026-07-08T02:03:00-07:00,12
1783501440,2026-07-08T02:04:00-07:00,14
1783501500,2026-07-08T02:05:00-07:00,14
1783501560,2026-07-08T02:06:00-07:00,14
1783501620,2026-07-08T02:07:00-07:00,13
1783501680,2026-07-08T02:08:00-07:00,14
1783501740,2026-07-08T02:09:00-07:00,15
1783501800,2026-07-08T02:10:00-07:00,15
1783501860,2026-07-08T02:11:00-07:00,13
1783501920,2026-07-08T02:12:00-07:00,14
1783501980,2026-07-08T02:13:00-07:00,13
1783502040,2026-07-08T02:14:00-07:00,12
1783502100,2026-07-08T02:15:00-07:00,13
1783502160,2026-07-08T02:16:00-07:00,14
1783502220,2026-07-08T02:17:00-07:00,13
1783502280,2026-07-08T02:18:00-07:00,13
1783502340,2026-07-08T02:19:00-07:00,14
1783502400,2026-07-08T02:20:00-07:00,13
1783502460,2026-07-08T02:21:00-07:00,13
1783502520,2026-07-08T02:22:00-07:00,14
1783502580,2026-07-08T02:23:00-07:00,13
1783502640,2026-07-08T02:24:00-07:00,14
1783502700,2026-07-08T02:25:00-07:00,14
1783502760,2026-07-08T02:26:00-07:00,13
1783502820,2026-07-08T02:27:00-07:00,13
1783502880,2026-07-08T02:28:00-07:00,13
1783502940,2026-07-08T02:29:00-07:00,15
1783503000,2026-07-08T02:30:00-07:00,14
1783503060,2026-07-08T02:31:00-07:00,14
1783503120,2026-07-08T02:32:00-07:00,15
1783503180,2026-07-08T02:33:00-07:00,13
1783503240,2026-07-08T02:34:00-07:00,13
1783503300,2026-07-08T02:35:00-07:00,12
1783503360,2026-07-08T02:36:00-07:00,13
1783503420,2026-07-08T02:37:00-07:00,12
1783503480,2026-07-08T02:38:00-07:00,16
1783503540,2026-07-08T02:39:00-07:00,15
1783503600,2026-07-08T02:40:00-07:00,12
1783503660,2026-07-08T02:41:00-07:00,14
1783503720,2026-07-08T02:42:00-07:00,-4
1783503780,2026-07-08T02:43:00-07:00,13
1783503840,2026-07-08T02:44:00-07:00,15
1783503900,2026-07-08T02:45:00-07:00,12
1783503960,2026-07-08T02:46:00-07:00,13
1783504020,2026-07-08T02:47:00-07:00,15
1783504080,2026-07-08T02:48:00-07:00,12
1783504140,2026-07-08T02:49:00-07:00,13
1783504200,2026-07-08T02:50:00-07:00,12
1783504260,2026-07-08T02:51:00-07:00,13
1783504320,2026-07-08T02:52:00-07:00,-5
1783504380,2026-07-08T02:53:00-07:00,14
1783504440,2026-07-08T02:54:00-07:00,15
1783504500,2026-07-08T02:55:00-07:00,13
1783504560,2026-07-08T02:56:00-07:00,13
1783504620,2026-07-08T02:57:00-07:00,13
1783504680,2026-07-08T02:58:00-07:00,14
1783504740,2026-07-08T02:59:00-07:00,13
1783504800,2026-07-08T03:00:00-07:00,12
1783504860,2026-07-08T03:01:00-07:00,13
1783504920,2026-07-08T03:02:00-07:00,12
1783504980,2026-07-08T03:03:00-07:00,13
1783505040,2026-07-08T03:04:00-07:00,14
1783505100,2026-07-08T03:05:00-07:00,12
1783505160,2026-07-08T03:06:00-07:00,13
1783505220,2026-07-08T03:07:00-07:00,13
1783505280,2026-07-08T03:08:00-07:00,13
1783505340,2026-07-08T03:09:00-07:00,15
1783505400,2026-07-08T03:10:00-07:00,14
1783505460,2026-07-08T03:11:00-07:00,14
1783505520,2026-07-08T03:12:00-07:00,14
1783505580,2026-07-08T03:13:00-07:00,14
1783505640,2026-07-08T03:14:00-07:00,13
1783505700,2026-07-08T03:15:00-07:00,14
1783505760,2026-07-08T03:16:00-07:00,14
1783505820,2026-07-08T03:17:00-07:00,13
1783505880,2026-07-08T03:18:00-07:00,14
1783505940,2026-07-08T03:19:00-07:00,14
1783506000,2026-07-08T03:20:00-07:00,14
1783506060,2026-07-08T03:21:00-07:00,-3
1783506120,2026-07-08T03:22:00-07:00,14
1783506180,2026-07-08T03:23:00-07:00,15
1783506240,2026-07-08T03:24:00-07:00,14
1783506300,2026-07-08T03:25:00-07:00,15
1783506360,2026-07-08T03:26:00-07:00,13
1783506420,2026-07-08T03:27:00-07:00,14
1783506480,2026-07-08T03:28:00-07:00,14
1783506540,2026-07-08T03:29:00-07:00,12
1783506600,2026-07-08T03:30:00-07:00,13
1783506660,2026-07-08T03:31:00-07:00,14
1783506720,2026-07-08T03:32:00-07:00,17
1783506780,2026-07-08T03:33:00-07:00,13
1783506840,2026-07-08T03:34:00-07:00,13
1783506900,2026-07-08T03:35:00-07:00,14
1783506960,2026-07-08T03:36:00-07:00,13
1783507020,2026-07-08T03:37:00-07:00,13
1783507080,2026-07-08T03:38:00-07:00,13
1783507140,2026-07-08T03:39:00-07:00,14
1783507200,2026-07-08T03:40:00-07:00,14
1783507260,2026-07-08T03:41:00-07:00,14
1783507320,2026-07-08T03:42:00-07:00,14
1783507380,2026-07-08T03:43:00-07:00,13
1783507440,2026-07-08T03:44:00-07:00,13
1783507500,2026-07-08T03:45:00-07:00,13
1783507560,2026-07-08T03:46:00-07:00,14
1783507620,2026-07-08T03:47:00-07:00,13
1783507680,2026-07-08T03:48:00-07:00,14
1783507740,2026-07-08T03:49:00-07:00,15
1783507800,2026-07-08T03:50:00-07:00,14
1783507860,2026-07-08T03:51:00-07:00,14
1783507920,2026-07-08T03:52:00-07:00,14
1783507980,2026-07-08T03:53:00-07:00,15
1783508040,2026-07-08T03:54:00-07:00,14
1783508100,2026-07-08T03:55:00-07:00,14
1783508160,2026-07-08T03:56:00-07:00,14
1783508220,2026-07-08T03:57:00-07:00,14
1783508280,2026-07-08T03:58:00-07:00,14
1783508340,2026-07-08T03:59:00-07:00,14
1783508400,2026-07-08T04:00:00-07:00,14
1783508460,2026-07-08T04:01:00-07:00,13
1783508520,2026-07-08T04:02:00-07:00,13
1783508580,2026-07-08T04:03:00-07:00,14
1783508640,2026-07-08T04:04:00-07:00,14
1783508700,2026-07-08T04:05:00-07:00,14
1783508760,2026-07-08T04:06:00-07:00,14
1783508820,2026-07-08T04:07:00-07:00,14
1783508880,2026-07-08T04:08:00-07:00,14
1783508940,2026-07-08T04:09:00-07:00,14
1783509000,2026-07-08T04:10:00-07:00,-1
1783509060,2026-07-08T04:11:00-07:00,14
1783509120,2026-07-08T04:12:00-07:00,14
1783509180,2026-07-08T04:13:00-07:00,15
1783509240,2026-07-08T04:14:00-07:00,13
1783509300,2026-07-08T04:15:00-07:00,14
1783509360,2026-07-08T04:16:00-07:00,14
1783509420,2026-07-08T04:17:00-07:00,15
1783509480,2026-07-08T04:18:00-07:00,14
1783509540,2026-07-08T04:19:00-07:00,14
1783509600,2026-07-08T04:20:00-07:00,13
1783509660,2026-07-08T04:21:00-07:00,14
1783509720,2026-07-08T04:22:00-07:00,14
1783509780,2026-07-08T04:23:00-07:00,13
1783509840,2026-07-08T04:24:00-07:00,13
1783509900,2026-07-08T04:25:00-07:00,13
1783509960,2026-07-08T04:26:00-07:00,14
1783510020,2026-07-08T04:27:00-07:00,13
1783510080,2026-07-08T04:28:00-07:00,14
1783510140,2026-07-08T04:29:00-07:00,15
1783510200,2026-07-08T04:30:00-07:00,14
1783510260,2026-07-08T04:31:00-07:00,13
1783510320,2026-07-08T04:32:00-07:00,14
1783510380,2026-07-08T04:33:00-07:00,14
1783510440,2026-07-08T04:34:00-07:00,13
1783510500,2026-07-08T04:35:00-07:00,13
1783510560,2026-07-08T04:36:00-07:00,14
1783510620,2026-07-08T04:37:00-07:00,14
1783510680,2026-07-08T04:38:00-07:00,14
1783510740,2026-07-08T04:39:00-07:00,16
1783510800,2026-07-08T04:40:00-07:00,14
1783510860,2026-07-08T04:41:00-07:00,14
1783510920,2026-07-08T04:42:00-07:00,14
1783510980,2026-07-08T04:43:00-07:00,14
1783511040,2026-07-08T04:44:00-07:00,13
1783511100,2026-07-08T04:45:00-07:00,14
1783511160,2026-07-08T04:46:00-07:00,13
1783511220,2026-07-08T04:47:00-07:00,14
1783511280,2026-07-08T04:48:00-07:00,15
1783511340,2026-07-08T04:49:00-07:00,-5
1783511400,2026-07-08T04:50:00-07:00,13
1783511460,2026-07-08T04:51:00-07:00,12
1783511520,2026-07-08T04:52:00-07:00,15
1783511580,2026-07-08T04:53:00-07:00,14
1783511640,2026-07-08T04:54:00-07:00,13
1783511700,2026-07-08T04:55:00-07:00,13
1783511760,2026-07-08T04:56:00-07:00,13
1783511820,2026-07-08T04:57:00-07:00,13
1783511880,2026-07-08T04:58:00-07:00,14
1783511940,2026-07-08T04:59:00-07:00,13
1783512000,2026-07-08T05:00:00-07:00,14
1783512060,2026-07-08T05:01:00-07:00,14
1783512120,2026-07-08T05:02:00-07:00,14
1783512180,2026-07-08T05:03:00-07:00,12
1783512240,2026-07-08T05:04:00-07:00,14
1783512300,2026-07-08T05:05:00-07:00,14
1783512360,2026-07-08T05:06:00-07:00,13
1783512420,2026-07-08T05:07:00-07:00,13
1783512480,2026-07-08T05:08:00-07:00,-3
1783512540,2026-07-08T05:09:00-07:00,14
1783512600,2026-07-08T05:10:00-07:00,14
1783512660,2026-07-08T05:11:00-07:00,14
1783512720,2026-07-08T05:12:00-07:00,14
1783512780,2026-07-08T05:13:00-07:00,13
1783512840,2026-07-08T05:14:00-07:00,13
1783512900,2026-07-08T05:15:00-07:00,14
1783512960,2026-07-08T05:16:00-07:00,13
1783513020,2026-07-08T05:17:00-07:00,13
1783513080,2026-07-08T05:18:00-07:00,14
1783513140,2026-07-08T05:19:00-07:00,13
1783513200,2026-07-08T05:20:00-07:00,14
1783513260,2026-07-08T05:21:00-07:00,17
1783513320,2026-07-08T05:22:00-07:00,14
1783513380,2026-07-08T05:23:00-07:00,14
1783513440,2026-07-08T05:24:00-07:00,13
1783513500,2026-07-08T05:25:00-07:00,12
1783513560,2026-07-08T05:26:00-07:00,14
1783513620,2026-07-08T05:27:00-07:00,13
1783513680,2026-07-08T05:28:00-07:00,13
1783513740,2026-07-08T05:29:00-07:00,17
1783513800,2026-07-08T05:30:00-07:00,14
1783513860,2026-07-08T05:31:00-07:00,15
1783513920,2026-07-08T05:32:00-07:00,14
1783513980,2026-07-08T05:33:00-07:00,15
1783514040,2026-07-08T05:34:00-07:00,13
1783514100,2026-07-08T05:35:00-07:00,14
1783514160,2026-07-08T05:36:00-07:00,13
1783514220,2026-07-08T05:37:00-07:00,13
1783514280,2026-07-08T05:38:00-07:00,13
1783514340,2026-07-08T05:39:00-07:00,13
1783514400,2026-07-08T05:40:00-07:00,13
1783514460,2026-07-08T05:41:00-07:00,13
1783514520,2026-07-08T05:42:00-07:00,13
1783514580,2026-07-08T05:43:00-07:00,14
1783514640,2026-07-08T05:44:00-07:00,13
1783514700,2026-07-08T05:45:00-07:00,13
1783514760,2026-07-08T05:46:00-07:00,14
1783514820,2026-07-08T05:47:00-07:00,-2
1783514880,2026-07-08T05:48:00-07:00,14
1783514940,2026-07-08T05:49:00-07:00,13
1783515000,2026-07-08T05:50:00-07:00,14
1783515060,2026-07-08T05:51:00-07:00,14
1783515120,2026-07-08T05:52:00-07:00,13
1783515180,2026-07-08T05:53:00-07:00,13
1783515240,2026-07-08T05:54:00-07:00,13
1783515300,2026-07-08T05:55:00-07:00,14
1783515360,2026-07-08T05:56:00-07:00,13
1783515420,2026-07-08T05:57:00-07:00,1
1783515480,2026-07-08T05:58:00-07:00,13
1783515540,2026-07-08T05:59:00-07:00,14
1783515600,2026-07-08T06:00:00-07:00,14
1783515660,2026-07-08T06:01:00-07:00,13
1783515720,2026-07-08T06:02:00-07:00,18
1783515780,2026-07-08T06:03:00-07:00,14
1783515840,2026-07-08T06:04:00-07:00,14
1783515900,2026-07-08T06:05:00-07:00,12
1783515960,2026-07-08T06:06:00-07:00,14
1783516020,2026-07-08T06:07:00-07:00,14
1783516080,2026-07-08T06:08:00-07:00,12
1783516140,2026-07-08T06:09:00-07:00,14
1783516200,2026-07-08T06:10:00-07:00,18
1783516260,2026-07-08T06:11:00-07:00,13
1783516320,2026-07-08T06:12:00-07:00,12
1783516380,2026-07-08T06:13:00-07:00,14
1783516440,2026-07-08T06:14:00-07:00,13
1783516500,2026-07-08T06:15:00-07:00,13
1783516560,2026-07-08T06:16:00-07:00,13
1783516620,2026-07-08T06:17:00-07:00,14
1783516680,2026-07-08T06:18:00-07:00,14
1783516740,2026-07-08T06:19:00-07:00,14
1783516800,2026-07-08T06:20:00-07:00,14
1783516860,2026-07-08T06:21:00-07:00,13
1783516920,2026-07-08T06:22:00-07:00,14
1783516980,2026-07-08T06:23:00-07:00,13
1783517040,2026-07-08T06:24:00-07:00,14
1783517100,2026-07-08T06:25:00-07:00,12
1783517160,2026-07-08T06:26:00-07:00,14
1783517220,2026-07-08T06:27:00-07:00,14
1783517280,2026-07-08T06:28:00-07:00,13
1783517340,2026-07-08T06:29:00-07:00,12
1783517400,2026-07-08T06:30:00-07:00,14
1783517460,2026-07-08T06:31:00-07:00,13
1783517520,2026-07-08T06:32:00-07:00,13
1783517580,2026-07-08T06:33:00-07:00,14
1783517640,2026-07-08T06:34:00-07:00,14
1783517700,2026-07-08T06:35:00-07:00,13
1783517760,2026-07-08T06:36:00-07:00,-2
1783517820,2026-07-08T06:37:00-07:00,13
1783517880,2026-07-08T06:38:00-07:00,15
1783517940,2026-07-08T06:39:00-07:00,14
1783518000,2026-07-08T06:40:00-07:00,15
1783518060,2026-07-08T06:41:00-07:00,16
1783518120,2026-07-08T06:42:00-07:00,13
1783518180,2026-07-08T06:43:00-07:00,14
1783518240,2026-07-08T06:44:00-07:00,14
1783518300,2026-07-08T06:45:00-07:00,16
1783518360,2026-07-08T06:46:00-07:00,14
1783518420,2026-07-08T06:47:00-07:00,15
1783518480,2026-07-08T06:48:00-07:00,13
1783518540,2026-07-08T06:49:00-07:00,14
1783518600,2026-07-08T06:50:00-07:00,14
1783518660,2026-07-08T06:51:00-07:00,13
1783518720,2026-07-08T06:52:00-07:00,15
1783518780,2026-07-08T06:53:00-07:00,13
1783518840,2026-07-08T06:54:00-07:00,15
1783518900,2026-07-08T06:55:00-07:00,14
1783518960,2026-07-08T06:56:00-07:00,0
1783519020,2026-07-08T06:57:00-07:00,14
1783519080,2026-07-08T06:58:00-07:00,14
1783519140,2026-07-08T06:59:00-07:00,14
1783519200,2026-07-08T07:00:00-07:00,14
1783519260,2026-07-08T07:01:00-07:00,14
1783519320,2026-07-08T07:02:00-07:00,14
1783519380,2026-07-08T07:03:00-07:00,15
1783519440,2026-07-08T07:04:00-07:00,14
1783519500,2026-07-08T07:05:00-07:00,14
1783519560,2026-07-08T07:06:00-07:00,14
1783519620,2026-07-08T07:07:00-07:00,14
1783519680,2026-07-08T07:08:00-07:00,14
1783519740,2026-07-08T07:09:00-07:00,15
1783519800,2026-07-08T07:10:00-07:00,13
1783519860,2026-07-08T07:11:00-07:00,14
1783519920,2026-07-08T07:12:00-07:00,13
1783519980,2026-07-08T07:13:00-07:00,14
1783520040,2026-07-08T07:14:00-07:00,14
1783520100,2026-07-08T07:15:00-07:00,-3
1783520160,2026-07-08T07:16:00-07:00,13
1783520220,2026-07-08T07:17:00-07:00,15
1783520280,2026-07-08T07:18:00-07:00,17
1783520340,2026-07-08T07:19:00-07:00,14
1783520400,2026-07-08T07:20:00-07:00,14
1783520460,2026-07-08T07:21:00-07:00,13
1783520520,2026-07-08T07:22:00-07:00,12
1783520580,2026-07-08T07:23:00-07:00,14
1783520640,2026-07-08T07:24:00-07:00,14
1783520700,2026-07-08T07:25:00-07:00,14
1783520760,2026-07-08T07:26:00-07:00,22
1783520820,2026-07-08T07:27:00-07:00,13
1783520880,2026-07-08T07:28:00-07:00,13
1783520940,2026-07-08T07:29:00-07:00,13
1783521000,2026-07-08T07:30:00-07:00,14
1783521060,2026-07-08T07:31:00-07:00,13
1783521120,2026-07-08T07:32:00-07:00,14
1783521180,2026-07-08T07:33:00-07:00,13
1783521240,2026-07-08T07:34:00-07:00,14
1783521300,2026-07-08T07:35:00-07:00,13
1783521360,2026-07-08T07:36:00-07:00,14
1783521420,2026-07-08T07:37:00-07:00,13
1783521480,2026-07-08T07:38:00-07:00,13
1783521540,2026-07-08T07:39:00-07:00,14
1783521600,2026-07-08T07:40:00-07:00,14
1783521660,2026-07-08T07:41:00-07:00,14
1783521720,2026-07-08T07:42:00-07:00,13
1783521780,2026-07-08T07:43:00-07:00,14
1783521840,2026-07-08T07:44:00-07:00,13
1783521900,2026-07-08T07:45:00-07:00,13
1783521960,2026-07-08T07:46:00-07:00,15
1783522020,2026-07-08T07:47:00-07:00,14
1783522080,2026-07-08T07:48:00-07:00,14
1783522140,2026-07-08T07:49:00-07:00,15
1783522200,2026-07-08T07:50:00-07:00,22
1783522260,2026-07-08T07:51:00-07:00,13
1783522320,2026-07-08T07:52:00-07:00,13
1783522380,2026-07-08T07:53:00-07:00,14
1783522440,2026-07-08T07:54:00-07:00,-3
1783522500,2026-07-08T07:55:00-07:00,14
1783522560,2026-07-08T07:56:00-07:00,14
1783522620,2026-07-08T07:57:00-07:00,14
1783522680,2026-07-08T07:58:00-07:00,13
1783522740,2026-07-08T07:59:00-07:00,14
1783522800,2026-07-08T08:00:00-07:00,13
1783522860,2026-07-08T08:01:00-07:00,14
1783522920,2026-07-08T08:02:00-07:00,14
1783522980,2026-07-08T08:03:00-07:00,14
1783523040,2026-07-08T08:04:00-07:00,15
1783523100,2026-07-08T08:05:00-07:00,14
1783523160,2026-07-08T08:06:00-07:00,-1
1783523220,2026-07-08T08:07:00-07:00,13
1783523280,2026-07-08T08:08:00-07:00,14
1783523340,2026-07-08T08:09:00-07:00,14
1783523400,2026-07-08T08:10:00-07:00,14
1783523460,2026-07-08T08:11:00-07:00,14
1783523520,2026-07-08T08:12:00-07:00,15
1783523580,2026-07-08T08:13:00-07:00,14
1783523640,2026-07-08T08:14:00-07:00,13
1783523700,2026-07-08T08:15:00-07:00,13
1783523760,2026-07-08T08:16:00-07:00,17
1783523820,2026-07-08T08:17:00-07:00,14
1783523880,2026-07-08T08:18:00-07:00,13
1783523940,2026-07-08T08:19:00-07:00,14
1783524000,2026-07-08T08:20:00-07:00,12
1783524060,2026-07-08T08:21:00-07:00,11
1783524120,2026-07-08T08:22:00-07:00,14
1783524180,2026-07-08T08:23:00-07:00,12
1783524240,2026-07-08T08:24:00-07:00,0
1783524300,2026-07-08T08:25:00-07:00,14
1783524360,2026-07-08T08:26:00-07:00,14
1783524420,2026-07-08T08:27:00-07:00,14
1783524480,2026-07-08T08:28:00-07:00,14
1783524540,2026-07-08T08:29:00-07:00,14
1783524600,2026-07-08T08:30:00-07:00,14
1783524660,2026-07-08T08:31:00-07:00,14
1783524720,2026-07-08T08:32:00-07:00,14
1783524780,2026-07-08T08:33:00-07:00,14
1783524840,2026-07-08T08:34:00-07:00,13
1783524900,2026-07-08T08:35:00-07:00,14
1783524960,2026-07-08T08:36:00-07:00,12
1783525020,2026-07-08T08:37:00-07:00,13
1783525080,2026-07-08T08:38:00-07:00,13
1783525140,2026-07-08T08:39:00-07:00,13
1783525200,2026-07-08T08:40:00-07:00,13
1783525260,2026-07-08T08:41:00-07:00,14
1783525320,2026-07-08T08:42:00-07:00,14
1783525380,2026-07-08T08:43:00-07:00,13
1783525440,2026-07-08T08:44:00-07:00,12
1783525500,2026-07-08T08:45:00-07:00,13
1783525560,2026-07-08T08:46:00-07:00,13
1783525620,2026-07-08T08:47:00-07:00,13
1783525680,2026-07-08T08:48:00-07:00,13
1783525740,2026-07-08T08:49:00-07:00,14
1783525800,2026-07-08T08:50:00-07:00,13
1783525860,2026-07-08T08:51:00-07:00,14
1783525920,2026-07-08T08:52:00-07:00,14
1783525980,2026-07-08T08:53:00-07:00,13
1783526040,2026-07-08T08:54:00-07:00,13
1783526100,2026-07-08T08:55:00-07:00,13
1783526160,2026-07-08T08:56:00-07:00,13
1783526220,2026-07-08T08:57:00-07:00,14
1783526280,2026-07-08T08:58:00-07:00,13
1783526340,2026-07-08T08:59:00-07:00,13
1783526400,2026-07-08T09:00:00-07:00,14
1783526460,2026-07-08T09:01:00-07:00,13
1783526520,2026-07-08T09:02:00-07:00,12
1783526580,2026-07-08T09:03:00-07:00,16
1783526640,2026-07-08T09:04:00-07:00,13
1783526700,2026-07-08T09:05:00-07:00,17
1783526760,2026-07-08T09:06:00-07:00,13
1783526820,2026-07-08T09:07:00-07:00,13
1783526880,2026-07-08T09:08:00-07:00,13
1783526940,2026-07-08T09:09:00-07:00,13
1783527000,2026-07-08T09:10:00-07:00,16
1783527060,2026-07-08T09:11:00-07:00,13
1783527120,2026-07-08T09:12:00-07:00,16
1783527180,2026-07-08T09:13:00-07:00,13
1783527240,2026-07-08T09:14:00-07:00,15
1783527300,2026-07-08T09:15:00-07:00,15
1783527360,2026-07-08T09:16:00-07:00,13
1783527420,2026-07-08T09:17:00-07:00,13
1783527480,2026-07-08T09:18:00-07:00,13
1783527540,2026-07-08T09:19:00-07:00,13
1783527600,2026-07-08T09:20:00-07:00,14
1783527660,2026-07-08T09:21:00-07:00,14
1783527720,2026-07-08T09:22:00-07:00,16
1783527780,2026-07-08T09:23:00-07:00,14
1783527840,2026-07-08T09:24:00-07:00,14
1783527900,2026-07-08T09:25:00-07:00,13
1783527960,2026-07-08T09:26:00-07:00,14
1783528020,2026-07-08T09:27:00-07:00,13
1783528080,2026-07-08T09:28:00-07:00,16
1783528140,2026-07-08T09:29:00-07:00,14
1783528200,2026-07-08T09:30:00-07:00,12
1783528260,2026-07-08T09:31:00-07:00,14
1783528320,2026-07-08T09:32:00-07:00,13
1783528380,2026-07-08T09:33:00-07:00,14
1783528440,2026-07-08T09:34:00-07:00,14
1783528500,2026-07-08T09:35:00-07:00,13
1783528560,2026-07-08T09:36:00-07:00,14
1783528620,2026-07-08T09:37:00-07:00,11
1783528680,2026-07-08T09:38:00-07:00,13
1783528740,2026-07-08T09:39:00-07:00,12
1783528800,2026-07-08T09:40:00-07:00,13
1783528860,2026-07-08T09:41:00-07:00,-1
1783528920,2026-07-08T09:42:00-07:00,15
1783528980,2026-07-08T09:43:00-07:00,14
1783529040,2026-07-08T09:44:00-07:00,-50
1783529100,2026-07-08T09:45:00-07:00,13
1783529160,2026-07-08T09:46:00-07:00,1
1783529220,2026-07-08T09:47:00-07:00,14
1783529280,2026-07-08T09:48:00-07:00,18
1783529340,2026-07-08T09:49:00-07:00,18
1783529400,2026-07-08T09:50:00-07:00,14
1783529460,2026-07-08T09:51:00-07:00,13
1783529520,2026-07-08T09:52:00-07:00,2
1783529580,2026-07-08T09:53:00-07:00,16
1783529640,2026-07-08T09:54:00-07:00,13
1783529700,2026-07-08T09:55:00-07:00,1
1783529760,2026-07-08T09:56:00-07:00,13
1783529820,2026-07-08T09:57:00-07:00,17
1783529880,2026-07-08T09:58:00-07:00,17
1783529940,2026-07-08T09:59:00-07:00,14
1783530000,2026-07-08T10:00:00-07:00,14
1783530060,2026-07-08T10:01:00-07:00,13
1783530120,2026-07-08T10:02:00-07:00,13
1783530180,2026-07-08T10:03:00-07:00,14
1783530240,2026-07-08T10:04:00-07:00,12
1783530300,2026-07-08T10:05:00-07:00,13
1783530360,2026-07-08T10:06:00-07:00,14
1783530420,2026-07-08T10:07:00-07:00,16
1783530480,2026-07-08T10:08:00-07:00,14
1783530540,2026-07-08T10:09:00-07:00,13
1783530600,2026-07-08T10:10:00-07:00,13
1783530660,2026-07-08T10:11:00-07:00,14
1783530720,2026-07-08T10:12:00-07:00,15
1783530780,2026-07-08T10:13:00-07:00,14
1783530840,2026-07-08T10:14:00-07:00,13
1783530900,2026-07-08T10:15:00-07:00,13
1783530960,2026-07-08T10:16:00-07:00,13
1783531020,2026-07-08T10:17:00-07:00,14
1783531080,2026-07-08T10:18:00-07:00,13
1783531140,2026-07-08T10:19:00-07:00,12
1783531200,2026-07-08T10:20:00-07:00,13
1783531260,2026-07-08T10:21:00-07:00,13
1783531320,2026-07-08T10:22:00-07:00,13
1783531380,2026-07-08T10:23:00-07:00,12
1783531440,2026-07-08T10:24:00-07:00,13
1783531500,2026-07-08T10:25:00-07:00,13
1783531560,2026-07-08T10:26:00-07:00,11
1783531620,2026-07-08T10:27:00-07:00,17
1783531680,2026-07-08T10:28:00-07:00,14
1783531740,2026-07-08T10:29:00-07:00,14
1783531800,2026-07-08T10:30:00-07:00,14
1783531860,2026-07-08T10:31:00-07:00,16
1783531920,2026-07-08T10:32:00-07:00,12
1783531980,2026-07-08T10:33:00-07:00,12
1783532040,2026-07-08T10:34:00-07:00,15
1783532100,2026-07-08T10:35:00-07:00,14
1783532160,2026-07-08T10:36:00-07:00,14
1783532220,2026-07-08T10:37:00-07:00,13
1783532280,2026-07-08T10:38:00-07:00,17
1783532340,2026-07-08T10:39:00-07:00,13
1783532400,2026-07-08T10:40:00-07:00,14
1783532460,2026-07-08T10:41:00-07:00,12
1783532520,2026-07-08T10:42:00-07:00,13
1783532580,2026-07-08T10:43:00-07:00,15
1783532640,2026-07-08T10:44:00-07:00,13
1783532700,2026-07-08T10:45:00-07:00,13
1783532760,2026-07-08T10:46:00-07:00,14
1783532820,2026-07-08T10:47:00-07:00,12
1783532880,2026-07-08T10:48:00-07:00,13
1783532940,2026-07-08T10:49:00-07:00,13
1783533000,2026-07-08T10:50:00-07:00,14
1783533060,2026-07-08T10:51:00-07:00,17
1783533120,2026-07-08T10:52:00-07:00,14
1783533180,2026-07-08T10:53:00-07:00,-1
1783533240,2026-07-08T10:54:00-07:00,16
1783533300,2026-07-08T10:55:00-07:00,14
1783533360,2026-07-08T10:56:00-07:00,15
1783533420,2026-07-08T10:57:00-07:00,14
1783533480,2026-07-08T10:58:00-07:00,16
1783533540,2026-07-08T10:59:00-07:00,13
1783533600,2026-07-08T11:00:00-07:00,14
1783533660,2026-07-08T11:01:00-07:00,13
1783533720,2026-07-08T11:02:00-07:00,13
1783533780,2026-07-08T11:03:00-07:00,14
1783533840,2026-07-08T11:04:00-07:00,15
1783533900,2026-07-08T11:05:00-07:00,12
1783533960,2026-07-08T11:06:00-07:00,13
1783534020,2026-07-08T11:07:00-07:00,15
1783534080,2026-07-08T11:08:00-07:00,14
1783534140,2026-07-08T11:09:00-07:00,18
1783534200,2026-07-08T11:10:00-07:00,18
1783534260,2026-07-08T11:11:00-07:00,18
1783534320,2026-07-08T11:12:00-07:00,12
1783534380,2026-07-08T11:13:00-07:00,18
1783534440,2026-07-08T11:14:00-07:00,13
1783534500,2026-07-08T11:15:00-07:00,13
1783534560,2026-07-08T11:16:00-07:00,12
1783534620,2026-07-08T11:17:00-07:00,11
1783534680,2026-07-08T11:18:00-07:00,13
1783534740,2026-07-08T11:19:00-07:00,15
1783534800,2026-07-08T11:20:00-07:00,14
1783534860,2026-07-08T11:21:00-07:00,12
1783534920,2026-07-08T11:22:00-07:00,12
1783534980,2026-07-08T11:23:00-07:00,18
1783535040,2026-07-08T11:24:00-07:00,13
1783535100,2026-07-08T11:25:00-07:00,14
1783535160,2026-07-08T11:26:00-07:00,15
1783535220,2026-07-08T11:27:00-07:00,12
1783535280,2026-07-08T11:28:00-07:00,11
1783535340,2026-07-08T11:29:00-07:00,1
1783535400,2026-07-08T11:30:00-07:00,16
1783535460,2026-07-08T11:31:00-07:00,16
1783535520,2026-07-08T11:32:00-07:00,14
1783535580,2026-07-08T11:33:00-07:00,13
1783535640,2026-07-08T11:34:00-07:00,12
1783535700,2026-07-08T11:35:00-07:00,14
1783535760,2026-07-08T11:36:00-07:00,13
1783535820,2026-07-08T11:37:00-07:00,12
1783535880,2026-07-08T11:38:00-07:00,16
1783535940,2026-07-08T11:39:00-07:00,14
1783536000,2026-07-08T11:40:00-07:00,14
1783536060,2026-07-08T11:41:00-07:00,13
1783536120,2026-07-08T11:42:00-07:00,14
1783536180,2026-07-08T11:43:00-07:00,14
1783536240,2026-07-08T11:44:00-07:00,12
1783536300,2026-07-08T11:45:00-07:00,13
1783536360,2026-07-08T11:46:00-07:00,15
1783536420,2026-07-08T11:47:00-07:00,18
1783536480,2026-07-08T11:48:00-07:00,13
1783536540,2026-07-08T11:49:00-07:00,16
1783536600,2026-07-08T11:50:00-07:00,12
1783536660,2026-07-08T11:51:00-07:00,14
1783536720,2026-07-08T11:52:00-07:00,13
1783536780,2026-07-08T11:53:00-07:00,17
1783536840,2026-07-08T11:54:00-07:00,-1
1783536900,2026-07-08T11:55:00-07:00,15
1783536960,2026-07-08T11:56:00-07:00,13
1783537020,2026-07-08T11:57:00-07:00,15
1783537080,2026-07-08T11:58:00-07:00,14
1783537140,2026-07-08T11:59:00-07:00,18
1783537200,2026-07-08T12:00:00-07:00,14
1783537260,2026-07-08T12:01:00-07:00,14
1783537320,2026-07-08T12:02:00-07:00,13
1783537380,2026-07-08T12:03:00-07:00,11
1783537440,2026-07-08T12:04:00-07:00,12
1783537500,2026-07-08T12:05:00-07:00,13
1783537560,2026-07-08T12:06:00-07:00,15
1783537620,2026-07-08T12:07:00-07:00,13
1783537680,2026-07-08T12:08:00-07:00,15
1783537740,2026-07-08T12:09:00-07:00,13
1783537800,2026-07-08T12:10:00-07:00,14
1783537860,2026-07-08T12:11:00-07:00,13
1783537920,2026-07-08T12:12:00-07:00,12
1783537980,2026-07-08T12:13:00-07:00,13
1783538040,2026-07-08T12:14:00-07:00,13
1783538100,2026-07-08T12:15:00-07:00,16
1783538160,2026-07-08T12:16:00-07:00,13
1783538220,2026-07-08T12:17:00-07:00,14
1783538280,2026-07-08T12:18:00-07:00,13
1783538340,2026-07-08T12:19:00-07:00,16
1783538400,2026-07-08T12:20:00-07:00,15
1783538460,2026-07-08T12:21:00-07:00,13
1783538520,2026-07-08T12:22:00-07:00,12
1783538580,2026-07-08T12:23:00-07:00,13
1783538640,2026-07-08T12:24:00-07:00,13
1783538700,2026-07-08T12:25:00-07:00,13
1783538760,2026-07-08T12:26:00-07:00,13
1783538820,2026-07-08T12:27:00-07:00,13
1783538880,2026-07-08T12:28:00-07:00,13
1783538940,2026-07-08T12:29:00-07:00,13
1783539000,2026-07-08T12:30:00-07:00,13
1783539060,2026-07-08T12:31:00-07:00,13
1783539120,2026-07-08T12:32:00-07:00,-2
1783539180,2026-07-08T12:33:00-07:00,13
1783539240,2026-07-08T12:34:00-07:00,14
1783539300,2026-07-08T12:35:00-07:00,16
1783539360,2026-07-08T12:36:00-07:00,16
1783539420,2026-07-08T12:37:00-07:00,14
1783539480,2026-07-08T12:38:00-07:00,14
1783539540,2026-07-08T12:39:00-07:00,14
1783539600,2026-07-08T12:40:00-07:00,12
1783539660,2026-07-08T12:41:00-07:00,14
1783539720,2026-07-08T12:42:00-07:00,12
1783539780,2026-07-08T12:43:00-07:00,13
1783539840,2026-07-08T12:44:00-07:00,13
1783539900,2026-07-08T12:45:00-07:00,13
1783539960,2026-07-08T12:46:00-07:00,11
1783540020,2026-07-08T12:47:00-07:00,13
1783540080,2026-07-08T12:48:00-07:00,18
1783540140,2026-07-08T12:49:00-07:00,13
1783540200,2026-07-08T12:50:00-07:00,13
1783540260,2026-07-08T12:51:00-07:00,14
1783540320,2026-07-08T12:52:00-07:00,13
1783540380,2026-07-08T12:53:00-07:00,14
1783540440,2026-07-08T12:54:00-07:00,13
1783540500,2026-07-08T12:55:00-07:00,18
1783540560,2026-07-08T12:56:00-07:00,12
1783540620,2026-07-08T12:57:00-07:00,12
1783540680,2026-07-08T12:58:00-07:00,16
1783540740,2026-07-08T12:59:00-07:00,14
1783540800,2026-07-08T13:00:00-07:00,16
1783540860,2026-07-08T13:01:00-07:00,16
1783540920,2026-07-08T13:02:00-07:00,-1
1783540980,2026-07-08T13:03:00-07:00,13
1783541040,2026-07-08T13:04:00-07:00,12
1783541100,2026-07-08T13:05:00-07:00,12
1783541160,2026-07-08T13:06:00-07:00,12
1783541220,2026-07-08T13:07:00-07:00,15
1783541280,2026-07-08T13:08:00-07:00,13
1783541340,2026-07-08T13:09:00-07:00,13
1783541400,2026-07-08T13:10:00-07:00,14
1783541460,2026-07-08T13:11:00-07:00,16
1783541520,2026-07-08T13:12:00-07:00,-1
1783541580,2026-07-08T13:13:00-07:00,13
1783541640,2026-07-08T13:14:00-07:00,14
1783541700,2026-07-08T13:15:00-07:00,17
1783541760,2026-07-08T13:16:00-07:00,12
1783541820,2026-07-08T13:17:00-07:00,12
1783541880,2026-07-08T13:18:00-07:00,13
1783541940,2026-07-08T13:19:00-07:00,13
1783542000,2026-07-08T13:20:00-07:00,-2
1783542060,2026-07-08T13:21:00-07:00,13
1783542120,2026-07-08T13:22:00-07:00,12
1783542180,2026-07-08T13:23:00-07:00,16
1783542240,2026-07-08T13:24:00-07:00,12
1783542300,2026-07-08T13:25:00-07:00,15
1783542360,2026-07-08T13:26:00-07:00,13
1783542420,2026-07-08T13:27:00-07:00,12
1783542480,2026-07-08T13:28:00-07:00,12
1783542540,2026-07-08T13:29:00-07:00,14
1783542600,2026-07-08T13:30:00-07:00,14
1783542660,2026-07-08T13:31:00-07:00,12
1783542720,2026-07-08T13:32:00-07:00,12
1783542780,2026-07-08T13:33:00-07:00,17
1783542840,2026-07-08T13:34:00-07:00,16
1783542900,2026-07-08T13:35:00-07:00,17
1783542960,2026-07-08T13:36:00-07:00,13
1783543020,2026-07-08T13:37:00-07:00,13
1783543080,2026-07-08T13:38:00-07:00,13
1783543140,2026-07-08T13:39:00-07:00,13
1783543200,2026-07-08T13:40:00-07:00,14
1783543260,2026-07-08T13:41:00-07:00,-1
1783543320,2026-07-08T13:42:00-07:00,13
1783543380,2026-07-08T13:43:00-07:00,13
1783543440,2026-07-08T13:44:00-07:00,12
1783543500,2026-07-08T13:45:00-07:00,12
1783543560,2026-07-08T13:46:00-07:00,14
1783543620,2026-07-08T13:47:00-07:00,14
1783543680,2026-07-08T13:48:00-07:00,14
1783543740,2026-07-08T13:49:00-07:00,14
1783543800,2026-07-08T13:50:00-07:00,13
1783543860,2026-07-08T13:51:00-07:00,14
1783543920,2026-07-08T13:52:00-07:00,17
1783543980,2026-07-08T13:53:00-07:00,13
1783544040,2026-07-08T13:54:00-07:00,15
1783544100,2026-07-08T13:55:00-07:00,14
1783544160,2026-07-08T13:56:00-07:00,13
1783544220,2026-07-08T13:57:00-07:00,13
1783544280,2026-07-08T13:58:00-07:00,15
1783544340,2026-07-08T13:59:00-07:00,13
1783544400,2026-07-08T14:00:00-07:00,14
1783544460,2026-07-08T14:01:00-07:00,14
1783544520,2026-07-08T14:02:00-07:00,13
1783544580,2026-07-08T14:03:00-07:00,13
1783544640,2026-07-08T14:04:00-07:00,15
1783544700,2026-07-08T14:05:00-07:00,13
1783544760,2026-07-08T14:06:00-07:00,13
1783544820,2026-07-08T14:07:00-07:00,12
1783544880,2026-07-08T14:08:00-07:00,13
1783544940,2026-07-08T14:09:00-07:00,14
1783545000,2026-07-08T14:10:00-07:00,13
1783545060,2026-07-08T14:11:00-07:00,14
1783545120,2026-07-08T14:12:00-07:00,16
1783545180,2026-07-08T14:13:00-07:00,16
1783545240,2026-07-08T14:14:00-07:00,13
1783545300,2026-07-08T14:15:00-07:00,15
1783545360,2026-07-08T14:16:00-07:00,20
1783545420,2026-07-08T14:17:00-07:00,-1
1783545480,2026-07-08T14:18:00-07:00,16
1783545540,2026-07-08T14:19:00-07:00,12
1783545600,2026-07-08T14:20:00-07:00,12
1783545660,2026-07-08T14:21:00-07:00,14
1783545720,2026-07-08T14:22:00-07:00,13
1783545780,2026-07-08T14:23:00-07:00,13
1783545840,2026-07-08T14:24:00-07:00,12
1783545900,2026-07-08T14:25:00-07:00,14
1783545960,2026-07-08T14:26:00-07:00,13
1783546020,2026-07-08T14:27:00-07:00,15
1783546080,2026-07-08T14:28:00-07:00,14
1783546140,2026-07-08T14:29:00-07:00,18
1783546200,2026-07-08T14:30:00-07:00,12
1783546260,2026-07-08T14:31:00-07:00,14
1783546320,2026-07-08T14:32:00-07:00,13
1783546380,2026-07-08T14:33:00-07:00,13
1783546440,2026-07-08T14:34:00-07:00,14
1783546500,2026-07-08T14:35:00-07:00,13
1783546560,2026-07-08T14:36:00-07:00,14
1783546620,2026-07-08T14:37:00-07:00,12
1783546680,2026-07-08T14:38:00-07:00,12
1783546740,2026-07-08T14:39:00-07:00,14
1783546800,2026-07-08T14:40:00-07:00,12
1783546860,2026-07-08T14:41:00-07:00,14
1783546920,2026-07-08T14:42:00-07:00,13
1783546980,2026-07-08T14:43:00-07:00,12
1783547040,2026-07-08T14:44:00-07:00,15
1783547100,2026-07-08T14:45:00-07:00,12
1783547160,2026-07-08T14:46:00-07:00,12
1783547220,2026-07-08T14:47:00-07:00,13
1783547280,2026-07-08T14:48:00-07:00,18
1783547340,2026-07-08T14:49:00-07:00,12
1783547400,2026-07-08T14:50:00-07:00,14
1783547460,2026-07-08T14:51:00-07:00,16
1783547520,2026-07-08T14:52:00-07:00,14
1783547580,2026-07-08T14:53:00-07:00,-1
1783547640,2026-07-08T14:54:00-07:00,14
1783547700,2026-07-08T14:55:00-07:00,13
1783547760,2026-07-08T14:56:00-07:00,11
1783547820,2026-07-08T14:57:00-07:00,13
1783547880,2026-07-08T14:58:00-07:00,12
1783547940,2026-07-08T14:59:00-07:00,13
1783548000,2026-07-08T15:00:00-07:00,14
1783548060,2026-07-08T15:01:00-07:00,12
1783548120,2026-07-08T15:02:00-07:00,13
1783548180,2026-07-08T15:03:00-07:00,12
1783548240,2026-07-08T15:04:00-07:00,12
1783548300,2026-07-08T15:05:00-07:00,12
1783548360,2026-07-08T15:06:00-07:00,14
1783548420,2026-07-08T15:07:00-07:00,13
1783548480,2026-07-08T15:08:00-07:00,12
1783548540,2026-07-08T15:09:00-07:00,13
1783548600,2026-07-08T15:10:00-07:00,14
1783548660,2026-07-08T15:11:00-07:00,13
1783548720,2026-07-08T15:12:00-07:00,12
1783548780,2026-07-08T15:13:00-07:00,13
1783548840,2026-07-08T15:14:00-07:00,15
1783548900,2026-07-08T15:15:00-07:00,15
1783548960,2026-07-08T15:16:00-07:00,13
1783549020,2026-07-08T15:17:00-07:00,11
1783549080,2026-07-08T15:18:00-07:00,11
1783549140,2026-07-08T15:19:00-07:00,12
1783549200,2026-07-08T15:20:00-07:00,11
1783549260,2026-07-08T15:21:00-07:00,13
1783549320,2026-07-08T15:22:00-07:00,12
1783549380,2026-07-08T15:23:00-07:00,11
1783549440,2026-07-08T15:24:00-07:00,14
1783549500,2026-07-08T15:25:00-07:00,13
1783549560,2026-07-08T15:26:00-07:00,14
1783549620,2026-07-08T15:27:00-07:00,14
1783549680,2026-07-08T15:28:00-07:00,13
1783549740,2026-07-08T15:29:00-07:00,18
1783549800,2026-07-08T15:30:00-07:00,13
1783549860,2026-07-08T15:31:00-07:00,13
1783549920,2026-07-08T15:32:00-07:00,13
1783549980,2026-07-08T15:33:00-07:00,12
1783550040,2026-07-08T15:34:00-07:00,17
1783550100,2026-07-08T15:35:00-07:00,14
1783550160,2026-07-08T15:36:00-07:00,14
1783550220,2026-07-08T15:37:00-07:00,13
1783550280,2026-07-08T15:38:00-07:00,14
1783550340,2026-07-08T15:39:00-07:00,15
1783550400,2026-07-08T15:40:00-07:00,14
1783550460,2026-07-08T15:41:00-07:00,13
1783550520,2026-07-08T15:42:00-07:00,14
1783550580,2026-07-08T15:43:00-07:00,12
1783550640,2026-07-08T15:44:00-07:00,13
1783550700,2026-07-08T15:45:00-07:00,16
1783550760,2026-07-08T15:46:00-07:00,15
1783550820,2026-07-08T15:47:00-07:00,13
1783550880,2026-07-08T15:48:00-07:00,18
1783550940,2026-07-08T15:49:00-07:00,14
1783551000,2026-07-08T15:50:00-07:00,13
1783551060,2026-07-08T15:51:00-07:00,-50
1783551120,2026-07-08T15:52:00-07:00,13
1783551180,2026-07-08T15:53:00-07:00,13
1783551240,2026-07-08T15:54:00-07:00,15
1783551300,2026-07-08T15:55:00-07:00,15
1783551360,2026-07-08T15:56:00-07:00,14
1783551420,2026-07-08T15:57:00-07:00,18
1783551480,2026-07-08T15:58:00-07:00,13
1783551540,2026-07-08T15:59:00-07:00,-2
1783551600,2026-07-08T16:00:00-07:00,13
1783551660,2026-07-08T16:01:00-07:00,12
1783551720,2026-07-08T16:02:00-07:00,14
1783551780,2026-07-08T16:03:00-07:00,12
1783551840,2026-07-08T16:04:00-07:00,12
1783551900,2026-07-08T16:05:00-07:00,14
1783551960,2026-07-08T16:06:00-07:00,13
1783552020,2026-07-08T16:07:00-07:00,12
1783552080,2026-07-08T16:08:00-07:00,14
1783552140,2026-07-08T16:09:00-07:00,13
1783552200,2026-07-08T16:10:00-07:00,13
1783552260,2026-07-08T16:11:00-07:00,16
1783552320,2026-07-08T16:12:00-07:00,14
1783552380,2026-07-08T16:13:00-07:00,13
1783552440,2026-07-08T16:14:00-07:00,12
1783552500,2026-07-08T16:15:00-07:00,16
1783552560,2026-07-08T16:16:00-07:00,15
1783552620,2026-07-08T16:17:00-07:00,13
1783552680,2026-07-08T16:18:00-07:00,14
1783552740,2026-07-08T16:19:00-07:00,15
1783552800,2026-07-08T16:20:00-07:00,15
1783552860,2026-07-08T16:21:00-07:00,16
1783552920,2026-07-08T16:22:00-07:00,-1
1783552980,2026-07-08T16:23:00-07:00,15
1783553040,2026-07-08T16:24:00-07:00,13
1783553100,2026-07-08T16:25:00-07:00,14
1783553160,2026-07-08T16:26:00-07:00,15
1783553220,2026-07-08T16:27:00-07:00,16
1783553280,2026-07-08T16:28:00-07:00,18
1783553340,2026-07-08T16:29:00-07:00,17
1783553400,2026-07-08T16:30:00-07:00,14
1783553460,2026-07-08T16:31:00-07:00,14
1783553520,2026-07-08T16:32:00-07:00,13
1783553580,2026-07-08T16:33:00-07:00,16
1783553640,2026-07-08T16:34:00-07:00,13
1783553700,2026-07-08T16:35:00-07:00,13
1783553760,2026-07-08T16:36:00-07:00,14
1783553820,2026-07-08T16:37:00-07:00,14
1783553880,2026-07-08T16:38:00-07:00,13
1783553940,2026-07-08T16:39:00-07:00,14
1783554000,2026-07-08T16:40:00-07:00,14
1783554060,2026-07-08T16:41:00-07:00,13
1783554120,2026-07-08T16:42:00-07:00,12
1783554180,2026-07-08T16:43:00-07:00,14
1783554240,2026-07-08T16:44:00-07:00,14
1783554300,2026-07-08T16:45:00-07:00,12
1783554360,2026-07-08T16:46:00-07:00,13
1783554420,2026-07-08T16:47:00-07:00,13
1783554480,2026-07-08T16:48:00-07:00,18
1783554540,2026-07-08T16:49:00-07:00,16
1783554600,2026-07-08T16:50:00-07:00,13
1783554660,2026-07-08T16:51:00-07:00,13
1783554720,2026-07-08T16:52:00-07:00,15
1783554780,2026-07-08T16:53:00-07:00,16
1783554840,2026-07-08T16:54:00-07:00,13
1783554900,2026-07-08T16:55:00-07:00,14
1783554960,2026-07-08T16:56:00-07:00,14
1783555020,2026-07-08T16:57:00-07:00,13
1783555080,2026-07-08T16:58:00-07:00,13
1783555140,2026-07-08T16:59:00-07:00,14
1783555200,2026-07-08T17:00:00-07:00,14
1783555260,2026-07-08T17:01:00-07:00,13
1783555320,2026-07-08T17:02:00-07:00,14
1783555380,2026-07-08T17:03:00-07:00,14
1783555440,2026-07-08T17:04:00-07:00,13
1783555500,2026-07-08T17:05:00-07:00,14
1783555560,2026-07-08T17:06:00-07:00,13
1783555620,2026-07-08T17:07:00-07:00,13
1783555680,2026-07-08T17:08:00-07:00,15
1783555740,2026-07-08T17:09:00-07:00,13
1783555800,2026-07-08T17:10:00-07:00,13
1783555860,2026-07-08T17:11:00-07:00,13
1783555920,2026-07-08T17:12:00-07:00,13
1783555980,2026-07-08T17:13:00-07:00,13
1783556040,2026-07-08T17:14:00-07:00,13
1783556100,2026-07-08T17:15:00-07:00,13
1783556160,2026-07-08T17:16:00-07:00,13
1783556220,2026-07-08T17:17:00-07:00,12
1783556280,2026-07-08T17:18:00-07:00,13
1783556340,2026-07-08T17:19:00-07:00,15
1783556400,2026-07-08T17:20:00-07:00,15
1783556460,2026-07-08T17:21:00-07:00,14
1783556520,2026-07-08T17:22:00-07:00,14
1783556580,2026-07-08T17:23:00-07:00,14
1783556640,2026-07-08T17:24:00-07:00,13
1783556700,2026-07-08T17:25:00-07:00,13
1783556760,2026-07-08T17:26:00-07:00,13
1783556820,2026-07-08T17:27:00-07:00,14
1783556880,2026-07-08T17:28:00-07:00,16
1783556940,2026-07-08T17:29:00-07:00,15
1783557000,2026-07-08T17:30:00-07:00,14
1783557060,2026-07-08T17:31:00-07:00,13
1783557120,2026-07-08T17:32:00-07:00,16
1783557180,2026-07-08T17:33:00-07:00,15
1783557240,2026-07-08T17:34:00-07:00,14
1783557300,2026-07-08T17:35:00-07:00,13
1783557360,2026-07-08T17:36:00-07:00,13
1783557420,2026-07-08T17:37:00-07:00,17
1783557480,2026-07-08T17:38:00-07:00,14
1783557540,2026-07-08T17:39:00-07:00,14
1783557600,2026-07-08T17:40:00-07:00,17
1783557660,2026-07-08T17:41:00-07:00,11
1783557720,2026-07-08T17:42:00-07:00,18
1783557780,2026-07-08T17:43:00-07:00,18
1783557840,2026-07-08T17:44:00-07:00,15
1783557900,2026-07-08T17:45:00-07:00,15
1783557960,2026-07-08T17:46:00-07:00,14
1783558020,2026-07-08T17:47:00-07:00,14
1783558080,2026-07-08T17:48:00-07:00,12
1783558140,2026-07-08T17:49:00-07:00,12
1783558200,2026-07-08T17:50:00-07:00,15
1783558260,2026-07-08T17:51:00-07:00,16
1783558320,2026-07-08T17:52:00-07:00,14
1783558380,2026-07-08T17:53:00-07:00,17
1783558440,2026-07-08T17:54:00-07:00,14
1783558500,2026-07-08T17:55:00-07:00,14
1783558560,2026-07-08T17:56:00-07:00,18
1783558620,2026-07-08T17:57:00-07:00,16
1783558680,2026-07-08T17:58:00-07:00,14
1783558740,2026-07-08T17:59:00-07:00,13
1783558800,2026-07-08T18:00:00-07:00,14
1783558860,2026-07-08T18:01:00-07:00,12
1783558920,2026-07-08T18:02:00-07:00,15
1783558980,2026-07-08T18:03:00-07:00,15
1783559040,2026-07-08T18:04:00-07:00,14
1783559100,2026-07-08T18:05:00-07:00,13
1783559160,2026-07-08T18:06:00-07:00,12
1783559220,2026-07-08T18:07:00-07:00,14
1783559280,2026-07-08T18:08:00-07:00,14
1783559340,2026-07-08T18:09:00-07:00,14
1783559400,2026-07-08T18:10:00-07:00,12
1783559460,2026-07-08T18:11:00-07:00,14
1783559520,2026-07-08T18:12:00-07:00,14
1783559580,2026-07-08T18:13:00-07:00,14
1783559640,2026-07-08T18:14:00-07:00,11
1783559700,2026-07-08T18:15:00-07:00,13
1783559760,2026-07-08T18:16:00-07:00,15
1783559820,2026-07-08T18:17:00-07:00,14
1783559880,2026-07-08T18:18:00-07:00,0
1783559940,2026-07-08T18:19:00-07:00,13
1783560000,2026-07-08T18:20:00-07:00,13
1783560060,2026-07-08T18:21:00-07:00,-1
1783560120,2026-07-08T18:22:00-07:00,16
1783560180,2026-07-08T18:23:00-07:00,13
1783560240,2026-07-08T18:24:00-07:00,13
1783560300,2026-07-08T18:25:00-07:00,16
1783560360,2026-07-08T18:26:00-07:00,14
1783560420,2026-07-08T18:27:00-07:00,13
1783560480,2026-07-08T18:28:00-07:00,11
1783560540,2026-07-08T18:29:00-07:00,12
1783560600,2026-07-08T18:30:00-07:00,14
1783560660,2026-07-08T18:31:00-07:00,15
1783560720,2026-07-08T18:32:00-07:00,13
1783560780,2026-07-08T18:33:00-07:00,14
1783560840,2026-07-08T18:34:00-07:00,13
1783560900,2026-07-08T18:35:00-07:00,13
1783560960,2026-07-08T18:36:00-07:00,12
1783561020,2026-07-08T18:37:00-07:00,14
1783561080,2026-07-08T18:38:00-07:00,13
1783561140,2026-07-08T18:39:00-07:00,12
1783561200,2026-07-08T18:40:00-07:00,14
1783561260,2026-07-08T18:41:00-07:00,14
1783561320,2026-07-08T18:42:00-07:00,13
1783561380,2026-07-08T18:43:00-07:00,14
1783561440,2026-07-08T18:44:00-07:00,14
1783561500,2026-07-08T18:45:00-07:00,13
1783561560,2026-07-08T18:46:00-07:00,14
1783561620,2026-07-08T18:47:00-07:00,14
1783561680,2026-07-08T18:48:00-07:00,14
1783561740,2026-07-08T18:49:00-07:00,15
1783561800,2026-07-08T18:50:00-07:00,15
1783561860,2026-07-08T18:51:00-07:00,15
1783561920,2026-07-08T18:52:00-07:00,14
1783561980,2026-07-08T18:53:00-07:00,13
1783562040,2026-07-08T18:54:00-07:00,16
1783562100,2026-07-08T18:55:00-07:00,13
1783562160,2026-07-08T18:56:00-07:00,13
1783562220,2026-07-08T18:57:00-07:00,17
1783562280,2026-07-08T18:58:00-07:00,13
1783562340,2026-07-08T18:59:00-07:00,14
1783562400,2026-07-08T19:00:00-07:00,15
1783562460,2026-07-08T19:01:00-07:00,13
1783562520,2026-07-08T19:02:00-07:00,13
1783562580,2026-07-08T19:03:00-07:00,14
1783562640,2026-07-08T19:04:00-07:00,15
1783562700,2026-07-08T19:05:00-07:00,15
1783562760,2026-07-08T19:06:00-07:00,14
1783562820,2026-07-08T19:07:00-07:00,14
1783562880,2026-07-08T19:08:00-07:00,15
1783562940,2026-07-08T19:09:00-07:00,15
1783563000,2026-07-08T19:10:00-07:00,13
1783563060,2026-07-08T19:11:00-07:00,13
1783563120,2026-07-08T19:12:00-07:00,13
1783563180,2026-07-08T19:13:00-07:00,11
1783563240,2026-07-08T19:14:00-07:00,12
1783563300,2026-07-08T19:15:00-07:00,15
1783563360,2026-07-08T19:16:00-07:00,14
1783563420,2026-07-08T19:17:00-07:00,15
1783563480,2026-07-08T19:18:00-07:00,13
1783563540,2026-07-08T19:19:00-07:00,14
1783563600,2026-07-08T19:20:00-07:00,15
1783563660,2026-07-08T19:21:00-07:00,14
1783563720,2026-07-08T19:22:00-07:00,15
1783563780,2026-07-08T19:23:00-07:00,12
1783563840,2026-07-08T19:24:00-07:00,18
1783563900,2026-07-08T19:25:00-07:00,13
1783563960,2026-07-08T19:26:00-07:00,13
1783564020,2026-07-08T19:27:00-07:00,14
1783564080,2026-07-08T19:28:00-07:00,13
1783564140,2026-07-08T19:29:00-07:00,13
1783564200,2026-07-08T19:30:00-07:00,14
1783564260,2026-07-08T19:31:00-07:00,14
1783564320,2026-07-08T19:32:00-07:00,14
1783564380,2026-07-08T19:33:00-07:00,14
1783564440,2026-07-08T19:34:00-07:00,13
1783564500,2026-07-08T19:35:00-07:00,12
1783564560,2026-07-08T19:36:00-07:00,13
1783564620,2026-07-08T19:37:00-07:00,15
1783564680,2026-07-08T19:38:00-07:00,15
1783564740,2026-07-08T19:39:00-07:00,13
1783564800,2026-07-08T19:40:00-07:00,2
1783564860,2026-07-08T19:41:00-07:00,18
1783564920,2026-07-08T19:42:00-07:00,14
1783564980,2026-07-08T19:43:00-07:00,15
1783565040,2026-07-08T19:44:00-07:00,16
1783565100,2026-07-08T19:45:00-07:00,14
1783565160,2026-07-08T19:46:00-07:00,17
1783565220,2026-07-08T19:47:00-07:00,15
1783565280,2026-07-08T19:48:00-07:00,15
1783565340,2026-07-08T19:49:00-07:00,15
1783565400,2026-07-08T19:50:00-07:00,14
1783565460,2026-07-08T19:51:00-07:00,18
1783565520,2026-07-08T19:52:00-07:00,15
1783565580,2026-07-08T19:53:00-07:00,14
1783565640,2026-07-08T19:54:00-07:00,13
1783565700,2026-07-08T19:55:00-07:00,13
1783565760,2026-07-08T19:56:00-07:00,13
1783565820,2026-07-08T19:57:00-07:00,14
1783565880,2026-07-08T19:58:00-07:00,12
1783565940,2026-07-08T19:59:00-07:00,13
1783566000,2026-07-08T20:00:00-07:00,15
1783566060,2026-07-08T20:01:00-07:00,13
1783566120,2026-07-08T20:02:00-07:00,12
1783566180,2026-07-08T20:03:00-07:00,15
1783566240,2026-07-08T20:04:00-07:00,13
1783566300,2026-07-08T20:05:00-07:00,13
1783566360,2026-07-08T20:06:00-07:00,12
1783566420,2026-07-08T20:07:00-07:00,13
1783566480,2026-07-08T20:08:00-07:00,18
1783566540,2026-07-08T20:09:00-07:00,15
1783566600,2026-07-08T20:10:00-07:00,12
1783566660,2026-07-08T20:11:00-07:00,13
1783566720,2026-07-08T20:12:00-07:00,14
1783566780,2026-07-08T20:13:00-07:00,13
1783566840,2026-07-08T20:14:00-07:00,14
1783566900,2026-07-08T20:15:00-07:00,13
1783566960,2026-07-08T20:16:00-07:00,13
1783567020,2026-07-08T20:17:00-07:00,16
1783567080,2026-07-08T20:18:00-07:00,14
1783567140,2026-07-08T20:19:00-07:00,14
1783567200,2026-07-08T20:20:00-07:00,13
1783567260,2026-07-08T20:21:00-07:00,12
1783567320,2026-07-08T20:22:00-07:00,14
1783567380,2026-07-08T20:23:00-07:00,12
1783567440,2026-07-08T20:24:00-07:00,15
1783567500,2026-07-08T20:25:00-07:00,13
1783567560,2026-07-08T20:26:00-07:00,12
1783567620,2026-07-08T20:27:00-07:00,16
1783567680,2026-07-08T20:28:00-07:00,14
1783567740,2026-07-08T20:29:00-07:00,12
1783567800,2026-07-08T20:30:00-07:00,13
1783567860,2026-07-08T20:31:00-07:00,15
1783567920,2026-07-08T20:32:00-07:00,13
1783567980,2026-07-08T20:33:00-07:00,13
1783568040,2026-07-08T20:34:00-07:00,13
1783568100,2026-07-08T20:35:00-07:00,14
1783568160,2026-07-08T20:36:00-07:00,18
1783568220,2026-07-08T20:37:00-07:00,12
1783568280,2026-07-08T20:38:00-07:00,12
1783568340,2026-07-08T20:39:00-07:00,13
1783568400,2026-07-08T20:40:00-07:00,13
1783568460,2026-07-08T20:41:00-07:00,12
1783568520,2026-07-08T20:42:00-07:00,12
1783568580,2026-07-08T20:43:00-07:00,14
1783568640,2026-07-08T20:44:00-07:00,13
1783568700,2026-07-08T20:45:00-07:00,12
1783568760,2026-07-08T20:46:00-07:00,14
1783568820,2026-07-08T20:47:00-07:00,12
1783568880,2026-07-08T20:48:00-07:00,14
1783568940,2026-07-08T20:49:00-07:00,14
1783569000,2026-07-08T20:50:00-07:00,13
1783569060,2026-07-08T20:51:00-07:00,13
1783569120,2026-07-08T20:52:00-07:00,14
1783569180,2026-07-08T20:53:00-07:00,13
1783569240,2026-07-08T20:54:00-07:00,12
1783569300,2026-07-08T20:55:00-07:00,13
1783569360,2026-07-08T20:56:00-07:00,13
1783569420,2026-07-08T20:57:00-07:00,12
1783569480,2026-07-08T20:58:00-07:00,13
1783569540,2026-07-08T20:59:00-07:00,14
1783569600,2026-07-08T21:00:00-07:00,15
1783569660,2026-07-08T21:01:00-07:00,15
1783569720,2026-07-08T21:02:00-07:00,12
1783569780,2026-07-08T21:03:00-07:00,13
1783569840,2026-07-08T21:04:00-07:00,12
1783569900,2026-07-08T21:05:00-07:00,13
1783569960,2026-07-08T21:06:00-07:00,15
1783570020,2026-07-08T21:07:00-07:00,13
1783570080,2026-07-08T21:08:00-07:00,13
1783570140,2026-07-08T21:09:00-07:00,14
1783570200,2026-07-08T21:10:00-07:00,15
1783570260,2026-07-08T21:11:00-07:00,14
1783570320,2026-07-08T21:12:00-07:00,14
1783570380,2026-07-08T21:13:00-07:00,14
1783570440,2026-07-08T21:14:00-07:00,13
1783570500,2026-07-08T21:15:00-07:00,13
1783570560,2026-07-08T21:16:00-07:00,13
1783570620,2026-07-08T21:17:00-07:00,18
1783570680,2026-07-08T21:18:00-07:00,16
1783570740,2026-07-08T21:19:00-07:00,12
1783570800,2026-07-08T21:20:00-07:00,15
1783570860,2026-07-08T21:21:00-07:00,15
1783570920,2026-07-08T21:22:00-07:00,15
1783570980,2026-07-08T21:23:00-07:00,14
1783571040,2026-07-08T21:24:00-07:00,13
1783571100,2026-07-08T21:25:00-07:00,14
1783571160,2026-07-08T21:26:00-07:00,14
1783571220,2026-07-08T21:27:00-07:00,14
1783571280,2026-07-08T21:28:00-07:00,14
1783571340,2026-07-08T21:29:00-07:00,14
1783571400,2026-07-08T21:30:00-07:00,13
1783571460,2026-07-08T21:31:00-07:00,13
1783571520,2026-07-08T21:32:00-07:00,14
1783571580,2026-07-08T21:33:00-07:00,14
1783571640,2026-07-08T21:34:00-07:00,14
1783571700,2026-07-08T21:35:00-07:00,14
1783571760,2026-07-08T21:36:00-07:00,16
1783571820,2026-07-08T21:37:00-07:00,13
1783571880,2026-07-08T21:38:00-07:00,17
1783571940,2026-07-08T21:39:00-07:00,12
1783572000,2026-07-08T21:40:00-07:00,15
1783572060,2026-07-08T21:41:00-07:00,16
1783572120,2026-07-08T21:42:00-07:00,14
1783572180,2026-07-08T21:43:00-07:00,18
1783572240,2026-07-08T21:44:00-07:00,12
1783572300,2026-07-08T21:45:00-07:00,14
1783572360,2026-07-08T21:46:00-07:00,13
1783572420,2026-07-08T21:47:00-07:00,13
1783572480,2026-07-08T21:48:00-07:00,13
1783572540,2026-07-08T21:49:00-07:00,13
1783572600,2026-07-08T21:50:00-07:00,14
1783572660,2026-07-08T21:51:00-07:00,16
1783572720,2026-07-08T21:52:00-07:00,12
1783572780,2026-07-08T21:53:00-07:00,13
1783572840,2026-07-08T21:54:00-07:00,13
1783572900,2026-07-08T21:55:00-07:00,15
1783572960,2026-07-08T21:56:00-07:00,13
1783573020,2026-07-08T21:57:00-07:00,14
1783573080,2026-07-08T21:58:00-07:00,13
1783573140,2026-07-08T21:59:00-07:00,14
1783573200,2026-07-08T22:00:00-07:00,13
1783573260,2026-07-08T22:01:00-07:00,14
1783573320,2026-07-08T22:02:00-07:00,15
1783573380,2026-07-08T22:03:00-07:00,11
1783573440,2026-07-08T22:04:00-07:00,14
1783573500,2026-07-08T22:05:00-07:00,14
1783573560,2026-07-08T22:06:00-07:00,14
1783573620,2026-07-08T22:07:00-07:00,15
1783573680,2026-07-08T22:08:00-07:00,13
1783573740,2026-07-08T22:09:00-07:00,16
1783573800,2026-07-08T22:10:00-07:00,13
1783573860,2026-07-08T22:11:00-07:00,12
1783573920,2026-07-08T22:12:00-07:00,13
1783573980,2026-07-08T22:13:00-07:00,13
1783574040,2026-07-08T22:14:00-07:00,14
1783574100,2026-07-08T22:15:00-07:00,18
1783574160,2026-07-08T22:16:00-07:00,-2
1783574220,2026-07-08T22:17:00-07:00,14
1783574280,2026-07-08T22:18:00-07:00,15
1783574340,2026-07-08T22:19:00-07:00,13
1783574400,2026-07-08T22:20:00-07:00,14
1783574460,2026-07-08T22:21:00-07:00,17
1783574520,2026-07-08T22:22:00-07:00,13
1783574580,2026-07-08T22:23:00-07:00,14
1783574640,2026-07-08T22:24:00-07:00,13
1783574700,2026-07-08T22:25:00-07:00,13
1783574760,2026-07-08T22:26:00-07:00,13
1783574820,2026-07-08T22:27:00-07:00,14
1783574880,2026-07-08T22:28:00-07:00,13
1783574940,2026-07-08T22:29:00-07:00,16
1783575000,2026-07-08T22:30:00-07:00,14
1783575060,2026-07-08T22:31:00-07:00,14
1783575120,2026-07-08T22:32:00-07:00,12
1783575180,2026-07-08T22:33:00-07:00,18
1783575240,2026-07-08T22:34:00-07:00,16
1783575300,2026-07-08T22:35:00-07:00,12
1783575360,2026-07-08T22:36:00-07:00,13
1783575420,2026-07-08T22:37:00-07:00,13
1783575480,2026-07-08T22:38:00-07:00,14
1783575540,2026-07-08T22:39:00-07:00,13
1783575600,2026-07-08T22:40:00-07:00,13
1783575660,2026-07-08T22:41:00-07:00,13
1783575720,2026-07-08T22:42:00-07:00,13
1783575780,2026-07-08T22:43:00-07:00,14
1783575840,2026-07-08T22:44:00-07:00,13
1783575900,2026-07-08T22:45:00-07:00,14
1783575960,2026-07-08T22:46:00-07:00,13
1783576020,2026-07-08T22:47:00-07:00,13
1783576080,2026-07-08T22:48:00-07:00,14
1783576140,2026-07-08T22:49:00-07:00,12
1783576200,2026-07-08T22:50:00-07:00,22
1783576260,2026-07-08T22:51:00-07:00,15
1783576320,2026-07-08T22:52:00-07:00,14
1783576380,2026-07-08T22:53:00-07:00,14
1783576440,2026-07-08T22:54:00-07:00,14
1783576500,2026-07-08T22:55:00-07:00,14
1783576560,2026-07-08T22:56:00-07:00,14
1783576620,2026-07-08T22:57:00-07:00,14
1783576680,2026-07-08T22:58:00-07:00,14
1783576740,2026-07-08T22:59:00-07:00,14
1783576800,2026-07-08T23:00:00-07:00,17
1783576860,2026-07-08T23:01:00-07:00,14
1783576920,2026-07-08T23:02:00-07:00,13
1783576980,2026-07-08T23:03:00-07:00,13
1783577040,2026-07-08T23:04:00-07:00,13
1783577100,2026-07-08T23:05:00-07:00,13
1783577160,2026-07-08T23:06:00-07:00,13
1783577220,2026-07-08T23:07:00-07:00,14
1783577280,2026-07-08T23:08:00-07:00,16
1783577340,2026-07-08T23:09:00-07:00,13
1783577400,2026-07-08T23:10:00-07:00,13
1783577460,2026-07-08T23:11:00-07:00,13
1783577520,2026-07-08T23:12:00-07:00,14
1783577580,2026-07-08T23:13:00-07:00,13
1783577640,2026-07-08T23:14:00-07:00,14
1783577700,2026-07-08T23:15:00-07:00,13
1783577760,2026-07-08T23:16:00-07:00,17
1783577820,2026-07-08T23:17:00-07:00,14
1783577880,2026-07-08T23:18:00-07:00,14
1783577940,2026-07-08T23:19:00-07:00,14
1783578000,2026-07-08T23:20:00-07:00,13
1783578060,2026-07-08T23:21:00-07:00,16
1783578120,2026-07-08T23:22:00-07:00,15
1783578180,2026-07-08T23:23:00-07:00,13
1783578240,2026-07-08T23:24:00-07:00,13
1783578300,2026-07-08T23:25:00-07:00,14
1783578360,2026-07-08T23:26:00-07:00,14
1783578420,2026-07-08T23:27:00-07:00,15
1783578480,2026-07-08T23:28:00-07:00,14
1783578540,2026-07-08T23:29:00-07:00,14
1783578600,2026-07-08T23:30:00-07:00,13
1783578660,2026-07-08T23:31:00-07:00,14
1783578720,2026-07-08T23:32:00-07:00,13
1783578780,2026-07-08T23:33:00-07:00,1
1783578840,2026-07-08T23:34:00-07:00,14
1783578900,2026-07-08T23:35:00-07:00,13
1783578960,2026-07-08T23:36:00-07:00,16
1783579020,2026-07-08T23:37:00-07:00,13
1783579080,2026-07-08T23:38:00-07:00,13
1783579140,2026-07-08T23:39:00-07:00,14
1783579200,2026-07-08T23:40:00-07:00,18
1783579260,2026-07-08T23:41:00-07:00,17
1783579320,2026-07-08T23:42:00-07:00,13
1783579380,2026-07-08T23:43:00-07:00,1
1783579440,2026-07-08T23:44:00-07:00,12
1783579500,2026-07-08T23:45:00-07:00,13
1783579560,2026-07-08T23:46:00-07:00,1
1783579620,2026-07-08T23:47:00-07:00,13
1783579680,2026-07-08T23:48:00-07:00,14
1783579740,2026-07-08T23:49:00-07:00,14
1783579800,2026-07-08T23:50:00-07:00,13
1783579860,2026-07-08T23:51:00-07:00,14
1783579920,2026-07-08T23:52:00-07:00,14
1783579980,2026-07-08T23:53:00-07:00,-2
1783580040,2026-07-08T23:54:00-07:00,14
1783580100,2026-07-08T23:55:00-07:00,14
1783580160,2026-07-08T23:56:00-07:00,17
1783580220,2026-07-08T23:57:00-07:00,13
1783580280,2026-07-08T23:58:00-07:00,14
1783580340,2026-07-08T23:59:00-07:00,14
1783580400,2026-07-09T00:00:00-07:00,14
1783580460,2026-07-09T00:01:00-07:00,15
1783580520,2026-07-09T00:02:00-07:00,14
1783580580,2026-07-09T00:03:00-07:00,15
1783580640,2026-07-09T00:04:00-07:00,14
1783580700,2026-07-09T00:05:00-07:00,14
1783580760,2026-07-09T00:06:00-07:00,14
1783580820,2026-07-09T00:07:00-07:00,15
1783580880,2026-07-09T00:08:00-07:00,13
1783580940,2026-07-09T00:09:00-07:00,14
1783581000,2026-07-09T00:10:00-07:00,14
1783581060,2026-07-09T00:11:00-07:00,12
1783581120,2026-07-09T00:12:00-07:00,14
1783581180,2026-07-09T00:13:00-07:00,14
1783581240,2026-07-09T00:14:00-07:00,13
1783581300,2026-07-09T00:15:00-07:00,13
1783581360,2026-07-09T00:16:00-07:00,14
1783581420,2026-07-09T00:17:00-07:00,13
1783581480,2026-07-09T00:18:00-07:00,14
1783581540,2026-07-09T00:19:00-07:00,16
1783581600,2026-07-09T00:20:00-07:00,13
1783581660,2026-07-09T00:21:00-07:00,12
1783581720,2026-07-09T00:22:00-07:00,15
1783581780,2026-07-09T00:23:00-07:00,14
1783581840,2026-07-09T00:24:00-07:00,14
1783581900,2026-07-09T00:25:00-07:00,15
1783581960,2026-07-09T00:26:00-07:00,12
1783582020,2026-07-09T00:27:00-07:00,14
1783582080,2026-07-09T00:28:00-07:00,15
1783582140,2026-07-09T00:29:00-07:00,13
1783582200,2026-07-09T00:30:00-07:00,14
1783582260,2026-07-09T00:31:00-07:00,0
1783582320,2026-07-09T00:32:00-07:00,13
1783582380,2026-07-09T00:33:00-07:00,14
1783582440,2026-07-09T00:34:00-07:00,17
1783582500,2026-07-09T00:35:00-07:00,17
1783582560,2026-07-09T00:36:00-07:00,13
1783582620,2026-07-09T00:37:00-07:00,15
1783582680,2026-07-09T00:38:00-07:00,16
1783582740,2026-07-09T00:39:00-07:00,17
1783582800,2026-07-09T00:40:00-07:00,14
1783582860,2026-07-09T00:41:00-07:00,13
1783582920,2026-07-09T00:42:00-07:00,14
1783582980,2026-07-09T00:43:00-07:00,14
1783583040,2026-07-09T00:44:00-07:00,12
1783583100,2026-07-09T00:45:00-07:00,14
1783583160,2026-07-09T00:46:00-07:00,14
1783583220,2026-07-09T00:47:00-07:00,14
1783583280,2026-07-09T00:48:00-07:00,12
1783583340,2026-07-09T00:49:00-07:00,14
1783583400,2026-07-09T00:50:00-07:00,16
1783583460,2026-07-09T00:51:00-07:00,14
1783583520,2026-07-09T00:52:00-07:00,14
1783583580,2026-07-09T00:53:00-07:00,15
1783583640,2026-07-09T00:54:00-07:00,13
1783583700,2026-07-09T00:55:00-07:00,13
1783583760,2026-07-09T00:56:00-07:00,14
1783583820,2026-07-09T00:57:00-07:00,13
1783583880,2026-07-09T00:58:00-07:00,14
1783583940,2026-07-09T00:59:00-07:00,13
1783584000,2026-07-09T01:00:00-07:00,-4
1783584060,2026-07-09T01:01:00-07:00,14
1783584120,2026-07-09T01:02:00-07:00,14
1783584180,2026-07-09T01:03:00-07:00,14
1783584240,2026-07-09T01:04:00-07:00,12
1783584300,2026-07-09T01:05:00-07:00,13
1783584360,2026-07-09T01:06:00-07:00,13
1783584420,2026-07-09T01:07:00-07:00,14
1783584480,2026-07-09T01:08:00-07:00,14
1783584540,2026-07-09T01:09:00-07:00,13
1783584600,2026-07-09T01:10:00-07:00,14
1783584660,2026-07-09T01:11:00-07:00,13
1783584720,2026-07-09T01:12:00-07:00,13
1783584780,2026-07-09T01:13:00-07:00,14
1783584840,2026-07-09T01:14:00-07:00,14
1783584900,2026-07-09T01:15:00-07:00,14
1783584960,2026-07-09T01:16:00-07:00,14
1783585020,2026-07-09T01:17:00-07:00,13
1783585080,2026-07-09T01:18:00-07:00,13
1783585140,2026-07-09T01:19:00-07:00,14
1783585200,2026-07-09T01:20:00-07:00,14
1783585260,2026-07-09T01:21:00-07:00,14
1783585320,2026-07-09T01:22:00-07:00,14
1783585380,2026-07-09T01:23:00-07:00,13
1783585440,2026-07-09T01:24:00-07:00,14
1783585500,2026-07-09T01:25:00-07:00,16
1783585560,2026-07-09T01:26:00-07:00,14
1783585620,2026-07-09T01:27:00-07:00,14
1783585680,2026-07-09T01:28:00-07:00,13
1783585740,2026-07-09T01:29:00-07:00,14
1783585800,2026-07-09T01:30:00-07:00,-4
1783585860,2026-07-09T01:31:00-07:00,15
1783585920,2026-07-09T01:32:00-07:00,14
1783585980,2026-07-09T01:33:00-07:00,13
1783586040,2026-07-09T01:34:00-07:00,14
1783586100,2026-07-09T01:35:00-07:00,14
1783586160,2026-07-09T01:36:00-07:00,14
1783586220,2026-07-09T01:37:00-07:00,14
1783586280,2026-07-09T01:38:00-07:00,15
1783586340,2026-07-09T01:39:00-07:00,15
1783586400,2026-07-09T01:40:00-07:00,13
1783586460,2026-07-09T01:41:00-07:00,17
1783586520,2026-07-09T01:42:00-07:00,15
1783586580,2026-07-09T01:43:00-07:00,15
1783586640,2026-07-09T01:44:00-07:00,13
1783586700,2026-07-09T01:45:00-07:00,13
1783586760,2026-07-09T01:46:00-07:00,13
1783586820,2026-07-09T01:47:00-07:00,15
1783586880,2026-07-09T01:48:00-07:00,15
1783586940,2026-07-09T01:49:00-07:00,-4
1783587000,2026-07-09T01:50:00-07:00,13
1783587060,2026-07-09T01:51:00-07:00,14
1783587120,2026-07-09T01:52:00-07:00,13
1783587180,2026-07-09T01:53:00-07:00,13
1783587240,2026-07-09T01:54:00-07:00,13
1783587300,2026-07-09T01:55:00-07:00,14
1783587360,2026-07-09T01:56:00-07:00,14
1783587420,2026-07-09T01:57:00-07:00,13
1783587480,2026-07-09T01:58:00-07:00,13
1783587540,2026-07-09T01:59:00-07:00,0
1783587600,2026-07-09T02:00:00-07:00,13
1783587660,2026-07-09T02:01:00-07:00,14
1783587720,2026-07-09T02:02:00-07:00,13
1783587780,2026-07-09T02:03:00-07:00,14
1783587840,2026-07-09T02:04:00-07:00,13
1783587900,2026-07-09T02:05:00-07:00,13
1783587960,2026-07-09T02:06:00-07:00,14
1783588020,2026-07-09T02:07:00-07:00,14
1783588080,2026-07-09T02:08:00-07:00,13
1783588140,2026-07-09T02:09:00-07:00,13
1783588200,2026-07-09T02:10:00-07:00,14
1783588260,2026-07-09T02:11:00-07:00,14
1783588320,2026-07-09T02:12:00-07:00,15
1783588380,2026-07-09T02:13:00-07:00,13
1783588440,2026-07-09T02:14:00-07:00,14
1783588500,2026-07-09T02:15:00-07:00,15
1783588560,2026-07-09T02:16:00-07:00,15
1783588620,2026-07-09T02:17:00-07:00,13
1783588680,2026-07-09T02:18:00-07:00,13
1783588740,2026-07-09T02:19:00-07:00,13
1783588800,2026-07-09T02:20:00-07:00,16
1783588860,2026-07-09T02:21:00-07:00,15
1783588920,2026-07-09T02:22:00-07:00,14
1783588980,2026-07-09T02:23:00-07:00,13
1783589040,2026-07-09T02:24:00-07:00,14
1783589100,2026-07-09T02:25:00-07:00,14
1783589160,2026-07-09T02:26:00-07:00,13
1783589220,2026-07-09T02:27:00-07:00,12
1783589280,2026-07-09T02:28:00-07:00,13
1783589340,2026-07-09T02:29:00-07:00,14
1783589400,2026-07-09T02:30:00-07:00,13
1783589460,2026-07-09T02:31:00-07:00,14
1783589520,2026-07-09T02:32:00-07:00,17
1783589580,2026-07-09T02:33:00-07:00,14
1783589640,2026-07-09T02:34:00-07:00,14
1783589700,2026-07-09T02:35:00-07:00,12
1783589760,2026-07-09T02:36:00-07:00,12
1783589820,2026-07-09T02:37:00-07:00,15
1783589880,2026-07-09T02:38:00-07:00,12
1783589940,2026-07-09T02:39:00-07:00,14
1783590000,2026-07-09T02:40:00-07:00,13
1783590060,2026-07-09T02:41:00-07:00,14
1783590120,2026-07-09T02:42:00-07:00,14
1783590180,2026-07-09T02:43:00-07:00,13
1783590240,2026-07-09T02:44:00-07:00,12
1783590300,2026-07-09T02:45:00-07:00,16
1783590360,2026-07-09T02:46:00-07:00,16
1783590420,2026-07-09T02:47:00-07:00,18
1783590480,2026-07-09T02:48:00-07:00,16
1783590540,2026-07-09T02:49:00-07:00,13
1783590600,2026-07-09T02:50:00-07:00,13
1783590660,2026-07-09T02:51:00-07:00,13
1783590720,2026-07-09T02:52:00-07:00,13
1783590780,2026-07-09T02:53:00-07:00,14
1783590840,2026-07-09T02:54:00-07:00,13
1783590900,2026-07-09T02:55:00-07:00,14
1783590960,2026-07-09T02:56:00-07:00,13
1783591020,2026-07-09T02:57:00-07:00,13
1783591080,2026-07-09T02:58:00-07:00,14
1783591140,2026-07-09T02:59:00-07:00,15
1783591200,2026-07-09T03:00:00-07:00,15
1783591260,2026-07-09T03:01:00-07:00,13
1783591320,2026-07-09T03:02:00-07:00,13
1783591380,2026-07-09T03:03:00-07:00,12
1783591440,2026-07-09T03:04:00-07:00,13
1783591500,2026-07-09T03:05:00-07:00,12
1783591560,2026-07-09T03:06:00-07:00,14
1783591620,2026-07-09T03:07:00-07:00,18
1783591680,2026-07-09T03:08:00-07:00,16
1783591740,2026-07-09T03:09:00-07:00,13
1783591800,2026-07-09T03:10:00-07:00,14
1783591860,2026-07-09T03:11:00-07:00,14
1783591920,2026-07-09T03:12:00-07:00,14
1783591980,2026-07-09T03:13:00-07:00,16
1783592040,2026-07-09T03:14:00-07:00,14
1783592100,2026-07-09T03:15:00-07:00,12
1783592160,2026-07-09T03:16:00-07:00,13
1783592220,2026-07-09T03:17:00-07:00,15
1783592280,2026-07-09T03:18:00-07:00,14
1783592340,2026-07-09T03:19:00-07:00,12
1783592400,2026-07-09T03:20:00-07:00,13
1783592460,2026-07-09T03:21:00-07:00,13
1783592520,2026-07-09T03:22:00-07:00,13
1783592580,2026-07-09T03:23:00-07:00,12
1783592640,2026-07-09T03:24:00-07:00,13
1783592700,2026-07-09T03:25:00-07:00,13
1783592760,2026-07-09T03:26:00-07:00,14
1783592820,2026-07-09T03:27:00-07:00,14
1783592880,2026-07-09T03:28:00-07:00,12
1783592940,2026-07-09T03:29:00-07:00,14
1783593000,2026-07-09T03:30:00-07:00,13
1783593060,2026-07-09T03:31:00-07:00,12
1783593120,2026-07-09T03:32:00-07:00,14
1783593180,2026-07-09T03:33:00-07:00,14
1783593240,2026-07-09T03:34:00-07:00,12
1783593300,2026-07-09T03:35:00-07:00,12
1783593360,2026-07-09T03:36:00-07:00,-3
1783593420,2026-07-09T03:37:00-07:00,16
1783593480,2026-07-09T03:38:00-07:00,13
1783593540,2026-07-09T03:39:00-07:00,13
1783593600,2026-07-09T03:40:00-07:00,13
1783593660,2026-07-09T03:41:00-07:00,12
1783593720,2026-07-09T03:42:00-07:00,13
1783593780,2026-07-09T03:43:00-07:00,14
1783593840,2026-07-09T03:44:00-07:00,17
1783593900,2026-07-09T03:45:00-07:00,14
1783593960,2026-07-09T03:46:00-07:00,18
1783594020,2026-07-09T03:47:00-07:00,13
1783594080,2026-07-09T03:48:00-07:00,15
1783594140,2026-07-09T03:49:00-07:00,13
1783594200,2026-07-09T03:50:00-07:00,14
1783594260,2026-07-09T03:51:00-07:00,15
1783594320,2026-07-09T03:52:00-07:00,15
1783594380,2026-07-09T03:53:00-07:00,14
1783594440,2026-07-09T03:54:00-07:00,13
1783594500,2026-07-09T03:55:00-07:00,14
1783594560,2026-07-09T03:56:00-07:00,15
1783594620,2026-07-09T03:57:00-07:00,13
1783594680,2026-07-09T03:58:00-07:00,13
1783594740,2026-07-09T03:59:00-07:00,13
1783594800,2026-07-09T04:00:00-07:00,12
1783594860,2026-07-09T04:01:00-07:00,14
1783594920,2026-07-09T04:02:00-07:00,12
1783594980,2026-07-09T04:03:00-07:00,14
1783595040,2026-07-09T04:04:00-07:00,18
1783595100,2026-07-09T04:05:00-07:00,15
1783595160,2026-07-09T04:06:00-07:00,13
1783595220,2026-07-09T04:07:00-07:00,14
1783595280,2026-07-09T04:08:00-07:00,13
1783595340,2026-07-09T04:09:00-07:00,15
1783595400,2026-07-09T04:10:00-07:00,14
1783595460,2026-07-09T04:11:00-07:00,13
1783595520,2026-07-09T04:12:00-07:00,15
1783595580,2026-07-09T04:13:00-07:00,13
1783595640,2026-07-09T04:14:00-07:00,14
1783595700,2026-07-09T04:15:00-07:00,14
1783595760,2026-07-09T04:16:00-07:00,14
1783595820,2026-07-09T04:17:00-07:00,21
1783595880,2026-07-09T04:18:00-07:00,14
1783595940,2026-07-09T04:19:00-07:00,14
1783596000,2026-07-09T04:20:00-07:00,12
1783596060,2026-07-09T04:21:00-07:00,12
1783596120,2026-07-09T04:22:00-07:00,14
1783596180,2026-07-09T04:23:00-07:00,14
1783596240,2026-07-09T04:24:00-07:00,14
1783596300,2026-07-09T04:25:00-07:00,14
1783596360,2026-07-09T04:26:00-07:00,13
1783596420,2026-07-09T04:27:00-07:00,15
1783596480,2026-07-09T04:28:00-07:00,14
1783596540,2026-07-09T04:29:00-07:00,15
1783596600,2026-07-09T04:30:00-07:00,15
1783596660,2026-07-09T04:31:00-07:00,14
1783596720,2026-07-09T04:32:00-07:00,14
1783596780,2026-07-09T04:33:00-07:00,15
1783596840,2026-07-09T04:34:00-07:00,14
1783596900,2026-07-09T04:35:00-07:00,0
1783596960,2026-07-09T04:36:00-07:00,15
1783597020,2026-07-09T04:37:00-07:00,13
1783597080,2026-07-09T04:38:00-07:00,18
1783597140,2026-07-09T04:39:00-07:00,13
1783597200,2026-07-09T04:40:00-07:00,13
1783597260,2026-07-09T04:41:00-07:00,13
1783597320,2026-07-09T04:42:00-07:00,15
1783597380,2026-07-09T04:43:00-07:00,13
1783597440,2026-07-09T04:44:00-07:00,13
1783597500,2026-07-09T04:45:00-07:00,14
1783597560,2026-07-09T04:46:00-07:00,14
1783597620,2026-07-09T04:47:00-07:00,13
1783597680,2026-07-09T04:48:00-07:00,14
1783597740,2026-07-09T04:49:00-07:00,14
1783597800,2026-07-09T04:50:00-07:00,12
1783597860,2026-07-09T04:51:00-07:00,15
1783597920,2026-07-09T04:52:00-07:00,14
1783597980,2026-07-09T04:53:00-07:00,13
1783598040,2026-07-09T04:54:00-07:00,13
1783598100,2026-07-09T04:55:00-07:00,13
1783598160,2026-07-09T04:56:00-07:00,14
1783598220,2026-07-09T04:57:00-07:00,12
1783598280,2026-07-09T04:58:00-07:00,15
1783598340,2026-07-09T04:59:00-07:00,14
1783598400,2026-07-09T05:00:00-07:00,14
1783598460,2026-07-09T05:01:00-07:00,-50
1783598520,2026-07-09T05:02:00-07:00,14
1783598580,2026-07-09T05:03:00-07:00,12
1783598640,2026-07-09T05:04:00-07:00,13
1783598700,2026-07-09T05:05:00-07:00,13
1783598760,2026-07-09T05:06:00-07:00,13
1783598820,2026-07-09T05:07:00-07:00,14
1783598880,2026-07-09T05:08:00-07:00,13
1783598940,2026-07-09T05:09:00-07:00,13
1783599000,2026-07-09T05:10:00-07:00,13
1783599060,2026-07-09T05:11:00-07:00,13
1783599120,2026-07-09T05:12:00-07:00,13
1783599180,2026-07-09T05:13:00-07:00,14
1783599240,2026-07-09T05:14:00-07:00,-4
1783599300,2026-07-09T05:15:00-07:00,14
1783599360,2026-07-09T05:16:00-07:00,17
1783599420,2026-07-09T05:17:00-07:00,14
1783599480,2026-07-09T05:18:00-07:00,13
1783599540,2026-07-09T05:19:00-07:00,16
1783599600,2026-07-09T05:20:00-07:00,17
1783599660,2026-07-09T05:21:00-07:00,13
1783599720,2026-07-09T05:22:00-07:00,14
1783599780,2026-07-09T05:23:00-07:00,15
1783599840,2026-07-09T05:24:00-07:00,0
1783599900,2026-07-09T05:25:00-07:00,13
1783599960,2026-07-09T05:26:00-07:00,13
1783600020,2026-07-09T05:27:00-07:00,12
1783600080,2026-07-09T05:28:00-07:00,16
1783600140,2026-07-09T05:29:00-07:00,14
1783600200,2026-07-09T05:30:00-07:00,15
1783600260,2026-07-09T05:31:00-07:00,14
1783600320,2026-07-09T05:32:00-07:00,13
1783600380,2026-07-09T05:33:00-07:00,12
1783600440,2026-07-09T05:34:00-07:00,14
1783600500,2026-07-09T05:35:00-07:00,13
1783600560,2026-07-09T05:36:00-07:00,12
1783600620,2026-07-09T05:37:00-07:00,13
1783600680,2026-07-09T05:38:00-07:00,14
1783600740,2026-07-09T05:39:00-07:00,13
1783600800,2026-07-09T05:40:00-07:00,14
1783600860,2026-07-09T05:41:00-07:00,14
1783600920,2026-07-09T05:42:00-07:00,14
1783600980,2026-07-09T05:43:00-07:00,13
1783601040,2026-07-09T05:44:00-07:00,15
1783601100,2026-07-09T05:45:00-07:00,14
1783601160,2026-07-09T05:46:00-07:00,13
1783601220,2026-07-09T05:47:00-07:00,14
1783601280,2026-07-09T05:48:00-07:00,14
1783601340,2026-07-09T05:49:00-07:00,13
1783601400,2026-07-09T05:50:00-07:00,14
1783601460,2026-07-09T05:51:00-07:00,12
1783601520,2026-07-09T05:52:00-07:00,14
1783601580,2026-07-09T05:53:00-07:00,13
1783601640,2026-07-09T05:54:00-07:00,13
1783601700,2026-07-09T05:55:00-07:00,13
1783601760,2026-07-09T05:56:00-07:00,13
1783601820,2026-07-09T05:57:00-07:00,13
1783601880,2026-07-09T05:58:00-07:00,13
1783601940,2026-07-09T05:59:00-07:00,13
1783602000,2026-07-09T06:00:00-07:00,12
1783602060,2026-07-09T06:01:00-07:00,14
1783602120,2026-07-09T06:02:00-07:00,15
1783602180,2026-07-09T06:03:00-07:00,13
1783602240,2026-07-09T06:04:00-07:00,13
1783602300,2026-07-09T06:05:00-07:00,13
1783602360,2026-07-09T06:06:00-07:00,14
1783602420,2026-07-09T06:07:00-07:00,13
1783602480,2026-07-09T06:08:00-07:00,13
1783602540,2026-07-09T06:09:00-07:00,12
1783602600,2026-07-09T06:10:00-07:00,13
1783602660,2026-07-09T06:11:00-07:00,13
1783602720,2026-07-09T06:12:00-07:00,13
1783602780,2026-07-09T06:13:00-07:00,14
1783602840,2026-07-09T06:14:00-07:00,15
1783602900,2026-07-09T06:15:00-07:00,15
1783602960,2026-07-09T06:16:00-07:00,12
1783603020,2026-07-09T06:17:00-07:00,14
1783603080,2026-07-09T06:18:00-07:00,-50
1783603140,2026-07-09T06:19:00-07:00,13
1783603200,2026-07-09T06:20:00-07:00,13
1783603260,2026-07-09T06:21:00-07:00,13
1783603320,2026-07-09T06:22:00-07:00,13
1783603380,2026-07-09T06:23:00-07:00,17
1783603440,2026-07-09T06:24:00-07:00,13
1783603500,2026-07-09T06:25:00-07:00,16
1783603560,2026-07-09T06:26:00-07:00,13
1783603620,2026-07-09T06:27:00-07:00,14
1783603680,2026-07-09T06:28:00-07:00,15
1783603740,2026-07-09T06:29:00-07:00,14
1783603800,2026-07-09T06:30:00-07:00,14
1783603860,2026-07-09T06:31:00-07:00,13
1783603920,2026-07-09T06:32:00-07:00,14
1783603980,2026-07-09T06:33:00-07:00,13
1783604040,2026-07-09T06:34:00-07:00,12
1783604100,2026-07-09T06:35:00-07:00,13
1783604160,2026-07-09T06:36:00-07:00,13
1783604220,2026-07-09T06:37:00-07:00,13
1783604280,2026-07-09T06:38:00-07:00,12
1783604340,2026-07-09T06:39:00-07:00,13
1783604400,2026-07-09T06:40:00-07:00,14
1783604460,2026-07-09T06:41:00-07:00,12
1783604520,2026-07-09T06:42:00-07:00,13
1783604580,2026-07-09T06:43:00-07:00,15
1783604640,2026-07-09T06:44:00-07:00,13
1783604700,2026-07-09T06:45:00-07:00,13
1783604760,2026-07-09T06:46:00-07:00,13
1783604820,2026-07-09T06:47:00-07:00,13
1783604880,2026-07-09T06:48:00-07:00,12
1783604940,2026-07-09T06:49:00-07:00,13
1783605000,2026-07-09T06:50:00-07:00,13
1783605060,2026-07-09T06:51:00-07:00,18
1783605120,2026-07-09T06:52:00-07:00,12
1783605180,2026-07-09T06:53:00-07:00,16
1783605240,2026-07-09T06:54:00-07:00,12
1783605300,2026-07-09T06:55:00-07:00,13
1783605360,2026-07-09T06:56:00-07:00,13
1783605420,2026-07-09T06:57:00-07:00,13
1783605480,2026-07-09T06:58:00-07:00,13
1783605540,2026-07-09T06:59:00-07:00,12
1783605600,2026-07-09T07:00:00-07:00,13
1783605660,2026-07-09T07:01:00-07:00,14
1783605720,2026-07-09T07:02:00-07:00,13
1783605780,2026-07-09T07:03:00-07:00,13
1783605840,2026-07-09T07:04:00-07:00,14
1783605900,2026-07-09T07:05:00-07:00,13
1783605960,2026-07-09T07:06:00-07:00,14
1783606020,2026-07-09T07:07:00-07:00,13
1783606080,2026-07-09T07:08:00-07:00,13
1783606140,2026-07-09T07:09:00-07:00,13
1783606200,2026-07-09T07:10:00-07:00,13
1783606260,2026-07-09T07:11:00-07:00,13
1783606320,2026-07-09T07:12:00-07:00,14
1783606380,2026-07-09T07:13:00-07:00,13
1783606440,2026-07-09T07:14:00-07:00,13
1783606500,2026-07-09T07:15:00-07:00,14
1783606560,2026-07-09T07:16:00-07:00,11
1783606620,2026-07-09T07:17:00-07:00,14
1783606680,2026-07-09T07:18:00-07:00,11
1783606740,2026-07-09T07:19:00-07:00,13
1783606800,2026-07-09T07:20:00-07:00,15
1783606860,2026-07-09T07:21:00-07:00,15
1783606920,2026-07-09T07:22:00-07:00,13
1783606980,2026-07-09T07:23:00-07:00,14
1783607040,2026-07-09T07:24:00-07:00,13
1783607100,2026-07-09T07:25:00-07:00,14
1783607160,2026-07-09T07:26:00-07:00,13
1783607220,2026-07-09T07:27:00-07:00,17
1783607280,2026-07-09T07:28:00-07:00,14
1783607340,2026-07-09T07:29:00-07:00,14
1783607400,2026-07-09T07:30:00-07:00,15
1783607460,2026-07-09T07:31:00-07:00,14
1783607520,2026-07-09T07:32:00-07:00,12
1783607580,2026-07-09T07:33:00-07:00,13
1783607640,2026-07-09T07:34:00-07:00,14
1783607700,2026-07-09T07:35:00-07:00,16
1783607760,2026-07-09T07:36:00-07:00,12
1783607820,2026-07-09T07:37:00-07:00,14
1783607880,2026-07-09T07:38:00-07:00,17
1783607940,2026-07-09T07:39:00-07:00,18
1783608000,2026-07-09T07:40:00-07:00,13
1783608060,2026-07-09T07:41:00-07:00,15
1783608120,2026-07-09T07:42:00-07:00,13
1783608180,2026-07-09T07:43:00-07:00,14
1783608240,2026-07-09T07:44:00-07:00,15
1783608300,2026-07-09T07:45:00-07:00,13
1783608360,2026-07-09T07:46:00-07:00,13
1783608420,2026-07-09T07:47:00-07:00,12
1783608480,2026-07-09T07:48:00-07:00,12
1783608540,2026-07-09T07:49:00-07:00,14
1783608600,2026-07-09T07:50:00-07:00,16
1783608660,2026-07-09T07:51:00-07:00,13
1783608720,2026-07-09T07:52:00-07:00,14
1783608780,2026-07-09T07:53:00-07:00,15
1783608840,2026-07-09T07:54:00-07:00,13
1783608900,2026-07-09T07:55:00-07:00,15
1783608960,2026-07-09T07:56:00-07:00,0
1783609020,2026-07-09T07:57:00-07:00,13
1783609080,2026-07-09T07:58:00-07:00,14
1783609140,2026-07-09T07:59:00-07:00,13
1783609200,2026-07-09T08:00:00-07:00,14
1783609260,2026-07-09T08:01:00-07:00,14
1783609320,2026-07-09T08:02:00-07:00,13
1783609380,2026-07-09T08:03:00-07:00,13
1783609440,2026-07-09T08:04:00-07:00,15
1783609500,2026-07-09T08:05:00-07:00,12
1783609560,2026-07-09T08:06:00-07:00,15
1783609620,2026-07-09T08:07:00-07:00,15
1783609680,2026-07-09T08:08:00-07:00,15
1783609740,2026-07-09T08:09:00-07:00,16
1783609800,2026-07-09T08:10:00-07:00,13
1783609860,2026-07-09T08:11:00-07:00,13
1783609920,2026-07-09T08:12:00-07:00,14
1783609980,2026-07-09T08:13:00-07:00,13
1783610040,2026-07-09T08:14:00-07:00,13
1783610100,2026-07-09T08:15:00-07:00,14
1783610160,2026-07-09T08:16:00-07:00,14
1783610220,2026-07-09T08:17:00-07:00,13
1783610280,2026-07-09T08:18:00-07:00,13
1783610340,2026-07-09T08:19:00-07:00,14
1783610400,2026-07-09T08:20:00-07:00,15
1783610460,2026-07-09T08:21:00-07:00,12
1783610520,2026-07-09T08:22:00-07:00,12
1783610580,2026-07-09T08:23:00-07:00,14
1783610640,2026-07-09T08:24:00-07:00,13
1783610700,2026-07-09T08:25:00-07:00,12
1783610760,2026-07-09T08:26:00-07:00,14
1783610820,2026-07-09T08:27:00-07:00,16
1783610880,2026-07-09T08:28:00-07:00,13
1783610940,2026-07-09T08:29:00-07:00,12
1783611000,2026-07-09T08:30:00-07:00,12
1783611060,2026-07-09T08:31:00-07:00,13
1783611120,2026-07-09T08:32:00-07:00,13
1783611180,2026-07-09T08:33:00-07:00,16
1783611240,2026-07-09T08:34:00-07:00,10
1783611300,2026-07-09T08:35:00-07:00,0
1783611360,2026-07-09T08:36:00-07:00,16
1783611420,2026-07-09T08:37:00-07:00,14
1783611480,2026-07-09T08:38:00-07:00,13
1783611540,2026-07-09T08:39:00-07:00,15
1783611600,2026-07-09T08:40:00-07:00,13
1783611660,2026-07-09T08:41:00-07:00,13
1783611720,2026-07-09T08:42:00-07:00,13
1783611780,2026-07-09T08:43:00-07:00,13
1783611840,2026-07-09T08:44:00-07:00,13
1783611900,2026-07-09T08:45:00-07:00,13
1783611960,2026-07-09T08:46:00-07:00,13
1783612020,2026-07-09T08:47:00-07:00,13
1783612080,2026-07-09T08:48:00-07:00,14
1783612140,2026-07-09T08:49:00-07:00,14
1783612200,2026-07-09T08:50:00-07:00,13
1783612260,2026-07-09T08:51:00-07:00,14
1783612320,2026-07-09T08:52:00-07:00,13
1783612380,2026-07-09T08:53:00-07:00,13
1783612440,2026-07-09T08:54:00-07:00,13
1783612500,2026-07-09T08:55:00-07:00,12
1783612560,2026-07-09T08:56:00-07:00,13
1783612620,2026-07-09T08:57:00-07:00,13
1783612680,2026-07-09T08:58:00-07:00,13
1783612740,2026-07-09T08:59:00-07:00,14
1783612800,2026-07-09T09:00:00-07:00,17
1783612860,2026-07-09T09:01:00-07:00,13
1783612920,2026-07-09T09:02:00-07:00,14
1783612980,2026-07-09T09:03:00-07:00,14
1783613040,2026-07-09T09:04:00-07:00,16
1783613100,2026-07-09T09:05:00-07:00,16
1783613160,2026-07-09T09:06:00-07:00,11
1783613220,2026-07-09T09:07:00-07:00,15
1783613280,2026-07-09T09:08:00-07:00,14
1783613340,2026-07-09T09:09:00-07:00,13
1783613400,2026-07-09T09:10:00-07:00,13
1783613460,2026-07-09T09:11:00-07:00,12
1783613520,2026-07-09T09:12:00-07:00,12
1783613580,2026-07-09T09:13:00-07:00,14
1783613640,2026-07-09T09:14:00-07:00,13
1783613700,2026-07-09T09:15:00-07:00,14
1783613760,2026-07-09T09:16:00-07:00,13
1783613820,2026-07-09T09:17:00-07:00,13
1783613880,2026-07-09T09:18:00-07:00,13
1783613940,2026-07-09T09:19:00-07:00,14
1783614000,2026-07-09T09:20:00-07:00,13
1783614060,2026-07-09T09:21:00-07:00,17
1783614120,2026-07-09T09:22:00-07:00,13
1783614180,2026-07-09T09:23:00-07:00,13
1783614240,2026-07-09T09:24:00-07:00,13
1783614300,2026-07-09T09:25:00-07:00,14
1783614360,2026-07-09T09:26:00-07:00,-1
1783614420,2026-07-09T09:27:00-07:00,14
1783614480,2026-07-09T09:28:00-07:00,12
1783614540,2026-07-09T09:29:00-07:00,14
1783614600,2026-07-09T09:30:00-07:00,11
1783614660,2026-07-09T09:31:00-07:00,13
1783614720,2026-07-09T09:32:00-07:00,13
1783614780,2026-07-09T09:33:00-07:00,13
1783614840,2026-07-09T09:34:00-07:00,-1
1783614900,2026-07-09T09:35:00-07:00,15
1783614960,2026-07-09T09:36:00-07:00,12
1783615020,2026-07-09T09:37:00-07:00,13
1783615080,2026-07-09T09:38:00-07:00,14
1783615140,2026-07-09T09:39:00-07:00,13
1783615200,2026-07-09T09:40:00-07:00,12
1783615260,2026-07-09T09:41:00-07:00,13
1783615320,2026-07-09T09:42:00-07:00,14
1783615380,2026-07-09T09:43:00-07:00,13
1783615440,2026-07-09T09:44:00-07:00,13
1783615500,2026-07-09T09:45:00-07:00,14
1783615560,2026-07-09T09:46:00-07:00,14
1783615620,2026-07-09T09:47:00-07:00,13
1783615680,2026-07-09T09:48:00-07:00,13
1783615740,2026-07-09T09:49:00-07:00,13
1783615800,2026-07-09T09:50:00-07:00,14
1783615860,2026-07-09T09:51:00-07:00,13
1783615920,2026-07-09T09:52:00-07:00,14
1783615980,2026-07-09T09:53:00-07:00,15
1783616040,2026-07-09T09:54:00-07:00,12
1783616100,2026-07-09T09:55:00-07:00,13
1783616160,2026-07-09T09:56:00-07:00,11
1783616220,2026-07-09T09:57:00-07:00,14
1783616280,2026-07-09T09:58:00-07:00,13
1783616340,2026-07-09T09:59:00-07:00,12
1783616400,2026-07-09T10:00:00-07:00,13
1783616460,2026-07-09T10:01:00-07:00,12
1783616520,2026-07-09T10:02:00-07:00,14
1783616580,2026-07-09T10:03:00-07:00,13
1783616640,2026-07-09T10:04:00-07:00,18
1783616700,2026-07-09T10:05:00-07:00,13
1783616760,2026-07-09T10:06:00-07:00,14
1783616820,2026-07-09T10:07:00-07:00,14
1783616880,2026-07-09T10:08:00-07:00,12
1783616940,2026-07-09T10:09:00-07:00,11
1783617000,2026-07-09T10:10:00-07:00,-50
1783617060,2026-07-09T10:11:00-07:00,14
1783617120,2026-07-09T10:12:00-07:00,14
1783617180,2026-07-09T10:13:00-07:00,12
1783617240,2026-07-09T10:14:00-07:00,18
1783617300,2026-07-09T10:15:00-07:00,15
1783617360,2026-07-09T10:16:00-07:00,13
1783617420,2026-07-09T10:17:00-07:00,15
1783617480,2026-07-09T10:18:00-07:00,15
1783617540,2026-07-09T10:19:00-07:00,14
1783617600,2026-07-09T10:20:00-07:00,15
1783617660,2026-07-09T10:21:00-07:00,17
1783617720,2026-07-09T10:22:00-07:00,14
1783617780,2026-07-09T10:23:00-07:00,15
1783617840,2026-07-09T10:24:00-07:00,12
1783617900,2026-07-09T10:25:00-07:00,14
1783617960,2026-07-09T10:26:00-07:00,14
1783618020,2026-07-09T10:27:00-07:00,14
1783618080,2026-07-09T10:28:00-07:00,17
1783618140,2026-07-09T10:29:00-07:00,18
1783618200,2026-07-09T10:30:00-07:00,15
1783618260,2026-07-09T10:31:00-07:00,14
1783618320,2026-07-09T10:32:00-07:00,13
1783618380,2026-07-09T10:33:00-07:00,0
1783618440,2026-07-09T10:34:00-07:00,13
1783618500,2026-07-09T10:35:00-07:00,13
1783618560,2026-07-09T10:36:00-07:00,12
1783618620,2026-07-09T10:37:00-07:00,14
1783618680,2026-07-09T10:38:00-07:00,13
1783618740,2026-07-09T10:39:00-07:00,15
1783618800,2026-07-09T10:40:00-07:00,14
1783618860,2026-07-09T10:41:00-07:00,11
1783618920,2026-07-09T10:42:00-07:00,12
1783618980,2026-07-09T10:43:00-07:00,13
1783619040,2026-07-09T10:44:00-07:00,12
1783619100,2026-07-09T10:45:00-07:00,14
1783619160,2026-07-09T10:46:00-07:00,12
1783619220,2026-07-09T10:47:00-07:00,14
1783619280,2026-07-09T10:48:00-07:00,12
1783619340,2026-07-09T10:49:00-07:00,14
1783619400,2026-07-09T10:50:00-07:00,14
1783619460,2026-07-09T10:51:00-07:00,13
1783619520,2026-07-09T10:52:00-07:00,12
1783619580,2026-07-09T10:53:00-07:00,13
1783619640,2026-07-09T10:54:00-07:00,14
1783619700,2026-07-09T10:55:00-07:00,14
1783619760,2026-07-09T10:56:00-07:00,14
1783619820,2026-07-09T10:57:00-07:00,13
1783619880,2026-07-09T10:58:00-07:00,12
1783619940,2026-07-09T10:59:00-07:00,15
1783620000,2026-07-09T11:00:00-07:00,16
1783620060,2026-07-09T11:01:00-07:00,14
1783620120,2026-07-09T11:02:00-07:00,-3
1783620180,2026-07-09T11:03:00-07:00,14
1783620240,2026-07-09T11:04:00-07:00,13
1783620300,2026-07-09T11:05:00-07:00,12
1783620360,2026-07-09T11:06:00-07:00,15
1783620420,2026-07-09T11:07:00-07:00,16
1783620480,2026-07-09T11:08:00-07:00,14
1783620540,2026-07-09T11:09:00-07:00,12
1783620600,2026-07-09T11:10:00-07:00,13
1783620660,2026-07-09T11:11:00-07:00,-2
1783620720,2026-07-09T11:12:00-07:00,14
1783620780,2026-07-09T11:13:00-07:00,14
1783620840,2026-07-09T11:14:00-07:00,14
1783620900,2026-07-09T11:15:00-07:00,13
1783620960,2026-07-09T11:16:00-07:00,16
1783621020,2026-07-09T11:17:00-07:00,13
1783621080,2026-07-09T11:18:00-07:00,13
1783621140,2026-07-09T11:19:00-07:00,14
1783621200,2026-07-09T11:20:00-07:00,15
1783621260,2026-07-09T11:21:00-07:00,15
1783621320,2026-07-09T11:22:00-07:00,11
1783621380,2026-07-09T11:23:00-07:00,14
1783621440,2026-07-09T11:24:00-07:00,13
1783621500,2026-07-09T11:25:00-07:00,12
1783621560,2026-07-09T11:26:00-07:00,15
1783621620,2026-07-09T11:27:00-07:00,16
1783621680,2026-07-09T11:28:00-07:00,14
1783621740,2026-07-09T11:29:00-07:00,16
1783621800,2026-07-09T11:30:00-07:00,12
1783621860,2026-07-09T11:31:00-07:00,15
1783621920,2026-07-09T11:32:00-07:00,12
1783621980,2026-07-09T11:33:00-07:00,12
1783622040,2026-07-09T11:34:00-07:00,13
1783622100,2026-07-09T11:35:00-07:00,14
1783622160,2026-07-09T11:36:00-07:00,14
1783622220,2026-07-09T11:37:00-07:00,16
1783622280,2026-07-09T11:38:00-07:00,14
1783622340,2026-07-09T11:39:00-07:00,12
1783622400,2026-07-09T11:40:00-07:00,-7
1783622460,2026-07-09T11:41:00-07:00,14
1783622520,2026-07-09T11:42:00-07:00,14
1783622580,2026-07-09T11:43:00-07:00,15
1783622640,2026-07-09T11:44:00-07:00,12
1783622700,2026-07-09T11:45:00-07:00,13
1783622760,2026-07-09T11:46:00-07:00,16
1783622820,2026-07-09T11:47:00-07:00,12
1783622880,2026-07-09T11:48:00-07:00,13
1783622940,2026-07-09T11:49:00-07:00,15
1783623000,2026-07-09T11:50:00-07:00,18
1783623060,2026-07-09T11:51:00-07:00,13
1783623120,2026-07-09T11:52:00-07:00,15
1783623180,2026-07-09T11:53:00-07:00,12
1783623240,2026-07-09T11:54:00-07:00,12
1783623300,2026-07-09T11:55:00-07:00,15
1783623360,2026-07-09T11:56:00-07:00,12
1783623420,2026-07-09T11:57:00-07:00,12
1783623480,2026-07-09T11:58:00-07:00,11
1783623540,2026-07-09T11:59:00-07:00,14
1783623600,2026-07-09T12:00:00-07:00,15
1783623660,2026-07-09T12:01:00-07:00,18
1783623720,2026-07-09T12:02:00-07:00,13
1783623780,2026-07-09T12:03:00-07:00,14
1783623840,2026-07-09T12:04:00-07:00,15
1783623900,2026-07-09T12:05:00-07:00,13
1783623960,2026-07-09T12:06:00-07:00,12
1783624020,2026-07-09T12:07:00-07:00,15
1783624080,2026-07-09T12:08:00-07:00,13
1783624140,2026-07-09T12:09:00-07:00,13
1783624200,2026-07-09T12:10:00-07:00,17
1783624260,2026-07-09T12:11:00-07:00,12
1783624320,2026-07-09T12:12:00-07:00,14
1783624380,2026-07-09T12:13:00-07:00,13
1783624440,2026-07-09T12:14:00-07:00,16
1783624500,2026-07-09T12:15:00-07:00,12
1783624560,2026-07-09T12:16:00-07:00,13
1783624620,2026-07-09T12:17:00-07:00,13
1783624680,2026-07-09T12:18:00-07:00,12
1783624740,2026-07-09T12:19:00-07:00,13
1783624800,2026-07-09T12:20:00-07:00,15
1783624860,2026-07-09T12:21:00-07:00,13
1783624920,2026-07-09T12:22:00-07:00,12
1783624980,2026-07-09T12:23:00-07:00,12
1783625040,2026-07-09T12:24:00-07:00,13
1783625100,2026-07-09T12:25:00-07:00,18
1783625160,2026-07-09T12:26:00-07:00,13
1783625220,2026-07-09T12:27:00-07:00,13
1783625280,2026-07-09T12:28:00-07:00,16
1783625340,2026-07-09T12:29:00-07:00,17
1783625400,2026-07-09T12:30:00-07:00,13
1783625460,2026-07-09T12:31:00-07:00,12
1783625520,2026-07-09T12:32:00-07:00,12
1783625580,2026-07-09T12:33:00-07:00,13
1783625640,2026-07-09T12:34:00-07:00,16
1783625700,2026-07-09T12:35:00-07:00,14
1783625760,2026-07-09T12:36:00-07:00,12
1783625820,2026-07-09T12:37:00-07:00,13
1783625880,2026-07-09T12:38:00-07:00,15
1783625940,2026-07-09T12:39:00-07:00,13
1783626000,2026-07-09T12:40:00-07:00,16
1783626060,2026-07-09T12:41:00-07:00,12
1783626120,2026-07-09T12:42:00-07:00,15
1783626180,2026-07-09T12:43:00-07:00,16
1783626240,2026-07-09T12:44:00-07:00,13
1783626300,2026-07-09T12:45:00-07:00,13
1783626360,2026-07-09T12:46:00-07:00,15
1783626420,2026-07-09T12:47:00-07:00,14
1783626480,2026-07-09T12:48:00-07:00,15
1783626540,2026-07-09T12:49:00-07:00,14
1783626600,2026-07-09T12:50:00-07:00,13
1783626660,2026-07-09T12:51:00-07:00,12
1783626720,2026-07-09T12:52:00-07:00,13
1783626780,2026-07-09T12:53:00-07:00,18
1783626840,2026-07-09T12:54:00-07:00,14
1783626900,2026-07-09T12:55:00-07:00,18
1783626960,2026-07-09T12:56:00-07:00,15
1783627020,2026-07-09T12:57:00-07:00,12
1783627080,2026-07-09T12:58:00-07:00,-3
1783627140,2026-07-09T12:59:00-07:00,11
1783627200,2026-07-09T13:00:00-07:00,13
1783627260,2026-07-09T13:01:00-07:00,15
1783627320,2026-07-09T13:02:00-07:00,13
1783627380,2026-07-09T13:03:00-07:00,12
1783627440,2026-07-09T13:04:00-07:00,14
1783627500,2026-07-09T13:05:00-07:00,14
1783627560,2026-07-09T13:06:00-07:00,17
1783627620,2026-07-09T13:07:00-07:00,15
1783627680,2026-07-09T13:08:00-07:00,12
1783627740,2026-07-09T13:09:00-07:00,13
1783627800,2026-07-09T13:10:00-07:00,1
1783627860,2026-07-09T13:11:00-07:00,11
1783627920,2026-07-09T13:12:00-07:00,12
1783627980,2026-07-09T13:13:00-07:00,14
1783628040,2026-07-09T13:14:00-07:00,14
1783628100,2026-07-09T13:15:00-07:00,12
1783628160,2026-07-09T13:16:00-07:00,13
1783628220,2026-07-09T13:17:00-07:00,13
1783628280,2026-07-09T13:18:00-07:00,12
1783628340,2026-07-09T13:19:00-07:00,15
1783628400,2026-07-09T13:20:00-07:00,12
1783628460,2026-07-09T13:21:00-07:00,12
1783628520,2026-07-09T13:22:00-07:00,12
1783628580,2026-07-09T13:23:00-07:00,15
1783628640,2026-07-09T13:24:00-07:00,14
1783628700,2026-07-09T13:25:00-07:00,13
1783628760,2026-07-09T13:26:00-07:00,18
1783628820,2026-07-09T13:27:00-07:00,1
1783628880,2026-07-09T13:28:00-07:00,13
1783628940,2026-07-09T13:29:00-07:00,15
1783629000,2026-07-09T13:30:00-07:00,13
1783629060,2026-07-09T13:31:00-07:00,14
1783629120,2026-07-09T13:32:00-07:00,13
1783629180,2026-07-09T13:33:00-07:00,14
1783629240,2026-07-09T13:34:00-07:00,13
1783629300,2026-07-09T13:35:00-07:00,13
1783629360,2026-07-09T13:36:00-07:00,14
1783629420,2026-07-09T13:37:00-07:00,13
1783629480,2026-07-09T13:38:00-07:00,15
1783629540,2026-07-09T13:39:00-07:00,13
1783629600,2026-07-09T13:40:00-07:00,14
1783629660,2026-07-09T13:41:00-07:00,13
1783629720,2026-07-09T13:42:00-07:00,14
1783629780,2026-07-09T13:43:00-07:00,13
1783629840,2026-07-09T13:44:00-07:00,14
1783629900,2026-07-09T13:45:00-07:00,15
1783629960,2026-07-09T13:46:00-07:00,15
1783630020,2026-07-09T13:47:00-07:00,13
1783630080,2026-07-09T13:48:00-07:00,14
1783630140,2026-07-09T13:49:00-07:00,13
1783630200,2026-07-09T13:50:00-07:00,15
1783630260,2026-07-09T13:51:00-07:00,17
1783630320,2026-07-09T13:52:00-07:00,13
1783630380,2026-07-09T13:53:00-07:00,13
1783630440,2026-07-09T13:54:00-07:00,13
1783630500,2026-07-09T13:55:00-07:00,12
1783630560,2026-07-09T13:56:00-07:00,14
1783630620,2026-07-09T13:57:00-07:00,15
1783630680,2026-07-09T13:58:00-07:00,18
1783630740,2026-07-09T13:59:00-07:00,17
1783630800,2026-07-09T14:00:00-07:00,13
1783630860,2026-07-09T14:01:00-07:00,13
1783630920,2026-07-09T14:02:00-07:00,16
1783630980,2026-07-09T14:03:00-07:00,14
1783631040,2026-07-09T14:04:00-07:00,12
1783631100,2026-07-09T14:05:00-07:00,12
1783631160,2026-07-09T14:06:00-07:00,13
1783631220,2026-07-09T14:07:00-07:00,12
1783631280,2026-07-09T14:08:00-07:00,14
1783631340,2026-07-09T14:09:00-07:00,15
1783631400,2026-07-09T14:10:00-07:00,14
1783631460,2026-07-09T14:11:00-07:00,23
1783631520,2026-07-09T14:12:00-07:00,16
1783631580,2026-07-09T14:13:00-07:00,12
1783631640,2026-07-09T14:14:00-07:00,14
1783631700,2026-07-09T14:15:00-07:00,14
1783631760,2026-07-09T14:16:00-07:00,13
1783631820,2026-07-09T14:17:00-07:00,14
1783631880,2026-07-09T14:18:00-07:00,14
1783631940,2026-07-09T14:19:00-07:00,16
1783632000,2026-07-09T14:20:00-07:00,16
1783632060,2026-07-09T14:21:00-07:00,12
1783632120,2026-07-09T14:22:00-07:00,13
1783632180,2026-07-09T14:23:00-07:00,14
1783632240,2026-07-09T14:24:00-07:00,13
1783632300,2026-07-09T14:25:00-07:00,-3
1783632360,2026-07-09T14:26:00-07:00,2
1783632420,2026-07-09T14:27:00-07:00,15
1783632480,2026-07-09T14:28:00-07:00,17
1783632540,2026-07-09T14:29:00-07:00,14
1783632600,2026-07-09T14:30:00-07:00,16
1783632660,2026-07-09T14:31:00-07:00,14
1783632720,2026-07-09T14:32:00-07:00,13
1783632780,2026-07-09T14:33:00-07:00,12
1783632840,2026-07-09T14:34:00-07:00,16
1783632900,2026-07-09T14:35:00-07:00,-2
1783632960,2026-07-09T14:36:00-07:00,0
1783633020,2026-07-09T14:37:00-07:00,17
1783633080,2026-07-09T14:38:00-07:00,13
1783633140,2026-07-09T14:39:00-07:00,15
1783633200,2026-07-09T14:40:00-07:00,3
1783633260,2026-07-09T14:41:00-07:00,13
1783633320,2026-07-09T14:42:00-07:00,13
1783633380,2026-07-09T14:43:00-07:00,13
1783633440,2026-07-09T14:44:00-07:00,16
1783633500,2026-07-09T14:45:00-07:00,12
1783633560,2026-07-09T14:46:00-07:00,15
1783633620,2026-07-09T14:47:00-07:00,15
1783633680,2026-07-09T14:48:00-07:00,16
1783633740,2026-07-09T14:49:00-07:00,12
1783633800,2026-07-09T14:50:00-07:00,13
1783633860,2026-07-09T14:51:00-07:00,13
1783633920,2026-07-09T14:52:00-07:00,15
1783633980,2026-07-09T14:53:00-07:00,12
1783634040,2026-07-09T14:54:00-07:00,13
1783634100,2026-07-09T14:55:00-07:00,15
1783634160,2026-07-09T14:56:00-07:00,14
1783634220,2026-07-09T14:57:00-07:00,13
1783634280,2026-07-09T14:58:00-07:00,17
1783634340,2026-07-09T14:59:00-07:00,14
1783634400,2026-07-09T15:00:00-07:00,17
1783634460,2026-07-09T15:01:00-07:00,15
1783634520,2026-07-09T15:02:00-07:00,12
1783634580,2026-07-09T15:03:00-07:00,13
1783634640,2026-07-09T15:04:00-07:00,14
1783634700,2026-07-09T15:05:00-07:00,14
1783634760,2026-07-09T15:06:00-07:00,13
1783634820,2026-07-09T15:07:00-07:00,12
1783634880,2026-07-09T15:08:00-07:00,16
1783634940,2026-07-09T15:09:00-07:00,13
1783635000,2026-07-09T15:10:00-07:00,13
1783635060,2026-07-09T15:11:00-07:00,14
1783635120,2026-07-09T15:12:00-07:00,14
1783635180,2026-07-09T15:13:00-07:00,14
1783635240,2026-07-09T15:14:00-07:00,12
1783635300,2026-07-09T15:15:00-07:00,14
1783635360,2026-07-09T15:16:00-07:00,11
1783635420,2026-07-09T15:17:00-07:00,12
1783635480,2026-07-09T15:18:00-07:00,14
1783635540,2026-07-09T15:19:00-07:00,14
1783635600,2026-07-09T15:20:00-07:00,18
1783635660,2026-07-09T15:21:00-07:00,18
1783635720,2026-07-09T15:22:00-07:00,16
1783635780,2026-07-09T15:23:00-07:00,13
1783635840,2026-07-09T15:24:00-07:00,15
1783635900,2026-07-09T15:25:00-07:00,-3
1783635960,2026-07-09T15:26:00-07:00,12
1783636020,2026-07-09T15:27:00-07:00,-50
1783636080,2026-07-09T15:28:00-07:00,13
1783636140,2026-07-09T15:29:00-07:00,15
1783636200,2026-07-09T15:30:00-07:00,13
1783636260,2026-07-09T15:31:00-07:00,14
1783636320,2026-07-09T15:32:00-07:00,13
1783636380,2026-07-09T15:33:00-07:00,12
1783636440,2026-07-09T15:34:00-07:00,14
1783636500,2026-07-09T15:35:00-07:00,13
1783636560,2026-07-09T15:36:00-07:00,12
1783636620,2026-07-09T15:37:00-07:00,16
1783636680,2026-07-09T15:38:00-07:00,18
1783636740,2026-07-09T15:39:00-07:00,12
1783636800,2026-07-09T15:40:00-07:00,15
1783636860,2026-07-09T15:41:00-07:00,12
1783636920,2026-07-09T15:42:00-07:00,13
1783636980,2026-07-09T15:43:00-07:00,13
1783637040,2026-07-09T15:44:00-07:00,14
1783637100,2026-07-09T15:45:00-07:00,12
1783637160,2026-07-09T15:46:00-07:00,16
1783637220,2026-07-09T15:47:00-07:00,13
1783637280,2026-07-09T15:48:00-07:00,12
1783637340,2026-07-09T15:49:00-07:00,12
1783637400,2026-07-09T15:50:00-07:00,13
1783637460,2026-07-09T15:51:00-07:00,-50
1783637520,2026-07-09T15:52:00-07:00,14
1783637580,2026-07-09T15:53:00-07:00,15
1783637640,2026-07-09T15:54:00-07:00,13
1783637700,2026-07-09T15:55:00-07:00,13
1783637760,2026-07-09T15:56:00-07:00,17
1783637820,2026-07-09T15:57:00-07:00,14
1783637880,2026-07-09T15:58:00-07:00,15
1783637940,2026-07-09T15:59:00-07:00,13
1783638000,2026-07-09T16:00:00-07:00,13
1783638060,2026-07-09T16:01:00-07:00,16
1783638120,2026-07-09T16:02:00-07:00,15
1783638180,2026-07-09T16:03:00-07:00,15
1783638240,2026-07-09T16:04:00-07:00,12
1783638300,2026-07-09T16:05:00-07:00,15
1783638360,2026-07-09T16:06:00-07:00,18
1783638420,2026-07-09T16:07:00-07:00,15
1783638480,2026-07-09T16:08:00-07:00,17
1783638540,2026-07-09T16:09:00-07:00,16
1783638600,2026-07-09T16:10:00-07:00,16
1783638660,2026-07-09T16:11:00-07:00,13
1783638720,2026-07-09T16:12:00-07:00,17
1783638780,2026-07-09T16:13:00-07:00,14
1783638840,2026-07-09T16:14:00-07:00,12
1783638900,2026-07-09T16:15:00-07:00,17
1783638960,2026-07-09T16:16:00-07:00,12
1783639020,2026-07-09T16:17:00-07:00,12
1783639080,2026-07-09T16:18:00-07:00,13
1783639140,2026-07-09T16:19:00-07:00,14
1783639200,2026-07-09T16:20:00-07:00,14
1783639260,2026-07-09T16:21:00-07:00,13
1783639320,2026-07-09T16:22:00-07:00,13
1783639380,2026-07-09T16:23:00-07:00,14
1783639440,2026-07-09T16:24:00-07:00,13
1783639500,2026-07-09T16:25:00-07:00,13
1783639560,2026-07-09T16:26:00-07:00,13
1783639620,2026-07-09T16:27:00-07:00,13
1783639680,2026-07-09T16:28:00-07:00,12
1783639740,2026-07-09T16:29:00-07:00,14
1783639800,2026-07-09T16:30:00-07:00,14
1783639860,2026-07-09T16:31:00-07:00,13
1783639920,2026-07-09T16:32:00-07:00,14
1783639980,2026-07-09T16:33:00-07:00,14
1783640040,2026-07-09T16:34:00-07:00,14
1783640100,2026-07-09T16:35:00-07:00,15
1783640160,2026-07-09T16:36:00-07:00,14
1783640220,2026-07-09T16:37:00-07:00,16
1783640280,2026-07-09T16:38:00-07:00,14
1783640340,2026-07-09T16:39:00-07:00,13
1783640400,2026-07-09T16:40:00-07:00,13
1783640460,2026-07-09T16:41:00-07:00,13
1783640520,2026-07-09T16:42:00-07:00,14
1783640580,2026-07-09T16:43:00-07:00,14
1783640640,2026-07-09T16:44:00-07:00,13
1783640700,2026-07-09T16:45:00-07:00,14
1783640760,2026-07-09T16:46:00-07:00,16
1783640820,2026-07-09T16:47:00-07:00,13
1783640880,2026-07-09T16:48:00-07:00,14
1783640940,2026-07-09T16:49:00-07:00,14
1783641000,2026-07-09T16:50:00-07:00,17
1783641060,2026-07-09T16:51:00-07:00,14
1783641120,2026-07-09T16:52:00-07:00,13
1783641180,2026-07-09T16:53:00-07:00,13
1783641240,2026-07-09T16:54:00-07:00,16
1783641300,2026-07-09T16:55:00-07:00,12
1783641360,2026-07-09T16:56:00-07:00,17
1783641420,2026-07-09T16:57:00-07:00,17
1783641480,2026-07-09T16:58:00-07:00,15
1783641540,2026-07-09T16:59:00-07:00,14
1783641600,2026-07-09T17:00:00-07:00,13
1783641660,2026-07-09T17:01:00-07:00,14
1783641720,2026-07-09T17:02:00-07:00,-3
1783641780,2026-07-09T17:03:00-07:00,17
1783641840,2026-07-09T17:04:00-07:00,15
1783641900,2026-07-09T17:05:00-07:00,2
1783641960,2026-07-09T17:06:00-07:00,14
1783642020,2026-07-09T17:07:00-07:00,14
1783642080,2026-07-09T17:08:00-07:00,15
1783642140,2026-07-09T17:09:00-07:00,14
1783642200,2026-07-09T17:10:00-07:00,14
1783642260,2026-07-09T17:11:00-07:00,15
1783642320,2026-07-09T17:12:00-07:00,13
1783642380,2026-07-09T17:13:00-07:00,-3
1783642440,2026-07-09T17:14:00-07:00,18
1783642500,2026-07-09T17:15:00-07:00,14
1783642560,2026-07-09T17:16:00-07:00,16
1783642620,2026-07-09T17:17:00-07:00,15
1783642680,2026-07-09T17:18:00-07:00,13
1783642740,2026-07-09T17:19:00-07:00,14
1783642800,2026-07-09T17:20:00-07:00,14
1783642860,2026-07-09T17:21:00-07:00,13
1783642920,2026-07-09T17:22:00-07:00,14
1783642980,2026-07-09T17:23:00-07:00,13
1783643040,2026-07-09T17:24:00-07:00,16
1783643100,2026-07-09T17:25:00-07:00,13
1783643160,2026-07-09T17:26:00-07:00,15
1783643220,2026-07-09T17:27:00-07:00,13
1783643280,2026-07-09T17:28:00-07:00,13
1783643340,2026-07-09T17:29:00-07:00,13
1783643400,2026-07-09T17:30:00-07:00,13
1783643460,2026-07-09T17:31:00-07:00,14
1783643520,2026-07-09T17:32:00-07:00,14
1783643580,2026-07-09T17:33:00-07:00,14
1783643640,2026-07-09T17:34:00-07:00,17
1783643700,2026-07-09T17:35:00-07:00,14
1783643760,2026-07-09T17:36:00-07:00,13
1783643820,2026-07-09T17:37:00-07:00,12
1783643880,2026-07-09T17:38:00-07:00,11
1783643940,2026-07-09T17:39:00-07:00,18
1783644000,2026-07-09T17:40:00-07:00,18
1783644060,2026-07-09T17:41:00-07:00,15
1783644120,2026-07-09T17:42:00-07:00,14
1783644180,2026-07-09T17:43:00-07:00,14
1783644240,2026-07-09T17:44:00-07:00,15
1783644300,2026-07-09T17:45:00-07:00,15
1783644360,2026-07-09T17:46:00-07:00,13
1783644420,2026-07-09T17:47:00-07:00,17
1783644480,2026-07-09T17:48:00-07:00,14
1783644540,2026-07-09T17:49:00-07:00,18
1783644600,2026-07-09T17:50:00-07:00,13
1783644660,2026-07-09T17:51:00-07:00,14
1783644720,2026-07-09T17:52:00-07:00,14
1783644780,2026-07-09T17:53:00-07:00,21
1783644840,2026-07-09T17:54:00-07:00,15
1783644900,2026-07-09T17:55:00-07:00,13
1783644960,2026-07-09T17:56:00-07:00,14
1783645020,2026-07-09T17:57:00-07:00,13
1783645080,2026-07-09T17:58:00-07:00,15
1783645140,2026-07-09T17:59:00-07:00,13
1783645200,2026-07-09T18:00:00-07:00,13
1783645260,2026-07-09T18:01:00-07:00,14
1783645320,2026-07-09T18:02:00-07:00,16
1783645380,2026-07-09T18:03:00-07:00,18
1783645440,2026-07-09T18:04:00-07:00,18
1783645500,2026-07-09T18:05:00-07:00,14
1783645560,2026-07-09T18:06:00-07:00,16
1783645620,2026-07-09T18:07:00-07:00,14
1783645680,2026-07-09T18:08:00-07:00,16
1783645740,2026-07-09T18:09:00-07:00,15
1783645800,2026-07-09T18:10:00-07:00,17
1783645860,2026-07-09T18:11:00-07:00,15
1783645920,2026-07-09T18:12:00-07:00,16
1783645980,2026-07-09T18:13:00-07:00,11
1783646040,2026-07-09T18:14:00-07:00,14
1783646100,2026-07-09T18:15:00-07:00,14
1783646160,2026-07-09T18:16:00-07:00,17
1783646220,2026-07-09T18:17:00-07:00,15
1783646280,2026-07-09T18:18:00-07:00,13
1783646340,2026-07-09T18:19:00-07:00,13
1783646400,2026-07-09T18:20:00-07:00,13
1783646460,2026-07-09T18:21:00-07:00,14
1783646520,2026-07-09T18:22:00-07:00,14
1783646580,2026-07-09T18:23:00-07:00,14
1783646640,2026-07-09T18:24:00-07:00,-2
1783646700,2026-07-09T18:25:00-07:00,18
1783646760,2026-07-09T18:26:00-07:00,14
1783646820,2026-07-09T18:27:00-07:00,11
1783646880,2026-07-09T18:28:00-07:00,13
1783646940,2026-07-09T18:29:00-07:00,14
1783647000,2026-07-09T18:30:00-07:00,12
1783647060,2026-07-09T18:31:00-07:00,18
1783647120,2026-07-09T18:32:00-07:00,14
1783647180,2026-07-09T18:33:00-07:00,13
1783647240,2026-07-09T18:34:00-07:00,14
1783647300,2026-07-09T18:35:00-07:00,12
1783647360,2026-07-09T18:36:00-07:00,13
1783647420,2026-07-09T18:37:00-07:00,14
1783647480,2026-07-09T18:38:00-07:00,13
1783647540,2026-07-09T18:39:00-07:00,13
1783647600,2026-07-09T18:40:00-07:00,15
1783647660,2026-07-09T18:41:00-07:00,14
1783647720,2026-07-09T18:42:00-07:00,14
1783647780,2026-07-09T18:43:00-07:00,15
1783647840,2026-07-09T18:44:00-07:00,14
1783647900,2026-07-09T18:45:00-07:00,16
1783647960,2026-07-09T18:46:00-07:00,14
1783648020,2026-07-09T18:47:00-07:00,15
1783648080,2026-07-09T18:48:00-07:00,14
1783648140,2026-07-09T18:49:00-07:00,14
1783648200,2026-07-09T18:50:00-07:00,14
1783648260,2026-07-09T18:51:00-07:00,15
1783648320,2026-07-09T18:52:00-07:00,15
1783648380,2026-07-09T18:53:00-07:00,14
1783648440,2026-07-09T18:54:00-07:00,16
1783648500,2026-07-09T18:55:00-07:00,16
1783648560,2026-07-09T18:56:00-07:00,15
1783648620,2026-07-09T18:57:00-07:00,15
1783648680,2026-07-09T18:58:00-07:00,14
1783648740,2026-07-09T18:59:00-07:00,16
1783648800,2026-07-09T19:00:00-07:00,15
1783648860,2026-07-09T19:01:00-07:00,15
1783648920,2026-07-09T19:02:00-07:00,13
1783648980,2026-07-09T19:03:00-07:00,14
1783649040,2026-07-09T19:04:00-07:00,14
1783649100,2026-07-09T19:05:00-07:00,14
1783649160,2026-07-09T19:06:00-07:00,16
1783649220,2026-07-09T19:07:00-07:00,13
1783649280,2026-07-09T19:08:00-07:00,14
1783649340,2026-07-09T19:09:00-07:00,13
1783649400,2026-07-09T19:10:00-07:00,15
1783649460,2026-07-09T19:11:00-07:00,2
1783649520,2026-07-09T19:12:00-07:00,13
1783649580,2026-07-09T19:13:00-07:00,14
1783649640,2026-07-09T19:14:00-07:00,14
1783649700,2026-07-09T19:15:00-07:00,16
1783649760,2026-07-09T19:16:00-07:00,14
1783649820,2026-07-09T19:17:00-07:00,14
1783649880,2026-07-09T19:18:00-07:00,13
1783649940,2026-07-09T19:19:00-07:00,22
1783650000,2026-07-09T19:20:00-07:00,13
1783650060,2026-07-09T19:21:00-07:00,13
1783650120,2026-07-09T19:22:00-07:00,15
1783650180,2026-07-09T19:23:00-07:00,15
1783650240,2026-07-09T19:24:00-07:00,14
1783650300,2026-07-09T19:25:00-07:00,13
1783650360,2026-07-09T19:26:00-07:00,16
1783650420,2026-07-09T19:27:00-07:00,15
1783650480,2026-07-09T19:28:00-07:00,15
1783650540,2026-07-09T19:29:00-07:00,14
1783650600,2026-07-09T19:30:00-07:00,14
1783650660,2026-07-09T19:31:00-07:00,16
1783650720,2026-07-09T19:32:00-07:00,16
1783650780,2026-07-09T19:33:00-07:00,11
1783650840,2026-07-09T19:34:00-07:00,14
1783650900,2026-07-09T19:35:00-07:00,13
1783650960,2026-07-09T19:36:00-07:00,13
1783651020,2026-07-09T19:37:00-07:00,14
1783651080,2026-07-09T19:38:00-07:00,15
1783651140,2026-07-09T19:39:00-07:00,14
1783651200,2026-07-09T19:40:00-07:00,14
1783651260,2026-07-09T19:41:00-07:00,13
1783651320,2026-07-09T19:42:00-07:00,14
1783651380,2026-07-09T19:43:00-07:00,14
1783651440,2026-07-09T19:44:00-07:00,17
1783651500,2026-07-09T19:45:00-07:00,14
1783651560,2026-07-09T19:46:00-07:00,15
1783651620,2026-07-09T19:47:00-07:00,12
1783651680,2026-07-09T19:48:00-07:00,15
1783651740,2026-07-09T19:49:00-07:00,14
1783651800,2026-07-09T19:50:00-07:00,13
1783651860,2026-07-09T19:51:00-07:00,13
1783651920,2026-07-09T19:52:00-07:00,14
1783651980,2026-07-09T19:53:00-07:00,14
1783652040,2026-07-09T19:54:00-07:00,12
1783652100,2026-07-09T19:55:00-07:00,12
1783652160,2026-07-09T19:56:00-07:00,14
1783652220,2026-07-09T19:57:00-07:00,13
1783652280,2026-07-09T19:58:00-07:00,12
1783652340,2026-07-09T19:59:00-07:00,13
1783652400,2026-07-09T20:00:00-07:00,-3
1783652460,2026-07-09T20:01:00-07:00,14
1783652520,2026-07-09T20:02:00-07:00,12
1783652580,2026-07-09T20:03:00-07:00,15
1783652640,2026-07-09T20:04:00-07:00,14
1783652700,2026-07-09T20:05:00-07:00,12
1783652760,2026-07-09T20:06:00-07:00,12
1783652820,2026-07-09T20:07:00-07:00,13
1783652880,2026-07-09T20:08:00-07:00,14
1783652940,2026-07-09T20:09:00-07:00,13
1783653000,2026-07-09T20:10:00-07:00,0
1783653060,2026-07-09T20:11:00-07:00,15
1783653120,2026-07-09T20:12:00-07:00,13
1783653180,2026-07-09T20:13:00-07:00,13
1783653240,2026-07-09T20:14:00-07:00,13
1783653300,2026-07-09T20:15:00-07:00,13
1783653360,2026-07-09T20:16:00-07:00,14
1783653420,2026-07-09T20:17:00-07:00,16
1783653480,2026-07-09T20:18:00-07:00,14
1783653540,2026-07-09T20:19:00-07:00,12
1783653600,2026-07-09T20:20:00-07:00,13
1783653660,2026-07-09T20:21:00-07:00,13
1783653720,2026-07-09T20:22:00-07:00,12
1783653780,2026-07-09T20:23:00-07:00,18
1783653840,2026-07-09T20:24:00-07:00,13
1783653900,2026-07-09T20:25:00-07:00,13
1783653960,2026-07-09T20:26:00-07:00,14
1783654020,2026-07-09T20:27:00-07:00,14
1783654080,2026-07-09T20:28:00-07:00,13
1783654140,2026-07-09T20:29:00-07:00,14
1783654200,2026-07-09T20:30:00-07:00,16
1783654260,2026-07-09T20:31:00-07:00,13
1783654320,2026-07-09T20:32:00-07:00,13
1783654380,2026-07-09T20:33:00-07:00,13
1783654440,2026-07-09T20:34:00-07:00,14
1783654500,2026-07-09T20:35:00-07:00,13
1783654560,2026-07-09T20:36:00-07:00,13
1783654620,2026-07-09T20:37:00-07:00,14
1783654680,2026-07-09T20:38:00-07:00,16
1783654740,2026-07-09T20:39:00-07:00,13
1783654800,2026-07-09T20:40:00-07:00,3
1783654860,2026-07-09T20:41:00-07:00,12
1783654920,2026-07-09T20:42:00-07:00,13
1783654980,2026-07-09T20:43:00-07:00,14
1783655040,2026-07-09T20:44:00-07:00,14
1783655100,2026-07-09T20:45:00-07:00,13
1783655160,2026-07-09T20:46:00-07:00,18
1783655220,2026-07-09T20:47:00-07:00,13
1783655280,2026-07-09T20:48:00-07:00,12
1783655340,2026-07-09T20:49:00-07:00,13
1783655400,2026-07-09T20:50:00-07:00,13
1783655460,2026-07-09T20:51:00-07:00,13
1783655520,2026-07-09T20:52:00-07:00,12
1783655580,2026-07-09T20:53:00-07:00,13
1783655640,2026-07-09T20:54:00-07:00,16
1783655700,2026-07-09T20:55:00-07:00,13
1783655760,2026-07-09T20:56:00-07:00,13
1783655820,2026-07-09T20:57:00-07:00,14
1783655880,2026-07-09T20:58:00-07:00,17
1783655940,2026-07-09T20:59:00-07:00,13
1783656000,2026-07-09T21:00:00-07:00,12
1783656060,2026-07-09T21:01:00-07:00,18
1783656120,2026-07-09T21:02:00-07:00,1
1783656180,2026-07-09T21:03:00-07:00,16
1783656240,2026-07-09T21:04:00-07:00,17
1783656300,2026-07-09T21:05:00-07:00,14
1783656360,2026-07-09T21:06:00-07:00,13
1783656420,2026-07-09T21:07:00-07:00,14
1783656480,2026-07-09T21:08:00-07:00,13
1783656540,2026-07-09T21:09:00-07:00,12
1783656600,2026-07-09T21:10:00-07:00,18
1783656660,2026-07-09T21:11:00-07:00,1
1783656720,2026-07-09T21:12:00-07:00,14
1783656780,2026-07-09T21:13:00-07:00,13
1783656840,2026-07-09T21:14:00-07:00,13
1783656900,2026-07-09T21:15:00-07:00,15
1783656960,2026-07-09T21:16:00-07:00,12
1783657020,2026-07-09T21:17:00-07:00,14
1783657080,2026-07-09T21:18:00-07:00,18
1783657140,2026-07-09T21:19:00-07:00,15
1783657200,2026-07-09T21:20:00-07:00,14
1783657260,2026-07-09T21:21:00-07:00,14
1783657320,2026-07-09T21:22:00-07:00,12
1783657380,2026-07-09T21:23:00-07:00,14
1783657440,2026-07-09T21:24:00-07:00,13
1783657500,2026-07-09T21:25:00-07:00,15
1783657560,2026-07-09T21:26:00-07:00,13
1783657620,2026-07-09T21:27:00-07:00,15
1783657680,2026-07-09T21:28:00-07:00,14
1783657740,2026-07-09T21:29:00-07:00,15
1783657800,2026-07-09T21:30:00-07:00,13
1783657860,2026-07-09T21:31:00-07:00,12
1783657920,2026-07-09T21:32:00-07:00,14
1783657980,2026-07-09T21:33:00-07:00,13
1783658040,2026-07-09T21:34:00-07:00,12
1783658100,2026-07-09T21:35:00-07:00,14
1783658160,2026-07-09T21:36:00-07:00,15
1783658220,2026-07-09T21:37:00-07:00,13
1783658280,2026-07-09T21:38:00-07:00,14
1783658340,2026-07-09T21:39:00-07:00,13
1783658400,2026-07-09T21:40:00-07:00,13
1783658460,2026-07-09T21:41:00-07:00,13
1783658520,2026-07-09T21:42:00-07:00,14
1783658580,2026-07-09T21:43:00-07:00,14
1783658640,2026-07-09T21:44:00-07:00,18
1783658700,2026-07-09T21:45:00-07:00,14
1783658760,2026-07-09T21:46:00-07:00,14
1783658820,2026-07-09T21:47:00-07:00,13
1783658880,2026-07-09T21:48:00-07:00,13
1783658940,2026-07-09T21:49:00-07:00,13
1783659000,2026-07-09T21:50:00-07:00,13
1783659060,2026-07-09T21:51:00-07:00,0
1783659120,2026-07-09T21:52:00-07:00,13
1783659180,2026-07-09T21:53:00-07:00,13
1783659240,2026-07-09T21:54:00-07:00,14
1783659300,2026-07-09T21:55:00-07:00,16
1783659360,2026-07-09T21:56:00-07:00,13
1783659420,2026-07-09T21:57:00-07:00,12
1783659480,2026-07-09T21:58:00-07:00,14
1783659540,2026-07-09T21:59:00-07:00,13
1783659600,2026-07-09T22:00:00-07:00,13
1783659660,2026-07-09T22:01:00-07:00,13
1783659720,2026-07-09T22:02:00-07:00,14
1783659780,2026-07-09T22:03:00-07:00,12
1783659840,2026-07-09T22:04:00-07:00,13
1783659900,2026-07-09T22:05:00-07:00,12
1783659960,2026-07-09T22:06:00-07:00,13
1783660020,2026-07-09T22:07:00-07:00,13
1783660080,2026-07-09T22:08:00-07:00,13
1783660140,2026-07-09T22:09:00-07:00,13
1783660200,2026-07-09T22:10:00-07:00,13
1783660260,2026-07-09T22:11:00-07:00,14
1783660320,2026-07-09T22:12:00-07:00,13
1783660380,2026-07-09T22:13:00-07:00,14
1783660440,2026-07-09T22:14:00-07:00,13
1783660500,2026-07-09T22:15:00-07:00,13
1783660560,2026-07-09T22:16:00-07:00,14
1783660620,2026-07-09T22:17:00-07:00,15
1783660680,2026-07-09T22:18:00-07:00,14
1783660740,2026-07-09T22:19:00-07:00,14
1783660800,2026-07-09T22:20:00-07:00,12
1783660860,2026-07-09T22:21:00-07:00,14
1783660920,2026-07-09T22:22:00-07:00,13
1783660980,2026-07-09T22:23:00-07:00,12
1783661040,2026-07-09T22:24:00-07:00,13
1783661100,2026-07-09T22:25:00-07:00,17
1783661160,2026-07-09T22:26:00-07:00,14
1783661220,2026-07-09T22:27:00-07:00,13
1783661280,2026-07-09T22:28:00-07:00,14
1783661340,2026-07-09T22:29:00-07:00,12
1783661400,2026-07-09T22:30:00-07:00,13
1783661460,2026-07-09T22:31:00-07:00,17
1783661520,2026-07-09T22:32:00-07:00,13
1783661580,2026-07-09T22:33:00-07:00,17
1783661640,2026-07-09T22:34:00-07:00,17
1783661700,2026-07-09T22:35:00-07:00,13
1783661760,2026-07-09T22:36:00-07:00,13
1783661820,2026-07-09T22:37:00-07:00,2
1783661880,2026-07-09T22:38:00-07:00,15
1783661940,2026-07-09T22:39:00-07:00,13
1783662000,2026-07-09T22:40:00-07:00,14
1783662060,2026-07-09T22:41:00-07:00,14
1783662120,2026-07-09T22:42:00-07:00,15
1783662180,2026-07-09T22:43:00-07:00,15
1783662240,2026-07-09T22:44:00-07:00,14
1783662300,2026-07-09T22:45:00-07:00,13
1783662360,2026-07-09T22:46:00-07:00,15
1783662420,2026-07-09T22:47:00-07:00,13
1783662480,2026-07-09T22:48:00-07:00,13
1783662540,2026-07-09T22:49:00-07:00,15
1783662600,2026-07-09T22:50:00-07:00,14
1783662660,2026-07-09T22:51:00-07:00,14
1783662720,2026-07-09T22:52:00-07:00,13
1783662780,2026-07-09T22:53:00-07:00,13
1783662840,2026-07-09T22:54:00-07:00,13
1783662900,2026-07-09T22:55:00-07:00,13
1783662960,2026-07-09T22:56:00-07:00,13
1783663020,2026-07-09T22:57:00-07:00,14
1783663080,2026-07-09T22:58:00-07:00,14
1783663140,2026-07-09T22:59:00-07:00,12
1783663200,2026-07-09T23:00:00-07:00,14
1783663260,2026-07-09T23:01:00-07:00,13
1783663320,2026-07-09T23:02:00-07:00,14
1783663380,2026-07-09T23:03:00-07:00,13
1783663440,2026-07-09T23:04:00-07:00,13
1783663500,2026-07-09T23:05:00-07:00,14
1783663560,2026-07-09T23:06:00-07:00,13
1783663620,2026-07-09T23:07:00-07:00,12
1783663680,2026-07-09T23:08:00-07:00,13
1783663740,2026-07-09T23:09:00-07:00,18
1783663800,2026-07-09T23:10:00-07:00,16
1783663860,2026-07-09T23:11:00-07:00,15
1783663920,2026-07-09T23:12:00-07:00,12
1783663980,2026-07-09T23:13:00-07:00,13
1783664040,2026-07-09T23:14:00-07:00,16
1783664100,2026-07-09T23:15:00-07:00,18
1783664160,2026-07-09T23:16:00-07:00,16
1783664220,2026-07-09T23:17:00-07:00,13
1783664280,2026-07-09T23:18:00-07:00,13
1783664340,2026-07-09T23:19:00-07:00,13
1783664400,2026-07-09T23:20:00-07:00,13
1783664460,2026-07-09T23:21:00-07:00,14
1783664520,2026-07-09T23:22:00-07:00,13
1783664580,2026-07-09T23:23:00-07:00,14
1783664640,2026-07-09T23:24:00-07:00,13
1783664700,2026-07-09T23:25:00-07:00,12
1783664760,2026-07-09T23:26:00-07:00,13
1783664820,2026-07-09T23:27:00-07:00,17
1783664880,2026-07-09T23:28:00-07:00,13
1783664940,2026-07-09T23:29:00-07:00,-1
1783665000,2026-07-09T23:30:00-07:00,16
1783665060,2026-07-09T23:31:00-07:00,15
1783665120,2026-07-09T23:32:00-07:00,16
1783665180,2026-07-09T23:33:00-07:00,16
1783665240,2026-07-09T23:34:00-07:00,15
1783665300,2026-07-09T23:35:00-07:00,15
1783665360,2026-07-09T23:36:00-07:00,14
1783665420,2026-07-09T23:37:00-07:00,14
1783665480,2026-07-09T23:38:00-07:00,13
1783665540,2026-07-09T23:39:00-07:00,13
1783665600,2026-07-09T23:40:00-07:00,12
1783665660,2026-07-09T23:41:00-07:00,16
1783665720,2026-07-09T23:42:00-07:00,15
1783665780,2026-07-09T23:43:00-07:00,15
1783665840,2026-07-09T23:44:00-07:00,12
1783665900,2026-07-09T23:45:00-07:00,14
1783665960,2026-07-09T23:46:00-07:00,-1
1783666020,2026-07-09T23:47:00-07:00,17
1783666080,2026-07-09T23:48:00-07:00,12
1783666140,2026-07-09T23:49:00-07:00,13
1783666200,2026-07-09T23:50:00-07:00,15
1783666260,2026-07-09T23:51:00-07:00,13
1783666320,2026-07-09T23:52:00-07:00,17
1783666380,2026-07-09T23:53:00-07:00,15
1783666440,2026-07-09T23:54:00-07:00,15
1783666500,2026-07-09T23:55:00-07:00,13
1783666560,2026-07-09T23:56:00-07:00,15
1783666620,2026-07-09T23:57:00-07:00,16
1783666680,2026-07-09T23:58:00-07:00,15
1783666740,2026-07-09T23:59:00-07:00,14
1783666800,2026-07-10T00:00:00-07:00,17
1783666860,2026-07-10T00:01:00-07:00,13
1783666920,2026-07-10T00:02:00-07:00,13
1783666980,2026-07-10T00:03:00-07:00,13
1783667040,2026-07-10T00:04:00-07:00,-3
1783667100,2026-07-10T00:05:00-07:00,14
1783667160,2026-07-10T00:06:00-07:00,14
1783667220,2026-07-10T00:07:00-07:00,14
1783667280,2026-07-10T00:08:00-07:00,16
1783667340,2026-07-10T00:09:00-07:00,13
1783667400,2026-07-10T00:10:00-07:00,14
1783667460,2026-07-10T00:11:00-07:00,14
1783667520,2026-07-10T00:12:00-07:00,14
1783667580,2026-07-10T00:13:00-07:00,13
1783667640,2026-07-10T00:14:00-07:00,13
1783667700,2026-07-10T00:15:00-07:00,15
1783667760,2026-07-10T00:16:00-07:00,14
1783667820,2026-07-10T00:17:00-07:00,15
1783667880,2026-07-10T00:18:00-07:00,14
1783667940,2026-07-10T00:19:00-07:00,13
1783668000,2026-07-10T00:20:00-07:00,13
1783668060,2026-07-10T00:21:00-07:00,16
1783668120,2026-07-10T00:22:00-07:00,13
1783668180,2026-07-10T00:23:00-07:00,13
1783668240,2026-07-10T00:24:00-07:00,13
1783668300,2026-07-10T00:25:00-07:00,14
1783668360,2026-07-10T00:26:00-07:00,13
1783668420,2026-07-10T00:27:00-07:00,14
1783668480,2026-07-10T00:28:00-07:00,15
1783668540,2026-07-10T00:29:00-07:00,13
1783668600,2026-07-10T00:30:00-07:00,13
1783668660,2026-07-10T00:31:00-07:00,13
1783668720,2026-07-10T00:32:00-07:00,14
1783668780,2026-07-10T00:33:00-07:00,13
1783668840,2026-07-10T00:34:00-07:00,13
1783668900,2026-07-10T00:35:00-07:00,13
1783668960,2026-07-10T00:36:00-07:00,14
1783669020,2026-07-10T00:37:00-07:00,15
1783669080,2026-07-10T00:38:00-07:00,13
1783669140,2026-07-10T00:39:00-07:00,13
1783669200,2026-07-10T00:40:00-07:00,13
1783669260,2026-07-10T00:41:00-07:00,13
1783669320,2026-07-10T00:42:00-07:00,14
1783669380,2026-07-10T00:43:00-07:00,1
1783669440,2026-07-10T00:44:00-07:00,14
1783669500,2026-07-10T00:45:00-07:00,14
1783669560,2026-07-10T00:46:00-07:00,14
1783669620,2026-07-10T00:47:00-07:00,14
1783669680,2026-07-10T00:48:00-07:00,15
1783669740,2026-07-10T00:49:00-07:00,14
1783669800,2026-07-10T00:50:00-07:00,15
1783669860,2026-07-10T00:51:00-07:00,14
1783669920,2026-07-10T00:52:00-07:00,15
1783669980,2026-07-10T00:53:00-07:00,13
1783670040,2026-07-10T00:54:00-07:00,14
1783670100,2026-07-10T00:55:00-07:00,13
1783670160,2026-07-10T00:56:00-07:00,14
1783670220,2026-07-10T00:57:00-07:00,14
1783670280,2026-07-10T00:58:00-07:00,14
1783670340,2026-07-10T00:59:00-07:00,14
1783670400,2026-07-10T01:00:00-07:00,14
1783670460,2026-07-10T01:01:00-07:00,14
1783670520,2026-07-10T01:02:00-07:00,13
1783670580,2026-07-10T01:03:00-07:00,17
1783670640,2026-07-10T01:04:00-07:00,14
1783670700,2026-07-10T01:05:00-07:00,13
1783670760,2026-07-10T01:06:00-07:00,15
1783670820,2026-07-10T01:07:00-07:00,14
1783670880,2026-07-10T01:08:00-07:00,13
1783670940,2026-07-10T01:09:00-07:00,14
1783671000,2026-07-10T01:10:00-07:00,14
1783671060,2026-07-10T01:11:00-07:00,14
1783671120,2026-07-10T01:12:00-07:00,13
1783671180,2026-07-10T01:13:00-07:00,14
1783671240,2026-07-10T01:14:00-07:00,13
1783671300,2026-07-10T01:15:00-07:00,-1
1783671360,2026-07-10T01:16:00-07:00,14
1783671420,2026-07-10T01:17:00-07:00,14
1783671480,2026-07-10T01:18:00-07:00,15
1783671540,2026-07-10T01:19:00-07:00,17
1783671600,2026-07-10T01:20:00-07:00,13
1783671660,2026-07-10T01:21:00-07:00,14
1783671720,2026-07-10T01:22:00-07:00,-2
1783671780,2026-07-10T01:23:00-07:00,14
1783671840,2026-07-10T01:24:00-07:00,14
1783671900,2026-07-10T01:25:00-07:00,14
1783671960,2026-07-10T01:26:00-07:00,14
1783672020,2026-07-10T01:27:00-07:00,16
1783672080,2026-07-10T01:28:00-07:00,13
1783672140,2026-07-10T01:29:00-07:00,14
1783672200,2026-07-10T01:30:00-07:00,13
1783672260,2026-07-10T01:31:00-07:00,15
1783672320,2026-07-10T01:32:00-07:00,15
1783672380,2026-07-10T01:33:00-07:00,13
1783672440,2026-07-10T01:34:00-07:00,14
1783672500,2026-07-10T01:35:00-07:00,15
1783672560,2026-07-10T01:36:00-07:00,12
1783672620,2026-07-10T01:37:00-07:00,13
1783672680,2026-07-10T01:38:00-07:00,13
1783672740,2026-07-10T01:39:00-07:00,13
1783672800,2026-07-10T01:40:00-07:00,14
1783672860,2026-07-10T01:41:00-07:00,13
1783672920,2026-07-10T01:42:00-07:00,-2
1783672980,2026-07-10T01:43:00-07:00,14
1783673040,2026-07-10T01:44:00-07:00,13
1783673100,2026-07-10T01:45:00-07:00,14
1783673160,2026-07-10T01:46:00-07:00,13
1783673220,2026-07-10T01:47:00-07:00,13
1783673280,2026-07-10T01:48:00-07:00,13
1783673340,2026-07-10T01:49:00-07:00,12
1783673400,2026-07-10T01:50:00-07:00,14
1783673460,2026-07-10T01:51:00-07:00,-2
1783673520,2026-07-10T01:52:00-07:00,14
1783673580,2026-07-10T01:53:00-07:00,13
1783673640,2026-07-10T01:54:00-07:00,14
1783673700,2026-07-10T01:55:00-07:00,13
1783673760,2026-07-10T01:56:00-07:00,13
1783673820,2026-07-10T01:57:00-07:00,14
1783673880,2026-07-10T01:58:00-07:00,13
1783673940,2026-07-10T01:59:00-07:00,13
1783674000,2026-07-10T02:00:00-07:00,12
1783674060,2026-07-10T02:01:00-07:00,14
1783674120,2026-07-10T02:02:00-07:00,14
1783674180,2026-07-10T02:03:00-07:00,13
1783674240,2026-07-10T02:04:00-07:00,18
1783674300,2026-07-10T02:05:00-07:00,14
1783674360,2026-07-10T02:06:00-07:00,13
1783674420,2026-07-10T02:07:00-07:00,14
1783674480,2026-07-10T02:08:00-07:00,13
1783674540,2026-07-10T02:09:00-07:00,13
1783674600,2026-07-10T02:10:00-07:00,13
1783674660,2026-07-10T02:11:00-07:00,14
1783674720,2026-07-10T02:12:00-07:00,14
1783674780,2026-07-10T02:13:00-07:00,16
1783674840,2026-07-10T02:14:00-07:00,12
1783674900,2026-07-10T02:15:00-07:00,14
1783674960,2026-07-10T02:16:00-07:00,13
1783675020,2026-07-10T02:17:00-07:00,13
1783675080,2026-07-10T02:18:00-07:00,14
1783675140,2026-07-10T02:19:00-07:00,16
1783675200,2026-07-10T02:20:00-07:00,16
1783675260,2026-07-10T02:21:00-07:00,13
1783675320,2026-07-10T02:22:00-07:00,18
1783675380,2026-07-10T02:23:00-07:00,12
1783675440,2026-07-10T02:24:00-07:00,13
1783675500,2026-07-10T02:25:00-07:00,13
1783675560,2026-07-10T02:26:00-07:00,14
1783675620,2026-07-10T02:27:00-07:00,13
1783675680,2026-07-10T02:28:00-07:00,14
1783675740,2026-07-10T02:29:00-07:00,13
1783675800,2026-07-10T02:30:00-07:00,-2
1783675860,2026-07-10T02:31:00-07:00,14
1783675920,2026-07-10T02:32:00-07:00,14
1783675980,2026-07-10T02:33:00-07:00,13
1783676040,2026-07-10T02:34:00-07:00,13
1783676100,2026-07-10T02:35:00-07:00,14
1783676160,2026-07-10T02:36:00-07:00,13
1783676220,2026-07-10T02:37:00-07:00,13
1783676280,2026-07-10T02:38:00-07:00,14
1783676340,2026-07-10T02:39:00-07:00,13
1783676400,2026-07-10T02:40:00-07:00,13
1783676460,2026-07-10T02:41:00-07:00,14
1783676520,2026-07-10T02:42:00-07:00,15
1783676580,2026-07-10T02:43:00-07:00,12
1783676640,2026-07-10T02:44:00-07:00,13
1783676700,2026-07-10T02:45:00-07:00,13
1783676760,2026-07-10T02:46:00-07:00,13
1783676820,2026-07-10T02:47:00-07:00,14
1783676880,2026-07-10T02:48:00-07:00,14
1783676940,2026-07-10T02:49:00-07:00,13
1783677000,2026-07-10T02:50:00-07:00,14
1783677060,2026-07-10T02:51:00-07:00,14
1783677120,2026-07-10T02:52:00-07:00,14
1783677180,2026-07-10T02:53:00-07:00,14
1783677240,2026-07-10T02:54:00-07:00,17
1783677300,2026-07-10T02:55:00-07:00,14
1783677360,2026-07-10T02:56:00-07:00,14
1783677420,2026-07-10T02:57:00-07:00,14
1783677480,2026-07-10T02:58:00-07:00,13
1783677540,2026-07-10T02:59:00-07:00,-1
1783677600,2026-07-10T03:00:00-07:00,13
1783677660,2026-07-10T03:01:00-07:00,13
1783677720,2026-07-10T03:02:00-07:00,14
1783677780,2026-07-10T03:03:00-07:00,13
1783677840,2026-07-10T03:04:00-07:00,14
1783677900,2026-07-10T03:05:00-07:00,14
1783677960,2026-07-10T03:06:00-07:00,14
1783678020,2026-07-10T03:07:00-07:00,14
1783678080,2026-07-10T03:08:00-07:00,13
1783678140,2026-07-10T03:09:00-07:00,13
1783678200,2026-07-10T03:10:00-07:00,14
1783678260,2026-07-10T03:11:00-07:00,13
1783678320,2026-07-10T03:12:00-07:00,14
1783678380,2026-07-10T03:13:00-07:00,13
1783678440,2026-07-10T03:14:00-07:00,12
1783678500,2026-07-10T03:15:00-07:00,14
1783678560,2026-07-10T03:16:00-07:00,13
1783678620,2026-07-10T03:17:00-07:00,14
1783678680,2026-07-10T03:18:00-07:00,14
1783678740,2026-07-10T03:19:00-07:00,14
1783678800,2026-07-10T03:20:00-07:00,14
1783678860,2026-07-10T03:21:00-07:00,14
1783678920,2026-07-10T03:22:00-07:00,13
1783678980,2026-07-10T03:23:00-07:00,13
1783679040,2026-07-10T03:24:00-07:00,12
1783679100,2026-07-10T03:25:00-07:00,15
1783679160,2026-07-10T03:26:00-07:00,15
1783679220,2026-07-10T03:27:00-07:00,14
1783679280,2026-07-10T03:28:00-07:00,14
1783679340,2026-07-10T03:29:00-07:00,15
1783679400,2026-07-10T03:30:00-07:00,15
1783679460,2026-07-10T03:31:00-07:00,14
1783679520,2026-07-10T03:32:00-07:00,15
1783679580,2026-07-10T03:33:00-07:00,15
1783679640,2026-07-10T03:34:00-07:00,14
1783679700,2026-07-10T03:35:00-07:00,13
1783679760,2026-07-10T03:36:00-07:00,16
1783679820,2026-07-10T03:37:00-07:00,13
1783679880,2026-07-10T03:38:00-07:00,18
1783679940,2026-07-10T03:39:00-07:00,15
1783680000,2026-07-10T03:40:00-07:00,15
1783680060,2026-07-10T03:41:00-07:00,14
1783680120,2026-07-10T03:42:00-07:00,14
1783680180,2026-07-10T03:43:00-07:00,13
1783680240,2026-07-10T03:44:00-07:00,13
1783680300,2026-07-10T03:45:00-07:00,15
1783680360,2026-07-10T03:46:00-07:00,14
1783680420,2026-07-10T03:47:00-07:00,15
1783680480,2026-07-10T03:48:00-07:00,16
1783680540,2026-07-10T03:49:00-07:00,13
1783680600,2026-07-10T03:50:00-07:00,15
1783680660,2026-07-10T03:51:00-07:00,13
1783680720,2026-07-10T03:52:00-07:00,14
1783680780,2026-07-10T03:53:00-07:00,14
1783680840,2026-07-10T03:54:00-07:00,14
1783680900,2026-07-10T03:55:00-07:00,13
1783680960,2026-07-10T03:56:00-07:00,15
1783681020,2026-07-10T03:57:00-07:00,14
1783681080,2026-07-10T03:58:00-07:00,15
1783681140,2026-07-10T03:59:00-07:00,14
1783681200,2026-07-10T04:00:00-07:00,12
1783681260,2026-07-10T04:01:00-07:00,13
1783681320,2026-07-10T04:02:00-07:00,12
1783681380,2026-07-10T04:03:00-07:00,15
1783681440,2026-07-10T04:04:00-07:00,14
1783681500,2026-07-10T04:05:00-07:00,14
1783681560,2026-07-10T04:06:00-07:00,15
1783681620,2026-07-10T04:07:00-07:00,0
1783681680,2026-07-10T04:08:00-07:00,14
1783681740,2026-07-10T04:09:00-07:00,14
1783681800,2026-07-10T04:10:00-07:00,15
1783681860,2026-07-10T04:11:00-07:00,15
1783681920,2026-07-10T04:12:00-07:00,15
1783681980,2026-07-10T04:13:00-07:00,13
1783682040,2026-07-10T04:14:00-07:00,15
1783682100,2026-07-10T04:15:00-07:00,15
1783682160,2026-07-10T04:16:00-07:00,16
1783682220,2026-07-10T04:17:00-07:00,15
1783682280,2026-07-10T04:18:00-07:00,15
1783682340,2026-07-10T04:19:00-07:00,12
1783682400,2026-07-10T04:20:00-07:00,15
1783682460,2026-07-10T04:21:00-07:00,13
1783682520,2026-07-10T04:22:00-07:00,15
1783682580,2026-07-10T04:23:00-07:00,14
1783682640,2026-07-10T04:24:00-07:00,15
1783682700,2026-07-10T04:25:00-07:00,14
1783682760,2026-07-10T04:26:00-07:00,14
1783682820,2026-07-10T04:27:00-07:00,12
1783682880,2026-07-10T04:28:00-07:00,14
1783682940,2026-07-10T04:29:00-07:00,14
1783683000,2026-07-10T04:30:00-07:00,12
1783683060,2026-07-10T04:31:00-07:00,14
1783683120,2026-07-10T04:32:00-07:00,13
1783683180,2026-07-10T04:33:00-07:00,14
1783683240,2026-07-10T04:34:00-07:00,12
1783683300,2026-07-10T04:35:00-07:00,13
1783683360,2026-07-10T04:36:00-07:00,-3
1783683420,2026-07-10T04:37:00-07:00,12
1783683480,2026-07-10T04:38:00-07:00,14
1783683540,2026-07-10T04:39:00-07:00,13
1783683600,2026-07-10T04:40:00-07:00,14
1783683660,2026-07-10T04:41:00-07:00,14
1783683720,2026-07-10T04:42:00-07:00,14
1783683780,2026-07-10T04:43:00-07:00,12
1783683840,2026-07-10T04:44:00-07:00,14
1783683900,2026-07-10T04:45:00-07:00,14
1783683960,2026-07-10T04:46:00-07:00,15
1783684020,2026-07-10T04:47:00-07:00,13
1783684080,2026-07-10T04:48:00-07:00,13
1783684140,2026-07-10T04:49:00-07:00,-3
1783684200,2026-07-10T04:50:00-07:00,14
1783684260,2026-07-10T04:51:00-07:00,13
1783684320,2026-07-10T04:52:00-07:00,14
1783684380,2026-07-10T04:53:00-07:00,15
1783684440,2026-07-10T04:54:00-07:00,15
1783684500,2026-07-10T04:55:00-07:00,15
1783684560,2026-07-10T04:56:00-07:00,14
1783684620,2026-07-10T04:57:00-07:00,14
1783684680,2026-07-10T04:58:00-07:00,12
1783684740,2026-07-10T04:59:00-07:00,14
1783684800,2026-07-10T05:00:00-07:00,14
1783684860,2026-07-10T05:01:00-07:00,14
1783684920,2026-07-10T05:02:00-07:00,13
1783684980,2026-07-10T05:03:00-07:00,12
1783685040,2026-07-10T05:04:00-07:00,16
1783685100,2026-07-10T05:05:00-07:00,0
1783685160,2026-07-10T05:06:00-07:00,12
1783685220,2026-07-10T05:07:00-07:00,13
1783685280,2026-07-10T05:08:00-07:00,12
1783685340,2026-07-10T05:09:00-07:00,13
1783685400,2026-07-10T05:10:00-07:00,13
1783685460,2026-07-10T05:11:00-07:00,14
1783685520,2026-07-10T05:12:00-07:00,14
1783685580,2026-07-10T05:13:00-07:00,14
1783685640,2026-07-10T05:14:00-07:00,12
1783685700,2026-07-10T05:15:00-07:00,13
1783685760,2026-07-10T05:16:00-07:00,13
1783685820,2026-07-10T05:17:00-07:00,14
1783685880,2026-07-10T05:18:00-07:00,14
1783685940,2026-07-10T05:19:00-07:00,15
1783686000,2026-07-10T05:20:00-07:00,14
1783686060,2026-07-10T05:21:00-07:00,14
1783686120,2026-07-10T05:22:00-07:00,14
1783686180,2026-07-10T05:23:00-07:00,15
1783686240,2026-07-10T05:24:00-07:00,14
1783686300,2026-07-10T05:25:00-07:00,14
1783686360,2026-07-10T05:26:00-07:00,13
1783686420,2026-07-10T05:27:00-07:00,15
1783686480,2026-07-10T05:28:00-07:00,15
1783686540,2026-07-10T05:29:00-07:00,15
1783686600,2026-07-10T05:30:00-07:00,15
1783686660,2026-07-10T05:31:00-07:00,12
1783686720,2026-07-10T05:32:00-07:00,15
1783686780,2026-07-10T05:33:00-07:00,14
1783686840,2026-07-10T05:34:00-07:00,0
1783686900,2026-07-10T05:35:00-07:00,13
1783686960,2026-07-10T05:36:00-07:00,14
1783687020,2026-07-10T05:37:00-07:00,13
1783687080,2026-07-10T05:38:00-07:00,15
1783687140,2026-07-10T05:39:00-07:00,13
1783687200,2026-07-10T05:40:00-07:00,17
1783687260,2026-07-10T05:41:00-07:00,15
1783687320,2026-07-10T05:42:00-07:00,13
1783687380,2026-07-10T05:43:00-07:00,13
1783687440,2026-07-10T05:44:00-07:00,13
1783687500,2026-07-10T05:45:00-07:00,14
1783687560,2026-07-10T05:46:00-07:00,13
1783687620,2026-07-10T05:47:00-07:00,15
1783687680,2026-07-10T05:48:00-07:00,14
1783687740,2026-07-10T05:49:00-07:00,13
1783687800,2026-07-10T05:50:00-07:00,14
1783687860,2026-07-10T05:51:00-07:00,14
1783687920,2026-07-10T05:52:00-07:00,14
1783687980,2026-07-10T05:53:00-07:00,13
1783688040,2026-07-10T05:54:00-07:00,13
1783688100,2026-07-10T05:55:00-07:00,15
1783688160,2026-07-10T05:56:00-07:00,14
1783688220,2026-07-10T05:57:00-07:00,14
1783688280,2026-07-10T05:58:00-07:00,14
1783688340,2026-07-10T05:59:00-07:00,14
1783688400,2026-07-10T06:00:00-07:00,12
1783688460,2026-07-10T06:01:00-07:00,15
1783688520,2026-07-10T06:02:00-07:00,13
1783688580,2026-07-10T06:03:00-07:00,13
1783688640,2026-07-10T06:04:00-07:00,14
1783688700,2026-07-10T06:05:00-07:00,13
1783688760,2026-07-10T06:06:00-07:00,14
1783688820,2026-07-10T06:07:00-07:00,13
1783688880,2026-07-10T06:08:00-07:00,14
1783688940,2026-07-10T06:09:00-07:00,13
1783689000,2026-07-10T06:10:00-07:00,13
1783689060,2026-07-10T06:11:00-07:00,13
1783689120,2026-07-10T06:12:00-07:00,13
1783689180,2026-07-10T06:13:00-07:00,-1
1783689240,2026-07-10T06:14:00-07:00,14
1783689300,2026-07-10T06:15:00-07:00,14
1783689360,2026-07-10T06:16:00-07:00,13
1783689420,2026-07-10T06:17:00-07:00,15
1783689480,2026-07-10T06:18:00-07:00,13
1783689540,2026-07-10T06:19:00-07:00,13
1783689600,2026-07-10T06:20:00-07:00,14
1783689660,2026-07-10T06:21:00-07:00,15
1783689720,2026-07-10T06:22:00-07:00,12
1783689780,2026-07-10T06:23:00-07:00,16
1783689840,2026-07-10T06:24:00-07:00,14
1783689900,2026-07-10T06:25:00-07:00,18
1783689960,2026-07-10T06:26:00-07:00,14
1783690020,2026-07-10T06:27:00-07:00,13
1783690080,2026-07-10T06:28:00-07:00,15
1783690140,2026-07-10T06:29:00-07:00,14
1783690200,2026-07-10T06:30:00-07:00,14
1783690260,2026-07-10T06:31:00-07:00,13
1783690320,2026-07-10T06:32:00-07:00,15
1783690380,2026-07-10T06:33:00-07:00,14
1783690440,2026-07-10T06:34:00-07:00,13
1783690500,2026-07-10T06:35:00-07:00,14
1783690560,2026-07-10T06:36:00-07:00,13
1783690620,2026-07-10T06:37:00-07:00,13
1783690680,2026-07-10T06:38:00-07:00,13
1783690740,2026-07-10T06:39:00-07:00,14
1783690800,2026-07-10T06:40:00-07:00,13
1783690860,2026-07-10T06:41:00-07:00,14
1783690920,2026-07-10T06:42:00-07:00,13
1783690980,2026-07-10T06:43:00-07:00,12
1783691040,2026-07-10T06:44:00-07:00,13
1783691100,2026-07-10T06:45:00-07:00,13
1783691160,2026-07-10T06:46:00-07:00,14
1783691220,2026-07-10T06:47:00-07:00,14
1783691280,2026-07-10T06:48:00-07:00,14
1783691340,2026-07-10T06:49:00-07:00,13
1783691400,2026-07-10T06:50:00-07:00,13
1783691460,2026-07-10T06:51:00-07:00,13
1783691520,2026-07-10T06:52:00-07:00,13
1783691580,2026-07-10T06:53:00-07:00,14
1783691640,2026-07-10T06:54:00-07:00,14
1783691700,2026-07-10T06:55:00-07:00,13
1783691760,2026-07-10T06:56:00-07:00,13
1783691820,2026-07-10T06:57:00-07:00,13
1783691880,2026-07-10T06:58:00-07:00,14
1783691940,2026-07-10T06:59:00-07:00,13
1783692000,2026-07-10T07:00:00-07:00,13
1783692060,2026-07-10T07:01:00-07:00,13
1783692120,2026-07-10T07:02:00-07:00,-4
1783692180,2026-07-10T07:03:00-07:00,14
1783692240,2026-07-10T07:04:00-07:00,13
1783692300,2026-07-10T07:05:00-07:00,14
1783692360,2026-07-10T07:06:00-07:00,13
1783692420,2026-07-10T07:07:00-07:00,14
1783692480,2026-07-10T07:08:00-07:00,12
1783692540,2026-07-10T07:09:00-07:00,13
1783692600,2026-07-10T07:10:00-07:00,14
1783692660,2026-07-10T07:11:00-07:00,13
1783692720,2026-07-10T07:12:00-07:00,13
1783692780,2026-07-10T07:13:00-07:00,13
1783692840,2026-07-10T07:14:00-07:00,13
1783692900,2026-07-10T07:15:00-07:00,13
1783692960,2026-07-10T07:16:00-07:00,13
1783693020,2026-07-10T07:17:00-07:00,13
1783693080,2026-07-10T07:18:00-07:00,13
1783693140,2026-07-10T07:19:00-07:00,13
1783693200,2026-07-10T07:20:00-07:00,14
1783693260,2026-07-10T07:21:00-07:00,13
1783693320,2026-07-10T07:22:00-07:00,15
1783693380,2026-07-10T07:23:00-07:00,12
1783693440,2026-07-10T07:24:00-07:00,14
1783693500,2026-07-10T07:25:00-07:00,14
1783693560,2026-07-10T07:26:00-07:00,14
1783693620,2026-07-10T07:27:00-07:00,14
1783693680,2026-07-10T07:28:00-07:00,14
1783693740,2026-07-10T07:29:00-07:00,13
1783693800,2026-07-10T07:30:00-07:00,13
1783693860,2026-07-10T07:31:00-07:00,12
1783693920,2026-07-10T07:32:00-07:00,14
1783693980,2026-07-10T07:33:00-07:00,15
1783694040,2026-07-10T07:34:00-07:00,22
1783694100,2026-07-10T07:35:00-07:00,13
1783694160,2026-07-10T07:36:00-07:00,13
1783694220,2026-07-10T07:37:00-07:00,14
1783694280,2026-07-10T07:38:00-07:00,13
1783694340,2026-07-10T07:39:00-07:00,14
1783694400,2026-07-10T07:40:00-07:00,12
1783694460,2026-07-10T07:41:00-07:00,13
1783694520,2026-07-10T07:42:00-07:00,14
1783694580,2026-07-10T07:43:00-07:00,14
1783694640,2026-07-10T07:44:00-07:00,13
1783694700,2026-07-10T07:45:00-07:00,14
1783694760,2026-07-10T07:46:00-07:00,12
1783694820,2026-07-10T07:47:00-07:00,15
1783694880,2026-07-10T07:48:00-07:00,12
1783694940,2026-07-10T07:49:00-07:00,13
1783695000,2026-07-10T07:50:00-07:00,14
1783695060,2026-07-10T07:51:00-07:00,14
1783695120,2026-07-10T07:52:00-07:00,16
1783695180,2026-07-10T07:53:00-07:00,15
1783695240,2026-07-10T07:54:00-07:00,14
1783695300,2026-07-10T07:55:00-07:00,14
1783695360,2026-07-10T07:56:00-07:00,14
1783695420,2026-07-10T07:57:00-07:00,15
1783695480,2026-07-10T07:58:00-07:00,14
1783695540,2026-07-10T07:59:00-07:00,14
1783695600,2026-07-10T08:00:00-07:00,13
1783695660,2026-07-10T08:01:00-07:00,-1
1783695720,2026-07-10T08:02:00-07:00,13
1783695780,2026-07-10T08:03:00-07:00,13
1783695840,2026-07-10T08:04:00-07:00,12
1783695900,2026-07-10T08:05:00-07:00,12
1783695960,2026-07-10T08:06:00-07:00,16
1783696020,2026-07-10T08:07:00-07:00,18
1783696080,2026-07-10T08:08:00-07:00,12
1783696140,2026-07-10T08:09:00-07:00,13
1783696200,2026-07-10T08:10:00-07:00,16
1783696260,2026-07-10T08:11:00-07:00,13
1783696320,2026-07-10T08:12:00-07:00,13
1783696380,2026-07-10T08:13:00-07:00,13
1783696440,2026-07-10T08:14:00-07:00,13
1783696500,2026-07-10T08:15:00-07:00,14
1783696560,2026-07-10T08:16:00-07:00,13
1783696620,2026-07-10T08:17:00-07:00,13
1783696680,2026-07-10T08:18:00-07:00,14
1783696740,2026-07-10T08:19:00-07:00,13
1783696800,2026-07-10T08:20:00-07:00,-3
1783696860,2026-07-10T08:21:00-07:00,13
1783696920,2026-07-10T08:22:00-07:00,13
1783696980,2026-07-10T08:23:00-07:00,13
1783697040,2026-07-10T08:24:00-07:00,14
1783697100,2026-07-10T08:25:00-07:00,14
1783697160,2026-07-10T08:26:00-07:00,13
1783697220,2026-07-10T08:27:00-07:00,13
1783697280,2026-07-10T08:28:00-07:00,15
1783697340,2026-07-10T08:29:00-07:00,13
1783697400,2026-07-10T08:30:00-07:00,-1
1783697460,2026-07-10T08:31:00-07:00,15
1783697520,2026-07-10T08:32:00-07:00,14
1783697580,2026-07-10T08:33:00-07:00,23
1783697640,2026-07-10T08:34:00-07:00,13
1783697700,2026-07-10T08:35:00-07:00,13
1783697760,2026-07-10T08:36:00-07:00,12
1783697820,2026-07-10T08:37:00-07:00,14
1783697880,2026-07-10T08:38:00-07:00,14
1783697940,2026-07-10T08:39:00-07:00,13
1783698000,2026-07-10T08:40:00-07:00,14
1783698060,2026-07-10T08:41:00-07:00,13
1783698120,2026-07-10T08:42:00-07:00,12
1783698180,2026-07-10T08:43:00-07:00,15
1783698240,2026-07-10T08:44:00-07:00,14
1783698300,2026-07-10T08:45:00-07:00,17
1783698360,2026-07-10T08:46:00-07:00,13
1783698420,2026-07-10T08:47:00-07:00,15
1783698480,2026-07-10T08:48:00-07:00,15
1783698540,2026-07-10T08:49:00-07:00,17
1783698600,2026-07-10T08:50:00-07:00,14
1783698660,2026-07-10T08:51:00-07:00,13
1783698720,2026-07-10T08:52:00-07:00,12
1783698780,2026-07-10T08:53:00-07:00,12
1783698840,2026-07-10T08:54:00-07:00,13
1783698900,2026-07-10T08:55:00-07:00,13
1783698960,2026-07-10T08:56:00-07:00,13
1783699020,2026-07-10T08:57:00-07:00,12
1783699080,2026-07-10T08:58:00-07:00,15
1783699140,2026-07-10T08:59:00-07:00,17
1783699200,2026-07-10T09:00:00-07:00,13
1783699260,2026-07-10T09:01:00-07:00,14
1783699320,2026-07-10T09:02:00-07:00,18
1783699380,2026-07-10T09:03:00-07:00,13
1783699440,2026-07-10T09:04:00-07:00,13
1783699500,2026-07-10T09:05:00-07:00,13
1783699560,2026-07-10T09:06:00-07:00,14
1783699620,2026-07-10T09:07:00-07:00,12
1783699680,2026-07-10T09:08:00-07:00,15
1783699740,2026-07-10T09:09:00-07:00,13
1783699800,2026-07-10T09:10:00-07:00,14
1783699860,2026-07-10T09:11:00-07:00,14
1783699920,2026-07-10T09:12:00-07:00,12
1783699980,2026-07-10T09:13:00-07:00,12
1783700040,2026-07-10T09:14:00-07:00,13
1783700100,2026-07-10T09:15:00-07:00,14
1783700160,2026-07-10T09:16:00-07:00,18
1783700220,2026-07-10T09:17:00-07:00,16
1783700280,2026-07-10T09:18:00-07:00,12
1783700340,2026-07-10T09:19:00-07:00,14
1783700400,2026-07-10T09:20:00-07:00,11
1783700460,2026-07-10T09:21:00-07:00,14
1783700520,2026-07-10T09:22:00-07:00,14
1783700580,2026-07-10T09:23:00-07:00,16
1783700640,2026-07-10T09:24:00-07:00,3
1783700700,2026-07-10T09:25:00-07:00,18
1783700760,2026-07-10T09:26:00-07:00,13
1783700820,2026-07-10T09:27:00-07:00,13
1783700880,2026-07-10T09:28:00-07:00,14
1783700940,2026-07-10T09:29:00-07:00,14
1783701000,2026-07-10T09:30:00-07:00,15
1783701060,2026-07-10T09:31:00-07:00,15
1783701120,2026-07-10T09:32:00-07:00,14
1783701180,2026-07-10T09:33:00-07:00,17
1783701240,2026-07-10T09:34:00-07:00,13
1783701300,2026-07-10T09:35:00-07:00,14
1783701360,2026-07-10T09:36:00-07:00,13
1783701420,2026-07-10T09:37:00-07:00,13
1783701480,2026-07-10T09:38:00-07:00,14
1783701540,2026-07-10T09:39:00-07:00,14
1783701600,2026-07-10T09:40:00-07:00,12
1783701660,2026-07-10T09:41:00-07:00,16
1783701720,2026-07-10T09:42:00-07:00,13
1783701780,2026-07-10T09:43:00-07:00,12
1783701840,2026-07-10T09:44:00-07:00,12
1783701900,2026-07-10T09:45:00-07:00,16
1783701960,2026-07-10T09:46:00-07:00,13
1783702020,2026-07-10T09:47:00-07:00,13
1783702080,2026-07-10T09:48:00-07:00,12
1783702140,2026-07-10T09:49:00-07:00,12
1783702200,2026-07-10T09:50:00-07:00,17
1783702260,2026-07-10T09:51:00-07:00,16
1783702320,2026-07-10T09:52:00-07:00,14
1783702380,2026-07-10T09:53:00-07:00,1
1783702440,2026-07-10T09:54:00-07:00,13
1783702500,2026-07-10T09:55:00-07:00,14
1783702560,2026-07-10T09:56:00-07:00,14
1783702620,2026-07-10T09:57:00-07:00,15
1783702680,2026-07-10T09:58:00-07:00,14
1783702740,2026-07-10T09:59:00-07:00,14
1783702800,2026-07-10T10:00:00-07:00,13
1783702860,2026-07-10T10:01:00-07:00,16
1783702920,2026-07-10T10:02:00-07:00,14
1783702980,2026-07-10T10:03:00-07:00,14
1783703040,2026-07-10T10:04:00-07:00,14
1783703100,2026-07-10T10:05:00-07:00,16
1783703160,2026-07-10T10:06:00-07:00,-2
1783703220,2026-07-10T10:07:00-07:00,-1
1783703280,2026-07-10T10:08:00-07:00,13
1783703340,2026-07-10T10:09:00-07:00,14
1783703400,2026-07-10T10:10:00-07:00,18
1783703460,2026-07-10T10:11:00-07:00,13
1783703520,2026-07-10T10:12:00-07:00,13
1783703580,2026-07-10T10:13:00-07:00,14
1783703640,2026-07-10T10:14:00-07:00,13
1783703700,2026-07-10T10:15:00-07:00,14
1783703760,2026-07-10T10:16:00-07:00,18
1783703820,2026-07-10T10:17:00-07:00,12
1783703880,2026-07-10T10:18:00-07:00,12
1783703940,2026-07-10T10:19:00-07:00,15
1783704000,2026-07-10T10:20:00-07:00,14
1783704060,2026-07-10T10:21:00-07:00,12
1783704120,2026-07-10T10:22:00-07:00,16
1783704180,2026-07-10T10:23:00-07:00,13
1783704240,2026-07-10T10:24:00-07:00,12
1783704300,2026-07-10T10:25:00-07:00,13
1783704360,2026-07-10T10:26:00-07:00,13
1783704420,2026-07-10T10:27:00-07:00,18
1783704480,2026-07-10T10:28:00-07:00,14
1783704540,2026-07-10T10:29:00-07:00,17
1783704600,2026-07-10T10:30:00-07:00,14
1783704660,2026-07-10T10:31:00-07:00,15
1783704720,2026-07-10T10:32:00-07:00,12
1783704780,2026-07-10T10:33:00-07:00,14
1783704840,2026-07-10T10:34:00-07:00,12
1783704900,2026-07-10T10:35:00-07:00,14
1783704960,2026-07-10T10:36:00-07:00,14
1783705020,2026-07-10T10:37:00-07:00,16
1783705080,2026-07-10T10:38:00-07:00,13
1783705140,2026-07-10T10:39:00-07:00,14
1783705200,2026-07-10T10:40:00-07:00,18
1783705260,2026-07-10T10:41:00-07:00,15
1783705320,2026-07-10T10:42:00-07:00,13
1783705380,2026-07-10T10:43:00-07:00,-3
1783705440,2026-07-10T10:44:00-07:00,16
1783705500,2026-07-10T10:45:00-07:00,15
1783705560,2026-07-10T10:46:00-07:00,14
1783705620,2026-07-10T10:47:00-07:00,17
1783705680,2026-07-10T10:48:00-07:00,17
1783705740,2026-07-10T10:49:00-07:00,17
1783705800,2026-07-10T10:50:00-07:00,13
1783705860,2026-07-10T10:51:00-07:00,13
1783705920,2026-07-10T10:52:00-07:00,15
1783705980,2026-07-10T10:53:00-07:00,15
1783706040,2026-07-10T10:54:00-07:00,14
1783706100,2026-07-10T10:55:00-07:00,15
1783706160,2026-07-10T10:56:00-07:00,17
1783706220,2026-07-10T10:57:00-07:00,18
1783706280,2026-07-10T10:58:00-07:00,14
1783706340,2026-07-10T10:59:00-07:00,16
1783706400,2026-07-10T11:00:00-07:00,18
1783706460,2026-07-10T11:01:00-07:00,13
1783706520,2026-07-10T11:02:00-07:00,16
1783706580,2026-07-10T11:03:00-07:00,13
1783706640,2026-07-10T11:04:00-07:00,16
1783706700,2026-07-10T11:05:00-07:00,14
1783706760,2026-07-10T11:06:00-07:00,14
1783706820,2026-07-10T11:07:00-07:00,12
1783706880,2026-07-10T11:08:00-07:00,13
1783706940,2026-07-10T11:09:00-07:00,13
1783707000,2026-07-10T11:10:00-07:00,2
1783707060,2026-07-10T11:11:00-07:00,13
1783707120,2026-07-10T11:12:00-07:00,13
1783707180,2026-07-10T11:13:00-07:00,13
1783707240,2026-07-10T11:14:00-07:00,15
1783707300,2026-07-10T11:15:00-07:00,15
1783707360,2026-07-10T11:16:00-07:00,14
1783707420,2026-07-10T11:17:00-07:00,14
1783707480,2026-07-10T11:18:00-07:00,14
1783707540,2026-07-10T11:19:00-07:00,14
1783707600,2026-07-10T11:20:00-07:00,14
1783707660,2026-07-10T11:21:00-07:00,12
1783707720,2026-07-10T11:22:00-07:00,13
1783707780,2026-07-10T11:23:00-07:00,12
1783707840,2026-07-10T11:24:00-07:00,12
1783707900,2026-07-10T11:25:00-07:00,13
1783707960,2026-07-10T11:26:00-07:00,15
1783708020,2026-07-10T11:27:00-07:00,12
1783708080,2026-07-10T11:28:00-07:00,12
1783708140,2026-07-10T11:29:00-07:00,14
1783708200,2026-07-10T11:30:00-07:00,14
1783708260,2026-07-10T11:31:00-07:00,1
1783708320,2026-07-10T11:32:00-07:00,-1
1783708380,2026-07-10T11:33:00-07:00,16
1783708440,2026-07-10T11:34:00-07:00,13
1783708500,2026-07-10T11:35:00-07:00,12
1783708560,2026-07-10T11:36:00-07:00,11
1783708620,2026-07-10T11:37:00-07:00,14
1783708680,2026-07-10T11:38:00-07:00,12
1783708740,2026-07-10T11:39:00-07:00,12
1783708800,2026-07-10T11:40:00-07:00,13
1783708860,2026-07-10T11:41:00-07:00,0
1783708920,2026-07-10T11:42:00-07:00,12
1783708980,2026-07-10T11:43:00-07:00,15
1783709040,2026-07-10T11:44:00-07:00,15
1783709100,2026-07-10T11:45:00-07:00,17
1783709160,2026-07-10T11:46:00-07:00,-2
1783709220,2026-07-10T11:47:00-07:00,12
1783709280,2026-07-10T11:48:00-07:00,12
1783709340,2026-07-10T11:49:00-07:00,15
1783709400,2026-07-10T11:50:00-07:00,13
1783709460,2026-07-10T11:51:00-07:00,15
1783709520,2026-07-10T11:52:00-07:00,11
1783709580,2026-07-10T11:53:00-07:00,10
1783709640,2026-07-10T11:54:00-07:00,12
1783709700,2026-07-10T11:55:00-07:00,11
1783709760,2026-07-10T11:56:00-07:00,13
1783709820,2026-07-10T11:57:00-07:00,12
1783709880,2026-07-10T11:58:00-07:00,14
1783709940,2026-07-10T11:59:00-07:00,11
1783710000,2026-07-10T12:00:00-07:00,14
1783710060,2026-07-10T12:01:00-07:00,14
1783710120,2026-07-10T12:02:00-07:00,17
1783710180,2026-07-10T12:03:00-07:00,18
1783710240,2026-07-10T12:04:00-07:00,17
1783710300,2026-07-10T12:05:00-07:00,13
1783710360,2026-07-10T12:06:00-07:00,3
1783710420,2026-07-10T12:07:00-07:00,18
1783710480,2026-07-10T12:08:00-07:00,16
1783710540,2026-07-10T12:09:00-07:00,12
1783710600,2026-07-10T12:10:00-07:00,15
1783710660,2026-07-10T12:11:00-07:00,16
1783710720,2026-07-10T12:12:00-07:00,13
1783710780,2026-07-10T12:13:00-07:00,13
1783710840,2026-07-10T12:14:00-07:00,15
1783710900,2026-07-10T12:15:00-07:00,13
1783710960,2026-07-10T12:16:00-07:00,13
1783711020,2026-07-10T12:17:00-07:00,13
1783711080,2026-07-10T12:18:00-07:00,16
1783711140,2026-07-10T12:19:00-07:00,15
1783711200,2026-07-10T12:20:00-07:00,14
1783711260,2026-07-10T12:21:00-07:00,13
1783711320,2026-07-10T12:22:00-07:00,13
1783711380,2026-07-10T12:23:00-07:00,18
1783711440,2026-07-10T12:24:00-07:00,14
1783711500,2026-07-10T12:25:00-07:00,14
1783711560,2026-07-10T12:26:00-07:00,15
1783711620,2026-07-10T12:27:00-07:00,13
1783711680,2026-07-10T12:28:00-07:00,13
1783711740,2026-07-10T12:29:00-07:00,13
1783711800,2026-07-10T12:30:00-07:00,15
1783711860,2026-07-10T12:31:00-07:00,16
1783711920,2026-07-10T12:32:00-07:00,15
1783711980,2026-07-10T12:33:00-07:00,13
1783712040,2026-07-10T12:34:00-07:00,16
1783712100,2026-07-10T12:35:00-07:00,15
1783712160,2026-07-10T12:36:00-07:00,15
1783712220,2026-07-10T12:37:00-07:00,14
1783712280,2026-07-10T12:38:00-07:00,13
1783712340,2026-07-10T12:39:00-07:00,12
1783712400,2026-07-10T12:40:00-07:00,14
1783712460,2026-07-10T12:41:00-07:00,14
1783712520,2026-07-10T12:42:00-07:00,14
1783712580,2026-07-10T12:43:00-07:00,14
1783712640,2026-07-10T12:44:00-07:00,14
1783712700,2026-07-10T12:45:00-07:00,13
1783712760,2026-07-10T12:46:00-07:00,3
1783712820,2026-07-10T12:47:00-07:00,13
1783712880,2026-07-10T12:48:00-07:00,13
1783712940,2026-07-10T12:49:00-07:00,14
1783713000,2026-07-10T12:50:00-07:00,17
1783713060,2026-07-10T12:51:00-07:00,15
1783713120,2026-07-10T12:52:00-07:00,13
1783713180,2026-07-10T12:53:00-07:00,14
1783713240,2026-07-10T12:54:00-07:00,11
1783713300,2026-07-10T12:55:00-07:00,13
1783713360,2026-07-10T12:56:00-07:00,14
1783713420,2026-07-10T12:57:00-07:00,15
1783713480,2026-07-10T12:58:00-07:00,12
1783713540,2026-07-10T12:59:00-07:00,13
1783713600,2026-07-10T13:00:00-07:00,13
1783713660,2026-07-10T13:01:00-07:00,12
1783713720,2026-07-10T13:02:00-07:00,15
1783713780,2026-07-10T13:03:00-07:00,13
1783713840,2026-07-10T13:04:00-07:00,13
1783713900,2026-07-10T13:05:00-07:00,12
1783713960,2026-07-10T13:06:00-07:00,14
1783714020,2026-07-10T13:07:00-07:00,15
1783714080,2026-07-10T13:08:00-07:00,15
1783714140,2026-07-10T13:09:00-07:00,14
1783714200,2026-07-10T13:10:00-07:00,14
1783714260,2026-07-10T13:11:00-07:00,13
1783714320,2026-07-10T13:12:00-07:00,15
1783714380,2026-07-10T13:13:00-07:00,13
1783714440,2026-07-10T13:14:00-07:00,14
1783714500,2026-07-10T13:15:00-07:00,13
1783714560,2026-07-10T13:16:00-07:00,16
1783714620,2026-07-10T13:17:00-07:00,13
1783714680,2026-07-10T13:18:00-07:00,14
1783714740,2026-07-10T13:19:00-07:00,13
1783714800,2026-07-10T13:20:00-07:00,13
1783714860,2026-07-10T13:21:00-07:00,14
1783714920,2026-07-10T13:22:00-07:00,18
1783714980,2026-07-10T13:23:00-07:00,14
1783715040,2026-07-10T13:24:00-07:00,13
1783715100,2026-07-10T13:25:00-07:00,13
1783715160,2026-07-10T13:26:00-07:00,-3
1783715220,2026-07-10T13:27:00-07:00,15
1783715280,2026-07-10T13:28:00-07:00,14
1783715340,2026-07-10T13:29:00-07:00,14
1783715400,2026-07-10T13:30:00-07:00,12
1783715460,2026-07-10T13:31:00-07:00,15
1783715520,2026-07-10T13:32:00-07:00,18
1783715580,2026-07-10T13:33:00-07:00,14
1783715640,2026-07-10T13:34:00-07:00,15
1783715700,2026-07-10T13:35:00-07:00,2
1783715760,2026-07-10T13:36:00-07:00,16
1783715820,2026-07-10T13:37:00-07:00,12
1783715880,2026-07-10T13:38:00-07:00,12
1783715940,2026-07-10T13:39:00-07:00,17
1783716000,2026-07-10T13:40:00-07:00,13
1783716060,2026-07-10T13:41:00-07:00,13
1783716120,2026-07-10T13:42:00-07:00,12
1783716180,2026-07-10T13:43:00-07:00,14
1783716240,2026-07-10T13:44:00-07:00,15
1783716300,2026-07-10T13:45:00-07:00,16
1783716360,2026-07-10T13:46:00-07:00,13
1783716420,2026-07-10T13:47:00-07:00,13
1783716480,2026-07-10T13:48:00-07:00,13
1783716540,2026-07-10T13:49:00-07:00,13
1783716600,2026-07-10T13:50:00-07:00,13
1783716660,2026-07-10T13:51:00-07:00,14
1783716720,2026-07-10T13:52:00-07:00,17
1783716780,2026-07-10T13:53:00-07:00,12
1783716840,2026-07-10T13:54:00-07:00,13
1783716900,2026-07-10T13:55:00-07:00,18
1783716960,2026-07-10T13:56:00-07:00,17
1783717020,2026-07-10T13:57:00-07:00,14
1783717080,2026-07-10T13:58:00-07:00,14
1783717140,2026-07-10T13:59:00-07:00,17
1783717200,2026-07-10T14:00:00-07:00,14
1783717260,2026-07-10T14:01:00-07:00,17
1783717320,2026-07-10T14:02:00-07:00,16
1783717380,2026-07-10T14:03:00-07:00,17
1783717440,2026-07-10T14:04:00-07:00,1
1783717500,2026-07-10T14:05:00-07:00,15
1783717560,2026-07-10T14:06:00-07:00,15
1783717620,2026-07-10T14:07:00-07:00,14
1783717680,2026-07-10T14:08:00-07:00,16
1783717740,2026-07-10T14:09:00-07:00,13
1783717800,2026-07-10T14:10:00-07:00,15
1783717860,2026-07-10T14:11:00-07:00,15
1783717920,2026-07-10T14:12:00-07:00,15
1783717980,2026-07-10T14:13:00-07:00,2
1783718040,2026-07-10T14:14:00-07:00,16
1783718100,2026-07-10T14:15:00-07:00,15
1783718160,2026-07-10T14:16:00-07:00,16
1783718220,2026-07-10T14:17:00-07:00,13
1783718280,2026-07-10T14:18:00-07:00,14
1783718340,2026-07-10T14:19:00-07:00,15
1783718400,2026-07-10T14:20:00-07:00,14
1783718460,2026-07-10T14:21:00-07:00,14
1783718520,2026-07-10T14:22:00-07:00,16
1783718580,2026-07-10T14:23:00-07:00,13
1783718640,2026-07-10T14:24:00-07:00,17
1783718700,2026-07-10T14:25:00-07:00,14
1783718760,2026-07-10T14:26:00-07:00,13
1783718820,2026-07-10T14:27:00-07:00,13
1783718880,2026-07-10T14:28:00-07:00,13
1783718940,2026-07-10T14:29:00-07:00,14
1783719000,2026-07-10T14:30:00-07:00,15
1783719060,2026-07-10T14:31:00-07:00,13
1783719120,2026-07-10T14:32:00-07:00,16
1783719180,2026-07-10T14:33:00-07:00,18
1783719240,2026-07-10T14:34:00-07:00,12
1783719300,2026-07-10T14:35:00-07:00,14
1783719360,2026-07-10T14:36:00-07:00,15
1783719420,2026-07-10T14:37:00-07:00,16
1783719480,2026-07-10T14:38:00-07:00,15
1783719540,2026-07-10T14:39:00-07:00,17
1783719600,2026-07-10T14:40:00-07:00,14
1783719660,2026-07-10T14:41:00-07:00,13
1783719720,2026-07-10T14:42:00-07:00,12
1783719780,2026-07-10T14:43:00-07:00,13
1783719840,2026-07-10T14:44:00-07:00,14
1783719900,2026-07-10T14:45:00-07:00,13
1783719960,2026-07-10T14:46:00-07:00,13
1783720020,2026-07-10T14:47:00-07:00,14
1783720080,2026-07-10T14:48:00-07:00,13
1783720140,2026-07-10T14:49:00-07:00,15
1783720200,2026-07-10T14:50:00-07:00,16
1783720260,2026-07-10T14:51:00-07:00,13
1783720320,2026-07-10T14:52:00-07:00,13
1783720380,2026-07-10T14:53:00-07:00,14
1783720440,2026-07-10T14:54:00-07:00,17
1783720500,2026-07-10T14:55:00-07:00,14
1783720560,2026-07-10T14:56:00-07:00,15
1783720620,2026-07-10T14:57:00-07:00,14
1783720680,2026-07-10T14:58:00-07:00,13
1783720740,2026-07-10T14:59:00-07:00,18
1783720800,2026-07-10T15:00:00-07:00,14
1783720860,2026-07-10T15:01:00-07:00,12
1783720920,2026-07-10T15:02:00-07:00,12
1783720980,2026-07-10T15:03:00-07:00,13
1783721040,2026-07-10T15:04:00-07:00,15
1783721100,2026-07-10T15:05:00-07:00,15
1783721160,2026-07-10T15:06:00-07:00,16
1783721220,2026-07-10T15:07:00-07:00,12
1783721280,2026-07-10T15:08:00-07:00,14
1783721340,2026-07-10T15:09:00-07:00,13
1783721400,2026-07-10T15:10:00-07:00,13
1783721460,2026-07-10T15:11:00-07:00,14
1783721520,2026-07-10T15:12:00-07:00,17
1783721580,2026-07-10T15:13:00-07:00,15
1783721640,2026-07-10T15:14:00-07:00,15
1783721700,2026-07-10T15:15:00-07:00,15
1783721760,2026-07-10T15:16:00-07:00,14
1783721820,2026-07-10T15:17:00-07:00,13
1783721880,2026-07-10T15:18:00-07:00,12
1783721940,2026-07-10T15:19:00-07:00,14
1783722000,2026-07-10T15:20:00-07:00,18
1783722060,2026-07-10T15:21:00-07:00,14
1783722120,2026-07-10T15:22:00-07:00,1
1783722180,2026-07-10T15:23:00-07:00,14
1783722240,2026-07-10T15:24:00-07:00,14
1783722300,2026-07-10T15:25:00-07:00,15
1783722360,2026-07-10T15:26:00-07:00,14
1783722420,2026-07-10T15:27:00-07:00,13
1783722480,2026-07-10T15:28:00-07:00,11
1783722540,2026-07-10T15:29:00-07:00,13
1783722600,2026-07-10T15:30:00-07:00,14
1783722660,2026-07-10T15:31:00-07:00,18
1783722720,2026-07-10T15:32:00-07:00,14
1783722780,2026-07-10T15:33:00-07:00,13
1783722840,2026-07-10T15:34:00-07:00,14
1783722900,2026-07-10T15:35:00-07:00,14
1783722960,2026-07-10T15:36:00-07:00,14
1783723020,2026-07-10T15:37:00-07:00,17
1783723080,2026-07-10T15:38:00-07:00,14
1783723140,2026-07-10T15:39:00-07:00,13
1783723200,2026-07-10T15:40:00-07:00,15
1783723260,2026-07-10T15:41:00-07:00,13
1783723320,2026-07-10T15:42:00-07:00,14
1783723380,2026-07-10T15:43:00-07:00,13
1783723440,2026-07-10T15:44:00-07:00,15
1783723500,2026-07-10T15:45:00-07:00,14
1783723560,2026-07-10T15:46:00-07:00,17
1783723620,2026-07-10T15:47:00-07:00,15
1783723680,2026-07-10T15:48:00-07:00,17
1783723740,2026-07-10T15:49:00-07:00,12
1783723800,2026-07-10T15:50:00-07:00,13
1783723860,2026-07-10T15:51:00-07:00,12
1783723920,2026-07-10T15:52:00-07:00,13
1783723980,2026-07-10T15:53:00-07:00,16
1783724040,2026-07-10T15:54:00-07:00,18
1783724100,2026-07-10T15:55:00-07:00,16
1783724160,2026-07-10T15:56:00-07:00,18
1783724220,2026-07-10T15:57:00-07:00,14
1783724280,2026-07-10T15:58:00-07:00,14
1783724340,2026-07-10T15:59:00-07:00,14
1783724400,2026-07-10T16:00:00-07:00,0
1783724460,2026-07-10T16:01:00-07:00,14
1783724520,2026-07-10T16:02:00-07:00,18
1783724580,2026-07-10T16:03:00-07:00,14
1783724640,2026-07-10T16:04:00-07:00,18
1783724700,2026-07-10T16:05:00-07:00,12
1783724760,2026-07-10T16:06:00-07:00,13
1783724820,2026-07-10T16:07:00-07:00,15
1783724880,2026-07-10T16:08:00-07:00,16
1783724940,2026-07-10T16:09:00-07:00,12
1783725000,2026-07-10T16:10:00-07:00,16
1783725060,2026-07-10T16:11:00-07:00,13
1783725120,2026-07-10T16:12:00-07:00,14
1783725180,2026-07-10T16:13:00-07:00,14
1783725240,2026-07-10T16:14:00-07:00,13
1783725300,2026-07-10T16:15:00-07:00,13
1783725360,2026-07-10T16:16:00-07:00,12
1783725420,2026-07-10T16:17:00-07:00,15
1783725480,2026-07-10T16:18:00-07:00,13
1783725540,2026-07-10T16:19:00-07:00,13
1783725600,2026-07-10T16:20:00-07:00,14
1783725660,2026-07-10T16:21:00-07:00,12
1783725720,2026-07-10T16:22:00-07:00,14
1783725780,2026-07-10T16:23:00-07:00,14
1783725840,2026-07-10T16:24:00-07:00,13
1783725900,2026-07-10T16:25:00-07:00,13
1783725960,2026-07-10T16:26:00-07:00,15
1783726020,2026-07-10T16:27:00-07:00,16
1783726080,2026-07-10T16:28:00-07:00,18
1783726140,2026-07-10T16:29:00-07:00,18
1783726200,2026-07-10T16:30:00-07:00,16
1783726260,2026-07-10T16:31:00-07:00,16
1783726320,2026-07-10T16:32:00-07:00,15
1783726380,2026-07-10T16:33:00-07:00,14
1783726440,2026-07-10T16:34:00-07:00,16
1783726500,2026-07-10T16:35:00-07:00,-2
1783726560,2026-07-10T16:36:00-07:00,18
1783726620,2026-07-10T16:37:00-07:00,13
1783726680,2026-07-10T16:38:00-07:00,13
1783726740,2026-07-10T16:39:00-07:00,13
1783726800,2026-07-10T16:40:00-07:00,2
1783726860,2026-07-10T16:41:00-07:00,15
1783726920,2026-07-10T16:42:00-07:00,16
1783726980,2026-07-10T16:43:00-07:00,14
1783727040,2026-07-10T16:44:00-07:00,14
1783727100,2026-07-10T16:45:00-07:00,18
1783727160,2026-07-10T16:46:00-07:00,18
1783727220,2026-07-10T16:47:00-07:00,14
1783727280,2026-07-10T16:48:00-07:00,13
1783727340,2026-07-10T16:49:00-07:00,18
1783727400,2026-07-10T16:50:00-07:00,14
1783727460,2026-07-10T16:51:00-07:00,17
1783727520,2026-07-10T16:52:00-07:00,13
1783727580,2026-07-10T16:53:00-07:00,15
1783727640,2026-07-10T16:54:00-07:00,14
1783727700,2026-07-10T16:55:00-07:00,17
1783727760,2026-07-10T16:56:00-07:00,15
1783727820,2026-07-10T16:57:00-07:00,12
1783727880,2026-07-10T16:58:00-07:00,12
1783727940,2026-07-10T16:59:00-07:00,16
1783728000,2026-07-10T17:00:00-07:00,15
1783728060,2026-07-10T17:01:00-07:00,17
1783728120,2026-07-10T17:02:00-07:00,14
1783728180,2026-07-10T17:03:00-07:00,14
1783728240,2026-07-10T17:04:00-07:00,12
1783728300,2026-07-10T17:05:00-07:00,16
1783728360,2026-07-10T17:06:00-07:00,14
1783728420,2026-07-10T17:07:00-07:00,14
1783728480,2026-07-10T17:08:00-07:00,15
1783728540,2026-07-10T17:09:00-07:00,15
1783728600,2026-07-10T17:10:00-07:00,-5
1783728660,2026-07-10T17:11:00-07:00,12
1783728720,2026-07-10T17:12:00-07:00,14
1783728780,2026-07-10T17:13:00-07:00,15
1783728840,2026-07-10T17:14:00-07:00,13
1783728900,2026-07-10T17:15:00-07:00,14
1783728960,2026-07-10T17:16:00-07:00,17
1783729020,2026-07-10T17:17:00-07:00,13
1783729080,2026-07-10T17:18:00-07:00,14
1783729140,2026-07-10T17:19:00-07:00,18
1783729200,2026-07-10T17:20:00-07:00,14
1783729260,2026-07-10T17:21:00-07:00,13
1783729320,2026-07-10T17:22:00-07:00,16
1783729380,2026-07-10T17:23:00-07:00,15
1783729440,2026-07-10T17:24:00-07:00,13
1783729500,2026-07-10T17:25:00-07:00,13
1783729560,2026-07-10T17:26:00-07:00,12
1783729620,2026-07-10T17:27:00-07:00,13
1783729680,2026-07-10T17:28:00-07:00,14
1783729740,2026-07-10T17:29:00-07:00,16
1783729800,2026-07-10T17:30:00-07:00,13
1783729860,2026-07-10T17:31:00-07:00,18
1783729920,2026-07-10T17:32:00-07:00,14
1783729980,2026-07-10T17:33:00-07:00,16
1783730040,2026-07-10T17:34:00-07:00,14
1783730100,2026-07-10T17:35:00-07:00,14
1783730160,2026-07-10T17:36:00-07:00,13
1783730220,2026-07-10T17:37:00-07:00,16
1783730280,2026-07-10T17:38:00-07:00,17
1783730340,2026-07-10T17:39:00-07:00,13
1783730400,2026-07-10T17:40:00-07:00,13
1783730460,2026-07-10T17:41:00-07:00,13
1783730520,2026-07-10T17:42:00-07:00,16
1783730580,2026-07-10T17:43:00-07:00,14
1783730640,2026-07-10T17:44:00-07:00,14
1783730700,2026-07-10T17:45:00-07:00,16
1783730760,2026-07-10T17:46:00-07:00,14
1783730820,2026-07-10T17:47:00-07:00,14
1783730880,2026-07-10T17:48:00-07:00,18
1783730940,2026-07-10T17:49:00-07:00,15
1783731000,2026-07-10T17:50:00-07:00,-4
1783731060,2026-07-10T17:51:00-07:00,12
1783731120,2026-07-10T17:52:00-07:00,13
1783731180,2026-07-10T17:53:00-07:00,14
1783731240,2026-07-10T17:54:00-07:00,15
1783731300,2026-07-10T17:55:00-07:00,14
1783731360,2026-07-10T17:56:00-07:00,16
1783731420,2026-07-10T17:57:00-07:00,18
1783731480,2026-07-10T17:58:00-07:00,14
1783731540,2026-07-10T17:59:00-07:00,13
1783731600,2026-07-10T18:00:00-07:00,13
1783731660,2026-07-10T18:01:00-07:00,13
1783731720,2026-07-10T18:02:00-07:00,14
1783731780,2026-07-10T18:03:00-07:00,12
1783731840,2026-07-10T18:04:00-07:00,16
1783731900,2026-07-10T18:05:00-07:00,15
1783731960,2026-07-10T18:06:00-07:00,16
1783732020,2026-07-10T18:07:00-07:00,14
1783732080,2026-07-10T18:08:00-07:00,4
1783732140,2026-07-10T18:09:00-07:00,18
1783732200,2026-07-10T18:10:00-07:00,15
1783732260,2026-07-10T18:11:00-07:00,11
1783732320,2026-07-10T18:12:00-07:00,11
1783732380,2026-07-10T18:13:00-07:00,18
1783732440,2026-07-10T18:14:00-07:00,16
1783732500,2026-07-10T18:15:00-07:00,15
1783732560,2026-07-10T18:16:00-07:00,-50
1783732620,2026-07-10T18:17:00-07:00,14
1783732680,2026-07-10T18:18:00-07:00,16
1783732740,2026-07-10T18:19:00-07:00,18
1783732800,2026-07-10T18:20:00-07:00,15
1783732860,2026-07-10T18:21:00-07:00,16
1783732920,2026-07-10T18:22:00-07:00,13
1783732980,2026-07-10T18:23:00-07:00,14
1783733040,2026-07-10T18:24:00-07:00,16
1783733100,2026-07-10T18:25:00-07:00,12
1783733160,2026-07-10T18:26:00-07:00,13
1783733220,2026-07-10T18:27:00-07:00,15
1783733280,2026-07-10T18:28:00-07:00,2
1783733340,2026-07-10T18:29:00-07:00,13
1783733400,2026-07-10T18:30:00-07:00,14
1783733460,2026-07-10T18:31:00-07:00,15
1783733520,2026-07-10T18:32:00-07:00,17
1783733580,2026-07-10T18:33:00-07:00,16
1783733640,2026-07-10T18:34:00-07:00,17
1783733700,2026-07-10T18:35:00-07:00,14
1783733760,2026-07-10T18:36:00-07:00,16
1783733820,2026-07-10T18:37:00-07:00,17
1783733880,2026-07-10T18:38:00-07:00,14
1783733940,2026-07-10T18:39:00-07:00,13
1783734000,2026-07-10T18:40:00-07:00,14
1783734060,2026-07-10T18:41:00-07:00,14
1783734120,2026-07-10T18:42:00-07:00,14
1783734180,2026-07-10T18:43:00-07:00,13
1783734240,2026-07-10T18:44:00-07:00,15
1783734300,2026-07-10T18:45:00-07:00,14
1783734360,2026-07-10T18:46:00-07:00,15
1783734420,2026-07-10T18:47:00-07:00,14
1783734480,2026-07-10T18:48:00-07:00,13
1783734540,2026-07-10T18:49:00-07:00,14
1783734600,2026-07-10T18:50:00-07:00,15
1783734660,2026-07-10T18:51:00-07:00,18
1783734720,2026-07-10T18:52:00-07:00,18
1783734780,2026-07-10T18:53:00-07:00,13
1783734840,2026-07-10T18:54:00-07:00,12
1783734900,2026-07-10T18:55:00-07:00,13
1783734960,2026-07-10T18:56:00-07:00,15
1783735020,2026-07-10T18:57:00-07:00,15
1783735080,2026-07-10T18:58:00-07:00,14
1783735140,2026-07-10T18:59:00-07:00,13
1783735200,2026-07-10T19:00:00-07:00,18
1783735260,2026-07-10T19:01:00-07:00,14
1783735320,2026-07-10T19:02:00-07:00,14
1783735380,2026-07-10T19:03:00-07:00,13
1783735440,2026-07-10T19:04:00-07:00,13
1783735500,2026-07-10T19:05:00-07:00,14
1783735560,2026-07-10T19:06:00-07:00,15
1783735620,2026-07-10T19:07:00-07:00,12
1783735680,2026-07-10T19:08:00-07:00,13
1783735740,2026-07-10T19:09:00-07:00,16
1783735800,2026-07-10T19:10:00-07:00,14
1783735860,2026-07-10T19:11:00-07:00,15
1783735920,2026-07-10T19:12:00-07:00,15
1783735980,2026-07-10T19:13:00-07:00,15
1783736040,2026-07-10T19:14:00-07:00,18
1783736100,2026-07-10T19:15:00-07:00,18
1783736160,2026-07-10T19:16:00-07:00,17
1783736220,2026-07-10T19:17:00-07:00,14
1783736280,2026-07-10T19:18:00-07:00,13
1783736340,2026-07-10T19:19:00-07:00,14
1783736400,2026-07-10T19:20:00-07:00,14
1783736460,2026-07-10T19:21:00-07:00,13
1783736520,2026-07-10T19:22:00-07:00,13
1783736580,2026-07-10T19:23:00-07:00,14
1783736640,2026-07-10T19:24:00-07:00,14
1783736700,2026-07-10T19:25:00-07:00,15
1783736760,2026-07-10T19:26:00-07:00,13
1783736820,2026-07-10T19:27:00-07:00,13
1783736880,2026-07-10T19:28:00-07:00,13
1783736940,2026-07-10T19:29:00-07:00,18
1783737000,2026-07-10T19:30:00-07:00,12
1783737060,2026-07-10T19:31:00-07:00,14
1783737120,2026-07-10T19:32:00-07:00,16
1783737180,2026-07-10T19:33:00-07:00,12
1783737240,2026-07-10T19:34:00-07:00,13
1783737300,2026-07-10T19:35:00-07:00,15
1783737360,2026-07-10T19:36:00-07:00,1
1783737420,2026-07-10T19:37:00-07:00,-1
1783737480,2026-07-10T19:38:00-07:00,14
1783737540,2026-07-10T19:39:00-07:00,15
1783737600,2026-07-10T19:40:00-07:00,14
1783737660,2026-07-10T19:41:00-07:00,17
1783737720,2026-07-10T19:42:00-07:00,13
1783737780,2026-07-10T19:43:00-07:00,14
1783737840,2026-07-10T19:44:00-07:00,13
1783737900,2026-07-10T19:45:00-07:00,13
1783737960,2026-07-10T19:46:00-07:00,14
1783738020,2026-07-10T19:47:00-07:00,12
1783738080,2026-07-10T19:48:00-07:00,12
1783738140,2026-07-10T19:49:00-07:00,16
1783738200,2026-07-10T19:50:00-07:00,14
1783738260,2026-07-10T19:51:00-07:00,15
1783738320,2026-07-10T19:52:00-07:00,16
1783738380,2026-07-10T19:53:00-07:00,13
1783738440,2026-07-10T19:54:00-07:00,14
1783738500,2026-07-10T19:55:00-07:00,13
1783738560,2026-07-10T19:56:00-07:00,16
1783738620,2026-07-10T19:57:00-07:00,13
1783738680,2026-07-10T19:58:00-07:00,15
1783738740,2026-07-10T19:59:00-07:00,15
1783738800,2026-07-10T20:00:00-07:00,15
1783738860,2026-07-10T20:01:00-07:00,18
1783738920,2026-07-10T20:02:00-07:00,13
1783738980,2026-07-10T20:03:00-07:00,-50
1783739040,2026-07-10T20:04:00-07:00,15
1783739100,2026-07-10T20:05:00-07:00,13
1783739160,2026-07-10T20:06:00-07:00,15
1783739220,2026-07-10T20:07:00-07:00,16
1783739280,2026-07-10T20:08:00-07:00,13
1783739340,2026-07-10T20:09:00-07:00,13
1783739400,2026-07-10T20:10:00-07:00,17
1783739460,2026-07-10T20:11:00-07:00,14
1783739520,2026-07-10T20:12:00-07:00,12
1783739580,2026-07-10T20:13:00-07:00,15
1783739640,2026-07-10T20:14:00-07:00,13
1783739700,2026-07-10T20:15:00-07:00,14
1783739760,2026-07-10T20:16:00-07:00,14
1783739820,2026-07-10T20:17:00-07:00,14
1783739880,2026-07-10T20:18:00-07:00,14
1783739940,2026-07-10T20:19:00-07:00,13
1783740000,2026-07-10T20:20:00-07:00,15
1783740060,2026-07-10T20:21:00-07:00,1
1783740120,2026-07-10T20:22:00-07:00,11
1783740180,2026-07-10T20:23:00-07:00,14
1783740240,2026-07-10T20:24:00-07:00,12
1783740300,2026-07-10T20:25:00-07:00,14
1783740360,2026-07-10T20:26:00-07:00,13
1783740420,2026-07-10T20:27:00-07:00,15
1783740480,2026-07-10T20:28:00-07:00,14
1783740540,2026-07-10T20:29:00-07:00,17
1783740600,2026-07-10T20:30:00-07:00,15
1783740660,2026-07-10T20:31:00-07:00,13
1783740720,2026-07-10T20:32:00-07:00,0
1783740780,2026-07-10T20:33:00-07:00,12
1783740840,2026-07-10T20:34:00-07:00,13
1783740900,2026-07-10T20:35:00-07:00,14
1783740960,2026-07-10T20:36:00-07:00,13
1783741020,2026-07-10T20:37:00-07:00,13
1783741080,2026-07-10T20:38:00-07:00,13
1783741140,2026-07-10T20:39:00-07:00,13
1783741200,2026-07-10T20:40:00-07:00,12
1783741260,2026-07-10T20:41:00-07:00,14
1783741320,2026-07-10T20:42:00-07:00,13
1783741380,2026-07-10T20:43:00-07:00,14
1783741440,2026-07-10T20:44:00-07:00,15
1783741500,2026-07-10T20:45:00-07:00,13
1783741560,2026-07-10T20:46:00-07:00,15
1783741620,2026-07-10T20:47:00-07:00,12
1783741680,2026-07-10T20:48:00-07:00,14
1783741740,2026-07-10T20:49:00-07:00,14
1783741800,2026-07-10T20:50:00-07:00,14
1783741860,2026-07-10T20:51:00-07:00,13
1783741920,2026-07-10T20:52:00-07:00,13
1783741980,2026-07-10T20:53:00-07:00,13
1783742040,2026-07-10T20:54:00-07:00,13
1783742100,2026-07-10T20:55:00-07:00,13
1783742160,2026-07-10T20:56:00-07:00,15
1783742220,2026-07-10T20:57:00-07:00,13
1783742280,2026-07-10T20:58:00-07:00,14
1783742340,2026-07-10T20:59:00-07:00,15
1783742400,2026-07-10T21:00:00-07:00,13
1783742460,2026-07-10T21:01:00-07:00,14
1783742520,2026-07-10T21:02:00-07:00,14
1783742580,2026-07-10T21:03:00-07:00,13
1783742640,2026-07-10T21:04:00-07:00,14
1783742700,2026-07-10T21:05:00-07:00,13
1783742760,2026-07-10T21:06:00-07:00,14
1783742820,2026-07-10T21:07:00-07:00,13
1783742880,2026-07-10T21:08:00-07:00,14
1783742940,2026-07-10T21:09:00-07:00,14
1783743000,2026-07-10T21:10:00-07:00,14
1783743060,2026-07-10T21:11:00-07:00,12
1783743120,2026-07-10T21:12:00-07:00,15
1783743180,2026-07-10T21:13:00-07:00,15
1783743240,2026-07-10T21:14:00-07:00,13
1783743300,2026-07-10T21:15:00-07:00,13
1783743360,2026-07-10T21:16:00-07:00,14
1783743420,2026-07-10T21:17:00-07:00,15
1783743480,2026-07-10T21:18:00-07:00,14
1783743540,2026-07-10T21:19:00-07:00,14
1783743600,2026-07-10T21:20:00-07:00,-1
1783743660,2026-07-10T21:21:00-07:00,14
1783743720,2026-07-10T21:22:00-07:00,14
1783743780,2026-07-10T21:23:00-07:00,16
1783743840,2026-07-10T21:24:00-07:00,15
1783743900,2026-07-10T21:25:00-07:00,13
1783743960,2026-07-10T21:26:00-07:00,15
1783744020,2026-07-10T21:27:00-07:00,15
1783744080,2026-07-10T21:28:00-07:00,15
1783744140,2026-07-10T21:29:00-07:00,17
1783744200,2026-07-10T21:30:00-07:00,1
1783744260,2026-07-10T21:31:00-07:00,16
1783744320,2026-07-10T21:32:00-07:00,14
1783744380,2026-07-10T21:33:00-07:00,18
1783744440,2026-07-10T21:34:00-07:00,15
1783744500,2026-07-10T21:35:00-07:00,15
1783744560,2026-07-10T21:36:00-07:00,14
1783744620,2026-07-10T21:37:00-07:00,13
1783744680,2026-07-10T21:38:00-07:00,13
1783744740,2026-07-10T21:39:00-07:00,15
1783744800,2026-07-10T21:40:00-07:00,14
1783744860,2026-07-10T21:41:00-07:00,18
1783744920,2026-07-10T21:42:00-07:00,13
1783744980,2026-07-10T21:43:00-07:00,14
1783745040,2026-07-10T21:44:00-07:00,18
1783745100,2026-07-10T21:45:00-07:00,13
1783745160,2026-07-10T21:46:00-07:00,14
1783745220,2026-07-10T21:47:00-07:00,15
1783745280,2026-07-10T21:48:00-07:00,15
1783745340,2026-07-10T21:49:00-07:00,13
1783745400,2026-07-10T21:50:00-07:00,14
1783745460,2026-07-10T21:51:00-07:00,14
1783745520,2026-07-10T21:52:00-07:00,15
1783745580,2026-07-10T21:53:00-07:00,18
1783745640,2026-07-10T21:54:00-07:00,14
1783745700,2026-07-10T21:55:00-07:00,14
1783745760,2026-07-10T21:56:00-07:00,16
1783745820,2026-07-10T21:57:00-07:00,16
1783745880,2026-07-10T21:58:00-07:00,14
1783745940,2026-07-10T21:59:00-07:00,14
1783746000,2026-07-10T22:00:00-07:00,14
1783746060,2026-07-10T22:01:00-07:00,16
1783746120,2026-07-10T22:02:00-07:00,13
1783746180,2026-07-10T22:03:00-07:00,14
1783746240,2026-07-10T22:04:00-07:00,18
1783746300,2026-07-10T22:05:00-07:00,1
1783746360,2026-07-10T22:06:00-07:00,14
1783746420,2026-07-10T22:07:00-07:00,16
1783746480,2026-07-10T22:08:00-07:00,15
1783746540,2026-07-10T22:09:00-07:00,16
1783746600,2026-07-10T22:10:00-07:00,15
1783746660,2026-07-10T22:11:00-07:00,15
1783746720,2026-07-10T22:12:00-07:00,16
1783746780,2026-07-10T22:13:00-07:00,17
1783746840,2026-07-10T22:14:00-07:00,13
1783746900,2026-07-10T22:15:00-07:00,14
1783746960,2026-07-10T22:16:00-07:00,13
1783747020,2026-07-10T22:17:00-07:00,14
1783747080,2026-07-10T22:18:00-07:00,14
1783747140,2026-07-10T22:19:00-07:00,14
1783747200,2026-07-10T22:20:00-07:00,15
1783747260,2026-07-10T22:21:00-07:00,16
1783747320,2026-07-10T22:22:00-07:00,15
1783747380,2026-07-10T22:23:00-07:00,14
1783747440,2026-07-10T22:24:00-07:00,15
1783747500,2026-07-10T22:25:00-07:00,16
1783747560,2026-07-10T22:26:00-07:00,15
1783747620,2026-07-10T22:27:00-07:00,14
1783747680,2026-07-10T22:28:00-07:00,16
1783747740,2026-07-10T22:29:00-07:00,17
1783747800,2026-07-10T22:30:00-07:00,12
1783747860,2026-07-10T22:31:00-07:00,14
1783747920,2026-07-10T22:32:00-07:00,13
1783747980,2026-07-10T22:33:00-07:00,15
1783748040,2026-07-10T22:34:00-07:00,14
1783748100,2026-07-10T22:35:00-07:00,16
1783748160,2026-07-10T22:36:00-07:00,13
1783748220,2026-07-10T22:37:00-07:00,14
1783748280,2026-07-10T22:38:00-07:00,13
1783748340,2026-07-10T22:39:00-07:00,14
1783748400,2026-07-10T22:40:00-07:00,14
1783748460,2026-07-10T22:41:00-07:00,13
1783748520,2026-07-10T22:42:00-07:00,13
1783748580,2026-07-10T22:43:00-07:00,13
1783748640,2026-07-10T22:44:00-07:00,16
1783748700,2026-07-10T22:45:00-07:00,0
1783748760,2026-07-10T22:46:00-07:00,14
1783748820,2026-07-10T22:47:00-07:00,14
1783748880,2026-07-10T22:48:00-07:00,14
1783748940,2026-07-10T22:49:00-07:00,16
1783749000,2026-07-10T22:50:00-07:00,14
1783749060,2026-07-10T22:51:00-07:00,13
1783749120,2026-07-10T22:52:00-07:00,16
1783749180,2026-07-10T22:53:00-07:00,13
1783749240,2026-07-10T22:54:00-07:00,17
1783749300,2026-07-10T22:55:00-07:00,15
1783749360,2026-07-10T22:56:00-07:00,17
1783749420,2026-07-10T22:57:00-07:00,15
1783749480,2026-07-10T22:58:00-07:00,14
1783749540,2026-07-10T22:59:00-07:00,17
1783749600,2026-07-10T23:00:00-07:00,15
1783749660,2026-07-10T23:01:00-07:00,14
1783749720,2026-07-10T23:02:00-07:00,18
1783749780,2026-07-10T23:03:00-07:00,13
1783749840,2026-07-10T23:04:00-07:00,15
1783749900,2026-07-10T23:05:00-07:00,14
1783749960,2026-07-10T23:06:00-07:00,17
1783750020,2026-07-10T23:07:00-07:00,15
1783750080,2026-07-10T23:08:00-07:00,15
1783750140,2026-07-10T23:09:00-07:00,14
1783750200,2026-07-10T23:10:00-07:00,13
1783750260,2026-07-10T23:11:00-07:00,16
1783750320,2026-07-10T23:12:00-07:00,15
1783750380,2026-07-10T23:13:00-07:00,14
1783750440,2026-07-10T23:14:00-07:00,15
1783750500,2026-07-10T23:15:00-07:00,18
1783750560,2026-07-10T23:16:00-07:00,15
1783750620,2026-07-10T23:17:00-07:00,15
1783750680,2026-07-10T23:18:00-07:00,18
1783750740,2026-07-10T23:19:00-07:00,14
1783750800,2026-07-10T23:20:00-07:00,14
1783750860,2026-07-10T23:21:00-07:00,17
1783750920,2026-07-10T23:22:00-07:00,15
1783750980,2026-07-10T23:23:00-07:00,14
1783751040,2026-07-10T23:24:00-07:00,13
1783751100,2026-07-10T23:25:00-07:00,13
1783751160,2026-07-10T23:26:00-07:00,-2
1783751220,2026-07-10T23:27:00-07:00,15
1783751280,2026-07-10T23:28:00-07:00,14
1783751340,2026-07-10T23:29:00-07:00,13
1783751400,2026-07-10T23:30:00-07:00,17
1783751460,2026-07-10T23:31:00-07:00,14
1783751520,2026-07-10T23:32:00-07:00,15
1783751580,2026-07-10T23:33:00-07:00,13
1783751640,2026-07-10T23:34:00-07:00,13
1783751700,2026-07-10T23:35:00-07:00,14
1783751760,2026-07-10T23:36:00-07:00,13
1783751820,2026-07-10T23:37:00-07:00,15
1783751880,2026-07-10T23:38:00-07:00,15
1783751940,2026-07-10T23:39:00-07:00,13
1783752000,2026-07-10T23:40:00-07:00,13
1783752060,2026-07-10T23:41:00-07:00,12
1783752120,2026-07-10T23:42:00-07:00,17
1783752180,2026-07-10T23:43:00-07:00,14
1783752240,2026-07-10T23:44:00-07:00,13
1783752300,2026-07-10T23:45:00-07:00,16
1783752360,2026-07-10T23:46:00-07:00,1
1783752420,2026-07-10T23:47:00-07:00,15
1783752480,2026-07-10T23:48:00-07:00,14
1783752540,2026-07-10T23:49:00-07:00,13
1783752600,2026-07-10T23:50:00-07:00,-50
1783752660,2026-07-10T23:51:00-07:00,14
1783752720,2026-07-10T23:52:00-07:00,15
1783752780,2026-07-10T23:53:00-07:00,13
1783752840,2026-07-10T23:54:00-07:00,15
1783752900,2026-07-10T23:55:00-07:00,1
1783752960,2026-07-10T23:56:00-07:00,13
1783753020,2026-07-10T23:57:00-07:00,16
1783753080,2026-07-10T23:58:00-07:00,17
1783753140,2026-07-10T23:59:00-07:00,13
1783753200,2026-07-11T00:00:00-07:00,14
1783753260,2026-07-11T00:01:00-07:00,16
1783753320,2026-07-11T00:02:00-07:00,13
1783753380,2026-07-11T00:03:00-07:00,13
1783753440,2026-07-11T00:04:00-07:00,15
1783753500,2026-07-11T00:05:00-07:00,-2
1783753560,2026-07-11T00:06:00-07:00,14
1783753620,2026-07-11T00:07:00-07:00,15
1783753680,2026-07-11T00:08:00-07:00,13
1783753740,2026-07-11T00:09:00-07:00,14
1783753800,2026-07-11T00:10:00-07:00,16
1783753860,2026-07-11T00:11:00-07:00,18
1783753920,2026-07-11T00:12:00-07:00,14
1783753980,2026-07-11T00:13:00-07:00,14
1783754040,2026-07-11T00:14:00-07:00,15
1783754100,2026-07-11T00:15:00-07:00,15
1783754160,2026-07-11T00:16:00-07:00,14
1783754220,2026-07-11T00:17:00-07:00,14
1783754280,2026-07-11T00:18:00-07:00,15
1783754340,2026-07-11T00:19:00-07:00,15
1783754400,2026-07-11T00:20:00-07:00,12
1783754460,2026-07-11T00:21:00-07:00,13
1783754520,2026-07-11T00:22:00-07:00,13
1783754580,2026-07-11T00:23:00-07:00,13
1783754640,2026-07-11T00:24:00-07:00,15
1783754700,2026-07-11T00:25:00-07:00,13
1783754760,2026-07-11T00:26:00-07:00,16
1783754820,2026-07-11T00:27:00-07:00,13
1783754880,2026-07-11T00:28:00-07:00,13
1783754940,2026-07-11T00:29:00-07:00,15
1783755000,2026-07-11T00:30:00-07:00,13
1783755060,2026-07-11T00:31:00-07:00,14
1783755120,2026-07-11T00:32:00-07:00,17
1783755180,2026-07-11T00:33:00-07:00,14
1783755240,2026-07-11T00:34:00-07:00,13
1783755300,2026-07-11T00:35:00-07:00,15
1783755360,2026-07-11T00:36:00-07:00,13
1783755420,2026-07-11T00:37:00-07:00,14
1783755480,2026-07-11T00:38:00-07:00,15
1783755540,2026-07-11T00:39:00-07:00,14
1783755600,2026-07-11T00:40:00-07:00,13
1783755660,2026-07-11T00:41:00-07:00,14
1783755720,2026-07-11T00:42:00-07:00,14
1783755780,2026-07-11T00:43:00-07:00,17
1783755840,2026-07-11T00:44:00-07:00,15
1783755900,2026-07-11T00:45:00-07:00,14
1783755960,2026-07-11T00:46:00-07:00,15
1783756020,2026-07-11T00:47:00-07:00,15
1783756080,2026-07-11T00:48:00-07:00,17
1783756140,2026-07-11T00:49:00-07:00,15
1783756200,2026-07-11T00:50:00-07:00,13
1783756260,2026-07-11T00:51:00-07:00,15
1783756320,2026-07-11T00:52:00-07:00,14
1783756380,2026-07-11T00:53:00-07:00,15
1783756440,2026-07-11T00:54:00-07:00,14
1783756500,2026-07-11T00:55:00-07:00,15
1783756560,2026-07-11T00:56:00-07:00,14
1783756620,2026-07-11T00:57:00-07:00,15
1783756680,2026-07-11T00:58:00-07:00,16
1783756740,2026-07-11T00:59:00-07:00,15
1783756800,2026-07-11T01:00:00-07:00,15
1783756860,2026-07-11T01:01:00-07:00,14
1783756920,2026-07-11T01:02:00-07:00,16
1783756980,2026-07-11T01:03:00-07:00,15
1783757040,2026-07-11T01:04:00-07:00,13
1783757100,2026-07-11T01:05:00-07:00,15
1783757160,2026-07-11T01:06:00-07:00,15
1783757220,2026-07-11T01:07:00-07:00,15
1783757280,2026-07-11T01:08:00-07:00,14
1783757340,2026-07-11T01:09:00-07:00,13
1783757400,2026-07-11T01:10:00-07:00,14
1783757460,2026-07-11T01:11:00-07:00,15
1783757520,2026-07-11T01:12:00-07:00,18
1783757580,2026-07-11T01:13:00-07:00,12
1783757640,2026-07-11T01:14:00-07:00,14
1783757700,2026-07-11T01:15:00-07:00,15
1783757760,2026-07-11T01:16:00-07:00,15
1783757820,2026-07-11T01:17:00-07:00,15
1783757880,2026-07-11T01:18:00-07:00,16
1783757940,2026-07-11T01:19:00-07:00,15
1783758000,2026-07-11T01:20:00-07:00,13
1783758060,2026-07-11T01:21:00-07:00,14
1783758120,2026-07-11T01:22:00-07:00,15
1783758180,2026-07-11T01:23:00-07:00,14
1783758240,2026-07-11T01:24:00-07:00,16
1783758300,2026-07-11T01:25:00-07:00,13
1783758360,2026-07-11T01:26:00-07:00,14
1783758420,2026-07-11T01:27:00-07:00,13
1783758480,2026-07-11T01:28:00-07:00,14
1783758540,2026-07-11T01:29:00-07:00,14
1783758600,2026-07-11T01:30:00-07:00,13
1783758660,2026-07-11T01:31:00-07:00,13
1783758720,2026-07-11T01:32:00-07:00,-1
1783758780,2026-07-11T01:33:00-07:00,13
1783758840,2026-07-11T01:34:00-07:00,14
1783758900,2026-07-11T01:35:00-07:00,18
1783758960,2026-07-11T01:36:00-07:00,14
1783759020,2026-07-11T01:37:00-07:00,18
1783759080,2026-07-11T01:38:00-07:00,15
1783759140,2026-07-11T01:39:00-07:00,14
1783759200,2026-07-11T01:40:00-07:00,16
1783759260,2026-07-11T01:41:00-07:00,13
1783759320,2026-07-11T01:42:00-07:00,15
1783759380,2026-07-11T01:43:00-07:00,14
1783759440,2026-07-11T01:44:00-07:00,16
1783759500,2026-07-11T01:45:00-07:00,15
1783759560,2026-07-11T01:46:00-07:00,18
1783759620,2026-07-11T01:47:00-07:00,17
1783759680,2026-07-11T01:48:00-07:00,14
1783759740,2026-07-11T01:49:00-07:00,14
1783759800,2026-07-11T01:50:00-07:00,14
1783759860,2026-07-11T01:51:00-07:00,15
1783759920,2026-07-11T01:52:00-07:00,15
1783759980,2026-07-11T01:53:00-07:00,15
1783760040,2026-07-11T01:54:00-07:00,15
1783760100,2026-07-11T01:55:00-07:00,13
1783760160,2026-07-11T01:56:00-07:00,13
1783760220,2026-07-11T01:57:00-07:00,13
1783760280,2026-07-11T01:58:00-07:00,16
1783760340,2026-07-11T01:59:00-07:00,16
1783760400,2026-07-11T02:00:00-07:00,13
1783760460,2026-07-11T02:01:00-07:00,-4
1783760520,2026-07-11T02:02:00-07:00,17
1783760580,2026-07-11T02:03:00-07:00,15
1783760640,2026-07-11T02:04:00-07:00,14
1783760700,2026-07-11T02:05:00-07:00,15
1783760760,2026-07-11T02:06:00-07:00,14
1783760820,2026-07-11T02:07:00-07:00,15
1783760880,2026-07-11T02:08:00-07:00,14
1783760940,2026-07-11T02:09:00-07:00,14
1783761000,2026-07-11T02:10:00-07:00,15
1783761060,2026-07-11T02:11:00-07:00,15
1783761120,2026-07-11T02:12:00-07:00,15
1783761180,2026-07-11T02:13:00-07:00,14
1783761240,2026-07-11T02:14:00-07:00,15
1783761300,2026-07-11T02:15:00-07:00,14
1783761360,2026-07-11T02:16:00-07:00,15
1783761420,2026-07-11T02:17:00-07:00,15
1783761480,2026-07-11T02:18:00-07:00,14
1783761540,2026-07-11T02:19:00-07:00,18
1783761600,2026-07-11T02:20:00-07:00,18
1783761660,2026-07-11T02:21:00-07:00,14
1783761720,2026-07-11T02:22:00-07:00,13
1783761780,2026-07-11T02:23:00-07:00,14
1783761840,2026-07-11T02:24:00-07:00,16
1783761900,2026-07-11T02:25:00-07:00,14
1783761960,2026-07-11T02:26:00-07:00,13
1783762020,2026-07-11T02:27:00-07:00,14
1783762080,2026-07-11T02:28:00-07:00,17
1783762140,2026-07-11T02:29:00-07:00,18
1783762200,2026-07-11T02:30:00-07:00,0
1783762260,2026-07-11T02:31:00-07:00,14
1783762320,2026-07-11T02:32:00-07:00,15
1783762380,2026-07-11T02:33:00-07:00,13
1783762440,2026-07-11T02:34:00-07:00,17
1783762500,2026-07-11T02:35:00-07:00,15
1783762560,2026-07-11T02:36:00-07:00,14
1783762620,2026-07-11T02:37:00-07:00,14
1783762680,2026-07-11T02:38:00-07:00,15
1783762740,2026-07-11T02:39:00-07:00,15
1783762800,2026-07-11T02:40:00-07:00,16
1783762860,2026-07-11T02:41:00-07:00,13
1783762920,2026-07-11T02:42:00-07:00,14
1783762980,2026-07-11T02:43:00-07:00,14
1783763040,2026-07-11T02:44:00-07:00,15
1783763100,2026-07-11T02:45:00-07:00,14
1783763160,2026-07-11T02:46:00-07:00,13
1783763220,2026-07-11T02:47:00-07:00,14
1783763280,2026-07-11T02:48:00-07:00,14
1783763340,2026-07-11T02:49:00-07:00,16
1783763400,2026-07-11T02:50:00-07:00,12
1783763460,2026-07-11T02:51:00-07:00,14
1783763520,2026-07-11T02:52:00-07:00,12
1783763580,2026-07-11T02:53:00-07:00,13
1783763640,2026-07-11T02:54:00-07:00,14
1783763700,2026-07-11T02:55:00-07:00,15
1783763760,2026-07-11T02:56:00-07:00,14
1783763820,2026-07-11T02:57:00-07:00,13
1783763880,2026-07-11T02:58:00-07:00,13
1783763940,2026-07-11T02:59:00-07:00,18
1783764000,2026-07-11T03:00:00-07:00,14
1783764060,2026-07-11T03:01:00-07:00,12
1783764120,2026-07-11T03:02:00-07:00,15
1783764180,2026-07-11T03:03:00-07:00,13
1783764240,2026-07-11T03:04:00-07:00,13
1783764300,2026-07-11T03:05:00-07:00,14
1783764360,2026-07-11T03:06:00-07:00,14
1783764420,2026-07-11T03:07:00-07:00,18
1783764480,2026-07-11T03:08:00-07:00,13
1783764540,2026-07-11T03:09:00-07:00,15
1783764600,2026-07-11T03:10:00-07:00,13
1783764660,2026-07-11T03:11:00-07:00,14
1783764720,2026-07-11T03:12:00-07:00,13
1783764780,2026-07-11T03:13:00-07:00,14
1783764840,2026-07-11T03:14:00-07:00,13
1783764900,2026-07-11T03:15:00-07:00,14
1783764960,2026-07-11T03:16:00-07:00,13
1783765020,2026-07-11T03:17:00-07:00,14
1783765080,2026-07-11T03:18:00-07:00,13
1783765140,2026-07-11T03:19:00-07:00,13
1783765200,2026-07-11T03:20:00-07:00,15
1783765260,2026-07-11T03:21:00-07:00,14
1783765320,2026-07-11T03:22:00-07:00,14
1783765380,2026-07-11T03:23:00-07:00,14
1783765440,2026-07-11T03:24:00-07:00,15
1783765500,2026-07-11T03:25:00-07:00,16
1783765560,2026-07-11T03:26:00-07:00,14
1783765620,2026-07-11T03:27:00-07:00,14
1783765680,2026-07-11T03:28:00-07:00,-5
1783765740,2026-07-11T03:29:00-07:00,14
1783765800,2026-07-11T03:30:00-07:00,14
1783765860,2026-07-11T03:31:00-07:00,14
1783765920,2026-07-11T03:32:00-07:00,18
1783765980,2026-07-11T03:33:00-07:00,13
1783766040,2026-07-11T03:34:00-07:00,16
1783766100,2026-07-11T03:35:00-07:00,17
1783766160,2026-07-11T03:36:00-07:00,16
1783766220,2026-07-11T03:37:00-07:00,13
1783766280,2026-07-11T03:38:00-07:00,13
1783766340,2026-07-11T03:39:00-07:00,14
1783766400,2026-07-11T03:40:00-07:00,14
1783766460,2026-07-11T03:41:00-07:00,16
1783766520,2026-07-11T03:42:00-07:00,13
1783766580,2026-07-11T03:43:00-07:00,13
1783766640,2026-07-11T03:44:00-07:00,14
1783766700,2026-07-11T03:45:00-07:00,13
1783766760,2026-07-11T03:46:00-07:00,13
1783766820,2026-07-11T03:47:00-07:00,12
1783766880,2026-07-11T03:48:00-07:00,13
1783766940,2026-07-11T03:49:00-07:00,14
1783767000,2026-07-11T03:50:00-07:00,13
1783767060,2026-07-11T03:51:00-07:00,15
1783767120,2026-07-11T03:52:00-07:00,14
1783767180,2026-07-11T03:53:00-07:00,13
1783767240,2026-07-11T03:54:00-07:00,15
1783767300,2026-07-11T03:55:00-07:00,14
1783767360,2026-07-11T03:56:00-07:00,14
1783767420,2026-07-11T03:57:00-07:00,14
1783767480,2026-07-11T03:58:00-07:00,14
1783767540,2026-07-11T03:59:00-07:00,14
1783767600,2026-07-11T04:00:00-07:00,14
1783767660,2026-07-11T04:01:00-07:00,14
1783767720,2026-07-11T04:02:00-07:00,14
1783767780,2026-07-11T04:03:00-07:00,13
1783767840,2026-07-11T04:04:00-07:00,14
1783767900,2026-07-11T04:05:00-07:00,13
1783767960,2026-07-11T04:06:00-07:00,14
1783768020,2026-07-11T04:07:00-07:00,-4
1783768080,2026-07-11T04:08:00-07:00,13
1783768140,2026-07-11T04:09:00-07:00,14
1783768200,2026-07-11T04:10:00-07:00,16
1783768260,2026-07-11T04:11:00-07:00,13
1783768320,2026-07-11T04:12:00-07:00,14
1783768380,2026-07-11T04:13:00-07:00,13
1783768440,2026-07-11T04:14:00-07:00,14
1783768500,2026-07-11T04:15:00-07:00,14
1783768560,2026-07-11T04:16:00-07:00,14
1783768620,2026-07-11T04:17:00-07:00,15
1783768680,2026-07-11T04:18:00-07:00,14
1783768740,2026-07-11T04:19:00-07:00,16
1783768800,2026-07-11T04:20:00-07:00,14
1783768860,2026-07-11T04:21:00-07:00,14
1783768920,2026-07-11T04:22:00-07:00,14
1783768980,2026-07-11T04:23:00-07:00,14
1783769040,2026-07-11T04:24:00-07:00,18
1783769100,2026-07-11T04:25:00-07:00,16
1783769160,2026-07-11T04:26:00-07:00,13
1783769220,2026-07-11T04:27:00-07:00,14
1783769280,2026-07-11T04:28:00-07:00,14
1783769340,2026-07-11T04:29:00-07:00,14
1783769400,2026-07-11T04:30:00-07:00,14
1783769460,2026-07-11T04:31:00-07:00,15
1783769520,2026-07-11T04:32:00-07:00,14
1783769580,2026-07-11T04:33:00-07:00,14
1783769640,2026-07-11T04:34:00-07:00,14
1783769700,2026-07-11T04:35:00-07:00,14
1783769760,2026-07-11T04:36:00-07:00,-2
1783769820,2026-07-11T04:37:00-07:00,14
1783769880,2026-07-11T04:38:00-07:00,15
1783769940,2026-07-11T04:39:00-07:00,14
1783770000,2026-07-11T04:40:00-07:00,14
1783770060,2026-07-11T04:41:00-07:00,15
1783770120,2026-07-11T04:42:00-07:00,12
1783770180,2026-07-11T04:43:00-07:00,13
1783770240,2026-07-11T04:44:00-07:00,13
1783770300,2026-07-11T04:45:00-07:00,15
1783770360,2026-07-11T04:46:00-07:00,14
1783770420,2026-07-11T04:47:00-07:00,14
1783770480,2026-07-11T04:48:00-07:00,15
1783770540,2026-07-11T04:49:00-07:00,13
1783770600,2026-07-11T04:50:00-07:00,16
1783770660,2026-07-11T04:51:00-07:00,14
1783770720,2026-07-11T04:52:00-07:00,15
1783770780,2026-07-11T04:53:00-07:00,14
1783770840,2026-07-11T04:54:00-07:00,15
1783770900,2026-07-11T04:55:00-07:00,15
1783770960,2026-07-11T04:56:00-07:00,15
1783771020,2026-07-11T04:57:00-07:00,15
1783771080,2026-07-11T04:58:00-07:00,13
1783771140,2026-07-11T04:59:00-07:00,14
1783771200,2026-07-11T05:00:00-07:00,14
1783771260,2026-07-11T05:01:00-07:00,15
1783771320,2026-07-11T05:02:00-07:00,13
1783771380,2026-07-11T05:03:00-07:00,14
1783771440,2026-07-11T05:04:00-07:00,14
1783771500,2026-07-11T05:05:00-07:00,0
1783771560,2026-07-11T05:06:00-07:00,14
1783771620,2026-07-11T05:07:00-07:00,15
1783771680,2026-07-11T05:08:00-07:00,16
1783771740,2026-07-11T05:09:00-07:00,13
1783771800,2026-07-11T05:10:00-07:00,13
1783771860,2026-07-11T05:11:00-07:00,14
1783771920,2026-07-11T05:12:00-07:00,14
1783771980,2026-07-11T05:13:00-07:00,15
1783772040,2026-07-11T05:14:00-07:00,14
1783772100,2026-07-11T05:15:00-07:00,15
1783772160,2026-07-11T05:16:00-07:00,15
1783772220,2026-07-11T05:17:00-07:00,15
1783772280,2026-07-11T05:18:00-07:00,14
1783772340,2026-07-11T05:19:00-07:00,14
1783772400,2026-07-11T05:20:00-07:00,14
1783772460,2026-07-11T05:21:00-07:00,12
1783772520,2026-07-11T05:22:00-07:00,13
1783772580,2026-07-11T05:23:00-07:00,13
1783772640,2026-07-11T05:24:00-07:00,13
1783772700,2026-07-11T05:25:00-07:00,14
1783772760,2026-07-11T05:26:00-07:00,13
1783772820,2026-07-11T05:27:00-07:00,13
1783772880,2026-07-11T05:28:00-07:00,15
1783772940,2026-07-11T05:29:00-07:00,15
1783773000,2026-07-11T05:30:00-07:00,14
1783773060,2026-07-11T05:31:00-07:00,15
1783773120,2026-07-11T05:32:00-07:00,14
1783773180,2026-07-11T05:33:00-07:00,15
1783773240,2026-07-11T05:34:00-07:00,-1
1783773300,2026-07-11T05:35:00-07:00,15
1783773360,2026-07-11T05:36:00-07:00,14
1783773420,2026-07-11T05:37:00-07:00,15
1783773480,2026-07-11T05:38:00-07:00,14
1783773540,2026-07-11T05:39:00-07:00,14
1783773600,2026-07-11T05:40:00-07:00,13
1783773660,2026-07-11T05:41:00-07:00,14
1783773720,2026-07-11T05:42:00-07:00,12
1783773780,2026-07-11T05:43:00-07:00,14
1783773840,2026-07-11T05:44:00-07:00,15
1783773900,2026-07-11T05:45:00-07:00,17
1783773960,2026-07-11T05:46:00-07:00,13
1783774020,2026-07-11T05:47:00-07:00,13
1783774080,2026-07-11T05:48:00-07:00,14
1783774140,2026-07-11T05:49:00-07:00,16
1783774200,2026-07-11T05:50:00-07:00,14
1783774260,2026-07-11T05:51:00-07:00,12
1783774320,2026-07-11T05:52:00-07:00,13
1783774380,2026-07-11T05:53:00-07:00,14
1783774440,2026-07-11T05:54:00-07:00,12
1783774500,2026-07-11T05:55:00-07:00,17
1783774560,2026-07-11T05:56:00-07:00,16
1783774620,2026-07-11T05:57:00-07:00,15
1783774680,2026-07-11T05:58:00-07:00,15
1783774740,2026-07-11T05:59:00-07:00,14
1783774800,2026-07-11T06:00:00-07:00,13
1783774860,2026-07-11T06:01:00-07:00,18
1783774920,2026-07-11T06:02:00-07:00,18
1783774980,2026-07-11T06:03:00-07:00,0
1783775040,2026-07-11T06:04:00-07:00,13
1783775100,2026-07-11T06:05:00-07:00,14
1783775160,2026-07-11T06:06:00-07:00,13
1783775220,2026-07-11T06:07:00-07:00,14
1783775280,2026-07-11T06:08:00-07:00,14
1783775340,2026-07-11T06:09:00-07:00,13
1783775400,2026-07-11T06:10:00-07:00,14
1783775460,2026-07-11T06:11:00-07:00,18
1783775520,2026-07-11T06:12:00-07:00,16
1783775580,2026-07-11T06:13:00-07:00,1
1783775640,2026-07-11T06:14:00-07:00,15
1783775700,2026-07-11T06:15:00-07:00,15
1783775760,2026-07-11T06:16:00-07:00,15
1783775820,2026-07-11T06:17:00-07:00,14
1783775880,2026-07-11T06:18:00-07:00,13
1783775940,2026-07-11T06:19:00-07:00,14
1783776000,2026-07-11T06:20:00-07:00,13
1783776060,2026-07-11T06:21:00-07:00,16
1783776120,2026-07-11T06:22:00-07:00,14
1783776180,2026-07-11T06:23:00-07:00,16
1783776240,2026-07-11T06:24:00-07:00,14
1783776300,2026-07-11T06:25:00-07:00,14
1783776360,2026-07-11T06:26:00-07:00,14
1783776420,2026-07-11T06:27:00-07:00,14
1783776480,2026-07-11T06:28:00-07:00,14
1783776540,2026-07-11T06:29:00-07:00,13
1783776600,2026-07-11T06:30:00-07:00,15
1783776660,2026-07-11T06:31:00-07:00,14
1783776720,2026-07-11T06:32:00-07:00,14
1783776780,2026-07-11T06:33:00-07:00,14
1783776840,2026-07-11T06:34:00-07:00,12
1783776900,2026-07-11T06:35:00-07:00,17
1783776960,2026-07-11T06:36:00-07:00,14
1783777020,2026-07-11T06:37:00-07:00,16
1783777080,2026-07-11T06:38:00-07:00,14
1783777140,2026-07-11T06:39:00-07:00,15
1783777200,2026-07-11T06:40:00-07:00,18
1783777260,2026-07-11T06:41:00-07:00,15
1783777320,2026-07-11T06:42:00-07:00,15
1783777380,2026-07-11T06:43:00-07:00,14
1783777440,2026-07-11T06:44:00-07:00,14
1783777500,2026-07-11T06:45:00-07:00,14
1783777560,2026-07-11T06:46:00-07:00,13
1783777620,2026-07-11T06:47:00-07:00,11
1783777680,2026-07-11T06:48:00-07:00,16
1783777740,2026-07-11T06:49:00-07:00,15
1783777800,2026-07-11T06:50:00-07:00,14
1783777860,2026-07-11T06:51:00-07:00,13
1783777920,2026-07-11T06:52:00-07:00,13
1783777980,2026-07-11T06:53:00-07:00,13
1783778040,2026-07-11T06:54:00-07:00,14
1783778100,2026-07-11T06:55:00-07:00,13
1783778160,2026-07-11T06:56:00-07:00,13
1783778220,2026-07-11T06:57:00-07:00,14
1783778280,2026-07-11T06:58:00-07:00,14
1783778340,2026-07-11T06:59:00-07:00,15
1783778400,2026-07-11T07:00:00-07:00,16
1783778460,2026-07-11T07:01:00-07:00,-3
1783778520,2026-07-11T07:02:00-07:00,13
1783778580,2026-07-11T07:03:00-07:00,14
1783778640,2026-07-11T07:04:00-07:00,14
1783778700,2026-07-11T07:05:00-07:00,13
1783778760,2026-07-11T07:06:00-07:00,13
1783778820,2026-07-11T07:07:00-07:00,14
1783778880,2026-07-11T07:08:00-07:00,12
1783778940,2026-07-11T07:09:00-07:00,15
1783779000,2026-07-11T07:10:00-07:00,13
1783779060,2026-07-11T07:11:00-07:00,-4
1783779120,2026-07-11T07:12:00-07:00,17
1783779180,2026-07-11T07:13:00-07:00,15
1783779240,2026-07-11T07:14:00-07:00,15
1783779300,2026-07-11T07:15:00-07:00,14
1783779360,2026-07-11T07:16:00-07:00,13
1783779420,2026-07-11T07:17:00-07:00,15
1783779480,2026-07-11T07:18:00-07:00,14
1783779540,2026-07-11T07:19:00-07:00,15
1783779600,2026-07-11T07:20:00-07:00,16
1783779660,2026-07-11T07:21:00-07:00,17
1783779720,2026-07-11T07:22:00-07:00,14
1783779780,2026-07-11T07:23:00-07:00,14
1783779840,2026-07-11T07:24:00-07:00,13
1783779900,2026-07-11T07:25:00-07:00,13
1783779960,2026-07-11T07:26:00-07:00,13
1783780020,2026-07-11T07:27:00-07:00,15
1783780080,2026-07-11T07:28:00-07:00,13
1783780140,2026-07-11T07:29:00-07:00,14
1783780200,2026-07-11T07:30:00-07:00,16
1783780260,2026-07-11T07:31:00-07:00,14
1783780320,2026-07-11T07:32:00-07:00,14
1783780380,2026-07-11T07:33:00-07:00,15
1783780440,2026-07-11T07:34:00-07:00,17
1783780500,2026-07-11T07:35:00-07:00,15
1783780560,2026-07-11T07:36:00-07:00,14
1783780620,2026-07-11T07:37:00-07:00,20
1783780680,2026-07-11T07:38:00-07:00,14
1783780740,2026-07-11T07:39:00-07:00,13
1783780800,2026-07-11T07:40:00-07:00,15
1783780860,2026-07-11T07:41:00-07:00,18
1783780920,2026-07-11T07:42:00-07:00,13
1783780980,2026-07-11T07:43:00-07:00,14
1783781040,2026-07-11T07:44:00-07:00,14
1783781100,2026-07-11T07:45:00-07:00,17
1783781160,2026-07-11T07:46:00-07:00,12
1783781220,2026-07-11T07:47:00-07:00,14
1783781280,2026-07-11T07:48:00-07:00,13
1783781340,2026-07-11T07:49:00-07:00,15
1783781400,2026-07-11T07:50:00-07:00,14
1783781460,2026-07-11T07:51:00-07:00,14
1783781520,2026-07-11T07:52:00-07:00,14
1783781580,2026-07-11T07:53:00-07:00,18
1783781640,2026-07-11T07:54:00-07:00,16
1783781700,2026-07-11T07:55:00-07:00,17
1783781760,2026-07-11T07:56:00-07:00,15
1783781820,2026-07-11T07:57:00-07:00,14
1783781880,2026-07-11T07:58:00-07:00,15
1783781940,2026-07-11T07:59:00-07:00,14
1783782000,2026-07-11T08:00:00-07:00,-6
1783782060,2026-07-11T08:01:00-07:00,-1
1783782120,2026-07-11T08:02:00-07:00,14
1783782180,2026-07-11T08:03:00-07:00,15
1783782240,2026-07-11T08:04:00-07:00,18
1783782300,2026-07-11T08:05:00-07:00,15
1783782360,2026-07-11T08:06:00-07:00,16
1783782420,2026-07-11T08:07:00-07:00,14
1783782480,2026-07-11T08:08:00-07:00,16
1783782540,2026-07-11T08:09:00-07:00,14
1783782600,2026-07-11T08:10:00-07:00,14
1783782660,2026-07-11T08:11:00-07:00,15
1783782720,2026-07-11T08:12:00-07:00,13
1783782780,2026-07-11T08:13:00-07:00,13
1783782840,2026-07-11T08:14:00-07:00,15
1783782900,2026-07-11T08:15:00-07:00,16
1783782960,2026-07-11T08:16:00-07:00,18
1783783020,2026-07-11T08:17:00-07:00,12
1783783080,2026-07-11T08:18:00-07:00,16
1783783140,2026-07-11T08:19:00-07:00,14
1783783200,2026-07-11T08:20:00-07:00,14
1783783260,2026-07-11T08:21:00-07:00,16
1783783320,2026-07-11T08:22:00-07:00,16
1783783380,2026-07-11T08:23:00-07:00,14
1783783440,2026-07-11T08:24:00-07:00,15
1783783500,2026-07-11T08:25:00-07:00,14
1783783560,2026-07-11T08:26:00-07:00,15
1783783620,2026-07-11T08:27:00-07:00,15
1783783680,2026-07-11T08:28:00-07:00,15
1783783740,2026-07-11T08:29:00-07:00,13
1783783800,2026-07-11T08:30:00-07:00,1
1783783860,2026-07-11T08:31:00-07:00,14
1783783920,2026-07-11T08:32:00-07:00,14
1783783980,2026-07-11T08:33:00-07:00,13
1783784040,2026-07-11T08:34:00-07:00,15
1783784100,2026-07-11T08:35:00-07:00,15
1783784160,2026-07-11T08:36:00-07:00,14
1783784220,2026-07-11T08:37:00-07:00,16
1783784280,2026-07-11T08:38:00-07:00,14
1783784340,2026-07-11T08:39:00-07:00,14
1783784400,2026-07-11T08:40:00-07:00,18
1783784460,2026-07-11T08:41:00-07:00,13
1783784520,2026-07-11T08:42:00-07:00,14
1783784580,2026-07-11T08:43:00-07:00,16
1783784640,2026-07-11T08:44:00-07:00,13
1783784700,2026-07-11T08:45:00-07:00,18
1783784760,2026-07-11T08:46:00-07:00,13
1783784820,2026-07-11T08:47:00-07:00,16
1783784880,2026-07-11T08:48:00-07:00,14
1783784940,2026-07-11T08:49:00-07:00,13
1783785000,2026-07-11T08:50:00-07:00,12
1783785060,2026-07-11T08:51:00-07:00,14
1783785120,2026-07-11T08:52:00-07:00,18
1783785180,2026-07-11T08:53:00-07:00,13
1783785240,2026-07-11T08:54:00-07:00,13
1783785300,2026-07-11T08:55:00-07:00,15
1783785360,2026-07-11T08:56:00-07:00,14
1783785420,2026-07-11T08:57:00-07:00,13
1783785480,2026-07-11T08:58:00-07:00,14
1783785540,2026-07-11T08:59:00-07:00,13
1783785600,2026-07-11T09:00:00-07:00,12
1783785660,2026-07-11T09:01:00-07:00,12
1783785720,2026-07-11T09:02:00-07:00,14
1783785780,2026-07-11T09:03:00-07:00,13
1783785840,2026-07-11T09:04:00-07:00,16
1783785900,2026-07-11T09:05:00-07:00,15
1783785960,2026-07-11T09:06:00-07:00,13
1783786020,2026-07-11T09:07:00-07:00,17
1783786080,2026-07-11T09:08:00-07:00,18
1783786140,2026-07-11T09:09:00-07:00,14
1783786200,2026-07-11T09:10:00-07:00,14
1783786260,2026-07-11T09:11:00-07:00,13
1783786320,2026-07-11T09:12:00-07:00,16
1783786380,2026-07-11T09:13:00-07:00,15
1783786440,2026-07-11T09:14:00-07:00,13
1783786500,2026-07-11T09:15:00-07:00,13
1783786560,2026-07-11T09:16:00-07:00,13
1783786620,2026-07-11T09:17:00-07:00,13
1783786680,2026-07-11T09:18:00-07:00,14
1783786740,2026-07-11T09:19:00-07:00,13
1783786800,2026-07-11T09:20:00-07:00,16
1783786860,2026-07-11T09:21:00-07:00,15
1783786920,2026-07-11T09:22:00-07:00,14
1783786980,2026-07-11T09:23:00-07:00,16
1783787040,2026-07-11T09:24:00-07:00,13
1783787100,2026-07-11T09:25:00-07:00,15
1783787160,2026-07-11T09:26:00-07:00,14
1783787220,2026-07-11T09:27:00-07:00,1
1783787280,2026-07-11T09:28:00-07:00,15
1783787340,2026-07-11T09:29:00-07:00,14
1783787400,2026-07-11T09:30:00-07:00,1
1783787460,2026-07-11T09:31:00-07:00,15
1783787520,2026-07-11T09:32:00-07:00,12
1783787580,2026-07-11T09:33:00-07:00,16
1783787640,2026-07-11T09:34:00-07:00,16
1783787700,2026-07-11T09:35:00-07:00,14
1783787760,2026-07-11T09:36:00-07:00,15
1783787820,2026-07-11T09:37:00-07:00,14
1783787880,2026-07-11T09:38:00-07:00,11
1783787940,2026-07-11T09:39:00-07:00,13
1783788000,2026-07-11T09:40:00-07:00,15
1783788060,2026-07-11T09:41:00-07:00,0
1783788120,2026-07-11T09:42:00-07:00,15
1783788180,2026-07-11T09:43:00-07:00,14
1783788240,2026-07-11T09:44:00-07:00,13
1783788300,2026-07-11T09:45:00-07:00,14
1783788360,2026-07-11T09:46:00-07:00,-2
1783788420,2026-07-11T09:47:00-07:00,14
1783788480,2026-07-11T09:48:00-07:00,15
1783788540,2026-07-11T09:49:00-07:00,14
1783788600,2026-07-11T09:50:00-07:00,13
1783788660,2026-07-11T09:51:00-07:00,17
1783788720,2026-07-11T09:52:00-07:00,14
1783788780,2026-07-11T09:53:00-07:00,14
1783788840,2026-07-11T09:54:00-07:00,12
1783788900,2026-07-11T09:55:00-07:00,13
1783788960,2026-07-11T09:56:00-07:00,15
1783789020,2026-07-11T09:57:00-07:00,14
1783789080,2026-07-11T09:58:00-07:00,16
1783789140,2026-07-11T09:59:00-07:00,15
1783789200,2026-07-11T10:00:00-07:00,16
1783789260,2026-07-11T10:01:00-07:00,14
1783789320,2026-07-11T10:02:00-07:00,14
1783789380,2026-07-11T10:03:00-07:00,14
1783789440,2026-07-11T10:04:00-07:00,13
1783789500,2026-07-11T10:05:00-07:00,13
1783789560,2026-07-11T10:06:00-07:00,12
1783789620,2026-07-11T10:07:00-07:00,13
1783789680,2026-07-11T10:08:00-07:00,14
1783789740,2026-07-11T10:09:00-07:00,15
1783789800,2026-07-11T10:10:00-07:00,14
1783789860,2026-07-11T10:11:00-07:00,13
1783789920,2026-07-11T10:12:00-07:00,13
1783789980,2026-07-11T10:13:00-07:00,13
1783790040,2026-07-11T10:14:00-07:00,14
1783790100,2026-07-11T10:15:00-07:00,14
1783790160,2026-07-11T10:16:00-07:00,18
1783790220,2026-07-11T10:17:00-07:00,15
1783790280,2026-07-11T10:18:00-07:00,17
1783790340,2026-07-11T10:19:00-07:00,14
1783790400,2026-07-11T10:20:00-07:00,15
1783790460,2026-07-11T10:21:00-07:00,14
1783790520,2026-07-11T10:22:00-07:00,12
1783790580,2026-07-11T10:23:00-07:00,13
1783790640,2026-07-11T10:24:00-07:00,14
1783790700,2026-07-11T10:25:00-07:00,14
1783790760,2026-07-11T10:26:00-07:00,15
1783790820,2026-07-11T10:27:00-07:00,15
1783790880,2026-07-11T10:28:00-07:00,13
1783790940,2026-07-11T10:29:00-07:00,-2
1783791000,2026-07-11T10:30:00-07:00,15
1783791060,2026-07-11T10:31:00-07:00,12
1783791120,2026-07-11T10:32:00-07:00,13
1783791180,2026-07-11T10:33:00-07:00,13
1783791240,2026-07-11T10:34:00-07:00,15
1783791300,2026-07-11T10:35:00-07:00,15
1783791360,2026-07-11T10:36:00-07:00,14
1783791420,2026-07-11T10:37:00-07:00,12
1783791480,2026-07-11T10:38:00-07:00,12
1783791540,2026-07-11T10:39:00-07:00,13
1783791600,2026-07-11T10:40:00-07:00,15
1783791660,2026-07-11T10:41:00-07:00,13
1783791720,2026-07-11T10:42:00-07:00,15
1783791780,2026-07-11T10:43:00-07:00,15
1783791840,2026-07-11T10:44:00-07:00,14
1783791900,2026-07-11T10:45:00-07:00,14
1783791960,2026-07-11T10:46:00-07:00,-1
1783792020,2026-07-11T10:47:00-07:00,14
1783792080,2026-07-11T10:48:00-07:00,18
1783792140,2026-07-11T10:49:00-07:00,13
1783792200,2026-07-11T10:50:00-07:00,14
1783792260,2026-07-11T10:51:00-07:00,14
1783792320,2026-07-11T10:52:00-07:00,18
1783792380,2026-07-11T10:53:00-07:00,15
1783792440,2026-07-11T10:54:00-07:00,17
1783792500,2026-07-11T10:55:00-07:00,18
1783792560,2026-07-11T10:56:00-07:00,14
1783792620,2026-07-11T10:57:00-07:00,12
1783792680,2026-07-11T10:58:00-07:00,13
1783792740,2026-07-11T10:59:00-07:00,13
1783792800,2026-07-11T11:00:00-07:00,14
1783792860,2026-07-11T11:01:00-07:00,14
1783792920,2026-07-11T11:02:00-07:00,16
1783792980,2026-07-11T11:03:00-07:00,17
1783793040,2026-07-11T11:04:00-07:00,14
1783793100,2026-07-11T11:05:00-07:00,13
1783793160,2026-07-11T11:06:00-07:00,16
1783793220,2026-07-11T11:07:00-07:00,12
1783793280,2026-07-11T11:08:00-07:00,16
1783793340,2026-07-11T11:09:00-07:00,12
1783793400,2026-07-11T11:10:00-07:00,13
1783793460,2026-07-11T11:11:00-07:00,13
1783793520,2026-07-11T11:12:00-07:00,12
1783793580,2026-07-11T11:13:00-07:00,16
1783793640,2026-07-11T11:14:00-07:00,12
1783793700,2026-07-11T11:15:00-07:00,12
1783793760,2026-07-11T11:16:00-07:00,13
1783793820,2026-07-11T11:17:00-07:00,12
1783793880,2026-07-11T11:18:00-07:00,12
1783793940,2026-07-11T11:19:00-07:00,12
1783794000,2026-07-11T11:20:00-07:00,14
1783794060,2026-07-11T11:21:00-07:00,11
1783794120,2026-07-11T11:22:00-07:00,18
1783794180,2026-07-11T11:23:00-07:00,13
1783794240,2026-07-11T11:24:00-07:00,14
1783794300,2026-07-11T11:25:00-07:00,11
1783794360,2026-07-11T11:26:00-07:00,16
1783794420,2026-07-11T11:27:00-07:00,18
1783794480,2026-07-11T11:28:00-07:00,12
1783794540,2026-07-11T11:29:00-07:00,15
1783794600,2026-07-11T11:30:00-07:00,12
1783794660,2026-07-11T11:31:00-07:00,11
1783794720,2026-07-11T11:32:00-07:00,14
1783794780,2026-07-11T11:33:00-07:00,13
1783794840,2026-07-11T11:34:00-07:00,12
1783794900,2026-07-11T11:35:00-07:00,-50
1783794960,2026-07-11T11:36:00-07:00,12
1783795020,2026-07-11T11:37:00-07:00,14
1783795080,2026-07-11T11:38:00-07:00,-3
1783795140,2026-07-11T11:39:00-07:00,12
1783795200,2026-07-11T11:40:00-07:00,12
1783795260,2026-07-11T11:41:00-07:00,14
1783795320,2026-07-11T11:42:00-07:00,11
1783795380,2026-07-11T11:43:00-07:00,13
1783795440,2026-07-11T11:44:00-07:00,14
1783795500,2026-07-11T11:45:00-07:00,14
1783795560,2026-07-11T11:46:00-07:00,13
1783795620,2026-07-11T11:47:00-07:00,13
1783795680,2026-07-11T11:48:00-07:00,14
1783795740,2026-07-11T11:49:00-07:00,15
1783795800,2026-07-11T11:50:00-07:00,14
1783795860,2026-07-11T11:51:00-07:00,12
1783795920,2026-07-11T11:52:00-07:00,13
1783795980,2026-07-11T11:53:00-07:00,14
1783796040,2026-07-11T11:54:00-07:00,16
1783796100,2026-07-11T11:55:00-07:00,16
1783796160,2026-07-11T11:56:00-07:00,13
1783796220,2026-07-11T11:57:00-07:00,15
1783796280,2026-07-11T11:58:00-07:00,13
1783796340,2026-07-11T11:59:00-07:00,14
1783796400,2026-07-11T12:00:00-07:00,16
1783796460,2026-07-11T12:01:00-07:00,12
1783796520,2026-07-11T12:02:00-07:00,14
1783796580,2026-07-11T12:03:00-07:00,14
1783796640,2026-07-11T12:04:00-07:00,12
1783796700,2026-07-11T12:05:00-07:00,14
1783796760,2026-07-11T12:06:00-07:00,13
1783796820,2026-07-11T12:07:00-07:00,11
1783796880,2026-07-11T12:08:00-07:00,13
1783796940,2026-07-11T12:09:00-07:00,13
1783797000,2026-07-11T12:10:00-07:00,16
1783797060,2026-07-11T12:11:00-07:00,12
1783797120,2026-07-11T12:12:00-07:00,12
1783797180,2026-07-11T12:13:00-07:00,12
1783797240,2026-07-11T12:14:00-07:00,13
1783797300,2026-07-11T12:15:00-07:00,12
1783797360,2026-07-11T12:16:00-07:00,12
1783797420,2026-07-11T12:17:00-07:00,14
1783797480,2026-07-11T12:18:00-07:00,15
1783797540,2026-07-11T12:19:00-07:00,13
1783797600,2026-07-11T12:20:00-07:00,14
1783797660,2026-07-11T12:21:00-07:00,13
1783797720,2026-07-11T12:22:00-07:00,16
1783797780,2026-07-11T12:23:00-07:00,16
1783797840,2026-07-11T12:24:00-07:00,16
1783797900,2026-07-11T12:25:00-07:00,18
1783797960,2026-07-11T12:26:00-07:00,12
1783798020,2026-07-11T12:27:00-07:00,16
1783798080,2026-07-11T12:28:00-07:00,14
1783798140,2026-07-11T12:29:00-07:00,16
1783798200,2026-07-11T12:30:00-07:00,16
1783798260,2026-07-11T12:31:00-07:00,2
1783798320,2026-07-11T12:32:00-07:00,13
1783798380,2026-07-11T12:33:00-07:00,13
1783798440,2026-07-11T12:34:00-07:00,15
1783798500,2026-07-11T12:35:00-07:00,16
1783798560,2026-07-11T12:36:00-07:00,14
1783798620,2026-07-11T12:37:00-07:00,15
1783798680,2026-07-11T12:38:00-07:00,15
1783798740,2026-07-11T12:39:00-07:00,14
1783798800,2026-07-11T12:40:00-07:00,13
1783798860,2026-07-11T12:41:00-07:00,18
1783798920,2026-07-11T12:42:00-07:00,14
1783798980,2026-07-11T12:43:00-07:00,14
1783799040,2026-07-11T12:44:00-07:00,13
1783799100,2026-07-11T12:45:00-07:00,15
1783799160,2026-07-11T12:46:00-07:00,14
1783799220,2026-07-11T12:47:00-07:00,12
1783799280,2026-07-11T12:48:00-07:00,13
1783799340,2026-07-11T12:49:00-07:00,13
1783799400,2026-07-11T12:50:00-07:00,17
1783799460,2026-07-11T12:51:00-07:00,23
1783799520,2026-07-11T12:52:00-07:00,12
1783799580,2026-07-11T12:53:00-07:00,16
1783799640,2026-07-11T12:54:00-07:00,11
1783799700,2026-07-11T12:55:00-07:00,13
1783799760,2026-07-11T12:56:00-07:00,12
1783799820,2026-07-11T12:57:00-07:00,13
1783799880,2026-07-11T12:58:00-07:00,14
1783799940,2026-07-11T12:59:00-07:00,13
1783800000,2026-07-11T13:00:00-07:00,12
1783800060,2026-07-11T13:01:00-07:00,16
1783800120,2026-07-11T13:02:00-07:00,17
1783800180,2026-07-11T13:03:00-07:00,14
1783800240,2026-07-11T13:04:00-07:00,15
1783800300,2026-07-11T13:05:00-07:00,14
1783800360,2026-07-11T13:06:00-07:00,15
1783800420,2026-07-11T13:07:00-07:00,14
1783800480,2026-07-11T13:08:00-07:00,13
1783800540,2026-07-11T13:09:00-07:00,13
1783800600,2026-07-11T13:10:00-07:00,14
1783800660,2026-07-11T13:11:00-07:00,13
1783800720,2026-07-11T13:12:00-07:00,15
1783800780,2026-07-11T13:13:00-07:00,12
1783800840,2026-07-11T13:14:00-07:00,14
1783800900,2026-07-11T13:15:00-07:00,11
1783800960,2026-07-11T13:16:00-07:00,17
1783801020,2026-07-11T13:17:00-07:00,12
1783801080,2026-07-11T13:18:00-07:00,13
1783801140,2026-07-11T13:19:00-07:00,12
1783801200,2026-07-11T13:20:00-07:00,12
1783801260,2026-07-11T13:21:00-07:00,13
1783801320,2026-07-11T13:22:00-07:00,12
1783801380,2026-07-11T13:23:00-07:00,18
1783801440,2026-07-11T13:24:00-07:00,13
1783801500,2026-07-11T13:25:00-07:00,13
1783801560,2026-07-11T13:26:00-07:00,16
1783801620,2026-07-11T13:27:00-07:00,16
1783801680,2026-07-11T13:28:00-07:00,11
1783801740,2026-07-11T13:29:00-07:00,12
1783801800,2026-07-11T13:30:00-07:00,13
1783801860,2026-07-11T13:31:00-07:00,16
1783801920,2026-07-11T13:32:00-07:00,14
1783801980,2026-07-11T13:33:00-07:00,14
1783802040,2026-07-11T13:34:00-07:00,13
1783802100,2026-07-11T13:35:00-07:00,16
1783802160,2026-07-11T13:36:00-07:00,16
1783802220,2026-07-11T13:37:00-07:00,12
1783802280,2026-07-11T13:38:00-07:00,12
1783802340,2026-07-11T13:39:00-07:00,14
1783802400,2026-07-11T13:40:00-07:00,12
1783802460,2026-07-11T13:41:00-07:00,12
1783802520,2026-07-11T13:42:00-07:00,13
1783802580,2026-07-11T13:43:00-07:00,14
1783802640,2026-07-11T13:44:00-07:00,12
1783802700,2026-07-11T13:45:00-07:00,13
1783802760,2026-07-11T13:46:00-07:00,11
1783802820,2026-07-11T13:47:00-07:00,15
1783802880,2026-07-11T13:48:00-07:00,13
1783802940,2026-07-11T13:49:00-07:00,14
1783803000,2026-07-11T13:50:00-07:00,12
1783803060,2026-07-11T13:51:00-07:00,-2
1783803120,2026-07-11T13:52:00-07:00,12
1783803180,2026-07-11T13:53:00-07:00,13
1783803240,2026-07-11T13:54:00-07:00,14
1783803300,2026-07-11T13:55:00-07:00,12
1783803360,2026-07-11T13:56:00-07:00,12
1783803420,2026-07-11T13:57:00-07:00,15
1783803480,2026-07-11T13:58:00-07:00,12
1783803540,2026-07-11T13:59:00-07:00,12
1783803600,2026-07-11T14:00:00-07:00,13
1783803660,2026-07-11T14:01:00-07:00,13
1783803720,2026-07-11T14:02:00-07:00,12
1783803780,2026-07-11T14:03:00-07:00,12
1783803840,2026-07-11T14:04:00-07:00,14
1783803900,2026-07-11T14:05:00-07:00,13
1783803960,2026-07-11T14:06:00-07:00,13
1783804020,2026-07-11T14:07:00-07:00,14
1783804080,2026-07-11T14:08:00-07:00,11
1783804140,2026-07-11T14:09:00-07:00,15
1783804200,2026-07-11T14:10:00-07:00,16
1783804260,2026-07-11T14:11:00-07:00,16
1783804320,2026-07-11T14:12:00-07:00,13
1783804380,2026-07-11T14:13:00-07:00,14
1783804440,2026-07-11T14:14:00-07:00,12
1783804500,2026-07-11T14:15:00-07:00,13
1783804560,2026-07-11T14:16:00-07:00,-50
1783804620,2026-07-11T14:17:00-07:00,15
1783804680,2026-07-11T14:18:00-07:00,13
1783804740,2026-07-11T14:19:00-07:00,15
1783804800,2026-07-11T14:20:00-07:00,14
1783804860,2026-07-11T14:21:00-07:00,14
1783804920,2026-07-11T14:22:00-07:00,13
1783804980,2026-07-11T14:23:00-07:00,12
1783805040,2026-07-11T14:24:00-07:00,11
1783805100,2026-07-11T14:25:00-07:00,13
1783805160,2026-07-11T14:26:00-07:00,12
1783805220,2026-07-11T14:27:00-07:00,12
1783805280,2026-07-11T14:28:00-07:00,12
1783805340,2026-07-11T14:29:00-07:00,13
1783805400,2026-07-11T14:30:00-07:00,15
1783805460,2026-07-11T14:31:00-07:00,13
1783805520,2026-07-11T14:32:00-07:00,15
1783805580,2026-07-11T14:33:00-07:00,14
1783805640,2026-07-11T14:34:00-07:00,14
1783805700,2026-07-11T14:35:00-07:00,12
1783805760,2026-07-11T14:36:00-07:00,13
1783805820,2026-07-11T14:37:00-07:00,13
1783805880,2026-07-11T14:38:00-07:00,14
1783805940,2026-07-11T14:39:00-07:00,16
1783806000,2026-07-11T14:40:00-07:00,18
1783806060,2026-07-11T14:41:00-07:00,14
1783806120,2026-07-11T14:42:00-07:00,15
1783806180,2026-07-11T14:43:00-07:00,12
1783806240,2026-07-11T14:44:00-07:00,11
1783806300,2026-07-11T14:45:00-07:00,14
1783806360,2026-07-11T14:46:00-07:00,12
1783806420,2026-07-11T14:47:00-07:00,14
1783806480,2026-07-11T14:48:00-07:00,11
1783806540,2026-07-11T14:49:00-07:00,12
1783806600,2026-07-11T14:50:00-07:00,18
1783806660,2026-07-11T14:51:00-07:00,15
1783806720,2026-07-11T14:52:00-07:00,18
1783806780,2026-07-11T14:53:00-07:00,12
1783806840,2026-07-11T14:54:00-07:00,14
1783806900,2026-07-11T14:55:00-07:00,14
1783806960,2026-07-11T14:56:00-07:00,14
1783807020,2026-07-11T14:57:00-07:00,13
1783807080,2026-07-11T14:58:00-07:00,13
1783807140,2026-07-11T14:59:00-07:00,15
1783807200,2026-07-11T15:00:00-07:00,11
1783807260,2026-07-11T15:01:00-07:00,16
1783807320,2026-07-11T15:02:00-07:00,14
1783807380,2026-07-11T15:03:00-07:00,13
1783807440,2026-07-11T15:04:00-07:00,12
1783807500,2026-07-11T15:05:00-07:00,14
1783807560,2026-07-11T15:06:00-07:00,15
1783807620,2026-07-11T15:07:00-07:00,13
1783807680,2026-07-11T15:08:00-07:00,13
1783807740,2026-07-11T15:09:00-07:00,13
1783807800,2026-07-11T15:10:00-07:00,14
1783807860,2026-07-11T15:11:00-07:00,15
1783807920,2026-07-11T15:12:00-07:00,16
1783807980,2026-07-11T15:13:00-07:00,12
1783808040,2026-07-11T15:14:00-07:00,14
1783808100,2026-07-11T15:15:00-07:00,14
1783808160,2026-07-11T15:16:00-07:00,13
1783808220,2026-07-11T15:17:00-07:00,14
1783808280,2026-07-11T15:18:00-07:00,14
1783808340,2026-07-11T15:19:00-07:00,1
1783808400,2026-07-11T15:20:00-07:00,17
1783808460,2026-07-11T15:21:00-07:00,13
1783808520,2026-07-11T15:22:00-07:00,12
1783808580,2026-07-11T15:23:00-07:00,16
1783808640,2026-07-11T15:24:00-07:00,12
1783808700,2026-07-11T15:25:00-07:00,14
1783808760,2026-07-11T15:26:00-07:00,11
1783808820,2026-07-11T15:27:00-07:00,15
1783808880,2026-07-11T15:28:00-07:00,13
1783808940,2026-07-11T15:29:00-07:00,15
1783809000,2026-07-11T15:30:00-07:00,14
1783809060,2026-07-11T15:31:00-07:00,15
1783809120,2026-07-11T15:32:00-07:00,13
1783809180,2026-07-11T15:33:00-07:00,12
1783809240,2026-07-11T15:34:00-07:00,12
1783809300,2026-07-11T15:35:00-07:00,14
1783809360,2026-07-11T15:36:00-07:00,14
1783809420,2026-07-11T15:37:00-07:00,16
1783809480,2026-07-11T15:38:00-07:00,17
1783809540,2026-07-11T15:39:00-07:00,17
1783809600,2026-07-11T15:40:00-07:00,16
1783809660,2026-07-11T15:41:00-07:00,16
1783809720,2026-07-11T15:42:00-07:00,12
1783809780,2026-07-11T15:43:00-07:00,13
1783809840,2026-07-11T15:44:00-07:00,12
1783809900,2026-07-11T15:45:00-07:00,17
1783809960,2026-07-11T15:46:00-07:00,12
1783810020,2026-07-11T15:47:00-07:00,12
1783810080,2026-07-11T15:48:00-07:00,16
1783810140,2026-07-11T15:49:00-07:00,13
1783810200,2026-07-11T15:50:00-07:00,14
1783810260,2026-07-11T15:51:00-07:00,0
1783810320,2026-07-11T15:52:00-07:00,12
1783810380,2026-07-11T15:53:00-07:00,15
1783810440,2026-07-11T15:54:00-07:00,16
1783810500,2026-07-11T15:55:00-07:00,12
1783810560,2026-07-11T15:56:00-07:00,12
1783810620,2026-07-11T15:57:00-07:00,12
1783810680,2026-07-11T15:58:00-07:00,16
1783810740,2026-07-11T15:59:00-07:00,13
1783810800,2026-07-11T16:00:00-07:00,13
1783810860,2026-07-11T16:01:00-07:00,14
1783810920,2026-07-11T16:02:00-07:00,16
1783810980,2026-07-11T16:03:00-07:00,13
1783811040,2026-07-11T16:04:00-07:00,13
1783811100,2026-07-11T16:05:00-07:00,13
1783811160,2026-07-11T16:06:00-07:00,13
1783811220,2026-07-11T16:07:00-07:00,12
1783811280,2026-07-11T16:08:00-07:00,13
1783811340,2026-07-11T16:09:00-07:00,13
1783811400,2026-07-11T16:10:00-07:00,11
1783811460,2026-07-11T16:11:00-07:00,15
1783811520,2026-07-11T16:12:00-07:00,13
1783811580,2026-07-11T16:13:00-07:00,13
1783811640,2026-07-11T16:14:00-07:00,13
1783811700,2026-07-11T16:15:00-07:00,14
1783811760,2026-07-11T16:16:00-07:00,15
1783811820,2026-07-11T16:17:00-07:00,14
1783811880,2026-07-11T16:18:00-07:00,13
1783811940,2026-07-11T16:19:00-07:00,2
1783812000,2026-07-11T16:20:00-07:00,13
1783812060,2026-07-11T16:21:00-07:00,13
1783812120,2026-07-11T16:22:00-07:00,11
1783812180,2026-07-11T16:23:00-07:00,18
1783812240,2026-07-11T16:24:00-07:00,13
1783812300,2026-07-11T16:25:00-07:00,13
1783812360,2026-07-11T16:26:00-07:00,18
1783812420,2026-07-11T16:27:00-07:00,12
1783812480,2026-07-11T16:28:00-07:00,12
1783812540,2026-07-11T16:29:00-07:00,18
1783812600,2026-07-11T16:30:00-07:00,14
1783812660,2026-07-11T16:31:00-07:00,13
1783812720,2026-07-11T16:32:00-07:00,15
1783812780,2026-07-11T16:33:00-07:00,12
1783812840,2026-07-11T16:34:00-07:00,16
1783812900,2026-07-11T16:35:00-07:00,13
1783812960,2026-07-11T16:36:00-07:00,15
1783813020,2026-07-11T16:37:00-07:00,11
1783813080,2026-07-11T16:38:00-07:00,12
1783813140,2026-07-11T16:39:00-07:00,13
1783813200,2026-07-11T16:40:00-07:00,12
1783813260,2026-07-11T16:41:00-07:00,14
1783813320,2026-07-11T16:42:00-07:00,14
1783813380,2026-07-11T16:43:00-07:00,13
1783813440,2026-07-11T16:44:00-07:00,13
1783813500,2026-07-11T16:45:00-07:00,13
1783813560,2026-07-11T16:46:00-07:00,13
1783813620,2026-07-11T16:47:00-07:00,12
1783813680,2026-07-11T16:48:00-07:00,12
1783813740,2026-07-11T16:49:00-07:00,13
1783813800,2026-07-11T16:50:00-07:00,11
1783813860,2026-07-11T16:51:00-07:00,13
1783813920,2026-07-11T16:52:00-07:00,12
1783813980,2026-07-11T16:53:00-07:00,14
1783814040,2026-07-11T16:54:00-07:00,14
1783814100,2026-07-11T16:55:00-07:00,13
1783814160,2026-07-11T16:56:00-07:00,12
1783814220,2026-07-11T16:57:00-07:00,13
1783814280,2026-07-11T16:58:00-07:00,0
1783814340,2026-07-11T16:59:00-07:00,13
1783814400,2026-07-11T17:00:00-07:00,14
1783814460,2026-07-11T17:01:00-07:00,10
1783814520,2026-07-11T17:02:00-07:00,15
1783814580,2026-07-11T17:03:00-07:00,12
1783814640,2026-07-11T17:04:00-07:00,12
1783814700,2026-07-11T17:05:00-07:00,12
1783814760,2026-07-11T17:06:00-07:00,12
1783814820,2026-07-11T17:07:00-07:00,13
1783814880,2026-07-11T17:08:00-07:00,12
1783814940,2026-07-11T17:09:00-07:00,12
1783815000,2026-07-11T17:10:00-07:00,13
1783815060,2026-07-11T17:11:00-07:00,15
1783815120,2026-07-11T17:12:00-07:00,14
1783815180,2026-07-11T17:13:00-07:00,13
1783815240,2026-07-11T17:14:00-07:00,15
1783815300,2026-07-11T17:15:00-07:00,14
1783815360,2026-07-11T17:16:00-07:00,14
1783815420,2026-07-11T17:17:00-07:00,16
1783815480,2026-07-11T17:18:00-07:00,1
1783815540,2026-07-11T17:19:00-07:00,13
1783815600,2026-07-11T17:20:00-07:00,13
1783815660,2026-07-11T17:21:00-07:00,13
1783815720,2026-07-11T17:22:00-07:00,13
1783815780,2026-07-11T17:23:00-07:00,10
1783815840,2026-07-11T17:24:00-07:00,12
1783815900,2026-07-11T17:25:00-07:00,14
1783815960,2026-07-11T17:26:00-07:00,14
1783816020,2026-07-11T17:27:00-07:00,13
1783816080,2026-07-11T17:28:00-07:00,12
1783816140,2026-07-11T17:29:00-07:00,13
1783816200,2026-07-11T17:30:00-07:00,12
1783816260,2026-07-11T17:31:00-07:00,12
1783816320,2026-07-11T17:32:00-07:00,13
1783816380,2026-07-11T17:33:00-07:00,12
1783816440,2026-07-11T17:34:00-07:00,12
1783816500,2026-07-11T17:35:00-07:00,14
1783816560,2026-07-11T17:36:00-07:00,14
1783816620,2026-07-11T17:37:00-07:00,14
1783816680,2026-07-11T17:38:00-07:00,16
1783816740,2026-07-11T17:39:00-07:00,16
1783816800,2026-07-11T17:40:00-07:00,13
1783816860,2026-07-11T17:41:00-07:00,13
1783816920,2026-07-11T17:42:00-07:00,15
1783816980,2026-07-11T17:43:00-07:00,15
1783817040,2026-07-11T17:44:00-07:00,13
1783817100,2026-07-11T17:45:00-07:00,15
1783817160,2026-07-11T17:46:00-07:00,14
1783817220,2026-07-11T17:47:00-07:00,14
1783817280,2026-07-11T17:48:00-07:00,12
1783817340,2026-07-11T17:49:00-07:00,14
1783817400,2026-07-11T17:50:00-07:00,16
1783817460,2026-07-11T17:51:00-07:00,13
1783817520,2026-07-11T17:52:00-07:00,12
1783817580,2026-07-11T17:53:00-07:00,13
1783817640,2026-07-11T17:54:00-07:00,13
1783817700,2026-07-11T17:55:00-07:00,11
1783817760,2026-07-11T17:56:00-07:00,16
1783817820,2026-07-11T17:57:00-07:00,14
1783817880,2026-07-11T17:58:00-07:00,14
1783817940,2026-07-11T17:59:00-07:00,13
1783818000,2026-07-11T18:00:00-07:00,12
1783818060,2026-07-11T18:01:00-07:00,15
1783818120,2026-07-11T18:02:00-07:00,13
1783818180,2026-07-11T18:03:00-07:00,12
1783818240,2026-07-11T18:04:00-07:00,16
1783818300,2026-07-11T18:05:00-07:00,13
1783818360,2026-07-11T18:06:00-07:00,17
1783818420,2026-07-11T18:07:00-07:00,12
1783818480,2026-07-11T18:08:00-07:00,11
1783818540,2026-07-11T18:09:00-07:00,14
1783818600,2026-07-11T18:10:00-07:00,13
1783818660,2026-07-11T18:11:00-07:00,15
1783818720,2026-07-11T18:12:00-07:00,14
1783818780,2026-07-11T18:13:00-07:00,12
1783818840,2026-07-11T18:14:00-07:00,-2
1783818900,2026-07-11T18:15:00-07:00,12
1783818960,2026-07-11T18:16:00-07:00,13
1783819020,2026-07-11T18:17:00-07:00,11
1783819080,2026-07-11T18:18:00-07:00,12
1783819140,2026-07-11T18:19:00-07:00,13
1783819200,2026-07-11T18:20:00-07:00,12
1783819260,2026-07-11T18:21:00-07:00,14
1783819320,2026-07-11T18:22:00-07:00,15
1783819380,2026-07-11T18:23:00-07:00,2
1783819440,2026-07-11T18:24:00-07:00,13
1783819500,2026-07-11T18:25:00-07:00,12
1783819560,2026-07-11T18:26:00-07:00,16
1783819620,2026-07-11T18:27:00-07:00,14
1783819680,2026-07-11T18:28:00-07:00,12
1783819740,2026-07-11T18:29:00-07:00,11
1783819800,2026-07-11T18:30:00-07:00,13
1783819860,2026-07-11T18:31:00-07:00,11
1783819920,2026-07-11T18:32:00-07:00,15
1783819980,2026-07-11T18:33:00-07:00,12
1783820040,2026-07-11T18:34:00-07:00,12
1783820100,2026-07-11T18:35:00-07:00,13
1783820160,2026-07-11T18:36:00-07:00,12
1783820220,2026-07-11T18:37:00-07:00,13
1783820280,2026-07-11T18:38:00-07:00,14
1783820340,2026-07-11T18:39:00-07:00,-4
1783820400,2026-07-11T18:40:00-07:00,14
1783820460,2026-07-11T18:41:00-07:00,14
1783820520,2026-07-11T18:42:00-07:00,13
1783820580,2026-07-11T18:43:00-07:00,13
1783820640,2026-07-11T18:44:00-07:00,14
1783820700,2026-07-11T18:45:00-07:00,15
1783820760,2026-07-11T18:46:00-07:00,17
1783820820,2026-07-11T18:47:00-07:00,11
1783820880,2026-07-11T18:48:00-07:00,13
1783820940,2026-07-11T18:49:00-07:00,12
1783821000,2026-07-11T18:50:00-07:00,14
1783821060,2026-07-11T18:51:00-07:00,13
1783821120,2026-07-11T18:52:00-07:00,13
1783821180,2026-07-11T18:53:00-07:00,16
1783821240,2026-07-11T18:54:00-07:00,13
1783821300,2026-07-11T18:55:00-07:00,13
1783821360,2026-07-11T18:56:00-07:00,11
1783821420,2026-07-11T18:57:00-07:00,13
1783821480,2026-07-11T18:58:00-07:00,12
1783821540,2026-07-11T18:59:00-07:00,13
1783821600,2026-07-11T19:00:00-07:00,12
1783821660,2026-07-11T19:01:00-07:00,17
1783821720,2026-07-11T19:02:00-07:00,17
1783821780,2026-07-11T19:03:00-07:00,14
1783821840,2026-07-11T19:04:00-07:00,13
1783821900,2026-07-11T19:05:00-07:00,13
1783821960,2026-07-11T19:06:00-07:00,12
1783822020,2026-07-11T19:07:00-07:00,18
1783822080,2026-07-11T19:08:00-07:00,18
1783822140,2026-07-11T19:09:00-07:00,13
1783822200,2026-07-11T19:10:00-07:00,13
1783822260,2026-07-11T19:11:00-07:00,12
1783822320,2026-07-11T19:12:00-07:00,13
1783822380,2026-07-11T19:13:00-07:00,12
1783822440,2026-07-11T19:14:00-07:00,13
1783822500,2026-07-11T19:15:00-07:00,13
1783822560,2026-07-11T19:16:00-07:00,11
1783822620,2026-07-11T19:17:00-07:00,12
1783822680,2026-07-11T19:18:00-07:00,13
1783822740,2026-07-11T19:19:00-07:00,11
1783822800,2026-07-11T19:20:00-07:00,16
1783822860,2026-07-11T19:21:00-07:00,12
1783822920,2026-07-11T19:22:00-07:00,12
1783822980,2026-07-11T19:23:00-07:00,-3
1783823040,2026-07-11T19:24:00-07:00,12
1783823100,2026-07-11T19:25:00-07:00,14
1783823160,2026-07-11T19:26:00-07:00,12
1783823220,2026-07-11T19:27:00-07:00,12
1783823280,2026-07-11T19:28:00-07:00,13
1783823340,2026-07-11T19:29:00-07:00,10
1783823400,2026-07-11T19:30:00-07:00,15
1783823460,2026-07-11T19:31:00-07:00,12
1783823520,2026-07-11T19:32:00-07:00,11
1783823580,2026-07-11T19:33:00-07:00,11
1783823640,2026-07-11T19:34:00-07:00,11
1783823700,2026-07-11T19:35:00-07:00,13
1783823760,2026-07-11T19:36:00-07:00,12
1783823820,2026-07-11T19:37:00-07:00,13
1783823880,2026-07-11T19:38:00-07:00,12
1783823940,2026-07-11T19:39:00-07:00,14
1783824000,2026-07-11T19:40:00-07:00,13
1783824060,2026-07-11T19:41:00-07:00,12
1783824120,2026-07-11T19:42:00-07:00,-1
1783824180,2026-07-11T19:43:00-07:00,2
1783824240,2026-07-11T19:44:00-07:00,12
1783824300,2026-07-11T19:45:00-07:00,12
1783824360,2026-07-11T19:46:00-07:00,18
1783824420,2026-07-11T19:47:00-07:00,13
1783824480,2026-07-11T19:48:00-07:00,13
1783824540,2026-07-11T19:49:00-07:00,12
1783824600,2026-07-11T19:50:00-07:00,13
1783824660,2026-07-11T19:51:00-07:00,15
1783824720,2026-07-11T19:52:00-07:00,12
1783824780,2026-07-11T19:53:00-07:00,13
1783824840,2026-07-11T19:54:00-07:00,13
1783824900,2026-07-11T19:55:00-07:00,12
1783824960,2026-07-11T19:56:00-07:00,13
1783825020,2026-07-11T19:57:00-07:00,16
1783825080,2026-07-11T19:58:00-07:00,13
1783825140,2026-07-11T19:59:00-07:00,12
1783825200,2026-07-11T20:00:00-07:00,14
1783825260,2026-07-11T20:01:00-07:00,12
1783825320,2026-07-11T20:02:00-07:00,11
1783825380,2026-07-11T20:03:00-07:00,13
1783825440,2026-07-11T20:04:00-07:00,13
1783825500,2026-07-11T20:05:00-07:00,12
1783825560,2026-07-11T20:06:00-07:00,13
1783825620,2026-07-11T20:07:00-07:00,11
1783825680,2026-07-11T20:08:00-07:00,13
1783825740,2026-07-11T20:09:00-07:00,15
1783825800,2026-07-11T20:10:00-07:00,18
1783825860,2026-07-11T20:11:00-07:00,15
1783825920,2026-07-11T20:12:00-07:00,12
1783825980,2026-07-11T20:13:00-07:00,12
1783826040,2026-07-11T20:14:00-07:00,14
1783826100,2026-07-11T20:15:00-07:00,12
1783826160,2026-07-11T20:16:00-07:00,13
1783826220,2026-07-11T20:17:00-07:00,16
1783826280,2026-07-11T20:18:00-07:00,11
1783826340,2026-07-11T20:19:00-07:00,15
1783826400,2026-07-11T20:20:00-07:00,13
1783826460,2026-07-11T20:21:00-07:00,13
1783826520,2026-07-11T20:22:00-07:00,13
1783826580,2026-07-11T20:23:00-07:00,12
1783826640,2026-07-11T20:24:00-07:00,14
1783826700,2026-07-11T20:25:00-07:00,12
1783826760,2026-07-11T20:26:00-07:00,15
1783826820,2026-07-11T20:27:00-07:00,18
1783826880,2026-07-11T20:28:00-07:00,12
1783826940,2026-07-11T20:29:00-07:00,10
1783827000,2026-07-11T20:30:00-07:00,17
1783827060,2026-07-11T20:31:00-07:00,18
1783827120,2026-07-11T20:32:00-07:00,17
1783827180,2026-07-11T20:33:00-07:00,1
1783827240,2026-07-11T20:34:00-07:00,14
1783827300,2026-07-11T20:35:00-07:00,13
1783827360,2026-07-11T20:36:00-07:00,18
1783827420,2026-07-11T20:37:00-07:00,18
1783827480,2026-07-11T20:38:00-07:00,18
1783827540,2026-07-11T20:39:00-07:00,13
1783827600,2026-07-11T20:40:00-07:00,11
1783827660,2026-07-11T20:41:00-07:00,15
1783827720,2026-07-11T20:42:00-07:00,13
1783827780,2026-07-11T20:43:00-07:00,15
1783827840,2026-07-11T20:44:00-07:00,13
1783827900,2026-07-11T20:45:00-07:00,11
1783827960,2026-07-11T20:46:00-07:00,14
1783828020,2026-07-11T20:47:00-07:00,15
1783828080,2026-07-11T20:48:00-07:00,11
1783828140,2026-07-11T20:49:00-07:00,11
1783828200,2026-07-11T20:50:00-07:00,11
1783828260,2026-07-11T20:51:00-07:00,18
1783828320,2026-07-11T20:52:00-07:00,17
1783828380,2026-07-11T20:53:00-07:00,0
1783828440,2026-07-11T20:54:00-07:00,16
1783828500,2026-07-11T20:55:00-07:00,16
1783828560,2026-07-11T20:56:00-07:00,11
1783828620,2026-07-11T20:57:00-07:00,16
1783828680,2026-07-11T20:58:00-07:00,14
1783828740,2026-07-11T20:59:00-07:00,13
1783828800,2026-07-11T21:00:00-07:00,17
1783828860,2026-07-11T21:01:00-07:00,14
1783828920,2026-07-11T21:02:00-07:00,13
1783828980,2026-07-11T21:03:00-07:00,13
1783829040,2026-07-11T21:04:00-07:00,14
1783829100,2026-07-11T21:05:00-07:00,11
1783829160,2026-07-11T21:06:00-07:00,14
1783829220,2026-07-11T21:07:00-07:00,16
1783829280,2026-07-11T21:08:00-07:00,11
1783829340,2026-07-11T21:09:00-07:00,17
1783829400,2026-07-11T21:10:00-07:00,15
1783829460,2026-07-11T21:11:00-07:00,14
1783829520,2026-07-11T21:12:00-07:00,14
1783829580,2026-07-11T21:13:00-07:00,16
1783829640,2026-07-11T21:14:00-07:00,17
1783829700,2026-07-11T21:15:00-07:00,16
1783829760,2026-07-11T21:16:00-07:00,12
1783829820,2026-07-11T21:17:00-07:00,13
1783829880,2026-07-11T21:18:00-07:00,14
1783829940,2026-07-11T21:19:00-07:00,12
1783830000,2026-07-11T21:20:00-07:00,17
1783830060,2026-07-11T21:21:00-07:00,13
1783830120,2026-07-11T21:22:00-07:00,13
1783830180,2026-07-11T21:23:00-07:00,14
1783830240,2026-07-11T21:24:00-07:00,12
1783830300,2026-07-11T21:25:00-07:00,13
1783830360,2026-07-11T21:26:00-07:00,12
1783830420,2026-07-11T21:27:00-07:00,14
1783830480,2026-07-11T21:28:00-07:00,14
1783830540,2026-07-11T21:29:00-07:00,13
1783830600,2026-07-11T21:30:00-07:00,12
1783830660,2026-07-11T21:31:00-07:00,16
1783830720,2026-07-11T21:32:00-07:00,13
1783830780,2026-07-11T21:33:00-07:00,14
1783830840,2026-07-11T21:34:00-07:00,14
1783830900,2026-07-11T21:35:00-07:00,13
1783830960,2026-07-11T21:36:00-07:00,18
1783831020,2026-07-11T21:37:00-07:00,14
1783831080,2026-07-11T21:38:00-07:00,12
1783831140,2026-07-11T21:39:00-07:00,14
1783831200,2026-07-11T21:40:00-07:00,15
1783831260,2026-07-11T21:41:00-07:00,11
1783831320,2026-07-11T21:42:00-07:00,13
1783831380,2026-07-11T21:43:00-07:00,12
1783831440,2026-07-11T21:44:00-07:00,13
1783831500,2026-07-11T21:45:00-07:00,18
1783831560,2026-07-11T21:46:00-07:00,13
1783831620,2026-07-11T21:47:00-07:00,12
1783831680,2026-07-11T21:48:00-07:00,14
1783831740,2026-07-11T21:49:00-07:00,17
1783831800,2026-07-11T21:50:00-07:00,13
1783831860,2026-07-11T21:51:00-07:00,15
1783831920,2026-07-11T21:52:00-07:00,15
1783831980,2026-07-11T21:53:00-07:00,13
1783832040,2026-07-11T21:54:00-07:00,14
1783832100,2026-07-11T21:55:00-07:00,15
1783832160,2026-07-11T21:56:00-07:00,12
1783832220,2026-07-11T21:57:00-07:00,15
1783832280,2026-07-11T21:58:00-07:00,12
1783832340,2026-07-11T21:59:00-07:00,10
1783832400,2026-07-11T22:00:00-07:00,12
1783832460,2026-07-11T22:01:00-07:00,12
1783832520,2026-07-11T22:02:00-07:00,14
1783832580,2026-07-11T22:03:00-07:00,12
1783832640,2026-07-11T22:04:00-07:00,15
1783832700,2026-07-11T22:05:00-07:00,14
1783832760,2026-07-11T22:06:00-07:00,14
1783832820,2026-07-11T22:07:00-07:00,17
1783832880,2026-07-11T22:08:00-07:00,13
1783832940,2026-07-11T22:09:00-07:00,15
1783833000,2026-07-11T22:10:00-07:00,13
1783833060,2026-07-11T22:11:00-07:00,14
1783833120,2026-07-11T22:12:00-07:00,13
1783833180,2026-07-11T22:13:00-07:00,13
1783833240,2026-07-11T22:14:00-07:00,13
1783833300,2026-07-11T22:15:00-07:00,-1
1783833360,2026-07-11T22:16:00-07:00,14
1783833420,2026-07-11T22:17:00-07:00,13
1783833480,2026-07-11T22:18:00-07:00,14
1783833540,2026-07-11T22:19:00-07:00,-5
1783833600,2026-07-11T22:20:00-07:00,13
1783833660,2026-07-11T22:21:00-07:00,14
1783833720,2026-07-11T22:22:00-07:00,12
1783833780,2026-07-11T22:23:00-07:00,13
1783833840,2026-07-11T22:24:00-07:00,18
1783833900,2026-07-11T22:25:00-07:00,12
1783833960,2026-07-11T22:26:00-07:00,15
1783834020,2026-07-11T22:27:00-07:00,14
1783834080,2026-07-11T22:28:00-07:00,18
1783834140,2026-07-11T22:29:00-07:00,13
1783834200,2026-07-11T22:30:00-07:00,13
1783834260,2026-07-11T22:31:00-07:00,13
1783834320,2026-07-11T22:32:00-07:00,11
1783834380,2026-07-11T22:33:00-07:00,13
1783834440,2026-07-11T22:34:00-07:00,13
1783834500,2026-07-11T22:35:00-07:00,14
1783834560,2026-07-11T22:36:00-07:00,15
1783834620,2026-07-11T22:37:00-07:00,12
1783834680,2026-07-11T22:38:00-07:00,13
1783834740,2026-07-11T22:39:00-07:00,0
1783834800,2026-07-11T22:40:00-07:00,13
1783834860,2026-07-11T22:41:00-07:00,15
1783834920,2026-07-11T22:42:00-07:00,12
1783834980,2026-07-11T22:43:00-07:00,13
1783835040,2026-07-11T22:44:00-07:00,12
1783835100,2026-07-11T22:45:00-07:00,14
1783835160,2026-07-11T22:46:00-07:00,13
1783835220,2026-07-11T22:47:00-07:00,13
1783835280,2026-07-11T22:48:00-07:00,17
1783835340,2026-07-11T22:49:00-07:00,12
1783835400,2026-07-11T22:50:00-07:00,-6
1783835460,2026-07-11T22:51:00-07:00,12
1783835520,2026-07-11T22:52:00-07:00,14
1783835580,2026-07-11T22:53:00-07:00,14
1783835640,2026-07-11T22:54:00-07:00,13
1783835700,2026-07-11T22:55:00-07:00,16
1783835760,2026-07-11T22:56:00-07:00,18
1783835820,2026-07-11T22:57:00-07:00,13
1783835880,2026-07-11T22:58:00-07:00,-1
1783835940,2026-07-11T22:59:00-07:00,17
1783836000,2026-07-11T23:00:00-07:00,12
1783836060,2026-07-11T23:01:00-07:00,11
1783836120,2026-07-11T23:02:00-07:00,14
1783836180,2026-07-11T23:03:00-07:00,12
1783836240,2026-07-11T23:04:00-07:00,14
1783836300,2026-07-11T23:05:00-07:00,12
1783836360,2026-07-11T23:06:00-07:00,13
1783836420,2026-07-11T23:07:00-07:00,15
1783836480,2026-07-11T23:08:00-07:00,16
1783836540,2026-07-11T23:09:00-07:00,12
1783836600,2026-07-11T23:10:00-07:00,14
1783836660,2026-07-11T23:11:00-07:00,-3
1783836720,2026-07-11T23:12:00-07:00,13
1783836780,2026-07-11T23:13:00-07:00,13
1783836840,2026-07-11T23:14:00-07:00,14
1783836900,2026-07-11T23:15:00-07:00,14
1783836960,2026-07-11T23:16:00-07:00,12
1783837020,2026-07-11T23:17:00-07:00,15
1783837080,2026-07-11T23:18:00-07:00,12
1783837140,2026-07-11T23:19:00-07:00,12
1783837200,2026-07-11T23:20:00-07:00,13
1783837260,2026-07-11T23:21:00-07:00,12
1783837320,2026-07-11T23:22:00-07:00,13
1783837380,2026-07-11T23:23:00-07:00,13
1783837440,2026-07-11T23:24:00-07:00,17
1783837500,2026-07-11T23:25:00-07:00,12
1783837560,2026-07-11T23:26:00-07:00,16
1783837620,2026-07-11T23:27:00-07:00,13
1783837680,2026-07-11T23:28:00-07:00,13
1783837740,2026-07-11T23:29:00-07:00,13
1783837800,2026-07-11T23:30:00-07:00,15
1783837860,2026-07-11T23:31:00-07:00,14
1783837920,2026-07-11T23:32:00-07:00,12
1783837980,2026-07-11T23:33:00-07:00,12
1783838040,2026-07-11T23:34:00-07:00,15
1783838100,2026-07-11T23:35:00-07:00,13
1783838160,2026-07-11T23:36:00-07:00,0
1783838220,2026-07-11T23:37:00-07:00,-1
1783838280,2026-07-11T23:38:00-07:00,14
1783838340,2026-07-11T23:39:00-07:00,15
1783838400,2026-07-11T23:40:00-07:00,12
1783838460,2026-07-11T23:41:00-07:00,12
1783838520,2026-07-11T23:42:00-07:00,17
1783838580,2026-07-11T23:43:00-07:00,12
1783838640,2026-07-11T23:44:00-07:00,13
1783838700,2026-07-11T23:45:00-07:00,14
1783838760,2026-07-11T23:46:00-07:00,15
1783838820,2026-07-11T23:47:00-07:00,13
1783838880,2026-07-11T23:48:00-07:00,14
1783838940,2026-07-11T23:49:00-07:00,14
1783839000,2026-07-11T23:50:00-07:00,13
1783839060,2026-07-11T23:51:00-07:00,18
1783839120,2026-07-11T23:52:00-07:00,17
1783839180,2026-07-11T23:53:00-07:00,14
1783839240,2026-07-11T23:54:00-07:00,13
1783839300,2026-07-11T23:55:00-07:00,15
1783839360,2026-07-11T23:56:00-07:00,12
1783839420,2026-07-11T23:57:00-07:00,13
1783839480,2026-07-11T23:58:00-07:00,15
1783839540,2026-07-11T23:59:00-07:00,13
1783839600,2026-07-12T00:00:00-07:00,14
1783839660,2026-07-12T00:01:00-07:00,15
1783839720,2026-07-12T00:02:00-07:00,13
1783839780,2026-07-12T00:03:00-07:00,11
1783839840,2026-07-12T00:04:00-07:00,16
1783839900,2026-07-12T00:05:00-07:00,14
1783839960,2026-07-12T00:06:00-07:00,15
1783840020,2026-07-12T00:07:00-07:00,14
1783840080,2026-07-12T00:08:00-07:00,16
1783840140,2026-07-12T00:09:00-07:00,14
1783840200,2026-07-12T00:10:00-07:00,17
1783840260,2026-07-12T00:11:00-07:00,15
1783840320,2026-07-12T00:12:00-07:00,12
1783840380,2026-07-12T00:13:00-07:00,14
1783840440,2026-07-12T00:14:00-07:00,14
1783840500,2026-07-12T00:15:00-07:00,13
1783840560,2026-07-12T00:16:00-07:00,12
1783840620,2026-07-12T00:17:00-07:00,14
1783840680,2026-07-12T00:18:00-07:00,14
1783840740,2026-07-12T00:19:00-07:00,14
1783840800,2026-07-12T00:20:00-07:00,13
1783840860,2026-07-12T00:21:00-07:00,16
1783840920,2026-07-12T00:22:00-07:00,14
1783840980,2026-07-12T00:23:00-07:00,13
1783841040,2026-07-12T00:24:00-07:00,-3
1783841100,2026-07-12T00:25:00-07:00,13
1783841160,2026-07-12T00:26:00-07:00,16
1783841220,2026-07-12T00:27:00-07:00,13
1783841280,2026-07-12T00:28:00-07:00,13
1783841340,2026-07-12T00:29:00-07:00,14
1783841400,2026-07-12T00:30:00-07:00,14
1783841460,2026-07-12T00:31:00-07:00,13
1783841520,2026-07-12T00:32:00-07:00,12
1783841580,2026-07-12T00:33:00-07:00,13
1783841640,2026-07-12T00:34:00-07:00,15
1783841700,2026-07-12T00:35:00-07:00,15
1783841760,2026-07-12T00:36:00-07:00,12
1783841820,2026-07-12T00:37:00-07:00,16
1783841880,2026-07-12T00:38:00-07:00,12
1783841940,2026-07-12T00:39:00-07:00,15
1783842000,2026-07-12T00:40:00-07:00,18
1783842060,2026-07-12T00:41:00-07:00,14
1783842120,2026-07-12T00:42:00-07:00,13
1783842180,2026-07-12T00:43:00-07:00,12
1783842240,2026-07-12T00:44:00-07:00,13
1783842300,2026-07-12T00:45:00-07:00,14
1783842360,2026-07-12T00:46:00-07:00,13
1783842420,2026-07-12T00:47:00-07:00,14
1783842480,2026-07-12T00:48:00-07:00,15
1783842540,2026-07-12T00:49:00-07:00,15
1783842600,2026-07-12T00:50:00-07:00,15
1783842660,2026-07-12T00:51:00-07:00,13
1783842720,2026-07-12T00:52:00-07:00,13
1783842780,2026-07-12T00:53:00-07:00,-4
1783842840,2026-07-12T00:54:00-07:00,14
1783842900,2026-07-12T00:55:00-07:00,14
1783842960,2026-07-12T00:56:00-07:00,14
1783843020,2026-07-12T00:57:00-07:00,13
1783843080,2026-07-12T00:58:00-07:00,15
1783843140,2026-07-12T00:59:00-07:00,13
1783843200,2026-07-12T01:00:00-07:00,13
1783843260,2026-07-12T01:01:00-07:00,13
1783843320,2026-07-12T01:02:00-07:00,14
1783843380,2026-07-12T01:03:00-07:00,14
1783843440,2026-07-12T01:04:00-07:00,14
1783843500,2026-07-12T01:05:00-07:00,16
1783843560,2026-07-12T01:06:00-07:00,16
1783843620,2026-07-12T01:07:00-07:00,12
1783843680,2026-07-12T01:08:00-07:00,13
1783843740,2026-07-12T01:09:00-07:00,13
1783843800,2026-07-12T01:10:00-07:00,13
1783843860,2026-07-12T01:11:00-07:00,14
1783843920,2026-07-12T01:12:00-07:00,18
1783843980,2026-07-12T01:13:00-07:00,14
1783844040,2026-07-12T01:14:00-07:00,13
1783844100,2026-07-12T01:15:00-07:00,16
1783844160,2026-07-12T01:16:00-07:00,13
1783844220,2026-07-12T01:17:00-07:00,15
1783844280,2026-07-12T01:18:00-07:00,15
1783844340,2026-07-12T01:19:00-07:00,11
1783844400,2026-07-12T01:20:00-07:00,15
1783844460,2026-07-12T01:21:00-07:00,13
1783844520,2026-07-12T01:22:00-07:00,12
1783844580,2026-07-12T01:23:00-07:00,-6
1783844640,2026-07-12T01:24:00-07:00,14
1783844700,2026-07-12T01:25:00-07:00,14
1783844760,2026-07-12T01:26:00-07:00,14
1783844820,2026-07-12T01:27:00-07:00,13
1783844880,2026-07-12T01:28:00-07:00,13
1783844940,2026-07-12T01:29:00-07:00,14
1783845000,2026-07-12T01:30:00-07:00,13
1783845060,2026-07-12T01:31:00-07:00,14
1783845120,2026-07-12T01:32:00-07:00,-3
1783845180,2026-07-12T01:33:00-07:00,12
1783845240,2026-07-12T01:34:00-07:00,15
1783845300,2026-07-12T01:35:00-07:00,13
1783845360,2026-07-12T01:36:00-07:00,13
1783845420,2026-07-12T01:37:00-07:00,12
1783845480,2026-07-12T01:38:00-07:00,13
1783845540,2026-07-12T01:39:00-07:00,13
1783845600,2026-07-12T01:40:00-07:00,12
1783845660,2026-07-12T01:41:00-07:00,13
1783845720,2026-07-12T01:42:00-07:00,14
1783845780,2026-07-12T01:43:00-07:00,14
1783845840,2026-07-12T01:44:00-07:00,13
1783845900,2026-07-12T01:45:00-07:00,13
1783845960,2026-07-12T01:46:00-07:00,14
1783846020,2026-07-12T01:47:00-07:00,13
1783846080,2026-07-12T01:48:00-07:00,14
1783846140,2026-07-12T01:49:00-07:00,13
1783846200,2026-07-12T01:50:00-07:00,13
1783846260,2026-07-12T01:51:00-07:00,15
1783846320,2026-07-12T01:52:00-07:00,14
1783846380,2026-07-12T01:53:00-07:00,14
1783846440,2026-07-12T01:54:00-07:00,13
1783846500,2026-07-12T01:55:00-07:00,13
1783846560,2026-07-12T01:56:00-07:00,15
1783846620,2026-07-12T01:57:00-07:00,15
1783846680,2026-07-12T01:58:00-07:00,14
1783846740,2026-07-12T01:59:00-07:00,14
1783846800,2026-07-12T02:00:00-07:00,13
1783846860,2026-07-12T02:01:00-07:00,14
1783846920,2026-07-12T02:02:00-07:00,14
1783846980,2026-07-12T02:03:00-07:00,14
1783847040,2026-07-12T02:04:00-07:00,15
1783847100,2026-07-12T02:05:00-07:00,17
1783847160,2026-07-12T02:06:00-07:00,14
1783847220,2026-07-12T02:07:00-07:00,14
1783847280,2026-07-12T02:08:00-07:00,16
1783847340,2026-07-12T02:09:00-07:00,15
1783847400,2026-07-12T02:10:00-07:00,13
1783847460,2026-07-12T02:11:00-07:00,13
1783847520,2026-07-12T02:12:00-07:00,13
1783847580,2026-07-12T02:13:00-07:00,13
1783847640,2026-07-12T02:14:00-07:00,16
1783847700,2026-07-12T02:15:00-07:00,13
1783847760,2026-07-12T02:16:00-07:00,16
1783847820,2026-07-12T02:17:00-07:00,15
1783847880,2026-07-12T02:18:00-07:00,14
1783847940,2026-07-12T02:19:00-07:00,15
1783848000,2026-07-12T02:20:00-07:00,13
1783848060,2026-07-12T02:21:00-07:00,14
1783848120,2026-07-12T02:22:00-07:00,16
1783848180,2026-07-12T02:23:00-07:00,13
1783848240,2026-07-12T02:24:00-07:00,11
1783848300,2026-07-12T02:25:00-07:00,13
1783848360,2026-07-12T02:26:00-07:00,14
1783848420,2026-07-12T02:27:00-07:00,14
1783848480,2026-07-12T02:28:00-07:00,12
1783848540,2026-07-12T02:29:00-07:00,14
1783848600,2026-07-12T02:30:00-07:00,13
1783848660,2026-07-12T02:31:00-07:00,13
1783848720,2026-07-12T02:32:00-07:00,14
1783848780,2026-07-12T02:33:00-07:00,15
1783848840,2026-07-12T02:34:00-07:00,13
1783848900,2026-07-12T02:35:00-07:00,13
1783848960,2026-07-12T02:36:00-07:00,12
1783849020,2026-07-12T02:37:00-07:00,12
1783849080,2026-07-12T02:38:00-07:00,11
1783849140,2026-07-12T02:39:00-07:00,13
1783849200,2026-07-12T02:40:00-07:00,12
1783849260,2026-07-12T02:41:00-07:00,14
1783849320,2026-07-12T02:42:00-07:00,14
1783849380,2026-07-12T02:43:00-07:00,13
1783849440,2026-07-12T02:44:00-07:00,13
1783849500,2026-07-12T02:45:00-07:00,14
1783849560,2026-07-12T02:46:00-07:00,13
1783849620,2026-07-12T02:47:00-07:00,15
1783849680,2026-07-12T02:48:00-07:00,14
1783849740,2026-07-12T02:49:00-07:00,14
1783849800,2026-07-12T02:50:00-07:00,-6
1783849860,2026-07-12T02:51:00-07:00,13
1783849920,2026-07-12T02:52:00-07:00,13
1783849980,2026-07-12T02:53:00-07:00,13
1783850040,2026-07-12T02:54:00-07:00,16
1783850100,2026-07-12T02:55:00-07:00,14
1783850160,2026-07-12T02:56:00-07:00,14
1783850220,2026-07-12T02:57:00-07:00,13
1783850280,2026-07-12T02:58:00-07:00,12
1783850340,2026-07-12T02:59:00-07:00,14
1783850400,2026-07-12T03:00:00-07:00,14
1783850460,2026-07-12T03:01:00-07:00,13
1783850520,2026-07-12T03:02:00-07:00,13
1783850580,2026-07-12T03:03:00-07:00,13
1783850640,2026-07-12T03:04:00-07:00,16
1783850700,2026-07-12T03:05:00-07:00,12
1783850760,2026-07-12T03:06:00-07:00,14
1783850820,2026-07-12T03:07:00-07:00,14
1783850880,2026-07-12T03:08:00-07:00,12
1783850940,2026-07-12T03:09:00-07:00,13
1783851000,2026-07-12T03:10:00-07:00,13
1783851060,2026-07-12T03:11:00-07:00,12
1783851120,2026-07-12T03:12:00-07:00,12
1783851180,2026-07-12T03:13:00-07:00,12
1783851240,2026-07-12T03:14:00-07:00,16
1783851300,2026-07-12T03:15:00-07:00,12
1783851360,2026-07-12T03:16:00-07:00,14
1783851420,2026-07-12T03:17:00-07:00,13
1783851480,2026-07-12T03:18:00-07:00,13
1783851540,2026-07-12T03:19:00-07:00,-6
1783851600,2026-07-12T03:20:00-07:00,13
1783851660,2026-07-12T03:21:00-07:00,14
1783851720,2026-07-12T03:22:00-07:00,13
1783851780,2026-07-12T03:23:00-07:00,15
1783851840,2026-07-12T03:24:00-07:00,13
1783851900,2026-07-12T03:25:00-07:00,12
1783851960,2026-07-12T03:26:00-07:00,16
1783852020,2026-07-12T03:27:00-07:00,14
1783852080,2026-07-12T03:28:00-07:00,12
1783852140,2026-07-12T03:29:00-07:00,12
1783852200,2026-07-12T03:30:00-07:00,14
1783852260,2026-07-12T03:31:00-07:00,13
1783852320,2026-07-12T03:32:00-07:00,15
1783852380,2026-07-12T03:33:00-07:00,12
1783852440,2026-07-12T03:34:00-07:00,13
1783852500,2026-07-12T03:35:00-07:00,12
1783852560,2026-07-12T03:36:00-07:00,14
1783852620,2026-07-12T03:37:00-07:00,11
1783852680,2026-07-12T03:38:00-07:00,13
1783852740,2026-07-12T03:39:00-07:00,14
1783852800,2026-07-12T03:40:00-07:00,12
1783852860,2026-07-12T03:41:00-07:00,13
1783852920,2026-07-12T03:42:00-07:00,12
1783852980,2026-07-12T03:43:00-07:00,13
1783853040,2026-07-12T03:44:00-07:00,12
1783853100,2026-07-12T03:45:00-07:00,13
1783853160,2026-07-12T03:46:00-07:00,14
1783853220,2026-07-12T03:47:00-07:00,15
1783853280,2026-07-12T03:48:00-07:00,-4
1783853340,2026-07-12T03:49:00-07:00,14
1783853400,2026-07-12T03:50:00-07:00,13
1783853460,2026-07-12T03:51:00-07:00,13
1783853520,2026-07-12T03:52:00-07:00,15
1783853580,2026-07-12T03:53:00-07:00,13
1783853640,2026-07-12T03:54:00-07:00,16
1783853700,2026-07-12T03:55:00-07:00,13
1783853760,2026-07-12T03:56:00-07:00,17
1783853820,2026-07-12T03:57:00-07:00,13
1783853880,2026-07-12T03:58:00-07:00,15
1783853940,2026-07-12T03:59:00-07:00,15
1783854000,2026-07-12T04:00:00-07:00,16
1783854060,2026-07-12T04:01:00-07:00,15
1783854120,2026-07-12T04:02:00-07:00,15
1783854180,2026-07-12T04:03:00-07:00,14
1783854240,2026-07-12T04:04:00-07:00,12
1783854300,2026-07-12T04:05:00-07:00,13
1783854360,2026-07-12T04:06:00-07:00,15
1783854420,2026-07-12T04:07:00-07:00,15
1783854480,2026-07-12T04:08:00-07:00,13
1783854540,2026-07-12T04:09:00-07:00,13
1783854600,2026-07-12T04:10:00-07:00,14
1783854660,2026-07-12T04:11:00-07:00,14
1783854720,2026-07-12T04:12:00-07:00,13
1783854780,2026-07-12T04:13:00-07:00,14
1783854840,2026-07-12T04:14:00-07:00,14
1783854900,2026-07-12T04:15:00-07:00,13
1783854960,2026-07-12T04:16:00-07:00,13
1783855020,2026-07-12T04:17:00-07:00,-4
1783855080,2026-07-12T04:18:00-07:00,14
1783855140,2026-07-12T04:19:00-07:00,12
1783855200,2026-07-12T04:20:00-07:00,13
1783855260,2026-07-12T04:21:00-07:00,13
1783855320,2026-07-12T04:22:00-07:00,14
1783855380,2026-07-12T04:23:00-07:00,13
1783855440,2026-07-12T04:24:00-07:00,16
1783855500,2026-07-12T04:25:00-07:00,13
1783855560,2026-07-12T04:26:00-07:00,14
1783855620,2026-07-12T04:27:00-07:00,13
1783855680,2026-07-12T04:28:00-07:00,12
1783855740,2026-07-12T04:29:00-07:00,15
1783855800,2026-07-12T04:30:00-07:00,13
1783855860,2026-07-12T04:31:00-07:00,14
1783855920,2026-07-12T04:32:00-07:00,12
1783855980,2026-07-12T04:33:00-07:00,-3
1783856040,2026-07-12T04:34:00-07:00,13
1783856100,2026-07-12T04:35:00-07:00,12
1783856160,2026-07-12T04:36:00-07:00,13
1783856220,2026-07-12T04:37:00-07:00,13
1783856280,2026-07-12T04:38:00-07:00,17
1783856340,2026-07-12T04:39:00-07:00,13
1783856400,2026-07-12T04:40:00-07:00,13
1783856460,2026-07-12T04:41:00-07:00,12
1783856520,2026-07-12T04:42:00-07:00,13
1783856580,2026-07-12T04:43:00-07:00,15
1783856640,2026-07-12T04:44:00-07:00,15
1783856700,2026-07-12T04:45:00-07:00,15
1783856760,2026-07-12T04:46:00-07:00,-1
1783856820,2026-07-12T04:47:00-07:00,13
1783856880,2026-07-12T04:48:00-07:00,14
1783856940,2026-07-12T04:49:00-07:00,13
1783857000,2026-07-12T04:50:00-07:00,13
1783857060,2026-07-12T04:51:00-07:00,14
1783857120,2026-07-12T04:52:00-07:00,13
1783857180,2026-07-12T04:53:00-07:00,12
1783857240,2026-07-12T04:54:00-07:00,14
1783857300,2026-07-12T04:55:00-07:00,14
1783857360,2026-07-12T04:56:00-07:00,14
1783857420,2026-07-12T04:57:00-07:00,13
1783857480,2026-07-12T04:58:00-07:00,13
1783857540,2026-07-12T04:59:00-07:00,14
1783857600,2026-07-12T05:00:00-07:00,15
1783857660,2026-07-12T05:01:00-07:00,13
1783857720,2026-07-12T05:02:00-07:00,13
1783857780,2026-07-12T05:03:00-07:00,13
1783857840,2026-07-12T05:04:00-07:00,13
1783857900,2026-07-12T05:05:00-07:00,12
1783857960,2026-07-12T05:06:00-07:00,14
1783858020,2026-07-12T05:07:00-07:00,17
1783858080,2026-07-12T05:08:00-07:00,13
1783858140,2026-07-12T05:09:00-07:00,13
1783858200,2026-07-12T05:10:00-07:00,14
1783858260,2026-07-12T05:11:00-07:00,13
1783858320,2026-07-12T05:12:00-07:00,-50
1783858380,2026-07-12T05:13:00-07:00,12
1783858440,2026-07-12T05:14:00-07:00,15
1783858500,2026-07-12T05:15:00-07:00,15
1783858560,2026-07-12T05:16:00-07:00,13
1783858620,2026-07-12T05:17:00-07:00,13
1783858680,2026-07-12T05:18:00-07:00,12
1783858740,2026-07-12T05:19:00-07:00,13
1783858800,2026-07-12T05:20:00-07:00,14
1783858860,2026-07-12T05:21:00-07:00,12
1783858920,2026-07-12T05:22:00-07:00,14
1783858980,2026-07-12T05:23:00-07:00,13
1783859040,2026-07-12T05:24:00-07:00,13
1783859100,2026-07-12T05:25:00-07:00,-4
1783859160,2026-07-12T05:26:00-07:00,12
1783859220,2026-07-12T05:27:00-07:00,13
1783859280,2026-07-12T05:28:00-07:00,14
1783859340,2026-07-12T05:29:00-07:00,13
1783859400,2026-07-12T05:30:00-07:00,14
1783859460,2026-07-12T05:31:00-07:00,14
1783859520,2026-07-12T05:32:00-07:00,14
1783859580,2026-07-12T05:33:00-07:00,14
1783859640,2026-07-12T05:34:00-07:00,13
1783859700,2026-07-12T05:35:00-07:00,-7
1783859760,2026-07-12T05:36:00-07:00,15
1783859820,2026-07-12T05:37:00-07:00,13
1783859880,2026-07-12T05:38:00-07:00,13
1783859940,2026-07-12T05:39:00-07:00,11
1783860000,2026-07-12T05:40:00-07:00,13
1783860060,2026-07-12T05:41:00-07:00,13
1783860120,2026-07-12T05:42:00-07:00,12
1783860180,2026-07-12T05:43:00-07:00,11
1783860240,2026-07-12T05:44:00-07:00,13
1783860300,2026-07-12T05:45:00-07:00,12
1783860360,2026-07-12T05:46:00-07:00,13
1783860420,2026-07-12T05:47:00-07:00,14
1783860480,2026-07-12T05:48:00-07:00,13
1783860540,2026-07-12T05:49:00-07:00,14
1783860600,2026-07-12T05:50:00-07:00,15
1783860660,2026-07-12T05:51:00-07:00,14
1783860720,2026-07-12T05:52:00-07:00,12
1783860780,2026-07-12T05:53:00-07:00,12
1783860840,2026-07-12T05:54:00-07:00,13
1783860900,2026-07-12T05:55:00-07:00,16
1783860960,2026-07-12T05:56:00-07:00,12
1783861020,2026-07-12T05:57:00-07:00,13
1783861080,2026-07-12T05:58:00-07:00,13
1783861140,2026-07-12T05:59:00-07:00,12
1783861200,2026-07-12T06:00:00-07:00,12
1783861260,2026-07-12T06:01:00-07:00,13
1783861320,2026-07-12T06:02:00-07:00,13
1783861380,2026-07-12T06:03:00-07:00,14
1783861440,2026-07-12T06:04:00-07:00,13
1783861500,2026-07-12T06:05:00-07:00,14
1783861560,2026-07-12T06:06:00-07:00,14
1783861620,2026-07-12T06:07:00-07:00,12
1783861680,2026-07-12T06:08:00-07:00,12
1783861740,2026-07-12T06:09:00-07:00,12
1783861800,2026-07-12T06:10:00-07:00,13
1783861860,2026-07-12T06:11:00-07:00,18
1783861920,2026-07-12T06:12:00-07:00,14
1783861980,2026-07-12T06:13:00-07:00,14
1783862040,2026-07-12T06:14:00-07:00,-4
1783862100,2026-07-12T06:15:00-07:00,13
1783862160,2026-07-12T06:16:00-07:00,15
1783862220,2026-07-12T06:17:00-07:00,13
1783862280,2026-07-12T06:18:00-07:00,14
1783862340,2026-07-12T06:19:00-07:00,14
1783862400,2026-07-12T06:20:00-07:00,12
1783862460,2026-07-12T06:21:00-07:00,13
1783862520,2026-07-12T06:22:00-07:00,16
1783862580,2026-07-12T06:23:00-07:00,12
1783862640,2026-07-12T06:24:00-07:00,12
1783862700,2026-07-12T06:25:00-07:00,12
1783862760,2026-07-12T06:26:00-07:00,13
1783862820,2026-07-12T06:27:00-07:00,13
1783862880,2026-07-12T06:28:00-07:00,13
1783862940,2026-07-12T06:29:00-07:00,14
1783863000,2026-07-12T06:30:00-07:00,12
1783863060,2026-07-12T06:31:00-07:00,14
1783863120,2026-07-12T06:32:00-07:00,-50
1783863180,2026-07-12T06:33:00-07:00,13
1783863240,2026-07-12T06:34:00-07:00,12
1783863300,2026-07-12T06:35:00-07:00,15
1783863360,2026-07-12T06:36:00-07:00,14
1783863420,2026-07-12T06:37:00-07:00,13
1783863480,2026-07-12T06:38:00-07:00,13
1783863540,2026-07-12T06:39:00-07:00,13
1783863600,2026-07-12T06:40:00-07:00,13
1783863660,2026-07-12T06:41:00-07:00,16
1783863720,2026-07-12T06:42:00-07:00,13
1783863780,2026-07-12T06:43:00-07:00,13
1783863840,2026-07-12T06:44:00-07:00,15
1783863900,2026-07-12T06:45:00-07:00,13
1783863960,2026-07-12T06:46:00-07:00,12
1783864020,2026-07-12T06:47:00-07:00,13
1783864080,2026-07-12T06:48:00-07:00,15
1783864140,2026-07-12T06:49:00-07:00,12
1783864200,2026-07-12T06:50:00-07:00,12
1783864260,2026-07-12T06:51:00-07:00,14
1783864320,2026-07-12T06:52:00-07:00,15
1783864380,2026-07-12T06:53:00-07:00,-6
1783864440,2026-07-12T06:54:00-07:00,13
1783864500,2026-07-12T06:55:00-07:00,13
1783864560,2026-07-12T06:56:00-07:00,14
1783864620,2026-07-12T06:57:00-07:00,13
1783864680,2026-07-12T06:58:00-07:00,16
1783864740,2026-07-12T06:59:00-07:00,13
1783864800,2026-07-12T07:00:00-07:00,12
1783864860,2026-07-12T07:01:00-07:00,12
1783864920,2026-07-12T07:02:00-07:00,12
1783864980,2026-07-12T07:03:00-07:00,-3
1783865040,2026-07-12T07:04:00-07:00,14
1783865100,2026-07-12T07:05:00-07:00,15
1783865160,2026-07-12T07:06:00-07:00,12
1783865220,2026-07-12T07:07:00-07:00,13
1783865280,2026-07-12T07:08:00-07:00,13
1783865340,2026-07-12T07:09:00-07:00,13
1783865400,2026-07-12T07:10:00-07:00,15
1783865460,2026-07-12T07:11:00-07:00,14
1783865520,2026-07-12T07:12:00-07:00,14
1783865580,2026-07-12T07:13:00-07:00,-1
1783865640,2026-07-12T07:14:00-07:00,13
1783865700,2026-07-12T07:15:00-07:00,13
1783865760,2026-07-12T07:16:00-07:00,14
1783865820,2026-07-12T07:17:00-07:00,12
1783865880,2026-07-12T07:18:00-07:00,12
1783865940,2026-07-12T07:19:00-07:00,13
1783866000,2026-07-12T07:20:00-07:00,13
1783866060,2026-07-12T07:21:00-07:00,14
1783866120,2026-07-12T07:22:00-07:00,14
1783866180,2026-07-12T07:23:00-07:00,15
1783866240,2026-07-12T07:24:00-07:00,12
1783866300,2026-07-12T07:25:00-07:00,12
1783866360,2026-07-12T07:26:00-07:00,13
1783866420,2026-07-12T07:27:00-07:00,14
1783866480,2026-07-12T07:28:00-07:00,13
1783866540,2026-07-12T07:29:00-07:00,14
1783866600,2026-07-12T07:30:00-07:00,12
1783866660,2026-07-12T07:31:00-07:00,13
1783866720,2026-07-12T07:32:00-07:00,11
1783866780,2026-07-12T07:33:00-07:00,15
1783866840,2026-07-12T07:34:00-07:00,16
1783866900,2026-07-12T07:35:00-07:00,13
1783866960,2026-07-12T07:36:00-07:00,14
1783867020,2026-07-12T07:37:00-07:00,12
1783867080,2026-07-12T07:38:00-07:00,14
1783867140,2026-07-12T07:39:00-07:00,13
1783867200,2026-07-12T07:40:00-07:00,13
1783867260,2026-07-12T07:41:00-07:00,13
1783867320,2026-07-12T07:42:00-07:00,13
1783867380,2026-07-12T07:43:00-07:00,16
1783867440,2026-07-12T07:44:00-07:00,13
1783867500,2026-07-12T07:45:00-07:00,13
1783867560,2026-07-12T07:46:00-07:00,14
1783867620,2026-07-12T07:47:00-07:00,14
1783867680,2026-07-12T07:48:00-07:00,13
1783867740,2026-07-12T07:49:00-07:00,13
1783867800,2026-07-12T07:50:00-07:00,12
1783867860,2026-07-12T07:51:00-07:00,15
1783867920,2026-07-12T07:52:00-07:00,-4
1783867980,2026-07-12T07:53:00-07:00,14
1783868040,2026-07-12T07:54:00-07:00,13
1783868100,2026-07-12T07:55:00-07:00,13
1783868160,2026-07-12T07:56:00-07:00,14
1783868220,2026-07-12T07:57:00-07:00,13
1783868280,2026-07-12T07:58:00-07:00,14
1783868340,2026-07-12T07:59:00-07:00,12
1783868400,2026-07-12T08:00:00-07:00,12
1783868460,2026-07-12T08:01:00-07:00,12
1783868520,2026-07-12T08:02:00-07:00,11
1783868580,2026-07-12T08:03:00-07:00,12
1783868640,2026-07-12T08:04:00-07:00,13
1783868700,2026-07-12T08:05:00-07:00,13
1783868760,2026-07-12T08:06:00-07:00,12
1783868820,2026-07-12T08:07:00-07:00,11
1783868880,2026-07-12T08:08:00-07:00,12
1783868940,2026-07-12T08:09:00-07:00,14
1783869000,2026-07-12T08:10:00-07:00,18
1783869060,2026-07-12T08:11:00-07:00,13
1783869120,2026-07-12T08:12:00-07:00,12
1783869180,2026-07-12T08:13:00-07:00,13
1783869240,2026-07-12T08:14:00-07:00,12
1783869300,2026-07-12T08:15:00-07:00,15
1783869360,2026-07-12T08:16:00-07:00,12
1783869420,2026-07-12T08:17:00-07:00,15
1783869480,2026-07-12T08:18:00-07:00,15
1783869540,2026-07-12T08:19:00-07:00,13
1783869600,2026-07-12T08:20:00-07:00,12
1783869660,2026-07-12T08:21:00-07:00,13
1783869720,2026-07-12T08:22:00-07:00,13
1783869780,2026-07-12T08:23:00-07:00,14
1783869840,2026-07-12T08:24:00-07:00,12
1783869900,2026-07-12T08:25:00-07:00,17
1783869960,2026-07-12T08:26:00-07:00,14
1783870020,2026-07-12T08:27:00-07:00,13
1783870080,2026-07-12T08:28:00-07:00,13
1783870140,2026-07-12T08:29:00-07:00,14
1783870200,2026-07-12T08:30:00-07:00,13
1783870260,2026-07-12T08:31:00-07:00,14
1783870320,2026-07-12T08:32:00-07:00,13
1783870380,2026-07-12T08:33:00-07:00,17
1783870440,2026-07-12T08:34:00-07:00,15
1783870500,2026-07-12T08:35:00-07:00,16
1783870560,2026-07-12T08:36:00-07:00,14
1783870620,2026-07-12T08:37:00-07:00,13
1783870680,2026-07-12T08:38:00-07:00,13
1783870740,2026-07-12T08:39:00-07:00,14
1783870800,2026-07-12T08:40:00-07:00,12
1783870860,2026-07-12T08:41:00-07:00,13
1783870920,2026-07-12T08:42:00-07:00,14
1783870980,2026-07-12T08:43:00-07:00,14
1783871040,2026-07-12T08:44:00-07:00,16
1783871100,2026-07-12T08:45:00-07:00,14
1783871160,2026-07-12T08:46:00-07:00,14
1783871220,2026-07-12T08:47:00-07:00,13
1783871280,2026-07-12T08:48:00-07:00,14
1783871340,2026-07-12T08:49:00-07:00,15
1783871400,2026-07-12T08:50:00-07:00,13
1783871460,2026-07-12T08:51:00-07:00,13
1783871520,2026-07-12T08:52:00-07:00,14
1783871580,2026-07-12T08:53:00-07:00,0
1783871640,2026-07-12T08:54:00-07:00,13
1783871700,2026-07-12T08:55:00-07:00,14
1783871760,2026-07-12T08:56:00-07:00,13
1783871820,2026-07-12T08:57:00-07:00,14
1783871880,2026-07-12T08:58:00-07:00,14
1783871940,2026-07-12T08:59:00-07:00,13
1783872000,2026-07-12T09:00:00-07:00,13
1783872060,2026-07-12T09:01:00-07:00,16
1783872120,2026-07-12T09:02:00-07:00,12
1783872180,2026-07-12T09:03:00-07:00,13
1783872240,2026-07-12T09:04:00-07:00,16
1783872300,2026-07-12T09:05:00-07:00,13
1783872360,2026-07-12T09:06:00-07:00,15
1783872420,2026-07-12T09:07:00-07:00,12
1783872480,2026-07-12T09:08:00-07:00,15
1783872540,2026-07-12T09:09:00-07:00,12
1783872600,2026-07-12T09:10:00-07:00,12
1783872660,2026-07-12T09:11:00-07:00,13
1783872720,2026-07-12T09:12:00-07:00,12
1783872780,2026-07-12T09:13:00-07:00,14
1783872840,2026-07-12T09:14:00-07:00,14
1783872900,2026-07-12T09:15:00-07:00,14
1783872960,2026-07-12T09:16:00-07:00,14
1783873020,2026-07-12T09:17:00-07:00,16
1783873080,2026-07-12T09:18:00-07:00,12
1783873140,2026-07-12T09:19:00-07:00,14
1783873200,2026-07-12T09:20:00-07:00,13
1783873260,2026-07-12T09:21:00-07:00,15
1783873320,2026-07-12T09:22:00-07:00,5
1783873380,2026-07-12T09:23:00-07:00,13
1783873440,2026-07-12T09:24:00-07:00,14
1783873500,2026-07-12T09:25:00-07:00,14
1783873560,2026-07-12T09:26:00-07:00,15
1783873620,2026-07-12T09:27:00-07:00,15
1783873680,2026-07-12T09:28:00-07:00,15
1783873740,2026-07-12T09:29:00-07:00,16
1783873800,2026-07-12T09:30:00-07:00,14
1783873860,2026-07-12T09:31:00-07:00,14
1783873920,2026-07-12T09:32:00-07:00,-3
1783873980,2026-07-12T09:33:00-07:00,16
1783874040,2026-07-12T09:34:00-07:00,13
1783874100,2026-07-12T09:35:00-07:00,17
1783874160,2026-07-12T09:36:00-07:00,14
1783874220,2026-07-12T09:37:00-07:00,14
1783874280,2026-07-12T09:38:00-07:00,13
1783874340,2026-07-12T09:39:00-07:00,16
1783874400,2026-07-12T09:40:00-07:00,16
1783874460,2026-07-12T09:41:00-07:00,18
1783874520,2026-07-12T09:42:00-07:00,16
1783874580,2026-07-12T09:43:00-07:00,13
1783874640,2026-07-12T09:44:00-07:00,14
1783874700,2026-07-12T09:45:00-07:00,15
1783874760,2026-07-12T09:46:00-07:00,14
1783874820,2026-07-12T09:47:00-07:00,14
1783874880,2026-07-12T09:48:00-07:00,14
1783874940,2026-07-12T09:49:00-07:00,14
1783875000,2026-07-12T09:50:00-07:00,13
1783875060,2026-07-12T09:51:00-07:00,15
1783875120,2026-07-12T09:52:00-07:00,17
1783875180,2026-07-12T09:53:00-07:00,12
1783875240,2026-07-12T09:54:00-07:00,14
1783875300,2026-07-12T09:55:00-07:00,13
1783875360,2026-07-12T09:56:00-07:00,14
1783875420,2026-07-12T09:57:00-07:00,13
1783875480,2026-07-12T09:58:00-07:00,12
1783875540,2026-07-12T09:59:00-07:00,17
1783875600,2026-07-12T10:00:00-07:00,13
1783875660,2026-07-12T10:01:00-07:00,13
1783875720,2026-07-12T10:02:00-07:00,13
1783875780,2026-07-12T10:03:00-07:00,16
1783875840,2026-07-12T10:04:00-07:00,16
1783875900,2026-07-12T10:05:00-07:00,13
1783875960,2026-07-12T10:06:00-07:00,15
1783876020,2026-07-12T10:07:00-07:00,14
1783876080,2026-07-12T10:08:00-07:00,15
1783876140,2026-07-12T10:09:00-07:00,14
1783876200,2026-07-12T10:10:00-07:00,14
1783876260,2026-07-12T10:11:00-07:00,1
1783876320,2026-07-12T10:12:00-07:00,14
1783876380,2026-07-12T10:13:00-07:00,18
1783876440,2026-07-12T10:14:00-07:00,12
1783876500,2026-07-12T10:15:00-07:00,16
1783876560,2026-07-12T10:16:00-07:00,18
1783876620,2026-07-12T10:17:00-07:00,12
1783876680,2026-07-12T10:18:00-07:00,12
1783876740,2026-07-12T10:19:00-07:00,13
1783876800,2026-07-12T10:20:00-07:00,15
1783876860,2026-07-12T10:21:00-07:00,12
1783876920,2026-07-12T10:22:00-07:00,1
1783876980,2026-07-12T10:23:00-07:00,12
1783877040,2026-07-12T10:24:00-07:00,12
1783877100,2026-07-12T10:25:00-07:00,13
1783877160,2026-07-12T10:26:00-07:00,12
1783877220,2026-07-12T10:27:00-07:00,12
1783877280,2026-07-12T10:28:00-07:00,12
1783877340,2026-07-12T10:29:00-07:00,14
1783877400,2026-07-12T10:30:00-07:00,12
1783877460,2026-07-12T10:31:00-07:00,17
1783877520,2026-07-12T10:32:00-07:00,13
1783877580,2026-07-12T10:33:00-07:00,14
1783877640,2026-07-12T10:34:00-07:00,10
1783877700,2026-07-12T10:35:00-07:00,16
1783877760,2026-07-12T10:36:00-07:00,13
1783877820,2026-07-12T10:37:00-07:00,12
1783877880,2026-07-12T10:38:00-07:00,13
1783877940,2026-07-12T10:39:00-07:00,16
1783878000,2026-07-12T10:40:00-07:00,14
1783878060,2026-07-12T10:41:00-07:00,14
1783878120,2026-07-12T10:42:00-07:00,15
1783878180,2026-07-12T10:43:00-07:00,14
1783878240,2026-07-12T10:44:00-07:00,15
1783878300,2026-07-12T10:45:00-07:00,13
1783878360,2026-07-12T10:46:00-07:00,16
1783878420,2026-07-12T10:47:00-07:00,13
1783878480,2026-07-12T10:48:00-07:00,14
1783878540,2026-07-12T10:49:00-07:00,13
1783878600,2026-07-12T10:50:00-07:00,13
1783878660,2026-07-12T10:51:00-07:00,12
1783878720,2026-07-12T10:52:00-07:00,16
1783878780,2026-07-12T10:53:00-07:00,15
1783878840,2026-07-12T10:54:00-07:00,14
1783878900,2026-07-12T10:55:00-07:00,14
1783878960,2026-07-12T10:56:00-07:00,13
1783879020,2026-07-12T10:57:00-07:00,15
1783879080,2026-07-12T10:58:00-07:00,12
1783879140,2026-07-12T10:59:00-07:00,15
1783879200,2026-07-12T11:00:00-07:00,18
1783879260,2026-07-12T11:01:00-07:00,13
1783879320,2026-07-12T11:02:00-07:00,14
1783879380,2026-07-12T11:03:00-07:00,12
1783879440,2026-07-12T11:04:00-07:00,15
1783879500,2026-07-12T11:05:00-07:00,15
1783879560,2026-07-12T11:06:00-07:00,18
1783879620,2026-07-12T11:07:00-07:00,12
1783879680,2026-07-12T11:08:00-07:00,12
1783879740,2026-07-12T11:09:00-07:00,12
1783879800,2026-07-12T11:10:00-07:00,14
1783879860,2026-07-12T11:11:00-07:00,12
1783879920,2026-07-12T11:12:00-07:00,13
1783879980,2026-07-12T11:13:00-07:00,14
1783880040,2026-07-12T11:14:00-07:00,13
1783880100,2026-07-12T11:15:00-07:00,17
1783880160,2026-07-12T11:16:00-07:00,13
1783880220,2026-07-12T11:17:00-07:00,14
1783880280,2026-07-12T11:18:00-07:00,13
1783880340,2026-07-12T11:19:00-07:00,15
1783880400,2026-07-12T11:20:00-07:00,13
1783880460,2026-07-12T11:21:00-07:00,13
1783880520,2026-07-12T11:22:00-07:00,13
1783880580,2026-07-12T11:23:00-07:00,17
1783880640,2026-07-12T11:24:00-07:00,12
1783880700,2026-07-12T11:25:00-07:00,12
1783880760,2026-07-12T11:26:00-07:00,14
1783880820,2026-07-12T11:27:00-07:00,12
1783880880,2026-07-12T11:28:00-07:00,15
1783880940,2026-07-12T11:29:00-07:00,14
1783881000,2026-07-12T11:30:00-07:00,13
1783881060,2026-07-12T11:31:00-07:00,14
1783881120,2026-07-12T11:32:00-07:00,16
1783881180,2026-07-12T11:33:00-07:00,12
1783881240,2026-07-12T11:34:00-07:00,15
1783881300,2026-07-12T11:35:00-07:00,18
1783881360,2026-07-12T11:36:00-07:00,11
1783881420,2026-07-12T11:37:00-07:00,16
1783881480,2026-07-12T11:38:00-07:00,13
1783881540,2026-07-12T11:39:00-07:00,13
1783881600,2026-07-12T11:40:00-07:00,7
1783881660,2026-07-12T11:41:00-07:00,16
1783881720,2026-07-12T11:42:00-07:00,11
1783881780,2026-07-12T11:43:00-07:00,14
1783881840,2026-07-12T11:44:00-07:00,13
1783881900,2026-07-12T11:45:00-07:00,14
1783881960,2026-07-12T11:46:00-07:00,14
1783882020,2026-07-12T11:47:00-07:00,12
1783882080,2026-07-12T11:48:00-07:00,12
1783882140,2026-07-12T11:49:00-07:00,1
1783882200,2026-07-12T11:50:00-07:00,13
1783882260,2026-07-12T11:51:00-07:00,12
1783882320,2026-07-12T11:52:00-07:00,12
1783882380,2026-07-12T11:53:00-07:00,13
1783882440,2026-07-12T11:54:00-07:00,16
1783882500,2026-07-12T11:55:00-07:00,14
1783882560,2026-07-12T11:56:00-07:00,13
1783882620,2026-07-12T11:57:00-07:00,13
1783882680,2026-07-12T11:58:00-07:00,13
1783882740,2026-07-12T11:59:00-07:00,14
1783882800,2026-07-12T12:00:00-07:00,17
1783882860,2026-07-12T12:01:00-07:00,12
1783882920,2026-07-12T12:02:00-07:00,15
1783882980,2026-07-12T12:03:00-07:00,12
1783883040,2026-07-12T12:04:00-07:00,12
1783883100,2026-07-12T12:05:00-07:00,13
1783883160,2026-07-12T12:06:00-07:00,13
1783883220,2026-07-12T12:07:00-07:00,11
1783883280,2026-07-12T12:08:00-07:00,14
1783883340,2026-07-12T12:09:00-07:00,12
1783883400,2026-07-12T12:10:00-07:00,14
1783883460,2026-07-12T12:11:00-07:00,12
1783883520,2026-07-12T12:12:00-07:00,12
1783883580,2026-07-12T12:13:00-07:00,13
1783883640,2026-07-12T12:14:00-07:00,13
1783883700,2026-07-12T12:15:00-07:00,16
1783883760,2026-07-12T12:16:00-07:00,15
1783883820,2026-07-12T12:17:00-07:00,13
1783883880,2026-07-12T12:18:00-07:00,12
1783883940,2026-07-12T12:19:00-07:00,13
1783884000,2026-07-12T12:20:00-07:00,18
1783884060,2026-07-12T12:21:00-07:00,13
1783884120,2026-07-12T12:22:00-07:00,13
1783884180,2026-07-12T12:23:00-07:00,13
1783884240,2026-07-12T12:24:00-07:00,15
1783884300,2026-07-12T12:25:00-07:00,13
1783884360,2026-07-12T12:26:00-07:00,15
1783884420,2026-07-12T12:27:00-07:00,13
1783884480,2026-07-12T12:28:00-07:00,12
1783884540,2026-07-12T12:29:00-07:00,12
1783884600,2026-07-12T12:30:00-07:00,14
1783884660,2026-07-12T12:31:00-07:00,14
1783884720,2026-07-12T12:32:00-07:00,15
1783884780,2026-07-12T12:33:00-07:00,12
1783884840,2026-07-12T12:34:00-07:00,16
1783884900,2026-07-12T12:35:00-07:00,12
1783884960,2026-07-12T12:36:00-07:00,16
1783885020,2026-07-12T12:37:00-07:00,12
1783885080,2026-07-12T12:38:00-07:00,14
1783885140,2026-07-12T12:39:00-07:00,13
1783885200,2026-07-12T12:40:00-07:00,13
1783885260,2026-07-12T12:41:00-07:00,14
1783885320,2026-07-12T12:42:00-07:00,12
1783885380,2026-07-12T12:43:00-07:00,14
1783885440,2026-07-12T12:44:00-07:00,11
1783885500,2026-07-12T12:45:00-07:00,13
1783885560,2026-07-12T12:46:00-07:00,12
1783885620,2026-07-12T12:47:00-07:00,12
1783885680,2026-07-12T12:48:00-07:00,13
1783885740,2026-07-12T12:49:00-07:00,15
1783885800,2026-07-12T12:50:00-07:00,12
1783885860,2026-07-12T12:51:00-07:00,14
1783885920,2026-07-12T12:52:00-07:00,13
1783885980,2026-07-12T12:53:00-07:00,18
1783886040,2026-07-12T12:54:00-07:00,15
1783886100,2026-07-12T12:55:00-07:00,16
1783886160,2026-07-12T12:56:00-07:00,18
1783886220,2026-07-12T12:57:00-07:00,13
1783886280,2026-07-12T12:58:00-07:00,13
1783886340,2026-07-12T12:59:00-07:00,14
1783886400,2026-07-12T13:00:00-07:00,13
1783886460,2026-07-12T13:01:00-07:00,13
1783886520,2026-07-12T13:02:00-07:00,14
1783886580,2026-07-12T13:03:00-07:00,11
1783886640,2026-07-12T13:04:00-07:00,14
1783886700,2026-07-12T13:05:00-07:00,11
1783886760,2026-07-12T13:06:00-07:00,17
1783886820,2026-07-12T13:07:00-07:00,13
1783886880,2026-07-12T13:08:00-07:00,17
1783886940,2026-07-12T13:09:00-07:00,13
1783887000,2026-07-12T13:10:00-07:00,13
1783887060,2026-07-12T13:11:00-07:00,13
1783887120,2026-07-12T13:12:00-07:00,11
1783887180,2026-07-12T13:13:00-07:00,12
1783887240,2026-07-12T13:14:00-07:00,13
1783887300,2026-07-12T13:15:00-07:00,12
1783887360,2026-07-12T13:16:00-07:00,17
1783887420,2026-07-12T13:17:00-07:00,12
1783887480,2026-07-12T13:18:00-07:00,11
1783887540,2026-07-12T13:19:00-07:00,13
1783887600,2026-07-12T13:20:00-07:00,15
1783887660,2026-07-12T13:21:00-07:00,13
1783887720,2026-07-12T13:22:00-07:00,14
1783887780,2026-07-12T13:23:00-07:00,16
1783887840,2026-07-12T13:24:00-07:00,18
1783887900,2026-07-12T13:25:00-07:00,13
1783887960,2026-07-12T13:26:00-07:00,14
1783888020,2026-07-12T13:27:00-07:00,21
1783888080,2026-07-12T13:28:00-07:00,13
1783888140,2026-07-12T13:29:00-07:00,13
1783888200,2026-07-12T13:30:00-07:00,11
1783888260,2026-07-12T13:31:00-07:00,13
1783888320,2026-07-12T13:32:00-07:00,11
1783888380,2026-07-12T13:33:00-07:00,13
1783888440,2026-07-12T13:34:00-07:00,15
1783888500,2026-07-12T13:35:00-07:00,12
1783888560,2026-07-12T13:36:00-07:00,12
1783888620,2026-07-12T13:37:00-07:00,13
1783888680,2026-07-12T13:38:00-07:00,13
1783888740,2026-07-12T13:39:00-07:00,16
1783888800,2026-07-12T13:40:00-07:00,14
1783888860,2026-07-12T13:41:00-07:00,14
1783888920,2026-07-12T13:42:00-07:00,17
1783888980,2026-07-12T13:43:00-07:00,14
1783889040,2026-07-12T13:44:00-07:00,13
1783889100,2026-07-12T13:45:00-07:00,12
1783889160,2026-07-12T13:46:00-07:00,17
1783889220,2026-07-12T13:47:00-07:00,13
1783889280,2026-07-12T13:48:00-07:00,14
1783889340,2026-07-12T13:49:00-07:00,16
1783889400,2026-07-12T13:50:00-07:00,15
1783889460,2026-07-12T13:51:00-07:00,13
1783889520,2026-07-12T13:52:00-07:00,14
1783889580,2026-07-12T13:53:00-07:00,13
1783889640,2026-07-12T13:54:00-07:00,12
1783889700,2026-07-12T13:55:00-07:00,15
1783889760,2026-07-12T13:56:00-07:00,13
1783889820,2026-07-12T13:57:00-07:00,12
1783889880,2026-07-12T13:58:00-07:00,12
1783889940,2026-07-12T13:59:00-07:00,12
1783890000,2026-07-12T14:00:00-07:00,13
1783890060,2026-07-12T14:01:00-07:00,16
1783890120,2026-07-12T14:02:00-07:00,13
1783890180,2026-07-12T14:03:00-07:00,16
1783890240,2026-07-12T14:04:00-07:00,16
1783890300,2026-07-12T14:05:00-07:00,12
1783890360,2026-07-12T14:06:00-07:00,14
1783890420,2026-07-12T14:07:00-07:00,16
1783890480,2026-07-12T14:08:00-07:00,-2
1783890540,2026-07-12T14:09:00-07:00,11
1783890600,2026-07-12T14:10:00-07:00,14
1783890660,2026-07-12T14:11:00-07:00,14
1783890720,2026-07-12T14:12:00-07:00,12
1783890780,2026-07-12T14:13:00-07:00,15
1783890840,2026-07-12T14:14:00-07:00,14
1783890900,2026-07-12T14:15:00-07:00,17
1783890960,2026-07-12T14:16:00-07:00,14
1783891020,2026-07-12T14:17:00-07:00,16
1783891080,2026-07-12T14:18:00-07:00,15
1783891140,2026-07-12T14:19:00-07:00,14
1783891200,2026-07-12T14:20:00-07:00,13
1783891260,2026-07-12T14:21:00-07:00,17
1783891320,2026-07-12T14:22:00-07:00,12
1783891380,2026-07-12T14:23:00-07:00,11
1783891440,2026-07-12T14:24:00-07:00,14
1783891500,2026-07-12T14:25:00-07:00,13
1783891560,2026-07-12T14:26:00-07:00,12
1783891620,2026-07-12T14:27:00-07:00,13
1783891680,2026-07-12T14:28:00-07:00,11
1783891740,2026-07-12T14:29:00-07:00,14
1783891800,2026-07-12T14:30:00-07:00,12
1783891860,2026-07-12T14:31:00-07:00,13
1783891920,2026-07-12T14:32:00-07:00,13
1783891980,2026-07-12T14:33:00-07:00,14
1783892040,2026-07-12T14:34:00-07:00,15
1783892100,2026-07-12T14:35:00-07:00,14
1783892160,2026-07-12T14:36:00-07:00,12
1783892220,2026-07-12T14:37:00-07:00,12
1783892280,2026-07-12T14:38:00-07:00,12
1783892340,2026-07-12T14:39:00-07:00,13
1783892400,2026-07-12T14:40:00-07:00,13
1783892460,2026-07-12T14:41:00-07:00,15
1783892520,2026-07-12T14:42:00-07:00,14
1783892580,2026-07-12T14:43:00-07:00,13
1783892640,2026-07-12T14:44:00-07:00,15
1783892700,2026-07-12T14:45:00-07:00,13
1783892760,2026-07-12T14:46:00-07:00,13
1783892820,2026-07-12T14:47:00-07:00,15
1783892880,2026-07-12T14:48:00-07:00,15
1783892940,2026-07-12T14:49:00-07:00,14
1783893000,2026-07-12T14:50:00-07:00,-3
1783893060,2026-07-12T14:51:00-07:00,14
1783893120,2026-07-12T14:52:00-07:00,14
1783893180,2026-07-12T14:53:00-07:00,14
1783893240,2026-07-12T14:54:00-07:00,12
1783893300,2026-07-12T14:55:00-07:00,12
1783893360,2026-07-12T14:56:00-07:00,14
1783893420,2026-07-12T14:57:00-07:00,16
1783893480,2026-07-12T14:58:00-07:00,11
1783893540,2026-07-12T14:59:00-07:00,17
1783893600,2026-07-12T15:00:00-07:00,13
1783893660,2026-07-12T15:01:00-07:00,18
1783893720,2026-07-12T15:02:00-07:00,16
1783893780,2026-07-12T15:03:00-07:00,14
1783893840,2026-07-12T15:04:00-07:00,13
1783893900,2026-07-12T15:05:00-07:00,14
1783893960,2026-07-12T15:06:00-07:00,14
1783894020,2026-07-12T15:07:00-07:00,14
1783894080,2026-07-12T15:08:00-07:00,12
1783894140,2026-07-12T15:09:00-07:00,13
1783894200,2026-07-12T15:10:00-07:00,13
1783894260,2026-07-12T15:11:00-07:00,14
1783894320,2026-07-12T15:12:00-07:00,14
1783894380,2026-07-12T15:13:00-07:00,12
1783894440,2026-07-12T15:14:00-07:00,12
1783894500,2026-07-12T15:15:00-07:00,13
1783894560,2026-07-12T15:16:00-07:00,16
1783894620,2026-07-12T15:17:00-07:00,14
1783894680,2026-07-12T15:18:00-07:00,16
1783894740,2026-07-12T15:19:00-07:00,18
1783894800,2026-07-12T15:20:00-07:00,20
1783894860,2026-07-12T15:21:00-07:00,16
1783894920,2026-07-12T15:22:00-07:00,13
1783894980,2026-07-12T15:23:00-07:00,13
1783895040,2026-07-12T15:24:00-07:00,20
1783895100,2026-07-12T15:25:00-07:00,14
1783895160,2026-07-12T15:26:00-07:00,18
1783895220,2026-07-12T15:27:00-07:00,16
1783895280,2026-07-12T15:28:00-07:00,13
1783895340,2026-07-12T15:29:00-07:00,13
1783895400,2026-07-12T15:30:00-07:00,13
1783895460,2026-07-12T15:31:00-07:00,13
1783895520,2026-07-12T15:32:00-07:00,14
1783895580,2026-07-12T15:33:00-07:00,14
1783895640,2026-07-12T15:34:00-07:00,14
1783895700,2026-07-12T15:35:00-07:00,16
1783895760,2026-07-12T15:36:00-07:00,14
1783895820,2026-07-12T15:37:00-07:00,17
1783895880,2026-07-12T15:38:00-07:00,12
1783895940,2026-07-12T15:39:00-07:00,13
1783896000,2026-07-12T15:40:00-07:00,13
1783896060,2026-07-12T15:41:00-07:00,13
1783896120,2026-07-12T15:42:00-07:00,18
1783896180,2026-07-12T15:43:00-07:00,15
1783896240,2026-07-12T15:44:00-07:00,12
1783896300,2026-07-12T15:45:00-07:00,11
1783896360,2026-07-12T15:46:00-07:00,16
1783896420,2026-07-12T15:47:00-07:00,12
1783896480,2026-07-12T15:48:00-07:00,12
1783896540,2026-07-12T15:49:00-07:00,15
1783896600,2026-07-12T15:50:00-07:00,12
1783896660,2026-07-12T15:51:00-07:00,14
1783896720,2026-07-12T15:52:00-07:00,16
1783896780,2026-07-12T15:53:00-07:00,13
1783896840,2026-07-12T15:54:00-07:00,11
1783896900,2026-07-12T15:55:00-07:00,13
1783896960,2026-07-12T15:56:00-07:00,13
1783897020,2026-07-12T15:57:00-07:00,17
1783897080,2026-07-12T15:58:00-07:00,16
1783897140,2026-07-12T15:59:00-07:00,13
1783897200,2026-07-12T16:00:00-07:00,15
1783897260,2026-07-12T16:01:00-07:00,12
1783897320,2026-07-12T16:02:00-07:00,18
1783897380,2026-07-12T16:03:00-07:00,12
1783897440,2026-07-12T16:04:00-07:00,14
1783897500,2026-07-12T16:05:00-07:00,13
1783897560,2026-07-12T16:06:00-07:00,14
1783897620,2026-07-12T16:07:00-07:00,14
1783897680,2026-07-12T16:08:00-07:00,14
1783897740,2026-07-12T16:09:00-07:00,12
1783897800,2026-07-12T16:10:00-07:00,15
1783897860,2026-07-12T16:11:00-07:00,15
1783897920,2026-07-12T16:12:00-07:00,16
1783897980,2026-07-12T16:13:00-07:00,13
1783898040,2026-07-12T16:14:00-07:00,14
1783898100,2026-07-12T16:15:00-07:00,14
1783898160,2026-07-12T16:16:00-07:00,13
1783898220,2026-07-12T16:17:00-07:00,18
1783898280,2026-07-12T16:18:00-07:00,13
1783898340,2026-07-12T16:19:00-07:00,13
1783898400,2026-07-12T16:20:00-07:00,12
1783898460,2026-07-12T16:21:00-07:00,13
1783898520,2026-07-12T16:22:00-07:00,13
1783898580,2026-07-12T16:23:00-07:00,16
1783898640,2026-07-12T16:24:00-07:00,18
1783898700,2026-07-12T16:25:00-07:00,12
1783898760,2026-07-12T16:26:00-07:00,12
1783898820,2026-07-12T16:27:00-07:00,13
1783898880,2026-07-12T16:28:00-07:00,13
1783898940,2026-07-12T16:29:00-07:00,13
1783899000,2026-07-12T16:30:00-07:00,13
1783899060,2026-07-12T16:31:00-07:00,17
1783899120,2026-07-12T16:32:00-07:00,13
1783899180,2026-07-12T16:33:00-07:00,16
1783899240,2026-07-12T16:34:00-07:00,13
1783899300,2026-07-12T16:35:00-07:00,15
1783899360,2026-07-12T16:36:00-07:00,12
1783899420,2026-07-12T16:37:00-07:00,14
1783899480,2026-07-12T16:38:00-07:00,15
1783899540,2026-07-12T16:39:00-07:00,13
1783899600,2026-07-12T16:40:00-07:00,13
1783899660,2026-07-12T16:41:00-07:00,12
1783899720,2026-07-12T16:42:00-07:00,14
1783899780,2026-07-12T16:43:00-07:00,12
1783899840,2026-07-12T16:44:00-07:00,12
1783899900,2026-07-12T16:45:00-07:00,14
1783899960,2026-07-12T16:46:00-07:00,1
1783900020,2026-07-12T16:47:00-07:00,13
1783900080,2026-07-12T16:48:00-07:00,13
1783900140,2026-07-12T16:49:00-07:00,13
1783900200,2026-07-12T16:50:00-07:00,13
1783900260,2026-07-12T16:51:00-07:00,18
1783900320,2026-07-12T16:52:00-07:00,13
1783900380,2026-07-12T16:53:00-07:00,13
1783900440,2026-07-12T16:54:00-07:00,11
1783900500,2026-07-12T16:55:00-07:00,16
1783900560,2026-07-12T16:56:00-07:00,13
1783900620,2026-07-12T16:57:00-07:00,0
1783900680,2026-07-12T16:58:00-07:00,13
1783900740,2026-07-12T16:59:00-07:00,13
1783900800,2026-07-12T17:00:00-07:00,12
1783900860,2026-07-12T17:01:00-07:00,13
1783900920,2026-07-12T17:02:00-07:00,16
1783900980,2026-07-12T17:03:00-07:00,16
1783901040,2026-07-12T17:04:00-07:00,13
1783901100,2026-07-12T17:05:00-07:00,12
1783901160,2026-07-12T17:06:00-07:00,18
1783901220,2026-07-12T17:07:00-07:00,-2
1783901280,2026-07-12T17:08:00-07:00,-4
1783901340,2026-07-12T17:09:00-07:00,12
1783901400,2026-07-12T17:10:00-07:00,13
1783901460,2026-07-12T17:11:00-07:00,13
1783901520,2026-07-12T17:12:00-07:00,13
1783901580,2026-07-12T17:13:00-07:00,13
1783901640,2026-07-12T17:14:00-07:00,14
1783901700,2026-07-12T17:15:00-07:00,13
1783901760,2026-07-12T17:16:00-07:00,14
1783901820,2026-07-12T17:17:00-07:00,16
1783901880,2026-07-12T17:18:00-07:00,16
1783901940,2026-07-12T17:19:00-07:00,13
1783902000,2026-07-12T17:20:00-07:00,13
1783902060,2026-07-12T17:21:00-07:00,16
1783902120,2026-07-12T17:22:00-07:00,15
1783902180,2026-07-12T17:23:00-07:00,12
1783902240,2026-07-12T17:24:00-07:00,13
1783902300,2026-07-12T17:25:00-07:00,13
1783902360,2026-07-12T17:26:00-07:00,14
1783902420,2026-07-12T17:27:00-07:00,13
1783902480,2026-07-12T17:28:00-07:00,17
1783902540,2026-07-12T17:29:00-07:00,13
1783902600,2026-07-12T17:30:00-07:00,18
1783902660,2026-07-12T17:31:00-07:00,18
1783902720,2026-07-12T17:32:00-07:00,18
1783902780,2026-07-12T17:33:00-07:00,13
1783902840,2026-07-12T17:34:00-07:00,13
1783902900,2026-07-12T17:35:00-07:00,12
1783902960,2026-07-12T17:36:00-07:00,17
1783903020,2026-07-12T17:37:00-07:00,15
1783903080,2026-07-12T17:38:00-07:00,14
1783903140,2026-07-12T17:39:00-07:00,12
1783903200,2026-07-12T17:40:00-07:00,13
1783903260,2026-07-12T17:41:00-07:00,12
1783903320,2026-07-12T17:42:00-07:00,13
1783903380,2026-07-12T17:43:00-07:00,13
1783903440,2026-07-12T17:44:00-07:00,13
1783903500,2026-07-12T17:45:00-07:00,12
1783903560,2026-07-12T17:46:00-07:00,16
1783903620,2026-07-12T17:47:00-07:00,13
1783903680,2026-07-12T17:48:00-07:00,14
1783903740,2026-07-12T17:49:00-07:00,18
1783903800,2026-07-12T17:50:00-07:00,14
1783903860,2026-07-12T17:51:00-07:00,14
1783903920,2026-07-12T17:52:00-07:00,13
1783903980,2026-07-12T17:53:00-07:00,12
1783904040,2026-07-12T17:54:00-07:00,14
1783904100,2026-07-12T17:55:00-07:00,16
1783904160,2026-07-12T17:56:00-07:00,14
1783904220,2026-07-12T17:57:00-07:00,14
1783904280,2026-07-12T17:58:00-07:00,18
1783904340,2026-07-12T17:59:00-07:00,13
1783904400,2026-07-12T18:00:00-07:00,12
1783904460,2026-07-12T18:01:00-07:00,13
1783904520,2026-07-12T18:02:00-07:00,11
1783904580,2026-07-12T18:03:00-07:00,13
1783904640,2026-07-12T18:04:00-07:00,-2
1783904700,2026-07-12T18:05:00-07:00,17
1783904760,2026-07-12T18:06:00-07:00,13
1783904820,2026-07-12T18:07:00-07:00,14
1783904880,2026-07-12T18:08:00-07:00,13
1783904940,2026-07-12T18:09:00-07:00,12
1783905000,2026-07-12T18:10:00-07:00,15
1783905060,2026-07-12T18:11:00-07:00,14
1783905120,2026-07-12T18:12:00-07:00,12
1783905180,2026-07-12T18:13:00-07:00,17
1783905240,2026-07-12T18:14:00-07:00,18
1783905300,2026-07-12T18:15:00-07:00,15
1783905360,2026-07-12T18:16:00-07:00,14
1783905420,2026-07-12T18:17:00-07:00,15
1783905480,2026-07-12T18:18:00-07:00,14
1783905540,2026-07-12T18:19:00-07:00,14
1783905600,2026-07-12T18:20:00-07:00,15
1783905660,2026-07-12T18:21:00-07:00,12
1783905720,2026-07-12T18:22:00-07:00,13
1783905780,2026-07-12T18:23:00-07:00,13
1783905840,2026-07-12T18:24:00-07:00,14
1783905900,2026-07-12T18:25:00-07:00,14
1783905960,2026-07-12T18:26:00-07:00,14
1783906020,2026-07-12T18:27:00-07:00,17
1783906080,2026-07-12T18:28:00-07:00,13
1783906140,2026-07-12T18:29:00-07:00,16
1783906200,2026-07-12T18:30:00-07:00,15
1783906260,2026-07-12T18:31:00-07:00,13
1783906320,2026-07-12T18:32:00-07:00,15
1783906380,2026-07-12T18:33:00-07:00,12
1783906440,2026-07-12T18:34:00-07:00,11
1783906500,2026-07-12T18:35:00-07:00,13
1783906560,2026-07-12T18:36:00-07:00,14
1783906620,2026-07-12T18:37:00-07:00,14
1783906680,2026-07-12T18:38:00-07:00,15
1783906740,2026-07-12T18:39:00-07:00,13
1783906800,2026-07-12T18:40:00-07:00,12
1783906860,2026-07-12T18:41:00-07:00,18
1783906920,2026-07-12T18:42:00-07:00,17
1783906980,2026-07-12T18:43:00-07:00,-2
1783907040,2026-07-12T18:44:00-07:00,14
1783907100,2026-07-12T18:45:00-07:00,13
1783907160,2026-07-12T18:46:00-07:00,14
1783907220,2026-07-12T18:47:00-07:00,15
1783907280,2026-07-12T18:48:00-07:00,13
1783907340,2026-07-12T18:49:00-07:00,14
1783907400,2026-07-12T18:50:00-07:00,14
1783907460,2026-07-12T18:51:00-07:00,15
1783907520,2026-07-12T18:52:00-07:00,13
1783907580,2026-07-12T18:53:00-07:00,12
1783907640,2026-07-12T18:54:00-07:00,14
1783907700,2026-07-12T18:55:00-07:00,14
1783907760,2026-07-12T18:56:00-07:00,13
1783907820,2026-07-12T18:57:00-07:00,13
1783907880,2026-07-12T18:58:00-07:00,13
1783907940,2026-07-12T18:59:00-07:00,14
1783908000,2026-07-12T19:00:00-07:00,13
1783908060,2026-07-12T19:01:00-07:00,14
1783908120,2026-07-12T19:02:00-07:00,13
1783908180,2026-07-12T19:03:00-07:00,17
1783908240,2026-07-12T19:04:00-07:00,12
1783908300,2026-07-12T19:05:00-07:00,0
1783908360,2026-07-12T19:06:00-07:00,12
1783908420,2026-07-12T19:07:00-07:00,13
1783908480,2026-07-12T19:08:00-07:00,16
1783908540,2026-07-12T19:09:00-07:00,13
1783908600,2026-07-12T19:10:00-07:00,13
1783908660,2026-07-12T19:11:00-07:00,14
1783908720,2026-07-12T19:12:00-07:00,13
1783908780,2026-07-12T19:13:00-07:00,13
1783908840,2026-07-12T19:14:00-07:00,12
1783908900,2026-07-12T19:15:00-07:00,12
1783908960,2026-07-12T19:16:00-07:00,16
1783909020,2026-07-12T19:17:00-07:00,12
1783909080,2026-07-12T19:18:00-07:00,15
1783909140,2026-07-12T19:19:00-07:00,12
1783909200,2026-07-12T19:20:00-07:00,13
1783909260,2026-07-12T19:21:00-07:00,13
1783909320,2026-07-12T19:22:00-07:00,12
1783909380,2026-07-12T19:23:00-07:00,15
1783909440,2026-07-12T19:24:00-07:00,14
1783909500,2026-07-12T19:25:00-07:00,13
1783909560,2026-07-12T19:26:00-07:00,13
1783909620,2026-07-12T19:27:00-07:00,13
1783909680,2026-07-12T19:28:00-07:00,13
1783909740,2026-07-12T19:29:00-07:00,12
1783909800,2026-07-12T19:30:00-07:00,16
1783909860,2026-07-12T19:31:00-07:00,13
1783909920,2026-07-12T19:32:00-07:00,12
1783909980,2026-07-12T19:33:00-07:00,14
1783910040,2026-07-12T19:34:00-07:00,14
1783910100,2026-07-12T19:35:00-07:00,18
1783910160,2026-07-12T19:36:00-07:00,15
1783910220,2026-07-12T19:37:00-07:00,17
1783910280,2026-07-12T19:38:00-07:00,14
1783910340,2026-07-12T19:39:00-07:00,12
1783910400,2026-07-12T19:40:00-07:00,13
1783910460,2026-07-12T19:41:00-07:00,13
1783910520,2026-07-12T19:42:00-07:00,13
1783910580,2026-07-12T19:43:00-07:00,17
1783910640,2026-07-12T19:44:00-07:00,-2
1783910700,2026-07-12T19:45:00-07:00,15
1783910760,2026-07-12T19:46:00-07:00,13
1783910820,2026-07-12T19:47:00-07:00,17
1783910880,2026-07-12T19:48:00-07:00,15
1783910940,2026-07-12T19:49:00-07:00,13
1783911000,2026-07-12T19:50:00-07:00,13
1783911060,2026-07-12T19:51:00-07:00,14
1783911120,2026-07-12T19:52:00-07:00,16
1783911180,2026-07-12T19:53:00-07:00,15
1783911240,2026-07-12T19:54:00-07:00,16
1783911300,2026-07-12T19:55:00-07:00,13
1783911360,2026-07-12T19:56:00-07:00,15
1783911420,2026-07-12T19:57:00-07:00,14
1783911480,2026-07-12T19:58:00-07:00,14
1783911540,2026-07-12T19:59:00-07:00,14
1783911600,2026-07-12T20:00:00-07:00,14
1783911660,2026-07-12T20:01:00-07:00,13
1783911720,2026-07-12T20:02:00-07:00,13
1783911780,2026-07-12T20:03:00-07:00,14
1783911840,2026-07-12T20:04:00-07:00,13
1783911900,2026-07-12T20:05:00-07:00,13
1783911960,2026-07-12T20:06:00-07:00,16
1783912020,2026-07-12T20:07:00-07:00,13
1783912080,2026-07-12T20:08:00-07:00,16
1783912140,2026-07-12T20:09:00-07:00,14
1783912200,2026-07-12T20:10:00-07:00,12
1783912260,2026-07-12T20:11:00-07:00,13
1783912320,2026-07-12T20:12:00-07:00,13
1783912380,2026-07-12T20:13:00-07:00,13
1783912440,2026-07-12T20:14:00-07:00,12
1783912500,2026-07-12T20:15:00-07:00,13
1783912560,2026-07-12T20:16:00-07:00,16
1783912620,2026-07-12T20:17:00-07:00,12
1783912680,2026-07-12T20:18:00-07:00,13
1783912740,2026-07-12T20:19:00-07:00,13
1783912800,2026-07-12T20:20:00-07:00,13
1783912860,2026-07-12T20:21:00-07:00,14
1783912920,2026-07-12T20:22:00-07:00,14
1783912980,2026-07-12T20:23:00-07:00,12
1783913040,2026-07-12T20:24:00-07:00,14
1783913100,2026-07-12T20:25:00-07:00,12
1783913160,2026-07-12T20:26:00-07:00,12
1783913220,2026-07-12T20:27:00-07:00,13
1783913280,2026-07-12T20:28:00-07:00,17
1783913340,2026-07-12T20:29:00-07:00,14
1783913400,2026-07-12T20:30:00-07:00,13
1783913460,2026-07-12T20:31:00-07:00,12
1783913520,2026-07-12T20:32:00-07:00,13
1783913580,2026-07-12T20:33:00-07:00,12
1783913640,2026-07-12T20:34:00-07:00,15
1783913700,2026-07-12T20:35:00-07:00,14
1783913760,2026-07-12T20:36:00-07:00,14
1783913820,2026-07-12T20:37:00-07:00,13
1783913880,2026-07-12T20:38:00-07:00,17
1783913940,2026-07-12T20:39:00-07:00,14
1783914000,2026-07-12T20:40:00-07:00,14
1783914060,2026-07-12T20:41:00-07:00,13
1783914120,2026-07-12T20:42:00-07:00,13
1783914180,2026-07-12T20:43:00-07:00,13
1783914240,2026-07-12T20:44:00-07:00,15
1783914300,2026-07-12T20:45:00-07:00,12
1783914360,2026-07-12T20:46:00-07:00,16
1783914420,2026-07-12T20:47:00-07:00,14
1783914480,2026-07-12T20:48:00-07:00,15
1783914540,2026-07-12T20:49:00-07:00,13
1783914600,2026-07-12T20:50:00-07:00,14
1783914660,2026-07-12T20:51:00-07:00,12
1783914720,2026-07-12T20:52:00-07:00,14
1783914780,2026-07-12T20:53:00-07:00,13
1783914840,2026-07-12T20:54:00-07:00,14
1783914900,2026-07-12T20:55:00-07:00,13
1783914960,2026-07-12T20:56:00-07:00,13
1783915020,2026-07-12T20:57:00-07:00,13
1783915080,2026-07-12T20:58:00-07:00,12
1783915140,2026-07-12T20:59:00-07:00,15
1783915200,2026-07-12T21:00:00-07:00,13
1783915260,2026-07-12T21:01:00-07:00,12
1783915320,2026-07-12T21:02:00-07:00,13
1783915380,2026-07-12T21:03:00-07:00,0
1783915440,2026-07-12T21:04:00-07:00,14
1783915500,2026-07-12T21:05:00-07:00,17
1783915560,2026-07-12T21:06:00-07:00,16
1783915620,2026-07-12T21:07:00-07:00,12
1783915680,2026-07-12T21:08:00-07:00,12
1783915740,2026-07-12T21:09:00-07:00,12
1783915800,2026-07-12T21:10:00-07:00,14
1783915860,2026-07-12T21:11:00-07:00,13
1783915920,2026-07-12T21:12:00-07:00,0
1783915980,2026-07-12T21:13:00-07:00,18
1783916040,2026-07-12T21:14:00-07:00,13
1783916100,2026-07-12T21:15:00-07:00,14
1783916160,2026-07-12T21:16:00-07:00,17
1783916220,2026-07-12T21:17:00-07:00,13
1783916280,2026-07-12T21:18:00-07:00,14
1783916340,2026-07-12T21:19:00-07:00,13
1783916400,2026-07-12T21:20:00-07:00,13
1783916460,2026-07-12T21:21:00-07:00,14
1783916520,2026-07-12T21:22:00-07:00,15
1783916580,2026-07-12T21:23:00-07:00,13
1783916640,2026-07-12T21:24:00-07:00,14
1783916700,2026-07-12T21:25:00-07:00,16
1783916760,2026-07-12T21:26:00-07:00,14
1783916820,2026-07-12T21:27:00-07:00,13
1783916880,2026-07-12T21:28:00-07:00,14
1783916940,2026-07-12T21:29:00-07:00,1
1783917000,2026-07-12T21:30:00-07:00,14
1783917060,2026-07-12T21:31:00-07:00,13
1783917120,2026-07-12T21:32:00-07:00,13
1783917180,2026-07-12T21:33:00-07:00,13
1783917240,2026-07-12T21:34:00-07:00,12
1783917300,2026-07-12T21:35:00-07:00,14
1783917360,2026-07-12T21:36:00-07:00,12
1783917420,2026-07-12T21:37:00-07:00,13
1783917480,2026-07-12T21:38:00-07:00,13
1783917540,2026-07-12T21:39:00-07:00,13
1783917600,2026-07-12T21:40:00-07:00,13
1783917660,2026-07-12T21:41:00-07:00,12
1783917720,2026-07-12T21:42:00-07:00,12
1783917780,2026-07-12T21:43:00-07:00,13
1783917840,2026-07-12T21:44:00-07:00,13
1783917900,2026-07-12T21:45:00-07:00,14
1783917960,2026-07-12T21:46:00-07:00,12
1783918020,2026-07-12T21:47:00-07:00,15
1783918080,2026-07-12T21:48:00-07:00,13
1783918140,2026-07-12T21:49:00-07:00,16
1783918200,2026-07-12T21:50:00-07:00,12
1783918260,2026-07-12T21:51:00-07:00,15
1783918320,2026-07-12T21:52:00-07:00,14
1783918380,2026-07-12T21:53:00-07:00,12
1783918440,2026-07-12T21:54:00-07:00,12
1783918500,2026-07-12T21:55:00-07:00,13
1783918560,2026-07-12T21:56:00-07:00,14
1783918620,2026-07-12T21:57:00-07:00,13
1783918680,2026-07-12T21:58:00-07:00,14
1783918740,2026-07-12T21:59:00-07:00,13
1783918800,2026-07-12T22:00:00-07:00,14
1783918860,2026-07-12T22:01:00-07:00,14
1783918920,2026-07-12T22:02:00-07:00,14
1783918980,2026-07-12T22:03:00-07:00,13
1783919040,2026-07-12T22:04:00-07:00,13
1783919100,2026-07-12T22:05:00-07:00,12
1783919160,2026-07-12T22:06:00-07:00,14
1783919220,2026-07-12T22:07:00-07:00,14
1783919280,2026-07-12T22:08:00-07:00,14
1783919340,2026-07-12T22:09:00-07:00,13
1783919400,2026-07-12T22:10:00-07:00,13
1783919460,2026-07-12T22:11:00-07:00,14
1783919520,2026-07-12T22:12:00-07:00,15
1783919580,2026-07-12T22:13:00-07:00,12
1783919640,2026-07-12T22:14:00-07:00,13
1783919700,2026-07-12T22:15:00-07:00,13
1783919760,2026-07-12T22:16:00-07:00,13
1783919820,2026-07-12T22:17:00-07:00,13
1783919880,2026-07-12T22:18:00-07:00,13
1783919940,2026-07-12T22:19:00-07:00,14
1783920000,2026-07-12T22:20:00-07:00,12
1783920060,2026-07-12T22:21:00-07:00,13
1783920120,2026-07-12T22:22:00-07:00,14
1783920180,2026-07-12T22:23:00-07:00,0
1783920240,2026-07-12T22:24:00-07:00,13
1783920300,2026-07-12T22:25:00-07:00,14
1783920360,2026-07-12T22:26:00-07:00,12
1783920420,2026-07-12T22:27:00-07:00,14
1783920480,2026-07-12T22:28:00-07:00,12
1783920540,2026-07-12T22:29:00-07:00,13
1783920600,2026-07-12T22:30:00-07:00,13
1783920660,2026-07-12T22:31:00-07:00,13
1783920720,2026-07-12T22:32:00-07:00,13
1783920780,2026-07-12T22:33:00-07:00,-50
1783920840,2026-07-12T22:34:00-07:00,13
1783920900,2026-07-12T22:35:00-07:00,13
1783920960,2026-07-12T22:36:00-07:00,13
1783921020,2026-07-12T22:37:00-07:00,17
1783921080,2026-07-12T22:38:00-07:00,13
1783921140,2026-07-12T22:39:00-07:00,13
1783921200,2026-07-12T22:40:00-07:00,15
1783921260,2026-07-12T22:41:00-07:00,14
1783921320,2026-07-12T22:42:00-07:00,14
1783921380,2026-07-12T22:43:00-07:00,14
1783921440,2026-07-12T22:44:00-07:00,13
1783921500,2026-07-12T22:45:00-07:00,18
1783921560,2026-07-12T22:46:00-07:00,13
1783921620,2026-07-12T22:47:00-07:00,14
1783921680,2026-07-12T22:48:00-07:00,14
1783921740,2026-07-12T22:49:00-07:00,13
1783921800,2026-07-12T22:50:00-07:00,14
1783921860,2026-07-12T22:51:00-07:00,14
1783921920,2026-07-12T22:52:00-07:00,13
1783921980,2026-07-12T22:53:00-07:00,13
1783922040,2026-07-12T22:54:00-07:00,13
1783922100,2026-07-12T22:55:00-07:00,12
1783922160,2026-07-12T22:56:00-07:00,15
1783922220,2026-07-12T22:57:00-07:00,13
1783922280,2026-07-12T22:58:00-07:00,13
1783922340,2026-07-12T22:59:00-07:00,13
1783922400,2026-07-12T23:00:00-07:00,16
1783922460,2026-07-12T23:01:00-07:00,-4
1783922520,2026-07-12T23:02:00-07:00,14
1783922580,2026-07-12T23:03:00-07:00,14
1783922640,2026-07-12T23:04:00-07:00,13
1783922700,2026-07-12T23:05:00-07:00,17
1783922760,2026-07-12T23:06:00-07:00,13
1783922820,2026-07-12T23:07:00-07:00,14
1783922880,2026-07-12T23:08:00-07:00,13
1783922940,2026-07-12T23:09:00-07:00,15
1783923000,2026-07-12T23:10:00-07:00,17
1783923060,2026-07-12T23:11:00-07:00,14
1783923120,2026-07-12T23:12:00-07:00,13
1783923180,2026-07-12T23:13:00-07:00,15
1783923240,2026-07-12T23:14:00-07:00,13
1783923300,2026-07-12T23:15:00-07:00,14
1783923360,2026-07-12T23:16:00-07:00,13
1783923420,2026-07-12T23:17:00-07:00,11
1783923480,2026-07-12T23:18:00-07:00,13
1783923540,2026-07-12T23:19:00-07:00,13
1783923600,2026-07-12T23:20:00-07:00,14
1783923660,2026-07-12T23:21:00-07:00,13
1783923720,2026-07-12T23:22:00-07:00,12
1783923780,2026-07-12T23:23:00-07:00,22
1783923840,2026-07-12T23:24:00-07:00,21
1783923900,2026-07-12T23:25:00-07:00,14
1783923960,2026-07-12T23:26:00-07:00,13
1783924020,2026-07-12T23:27:00-07:00,16
1783924080,2026-07-12T23:28:00-07:00,16
1783924140,2026-07-12T23:29:00-07:00,12
1783924200,2026-07-12T23:30:00-07:00,13
1783924260,2026-07-12T23:31:00-07:00,14
1783924320,2026-07-12T23:32:00-07:00,13
1783924380,2026-07-12T23:33:00-07:00,18
1783924440,2026-07-12T23:34:00-07:00,13
1783924500,2026-07-12T23:35:00-07:00,13
1783924560,2026-07-12T23:36:00-07:00,13
1783924620,2026-07-12T23:37:00-07:00,14
1783924680,2026-07-12T23:38:00-07:00,13
1783924740,2026-07-12T23:39:00-07:00,-1
1783924800,2026-07-12T23:40:00-07:00,14
1783924860,2026-07-12T23:41:00-07:00,12
1783924920,2026-07-12T23:42:00-07:00,17
1783924980,2026-07-12T23:43:00-07:00,13
1783925040,2026-07-12T23:44:00-07:00,14
1783925100,2026-07-12T23:45:00-07:00,14
1783925160,2026-07-12T23:46:00-07:00,14
1783925220,2026-07-12T23:47:00-07:00,16
1783925280,2026-07-12T23:48:00-07:00,14
1783925340,2026-07-12T23:49:00-07:00,14
1783925400,2026-07-12T23:50:00-07:00,14
1783925460,2026-07-12T23:51:00-07:00,14
1783925520,2026-07-12T23:52:00-07:00,13
1783925580,2026-07-12T23:53:00-07:00,14
1783925640,2026-07-12T23:54:00-07:00,15
1783925700,2026-07-12T23:55:00-07:00,15
1783925760,2026-07-12T23:56:00-07:00,14
1783925820,2026-07-12T23:57:00-07:00,14
1783925880,2026-07-12T23:58:00-07:00,15
1783925940,2026-07-12T23:59:00-07:00,12
1783926000,2026-07-13T00:00:00-07:00,15
1783926060,2026-07-13T00:01:00-07:00,13
1783926120,2026-07-13T00:02:00-07:00,17
1783926180,2026-07-13T00:03:00-07:00,13
1783926240,2026-07-13T00:04:00-07:00,13
1783926300,2026-07-13T00:05:00-07:00,13
1783926360,2026-07-13T00:06:00-07:00,14
1783926420,2026-07-13T00:07:00-07:00,18
1783926480,2026-07-13T00:08:00-07:00,13
1783926540,2026-07-13T00:09:00-07:00,13
1783926600,2026-07-13T00:10:00-07:00,14
1783926660,2026-07-13T00:11:00-07:00,14
1783926720,2026-07-13T00:12:00-07:00,13
1783926780,2026-07-13T00:13:00-07:00,13
1783926840,2026-07-13T00:14:00-07:00,14
1783926900,2026-07-13T00:15:00-07:00,16
1783926960,2026-07-13T00:16:00-07:00,16
1783927020,2026-07-13T00:17:00-07:00,13
1783927080,2026-07-13T00:18:00-07:00,14
1783927140,2026-07-13T00:19:00-07:00,14
1783927200,2026-07-13T00:20:00-07:00,15
1783927260,2026-07-13T00:21:00-07:00,17
1783927320,2026-07-13T00:22:00-07:00,13
1783927380,2026-07-13T00:23:00-07:00,13
1783927440,2026-07-13T00:24:00-07:00,14
1783927500,2026-07-13T00:25:00-07:00,14
1783927560,2026-07-13T00:26:00-07:00,14
1783927620,2026-07-13T00:27:00-07:00,-2
1783927680,2026-07-13T00:28:00-07:00,13
1783927740,2026-07-13T00:29:00-07:00,12
1783927800,2026-07-13T00:30:00-07:00,14
1783927860,2026-07-13T00:31:00-07:00,14
1783927920,2026-07-13T00:32:00-07:00,13
1783927980,2026-07-13T00:33:00-07:00,13
1783928040,2026-07-13T00:34:00-07:00,12
1783928100,2026-07-13T00:35:00-07:00,13
1783928160,2026-07-13T00:36:00-07:00,16
1783928220,2026-07-13T00:37:00-07:00,13
1783928280,2026-07-13T00:38:00-07:00,12
1783928340,2026-07-13T00:39:00-07:00,15
1783928400,2026-07-13T00:40:00-07:00,15
1783928460,2026-07-13T00:41:00-07:00,13
1783928520,2026-07-13T00:42:00-07:00,13
1783928580,2026-07-13T00:43:00-07:00,14
1783928640,2026-07-13T00:44:00-07:00,17
1783928700,2026-07-13T00:45:00-07:00,15
1783928760,2026-07-13T00:46:00-07:00,14
1783928820,2026-07-13T00:47:00-07:00,13
1783928880,2026-07-13T00:48:00-07:00,13
1783928940,2026-07-13T00:49:00-07:00,14
1783929000,2026-07-13T00:50:00-07:00,15
1783929060,2026-07-13T00:51:00-07:00,13
1783929120,2026-07-13T00:52:00-07:00,14
1783929180,2026-07-13T00:53:00-07:00,12
1783929240,2026-07-13T00:54:00-07:00,12
1783929300,2026-07-13T00:55:00-07:00,14
1783929360,2026-07-13T00:56:00-07:00,-2
1783929420,2026-07-13T00:57:00-07:00,14
1783929480,2026-07-13T00:58:00-07:00,12
1783929540,2026-07-13T00:59:00-07:00,14
1783929600,2026-07-13T01:00:00-07:00,12
1783929660,2026-07-13T01:01:00-07:00,14
1783929720,2026-07-13T01:02:00-07:00,12
1783929780,2026-07-13T01:03:00-07:00,18
1783929840,2026-07-13T01:04:00-07:00,14
1783929900,2026-07-13T01:05:00-07:00,15
1783929960,2026-07-13T01:06:00-07:00,13
1783930020,2026-07-13T01:07:00-07:00,12
1783930080,2026-07-13T01:08:00-07:00,13
1783930140,2026-07-13T01:09:00-07:00,13
1783930200,2026-07-13T01:10:00-07:00,13
1783930260,2026-07-13T01:11:00-07:00,14
1783930320,2026-07-13T01:12:00-07:00,13
1783930380,2026-07-13T01:13:00-07:00,12
1783930440,2026-07-13T01:14:00-07:00,13
1783930500,2026-07-13T01:15:00-07:00,13
1783930560,2026-07-13T01:16:00-07:00,13
1783930620,2026-07-13T01:17:00-07:00,15
1783930680,2026-07-13T01:18:00-07:00,12
1783930740,2026-07-13T01:19:00-07:00,14
1783930800,2026-07-13T01:20:00-07:00,13
1783930860,2026-07-13T01:21:00-07:00,13
1783930920,2026-07-13T01:22:00-07:00,12
1783930980,2026-07-13T01:23:00-07:00,15
1783931040,2026-07-13T01:24:00-07:00,13
1783931100,2026-07-13T01:25:00-07:00,12
1783931160,2026-07-13T01:26:00-07:00,14
1783931220,2026-07-13T01:27:00-07:00,15
1783931280,2026-07-13T01:28:00-07:00,13
1783931340,2026-07-13T01:29:00-07:00,13
1783931400,2026-07-13T01:30:00-07:00,14
1783931460,2026-07-13T01:31:00-07:00,14
1783931520,2026-07-13T01:32:00-07:00,13
1783931580,2026-07-13T01:33:00-07:00,13
1783931640,2026-07-13T01:34:00-07:00,13
1783931700,2026-07-13T01:35:00-07:00,13
1783931760,2026-07-13T01:36:00-07:00,13
1783931820,2026-07-13T01:37:00-07:00,11
1783931880,2026-07-13T01:38:00-07:00,12
1783931940,2026-07-13T01:39:00-07:00,13
1783932000,2026-07-13T01:40:00-07:00,13
1783932060,2026-07-13T01:41:00-07:00,13
1783932120,2026-07-13T01:42:00-07:00,13
1783932180,2026-07-13T01:43:00-07:00,13
1783932240,2026-07-13T01:44:00-07:00,14
1783932300,2026-07-13T01:45:00-07:00,14
1783932360,2026-07-13T01:46:00-07:00,13
1783932420,2026-07-13T01:47:00-07:00,15
1783932480,2026-07-13T01:48:00-07:00,14
1783932540,2026-07-13T01:49:00-07:00,14
1783932600,2026-07-13T01:50:00-07:00,12
1783932660,2026-07-13T01:51:00-07:00,13
1783932720,2026-07-13T01:52:00-07:00,12
1783932780,2026-07-13T01:53:00-07:00,14
1783932840,2026-07-13T01:54:00-07:00,13
1783932900,2026-07-13T01:55:00-07:00,12
1783932960,2026-07-13T01:56:00-07:00,13
1783933020,2026-07-13T01:57:00-07:00,12
1783933080,2026-07-13T01:58:00-07:00,13
1783933140,2026-07-13T01:59:00-07:00,12
1783933200,2026-07-13T02:00:00-07:00,14
1783933260,2026-07-13T02:01:00-07:00,14
1783933320,2026-07-13T02:02:00-07:00,13
1783933380,2026-07-13T02:03:00-07:00,14
1783933440,2026-07-13T02:04:00-07:00,16
1783933500,2026-07-13T02:05:00-07:00,12
1783933560,2026-07-13T02:06:00-07:00,13
1783933620,2026-07-13T02:07:00-07:00,13
1783933680,2026-07-13T02:08:00-07:00,13
1783933740,2026-07-13T02:09:00-07:00,15
1783933800,2026-07-13T02:10:00-07:00,12
1783933860,2026-07-13T02:11:00-07:00,13
1783933920,2026-07-13T02:12:00-07:00,12
1783933980,2026-07-13T02:13:00-07:00,13
1783934040,2026-07-13T02:14:00-07:00,13
1783934100,2026-07-13T02:15:00-07:00,13
1783934160,2026-07-13T02:16:00-07:00,14
1783934220,2026-07-13T02:17:00-07:00,14
1783934280,2026-07-13T02:18:00-07:00,14
1783934340,2026-07-13T02:19:00-07:00,15
1783934400,2026-07-13T02:20:00-07:00,12
1783934460,2026-07-13T02:21:00-07:00,13
1783934520,2026-07-13T02:22:00-07:00,13
1783934580,2026-07-13T02:23:00-07:00,15
1783934640,2026-07-13T02:24:00-07:00,15
1783934700,2026-07-13T02:25:00-07:00,12
1783934760,2026-07-13T02:26:00-07:00,14
1783934820,2026-07-13T02:27:00-07:00,12
1783934880,2026-07-13T02:28:00-07:00,12
1783934940,2026-07-13T02:29:00-07:00,14
1783935000,2026-07-13T02:30:00-07:00,13
1783935060,2026-07-13T02:31:00-07:00,13
1783935120,2026-07-13T02:32:00-07:00,14
1783935180,2026-07-13T02:33:00-07:00,-4
1783935240,2026-07-13T02:34:00-07:00,15
1783935300,2026-07-13T02:35:00-07:00,13
1783935360,2026-07-13T02:36:00-07:00,13
1783935420,2026-07-13T02:37:00-07:00,14
1783935480,2026-07-13T02:38:00-07:00,14
1783935540,2026-07-13T02:39:00-07:00,12
1783935600,2026-07-13T02:40:00-07:00,14
1783935660,2026-07-13T02:41:00-07:00,15
1783935720,2026-07-13T02:42:00-07:00,13
1783935780,2026-07-13T02:43:00-07:00,-5
1783935840,2026-07-13T02:44:00-07:00,12
1783935900,2026-07-13T02:45:00-07:00,14
1783935960,2026-07-13T02:46:00-07:00,15
1783936020,2026-07-13T02:47:00-07:00,15
1783936080,2026-07-13T02:48:00-07:00,15
1783936140,2026-07-13T02:49:00-07:00,14
1783936200,2026-07-13T02:50:00-07:00,13
1783936260,2026-07-13T02:51:00-07:00,13
1783936320,2026-07-13T02:52:00-07:00,15
1783936380,2026-07-13T02:53:00-07:00,13
1783936440,2026-07-13T02:54:00-07:00,15
1783936500,2026-07-13T02:55:00-07:00,15
1783936560,2026-07-13T02:56:00-07:00,12
1783936620,2026-07-13T02:57:00-07:00,13
1783936680,2026-07-13T02:58:00-07:00,12
1783936740,2026-07-13T02:59:00-07:00,12
1783936800,2026-07-13T03:00:00-07:00,12
1783936860,2026-07-13T03:01:00-07:00,16
1783936920,2026-07-13T03:02:00-07:00,13
1783936980,2026-07-13T03:03:00-07:00,14
1783937040,2026-07-13T03:04:00-07:00,13
1783937100,2026-07-13T03:05:00-07:00,12
1783937160,2026-07-13T03:06:00-07:00,14
1783937220,2026-07-13T03:07:00-07:00,14
1783937280,2026-07-13T03:08:00-07:00,14
1783937340,2026-07-13T03:09:00-07:00,14
1783937400,2026-07-13T03:10:00-07:00,14
1783937460,2026-07-13T03:11:00-07:00,13
1783937520,2026-07-13T03:12:00-07:00,-3
1783937580,2026-07-13T03:13:00-07:00,13
1783937640,2026-07-13T03:14:00-07:00,12
1783937700,2026-07-13T03:15:00-07:00,13
1783937760,2026-07-13T03:16:00-07:00,18
1783937820,2026-07-13T03:17:00-07:00,13
1783937880,2026-07-13T03:18:00-07:00,12
1783937940,2026-07-13T03:19:00-07:00,14
1783938000,2026-07-13T03:20:00-07:00,13
1783938060,2026-07-13T03:21:00-07:00,15
1783938120,2026-07-13T03:22:00-07:00,-1
1783938180,2026-07-13T03:23:00-07:00,12
1783938240,2026-07-13T03:24:00-07:00,13
1783938300,2026-07-13T03:25:00-07:00,12
1783938360,2026-07-13T03:26:00-07:00,12
1783938420,2026-07-13T03:27:00-07:00,14
1783938480,2026-07-13T03:28:00-07:00,13
1783938540,2026-07-13T03:29:00-07:00,14
1783938600,2026-07-13T03:30:00-07:00,13
1783938660,2026-07-13T03:31:00-07:00,12
1783938720,2026-07-13T03:32:00-07:00,13
1783938780,2026-07-13T03:33:00-07:00,12
1783938840,2026-07-13T03:34:00-07:00,18
1783938900,2026-07-13T03:35:00-07:00,14
1783938960,2026-07-13T03:36:00-07:00,13
1783939020,2026-07-13T03:37:00-07:00,15
1783939080,2026-07-13T03:38:00-07:00,14
1783939140,2026-07-13T03:39:00-07:00,16
1783939200,2026-07-13T03:40:00-07:00,14
1783939260,2026-07-13T03:41:00-07:00,14
1783939320,2026-07-13T03:42:00-07:00,14
1783939380,2026-07-13T03:43:00-07:00,14
1783939440,2026-07-13T03:44:00-07:00,14
1783939500,2026-07-13T03:45:00-07:00,12
1783939560,2026-07-13T03:46:00-07:00,-3
1783939620,2026-07-13T03:47:00-07:00,12
1783939680,2026-07-13T03:48:00-07:00,12
1783939740,2026-07-13T03:49:00-07:00,15
1783939800,2026-07-13T03:50:00-07:00,18
1783939860,2026-07-13T03:51:00-07:00,13
1783939920,2026-07-13T03:52:00-07:00,13
1783939980,2026-07-13T03:53:00-07:00,18
1783940040,2026-07-13T03:54:00-07:00,12
1783940100,2026-07-13T03:55:00-07:00,12
1783940160,2026-07-13T03:56:00-07:00,14
1783940220,2026-07-13T03:57:00-07:00,17
1783940280,2026-07-13T03:58:00-07:00,13
1783940340,2026-07-13T03:59:00-07:00,15
1783940400,2026-07-13T04:00:00-07:00,15
1783940460,2026-07-13T04:01:00-07:00,-4
1783940520,2026-07-13T04:02:00-07:00,13
1783940580,2026-07-13T04:03:00-07:00,13
1783940640,2026-07-13T04:04:00-07:00,11
1783940700,2026-07-13T04:05:00-07:00,13
1783940760,2026-07-13T04:06:00-07:00,13
1783940820,2026-07-13T04:07:00-07:00,12
1783940880,2026-07-13T04:08:00-07:00,12
1783940940,2026-07-13T04:09:00-07:00,13
1783941000,2026-07-13T04:10:00-07:00,13
1783941060,2026-07-13T04:11:00-07:00,14
1783941120,2026-07-13T04:12:00-07:00,14
1783941180,2026-07-13T04:13:00-07:00,14
1783941240,2026-07-13T04:14:00-07:00,13
1783941300,2026-07-13T04:15:00-07:00,13
1783941360,2026-07-13T04:16:00-07:00,12
1783941420,2026-07-13T04:17:00-07:00,14
1783941480,2026-07-13T04:18:00-07:00,13
1783941540,2026-07-13T04:19:00-07:00,12
1783941600,2026-07-13T04:20:00-07:00,14
1783941660,2026-07-13T04:21:00-07:00,13
1783941720,2026-07-13T04:22:00-07:00,13
1783941780,2026-07-13T04:23:00-07:00,13
1783941840,2026-07-13T04:24:00-07:00,13
1783941900,2026-07-13T04:25:00-07:00,13
1783941960,2026-07-13T04:26:00-07:00,13
1783942020,2026-07-13T04:27:00-07:00,14
1783942080,2026-07-13T04:28:00-07:00,13
1783942140,2026-07-13T04:29:00-07:00,14
1783942200,2026-07-13T04:30:00-07:00,-2
1783942260,2026-07-13T04:31:00-07:00,13
1783942320,2026-07-13T04:32:00-07:00,12
1783942380,2026-07-13T04:33:00-07:00,14
1783942440,2026-07-13T04:34:00-07:00,12
1783942500,2026-07-13T04:35:00-07:00,12
1783942560,2026-07-13T04:36:00-07:00,13
1783942620,2026-07-13T04:37:00-07:00,13
1783942680,2026-07-13T04:38:00-07:00,14
1783942740,2026-07-13T04:39:00-07:00,14
1783942800,2026-07-13T04:40:00-07:00,13
1783942860,2026-07-13T04:41:00-07:00,12
1783942920,2026-07-13T04:42:00-07:00,15
1783942980,2026-07-13T04:43:00-07:00,13
1783943040,2026-07-13T04:44:00-07:00,13
1783943100,2026-07-13T04:45:00-07:00,13
1783943160,2026-07-13T04:46:00-07:00,13
1783943220,2026-07-13T04:47:00-07:00,14
1783943280,2026-07-13T04:48:00-07:00,13
1783943340,2026-07-13T04:49:00-07:00,12
1783943400,2026-07-13T04:50:00-07:00,13
1783943460,2026-07-13T04:51:00-07:00,14
1783943520,2026-07-13T04:52:00-07:00,13
1783943580,2026-07-13T04:53:00-07:00,14
1783943640,2026-07-13T04:54:00-07:00,14
1783943700,2026-07-13T04:55:00-07:00,14
1783943760,2026-07-13T04:56:00-07:00,15
1783943820,2026-07-13T04:57:00-07:00,13
1783943880,2026-07-13T04:58:00-07:00,15
1783943940,2026-07-13T04:59:00-07:00,14
1783944000,2026-07-13T05:00:00-07:00,15
1783944060,2026-07-13T05:01:00-07:00,15
1783944120,2026-07-13T05:02:00-07:00,14
1783944180,2026-07-13T05:03:00-07:00,12
1783944240,2026-07-13T05:04:00-07:00,14
1783944300,2026-07-13T05:05:00-07:00,13
1783944360,2026-07-13T05:06:00-07:00,15
1783944420,2026-07-13T05:07:00-07:00,14
1783944480,2026-07-13T05:08:00-07:00,14
1783944540,2026-07-13T05:09:00-07:00,14
1783944600,2026-07-13T05:10:00-07:00,14
1783944660,2026-07-13T05:11:00-07:00,15
1783944720,2026-07-13T05:12:00-07:00,14
1783944780,2026-07-13T05:13:00-07:00,14
1783944840,2026-07-13T05:14:00-07:00,12
1783944900,2026-07-13T05:15:00-07:00,12
1783944960,2026-07-13T05:16:00-07:00,22
1783945020,2026-07-13T05:17:00-07:00,14
1783945080,2026-07-13T05:18:00-07:00,22
1783945140,2026-07-13T05:19:00-07:00,20
1783945200,2026-07-13T05:20:00-07:00,12
1783945260,2026-07-13T05:21:00-07:00,14
1783945320,2026-07-13T05:22:00-07:00,14
1783945380,2026-07-13T05:23:00-07:00,15
1783945440,2026-07-13T05:24:00-07:00,15
1783945500,2026-07-13T05:25:00-07:00,14
1783945560,2026-07-13T05:26:00-07:00,14
1783945620,2026-07-13T05:27:00-07:00,15
1783945680,2026-07-13T05:28:00-07:00,12
1783945740,2026-07-13T05:29:00-07:00,16
1783945800,2026-07-13T05:30:00-07:00,15
1783945860,2026-07-13T05:31:00-07:00,14
1783945920,2026-07-13T05:32:00-07:00,13
1783945980,2026-07-13T05:33:00-07:00,14
1783946040,2026-07-13T05:34:00-07:00,14
1783946100,2026-07-13T05:35:00-07:00,13
1783946160,2026-07-13T05:36:00-07:00,14
1783946220,2026-07-13T05:37:00-07:00,14
1783946280,2026-07-13T05:38:00-07:00,13
1783946340,2026-07-13T05:39:00-07:00,14
1783946400,2026-07-13T05:40:00-07:00,12
1783946460,2026-07-13T05:41:00-07:00,14
1783946520,2026-07-13T05:42:00-07:00,13
1783946580,2026-07-13T05:43:00-07:00,12
1783946640,2026-07-13T05:44:00-07:00,14
1783946700,2026-07-13T05:45:00-07:00,13
1783946760,2026-07-13T05:46:00-07:00,14
1783946820,2026-07-13T05:47:00-07:00,12
1783946880,2026-07-13T05:48:00-07:00,12
1783946940,2026-07-13T05:49:00-07:00,13
1783947000,2026-07-13T05:50:00-07:00,11
1783947060,2026-07-13T05:51:00-07:00,13
1783947120,2026-07-13T05:52:00-07:00,13
1783947180,2026-07-13T05:53:00-07:00,13
1783947240,2026-07-13T05:54:00-07:00,12
1783947300,2026-07-13T05:55:00-07:00,15
1783947360,2026-07-13T05:56:00-07:00,14
1783947420,2026-07-13T05:57:00-07:00,13
1783947480,2026-07-13T05:58:00-07:00,12
1783947540,2026-07-13T05:59:00-07:00,14
1783947600,2026-07-13T06:00:00-07:00,15
1783947660,2026-07-13T06:01:00-07:00,12
1783947720,2026-07-13T06:02:00-07:00,11
1783947780,2026-07-13T06:03:00-07:00,14
1783947840,2026-07-13T06:04:00-07:00,12
1783947900,2026-07-13T06:05:00-07:00,12
1783947960,2026-07-13T06:06:00-07:00,12
1783948020,2026-07-13T06:07:00-07:00,14
1783948080,2026-07-13T06:08:00-07:00,-5
1783948140,2026-07-13T06:09:00-07:00,12
1783948200,2026-07-13T06:10:00-07:00,13
1783948260,2026-07-13T06:11:00-07:00,12
1783948320,2026-07-13T06:12:00-07:00,13
1783948380,2026-07-13T06:13:00-07:00,13
1783948440,2026-07-13T06:14:00-07:00,14
1783948500,2026-07-13T06:15:00-07:00,12
1783948560,2026-07-13T06:16:00-07:00,15
1783948620,2026-07-13T06:17:00-07:00,12
1783948680,2026-07-13T06:18:00-07:00,-5
1783948740,2026-07-13T06:19:00-07:00,12
1783948800,2026-07-13T06:20:00-07:00,12
1783948860,2026-07-13T06:21:00-07:00,14
1783948920,2026-07-13T06:22:00-07:00,16
1783948980,2026-07-13T06:23:00-07:00,14
1783949040,2026-07-13T06:24:00-07:00,14
1783949100,2026-07-13T06:25:00-07:00,14
1783949160,2026-07-13T06:26:00-07:00,12
1783949220,2026-07-13T06:27:00-07:00,12
1783949280,2026-07-13T06:28:00-07:00,-5
1783949340,2026-07-13T06:29:00-07:00,14
1783949400,2026-07-13T06:30:00-07:00,15
1783949460,2026-07-13T06:31:00-07:00,14
1783949520,2026-07-13T06:32:00-07:00,12
1783949580,2026-07-13T06:33:00-07:00,16
1783949640,2026-07-13T06:34:00-07:00,15
1783949700,2026-07-13T06:35:00-07:00,13
1783949760,2026-07-13T06:36:00-07:00,13
1783949820,2026-07-13T06:37:00-07:00,12
1783949880,2026-07-13T06:38:00-07:00,12
1783949940,2026-07-13T06:39:00-07:00,12
1783950000,2026-07-13T06:40:00-07:00,14
1783950060,2026-07-13T06:41:00-07:00,14
1783950120,2026-07-13T06:42:00-07:00,13
1783950180,2026-07-13T06:43:00-07:00,11
1783950240,2026-07-13T06:44:00-07:00,13
1783950300,2026-07-13T06:45:00-07:00,14
1783950360,2026-07-13T06:46:00-07:00,13
1783950420,2026-07-13T06:47:00-07:00,-4
1783950480,2026-07-13T06:48:00-07:00,13
1783950540,2026-07-13T06:49:00-07:00,12
1783950600,2026-07-13T06:50:00-07:00,14
1783950660,2026-07-13T06:51:00-07:00,14
1783950720,2026-07-13T06:52:00-07:00,14
1783950780,2026-07-13T06:53:00-07:00,14
1783950840,2026-07-13T06:54:00-07:00,13
1783950900,2026-07-13T06:55:00-07:00,13
1783950960,2026-07-13T06:56:00-07:00,13
1783951020,2026-07-13T06:57:00-07:00,15
1783951080,2026-07-13T06:58:00-07:00,14
1783951140,2026-07-13T06:59:00-07:00,12
1783951200,2026-07-13T07:00:00-07:00,14
1783951260,2026-07-13T07:01:00-07:00,18
1783951320,2026-07-13T07:02:00-07:00,14
1783951380,2026-07-13T07:03:00-07:00,13
1783951440,2026-07-13T07:04:00-07:00,14
1783951500,2026-07-13T07:05:00-07:00,12
1783951560,2026-07-13T07:06:00-07:00,14
1783951620,2026-07-13T07:07:00-07:00,13
1783951680,2026-07-13T07:08:00-07:00,15
1783951740,2026-07-13T07:09:00-07:00,13
1783951800,2026-07-13T07:10:00-07:00,16
1783951860,2026-07-13T07:11:00-07:00,13
1783951920,2026-07-13T07:12:00-07:00,18
1783951980,2026-07-13T07:13:00-07:00,1
1783952040,2026-07-13T07:14:00-07:00,11
1783952100,2026-07-13T07:15:00-07:00,18
1783952160,2026-07-13T07:16:00-07:00,14
1783952220,2026-07-13T07:17:00-07:00,13
1783952280,2026-07-13T07:18:00-07:00,12
1783952340,2026-07-13T07:19:00-07:00,14
1783952400,2026-07-13T07:20:00-07:00,14
1783952460,2026-07-13T07:21:00-07:00,15
1783952520,2026-07-13T07:22:00-07:00,13
1783952580,2026-07-13T07:23:00-07:00,15
1783952640,2026-07-13T07:24:00-07:00,14
1783952700,2026-07-13T07:25:00-07:00,1
1783952760,2026-07-13T07:26:00-07:00,14
1783952820,2026-07-13T07:27:00-07:00,14
1783952880,2026-07-13T07:28:00-07:00,12
1783952940,2026-07-13T07:29:00-07:00,15
1783953000,2026-07-13T07:30:00-07:00,14
1783953060,2026-07-13T07:31:00-07:00,12
1783953120,2026-07-13T07:32:00-07:00,11
1783953180,2026-07-13T07:33:00-07:00,13
1783953240,2026-07-13T07:34:00-07:00,14
1783953300,2026-07-13T07:35:00-07:00,13
1783953360,2026-07-13T07:36:00-07:00,13
1783953420,2026-07-13T07:37:00-07:00,14
1783953480,2026-07-13T07:38:00-07:00,14
1783953540,2026-07-13T07:39:00-07:00,11
1783953600,2026-07-13T07:40:00-07:00,12
1783953660,2026-07-13T07:41:00-07:00,13
1783953720,2026-07-13T07:42:00-07:00,12
1783953780,2026-07-13T07:43:00-07:00,13
1783953840,2026-07-13T07:44:00-07:00,15
1783953900,2026-07-13T07:45:00-07:00,13
1783953960,2026-07-13T07:46:00-07:00,11
1783954020,2026-07-13T07:47:00-07:00,13
1783954080,2026-07-13T07:48:00-07:00,11
1783954140,2026-07-13T07:49:00-07:00,13
1783954200,2026-07-13T07:50:00-07:00,13
1783954260,2026-07-13T07:51:00-07:00,13
1783954320,2026-07-13T07:52:00-07:00,13
1783954380,2026-07-13T07:53:00-07:00,14
1783954440,2026-07-13T07:54:00-07:00,13
1783954500,2026-07-13T07:55:00-07:00,12
1783954560,2026-07-13T07:56:00-07:00,14
1783954620,2026-07-13T07:57:00-07:00,15
1783954680,2026-07-13T07:58:00-07:00,13
1783954740,2026-07-13T07:59:00-07:00,14
1783954800,2026-07-13T08:00:00-07:00,14
1783954860,2026-07-13T08:01:00-07:00,15
1783954920,2026-07-13T08:02:00-07:00,-2
1783954980,2026-07-13T08:03:00-07:00,12
1783955040,2026-07-13T08:04:00-07:00,14
1783955100,2026-07-13T08:05:00-07:00,13
1783955160,2026-07-13T08:06:00-07:00,13
1783955220,2026-07-13T08:07:00-07:00,14
1783955280,2026-07-13T08:08:00-07:00,13
1783955340,2026-07-13T08:09:00-07:00,12
1783955400,2026-07-13T08:10:00-07:00,11
1783955460,2026-07-13T08:11:00-07:00,13
1783955520,2026-07-13T08:12:00-07:00,13
1783955580,2026-07-13T08:13:00-07:00,13
1783955640,2026-07-13T08:14:00-07:00,12
1783955700,2026-07-13T08:15:00-07:00,13
1783955760,2026-07-13T08:16:00-07:00,13
1783955820,2026-07-13T08:17:00-07:00,12
1783955880,2026-07-13T08:18:00-07:00,17
1783955940,2026-07-13T08:19:00-07:00,14
1783956000,2026-07-13T08:20:00-07:00,12
1783956060,2026-07-13T08:21:00-07:00,12
1783956120,2026-07-13T08:22:00-07:00,11
1783956180,2026-07-13T08:23:00-07:00,13
1783956240,2026-07-13T08:24:00-07:00,16
1783956300,2026-07-13T08:25:00-07:00,14
1783956360,2026-07-13T08:26:00-07:00,13
1783956420,2026-07-13T08:27:00-07:00,14
1783956480,2026-07-13T08:28:00-07:00,12
1783956540,2026-07-13T08:29:00-07:00,12
1783956600,2026-07-13T08:30:00-07:00,14
1783956660,2026-07-13T08:31:00-07:00,14
1783956720,2026-07-13T08:32:00-07:00,16
1783956780,2026-07-13T08:33:00-07:00,14
1783956840,2026-07-13T08:34:00-07:00,13
1783956900,2026-07-13T08:35:00-07:00,12
1783956960,2026-07-13T08:36:00-07:00,14
1783957020,2026-07-13T08:37:00-07:00,13
1783957080,2026-07-13T08:38:00-07:00,15
1783957140,2026-07-13T08:39:00-07:00,14
1783957200,2026-07-13T08:40:00-07:00,14
1783957260,2026-07-13T08:41:00-07:00,15
1783957320,2026-07-13T08:42:00-07:00,13
1783957380,2026-07-13T08:43:00-07:00,14
1783957440,2026-07-13T08:44:00-07:00,18
1783957500,2026-07-13T08:45:00-07:00,18
1783957560,2026-07-13T08:46:00-07:00,11
1783957620,2026-07-13T08:47:00-07:00,12
1783957680,2026-07-13T08:48:00-07:00,17
1783957740,2026-07-13T08:49:00-07:00,14
1783957800,2026-07-13T08:50:00-07:00,14
1783957860,2026-07-13T08:51:00-07:00,13
1783957920,2026-07-13T08:52:00-07:00,13
1783957980,2026-07-13T08:53:00-07:00,11
1783958040,2026-07-13T08:54:00-07:00,12
1783958100,2026-07-13T08:55:00-07:00,14
1783958160,2026-07-13T08:56:00-07:00,12
1783958220,2026-07-13T08:57:00-07:00,12
1783958280,2026-07-13T08:58:00-07:00,13
1783958340,2026-07-13T08:59:00-07:00,13
1783958400,2026-07-13T09:00:00-07:00,12
1783958460,2026-07-13T09:01:00-07:00,12
1783958520,2026-07-13T09:02:00-07:00,14
1783958580,2026-07-13T09:03:00-07:00,14
1783958640,2026-07-13T09:04:00-07:00,14
1783958700,2026-07-13T09:05:00-07:00,13
1783958760,2026-07-13T09:06:00-07:00,17
1783958820,2026-07-13T09:07:00-07:00,13
1783958880,2026-07-13T09:08:00-07:00,13
1783958940,2026-07-13T09:09:00-07:00,11
1783959000,2026-07-13T09:10:00-07:00,15
1783959060,2026-07-13T09:11:00-07:00,13
1783959120,2026-07-13T09:12:00-07:00,16
1783959180,2026-07-13T09:13:00-07:00,-3
1783959240,2026-07-13T09:14:00-07:00,14
1783959300,2026-07-13T09:15:00-07:00,12
1783959360,2026-07-13T09:16:00-07:00,12
1783959420,2026-07-13T09:17:00-07:00,12
1783959480,2026-07-13T09:18:00-07:00,12
1783959540,2026-07-13T09:19:00-07:00,11
1783959600,2026-07-13T09:20:00-07:00,11
1783959660,2026-07-13T09:21:00-07:00,13
1783959720,2026-07-13T09:22:00-07:00,14
1783959780,2026-07-13T09:23:00-07:00,13
1783959840,2026-07-13T09:24:00-07:00,13
1783959900,2026-07-13T09:25:00-07:00,14
1783959960,2026-07-13T09:26:00-07:00,14
1783960020,2026-07-13T09:27:00-07:00,12
1783960080,2026-07-13T09:28:00-07:00,14
1783960140,2026-07-13T09:29:00-07:00,13
1783960200,2026-07-13T09:30:00-07:00,14
1783960260,2026-07-13T09:31:00-07:00,13
1783960320,2026-07-13T09:32:00-07:00,-1
1783960380,2026-07-13T09:33:00-07:00,13
1783960440,2026-07-13T09:34:00-07:00,14
1783960500,2026-07-13T09:35:00-07:00,13
1783960560,2026-07-13T09:36:00-07:00,11
1783960620,2026-07-13T09:37:00-07:00,13
1783960680,2026-07-13T09:38:00-07:00,15
1783960740,2026-07-13T09:39:00-07:00,-1
1783960800,2026-07-13T09:40:00-07:00,13
1783960860,2026-07-13T09:41:00-07:00,13
1783960920,2026-07-13T09:42:00-07:00,13
1783960980,2026-07-13T09:43:00-07:00,15
1783961040,2026-07-13T09:44:00-07:00,14
1783961100,2026-07-13T09:45:00-07:00,14
1783961160,2026-07-13T09:46:00-07:00,12
1783961220,2026-07-13T09:47:00-07:00,12
1783961280,2026-07-13T09:48:00-07:00,12
1783961340,2026-07-13T09:49:00-07:00,11
1783961400,2026-07-13T09:50:00-07:00,12
1783961460,2026-07-13T09:51:00-07:00,12
1783961520,2026-07-13T09:52:00-07:00,11
1783961580,2026-07-13T09:53:00-07:00,12
1783961640,2026-07-13T09:54:00-07:00,13
1783961700,2026-07-13T09:55:00-07:00,13
1783961760,2026-07-13T09:56:00-07:00,12
1783961820,2026-07-13T09:57:00-07:00,13
1783961880,2026-07-13T09:58:00-07:00,13
1783961940,2026-07-13T09:59:00-07:00,13
1783962000,2026-07-13T10:00:00-07:00,14
1783962060,2026-07-13T10:01:00-07:00,-2
1783962120,2026-07-13T10:02:00-07:00,16
1783962180,2026-07-13T10:03:00-07:00,12
1783962240,2026-07-13T10:04:00-07:00,13
1783962300,2026-07-13T10:05:00-07:00,12
1783962360,2026-07-13T10:06:00-07:00,12
1783962420,2026-07-13T10:07:00-07:00,13
1783962480,2026-07-13T10:08:00-07:00,13
1783962540,2026-07-13T10:09:00-07:00,15
1783962600,2026-07-13T10:10:00-07:00,13
1783962660,2026-07-13T10:11:00-07:00,11
1783962720,2026-07-13T10:12:00-07:00,14
1783962780,2026-07-13T10:13:00-07:00,12
1783962840,2026-07-13T10:14:00-07:00,13
1783962900,2026-07-13T10:15:00-07:00,13
1783962960,2026-07-13T10:16:00-07:00,12
1783963020,2026-07-13T10:17:00-07:00,11
1783963080,2026-07-13T10:18:00-07:00,14
1783963140,2026-07-13T10:19:00-07:00,13
1783963200,2026-07-13T10:20:00-07:00,12
1783963260,2026-07-13T10:21:00-07:00,13
1783963320,2026-07-13T10:22:00-07:00,12
1783963380,2026-07-13T10:23:00-07:00,14
1783963440,2026-07-13T10:24:00-07:00,13
1783963500,2026-07-13T10:25:00-07:00,14
1783963560,2026-07-13T10:26:00-07:00,12
1783963620,2026-07-13T10:27:00-07:00,15
1783963680,2026-07-13T10:28:00-07:00,12
1783963740,2026-07-13T10:29:00-07:00,12
1783963800,2026-07-13T10:30:00-07:00,14
1783963860,2026-07-13T10:31:00-07:00,14
1783963920,2026-07-13T10:32:00-07:00,13
1783963980,2026-07-13T10:33:00-07:00,14
1783964040,2026-07-13T10:34:00-07:00,13
1783964100,2026-07-13T10:35:00-07:00,12
1783964160,2026-07-13T10:36:00-07:00,13
1783964220,2026-07-13T10:37:00-07:00,13
1783964280,2026-07-13T10:38:00-07:00,14
1783964340,2026-07-13T10:39:00-07:00,13
1783964400,2026-07-13T10:40:00-07:00,13
1783964460,2026-07-13T10:41:00-07:00,13
1783964520,2026-07-13T10:42:00-07:00,14
1783964580,2026-07-13T10:43:00-07:00,1
1783964640,2026-07-13T10:44:00-07:00,14
1783964700,2026-07-13T10:45:00-07:00,13
1783964760,2026-07-13T10:46:00-07:00,13
1783964820,2026-07-13T10:47:00-07:00,14
1783964880,2026-07-13T10:48:00-07:00,12
1783964940,2026-07-13T10:49:00-07:00,12
1783965000,2026-07-13T10:50:00-07:00,12
1783965060,2026-07-13T10:51:00-07:00,11
1783965120,2026-07-13T10:52:00-07:00,13
1783965180,2026-07-13T10:53:00-07:00,12
1783965240,2026-07-13T10:54:00-07:00,12
1783965300,2026-07-13T10:55:00-07:00,11
1783965360,2026-07-13T10:56:00-07:00,14
1783965420,2026-07-13T10:57:00-07:00,12
1783965480,2026-07-13T10:58:00-07:00,13
1783965540,2026-07-13T10:59:00-07:00,13
1783965600,2026-07-13T11:00:00-07:00,-1
1783965660,2026-07-13T11:01:00-07:00,0
1783965720,2026-07-13T11:02:00-07:00,11
1783965780,2026-07-13T11:03:00-07:00,13
1783965840,2026-07-13T11:04:00-07:00,12
1783965900,2026-07-13T11:05:00-07:00,11
1783965960,2026-07-13T11:06:00-07:00,13
1783966020,2026-07-13T11:07:00-07:00,15
1783966080,2026-07-13T11:08:00-07:00,16
1783966140,2026-07-13T11:09:00-07:00,12
1783966200,2026-07-13T11:10:00-07:00,13
1783966260,2026-07-13T11:11:00-07:00,13
1783966320,2026-07-13T11:12:00-07:00,13
1783966380,2026-07-13T11:13:00-07:00,16
1783966440,2026-07-13T11:14:00-07:00,12
1783966500,2026-07-13T11:15:00-07:00,10
1783966560,2026-07-13T11:16:00-07:00,12
1783966620,2026-07-13T11:17:00-07:00,12
1783966680,2026-07-13T11:18:00-07:00,13
1783966740,2026-07-13T11:19:00-07:00,12
1783966800,2026-07-13T11:20:00-07:00,12
1783966860,2026-07-13T11:21:00-07:00,13
1783966920,2026-07-13T11:22:00-07:00,12
1783966980,2026-07-13T11:23:00-07:00,12
1783967040,2026-07-13T11:24:00-07:00,13
1783967100,2026-07-13T11:25:00-07:00,11
1783967160,2026-07-13T11:26:00-07:00,13
1783967220,2026-07-13T11:27:00-07:00,13
1783967280,2026-07-13T11:28:00-07:00,11
1783967340,2026-07-13T11:29:00-07:00,15
1783967400,2026-07-13T11:30:00-07:00,14
1783967460,2026-07-13T11:31:00-07:00,9
1783967520,2026-07-13T11:32:00-07:00,12
1783967580,2026-07-13T11:33:00-07:00,13
1783967640,2026-07-13T11:34:00-07:00,12
1783967700,2026-07-13T11:35:00-07:00,13
1783967760,2026-07-13T11:36:00-07:00,13
1783967820,2026-07-13T11:37:00-07:00,14
1783967880,2026-07-13T11:38:00-07:00,11
1783967940,2026-07-13T11:39:00-07:00,13
1783968000,2026-07-13T11:40:00-07:00,13
1783968060,2026-07-13T11:41:00-07:00,15
1783968120,2026-07-13T11:42:00-07:00,14
1783968180,2026-07-13T11:43:00-07:00,13
1783968240,2026-07-13T11:44:00-07:00,15
1783968300,2026-07-13T11:45:00-07:00,16
1783968360,2026-07-13T11:46:00-07:00,15
1783968420,2026-07-13T11:47:00-07:00,13
1783968480,2026-07-13T11:48:00-07:00,14
1783968540,2026-07-13T11:49:00-07:00,12
1783968600,2026-07-13T11:50:00-07:00,12
1783968660,2026-07-13T11:51:00-07:00,12
1783968720,2026-07-13T11:52:00-07:00,13
1783968780,2026-07-13T11:53:00-07:00,15
1783968840,2026-07-13T11:54:00-07:00,12
1783968900,2026-07-13T11:55:00-07:00,14
1783968960,2026-07-13T11:56:00-07:00,15
1783969020,2026-07-13T11:57:00-07:00,12
1783969080,2026-07-13T11:58:00-07:00,13
1783969140,2026-07-13T11:59:00-07:00,13
1783969200,2026-07-13T12:00:00-07:00,13
1783969260,2026-07-13T12:01:00-07:00,18
1783969320,2026-07-13T12:02:00-07:00,13
1783969380,2026-07-13T12:03:00-07:00,14
1783969440,2026-07-13T12:04:00-07:00,12
1783969500,2026-07-13T12:05:00-07:00,11
1783969560,2026-07-13T12:06:00-07:00,12
1783969620,2026-07-13T12:07:00-07:00,13
1783969680,2026-07-13T12:08:00-07:00,16
1783969740,2026-07-13T12:09:00-07:00,11
1783969800,2026-07-13T12:10:00-07:00,13
1783969860,2026-07-13T12:11:00-07:00,15
1783969920,2026-07-13T12:12:00-07:00,16
1783969980,2026-07-13T12:13:00-07:00,12
1783970040,2026-07-13T12:14:00-07:00,13
1783970100,2026-07-13T12:15:00-07:00,12
1783970160,2026-07-13T12:16:00-07:00,15
1783970220,2026-07-13T12:17:00-07:00,12
1783970280,2026-07-13T12:18:00-07:00,14
1783970340,2026-07-13T12:19:00-07:00,13
1783970400,2026-07-13T12:20:00-07:00,17
1783970460,2026-07-13T12:21:00-07:00,15
1783970520,2026-07-13T12:22:00-07:00,15
1783970580,2026-07-13T12:23:00-07:00,14
1783970640,2026-07-13T12:24:00-07:00,18
1783970700,2026-07-13T12:25:00-07:00,13
1783970760,2026-07-13T12:26:00-07:00,14
1783970820,2026-07-13T12:27:00-07:00,11
1783970880,2026-07-13T12:28:00-07:00,18
1783970940,2026-07-13T12:29:00-07:00,15
1783971000,2026-07-13T12:30:00-07:00,12
1783971060,2026-07-13T12:31:00-07:00,13
1783971120,2026-07-13T12:32:00-07:00,16
1783971180,2026-07-13T12:33:00-07:00,16
1783971240,2026-07-13T12:34:00-07:00,13
1783971300,2026-07-13T12:35:00-07:00,14
1783971360,2026-07-13T12:36:00-07:00,13
1783971420,2026-07-13T12:37:00-07:00,14
1783971480,2026-07-13T12:38:00-07:00,13
1783971540,2026-07-13T12:39:00-07:00,16
1783971600,2026-07-13T12:40:00-07:00,13
1783971660,2026-07-13T12:41:00-07:00,12
1783971720,2026-07-13T12:42:00-07:00,16
1783971780,2026-07-13T12:43:00-07:00,14
1783971840,2026-07-13T12:44:00-07:00,16
1783971900,2026-07-13T12:45:00-07:00,14
1783971960,2026-07-13T12:46:00-07:00,13
1783972020,2026-07-13T12:47:00-07:00,13
1783972080,2026-07-13T12:48:00-07:00,13
1783972140,2026-07-13T12:49:00-07:00,15
1783972200,2026-07-13T12:50:00-07:00,16
1783972260,2026-07-13T12:51:00-07:00,14
1783972320,2026-07-13T12:52:00-07:00,13
1783972380,2026-07-13T12:53:00-07:00,17
1783972440,2026-07-13T12:54:00-07:00,15
1783972500,2026-07-13T12:55:00-07:00,13
1783972560,2026-07-13T12:56:00-07:00,14
1783972620,2026-07-13T12:57:00-07:00,13
1783972680,2026-07-13T12:58:00-07:00,18
1783972740,2026-07-13T12:59:00-07:00,15
1783972800,2026-07-13T13:00:00-07:00,18
1783972860,2026-07-13T13:01:00-07:00,14
1783972920,2026-07-13T13:02:00-07:00,13
1783972980,2026-07-13T13:03:00-07:00,13
1783973040,2026-07-13T13:04:00-07:00,12
1783973100,2026-07-13T13:05:00-07:00,16
1783973160,2026-07-13T13:06:00-07:00,15
1783973220,2026-07-13T13:07:00-07:00,18
1783973280,2026-07-13T13:08:00-07:00,18
1783973340,2026-07-13T13:09:00-07:00,15
1783973400,2026-07-13T13:10:00-07:00,15
1783973460,2026-07-13T13:11:00-07:00,13
1783973520,2026-07-13T13:12:00-07:00,18
1783973580,2026-07-13T13:13:00-07:00,14
1783973640,2026-07-13T13:14:00-07:00,13
1783973700,2026-07-13T13:15:00-07:00,12
1783973760,2026-07-13T13:16:00-07:00,15
1783973820,2026-07-13T13:17:00-07:00,12
1783973880,2026-07-13T13:18:00-07:00,12
1783973940,2026-07-13T13:19:00-07:00,13
1783974000,2026-07-13T13:20:00-07:00,15
1783974060,2026-07-13T13:21:00-07:00,12
1783974120,2026-07-13T13:22:00-07:00,15
1783974180,2026-07-13T13:23:00-07:00,17
1783974240,2026-07-13T13:24:00-07:00,13
1783974300,2026-07-13T13:25:00-07:00,15
1783974360,2026-07-13T13:26:00-07:00,15
1783974420,2026-07-13T13:27:00-07:00,13
1783974480,2026-07-13T13:28:00-07:00,15
1783974540,2026-07-13T13:29:00-07:00,13
1783974600,2026-07-13T13:30:00-07:00,12
1783974660,2026-07-13T13:31:00-07:00,12
1783974720,2026-07-13T13:32:00-07:00,13
1783974780,2026-07-13T13:33:00-07:00,13
1783974840,2026-07-13T13:34:00-07:00,12
1783974900,2026-07-13T13:35:00-07:00,12
1783974960,2026-07-13T13:36:00-07:00,12
1783975020,2026-07-13T13:37:00-07:00,16
1783975080,2026-07-13T13:38:00-07:00,12
1783975140,2026-07-13T13:39:00-07:00,14
1783975200,2026-07-13T13:40:00-07:00,12
1783975260,2026-07-13T13:41:00-07:00,12
1783975320,2026-07-13T13:42:00-07:00,14
1783975380,2026-07-13T13:43:00-07:00,13
1783975440,2026-07-13T13:44:00-07:00,12
1783975500,2026-07-13T13:45:00-07:00,13
1783975560,2026-07-13T13:46:00-07:00,13
1783975620,2026-07-13T13:47:00-07:00,15
1783975680,2026-07-13T13:48:00-07:00,12
1783975740,2026-07-13T13:49:00-07:00,12
1783975800,2026-07-13T13:50:00-07:00,13
1783975860,2026-07-13T13:51:00-07:00,14
1783975920,2026-07-13T13:52:00-07:00,11
1783975980,2026-07-13T13:53:00-07:00,14
1783976040,2026-07-13T13:54:00-07:00,14
1783976100,2026-07-13T13:55:00-07:00,12
1783976160,2026-07-13T13:56:00-07:00,12
1783976220,2026-07-13T13:57:00-07:00,13
1783976280,2026-07-13T13:58:00-07:00,12
1783976340,2026-07-13T13:59:00-07:00,13
1783976400,2026-07-13T14:00:00-07:00,15
1783976460,2026-07-13T14:01:00-07:00,15
1783976520,2026-07-13T14:02:00-07:00,12
1783976580,2026-07-13T14:03:00-07:00,11
1783976640,2026-07-13T14:04:00-07:00,12
1783976700,2026-07-13T14:05:00-07:00,12
1783976760,2026-07-13T14:06:00-07:00,12
1783976820,2026-07-13T14:07:00-07:00,12
1783976880,2026-07-13T14:08:00-07:00,14
1783976940,2026-07-13T14:09:00-07:00,12
1783977000,2026-07-13T14:10:00-07:00,15
1783977060,2026-07-13T14:11:00-07:00,13
1783977120,2026-07-13T14:12:00-07:00,13
1783977180,2026-07-13T14:13:00-07:00,12
1783977240,2026-07-13T14:14:00-07:00,13
1783977300,2026-07-13T14:15:00-07:00,13
1783977360,2026-07-13T14:16:00-07:00,13
1783977420,2026-07-13T14:17:00-07:00,14
1783977480,2026-07-13T14:18:00-07:00,13
1783977540,2026-07-13T14:19:00-07:00,13
1783977600,2026-07-13T14:20:00-07:00,13
1783977660,2026-07-13T14:21:00-07:00,12
1783977720,2026-07-13T14:22:00-07:00,-2
1783977780,2026-07-13T14:23:00-07:00,12
1783977840,2026-07-13T14:24:00-07:00,13
1783977900,2026-07-13T14:25:00-07:00,12
1783977960,2026-07-13T14:26:00-07:00,14
1783978020,2026-07-13T14:27:00-07:00,13
1783978080,2026-07-13T14:28:00-07:00,12
1783978140,2026-07-13T14:29:00-07:00,11
1783978200,2026-07-13T14:30:00-07:00,13
1783978260,2026-07-13T14:31:00-07:00,15
1783978320,2026-07-13T14:32:00-07:00,15
1783978380,2026-07-13T14:33:00-07:00,12
1783978440,2026-07-13T14:34:00-07:00,13
1783978500,2026-07-13T14:35:00-07:00,16
1783978560,2026-07-13T14:36:00-07:00,13
1783978620,2026-07-13T14:37:00-07:00,12
1783978680,2026-07-13T14:38:00-07:00,12
1783978740,2026-07-13T14:39:00-07:00,14
1783978800,2026-07-13T14:40:00-07:00,13
1783978860,2026-07-13T14:41:00-07:00,14
1783978920,2026-07-13T14:42:00-07:00,-1
1783978980,2026-07-13T14:43:00-07:00,13
1783979040,2026-07-13T14:44:00-07:00,14
1783979100,2026-07-13T14:45:00-07:00,14
1783979160,2026-07-13T14:46:00-07:00,12
1783979220,2026-07-13T14:47:00-07:00,13
1783979280,2026-07-13T14:48:00-07:00,14
1783979340,2026-07-13T14:49:00-07:00,11
1783979400,2026-07-13T14:50:00-07:00,14
1783979460,2026-07-13T14:51:00-07:00,12
1783979520,2026-07-13T14:52:00-07:00,15
1783979580,2026-07-13T14:53:00-07:00,1
1783979640,2026-07-13T14:54:00-07:00,13
1783979700,2026-07-13T14:55:00-07:00,13
1783979760,2026-07-13T14:56:00-07:00,13
1783979820,2026-07-13T14:57:00-07:00,13
1783979880,2026-07-13T14:58:00-07:00,13
1783979940,2026-07-13T14:59:00-07:00,13
1783980000,2026-07-13T15:00:00-07:00,13
1783980060,2026-07-13T15:01:00-07:00,16
1783980120,2026-07-13T15:02:00-07:00,-1
1783980180,2026-07-13T15:03:00-07:00,11
1783980240,2026-07-13T15:04:00-07:00,12
1783980300,2026-07-13T15:05:00-07:00,14
1783980360,2026-07-13T15:06:00-07:00,12
1783980420,2026-07-13T15:07:00-07:00,13
1783980480,2026-07-13T15:08:00-07:00,16
1783980540,2026-07-13T15:09:00-07:00,12
1783980600,2026-07-13T15:10:00-07:00,13
1783980660,2026-07-13T15:11:00-07:00,13
1783980720,2026-07-13T15:12:00-07:00,12
1783980780,2026-07-13T15:13:00-07:00,14
1783980840,2026-07-13T15:14:00-07:00,12
1783980900,2026-07-13T15:15:00-07:00,14
1783980960,2026-07-13T15:16:00-07:00,17
1783981020,2026-07-13T15:17:00-07:00,13
1783981080,2026-07-13T15:18:00-07:00,14
1783981140,2026-07-13T15:19:00-07:00,16
1783981200,2026-07-13T15:20:00-07:00,12
1783981260,2026-07-13T15:21:00-07:00,17
1783981320,2026-07-13T15:22:00-07:00,18
1783981380,2026-07-13T15:23:00-07:00,14
1783981440,2026-07-13T15:24:00-07:00,13
1783981500,2026-07-13T15:25:00-07:00,14
1783981560,2026-07-13T15:26:00-07:00,14
1783981620,2026-07-13T15:27:00-07:00,13
1783981680,2026-07-13T15:28:00-07:00,13
1783981740,2026-07-13T15:29:00-07:00,14
1783981800,2026-07-13T15:30:00-07:00,14
1783981860,2026-07-13T15:31:00-07:00,13
1783981920,2026-07-13T15:32:00-07:00,-1
1783981980,2026-07-13T15:33:00-07:00,12
1783982040,2026-07-13T15:34:00-07:00,14
1783982100,2026-07-13T15:35:00-07:00,13
1783982160,2026-07-13T15:36:00-07:00,16
1783982220,2026-07-13T15:37:00-07:00,16
1783982280,2026-07-13T15:38:00-07:00,14
1783982340,2026-07-13T15:39:00-07:00,13
1783982400,2026-07-13T15:40:00-07:00,15
1783982460,2026-07-13T15:41:00-07:00,14
1783982520,2026-07-13T15:42:00-07:00,14
1783982580,2026-07-13T15:43:00-07:00,16
1783982640,2026-07-13T15:44:00-07:00,12
1783982700,2026-07-13T15:45:00-07:00,13
1783982760,2026-07-13T15:46:00-07:00,12
1783982820,2026-07-13T15:47:00-07:00,14
1783982880,2026-07-13T15:48:00-07:00,14
1783982940,2026-07-13T15:49:00-07:00,13
1783983000,2026-07-13T15:50:00-07:00,12
1783983060,2026-07-13T15:51:00-07:00,13
1783983120,2026-07-13T15:52:00-07:00,13
1783983180,2026-07-13T15:53:00-07:00,14
1783983240,2026-07-13T15:54:00-07:00,18
1783983300,2026-07-13T15:55:00-07:00,12
1783983360,2026-07-13T15:56:00-07:00,15
1783983420,2026-07-13T15:57:00-07:00,13
1783983480,2026-07-13T15:58:00-07:00,14
1783983540,2026-07-13T15:59:00-07:00,13
1783983600,2026-07-13T16:00:00-07:00,17
1783983660,2026-07-13T16:01:00-07:00,14
1783983720,2026-07-13T16:02:00-07:00,15
1783983780,2026-07-13T16:03:00-07:00,16
1783983840,2026-07-13T16:04:00-07:00,13
1783983900,2026-07-13T16:05:00-07:00,16
1783983960,2026-07-13T16:06:00-07:00,14
1783984020,2026-07-13T16:07:00-07:00,14
1783984080,2026-07-13T16:08:00-07:00,16
1783984140,2026-07-13T16:09:00-07:00,13
1783984200,2026-07-13T16:10:00-07:00,12
1783984260,2026-07-13T16:11:00-07:00,13
1783984320,2026-07-13T16:12:00-07:00,15
1783984380,2026-07-13T16:13:00-07:00,14
1783984440,2026-07-13T16:14:00-07:00,17
1783984500,2026-07-13T16:15:00-07:00,12
1783984560,2026-07-13T16:16:00-07:00,14
1783984620,2026-07-13T16:17:00-07:00,13
1783984680,2026-07-13T16:18:00-07:00,14
1783984740,2026-07-13T16:19:00-07:00,18
1783984800,2026-07-13T16:20:00-07:00,16
1783984860,2026-07-13T16:21:00-07:00,15
1783984920,2026-07-13T16:22:00-07:00,13
1783984980,2026-07-13T16:23:00-07:00,16
1783985040,2026-07-13T16:24:00-07:00,14
1783985100,2026-07-13T16:25:00-07:00,13
1783985160,2026-07-13T16:26:00-07:00,13
1783985220,2026-07-13T16:27:00-07:00,15
1783985280,2026-07-13T16:28:00-07:00,14
1783985340,2026-07-13T16:29:00-07:00,12
1783985400,2026-07-13T16:30:00-07:00,15
1783985460,2026-07-13T16:31:00-07:00,-2
1783985520,2026-07-13T16:32:00-07:00,17
1783985580,2026-07-13T16:33:00-07:00,17
1783985640,2026-07-13T16:34:00-07:00,12
1783985700,2026-07-13T16:35:00-07:00,15
1783985760,2026-07-13T16:36:00-07:00,13
1783985820,2026-07-13T16:37:00-07:00,13
1783985880,2026-07-13T16:38:00-07:00,13
1783985940,2026-07-13T16:39:00-07:00,14
1783986000,2026-07-13T16:40:00-07:00,11
1783986060,2026-07-13T16:41:00-07:00,17
1783986120,2026-07-13T16:42:00-07:00,13
1783986180,2026-07-13T16:43:00-07:00,12
1783986240,2026-07-13T16:44:00-07:00,16
1783986300,2026-07-13T16:45:00-07:00,14
1783986360,2026-07-13T16:46:00-07:00,15
1783986420,2026-07-13T16:47:00-07:00,12
1783986480,2026-07-13T16:48:00-07:00,13
1783986540,2026-07-13T16:49:00-07:00,14
1783986600,2026-07-13T16:50:00-07:00,1
1783986660,2026-07-13T16:51:00-07:00,14
1783986720,2026-07-13T16:52:00-07:00,2
1783986780,2026-07-13T16:53:00-07:00,16
1783986840,2026-07-13T16:54:00-07:00,13
1783986900,2026-07-13T16:55:00-07:00,13
1783986960,2026-07-13T16:56:00-07:00,14
1783987020,2026-07-13T16:57:00-07:00,14
1783987080,2026-07-13T16:58:00-07:00,16
1783987140,2026-07-13T16:59:00-07:00,17
1783987200,2026-07-13T17:00:00-07:00,13
1783987260,2026-07-13T17:01:00-07:00,13
1783987320,2026-07-13T17:02:00-07:00,15
1783987380,2026-07-13T17:03:00-07:00,14
1783987440,2026-07-13T17:04:00-07:00,12
1783987500,2026-07-13T17:05:00-07:00,16
1783987560,2026-07-13T17:06:00-07:00,16
1783987620,2026-07-13T17:07:00-07:00,15
1783987680,2026-07-13T17:08:00-07:00,13
1783987740,2026-07-13T17:09:00-07:00,14
1783987800,2026-07-13T17:10:00-07:00,13
1783987860,2026-07-13T17:11:00-07:00,12
1783987920,2026-07-13T17:12:00-07:00,13
1783987980,2026-07-13T17:13:00-07:00,-1
1783988040,2026-07-13T17:14:00-07:00,13
1783988100,2026-07-13T17:15:00-07:00,16
1783988160,2026-07-13T17:16:00-07:00,13
1783988220,2026-07-13T17:17:00-07:00,15
1783988280,2026-07-13T17:18:00-07:00,14
1783988340,2026-07-13T17:19:00-07:00,15
1783988400,2026-07-13T17:20:00-07:00,14
1783988460,2026-07-13T17:21:00-07:00,13
1783988520,2026-07-13T17:22:00-07:00,12
1783988580,2026-07-13T17:23:00-07:00,13
1783988640,2026-07-13T17:24:00-07:00,14
1783988700,2026-07-13T17:25:00-07:00,1
1783988760,2026-07-13T17:26:00-07:00,18
1783988820,2026-07-13T17:27:00-07:00,14
1783988880,2026-07-13T17:28:00-07:00,13
1783988940,2026-07-13T17:29:00-07:00,13
1783989000,2026-07-13T17:30:00-07:00,4
1783989060,2026-07-13T17:31:00-07:00,14
1783989120,2026-07-13T17:32:00-07:00,0
1783989180,2026-07-13T17:33:00-07:00,15
1783989240,2026-07-13T17:34:00-07:00,14
1783989300,2026-07-13T17:35:00-07:00,13
1783989360,2026-07-13T17:36:00-07:00,16
1783989420,2026-07-13T17:37:00-07:00,15
1783989480,2026-07-13T17:38:00-07:00,13
1783989540,2026-07-13T17:39:00-07:00,14
1783989600,2026-07-13T17:40:00-07:00,13
1783989660,2026-07-13T17:41:00-07:00,17
1783989720,2026-07-13T17:42:00-07:00,14
1783989780,2026-07-13T17:43:00-07:00,13
1783989840,2026-07-13T17:44:00-07:00,14
1783989900,2026-07-13T17:45:00-07:00,12
1783989960,2026-07-13T17:46:00-07:00,12
1783990020,2026-07-13T17:47:00-07:00,14
1783990080,2026-07-13T17:48:00-07:00,14
1783990140,2026-07-13T17:49:00-07:00,12
1783990200,2026-07-13T17:50:00-07:00,12
1783990260,2026-07-13T17:51:00-07:00,13
1783990320,2026-07-13T17:52:00-07:00,14
1783990380,2026-07-13T17:53:00-07:00,15
1783990440,2026-07-13T17:54:00-07:00,14
1783990500,2026-07-13T17:55:00-07:00,13
1783990560,2026-07-13T17:56:00-07:00,15
1783990620,2026-07-13T17:57:00-07:00,17
1783990680,2026-07-13T17:58:00-07:00,18
1783990740,2026-07-13T17:59:00-07:00,13
1783990800,2026-07-13T18:00:00-07:00,18
1783990860,2026-07-13T18:01:00-07:00,14
1783990920,2026-07-13T18:02:00-07:00,16
1783990980,2026-07-13T18:03:00-07:00,17
1783991040,2026-07-13T18:04:00-07:00,18
1783991100,2026-07-13T18:05:00-07:00,14
1783991160,2026-07-13T18:06:00-07:00,12
1783991220,2026-07-13T18:07:00-07:00,16
1783991280,2026-07-13T18:08:00-07:00,14
1783991340,2026-07-13T18:09:00-07:00,14
1783991400,2026-07-13T18:10:00-07:00,13
1783991460,2026-07-13T18:11:00-07:00,16
1783991520,2026-07-13T18:12:00-07:00,12
1783991580,2026-07-13T18:13:00-07:00,13
1783991640,2026-07-13T18:14:00-07:00,14
1783991700,2026-07-13T18:15:00-07:00,16
1783991760,2026-07-13T18:16:00-07:00,13
1783991820,2026-07-13T18:17:00-07:00,13
1783991880,2026-07-13T18:18:00-07:00,14
1783991940,2026-07-13T18:19:00-07:00,16
1783992000,2026-07-13T18:20:00-07:00,12
1783992060,2026-07-13T18:21:00-07:00,12
1783992120,2026-07-13T18:22:00-07:00,12
1783992180,2026-07-13T18:23:00-07:00,11
1783992240,2026-07-13T18:24:00-07:00,12
1783992300,2026-07-13T18:25:00-07:00,15
1783992360,2026-07-13T18:26:00-07:00,10
1783992420,2026-07-13T18:27:00-07:00,14
1783992480,2026-07-13T18:28:00-07:00,15
1783992540,2026-07-13T18:29:00-07:00,-1
1783992600,2026-07-13T18:30:00-07:00,13
1783992660,2026-07-13T18:31:00-07:00,13
1783992720,2026-07-13T18:32:00-07:00,15
1783992780,2026-07-13T18:33:00-07:00,15
1783992840,2026-07-13T18:34:00-07:00,13
1783992900,2026-07-13T18:35:00-07:00,11
1783992960,2026-07-13T18:36:00-07:00,13
1783993020,2026-07-13T18:37:00-07:00,12
1783993080,2026-07-13T18:38:00-07:00,13
1783993140,2026-07-13T18:39:00-07:00,13
1783993200,2026-07-13T18:40:00-07:00,12
1783993260,2026-07-13T18:41:00-07:00,11
1783993320,2026-07-13T18:42:00-07:00,11
1783993380,2026-07-13T18:43:00-07:00,12
1783993440,2026-07-13T18:44:00-07:00,15
1783993500,2026-07-13T18:45:00-07:00,13
1783993560,2026-07-13T18:46:00-07:00,13
1783993620,2026-07-13T18:47:00-07:00,14
1783993680,2026-07-13T18:48:00-07:00,13
1783993740,2026-07-13T18:49:00-07:00,12
1783993800,2026-07-13T18:50:00-07:00,16
1783993860,2026-07-13T18:51:00-07:00,13
1783993920,2026-07-13T18:52:00-07:00,14
1783993980,2026-07-13T18:53:00-07:00,13
1783994040,2026-07-13T18:54:00-07:00,13
1783994100,2026-07-13T18:55:00-07:00,14
1783994160,2026-07-13T18:56:00-07:00,14
1783994220,2026-07-13T18:57:00-07:00,12
1783994280,2026-07-13T18:58:00-07:00,13
1783994340,2026-07-13T18:59:00-07:00,13
1783994400,2026-07-13T19:00:00-07:00,14
1783994460,2026-07-13T19:01:00-07:00,13
1783994520,2026-07-13T19:02:00-07:00,13
1783994580,2026-07-13T19:03:00-07:00,17
1783994640,2026-07-13T19:04:00-07:00,10
1783994700,2026-07-13T19:05:00-07:00,13
1783994760,2026-07-13T19:06:00-07:00,14
1783994820,2026-07-13T19:07:00-07:00,-3
1783994880,2026-07-13T19:08:00-07:00,12
1783994940,2026-07-13T19:09:00-07:00,17
1783995000,2026-07-13T19:10:00-07:00,14
1783995060,2026-07-13T19:11:00-07:00,13
1783995120,2026-07-13T19:12:00-07:00,14
1783995180,2026-07-13T19:13:00-07:00,15
1783995240,2026-07-13T19:14:00-07:00,14
1783995300,2026-07-13T19:15:00-07:00,17
1783995360,2026-07-13T19:16:00-07:00,15
1783995420,2026-07-13T19:17:00-07:00,16
1783995480,2026-07-13T19:18:00-07:00,14
1783995540,2026-07-13T19:19:00-07:00,13
1783995600,2026-07-13T19:20:00-07:00,14
1783995660,2026-07-13T19:21:00-07:00,14
1783995720,2026-07-13T19:22:00-07:00,14
1783995780,2026-07-13T19:23:00-07:00,16
1783995840,2026-07-13T19:24:00-07:00,14
1783995900,2026-07-13T19:25:00-07:00,14
1783995960,2026-07-13T19:26:00-07:00,14
1783996020,2026-07-13T19:27:00-07:00,-1
1783996080,2026-07-13T19:28:00-07:00,15
1783996140,2026-07-13T19:29:00-07:00,14
1783996200,2026-07-13T19:30:00-07:00,13
1783996260,2026-07-13T19:31:00-07:00,13
1783996320,2026-07-13T19:32:00-07:00,13
1783996380,2026-07-13T19:33:00-07:00,13
1783996440,2026-07-13T19:34:00-07:00,12
1783996500,2026-07-13T19:35:00-07:00,13
1783996560,2026-07-13T19:36:00-07:00,14
1783996620,2026-07-13T19:37:00-07:00,14
1783996680,2026-07-13T19:38:00-07:00,17
1783996740,2026-07-13T19:39:00-07:00,13
1783996800,2026-07-13T19:40:00-07:00,13
1783996860,2026-07-13T19:41:00-07:00,11
1783996920,2026-07-13T19:42:00-07:00,16
1783996980,2026-07-13T19:43:00-07:00,13
1783997040,2026-07-13T19:44:00-07:00,12
1783997100,2026-07-13T19:45:00-07:00,15
1783997160,2026-07-13T19:46:00-07:00,-6
1783997220,2026-07-13T19:47:00-07:00,14
1783997280,2026-07-13T19:48:00-07:00,15
1783997340,2026-07-13T19:49:00-07:00,16
1783997400,2026-07-13T19:50:00-07:00,15
1783997460,2026-07-13T19:51:00-07:00,13
1783997520,2026-07-13T19:52:00-07:00,13
1783997580,2026-07-13T19:53:00-07:00,14
1783997640,2026-07-13T19:54:00-07:00,13
1783997700,2026-07-13T19:55:00-07:00,15
1783997760,2026-07-13T19:56:00-07:00,15
1783997820,2026-07-13T19:57:00-07:00,14
1783997880,2026-07-13T19:58:00-07:00,14
1783997940,2026-07-13T19:59:00-07:00,14
1783998000,2026-07-13T20:00:00-07:00,14
1783998060,2026-07-13T20:01:00-07:00,16
1783998120,2026-07-13T20:02:00-07:00,13
1783998180,2026-07-13T20:03:00-07:00,15
1783998240,2026-07-13T20:04:00-07:00,17
1783998300,2026-07-13T20:05:00-07:00,-2
1783998360,2026-07-13T20:06:00-07:00,14
1783998420,2026-07-13T20:07:00-07:00,14
1783998480,2026-07-13T20:08:00-07:00,13
1783998540,2026-07-13T20:09:00-07:00,14
1783998600,2026-07-13T20:10:00-07:00,14
1783998660,2026-07-13T20:11:00-07:00,13
1783998720,2026-07-13T20:12:00-07:00,15
1783998780,2026-07-13T20:13:00-07:00,14
1783998840,2026-07-13T20:14:00-07:00,17
1783998900,2026-07-13T20:15:00-07:00,12
1783998960,2026-07-13T20:16:00-07:00,12
1783999020,2026-07-13T20:17:00-07:00,18
1783999080,2026-07-13T20:18:00-07:00,16
1783999140,2026-07-13T20:19:00-07:00,14
1783999200,2026-07-13T20:20:00-07:00,13
1783999260,2026-07-13T20:21:00-07:00,13
1783999320,2026-07-13T20:22:00-07:00,13
1783999380,2026-07-13T20:23:00-07:00,14
1783999440,2026-07-13T20:24:00-07:00,13
1783999500,2026-07-13T20:25:00-07:00,14
1783999560,2026-07-13T20:26:00-07:00,14
1783999620,2026-07-13T20:27:00-07:00,12
1783999680,2026-07-13T20:28:00-07:00,16
1783999740,2026-07-13T20:29:00-07:00,17
1783999800,2026-07-13T20:30:00-07:00,14
1783999860,2026-07-13T20:31:00-07:00,14
1783999920,2026-07-13T20:32:00-07:00,13
1783999980,2026-07-13T20:33:00-07:00,13
1784000040,2026-07-13T20:34:00-07:00,16
1784000100,2026-07-13T20:35:00-07:00,17
1784000160,2026-07-13T20:36:00-07:00,17
1784000220,2026-07-13T20:37:00-07:00,12
1784000280,2026-07-13T20:38:00-07:00,12
1784000340,2026-07-13T20:39:00-07:00,14
1784000400,2026-07-13T20:40:00-07:00,13
1784000460,2026-07-13T20:41:00-07:00,18
1784000520,2026-07-13T20:42:00-07:00,13
1784000580,2026-07-13T20:43:00-07:00,17
1784000640,2026-07-13T20:44:00-07:00,12
1784000700,2026-07-13T20:45:00-07:00,-3
1784000760,2026-07-13T20:46:00-07:00,12
1784000820,2026-07-13T20:47:00-07:00,12
1784000880,2026-07-13T20:48:00-07:00,14
1784000940,2026-07-13T20:49:00-07:00,13
1784001000,2026-07-13T20:50:00-07:00,12
1784001060,2026-07-13T20:51:00-07:00,13
1784001120,2026-07-13T20:52:00-07:00,12
1784001180,2026-07-13T20:53:00-07:00,13
1784001240,2026-07-13T20:54:00-07:00,13
1784001300,2026-07-13T20:55:00-07:00,13
1784001360,2026-07-13T20:56:00-07:00,13
1784001420,2026-07-13T20:57:00-07:00,11
1784001480,2026-07-13T20:58:00-07:00,13
1784001540,2026-07-13T20:59:00-07:00,13
1784001600,2026-07-13T21:00:00-07:00,13
1784001660,2026-07-13T21:01:00-07:00,16
1784001720,2026-07-13T21:02:00-07:00,13
1784001780,2026-07-13T21:03:00-07:00,14
1784001840,2026-07-13T21:04:00-07:00,13
1784001900,2026-07-13T21:05:00-07:00,14
1784001960,2026-07-13T21:06:00-07:00,13
1784002020,2026-07-13T21:07:00-07:00,13
1784002080,2026-07-13T21:08:00-07:00,13
1784002140,2026-07-13T21:09:00-07:00,13
1784002200,2026-07-13T21:10:00-07:00,13
1784002260,2026-07-13T21:11:00-07:00,13
1784002320,2026-07-13T21:12:00-07:00,13
1784002380,2026-07-13T21:13:00-07:00,12
1784002440,2026-07-13T21:14:00-07:00,13
1784002500,2026-07-13T21:15:00-07:00,13
1784002560,2026-07-13T21:16:00-07:00,14
1784002620,2026-07-13T21:17:00-07:00,12
1784002680,2026-07-13T21:18:00-07:00,13
1784002740,2026-07-13T21:19:00-07:00,13
1784002800,2026-07-13T21:20:00-07:00,14
1784002860,2026-07-13T21:21:00-07:00,16
1784002920,2026-07-13T21:22:00-07:00,13
1784002980,2026-07-13T21:23:00-07:00,12
1784003040,2026-07-13T21:24:00-07:00,13
1784003100,2026-07-13T21:25:00-07:00,13
1784003160,2026-07-13T21:26:00-07:00,14
1784003220,2026-07-13T21:27:00-07:00,14
1784003280,2026-07-13T21:28:00-07:00,13
1784003340,2026-07-13T21:29:00-07:00,13
1784003400,2026-07-13T21:30:00-07:00,12
1784003460,2026-07-13T21:31:00-07:00,13
1784003520,2026-07-13T21:32:00-07:00,12
1784003580,2026-07-13T21:33:00-07:00,16
1784003640,2026-07-13T21:34:00-07:00,-4
1784003700,2026-07-13T21:35:00-07:00,13
1784003760,2026-07-13T21:36:00-07:00,13
1784003820,2026-07-13T21:37:00-07:00,13
1784003880,2026-07-13T21:38:00-07:00,13
1784003940,2026-07-13T21:39:00-07:00,13
1784004000,2026-07-13T21:40:00-07:00,13
1784004060,2026-07-13T21:41:00-07:00,12
1784004120,2026-07-13T21:42:00-07:00,13
1784004180,2026-07-13T21:43:00-07:00,16
1784004240,2026-07-13T21:44:00-07:00,14
1784004300,2026-07-13T21:45:00-07:00,12
1784004360,2026-07-13T21:46:00-07:00,13
1784004420,2026-07-13T21:47:00-07:00,13
1784004480,2026-07-13T21:48:00-07:00,15
1784004540,2026-07-13T21:49:00-07:00,13
1784004600,2026-07-13T21:50:00-07:00,14
1784004660,2026-07-13T21:51:00-07:00,12
1784004720,2026-07-13T21:52:00-07:00,13
1784004780,2026-07-13T21:53:00-07:00,14
1784004840,2026-07-13T21:54:00-07:00,14
1784004900,2026-07-13T21:55:00-07:00,14
1784004960,2026-07-13T21:56:00-07:00,12
1784005020,2026-07-13T21:57:00-07:00,13
1784005080,2026-07-13T21:58:00-07:00,13
1784005140,2026-07-13T21:59:00-07:00,13
1784005200,2026-07-13T22:00:00-07:00,14
1784005260,2026-07-13T22:01:00-07:00,13
1784005320,2026-07-13T22:02:00-07:00,14
1784005380,2026-07-13T22:03:00-07:00,13
1784005440,2026-07-13T22:04:00-07:00,15
1784005500,2026-07-13T22:05:00-07:00,14
1784005560,2026-07-13T22:06:00-07:00,13
1784005620,2026-07-13T22:07:00-07:00,14
1784005680,2026-07-13T22:08:00-07:00,13
1784005740,2026-07-13T22:09:00-07:00,13
1784005800,2026-07-13T22:10:00-07:00,13
1784005860,2026-07-13T22:11:00-07:00,15
1784005920,2026-07-13T22:12:00-07:00,0
1784005980,2026-07-13T22:13:00-07:00,13
1784006040,2026-07-13T22:14:00-07:00,16
1784006100,2026-07-13T22:15:00-07:00,13
1784006160,2026-07-13T22:16:00-07:00,15
1784006220,2026-07-13T22:17:00-07:00,13
1784006280,2026-07-13T22:18:00-07:00,13
1784006340,2026-07-13T22:19:00-07:00,14
1784006400,2026-07-13T22:20:00-07:00,16
1784006460,2026-07-13T22:21:00-07:00,15
1784006520,2026-07-13T22:22:00-07:00,16
1784006580,2026-07-13T22:23:00-07:00,14
1784006640,2026-07-13T22:24:00-07:00,15
1784006700,2026-07-13T22:25:00-07:00,12
1784006760,2026-07-13T22:26:00-07:00,13
1784006820,2026-07-13T22:27:00-07:00,12
1784006880,2026-07-13T22:28:00-07:00,12
1784006940,2026-07-13T22:29:00-07:00,14
1784007000,2026-07-13T22:30:00-07:00,14
1784007060,2026-07-13T22:31:00-07:00,13
1784007120,2026-07-13T22:32:00-07:00,13
1784007180,2026-07-13T22:33:00-07:00,13
1784007240,2026-07-13T22:34:00-07:00,14
1784007300,2026-07-13T22:35:00-07:00,14
1784007360,2026-07-13T22:36:00-07:00,12
1784007420,2026-07-13T22:37:00-07:00,16
1784007480,2026-07-13T22:38:00-07:00,15
1784007540,2026-07-13T22:39:00-07:00,13
1784007600,2026-07-13T22:40:00-07:00,13
1784007660,2026-07-13T22:41:00-07:00,13
1784007720,2026-07-13T22:42:00-07:00,13
1784007780,2026-07-13T22:43:00-07:00,13
1784007840,2026-07-13T22:44:00-07:00,14
1784007900,2026-07-13T22:45:00-07:00,12
1784007960,2026-07-13T22:46:00-07:00,14
1784008020,2026-07-13T22:47:00-07:00,15
1784008080,2026-07-13T22:48:00-07:00,13
1784008140,2026-07-13T22:49:00-07:00,13
1784008200,2026-07-13T22:50:00-07:00,12
1784008260,2026-07-13T22:51:00-07:00,14
1784008320,2026-07-13T22:52:00-07:00,14
1784008380,2026-07-13T22:53:00-07:00,14
1784008440,2026-07-13T22:54:00-07:00,12
1784008500,2026-07-13T22:55:00-07:00,13
1784008560,2026-07-13T22:56:00-07:00,14
1784008620,2026-07-13T22:57:00-07:00,13
1784008680,2026-07-13T22:58:00-07:00,13
1784008740,2026-07-13T22:59:00-07:00,13
1784008800,2026-07-13T23:00:00-07:00,13
1784008860,2026-07-13T23:01:00-07:00,-1
1784008920,2026-07-13T23:02:00-07:00,16
1784008980,2026-07-13T23:03:00-07:00,15
1784009040,2026-07-13T23:04:00-07:00,13
1784009100,2026-07-13T23:05:00-07:00,13
1784009160,2026-07-13T23:06:00-07:00,15
1784009220,2026-07-13T23:07:00-07:00,14
1784009280,2026-07-13T23:08:00-07:00,13
1784009340,2026-07-13T23:09:00-07:00,15
1784009400,2026-07-13T23:10:00-07:00,14
1784009460,2026-07-13T23:11:00-07:00,13
1784009520,2026-07-13T23:12:00-07:00,14
1784009580,2026-07-13T23:13:00-07:00,13
1784009640,2026-07-13T23:14:00-07:00,14
1784009700,2026-07-13T23:15:00-07:00,12
1784009760,2026-07-13T23:16:00-07:00,14
1784009820,2026-07-13T23:17:00-07:00,13
1784009880,2026-07-13T23:18:00-07:00,14
1784009940,2026-07-13T23:19:00-07:00,14
1784010000,2026-07-13T23:20:00-07:00,12
1784010060,2026-07-13T23:21:00-07:00,14
1784010120,2026-07-13T23:22:00-07:00,14
1784010180,2026-07-13T23:23:00-07:00,16
1784010240,2026-07-13T23:24:00-07:00,14
1784010300,2026-07-13T23:25:00-07:00,14
1784010360,2026-07-13T23:26:00-07:00,13
1784010420,2026-07-13T23:27:00-07:00,14
1784010480,2026-07-13T23:28:00-07:00,14
1784010540,2026-07-13T23:29:00-07:00,12
1784010600,2026-07-13T23:30:00-07:00,13
1784010660,2026-07-13T23:31:00-07:00,15
1784010720,2026-07-13T23:32:00-07:00,14
1784010780,2026-07-13T23:33:00-07:00,15
1784010840,2026-07-13T23:34:00-07:00,13
1784010900,2026-07-13T23:35:00-07:00,17
1784010960,2026-07-13T23:36:00-07:00,12
1784011020,2026-07-13T23:37:00-07:00,13
1784011080,2026-07-13T23:38:00-07:00,11
1784011140,2026-07-13T23:39:00-07:00,12
1784011200,2026-07-13T23:40:00-07:00,12
1784011260,2026-07-13T23:41:00-07:00,14
1784011320,2026-07-13T23:42:00-07:00,14
1784011380,2026-07-13T23:43:00-07:00,13
1784011440,2026-07-13T23:44:00-07:00,13
1784011500,2026-07-13T23:45:00-07:00,16
1784011560,2026-07-13T23:46:00-07:00,13
1784011620,2026-07-13T23:47:00-07:00,12
1784011680,2026-07-13T23:48:00-07:00,13
1784011740,2026-07-13T23:49:00-07:00,-1
1784011800,2026-07-13T23:50:00-07:00,12
1784011860,2026-07-13T23:51:00-07:00,13
1784011920,2026-07-13T23:52:00-07:00,12
1784011980,2026-07-13T23:53:00-07:00,12
1784012040,2026-07-13T23:54:00-07:00,11
1784012100,2026-07-13T23:55:00-07:00,13
1784012160,2026-07-13T23:56:00-07:00,12
1784012220,2026-07-13T23:57:00-07:00,14
1784012280,2026-07-13T23:58:00-07:00,13
1784012340,2026-07-13T23:59:00-07:00,13
1784012400,2026-07-14T00:00:00-07:00,14
1784012460,2026-07-14T00:01:00-07:00,13
1784012520,2026-07-14T00:02:00-07:00,13
1784012580,2026-07-14T00:03:00-07:00,15
1784012640,2026-07-14T00:04:00-07:00,13
1784012700,2026-07-14T00:05:00-07:00,12
1784012760,2026-07-14T00:06:00-07:00,13
1784012820,2026-07-14T00:07:00-07:00,15
1784012880,2026-07-14T00:08:00-07:00,12
1784012940,2026-07-14T00:09:00-07:00,12
1784013000,2026-07-14T00:10:00-07:00,14
1784013060,2026-07-14T00:11:00-07:00,14
1784013120,2026-07-14T00:12:00-07:00,13
1784013180,2026-07-14T00:13:00-07:00,13
1784013240,2026-07-14T00:14:00-07:00,14
1784013300,2026-07-14T00:15:00-07:00,14
1784013360,2026-07-14T00:16:00-07:00,13
1784013420,2026-07-14T00:17:00-07:00,12
1784013480,2026-07-14T00:18:00-07:00,13
1784013540,2026-07-14T00:19:00-07:00,12
1784013600,2026-07-14T00:20:00-07:00,12
1784013660,2026-07-14T00:21:00-07:00,13
1784013720,2026-07-14T00:22:00-07:00,12
1784013780,2026-07-14T00:23:00-07:00,13
1784013840,2026-07-14T00:24:00-07:00,15
1784013900,2026-07-14T00:25:00-07:00,13
1784013960,2026-07-14T00:26:00-07:00,12
1784014020,2026-07-14T00:27:00-07:00,13
1784014080,2026-07-14T00:28:00-07:00,12
1784014140,2026-07-14T00:29:00-07:00,12
1784014200,2026-07-14T00:30:00-07:00,12
1784014260,2026-07-14T00:31:00-07:00,15
1784014320,2026-07-14T00:32:00-07:00,13
1784014380,2026-07-14T00:33:00-07:00,12
1784014440,2026-07-14T00:34:00-07:00,12
1784014500,2026-07-14T00:35:00-07:00,12
1784014560,2026-07-14T00:36:00-07:00,12
1784014620,2026-07-14T00:37:00-07:00,14
1784014680,2026-07-14T00:38:00-07:00,14
1784014740,2026-07-14T00:39:00-07:00,14
1784014800,2026-07-14T00:40:00-07:00,11
1784014860,2026-07-14T00:41:00-07:00,14
1784014920,2026-07-14T00:42:00-07:00,11
1784014980,2026-07-14T00:43:00-07:00,12
1784015040,2026-07-14T00:44:00-07:00,13
1784015100,2026-07-14T00:45:00-07:00,14
1784015160,2026-07-14T00:46:00-07:00,13
1784015220,2026-07-14T00:47:00-07:00,-1
1784015280,2026-07-14T00:48:00-07:00,12
1784015340,2026-07-14T00:49:00-07:00,14
1784015400,2026-07-14T00:50:00-07:00,13
1784015460,2026-07-14T00:51:00-07:00,13
1784015520,2026-07-14T00:52:00-07:00,13
1784015580,2026-07-14T00:53:00-07:00,14
1784015640,2026-07-14T00:54:00-07:00,17
1784015700,2026-07-14T00:55:00-07:00,13
1784015760,2026-07-14T00:56:00-07:00,14
1784015820,2026-07-14T00:57:00-07:00,15
1784015880,2026-07-14T00:58:00-07:00,13
1784015940,2026-07-14T00:59:00-07:00,13
1784016000,2026-07-14T01:00:00-07:00,13
1784016060,2026-07-14T01:01:00-07:00,14
1784016120,2026-07-14T01:02:00-07:00,14
1784016180,2026-07-14T01:03:00-07:00,14
1784016240,2026-07-14T01:04:00-07:00,13
1784016300,2026-07-14T01:05:00-07:00,14
1784016360,2026-07-14T01:06:00-07:00,-3
1784016420,2026-07-14T01:07:00-07:00,13
1784016480,2026-07-14T01:08:00-07:00,14
1784016540,2026-07-14T01:09:00-07:00,13
1784016600,2026-07-14T01:10:00-07:00,12
1784016660,2026-07-14T01:11:00-07:00,12
1784016720,2026-07-14T01:12:00-07:00,17
1784016780,2026-07-14T01:13:00-07:00,15
1784016840,2026-07-14T01:14:00-07:00,14
1784016900,2026-07-14T01:15:00-07:00,14
1784016960,2026-07-14T01:16:00-07:00,13
1784017020,2026-07-14T01:17:00-07:00,14
1784017080,2026-07-14T01:18:00-07:00,12
1784017140,2026-07-14T01:19:00-07:00,12
1784017200,2026-07-14T01:20:00-07:00,14
1784017260,2026-07-14T01:21:00-07:00,14
1784017320,2026-07-14T01:22:00-07:00,13
1784017380,2026-07-14T01:23:00-07:00,13
1784017440,2026-07-14T01:24:00-07:00,13
1784017500,2026-07-14T01:25:00-07:00,13
1784017560,2026-07-14T01:26:00-07:00,14
1784017620,2026-07-14T01:27:00-07:00,13
1784017680,2026-07-14T01:28:00-07:00,15
1784017740,2026-07-14T01:29:00-07:00,14
1784017800,2026-07-14T01:30:00-07:00,15
1784017860,2026-07-14T01:31:00-07:00,14
1784017920,2026-07-14T01:32:00-07:00,14
1784017980,2026-07-14T01:33:00-07:00,14
1784018040,2026-07-14T01:34:00-07:00,14
1784018100,2026-07-14T01:35:00-07:00,13
1784018160,2026-07-14T01:36:00-07:00,13
1784018220,2026-07-14T01:37:00-07:00,14
1784018280,2026-07-14T01:38:00-07:00,12
1784018340,2026-07-14T01:39:00-07:00,13
1784018400,2026-07-14T01:40:00-07:00,13
1784018460,2026-07-14T01:41:00-07:00,15
1784018520,2026-07-14T01:42:00-07:00,16
1784018580,2026-07-14T01:43:00-07:00,15
1784018640,2026-07-14T01:44:00-07:00,14
1784018700,2026-07-14T01:45:00-07:00,-5
1784018760,2026-07-14T01:46:00-07:00,13
1784018820,2026-07-14T01:47:00-07:00,15
1784018880,2026-07-14T01:48:00-07:00,14
1784018940,2026-07-14T01:49:00-07:00,14
1784019000,2026-07-14T01:50:00-07:00,14
1784019060,2026-07-14T01:51:00-07:00,12
1784019120,2026-07-14T01:52:00-07:00,15
1784019180,2026-07-14T01:53:00-07:00,13
1784019240,2026-07-14T01:54:00-07:00,13
1784019300,2026-07-14T01:55:00-07:00,12
1784019360,2026-07-14T01:56:00-07:00,14
1784019420,2026-07-14T01:57:00-07:00,13
1784019480,2026-07-14T01:58:00-07:00,14
1784019540,2026-07-14T01:59:00-07:00,14
1784019600,2026-07-14T02:00:00-07:00,13
1784019660,2026-07-14T02:01:00-07:00,13
1784019720,2026-07-14T02:02:00-07:00,13
1784019780,2026-07-14T02:03:00-07:00,12
1784019840,2026-07-14T02:04:00-07:00,13
1784019900,2026-07-14T02:05:00-07:00,13
1784019960,2026-07-14T02:06:00-07:00,12
1784020020,2026-07-14T02:07:00-07:00,14
1784020080,2026-07-14T02:08:00-07:00,17
1784020140,2026-07-14T02:09:00-07:00,15
1784020200,2026-07-14T02:10:00-07:00,12
1784020260,2026-07-14T02:11:00-07:00,14
1784020320,2026-07-14T02:12:00-07:00,13
1784020380,2026-07-14T02:13:00-07:00,15
1784020440,2026-07-14T02:14:00-07:00,-5
1784020500,2026-07-14T02:15:00-07:00,14
1784020560,2026-07-14T02:16:00-07:00,12
1784020620,2026-07-14T02:17:00-07:00,15
1784020680,2026-07-14T02:18:00-07:00,15
1784020740,2026-07-14T02:19:00-07:00,14
1784020800,2026-07-14T02:20:00-07:00,15
1784020860,2026-07-14T02:21:00-07:00,15
1784020920,2026-07-14T02:22:00-07:00,13
1784020980,2026-07-14T02:23:00-07:00,12
1784021040,2026-07-14T02:24:00-07:00,14
1784021100,2026-07-14T02:25:00-07:00,13
1784021160,2026-07-14T02:26:00-07:00,12
1784021220,2026-07-14T02:27:00-07:00,13
1784021280,2026-07-14T02:28:00-07:00,14
1784021340,2026-07-14T02:29:00-07:00,14
1784021400,2026-07-14T02:30:00-07:00,15
1784021460,2026-07-14T02:31:00-07:00,19
1784021520,2026-07-14T02:32:00-07:00,12
1784021580,2026-07-14T02:33:00-07:00,13
1784021640,2026-07-14T02:34:00-07:00,13
1784021700,2026-07-14T02:35:00-07:00,13
1784021760,2026-07-14T02:36:00-07:00,13
1784021820,2026-07-14T02:37:00-07:00,13
1784021880,2026-07-14T02:38:00-07:00,14
1784021940,2026-07-14T02:39:00-07:00,13
1784022000,2026-07-14T02:40:00-07:00,12
1784022060,2026-07-14T02:41:00-07:00,13
1784022120,2026-07-14T02:42:00-07:00,13
1784022180,2026-07-14T02:43:00-07:00,13
1784022240,2026-07-14T02:44:00-07:00,15
1784022300,2026-07-14T02:45:00-07:00,13
1784022360,2026-07-14T02:46:00-07:00,13
1784022420,2026-07-14T02:47:00-07:00,15
1784022480,2026-07-14T02:48:00-07:00,13
1784022540,2026-07-14T02:49:00-07:00,12
1784022600,2026-07-14T02:50:00-07:00,14
1784022660,2026-07-14T02:51:00-07:00,14
1784022720,2026-07-14T02:52:00-07:00,12
1784022780,2026-07-14T02:53:00-07:00,-5
1784022840,2026-07-14T02:54:00-07:00,14
1784022900,2026-07-14T02:55:00-07:00,13
1784022960,2026-07-14T02:56:00-07:00,15
1784023020,2026-07-14T02:57:00-07:00,14
1784023080,2026-07-14T02:58:00-07:00,13
1784023140,2026-07-14T02:59:00-07:00,13
1784023200,2026-07-14T03:00:00-07:00,13
1784023260,2026-07-14T03:01:00-07:00,13
1784023320,2026-07-14T03:02:00-07:00,13
1784023380,2026-07-14T03:03:00-07:00,13
1784023440,2026-07-14T03:04:00-07:00,12
1784023500,2026-07-14T03:05:00-07:00,11
1784023560,2026-07-14T03:06:00-07:00,14
1784023620,2026-07-14T03:07:00-07:00,12
1784023680,2026-07-14T03:08:00-07:00,12
1784023740,2026-07-14T03:09:00-07:00,13
1784023800,2026-07-14T03:10:00-07:00,14
1784023860,2026-07-14T03:11:00-07:00,12
1784023920,2026-07-14T03:12:00-07:00,12
1784023980,2026-07-14T03:13:00-07:00,13
1784024040,2026-07-14T03:14:00-07:00,12
1784024100,2026-07-14T03:15:00-07:00,12
1784024160,2026-07-14T03:16:00-07:00,13
1784024220,2026-07-14T03:17:00-07:00,12
1784024280,2026-07-14T03:18:00-07:00,13
1784024340,2026-07-14T03:19:00-07:00,14
1784024400,2026-07-14T03:20:00-07:00,13
1784024460,2026-07-14T03:21:00-07:00,15
1784024520,2026-07-14T03:22:00-07:00,14
1784024580,2026-07-14T03:23:00-07:00,13
1784024640,2026-07-14T03:24:00-07:00,14
1784024700,2026-07-14T03:25:00-07:00,12
1784024760,2026-07-14T03:26:00-07:00,13
1784024820,2026-07-14T03:27:00-07:00,14
1784024880,2026-07-14T03:28:00-07:00,15
1784024940,2026-07-14T03:29:00-07:00,14
1784025000,2026-07-14T03:30:00-07:00,13
1784025060,2026-07-14T03:31:00-07:00,12
1784025120,2026-07-14T03:32:00-07:00,-5
1784025180,2026-07-14T03:33:00-07:00,14
1784025240,2026-07-14T03:34:00-07:00,15
1784025300,2026-07-14T03:35:00-07:00,12
1784025360,2026-07-14T03:36:00-07:00,15
1784025420,2026-07-14T03:37:00-07:00,13
1784025480,2026-07-14T03:38:00-07:00,14
1784025540,2026-07-14T03:39:00-07:00,14
1784025600,2026-07-14T03:40:00-07:00,13
1784025660,2026-07-14T03:41:00-07:00,12
1784025720,2026-07-14T03:42:00-07:00,13
1784025780,2026-07-14T03:43:00-07:00,13
1784025840,2026-07-14T03:44:00-07:00,12
1784025900,2026-07-14T03:45:00-07:00,13
1784025960,2026-07-14T03:46:00-07:00,13
1784026020,2026-07-14T03:47:00-07:00,14
1784026080,2026-07-14T03:48:00-07:00,14
1784026140,2026-07-14T03:49:00-07:00,14
1784026200,2026-07-14T03:50:00-07:00,14
1784026260,2026-07-14T03:51:00-07:00,14
1784026320,2026-07-14T03:52:00-07:00,13
1784026380,2026-07-14T03:53:00-07:00,15
1784026440,2026-07-14T03:54:00-07:00,14
1784026500,2026-07-14T03:55:00-07:00,14
1784026560,2026-07-14T03:56:00-07:00,13
1784026620,2026-07-14T03:57:00-07:00,14
1784026680,2026-07-14T03:58:00-07:00,13
1784026740,2026-07-14T03:59:00-07:00,14
1784026800,2026-07-14T04:00:00-07:00,13
1784026860,2026-07-14T04:01:00-07:00,-6
1784026920,2026-07-14T04:02:00-07:00,15
1784026980,2026-07-14T04:03:00-07:00,14
1784027040,2026-07-14T04:04:00-07:00,13
1784027100,2026-07-14T04:05:00-07:00,14
1784027160,2026-07-14T04:06:00-07:00,14
1784027220,2026-07-14T04:07:00-07:00,14
1784027280,2026-07-14T04:08:00-07:00,13
1784027340,2026-07-14T04:09:00-07:00,14
1784027400,2026-07-14T04:10:00-07:00,14
1784027460,2026-07-14T04:11:00-07:00,-1
1784027520,2026-07-14T04:12:00-07:00,14
1784027580,2026-07-14T04:13:00-07:00,13
1784027640,2026-07-14T04:14:00-07:00,13
1784027700,2026-07-14T04:15:00-07:00,13
1784027760,2026-07-14T04:16:00-07:00,12
1784027820,2026-07-14T04:17:00-07:00,13
1784027880,2026-07-14T04:18:00-07:00,13
1784027940,2026-07-14T04:19:00-07:00,14
1784028000,2026-07-14T04:20:00-07:00,14
1784028060,2026-07-14T04:21:00-07:00,13
1784028120,2026-07-14T04:22:00-07:00,14
1784028180,2026-07-14T04:23:00-07:00,12
1784028240,2026-07-14T04:24:00-07:00,14
1784028300,2026-07-14T04:25:00-07:00,12
1784028360,2026-07-14T04:26:00-07:00,12
1784028420,2026-07-14T04:27:00-07:00,14
1784028480,2026-07-14T04:28:00-07:00,14
1784028540,2026-07-14T04:29:00-07:00,13
1784028600,2026-07-14T04:30:00-07:00,14
1784028660,2026-07-14T04:31:00-07:00,13
1784028720,2026-07-14T04:32:00-07:00,13
1784028780,2026-07-14T04:33:00-07:00,12
1784028840,2026-07-14T04:34:00-07:00,13
1784028900,2026-07-14T04:35:00-07:00,11
1784028960,2026-07-14T04:36:00-07:00,13
1784029020,2026-07-14T04:37:00-07:00,-50
1784029080,2026-07-14T04:38:00-07:00,14
1784029140,2026-07-14T04:39:00-07:00,13
1784029200,2026-07-14T04:40:00-07:00,11
1784029260,2026-07-14T04:41:00-07:00,14
1784029320,2026-07-14T04:42:00-07:00,14
1784029380,2026-07-14T04:43:00-07:00,15
1784029440,2026-07-14T04:44:00-07:00,13
1784029500,2026-07-14T04:45:00-07:00,12
1784029560,2026-07-14T04:46:00-07:00,11
1784029620,2026-07-14T04:47:00-07:00,13
1784029680,2026-07-14T04:48:00-07:00,14
1784029740,2026-07-14T04:49:00-07:00,13
1784029800,2026-07-14T04:50:00-07:00,-5
1784029860,2026-07-14T04:51:00-07:00,12
1784029920,2026-07-14T04:52:00-07:00,14
1784029980,2026-07-14T04:53:00-07:00,14
1784030040,2026-07-14T04:54:00-07:00,12
1784030100,2026-07-14T04:55:00-07:00,12
1784030160,2026-07-14T04:56:00-07:00,14
1784030220,2026-07-14T04:57:00-07:00,12
1784030280,2026-07-14T04:58:00-07:00,12
1784030340,2026-07-14T04:59:00-07:00,13
1784030400,2026-07-14T05:00:00-07:00,14
1784030460,2026-07-14T05:01:00-07:00,14
1784030520,2026-07-14T05:02:00-07:00,14
1784030580,2026-07-14T05:03:00-07:00,14
1784030640,2026-07-14T05:04:00-07:00,13
1784030700,2026-07-14T05:05:00-07:00,12
1784030760,2026-07-14T05:06:00-07:00,13
1784030820,2026-07-14T05:07:00-07:00,13
1784030880,2026-07-14T05:08:00-07:00,14
1784030940,2026-07-14T05:09:00-07:00,13
1784031000,2026-07-14T05:10:00-07:00,13
1784031060,2026-07-14T05:11:00-07:00,13
1784031120,2026-07-14T05:12:00-07:00,12
1784031180,2026-07-14T05:13:00-07:00,12
1784031240,2026-07-14T05:14:00-07:00,13
1784031300,2026-07-14T05:15:00-07:00,14
1784031360,2026-07-14T05:16:00-07:00,12
1784031420,2026-07-14T05:17:00-07:00,12
1784031480,2026-07-14T05:18:00-07:00,13
1784031540,2026-07-14T05:19:00-07:00,13
1784031600,2026-07-14T05:20:00-07:00,12
1784031660,2026-07-14T05:21:00-07:00,12
1784031720,2026-07-14T05:22:00-07:00,12
1784031780,2026-07-14T05:23:00-07:00,12
1784031840,2026-07-14T05:24:00-07:00,13
1784031900,2026-07-14T05:25:00-07:00,12
1784031960,2026-07-14T05:26:00-07:00,11
1784032020,2026-07-14T05:27:00-07:00,11
1784032080,2026-07-14T05:28:00-07:00,12
1784032140,2026-07-14T05:29:00-07:00,0
1784032200,2026-07-14T05:30:00-07:00,13
1784032260,2026-07-14T05:31:00-07:00,14
1784032320,2026-07-14T05:32:00-07:00,12
1784032380,2026-07-14T05:33:00-07:00,12
1784032440,2026-07-14T05:34:00-07:00,12
1784032500,2026-07-14T05:35:00-07:00,12
1784032560,2026-07-14T05:36:00-07:00,12
1784032620,2026-07-14T05:37:00-07:00,14
1784032680,2026-07-14T05:38:00-07:00,14
1784032740,2026-07-14T05:39:00-07:00,13
1784032800,2026-07-14T05:40:00-07:00,13
1784032860,2026-07-14T05:41:00-07:00,14
1784032920,2026-07-14T05:42:00-07:00,14
1784032980,2026-07-14T05:43:00-07:00,15
1784033040,2026-07-14T05:44:00-07:00,13
1784033100,2026-07-14T05:45:00-07:00,14
1784033160,2026-07-14T05:46:00-07:00,13
1784033220,2026-07-14T05:47:00-07:00,12
1784033280,2026-07-14T05:48:00-07:00,12
1784033340,2026-07-14T05:49:00-07:00,13
1784033400,2026-07-14T05:50:00-07:00,15
1784033460,2026-07-14T05:51:00-07:00,13
1784033520,2026-07-14T05:52:00-07:00,15
1784033580,2026-07-14T05:53:00-07:00,14
1784033640,2026-07-14T05:54:00-07:00,13
1784033700,2026-07-14T05:55:00-07:00,14
1784033760,2026-07-14T05:56:00-07:00,14
1784033820,2026-07-14T05:57:00-07:00,13
1784033880,2026-07-14T05:58:00-07:00,12
1784033940,2026-07-14T05:59:00-07:00,13
1784034000,2026-07-14T06:00:00-07:00,14
1784034060,2026-07-14T06:01:00-07:00,13
1784034120,2026-07-14T06:02:00-07:00,12
1784034180,2026-07-14T06:03:00-07:00,12
1784034240,2026-07-14T06:04:00-07:00,13
1784034300,2026-07-14T06:05:00-07:00,14
1784034360,2026-07-14T06:06:00-07:00,13
1784034420,2026-07-14T06:07:00-07:00,13
1784034480,2026-07-14T06:08:00-07:00,-4
1784034540,2026-07-14T06:09:00-07:00,15
1784034600,2026-07-14T06:10:00-07:00,13
1784034660,2026-07-14T06:11:00-07:00,14
1784034720,2026-07-14T06:12:00-07:00,12
1784034780,2026-07-14T06:13:00-07:00,13
1784034840,2026-07-14T06:14:00-07:00,-6
1784034900,2026-07-14T06:15:00-07:00,12
1784034960,2026-07-14T06:16:00-07:00,15
1784035020,2026-07-14T06:17:00-07:00,11
1784035080,2026-07-14T06:18:00-07:00,13
1784035140,2026-07-14T06:19:00-07:00,12
1784035200,2026-07-14T06:20:00-07:00,13
1784035260,2026-07-14T06:21:00-07:00,13
1784035320,2026-07-14T06:22:00-07:00,13
1784035380,2026-07-14T06:23:00-07:00,13
1784035440,2026-07-14T06:24:00-07:00,15
1784035500,2026-07-14T06:25:00-07:00,13
1784035560,2026-07-14T06:26:00-07:00,13
1784035620,2026-07-14T06:27:00-07:00,12
1784035680,2026-07-14T06:28:00-07:00,12
1784035740,2026-07-14T06:29:00-07:00,12
1784035800,2026-07-14T06:30:00-07:00,14
1784035860,2026-07-14T06:31:00-07:00,13
1784035920,2026-07-14T06:32:00-07:00,12
1784035980,2026-07-14T06:33:00-07:00,13
1784036040,2026-07-14T06:34:00-07:00,14
1784036100,2026-07-14T06:35:00-07:00,15
1784036160,2026-07-14T06:36:00-07:00,14
1784036220,2026-07-14T06:37:00-07:00,13
1784036280,2026-07-14T06:38:00-07:00,12
1784036340,2026-07-14T06:39:00-07:00,13
1784036400,2026-07-14T06:40:00-07:00,11
1784036460,2026-07-14T06:41:00-07:00,13
1784036520,2026-07-14T06:42:00-07:00,14
1784036580,2026-07-14T06:43:00-07:00,14
1784036640,2026-07-14T06:44:00-07:00,14
1784036700,2026-07-14T06:45:00-07:00,13
1784036760,2026-07-14T06:46:00-07:00,12
1784036820,2026-07-14T06:47:00-07:00,-4
1784036880,2026-07-14T06:48:00-07:00,12
1784036940,2026-07-14T06:49:00-07:00,12
1784037000,2026-07-14T06:50:00-07:00,14
1784037060,2026-07-14T06:51:00-07:00,14
1784037120,2026-07-14T06:52:00-07:00,14
1784037180,2026-07-14T06:53:00-07:00,13
1784037240,2026-07-14T06:54:00-07:00,12
1784037300,2026-07-14T06:55:00-07:00,14
1784037360,2026-07-14T06:56:00-07:00,13
1784037420,2026-07-14T06:57:00-07:00,14
1784037480,2026-07-14T06:58:00-07:00,15
1784037540,2026-07-14T06:59:00-07:00,11
1784037600,2026-07-14T07:00:00-07:00,13
1784037660,2026-07-14T07:01:00-07:00,13
1784037720,2026-07-14T07:02:00-07:00,11
1784037780,2026-07-14T07:03:00-07:00,18
1784037840,2026-07-14T07:04:00-07:00,14
1784037900,2026-07-14T07:05:00-07:00,12
1784037960,2026-07-14T07:06:00-07:00,12
1784038020,2026-07-14T07:07:00-07:00,14
1784038080,2026-07-14T07:08:00-07:00,12
1784038140,2026-07-14T07:09:00-07:00,12
1784038200,2026-07-14T07:10:00-07:00,18
1784038260,2026-07-14T07:11:00-07:00,12
1784038320,2026-07-14T07:12:00-07:00,14
1784038380,2026-07-14T07:13:00-07:00,14
1784038440,2026-07-14T07:14:00-07:00,13
1784038500,2026-07-14T07:15:00-07:00,13
1784038560,2026-07-14T07:16:00-07:00,13
1784038620,2026-07-14T07:17:00-07:00,12
1784038680,2026-07-14T07:18:00-07:00,14
1784038740,2026-07-14T07:19:00-07:00,14
1784038800,2026-07-14T07:20:00-07:00,14
1784038860,2026-07-14T07:21:00-07:00,16
1784038920,2026-07-14T07:22:00-07:00,13
1784038980,2026-07-14T07:23:00-07:00,20
1784039040,2026-07-14T07:24:00-07:00,16
1784039100,2026-07-14T07:25:00-07:00,12
1784039160,2026-07-14T07:26:00-07:00,12
1784039220,2026-07-14T07:27:00-07:00,14
1784039280,2026-07-14T07:28:00-07:00,12
1784039340,2026-07-14T07:29:00-07:00,14
1784039400,2026-07-14T07:30:00-07:00,13
1784039460,2026-07-14T07:31:00-07:00,12
1784039520,2026-07-14T07:32:00-07:00,12
1784039580,2026-07-14T07:33:00-07:00,12
1784039640,2026-07-14T07:34:00-07:00,11
1784039700,2026-07-14T07:35:00-07:00,13
1784039760,2026-07-14T07:36:00-07:00,14
1784039820,2026-07-14T07:37:00-07:00,11
1784039880,2026-07-14T07:38:00-07:00,14
1784039940,2026-07-14T07:39:00-07:00,12
1784040000,2026-07-14T07:40:00-07:00,12
1784040060,2026-07-14T07:41:00-07:00,15
1784040120,2026-07-14T07:42:00-07:00,14
1784040180,2026-07-14T07:43:00-07:00,12
1784040240,2026-07-14T07:44:00-07:00,13
1784040300,2026-07-14T07:45:00-07:00,13
1784040360,2026-07-14T07:46:00-07:00,14
1784040420,2026-07-14T07:47:00-07:00,12
1784040480,2026-07-14T07:48:00-07:00,14
1784040540,2026-07-14T07:49:00-07:00,13
1784040600,2026-07-14T07:50:00-07:00,12
1784040660,2026-07-14T07:51:00-07:00,13
1784040720,2026-07-14T07:52:00-07:00,12
1784040780,2026-07-14T07:53:00-07:00,13
1784040840,2026-07-14T07:54:00-07:00,13
1784040900,2026-07-14T07:55:00-07:00,14
1784040960,2026-07-14T07:56:00-07:00,17
1784041020,2026-07-14T07:57:00-07:00,13
1784041080,2026-07-14T07:58:00-07:00,13
1784041140,2026-07-14T07:59:00-07:00,12
1784041200,2026-07-14T08:00:00-07:00,14
1784041260,2026-07-14T08:01:00-07:00,14
1784041320,2026-07-14T08:02:00-07:00,-3
1784041380,2026-07-14T08:03:00-07:00,13
1784041440,2026-07-14T08:04:00-07:00,16
1784041500,2026-07-14T08:05:00-07:00,13
1784041560,2026-07-14T08:06:00-07:00,11
1784041620,2026-07-14T08:07:00-07:00,13
1784041680,2026-07-14T08:08:00-07:00,11
1784041740,2026-07-14T08:09:00-07:00,12
1784041800,2026-07-14T08:10:00-07:00,14
1784041860,2026-07-14T08:11:00-07:00,13
1784041920,2026-07-14T08:12:00-07:00,12
1784041980,2026-07-14T08:13:00-07:00,12
1784042040,2026-07-14T08:14:00-07:00,12
1784042100,2026-07-14T08:15:00-07:00,15
1784042160,2026-07-14T08:16:00-07:00,12
1784042220,2026-07-14T08:17:00-07:00,14
1784042280,2026-07-14T08:18:00-07:00,12
1784042340,2026-07-14T08:19:00-07:00,12
1784042400,2026-07-14T08:20:00-07:00,12
1784042460,2026-07-14T08:21:00-07:00,-2
1784042520,2026-07-14T08:22:00-07:00,13
1784042580,2026-07-14T08:23:00-07:00,14
1784042640,2026-07-14T08:24:00-07:00,14
1784042700,2026-07-14T08:25:00-07:00,14
1784042760,2026-07-14T08:26:00-07:00,12
1784042820,2026-07-14T08:27:00-07:00,13
1784042880,2026-07-14T08:28:00-07:00,12
1784042940,2026-07-14T08:29:00-07:00,12
1784043000,2026-07-14T08:30:00-07:00,15
1784043060,2026-07-14T08:31:00-07:00,16
1784043120,2026-07-14T08:32:00-07:00,13
1784043180,2026-07-14T08:33:00-07:00,13
1784043240,2026-07-14T08:34:00-07:00,12
1784043300,2026-07-14T08:35:00-07:00,12
1784043360,2026-07-14T08:36:00-07:00,14
1784043420,2026-07-14T08:37:00-07:00,13
1784043480,2026-07-14T08:38:00-07:00,13
1784043540,2026-07-14T08:39:00-07:00,11
1784043600,2026-07-14T08:40:00-07:00,14
1784043660,2026-07-14T08:41:00-07:00,13
1784043720,2026-07-14T08:42:00-07:00,12
1784043780,2026-07-14T08:43:00-07:00,13
1784043840,2026-07-14T08:44:00-07:00,13
1784043900,2026-07-14T08:45:00-07:00,18
1784043960,2026-07-14T08:46:00-07:00,13
1784044020,2026-07-14T08:47:00-07:00,14
1784044080,2026-07-14T08:48:00-07:00,14
1784044140,2026-07-14T08:49:00-07:00,18
1784044200,2026-07-14T08:50:00-07:00,13
1784044260,2026-07-14T08:51:00-07:00,13
1784044320,2026-07-14T08:52:00-07:00,13
1784044380,2026-07-14T08:53:00-07:00,14
1784044440,2026-07-14T08:54:00-07:00,13
1784044500,2026-07-14T08:55:00-07:00,13
1784044560,2026-07-14T08:56:00-07:00,13
1784044620,2026-07-14T08:57:00-07:00,11
1784044680,2026-07-14T08:58:00-07:00,13
1784044740,2026-07-14T08:59:00-07:00,11
1784044800,2026-07-14T09:00:00-07:00,13
1784044860,2026-07-14T09:01:00-07:00,16
1784044920,2026-07-14T09:02:00-07:00,13
1784044980,2026-07-14T09:03:00-07:00,13
1784045040,2026-07-14T09:04:00-07:00,13
1784045100,2026-07-14T09:05:00-07:00,13
1784045160,2026-07-14T09:06:00-07:00,14
1784045220,2026-07-14T09:07:00-07:00,14
1784045280,2026-07-14T09:08:00-07:00,13
1784045340,2026-07-14T09:09:00-07:00,13
1784045400,2026-07-14T09:10:00-07:00,15
1784045460,2026-07-14T09:11:00-07:00,14
1784045520,2026-07-14T09:12:00-07:00,12
1784045580,2026-07-14T09:13:00-07:00,14
1784045640,2026-07-14T09:14:00-07:00,13
1784045700,2026-07-14T09:15:00-07:00,16
1784045760,2026-07-14T09:16:00-07:00,14
1784045820,2026-07-14T09:17:00-07:00,13
1784045880,2026-07-14T09:18:00-07:00,15
1784045940,2026-07-14T09:19:00-07:00,14
1784046000,2026-07-14T09:20:00-07:00,13
1784046060,2026-07-14T09:21:00-07:00,11
1784046120,2026-07-14T09:22:00-07:00,13
1784046180,2026-07-14T09:23:00-07:00,13
1784046240,2026-07-14T09:24:00-07:00,15
1784046300,2026-07-14T09:25:00-07:00,13
1784046360,2026-07-14T09:26:00-07:00,17
1784046420,2026-07-14T09:27:00-07:00,15
1784046480,2026-07-14T09:28:00-07:00,13
1784046540,2026-07-14T09:29:00-07:00,14
1784046600,2026-07-14T09:30:00-07:00,13
1784046660,2026-07-14T09:31:00-07:00,13
1784046720,2026-07-14T09:32:00-07:00,18
1784046780,2026-07-14T09:33:00-07:00,13
1784046840,2026-07-14T09:34:00-07:00,16
1784046900,2026-07-14T09:35:00-07:00,12
1784046960,2026-07-14T09:36:00-07:00,13
1784047020,2026-07-14T09:37:00-07:00,13
1784047080,2026-07-14T09:38:00-07:00,14
1784047140,2026-07-14T09:39:00-07:00,12
1784047200,2026-07-14T09:40:00-07:00,11
1784047260,2026-07-14T09:41:00-07:00,13
1784047320,2026-07-14T09:42:00-07:00,13
1784047380,2026-07-14T09:43:00-07:00,12
1784047440,2026-07-14T09:44:00-07:00,14
1784047500,2026-07-14T09:45:00-07:00,16
1784047560,2026-07-14T09:46:00-07:00,16
1784047620,2026-07-14T09:47:00-07:00,14
1784047680,2026-07-14T09:48:00-07:00,13
1784047740,2026-07-14T09:49:00-07:00,-3
1784047800,2026-07-14T09:50:00-07:00,12
1784047860,2026-07-14T09:51:00-07:00,15
1784047920,2026-07-14T09:52:00-07:00,13
1784047980,2026-07-14T09:53:00-07:00,13
1784048040,2026-07-14T09:54:00-07:00,12
1784048100,2026-07-14T09:55:00-07:00,13
1784048160,2026-07-14T09:56:00-07:00,13
1784048220,2026-07-14T09:57:00-07:00,14
1784048280,2026-07-14T09:58:00-07:00,14
1784048340,2026-07-14T09:59:00-07:00,13
1784048400,2026-07-14T10:00:00-07:00,14
1784048460,2026-07-14T10:01:00-07:00,-1
1784048520,2026-07-14T10:02:00-07:00,-1
1784048580,2026-07-14T10:03:00-07:00,-50
1784048640,2026-07-14T10:04:00-07:00,15
1784048700,2026-07-14T10:05:00-07:00,13
1784048760,2026-07-14T10:06:00-07:00,12
1784048820,2026-07-14T10:07:00-07:00,13
1784048880,2026-07-14T10:08:00-07:00,11
1784048940,2026-07-14T10:09:00-07:00,13
1784049000,2026-07-14T10:10:00-07:00,0
1784049060,2026-07-14T10:11:00-07:00,13
1784049120,2026-07-14T10:12:00-07:00,14
1784049180,2026-07-14T10:13:00-07:00,12
1784049240,2026-07-14T10:14:00-07:00,14
1784049300,2026-07-14T10:15:00-07:00,14
1784049360,2026-07-14T10:16:00-07:00,14
1784049420,2026-07-14T10:17:00-07:00,13
1784049480,2026-07-14T10:18:00-07:00,13
1784049540,2026-07-14T10:19:00-07:00,12
1784049600,2026-07-14T10:20:00-07:00,-2
1784049660,2026-07-14T10:21:00-07:00,13
1784049720,2026-07-14T10:22:00-07:00,14
1784049780,2026-07-14T10:23:00-07:00,13
1784049840,2026-07-14T10:24:00-07:00,13
1784049900,2026-07-14T10:25:00-07:00,13
1784049960,2026-07-14T10:26:00-07:00,13
1784050020,2026-07-14T10:27:00-07:00,13
1784050080,2026-07-14T10:28:00-07:00,14
1784050140,2026-07-14T10:29:00-07:00,12
1784050200,2026-07-14T10:30:00-07:00,15
1784050260,2026-07-14T10:31:00-07:00,16
1784050320,2026-07-14T10:32:00-07:00,15
1784050380,2026-07-14T10:33:00-07:00,14
1784050440,2026-07-14T10:34:00-07:00,14
1784050500,2026-07-14T10:35:00-07:00,13
1784050560,2026-07-14T10:36:00-07:00,14
1784050620,2026-07-14T10:37:00-07:00,12
1784050680,2026-07-14T10:38:00-07:00,14
1784050740,2026-07-14T10:39:00-07:00,13
1784050800,2026-07-14T10:40:00-07:00,14
1784050860,2026-07-14T10:41:00-07:00,14
1784050920,2026-07-14T10:42:00-07:00,13
1784050980,2026-07-14T10:43:00-07:00,12
1784051040,2026-07-14T10:44:00-07:00,12
1784051100,2026-07-14T10:45:00-07:00,14
1784051160,2026-07-14T10:46:00-07:00,15
1784051220,2026-07-14T10:47:00-07:00,13
1784051280,2026-07-14T10:48:00-07:00,13
1784051340,2026-07-14T10:49:00-07:00,12
1784051400,2026-07-14T10:50:00-07:00,11
1784051460,2026-07-14T10:51:00-07:00,14
1784051520,2026-07-14T10:52:00-07:00,11
1784051580,2026-07-14T10:53:00-07:00,13
1784051640,2026-07-14T10:54:00-07:00,13
1784051700,2026-07-14T10:55:00-07:00,13
1784051760,2026-07-14T10:56:00-07:00,13
1784051820,2026-07-14T10:57:00-07:00,14
1784051880,2026-07-14T10:58:00-07:00,15
1784051940,2026-07-14T10:59:00-07:00,13
1784052000,2026-07-14T11:00:00-07:00,13
1784052060,2026-07-14T11:01:00-07:00,17
1784052120,2026-07-14T11:02:00-07:00,13
1784052180,2026-07-14T11:03:00-07:00,13
1784052240,2026-07-14T11:04:00-07:00,12
1784052300,2026-07-14T11:05:00-07:00,12
1784052360,2026-07-14T11:06:00-07:00,11
1784052420,2026-07-14T11:07:00-07:00,17
1784052480,2026-07-14T11:08:00-07:00,12
1784052540,2026-07-14T11:09:00-07:00,14
1784052600,2026-07-14T11:10:00-07:00,15
1784052660,2026-07-14T11:11:00-07:00,12
1784052720,2026-07-14T11:12:00-07:00,14
1784052780,2026-07-14T11:13:00-07:00,12
1784052840,2026-07-14T11:14:00-07:00,15
1784052900,2026-07-14T11:15:00-07:00,12
1784052960,2026-07-14T11:16:00-07:00,12
1784053020,2026-07-14T11:17:00-07:00,14
1784053080,2026-07-14T11:18:00-07:00,15
1784053140,2026-07-14T11:19:00-07:00,13
1784053200,2026-07-14T11:20:00-07:00,13
1784053260,2026-07-14T11:21:00-07:00,13
1784053320,2026-07-14T11:22:00-07:00,12
1784053380,2026-07-14T11:23:00-07:00,13
1784053440,2026-07-14T11:24:00-07:00,13
1784053500,2026-07-14T11:25:00-07:00,12
1784053560,2026-07-14T11:26:00-07:00,13
1784053620,2026-07-14T11:27:00-07:00,14
1784053680,2026-07-14T11:28:00-07:00,13
1784053740,2026-07-14T11:29:00-07:00,15
1784053800,2026-07-14T11:30:00-07:00,13
1784053860,2026-07-14T11:31:00-07:00,16
1784053920,2026-07-14T11:32:00-07:00,12
1784053980,2026-07-14T11:33:00-07:00,12
1784054040,2026-07-14T11:34:00-07:00,13
1784054100,2026-07-14T11:35:00-07:00,13
1784054160,2026-07-14T11:36:00-07:00,13
1784054220,2026-07-14T11:37:00-07:00,12
1784054280,2026-07-14T11:38:00-07:00,13
1784054340,2026-07-14T11:39:00-07:00,12
1784054400,2026-07-14T11:40:00-07:00,12
1784054460,2026-07-14T11:41:00-07:00,16
1784054520,2026-07-14T11:42:00-07:00,12
1784054580,2026-07-14T11:43:00-07:00,14
1784054640,2026-07-14T11:44:00-07:00,13
1784054700,2026-07-14T11:45:00-07:00,12
1784054760,2026-07-14T11:46:00-07:00,14
1784054820,2026-07-14T11:47:00-07:00,12
1784054880,2026-07-14T11:48:00-07:00,13
1784054940,2026-07-14T11:49:00-07:00,16
1784055000,2026-07-14T11:50:00-07:00,15
1784055060,2026-07-14T11:51:00-07:00,11
1784055120,2026-07-14T11:52:00-07:00,13
1784055180,2026-07-14T11:53:00-07:00,13
1784055240,2026-07-14T11:54:00-07:00,13
1784055300,2026-07-14T11:55:00-07:00,12
1784055360,2026-07-14T11:56:00-07:00,12
1784055420,2026-07-14T11:57:00-07:00,13
1784055480,2026-07-14T11:58:00-07:00,12
1784055540,2026-07-14T11:59:00-07:00,16
1784055600,2026-07-14T12:00:00-07:00,15
1784055660,2026-07-14T12:01:00-07:00,14
1784055720,2026-07-14T12:02:00-07:00,13
1784055780,2026-07-14T12:03:00-07:00,12
1784055840,2026-07-14T12:04:00-07:00,16
1784055900,2026-07-14T12:05:00-07:00,11
1784055960,2026-07-14T12:06:00-07:00,15
1784056020,2026-07-14T12:07:00-07:00,13
1784056080,2026-07-14T12:08:00-07:00,14
1784056140,2026-07-14T12:09:00-07:00,14
1784056200,2026-07-14T12:10:00-07:00,13
1784056260,2026-07-14T12:11:00-07:00,14
1784056320,2026-07-14T12:12:00-07:00,13
1784056380,2026-07-14T12:13:00-07:00,13
1784056440,2026-07-14T12:14:00-07:00,12
1784056500,2026-07-14T12:15:00-07:00,13
1784056560,2026-07-14T12:16:00-07:00,13
1784056620,2026-07-14T12:17:00-07:00,12
1784056680,2026-07-14T12:18:00-07:00,12
1784056740,2026-07-14T12:19:00-07:00,12
1784056800,2026-07-14T12:20:00-07:00,12
1784056860,2026-07-14T12:21:00-07:00,13
1784056920,2026-07-14T12:22:00-07:00,13
1784056980,2026-07-14T12:23:00-07:00,17
1784057040,2026-07-14T12:24:00-07:00,13
1784057100,2026-07-14T12:25:00-07:00,13
1784057160,2026-07-14T12:26:00-07:00,13
1784057220,2026-07-14T12:27:00-07:00,13
1784057280,2026-07-14T12:28:00-07:00,18
1784057340,2026-07-14T12:29:00-07:00,15
1784057400,2026-07-14T12:30:00-07:00,12
1784057460,2026-07-14T12:31:00-07:00,15
1784057520,2026-07-14T12:32:00-07:00,14
1784057580,2026-07-14T12:33:00-07:00,12
1784057640,2026-07-14T12:34:00-07:00,15
1784057700,2026-07-14T12:35:00-07:00,15
1784057760,2026-07-14T12:36:00-07:00,13
1784057820,2026-07-14T12:37:00-07:00,12
1784057880,2026-07-14T12:38:00-07:00,13
1784057940,2026-07-14T12:39:00-07:00,16
1784058000,2026-07-14T12:40:00-07:00,12
1784058060,2026-07-14T12:41:00-07:00,14
1784058120,2026-07-14T12:42:00-07:00,15
1784058180,2026-07-14T12:43:00-07:00,13
1784058240,2026-07-14T12:44:00-07:00,12
1784058300,2026-07-14T12:45:00-07:00,16
1784058360,2026-07-14T12:46:00-07:00,15
1784058420,2026-07-14T12:47:00-07:00,15
1784058480,2026-07-14T12:48:00-07:00,15
1784058540,2026-07-14T12:49:00-07:00,13
1784058600,2026-07-14T12:50:00-07:00,13
1784058660,2026-07-14T12:51:00-07:00,12
1784058720,2026-07-14T12:52:00-07:00,14
1784058780,2026-07-14T12:53:00-07:00,14
1784058840,2026-07-14T12:54:00-07:00,13
1784058900,2026-07-14T12:55:00-07:00,15
1784058960,2026-07-14T12:56:00-07:00,18
1784059020,2026-07-14T12:57:00-07:00,12
1784059080,2026-07-14T12:58:00-07:00,-1
1784059140,2026-07-14T12:59:00-07:00,13
1784059200,2026-07-14T13:00:00-07:00,12
1784059260,2026-07-14T13:01:00-07:00,15
1784059320,2026-07-14T13:02:00-07:00,14
1784059380,2026-07-14T13:03:00-07:00,13
1784059440,2026-07-14T13:04:00-07:00,15
1784059500,2026-07-14T13:05:00-07:00,11
1784059560,2026-07-14T13:06:00-07:00,13
1784059620,2026-07-14T13:07:00-07:00,13
1784059680,2026-07-14T13:08:00-07:00,13
1784059740,2026-07-14T13:09:00-07:00,14
1784059800,2026-07-14T13:10:00-07:00,12
1784059860,2026-07-14T13:11:00-07:00,13
1784059920,2026-07-14T13:12:00-07:00,14
1784059980,2026-07-14T13:13:00-07:00,14
1784060040,2026-07-14T13:14:00-07:00,13
1784060100,2026-07-14T13:15:00-07:00,16
1784060160,2026-07-14T13:16:00-07:00,11
1784060220,2026-07-14T13:17:00-07:00,14
1784060280,2026-07-14T13:18:00-07:00,16
1784060340,2026-07-14T13:19:00-07:00,15
1784060400,2026-07-14T13:20:00-07:00,14
1784060460,2026-07-14T13:21:00-07:00,17
1784060520,2026-07-14T13:22:00-07:00,12
1784060580,2026-07-14T13:23:00-07:00,12
1784060640,2026-07-14T13:24:00-07:00,14
1784060700,2026-07-14T13:25:00-07:00,14
1784060760,2026-07-14T13:26:00-07:00,-2
1784060820,2026-07-14T13:27:00-07:00,13
1784060880,2026-07-14T13:28:00-07:00,15
1784060940,2026-07-14T13:29:00-07:00,13
1784061000,2026-07-14T13:30:00-07:00,14
1784061060,2026-07-14T13:31:00-07:00,15
1784061120,2026-07-14T13:32:00-07:00,13
1784061180,2026-07-14T13:33:00-07:00,-2
1784061240,2026-07-14T13:34:00-07:00,13
1784061300,2026-07-14T13:35:00-07:00,15
1784061360,2026-07-14T13:36:00-07:00,14
1784061420,2026-07-14T13:37:00-07:00,13
1784061480,2026-07-14T13:38:00-07:00,15
1784061540,2026-07-14T13:39:00-07:00,17
1784061600,2026-07-14T13:40:00-07:00,14
1784061660,2026-07-14T13:41:00-07:00,12
1784061720,2026-07-14T13:42:00-07:00,13
1784061780,2026-07-14T13:43:00-07:00,15
1784061840,2026-07-14T13:44:00-07:00,16
1784061900,2026-07-14T13:45:00-07:00,12
1784061960,2026-07-14T13:46:00-07:00,14
1784062020,2026-07-14T13:47:00-07:00,13
1784062080,2026-07-14T13:48:00-07:00,13
1784062140,2026-07-14T13:49:00-07:00,11
1784062200,2026-07-14T13:50:00-07:00,14
1784062260,2026-07-14T13:51:00-07:00,18
1784062320,2026-07-14T13:52:00-07:00,14
1784062380,2026-07-14T13:53:00-07:00,13
1784062440,2026-07-14T13:54:00-07:00,15
1784062500,2026-07-14T13:55:00-07:00,14
1784062560,2026-07-14T13:56:00-07:00,16
1784062620,2026-07-14T13:57:00-07:00,12
1784062680,2026-07-14T13:58:00-07:00,13
1784062740,2026-07-14T13:59:00-07:00,16
1784062800,2026-07-14T14:00:00-07:00,14
1784062860,2026-07-14T14:01:00-07:00,13
1784062920,2026-07-14T14:02:00-07:00,13
1784062980,2026-07-14T14:03:00-07:00,18
1784063040,2026-07-14T14:04:00-07:00,15
1784063100,2026-07-14T14:05:00-07:00,12
1784063160,2026-07-14T14:06:00-07:00,14
1784063220,2026-07-14T14:07:00-07:00,16
1784063280,2026-07-14T14:08:00-07:00,13
1784063340,2026-07-14T14:09:00-07:00,12
1784063400,2026-07-14T14:10:00-07:00,13
1784063460,2026-07-14T14:11:00-07:00,16
1784063520,2026-07-14T14:12:00-07:00,12
1784063580,2026-07-14T14:13:00-07:00,15
1784063640,2026-07-14T14:14:00-07:00,12
1784063700,2026-07-14T14:15:00-07:00,18
1784063760,2026-07-14T14:16:00-07:00,12
1784063820,2026-07-14T14:17:00-07:00,12
1784063880,2026-07-14T14:18:00-07:00,12
1784063940,2026-07-14T14:19:00-07:00,11
1784064000,2026-07-14T14:20:00-07:00,12
1784064060,2026-07-14T14:21:00-07:00,12
1784064120,2026-07-14T14:22:00-07:00,13
1784064180,2026-07-14T14:23:00-07:00,17
1784064240,2026-07-14T14:24:00-07:00,17
1784064300,2026-07-14T14:25:00-07:00,12
1784064360,2026-07-14T14:26:00-07:00,13
1784064420,2026-07-14T14:27:00-07:00,12
1784064480,2026-07-14T14:28:00-07:00,13
1784064540,2026-07-14T14:29:00-07:00,11
1784064600,2026-07-14T14:30:00-07:00,16
1784064660,2026-07-14T14:31:00-07:00,13
1784064720,2026-07-14T14:32:00-07:00,15
1784064780,2026-07-14T14:33:00-07:00,17
1784064840,2026-07-14T14:34:00-07:00,15
1784064900,2026-07-14T14:35:00-07:00,16
1784064960,2026-07-14T14:36:00-07:00,18
1784065020,2026-07-14T14:37:00-07:00,16
1784065080,2026-07-14T14:38:00-07:00,13
1784065140,2026-07-14T14:39:00-07:00,14
1784065200,2026-07-14T14:40:00-07:00,14
1784065260,2026-07-14T14:41:00-07:00,16
1784065320,2026-07-14T14:42:00-07:00,17
1784065380,2026-07-14T14:43:00-07:00,12
1784065440,2026-07-14T14:44:00-07:00,13
1784065500,2026-07-14T14:45:00-07:00,13
1784065560,2026-07-14T14:46:00-07:00,13
1784065620,2026-07-14T14:47:00-07:00,12
1784065680,2026-07-14T14:48:00-07:00,13
1784065740,2026-07-14T14:49:00-07:00,13
1784065800,2026-07-14T14:50:00-07:00,12
1784065860,2026-07-14T14:51:00-07:00,12
1784065920,2026-07-14T14:52:00-07:00,17
1784065980,2026-07-14T14:53:00-07:00,13
1784066040,2026-07-14T14:54:00-07:00,12
1784066100,2026-07-14T14:55:00-07:00,15
1784066160,2026-07-14T14:56:00-07:00,15
1784066220,2026-07-14T14:57:00-07:00,12
1784066280,2026-07-14T14:58:00-07:00,13
1784066340,2026-07-14T14:59:00-07:00,14
1784066400,2026-07-14T15:00:00-07:00,15
1784066460,2026-07-14T15:01:00-07:00,12
1784066520,2026-07-14T15:02:00-07:00,16
1784066580,2026-07-14T15:03:00-07:00,13
1784066640,2026-07-14T15:04:00-07:00,16
1784066700,2026-07-14T15:05:00-07:00,13
1784066760,2026-07-14T15:06:00-07:00,14
1784066820,2026-07-14T15:07:00-07:00,15
1784066880,2026-07-14T15:08:00-07:00,13
1784066940,2026-07-14T15:09:00-07:00,12
1784067000,2026-07-14T15:10:00-07:00,13
1784067060,2026-07-14T15:11:00-07:00,13
1784067120,2026-07-14T15:12:00-07:00,13
1784067180,2026-07-14T15:13:00-07:00,13
1784067240,2026-07-14T15:14:00-07:00,13
1784067300,2026-07-14T15:15:00-07:00,12
1784067360,2026-07-14T15:16:00-07:00,14
1784067420,2026-07-14T15:17:00-07:00,13
1784067480,2026-07-14T15:18:00-07:00,16
1784067540,2026-07-14T15:19:00-07:00,12
1784067600,2026-07-14T15:20:00-07:00,13
1784067660,2026-07-14T15:21:00-07:00,14
1784067720,2026-07-14T15:22:00-07:00,12
1784067780,2026-07-14T15:23:00-07:00,13
1784067840,2026-07-14T15:24:00-07:00,16
1784067900,2026-07-14T15:25:00-07:00,12
1784067960,2026-07-14T15:26:00-07:00,14
1784068020,2026-07-14T15:27:00-07:00,16
1784068080,2026-07-14T15:28:00-07:00,13
1784068140,2026-07-14T15:29:00-07:00,14
1784068200,2026-07-14T15:30:00-07:00,12
1784068260,2026-07-14T15:31:00-07:00,13
1784068320,2026-07-14T15:32:00-07:00,16
1784068380,2026-07-14T15:33:00-07:00,15
1784068440,2026-07-14T15:34:00-07:00,15
1784068500,2026-07-14T15:35:00-07:00,13
1784068560,2026-07-14T15:36:00-07:00,13
1784068620,2026-07-14T15:37:00-07:00,16
1784068680,2026-07-14T15:38:00-07:00,14
1784068740,2026-07-14T15:39:00-07:00,15
1784068800,2026-07-14T15:40:00-07:00,17
1784068860,2026-07-14T15:41:00-07:00,14
1784068920,2026-07-14T15:42:00-07:00,14
1784068980,2026-07-14T15:43:00-07:00,14
1784069040,2026-07-14T15:44:00-07:00,14
1784069100,2026-07-14T15:45:00-07:00,16
1784069160,2026-07-14T15:46:00-07:00,18
1784069220,2026-07-14T15:47:00-07:00,11
1784069280,2026-07-14T15:48:00-07:00,14
1784069340,2026-07-14T15:49:00-07:00,13
1784069400,2026-07-14T15:50:00-07:00,14
1784069460,2026-07-14T15:51:00-07:00,12
1784069520,2026-07-14T15:52:00-07:00,14
1784069580,2026-07-14T15:53:00-07:00,15
1784069640,2026-07-14T15:54:00-07:00,13
1784069700,2026-07-14T15:55:00-07:00,13
1784069760,2026-07-14T15:56:00-07:00,14
1784069820,2026-07-14T15:57:00-07:00,13
1784069880,2026-07-14T15:58:00-07:00,13
1784069940,2026-07-14T15:59:00-07:00,14
1784070000,2026-07-14T16:00:00-07:00,13
1784070060,2026-07-14T16:01:00-07:00,16
1784070120,2026-07-14T16:02:00-07:00,14
1784070180,2026-07-14T16:03:00-07:00,11
1784070240,2026-07-14T16:04:00-07:00,15
1784070300,2026-07-14T16:05:00-07:00,13
1784070360,2026-07-14T16:06:00-07:00,2
1784070420,2026-07-14T16:07:00-07:00,13
1784070480,2026-07-14T16:08:00-07:00,14
1784070540,2026-07-14T16:09:00-07:00,12
1784070600,2026-07-14T16:10:00-07:00,13
1784070660,2026-07-14T16:11:00-07:00,17
1784070720,2026-07-14T16:12:00-07:00,13
1784070780,2026-07-14T16:13:00-07:00,16
1784070840,2026-07-14T16:14:00-07:00,15
1784070900,2026-07-14T16:15:00-07:00,13
1784070960,2026-07-14T16:16:00-07:00,12
1784071020,2026-07-14T16:17:00-07:00,14
1784071080,2026-07-14T16:18:00-07:00,15
1784071140,2026-07-14T16:19:00-07:00,17
1784071200,2026-07-14T16:20:00-07:00,12
1784071260,2026-07-14T16:21:00-07:00,13
1784071320,2026-07-14T16:22:00-07:00,14
1784071380,2026-07-14T16:23:00-07:00,14
1784071440,2026-07-14T16:24:00-07:00,12
1784071500,2026-07-14T16:25:00-07:00,-3
1784071560,2026-07-14T16:26:00-07:00,16
1784071620,2026-07-14T16:27:00-07:00,13
1784071680,2026-07-14T16:28:00-07:00,13
1784071740,2026-07-14T16:29:00-07:00,11
1784071800,2026-07-14T16:30:00-07:00,13
1784071860,2026-07-14T16:31:00-07:00,12
1784071920,2026-07-14T16:32:00-07:00,12
1784071980,2026-07-14T16:33:00-07:00,14
1784072040,2026-07-14T16:34:00-07:00,13
1784072100,2026-07-14T16:35:00-07:00,13
1784072160,2026-07-14T16:36:00-07:00,12
1784072220,2026-07-14T16:37:00-07:00,13
1784072280,2026-07-14T16:38:00-07:00,12
1784072340,2026-07-14T16:39:00-07:00,14
1784072400,2026-07-14T16:40:00-07:00,16
1784072460,2026-07-14T16:41:00-07:00,14
1784072520,2026-07-14T16:42:00-07:00,14
1784072580,2026-07-14T16:43:00-07:00,-1
1784072640,2026-07-14T16:44:00-07:00,13
1784072700,2026-07-14T16:45:00-07:00,15
1784072760,2026-07-14T16:46:00-07:00,15
1784072820,2026-07-14T16:47:00-07:00,15
1784072880,2026-07-14T16:48:00-07:00,14
1784072940,2026-07-14T16:49:00-07:00,13
1784073000,2026-07-14T16:50:00-07:00,12
1784073060,2026-07-14T16:51:00-07:00,13
1784073120,2026-07-14T16:52:00-07:00,13
1784073180,2026-07-14T16:53:00-07:00,14
1784073240,2026-07-14T16:54:00-07:00,15
1784073300,2026-07-14T16:55:00-07:00,13
1784073360,2026-07-14T16:56:00-07:00,14
1784073420,2026-07-14T16:57:00-07:00,12
1784073480,2026-07-14T16:58:00-07:00,12
1784073540,2026-07-14T16:59:00-07:00,22
1784073600,2026-07-14T17:00:00-07:00,13
1784073660,2026-07-14T17:01:00-07:00,12
1784073720,2026-07-14T17:02:00-07:00,16
1784073780,2026-07-14T17:03:00-07:00,12
1784073840,2026-07-14T17:04:00-07:00,12
1784073900,2026-07-14T17:05:00-07:00,13
1784073960,2026-07-14T17:06:00-07:00,12
1784074020,2026-07-14T17:07:00-07:00,14
1784074080,2026-07-14T17:08:00-07:00,13
1784074140,2026-07-14T17:09:00-07:00,14
1784074200,2026-07-14T17:10:00-07:00,12
1784074260,2026-07-14T17:11:00-07:00,13
1784074320,2026-07-14T17:12:00-07:00,15
1784074380,2026-07-14T17:13:00-07:00,15
1784074440,2026-07-14T17:14:00-07:00,13
1784074500,2026-07-14T17:15:00-07:00,12
1784074560,2026-07-14T17:16:00-07:00,12
1784074620,2026-07-14T17:17:00-07:00,15
1784074680,2026-07-14T17:18:00-07:00,13
1784074740,2026-07-14T17:19:00-07:00,12
1784074800,2026-07-14T17:20:00-07:00,15
1784074860,2026-07-14T17:21:00-07:00,15
1784074920,2026-07-14T17:22:00-07:00,14
1784074980,2026-07-14T17:23:00-07:00,14
1784075040,2026-07-14T17:24:00-07:00,1
1784075100,2026-07-14T17:25:00-07:00,-2
1784075160,2026-07-14T17:26:00-07:00,17
1784075220,2026-07-14T17:27:00-07:00,12
1784075280,2026-07-14T17:28:00-07:00,13
1784075340,2026-07-14T17:29:00-07:00,13
1784075400,2026-07-14T17:30:00-07:00,14
1784075460,2026-07-14T17:31:00-07:00,17
1784075520,2026-07-14T17:32:00-07:00,13
1784075580,2026-07-14T17:33:00-07:00,11
1784075640,2026-07-14T17:34:00-07:00,14
1784075700,2026-07-14T17:35:00-07:00,11
1784075760,2026-07-14T17:36:00-07:00,12
1784075820,2026-07-14T17:37:00-07:00,12
1784075880,2026-07-14T17:38:00-07:00,13
1784075940,2026-07-14T17:39:00-07:00,13
1784076000,2026-07-14T17:40:00-07:00,13
1784076060,2026-07-14T17:41:00-07:00,13
1784076120,2026-07-14T17:42:00-07:00,13
1784076180,2026-07-14T17:43:00-07:00,16
1784076240,2026-07-14T17:44:00-07:00,13
1784076300,2026-07-14T17:45:00-07:00,18
1784076360,2026-07-14T17:46:00-07:00,14
1784076420,2026-07-14T17:47:00-07:00,13
1784076480,2026-07-14T17:48:00-07:00,11
1784076540,2026-07-14T17:49:00-07:00,17
1784076600,2026-07-14T17:50:00-07:00,13
1784076660,2026-07-14T17:51:00-07:00,13
1784076720,2026-07-14T17:52:00-07:00,12
1784076780,2026-07-14T17:53:00-07:00,14
1784076840,2026-07-14T17:54:00-07:00,15
1784076900,2026-07-14T17:55:00-07:00,11
1784076960,2026-07-14T17:56:00-07:00,12
1784077020,2026-07-14T17:57:00-07:00,15
1784077080,2026-07-14T17:58:00-07:00,13
1784077140,2026-07-14T17:59:00-07:00,18
1784077200,2026-07-14T18:00:00-07:00,13
1784077260,2026-07-14T18:01:00-07:00,13
1784077320,2026-07-14T18:02:00-07:00,0
1784077380,2026-07-14T18:03:00-07:00,15
1784077440,2026-07-14T18:04:00-07:00,18
1784077500,2026-07-14T18:05:00-07:00,13
1784077560,2026-07-14T18:06:00-07:00,15
1784077620,2026-07-14T18:07:00-07:00,16
1784077680,2026-07-14T18:08:00-07:00,13
1784077740,2026-07-14T18:09:00-07:00,12
1784077800,2026-07-14T18:10:00-07:00,13
1784077860,2026-07-14T18:11:00-07:00,12
1784077920,2026-07-14T18:12:00-07:00,0
1784077980,2026-07-14T18:13:00-07:00,15
1784078040,2026-07-14T18:14:00-07:00,13
1784078100,2026-07-14T18:15:00-07:00,14
1784078160,2026-07-14T18:16:00-07:00,11
1784078220,2026-07-14T18:17:00-07:00,12
1784078280,2026-07-14T18:18:00-07:00,16
1784078340,2026-07-14T18:19:00-07:00,14
1784078400,2026-07-14T18:20:00-07:00,14
1784078460,2026-07-14T18:21:00-07:00,14
1784078520,2026-07-14T18:22:00-07:00,12
1784078580,2026-07-14T18:23:00-07:00,15
1784078640,2026-07-14T18:24:00-07:00,14
1784078700,2026-07-14T18:25:00-07:00,14
1784078760,2026-07-14T18:26:00-07:00,15
1784078820,2026-07-14T18:27:00-07:00,13
1784078880,2026-07-14T18:28:00-07:00,13
1784078940,2026-07-14T18:29:00-07:00,14
1784079000,2026-07-14T18:30:00-07:00,13
1784079060,2026-07-14T18:31:00-07:00,14
1784079120,2026-07-14T18:32:00-07:00,13
1784079180,2026-07-14T18:33:00-07:00,18
1784079240,2026-07-14T18:34:00-07:00,15
1784079300,2026-07-14T18:35:00-07:00,14
1784079360,2026-07-14T18:36:00-07:00,13
1784079420,2026-07-14T18:37:00-07:00,15
1784079480,2026-07-14T18:38:00-07:00,13
1784079540,2026-07-14T18:39:00-07:00,13
1784079600,2026-07-14T18:40:00-07:00,15
1784079660,2026-07-14T18:41:00-07:00,18
1784079720,2026-07-14T18:42:00-07:00,14
1784079780,2026-07-14T18:43:00-07:00,13
1784079840,2026-07-14T18:44:00-07:00,12
1784079900,2026-07-14T18:45:00-07:00,13
1784079960,2026-07-14T18:46:00-07:00,14
1784080020,2026-07-14T18:47:00-07:00,12
1784080080,2026-07-14T18:48:00-07:00,13
1784080140,2026-07-14T18:49:00-07:00,13
1784080200,2026-07-14T18:50:00-07:00,17
1784080260,2026-07-14T18:51:00-07:00,12
1784080320,2026-07-14T18:52:00-07:00,14
1784080380,2026-07-14T18:53:00-07:00,14
1784080440,2026-07-14T18:54:00-07:00,13
1784080500,2026-07-14T18:55:00-07:00,15
1784080560,2026-07-14T18:56:00-07:00,13
1784080620,2026-07-14T18:57:00-07:00,12
1784080680,2026-07-14T18:58:00-07:00,13
1784080740,2026-07-14T18:59:00-07:00,13
1784080800,2026-07-14T19:00:00-07:00,2
1784080860,2026-07-14T19:01:00-07:00,13
1784080920,2026-07-14T19:02:00-07:00,13
1784080980,2026-07-14T19:03:00-07:00,12
1784081040,2026-07-14T19:04:00-07:00,12
1784081100,2026-07-14T19:05:00-07:00,12
1784081160,2026-07-14T19:06:00-07:00,16
1784081220,2026-07-14T19:07:00-07:00,12
1784081280,2026-07-14T19:08:00-07:00,12
1784081340,2026-07-14T19:09:00-07:00,13
1784081400,2026-07-14T19:10:00-07:00,2
1784081460,2026-07-14T19:11:00-07:00,14
1784081520,2026-07-14T19:12:00-07:00,14
1784081580,2026-07-14T19:13:00-07:00,13
1784081640,2026-07-14T19:14:00-07:00,15
1784081700,2026-07-14T19:15:00-07:00,14
1784081760,2026-07-14T19:16:00-07:00,12
1784081820,2026-07-14T19:17:00-07:00,14
1784081880,2026-07-14T19:18:00-07:00,13
1784081940,2026-07-14T19:19:00-07:00,12
1784082000,2026-07-14T19:20:00-07:00,13
1784082060,2026-07-14T19:21:00-07:00,16
1784082120,2026-07-14T19:22:00-07:00,17
1784082180,2026-07-14T19:23:00-07:00,14
1784082240,2026-07-14T19:24:00-07:00,14
1784082300,2026-07-14T19:25:00-07:00,15
1784082360,2026-07-14T19:26:00-07:00,13
1784082420,2026-07-14T19:27:00-07:00,13
1784082480,2026-07-14T19:28:00-07:00,12
1784082540,2026-07-14T19:29:00-07:00,13
1784082600,2026-07-14T19:30:00-07:00,13
1784082660,2026-07-14T19:31:00-07:00,14
1784082720,2026-07-14T19:32:00-07:00,13
1784082780,2026-07-14T19:33:00-07:00,17
1784082840,2026-07-14T19:34:00-07:00,15
1784082900,2026-07-14T19:35:00-07:00,15
1784082960,2026-07-14T19:36:00-07:00,13
1784083020,2026-07-14T19:37:00-07:00,13
1784083080,2026-07-14T19:38:00-07:00,14
1784083140,2026-07-14T19:39:00-07:00,14
1784083200,2026-07-14T19:40:00-07:00,14
1784083260,2026-07-14T19:41:00-07:00,13
1784083320,2026-07-14T19:42:00-07:00,15
1784083380,2026-07-14T19:43:00-07:00,12
1784083440,2026-07-14T19:44:00-07:00,13
1784083500,2026-07-14T19:45:00-07:00,14
1784083560,2026-07-14T19:46:00-07:00,16
1784083620,2026-07-14T19:47:00-07:00,14
1784083680,2026-07-14T19:48:00-07:00,14
1784083740,2026-07-14T19:49:00-07:00,14
1784083800,2026-07-14T19:50:00-07:00,14
1784083860,2026-07-14T19:51:00-07:00,13
1784083920,2026-07-14T19:52:00-07:00,12
1784083980,2026-07-14T19:53:00-07:00,16
1784084040,2026-07-14T19:54:00-07:00,13
1784084100,2026-07-14T19:55:00-07:00,14
1784084160,2026-07-14T19:56:00-07:00,15
1784084220,2026-07-14T19:57:00-07:00,13
1784084280,2026-07-14T19:58:00-07:00,11
1784084340,2026-07-14T19:59:00-07:00,14
1784084400,2026-07-14T20:00:00-07:00,14
1784084460,2026-07-14T20:01:00-07:00,13
1784084520,2026-07-14T20:02:00-07:00,13
1784084580,2026-07-14T20:03:00-07:00,15
1784084640,2026-07-14T20:04:00-07:00,16
1784084700,2026-07-14T20:05:00-07:00,13
1784084760,2026-07-14T20:06:00-07:00,12
1784084820,2026-07-14T20:07:00-07:00,12
1784084880,2026-07-14T20:08:00-07:00,12
1784084940,2026-07-14T20:09:00-07:00,13
1784085000,2026-07-14T20:10:00-07:00,14
1784085060,2026-07-14T20:11:00-07:00,12
1784085120,2026-07-14T20:12:00-07:00,11
1784085180,2026-07-14T20:13:00-07:00,14
1784085240,2026-07-14T20:14:00-07:00,14
1784085300,2026-07-14T20:15:00-07:00,12
1784085360,2026-07-14T20:16:00-07:00,14
1784085420,2026-07-14T20:17:00-07:00,14
1784085480,2026-07-14T20:18:00-07:00,1
1784085540,2026-07-14T20:19:00-07:00,18
1784085600,2026-07-14T20:20:00-07:00,12
1784085660,2026-07-14T20:21:00-07:00,15
1784085720,2026-07-14T20:22:00-07:00,13
1784085780,2026-07-14T20:23:00-07:00,12
1784085840,2026-07-14T20:24:00-07:00,14
1784085900,2026-07-14T20:25:00-07:00,13
1784085960,2026-07-14T20:26:00-07:00,13
1784086020,2026-07-14T20:27:00-07:00,16
1784086080,2026-07-14T20:28:00-07:00,14
1784086140,2026-07-14T20:29:00-07:00,14
1784086200,2026-07-14T20:30:00-07:00,13
1784086260,2026-07-14T20:31:00-07:00,12
1784086320,2026-07-14T20:32:00-07:00,17
1784086380,2026-07-14T20:33:00-07:00,14
1784086440,2026-07-14T20:34:00-07:00,13
1784086500,2026-07-14T20:35:00-07:00,12
1784086560,2026-07-14T20:36:00-07:00,12
1784086620,2026-07-14T20:37:00-07:00,13
1784086680,2026-07-14T20:38:00-07:00,13
1784086740,2026-07-14T20:39:00-07:00,13
1784086800,2026-07-14T20:40:00-07:00,14
1784086860,2026-07-14T20:41:00-07:00,18
1784086920,2026-07-14T20:42:00-07:00,14
1784086980,2026-07-14T20:43:00-07:00,14
1784087040,2026-07-14T20:44:00-07:00,13
1784087100,2026-07-14T20:45:00-07:00,12
1784087160,2026-07-14T20:46:00-07:00,17
1784087220,2026-07-14T20:47:00-07:00,12
1784087280,2026-07-14T20:48:00-07:00,13
1784087340,2026-07-14T20:49:00-07:00,11
1784087400,2026-07-14T20:50:00-07:00,12
1784087460,2026-07-14T20:51:00-07:00,14
1784087520,2026-07-14T20:52:00-07:00,14
1784087580,2026-07-14T20:53:00-07:00,12
1784087640,2026-07-14T20:54:00-07:00,14
1784087700,2026-07-14T20:55:00-07:00,13
1784087760,2026-07-14T20:56:00-07:00,13
1784087820,2026-07-14T20:57:00-07:00,13
1784087880,2026-07-14T20:58:00-07:00,14
1784087940,2026-07-14T20:59:00-07:00,13
1784088000,2026-07-14T21:00:00-07:00,13
1784088060,2026-07-14T21:01:00-07:00,-1
1784088120,2026-07-14T21:02:00-07:00,14
1784088180,2026-07-14T21:03:00-07:00,14
1784088240,2026-07-14T21:04:00-07:00,11
1784088300,2026-07-14T21:05:00-07:00,14
1784088360,2026-07-14T21:06:00-07:00,13
1784088420,2026-07-14T21:07:00-07:00,13
1784088480,2026-07-14T21:08:00-07:00,15
1784088540,2026-07-14T21:09:00-07:00,14
1784088600,2026-07-14T21:10:00-07:00,13
1784088660,2026-07-14T21:11:00-07:00,13
1784088720,2026-07-14T21:12:00-07:00,13
1784088780,2026-07-14T21:13:00-07:00,17
1784088840,2026-07-14T21:14:00-07:00,11
1784088900,2026-07-14T21:15:00-07:00,15
1784088960,2026-07-14T21:16:00-07:00,13
1784089020,2026-07-14T21:17:00-07:00,14
1784089080,2026-07-14T21:18:00-07:00,14
1784089140,2026-07-14T21:19:00-07:00,14
1784089200,2026-07-14T21:20:00-07:00,-2
1784089260,2026-07-14T21:21:00-07:00,16
1784089320,2026-07-14T21:22:00-07:00,13
1784089380,2026-07-14T21:23:00-07:00,13
1784089440,2026-07-14T21:24:00-07:00,15
1784089500,2026-07-14T21:25:00-07:00,13
1784089560,2026-07-14T21:26:00-07:00,14
1784089620,2026-07-14T21:27:00-07:00,14
1784089680,2026-07-14T21:28:00-07:00,13
1784089740,2026-07-14T21:29:00-07:00,11
1784089800,2026-07-14T21:30:00-07:00,12
1784089860,2026-07-14T21:31:00-07:00,13
1784089920,2026-07-14T21:32:00-07:00,14
1784089980,2026-07-14T21:33:00-07:00,13
1784090040,2026-07-14T21:34:00-07:00,13
1784090100,2026-07-14T21:35:00-07:00,14
1784090160,2026-07-14T21:36:00-07:00,13
1784090220,2026-07-14T21:37:00-07:00,13
1784090280,2026-07-14T21:38:00-07:00,13
1784090340,2026-07-14T21:39:00-07:00,16
1784090400,2026-07-14T21:40:00-07:00,0
1784090460,2026-07-14T21:41:00-07:00,13
1784090520,2026-07-14T21:42:00-07:00,14
1784090580,2026-07-14T21:43:00-07:00,16
1784090640,2026-07-14T21:44:00-07:00,13
1784090700,2026-07-14T21:45:00-07:00,13
1784090760,2026-07-14T21:46:00-07:00,13
1784090820,2026-07-14T21:47:00-07:00,14
1784090880,2026-07-14T21:48:00-07:00,13
1784090940,2026-07-14T21:49:00-07:00,12
1784091000,2026-07-14T21:50:00-07:00,13
1784091060,2026-07-14T21:51:00-07:00,15
1784091120,2026-07-14T21:52:00-07:00,16
1784091180,2026-07-14T21:53:00-07:00,12
1784091240,2026-07-14T21:54:00-07:00,13
1784091300,2026-07-14T21:55:00-07:00,13
1784091360,2026-07-14T21:56:00-07:00,13
1784091420,2026-07-14T21:57:00-07:00,13
1784091480,2026-07-14T21:58:00-07:00,14
1784091540,2026-07-14T21:59:00-07:00,15
1784091600,2026-07-14T22:00:00-07:00,12
1784091660,2026-07-14T22:01:00-07:00,13
1784091720,2026-07-14T22:02:00-07:00,-1
1784091780,2026-07-14T22:03:00-07:00,18
1784091840,2026-07-14T22:04:00-07:00,13
1784091900,2026-07-14T22:05:00-07:00,13
1784091960,2026-07-14T22:06:00-07:00,17
1784092020,2026-07-14T22:07:00-07:00,13
1784092080,2026-07-14T22:08:00-07:00,16
1784092140,2026-07-14T22:09:00-07:00,13
1784092200,2026-07-14T22:10:00-07:00,16
1784092260,2026-07-14T22:11:00-07:00,11
1784092320,2026-07-14T22:12:00-07:00,13
1784092380,2026-07-14T22:13:00-07:00,13
1784092440,2026-07-14T22:14:00-07:00,11
1784092500,2026-07-14T22:15:00-07:00,13
1784092560,2026-07-14T22:16:00-07:00,13
1784092620,2026-07-14T22:17:00-07:00,12
1784092680,2026-07-14T22:18:00-07:00,14
1784092740,2026-07-14T22:19:00-07:00,13
1784092800,2026-07-14T22:20:00-07:00,14
1784092860,2026-07-14T22:21:00-07:00,12
1784092920,2026-07-14T22:22:00-07:00,13
1784092980,2026-07-14T22:23:00-07:00,13
1784093040,2026-07-14T22:24:00-07:00,13
1784093100,2026-07-14T22:25:00-07:00,12
1784093160,2026-07-14T22:26:00-07:00,12
1784093220,2026-07-14T22:27:00-07:00,13
1784093280,2026-07-14T22:28:00-07:00,13
1784093340,2026-07-14T22:29:00-07:00,2
1784093400,2026-07-14T22:30:00-07:00,12
1784093460,2026-07-14T22:31:00-07:00,13
1784093520,2026-07-14T22:32:00-07:00,13
1784093580,2026-07-14T22:33:00-07:00,14
1784093640,2026-07-14T22:34:00-07:00,13
1784093700,2026-07-14T22:35:00-07:00,13
1784093760,2026-07-14T22:36:00-07:00,13
1784093820,2026-07-14T22:37:00-07:00,14
1784093880,2026-07-14T22:38:00-07:00,13
1784093940,2026-07-14T22:39:00-07:00,16
1784094000,2026-07-14T22:40:00-07:00,13
1784094060,2026-07-14T22:41:00-07:00,13
1784094120,2026-07-14T22:42:00-07:00,12
1784094180,2026-07-14T22:43:00-07:00,17
1784094240,2026-07-14T22:44:00-07:00,14
1784094300,2026-07-14T22:45:00-07:00,12
1784094360,2026-07-14T22:46:00-07:00,18
1784094420,2026-07-14T22:47:00-07:00,13
1784094480,2026-07-14T22:48:00-07:00,13
1784094540,2026-07-14T22:49:00-07:00,13
1784094600,2026-07-14T22:50:00-07:00,14
1784094660,2026-07-14T22:51:00-07:00,14
1784094720,2026-07-14T22:52:00-07:00,12
1784094780,2026-07-14T22:53:00-07:00,12
1784094840,2026-07-14T22:54:00-07:00,12
1784094900,2026-07-14T22:55:00-07:00,16
1784094960,2026-07-14T22:56:00-07:00,12
1784095020,2026-07-14T22:57:00-07:00,13
1784095080,2026-07-14T22:58:00-07:00,1
1784095140,2026-07-14T22:59:00-07:00,13
1784095200,2026-07-14T23:00:00-07:00,13
1784095260,2026-07-14T23:01:00-07:00,14
1784095320,2026-07-14T23:02:00-07:00,18
1784095380,2026-07-14T23:03:00-07:00,13
1784095440,2026-07-14T23:04:00-07:00,14
1784095500,2026-07-14T23:05:00-07:00,12
1784095560,2026-07-14T23:06:00-07:00,13
1784095620,2026-07-14T23:07:00-07:00,13
1784095680,2026-07-14T23:08:00-07:00,14
1784095740,2026-07-14T23:09:00-07:00,14
1784095800,2026-07-14T23:10:00-07:00,14
1784095860,2026-07-14T23:11:00-07:00,16
1784095920,2026-07-14T23:12:00-07:00,13
1784095980,2026-07-14T23:13:00-07:00,13
1784096040,2026-07-14T23:14:00-07:00,13
1784096100,2026-07-14T23:15:00-07:00,14
1784096160,2026-07-14T23:16:00-07:00,12
1784096220,2026-07-14T23:17:00-07:00,14
1784096280,2026-07-14T23:18:00-07:00,14
1784096340,2026-07-14T23:19:00-07:00,13
1784096400,2026-07-14T23:20:00-07:00,13
1784096460,2026-07-14T23:21:00-07:00,14
1784096520,2026-07-14T23:22:00-07:00,12
1784096580,2026-07-14T23:23:00-07:00,17
1784096640,2026-07-14T23:24:00-07:00,13
1784096700,2026-07-14T23:25:00-07:00,16
1784096760,2026-07-14T23:26:00-07:00,13
1784096820,2026-07-14T23:27:00-07:00,13
1784096880,2026-07-14T23:28:00-07:00,16
1784096940,2026-07-14T23:29:00-07:00,13
1784097000,2026-07-14T23:30:00-07:00,13
1784097060,2026-07-14T23:31:00-07:00,13
1784097120,2026-07-14T23:32:00-07:00,13
1784097180,2026-07-14T23:33:00-07:00,12
1784097240,2026-07-14T23:34:00-07:00,13
1784097300,2026-07-14T23:35:00-07:00,13
1784097360,2026-07-14T23:36:00-07:00,14
1784097420,2026-07-14T23:37:00-07:00,13
1784097480,2026-07-14T23:38:00-07:00,17
1784097540,2026-07-14T23:39:00-07:00,13
1784097600,2026-07-14T23:40:00-07:00,14
1784097660,2026-07-14T23:41:00-07:00,14
1784097720,2026-07-14T23:42:00-07:00,13
1784097780,2026-07-14T23:43:00-07:00,13
1784097840,2026-07-14T23:44:00-07:00,13
1784097900,2026-07-14T23:45:00-07:00,12
1784097960,2026-07-14T23:46:00-07:00,13
1784098020,2026-07-14T23:47:00-07:00,13
1784098080,2026-07-14T23:48:00-07:00,13
1784098140,2026-07-14T23:49:00-07:00,15
1784098200,2026-07-14T23:50:00-07:00,13
1784098260,2026-07-14T23:51:00-07:00,12
1784098320,2026-07-14T23:52:00-07:00,11
1784098380,2026-07-14T23:53:00-07:00,12
1784098440,2026-07-14T23:54:00-07:00,12
1784098500,2026-07-14T23:55:00-07:00,12
1784098560,2026-07-14T23:56:00-07:00,14
1784098620,2026-07-14T23:57:00-07:00,15
1784098680,2026-07-14T23:58:00-07:00,12
1784098740,2026-07-14T23:59:00-07:00,13
1784098800,2026-07-15T00:00:00-07:00,15
1784098860,2026-07-15T00:01:00-07:00,13
1784098920,2026-07-15T00:02:00-07:00,13
1784098980,2026-07-15T00:03:00-07:00,14
1784099040,2026-07-15T00:04:00-07:00,13
1784099100,2026-07-15T00:05:00-07:00,13
1784099160,2026-07-15T00:06:00-07:00,15
1784099220,2026-07-15T00:07:00-07:00,11
1784099280,2026-07-15T00:08:00-07:00,13
1784099340,2026-07-15T00:09:00-07:00,13
1784099400,2026-07-15T00:10:00-07:00,13
1784099460,2026-07-15T00:11:00-07:00,12
1784099520,2026-07-15T00:12:00-07:00,17
1784099580,2026-07-15T00:13:00-07:00,13
1784099640,2026-07-15T00:14:00-07:00,13
1784099700,2026-07-15T00:15:00-07:00,14
1784099760,2026-07-15T00:16:00-07:00,13
1784099820,2026-07-15T00:17:00-07:00,13
1784099880,2026-07-15T00:18:00-07:00,14
1784099940,2026-07-15T00:19:00-07:00,13
1784100000,2026-07-15T00:20:00-07:00,13
1784100060,2026-07-15T00:21:00-07:00,14
1784100120,2026-07-15T00:22:00-07:00,22
1784100180,2026-07-15T00:23:00-07:00,21
1784100240,2026-07-15T00:24:00-07:00,22
1784100300,2026-07-15T00:25:00-07:00,22
1784100360,2026-07-15T00:26:00-07:00,13
1784100420,2026-07-15T00:27:00-07:00,15
1784100480,2026-07-15T00:28:00-07:00,13
1784100540,2026-07-15T00:29:00-07:00,13
1784100600,2026-07-15T00:30:00-07:00,14
1784100660,2026-07-15T00:31:00-07:00,14
1784100720,2026-07-15T00:32:00-07:00,15
1784100780,2026-07-15T00:33:00-07:00,16
1784100840,2026-07-15T00:34:00-07:00,14
1784100900,2026-07-15T00:35:00-07:00,13
1784100960,2026-07-15T00:36:00-07:00,13
1784101020,2026-07-15T00:37:00-07:00,13
1784101080,2026-07-15T00:38:00-07:00,22
1784101140,2026-07-15T00:39:00-07:00,21
1784101200,2026-07-15T00:40:00-07:00,22
1784101260,2026-07-15T00:41:00-07:00,23
1784101320,2026-07-15T00:42:00-07:00,22
1784101380,2026-07-15T00:43:00-07:00,22
1784101440,2026-07-15T00:44:00-07:00,23
1784101500,2026-07-15T00:45:00-07:00,18
1784101560,2026-07-15T00:46:00-07:00,22
1784101620,2026-07-15T00:47:00-07:00,22
1784101680,2026-07-15T00:48:00-07:00,-6
1784101740,2026-07-15T00:49:00-07:00,12
1784101800,2026-07-15T00:50:00-07:00,12
1784101860,2026-07-15T00:51:00-07:00,14
1784101920,2026-07-15T00:52:00-07:00,15
1784101980,2026-07-15T00:53:00-07:00,14
1784102040,2026-07-15T00:54:00-07:00,14
1784102100,2026-07-15T00:55:00-07:00,13
1784102160,2026-07-15T00:56:00-07:00,14
1784102220,2026-07-15T00:57:00-07:00,13
1784102280,2026-07-15T00:58:00-07:00,13
1784102340,2026-07-15T00:59:00-07:00,13
1784102400,2026-07-15T01:00:00-07:00,12
1784102460,2026-07-15T01:01:00-07:00,14
1784102520,2026-07-15T01:02:00-07:00,13
1784102580,2026-07-15T01:03:00-07:00,13
1784102640,2026-07-15T01:04:00-07:00,12
1784102700,2026-07-15T01:05:00-07:00,12
1784102760,2026-07-15T01:06:00-07:00,14
1784102820,2026-07-15T01:07:00-07:00,-6
1784102880,2026-07-15T01:08:00-07:00,11
1784102940,2026-07-15T01:09:00-07:00,13
1784103000,2026-07-15T01:10:00-07:00,15
1784103060,2026-07-15T01:11:00-07:00,13
1784103120,2026-07-15T01:12:00-07:00,13
1784103180,2026-07-15T01:13:00-07:00,13
1784103240,2026-07-15T01:14:00-07:00,14
1784103300,2026-07-15T01:15:00-07:00,14
1784103360,2026-07-15T01:16:00-07:00,12
1784103420,2026-07-15T01:17:00-07:00,12
1784103480,2026-07-15T01:18:00-07:00,13
1784103540,2026-07-15T01:19:00-07:00,14
1784103600,2026-07-15T01:20:00-07:00,14
1784103660,2026-07-15T01:21:00-07:00,13
1784103720,2026-07-15T01:22:00-07:00,14
1784103780,2026-07-15T01:23:00-07:00,12
1784103840,2026-07-15T01:24:00-07:00,13
1784103900,2026-07-15T01:25:00-07:00,14
1784103960,2026-07-15T01:26:00-07:00,12
1784104020,2026-07-15T01:27:00-07:00,13
1784104080,2026-07-15T01:28:00-07:00,13
1784104140,2026-07-15T01:29:00-07:00,14
1784104200,2026-07-15T01:30:00-07:00,14
1784104260,2026-07-15T01:31:00-07:00,13
1784104320,2026-07-15T01:32:00-07:00,12
1784104380,2026-07-15T01:33:00-07:00,13
1784104440,2026-07-15T01:34:00-07:00,12
1784104500,2026-07-15T01:35:00-07:00,12
1784104560,2026-07-15T01:36:00-07:00,15
1784104620,2026-07-15T01:37:00-07:00,13
1784104680,2026-07-15T01:38:00-07:00,14
1784104740,2026-07-15T01:39:00-07:00,12
1784104800,2026-07-15T01:40:00-07:00,13
1784104860,2026-07-15T01:41:00-07:00,13
1784104920,2026-07-15T01:42:00-07:00,13
1784104980,2026-07-15T01:43:00-07:00,13
1784105040,2026-07-15T01:44:00-07:00,21
1784105100,2026-07-15T01:45:00-07:00,13
1784105160,2026-07-15T01:46:00-07:00,14
1784105220,2026-07-15T01:47:00-07:00,16
1784105280,2026-07-15T01:48:00-07:00,13
1784105340,2026-07-15T01:49:00-07:00,13
1784105400,2026-07-15T01:50:00-07:00,13
1784105460,2026-07-15T01:51:00-07:00,13
1784105520,2026-07-15T01:52:00-07:00,12
1784105580,2026-07-15T01:53:00-07:00,13
1784105640,2026-07-15T01:54:00-07:00,14
1784105700,2026-07-15T01:55:00-07:00,11
1784105760,2026-07-15T01:56:00-07:00,11
1784105820,2026-07-15T01:57:00-07:00,13
1784105880,2026-07-15T01:58:00-07:00,12
1784105940,2026-07-15T01:59:00-07:00,14
1784106000,2026-07-15T02:00:00-07:00,15
1784106060,2026-07-15T02:01:00-07:00,14
1784106120,2026-07-15T02:02:00-07:00,13
1784106180,2026-07-15T02:03:00-07:00,13
1784106240,2026-07-15T02:04:00-07:00,12
1784106300,2026-07-15T02:05:00-07:00,13
1784106360,2026-07-15T02:06:00-07:00,13
1784106420,2026-07-15T02:07:00-07:00,14
1784106480,2026-07-15T02:08:00-07:00,12
1784106540,2026-07-15T02:09:00-07:00,14
1784106600,2026-07-15T02:10:00-07:00,14
1784106660,2026-07-15T02:11:00-07:00,13
1784106720,2026-07-15T02:12:00-07:00,13
1784106780,2026-07-15T02:13:00-07:00,13
1784106840,2026-07-15T02:14:00-07:00,12
1784106900,2026-07-15T02:15:00-07:00,14
1784106960,2026-07-15T02:16:00-07:00,13
1784107020,2026-07-15T02:17:00-07:00,14
1784107080,2026-07-15T02:18:00-07:00,13
1784107140,2026-07-15T02:19:00-07:00,15
1784107200,2026-07-15T02:20:00-07:00,12
1784107260,2026-07-15T02:21:00-07:00,14
1784107320,2026-07-15T02:22:00-07:00,15
1784107380,2026-07-15T02:23:00-07:00,13
1784107440,2026-07-15T02:24:00-07:00,13
1784107500,2026-07-15T02:25:00-07:00,13
1784107560,2026-07-15T02:26:00-07:00,13
1784107620,2026-07-15T02:27:00-07:00,12
1784107680,2026-07-15T02:28:00-07:00,14
1784107740,2026-07-15T02:29:00-07:00,12
1784107800,2026-07-15T02:30:00-07:00,12
1784107860,2026-07-15T02:31:00-07:00,14
1784107920,2026-07-15T02:32:00-07:00,12
1784107980,2026-07-15T02:33:00-07:00,13
1784108040,2026-07-15T02:34:00-07:00,13
1784108100,2026-07-15T02:35:00-07:00,12
1784108160,2026-07-15T02:36:00-07:00,16
1784108220,2026-07-15T02:37:00-07:00,13
1784108280,2026-07-15T02:38:00-07:00,13
1784108340,2026-07-15T02:39:00-07:00,14
1784108400,2026-07-15T02:40:00-07:00,12
1784108460,2026-07-15T02:41:00-07:00,12
1784108520,2026-07-15T02:42:00-07:00,12
1784108580,2026-07-15T02:43:00-07:00,13
1784108640,2026-07-15T02:44:00-07:00,13
1784108700,2026-07-15T02:45:00-07:00,14
1784108760,2026-07-15T02:46:00-07:00,12
1784108820,2026-07-15T02:47:00-07:00,13
1784108880,2026-07-15T02:48:00-07:00,14
1784108940,2026-07-15T02:49:00-07:00,13
1784109000,2026-07-15T02:50:00-07:00,-4
1784109060,2026-07-15T02:51:00-07:00,13
1784109120,2026-07-15T02:52:00-07:00,13
1784109180,2026-07-15T02:53:00-07:00,-50
1784109240,2026-07-15T02:54:00-07:00,12
1784109300,2026-07-15T02:55:00-07:00,13
1784109360,2026-07-15T02:56:00-07:00,14
1784109420,2026-07-15T02:57:00-07:00,14
1784109480,2026-07-15T02:58:00-07:00,13
1784109540,2026-07-15T02:59:00-07:00,13
1784109600,2026-07-15T03:00:00-07:00,14
1784109660,2026-07-15T03:01:00-07:00,14
1784109720,2026-07-15T03:02:00-07:00,13
1784109780,2026-07-15T03:03:00-07:00,14
1784109840,2026-07-15T03:04:00-07:00,15
1784109900,2026-07-15T03:05:00-07:00,14
1784109960,2026-07-15T03:06:00-07:00,13
1784110020,2026-07-15T03:07:00-07:00,12
1784110080,2026-07-15T03:08:00-07:00,12
1784110140,2026-07-15T03:09:00-07:00,-4
1784110200,2026-07-15T03:10:00-07:00,13
1784110260,2026-07-15T03:11:00-07:00,14
1784110320,2026-07-15T03:12:00-07:00,14
1784110380,2026-07-15T03:13:00-07:00,14
1784110440,2026-07-15T03:14:00-07:00,10
1784110500,2026-07-15T03:15:00-07:00,14
1784110560,2026-07-15T03:16:00-07:00,12
1784110620,2026-07-15T03:17:00-07:00,13
1784110680,2026-07-15T03:18:00-07:00,14
1784110740,2026-07-15T03:19:00-07:00,12
1784110800,2026-07-15T03:20:00-07:00,13
1784110860,2026-07-15T03:21:00-07:00,14
1784110920,2026-07-15T03:22:00-07:00,16
1784110980,2026-07-15T03:23:00-07:00,12
1784111040,2026-07-15T03:24:00-07:00,12
1784111100,2026-07-15T03:25:00-07:00,13
1784111160,2026-07-15T03:26:00-07:00,12
1784111220,2026-07-15T03:27:00-07:00,13
1784111280,2026-07-15T03:28:00-07:00,13
1784111340,2026-07-15T03:29:00-07:00,13
1784111400,2026-07-15T03:30:00-07:00,13
1784111460,2026-07-15T03:31:00-07:00,13
1784111520,2026-07-15T03:32:00-07:00,14
1784111580,2026-07-15T03:33:00-07:00,11
1784111640,2026-07-15T03:34:00-07:00,13
1784111700,2026-07-15T03:35:00-07:00,13
1784111760,2026-07-15T03:36:00-07:00,12
1784111820,2026-07-15T03:37:00-07:00,13
1784111880,2026-07-15T03:38:00-07:00,-3
1784111940,2026-07-15T03:39:00-07:00,14
1784112000,2026-07-15T03:40:00-07:00,13
1784112060,2026-07-15T03:41:00-07:00,12
1784112120,2026-07-15T03:42:00-07:00,12
1784112180,2026-07-15T03:43:00-07:00,14
1784112240,2026-07-15T03:44:00-07:00,12
1784112300,2026-07-15T03:45:00-07:00,12
1784112360,2026-07-15T03:46:00-07:00,13
1784112420,2026-07-15T03:47:00-07:00,14
1784112480,2026-07-15T03:48:00-07:00,13
1784112540,2026-07-15T03:49:00-07:00,12
1784112600,2026-07-15T03:50:00-07:00,14
1784112660,2026-07-15T03:51:00-07:00,13
1784112720,2026-07-15T03:52:00-07:00,12
1784112780,2026-07-15T03:53:00-07:00,13
1784112840,2026-07-15T03:54:00-07:00,13
1784112900,2026-07-15T03:55:00-07:00,13
1784112960,2026-07-15T03:56:00-07:00,12
1784113020,2026-07-15T03:57:00-07:00,15
1784113080,2026-07-15T03:58:00-07:00,11
1784113140,2026-07-15T03:59:00-07:00,12
1784113200,2026-07-15T04:00:00-07:00,12
1784113260,2026-07-15T04:01:00-07:00,13
1784113320,2026-07-15T04:02:00-07:00,13
1784113380,2026-07-15T04:03:00-07:00,14
1784113440,2026-07-15T04:04:00-07:00,14
1784113500,2026-07-15T04:05:00-07:00,16
1784113560,2026-07-15T04:06:00-07:00,12
1784113620,2026-07-15T04:07:00-07:00,-6
1784113680,2026-07-15T04:08:00-07:00,13
1784113740,2026-07-15T04:09:00-07:00,12
1784113800,2026-07-15T04:10:00-07:00,12
1784113860,2026-07-15T04:11:00-07:00,13
1784113920,2026-07-15T04:12:00-07:00,14
1784113980,2026-07-15T04:13:00-07:00,14
1784114040,2026-07-15T04:14:00-07:00,14
1784114100,2026-07-15T04:15:00-07:00,12
1784114160,2026-07-15T04:16:00-07:00,14
1784114220,2026-07-15T04:17:00-07:00,14
1784114280,2026-07-15T04:18:00-07:00,14
1784114340,2026-07-15T04:19:00-07:00,16
1784114400,2026-07-15T04:20:00-07:00,12
1784114460,2026-07-15T04:21:00-07:00,13
1784114520,2026-07-15T04:22:00-07:00,12
1784114580,2026-07-15T04:23:00-07:00,14
1784114640,2026-07-15T04:24:00-07:00,12
1784114700,2026-07-15T04:25:00-07:00,14
1784114760,2026-07-15T04:26:00-07:00,13
1784114820,2026-07-15T04:27:00-07:00,13
1784114880,2026-07-15T04:28:00-07:00,14
1784114940,2026-07-15T04:29:00-07:00,14
1784115000,2026-07-15T04:30:00-07:00,13
1784115060,2026-07-15T04:31:00-07:00,13
1784115120,2026-07-15T04:32:00-07:00,13
1784115180,2026-07-15T04:33:00-07:00,14
1784115240,2026-07-15T04:34:00-07:00,12
1784115300,2026-07-15T04:35:00-07:00,12
1784115360,2026-07-15T04:36:00-07:00,-4
1784115420,2026-07-15T04:37:00-07:00,14
1784115480,2026-07-15T04:38:00-07:00,13
1784115540,2026-07-15T04:39:00-07:00,14
1784115600,2026-07-15T04:40:00-07:00,13
1784115660,2026-07-15T04:41:00-07:00,13
1784115720,2026-07-15T04:42:00-07:00,13
1784115780,2026-07-15T04:43:00-07:00,14
1784115840,2026-07-15T04:44:00-07:00,14
1784115900,2026-07-15T04:45:00-07:00,13
1784115960,2026-07-15T04:46:00-07:00,13
1784116020,2026-07-15T04:47:00-07:00,13
1784116080,2026-07-15T04:48:00-07:00,12
1784116140,2026-07-15T04:49:00-07:00,12
1784116200,2026-07-15T04:50:00-07:00,12
1784116260,2026-07-15T04:51:00-07:00,12
1784116320,2026-07-15T04:52:00-07:00,14
1784116380,2026-07-15T04:53:00-07:00,12
1784116440,2026-07-15T04:54:00-07:00,13
1784116500,2026-07-15T04:55:00-07:00,15
1784116560,2026-07-15T04:56:00-07:00,13
1784116620,2026-07-15T04:57:00-07:00,13
1784116680,2026-07-15T04:58:00-07:00,12
1784116740,2026-07-15T04:59:00-07:00,13
1784116800,2026-07-15T05:00:00-07:00,13
1784116860,2026-07-15T05:01:00-07:00,13
1784116920,2026-07-15T05:02:00-07:00,13
1784116980,2026-07-15T05:03:00-07:00,13
1784117040,2026-07-15T05:04:00-07:00,14
1784117100,2026-07-15T05:05:00-07:00,-6
1784117160,2026-07-15T05:06:00-07:00,13
1784117220,2026-07-15T05:07:00-07:00,13
1784117280,2026-07-15T05:08:00-07:00,14
1784117340,2026-07-15T05:09:00-07:00,12
1784117400,2026-07-15T05:10:00-07:00,13
1784117460,2026-07-15T05:11:00-07:00,12
1784117520,2026-07-15T05:12:00-07:00,16
1784117580,2026-07-15T05:13:00-07:00,15
1784117640,2026-07-15T05:14:00-07:00,14
1784117700,2026-07-15T05:15:00-07:00,14
1784117760,2026-07-15T05:16:00-07:00,14
1784117820,2026-07-15T05:17:00-07:00,12
1784117880,2026-07-15T05:18:00-07:00,14
1784117940,2026-07-15T05:19:00-07:00,13
1784118000,2026-07-15T05:20:00-07:00,14
1784118060,2026-07-15T05:21:00-07:00,14
1784118120,2026-07-15T05:22:00-07:00,12
1784118180,2026-07-15T05:23:00-07:00,14
1784118240,2026-07-15T05:24:00-07:00,13
1784118300,2026-07-15T05:25:00-07:00,14
1784118360,2026-07-15T05:26:00-07:00,13
1784118420,2026-07-15T05:27:00-07:00,14
1784118480,2026-07-15T05:28:00-07:00,14
1784118540,2026-07-15T05:29:00-07:00,14
1784118600,2026-07-15T05:30:00-07:00,13
1784118660,2026-07-15T05:31:00-07:00,14
1784118720,2026-07-15T05:32:00-07:00,14
1784118780,2026-07-15T05:33:00-07:00,14
1784118840,2026-07-15T05:34:00-07:00,-6
1784118900,2026-07-15T05:35:00-07:00,14
1784118960,2026-07-15T05:36:00-07:00,14
1784119020,2026-07-15T05:37:00-07:00,13
1784119080,2026-07-15T05:38:00-07:00,14
1784119140,2026-07-15T05:39:00-07:00,13
1784119200,2026-07-15T05:40:00-07:00,13
1784119260,2026-07-15T05:41:00-07:00,14
1784119320,2026-07-15T05:42:00-07:00,13
1784119380,2026-07-15T05:43:00-07:00,13
1784119440,2026-07-15T05:44:00-07:00,13
1784119500,2026-07-15T05:45:00-07:00,12
1784119560,2026-07-15T05:46:00-07:00,13
1784119620,2026-07-15T05:47:00-07:00,14
1784119680,2026-07-15T05:48:00-07:00,14
1784119740,2026-07-15T05:49:00-07:00,14
1784119800,2026-07-15T05:50:00-07:00,13
1784119860,2026-07-15T05:51:00-07:00,12
1784119920,2026-07-15T05:52:00-07:00,13
1784119980,2026-07-15T05:53:00-07:00,12
1784120040,2026-07-15T05:54:00-07:00,14
1784120100,2026-07-15T05:55:00-07:00,13
1784120160,2026-07-15T05:56:00-07:00,16
1784120220,2026-07-15T05:57:00-07:00,14
1784120280,2026-07-15T05:58:00-07:00,16
1784120340,2026-07-15T05:59:00-07:00,14
1784120400,2026-07-15T06:00:00-07:00,14
1784120460,2026-07-15T06:01:00-07:00,17
1784120520,2026-07-15T06:02:00-07:00,15
1784120580,2026-07-15T06:03:00-07:00,-4
1784120640,2026-07-15T06:04:00-07:00,14
1784120700,2026-07-15T06:05:00-07:00,15
1784120760,2026-07-15T06:06:00-07:00,14
1784120820,2026-07-15T06:07:00-07:00,14
1784120880,2026-07-15T06:08:00-07:00,14
1784120940,2026-07-15T06:09:00-07:00,14
1784121000,2026-07-15T06:10:00-07:00,14
1784121060,2026-07-15T06:11:00-07:00,12
1784121120,2026-07-15T06:12:00-07:00,13
1784121180,2026-07-15T06:13:00-07:00,14
1784121240,2026-07-15T06:14:00-07:00,12
1784121300,2026-07-15T06:15:00-07:00,13
1784121360,2026-07-15T06:16:00-07:00,13
1784121420,2026-07-15T06:17:00-07:00,16
1784121480,2026-07-15T06:18:00-07:00,13
1784121540,2026-07-15T06:19:00-07:00,13
1784121600,2026-07-15T06:20:00-07:00,13
1784121660,2026-07-15T06:21:00-07:00,13
1784121720,2026-07-15T06:22:00-07:00,13
1784121780,2026-07-15T06:23:00-07:00,16
1784121840,2026-07-15T06:24:00-07:00,13
1784121900,2026-07-15T06:25:00-07:00,14
1784121960,2026-07-15T06:26:00-07:00,14
1784122020,2026-07-15T06:27:00-07:00,13
1784122080,2026-07-15T06:28:00-07:00,14
1784122140,2026-07-15T06:29:00-07:00,14
1784122200,2026-07-15T06:30:00-07:00,14
1784122260,2026-07-15T06:31:00-07:00,14
1784122320,2026-07-15T06:32:00-07:00,14
1784122380,2026-07-15T06:33:00-07:00,13
1784122440,2026-07-15T06:34:00-07:00,15
1784122500,2026-07-15T06:35:00-07:00,14
1784122560,2026-07-15T06:36:00-07:00,12
1784122620,2026-07-15T06:37:00-07:00,13
1784122680,2026-07-15T06:38:00-07:00,13
1784122740,2026-07-15T06:39:00-07:00,13
1784122800,2026-07-15T06:40:00-07:00,13
1784122860,2026-07-15T06:41:00-07:00,13
1784122920,2026-07-15T06:42:00-07:00,13
1784122980,2026-07-15T06:43:00-07:00,12
1784123040,2026-07-15T06:44:00-07:00,14
1784123100,2026-07-15T06:45:00-07:00,13
1784123160,2026-07-15T06:46:00-07:00,14
1784123220,2026-07-15T06:47:00-07:00,15
1784123280,2026-07-15T06:48:00-07:00,13
1784123340,2026-07-15T06:49:00-07:00,15
1784123400,2026-07-15T06:50:00-07:00,14
1784123460,2026-07-15T06:51:00-07:00,14
1784123520,2026-07-15T06:52:00-07:00,-5
1784123580,2026-07-15T06:53:00-07:00,14
1784123640,2026-07-15T06:54:00-07:00,14
1784123700,2026-07-15T06:55:00-07:00,14
1784123760,2026-07-15T06:56:00-07:00,13
1784123820,2026-07-15T06:57:00-07:00,12
1784123880,2026-07-15T06:58:00-07:00,13
1784123940,2026-07-15T06:59:00-07:00,14
1784124000,2026-07-15T07:00:00-07:00,14
1784124060,2026-07-15T07:01:00-07:00,13
1784124120,2026-07-15T07:02:00-07:00,13
1784124180,2026-07-15T07:03:00-07:00,13
1784124240,2026-07-15T07:04:00-07:00,14
1784124300,2026-07-15T07:05:00-07:00,12
1784124360,2026-07-15T07:06:00-07:00,13
1784124420,2026-07-15T07:07:00-07:00,12
1784124480,2026-07-15T07:08:00-07:00,17
1784124540,2026-07-15T07:09:00-07:00,13
1784124600,2026-07-15T07:10:00-07:00,14
1784124660,2026-07-15T07:11:00-07:00,13
1784124720,2026-07-15T07:12:00-07:00,13
1784124780,2026-07-15T07:13:00-07:00,13
1784124840,2026-07-15T07:14:00-07:00,13
1784124900,2026-07-15T07:15:00-07:00,15
1784124960,2026-07-15T07:16:00-07:00,14
1784125020,2026-07-15T07:17:00-07:00,14
1784125080,2026-07-15T07:18:00-07:00,12
1784125140,2026-07-15T07:19:00-07:00,14
1784125200,2026-07-15T07:20:00-07:00,14
1784125260,2026-07-15T07:21:00-07:00,14
1784125320,2026-07-15T07:22:00-07:00,13
1784125380,2026-07-15T07:23:00-07:00,17
1784125440,2026-07-15T07:24:00-07:00,14
1784125500,2026-07-15T07:25:00-07:00,14
1784125560,2026-07-15T07:26:00-07:00,12
1784125620,2026-07-15T07:27:00-07:00,14
1784125680,2026-07-15T07:28:00-07:00,14
1784125740,2026-07-15T07:29:00-07:00,13
1784125800,2026-07-15T07:30:00-07:00,14
1784125860,2026-07-15T07:31:00-07:00,-3
1784125920,2026-07-15T07:32:00-07:00,13
1784125980,2026-07-15T07:33:00-07:00,13
1784126040,2026-07-15T07:34:00-07:00,14
1784126100,2026-07-15T07:35:00-07:00,14
1784126160,2026-07-15T07:36:00-07:00,13
1784126220,2026-07-15T07:37:00-07:00,13
1784126280,2026-07-15T07:38:00-07:00,14
1784126340,2026-07-15T07:39:00-07:00,14
1784126400,2026-07-15T07:40:00-07:00,14
1784126460,2026-07-15T07:41:00-07:00,14
1784126520,2026-07-15T07:42:00-07:00,14
1784126580,2026-07-15T07:43:00-07:00,12
1784126640,2026-07-15T07:44:00-07:00,13
1784126700,2026-07-15T07:45:00-07:00,13
1784126760,2026-07-15T07:46:00-07:00,13
1784126820,2026-07-15T07:47:00-07:00,13
1784126880,2026-07-15T07:48:00-07:00,-50
1784126940,2026-07-15T07:49:00-07:00,16
1784127000,2026-07-15T07:50:00-07:00,12
1784127060,2026-07-15T07:51:00-07:00,11
1784127120,2026-07-15T07:52:00-07:00,13
1784127180,2026-07-15T07:53:00-07:00,13
1784127240,2026-07-15T07:54:00-07:00,13
1784127300,2026-07-15T07:55:00-07:00,13
1784127360,2026-07-15T07:56:00-07:00,13
1784127420,2026-07-15T07:57:00-07:00,13
1784127480,2026-07-15T07:58:00-07:00,13
1784127540,2026-07-15T07:59:00-07:00,14
1784127600,2026-07-15T08:00:00-07:00,13
1784127660,2026-07-15T08:01:00-07:00,12
1784127720,2026-07-15T08:02:00-07:00,13
1784127780,2026-07-15T08:03:00-07:00,12
1784127840,2026-07-15T08:04:00-07:00,15
1784127900,2026-07-15T08:05:00-07:00,13
1784127960,2026-07-15T08:06:00-07:00,12
1784128020,2026-07-15T08:07:00-07:00,13
1784128080,2026-07-15T08:08:00-07:00,15
1784128140,2026-07-15T08:09:00-07:00,11
1784128200,2026-07-15T08:10:00-07:00,14
1784128260,2026-07-15T08:11:00-07:00,13
1784128320,2026-07-15T08:12:00-07:00,13
1784128380,2026-07-15T08:13:00-07:00,12
1784128440,2026-07-15T08:14:00-07:00,14
1784128500,2026-07-15T08:15:00-07:00,13
1784128560,2026-07-15T08:16:00-07:00,13
1784128620,2026-07-15T08:17:00-07:00,13
1784128680,2026-07-15T08:18:00-07:00,15
1784128740,2026-07-15T08:19:00-07:00,14
1784128800,2026-07-15T08:20:00-07:00,14
1784128860,2026-07-15T08:21:00-07:00,13
1784128920,2026-07-15T08:22:00-07:00,13
1784128980,2026-07-15T08:23:00-07:00,14
1784129040,2026-07-15T08:24:00-07:00,16
1784129100,2026-07-15T08:25:00-07:00,13
1784129160,2026-07-15T08:26:00-07:00,13
1784129220,2026-07-15T08:27:00-07:00,15
1784129280,2026-07-15T08:28:00-07:00,13
1784129340,2026-07-15T08:29:00-07:00,14
1784129400,2026-07-15T08:30:00-07:00,13
1784129460,2026-07-15T08:31:00-07:00,13
1784129520,2026-07-15T08:32:00-07:00,12
1784129580,2026-07-15T08:33:00-07:00,12
1784129640,2026-07-15T08:34:00-07:00,14
1784129700,2026-07-15T08:35:00-07:00,12
1784129760,2026-07-15T08:36:00-07:00,14
1784129820,2026-07-15T08:37:00-07:00,16
1784129880,2026-07-15T08:38:00-07:00,14
1784129940,2026-07-15T08:39:00-07:00,17
1784130000,2026-07-15T08:40:00-07:00,13
1784130060,2026-07-15T08:41:00-07:00,12
1784130120,2026-07-15T08:42:00-07:00,13
1784130180,2026-07-15T08:43:00-07:00,17
1784130240,2026-07-15T08:44:00-07:00,13
1784130300,2026-07-15T08:45:00-07:00,13
1784130360,2026-07-15T08:46:00-07:00,14
1784130420,2026-07-15T08:47:00-07:00,14
1784130480,2026-07-15T08:48:00-07:00,13
1784130540,2026-07-15T08:49:00-07:00,14
1784130600,2026-07-15T08:50:00-07:00,12
1784130660,2026-07-15T08:51:00-07:00,11
1784130720,2026-07-15T08:52:00-07:00,14
1784130780,2026-07-15T08:53:00-07:00,14
1784130840,2026-07-15T08:54:00-07:00,12
1784130900,2026-07-15T08:55:00-07:00,13
1784130960,2026-07-15T08:56:00-07:00,14
1784131020,2026-07-15T08:57:00-07:00,13
1784131080,2026-07-15T08:58:00-07:00,14
1784131140,2026-07-15T08:59:00-07:00,14
1784131200,2026-07-15T09:00:00-07:00,15
1784131260,2026-07-15T09:01:00-07:00,12
1784131320,2026-07-15T09:02:00-07:00,11
1784131380,2026-07-15T09:03:00-07:00,13
1784131440,2026-07-15T09:04:00-07:00,12
1784131500,2026-07-15T09:05:00-07:00,13
1784131560,2026-07-15T09:06:00-07:00,-4
1784131620,2026-07-15T09:07:00-07:00,18
1784131680,2026-07-15T09:08:00-07:00,14
1784131740,2026-07-15T09:09:00-07:00,18
1784131800,2026-07-15T09:10:00-07:00,20
1784131860,2026-07-15T09:11:00-07:00,17
1784131920,2026-07-15T09:12:00-07:00,12
1784131980,2026-07-15T09:13:00-07:00,20
1784132040,2026-07-15T09:14:00-07:00,17
1784132100,2026-07-15T09:15:00-07:00,13
1784132160,2026-07-15T09:16:00-07:00,14
1784132220,2026-07-15T09:17:00-07:00,14
1784132280,2026-07-15T09:18:00-07:00,12
1784132340,2026-07-15T09:19:00-07:00,13
1784132400,2026-07-15T09:20:00-07:00,15
1784132460,2026-07-15T09:21:00-07:00,13
1784132520,2026-07-15T09:22:00-07:00,16
1784132580,2026-07-15T09:23:00-07:00,13
1784132640,2026-07-15T09:24:00-07:00,12
1784132700,2026-07-15T09:25:00-07:00,13
1784132760,2026-07-15T09:26:00-07:00,13
1784132820,2026-07-15T09:27:00-07:00,13
1784132880,2026-07-15T09:28:00-07:00,17
1784132940,2026-07-15T09:29:00-07:00,16
1784133000,2026-07-15T09:30:00-07:00,14
1784133060,2026-07-15T09:31:00-07:00,13
1784133120,2026-07-15T09:32:00-07:00,17
1784133180,2026-07-15T09:33:00-07:00,16
1784133240,2026-07-15T09:34:00-07:00,14
1784133300,2026-07-15T09:35:00-07:00,13
1784133360,2026-07-15T09:36:00-07:00,13
1784133420,2026-07-15T09:37:00-07:00,14
1784133480,2026-07-15T09:38:00-07:00,14
1784133540,2026-07-15T09:39:00-07:00,13
1784133600,2026-07-15T09:40:00-07:00,13
1784133660,2026-07-15T09:41:00-07:00,12
1784133720,2026-07-15T09:42:00-07:00,13
1784133780,2026-07-15T09:43:00-07:00,14
1784133840,2026-07-15T09:44:00-07:00,18
1784133900,2026-07-15T09:45:00-07:00,14
1784133960,2026-07-15T09:46:00-07:00,13
1784134020,2026-07-15T09:47:00-07:00,13
1784134080,2026-07-15T09:48:00-07:00,16
1784134140,2026-07-15T09:49:00-07:00,13
1784134200,2026-07-15T09:50:00-07:00,14
1784134260,2026-07-15T09:51:00-07:00,12
1784134320,2026-07-15T09:52:00-07:00,16
1784134380,2026-07-15T09:53:00-07:00,15
1784134440,2026-07-15T09:54:00-07:00,14
1784134500,2026-07-15T09:55:00-07:00,13
1784134560,2026-07-15T09:56:00-07:00,13
1784134620,2026-07-15T09:57:00-07:00,15
1784134680,2026-07-15T09:58:00-07:00,14
1784134740,2026-07-15T09:59:00-07:00,14
1784134800,2026-07-15T10:00:00-07:00,18
1784134860,2026-07-15T10:01:00-07:00,18
1784134920,2026-07-15T10:02:00-07:00,14
1784134980,2026-07-15T10:03:00-07:00,13
1784135040,2026-07-15T10:04:00-07:00,13
1784135100,2026-07-15T10:05:00-07:00,-4
1784135160,2026-07-15T10:06:00-07:00,13
1784135220,2026-07-15T10:07:00-07:00,15
1784135280,2026-07-15T10:08:00-07:00,16
1784135340,2026-07-15T10:09:00-07:00,12
1784135400,2026-07-15T10:10:00-07:00,13
1784135460,2026-07-15T10:11:00-07:00,16
1784135520,2026-07-15T10:12:00-07:00,12
1784135580,2026-07-15T10:13:00-07:00,14
1784135640,2026-07-15T10:14:00-07:00,13
1784135700,2026-07-15T10:15:00-07:00,15
1784135760,2026-07-15T10:16:00-07:00,12
1784135820,2026-07-15T10:17:00-07:00,16
1784135880,2026-07-15T10:18:00-07:00,14
1784135940,2026-07-15T10:19:00-07:00,15
1784136000,2026-07-15T10:20:00-07:00,13
1784136060,2026-07-15T10:21:00-07:00,13
1784136120,2026-07-15T10:22:00-07:00,14
1784136180,2026-07-15T10:23:00-07:00,13
1784136240,2026-07-15T10:24:00-07:00,1
1784136300,2026-07-15T10:25:00-07:00,12
1784136360,2026-07-15T10:26:00-07:00,13
1784136420,2026-07-15T10:27:00-07:00,13
1784136480,2026-07-15T10:28:00-07:00,13
1784136540,2026-07-15T10:29:00-07:00,13
1784136600,2026-07-15T10:30:00-07:00,13
1784136660,2026-07-15T10:31:00-07:00,13
1784136720,2026-07-15T10:32:00-07:00,14
1784136780,2026-07-15T10:33:00-07:00,13
1784136840,2026-07-15T10:34:00-07:00,15
1784136900,2026-07-15T10:35:00-07:00,14
1784136960,2026-07-15T10:36:00-07:00,14
1784137020,2026-07-15T10:37:00-07:00,14
1784137080,2026-07-15T10:38:00-07:00,14
1784137140,2026-07-15T10:39:00-07:00,14
1784137200,2026-07-15T10:40:00-07:00,16
1784137260,2026-07-15T10:41:00-07:00,13
1784137320,2026-07-15T10:42:00-07:00,15
1784137380,2026-07-15T10:43:00-07:00,13
1784137440,2026-07-15T10:44:00-07:00,13
1784137500,2026-07-15T10:45:00-07:00,12
1784137560,2026-07-15T10:46:00-07:00,14
1784137620,2026-07-15T10:47:00-07:00,13
1784137680,2026-07-15T10:48:00-07:00,13
1784137740,2026-07-15T10:49:00-07:00,13
1784137800,2026-07-15T10:50:00-07:00,13
1784137860,2026-07-15T10:51:00-07:00,15
1784137920,2026-07-15T10:52:00-07:00,12
1784137980,2026-07-15T10:53:00-07:00,13
1784138040,2026-07-15T10:54:00-07:00,14
1784138100,2026-07-15T10:55:00-07:00,11
1784138160,2026-07-15T10:56:00-07:00,15
1784138220,2026-07-15T10:57:00-07:00,12
1784138280,2026-07-15T10:58:00-07:00,14
1784138340,2026-07-15T10:59:00-07:00,13
1784138400,2026-07-15T11:00:00-07:00,13
1784138460,2026-07-15T11:01:00-07:00,15
1784138520,2026-07-15T11:02:00-07:00,14
1784138580,2026-07-15T11:03:00-07:00,14
1784138640,2026-07-15T11:04:00-07:00,13
1784138700,2026-07-15T11:05:00-07:00,15
1784138760,2026-07-15T11:06:00-07:00,14
1784138820,2026-07-15T11:07:00-07:00,14
1784138880,2026-07-15T11:08:00-07:00,14
1784138940,2026-07-15T11:09:00-07:00,12
1784139000,2026-07-15T11:10:00-07:00,12
1784139060,2026-07-15T11:11:00-07:00,13
1784139120,2026-07-15T11:12:00-07:00,12
1784139180,2026-07-15T11:13:00-07:00,13
1784139240,2026-07-15T11:14:00-07:00,16
1784139300,2026-07-15T11:15:00-07:00,13
1784139360,2026-07-15T11:16:00-07:00,11
1784139420,2026-07-15T11:17:00-07:00,16
1784139480,2026-07-15T11:18:00-07:00,13
1784139540,2026-07-15T11:19:00-07:00,14
1784139600,2026-07-15T11:20:00-07:00,15
1784139660,2026-07-15T11:21:00-07:00,13
1784139720,2026-07-15T11:22:00-07:00,13
1784139780,2026-07-15T11:23:00-07:00,13
1784139840,2026-07-15T11:24:00-07:00,14
1784139900,2026-07-15T11:25:00-07:00,14
1784139960,2026-07-15T11:26:00-07:00,13
1784140020,2026-07-15T11:27:00-07:00,14
1784140080,2026-07-15T11:28:00-07:00,13
1784140140,2026-07-15T11:29:00-07:00,13
1784140200,2026-07-15T11:30:00-07:00,0
1784140260,2026-07-15T11:31:00-07:00,12
1784140320,2026-07-15T11:32:00-07:00,13
1784140380,2026-07-15T11:33:00-07:00,-2
1784140440,2026-07-15T11:34:00-07:00,14
1784140500,2026-07-15T11:35:00-07:00,12
1784140560,2026-07-15T11:36:00-07:00,13
1784140620,2026-07-15T11:37:00-07:00,14
1784140680,2026-07-15T11:38:00-07:00,14
1784140740,2026-07-15T11:39:00-07:00,13
1784140800,2026-07-15T11:40:00-07:00,16
1784140860,2026-07-15T11:41:00-07:00,14
1784140920,2026-07-15T11:42:00-07:00,12
1784140980,2026-07-15T11:43:00-07:00,-1
1784141040,2026-07-15T11:44:00-07:00,14
1784141100,2026-07-15T11:45:00-07:00,-1
1784141160,2026-07-15T11:46:00-07:00,11
1784141220,2026-07-15T11:47:00-07:00,12
1784141280,2026-07-15T11:48:00-07:00,16
1784141340,2026-07-15T11:49:00-07:00,13
1784141400,2026-07-15T11:50:00-07:00,13
1784141460,2026-07-15T11:51:00-07:00,13
1784141520,2026-07-15T11:52:00-07:00,13
1784141580,2026-07-15T11:53:00-07:00,12
1784141640,2026-07-15T11:54:00-07:00,14
1784141700,2026-07-15T11:55:00-07:00,13
1784141760,2026-07-15T11:56:00-07:00,15
1784141820,2026-07-15T11:57:00-07:00,12
1784141880,2026-07-15T11:58:00-07:00,10
1784141940,2026-07-15T11:59:00-07:00,14
1784142000,2026-07-15T12:00:00-07:00,13
1784142060,2026-07-15T12:01:00-07:00,14
1784142120,2026-07-15T12:02:00-07:00,12
1784142180,2026-07-15T12:03:00-07:00,12
1784142240,2026-07-15T12:04:00-07:00,14
1784142300,2026-07-15T12:05:00-07:00,13
1784142360,2026-07-15T12:06:00-07:00,12
1784142420,2026-07-15T12:07:00-07:00,12
1784142480,2026-07-15T12:08:00-07:00,13
1784142540,2026-07-15T12:09:00-07:00,15
1784142600,2026-07-15T12:10:00-07:00,13
1784142660,2026-07-15T12:11:00-07:00,12
1784142720,2026-07-15T12:12:00-07:00,15
1784142780,2026-07-15T12:13:00-07:00,2
1784142840,2026-07-15T12:14:00-07:00,17
1784142900,2026-07-15T12:15:00-07:00,14
1784142960,2026-07-15T12:16:00-07:00,14
1784143020,2026-07-15T12:17:00-07:00,14
1784143080,2026-07-15T12:18:00-07:00,14
1784143140,2026-07-15T12:19:00-07:00,14
