timestamp_utc,iso_pdt,carrier=verizon;connection_type=5g_cellular;experiment=none;triggered_by=rf-logger
1782167892,2026-06-22T15:38:12-07:00,172.204102
1782167952,2026-06-22T15:39:12-07:00,172.204102
1782168012,2026-06-22T15:40:12-07:00,172.204102
1782168072,2026-06-22T15:41:12-07:00,172.204102
1782168132,2026-06-22T15:42:12-07:00,172.204102
1782168252,2026-06-22T15:44:12-07:00,352.974365
1782168312,2026-06-22T15:45:12-07:00,352.974365
1782168372,2026-06-22T15:46:12-07:00,352.974365
1782168432,2026-06-22T15:47:12-07:00,352.974365
1782168492,2026-06-22T15:48:12-07:00,352.974365
1782168552,2026-06-22T15:49:12-07:00,109.676473
1782168612,2026-06-22T15:50:12-07:00,109.676473
1782168672,2026-06-22T15:51:12-07:00,109.676473
1782168732,2026-06-22T15:52:12-07:00,109.676473
1782168792,2026-06-22T15:53:12-07:00,109.676473
1782168972,2026-06-22T15:56:12-07:00,128.982096
1782169032,2026-06-22T15:57:12-07:00,128.982096
1782169092,2026-06-22T15:58:12-07:00,128.982096
1782169152,2026-06-22T15:59:12-07:00,128.982096
1782169212,2026-06-22T16:00:12-07:00,128.982096
1782169392,2026-06-22T16:03:12-07:00,115.328979
1782169452,2026-06-22T16:04:12-07:00,115.328979
1782169512,2026-06-22T16:05:12-07:00,115.328979
1782169572,2026-06-22T16:06:12-07:00,115.328979
1782169632,2026-06-22T16:07:12-07:00,115.328979
1782169812,2026-06-22T16:10:12-07:00,153.193522
1782169872,2026-06-22T16:11:12-07:00,153.193522
1782169932,2026-06-22T16:12:12-07:00,153.193522
1782169992,2026-06-22T16:13:12-07:00,153.193522
1782170052,2026-06-22T16:14:12-07:00,153.193522
1782170112,2026-06-22T16:15:12-07:00,169.236736
1782170172,2026-06-22T16:16:12-07:00,169.236736
1782170232,2026-06-22T16:17:12-07:00,169.236736
1782170292,2026-06-22T16:18:12-07:00,169.236736
1782170352,2026-06-22T16:19:12-07:00,169.236736
1782171012,2026-06-22T16:30:12-07:00,129.752686
1782171072,2026-06-22T16:31:12-07:00,129.752686
1782171132,2026-06-22T16:32:12-07:00,129.752686
1782171192,2026-06-22T16:33:12-07:00,129.752686
1782171252,2026-06-22T16:34:12-07:00,129.752686
1782171372,2026-06-22T16:36:12-07:00,202.984091
1782171432,2026-06-22T16:37:12-07:00,202.984091
1782171492,2026-06-22T16:38:12-07:00,202.984091
1782171552,2026-06-22T16:39:12-07:00,202.984091
1782171612,2026-06-22T16:40:12-07:00,202.984091
1782172032,2026-06-22T16:47:12-07:00,119.013468
1782172092,2026-06-22T16:48:12-07:00,119.013468
1782172152,2026-06-22T16:49:12-07:00,119.013468
1782172212,2026-06-22T16:50:12-07:00,119.013468
1782172272,2026-06-22T16:51:12-07:00,119.013468
1782172332,2026-06-22T16:52:12-07:00,153.183838
1782172392,2026-06-22T16:53:12-07:00,153.183838
1782172452,2026-06-22T16:54:12-07:00,153.183838
1782172512,2026-06-22T16:55:12-07:00,153.183838
1782172572,2026-06-22T16:56:12-07:00,153.183838
1782172692,2026-06-22T16:58:12-07:00,106.591106
1782172752,2026-06-22T16:59:12-07:00,106.591106
1782172812,2026-06-22T17:00:12-07:00,106.591106
1782172872,2026-06-22T17:01:12-07:00,106.591106
1782172932,2026-06-22T17:02:12-07:00,106.591106
1782172992,2026-06-22T17:03:12-07:00,169.536539
1782173052,2026-06-22T17:04:12-07:00,169.536539
1782173112,2026-06-22T17:05:12-07:00,169.536539
1782173172,2026-06-22T17:06:12-07:00,169.536539
1782173232,2026-06-22T17:07:12-07:00,169.536539
1782174312,2026-06-22T17:25:12-07:00,185.521037
1782174372,2026-06-22T17:26:12-07:00,185.521037
1782174432,2026-06-22T17:27:12-07:00,185.521037
1782174492,2026-06-22T17:28:12-07:00,185.521037
1782174552,2026-06-22T17:29:12-07:00,185.521037
1782174672,2026-06-22T17:31:12-07:00,130.91626
1782174732,2026-06-22T17:32:12-07:00,130.91626
1782174792,2026-06-22T17:33:12-07:00,130.91626
1782174852,2026-06-22T17:34:12-07:00,130.91626
1782174912,2026-06-22T17:35:12-07:00,130.91626
1782175332,2026-06-22T17:42:12-07:00,135.187053
1782175392,2026-06-22T17:43:12-07:00,135.187053
1782175452,2026-06-22T17:44:12-07:00,135.187053
1782175512,2026-06-22T17:45:12-07:00,135.187053
1782175572,2026-06-22T17:46:12-07:00,135.187053
1782175632,2026-06-22T17:47:12-07:00,122.150838
1782175692,2026-06-22T17:48:12-07:00,122.150838
1782175752,2026-06-22T17:49:12-07:00,122.150838
1782175812,2026-06-22T17:50:12-07:00,122.150838
1782175872,2026-06-22T17:51:12-07:00,122.150838
1782175992,2026-06-22T17:53:12-07:00,171.742269
1782176052,2026-06-22T17:54:12-07:00,171.742269
1782176112,2026-06-22T17:55:12-07:00,171.742269
1782176172,2026-06-22T17:56:12-07:00,171.742269
1782176232,2026-06-22T17:57:12-07:00,171.742269
1782176292,2026-06-22T17:58:12-07:00,115.817221
1782176352,2026-06-22T17:59:12-07:00,115.817221
1782176412,2026-06-22T18:00:12-07:00,115.817221
1782176472,2026-06-22T18:01:12-07:00,115.817221
1782176532,2026-06-22T18:02:12-07:00,115.817221
1782177012,2026-06-22T18:10:12-07:00,260.216146
1782177072,2026-06-22T18:11:12-07:00,260.216146
1782177132,2026-06-22T18:12:12-07:00,260.216146
1782177192,2026-06-22T18:13:12-07:00,260.216146
1782177252,2026-06-22T18:14:12-07:00,260.216146
1782177372,2026-06-22T18:16:12-07:00,270.846029
1782177432,2026-06-22T18:17:12-07:00,270.846029
1782177492,2026-06-22T18:18:12-07:00,270.846029
1782177552,2026-06-22T18:19:12-07:00,270.846029
1782177612,2026-06-22T18:20:12-07:00,270.846029
1782177732,2026-06-22T18:22:12-07:00,103.595337
1782177792,2026-06-22T18:23:12-07:00,103.595337
1782177852,2026-06-22T18:24:12-07:00,103.595337
1782177912,2026-06-22T18:25:12-07:00,103.595337
1782177972,2026-06-22T18:26:12-07:00,103.595337
1782178092,2026-06-22T18:28:12-07:00,111.518799
1782178152,2026-06-22T18:29:12-07:00,111.518799
1782178212,2026-06-22T18:30:12-07:00,111.518799
1782178272,2026-06-22T18:31:12-07:00,111.518799
1782178332,2026-06-22T18:32:12-07:00,111.518799
1782178452,2026-06-22T18:34:12-07:00,121.098022
1782178512,2026-06-22T18:35:12-07:00,121.098022
1782178572,2026-06-22T18:36:12-07:00,121.098022
1782178632,2026-06-22T18:37:12-07:00,121.098022
1782178692,2026-06-22T18:38:12-07:00,121.098022
1782178752,2026-06-22T18:39:12-07:00,127.119507
1782178812,2026-06-22T18:40:12-07:00,127.119507
1782178872,2026-06-22T18:41:12-07:00,127.119507
1782178932,2026-06-22T18:42:12-07:00,127.119507
1782178992,2026-06-22T18:43:12-07:00,127.119507
1782179052,2026-06-22T18:44:12-07:00,131.586019
1782179112,2026-06-22T18:45:12-07:00,131.586019
1782179172,2026-06-22T18:46:12-07:00,131.586019
1782179232,2026-06-22T18:47:12-07:00,131.586019
1782179292,2026-06-22T18:48:12-07:00,131.586019
1782179352,2026-06-22T18:49:12-07:00,116.95341
1782179412,2026-06-22T18:50:12-07:00,116.95341
1782179472,2026-06-22T18:51:12-07:00,116.95341
1782179532,2026-06-22T18:52:12-07:00,116.95341
1782179592,2026-06-22T18:53:12-07:00,116.95341
1782179652,2026-06-22T18:54:12-07:00,117.44698
1782179712,2026-06-22T18:55:12-07:00,117.44698
1782179772,2026-06-22T18:56:12-07:00,117.44698
1782179832,2026-06-22T18:57:12-07:00,117.44698
1782179892,2026-06-22T18:58:12-07:00,117.44698
1782180012,2026-06-22T19:00:12-07:00,118.544393
1782180072,2026-06-22T19:01:12-07:00,118.544393
1782180132,2026-06-22T19:02:12-07:00,118.544393
1782180192,2026-06-22T19:03:12-07:00,118.544393
1782180252,2026-06-22T19:04:12-07:00,118.544393
1782180372,2026-06-22T19:06:12-07:00,128.267009
1782180432,2026-06-22T19:07:12-07:00,128.267009
1782180492,2026-06-22T19:08:12-07:00,128.267009
1782180552,2026-06-22T19:09:12-07:00,128.267009
1782180612,2026-06-22T19:10:12-07:00,128.267009
1782180972,2026-06-22T19:16:12-07:00,115.642701
1782181032,2026-06-22T19:17:12-07:00,115.642701
1782181092,2026-06-22T19:18:12-07:00,115.642701
1782181152,2026-06-22T19:19:12-07:00,115.642701
1782181212,2026-06-22T19:20:12-07:00,115.642701
1782181632,2026-06-22T19:27:12-07:00,129.241495
1782181692,2026-06-22T19:28:12-07:00,129.241495
1782181752,2026-06-22T19:29:12-07:00,129.241495
1782181812,2026-06-22T19:30:12-07:00,129.241495
1782181872,2026-06-22T19:31:12-07:00,129.241495
1782181932,2026-06-22T19:32:12-07:00,122.273723
1782181992,2026-06-22T19:33:12-07:00,122.273723
1782182052,2026-06-22T19:34:12-07:00,122.273723
1782182112,2026-06-22T19:35:12-07:00,122.273723
1782182172,2026-06-22T19:36:12-07:00,122.273723
1782182292,2026-06-22T19:38:12-07:00,120.964762
1782182352,2026-06-22T19:39:12-07:00,120.964762
1782182412,2026-06-22T19:40:12-07:00,120.964762
1782182472,2026-06-22T19:41:12-07:00,120.964762
1782182532,2026-06-22T19:42:12-07:00,120.964762
1782182592,2026-06-22T19:43:12-07:00,107.592488
1782182652,2026-06-22T19:44:12-07:00,107.592488
1782182712,2026-06-22T19:45:12-07:00,107.592488
1782182772,2026-06-22T19:46:12-07:00,107.592488
1782182832,2026-06-22T19:47:12-07:00,107.592488
1782182892,2026-06-22T19:48:12-07:00,118.26123
1782182952,2026-06-22T19:49:12-07:00,118.26123
1782183012,2026-06-22T19:50:12-07:00,118.26123
1782183072,2026-06-22T19:51:12-07:00,118.26123
1782183132,2026-06-22T19:52:12-07:00,118.26123
1782183252,2026-06-22T19:54:12-07:00,136.380615
1782183312,2026-06-22T19:55:12-07:00,136.380615
1782183372,2026-06-22T19:56:12-07:00,136.380615
1782183432,2026-06-22T19:57:12-07:00,136.380615
1782183492,2026-06-22T19:58:12-07:00,136.380615
1782183552,2026-06-22T19:59:12-07:00,157.474731
1782183612,2026-06-22T20:00:12-07:00,157.474731
1782183672,2026-06-22T20:01:12-07:00,157.474731
1782183732,2026-06-22T20:02:12-07:00,157.474731
1782183792,2026-06-22T20:03:12-07:00,157.474731
1782183852,2026-06-22T20:04:12-07:00,111.037068
1782183912,2026-06-22T20:05:12-07:00,111.037068
1782183972,2026-06-22T20:06:12-07:00,111.037068
1782184032,2026-06-22T20:07:12-07:00,111.037068
1782184092,2026-06-22T20:08:12-07:00,111.037068
1782184212,2026-06-22T20:10:12-07:00,118.491944
1782184272,2026-06-22T20:11:12-07:00,118.491944
1782184332,2026-06-22T20:12:12-07:00,118.491944
1782184392,2026-06-22T20:13:12-07:00,118.491944
1782184452,2026-06-22T20:14:12-07:00,118.491944
1782184572,2026-06-22T20:16:12-07:00,132.504435
1782184632,2026-06-22T20:17:12-07:00,132.504435
1782184692,2026-06-22T20:18:12-07:00,132.504435
1782184752,2026-06-22T20:19:12-07:00,132.504435
1782184812,2026-06-22T20:20:12-07:00,132.504435
1782184872,2026-06-22T20:21:12-07:00,115.771322
1782184932,2026-06-22T20:22:12-07:00,115.771322
1782184992,2026-06-22T20:23:12-07:00,115.771322
1782185052,2026-06-22T20:24:12-07:00,115.771322
1782185112,2026-06-22T20:25:12-07:00,115.771322
1782185172,2026-06-22T20:26:12-07:00,112.453654
1782185232,2026-06-22T20:27:12-07:00,112.453654
1782185292,2026-06-22T20:28:12-07:00,112.453654
1782185352,2026-06-22T20:29:12-07:00,112.453654
1782185412,2026-06-22T20:30:12-07:00,112.453654
1782185472,2026-06-22T20:31:12-07:00,109.794393
1782185532,2026-06-22T20:32:12-07:00,109.794393
1782185592,2026-06-22T20:33:12-07:00,109.794393
1782185652,2026-06-22T20:34:12-07:00,109.794393
1782185712,2026-06-22T20:35:12-07:00,109.794393
1782185832,2026-06-22T20:37:12-07:00,122.204101
1782185892,2026-06-22T20:38:12-07:00,122.204101
1782185952,2026-06-22T20:39:12-07:00,122.204101
1782186012,2026-06-22T20:40:12-07:00,122.204101
1782186072,2026-06-22T20:41:12-07:00,122.204101
1782186132,2026-06-22T20:42:12-07:00,124.622884
1782186192,2026-06-22T20:43:12-07:00,124.622884
1782186252,2026-06-22T20:44:12-07:00,124.622884
1782186312,2026-06-22T20:45:12-07:00,124.622884
1782186372,2026-06-22T20:46:12-07:00,124.622884
1782186432,2026-06-22T20:47:12-07:00,140.666626
1782186492,2026-06-22T20:48:12-07:00,140.666626
1782186552,2026-06-22T20:49:12-07:00,140.666626
1782186612,2026-06-22T20:50:12-07:00,140.666626
1782186672,2026-06-22T20:51:12-07:00,140.666626
1782186732,2026-06-22T20:52:12-07:00,124.333455
1782186792,2026-06-22T20:53:12-07:00,124.333455
1782186852,2026-06-22T20:54:12-07:00,124.333455
1782186912,2026-06-22T20:55:12-07:00,124.333455
1782186972,2026-06-22T20:56:12-07:00,124.333455
1782187032,2026-06-22T20:57:12-07:00,144.149374
1782187092,2026-06-22T20:58:12-07:00,144.149374
1782187152,2026-06-22T20:59:12-07:00,144.149374
1782187212,2026-06-22T21:00:12-07:00,144.149374
1782187272,2026-06-22T21:01:12-07:00,144.149374
1782187392,2026-06-22T21:03:12-07:00,136.049235
1782187452,2026-06-22T21:04:12-07:00,136.049235
1782187512,2026-06-22T21:05:12-07:00,136.049235
1782187572,2026-06-22T21:06:12-07:00,136.049235
1782187632,2026-06-22T21:07:12-07:00,136.049235
1782187692,2026-06-22T21:08:12-07:00,192.168539
1782187752,2026-06-22T21:09:12-07:00,192.168539
1782187812,2026-06-22T21:10:12-07:00,192.168539
1782187872,2026-06-22T21:11:12-07:00,192.168539
1782187932,2026-06-22T21:12:12-07:00,192.168539
1782187992,2026-06-22T21:13:12-07:00,133.731039
1782188052,2026-06-22T21:14:12-07:00,133.731039
1782188112,2026-06-22T21:15:12-07:00,133.731039
1782188172,2026-06-22T21:16:12-07:00,133.731039
1782188232,2026-06-22T21:17:12-07:00,133.731039
1782188292,2026-06-22T21:18:12-07:00,138.577759
1782188352,2026-06-22T21:19:12-07:00,138.577759
1782188412,2026-06-22T21:20:12-07:00,138.577759
1782188472,2026-06-22T21:21:12-07:00,138.577759
1782188532,2026-06-22T21:22:12-07:00,138.577759
1782188592,2026-06-22T21:23:12-07:00,116.583903
1782188652,2026-06-22T21:24:12-07:00,116.583903
1782188712,2026-06-22T21:25:12-07:00,116.583903
1782188772,2026-06-22T21:26:12-07:00,116.583903
1782188832,2026-06-22T21:27:12-07:00,116.583903
1782188892,2026-06-22T21:28:12-07:00,88.800008
1782188952,2026-06-22T21:29:12-07:00,88.800008
1782189012,2026-06-22T21:30:12-07:00,88.800008
1782189072,2026-06-22T21:31:12-07:00,88.800008
1782189132,2026-06-22T21:32:12-07:00,88.800008
1782189192,2026-06-22T21:33:12-07:00,113.7948
1782189252,2026-06-22T21:34:12-07:00,113.7948
1782189312,2026-06-22T21:35:12-07:00,113.7948
1782189372,2026-06-22T21:36:12-07:00,113.7948
1782189432,2026-06-22T21:37:12-07:00,113.7948
1782189492,2026-06-22T21:38:12-07:00,114.828328
1782189552,2026-06-22T21:39:12-07:00,114.828328
1782189612,2026-06-22T21:40:12-07:00,114.828328
1782189672,2026-06-22T21:41:12-07:00,114.828328
1782189732,2026-06-22T21:42:12-07:00,114.828328
1782189792,2026-06-22T21:43:12-07:00,101.915853
1782189852,2026-06-22T21:44:12-07:00,101.915853
1782189912,2026-06-22T21:45:12-07:00,101.915853
1782189972,2026-06-22T21:46:12-07:00,101.915853
1782190032,2026-06-22T21:47:12-07:00,101.915853
1782190092,2026-06-22T21:48:12-07:00,131.679077
1782190152,2026-06-22T21:49:12-07:00,131.679077
1782190212,2026-06-22T21:50:12-07:00,131.679077
1782190272,2026-06-22T21:51:12-07:00,131.679077
1782190332,2026-06-22T21:52:12-07:00,131.679077
1782190452,2026-06-22T21:54:12-07:00,110.814128
1782190512,2026-06-22T21:55:12-07:00,110.814128
1782190572,2026-06-22T21:56:12-07:00,110.814128
1782190632,2026-06-22T21:57:12-07:00,110.814128
1782190692,2026-06-22T21:58:12-07:00,110.814128
1782190752,2026-06-22T21:59:12-07:00,90.942993
1782190812,2026-06-22T22:00:12-07:00,90.942993
1782190872,2026-06-22T22:01:12-07:00,90.942993
1782190932,2026-06-22T22:02:12-07:00,90.942993
1782190992,2026-06-22T22:03:12-07:00,90.942993
1782191052,2026-06-22T22:04:12-07:00,89.452759
1782191112,2026-06-22T22:05:12-07:00,89.452759
1782191172,2026-06-22T22:06:12-07:00,89.452759
1782191232,2026-06-22T22:07:12-07:00,89.452759
1782191292,2026-06-22T22:08:12-07:00,89.452759
1782191352,2026-06-22T22:09:12-07:00,122.189575
1782191412,2026-06-22T22:10:12-07:00,122.189575
1782191472,2026-06-22T22:11:12-07:00,122.189575
1782191532,2026-06-22T22:12:12-07:00,122.189575
1782191592,2026-06-22T22:13:12-07:00,122.189575
1782191652,2026-06-22T22:14:12-07:00,121.748861
1782191712,2026-06-22T22:15:12-07:00,121.748861
1782191772,2026-06-22T22:16:12-07:00,121.748861
1782191832,2026-06-22T22:17:12-07:00,121.748861
1782191892,2026-06-22T22:18:12-07:00,121.748861
1782191952,2026-06-22T22:19:12-07:00,432.644369
1782192012,2026-06-22T22:20:12-07:00,432.644369
1782192072,2026-06-22T22:21:12-07:00,432.644369
1782192132,2026-06-22T22:22:12-07:00,432.644369
1782192192,2026-06-22T22:23:12-07:00,432.644369
1782192252,2026-06-22T22:24:12-07:00,122.215291
1782192312,2026-06-22T22:25:12-07:00,122.215291
1782192372,2026-06-22T22:26:12-07:00,122.215291
1782192432,2026-06-22T22:27:12-07:00,122.215291
1782192492,2026-06-22T22:28:12-07:00,122.215291
1782192612,2026-06-22T22:30:12-07:00,139.922893
1782192672,2026-06-22T22:31:12-07:00,139.922893
1782192732,2026-06-22T22:32:12-07:00,139.922893
1782192792,2026-06-22T22:33:12-07:00,139.922893
1782192852,2026-06-22T22:34:12-07:00,139.922893
1782192912,2026-06-22T22:35:12-07:00,107.071615
1782192972,2026-06-22T22:36:12-07:00,107.071615
1782193032,2026-06-22T22:37:12-07:00,107.071615
1782193092,2026-06-22T22:38:12-07:00,107.071615
1782193152,2026-06-22T22:39:12-07:00,107.071615
1782193272,2026-06-22T22:41:12-07:00,118.447835
1782193332,2026-06-22T22:42:12-07:00,118.447835
1782193392,2026-06-22T22:43:12-07:00,118.447835
1782193452,2026-06-22T22:44:12-07:00,118.447835
1782193512,2026-06-22T22:45:12-07:00,118.447835
1782193572,2026-06-22T22:46:12-07:00,116.921957
1782193632,2026-06-22T22:47:12-07:00,116.921957
1782193692,2026-06-22T22:48:12-07:00,116.921957
1782193752,2026-06-22T22:49:12-07:00,116.921957
1782193812,2026-06-22T22:50:12-07:00,116.921957
1782193992,2026-06-22T22:53:12-07:00,122.425293
1782194052,2026-06-22T22:54:12-07:00,122.425293
1782194112,2026-06-22T22:55:12-07:00,122.425293
1782194172,2026-06-22T22:56:12-07:00,122.425293
1782194232,2026-06-22T22:57:12-07:00,122.425293
1782194292,2026-06-22T22:58:12-07:00,125.240153
1782194352,2026-06-22T22:59:12-07:00,125.240153
1782194412,2026-06-22T23:00:12-07:00,125.240153
1782194472,2026-06-22T23:01:12-07:00,125.240153
1782194532,2026-06-22T23:02:12-07:00,125.240153
1782194592,2026-06-22T23:03:12-07:00,147.924357
1782194652,2026-06-22T23:04:12-07:00,147.924357
1782194712,2026-06-22T23:05:12-07:00,147.924357
1782194772,2026-06-22T23:06:12-07:00,147.924357
1782194832,2026-06-22T23:07:12-07:00,147.924357
1782194892,2026-06-22T23:08:12-07:00,120.610596
1782194952,2026-06-22T23:09:12-07:00,120.610596
1782195012,2026-06-22T23:10:12-07:00,120.610596
1782195072,2026-06-22T23:11:12-07:00,120.610596
1782195132,2026-06-22T23:12:12-07:00,120.610596
1782195192,2026-06-22T23:13:12-07:00,106.1132
1782195252,2026-06-22T23:14:12-07:00,106.1132
1782195312,2026-06-22T23:15:12-07:00,106.1132
1782195372,2026-06-22T23:16:12-07:00,106.1132
1782195432,2026-06-22T23:17:12-07:00,106.1132
1782195492,2026-06-22T23:18:12-07:00,123.163737
1782195552,2026-06-22T23:19:12-07:00,123.163737
1782195612,2026-06-22T23:20:12-07:00,123.163737
1782195672,2026-06-22T23:21:12-07:00,123.163737
1782195732,2026-06-22T23:22:12-07:00,123.163737
1782195792,2026-06-22T23:23:12-07:00,144.629232
1782195852,2026-06-22T23:24:12-07:00,144.629232
1782195912,2026-06-22T23:25:12-07:00,144.629232
1782195972,2026-06-22T23:26:12-07:00,144.629232
1782196032,2026-06-22T23:27:12-07:00,144.629232
1782196152,2026-06-22T23:29:12-07:00,114.077311
1782196212,2026-06-22T23:30:12-07:00,114.077311
1782196272,2026-06-22T23:31:12-07:00,114.077311
1782196332,2026-06-22T23:32:12-07:00,114.077311
1782196392,2026-06-22T23:33:12-07:00,114.077311
1782196452,2026-06-22T23:34:12-07:00,122.135335
1782196512,2026-06-22T23:35:12-07:00,122.135335
1782196572,2026-06-22T23:36:12-07:00,122.135335
1782196632,2026-06-22T23:37:12-07:00,122.135335
1782196692,2026-06-22T23:38:12-07:00,122.135335
1782196812,2026-06-22T23:40:12-07:00,107.972046
1782196872,2026-06-22T23:41:12-07:00,107.972046
1782196932,2026-06-22T23:42:12-07:00,107.972046
1782196992,2026-06-22T23:43:12-07:00,107.972046
1782197052,2026-06-22T23:44:12-07:00,107.972046
1782197172,2026-06-22T23:46:12-07:00,109.43868
1782197232,2026-06-22T23:47:12-07:00,109.43868
1782197292,2026-06-22T23:48:12-07:00,109.43868
1782197352,2026-06-22T23:49:12-07:00,109.43868
1782197412,2026-06-22T23:50:12-07:00,109.43868
1782197472,2026-06-22T23:51:12-07:00,122.770915
1782197532,2026-06-22T23:52:12-07:00,122.770915
1782197592,2026-06-22T23:53:12-07:00,122.770915
1782197652,2026-06-22T23:54:12-07:00,122.770915
1782197712,2026-06-22T23:55:12-07:00,122.770915
1782197832,2026-06-22T23:57:12-07:00,113.853393
1782197892,2026-06-22T23:58:12-07:00,113.853393
1782197952,2026-06-22T23:59:12-07:00,113.853393
1782198012,2026-06-23T00:00:12-07:00,113.853393
1782198072,2026-06-23T00:01:12-07:00,113.853393
1782198132,2026-06-23T00:02:12-07:00,113.003825
1782198192,2026-06-23T00:03:12-07:00,113.003825
1782198252,2026-06-23T00:04:12-07:00,113.003825
1782198312,2026-06-23T00:05:12-07:00,113.003825
1782198372,2026-06-23T00:06:12-07:00,113.003825
1782198432,2026-06-23T00:07:12-07:00,120.777832
1782198492,2026-06-23T00:08:12-07:00,120.777832
1782198552,2026-06-23T00:09:12-07:00,120.777832
1782198612,2026-06-23T00:10:12-07:00,120.777832
1782198672,2026-06-23T00:11:12-07:00,120.777832
1782198732,2026-06-23T00:12:12-07:00,106.218546
1782198792,2026-06-23T00:13:12-07:00,106.218546
1782198852,2026-06-23T00:14:12-07:00,106.218546
1782198912,2026-06-23T00:15:12-07:00,106.218546
1782198972,2026-06-23T00:16:12-07:00,106.218546
1782199032,2026-06-23T00:17:12-07:00,111.137899
1782199092,2026-06-23T00:18:12-07:00,111.137899
1782199152,2026-06-23T00:19:12-07:00,111.137899
1782199212,2026-06-23T00:20:12-07:00,111.137899
1782199272,2026-06-23T00:21:12-07:00,111.137899
1782199452,2026-06-23T00:24:12-07:00,117.839234
1782199512,2026-06-23T00:25:12-07:00,117.839234
1782199572,2026-06-23T00:26:12-07:00,117.839234
1782199632,2026-06-23T00:27:12-07:00,117.839234
1782199692,2026-06-23T00:28:12-07:00,117.839234
1782199752,2026-06-23T00:29:12-07:00,113.452108
1782199812,2026-06-23T00:30:12-07:00,113.452108
1782199872,2026-06-23T00:31:12-07:00,113.452108
1782199932,2026-06-23T00:32:12-07:00,113.452108
1782199992,2026-06-23T00:33:12-07:00,113.452108
1782200052,2026-06-23T00:34:12-07:00,133.720825
1782200112,2026-06-23T00:35:12-07:00,133.720825
1782200172,2026-06-23T00:36:12-07:00,133.720825
1782200232,2026-06-23T00:37:12-07:00,133.720825
1782200292,2026-06-23T00:38:12-07:00,133.720825
1782200352,2026-06-23T00:39:12-07:00,139.05717
1782200412,2026-06-23T00:40:12-07:00,139.05717
1782200472,2026-06-23T00:41:12-07:00,139.05717
1782200532,2026-06-23T00:42:12-07:00,139.05717
1782200592,2026-06-23T00:43:12-07:00,139.05717
1782200772,2026-06-23T00:46:12-07:00,122.243815
1782200832,2026-06-23T00:47:12-07:00,122.243815
1782200892,2026-06-23T00:48:12-07:00,122.243815
1782200952,2026-06-23T00:49:12-07:00,122.243815
1782201012,2026-06-23T00:50:12-07:00,122.243815
1782201072,2026-06-23T00:51:12-07:00,123.155355
1782201132,2026-06-23T00:52:12-07:00,123.155355
1782201192,2026-06-23T00:53:12-07:00,123.155355
1782201252,2026-06-23T00:54:12-07:00,123.155355
1782201312,2026-06-23T00:55:12-07:00,123.155355
1782201372,2026-06-23T00:56:12-07:00,113.460531
1782201432,2026-06-23T00:57:12-07:00,113.460531
1782201492,2026-06-23T00:58:12-07:00,113.460531
1782201552,2026-06-23T00:59:12-07:00,113.460531
1782201612,2026-06-23T01:00:12-07:00,113.460531
1782201672,2026-06-23T01:01:12-07:00,135.33073
1782201732,2026-06-23T01:02:12-07:00,135.33073
1782201792,2026-06-23T01:03:12-07:00,135.33073
1782201852,2026-06-23T01:04:12-07:00,135.33073
1782201912,2026-06-23T01:05:12-07:00,135.33073
1782201972,2026-06-23T01:06:12-07:00,105.371623
1782202032,2026-06-23T01:07:12-07:00,105.371623
1782202092,2026-06-23T01:08:12-07:00,105.371623
1782202152,2026-06-23T01:09:12-07:00,105.371623
1782202212,2026-06-23T01:10:12-07:00,105.371623
1782202332,2026-06-23T01:12:12-07:00,110.446126
1782202392,2026-06-23T01:13:12-07:00,110.446126
1782202452,2026-06-23T01:14:12-07:00,110.446126
1782202512,2026-06-23T01:15:12-07:00,110.446126
1782202572,2026-06-23T01:16:12-07:00,110.446126
1782202692,2026-06-23T01:18:12-07:00,114.139404
1782202752,2026-06-23T01:19:12-07:00,114.139404
1782202812,2026-06-23T01:20:12-07:00,114.139404
1782202872,2026-06-23T01:21:12-07:00,114.139404
1782202932,2026-06-23T01:22:12-07:00,114.139404
1782202992,2026-06-23T01:23:12-07:00,110.14917
1782203052,2026-06-23T01:24:12-07:00,110.14917
1782203112,2026-06-23T01:25:12-07:00,110.14917
1782203172,2026-06-23T01:26:12-07:00,110.14917
1782203232,2026-06-23T01:27:12-07:00,110.14917
1782203352,2026-06-23T01:29:12-07:00,112.008301
1782203412,2026-06-23T01:30:12-07:00,112.008301
1782203472,2026-06-23T01:31:12-07:00,112.008301
1782203532,2026-06-23T01:32:12-07:00,112.008301
1782203592,2026-06-23T01:33:12-07:00,112.008301
1782203652,2026-06-23T01:34:12-07:00,110.617839
1782203712,2026-06-23T01:35:12-07:00,110.617839
1782203772,2026-06-23T01:36:12-07:00,110.617839
1782203832,2026-06-23T01:37:12-07:00,110.617839
1782203892,2026-06-23T01:38:12-07:00,110.617839
1782204012,2026-06-23T01:40:12-07:00,139.168864
1782204072,2026-06-23T01:41:12-07:00,139.168864
1782204132,2026-06-23T01:42:12-07:00,139.168864
1782204192,2026-06-23T01:43:12-07:00,139.168864
1782204252,2026-06-23T01:44:12-07:00,139.168864
1782204312,2026-06-23T01:45:12-07:00,118.856323
1782204372,2026-06-23T01:46:12-07:00,118.856323
1782204432,2026-06-23T01:47:12-07:00,118.856323
1782204492,2026-06-23T01:48:12-07:00,118.856323
1782204552,2026-06-23T01:49:12-07:00,118.856323
1782204612,2026-06-23T01:50:12-07:00,131.003743
1782204672,2026-06-23T01:51:12-07:00,131.003743
1782204732,2026-06-23T01:52:12-07:00,131.003743
1782204792,2026-06-23T01:53:12-07:00,131.003743
1782204852,2026-06-23T01:54:12-07:00,131.003743
1782204972,2026-06-23T01:56:12-07:00,188.02832
1782205032,2026-06-23T01:57:12-07:00,188.02832
1782205092,2026-06-23T01:58:12-07:00,188.02832
1782205152,2026-06-23T01:59:12-07:00,188.02832
1782205212,2026-06-23T02:00:12-07:00,188.02832
1782205272,2026-06-23T02:01:12-07:00,112.279744
1782205332,2026-06-23T02:02:12-07:00,112.279744
1782205392,2026-06-23T02:03:12-07:00,112.279744
1782205452,2026-06-23T02:04:12-07:00,112.279744
1782205512,2026-06-23T02:05:12-07:00,112.279744
1782205572,2026-06-23T02:06:12-07:00,137.457764
1782205632,2026-06-23T02:07:12-07:00,137.457764
1782205692,2026-06-23T02:08:12-07:00,137.457764
1782205752,2026-06-23T02:09:12-07:00,137.457764
1782205812,2026-06-23T02:10:12-07:00,137.457764
1782205872,2026-06-23T02:11:12-07:00,105.338257
1782205932,2026-06-23T02:12:12-07:00,105.338257
1782205992,2026-06-23T02:13:12-07:00,105.338257
1782206052,2026-06-23T02:14:12-07:00,105.338257
1782206112,2026-06-23T02:15:12-07:00,105.338257
1782206232,2026-06-23T02:17:12-07:00,98.936767
1782206292,2026-06-23T02:18:12-07:00,98.936767
1782206352,2026-06-23T02:19:12-07:00,98.936767
1782206412,2026-06-23T02:20:12-07:00,98.936767
1782206472,2026-06-23T02:21:12-07:00,98.936767
1782206532,2026-06-23T02:22:12-07:00,119.572794
1782206592,2026-06-23T02:23:12-07:00,119.572794
1782206652,2026-06-23T02:24:12-07:00,119.572794
1782206712,2026-06-23T02:25:12-07:00,119.572794
1782206772,2026-06-23T02:26:12-07:00,119.572794
1782206832,2026-06-23T02:27:12-07:00,104.775797
1782206892,2026-06-23T02:28:12-07:00,104.775797
1782206952,2026-06-23T02:29:12-07:00,104.775797
1782207012,2026-06-23T02:30:12-07:00,104.775797
1782207072,2026-06-23T02:31:12-07:00,104.775797
1782207312,2026-06-23T02:35:12-07:00,124.764649
1782207372,2026-06-23T02:36:12-07:00,124.764649
1782207432,2026-06-23T02:37:12-07:00,124.764649
1782207492,2026-06-23T02:38:12-07:00,124.764649
1782207552,2026-06-23T02:39:12-07:00,124.764649
1782207672,2026-06-23T02:41:12-07:00,108.468099
1782207732,2026-06-23T02:42:12-07:00,108.468099
1782207792,2026-06-23T02:43:12-07:00,108.468099
1782207852,2026-06-23T02:44:12-07:00,108.468099
1782207912,2026-06-23T02:45:12-07:00,108.468099
1782208032,2026-06-23T02:47:12-07:00,149.959757
1782208092,2026-06-23T02:48:12-07:00,149.959757
1782208152,2026-06-23T02:49:12-07:00,149.959757
1782208212,2026-06-23T02:50:12-07:00,149.959757
1782208272,2026-06-23T02:51:12-07:00,149.959757
1782208332,2026-06-23T02:52:12-07:00,124.081788
1782208392,2026-06-23T02:53:12-07:00,124.081788
1782208452,2026-06-23T02:54:12-07:00,124.081788
1782208512,2026-06-23T02:55:12-07:00,124.081788
1782208572,2026-06-23T02:56:12-07:00,124.081788
1782208692,2026-06-23T02:58:12-07:00,125.760132
1782208752,2026-06-23T02:59:12-07:00,125.760132
1782208812,2026-06-23T03:00:12-07:00,125.760132
1782208872,2026-06-23T03:01:12-07:00,125.760132
1782208932,2026-06-23T03:02:12-07:00,125.760132
1782208992,2026-06-23T03:03:12-07:00,116.468954
1782209052,2026-06-23T03:04:12-07:00,116.468954
1782209112,2026-06-23T03:05:12-07:00,116.468954
1782209172,2026-06-23T03:06:12-07:00,116.468954
1782209232,2026-06-23T03:07:12-07:00,116.468954
1782209292,2026-06-23T03:08:12-07:00,111.671834
1782209352,2026-06-23T03:09:12-07:00,111.671834
1782209412,2026-06-23T03:10:12-07:00,111.671834
1782209472,2026-06-23T03:11:12-07:00,111.671834
1782209532,2026-06-23T03:12:12-07:00,111.671834
1782209592,2026-06-23T03:13:12-07:00,123.745442
1782209652,2026-06-23T03:14:12-07:00,123.745442
1782209712,2026-06-23T03:15:12-07:00,123.745442
1782209772,2026-06-23T03:16:12-07:00,123.745442
1782209832,2026-06-23T03:17:12-07:00,123.745442
1782209952,2026-06-23T03:19:12-07:00,108.897583
1782210012,2026-06-23T03:20:12-07:00,108.897583
1782210072,2026-06-23T03:21:12-07:00,108.897583
1782210132,2026-06-23T03:22:12-07:00,108.897583
1782210192,2026-06-23T03:23:12-07:00,108.897583
1782210312,2026-06-23T03:25:12-07:00,136.688476
1782210372,2026-06-23T03:26:12-07:00,136.688476
1782210432,2026-06-23T03:27:12-07:00,136.688476
1782210492,2026-06-23T03:28:12-07:00,136.688476
1782210552,2026-06-23T03:29:12-07:00,136.688476
1782210612,2026-06-23T03:30:12-07:00,125.468262
1782210672,2026-06-23T03:31:12-07:00,125.468262
1782210732,2026-06-23T03:32:12-07:00,125.468262
1782210792,2026-06-23T03:33:12-07:00,125.468262
1782210852,2026-06-23T03:34:12-07:00,125.468262
1782210972,2026-06-23T03:36:12-07:00,103.045898
1782211032,2026-06-23T03:37:12-07:00,103.045898
1782211092,2026-06-23T03:38:12-07:00,103.045898
1782211152,2026-06-23T03:39:12-07:00,103.045898
1782211212,2026-06-23T03:40:12-07:00,103.045898
1782211272,2026-06-23T03:41:12-07:00,110.606364
1782211332,2026-06-23T03:42:12-07:00,110.606364
1782211392,2026-06-23T03:43:12-07:00,110.606364
1782211452,2026-06-23T03:44:12-07:00,110.606364
1782211512,2026-06-23T03:45:12-07:00,110.606364
1782211572,2026-06-23T03:46:12-07:00,124.639404
1782211632,2026-06-23T03:47:12-07:00,124.639404
1782211692,2026-06-23T03:48:12-07:00,124.639404
1782211752,2026-06-23T03:49:12-07:00,124.639404
1782211812,2026-06-23T03:50:12-07:00,124.639404
1782211872,2026-06-23T03:51:12-07:00,140.983724
1782211932,2026-06-23T03:52:12-07:00,140.983724
1782211992,2026-06-23T03:53:12-07:00,140.983724
1782212052,2026-06-23T03:54:12-07:00,140.983724
1782212112,2026-06-23T03:55:12-07:00,140.983724
1782212172,2026-06-23T03:56:12-07:00,107.467651
1782212232,2026-06-23T03:57:12-07:00,107.467651
1782212292,2026-06-23T03:58:12-07:00,107.467651
1782212352,2026-06-23T03:59:12-07:00,107.467651
1782212412,2026-06-23T04:00:12-07:00,107.467651
1782212532,2026-06-23T04:02:12-07:00,103.633464
1782212592,2026-06-23T04:03:12-07:00,103.633464
1782212652,2026-06-23T04:04:12-07:00,103.633464
1782212712,2026-06-23T04:05:12-07:00,103.633464
1782212772,2026-06-23T04:06:12-07:00,103.633464
1782212892,2026-06-23T04:08:12-07:00,120.843628
1782212952,2026-06-23T04:09:12-07:00,120.843628
1782213012,2026-06-23T04:10:12-07:00,120.843628
1782213072,2026-06-23T04:11:12-07:00,120.843628
1782213132,2026-06-23T04:12:12-07:00,120.843628
1782213192,2026-06-23T04:13:12-07:00,121.508016
1782213252,2026-06-23T04:14:12-07:00,121.508016
1782213312,2026-06-23T04:15:12-07:00,121.508016
1782213372,2026-06-23T04:16:12-07:00,121.508016
1782213432,2026-06-23T04:17:12-07:00,121.508016
1782213552,2026-06-23T04:19:12-07:00,112.43986
1782213612,2026-06-23T04:20:12-07:00,112.43986
1782213672,2026-06-23T04:21:12-07:00,112.43986
1782213732,2026-06-23T04:22:12-07:00,112.43986
1782213792,2026-06-23T04:23:12-07:00,112.43986
1782213852,2026-06-23T04:24:12-07:00,114.331828
1782213912,2026-06-23T04:25:12-07:00,114.331828
1782213972,2026-06-23T04:26:12-07:00,114.331828
1782214032,2026-06-23T04:27:12-07:00,114.331828
1782214092,2026-06-23T04:28:12-07:00,114.331828
1782214152,2026-06-23T04:29:12-07:00,153.980387
1782214212,2026-06-23T04:30:12-07:00,153.980387
1782214272,2026-06-23T04:31:12-07:00,153.980387
1782214332,2026-06-23T04:32:12-07:00,153.980387
1782214392,2026-06-23T04:33:12-07:00,153.980387
1782214572,2026-06-23T04:36:12-07:00,147.226644
1782214632,2026-06-23T04:37:12-07:00,147.226644
1782214692,2026-06-23T04:38:12-07:00,147.226644
1782214752,2026-06-23T04:39:12-07:00,147.226644
1782214812,2026-06-23T04:40:12-07:00,147.226644
1782214932,2026-06-23T04:42:12-07:00,107.812825
1782214992,2026-06-23T04:43:12-07:00,107.812825
1782215052,2026-06-23T04:44:12-07:00,107.812825
1782215112,2026-06-23T04:45:12-07:00,107.812825
1782215172,2026-06-23T04:46:12-07:00,107.812825
1782215232,2026-06-23T04:47:12-07:00,129.121175
1782215292,2026-06-23T04:48:12-07:00,129.121175
1782215352,2026-06-23T04:49:12-07:00,129.121175
1782215412,2026-06-23T04:50:12-07:00,129.121175
1782215472,2026-06-23T04:51:12-07:00,129.121175
1782215652,2026-06-23T04:54:12-07:00,119.448446
1782215712,2026-06-23T04:55:12-07:00,119.448446
1782215772,2026-06-23T04:56:12-07:00,119.448446
1782215832,2026-06-23T04:57:12-07:00,119.448446
1782215892,2026-06-23T04:58:12-07:00,119.448446
1782216012,2026-06-23T05:00:12-07:00,131.211304
1782216072,2026-06-23T05:01:12-07:00,131.211304
1782216132,2026-06-23T05:02:12-07:00,131.211304
1782216192,2026-06-23T05:03:12-07:00,131.211304
1782216252,2026-06-23T05:04:12-07:00,131.211304
1782216312,2026-06-23T05:05:12-07:00,113.150595
1782216372,2026-06-23T05:06:12-07:00,113.150595
1782216432,2026-06-23T05:07:12-07:00,113.150595
1782216492,2026-06-23T05:08:12-07:00,113.150595
1782216552,2026-06-23T05:09:12-07:00,113.150595
1782216792,2026-06-23T05:13:12-07:00,113.49528
1782216852,2026-06-23T05:14:12-07:00,113.49528
1782216912,2026-06-23T05:15:12-07:00,113.49528
1782216972,2026-06-23T05:16:12-07:00,113.49528
1782217032,2026-06-23T05:17:12-07:00,113.49528
1782217092,2026-06-23T05:18:12-07:00,116.894856
1782217152,2026-06-23T05:19:12-07:00,116.894856
1782217212,2026-06-23T05:20:12-07:00,116.894856
1782217272,2026-06-23T05:21:12-07:00,116.894856
1782217332,2026-06-23T05:22:12-07:00,116.894856
1782217392,2026-06-23T05:23:12-07:00,109.605713
1782217452,2026-06-23T05:24:12-07:00,109.605713
1782217512,2026-06-23T05:25:12-07:00,109.605713
1782217572,2026-06-23T05:26:12-07:00,109.605713
1782217632,2026-06-23T05:27:12-07:00,109.605713
1782217752,2026-06-23T05:29:12-07:00,126.550659
1782217812,2026-06-23T05:30:12-07:00,126.550659
1782217872,2026-06-23T05:31:12-07:00,126.550659
1782217932,2026-06-23T05:32:12-07:00,126.550659
1782217992,2026-06-23T05:33:12-07:00,126.550659
1782218052,2026-06-23T05:34:12-07:00,146.682861
1782218112,2026-06-23T05:35:12-07:00,146.682861
1782218172,2026-06-23T05:36:12-07:00,146.682861
1782218232,2026-06-23T05:37:12-07:00,146.682861
1782218292,2026-06-23T05:38:12-07:00,146.682861
1782218472,2026-06-23T05:41:12-07:00,140.187988
1782218532,2026-06-23T05:42:12-07:00,140.187988
1782218592,2026-06-23T05:43:12-07:00,140.187988
1782218652,2026-06-23T05:44:12-07:00,140.187988
1782218712,2026-06-23T05:45:12-07:00,140.187988
1782218772,2026-06-23T05:46:12-07:00,135.088216
1782218832,2026-06-23T05:47:12-07:00,135.088216
1782218892,2026-06-23T05:48:12-07:00,135.088216
1782218952,2026-06-23T05:49:12-07:00,135.088216
1782219012,2026-06-23T05:50:12-07:00,135.088216
1782219072,2026-06-23T05:51:12-07:00,110.609172
1782219132,2026-06-23T05:52:12-07:00,110.609172
1782219192,2026-06-23T05:53:12-07:00,110.609172
1782219252,2026-06-23T05:54:12-07:00,110.609172
1782219312,2026-06-23T05:55:12-07:00,110.609172
1782219432,2026-06-23T05:57:12-07:00,119.587484
1782219492,2026-06-23T05:58:12-07:00,119.587484
1782219552,2026-06-23T05:59:12-07:00,119.587484
1782219612,2026-06-23T06:00:12-07:00,119.587484
1782219672,2026-06-23T06:01:12-07:00,119.587484
1782219732,2026-06-23T06:02:12-07:00,109.654134
1782219792,2026-06-23T06:03:12-07:00,109.654134
1782219852,2026-06-23T06:04:12-07:00,109.654134
1782219912,2026-06-23T06:05:12-07:00,109.654134
1782219972,2026-06-23T06:06:12-07:00,109.654134
1782220032,2026-06-23T06:07:12-07:00,128.799724
1782220092,2026-06-23T06:08:12-07:00,128.799724
1782220152,2026-06-23T06:09:12-07:00,128.799724
1782220212,2026-06-23T06:10:12-07:00,128.799724
1782220272,2026-06-23T06:11:12-07:00,128.799724
1782220332,2026-06-23T06:12:12-07:00,101.714844
1782220392,2026-06-23T06:13:12-07:00,101.714844
1782220452,2026-06-23T06:14:12-07:00,101.714844
1782220512,2026-06-23T06:15:12-07:00,101.714844
1782220572,2026-06-23T06:16:12-07:00,101.714844
1782220632,2026-06-23T06:17:12-07:00,111.973796
1782220692,2026-06-23T06:18:12-07:00,111.973796
1782220752,2026-06-23T06:19:12-07:00,111.973796
1782220812,2026-06-23T06:20:12-07:00,111.973796
1782220872,2026-06-23T06:21:12-07:00,111.973796
1782220992,2026-06-23T06:23:12-07:00,110.346762
1782221052,2026-06-23T06:24:12-07:00,110.346762
1782221112,2026-06-23T06:25:12-07:00,110.346762
1782221172,2026-06-23T06:26:12-07:00,110.346762
1782221232,2026-06-23T06:27:12-07:00,110.346762
1782221292,2026-06-23T06:28:12-07:00,114.341227
1782221352,2026-06-23T06:29:12-07:00,114.341227
1782221412,2026-06-23T06:30:12-07:00,114.341227
1782221472,2026-06-23T06:31:12-07:00,114.341227
1782221532,2026-06-23T06:32:12-07:00,114.341227
1782222192,2026-06-23T06:43:12-07:00,206.53361
1782222252,2026-06-23T06:44:12-07:00,206.53361
1782222312,2026-06-23T06:45:12-07:00,206.53361
1782222372,2026-06-23T06:46:12-07:00,206.53361
1782222432,2026-06-23T06:47:12-07:00,206.53361
1782222492,2026-06-23T06:48:12-07:00,115.885091
1782222552,2026-06-23T06:49:12-07:00,115.885091
1782222612,2026-06-23T06:50:12-07:00,115.885091
1782222672,2026-06-23T06:51:12-07:00,115.885091
1782222732,2026-06-23T06:52:12-07:00,115.885091
1782222792,2026-06-23T06:53:12-07:00,127.279622
1782222852,2026-06-23T06:54:12-07:00,127.279622
1782222912,2026-06-23T06:55:12-07:00,127.279622
1782222972,2026-06-23T06:56:12-07:00,127.279622
1782223032,2026-06-23T06:57:12-07:00,127.279622
1782223092,2026-06-23T06:58:12-07:00,109.098348
1782223152,2026-06-23T06:59:12-07:00,109.098348
1782223212,2026-06-23T07:00:12-07:00,109.098348
1782223272,2026-06-23T07:01:12-07:00,109.098348
1782223332,2026-06-23T07:02:12-07:00,109.098348
1782223392,2026-06-23T07:03:12-07:00,118.638753
1782223452,2026-06-23T07:04:12-07:00,118.638753
1782223512,2026-06-23T07:05:12-07:00,118.638753
1782223572,2026-06-23T07:06:12-07:00,118.638753
1782223632,2026-06-23T07:07:12-07:00,118.638753
1782223692,2026-06-23T07:08:12-07:00,124.167928
1782223752,2026-06-23T07:09:12-07:00,124.167928
1782223812,2026-06-23T07:10:12-07:00,124.167928
1782223872,2026-06-23T07:11:12-07:00,124.167928
1782223932,2026-06-23T07:12:12-07:00,124.167928
1782224052,2026-06-23T07:14:12-07:00,124.002685
1782224112,2026-06-23T07:15:12-07:00,124.002685
1782224172,2026-06-23T07:16:12-07:00,124.002685
1782224232,2026-06-23T07:17:12-07:00,124.002685
1782224292,2026-06-23T07:18:12-07:00,124.002685
1782224412,2026-06-23T07:20:12-07:00,105.940714
1782224472,2026-06-23T07:21:12-07:00,105.940714
1782224532,2026-06-23T07:22:12-07:00,105.940714
1782224592,2026-06-23T07:23:12-07:00,105.940714
1782224652,2026-06-23T07:24:12-07:00,105.940714
1782224892,2026-06-23T07:28:12-07:00,126.963623
1782224952,2026-06-23T07:29:12-07:00,126.963623
1782225012,2026-06-23T07:30:12-07:00,126.963623
1782225072,2026-06-23T07:31:12-07:00,126.963623
1782225132,2026-06-23T07:32:12-07:00,126.963623
1782225192,2026-06-23T07:33:12-07:00,201.894369
1782225252,2026-06-23T07:34:12-07:00,201.894369
1782225312,2026-06-23T07:35:12-07:00,201.894369
1782225372,2026-06-23T07:36:12-07:00,201.894369
1782225432,2026-06-23T07:37:12-07:00,201.894369
1782225612,2026-06-23T07:40:12-07:00,155.190633
1782225672,2026-06-23T07:41:12-07:00,155.190633
1782225732,2026-06-23T07:42:12-07:00,155.190633
1782225792,2026-06-23T07:43:12-07:00,155.190633
1782225852,2026-06-23T07:44:12-07:00,155.190633
1782226092,2026-06-23T07:48:12-07:00,124.306152
1782226152,2026-06-23T07:49:12-07:00,124.306152
1782226212,2026-06-23T07:50:12-07:00,124.306152
1782226272,2026-06-23T07:51:12-07:00,124.306152
1782226332,2026-06-23T07:52:12-07:00,124.306152
1782226392,2026-06-23T07:53:12-07:00,125.495076
1782226452,2026-06-23T07:54:12-07:00,125.495076
1782226512,2026-06-23T07:55:12-07:00,125.495076
1782226572,2026-06-23T07:56:12-07:00,125.495076
1782226632,2026-06-23T07:57:12-07:00,125.495076
1782226752,2026-06-23T07:59:12-07:00,112.90922
1782226812,2026-06-23T08:00:12-07:00,112.90922
1782226872,2026-06-23T08:01:12-07:00,112.90922
1782226932,2026-06-23T08:02:12-07:00,112.90922
1782226992,2026-06-23T08:03:12-07:00,112.90922
1782227052,2026-06-23T08:04:12-07:00,100.832072
1782227112,2026-06-23T08:05:12-07:00,100.832072
1782227172,2026-06-23T08:06:12-07:00,100.832072
1782227232,2026-06-23T08:07:12-07:00,100.832072
1782227292,2026-06-23T08:08:12-07:00,100.832072
1782227472,2026-06-23T08:11:12-07:00,124.750041
1782227532,2026-06-23T08:12:12-07:00,124.750041
1782227592,2026-06-23T08:13:12-07:00,124.750041
1782227652,2026-06-23T08:14:12-07:00,124.750041
1782227712,2026-06-23T08:15:12-07:00,124.750041
1782227832,2026-06-23T08:17:12-07:00,121.300578
1782227892,2026-06-23T08:18:12-07:00,121.300578
1782227952,2026-06-23T08:19:12-07:00,121.300578
1782228012,2026-06-23T08:20:12-07:00,121.300578
1782228072,2026-06-23T08:21:12-07:00,121.300578
1782228192,2026-06-23T08:23:12-07:00,115.745402
1782228252,2026-06-23T08:24:12-07:00,115.745402
1782228312,2026-06-23T08:25:12-07:00,115.745402
1782228372,2026-06-23T08:26:12-07:00,115.745402
1782228432,2026-06-23T08:27:12-07:00,115.745402
1782228552,2026-06-23T08:29:12-07:00,110.099976
1782228612,2026-06-23T08:30:12-07:00,110.099976
1782228672,2026-06-23T08:31:12-07:00,110.099976
1782228732,2026-06-23T08:32:12-07:00,110.099976
1782228792,2026-06-23T08:33:12-07:00,110.099976
1782228852,2026-06-23T08:34:12-07:00,115.598063
1782228912,2026-06-23T08:35:12-07:00,115.598063
1782228972,2026-06-23T08:36:12-07:00,115.598063
1782229032,2026-06-23T08:37:12-07:00,115.598063
1782229092,2026-06-23T08:38:12-07:00,115.598063
1782229272,2026-06-23T08:41:12-07:00,124.053386
1782229332,2026-06-23T08:42:12-07:00,124.053386
1782229392,2026-06-23T08:43:12-07:00,124.053386
1782229452,2026-06-23T08:44:12-07:00,124.053386
1782229512,2026-06-23T08:45:12-07:00,124.053386
1782229572,2026-06-23T08:46:12-07:00,116.099732
1782229632,2026-06-23T08:47:12-07:00,116.099732
1782229692,2026-06-23T08:48:12-07:00,116.099732
1782229752,2026-06-23T08:49:12-07:00,116.099732
1782229812,2026-06-23T08:50:12-07:00,116.099732
1782229932,2026-06-23T08:52:12-07:00,126.869467
1782229992,2026-06-23T08:53:12-07:00,126.869467
1782230052,2026-06-23T08:54:12-07:00,126.869467
1782230112,2026-06-23T08:55:12-07:00,126.869467
1782230172,2026-06-23T08:56:12-07:00,126.869467
1782230292,2026-06-23T08:58:12-07:00,134.846435
1782230352,2026-06-23T08:59:12-07:00,134.846435
1782230412,2026-06-23T09:00:12-07:00,134.846435
1782230472,2026-06-23T09:01:12-07:00,134.846435
1782230532,2026-06-23T09:02:12-07:00,134.846435
1782230652,2026-06-23T09:04:12-07:00,130.640299
1782230712,2026-06-23T09:05:12-07:00,130.640299
1782230772,2026-06-23T09:06:12-07:00,130.640299
1782230832,2026-06-23T09:07:12-07:00,130.640299
1782230892,2026-06-23T09:08:12-07:00,130.640299
1782230952,2026-06-23T09:09:12-07:00,111.409261
1782231012,2026-06-23T09:10:12-07:00,111.409261
1782231072,2026-06-23T09:11:12-07:00,111.409261
1782231132,2026-06-23T09:12:12-07:00,111.409261
1782231192,2026-06-23T09:13:12-07:00,111.409261
1782231252,2026-06-23T09:14:12-07:00,110.18282
1782231312,2026-06-23T09:15:12-07:00,110.18282
1782231372,2026-06-23T09:16:12-07:00,110.18282
1782231432,2026-06-23T09:17:12-07:00,110.18282
1782231492,2026-06-23T09:18:12-07:00,110.18282
1782231552,2026-06-23T09:19:12-07:00,124.783651
1782231612,2026-06-23T09:20:12-07:00,124.783651
1782231672,2026-06-23T09:21:12-07:00,124.783651
1782231732,2026-06-23T09:22:12-07:00,124.783651
1782231792,2026-06-23T09:23:12-07:00,124.783651
1782231852,2026-06-23T09:24:12-07:00,134.644125
1782231912,2026-06-23T09:25:12-07:00,134.644125
1782231972,2026-06-23T09:26:12-07:00,134.644125
1782232032,2026-06-23T09:27:12-07:00,134.644125
1782232092,2026-06-23T09:28:12-07:00,134.644125
1782232272,2026-06-23T09:31:12-07:00,114.255656
1782232332,2026-06-23T09:32:12-07:00,114.255656
1782232392,2026-06-23T09:33:12-07:00,114.255656
1782232452,2026-06-23T09:34:12-07:00,114.255656
1782232512,2026-06-23T09:35:12-07:00,114.255656
1782232572,2026-06-23T09:36:12-07:00,109.723592
1782232632,2026-06-23T09:37:12-07:00,109.723592
1782232692,2026-06-23T09:38:12-07:00,109.723592
1782232752,2026-06-23T09:39:12-07:00,109.723592
1782232812,2026-06-23T09:40:12-07:00,109.723592
1782232932,2026-06-23T09:42:12-07:00,82.686442
1782232992,2026-06-23T09:43:12-07:00,82.686442
1782233052,2026-06-23T09:44:12-07:00,82.686442
1782233112,2026-06-23T09:45:12-07:00,82.686442
1782233172,2026-06-23T09:46:12-07:00,82.686442
1782233292,2026-06-23T09:48:12-07:00,151.047852
1782233352,2026-06-23T09:49:12-07:00,151.047852
1782233412,2026-06-23T09:50:12-07:00,151.047852
1782233472,2026-06-23T09:51:12-07:00,151.047852
1782233532,2026-06-23T09:52:12-07:00,151.047852
1782233652,2026-06-23T09:54:12-07:00,106.242473
1782233712,2026-06-23T09:55:12-07:00,106.242473
1782233772,2026-06-23T09:56:12-07:00,106.242473
1782233832,2026-06-23T09:57:12-07:00,106.242473
1782233892,2026-06-23T09:58:12-07:00,106.242473
1782234012,2026-06-23T10:00:12-07:00,118.277994
1782234072,2026-06-23T10:01:12-07:00,118.277994
1782234132,2026-06-23T10:02:12-07:00,118.277994
1782234192,2026-06-23T10:03:12-07:00,118.277994
1782234252,2026-06-23T10:04:12-07:00,118.277994
1782234372,2026-06-23T10:06:12-07:00,102.92867
1782234432,2026-06-23T10:07:12-07:00,102.92867
1782234492,2026-06-23T10:08:12-07:00,102.92867
1782234552,2026-06-23T10:09:12-07:00,102.92867
1782234612,2026-06-23T10:10:12-07:00,102.92867
1782234792,2026-06-23T10:13:12-07:00,138.001669
1782234852,2026-06-23T10:14:12-07:00,138.001669
1782234912,2026-06-23T10:15:12-07:00,138.001669
1782234972,2026-06-23T10:16:12-07:00,138.001669
1782235032,2026-06-23T10:17:12-07:00,138.001669
1782235212,2026-06-23T10:20:12-07:00,117.453858
1782235272,2026-06-23T10:21:12-07:00,117.453858
1782235332,2026-06-23T10:22:12-07:00,117.453858
1782235392,2026-06-23T10:23:12-07:00,117.453858
1782235452,2026-06-23T10:24:12-07:00,117.453858
1782235512,2026-06-23T10:25:12-07:00,115.56722
1782235572,2026-06-23T10:26:12-07:00,115.56722
1782235632,2026-06-23T10:27:12-07:00,115.56722
1782235692,2026-06-23T10:28:12-07:00,115.56722
1782235752,2026-06-23T10:29:12-07:00,115.56722
1782235932,2026-06-23T10:32:12-07:00,132.643596
1782235992,2026-06-23T10:33:12-07:00,132.643596
1782236052,2026-06-23T10:34:12-07:00,132.643596
1782236112,2026-06-23T10:35:12-07:00,132.643596
1782236172,2026-06-23T10:36:12-07:00,132.643596
1782236232,2026-06-23T10:37:12-07:00,101.77299
1782236292,2026-06-23T10:38:12-07:00,101.77299
1782236352,2026-06-23T10:39:12-07:00,101.77299
1782236412,2026-06-23T10:40:12-07:00,101.77299
1782236472,2026-06-23T10:41:12-07:00,101.77299
1782236832,2026-06-23T10:47:12-07:00,113.717204
1782236892,2026-06-23T10:48:12-07:00,113.717204
1782236952,2026-06-23T10:49:12-07:00,113.717204
1782237012,2026-06-23T10:50:12-07:00,113.717204
1782237072,2026-06-23T10:51:12-07:00,113.717204
1782237552,2026-06-23T10:59:12-07:00,133.025432
1782237612,2026-06-23T11:00:12-07:00,133.025432
1782237672,2026-06-23T11:01:12-07:00,133.025432
1782237732,2026-06-23T11:02:12-07:00,133.025432
1782237792,2026-06-23T11:03:12-07:00,133.025432
1782238512,2026-06-23T11:15:12-07:00,100.135701
1782238572,2026-06-23T11:16:12-07:00,100.135701
1782238632,2026-06-23T11:17:12-07:00,100.135701
1782238692,2026-06-23T11:18:12-07:00,100.135701
1782238752,2026-06-23T11:19:12-07:00,100.135701
1782240012,2026-06-23T11:40:12-07:00,114.568482
1782240072,2026-06-23T11:41:12-07:00,114.568482
1782240132,2026-06-23T11:42:12-07:00,114.568482
1782240192,2026-06-23T11:43:12-07:00,114.568482
1782240252,2026-06-23T11:44:12-07:00,114.568482
1782240372,2026-06-23T11:46:12-07:00,107.998332
1782240432,2026-06-23T11:47:12-07:00,107.998332
1782240492,2026-06-23T11:48:12-07:00,107.998332
1782240552,2026-06-23T11:49:12-07:00,107.998332
1782240612,2026-06-23T11:50:12-07:00,107.998332
1782241452,2026-06-23T12:04:12-07:00,123.182821
1782241512,2026-06-23T12:05:12-07:00,123.182821
1782241572,2026-06-23T12:06:12-07:00,123.182821
1782241632,2026-06-23T12:07:12-07:00,123.182821
1782241692,2026-06-23T12:08:12-07:00,123.182821
1782241752,2026-06-23T12:09:12-07:00,120.426269
1782241812,2026-06-23T12:10:12-07:00,120.426269
1782241872,2026-06-23T12:11:12-07:00,120.426269
1782241932,2026-06-23T12:12:12-07:00,120.426269
1782241992,2026-06-23T12:13:12-07:00,120.426269
1782242052,2026-06-23T12:14:12-07:00,118.594442
1782242112,2026-06-23T12:15:12-07:00,118.594442
1782242172,2026-06-23T12:16:12-07:00,118.594442
1782242232,2026-06-23T12:17:12-07:00,118.594442
1782242292,2026-06-23T12:18:12-07:00,118.594442
1782242472,2026-06-23T12:21:12-07:00,133.628459
1782242532,2026-06-23T12:22:12-07:00,133.628459
1782242592,2026-06-23T12:23:12-07:00,133.628459
1782242652,2026-06-23T12:24:12-07:00,133.628459
1782242712,2026-06-23T12:25:12-07:00,133.628459
1782242772,2026-06-23T12:26:12-07:00,102.843832
1782242832,2026-06-23T12:27:12-07:00,102.843832
1782242892,2026-06-23T12:28:12-07:00,102.843832
1782242952,2026-06-23T12:29:12-07:00,102.843832
1782243012,2026-06-23T12:30:12-07:00,102.843832
1782243132,2026-06-23T12:32:12-07:00,119.261109
1782243192,2026-06-23T12:33:12-07:00,119.261109
1782243252,2026-06-23T12:34:12-07:00,119.261109
1782243312,2026-06-23T12:35:12-07:00,119.261109
1782243372,2026-06-23T12:36:12-07:00,119.261109
1782243492,2026-06-23T12:38:12-07:00,106.964233
1782243552,2026-06-23T12:39:12-07:00,106.964233
1782243612,2026-06-23T12:40:12-07:00,106.964233
1782243672,2026-06-23T12:41:12-07:00,106.964233
1782243732,2026-06-23T12:42:12-07:00,106.964233
1782243792,2026-06-23T12:43:12-07:00,91.032104
1782243852,2026-06-23T12:44:12-07:00,91.032104
1782243912,2026-06-23T12:45:12-07:00,91.032104
1782243972,2026-06-23T12:46:12-07:00,91.032104
1782244032,2026-06-23T12:47:12-07:00,91.032104
1782244092,2026-06-23T12:48:12-07:00,111.484049
1782244152,2026-06-23T12:49:12-07:00,111.484049
1782244212,2026-06-23T12:50:12-07:00,111.484049
1782244272,2026-06-23T12:51:12-07:00,111.484049
1782244332,2026-06-23T12:52:12-07:00,111.484049
1782244392,2026-06-23T12:53:12-07:00,110.726521
1782244452,2026-06-23T12:54:12-07:00,110.726521
1782244512,2026-06-23T12:55:12-07:00,110.726521
1782244572,2026-06-23T12:56:12-07:00,110.726521
1782244632,2026-06-23T12:57:12-07:00,110.726521
1782244752,2026-06-23T12:59:12-07:00,126.842041
1782244812,2026-06-23T13:00:12-07:00,126.842041
1782244872,2026-06-23T13:01:12-07:00,126.842041
1782244932,2026-06-23T13:02:12-07:00,126.842041
1782244992,2026-06-23T13:03:12-07:00,126.842041
1782245052,2026-06-23T13:04:12-07:00,114.855225
1782245112,2026-06-23T13:05:12-07:00,114.855225
1782245172,2026-06-23T13:06:12-07:00,114.855225
1782245232,2026-06-23T13:07:12-07:00,114.855225
1782245292,2026-06-23T13:08:12-07:00,114.855225
1782245352,2026-06-23T13:09:12-07:00,105.777058
1782245412,2026-06-23T13:10:12-07:00,105.777058
1782245472,2026-06-23T13:11:12-07:00,105.777058
1782245532,2026-06-23T13:12:12-07:00,105.777058
1782245592,2026-06-23T13:13:12-07:00,105.777058
1782245712,2026-06-23T13:15:12-07:00,109.711629
1782245772,2026-06-23T13:16:12-07:00,109.711629
1782245832,2026-06-23T13:17:12-07:00,109.711629
1782245892,2026-06-23T13:18:12-07:00,109.711629
1782245952,2026-06-23T13:19:12-07:00,109.711629
1782246012,2026-06-23T13:20:12-07:00,126.264079
1782246072,2026-06-23T13:21:12-07:00,126.264079
1782246132,2026-06-23T13:22:12-07:00,126.264079
1782246192,2026-06-23T13:23:12-07:00,126.264079
1782246252,2026-06-23T13:24:12-07:00,126.264079
1782246312,2026-06-23T13:25:12-07:00,113.173502
1782246372,2026-06-23T13:26:12-07:00,113.173502
1782246432,2026-06-23T13:27:12-07:00,113.173502
1782246492,2026-06-23T13:28:12-07:00,113.173502
1782246552,2026-06-23T13:29:12-07:00,113.173502
1782246612,2026-06-23T13:30:12-07:00,98.84371
1782246672,2026-06-23T13:31:12-07:00,98.84371
1782246732,2026-06-23T13:32:12-07:00,98.84371
1782246792,2026-06-23T13:33:12-07:00,98.84371
1782246852,2026-06-23T13:34:12-07:00,98.84371
1782246912,2026-06-23T13:35:12-07:00,147.293294
1782246972,2026-06-23T13:36:12-07:00,147.293294
1782247032,2026-06-23T13:37:12-07:00,147.293294
1782247092,2026-06-23T13:38:12-07:00,147.293294
1782247152,2026-06-23T13:39:12-07:00,147.293294
1782247212,2026-06-23T13:40:12-07:00,179.474569
1782247272,2026-06-23T13:41:12-07:00,179.474569
1782247332,2026-06-23T13:42:12-07:00,179.474569
1782247392,2026-06-23T13:43:12-07:00,179.474569
1782247452,2026-06-23T13:44:12-07:00,179.474569
1782247512,2026-06-23T13:45:12-07:00,116.959798
1782247572,2026-06-23T13:46:12-07:00,116.959798
1782247632,2026-06-23T13:47:12-07:00,116.959798
1782247692,2026-06-23T13:48:12-07:00,116.959798
1782247752,2026-06-23T13:49:12-07:00,116.959798
1782247812,2026-06-23T13:50:12-07:00,121.775146
1782247872,2026-06-23T13:51:12-07:00,121.775146
1782247932,2026-06-23T13:52:12-07:00,121.775146
1782247992,2026-06-23T13:53:12-07:00,121.775146
1782248052,2026-06-23T13:54:12-07:00,121.775146
1782248172,2026-06-23T13:56:12-07:00,105.33374
1782248232,2026-06-23T13:57:12-07:00,105.33374
1782248292,2026-06-23T13:58:12-07:00,105.33374
1782248352,2026-06-23T13:59:12-07:00,105.33374
1782248412,2026-06-23T14:00:12-07:00,105.33374
1782248532,2026-06-23T14:02:12-07:00,107.287882
1782248592,2026-06-23T14:03:12-07:00,107.287882
1782248652,2026-06-23T14:04:12-07:00,107.287882
1782248712,2026-06-23T14:05:12-07:00,107.287882
1782248772,2026-06-23T14:06:12-07:00,107.287882
1782248832,2026-06-23T14:07:12-07:00,117.98938
1782248892,2026-06-23T14:08:12-07:00,117.98938
1782248952,2026-06-23T14:09:12-07:00,117.98938
1782249012,2026-06-23T14:10:12-07:00,117.98938
1782249072,2026-06-23T14:11:12-07:00,117.98938
1782249492,2026-06-23T14:18:12-07:00,101.604655
1782249552,2026-06-23T14:19:12-07:00,101.604655
1782249612,2026-06-23T14:20:12-07:00,101.604655
1782249672,2026-06-23T14:21:12-07:00,101.604655
1782249732,2026-06-23T14:22:12-07:00,101.604655
1782249852,2026-06-23T14:24:12-07:00,123.407796
1782249912,2026-06-23T14:25:12-07:00,123.407796
1782249972,2026-06-23T14:26:12-07:00,123.407796
1782250032,2026-06-23T14:27:12-07:00,123.407796
1782250092,2026-06-23T14:28:12-07:00,123.407796
1782250512,2026-06-23T14:35:12-07:00,126.860758
1782250572,2026-06-23T14:36:12-07:00,126.860758
1782250632,2026-06-23T14:37:12-07:00,126.860758
1782250692,2026-06-23T14:38:12-07:00,126.860758
1782250752,2026-06-23T14:39:12-07:00,126.860758
1782250812,2026-06-23T14:40:12-07:00,123.098348
1782250872,2026-06-23T14:41:12-07:00,123.098348
1782250932,2026-06-23T14:42:12-07:00,123.098348
1782250992,2026-06-23T14:43:12-07:00,123.098348
1782251052,2026-06-23T14:44:12-07:00,123.098348
1782251472,2026-06-23T14:51:12-07:00,119.212281
1782251532,2026-06-23T14:52:12-07:00,119.212281
1782251592,2026-06-23T14:53:12-07:00,119.212281
1782251652,2026-06-23T14:54:12-07:00,119.212281
1782251712,2026-06-23T14:55:12-07:00,119.212281
1782251772,2026-06-23T14:56:12-07:00,111.153198
1782251832,2026-06-23T14:57:12-07:00,111.153198
1782251892,2026-06-23T14:58:12-07:00,111.153198
1782251952,2026-06-23T14:59:12-07:00,111.153198
1782252012,2026-06-23T15:00:12-07:00,111.153198
1782252072,2026-06-23T15:01:12-07:00,176.239868
1782252132,2026-06-23T15:02:12-07:00,176.239868
1782252192,2026-06-23T15:03:12-07:00,176.239868
1782252252,2026-06-23T15:04:12-07:00,176.239868
1782252312,2026-06-23T15:05:12-07:00,176.239868
1782252372,2026-06-23T15:06:12-07:00,131.456991
1782252432,2026-06-23T15:07:12-07:00,131.456991
1782252492,2026-06-23T15:08:12-07:00,131.456991
1782252552,2026-06-23T15:09:12-07:00,131.456991
1782252612,2026-06-23T15:10:12-07:00,131.456991
1782252732,2026-06-23T15:12:12-07:00,108.313518
1782252792,2026-06-23T15:13:12-07:00,108.313518
1782252852,2026-06-23T15:14:12-07:00,108.313518
1782252912,2026-06-23T15:15:12-07:00,108.313518
1782252972,2026-06-23T15:16:12-07:00,108.313518
1782253032,2026-06-23T15:17:12-07:00,267.508871
1782253092,2026-06-23T15:18:12-07:00,267.508871
1782253152,2026-06-23T15:19:12-07:00,267.508871
1782253212,2026-06-23T15:20:12-07:00,267.508871
1782253272,2026-06-23T15:21:12-07:00,267.508871
1782253332,2026-06-23T15:22:12-07:00,127.349854
1782253392,2026-06-23T15:23:12-07:00,127.349854
1782253452,2026-06-23T15:24:12-07:00,127.349854
1782253512,2026-06-23T15:25:12-07:00,127.349854
1782253572,2026-06-23T15:26:12-07:00,127.349854
1782253692,2026-06-23T15:28:12-07:00,118.429117
1782253752,2026-06-23T15:29:12-07:00,118.429117
1782253812,2026-06-23T15:30:12-07:00,118.429117
1782253872,2026-06-23T15:31:12-07:00,118.429117
1782253932,2026-06-23T15:32:12-07:00,118.429117
1782253992,2026-06-23T15:33:12-07:00,112.813029
1782254052,2026-06-23T15:34:12-07:00,112.813029
1782254112,2026-06-23T15:35:12-07:00,112.813029
1782254172,2026-06-23T15:36:12-07:00,112.813029
1782254232,2026-06-23T15:37:12-07:00,112.813029
1782254292,2026-06-23T15:38:12-07:00,105.439005
1782254352,2026-06-23T15:39:12-07:00,105.439005
1782254412,2026-06-23T15:40:12-07:00,105.439005
1782254472,2026-06-23T15:41:12-07:00,105.439005
1782254532,2026-06-23T15:42:12-07:00,105.439005
1782254652,2026-06-23T15:44:12-07:00,113.114665
1782254712,2026-06-23T15:45:12-07:00,113.114665
1782254772,2026-06-23T15:46:12-07:00,113.114665
1782254832,2026-06-23T15:47:12-07:00,113.114665
1782254892,2026-06-23T15:48:12-07:00,113.114665
1782254952,2026-06-23T15:49:12-07:00,118.894939
1782255012,2026-06-23T15:50:12-07:00,118.894939
1782255072,2026-06-23T15:51:12-07:00,118.894939
1782255132,2026-06-23T15:52:12-07:00,118.894939
1782255192,2026-06-23T15:53:12-07:00,118.894939
1782255252,2026-06-23T15:54:12-07:00,114.543579
1782255312,2026-06-23T15:55:12-07:00,114.543579
1782255372,2026-06-23T15:56:12-07:00,114.543579
1782255432,2026-06-23T15:57:12-07:00,114.543579
1782255492,2026-06-23T15:58:12-07:00,114.543579
1782255852,2026-06-23T16:04:12-07:00,120.307943
1782255912,2026-06-23T16:05:12-07:00,120.307943
1782255972,2026-06-23T16:06:12-07:00,120.307943
1782256032,2026-06-23T16:07:12-07:00,120.307943
1782256092,2026-06-23T16:08:12-07:00,120.307943
1782256152,2026-06-23T16:09:12-07:00,213.695272
1782256212,2026-06-23T16:10:12-07:00,213.695272
1782256272,2026-06-23T16:11:12-07:00,213.695272
1782256332,2026-06-23T16:12:12-07:00,213.695272
1782256392,2026-06-23T16:13:12-07:00,213.695272
1782256512,2026-06-23T16:15:12-07:00,158.177205
1782256572,2026-06-23T16:16:12-07:00,158.177205
1782256632,2026-06-23T16:17:12-07:00,158.177205
1782256692,2026-06-23T16:18:12-07:00,158.177205
1782256752,2026-06-23T16:19:12-07:00,158.177205
1782256812,2026-06-23T16:20:12-07:00,123.976726
1782256872,2026-06-23T16:21:12-07:00,123.976726
1782256932,2026-06-23T16:22:12-07:00,123.976726
1782256992,2026-06-23T16:23:12-07:00,123.976726
1782257052,2026-06-23T16:24:12-07:00,123.976726
1782257112,2026-06-23T16:25:12-07:00,117.654297
1782257172,2026-06-23T16:26:12-07:00,117.654297
1782257232,2026-06-23T16:27:12-07:00,117.654297
1782257292,2026-06-23T16:28:12-07:00,117.654297
1782257352,2026-06-23T16:29:12-07:00,117.654297
1782257412,2026-06-23T16:30:12-07:00,395.579549
1782257472,2026-06-23T16:31:12-07:00,395.579549
1782257532,2026-06-23T16:32:12-07:00,395.579549
1782257592,2026-06-23T16:33:12-07:00,395.579549
1782257652,2026-06-23T16:34:12-07:00,395.579549
1782257712,2026-06-23T16:35:12-07:00,128.42159
1782257772,2026-06-23T16:36:12-07:00,128.42159
1782257832,2026-06-23T16:37:12-07:00,128.42159
1782257892,2026-06-23T16:38:12-07:00,128.42159
1782257952,2026-06-23T16:39:12-07:00,128.42159
1782258012,2026-06-23T16:40:12-07:00,162.200642
1782258072,2026-06-23T16:41:12-07:00,162.200642
1782258132,2026-06-23T16:42:12-07:00,162.200642
1782258192,2026-06-23T16:43:12-07:00,162.200642
1782258252,2026-06-23T16:44:12-07:00,162.200642
1782258312,2026-06-23T16:45:12-07:00,126.688558
1782258372,2026-06-23T16:46:12-07:00,126.688558
1782258432,2026-06-23T16:47:12-07:00,126.688558
1782258492,2026-06-23T16:48:12-07:00,126.688558
1782258552,2026-06-23T16:49:12-07:00,126.688558
1782258612,2026-06-23T16:50:12-07:00,110.369914
1782258672,2026-06-23T16:51:12-07:00,110.369914
1782258732,2026-06-23T16:52:12-07:00,110.369914
1782258792,2026-06-23T16:53:12-07:00,110.369914
1782258852,2026-06-23T16:54:12-07:00,110.369914
1782258912,2026-06-23T16:55:12-07:00,144.211141
1782258972,2026-06-23T16:56:12-07:00,144.211141
1782259032,2026-06-23T16:57:12-07:00,144.211141
1782259092,2026-06-23T16:58:12-07:00,144.211141
1782259152,2026-06-23T16:59:12-07:00,144.211141
1782259212,2026-06-23T17:00:12-07:00,132.924317
1782259272,2026-06-23T17:01:12-07:00,132.924317
1782259332,2026-06-23T17:02:12-07:00,132.924317
1782259392,2026-06-23T17:03:12-07:00,132.924317
1782259452,2026-06-23T17:04:12-07:00,132.924317
1782259512,2026-06-23T17:05:12-07:00,94.342733
1782259572,2026-06-23T17:06:12-07:00,94.342733
1782259632,2026-06-23T17:07:12-07:00,94.342733
1782259692,2026-06-23T17:08:12-07:00,94.342733
1782259752,2026-06-23T17:09:12-07:00,94.342733
1782261192,2026-06-23T17:33:12-07:00,136.203654
1782261252,2026-06-23T17:34:12-07:00,136.203654
1782261312,2026-06-23T17:35:12-07:00,136.203654
1782261372,2026-06-23T17:36:12-07:00,136.203654
1782261432,2026-06-23T17:37:12-07:00,136.203654
1782261552,2026-06-23T17:39:12-07:00,155.497843
1782261612,2026-06-23T17:40:12-07:00,155.497843
1782261672,2026-06-23T17:41:12-07:00,155.497843
1782261732,2026-06-23T17:42:12-07:00,155.497843
1782261792,2026-06-23T17:43:12-07:00,155.497843
1782261852,2026-06-23T17:44:12-07:00,152.117229
1782261912,2026-06-23T17:45:12-07:00,152.117229
1782261972,2026-06-23T17:46:12-07:00,152.117229
1782262032,2026-06-23T17:47:12-07:00,152.117229
1782262092,2026-06-23T17:48:12-07:00,152.117229
1782262152,2026-06-23T17:49:12-07:00,111.002075
1782262212,2026-06-23T17:50:12-07:00,111.002075
1782262272,2026-06-23T17:51:12-07:00,111.002075
1782262332,2026-06-23T17:52:12-07:00,111.002075
1782262392,2026-06-23T17:53:12-07:00,111.002075
1782262452,2026-06-23T17:54:12-07:00,107.717693
1782262512,2026-06-23T17:55:12-07:00,107.717693
1782262572,2026-06-23T17:56:12-07:00,107.717693
1782262632,2026-06-23T17:57:12-07:00,107.717693
1782262692,2026-06-23T17:58:12-07:00,107.717693
1782262752,2026-06-23T17:59:12-07:00,144.730469
1782262812,2026-06-23T18:00:12-07:00,144.730469
1782262872,2026-06-23T18:01:12-07:00,144.730469
1782262932,2026-06-23T18:02:12-07:00,144.730469
1782262992,2026-06-23T18:03:12-07:00,144.730469
1782263052,2026-06-23T18:04:12-07:00,124.298217
1782263112,2026-06-23T18:05:12-07:00,124.298217
1782263172,2026-06-23T18:06:12-07:00,124.298217
1782263232,2026-06-23T18:07:12-07:00,124.298217
1782263292,2026-06-23T18:08:12-07:00,124.298217
1782263352,2026-06-23T18:09:12-07:00,119.397258
1782263412,2026-06-23T18:10:12-07:00,119.397258
1782263472,2026-06-23T18:11:12-07:00,119.397258
1782263532,2026-06-23T18:12:12-07:00,119.397258
1782263592,2026-06-23T18:13:12-07:00,119.397258
1782263652,2026-06-23T18:14:12-07:00,134.904745
1782263712,2026-06-23T18:15:12-07:00,134.904745
1782263772,2026-06-23T18:16:12-07:00,134.904745
1782263832,2026-06-23T18:17:12-07:00,134.904745
1782263892,2026-06-23T18:18:12-07:00,134.904745
1782263952,2026-06-23T18:19:12-07:00,139.415568
1782264012,2026-06-23T18:20:12-07:00,139.415568
1782264072,2026-06-23T18:21:12-07:00,139.415568
1782264132,2026-06-23T18:22:12-07:00,139.415568
1782264192,2026-06-23T18:23:12-07:00,139.415568
1782264252,2026-06-23T18:24:12-07:00,113.583822
1782264312,2026-06-23T18:25:12-07:00,113.583822
1782264372,2026-06-23T18:26:12-07:00,113.583822
1782264432,2026-06-23T18:27:12-07:00,113.583822
1782264492,2026-06-23T18:28:12-07:00,113.583822
1782264852,2026-06-23T18:34:12-07:00,129.824138
1782264912,2026-06-23T18:35:12-07:00,129.824138
1782264972,2026-06-23T18:36:12-07:00,129.824138
1782265032,2026-06-23T18:37:12-07:00,129.824138
1782265092,2026-06-23T18:38:12-07:00,129.824138
1782265212,2026-06-23T18:40:12-07:00,101.35319
1782265272,2026-06-23T18:41:12-07:00,101.35319
1782265332,2026-06-23T18:42:12-07:00,101.35319
1782265392,2026-06-23T18:43:12-07:00,101.35319
1782265452,2026-06-23T18:44:12-07:00,101.35319
1782265572,2026-06-23T18:46:12-07:00,139.269654
1782265632,2026-06-23T18:47:12-07:00,139.269654
1782265692,2026-06-23T18:48:12-07:00,139.269654
1782265752,2026-06-23T18:49:12-07:00,139.269654
1782265812,2026-06-23T18:50:12-07:00,139.269654
1782265932,2026-06-23T18:52:12-07:00,134.133627
1782265992,2026-06-23T18:53:12-07:00,134.133627
1782266052,2026-06-23T18:54:12-07:00,134.133627
1782266112,2026-06-23T18:55:12-07:00,134.133627
1782266172,2026-06-23T18:56:12-07:00,134.133627
1782266232,2026-06-23T18:57:12-07:00,118.09257
1782266292,2026-06-23T18:58:12-07:00,118.09257
1782266352,2026-06-23T18:59:12-07:00,118.09257
1782266412,2026-06-23T19:00:12-07:00,118.09257
1782266472,2026-06-23T19:01:12-07:00,118.09257
1782266652,2026-06-23T19:04:12-07:00,155.20166
1782266712,2026-06-23T19:05:12-07:00,155.20166
1782266772,2026-06-23T19:06:12-07:00,155.20166
1782266832,2026-06-23T19:07:12-07:00,155.20166
1782266892,2026-06-23T19:08:12-07:00,155.20166
1782267132,2026-06-23T19:12:12-07:00,108.526937
1782267192,2026-06-23T19:13:12-07:00,108.526937
1782267252,2026-06-23T19:14:12-07:00,108.526937
1782267312,2026-06-23T19:15:12-07:00,108.526937
1782267372,2026-06-23T19:16:12-07:00,108.526937
1782267492,2026-06-23T19:18:12-07:00,151.092326
1782267552,2026-06-23T19:19:12-07:00,151.092326
1782267612,2026-06-23T19:20:12-07:00,151.092326
1782267672,2026-06-23T19:21:12-07:00,151.092326
1782267732,2026-06-23T19:22:12-07:00,151.092326
1782269172,2026-06-23T19:46:12-07:00,136.220133
1782269232,2026-06-23T19:47:12-07:00,136.220133
1782269292,2026-06-23T19:48:12-07:00,136.220133
1782269352,2026-06-23T19:49:12-07:00,136.220133
1782269412,2026-06-23T19:50:12-07:00,136.220133
1782270732,2026-06-23T20:12:12-07:00,114.905233
1782270792,2026-06-23T20:13:12-07:00,114.905233
1782270852,2026-06-23T20:14:12-07:00,114.905233
1782270912,2026-06-23T20:15:12-07:00,114.905233
1782270972,2026-06-23T20:16:12-07:00,114.905233
1782271152,2026-06-23T20:19:12-07:00,125.092326
1782271212,2026-06-23T20:20:12-07:00,125.092326
1782271272,2026-06-23T20:21:12-07:00,125.092326
1782271332,2026-06-23T20:22:12-07:00,125.092326
1782271392,2026-06-23T20:23:12-07:00,125.092326
1782271512,2026-06-23T20:25:12-07:00,150.853516
1782271572,2026-06-23T20:26:12-07:00,150.853516
1782271632,2026-06-23T20:27:12-07:00,150.853516
1782271692,2026-06-23T20:28:12-07:00,150.853516
1782271752,2026-06-23T20:29:12-07:00,150.853516
1782271812,2026-06-23T20:30:12-07:00,135.394776
1782271872,2026-06-23T20:31:12-07:00,135.394776
1782271932,2026-06-23T20:32:12-07:00,135.394776
1782271992,2026-06-23T20:33:12-07:00,135.394776
1782272052,2026-06-23T20:34:12-07:00,135.394776
1782272232,2026-06-23T20:37:12-07:00,115.663167
1782272292,2026-06-23T20:38:12-07:00,115.663167
1782272352,2026-06-23T20:39:12-07:00,115.663167
1782272412,2026-06-23T20:40:12-07:00,115.663167
1782272472,2026-06-23T20:41:12-07:00,115.663167
1782272652,2026-06-23T20:44:12-07:00,121.475627
1782272712,2026-06-23T20:45:12-07:00,121.475627
1782272772,2026-06-23T20:46:12-07:00,121.475627
1782272832,2026-06-23T20:47:12-07:00,121.475627
1782272892,2026-06-23T20:48:12-07:00,121.475627
1782273012,2026-06-23T20:50:12-07:00,126.217651
1782273072,2026-06-23T20:51:12-07:00,126.217651
1782273132,2026-06-23T20:52:12-07:00,126.217651
1782273192,2026-06-23T20:53:12-07:00,126.217651
1782273252,2026-06-23T20:54:12-07:00,126.217651
1782273372,2026-06-23T20:56:12-07:00,126.622925
1782273432,2026-06-23T20:57:12-07:00,126.622925
1782273492,2026-06-23T20:58:12-07:00,126.622925
1782273552,2026-06-23T20:59:12-07:00,126.622925
1782273612,2026-06-23T21:00:12-07:00,126.622925
1782273732,2026-06-23T21:02:12-07:00,138.277547
1782273792,2026-06-23T21:03:12-07:00,138.277547
1782273852,2026-06-23T21:04:12-07:00,138.277547
1782273912,2026-06-23T21:05:12-07:00,138.277547
1782273972,2026-06-23T21:06:12-07:00,138.277547
1782274092,2026-06-23T21:08:12-07:00,122.820516
1782274152,2026-06-23T21:09:12-07:00,122.820516
1782274212,2026-06-23T21:10:12-07:00,122.820516
1782274272,2026-06-23T21:11:12-07:00,122.820516
1782274332,2026-06-23T21:12:12-07:00,122.820516
1782274452,2026-06-23T21:14:12-07:00,117.103516
1782274512,2026-06-23T21:15:12-07:00,117.103516
1782274572,2026-06-23T21:16:12-07:00,117.103516
1782274632,2026-06-23T21:17:12-07:00,117.103516
1782274692,2026-06-23T21:18:12-07:00,117.103516
1782274752,2026-06-23T21:19:12-07:00,111.566366
1782274812,2026-06-23T21:20:12-07:00,111.566366
1782274872,2026-06-23T21:21:12-07:00,111.566366
1782274932,2026-06-23T21:22:12-07:00,111.566366
1782274992,2026-06-23T21:23:12-07:00,111.566366
1782275112,2026-06-23T21:25:12-07:00,170.961467
1782275172,2026-06-23T21:26:12-07:00,170.961467
1782275232,2026-06-23T21:27:12-07:00,170.961467
1782275292,2026-06-23T21:28:12-07:00,170.961467
1782275352,2026-06-23T21:29:12-07:00,170.961467
1782275412,2026-06-23T21:30:12-07:00,116.463663
1782275472,2026-06-23T21:31:12-07:00,116.463663
1782275532,2026-06-23T21:32:12-07:00,116.463663
1782275592,2026-06-23T21:33:12-07:00,116.463663
1782275652,2026-06-23T21:34:12-07:00,116.463663
1782275832,2026-06-23T21:37:12-07:00,191.934164
1782275892,2026-06-23T21:38:12-07:00,191.934164
1782275952,2026-06-23T21:39:12-07:00,191.934164
1782276012,2026-06-23T21:40:12-07:00,191.934164
1782276072,2026-06-23T21:41:12-07:00,191.934164
1782276192,2026-06-23T21:43:12-07:00,227.68514
1782276252,2026-06-23T21:44:12-07:00,227.68514
1782276312,2026-06-23T21:45:12-07:00,227.68514
1782276372,2026-06-23T21:46:12-07:00,227.68514
1782276432,2026-06-23T21:47:12-07:00,227.68514
1782276552,2026-06-23T21:49:12-07:00,140.401123
1782276612,2026-06-23T21:50:12-07:00,140.401123
1782276672,2026-06-23T21:51:12-07:00,140.401123
1782276732,2026-06-23T21:52:12-07:00,140.401123
1782276792,2026-06-23T21:53:12-07:00,140.401123
1782277212,2026-06-23T22:00:12-07:00,113.891805
1782277272,2026-06-23T22:01:12-07:00,113.891805
1782277332,2026-06-23T22:02:12-07:00,113.891805
1782277392,2026-06-23T22:03:12-07:00,113.891805
1782277452,2026-06-23T22:04:12-07:00,113.891805
1782277632,2026-06-23T22:07:12-07:00,453.065715
1782277692,2026-06-23T22:08:12-07:00,453.065715
1782277752,2026-06-23T22:09:12-07:00,453.065715
1782277812,2026-06-23T22:10:12-07:00,453.065715
1782277872,2026-06-23T22:11:12-07:00,453.065715
1782277932,2026-06-23T22:12:12-07:00,158.588705
1782277992,2026-06-23T22:13:12-07:00,158.588705
1782278052,2026-06-23T22:14:12-07:00,158.588705
1782278112,2026-06-23T22:15:12-07:00,158.588705
1782278172,2026-06-23T22:16:12-07:00,158.588705
1782278292,2026-06-23T22:18:12-07:00,147.742961
1782278352,2026-06-23T22:19:12-07:00,147.742961
1782278412,2026-06-23T22:20:12-07:00,147.742961
1782278472,2026-06-23T22:21:12-07:00,147.742961
1782278532,2026-06-23T22:22:12-07:00,147.742961
1782278652,2026-06-23T22:24:12-07:00,132.001302
1782278712,2026-06-23T22:25:12-07:00,132.001302
1782278772,2026-06-23T22:26:12-07:00,132.001302
1782278832,2026-06-23T22:27:12-07:00,132.001302
1782278892,2026-06-23T22:28:12-07:00,132.001302
1782279012,2026-06-23T22:30:12-07:00,301.055746
1782279072,2026-06-23T22:31:12-07:00,301.055746
1782279132,2026-06-23T22:32:12-07:00,301.055746
1782279192,2026-06-23T22:33:12-07:00,301.055746
1782279252,2026-06-23T22:34:12-07:00,301.055746
1782279372,2026-06-23T22:36:12-07:00,105.079182
1782279432,2026-06-23T22:37:12-07:00,105.079182
1782279492,2026-06-23T22:38:12-07:00,105.079182
1782279552,2026-06-23T22:39:12-07:00,105.079182
1782279612,2026-06-23T22:40:12-07:00,105.079182
1782279672,2026-06-23T22:41:12-07:00,107.008179
1782279732,2026-06-23T22:42:12-07:00,107.008179
1782279792,2026-06-23T22:43:12-07:00,107.008179
1782279852,2026-06-23T22:44:12-07:00,107.008179
1782279912,2026-06-23T22:45:12-07:00,107.008179
1782279972,2026-06-23T22:46:12-07:00,233.373006
1782280032,2026-06-23T22:47:12-07:00,233.373006
1782280092,2026-06-23T22:48:12-07:00,233.373006
1782280152,2026-06-23T22:49:12-07:00,233.373006
1782280212,2026-06-23T22:50:12-07:00,233.373006
1782280272,2026-06-23T22:51:12-07:00,215.273966
1782280332,2026-06-23T22:52:12-07:00,215.273966
1782280392,2026-06-23T22:53:12-07:00,215.273966
1782280452,2026-06-23T22:54:12-07:00,215.273966
1782280512,2026-06-23T22:55:12-07:00,215.273966
1782280572,2026-06-23T22:56:12-07:00,205.717244
1782280632,2026-06-23T22:57:12-07:00,205.717244
1782280692,2026-06-23T22:58:12-07:00,205.717244
1782280752,2026-06-23T22:59:12-07:00,205.717244
1782280812,2026-06-23T23:00:12-07:00,205.717244
1782280932,2026-06-23T23:02:12-07:00,121.911051
1782280992,2026-06-23T23:03:12-07:00,121.911051
1782281052,2026-06-23T23:04:12-07:00,121.911051
1782281112,2026-06-23T23:05:12-07:00,121.911051
1782281172,2026-06-23T23:06:12-07:00,121.911051
1782281292,2026-06-23T23:08:12-07:00,201.099121
1782281352,2026-06-23T23:09:12-07:00,201.099121
1782281412,2026-06-23T23:10:12-07:00,201.099121
1782281472,2026-06-23T23:11:12-07:00,201.099121
1782281532,2026-06-23T23:12:12-07:00,201.099121
1782281592,2026-06-23T23:13:12-07:00,97.183879
1782281652,2026-06-23T23:14:12-07:00,97.183879
1782281712,2026-06-23T23:15:12-07:00,97.183879
1782281772,2026-06-23T23:16:12-07:00,97.183879
1782281832,2026-06-23T23:17:12-07:00,97.183879
1782281892,2026-06-23T23:18:12-07:00,121.54541
1782281952,2026-06-23T23:19:12-07:00,121.54541
1782282012,2026-06-23T23:20:12-07:00,121.54541
1782282072,2026-06-23T23:21:12-07:00,121.54541
1782282132,2026-06-23T23:22:12-07:00,121.54541
1782282252,2026-06-23T23:24:12-07:00,109.287353
1782282312,2026-06-23T23:25:12-07:00,109.287353
1782282372,2026-06-23T23:26:12-07:00,109.287353
1782282432,2026-06-23T23:27:12-07:00,109.287353
1782282492,2026-06-23T23:28:12-07:00,109.287353
1782282552,2026-06-23T23:29:12-07:00,117.671346
1782282612,2026-06-23T23:30:12-07:00,117.671346
1782282672,2026-06-23T23:31:12-07:00,117.671346
1782282732,2026-06-23T23:32:12-07:00,117.671346
1782282792,2026-06-23T23:33:12-07:00,117.671346
1782282852,2026-06-23T23:34:12-07:00,117.707112
1782282912,2026-06-23T23:35:12-07:00,117.707112
1782282972,2026-06-23T23:36:12-07:00,117.707112
1782283032,2026-06-23T23:37:12-07:00,117.707112
1782283092,2026-06-23T23:38:12-07:00,117.707112
1782283152,2026-06-23T23:39:12-07:00,85.4316
1782283212,2026-06-23T23:40:12-07:00,85.4316
1782283272,2026-06-23T23:41:12-07:00,85.4316
1782283332,2026-06-23T23:42:12-07:00,85.4316
1782283392,2026-06-23T23:43:12-07:00,85.4316
1782283452,2026-06-23T23:44:12-07:00,157.983196
1782283512,2026-06-23T23:45:12-07:00,157.983196
1782283572,2026-06-23T23:46:12-07:00,157.983196
1782283632,2026-06-23T23:47:12-07:00,157.983196
1782283692,2026-06-23T23:48:12-07:00,157.983196
1782283752,2026-06-23T23:49:12-07:00,135.371663
1782283812,2026-06-23T23:50:12-07:00,135.371663
1782283872,2026-06-23T23:51:12-07:00,135.371663
1782283932,2026-06-23T23:52:12-07:00,135.371663
1782283992,2026-06-23T23:53:12-07:00,135.371663
1782284112,2026-06-23T23:55:12-07:00,121.523397
1782284172,2026-06-23T23:56:12-07:00,121.523397
1782284232,2026-06-23T23:57:12-07:00,121.523397
1782284292,2026-06-23T23:58:12-07:00,121.523397
1782284352,2026-06-23T23:59:12-07:00,121.523397
1782284412,2026-06-24T00:00:12-07:00,114.975505
1782284472,2026-06-24T00:01:12-07:00,114.975505
1782284532,2026-06-24T00:02:12-07:00,114.975505
1782284592,2026-06-24T00:03:12-07:00,114.975505
1782284652,2026-06-24T00:04:12-07:00,114.975505
1782284712,2026-06-24T00:05:12-07:00,99.812296
1782284772,2026-06-24T00:06:12-07:00,99.812296
1782284832,2026-06-24T00:07:12-07:00,99.812296
1782284892,2026-06-24T00:08:12-07:00,99.812296
1782284952,2026-06-24T00:09:12-07:00,99.812296
1782285072,2026-06-24T00:11:12-07:00,114.168131
1782285132,2026-06-24T00:12:12-07:00,114.168131
1782285192,2026-06-24T00:13:12-07:00,114.168131
1782285252,2026-06-24T00:14:12-07:00,114.168131
1782285312,2026-06-24T00:15:12-07:00,114.168131
1782285372,2026-06-24T00:16:12-07:00,154.690185
1782285432,2026-06-24T00:17:12-07:00,154.690185
1782285492,2026-06-24T00:18:12-07:00,154.690185
1782285552,2026-06-24T00:19:12-07:00,154.690185
1782285612,2026-06-24T00:20:12-07:00,154.690185
1782285672,2026-06-24T00:21:12-07:00,115.49353
1782285732,2026-06-24T00:22:12-07:00,115.49353
1782285792,2026-06-24T00:23:12-07:00,115.49353
1782285852,2026-06-24T00:24:12-07:00,115.49353
1782285912,2026-06-24T00:25:12-07:00,115.49353
1782285972,2026-06-24T00:26:12-07:00,93.473388
1782286032,2026-06-24T00:27:12-07:00,93.473388
1782286092,2026-06-24T00:28:12-07:00,93.473388
1782286152,2026-06-24T00:29:12-07:00,93.473388
1782286212,2026-06-24T00:30:12-07:00,93.473388
1782286272,2026-06-24T00:31:12-07:00,124.530802
1782286332,2026-06-24T00:32:12-07:00,124.530802
1782286392,2026-06-24T00:33:12-07:00,124.530802
1782286452,2026-06-24T00:34:12-07:00,124.530802
1782286512,2026-06-24T00:35:12-07:00,124.530802
1782286572,2026-06-24T00:36:12-07:00,105.069173
1782286632,2026-06-24T00:37:12-07:00,105.069173
1782286692,2026-06-24T00:38:12-07:00,105.069173
1782286752,2026-06-24T00:39:12-07:00,105.069173
1782286812,2026-06-24T00:40:12-07:00,105.069173
1782286932,2026-06-24T00:42:12-07:00,106.73816
1782286992,2026-06-24T00:43:12-07:00,106.73816
1782287052,2026-06-24T00:44:12-07:00,106.73816
1782287112,2026-06-24T00:45:12-07:00,106.73816
1782287172,2026-06-24T00:46:12-07:00,106.73816
1782287232,2026-06-24T00:47:12-07:00,137.023316
1782287292,2026-06-24T00:48:12-07:00,137.023316
1782287352,2026-06-24T00:49:12-07:00,137.023316
1782287412,2026-06-24T00:50:12-07:00,137.023316
1782287472,2026-06-24T00:51:12-07:00,137.023316
1782287532,2026-06-24T00:52:12-07:00,109.796265
1782287592,2026-06-24T00:53:12-07:00,109.796265
1782287652,2026-06-24T00:54:12-07:00,109.796265
1782287712,2026-06-24T00:55:12-07:00,109.796265
1782287772,2026-06-24T00:56:12-07:00,109.796265
1782287832,2026-06-24T00:57:12-07:00,141.927124
1782287892,2026-06-24T00:58:12-07:00,141.927124
1782287952,2026-06-24T00:59:12-07:00,141.927124
1782288012,2026-06-24T01:00:12-07:00,141.927124
1782288072,2026-06-24T01:01:12-07:00,141.927124
1782288132,2026-06-24T01:02:12-07:00,98.264648
1782288192,2026-06-24T01:03:12-07:00,98.264648
1782288252,2026-06-24T01:04:12-07:00,98.264648
1782288312,2026-06-24T01:05:12-07:00,98.264648
1782288372,2026-06-24T01:06:12-07:00,98.264648
1782288432,2026-06-24T01:07:12-07:00,98.679443
1782288492,2026-06-24T01:08:12-07:00,98.679443
1782288552,2026-06-24T01:09:12-07:00,98.679443
1782288612,2026-06-24T01:10:12-07:00,98.679443
1782288672,2026-06-24T01:11:12-07:00,98.679443
1782288792,2026-06-24T01:13:12-07:00,122.449015
1782288852,2026-06-24T01:14:12-07:00,122.449015
1782288912,2026-06-24T01:15:12-07:00,122.449015
1782288972,2026-06-24T01:16:12-07:00,122.449015
1782289032,2026-06-24T01:17:12-07:00,122.449015
1782289092,2026-06-24T01:18:12-07:00,107.43042
1782289152,2026-06-24T01:19:12-07:00,107.43042
1782289212,2026-06-24T01:20:12-07:00,107.43042
1782289272,2026-06-24T01:21:12-07:00,107.43042
1782289332,2026-06-24T01:22:12-07:00,107.43042
1782289392,2026-06-24T01:23:12-07:00,101.482259
1782289452,2026-06-24T01:24:12-07:00,101.482259
1782289512,2026-06-24T01:25:12-07:00,101.482259
1782289572,2026-06-24T01:26:12-07:00,101.482259
1782289632,2026-06-24T01:27:12-07:00,101.482259
1782289692,2026-06-24T01:28:12-07:00,108.514404
1782289752,2026-06-24T01:29:12-07:00,108.514404
1782289812,2026-06-24T01:30:12-07:00,108.514404
1782289872,2026-06-24T01:31:12-07:00,108.514404
1782289932,2026-06-24T01:32:12-07:00,108.514404
1782290052,2026-06-24T01:34:12-07:00,103.003784
1782290112,2026-06-24T01:35:12-07:00,103.003784
1782290172,2026-06-24T01:36:12-07:00,103.003784
1782290232,2026-06-24T01:37:12-07:00,103.003784
1782290292,2026-06-24T01:38:12-07:00,103.003784
1782290352,2026-06-24T01:39:12-07:00,109.175863
1782290412,2026-06-24T01:40:12-07:00,109.175863
1782290472,2026-06-24T01:41:12-07:00,109.175863
1782290532,2026-06-24T01:42:12-07:00,109.175863
1782290592,2026-06-24T01:43:12-07:00,109.175863
1782290652,2026-06-24T01:44:12-07:00,121.263876
1782290712,2026-06-24T01:45:12-07:00,121.263876
1782290772,2026-06-24T01:46:12-07:00,121.263876
1782290832,2026-06-24T01:47:12-07:00,121.263876
1782290892,2026-06-24T01:48:12-07:00,121.263876
1782290952,2026-06-24T01:49:12-07:00,93.83667
1782291012,2026-06-24T01:50:12-07:00,93.83667
1782291072,2026-06-24T01:51:12-07:00,93.83667
1782291132,2026-06-24T01:52:12-07:00,93.83667
1782291192,2026-06-24T01:53:12-07:00,93.83667
1782291252,2026-06-24T01:54:12-07:00,132.026734
1782291312,2026-06-24T01:55:12-07:00,132.026734
1782291372,2026-06-24T01:56:12-07:00,132.026734
1782291432,2026-06-24T01:57:12-07:00,132.026734
1782291492,2026-06-24T01:58:12-07:00,132.026734
1782291612,2026-06-24T02:00:12-07:00,110.875976
1782291672,2026-06-24T02:01:12-07:00,110.875976
1782291732,2026-06-24T02:02:12-07:00,110.875976
1782291792,2026-06-24T02:03:12-07:00,110.875976
1782291852,2026-06-24T02:04:12-07:00,110.875976
1782291912,2026-06-24T02:05:12-07:00,128.476563
1782291972,2026-06-24T02:06:12-07:00,128.476563
1782292032,2026-06-24T02:07:12-07:00,128.476563
1782292092,2026-06-24T02:08:12-07:00,128.476563
1782292152,2026-06-24T02:09:12-07:00,128.476563
1782292212,2026-06-24T02:10:12-07:00,104.267212
1782292272,2026-06-24T02:11:12-07:00,104.267212
1782292332,2026-06-24T02:12:12-07:00,104.267212
1782292392,2026-06-24T02:13:12-07:00,104.267212
1782292452,2026-06-24T02:14:12-07:00,104.267212
1782292512,2026-06-24T02:15:12-07:00,101.682211
1782292572,2026-06-24T02:16:12-07:00,101.682211
1782292632,2026-06-24T02:17:12-07:00,101.682211
1782292692,2026-06-24T02:18:12-07:00,101.682211
1782292752,2026-06-24T02:19:12-07:00,101.682211
1782292812,2026-06-24T02:20:12-07:00,104.750855
1782292872,2026-06-24T02:21:12-07:00,104.750855
1782292932,2026-06-24T02:22:12-07:00,104.750855
1782292992,2026-06-24T02:23:12-07:00,104.750855
1782293052,2026-06-24T02:24:12-07:00,104.750855
1782293172,2026-06-24T02:26:12-07:00,117.170328
1782293232,2026-06-24T02:27:12-07:00,117.170328
1782293292,2026-06-24T02:28:12-07:00,117.170328
1782293352,2026-06-24T02:29:12-07:00,117.170328
1782293412,2026-06-24T02:30:12-07:00,117.170328
1782293472,2026-06-24T02:31:12-07:00,125.023234
1782293532,2026-06-24T02:32:12-07:00,125.023234
1782293592,2026-06-24T02:33:12-07:00,125.023234
1782293652,2026-06-24T02:34:12-07:00,125.023234
1782293712,2026-06-24T02:35:12-07:00,125.023234
1782293772,2026-06-24T02:36:12-07:00,109.278442
1782293832,2026-06-24T02:37:12-07:00,109.278442
1782293892,2026-06-24T02:38:12-07:00,109.278442
1782293952,2026-06-24T02:39:12-07:00,109.278442
1782294012,2026-06-24T02:40:12-07:00,109.278442
1782294072,2026-06-24T02:41:12-07:00,116.458089
1782294132,2026-06-24T02:42:12-07:00,116.458089
1782294192,2026-06-24T02:43:12-07:00,116.458089
1782294252,2026-06-24T02:44:12-07:00,116.458089
1782294312,2026-06-24T02:45:12-07:00,116.458089
1782294372,2026-06-24T02:46:12-07:00,116.371664
1782294432,2026-06-24T02:47:12-07:00,116.371664
1782294492,2026-06-24T02:48:12-07:00,116.371664
1782294552,2026-06-24T02:49:12-07:00,116.371664
1782294612,2026-06-24T02:50:12-07:00,116.371664
1782294732,2026-06-24T02:52:12-07:00,105.852214
1782294792,2026-06-24T02:53:12-07:00,105.852214
1782294852,2026-06-24T02:54:12-07:00,105.852214
1782294912,2026-06-24T02:55:12-07:00,105.852214
1782294972,2026-06-24T02:56:12-07:00,105.852214
1782295032,2026-06-24T02:57:12-07:00,115.692423
1782295092,2026-06-24T02:58:12-07:00,115.692423
1782295152,2026-06-24T02:59:12-07:00,115.692423
1782295212,2026-06-24T03:00:12-07:00,115.692423
1782295272,2026-06-24T03:01:12-07:00,115.692423
1782295332,2026-06-24T03:02:12-07:00,109.124186
1782295392,2026-06-24T03:03:12-07:00,109.124186
1782295452,2026-06-24T03:04:12-07:00,109.124186
1782295512,2026-06-24T03:05:12-07:00,109.124186
1782295572,2026-06-24T03:06:12-07:00,109.124186
1782295632,2026-06-24T03:07:12-07:00,119.874878
1782295692,2026-06-24T03:08:12-07:00,119.874878
1782295752,2026-06-24T03:09:12-07:00,119.874878
1782295812,2026-06-24T03:10:12-07:00,119.874878
1782295872,2026-06-24T03:11:12-07:00,119.874878
1782295932,2026-06-24T03:12:12-07:00,132.390177
1782295992,2026-06-24T03:13:12-07:00,132.390177
1782296052,2026-06-24T03:14:12-07:00,132.390177
1782296112,2026-06-24T03:15:12-07:00,132.390177
1782296172,2026-06-24T03:16:12-07:00,132.390177
1782296232,2026-06-24T03:17:12-07:00,115.642009
1782296292,2026-06-24T03:18:12-07:00,115.642009
1782296352,2026-06-24T03:19:12-07:00,115.642009
1782296412,2026-06-24T03:20:12-07:00,115.642009
1782296472,2026-06-24T03:21:12-07:00,115.642009
1782296532,2026-06-24T03:22:12-07:00,127.025757
1782296592,2026-06-24T03:23:12-07:00,127.025757
1782296652,2026-06-24T03:24:12-07:00,127.025757
1782296712,2026-06-24T03:25:12-07:00,127.025757
1782296772,2026-06-24T03:26:12-07:00,127.025757
1782296832,2026-06-24T03:27:12-07:00,125.837524
1782296892,2026-06-24T03:28:12-07:00,125.837524
1782296952,2026-06-24T03:29:12-07:00,125.837524
1782297012,2026-06-24T03:30:12-07:00,125.837524
1782297072,2026-06-24T03:31:12-07:00,125.837524
1782297132,2026-06-24T03:32:12-07:00,110.124797
1782297192,2026-06-24T03:33:12-07:00,110.124797
1782297252,2026-06-24T03:34:12-07:00,110.124797
1782297312,2026-06-24T03:35:12-07:00,110.124797
1782297372,2026-06-24T03:36:12-07:00,110.124797
1782297432,2026-06-24T03:37:12-07:00,116.256063
1782297492,2026-06-24T03:38:12-07:00,116.256063
1782297552,2026-06-24T03:39:12-07:00,116.256063
1782297612,2026-06-24T03:40:12-07:00,116.256063
1782297672,2026-06-24T03:41:12-07:00,116.256063
1782297792,2026-06-24T03:43:12-07:00,107.61023
1782297852,2026-06-24T03:44:12-07:00,107.61023
1782297912,2026-06-24T03:45:12-07:00,107.61023
1782297972,2026-06-24T03:46:12-07:00,107.61023
1782298032,2026-06-24T03:47:12-07:00,107.61023
1782298092,2026-06-24T03:48:12-07:00,109.850017
1782298152,2026-06-24T03:49:12-07:00,109.850017
1782298212,2026-06-24T03:50:12-07:00,109.850017
1782298272,2026-06-24T03:51:12-07:00,109.850017
1782298332,2026-06-24T03:52:12-07:00,109.850017
1782298392,2026-06-24T03:53:12-07:00,119.920288
1782298452,2026-06-24T03:54:12-07:00,119.920288
1782298512,2026-06-24T03:55:12-07:00,119.920288
1782298572,2026-06-24T03:56:12-07:00,119.920288
1782298632,2026-06-24T03:57:12-07:00,119.920288
1782298692,2026-06-24T03:58:12-07:00,108.109782
1782298752,2026-06-24T03:59:12-07:00,108.109782
1782298812,2026-06-24T04:00:12-07:00,108.109782
1782298872,2026-06-24T04:01:12-07:00,108.109782
1782298932,2026-06-24T04:02:12-07:00,108.109782
1782298992,2026-06-24T04:03:12-07:00,115.243001
1782299052,2026-06-24T04:04:12-07:00,115.243001
1782299112,2026-06-24T04:05:12-07:00,115.243001
1782299172,2026-06-24T04:06:12-07:00,115.243001
1782299232,2026-06-24T04:07:12-07:00,115.243001
1782299292,2026-06-24T04:08:12-07:00,114.275105
1782299352,2026-06-24T04:09:12-07:00,114.275105
1782299412,2026-06-24T04:10:12-07:00,114.275105
1782299472,2026-06-24T04:11:12-07:00,114.275105
1782299532,2026-06-24T04:12:12-07:00,114.275105
1782299592,2026-06-24T04:13:12-07:00,118.994182
1782299652,2026-06-24T04:14:12-07:00,118.994182
1782299712,2026-06-24T04:15:12-07:00,118.994182
1782299772,2026-06-24T04:16:12-07:00,118.994182
1782299832,2026-06-24T04:17:12-07:00,118.994182
1782299952,2026-06-24T04:19:12-07:00,116.786174
1782300012,2026-06-24T04:20:12-07:00,116.786174
1782300072,2026-06-24T04:21:12-07:00,116.786174
1782300132,2026-06-24T04:22:12-07:00,116.786174
1782300192,2026-06-24T04:23:12-07:00,116.786174
1782300252,2026-06-24T04:24:12-07:00,125.869955
1782300312,2026-06-24T04:25:12-07:00,125.869955
1782300372,2026-06-24T04:26:12-07:00,125.869955
1782300432,2026-06-24T04:27:12-07:00,125.869955
1782300492,2026-06-24T04:28:12-07:00,125.869955
1782300552,2026-06-24T04:29:12-07:00,136.436971
1782300612,2026-06-24T04:30:12-07:00,136.436971
1782300672,2026-06-24T04:31:12-07:00,136.436971
1782300732,2026-06-24T04:32:12-07:00,136.436971
1782300792,2026-06-24T04:33:12-07:00,136.436971
1782300852,2026-06-24T04:34:12-07:00,105.830648
1782300912,2026-06-24T04:35:12-07:00,105.830648
1782300972,2026-06-24T04:36:12-07:00,105.830648
1782301032,2026-06-24T04:37:12-07:00,105.830648
1782301092,2026-06-24T04:38:12-07:00,105.830648
1782301212,2026-06-24T04:40:12-07:00,110.545084
1782301272,2026-06-24T04:41:12-07:00,110.545084
1782301332,2026-06-24T04:42:12-07:00,110.545084
1782301392,2026-06-24T04:43:12-07:00,110.545084
1782301452,2026-06-24T04:44:12-07:00,110.545084
1782301512,2026-06-24T04:45:12-07:00,94.619263
1782301572,2026-06-24T04:46:12-07:00,94.619263
1782301632,2026-06-24T04:47:12-07:00,94.619263
1782301692,2026-06-24T04:48:12-07:00,94.619263
1782301752,2026-06-24T04:49:12-07:00,94.619263
1782301812,2026-06-24T04:50:12-07:00,102.205811
1782301872,2026-06-24T04:51:12-07:00,102.205811
1782301932,2026-06-24T04:52:12-07:00,102.205811
1782301992,2026-06-24T04:53:12-07:00,102.205811
1782302052,2026-06-24T04:54:12-07:00,102.205811
1782302172,2026-06-24T04:56:12-07:00,122.201416
1782302232,2026-06-24T04:57:12-07:00,122.201416
1782302292,2026-06-24T04:58:12-07:00,122.201416
1782302352,2026-06-24T04:59:12-07:00,122.201416
1782302412,2026-06-24T05:00:12-07:00,122.201416
1782302472,2026-06-24T05:01:12-07:00,109.25411
1782302532,2026-06-24T05:02:12-07:00,109.25411
1782302592,2026-06-24T05:03:12-07:00,109.25411
1782302652,2026-06-24T05:04:12-07:00,109.25411
1782302712,2026-06-24T05:05:12-07:00,109.25411
1782302772,2026-06-24T05:06:12-07:00,127.673502
1782302832,2026-06-24T05:07:12-07:00,127.673502
1782302892,2026-06-24T05:08:12-07:00,127.673502
1782302952,2026-06-24T05:09:12-07:00,127.673502
1782303012,2026-06-24T05:10:12-07:00,127.673502
1782303072,2026-06-24T05:11:12-07:00,128.962037
1782303132,2026-06-24T05:12:12-07:00,128.962037
1782303192,2026-06-24T05:13:12-07:00,128.962037
1782303252,2026-06-24T05:14:12-07:00,128.962037
1782303312,2026-06-24T05:15:12-07:00,128.962037
1782303372,2026-06-24T05:16:12-07:00,113.357666
1782303432,2026-06-24T05:17:12-07:00,113.357666
1782303492,2026-06-24T05:18:12-07:00,113.357666
1782303552,2026-06-24T05:19:12-07:00,113.357666
1782303612,2026-06-24T05:20:12-07:00,113.357666
1782303672,2026-06-24T05:21:12-07:00,127.970256
1782303732,2026-06-24T05:22:12-07:00,127.970256
1782303792,2026-06-24T05:23:12-07:00,127.970256
1782303852,2026-06-24T05:24:12-07:00,127.970256
1782303912,2026-06-24T05:25:12-07:00,127.970256
1782304032,2026-06-24T05:27:12-07:00,110.534912
1782304092,2026-06-24T05:28:12-07:00,110.534912
1782304152,2026-06-24T05:29:12-07:00,110.534912
1782304212,2026-06-24T05:30:12-07:00,110.534912
1782304272,2026-06-24T05:31:12-07:00,110.534912
1782304332,2026-06-24T05:32:12-07:00,119.299154
1782304392,2026-06-24T05:33:12-07:00,119.299154
1782304452,2026-06-24T05:34:12-07:00,119.299154
1782304512,2026-06-24T05:35:12-07:00,119.299154
1782304572,2026-06-24T05:36:12-07:00,119.299154
1782304632,2026-06-24T05:37:12-07:00,108.861938
1782304692,2026-06-24T05:38:12-07:00,108.861938
1782304752,2026-06-24T05:39:12-07:00,108.861938
1782304812,2026-06-24T05:40:12-07:00,108.861938
1782304872,2026-06-24T05:41:12-07:00,108.861938
1782304932,2026-06-24T05:42:12-07:00,117.140828
1782304992,2026-06-24T05:43:12-07:00,117.140828
1782305052,2026-06-24T05:44:12-07:00,117.140828
1782305112,2026-06-24T05:45:12-07:00,117.140828
1782305172,2026-06-24T05:46:12-07:00,117.140828
1782305232,2026-06-24T05:47:12-07:00,105.94808
1782305292,2026-06-24T05:48:12-07:00,105.94808
1782305352,2026-06-24T05:49:12-07:00,105.94808
1782305412,2026-06-24T05:50:12-07:00,105.94808
1782305472,2026-06-24T05:51:12-07:00,105.94808
1782305532,2026-06-24T05:52:12-07:00,130.260498
1782305592,2026-06-24T05:53:12-07:00,130.260498
1782305652,2026-06-24T05:54:12-07:00,130.260498
1782305712,2026-06-24T05:55:12-07:00,130.260498
1782305772,2026-06-24T05:56:12-07:00,130.260498
1782305892,2026-06-24T05:58:12-07:00,117.484538
1782305952,2026-06-24T05:59:12-07:00,117.484538
1782306012,2026-06-24T06:00:12-07:00,117.484538
1782306072,2026-06-24T06:01:12-07:00,117.484538
1782306132,2026-06-24T06:02:12-07:00,117.484538
1782306192,2026-06-24T06:03:12-07:00,129.052002
1782306252,2026-06-24T06:04:12-07:00,129.052002
1782306312,2026-06-24T06:05:12-07:00,129.052002
1782306372,2026-06-24T06:06:12-07:00,129.052002
1782306432,2026-06-24T06:07:12-07:00,129.052002
1782306492,2026-06-24T06:08:12-07:00,113.686768
1782306552,2026-06-24T06:09:12-07:00,113.686768
1782306612,2026-06-24T06:10:12-07:00,113.686768
1782306672,2026-06-24T06:11:12-07:00,113.686768
1782306732,2026-06-24T06:12:12-07:00,113.686768
1782306792,2026-06-24T06:13:12-07:00,117.197387
1782306852,2026-06-24T06:14:12-07:00,117.197387
1782306912,2026-06-24T06:15:12-07:00,117.197387
1782306972,2026-06-24T06:16:12-07:00,117.197387
1782307032,2026-06-24T06:17:12-07:00,117.197387
1782307092,2026-06-24T06:18:12-07:00,118.553182
1782307152,2026-06-24T06:19:12-07:00,118.553182
1782307212,2026-06-24T06:20:12-07:00,118.553182
1782307272,2026-06-24T06:21:12-07:00,118.553182
1782307332,2026-06-24T06:22:12-07:00,118.553182
1782307392,2026-06-24T06:23:12-07:00,103.138183
1782307452,2026-06-24T06:24:12-07:00,103.138183
1782307512,2026-06-24T06:25:12-07:00,103.138183
1782307572,2026-06-24T06:26:12-07:00,103.138183
1782307632,2026-06-24T06:27:12-07:00,103.138183
1782307692,2026-06-24T06:28:12-07:00,114.468872
1782307752,2026-06-24T06:29:12-07:00,114.468872
1782307812,2026-06-24T06:30:12-07:00,114.468872
1782307872,2026-06-24T06:31:12-07:00,114.468872
1782307932,2026-06-24T06:32:12-07:00,114.468872
1782308052,2026-06-24T06:34:12-07:00,127.698853
1782308112,2026-06-24T06:35:12-07:00,127.698853
1782308172,2026-06-24T06:36:12-07:00,127.698853
1782308232,2026-06-24T06:37:12-07:00,127.698853
1782308292,2026-06-24T06:38:12-07:00,127.698853
1782308352,2026-06-24T06:39:12-07:00,149.5861
1782308412,2026-06-24T06:40:12-07:00,149.5861
1782308472,2026-06-24T06:41:12-07:00,149.5861
1782308532,2026-06-24T06:42:12-07:00,149.5861
1782308592,2026-06-24T06:43:12-07:00,149.5861
1782308652,2026-06-24T06:44:12-07:00,96.489055
1782308712,2026-06-24T06:45:12-07:00,96.489055
1782308772,2026-06-24T06:46:12-07:00,96.489055
1782308832,2026-06-24T06:47:12-07:00,96.489055
1782308892,2026-06-24T06:48:12-07:00,96.489055
1782309432,2026-06-24T06:57:12-07:00,159.366049
1782309492,2026-06-24T06:58:12-07:00,159.366049
1782309552,2026-06-24T06:59:12-07:00,159.366049
1782309612,2026-06-24T07:00:12-07:00,159.366049
1782309672,2026-06-24T07:01:12-07:00,159.366049
1782311172,2026-06-24T07:26:12-07:00,136.15328
1782311232,2026-06-24T07:27:12-07:00,136.15328
1782311292,2026-06-24T07:28:12-07:00,136.15328
1782311352,2026-06-24T07:29:12-07:00,136.15328
1782311412,2026-06-24T07:30:12-07:00,136.15328
1782311472,2026-06-24T07:31:12-07:00,74.561808
1782311532,2026-06-24T07:32:12-07:00,74.561808
1782311592,2026-06-24T07:33:12-07:00,74.561808
1782311652,2026-06-24T07:34:12-07:00,74.561808
1782311712,2026-06-24T07:35:12-07:00,74.561808
1782312432,2026-06-24T07:47:12-07:00,163.52828
1782312492,2026-06-24T07:48:12-07:00,163.52828
1782312552,2026-06-24T07:49:12-07:00,163.52828
1782312612,2026-06-24T07:50:12-07:00,163.52828
1782312672,2026-06-24T07:51:12-07:00,163.52828
1782313392,2026-06-24T08:03:12-07:00,99.458048
1782313452,2026-06-24T08:04:12-07:00,99.458048
1782313512,2026-06-24T08:05:12-07:00,99.458048
1782313572,2026-06-24T08:06:12-07:00,99.458048
1782313632,2026-06-24T08:07:12-07:00,99.458048
1782313992,2026-06-24T08:13:12-07:00,115.414673
1782314052,2026-06-24T08:14:12-07:00,115.414673
1782314112,2026-06-24T08:15:12-07:00,115.414673
1782314172,2026-06-24T08:16:12-07:00,115.414673
1782314232,2026-06-24T08:17:12-07:00,115.414673
1782314652,2026-06-24T08:24:12-07:00,154.31543
1782314712,2026-06-24T08:25:12-07:00,154.31543
1782314772,2026-06-24T08:26:12-07:00,154.31543
1782314832,2026-06-24T08:27:12-07:00,154.31543
1782314892,2026-06-24T08:28:12-07:00,154.31543
1782314952,2026-06-24T08:29:12-07:00,196.467896
1782315012,2026-06-24T08:30:12-07:00,196.467896
1782315072,2026-06-24T08:31:12-07:00,196.467896
1782315132,2026-06-24T08:32:12-07:00,196.467896
1782315192,2026-06-24T08:33:12-07:00,196.467896
1782315252,2026-06-24T08:34:12-07:00,150.79598
1782315312,2026-06-24T08:35:12-07:00,150.79598
1782315372,2026-06-24T08:36:12-07:00,150.79598
1782315432,2026-06-24T08:37:12-07:00,150.79598
1782315492,2026-06-24T08:38:12-07:00,150.79598
1782315552,2026-06-24T08:39:12-07:00,110.602662
1782315612,2026-06-24T08:40:12-07:00,110.602662
1782315672,2026-06-24T08:41:12-07:00,110.602662
1782315732,2026-06-24T08:42:12-07:00,110.602662
1782315792,2026-06-24T08:43:12-07:00,110.602662
1782316212,2026-06-24T08:50:12-07:00,138.351237
1782316272,2026-06-24T08:51:12-07:00,138.351237
1782316332,2026-06-24T08:52:12-07:00,138.351237
1782316392,2026-06-24T08:53:12-07:00,138.351237
1782316452,2026-06-24T08:54:12-07:00,138.351237
1782316572,2026-06-24T08:56:12-07:00,134.224202
1782316632,2026-06-24T08:57:12-07:00,134.224202
1782316692,2026-06-24T08:58:12-07:00,134.224202
1782316752,2026-06-24T08:59:12-07:00,134.224202
1782316812,2026-06-24T09:00:12-07:00,134.224202
1782316932,2026-06-24T09:02:12-07:00,133.278402
1782316992,2026-06-24T09:03:12-07:00,133.278402
1782317052,2026-06-24T09:04:12-07:00,133.278402
1782317112,2026-06-24T09:05:12-07:00,133.278402
1782317172,2026-06-24T09:06:12-07:00,133.278402
1782317352,2026-06-24T09:09:12-07:00,138.926514
1782317412,2026-06-24T09:10:12-07:00,138.926514
1782317472,2026-06-24T09:11:12-07:00,138.926514
1782317532,2026-06-24T09:12:12-07:00,138.926514
1782317592,2026-06-24T09:13:12-07:00,138.926514
1782317712,2026-06-24T09:15:12-07:00,153.377401
1782317772,2026-06-24T09:16:12-07:00,153.377401
1782317832,2026-06-24T09:17:12-07:00,153.377401
1782317892,2026-06-24T09:18:12-07:00,153.377401
1782317952,2026-06-24T09:19:12-07:00,153.377401
1782319272,2026-06-24T09:41:12-07:00,159.790893
1782319332,2026-06-24T09:42:12-07:00,159.790893
1782319392,2026-06-24T09:43:12-07:00,159.790893
1782319452,2026-06-24T09:44:12-07:00,159.790893
1782319512,2026-06-24T09:45:12-07:00,159.790893
1782319632,2026-06-24T09:47:12-07:00,155.025594
1782319692,2026-06-24T09:48:12-07:00,155.025594
1782319752,2026-06-24T09:49:12-07:00,155.025594
1782319812,2026-06-24T09:50:12-07:00,155.025594
1782319872,2026-06-24T09:51:12-07:00,155.025594
1782319932,2026-06-24T09:52:12-07:00,127.387532
1782319992,2026-06-24T09:53:12-07:00,127.387532
1782320052,2026-06-24T09:54:12-07:00,127.387532
1782320112,2026-06-24T09:55:12-07:00,127.387532
1782320172,2026-06-24T09:56:12-07:00,127.387532
1782320292,2026-06-24T09:58:12-07:00,191.274455
1782320352,2026-06-24T09:59:12-07:00,191.274455
1782320412,2026-06-24T10:00:12-07:00,191.274455
1782320472,2026-06-24T10:01:12-07:00,191.274455
1782320532,2026-06-24T10:02:12-07:00,191.274455
1782320652,2026-06-24T10:04:12-07:00,131.31954
1782320712,2026-06-24T10:05:12-07:00,131.31954
1782320772,2026-06-24T10:06:12-07:00,131.31954
1782320832,2026-06-24T10:07:12-07:00,131.31954
1782320892,2026-06-24T10:08:12-07:00,131.31954
1782320952,2026-06-24T10:09:12-07:00,108.71875
1782321012,2026-06-24T10:10:12-07:00,108.71875
1782321072,2026-06-24T10:11:12-07:00,108.71875
1782321132,2026-06-24T10:12:12-07:00,108.71875
1782321192,2026-06-24T10:13:12-07:00,108.71875
1782321312,2026-06-24T10:15:12-07:00,144.735148
1782321372,2026-06-24T10:16:12-07:00,144.735148
1782321432,2026-06-24T10:17:12-07:00,144.735148
1782321492,2026-06-24T10:18:12-07:00,144.735148
1782321552,2026-06-24T10:19:12-07:00,144.735148
1782321732,2026-06-24T10:22:12-07:00,123.13383
1782321792,2026-06-24T10:23:12-07:00,123.13383
1782321852,2026-06-24T10:24:12-07:00,123.13383
1782321912,2026-06-24T10:25:12-07:00,123.13383
1782321972,2026-06-24T10:26:12-07:00,123.13383
1782322092,2026-06-24T10:28:12-07:00,128.651327
1782322152,2026-06-24T10:29:12-07:00,128.651327
1782322212,2026-06-24T10:30:12-07:00,128.651327
1782322272,2026-06-24T10:31:12-07:00,128.651327
1782322332,2026-06-24T10:32:12-07:00,128.651327
1782322452,2026-06-24T10:34:12-07:00,105.43925
1782322512,2026-06-24T10:35:12-07:00,105.43925
1782322572,2026-06-24T10:36:12-07:00,105.43925
1782322632,2026-06-24T10:37:12-07:00,105.43925
1782322692,2026-06-24T10:38:12-07:00,105.43925
1782322812,2026-06-24T10:40:12-07:00,109.647868
1782322872,2026-06-24T10:41:12-07:00,109.647868
1782322932,2026-06-24T10:42:12-07:00,109.647868
1782322992,2026-06-24T10:43:12-07:00,109.647868
1782323052,2026-06-24T10:44:12-07:00,109.647868
1782323472,2026-06-24T10:51:12-07:00,117.776693
1782323532,2026-06-24T10:52:12-07:00,117.776693
1782323592,2026-06-24T10:53:12-07:00,117.776693
1782323652,2026-06-24T10:54:12-07:00,117.776693
1782323712,2026-06-24T10:55:12-07:00,117.776693
1782323772,2026-06-24T10:56:12-07:00,101.972656
1782323832,2026-06-24T10:57:12-07:00,101.972656
1782323892,2026-06-24T10:58:12-07:00,101.972656
1782323952,2026-06-24T10:59:12-07:00,101.972656
1782324012,2026-06-24T11:00:12-07:00,101.972656
1782324072,2026-06-24T11:01:12-07:00,106.651652
1782324132,2026-06-24T11:02:12-07:00,106.651652
1782324192,2026-06-24T11:03:12-07:00,106.651652
1782324252,2026-06-24T11:04:12-07:00,106.651652
1782324312,2026-06-24T11:05:12-07:00,106.651652
1782324372,2026-06-24T11:06:12-07:00,121.231039
1782324432,2026-06-24T11:07:12-07:00,121.231039
1782324492,2026-06-24T11:08:12-07:00,121.231039
1782324552,2026-06-24T11:09:12-07:00,121.231039
1782324612,2026-06-24T11:10:12-07:00,121.231039
1782324672,2026-06-24T11:11:12-07:00,131.134074
1782324732,2026-06-24T11:12:12-07:00,131.134074
1782324792,2026-06-24T11:13:12-07:00,131.134074
1782324852,2026-06-24T11:14:12-07:00,131.134074
1782324912,2026-06-24T11:15:12-07:00,131.134074
1782324972,2026-06-24T11:16:12-07:00,124.833578
1782325032,2026-06-24T11:17:12-07:00,124.833578
1782325092,2026-06-24T11:18:12-07:00,124.833578
1782325152,2026-06-24T11:19:12-07:00,124.833578
1782325212,2026-06-24T11:20:12-07:00,124.833578
1782325272,2026-06-24T11:21:12-07:00,121.712158
1782325332,2026-06-24T11:22:12-07:00,121.712158
1782325392,2026-06-24T11:23:12-07:00,121.712158
1782325452,2026-06-24T11:24:12-07:00,121.712158
1782325512,2026-06-24T11:25:12-07:00,121.712158
1782325572,2026-06-24T11:26:12-07:00,122.115845
1782325632,2026-06-24T11:27:12-07:00,122.115845
1782325692,2026-06-24T11:28:12-07:00,122.115845
1782325752,2026-06-24T11:29:12-07:00,122.115845
1782325812,2026-06-24T11:30:12-07:00,122.115845
1782325872,2026-06-24T11:31:12-07:00,111.293823
1782325932,2026-06-24T11:32:12-07:00,111.293823
1782325992,2026-06-24T11:33:12-07:00,111.293823
1782326052,2026-06-24T11:34:12-07:00,111.293823
1782326112,2026-06-24T11:35:12-07:00,111.293823
1782326172,2026-06-24T11:36:12-07:00,141.817546
1782326232,2026-06-24T11:37:12-07:00,141.817546
1782326292,2026-06-24T11:38:12-07:00,141.817546
1782326352,2026-06-24T11:39:12-07:00,141.817546
1782326412,2026-06-24T11:40:12-07:00,141.817546
1782326472,2026-06-24T11:41:12-07:00,221.197144
1782326532,2026-06-24T11:42:12-07:00,221.197144
1782326592,2026-06-24T11:43:12-07:00,221.197144
1782326652,2026-06-24T11:44:12-07:00,221.197144
1782326712,2026-06-24T11:45:12-07:00,221.197144
1782326832,2026-06-24T11:47:12-07:00,145.930338
1782326892,2026-06-24T11:48:12-07:00,145.930338
1782326952,2026-06-24T11:49:12-07:00,145.930338
1782327012,2026-06-24T11:50:12-07:00,145.930338
1782327072,2026-06-24T11:51:12-07:00,145.930338
1782327132,2026-06-24T11:52:12-07:00,147.237793
1782327192,2026-06-24T11:53:12-07:00,147.237793
1782327252,2026-06-24T11:54:12-07:00,147.237793
1782327312,2026-06-24T11:55:12-07:00,147.237793
1782327372,2026-06-24T11:56:12-07:00,147.237793
1782327432,2026-06-24T11:57:12-07:00,118.634319
1782327492,2026-06-24T11:58:12-07:00,118.634319
1782327552,2026-06-24T11:59:12-07:00,118.634319
1782327612,2026-06-24T12:00:12-07:00,118.634319
1782327672,2026-06-24T12:01:12-07:00,118.634319
1782327732,2026-06-24T12:02:12-07:00,137.756266
1782327792,2026-06-24T12:03:12-07:00,137.756266
1782327852,2026-06-24T12:04:12-07:00,137.756266
1782327912,2026-06-24T12:05:12-07:00,137.756266
1782327972,2026-06-24T12:06:12-07:00,137.756266
1782328032,2026-06-24T12:07:12-07:00,200.6167
1782328092,2026-06-24T12:08:12-07:00,200.6167
1782328152,2026-06-24T12:09:12-07:00,200.6167
1782328212,2026-06-24T12:10:12-07:00,200.6167
1782328272,2026-06-24T12:11:12-07:00,200.6167
1782328392,2026-06-24T12:13:12-07:00,170.890585
1782328452,2026-06-24T12:14:12-07:00,170.890585
1782328512,2026-06-24T12:15:12-07:00,170.890585
1782328572,2026-06-24T12:16:12-07:00,170.890585
1782328632,2026-06-24T12:17:12-07:00,170.890585
1782328812,2026-06-24T12:20:12-07:00,523.528809
1782328872,2026-06-24T12:21:12-07:00,523.528809
1782328932,2026-06-24T12:22:12-07:00,523.528809
1782328992,2026-06-24T12:23:12-07:00,523.528809
1782329052,2026-06-24T12:24:12-07:00,523.528809
1782329172,2026-06-24T12:26:12-07:00,110.198527
1782329232,2026-06-24T12:27:12-07:00,110.198527
1782329292,2026-06-24T12:28:12-07:00,110.198527
1782329352,2026-06-24T12:29:12-07:00,110.198527
1782329412,2026-06-24T12:30:12-07:00,110.198527
1782329472,2026-06-24T12:31:12-07:00,124.737997
1782329532,2026-06-24T12:32:12-07:00,124.737997
1782329592,2026-06-24T12:33:12-07:00,124.737997
1782329652,2026-06-24T12:34:12-07:00,124.737997
1782329712,2026-06-24T12:35:12-07:00,124.737997
1782329952,2026-06-24T12:39:12-07:00,162.261475
1782330012,2026-06-24T12:40:12-07:00,162.261475
1782330072,2026-06-24T12:41:12-07:00,162.261475
1782330132,2026-06-24T12:42:12-07:00,162.261475
1782330192,2026-06-24T12:43:12-07:00,162.261475
1782330372,2026-06-24T12:46:12-07:00,116.408651
1782330432,2026-06-24T12:47:12-07:00,116.408651
1782330492,2026-06-24T12:48:12-07:00,116.408651
1782330552,2026-06-24T12:49:12-07:00,116.408651
1782330612,2026-06-24T12:50:12-07:00,116.408651
1782330732,2026-06-24T12:52:12-07:00,124.276489
1782330792,2026-06-24T12:53:12-07:00,124.276489
1782330852,2026-06-24T12:54:12-07:00,124.276489
1782330912,2026-06-24T12:55:12-07:00,124.276489
1782330972,2026-06-24T12:56:12-07:00,124.276489
1782331032,2026-06-24T12:57:12-07:00,103.207316
1782331092,2026-06-24T12:58:12-07:00,103.207316
1782331152,2026-06-24T12:59:12-07:00,103.207316
1782331212,2026-06-24T13:00:12-07:00,103.207316
1782331272,2026-06-24T13:01:12-07:00,103.207316
1782331392,2026-06-24T13:03:12-07:00,128.86202
1782331452,2026-06-24T13:04:12-07:00,128.86202
1782331512,2026-06-24T13:05:12-07:00,128.86202
1782331572,2026-06-24T13:06:12-07:00,128.86202
1782331632,2026-06-24T13:07:12-07:00,128.86202
1782331752,2026-06-24T13:09:12-07:00,117.940715
1782331812,2026-06-24T13:10:12-07:00,117.940715
1782331872,2026-06-24T13:11:12-07:00,117.940715
1782331932,2026-06-24T13:12:12-07:00,117.940715
1782331992,2026-06-24T13:13:12-07:00,117.940715
1782332172,2026-06-24T13:16:12-07:00,1020.253622
1782332232,2026-06-24T13:17:12-07:00,1020.253622
1782332292,2026-06-24T13:18:12-07:00,1020.253622
1782332352,2026-06-24T13:19:12-07:00,1020.253622
1782332412,2026-06-24T13:20:12-07:00,1020.253622
1782332532,2026-06-24T13:22:12-07:00,112.770101
1782332592,2026-06-24T13:23:12-07:00,112.770101
1782332652,2026-06-24T13:24:12-07:00,112.770101
1782332712,2026-06-24T13:25:12-07:00,112.770101
1782332772,2026-06-24T13:26:12-07:00,112.770101
1782332832,2026-06-24T13:27:12-07:00,109.488973
1782332892,2026-06-24T13:28:12-07:00,109.488973
1782332952,2026-06-24T13:29:12-07:00,109.488973
1782333012,2026-06-24T13:30:12-07:00,109.488973
1782333072,2026-06-24T13:31:12-07:00,109.488973
1782333192,2026-06-24T13:33:12-07:00,131.659708
1782333252,2026-06-24T13:34:12-07:00,131.659708
1782333312,2026-06-24T13:35:12-07:00,131.659708
1782333372,2026-06-24T13:36:12-07:00,131.659708
1782333432,2026-06-24T13:37:12-07:00,131.659708
1782333552,2026-06-24T13:39:12-07:00,145.765178
1782333612,2026-06-24T13:40:12-07:00,145.765178
1782333672,2026-06-24T13:41:12-07:00,145.765178
1782333732,2026-06-24T13:42:12-07:00,145.765178
1782333792,2026-06-24T13:43:12-07:00,145.765178
1782333972,2026-06-24T13:46:12-07:00,124.549764
1782334032,2026-06-24T13:47:12-07:00,124.549764
1782334092,2026-06-24T13:48:12-07:00,124.549764
1782334152,2026-06-24T13:49:12-07:00,124.549764
1782334212,2026-06-24T13:50:12-07:00,124.549764
1782334392,2026-06-24T13:53:12-07:00,136.580078
1782334452,2026-06-24T13:54:12-07:00,136.580078
1782334512,2026-06-24T13:55:12-07:00,136.580078
1782334572,2026-06-24T13:56:12-07:00,136.580078
1782334632,2026-06-24T13:57:12-07:00,136.580078
1782334692,2026-06-24T13:58:12-07:00,173.533488
1782334752,2026-06-24T13:59:12-07:00,173.533488
1782334812,2026-06-24T14:00:12-07:00,173.533488
1782334872,2026-06-24T14:01:12-07:00,173.533488
1782334932,2026-06-24T14:02:12-07:00,173.533488
1782335052,2026-06-24T14:04:12-07:00,126.822429
1782335112,2026-06-24T14:05:12-07:00,126.822429
1782335172,2026-06-24T14:06:12-07:00,126.822429
1782335232,2026-06-24T14:07:12-07:00,126.822429
1782335292,2026-06-24T14:08:12-07:00,126.822429
1782335472,2026-06-24T14:11:12-07:00,155.144613
1782335532,2026-06-24T14:12:12-07:00,155.144613
1782335592,2026-06-24T14:13:12-07:00,155.144613
1782335652,2026-06-24T14:14:12-07:00,155.144613
1782335712,2026-06-24T14:15:12-07:00,155.144613
1782335772,2026-06-24T14:16:12-07:00,107.608154
1782335832,2026-06-24T14:17:12-07:00,107.608154
1782335892,2026-06-24T14:18:12-07:00,107.608154
1782335952,2026-06-24T14:19:12-07:00,107.608154
1782336012,2026-06-24T14:20:12-07:00,107.608154
1782336192,2026-06-24T14:23:12-07:00,120.071818
1782336252,2026-06-24T14:24:12-07:00,120.071818
1782336312,2026-06-24T14:25:12-07:00,120.071818
1782336372,2026-06-24T14:26:12-07:00,120.071818
1782336432,2026-06-24T14:27:12-07:00,120.071818
1782336552,2026-06-24T14:29:12-07:00,133.759684
1782336612,2026-06-24T14:30:12-07:00,133.759684
1782336672,2026-06-24T14:31:12-07:00,133.759684
1782336732,2026-06-24T14:32:12-07:00,133.759684
1782336792,2026-06-24T14:33:12-07:00,133.759684
1782336912,2026-06-24T14:35:12-07:00,100.998739
1782336972,2026-06-24T14:36:12-07:00,100.998739
1782337032,2026-06-24T14:37:12-07:00,100.998739
1782337092,2026-06-24T14:38:12-07:00,100.998739
1782337152,2026-06-24T14:39:12-07:00,100.998739
1782337212,2026-06-24T14:40:12-07:00,139.479533
1782337272,2026-06-24T14:41:12-07:00,139.479533
1782337332,2026-06-24T14:42:12-07:00,139.479533
1782337392,2026-06-24T14:43:12-07:00,139.479533
1782337452,2026-06-24T14:44:12-07:00,139.479533
1782337572,2026-06-24T14:46:12-07:00,197.424845
1782337632,2026-06-24T14:47:12-07:00,197.424845
1782337692,2026-06-24T14:48:12-07:00,197.424845
1782337752,2026-06-24T14:49:12-07:00,197.424845
1782337812,2026-06-24T14:50:12-07:00,197.424845
1782337872,2026-06-24T14:51:12-07:00,141.344402
1782337932,2026-06-24T14:52:12-07:00,141.344402
1782337992,2026-06-24T14:53:12-07:00,141.344402
1782338052,2026-06-24T14:54:12-07:00,141.344402
1782338112,2026-06-24T14:55:12-07:00,141.344402
1782338232,2026-06-24T14:57:12-07:00,112.201172
1782338292,2026-06-24T14:58:12-07:00,112.201172
1782338352,2026-06-24T14:59:12-07:00,112.201172
1782338412,2026-06-24T15:00:12-07:00,112.201172
1782338472,2026-06-24T15:01:12-07:00,112.201172
1782338652,2026-06-24T15:04:12-07:00,127.343303
1782338712,2026-06-24T15:05:12-07:00,127.343303
1782338772,2026-06-24T15:06:12-07:00,127.343303
1782338832,2026-06-24T15:07:12-07:00,127.343303
1782338892,2026-06-24T15:08:12-07:00,127.343303
1782338952,2026-06-24T15:09:12-07:00,111.837321
1782339012,2026-06-24T15:10:12-07:00,111.837321
1782339072,2026-06-24T15:11:12-07:00,111.837321
1782339132,2026-06-24T15:12:12-07:00,111.837321
1782339192,2026-06-24T15:13:12-07:00,111.837321
1782339312,2026-06-24T15:15:12-07:00,133.366049
1782339372,2026-06-24T15:16:12-07:00,133.366049
1782339432,2026-06-24T15:17:12-07:00,133.366049
1782339492,2026-06-24T15:18:12-07:00,133.366049
1782339552,2026-06-24T15:19:12-07:00,133.366049
1782339612,2026-06-24T15:20:12-07:00,123.851644
1782339672,2026-06-24T15:21:12-07:00,123.851644
1782339732,2026-06-24T15:22:12-07:00,123.851644
1782339792,2026-06-24T15:23:12-07:00,123.851644
1782339852,2026-06-24T15:24:12-07:00,123.851644
1782339972,2026-06-24T15:26:12-07:00,133.914226
1782340032,2026-06-24T15:27:12-07:00,133.914226
1782340092,2026-06-24T15:28:12-07:00,133.914226
1782340152,2026-06-24T15:29:12-07:00,133.914226
1782340212,2026-06-24T15:30:12-07:00,133.914226
1782340332,2026-06-24T15:32:12-07:00,121.509156
1782340392,2026-06-24T15:33:12-07:00,121.509156
1782340452,2026-06-24T15:34:12-07:00,121.509156
1782340512,2026-06-24T15:35:12-07:00,121.509156
1782340572,2026-06-24T15:36:12-07:00,121.509156
1782340632,2026-06-24T15:37:12-07:00,126.987142
1782340692,2026-06-24T15:38:12-07:00,126.987142
1782340752,2026-06-24T15:39:12-07:00,126.987142
1782340812,2026-06-24T15:40:12-07:00,126.987142
1782340872,2026-06-24T15:41:12-07:00,126.987142
1782340992,2026-06-24T15:43:12-07:00,112.138631
1782341052,2026-06-24T15:44:12-07:00,112.138631
1782341112,2026-06-24T15:45:12-07:00,112.138631
1782341172,2026-06-24T15:46:12-07:00,112.138631
1782341232,2026-06-24T15:47:12-07:00,112.138631
1782341352,2026-06-24T15:49:12-07:00,154.88204
1782341412,2026-06-24T15:50:12-07:00,154.88204
1782341472,2026-06-24T15:51:12-07:00,154.88204
1782341532,2026-06-24T15:52:12-07:00,154.88204
1782341592,2026-06-24T15:53:12-07:00,154.88204
1782341652,2026-06-24T15:54:12-07:00,118.557495
1782341712,2026-06-24T15:55:12-07:00,118.557495
1782341772,2026-06-24T15:56:12-07:00,118.557495
1782341832,2026-06-24T15:57:12-07:00,118.557495
1782341892,2026-06-24T15:58:12-07:00,118.557495
1782341952,2026-06-24T15:59:12-07:00,136.744344
1782342012,2026-06-24T16:00:12-07:00,136.744344
1782342072,2026-06-24T16:01:12-07:00,136.744344
1782342132,2026-06-24T16:02:12-07:00,136.744344
1782342192,2026-06-24T16:03:12-07:00,136.744344
1782342312,2026-06-24T16:05:12-07:00,133.393473
1782342372,2026-06-24T16:06:12-07:00,133.393473
1782342432,2026-06-24T16:07:12-07:00,133.393473
1782342492,2026-06-24T16:08:12-07:00,133.393473
1782342552,2026-06-24T16:09:12-07:00,133.393473
1782342672,2026-06-24T16:11:12-07:00,118.092081
1782342732,2026-06-24T16:12:12-07:00,118.092081
1782342792,2026-06-24T16:13:12-07:00,118.092081
1782342852,2026-06-24T16:14:12-07:00,118.092081
1782342912,2026-06-24T16:15:12-07:00,118.092081
1782343032,2026-06-24T16:17:12-07:00,119.982747
1782343092,2026-06-24T16:18:12-07:00,119.982747
1782343152,2026-06-24T16:19:12-07:00,119.982747
1782343212,2026-06-24T16:20:12-07:00,119.982747
1782343272,2026-06-24T16:21:12-07:00,119.982747
1782343332,2026-06-24T16:22:12-07:00,197.826986
1782343392,2026-06-24T16:23:12-07:00,197.826986
1782343452,2026-06-24T16:24:12-07:00,197.826986
1782343512,2026-06-24T16:25:12-07:00,197.826986
1782343572,2026-06-24T16:26:12-07:00,197.826986
1782343632,2026-06-24T16:27:12-07:00,144.650553
1782343692,2026-06-24T16:28:12-07:00,144.650553
1782343752,2026-06-24T16:29:12-07:00,144.650553
1782343812,2026-06-24T16:30:12-07:00,144.650553
1782343872,2026-06-24T16:31:12-07:00,144.650553
1782343932,2026-06-24T16:32:12-07:00,159.507691
1782343992,2026-06-24T16:33:12-07:00,159.507691
1782344052,2026-06-24T16:34:12-07:00,159.507691
1782344112,2026-06-24T16:35:12-07:00,159.507691
1782344172,2026-06-24T16:36:12-07:00,159.507691
1782344292,2026-06-24T16:38:12-07:00,120.167684
1782344352,2026-06-24T16:39:12-07:00,120.167684
1782344412,2026-06-24T16:40:12-07:00,120.167684
1782344472,2026-06-24T16:41:12-07:00,120.167684
1782344532,2026-06-24T16:42:12-07:00,120.167684
1782344892,2026-06-24T16:48:12-07:00,171.939901
1782344952,2026-06-24T16:49:12-07:00,171.939901
1782345012,2026-06-24T16:50:12-07:00,171.939901
1782345072,2026-06-24T16:51:12-07:00,171.939901
1782345132,2026-06-24T16:52:12-07:00,171.939901
1782345192,2026-06-24T16:53:12-07:00,132.570434
1782345252,2026-06-24T16:54:12-07:00,132.570434
1782345312,2026-06-24T16:55:12-07:00,132.570434
1782345372,2026-06-24T16:56:12-07:00,132.570434
1782345432,2026-06-24T16:57:12-07:00,132.570434
1782345612,2026-06-24T17:00:12-07:00,109.990316
1782345672,2026-06-24T17:01:12-07:00,109.990316
1782345732,2026-06-24T17:02:12-07:00,109.990316
1782345792,2026-06-24T17:03:12-07:00,109.990316
1782345852,2026-06-24T17:04:12-07:00,109.990316
1782346032,2026-06-24T17:07:12-07:00,135.564087
1782346092,2026-06-24T17:08:12-07:00,135.564087
1782346152,2026-06-24T17:09:12-07:00,135.564087
1782346212,2026-06-24T17:10:12-07:00,135.564087
1782346272,2026-06-24T17:11:12-07:00,135.564087
1782346392,2026-06-24T17:13:12-07:00,121.501098
1782346452,2026-06-24T17:14:12-07:00,121.501098
1782346512,2026-06-24T17:15:12-07:00,121.501098
1782346572,2026-06-24T17:16:12-07:00,121.501098
1782346632,2026-06-24T17:17:12-07:00,121.501098
1782346692,2026-06-24T17:18:12-07:00,146.395834
1782346752,2026-06-24T17:19:12-07:00,146.395834
1782346812,2026-06-24T17:20:12-07:00,146.395834
1782346872,2026-06-24T17:21:12-07:00,146.395834
1782346932,2026-06-24T17:22:12-07:00,146.395834
1782346992,2026-06-24T17:23:12-07:00,109.364095
1782347052,2026-06-24T17:24:12-07:00,109.364095
1782347112,2026-06-24T17:25:12-07:00,109.364095
1782347172,2026-06-24T17:26:12-07:00,109.364095
1782347232,2026-06-24T17:27:12-07:00,109.364095
1782347352,2026-06-24T17:29:12-07:00,112.408326
1782347412,2026-06-24T17:30:12-07:00,112.408326
1782347472,2026-06-24T17:31:12-07:00,112.408326
1782347532,2026-06-24T17:32:12-07:00,112.408326
1782347592,2026-06-24T17:33:12-07:00,112.408326
1782347772,2026-06-24T17:36:12-07:00,136.189576
1782347832,2026-06-24T17:37:12-07:00,136.189576
1782347892,2026-06-24T17:38:12-07:00,136.189576
1782347952,2026-06-24T17:39:12-07:00,136.189576
1782348012,2026-06-24T17:40:12-07:00,136.189576
1782348132,2026-06-24T17:42:12-07:00,145.212321
1782348192,2026-06-24T17:43:12-07:00,145.212321
1782348252,2026-06-24T17:44:12-07:00,145.212321
1782348312,2026-06-24T17:45:12-07:00,145.212321
1782348372,2026-06-24T17:46:12-07:00,145.212321
1782348432,2026-06-24T17:47:12-07:00,126.553629
1782348492,2026-06-24T17:48:12-07:00,126.553629
1782348552,2026-06-24T17:49:12-07:00,126.553629
1782348612,2026-06-24T17:50:12-07:00,126.553629
1782348672,2026-06-24T17:51:12-07:00,126.553629
1782348792,2026-06-24T17:53:12-07:00,146.601319
1782348852,2026-06-24T17:54:12-07:00,146.601319
1782348912,2026-06-24T17:55:12-07:00,146.601319
1782348972,2026-06-24T17:56:12-07:00,146.601319
1782349032,2026-06-24T17:57:12-07:00,146.601319
1782349512,2026-06-24T18:05:12-07:00,134.262126
1782349572,2026-06-24T18:06:12-07:00,134.262126
1782349632,2026-06-24T18:07:12-07:00,134.262126
1782349692,2026-06-24T18:08:12-07:00,134.262126
1782349752,2026-06-24T18:09:12-07:00,134.262126
1782349872,2026-06-24T18:11:12-07:00,124.817586
1782349932,2026-06-24T18:12:12-07:00,124.817586
1782349992,2026-06-24T18:13:12-07:00,124.817586
1782350052,2026-06-24T18:14:12-07:00,124.817586
1782350112,2026-06-24T18:15:12-07:00,124.817586
1782350172,2026-06-24T18:16:12-07:00,110.651693
1782350232,2026-06-24T18:17:12-07:00,110.651693
1782350292,2026-06-24T18:18:12-07:00,110.651693
1782350352,2026-06-24T18:19:12-07:00,110.651693
1782350412,2026-06-24T18:20:12-07:00,110.651693
1782350472,2026-06-24T18:21:12-07:00,137.731364
1782350532,2026-06-24T18:22:12-07:00,137.731364
1782350592,2026-06-24T18:23:12-07:00,137.731364
1782350652,2026-06-24T18:24:12-07:00,137.731364
1782350712,2026-06-24T18:25:12-07:00,137.731364
1782350832,2026-06-24T18:27:12-07:00,130.072551
1782350892,2026-06-24T18:28:12-07:00,130.072551
1782350952,2026-06-24T18:29:12-07:00,130.072551
1782351012,2026-06-24T18:30:12-07:00,130.072551
1782351072,2026-06-24T18:31:12-07:00,130.072551
1782351132,2026-06-24T18:32:12-07:00,125.545654
1782351192,2026-06-24T18:33:12-07:00,125.545654
1782351252,2026-06-24T18:34:12-07:00,125.545654
1782351312,2026-06-24T18:35:12-07:00,125.545654
1782351372,2026-06-24T18:36:12-07:00,125.545654
1782351432,2026-06-24T18:37:12-07:00,130.864583
1782351492,2026-06-24T18:38:12-07:00,130.864583
1782351552,2026-06-24T18:39:12-07:00,130.864583
1782351612,2026-06-24T18:40:12-07:00,130.864583
1782351672,2026-06-24T18:41:12-07:00,130.864583
1782351732,2026-06-24T18:42:12-07:00,108.249186
1782351792,2026-06-24T18:43:12-07:00,108.249186
1782351852,2026-06-24T18:44:12-07:00,108.249186
1782351912,2026-06-24T18:45:12-07:00,108.249186
1782351972,2026-06-24T18:46:12-07:00,108.249186
1782352032,2026-06-24T18:47:12-07:00,147.01176
1782352092,2026-06-24T18:48:12-07:00,147.01176
1782352152,2026-06-24T18:49:12-07:00,147.01176
1782352212,2026-06-24T18:50:12-07:00,147.01176
1782352272,2026-06-24T18:51:12-07:00,147.01176
1782352392,2026-06-24T18:53:12-07:00,115.867798
1782352452,2026-06-24T18:54:12-07:00,115.867798
1782352512,2026-06-24T18:55:12-07:00,115.867798
1782352572,2026-06-24T18:56:12-07:00,115.867798
1782352632,2026-06-24T18:57:12-07:00,115.867798
1782352752,2026-06-24T18:59:12-07:00,154.143595
1782352812,2026-06-24T19:00:12-07:00,154.143595
1782352872,2026-06-24T19:01:12-07:00,154.143595
1782352932,2026-06-24T19:02:12-07:00,154.143595
1782352992,2026-06-24T19:03:12-07:00,154.143595
1782353172,2026-06-24T19:06:12-07:00,129.042643
1782353232,2026-06-24T19:07:12-07:00,129.042643
1782353292,2026-06-24T19:08:12-07:00,129.042643
1782353352,2026-06-24T19:09:12-07:00,129.042643
1782353412,2026-06-24T19:10:12-07:00,129.042643
1782353532,2026-06-24T19:12:12-07:00,154.672445
1782353592,2026-06-24T19:13:12-07:00,154.672445
1782353652,2026-06-24T19:14:12-07:00,154.672445
1782353712,2026-06-24T19:15:12-07:00,154.672445
1782353772,2026-06-24T19:16:12-07:00,154.672445
1782353832,2026-06-24T19:17:12-07:00,116.782267
1782353892,2026-06-24T19:18:12-07:00,116.782267
1782353952,2026-06-24T19:19:12-07:00,116.782267
1782354012,2026-06-24T19:20:12-07:00,116.782267
1782354072,2026-06-24T19:21:12-07:00,116.782267
1782354252,2026-06-24T19:24:12-07:00,143.299154
1782354312,2026-06-24T19:25:12-07:00,143.299154
1782354372,2026-06-24T19:26:12-07:00,143.299154
1782354432,2026-06-24T19:27:12-07:00,143.299154
1782354492,2026-06-24T19:28:12-07:00,143.299154
1782354612,2026-06-24T19:30:12-07:00,143.045898
1782354672,2026-06-24T19:31:12-07:00,143.045898
1782354732,2026-06-24T19:32:12-07:00,143.045898
1782354792,2026-06-24T19:33:12-07:00,143.045898
1782354852,2026-06-24T19:34:12-07:00,143.045898
1782355032,2026-06-24T19:37:12-07:00,145.656779
1782355092,2026-06-24T19:38:12-07:00,145.656779
1782355152,2026-06-24T19:39:12-07:00,145.656779
1782355212,2026-06-24T19:40:12-07:00,145.656779
1782355272,2026-06-24T19:41:12-07:00,145.656779
1782355332,2026-06-24T19:42:12-07:00,154.369629
1782355392,2026-06-24T19:43:12-07:00,154.369629
1782355452,2026-06-24T19:44:12-07:00,154.369629
1782355512,2026-06-24T19:45:12-07:00,154.369629
1782355572,2026-06-24T19:46:12-07:00,154.369629
1782355692,2026-06-24T19:48:12-07:00,116.024495
1782355752,2026-06-24T19:49:12-07:00,116.024495
1782355812,2026-06-24T19:50:12-07:00,116.024495
1782355872,2026-06-24T19:51:12-07:00,116.024495
1782355932,2026-06-24T19:52:12-07:00,116.024495
1782355992,2026-06-24T19:53:12-07:00,128.157511
1782356052,2026-06-24T19:54:12-07:00,128.157511
1782356112,2026-06-24T19:55:12-07:00,128.157511
1782356172,2026-06-24T19:56:12-07:00,128.157511
1782356232,2026-06-24T19:57:12-07:00,128.157511
1782356652,2026-06-24T20:04:12-07:00,138.94751
1782356712,2026-06-24T20:05:12-07:00,138.94751
1782356772,2026-06-24T20:06:12-07:00,138.94751
1782356832,2026-06-24T20:07:12-07:00,138.94751
1782356892,2026-06-24T20:08:12-07:00,138.94751
1782356952,2026-06-24T20:09:12-07:00,134.394979
1782357012,2026-06-24T20:10:12-07:00,134.394979
1782357072,2026-06-24T20:11:12-07:00,134.394979
1782357132,2026-06-24T20:12:12-07:00,134.394979
1782357192,2026-06-24T20:13:12-07:00,134.394979
1782357252,2026-06-24T20:14:12-07:00,108.002076
1782357312,2026-06-24T20:15:12-07:00,108.002076
1782357372,2026-06-24T20:16:12-07:00,108.002076
1782357432,2026-06-24T20:17:12-07:00,108.002076
1782357492,2026-06-24T20:18:12-07:00,108.002076
1782357552,2026-06-24T20:19:12-07:00,152.355957
1782357612,2026-06-24T20:20:12-07:00,152.355957
1782357672,2026-06-24T20:21:12-07:00,152.355957
1782357732,2026-06-24T20:22:12-07:00,152.355957
1782357792,2026-06-24T20:23:12-07:00,152.355957
1782357912,2026-06-24T20:25:12-07:00,124.622721
1782357972,2026-06-24T20:26:12-07:00,124.622721
1782358032,2026-06-24T20:27:12-07:00,124.622721
1782358092,2026-06-24T20:28:12-07:00,124.622721
1782358152,2026-06-24T20:29:12-07:00,124.622721
1782358212,2026-06-24T20:30:12-07:00,123.348145
1782358272,2026-06-24T20:31:12-07:00,123.348145
1782358332,2026-06-24T20:32:12-07:00,123.348145
1782358392,2026-06-24T20:33:12-07:00,123.348145
1782358452,2026-06-24T20:34:12-07:00,123.348145
1782358512,2026-06-24T20:35:12-07:00,136.095337
1782358572,2026-06-24T20:36:12-07:00,136.095337
1782358632,2026-06-24T20:37:12-07:00,136.095337
1782358692,2026-06-24T20:38:12-07:00,136.095337
1782358752,2026-06-24T20:39:12-07:00,136.095337
1782359112,2026-06-24T20:45:12-07:00,96.90743
1782359172,2026-06-24T20:46:12-07:00,96.90743
1782359232,2026-06-24T20:47:12-07:00,96.90743
1782359292,2026-06-24T20:48:12-07:00,96.90743
1782359352,2026-06-24T20:49:12-07:00,96.90743
1782359412,2026-06-24T20:50:12-07:00,118.480021
1782359472,2026-06-24T20:51:12-07:00,118.480021
1782359532,2026-06-24T20:52:12-07:00,118.480021
1782359592,2026-06-24T20:53:12-07:00,118.480021
1782359652,2026-06-24T20:54:12-07:00,118.480021
1782359712,2026-06-24T20:55:12-07:00,121.050863
1782359772,2026-06-24T20:56:12-07:00,121.050863
1782359832,2026-06-24T20:57:12-07:00,121.050863
1782359892,2026-06-24T20:58:12-07:00,121.050863
1782359952,2026-06-24T20:59:12-07:00,121.050863
1782360072,2026-06-24T21:01:12-07:00,137.474488
1782360132,2026-06-24T21:02:12-07:00,137.474488
1782360192,2026-06-24T21:03:12-07:00,137.474488
1782360252,2026-06-24T21:04:12-07:00,137.474488
1782360312,2026-06-24T21:05:12-07:00,137.474488
1782360372,2026-06-24T21:06:12-07:00,108.751505
1782360432,2026-06-24T21:07:12-07:00,108.751505
1782360492,2026-06-24T21:08:12-07:00,108.751505
1782360552,2026-06-24T21:09:12-07:00,108.751505
1782360612,2026-06-24T21:10:12-07:00,108.751505
1782360672,2026-06-24T21:11:12-07:00,128.182495
1782360732,2026-06-24T21:12:12-07:00,128.182495
1782360792,2026-06-24T21:13:12-07:00,128.182495
1782360852,2026-06-24T21:14:12-07:00,128.182495
1782360912,2026-06-24T21:15:12-07:00,128.182495
1782360972,2026-06-24T21:16:12-07:00,123.994263
1782361032,2026-06-24T21:17:12-07:00,123.994263
1782361092,2026-06-24T21:18:12-07:00,123.994263
1782361152,2026-06-24T21:19:12-07:00,123.994263
1782361212,2026-06-24T21:20:12-07:00,123.994263
1782361272,2026-06-24T21:21:12-07:00,101.735026
1782361332,2026-06-24T21:22:12-07:00,101.735026
1782361392,2026-06-24T21:23:12-07:00,101.735026
1782361452,2026-06-24T21:24:12-07:00,101.735026
1782361512,2026-06-24T21:25:12-07:00,101.735026
1782361572,2026-06-24T21:26:12-07:00,132.03654
1782361632,2026-06-24T21:27:12-07:00,132.03654
1782361692,2026-06-24T21:28:12-07:00,132.03654
1782361752,2026-06-24T21:29:12-07:00,132.03654
1782361812,2026-06-24T21:30:12-07:00,132.03654
1782361932,2026-06-24T21:32:12-07:00,119.036092
1782361992,2026-06-24T21:33:12-07:00,119.036092
1782362052,2026-06-24T21:34:12-07:00,119.036092
1782362112,2026-06-24T21:35:12-07:00,119.036092
1782362172,2026-06-24T21:36:12-07:00,119.036092
1782362232,2026-06-24T21:37:12-07:00,97.495361
1782362292,2026-06-24T21:38:12-07:00,97.495361
1782362352,2026-06-24T21:39:12-07:00,97.495361
1782362412,2026-06-24T21:40:12-07:00,97.495361
1782362472,2026-06-24T21:41:12-07:00,97.495361
1782362532,2026-06-24T21:42:12-07:00,128.792155
1782362592,2026-06-24T21:43:12-07:00,128.792155
1782362652,2026-06-24T21:44:12-07:00,128.792155
1782362712,2026-06-24T21:45:12-07:00,128.792155
1782362772,2026-06-24T21:46:12-07:00,128.792155
1782362832,2026-06-24T21:47:12-07:00,81.139282
1782362892,2026-06-24T21:48:12-07:00,81.139282
1782362952,2026-06-24T21:49:12-07:00,81.139282
1782363012,2026-06-24T21:50:12-07:00,81.139282
1782363072,2026-06-24T21:51:12-07:00,81.139282
1782363132,2026-06-24T21:52:12-07:00,109.927694
1782363192,2026-06-24T21:53:12-07:00,109.927694
1782363252,2026-06-24T21:54:12-07:00,109.927694
1782363312,2026-06-24T21:55:12-07:00,109.927694
1782363372,2026-06-24T21:56:12-07:00,109.927694
1782363432,2026-06-24T21:57:12-07:00,98.432129
1782363492,2026-06-24T21:58:12-07:00,98.432129
1782363552,2026-06-24T21:59:12-07:00,98.432129
1782363612,2026-06-24T22:00:12-07:00,98.432129
1782363672,2026-06-24T22:01:12-07:00,98.432129
1782363732,2026-06-24T22:02:12-07:00,114.704712
1782363792,2026-06-24T22:03:12-07:00,114.704712
1782363852,2026-06-24T22:04:12-07:00,114.704712
1782363912,2026-06-24T22:05:12-07:00,114.704712
1782363972,2026-06-24T22:06:12-07:00,114.704712
1782364032,2026-06-24T22:07:12-07:00,110.419637
1782364092,2026-06-24T22:08:12-07:00,110.419637
1782364152,2026-06-24T22:09:12-07:00,110.419637
1782364212,2026-06-24T22:10:12-07:00,110.419637
1782364272,2026-06-24T22:11:12-07:00,110.419637
1782364332,2026-06-24T22:12:12-07:00,110.352173
1782364392,2026-06-24T22:13:12-07:00,110.352173
1782364452,2026-06-24T22:14:12-07:00,110.352173
1782364512,2026-06-24T22:15:12-07:00,110.352173
1782364572,2026-06-24T22:16:12-07:00,110.352173
1782364692,2026-06-24T22:18:12-07:00,144.291667
1782364752,2026-06-24T22:19:12-07:00,144.291667
1782364812,2026-06-24T22:20:12-07:00,144.291667
1782364872,2026-06-24T22:21:12-07:00,144.291667
1782364932,2026-06-24T22:22:12-07:00,144.291667
1782364992,2026-06-24T22:23:12-07:00,96.012776
1782365052,2026-06-24T22:24:12-07:00,96.012776
1782365112,2026-06-24T22:25:12-07:00,96.012776
1782365172,2026-06-24T22:26:12-07:00,96.012776
1782365232,2026-06-24T22:27:12-07:00,96.012776
1782365292,2026-06-24T22:28:12-07:00,185.083089
1782365352,2026-06-24T22:29:12-07:00,185.083089
1782365412,2026-06-24T22:30:12-07:00,185.083089
1782365472,2026-06-24T22:31:12-07:00,185.083089
1782365532,2026-06-24T22:32:12-07:00,185.083089
1782365592,2026-06-24T22:33:12-07:00,119.148559
1782365652,2026-06-24T22:34:12-07:00,119.148559
1782365712,2026-06-24T22:35:12-07:00,119.148559
1782365772,2026-06-24T22:36:12-07:00,119.148559
1782365832,2026-06-24T22:37:12-07:00,119.148559
1782365892,2026-06-24T22:38:12-07:00,153.58081
1782365952,2026-06-24T22:39:12-07:00,153.58081
1782366012,2026-06-24T22:40:12-07:00,153.58081
1782366072,2026-06-24T22:41:12-07:00,153.58081
1782366132,2026-06-24T22:42:12-07:00,153.58081
1782366192,2026-06-24T22:43:12-07:00,103.593587
1782366252,2026-06-24T22:44:12-07:00,103.593587
1782366312,2026-06-24T22:45:12-07:00,103.593587
1782366372,2026-06-24T22:46:12-07:00,103.593587
1782366432,2026-06-24T22:47:12-07:00,103.593587
1782366492,2026-06-24T22:48:12-07:00,146.517293
1782366552,2026-06-24T22:49:12-07:00,146.517293
1782366612,2026-06-24T22:50:12-07:00,146.517293
1782366672,2026-06-24T22:51:12-07:00,146.517293
1782366732,2026-06-24T22:52:12-07:00,146.517293
1782366792,2026-06-24T22:53:12-07:00,133.837566
1782366852,2026-06-24T22:54:12-07:00,133.837566
1782366912,2026-06-24T22:55:12-07:00,133.837566
1782366972,2026-06-24T22:56:12-07:00,133.837566
1782367032,2026-06-24T22:57:12-07:00,133.837566
1782367152,2026-06-24T22:59:12-07:00,129.697998
1782367212,2026-06-24T23:00:12-07:00,129.697998
1782367272,2026-06-24T23:01:12-07:00,129.697998
1782367332,2026-06-24T23:02:12-07:00,129.697998
1782367392,2026-06-24T23:03:12-07:00,129.697998
1782367452,2026-06-24T23:04:12-07:00,177.353353
1782367512,2026-06-24T23:05:12-07:00,177.353353
1782367572,2026-06-24T23:06:12-07:00,177.353353
1782367632,2026-06-24T23:07:12-07:00,177.353353
1782367692,2026-06-24T23:08:12-07:00,177.353353
1782367752,2026-06-24T23:09:12-07:00,124.617757
1782367812,2026-06-24T23:10:12-07:00,124.617757
1782367872,2026-06-24T23:11:12-07:00,124.617757
1782367932,2026-06-24T23:12:12-07:00,124.617757
1782367992,2026-06-24T23:13:12-07:00,124.617757
1782368052,2026-06-24T23:14:12-07:00,147.316691
1782368112,2026-06-24T23:15:12-07:00,147.316691
1782368172,2026-06-24T23:16:12-07:00,147.316691
1782368232,2026-06-24T23:17:12-07:00,147.316691
1782368292,2026-06-24T23:18:12-07:00,147.316691
1782368352,2026-06-24T23:19:12-07:00,123.534993
1782368412,2026-06-24T23:20:12-07:00,123.534993
1782368472,2026-06-24T23:21:12-07:00,123.534993
1782368532,2026-06-24T23:22:12-07:00,123.534993
1782368592,2026-06-24T23:23:12-07:00,123.534993
1782368712,2026-06-24T23:25:12-07:00,101.892944
1782368772,2026-06-24T23:26:12-07:00,101.892944
1782368832,2026-06-24T23:27:12-07:00,101.892944
1782368892,2026-06-24T23:28:12-07:00,101.892944
1782368952,2026-06-24T23:29:12-07:00,101.892944
1782369012,2026-06-24T23:30:12-07:00,117.0896
1782369072,2026-06-24T23:31:12-07:00,117.0896
1782369132,2026-06-24T23:32:12-07:00,117.0896
1782369192,2026-06-24T23:33:12-07:00,117.0896
1782369252,2026-06-24T23:34:12-07:00,117.0896
1782369312,2026-06-24T23:35:12-07:00,106.697348
1782369372,2026-06-24T23:36:12-07:00,106.697348
1782369432,2026-06-24T23:37:12-07:00,106.697348
1782369492,2026-06-24T23:38:12-07:00,106.697348
1782369552,2026-06-24T23:39:12-07:00,106.697348
1782369612,2026-06-24T23:40:12-07:00,117.832682
1782369672,2026-06-24T23:41:12-07:00,117.832682
1782369732,2026-06-24T23:42:12-07:00,117.832682
1782369792,2026-06-24T23:43:12-07:00,117.832682
1782369852,2026-06-24T23:44:12-07:00,117.832682
1782369912,2026-06-24T23:45:12-07:00,106.892131
1782369972,2026-06-24T23:46:12-07:00,106.892131
1782370032,2026-06-24T23:47:12-07:00,106.892131
1782370092,2026-06-24T23:48:12-07:00,106.892131
1782370152,2026-06-24T23:49:12-07:00,106.892131
1782370212,2026-06-24T23:50:12-07:00,75.305542
1782370272,2026-06-24T23:51:12-07:00,75.305542
1782370332,2026-06-24T23:52:12-07:00,75.305542
1782370392,2026-06-24T23:53:12-07:00,75.305542
1782370452,2026-06-24T23:54:12-07:00,75.305542
1782370512,2026-06-24T23:55:12-07:00,84.233724
1782370572,2026-06-24T23:56:12-07:00,84.233724
1782370632,2026-06-24T23:57:12-07:00,84.233724
1782370692,2026-06-24T23:58:12-07:00,84.233724
1782370752,2026-06-24T23:59:12-07:00,84.233724
1782370800,2026-06-25T00:00:00-07:00,84.233724
1782370860,2026-06-25T00:01:00-07:00,110.413697
1782370920,2026-06-25T00:02:00-07:00,110.413697
1782370980,2026-06-25T00:03:00-07:00,110.413697
1782371040,2026-06-25T00:04:00-07:00,110.413697
1782371100,2026-06-25T00:05:00-07:00,110.413697
1782371160,2026-06-25T00:06:00-07:00,136.117675
1782371220,2026-06-25T00:07:00-07:00,136.117675
1782371280,2026-06-25T00:08:00-07:00,136.117675
1782371340,2026-06-25T00:09:00-07:00,136.117675
1782371400,2026-06-25T00:10:00-07:00,136.117675
1782371460,2026-06-25T00:11:00-07:00,143.079264
1782371520,2026-06-25T00:12:00-07:00,143.079264
1782371580,2026-06-25T00:13:00-07:00,143.079264
1782371640,2026-06-25T00:14:00-07:00,143.079264
1782371700,2026-06-25T00:15:00-07:00,143.079264
1782371820,2026-06-25T00:17:00-07:00,105.41101
1782371880,2026-06-25T00:18:00-07:00,105.41101
1782371940,2026-06-25T00:19:00-07:00,105.41101
1782372000,2026-06-25T00:20:00-07:00,105.41101
1782372060,2026-06-25T00:21:00-07:00,105.41101
1782372120,2026-06-25T00:22:00-07:00,125.190552
1782372180,2026-06-25T00:23:00-07:00,125.190552
1782372240,2026-06-25T00:24:00-07:00,125.190552
1782372300,2026-06-25T00:25:00-07:00,125.190552
1782372360,2026-06-25T00:26:00-07:00,125.190552
1782372420,2026-06-25T00:27:00-07:00,107.43514
1782372480,2026-06-25T00:28:00-07:00,107.43514
1782372540,2026-06-25T00:29:00-07:00,107.43514
1782372600,2026-06-25T00:30:00-07:00,107.43514
1782372660,2026-06-25T00:31:00-07:00,107.43514
1782372720,2026-06-25T00:32:00-07:00,115.234945
1782372780,2026-06-25T00:33:00-07:00,115.234945
1782372840,2026-06-25T00:34:00-07:00,115.234945
1782372900,2026-06-25T00:35:00-07:00,115.234945
1782372960,2026-06-25T00:36:00-07:00,115.234945
1782373020,2026-06-25T00:37:00-07:00,108.036906
1782373080,2026-06-25T00:38:00-07:00,108.036906
1782373140,2026-06-25T00:39:00-07:00,108.036906
1782373200,2026-06-25T00:40:00-07:00,108.036906
1782373260,2026-06-25T00:41:00-07:00,108.036906
1782373320,2026-06-25T00:42:00-07:00,132.789307
1782373380,2026-06-25T00:43:00-07:00,132.789307
1782373440,2026-06-25T00:44:00-07:00,132.789307
1782373500,2026-06-25T00:45:00-07:00,132.789307
1782373560,2026-06-25T00:46:00-07:00,132.789307
1782373620,2026-06-25T00:47:00-07:00,125.586304
1782373680,2026-06-25T00:48:00-07:00,125.586304
1782373740,2026-06-25T00:49:00-07:00,125.586304
1782373800,2026-06-25T00:50:00-07:00,125.586304
1782373860,2026-06-25T00:51:00-07:00,125.586304
1782373980,2026-06-25T00:53:00-07:00,118.372111
1782374040,2026-06-25T00:54:00-07:00,118.372111
1782374100,2026-06-25T00:55:00-07:00,118.372111
1782374160,2026-06-25T00:56:00-07:00,118.372111
1782374220,2026-06-25T00:57:00-07:00,118.372111
1782374280,2026-06-25T00:58:00-07:00,121.108439
1782374340,2026-06-25T00:59:00-07:00,121.108439
1782374400,2026-06-25T01:00:00-07:00,121.108439
1782374460,2026-06-25T01:01:00-07:00,121.108439
1782374520,2026-06-25T01:02:00-07:00,121.108439
1782374580,2026-06-25T01:03:00-07:00,115.538859
1782374640,2026-06-25T01:04:00-07:00,115.538859
1782374700,2026-06-25T01:05:00-07:00,115.538859
1782374760,2026-06-25T01:06:00-07:00,115.538859
1782374820,2026-06-25T01:07:00-07:00,115.538859
1782374880,2026-06-25T01:08:00-07:00,118.214884
1782374940,2026-06-25T01:09:00-07:00,118.214884
1782375000,2026-06-25T01:10:00-07:00,118.214884
1782375060,2026-06-25T01:11:00-07:00,118.214884
1782375120,2026-06-25T01:12:00-07:00,118.214884
1782375180,2026-06-25T01:13:00-07:00,109.52828
1782375240,2026-06-25T01:14:00-07:00,109.52828
1782375300,2026-06-25T01:15:00-07:00,109.52828
1782375360,2026-06-25T01:16:00-07:00,109.52828
1782375420,2026-06-25T01:17:00-07:00,109.52828
1782375540,2026-06-25T01:19:00-07:00,111.871215
1782375600,2026-06-25T01:20:00-07:00,111.871215
1782375660,2026-06-25T01:21:00-07:00,111.871215
1782375720,2026-06-25T01:22:00-07:00,111.871215
1782375780,2026-06-25T01:23:00-07:00,111.871215
1782375840,2026-06-25T01:24:00-07:00,106.050944
1782375900,2026-06-25T01:25:00-07:00,106.050944
1782375960,2026-06-25T01:26:00-07:00,106.050944
1782376020,2026-06-25T01:27:00-07:00,106.050944
1782376080,2026-06-25T01:28:00-07:00,106.050944
1782376140,2026-06-25T01:29:00-07:00,109.962199
1782376200,2026-06-25T01:30:00-07:00,109.962199
1782376260,2026-06-25T01:31:00-07:00,109.962199
1782376320,2026-06-25T01:32:00-07:00,109.962199
1782376380,2026-06-25T01:33:00-07:00,109.962199
1782376440,2026-06-25T01:34:00-07:00,114.989909
1782376500,2026-06-25T01:35:00-07:00,114.989909
1782376560,2026-06-25T01:36:00-07:00,114.989909
1782376620,2026-06-25T01:37:00-07:00,114.989909
1782376680,2026-06-25T01:38:00-07:00,114.989909
1782376740,2026-06-25T01:39:00-07:00,123.406576
1782376800,2026-06-25T01:40:00-07:00,123.406576
1782376860,2026-06-25T01:41:00-07:00,123.406576
1782376920,2026-06-25T01:42:00-07:00,123.406576
1782376980,2026-06-25T01:43:00-07:00,123.406576
1782377040,2026-06-25T01:44:00-07:00,382.764568
1782377100,2026-06-25T01:45:00-07:00,382.764568
1782377160,2026-06-25T01:46:00-07:00,382.764568
1782377220,2026-06-25T01:47:00-07:00,382.764568
1782377280,2026-06-25T01:48:00-07:00,382.764568
1782377400,2026-06-25T01:50:00-07:00,140.470581
1782377460,2026-06-25T01:51:00-07:00,140.470581
1782377520,2026-06-25T01:52:00-07:00,140.470581
1782377580,2026-06-25T01:53:00-07:00,140.470581
1782377640,2026-06-25T01:54:00-07:00,140.470581
1782377700,2026-06-25T01:55:00-07:00,136.269084
1782377760,2026-06-25T01:56:00-07:00,136.269084
1782377820,2026-06-25T01:57:00-07:00,136.269084
1782377880,2026-06-25T01:58:00-07:00,136.269084
1782377940,2026-06-25T01:59:00-07:00,136.269084
1782378000,2026-06-25T02:00:00-07:00,129.834351
1782378060,2026-06-25T02:01:00-07:00,129.834351
1782378120,2026-06-25T02:02:00-07:00,129.834351
1782378180,2026-06-25T02:03:00-07:00,129.834351
1782378240,2026-06-25T02:04:00-07:00,129.834351
1782378300,2026-06-25T02:05:00-07:00,109.859863
1782378360,2026-06-25T02:06:00-07:00,109.859863
1782378420,2026-06-25T02:07:00-07:00,109.859863
1782378480,2026-06-25T02:08:00-07:00,109.859863
1782378540,2026-06-25T02:09:00-07:00,109.859863
1782378660,2026-06-25T02:11:00-07:00,112.122844
1782378720,2026-06-25T02:12:00-07:00,112.122844
1782378780,2026-06-25T02:13:00-07:00,112.122844
1782378840,2026-06-25T02:14:00-07:00,112.122844
1782378900,2026-06-25T02:15:00-07:00,112.122844
1782378960,2026-06-25T02:16:00-07:00,116.161783
1782379020,2026-06-25T02:17:00-07:00,116.161783
1782379080,2026-06-25T02:18:00-07:00,116.161783
1782379140,2026-06-25T02:19:00-07:00,116.161783
1782379200,2026-06-25T02:20:00-07:00,116.161783
1782379260,2026-06-25T02:21:00-07:00,138.381592
1782379320,2026-06-25T02:22:00-07:00,138.381592
1782379380,2026-06-25T02:23:00-07:00,138.381592
1782379440,2026-06-25T02:24:00-07:00,138.381592
1782379500,2026-06-25T02:25:00-07:00,138.381592
1782379560,2026-06-25T02:26:00-07:00,117.83553
1782379620,2026-06-25T02:27:00-07:00,117.83553
1782379680,2026-06-25T02:28:00-07:00,117.83553
1782379740,2026-06-25T02:29:00-07:00,117.83553
1782379800,2026-06-25T02:30:00-07:00,117.83553
1782379920,2026-06-25T02:32:00-07:00,149.458781
1782379980,2026-06-25T02:33:00-07:00,149.458781
1782380040,2026-06-25T02:34:00-07:00,149.458781
1782380100,2026-06-25T02:35:00-07:00,149.458781
1782380160,2026-06-25T02:36:00-07:00,149.458781
1782380220,2026-06-25T02:37:00-07:00,133.572713
1782380280,2026-06-25T02:38:00-07:00,133.572713
1782380340,2026-06-25T02:39:00-07:00,133.572713
1782380400,2026-06-25T02:40:00-07:00,133.572713
1782380460,2026-06-25T02:41:00-07:00,133.572713
1782380520,2026-06-25T02:42:00-07:00,236.348348
1782380580,2026-06-25T02:43:00-07:00,236.348348
1782380640,2026-06-25T02:44:00-07:00,236.348348
1782380700,2026-06-25T02:45:00-07:00,236.348348
1782380760,2026-06-25T02:46:00-07:00,236.348348
1782380820,2026-06-25T02:47:00-07:00,120.108317
1782380880,2026-06-25T02:48:00-07:00,120.108317
1782380940,2026-06-25T02:49:00-07:00,120.108317
1782381000,2026-06-25T02:50:00-07:00,120.108317
1782381060,2026-06-25T02:51:00-07:00,120.108317
1782381120,2026-06-25T02:52:00-07:00,223.92749
1782381180,2026-06-25T02:53:00-07:00,223.92749
1782381240,2026-06-25T02:54:00-07:00,223.92749
1782381300,2026-06-25T02:55:00-07:00,223.92749
1782381360,2026-06-25T02:56:00-07:00,223.92749
1782381420,2026-06-25T02:57:00-07:00,127.0354
1782381480,2026-06-25T02:58:00-07:00,127.0354
1782381540,2026-06-25T02:59:00-07:00,127.0354
1782381600,2026-06-25T03:00:00-07:00,127.0354
1782381660,2026-06-25T03:01:00-07:00,127.0354
1782381720,2026-06-25T03:02:00-07:00,153.685587
1782381780,2026-06-25T03:03:00-07:00,153.685587
1782381840,2026-06-25T03:04:00-07:00,153.685587
1782381900,2026-06-25T03:05:00-07:00,153.685587
1782381960,2026-06-25T03:06:00-07:00,153.685587
1782382080,2026-06-25T03:08:00-07:00,124.567871
1782382140,2026-06-25T03:09:00-07:00,124.567871
1782382200,2026-06-25T03:10:00-07:00,124.567871
1782382260,2026-06-25T03:11:00-07:00,124.567871
1782382320,2026-06-25T03:12:00-07:00,124.567871
1782382380,2026-06-25T03:13:00-07:00,128.047322
1782382440,2026-06-25T03:14:00-07:00,128.047322
1782382500,2026-06-25T03:15:00-07:00,128.047322
1782382560,2026-06-25T03:16:00-07:00,128.047322
1782382620,2026-06-25T03:17:00-07:00,128.047322
1782382680,2026-06-25T03:18:00-07:00,150.948445
1782382740,2026-06-25T03:19:00-07:00,150.948445
1782382800,2026-06-25T03:20:00-07:00,150.948445
1782382860,2026-06-25T03:21:00-07:00,150.948445
1782382920,2026-06-25T03:22:00-07:00,150.948445
1782383100,2026-06-25T03:25:00-07:00,117.083171
1782383160,2026-06-25T03:26:00-07:00,117.083171
1782383220,2026-06-25T03:27:00-07:00,117.083171
1782383280,2026-06-25T03:28:00-07:00,117.083171
1782383340,2026-06-25T03:29:00-07:00,117.083171
1782383400,2026-06-25T03:30:00-07:00,116.507772
1782383460,2026-06-25T03:31:00-07:00,116.507772
1782383520,2026-06-25T03:32:00-07:00,116.507772
1782383580,2026-06-25T03:33:00-07:00,116.507772
1782383640,2026-06-25T03:34:00-07:00,116.507772
1782383700,2026-06-25T03:35:00-07:00,136.151774
1782383760,2026-06-25T03:36:00-07:00,136.151774
1782383820,2026-06-25T03:37:00-07:00,136.151774
1782383880,2026-06-25T03:38:00-07:00,136.151774
1782383940,2026-06-25T03:39:00-07:00,136.151774
1782384000,2026-06-25T03:40:00-07:00,152.330037
1782384060,2026-06-25T03:41:00-07:00,152.330037
1782384120,2026-06-25T03:42:00-07:00,152.330037
1782384180,2026-06-25T03:43:00-07:00,152.330037
1782384240,2026-06-25T03:44:00-07:00,152.330037
1782384300,2026-06-25T03:45:00-07:00,120.631388
1782384360,2026-06-25T03:46:00-07:00,120.631388
1782384420,2026-06-25T03:47:00-07:00,120.631388
1782384480,2026-06-25T03:48:00-07:00,120.631388
1782384540,2026-06-25T03:49:00-07:00,120.631388
1782384600,2026-06-25T03:50:00-07:00,136.817668
1782384660,2026-06-25T03:51:00-07:00,136.817668
1782384720,2026-06-25T03:52:00-07:00,136.817668
1782384780,2026-06-25T03:53:00-07:00,136.817668
1782384840,2026-06-25T03:54:00-07:00,136.817668
1782384960,2026-06-25T03:56:00-07:00,116.910116
1782385020,2026-06-25T03:57:00-07:00,116.910116
1782385080,2026-06-25T03:58:00-07:00,116.910116
1782385140,2026-06-25T03:59:00-07:00,116.910116
1782385200,2026-06-25T04:00:00-07:00,116.910116
1782385260,2026-06-25T04:01:00-07:00,140.925537
1782385320,2026-06-25T04:02:00-07:00,140.925537
1782385380,2026-06-25T04:03:00-07:00,140.925537
1782385440,2026-06-25T04:04:00-07:00,140.925537
1782385500,2026-06-25T04:05:00-07:00,140.925537
1782385560,2026-06-25T04:06:00-07:00,141.078939
1782385620,2026-06-25T04:07:00-07:00,141.078939
1782385680,2026-06-25T04:08:00-07:00,141.078939
1782385740,2026-06-25T04:09:00-07:00,141.078939
1782385800,2026-06-25T04:10:00-07:00,141.078939
1782385920,2026-06-25T04:12:00-07:00,113.580892
1782385980,2026-06-25T04:13:00-07:00,113.580892
1782386040,2026-06-25T04:14:00-07:00,113.580892
1782386100,2026-06-25T04:15:00-07:00,113.580892
1782386160,2026-06-25T04:16:00-07:00,113.580892
1782386220,2026-06-25T04:17:00-07:00,165.455444
1782386280,2026-06-25T04:18:00-07:00,165.455444
1782386340,2026-06-25T04:19:00-07:00,165.455444
1782386400,2026-06-25T04:20:00-07:00,165.455444
1782386460,2026-06-25T04:21:00-07:00,165.455444
1782386520,2026-06-25T04:22:00-07:00,492.403727
1782386580,2026-06-25T04:23:00-07:00,492.403727
1782386640,2026-06-25T04:24:00-07:00,492.403727
1782386700,2026-06-25T04:25:00-07:00,492.403727
1782386760,2026-06-25T04:26:00-07:00,492.403727
1782386880,2026-06-25T04:28:00-07:00,117.641927
1782386940,2026-06-25T04:29:00-07:00,117.641927
1782387000,2026-06-25T04:30:00-07:00,117.641927
1782387060,2026-06-25T04:31:00-07:00,117.641927
1782387120,2026-06-25T04:32:00-07:00,117.641927
1782387180,2026-06-25T04:33:00-07:00,127.097209
1782387240,2026-06-25T04:34:00-07:00,127.097209
1782387300,2026-06-25T04:35:00-07:00,127.097209
1782387360,2026-06-25T04:36:00-07:00,127.097209
1782387420,2026-06-25T04:37:00-07:00,127.097209
1782387480,2026-06-25T04:38:00-07:00,129.509929
1782387540,2026-06-25T04:39:00-07:00,129.509929
1782387600,2026-06-25T04:40:00-07:00,129.509929
1782387660,2026-06-25T04:41:00-07:00,129.509929
1782387720,2026-06-25T04:42:00-07:00,129.509929
1782387840,2026-06-25T04:44:00-07:00,150.69755
1782387900,2026-06-25T04:45:00-07:00,150.69755
1782387960,2026-06-25T04:46:00-07:00,150.69755
1782388020,2026-06-25T04:47:00-07:00,150.69755
1782388080,2026-06-25T04:48:00-07:00,150.69755
1782388140,2026-06-25T04:49:00-07:00,116.881917
1782388200,2026-06-25T04:50:00-07:00,116.881917
1782388260,2026-06-25T04:51:00-07:00,116.881917
1782388320,2026-06-25T04:52:00-07:00,116.881917
1782388380,2026-06-25T04:53:00-07:00,116.881917
1782388440,2026-06-25T04:54:00-07:00,122.648519
1782388500,2026-06-25T04:55:00-07:00,122.648519
1782388560,2026-06-25T04:56:00-07:00,122.648519
1782388620,2026-06-25T04:57:00-07:00,122.648519
1782388680,2026-06-25T04:58:00-07:00,122.648519
1782388800,2026-06-25T05:00:00-07:00,126.875611
1782388860,2026-06-25T05:01:00-07:00,126.875611
1782388920,2026-06-25T05:02:00-07:00,126.875611
1782388980,2026-06-25T05:03:00-07:00,126.875611
1782389040,2026-06-25T05:04:00-07:00,126.875611
1782389100,2026-06-25T05:05:00-07:00,119.68803
1782389160,2026-06-25T05:06:00-07:00,119.68803
1782389220,2026-06-25T05:07:00-07:00,119.68803
1782389280,2026-06-25T05:08:00-07:00,119.68803
1782389340,2026-06-25T05:09:00-07:00,119.68803
1782389400,2026-06-25T05:10:00-07:00,143.419149
1782389460,2026-06-25T05:11:00-07:00,143.419149
1782389520,2026-06-25T05:12:00-07:00,143.419149
1782389580,2026-06-25T05:13:00-07:00,143.419149
1782389640,2026-06-25T05:14:00-07:00,143.419149
1782389760,2026-06-25T05:16:00-07:00,118.96167
1782389820,2026-06-25T05:17:00-07:00,118.96167
1782389880,2026-06-25T05:18:00-07:00,118.96167
1782389940,2026-06-25T05:19:00-07:00,118.96167
1782390000,2026-06-25T05:20:00-07:00,118.96167
1782390060,2026-06-25T05:21:00-07:00,104.212321
1782390120,2026-06-25T05:22:00-07:00,104.212321
1782390180,2026-06-25T05:23:00-07:00,104.212321
1782390240,2026-06-25T05:24:00-07:00,104.212321
1782390300,2026-06-25T05:25:00-07:00,104.212321
1782390420,2026-06-25T05:27:00-07:00,114.749024
1782390480,2026-06-25T05:28:00-07:00,114.749024
1782390540,2026-06-25T05:29:00-07:00,114.749024
1782390600,2026-06-25T05:30:00-07:00,114.749024
1782390660,2026-06-25T05:31:00-07:00,114.749024
1782390720,2026-06-25T05:32:00-07:00,108.871908
1782390780,2026-06-25T05:33:00-07:00,108.871908
1782390840,2026-06-25T05:34:00-07:00,108.871908
1782390900,2026-06-25T05:35:00-07:00,108.871908
1782390960,2026-06-25T05:36:00-07:00,108.871908
1782391020,2026-06-25T05:37:00-07:00,103.319539
1782391080,2026-06-25T05:38:00-07:00,103.319539
1782391140,2026-06-25T05:39:00-07:00,103.319539
1782391200,2026-06-25T05:40:00-07:00,103.319539
1782391260,2026-06-25T05:41:00-07:00,103.319539
1782391320,2026-06-25T05:42:00-07:00,127.496175
1782391380,2026-06-25T05:43:00-07:00,127.496175
1782391440,2026-06-25T05:44:00-07:00,127.496175
1782391500,2026-06-25T05:45:00-07:00,127.496175
1782391560,2026-06-25T05:46:00-07:00,127.496175
1782391680,2026-06-25T05:48:00-07:00,358.267253
1782391740,2026-06-25T05:49:00-07:00,358.267253
1782391800,2026-06-25T05:50:00-07:00,358.267253
1782391860,2026-06-25T05:51:00-07:00,358.267253
1782391920,2026-06-25T05:52:00-07:00,358.267253
1782392040,2026-06-25T05:54:00-07:00,107.184896
1782392100,2026-06-25T05:55:00-07:00,107.184896
1782392160,2026-06-25T05:56:00-07:00,107.184896
1782392220,2026-06-25T05:57:00-07:00,107.184896
1782392280,2026-06-25T05:58:00-07:00,107.184896
1782392340,2026-06-25T05:59:00-07:00,139.741292
1782392400,2026-06-25T06:00:00-07:00,139.741292
1782392460,2026-06-25T06:01:00-07:00,139.741292
1782392520,2026-06-25T06:02:00-07:00,139.741292
1782392580,2026-06-25T06:03:00-07:00,139.741292
1782392940,2026-06-25T06:09:00-07:00,113.763753
1782393000,2026-06-25T06:10:00-07:00,113.763753
1782393060,2026-06-25T06:11:00-07:00,113.763753
1782393120,2026-06-25T06:12:00-07:00,113.763753
1782393180,2026-06-25T06:13:00-07:00,113.763753
1782393240,2026-06-25T06:14:00-07:00,90.259765
1782393300,2026-06-25T06:15:00-07:00,90.259765
1782393360,2026-06-25T06:16:00-07:00,90.259765
1782393420,2026-06-25T06:17:00-07:00,90.259765
1782393480,2026-06-25T06:18:00-07:00,90.259765
1782393600,2026-06-25T06:20:00-07:00,81.565104
1782393660,2026-06-25T06:21:00-07:00,81.565104
1782393720,2026-06-25T06:22:00-07:00,81.565104
1782393780,2026-06-25T06:23:00-07:00,81.565104
1782393840,2026-06-25T06:24:00-07:00,81.565104
1782393900,2026-06-25T06:25:00-07:00,114.020386
1782393960,2026-06-25T06:26:00-07:00,114.020386
1782394020,2026-06-25T06:27:00-07:00,114.020386
1782394080,2026-06-25T06:28:00-07:00,114.020386
1782394140,2026-06-25T06:29:00-07:00,114.020386
1782394200,2026-06-25T06:30:00-07:00,103.679403
1782394260,2026-06-25T06:31:00-07:00,103.679403
1782394320,2026-06-25T06:32:00-07:00,103.679403
1782394380,2026-06-25T06:33:00-07:00,103.679403
1782394440,2026-06-25T06:34:00-07:00,103.679403
1782394500,2026-06-25T06:35:00-07:00,121.142985
1782394560,2026-06-25T06:36:00-07:00,121.142985
1782394620,2026-06-25T06:37:00-07:00,121.142985
1782394680,2026-06-25T06:38:00-07:00,121.142985
1782394740,2026-06-25T06:39:00-07:00,121.142985
1782395100,2026-06-25T06:45:00-07:00,130.068848
1782395160,2026-06-25T06:46:00-07:00,130.068848
1782395220,2026-06-25T06:47:00-07:00,130.068848
1782395280,2026-06-25T06:48:00-07:00,130.068848
1782395340,2026-06-25T06:49:00-07:00,130.068848
1782395400,2026-06-25T06:50:00-07:00,91.008871
1782395460,2026-06-25T06:51:00-07:00,91.008871
1782395520,2026-06-25T06:52:00-07:00,91.008871
1782395580,2026-06-25T06:53:00-07:00,91.008871
1782395640,2026-06-25T06:54:00-07:00,91.008871
1782395700,2026-06-25T06:55:00-07:00,104.447103
1782395760,2026-06-25T06:56:00-07:00,104.447103
1782395820,2026-06-25T06:57:00-07:00,104.447103
1782395880,2026-06-25T06:58:00-07:00,104.447103
1782395940,2026-06-25T06:59:00-07:00,104.447103
1782396000,2026-06-25T07:00:00-07:00,249.567098
1782396060,2026-06-25T07:01:00-07:00,249.567098
1782396120,2026-06-25T07:02:00-07:00,249.567098
1782396180,2026-06-25T07:03:00-07:00,249.567098
1782396240,2026-06-25T07:04:00-07:00,249.567098
1782396300,2026-06-25T07:05:00-07:00,195.176758
1782396360,2026-06-25T07:06:00-07:00,195.176758
1782396420,2026-06-25T07:07:00-07:00,195.176758
1782396480,2026-06-25T07:08:00-07:00,195.176758
1782396540,2026-06-25T07:09:00-07:00,195.176758
1782396600,2026-06-25T07:10:00-07:00,152.045411
1782396660,2026-06-25T07:11:00-07:00,152.045411
1782396720,2026-06-25T07:12:00-07:00,152.045411
1782396780,2026-06-25T07:13:00-07:00,152.045411
1782396840,2026-06-25T07:14:00-07:00,152.045411
1782396960,2026-06-25T07:16:00-07:00,125.526041
1782397020,2026-06-25T07:17:00-07:00,125.526041
1782397080,2026-06-25T07:18:00-07:00,125.526041
1782397140,2026-06-25T07:19:00-07:00,125.526041
1782397200,2026-06-25T07:20:00-07:00,125.526041
1782397260,2026-06-25T07:21:00-07:00,128.305013
1782397320,2026-06-25T07:22:00-07:00,128.305013
1782397380,2026-06-25T07:23:00-07:00,128.305013
1782397440,2026-06-25T07:24:00-07:00,128.305013
1782397500,2026-06-25T07:25:00-07:00,128.305013
1782397980,2026-06-25T07:33:00-07:00,135.505696
1782398040,2026-06-25T07:34:00-07:00,135.505696
1782398100,2026-06-25T07:35:00-07:00,135.505696
1782398160,2026-06-25T07:36:00-07:00,135.505696
1782398220,2026-06-25T07:37:00-07:00,135.505696
1782398280,2026-06-25T07:38:00-07:00,108.36914
1782398340,2026-06-25T07:39:00-07:00,108.36914
1782398400,2026-06-25T07:40:00-07:00,108.36914
1782398460,2026-06-25T07:41:00-07:00,108.36914
1782398520,2026-06-25T07:42:00-07:00,108.36914
1782398700,2026-06-25T07:45:00-07:00,128.460937
1782398760,2026-06-25T07:46:00-07:00,128.460937
1782398820,2026-06-25T07:47:00-07:00,128.460937
1782398880,2026-06-25T07:48:00-07:00,128.460937
1782398940,2026-06-25T07:49:00-07:00,128.460937
1782399000,2026-06-25T07:50:00-07:00,128.563069
1782399060,2026-06-25T07:51:00-07:00,128.563069
1782399120,2026-06-25T07:52:00-07:00,128.563069
1782399180,2026-06-25T07:53:00-07:00,128.563069
1782399240,2026-06-25T07:54:00-07:00,128.563069
1782399360,2026-06-25T07:56:00-07:00,119.098551
1782399420,2026-06-25T07:57:00-07:00,119.098551
1782399480,2026-06-25T07:58:00-07:00,119.098551
1782399540,2026-06-25T07:59:00-07:00,119.098551
1782399600,2026-06-25T08:00:00-07:00,119.098551
1782399660,2026-06-25T08:01:00-07:00,108.344279
1782399720,2026-06-25T08:02:00-07:00,108.344279
1782399780,2026-06-25T08:03:00-07:00,108.344279
1782399840,2026-06-25T08:04:00-07:00,108.344279
1782399900,2026-06-25T08:05:00-07:00,108.344279
1782400020,2026-06-25T08:07:00-07:00,106.354696
1782400080,2026-06-25T08:08:00-07:00,106.354696
1782400140,2026-06-25T08:09:00-07:00,106.354696
1782400200,2026-06-25T08:10:00-07:00,106.354696
1782400260,2026-06-25T08:11:00-07:00,106.354696
1782400320,2026-06-25T08:12:00-07:00,130.424927
1782400380,2026-06-25T08:13:00-07:00,130.424927
1782400440,2026-06-25T08:14:00-07:00,130.424927
1782400500,2026-06-25T08:15:00-07:00,130.424927
1782400560,2026-06-25T08:16:00-07:00,130.424927
1782400620,2026-06-25T08:17:00-07:00,110.210693
1782400680,2026-06-25T08:18:00-07:00,110.210693
1782400740,2026-06-25T08:19:00-07:00,110.210693
1782400800,2026-06-25T08:20:00-07:00,110.210693
1782400860,2026-06-25T08:21:00-07:00,110.210693
1782400920,2026-06-25T08:22:00-07:00,136.542928
1782400980,2026-06-25T08:23:00-07:00,136.542928
1782401040,2026-06-25T08:24:00-07:00,136.542928
1782401100,2026-06-25T08:25:00-07:00,136.542928
1782401160,2026-06-25T08:26:00-07:00,136.542928
1782401280,2026-06-25T08:28:00-07:00,92.283936
1782401340,2026-06-25T08:29:00-07:00,92.283936
1782401400,2026-06-25T08:30:00-07:00,92.283936
1782401460,2026-06-25T08:31:00-07:00,92.283936
1782401520,2026-06-25T08:32:00-07:00,92.283936
1782401640,2026-06-25T08:34:00-07:00,115.534424
1782401700,2026-06-25T08:35:00-07:00,115.534424
1782401760,2026-06-25T08:36:00-07:00,115.534424
1782401820,2026-06-25T08:37:00-07:00,115.534424
1782401880,2026-06-25T08:38:00-07:00,115.534424
1782401940,2026-06-25T08:39:00-07:00,122.150391
1782402000,2026-06-25T08:40:00-07:00,122.150391
1782402060,2026-06-25T08:41:00-07:00,122.150391
1782402120,2026-06-25T08:42:00-07:00,122.150391
1782402180,2026-06-25T08:43:00-07:00,122.150391
1782402480,2026-06-25T08:48:00-07:00,117.49174
1782402540,2026-06-25T08:49:00-07:00,117.49174
1782402600,2026-06-25T08:50:00-07:00,117.49174
1782402660,2026-06-25T08:51:00-07:00,117.49174
1782402720,2026-06-25T08:52:00-07:00,117.49174
1782402840,2026-06-25T08:54:00-07:00,109.278117
1782402900,2026-06-25T08:55:00-07:00,109.278117
1782402960,2026-06-25T08:56:00-07:00,109.278117
1782403020,2026-06-25T08:57:00-07:00,109.278117
1782403080,2026-06-25T08:58:00-07:00,109.278117
1782403140,2026-06-25T08:59:00-07:00,136.032633
1782403200,2026-06-25T09:00:00-07:00,136.032633
1782403260,2026-06-25T09:01:00-07:00,136.032633
1782403320,2026-06-25T09:02:00-07:00,136.032633
1782403380,2026-06-25T09:03:00-07:00,136.032633
1782403500,2026-06-25T09:05:00-07:00,123.99943
1782403560,2026-06-25T09:06:00-07:00,123.99943
1782403620,2026-06-25T09:07:00-07:00,123.99943
1782403680,2026-06-25T09:08:00-07:00,123.99943
1782403740,2026-06-25T09:09:00-07:00,123.99943
1782403860,2026-06-25T09:11:00-07:00,115.280233
1782403920,2026-06-25T09:12:00-07:00,115.280233
1782403980,2026-06-25T09:13:00-07:00,115.280233
1782404040,2026-06-25T09:14:00-07:00,115.280233
1782404100,2026-06-25T09:15:00-07:00,115.280233
1782404220,2026-06-25T09:17:00-07:00,485.44218
1782404280,2026-06-25T09:18:00-07:00,485.44218
1782404340,2026-06-25T09:19:00-07:00,485.44218
1782404400,2026-06-25T09:20:00-07:00,485.44218
1782404460,2026-06-25T09:21:00-07:00,485.44218
1782404580,2026-06-25T09:23:00-07:00,152.438721
1782404640,2026-06-25T09:24:00-07:00,152.438721
1782404700,2026-06-25T09:25:00-07:00,152.438721
1782404760,2026-06-25T09:26:00-07:00,152.438721
1782404820,2026-06-25T09:27:00-07:00,152.438721
1782404940,2026-06-25T09:29:00-07:00,139.885172
1782405000,2026-06-25T09:30:00-07:00,139.885172
1782405060,2026-06-25T09:31:00-07:00,139.885172
1782405120,2026-06-25T09:32:00-07:00,139.885172
1782405180,2026-06-25T09:33:00-07:00,139.885172
1782405360,2026-06-25T09:36:00-07:00,132.118123
1782405420,2026-06-25T09:37:00-07:00,132.118123
1782405480,2026-06-25T09:38:00-07:00,132.118123
1782405540,2026-06-25T09:39:00-07:00,132.118123
1782405600,2026-06-25T09:40:00-07:00,132.118123
1782405660,2026-06-25T09:41:00-07:00,119.998982
1782405720,2026-06-25T09:42:00-07:00,119.998982
1782405780,2026-06-25T09:43:00-07:00,119.998982
1782405840,2026-06-25T09:44:00-07:00,119.998982
1782405900,2026-06-25T09:45:00-07:00,119.998982
1782408900,2026-06-25T10:35:00-07:00,130.493287
1782408960,2026-06-25T10:36:00-07:00,130.493287
1782409020,2026-06-25T10:37:00-07:00,130.493287
1782409080,2026-06-25T10:38:00-07:00,130.493287
1782409140,2026-06-25T10:39:00-07:00,130.493287
1782409200,2026-06-25T10:40:00-07:00,146.262777
1782409260,2026-06-25T10:41:00-07:00,146.262777
1782409320,2026-06-25T10:42:00-07:00,146.262777
1782409380,2026-06-25T10:43:00-07:00,146.262777
1782409440,2026-06-25T10:44:00-07:00,146.262777
1782409800,2026-06-25T10:50:00-07:00,112.893921
1782409860,2026-06-25T10:51:00-07:00,112.893921
1782409920,2026-06-25T10:52:00-07:00,112.893921
1782409980,2026-06-25T10:53:00-07:00,112.893921
1782410040,2026-06-25T10:54:00-07:00,112.893921
1782410160,2026-06-25T10:56:00-07:00,109.010824
1782410220,2026-06-25T10:57:00-07:00,109.010824
1782410280,2026-06-25T10:58:00-07:00,109.010824
1782410340,2026-06-25T10:59:00-07:00,109.010824
1782410400,2026-06-25T11:00:00-07:00,109.010824
1782410520,2026-06-25T11:02:00-07:00,135.519653
1782410580,2026-06-25T11:03:00-07:00,135.519653
1782410640,2026-06-25T11:04:00-07:00,135.519653
1782410700,2026-06-25T11:05:00-07:00,135.519653
1782410760,2026-06-25T11:06:00-07:00,135.519653
1782410820,2026-06-25T11:07:00-07:00,110.410726
1782410880,2026-06-25T11:08:00-07:00,110.410726
1782410940,2026-06-25T11:09:00-07:00,110.410726
1782411000,2026-06-25T11:10:00-07:00,110.410726
1782411060,2026-06-25T11:11:00-07:00,110.410726
1782411240,2026-06-25T11:14:00-07:00,114.766357
1782411300,2026-06-25T11:15:00-07:00,114.766357
1782411360,2026-06-25T11:16:00-07:00,114.766357
1782411420,2026-06-25T11:17:00-07:00,114.766357
1782411480,2026-06-25T11:18:00-07:00,114.766357
1782411600,2026-06-25T11:20:00-07:00,132.100464
1782411660,2026-06-25T11:21:00-07:00,132.100464
1782411720,2026-06-25T11:22:00-07:00,132.100464
1782411780,2026-06-25T11:23:00-07:00,132.100464
1782411840,2026-06-25T11:24:00-07:00,132.100464
1782411960,2026-06-25T11:26:00-07:00,110.380941
1782412020,2026-06-25T11:27:00-07:00,110.380941
1782412080,2026-06-25T11:28:00-07:00,110.380941
1782412140,2026-06-25T11:29:00-07:00,110.380941
1782412200,2026-06-25T11:30:00-07:00,110.380941
1782412260,2026-06-25T11:31:00-07:00,87.794963
1782412320,2026-06-25T11:32:00-07:00,87.794963
1782412380,2026-06-25T11:33:00-07:00,87.794963
1782412440,2026-06-25T11:34:00-07:00,87.794963
1782412500,2026-06-25T11:35:00-07:00,87.794963
1782412560,2026-06-25T11:36:00-07:00,107.237997
1782412620,2026-06-25T11:37:00-07:00,107.237997
1782412680,2026-06-25T11:38:00-07:00,107.237997
1782412740,2026-06-25T11:39:00-07:00,107.237997
1782412800,2026-06-25T11:40:00-07:00,107.237997
1782412920,2026-06-25T11:42:00-07:00,120.702718
1782412980,2026-06-25T11:43:00-07:00,120.702718
1782413040,2026-06-25T11:44:00-07:00,120.702718
1782413100,2026-06-25T11:45:00-07:00,120.702718
1782413160,2026-06-25T11:46:00-07:00,120.702718
1782413700,2026-06-25T11:55:00-07:00,133.220744
1782413760,2026-06-25T11:56:00-07:00,133.220744
1782413820,2026-06-25T11:57:00-07:00,133.220744
1782413880,2026-06-25T11:58:00-07:00,133.220744
1782413940,2026-06-25T11:59:00-07:00,133.220744
1782414060,2026-06-25T12:01:00-07:00,109.911662
1782414120,2026-06-25T12:02:00-07:00,109.911662
1782414180,2026-06-25T12:03:00-07:00,109.911662
1782414240,2026-06-25T12:04:00-07:00,109.911662
1782414300,2026-06-25T12:05:00-07:00,109.911662
1782414360,2026-06-25T12:06:00-07:00,122.35437
1782414420,2026-06-25T12:07:00-07:00,122.35437
1782414480,2026-06-25T12:08:00-07:00,122.35437
1782414540,2026-06-25T12:09:00-07:00,122.35437
1782414600,2026-06-25T12:10:00-07:00,122.35437
1782414660,2026-06-25T12:11:00-07:00,113.131918
1782414720,2026-06-25T12:12:00-07:00,113.131918
1782414780,2026-06-25T12:13:00-07:00,113.131918
1782414840,2026-06-25T12:14:00-07:00,113.131918
1782414900,2026-06-25T12:15:00-07:00,113.131918
1782415380,2026-06-25T12:23:00-07:00,116.674683
1782415440,2026-06-25T12:24:00-07:00,116.674683
1782415500,2026-06-25T12:25:00-07:00,116.674683
1782415560,2026-06-25T12:26:00-07:00,116.674683
1782415620,2026-06-25T12:27:00-07:00,116.674683
1782415920,2026-06-25T12:32:00-07:00,112.543009
1782415980,2026-06-25T12:33:00-07:00,112.543009
1782416040,2026-06-25T12:34:00-07:00,112.543009
1782416100,2026-06-25T12:35:00-07:00,112.543009
1782416160,2026-06-25T12:36:00-07:00,112.543009
1782416220,2026-06-25T12:37:00-07:00,184.561361
1782416280,2026-06-25T12:38:00-07:00,184.561361
1782416340,2026-06-25T12:39:00-07:00,184.561361
1782416400,2026-06-25T12:40:00-07:00,184.561361
1782416460,2026-06-25T12:41:00-07:00,184.561361
1782416880,2026-06-25T12:48:00-07:00,191.13147
1782416940,2026-06-25T12:49:00-07:00,191.13147
1782417000,2026-06-25T12:50:00-07:00,191.13147
1782417060,2026-06-25T12:51:00-07:00,191.13147
1782417120,2026-06-25T12:52:00-07:00,191.13147
1782417180,2026-06-25T12:53:00-07:00,138.425049
1782417240,2026-06-25T12:54:00-07:00,138.425049
1782417300,2026-06-25T12:55:00-07:00,138.425049
1782417360,2026-06-25T12:56:00-07:00,138.425049
1782417420,2026-06-25T12:57:00-07:00,138.425049
1782417780,2026-06-25T13:03:00-07:00,143.082682
1782417840,2026-06-25T13:04:00-07:00,143.082682
1782417900,2026-06-25T13:05:00-07:00,143.082682
1782417960,2026-06-25T13:06:00-07:00,143.082682
1782418020,2026-06-25T13:07:00-07:00,143.082682
1782418140,2026-06-25T13:09:00-07:00,119.027791
1782418200,2026-06-25T13:10:00-07:00,119.027791
1782418260,2026-06-25T13:11:00-07:00,119.027791
1782418320,2026-06-25T13:12:00-07:00,119.027791
1782418380,2026-06-25T13:13:00-07:00,119.027791
1782418440,2026-06-25T13:14:00-07:00,109.859293
1782418500,2026-06-25T13:15:00-07:00,109.859293
1782418560,2026-06-25T13:16:00-07:00,109.859293
1782418620,2026-06-25T13:17:00-07:00,109.859293
1782418680,2026-06-25T13:18:00-07:00,109.859293
1782418800,2026-06-25T13:20:00-07:00,94.100504
1782418860,2026-06-25T13:21:00-07:00,94.100504
1782418920,2026-06-25T13:22:00-07:00,94.100504
1782418980,2026-06-25T13:23:00-07:00,94.100504
1782419040,2026-06-25T13:24:00-07:00,94.100504
1782419160,2026-06-25T13:26:00-07:00,115.88973
1782419220,2026-06-25T13:27:00-07:00,115.88973
1782419280,2026-06-25T13:28:00-07:00,115.88973
1782419340,2026-06-25T13:29:00-07:00,115.88973
1782419400,2026-06-25T13:30:00-07:00,115.88973
1782419880,2026-06-25T13:38:00-07:00,133.837036
1782419940,2026-06-25T13:39:00-07:00,133.837036
1782420000,2026-06-25T13:40:00-07:00,133.837036
1782420060,2026-06-25T13:41:00-07:00,133.837036
1782420120,2026-06-25T13:42:00-07:00,133.837036
1782420180,2026-06-25T13:43:00-07:00,113.529948
1782420240,2026-06-25T13:44:00-07:00,113.529948
1782420300,2026-06-25T13:45:00-07:00,113.529948
1782420360,2026-06-25T13:46:00-07:00,113.529948
1782420420,2026-06-25T13:47:00-07:00,113.529948
1782420480,2026-06-25T13:48:00-07:00,134.093261
1782420540,2026-06-25T13:49:00-07:00,134.093261
1782420600,2026-06-25T13:50:00-07:00,134.093261
1782420660,2026-06-25T13:51:00-07:00,134.093261
1782420720,2026-06-25T13:52:00-07:00,134.093261
1782420840,2026-06-25T13:54:00-07:00,121.950968
1782420900,2026-06-25T13:55:00-07:00,121.950968
1782420960,2026-06-25T13:56:00-07:00,121.950968
1782421020,2026-06-25T13:57:00-07:00,121.950968
1782421080,2026-06-25T13:58:00-07:00,121.950968
1782421140,2026-06-25T13:59:00-07:00,100.902791
1782421200,2026-06-25T14:00:00-07:00,100.902791
1782421260,2026-06-25T14:01:00-07:00,100.902791
1782421320,2026-06-25T14:02:00-07:00,100.902791
1782421380,2026-06-25T14:03:00-07:00,100.902791
1782421440,2026-06-25T14:04:00-07:00,112.711019
1782421500,2026-06-25T14:05:00-07:00,112.711019
1782421560,2026-06-25T14:06:00-07:00,112.711019
1782421620,2026-06-25T14:07:00-07:00,112.711019
1782421680,2026-06-25T14:08:00-07:00,112.711019
1782421800,2026-06-25T14:10:00-07:00,141.785359
1782421860,2026-06-25T14:11:00-07:00,141.785359
1782421920,2026-06-25T14:12:00-07:00,141.785359
1782421980,2026-06-25T14:13:00-07:00,141.785359
1782422040,2026-06-25T14:14:00-07:00,141.785359
1782422100,2026-06-25T14:15:00-07:00,131.963094
1782422160,2026-06-25T14:16:00-07:00,131.963094
1782422220,2026-06-25T14:17:00-07:00,131.963094
1782422280,2026-06-25T14:18:00-07:00,131.963094
1782422340,2026-06-25T14:19:00-07:00,131.963094
1782422400,2026-06-25T14:20:00-07:00,163.703938
1782422460,2026-06-25T14:21:00-07:00,163.703938
1782422520,2026-06-25T14:22:00-07:00,163.703938
1782422580,2026-06-25T14:23:00-07:00,163.703938
1782422640,2026-06-25T14:24:00-07:00,163.703938
1782422700,2026-06-25T14:25:00-07:00,112.771484
1782422760,2026-06-25T14:26:00-07:00,112.771484
1782422820,2026-06-25T14:27:00-07:00,112.771484
1782422880,2026-06-25T14:28:00-07:00,112.771484
1782422940,2026-06-25T14:29:00-07:00,112.771484
1782423000,2026-06-25T14:30:00-07:00,115.21403
1782423060,2026-06-25T14:31:00-07:00,115.21403
1782423120,2026-06-25T14:32:00-07:00,115.21403
1782423180,2026-06-25T14:33:00-07:00,115.21403
1782423240,2026-06-25T14:34:00-07:00,115.21403
1782423300,2026-06-25T14:35:00-07:00,185.212402
1782423360,2026-06-25T14:36:00-07:00,185.212402
1782423420,2026-06-25T14:37:00-07:00,185.212402
1782423480,2026-06-25T14:38:00-07:00,185.212402
1782423540,2026-06-25T14:39:00-07:00,185.212402
1782423660,2026-06-25T14:41:00-07:00,118.628215
1782423720,2026-06-25T14:42:00-07:00,118.628215
1782423780,2026-06-25T14:43:00-07:00,118.628215
1782423840,2026-06-25T14:44:00-07:00,118.628215
1782423900,2026-06-25T14:45:00-07:00,118.628215
1782423960,2026-06-25T14:46:00-07:00,122.208903
1782424020,2026-06-25T14:47:00-07:00,122.208903
1782424080,2026-06-25T14:48:00-07:00,122.208903
1782424140,2026-06-25T14:49:00-07:00,122.208903
1782424200,2026-06-25T14:50:00-07:00,122.208903
1782424260,2026-06-25T14:51:00-07:00,131.113567
1782424320,2026-06-25T14:52:00-07:00,131.113567
1782424380,2026-06-25T14:53:00-07:00,131.113567
1782424440,2026-06-25T14:54:00-07:00,131.113567
1782424500,2026-06-25T14:55:00-07:00,131.113567
1782424560,2026-06-25T14:56:00-07:00,213.103068
1782424620,2026-06-25T14:57:00-07:00,213.103068
1782424680,2026-06-25T14:58:00-07:00,213.103068
1782424740,2026-06-25T14:59:00-07:00,213.103068
1782424800,2026-06-25T15:00:00-07:00,213.103068
1782424860,2026-06-25T15:01:00-07:00,97.704183
1782424920,2026-06-25T15:02:00-07:00,97.704183
1782424980,2026-06-25T15:03:00-07:00,97.704183
1782425040,2026-06-25T15:04:00-07:00,97.704183
1782425100,2026-06-25T15:05:00-07:00,97.704183
1782425160,2026-06-25T15:06:00-07:00,170.924194
1782425220,2026-06-25T15:07:00-07:00,170.924194
1782425280,2026-06-25T15:08:00-07:00,170.924194
1782425340,2026-06-25T15:09:00-07:00,170.924194
1782425400,2026-06-25T15:10:00-07:00,170.924194
1782425460,2026-06-25T15:11:00-07:00,108.887492
1782425520,2026-06-25T15:12:00-07:00,108.887492
1782425580,2026-06-25T15:13:00-07:00,108.887492
1782425640,2026-06-25T15:14:00-07:00,108.887492
1782425700,2026-06-25T15:15:00-07:00,108.887492
1782425760,2026-06-25T15:16:00-07:00,119.923503
1782425820,2026-06-25T15:17:00-07:00,119.923503
1782425880,2026-06-25T15:18:00-07:00,119.923503
1782425940,2026-06-25T15:19:00-07:00,119.923503
1782426000,2026-06-25T15:20:00-07:00,119.923503
1782426060,2026-06-25T15:21:00-07:00,109.35673
1782426120,2026-06-25T15:22:00-07:00,109.35673
1782426180,2026-06-25T15:23:00-07:00,109.35673
1782426240,2026-06-25T15:24:00-07:00,109.35673
1782426300,2026-06-25T15:25:00-07:00,109.35673
1782426360,2026-06-25T15:26:00-07:00,140.687012
1782426420,2026-06-25T15:27:00-07:00,140.687012
1782426480,2026-06-25T15:28:00-07:00,140.687012
1782426540,2026-06-25T15:29:00-07:00,140.687012
1782426600,2026-06-25T15:30:00-07:00,140.687012
1782426660,2026-06-25T15:31:00-07:00,142.322225
1782426720,2026-06-25T15:32:00-07:00,142.322225
1782426780,2026-06-25T15:33:00-07:00,142.322225
1782426840,2026-06-25T15:34:00-07:00,142.322225
1782426900,2026-06-25T15:35:00-07:00,142.322225
1782427260,2026-06-25T15:41:00-07:00,119.914958
1782427320,2026-06-25T15:42:00-07:00,119.914958
1782427380,2026-06-25T15:43:00-07:00,119.914958
1782427440,2026-06-25T15:44:00-07:00,119.914958
1782427500,2026-06-25T15:45:00-07:00,119.914958
1782427620,2026-06-25T15:47:00-07:00,115.659179
1782427680,2026-06-25T15:48:00-07:00,115.659179
1782427740,2026-06-25T15:49:00-07:00,115.659179
1782427800,2026-06-25T15:50:00-07:00,115.659179
1782427860,2026-06-25T15:51:00-07:00,115.659179
1782428220,2026-06-25T15:57:00-07:00,104.59432
1782428280,2026-06-25T15:58:00-07:00,104.59432
1782428340,2026-06-25T15:59:00-07:00,104.59432
1782428400,2026-06-25T16:00:00-07:00,104.59432
1782428460,2026-06-25T16:01:00-07:00,104.59432
1782428580,2026-06-25T16:03:00-07:00,163.073771
1782428640,2026-06-25T16:04:00-07:00,163.073771
1782428700,2026-06-25T16:05:00-07:00,163.073771
1782428760,2026-06-25T16:06:00-07:00,163.073771
1782428820,2026-06-25T16:07:00-07:00,163.073771
1782428880,2026-06-25T16:08:00-07:00,129.001303
1782428940,2026-06-25T16:09:00-07:00,129.001303
1782429000,2026-06-25T16:10:00-07:00,129.001303
1782429060,2026-06-25T16:11:00-07:00,129.001303
1782429120,2026-06-25T16:12:00-07:00,129.001303
1782429240,2026-06-25T16:14:00-07:00,201.857788
1782429300,2026-06-25T16:15:00-07:00,201.857788
1782429360,2026-06-25T16:16:00-07:00,201.857788
1782429420,2026-06-25T16:17:00-07:00,201.857788
1782429480,2026-06-25T16:18:00-07:00,201.857788
1782429600,2026-06-25T16:20:00-07:00,110.045939
1782429660,2026-06-25T16:21:00-07:00,110.045939
1782429720,2026-06-25T16:22:00-07:00,110.045939
1782429780,2026-06-25T16:23:00-07:00,110.045939
1782429840,2026-06-25T16:24:00-07:00,110.045939
1782430320,2026-06-25T16:32:00-07:00,162.127075
1782430380,2026-06-25T16:33:00-07:00,162.127075
1782430440,2026-06-25T16:34:00-07:00,162.127075
1782430500,2026-06-25T16:35:00-07:00,162.127075
1782430560,2026-06-25T16:36:00-07:00,162.127075
1782430620,2026-06-25T16:37:00-07:00,178.468344
1782430680,2026-06-25T16:38:00-07:00,178.468344
1782430740,2026-06-25T16:39:00-07:00,178.468344
1782430800,2026-06-25T16:40:00-07:00,178.468344
1782430860,2026-06-25T16:41:00-07:00,178.468344
1782430920,2026-06-25T16:42:00-07:00,136.937948
1782430980,2026-06-25T16:43:00-07:00,136.937948
1782431040,2026-06-25T16:44:00-07:00,136.937948
1782431100,2026-06-25T16:45:00-07:00,136.937948
1782431160,2026-06-25T16:46:00-07:00,136.937948
1782431640,2026-06-25T16:54:00-07:00,122.833699
1782431700,2026-06-25T16:55:00-07:00,122.833699
1782431760,2026-06-25T16:56:00-07:00,122.833699
1782431820,2026-06-25T16:57:00-07:00,122.833699
1782431880,2026-06-25T16:58:00-07:00,122.833699
1782431940,2026-06-25T16:59:00-07:00,137.759399
1782432000,2026-06-25T17:00:00-07:00,137.759399
1782432060,2026-06-25T17:01:00-07:00,137.759399
1782432120,2026-06-25T17:02:00-07:00,137.759399
1782432180,2026-06-25T17:03:00-07:00,137.759399
1782432240,2026-06-25T17:04:00-07:00,111.000285
1782432300,2026-06-25T17:05:00-07:00,111.000285
1782432360,2026-06-25T17:06:00-07:00,111.000285
1782432420,2026-06-25T17:07:00-07:00,111.000285
1782432480,2026-06-25T17:08:00-07:00,111.000285
1782432600,2026-06-25T17:10:00-07:00,121.588908
1782432660,2026-06-25T17:11:00-07:00,121.588908
1782432720,2026-06-25T17:12:00-07:00,121.588908
1782432780,2026-06-25T17:13:00-07:00,121.588908
1782432840,2026-06-25T17:14:00-07:00,121.588908
1782432900,2026-06-25T17:15:00-07:00,92.562948
1782432960,2026-06-25T17:16:00-07:00,92.562948
1782433020,2026-06-25T17:17:00-07:00,92.562948
1782433080,2026-06-25T17:18:00-07:00,92.562948
1782433140,2026-06-25T17:19:00-07:00,92.562948
1782433320,2026-06-25T17:22:00-07:00,217.758178
1782433380,2026-06-25T17:23:00-07:00,217.758178
1782433440,2026-06-25T17:24:00-07:00,217.758178
1782433500,2026-06-25T17:25:00-07:00,217.758178
1782433560,2026-06-25T17:26:00-07:00,217.758178
1782433620,2026-06-25T17:27:00-07:00,112.051025
1782433680,2026-06-25T17:28:00-07:00,112.051025
1782433740,2026-06-25T17:29:00-07:00,112.051025
1782433800,2026-06-25T17:30:00-07:00,112.051025
1782433860,2026-06-25T17:31:00-07:00,112.051025
1782433920,2026-06-25T17:32:00-07:00,123.131592
1782433980,2026-06-25T17:33:00-07:00,123.131592
1782434040,2026-06-25T17:34:00-07:00,123.131592
1782434100,2026-06-25T17:35:00-07:00,123.131592
1782434160,2026-06-25T17:36:00-07:00,123.131592
1782434280,2026-06-25T17:38:00-07:00,101.09253
1782434340,2026-06-25T17:39:00-07:00,101.09253
1782434400,2026-06-25T17:40:00-07:00,101.09253
1782434460,2026-06-25T17:41:00-07:00,101.09253
1782434520,2026-06-25T17:42:00-07:00,101.09253
1782434580,2026-06-25T17:43:00-07:00,377.651571
1782434640,2026-06-25T17:44:00-07:00,377.651571
1782434700,2026-06-25T17:45:00-07:00,377.651571
1782434760,2026-06-25T17:46:00-07:00,377.651571
1782434820,2026-06-25T17:47:00-07:00,377.651571
1782434940,2026-06-25T17:49:00-07:00,200.471924
1782435000,2026-06-25T17:50:00-07:00,200.471924
1782435060,2026-06-25T17:51:00-07:00,200.471924
1782435120,2026-06-25T17:52:00-07:00,200.471924
1782435180,2026-06-25T17:53:00-07:00,200.471924
1782435240,2026-06-25T17:54:00-07:00,130.063029
1782435300,2026-06-25T17:55:00-07:00,130.063029
1782435360,2026-06-25T17:56:00-07:00,130.063029
1782435420,2026-06-25T17:57:00-07:00,130.063029
1782435480,2026-06-25T17:58:00-07:00,130.063029
1782435540,2026-06-25T17:59:00-07:00,626.364299
1782435600,2026-06-25T18:00:00-07:00,626.364299
1782435660,2026-06-25T18:01:00-07:00,626.364299
1782435720,2026-06-25T18:02:00-07:00,626.364299
1782435780,2026-06-25T18:03:00-07:00,626.364299
1782435960,2026-06-25T18:06:00-07:00,127.812744
1782436020,2026-06-25T18:07:00-07:00,127.812744
1782436080,2026-06-25T18:08:00-07:00,127.812744
1782436140,2026-06-25T18:09:00-07:00,127.812744
1782436200,2026-06-25T18:10:00-07:00,127.812744
1782436260,2026-06-25T18:11:00-07:00,108.933675
1782436320,2026-06-25T18:12:00-07:00,108.933675
1782436380,2026-06-25T18:13:00-07:00,108.933675
1782436440,2026-06-25T18:14:00-07:00,108.933675
1782436500,2026-06-25T18:15:00-07:00,108.933675
1782436560,2026-06-25T18:16:00-07:00,111.278199
1782436620,2026-06-25T18:17:00-07:00,111.278199
1782436680,2026-06-25T18:18:00-07:00,111.278199
1782436740,2026-06-25T18:19:00-07:00,111.278199
1782436800,2026-06-25T18:20:00-07:00,111.278199
1782436920,2026-06-25T18:22:00-07:00,128.569173
1782436980,2026-06-25T18:23:00-07:00,128.569173
1782437040,2026-06-25T18:24:00-07:00,128.569173
1782437100,2026-06-25T18:25:00-07:00,128.569173
1782437160,2026-06-25T18:26:00-07:00,128.569173
1782437220,2026-06-25T18:27:00-07:00,126.469645
1782437280,2026-06-25T18:28:00-07:00,126.469645
1782437340,2026-06-25T18:29:00-07:00,126.469645
1782437400,2026-06-25T18:30:00-07:00,126.469645
1782437460,2026-06-25T18:31:00-07:00,126.469645
1782437580,2026-06-25T18:33:00-07:00,194.118531
1782437640,2026-06-25T18:34:00-07:00,194.118531
1782437700,2026-06-25T18:35:00-07:00,194.118531
1782437760,2026-06-25T18:36:00-07:00,194.118531
1782437820,2026-06-25T18:37:00-07:00,194.118531
1782437880,2026-06-25T18:38:00-07:00,119.663859
1782437940,2026-06-25T18:39:00-07:00,119.663859
1782438000,2026-06-25T18:40:00-07:00,119.663859
1782438060,2026-06-25T18:41:00-07:00,119.663859
1782438120,2026-06-25T18:42:00-07:00,119.663859
1782438180,2026-06-25T18:43:00-07:00,173.868286
1782438240,2026-06-25T18:44:00-07:00,173.868286
1782438300,2026-06-25T18:45:00-07:00,173.868286
1782438360,2026-06-25T18:46:00-07:00,173.868286
1782438420,2026-06-25T18:47:00-07:00,173.868286
1782438540,2026-06-25T18:49:00-07:00,135.05009
1782438600,2026-06-25T18:50:00-07:00,135.05009
1782438660,2026-06-25T18:51:00-07:00,135.05009
1782438720,2026-06-25T18:52:00-07:00,135.05009
1782438780,2026-06-25T18:53:00-07:00,135.05009
1782438900,2026-06-25T18:55:00-07:00,143.026774
1782438960,2026-06-25T18:56:00-07:00,143.026774
1782439020,2026-06-25T18:57:00-07:00,143.026774
1782439080,2026-06-25T18:58:00-07:00,143.026774
1782439140,2026-06-25T18:59:00-07:00,143.026774
1782439200,2026-06-25T19:00:00-07:00,89.364461
1782439260,2026-06-25T19:01:00-07:00,89.364461
1782439320,2026-06-25T19:02:00-07:00,89.364461
1782439380,2026-06-25T19:03:00-07:00,89.364461
1782439440,2026-06-25T19:04:00-07:00,89.364461
1782439560,2026-06-25T19:06:00-07:00,130.942912
1782439620,2026-06-25T19:07:00-07:00,130.942912
1782439680,2026-06-25T19:08:00-07:00,130.942912
1782439740,2026-06-25T19:09:00-07:00,130.942912
1782439800,2026-06-25T19:10:00-07:00,130.942912
1782439920,2026-06-25T19:12:00-07:00,124.983439
1782439980,2026-06-25T19:13:00-07:00,124.983439
1782440040,2026-06-25T19:14:00-07:00,124.983439
1782440100,2026-06-25T19:15:00-07:00,124.983439
1782440160,2026-06-25T19:16:00-07:00,124.983439
1782440280,2026-06-25T19:18:00-07:00,124.377238
1782440340,2026-06-25T19:19:00-07:00,124.377238
1782440400,2026-06-25T19:20:00-07:00,124.377238
1782440460,2026-06-25T19:21:00-07:00,124.377238
1782440520,2026-06-25T19:22:00-07:00,124.377238
1782440640,2026-06-25T19:24:00-07:00,108.320842
1782440700,2026-06-25T19:25:00-07:00,108.320842
1782440760,2026-06-25T19:26:00-07:00,108.320842
1782440820,2026-06-25T19:27:00-07:00,108.320842
1782440880,2026-06-25T19:28:00-07:00,108.320842
1782441000,2026-06-25T19:30:00-07:00,274.696452
1782441060,2026-06-25T19:31:00-07:00,274.696452
1782441120,2026-06-25T19:32:00-07:00,274.696452
1782441180,2026-06-25T19:33:00-07:00,274.696452
1782441240,2026-06-25T19:34:00-07:00,274.696452
1782441300,2026-06-25T19:35:00-07:00,177.651897
1782441360,2026-06-25T19:36:00-07:00,177.651897
1782441420,2026-06-25T19:37:00-07:00,177.651897
1782441480,2026-06-25T19:38:00-07:00,177.651897
1782441540,2026-06-25T19:39:00-07:00,177.651897
1782442320,2026-06-25T19:52:00-07:00,139.026652
1782442380,2026-06-25T19:53:00-07:00,139.026652
1782442440,2026-06-25T19:54:00-07:00,139.026652
1782442500,2026-06-25T19:55:00-07:00,139.026652
1782442560,2026-06-25T19:56:00-07:00,139.026652
1782442620,2026-06-25T19:57:00-07:00,110.577108
1782442680,2026-06-25T19:58:00-07:00,110.577108
1782442740,2026-06-25T19:59:00-07:00,110.577108
1782442800,2026-06-25T20:00:00-07:00,110.577108
1782442860,2026-06-25T20:01:00-07:00,110.577108
1782443040,2026-06-25T20:04:00-07:00,176.907593
1782443100,2026-06-25T20:05:00-07:00,176.907593
1782443160,2026-06-25T20:06:00-07:00,176.907593
1782443220,2026-06-25T20:07:00-07:00,176.907593
1782443280,2026-06-25T20:08:00-07:00,176.907593
1782443760,2026-06-25T20:16:00-07:00,136.664347
1782443820,2026-06-25T20:17:00-07:00,136.664347
1782443880,2026-06-25T20:18:00-07:00,136.664347
1782443940,2026-06-25T20:19:00-07:00,136.664347
1782444000,2026-06-25T20:20:00-07:00,136.664347
1782445560,2026-06-25T20:46:00-07:00,194.381022
1782445620,2026-06-25T20:47:00-07:00,194.381022
1782445680,2026-06-25T20:48:00-07:00,194.381022
1782445740,2026-06-25T20:49:00-07:00,194.381022
1782445800,2026-06-25T20:50:00-07:00,194.381022
1782445860,2026-06-25T20:51:00-07:00,150.087728
1782445920,2026-06-25T20:52:00-07:00,150.087728
1782445980,2026-06-25T20:53:00-07:00,150.087728
1782446040,2026-06-25T20:54:00-07:00,150.087728
1782446100,2026-06-25T20:55:00-07:00,150.087728
1782446280,2026-06-25T20:58:00-07:00,142.850464
1782446340,2026-06-25T20:59:00-07:00,142.850464
1782446400,2026-06-25T21:00:00-07:00,142.850464
1782446460,2026-06-25T21:01:00-07:00,142.850464
1782446520,2026-06-25T21:02:00-07:00,142.850464
1782447060,2026-06-25T21:11:00-07:00,150.128377
1782447120,2026-06-25T21:12:00-07:00,150.128377
1782447180,2026-06-25T21:13:00-07:00,150.128377
1782447240,2026-06-25T21:14:00-07:00,150.128377
1782447300,2026-06-25T21:15:00-07:00,150.128377
1782447360,2026-06-25T21:16:00-07:00,177.154704
1782447420,2026-06-25T21:17:00-07:00,177.154704
1782447480,2026-06-25T21:18:00-07:00,177.154704
1782447540,2026-06-25T21:19:00-07:00,177.154704
1782447600,2026-06-25T21:20:00-07:00,177.154704
1782447660,2026-06-25T21:21:00-07:00,110.059734
1782447720,2026-06-25T21:22:00-07:00,110.059734
1782447780,2026-06-25T21:23:00-07:00,110.059734
1782447840,2026-06-25T21:24:00-07:00,110.059734
1782447900,2026-06-25T21:25:00-07:00,110.059734
1782447960,2026-06-25T21:26:00-07:00,130.398723
1782448020,2026-06-25T21:27:00-07:00,130.398723
1782448080,2026-06-25T21:28:00-07:00,130.398723
1782448140,2026-06-25T21:29:00-07:00,130.398723
1782448200,2026-06-25T21:30:00-07:00,130.398723
1782448260,2026-06-25T21:31:00-07:00,115.284261
1782448320,2026-06-25T21:32:00-07:00,115.284261
1782448380,2026-06-25T21:33:00-07:00,115.284261
1782448440,2026-06-25T21:34:00-07:00,115.284261
1782448500,2026-06-25T21:35:00-07:00,115.284261
1782448560,2026-06-25T21:36:00-07:00,128.235067
1782448620,2026-06-25T21:37:00-07:00,128.235067
1782448680,2026-06-25T21:38:00-07:00,128.235067
1782448740,2026-06-25T21:39:00-07:00,128.235067
1782448800,2026-06-25T21:40:00-07:00,128.235067
1782448920,2026-06-25T21:42:00-07:00,136.371379
1782448980,2026-06-25T21:43:00-07:00,136.371379
1782449040,2026-06-25T21:44:00-07:00,136.371379
1782449100,2026-06-25T21:45:00-07:00,136.371379
1782449160,2026-06-25T21:46:00-07:00,136.371379
1782449220,2026-06-25T21:47:00-07:00,99.11678
1782449280,2026-06-25T21:48:00-07:00,99.11678
1782449340,2026-06-25T21:49:00-07:00,99.11678
1782449400,2026-06-25T21:50:00-07:00,99.11678
1782449460,2026-06-25T21:51:00-07:00,99.11678
1782449520,2026-06-25T21:52:00-07:00,120.574015
1782449580,2026-06-25T21:53:00-07:00,120.574015
1782449640,2026-06-25T21:54:00-07:00,120.574015
1782449700,2026-06-25T21:55:00-07:00,120.574015
1782449760,2026-06-25T21:56:00-07:00,120.574015
1782449820,2026-06-25T21:57:00-07:00,132.004029
1782449880,2026-06-25T21:58:00-07:00,132.004029
1782449940,2026-06-25T21:59:00-07:00,132.004029
1782450000,2026-06-25T22:00:00-07:00,132.004029
1782450060,2026-06-25T22:01:00-07:00,132.004029
1782450120,2026-06-25T22:02:00-07:00,116.511475
1782450180,2026-06-25T22:03:00-07:00,116.511475
1782450240,2026-06-25T22:04:00-07:00,116.511475
1782450300,2026-06-25T22:05:00-07:00,116.511475
1782450360,2026-06-25T22:06:00-07:00,116.511475
1782450480,2026-06-25T22:08:00-07:00,136.064738
1782450540,2026-06-25T22:09:00-07:00,136.064738
1782450600,2026-06-25T22:10:00-07:00,136.064738
1782450660,2026-06-25T22:11:00-07:00,136.064738
1782450720,2026-06-25T22:12:00-07:00,136.064738
1782450780,2026-06-25T22:13:00-07:00,147.485392
1782450840,2026-06-25T22:14:00-07:00,147.485392
1782450900,2026-06-25T22:15:00-07:00,147.485392
1782450960,2026-06-25T22:16:00-07:00,147.485392
1782451020,2026-06-25T22:17:00-07:00,147.485392
1782451080,2026-06-25T22:18:00-07:00,103.385498
1782451140,2026-06-25T22:19:00-07:00,103.385498
1782451200,2026-06-25T22:20:00-07:00,103.385498
1782451260,2026-06-25T22:21:00-07:00,103.385498
1782451320,2026-06-25T22:22:00-07:00,103.385498
1782451380,2026-06-25T22:23:00-07:00,145.03418
1782451440,2026-06-25T22:24:00-07:00,145.03418
1782451500,2026-06-25T22:25:00-07:00,145.03418
1782451560,2026-06-25T22:26:00-07:00,145.03418
1782451620,2026-06-25T22:27:00-07:00,145.03418
1782451680,2026-06-25T22:28:00-07:00,120.212443
1782451740,2026-06-25T22:29:00-07:00,120.212443
1782451800,2026-06-25T22:30:00-07:00,120.212443
1782451860,2026-06-25T22:31:00-07:00,120.212443
1782451920,2026-06-25T22:32:00-07:00,120.212443
1782451980,2026-06-25T22:33:00-07:00,178.593587
1782452040,2026-06-25T22:34:00-07:00,178.593587
1782452100,2026-06-25T22:35:00-07:00,178.593587
1782452160,2026-06-25T22:36:00-07:00,178.593587
1782452220,2026-06-25T22:37:00-07:00,178.593587
1782452280,2026-06-25T22:38:00-07:00,118.296306
1782452340,2026-06-25T22:39:00-07:00,118.296306
1782452400,2026-06-25T22:40:00-07:00,118.296306
1782452460,2026-06-25T22:41:00-07:00,118.296306
1782452520,2026-06-25T22:42:00-07:00,118.296306
1782452580,2026-06-25T22:43:00-07:00,126.230266
1782452640,2026-06-25T22:44:00-07:00,126.230266
1782452700,2026-06-25T22:45:00-07:00,126.230266
1782452760,2026-06-25T22:46:00-07:00,126.230266
1782452820,2026-06-25T22:47:00-07:00,126.230266
1782452880,2026-06-25T22:48:00-07:00,108.445556
1782452940,2026-06-25T22:49:00-07:00,108.445556
1782453000,2026-06-25T22:50:00-07:00,108.445556
1782453060,2026-06-25T22:51:00-07:00,108.445556
1782453120,2026-06-25T22:52:00-07:00,108.445556
1782453240,2026-06-25T22:54:00-07:00,109.671427
1782453300,2026-06-25T22:55:00-07:00,109.671427
1782453360,2026-06-25T22:56:00-07:00,109.671427
1782453420,2026-06-25T22:57:00-07:00,109.671427
1782453480,2026-06-25T22:58:00-07:00,109.671427
1782453540,2026-06-25T22:59:00-07:00,127.146648
1782453600,2026-06-25T23:00:00-07:00,127.146648
1782453660,2026-06-25T23:01:00-07:00,127.146648
1782453720,2026-06-25T23:02:00-07:00,127.146648
1782453780,2026-06-25T23:03:00-07:00,127.146648
1782453840,2026-06-25T23:04:00-07:00,150.776733
1782453900,2026-06-25T23:05:00-07:00,150.776733
1782453960,2026-06-25T23:06:00-07:00,150.776733
1782454020,2026-06-25T23:07:00-07:00,150.776733
1782454080,2026-06-25T23:08:00-07:00,150.776733
1782454140,2026-06-25T23:09:00-07:00,125.044027
1782454200,2026-06-25T23:10:00-07:00,125.044027
1782454260,2026-06-25T23:11:00-07:00,125.044027
1782454320,2026-06-25T23:12:00-07:00,125.044027
1782454380,2026-06-25T23:13:00-07:00,125.044027
1782454440,2026-06-25T23:14:00-07:00,104.534871
1782454500,2026-06-25T23:15:00-07:00,104.534871
1782454560,2026-06-25T23:16:00-07:00,104.534871
1782454620,2026-06-25T23:17:00-07:00,104.534871
1782454680,2026-06-25T23:18:00-07:00,104.534871
1782454740,2026-06-25T23:19:00-07:00,103.895589
1782454800,2026-06-25T23:20:00-07:00,103.895589
1782454860,2026-06-25T23:21:00-07:00,103.895589
1782454920,2026-06-25T23:22:00-07:00,103.895589
1782454980,2026-06-25T23:23:00-07:00,103.895589
1782455040,2026-06-25T23:24:00-07:00,132.207235
1782455100,2026-06-25T23:25:00-07:00,132.207235
1782455160,2026-06-25T23:26:00-07:00,132.207235
1782455220,2026-06-25T23:27:00-07:00,132.207235
1782455280,2026-06-25T23:28:00-07:00,132.207235
1782455400,2026-06-25T23:30:00-07:00,94.154704
1782455460,2026-06-25T23:31:00-07:00,94.154704
1782455520,2026-06-25T23:32:00-07:00,94.154704
1782455580,2026-06-25T23:33:00-07:00,94.154704
1782455640,2026-06-25T23:34:00-07:00,94.154704
1782455700,2026-06-25T23:35:00-07:00,122.689372
1782455760,2026-06-25T23:36:00-07:00,122.689372
1782455820,2026-06-25T23:37:00-07:00,122.689372
1782455880,2026-06-25T23:38:00-07:00,122.689372
1782455940,2026-06-25T23:39:00-07:00,122.689372
1782456000,2026-06-25T23:40:00-07:00,152.454387
1782456060,2026-06-25T23:41:00-07:00,152.454387
1782456120,2026-06-25T23:42:00-07:00,152.454387
1782456180,2026-06-25T23:43:00-07:00,152.454387
1782456240,2026-06-25T23:44:00-07:00,152.454387
1782456300,2026-06-25T23:45:00-07:00,118.219401
1782456360,2026-06-25T23:46:00-07:00,118.219401
1782456420,2026-06-25T23:47:00-07:00,118.219401
1782456480,2026-06-25T23:48:00-07:00,118.219401
1782456540,2026-06-25T23:49:00-07:00,118.219401
1782456600,2026-06-25T23:50:00-07:00,115.376628
1782456660,2026-06-25T23:51:00-07:00,115.376628
1782456720,2026-06-25T23:52:00-07:00,115.376628
1782456780,2026-06-25T23:53:00-07:00,115.376628
1782456840,2026-06-25T23:54:00-07:00,115.376628
1782456900,2026-06-25T23:55:00-07:00,112.683676
1782456960,2026-06-25T23:56:00-07:00,112.683676
1782457020,2026-06-25T23:57:00-07:00,112.683676
1782457080,2026-06-25T23:58:00-07:00,112.683676
1782457140,2026-06-25T23:59:00-07:00,112.683676
1782457260,2026-06-26T00:01:00-07:00,169.768229
1782457320,2026-06-26T00:02:00-07:00,169.768229
1782457380,2026-06-26T00:03:00-07:00,169.768229
1782457440,2026-06-26T00:04:00-07:00,169.768229
1782457500,2026-06-26T00:05:00-07:00,169.768229
1782457560,2026-06-26T00:06:00-07:00,98.138346
1782457620,2026-06-26T00:07:00-07:00,98.138346
1782457680,2026-06-26T00:08:00-07:00,98.138346
1782457740,2026-06-26T00:09:00-07:00,98.138346
1782457800,2026-06-26T00:10:00-07:00,98.138346
1782457860,2026-06-26T00:11:00-07:00,113.97998
1782457920,2026-06-26T00:12:00-07:00,113.97998
1782457980,2026-06-26T00:13:00-07:00,113.97998
1782458040,2026-06-26T00:14:00-07:00,113.97998
1782458100,2026-06-26T00:15:00-07:00,113.97998
1782458160,2026-06-26T00:16:00-07:00,137.00765
1782458220,2026-06-26T00:17:00-07:00,137.00765
1782458280,2026-06-26T00:18:00-07:00,137.00765
1782458340,2026-06-26T00:19:00-07:00,137.00765
1782458400,2026-06-26T00:20:00-07:00,137.00765
1782458460,2026-06-26T00:21:00-07:00,102.777995
1782458520,2026-06-26T00:22:00-07:00,102.777995
1782458580,2026-06-26T00:23:00-07:00,102.777995
1782458640,2026-06-26T00:24:00-07:00,102.777995
1782458700,2026-06-26T00:25:00-07:00,102.777995
1782458760,2026-06-26T00:26:00-07:00,104.278605
1782458820,2026-06-26T00:27:00-07:00,104.278605
1782458880,2026-06-26T00:28:00-07:00,104.278605
1782458940,2026-06-26T00:29:00-07:00,104.278605
1782459000,2026-06-26T00:30:00-07:00,104.278605
1782459060,2026-06-26T00:31:00-07:00,115.389729
1782459120,2026-06-26T00:32:00-07:00,115.389729
1782459180,2026-06-26T00:33:00-07:00,115.389729
1782459240,2026-06-26T00:34:00-07:00,115.389729
1782459300,2026-06-26T00:35:00-07:00,115.389729
1782459420,2026-06-26T00:37:00-07:00,121.712728
1782459480,2026-06-26T00:38:00-07:00,121.712728
1782459540,2026-06-26T00:39:00-07:00,121.712728
1782459600,2026-06-26T00:40:00-07:00,121.712728
1782459660,2026-06-26T00:41:00-07:00,121.712728
1782459720,2026-06-26T00:42:00-07:00,125.595947
1782459780,2026-06-26T00:43:00-07:00,125.595947
1782459840,2026-06-26T00:44:00-07:00,125.595947
1782459900,2026-06-26T00:45:00-07:00,125.595947
1782459960,2026-06-26T00:46:00-07:00,125.595947
1782460020,2026-06-26T00:47:00-07:00,127.306926
1782460080,2026-06-26T00:48:00-07:00,127.306926
1782460140,2026-06-26T00:49:00-07:00,127.306926
1782460200,2026-06-26T00:50:00-07:00,127.306926
1782460260,2026-06-26T00:51:00-07:00,127.306926
1782460320,2026-06-26T00:52:00-07:00,121.119629
1782460380,2026-06-26T00:53:00-07:00,121.119629
1782460440,2026-06-26T00:54:00-07:00,121.119629
1782460500,2026-06-26T00:55:00-07:00,121.119629
1782460560,2026-06-26T00:56:00-07:00,121.119629
1782460620,2026-06-26T00:57:00-07:00,135.729045
1782460680,2026-06-26T00:58:00-07:00,135.729045
1782460740,2026-06-26T00:59:00-07:00,135.729045
1782460800,2026-06-26T01:00:00-07:00,135.729045
1782460860,2026-06-26T01:01:00-07:00,135.729045
1782460920,2026-06-26T01:02:00-07:00,154.182048
1782460980,2026-06-26T01:03:00-07:00,154.182048
1782461040,2026-06-26T01:04:00-07:00,154.182048
1782461100,2026-06-26T01:05:00-07:00,154.182048
1782461160,2026-06-26T01:06:00-07:00,154.182048
1782461220,2026-06-26T01:07:00-07:00,148.092692
1782461280,2026-06-26T01:08:00-07:00,148.092692
1782461340,2026-06-26T01:09:00-07:00,148.092692
1782461400,2026-06-26T01:10:00-07:00,148.092692
1782461460,2026-06-26T01:11:00-07:00,148.092692
1782461520,2026-06-26T01:12:00-07:00,1505.849122
1782461580,2026-06-26T01:13:00-07:00,1505.849122
1782461640,2026-06-26T01:14:00-07:00,1505.849122
1782461700,2026-06-26T01:15:00-07:00,1505.849122
1782461760,2026-06-26T01:16:00-07:00,1505.849122
1782461820,2026-06-26T01:17:00-07:00,128.301147
1782461880,2026-06-26T01:18:00-07:00,128.301147
1782461940,2026-06-26T01:19:00-07:00,128.301147
1782462000,2026-06-26T01:20:00-07:00,128.301147
1782462060,2026-06-26T01:21:00-07:00,128.301147
1782462120,2026-06-26T01:22:00-07:00,207.750529
1782462180,2026-06-26T01:23:00-07:00,207.750529
1782462240,2026-06-26T01:24:00-07:00,207.750529
1782462300,2026-06-26T01:25:00-07:00,207.750529
1782462360,2026-06-26T01:26:00-07:00,207.750529
1782462480,2026-06-26T01:28:00-07:00,150.515341
1782462540,2026-06-26T01:29:00-07:00,150.515341
1782462600,2026-06-26T01:30:00-07:00,150.515341
1782462660,2026-06-26T01:31:00-07:00,150.515341
1782462720,2026-06-26T01:32:00-07:00,150.515341
1782462780,2026-06-26T01:33:00-07:00,136.476888
1782462840,2026-06-26T01:34:00-07:00,136.476888
1782462900,2026-06-26T01:35:00-07:00,136.476888
1782462960,2026-06-26T01:36:00-07:00,136.476888
1782463020,2026-06-26T01:37:00-07:00,136.476888
1782463080,2026-06-26T01:38:00-07:00,122.797526
1782463140,2026-06-26T01:39:00-07:00,122.797526
1782463200,2026-06-26T01:40:00-07:00,122.797526
1782463260,2026-06-26T01:41:00-07:00,122.797526
1782463320,2026-06-26T01:42:00-07:00,122.797526
1782463380,2026-06-26T01:43:00-07:00,126.706868
1782463440,2026-06-26T01:44:00-07:00,126.706868
1782463500,2026-06-26T01:45:00-07:00,126.706868
1782463560,2026-06-26T01:46:00-07:00,126.706868
1782463620,2026-06-26T01:47:00-07:00,126.706868
1782463680,2026-06-26T01:48:00-07:00,120.873698
1782463740,2026-06-26T01:49:00-07:00,120.873698
1782463800,2026-06-26T01:50:00-07:00,120.873698
1782463860,2026-06-26T01:51:00-07:00,120.873698
1782463920,2026-06-26T01:52:00-07:00,120.873698
1782463980,2026-06-26T01:53:00-07:00,118.017294
1782464040,2026-06-26T01:54:00-07:00,118.017294
1782464100,2026-06-26T01:55:00-07:00,118.017294
1782464160,2026-06-26T01:56:00-07:00,118.017294
1782464220,2026-06-26T01:57:00-07:00,118.017294
1782464280,2026-06-26T01:58:00-07:00,111.209147
1782464340,2026-06-26T01:59:00-07:00,111.209147
1782464400,2026-06-26T02:00:00-07:00,111.209147
1782464460,2026-06-26T02:01:00-07:00,111.209147
1782464520,2026-06-26T02:02:00-07:00,111.209147
1782464580,2026-06-26T02:03:00-07:00,116.389445
1782464640,2026-06-26T02:04:00-07:00,116.389445
1782464700,2026-06-26T02:05:00-07:00,116.389445
1782464760,2026-06-26T02:06:00-07:00,116.389445
1782464820,2026-06-26T02:07:00-07:00,116.389445
1782464880,2026-06-26T02:08:00-07:00,134.109701
1782464940,2026-06-26T02:09:00-07:00,134.109701
1782465000,2026-06-26T02:10:00-07:00,134.109701
1782465060,2026-06-26T02:11:00-07:00,134.109701
1782465120,2026-06-26T02:12:00-07:00,134.109701
1782465180,2026-06-26T02:13:00-07:00,121.364787
1782465240,2026-06-26T02:14:00-07:00,121.364787
1782465300,2026-06-26T02:15:00-07:00,121.364787
1782465360,2026-06-26T02:16:00-07:00,121.364787
1782465420,2026-06-26T02:17:00-07:00,121.364787
1782465540,2026-06-26T02:19:00-07:00,106.101929
1782465600,2026-06-26T02:20:00-07:00,106.101929
1782465660,2026-06-26T02:21:00-07:00,106.101929
1782465720,2026-06-26T02:22:00-07:00,106.101929
1782465780,2026-06-26T02:23:00-07:00,106.101929
1782465840,2026-06-26T02:24:00-07:00,125.987712
1782465900,2026-06-26T02:25:00-07:00,125.987712
1782465960,2026-06-26T02:26:00-07:00,125.987712
1782466020,2026-06-26T02:27:00-07:00,125.987712
1782466080,2026-06-26T02:28:00-07:00,125.987712
1782466140,2026-06-26T02:29:00-07:00,134.374919
1782466200,2026-06-26T02:30:00-07:00,134.374919
1782466260,2026-06-26T02:31:00-07:00,134.374919
1782466320,2026-06-26T02:32:00-07:00,134.374919
1782466380,2026-06-26T02:33:00-07:00,134.374919
1782466440,2026-06-26T02:34:00-07:00,127.765544
1782466500,2026-06-26T02:35:00-07:00,127.765544
1782466560,2026-06-26T02:36:00-07:00,127.765544
1782466620,2026-06-26T02:37:00-07:00,127.765544
1782466680,2026-06-26T02:38:00-07:00,127.765544
1782466740,2026-06-26T02:39:00-07:00,119.668864
1782466800,2026-06-26T02:40:00-07:00,119.668864
1782466860,2026-06-26T02:41:00-07:00,119.668864
1782466920,2026-06-26T02:42:00-07:00,119.668864
1782466980,2026-06-26T02:43:00-07:00,119.668864
1782467040,2026-06-26T02:44:00-07:00,137.466472
1782467100,2026-06-26T02:45:00-07:00,137.466472
1782467160,2026-06-26T02:46:00-07:00,137.466472
1782467220,2026-06-26T02:47:00-07:00,137.466472
1782467280,2026-06-26T02:48:00-07:00,137.466472
1782467340,2026-06-26T02:49:00-07:00,151.516194
1782467400,2026-06-26T02:50:00-07:00,151.516194
1782467460,2026-06-26T02:51:00-07:00,151.516194
1782467520,2026-06-26T02:52:00-07:00,151.516194
1782467580,2026-06-26T02:53:00-07:00,151.516194
1782467640,2026-06-26T02:54:00-07:00,107.266154
1782467700,2026-06-26T02:55:00-07:00,107.266154
1782467760,2026-06-26T02:56:00-07:00,107.266154
1782467820,2026-06-26T02:57:00-07:00,107.266154
1782467880,2026-06-26T02:58:00-07:00,107.266154
1782467940,2026-06-26T02:59:00-07:00,102.285807
1782468000,2026-06-26T03:00:00-07:00,102.285807
1782468060,2026-06-26T03:01:00-07:00,102.285807
1782468120,2026-06-26T03:02:00-07:00,102.285807
1782468180,2026-06-26T03:03:00-07:00,102.285807
1782468240,2026-06-26T03:04:00-07:00,102.938232
1782468300,2026-06-26T03:05:00-07:00,102.938232
1782468360,2026-06-26T03:06:00-07:00,102.938232
1782468420,2026-06-26T03:07:00-07:00,102.938232
1782468480,2026-06-26T03:08:00-07:00,102.938232
1782468600,2026-06-26T03:10:00-07:00,106.002971
1782468660,2026-06-26T03:11:00-07:00,106.002971
1782468720,2026-06-26T03:12:00-07:00,106.002971
1782468780,2026-06-26T03:13:00-07:00,106.002971
1782468840,2026-06-26T03:14:00-07:00,106.002971
1782468900,2026-06-26T03:15:00-07:00,114.392252
1782468960,2026-06-26T03:16:00-07:00,114.392252
1782469020,2026-06-26T03:17:00-07:00,114.392252
1782469080,2026-06-26T03:18:00-07:00,114.392252
1782469140,2026-06-26T03:19:00-07:00,114.392252
1782469200,2026-06-26T03:20:00-07:00,103.150391
1782469260,2026-06-26T03:21:00-07:00,103.150391
1782469320,2026-06-26T03:22:00-07:00,103.150391
1782469380,2026-06-26T03:23:00-07:00,103.150391
1782469440,2026-06-26T03:24:00-07:00,103.150391
1782469500,2026-06-26T03:25:00-07:00,121.28833
1782469560,2026-06-26T03:26:00-07:00,121.28833
1782469620,2026-06-26T03:27:00-07:00,121.28833
1782469680,2026-06-26T03:28:00-07:00,121.28833
1782469740,2026-06-26T03:29:00-07:00,121.28833
1782469800,2026-06-26T03:30:00-07:00,135.722005
1782469860,2026-06-26T03:31:00-07:00,135.722005
1782469920,2026-06-26T03:32:00-07:00,135.722005
1782469980,2026-06-26T03:33:00-07:00,135.722005
1782470040,2026-06-26T03:34:00-07:00,135.722005
1782470100,2026-06-26T03:35:00-07:00,120.931316
1782470160,2026-06-26T03:36:00-07:00,120.931316
1782470220,2026-06-26T03:37:00-07:00,120.931316
1782470280,2026-06-26T03:38:00-07:00,120.931316
1782470340,2026-06-26T03:39:00-07:00,120.931316
1782470400,2026-06-26T03:40:00-07:00,110.657146
1782470460,2026-06-26T03:41:00-07:00,110.657146
1782470520,2026-06-26T03:42:00-07:00,110.657146
1782470580,2026-06-26T03:43:00-07:00,110.657146
1782470640,2026-06-26T03:44:00-07:00,110.657146
1782471000,2026-06-26T03:50:00-07:00,103.004028
1782471060,2026-06-26T03:51:00-07:00,103.004028
1782471120,2026-06-26T03:52:00-07:00,103.004028
1782471180,2026-06-26T03:53:00-07:00,103.004028
1782471240,2026-06-26T03:54:00-07:00,103.004028
1782471300,2026-06-26T03:55:00-07:00,101.091797
1782471360,2026-06-26T03:56:00-07:00,101.091797
1782471420,2026-06-26T03:57:00-07:00,101.091797
1782471480,2026-06-26T03:58:00-07:00,101.091797
1782471540,2026-06-26T03:59:00-07:00,101.091797
1782471600,2026-06-26T04:00:00-07:00,99.533447
1782471660,2026-06-26T04:01:00-07:00,99.533447
1782471720,2026-06-26T04:02:00-07:00,99.533447
1782471780,2026-06-26T04:03:00-07:00,99.533447
1782471840,2026-06-26T04:04:00-07:00,99.533447
1782471900,2026-06-26T04:05:00-07:00,101.096354
1782471960,2026-06-26T04:06:00-07:00,101.096354
1782472020,2026-06-26T04:07:00-07:00,101.096354
1782472080,2026-06-26T04:08:00-07:00,101.096354
1782472140,2026-06-26T04:09:00-07:00,101.096354
1782472260,2026-06-26T04:11:00-07:00,132.134521
1782472320,2026-06-26T04:12:00-07:00,132.134521
1782472380,2026-06-26T04:13:00-07:00,132.134521
1782472440,2026-06-26T04:14:00-07:00,132.134521
1782472500,2026-06-26T04:15:00-07:00,132.134521
1782472560,2026-06-26T04:16:00-07:00,106.652832
1782472620,2026-06-26T04:17:00-07:00,106.652832
1782472680,2026-06-26T04:18:00-07:00,106.652832
1782472740,2026-06-26T04:19:00-07:00,106.652832
1782472800,2026-06-26T04:20:00-07:00,106.652832
1782472860,2026-06-26T04:21:00-07:00,111.090088
1782472920,2026-06-26T04:22:00-07:00,111.090088
1782472980,2026-06-26T04:23:00-07:00,111.090088
1782473040,2026-06-26T04:24:00-07:00,111.090088
1782473100,2026-06-26T04:25:00-07:00,111.090088
1782473160,2026-06-26T04:26:00-07:00,110.402547
1782473220,2026-06-26T04:27:00-07:00,110.402547
1782473280,2026-06-26T04:28:00-07:00,110.402547
1782473340,2026-06-26T04:29:00-07:00,110.402547
1782473400,2026-06-26T04:30:00-07:00,110.402547
1782473460,2026-06-26T04:31:00-07:00,129.630656
1782473520,2026-06-26T04:32:00-07:00,129.630656
1782473580,2026-06-26T04:33:00-07:00,129.630656
1782473640,2026-06-26T04:34:00-07:00,129.630656
1782473700,2026-06-26T04:35:00-07:00,129.630656
1782473760,2026-06-26T04:36:00-07:00,120.728597
1782473820,2026-06-26T04:37:00-07:00,120.728597
1782473880,2026-06-26T04:38:00-07:00,120.728597
1782473940,2026-06-26T04:39:00-07:00,120.728597
1782474000,2026-06-26T04:40:00-07:00,120.728597
1782474060,2026-06-26T04:41:00-07:00,118.651082
1782474120,2026-06-26T04:42:00-07:00,118.651082
1782474180,2026-06-26T04:43:00-07:00,118.651082
1782474240,2026-06-26T04:44:00-07:00,118.651082
1782474300,2026-06-26T04:45:00-07:00,118.651082
1782474360,2026-06-26T04:46:00-07:00,112.222779
1782474420,2026-06-26T04:47:00-07:00,112.222779
1782474480,2026-06-26T04:48:00-07:00,112.222779
1782474540,2026-06-26T04:49:00-07:00,112.222779
1782474600,2026-06-26T04:50:00-07:00,112.222779
1782474660,2026-06-26T04:51:00-07:00,107.099975
1782474720,2026-06-26T04:52:00-07:00,107.099975
1782474780,2026-06-26T04:53:00-07:00,107.099975
1782474840,2026-06-26T04:54:00-07:00,107.099975
1782474900,2026-06-26T04:55:00-07:00,107.099975
1782474960,2026-06-26T04:56:00-07:00,116.158488
1782475020,2026-06-26T04:57:00-07:00,116.158488
1782475080,2026-06-26T04:58:00-07:00,116.158488
1782475140,2026-06-26T04:59:00-07:00,116.158488
1782475200,2026-06-26T05:00:00-07:00,116.158488
1782475320,2026-06-26T05:02:00-07:00,115.358846
1782475380,2026-06-26T05:03:00-07:00,115.358846
1782475440,2026-06-26T05:04:00-07:00,115.358846
1782475500,2026-06-26T05:05:00-07:00,115.358846
1782475560,2026-06-26T05:06:00-07:00,115.358846
1782475620,2026-06-26T05:07:00-07:00,124.384969
1782475680,2026-06-26T05:08:00-07:00,124.384969
1782475740,2026-06-26T05:09:00-07:00,124.384969
1782475800,2026-06-26T05:10:00-07:00,124.384969
1782475860,2026-06-26T05:11:00-07:00,124.384969
1782475920,2026-06-26T05:12:00-07:00,115.592367
1782475980,2026-06-26T05:13:00-07:00,115.592367
1782476040,2026-06-26T05:14:00-07:00,115.592367
1782476100,2026-06-26T05:15:00-07:00,115.592367
1782476160,2026-06-26T05:16:00-07:00,115.592367
1782476220,2026-06-26T05:17:00-07:00,106.007243
1782476280,2026-06-26T05:18:00-07:00,106.007243
1782476340,2026-06-26T05:19:00-07:00,106.007243
1782476400,2026-06-26T05:20:00-07:00,106.007243
1782476460,2026-06-26T05:21:00-07:00,106.007243
1782476520,2026-06-26T05:22:00-07:00,124.6038
1782476580,2026-06-26T05:23:00-07:00,124.6038
1782476640,2026-06-26T05:24:00-07:00,124.6038
1782476700,2026-06-26T05:25:00-07:00,124.6038
1782476760,2026-06-26T05:26:00-07:00,124.6038
1782476820,2026-06-26T05:27:00-07:00,125.956055
1782476880,2026-06-26T05:28:00-07:00,125.956055
1782476940,2026-06-26T05:29:00-07:00,125.956055
1782477000,2026-06-26T05:30:00-07:00,125.956055
1782477060,2026-06-26T05:31:00-07:00,125.956055
1782477120,2026-06-26T05:32:00-07:00,100.835205
1782477180,2026-06-26T05:33:00-07:00,100.835205
1782477240,2026-06-26T05:34:00-07:00,100.835205
1782477300,2026-06-26T05:35:00-07:00,100.835205
1782477360,2026-06-26T05:36:00-07:00,100.835205
1782477420,2026-06-26T05:37:00-07:00,133.104493
1782477480,2026-06-26T05:38:00-07:00,133.104493
1782477540,2026-06-26T05:39:00-07:00,133.104493
1782477600,2026-06-26T05:40:00-07:00,133.104493
1782477660,2026-06-26T05:41:00-07:00,133.104493
1782477720,2026-06-26T05:42:00-07:00,103.689372
1782477780,2026-06-26T05:43:00-07:00,103.689372
1782477840,2026-06-26T05:44:00-07:00,103.689372
1782477900,2026-06-26T05:45:00-07:00,103.689372
1782477960,2026-06-26T05:46:00-07:00,103.689372
1782478020,2026-06-26T05:47:00-07:00,107.327596
1782478080,2026-06-26T05:48:00-07:00,107.327596
1782478140,2026-06-26T05:49:00-07:00,107.327596
1782478200,2026-06-26T05:50:00-07:00,107.327596
1782478260,2026-06-26T05:51:00-07:00,107.327596
1782478320,2026-06-26T05:52:00-07:00,116.749349
1782478380,2026-06-26T05:53:00-07:00,116.749349
1782478440,2026-06-26T05:54:00-07:00,116.749349
1782478500,2026-06-26T05:55:00-07:00,116.749349
1782478560,2026-06-26T05:56:00-07:00,116.749349
1782478680,2026-06-26T05:58:00-07:00,125.053304
1782478740,2026-06-26T05:59:00-07:00,125.053304
1782478800,2026-06-26T06:00:00-07:00,125.053304
1782478860,2026-06-26T06:01:00-07:00,125.053304
1782478920,2026-06-26T06:02:00-07:00,125.053304
1782478980,2026-06-26T06:03:00-07:00,109.836223
1782479040,2026-06-26T06:04:00-07:00,109.836223
1782479100,2026-06-26T06:05:00-07:00,109.836223
1782479160,2026-06-26T06:06:00-07:00,109.836223
1782479220,2026-06-26T06:07:00-07:00,109.836223
1782479280,2026-06-26T06:08:00-07:00,116.121785
1782479340,2026-06-26T06:09:00-07:00,116.121785
1782479400,2026-06-26T06:10:00-07:00,116.121785
1782479460,2026-06-26T06:11:00-07:00,116.121785
1782479520,2026-06-26T06:12:00-07:00,116.121785
1782479580,2026-06-26T06:13:00-07:00,110.372884
1782479640,2026-06-26T06:14:00-07:00,110.372884
1782479700,2026-06-26T06:15:00-07:00,110.372884
1782479760,2026-06-26T06:16:00-07:00,110.372884
1782479820,2026-06-26T06:17:00-07:00,110.372884
1782479880,2026-06-26T06:18:00-07:00,111.432291
1782479940,2026-06-26T06:19:00-07:00,111.432291
1782480000,2026-06-26T06:20:00-07:00,111.432291
1782480060,2026-06-26T06:21:00-07:00,111.432291
1782480120,2026-06-26T06:22:00-07:00,111.432291
1782480180,2026-06-26T06:23:00-07:00,110.600342
1782480240,2026-06-26T06:24:00-07:00,110.600342
1782480300,2026-06-26T06:25:00-07:00,110.600342
1782480360,2026-06-26T06:26:00-07:00,110.600342
1782480420,2026-06-26T06:27:00-07:00,110.600342
1782480480,2026-06-26T06:28:00-07:00,106.19397
1782480540,2026-06-26T06:29:00-07:00,106.19397
1782480600,2026-06-26T06:30:00-07:00,106.19397
1782480660,2026-06-26T06:31:00-07:00,106.19397
1782480720,2026-06-26T06:32:00-07:00,106.19397
1782480780,2026-06-26T06:33:00-07:00,107.336832
1782480840,2026-06-26T06:34:00-07:00,107.336832
1782480900,2026-06-26T06:35:00-07:00,107.336832
1782480960,2026-06-26T06:36:00-07:00,107.336832
1782481020,2026-06-26T06:37:00-07:00,107.336832
1782481080,2026-06-26T06:38:00-07:00,111.497843
1782481140,2026-06-26T06:39:00-07:00,111.497843
1782481200,2026-06-26T06:40:00-07:00,111.497843
1782481260,2026-06-26T06:41:00-07:00,111.497843
1782481320,2026-06-26T06:42:00-07:00,111.497843
1782481440,2026-06-26T06:44:00-07:00,116.689169
1782481500,2026-06-26T06:45:00-07:00,116.689169
1782481560,2026-06-26T06:46:00-07:00,116.689169
1782481620,2026-06-26T06:47:00-07:00,116.689169
1782481680,2026-06-26T06:48:00-07:00,116.689169
1782481740,2026-06-26T06:49:00-07:00,115.972657
1782481800,2026-06-26T06:50:00-07:00,115.972657
1782481860,2026-06-26T06:51:00-07:00,115.972657
1782481920,2026-06-26T06:52:00-07:00,115.972657
1782481980,2026-06-26T06:53:00-07:00,115.972657
1782482040,2026-06-26T06:54:00-07:00,99.557129
1782482100,2026-06-26T06:55:00-07:00,99.557129
1782482160,2026-06-26T06:56:00-07:00,99.557129
1782482220,2026-06-26T06:57:00-07:00,99.557129
1782482280,2026-06-26T06:58:00-07:00,99.557129
1782482340,2026-06-26T06:59:00-07:00,110.6875
1782482400,2026-06-26T07:00:00-07:00,110.6875
1782482460,2026-06-26T07:01:00-07:00,110.6875
1782482520,2026-06-26T07:02:00-07:00,110.6875
1782482580,2026-06-26T07:03:00-07:00,110.6875
1782482640,2026-06-26T07:04:00-07:00,116.353353
1782482700,2026-06-26T07:05:00-07:00,116.353353
1782482760,2026-06-26T07:06:00-07:00,116.353353
1782482820,2026-06-26T07:07:00-07:00,116.353353
1782482880,2026-06-26T07:08:00-07:00,116.353353
1782482940,2026-06-26T07:09:00-07:00,101.665731
1782483000,2026-06-26T07:10:00-07:00,101.665731
1782483060,2026-06-26T07:11:00-07:00,101.665731
1782483120,2026-06-26T07:12:00-07:00,101.665731
1782483180,2026-06-26T07:13:00-07:00,101.665731
1782483240,2026-06-26T07:14:00-07:00,117.424072
1782483300,2026-06-26T07:15:00-07:00,117.424072
1782483360,2026-06-26T07:16:00-07:00,117.424072
1782483420,2026-06-26T07:17:00-07:00,117.424072
1782483480,2026-06-26T07:18:00-07:00,117.424072
1782483540,2026-06-26T07:19:00-07:00,128.728964
1782483600,2026-06-26T07:20:00-07:00,128.728964
1782483660,2026-06-26T07:21:00-07:00,128.728964
1782483720,2026-06-26T07:22:00-07:00,128.728964
1782483780,2026-06-26T07:23:00-07:00,128.728964
1782483900,2026-06-26T07:25:00-07:00,120.149699
1782483960,2026-06-26T07:26:00-07:00,120.149699
1782484020,2026-06-26T07:27:00-07:00,120.149699
1782484080,2026-06-26T07:28:00-07:00,120.149699
1782484140,2026-06-26T07:29:00-07:00,120.149699
1782484200,2026-06-26T07:30:00-07:00,134.97461
1782484260,2026-06-26T07:31:00-07:00,134.97461
1782484320,2026-06-26T07:32:00-07:00,134.97461
1782484380,2026-06-26T07:33:00-07:00,134.97461
1782484440,2026-06-26T07:34:00-07:00,134.97461
1782484560,2026-06-26T07:36:00-07:00,116.056763
1782484620,2026-06-26T07:37:00-07:00,116.056763
1782484680,2026-06-26T07:38:00-07:00,116.056763
1782484740,2026-06-26T07:39:00-07:00,116.056763
1782484800,2026-06-26T07:40:00-07:00,116.056763
1782485280,2026-06-26T07:48:00-07:00,144.797689
1782485340,2026-06-26T07:49:00-07:00,144.797689
1782485400,2026-06-26T07:50:00-07:00,144.797689
1782485460,2026-06-26T07:51:00-07:00,144.797689
1782485520,2026-06-26T07:52:00-07:00,144.797689
1782485580,2026-06-26T07:53:00-07:00,149.606486
1782485640,2026-06-26T07:54:00-07:00,149.606486
1782485700,2026-06-26T07:55:00-07:00,149.606486
1782485760,2026-06-26T07:56:00-07:00,149.606486
1782485820,2026-06-26T07:57:00-07:00,149.606486
1782485880,2026-06-26T07:58:00-07:00,138.025513
1782485940,2026-06-26T07:59:00-07:00,138.025513
1782486000,2026-06-26T08:00:00-07:00,138.025513
1782486060,2026-06-26T08:01:00-07:00,138.025513
1782486120,2026-06-26T08:02:00-07:00,138.025513
1782486240,2026-06-26T08:04:00-07:00,129.89449
1782486300,2026-06-26T08:05:00-07:00,129.89449
1782486360,2026-06-26T08:06:00-07:00,129.89449
1782486420,2026-06-26T08:07:00-07:00,129.89449
1782486480,2026-06-26T08:08:00-07:00,129.89449
1782486540,2026-06-26T08:09:00-07:00,121.89974
1782486600,2026-06-26T08:10:00-07:00,121.89974
1782486660,2026-06-26T08:11:00-07:00,121.89974
1782486720,2026-06-26T08:12:00-07:00,121.89974
1782486780,2026-06-26T08:13:00-07:00,121.89974
1782487560,2026-06-26T08:26:00-07:00,83.888306
1782487620,2026-06-26T08:27:00-07:00,83.888306
1782487680,2026-06-26T08:28:00-07:00,83.888306
1782487740,2026-06-26T08:29:00-07:00,83.888306
1782487800,2026-06-26T08:30:00-07:00,83.888306
1782487860,2026-06-26T08:31:00-07:00,134.662842
1782487920,2026-06-26T08:32:00-07:00,134.662842
1782487980,2026-06-26T08:33:00-07:00,134.662842
1782488040,2026-06-26T08:34:00-07:00,134.662842
1782488100,2026-06-26T08:35:00-07:00,134.662842
1782488160,2026-06-26T08:36:00-07:00,131.51062
1782488220,2026-06-26T08:37:00-07:00,131.51062
1782488280,2026-06-26T08:38:00-07:00,131.51062
1782488340,2026-06-26T08:39:00-07:00,131.51062
1782488400,2026-06-26T08:40:00-07:00,131.51062
1782489360,2026-06-26T08:56:00-07:00,118.41158
1782489420,2026-06-26T08:57:00-07:00,118.41158
1782489480,2026-06-26T08:58:00-07:00,118.41158
1782489540,2026-06-26T08:59:00-07:00,118.41158
1782489600,2026-06-26T09:00:00-07:00,118.41158
1782489720,2026-06-26T09:02:00-07:00,131.015992
1782489780,2026-06-26T09:03:00-07:00,131.015992
1782489840,2026-06-26T09:04:00-07:00,131.015992
1782489900,2026-06-26T09:05:00-07:00,131.015992
1782489960,2026-06-26T09:06:00-07:00,131.015992
1782490020,2026-06-26T09:07:00-07:00,112.155559
1782490080,2026-06-26T09:08:00-07:00,112.155559
1782490140,2026-06-26T09:09:00-07:00,112.155559
1782490200,2026-06-26T09:10:00-07:00,112.155559
1782490260,2026-06-26T09:11:00-07:00,112.155559
1782490380,2026-06-26T09:13:00-07:00,114.627767
1782490440,2026-06-26T09:14:00-07:00,114.627767
1782490500,2026-06-26T09:15:00-07:00,114.627767
1782490560,2026-06-26T09:16:00-07:00,114.627767
1782490620,2026-06-26T09:17:00-07:00,114.627767
1782490740,2026-06-26T09:19:00-07:00,101.540569
1782490800,2026-06-26T09:20:00-07:00,101.540569
1782490860,2026-06-26T09:21:00-07:00,101.540569
1782490920,2026-06-26T09:22:00-07:00,101.540569
1782490980,2026-06-26T09:23:00-07:00,101.540569
1782492180,2026-06-26T09:43:00-07:00,103.651123
1782492240,2026-06-26T09:44:00-07:00,103.651123
1782492300,2026-06-26T09:45:00-07:00,103.651123
1782492360,2026-06-26T09:46:00-07:00,103.651123
1782492420,2026-06-26T09:47:00-07:00,103.651123
1782492540,2026-06-26T09:49:00-07:00,111.959676
1782492600,2026-06-26T09:50:00-07:00,111.959676
1782492660,2026-06-26T09:51:00-07:00,111.959676
1782492720,2026-06-26T09:52:00-07:00,111.959676
1782492780,2026-06-26T09:53:00-07:00,111.959676
1782492900,2026-06-26T09:55:00-07:00,124.858643
1782492960,2026-06-26T09:56:00-07:00,124.858643
1782493020,2026-06-26T09:57:00-07:00,124.858643
1782493080,2026-06-26T09:58:00-07:00,124.858643
1782493140,2026-06-26T09:59:00-07:00,124.858643
1782493500,2026-06-26T10:05:00-07:00,143.857015
1782493560,2026-06-26T10:06:00-07:00,143.857015
1782493620,2026-06-26T10:07:00-07:00,143.857015
1782493680,2026-06-26T10:08:00-07:00,143.857015
1782493740,2026-06-26T10:09:00-07:00,143.857015
1782493800,2026-06-26T10:10:00-07:00,119.385132
1782493860,2026-06-26T10:11:00-07:00,119.385132
1782493920,2026-06-26T10:12:00-07:00,119.385132
1782493980,2026-06-26T10:13:00-07:00,119.385132
1782494040,2026-06-26T10:14:00-07:00,119.385132
1782494460,2026-06-26T10:21:00-07:00,127.355713
1782494520,2026-06-26T10:22:00-07:00,127.355713
1782494580,2026-06-26T10:23:00-07:00,127.355713
1782494640,2026-06-26T10:24:00-07:00,127.355713
1782494700,2026-06-26T10:25:00-07:00,127.355713
1782494760,2026-06-26T10:26:00-07:00,111.829061
1782494820,2026-06-26T10:27:00-07:00,111.829061
1782494880,2026-06-26T10:28:00-07:00,111.829061
1782494940,2026-06-26T10:29:00-07:00,111.829061
1782495000,2026-06-26T10:30:00-07:00,111.829061
1782495060,2026-06-26T10:31:00-07:00,114.908081
1782495120,2026-06-26T10:32:00-07:00,114.908081
1782495180,2026-06-26T10:33:00-07:00,114.908081
1782495240,2026-06-26T10:34:00-07:00,114.908081
1782495300,2026-06-26T10:35:00-07:00,114.908081
1782495360,2026-06-26T10:36:00-07:00,103.878052
1782495420,2026-06-26T10:37:00-07:00,103.878052
1782495480,2026-06-26T10:38:00-07:00,103.878052
1782495540,2026-06-26T10:39:00-07:00,103.878052
1782495600,2026-06-26T10:40:00-07:00,103.878052
1782495660,2026-06-26T10:41:00-07:00,137.8903
1782495720,2026-06-26T10:42:00-07:00,137.8903
1782495780,2026-06-26T10:43:00-07:00,137.8903
1782495840,2026-06-26T10:44:00-07:00,137.8903
1782495900,2026-06-26T10:45:00-07:00,137.8903
1782496080,2026-06-26T10:48:00-07:00,134.51591
1782496140,2026-06-26T10:49:00-07:00,134.51591
1782496200,2026-06-26T10:50:00-07:00,134.51591
1782496260,2026-06-26T10:51:00-07:00,134.51591
1782496320,2026-06-26T10:52:00-07:00,134.51591
1782496440,2026-06-26T10:54:00-07:00,124.607259
1782496500,2026-06-26T10:55:00-07:00,124.607259
1782496560,2026-06-26T10:56:00-07:00,124.607259
1782496620,2026-06-26T10:57:00-07:00,124.607259
1782496680,2026-06-26T10:58:00-07:00,124.607259
1782496800,2026-06-26T11:00:00-07:00,107.065471
1782496860,2026-06-26T11:01:00-07:00,107.065471
1782496920,2026-06-26T11:02:00-07:00,107.065471
1782496980,2026-06-26T11:03:00-07:00,107.065471
1782497040,2026-06-26T11:04:00-07:00,107.065471
1782497100,2026-06-26T11:05:00-07:00,133.352498
1782497160,2026-06-26T11:06:00-07:00,133.352498
1782497220,2026-06-26T11:07:00-07:00,133.352498
1782497280,2026-06-26T11:08:00-07:00,133.352498
1782497340,2026-06-26T11:09:00-07:00,133.352498
1782497700,2026-06-26T11:15:00-07:00,132.02299
1782497760,2026-06-26T11:16:00-07:00,132.02299
1782497820,2026-06-26T11:17:00-07:00,132.02299
1782497880,2026-06-26T11:18:00-07:00,132.02299
1782497940,2026-06-26T11:19:00-07:00,132.02299
1782498000,2026-06-26T11:20:00-07:00,121.157755
1782498060,2026-06-26T11:21:00-07:00,121.157755
1782498120,2026-06-26T11:22:00-07:00,121.157755
1782498180,2026-06-26T11:23:00-07:00,121.157755
1782498240,2026-06-26T11:24:00-07:00,121.157755
1782498300,2026-06-26T11:25:00-07:00,122.500611
1782498360,2026-06-26T11:26:00-07:00,122.500611
1782498420,2026-06-26T11:27:00-07:00,122.500611
1782498480,2026-06-26T11:28:00-07:00,122.500611
1782498540,2026-06-26T11:29:00-07:00,122.500611
1782498600,2026-06-26T11:30:00-07:00,121.961588
1782498660,2026-06-26T11:31:00-07:00,121.961588
1782498720,2026-06-26T11:32:00-07:00,121.961588
1782498780,2026-06-26T11:33:00-07:00,121.961588
1782498840,2026-06-26T11:34:00-07:00,121.961588
1782498900,2026-06-26T11:35:00-07:00,112.468384
1782498960,2026-06-26T11:36:00-07:00,112.468384
1782499020,2026-06-26T11:37:00-07:00,112.468384
1782499080,2026-06-26T11:38:00-07:00,112.468384
1782499140,2026-06-26T11:39:00-07:00,112.468384
1782499200,2026-06-26T11:40:00-07:00,108.542237
1782499260,2026-06-26T11:41:00-07:00,108.542237
1782499320,2026-06-26T11:42:00-07:00,108.542237
1782499380,2026-06-26T11:43:00-07:00,108.542237
1782499440,2026-06-26T11:44:00-07:00,108.542237
1782499500,2026-06-26T11:45:00-07:00,143.139038
1782499560,2026-06-26T11:46:00-07:00,143.139038
1782499620,2026-06-26T11:47:00-07:00,143.139038
1782499680,2026-06-26T11:48:00-07:00,143.139038
1782499740,2026-06-26T11:49:00-07:00,143.139038
1782499800,2026-06-26T11:50:00-07:00,129.184529
1782499860,2026-06-26T11:51:00-07:00,129.184529
1782499920,2026-06-26T11:52:00-07:00,129.184529
1782499980,2026-06-26T11:53:00-07:00,129.184529
1782500040,2026-06-26T11:54:00-07:00,129.184529
1782500100,2026-06-26T11:55:00-07:00,126.569743
1782500160,2026-06-26T11:56:00-07:00,126.569743
1782500220,2026-06-26T11:57:00-07:00,126.569743
1782500280,2026-06-26T11:58:00-07:00,126.569743
1782500340,2026-06-26T11:59:00-07:00,126.569743
1782500460,2026-06-26T12:01:00-07:00,120.51884
1782500520,2026-06-26T12:02:00-07:00,120.51884
1782500580,2026-06-26T12:03:00-07:00,120.51884
1782500640,2026-06-26T12:04:00-07:00,120.51884
1782500700,2026-06-26T12:05:00-07:00,120.51884
1782500760,2026-06-26T12:06:00-07:00,107.27417
1782500820,2026-06-26T12:07:00-07:00,107.27417
1782500880,2026-06-26T12:08:00-07:00,107.27417
1782500940,2026-06-26T12:09:00-07:00,107.27417
1782501000,2026-06-26T12:10:00-07:00,107.27417
1782501180,2026-06-26T12:13:00-07:00,161.146444
1782501240,2026-06-26T12:14:00-07:00,161.146444
1782501300,2026-06-26T12:15:00-07:00,161.146444
1782501360,2026-06-26T12:16:00-07:00,161.146444
1782501420,2026-06-26T12:17:00-07:00,161.146444
1782501600,2026-06-26T12:20:00-07:00,115.173422
1782501660,2026-06-26T12:21:00-07:00,115.173422
1782501720,2026-06-26T12:22:00-07:00,115.173422
1782501780,2026-06-26T12:23:00-07:00,115.173422
1782501840,2026-06-26T12:24:00-07:00,115.173422
1782501900,2026-06-26T12:25:00-07:00,152.369181
1782501960,2026-06-26T12:26:00-07:00,152.369181
1782502020,2026-06-26T12:27:00-07:00,152.369181
1782502080,2026-06-26T12:28:00-07:00,152.369181
1782502140,2026-06-26T12:29:00-07:00,152.369181
1782502200,2026-06-26T12:30:00-07:00,118.718668
1782502260,2026-06-26T12:31:00-07:00,118.718668
1782502320,2026-06-26T12:32:00-07:00,118.718668
1782502380,2026-06-26T12:33:00-07:00,118.718668
1782502440,2026-06-26T12:34:00-07:00,118.718668
1782502680,2026-06-26T12:38:00-07:00,109.638143
1782502740,2026-06-26T12:39:00-07:00,109.638143
1782502800,2026-06-26T12:40:00-07:00,109.638143
1782502860,2026-06-26T12:41:00-07:00,109.638143
1782502920,2026-06-26T12:42:00-07:00,109.638143
1782502980,2026-06-26T12:43:00-07:00,148.65446
1782503040,2026-06-26T12:44:00-07:00,148.65446
1782503100,2026-06-26T12:45:00-07:00,148.65446
1782503160,2026-06-26T12:46:00-07:00,148.65446
1782503220,2026-06-26T12:47:00-07:00,148.65446
1782503280,2026-06-26T12:48:00-07:00,130.088908
1782503340,2026-06-26T12:49:00-07:00,130.088908
1782503400,2026-06-26T12:50:00-07:00,130.088908
1782503460,2026-06-26T12:51:00-07:00,130.088908
1782503520,2026-06-26T12:52:00-07:00,130.088908
1782503580,2026-06-26T12:53:00-07:00,123.346151
1782503640,2026-06-26T12:54:00-07:00,123.346151
1782503700,2026-06-26T12:55:00-07:00,123.346151
1782503760,2026-06-26T12:56:00-07:00,123.346151
1782503820,2026-06-26T12:57:00-07:00,123.346151
1782503940,2026-06-26T12:59:00-07:00,106.677287
1782504000,2026-06-26T13:00:00-07:00,106.677287
1782504060,2026-06-26T13:01:00-07:00,106.677287
1782504120,2026-06-26T13:02:00-07:00,106.677287
1782504180,2026-06-26T13:03:00-07:00,106.677287
1782504240,2026-06-26T13:04:00-07:00,111.199951
1782504300,2026-06-26T13:05:00-07:00,111.199951
1782504360,2026-06-26T13:06:00-07:00,111.199951
1782504420,2026-06-26T13:07:00-07:00,111.199951
1782504480,2026-06-26T13:08:00-07:00,111.199951
1782504540,2026-06-26T13:09:00-07:00,138.611491
1782504600,2026-06-26T13:10:00-07:00,138.611491
1782504660,2026-06-26T13:11:00-07:00,138.611491
1782504720,2026-06-26T13:12:00-07:00,138.611491
1782504780,2026-06-26T13:13:00-07:00,138.611491
1782504840,2026-06-26T13:14:00-07:00,151.754069
1782504900,2026-06-26T13:15:00-07:00,151.754069
1782504960,2026-06-26T13:16:00-07:00,151.754069
1782505020,2026-06-26T13:17:00-07:00,151.754069
1782505080,2026-06-26T13:18:00-07:00,151.754069
1782505200,2026-06-26T13:20:00-07:00,130.138509
1782505260,2026-06-26T13:21:00-07:00,130.138509
1782505320,2026-06-26T13:22:00-07:00,130.138509
1782505380,2026-06-26T13:23:00-07:00,130.138509
1782505440,2026-06-26T13:24:00-07:00,130.138509
1782505620,2026-06-26T13:27:00-07:00,109.093628
1782505680,2026-06-26T13:28:00-07:00,109.093628
1782505740,2026-06-26T13:29:00-07:00,109.093628
1782505800,2026-06-26T13:30:00-07:00,109.093628
1782505860,2026-06-26T13:31:00-07:00,109.093628
1782506040,2026-06-26T13:34:00-07:00,118.859334
1782506100,2026-06-26T13:35:00-07:00,118.859334
1782506160,2026-06-26T13:36:00-07:00,118.859334
1782506220,2026-06-26T13:37:00-07:00,118.859334
1782506280,2026-06-26T13:38:00-07:00,118.859334
1782506340,2026-06-26T13:39:00-07:00,143.393432
1782506400,2026-06-26T13:40:00-07:00,143.393432
1782506460,2026-06-26T13:41:00-07:00,143.393432
1782506520,2026-06-26T13:42:00-07:00,143.393432
1782506580,2026-06-26T13:43:00-07:00,143.393432
1782506640,2026-06-26T13:44:00-07:00,210.433879
1782506700,2026-06-26T13:45:00-07:00,210.433879
1782506760,2026-06-26T13:46:00-07:00,210.433879
1782506820,2026-06-26T13:47:00-07:00,210.433879
1782506880,2026-06-26T13:48:00-07:00,210.433879
1782507000,2026-06-26T13:50:00-07:00,116.064413
1782507060,2026-06-26T13:51:00-07:00,116.064413
1782507120,2026-06-26T13:52:00-07:00,116.064413
1782507180,2026-06-26T13:53:00-07:00,116.064413
1782507240,2026-06-26T13:54:00-07:00,116.064413
1782507360,2026-06-26T13:56:00-07:00,133.465047
1782507420,2026-06-26T13:57:00-07:00,133.465047
1782507480,2026-06-26T13:58:00-07:00,133.465047
1782507540,2026-06-26T13:59:00-07:00,133.465047
1782507600,2026-06-26T14:00:00-07:00,133.465047
1782507720,2026-06-26T14:02:00-07:00,104.320435
1782507780,2026-06-26T14:03:00-07:00,104.320435
1782507840,2026-06-26T14:04:00-07:00,104.320435
1782507900,2026-06-26T14:05:00-07:00,104.320435
1782507960,2026-06-26T14:06:00-07:00,104.320435
1782508140,2026-06-26T14:09:00-07:00,104.741252
1782508200,2026-06-26T14:10:00-07:00,104.741252
1782508260,2026-06-26T14:11:00-07:00,104.741252
1782508320,2026-06-26T14:12:00-07:00,104.741252
1782508380,2026-06-26T14:13:00-07:00,104.741252
1782508500,2026-06-26T14:15:00-07:00,113.659546
1782508560,2026-06-26T14:16:00-07:00,113.659546
1782508620,2026-06-26T14:17:00-07:00,113.659546
1782508680,2026-06-26T14:18:00-07:00,113.659546
1782508740,2026-06-26T14:19:00-07:00,113.659546
1782508920,2026-06-26T14:22:00-07:00,115.840332
1782508980,2026-06-26T14:23:00-07:00,115.840332
1782509040,2026-06-26T14:24:00-07:00,115.840332
1782509100,2026-06-26T14:25:00-07:00,115.840332
1782509160,2026-06-26T14:26:00-07:00,115.840332
1782509340,2026-06-26T14:29:00-07:00,113.636556
1782509400,2026-06-26T14:30:00-07:00,113.636556
1782509460,2026-06-26T14:31:00-07:00,113.636556
1782509520,2026-06-26T14:32:00-07:00,113.636556
1782509580,2026-06-26T14:33:00-07:00,113.636556
1782509700,2026-06-26T14:35:00-07:00,142.490967
1782509760,2026-06-26T14:36:00-07:00,142.490967
1782509820,2026-06-26T14:37:00-07:00,142.490967
1782509880,2026-06-26T14:38:00-07:00,142.490967
1782509940,2026-06-26T14:39:00-07:00,142.490967
1782510000,2026-06-26T14:40:00-07:00,126.903117
1782510060,2026-06-26T14:41:00-07:00,126.903117
1782510120,2026-06-26T14:42:00-07:00,126.903117
1782510180,2026-06-26T14:43:00-07:00,126.903117
1782510240,2026-06-26T14:44:00-07:00,126.903117
1782510360,2026-06-26T14:46:00-07:00,117.818889
1782510420,2026-06-26T14:47:00-07:00,117.818889
1782510480,2026-06-26T14:48:00-07:00,117.818889
1782510540,2026-06-26T14:49:00-07:00,117.818889
1782510600,2026-06-26T14:50:00-07:00,117.818889
1782510660,2026-06-26T14:51:00-07:00,103.067016
1782510720,2026-06-26T14:52:00-07:00,103.067016
1782510780,2026-06-26T14:53:00-07:00,103.067016
1782510840,2026-06-26T14:54:00-07:00,103.067016
1782510900,2026-06-26T14:55:00-07:00,103.067016
1782510960,2026-06-26T14:56:00-07:00,104.241292
1782511020,2026-06-26T14:57:00-07:00,104.241292
1782511080,2026-06-26T14:58:00-07:00,104.241292
1782511140,2026-06-26T14:59:00-07:00,104.241292
1782511200,2026-06-26T15:00:00-07:00,104.241292
1782511380,2026-06-26T15:03:00-07:00,140.589274
1782511440,2026-06-26T15:04:00-07:00,140.589274
1782511500,2026-06-26T15:05:00-07:00,140.589274
1782511560,2026-06-26T15:06:00-07:00,140.589274
1782511620,2026-06-26T15:07:00-07:00,140.589274
1782511740,2026-06-26T15:09:00-07:00,122.56372
1782511800,2026-06-26T15:10:00-07:00,122.56372
1782511860,2026-06-26T15:11:00-07:00,122.56372
1782511920,2026-06-26T15:12:00-07:00,122.56372
1782511980,2026-06-26T15:13:00-07:00,122.56372
1782512100,2026-06-26T15:15:00-07:00,129.012817
1782512160,2026-06-26T15:16:00-07:00,129.012817
1782512220,2026-06-26T15:17:00-07:00,129.012817
1782512280,2026-06-26T15:18:00-07:00,129.012817
1782512340,2026-06-26T15:19:00-07:00,129.012817
1782512400,2026-06-26T15:20:00-07:00,114.275269
1782512460,2026-06-26T15:21:00-07:00,114.275269
1782512520,2026-06-26T15:22:00-07:00,114.275269
1782512580,2026-06-26T15:23:00-07:00,114.275269
1782512640,2026-06-26T15:24:00-07:00,114.275269
1782512700,2026-06-26T15:25:00-07:00,114.481689
1782512760,2026-06-26T15:26:00-07:00,114.481689
1782512820,2026-06-26T15:27:00-07:00,114.481689
1782512880,2026-06-26T15:28:00-07:00,114.481689
1782512940,2026-06-26T15:29:00-07:00,114.481689
1782513000,2026-06-26T15:30:00-07:00,127.245402
1782513060,2026-06-26T15:31:00-07:00,127.245402
1782513120,2026-06-26T15:32:00-07:00,127.245402
1782513180,2026-06-26T15:33:00-07:00,127.245402
1782513240,2026-06-26T15:34:00-07:00,127.245402
1782513660,2026-06-26T15:41:00-07:00,95.362182
1782513720,2026-06-26T15:42:00-07:00,95.362182
1782513780,2026-06-26T15:43:00-07:00,95.362182
1782513840,2026-06-26T15:44:00-07:00,95.362182
1782513900,2026-06-26T15:45:00-07:00,95.362182
1782514080,2026-06-26T15:48:00-07:00,130.175741
1782514140,2026-06-26T15:49:00-07:00,130.175741
1782514200,2026-06-26T15:50:00-07:00,130.175741
1782514260,2026-06-26T15:51:00-07:00,130.175741
1782514320,2026-06-26T15:52:00-07:00,130.175741
1782514440,2026-06-26T15:54:00-07:00,144.006795
1782514500,2026-06-26T15:55:00-07:00,144.006795
1782514560,2026-06-26T15:56:00-07:00,144.006795
1782514620,2026-06-26T15:57:00-07:00,144.006795
1782514680,2026-06-26T15:58:00-07:00,144.006795
1782514800,2026-06-26T16:00:00-07:00,132.904012
1782514860,2026-06-26T16:01:00-07:00,132.904012
1782514920,2026-06-26T16:02:00-07:00,132.904012
1782514980,2026-06-26T16:03:00-07:00,132.904012
1782515040,2026-06-26T16:04:00-07:00,132.904012
1782515160,2026-06-26T16:06:00-07:00,107.693482
1782515220,2026-06-26T16:07:00-07:00,107.693482
1782515280,2026-06-26T16:08:00-07:00,107.693482
1782515340,2026-06-26T16:09:00-07:00,107.693482
1782515400,2026-06-26T16:10:00-07:00,107.693482
1782515460,2026-06-26T16:11:00-07:00,110.641845
1782515520,2026-06-26T16:12:00-07:00,110.641845
1782515580,2026-06-26T16:13:00-07:00,110.641845
1782515640,2026-06-26T16:14:00-07:00,110.641845
1782515700,2026-06-26T16:15:00-07:00,110.641845
1782515760,2026-06-26T16:16:00-07:00,134.84261
1782515820,2026-06-26T16:17:00-07:00,134.84261
1782515880,2026-06-26T16:18:00-07:00,134.84261
1782515940,2026-06-26T16:19:00-07:00,134.84261
1782516000,2026-06-26T16:20:00-07:00,134.84261
1782516060,2026-06-26T16:21:00-07:00,108.183105
1782516120,2026-06-26T16:22:00-07:00,108.183105
1782516180,2026-06-26T16:23:00-07:00,108.183105
1782516240,2026-06-26T16:24:00-07:00,108.183105
1782516300,2026-06-26T16:25:00-07:00,108.183105
1782516480,2026-06-26T16:28:00-07:00,112.623332
1782516540,2026-06-26T16:29:00-07:00,112.623332
1782516600,2026-06-26T16:30:00-07:00,112.623332
1782516660,2026-06-26T16:31:00-07:00,112.623332
1782516720,2026-06-26T16:32:00-07:00,112.623332
1782516840,2026-06-26T16:34:00-07:00,122.351359
1782516900,2026-06-26T16:35:00-07:00,122.351359
1782516960,2026-06-26T16:36:00-07:00,122.351359
1782517020,2026-06-26T16:37:00-07:00,122.351359
1782517080,2026-06-26T16:38:00-07:00,122.351359
1782517140,2026-06-26T16:39:00-07:00,130.657715
1782517200,2026-06-26T16:40:00-07:00,130.657715
1782517260,2026-06-26T16:41:00-07:00,130.657715
1782517320,2026-06-26T16:42:00-07:00,130.657715
1782517380,2026-06-26T16:43:00-07:00,130.657715
1782517500,2026-06-26T16:45:00-07:00,118.425577
1782517560,2026-06-26T16:46:00-07:00,118.425577
1782517620,2026-06-26T16:47:00-07:00,118.425577
1782517680,2026-06-26T16:48:00-07:00,118.425577
1782517740,2026-06-26T16:49:00-07:00,118.425577
1782517860,2026-06-26T16:51:00-07:00,115.789876
1782517920,2026-06-26T16:52:00-07:00,115.789876
1782517980,2026-06-26T16:53:00-07:00,115.789876
1782518040,2026-06-26T16:54:00-07:00,115.789876
1782518100,2026-06-26T16:55:00-07:00,115.789876
1782518160,2026-06-26T16:56:00-07:00,124.430745
1782518220,2026-06-26T16:57:00-07:00,124.430745
1782518280,2026-06-26T16:58:00-07:00,124.430745
1782518340,2026-06-26T16:59:00-07:00,124.430745
1782518400,2026-06-26T17:00:00-07:00,124.430745
1782518460,2026-06-26T17:01:00-07:00,139.136678
1782518520,2026-06-26T17:02:00-07:00,139.136678
1782518580,2026-06-26T17:03:00-07:00,139.136678
1782518640,2026-06-26T17:04:00-07:00,139.136678
1782518700,2026-06-26T17:05:00-07:00,139.136678
1782518760,2026-06-26T17:06:00-07:00,147.224568
1782518820,2026-06-26T17:07:00-07:00,147.224568
1782518880,2026-06-26T17:08:00-07:00,147.224568
1782518940,2026-06-26T17:09:00-07:00,147.224568
1782519000,2026-06-26T17:10:00-07:00,147.224568
1782519180,2026-06-26T17:13:00-07:00,118.285971
1782519240,2026-06-26T17:14:00-07:00,118.285971
1782519300,2026-06-26T17:15:00-07:00,118.285971
1782519360,2026-06-26T17:16:00-07:00,118.285971
1782519420,2026-06-26T17:17:00-07:00,118.285971
1782519480,2026-06-26T17:18:00-07:00,126.246257
1782519540,2026-06-26T17:19:00-07:00,126.246257
1782519600,2026-06-26T17:20:00-07:00,126.246257
1782519660,2026-06-26T17:21:00-07:00,126.246257
1782519720,2026-06-26T17:22:00-07:00,126.246257
1782519840,2026-06-26T17:24:00-07:00,138.828287
1782519900,2026-06-26T17:25:00-07:00,138.828287
1782519960,2026-06-26T17:26:00-07:00,138.828287
1782520020,2026-06-26T17:27:00-07:00,138.828287
1782520080,2026-06-26T17:28:00-07:00,138.828287
1782520200,2026-06-26T17:30:00-07:00,110.395589
1782520260,2026-06-26T17:31:00-07:00,110.395589
1782520320,2026-06-26T17:32:00-07:00,110.395589
1782520380,2026-06-26T17:33:00-07:00,110.395589
1782520440,2026-06-26T17:34:00-07:00,110.395589
1782520560,2026-06-26T17:36:00-07:00,104.234334
1782520620,2026-06-26T17:37:00-07:00,104.234334
1782520680,2026-06-26T17:38:00-07:00,104.234334
1782520740,2026-06-26T17:39:00-07:00,104.234334
1782520800,2026-06-26T17:40:00-07:00,104.234334
1782520860,2026-06-26T17:41:00-07:00,136.999023
1782520920,2026-06-26T17:42:00-07:00,136.999023
1782520980,2026-06-26T17:43:00-07:00,136.999023
1782521040,2026-06-26T17:44:00-07:00,136.999023
1782521100,2026-06-26T17:45:00-07:00,136.999023
1782521160,2026-06-26T17:46:00-07:00,143.601684
1782521220,2026-06-26T17:47:00-07:00,143.601684
1782521280,2026-06-26T17:48:00-07:00,143.601684
1782521340,2026-06-26T17:49:00-07:00,143.601684
1782521400,2026-06-26T17:50:00-07:00,143.601684
1782521520,2026-06-26T17:52:00-07:00,137.165772
1782521580,2026-06-26T17:53:00-07:00,137.165772
1782521640,2026-06-26T17:54:00-07:00,137.165772
1782521700,2026-06-26T17:55:00-07:00,137.165772
1782521760,2026-06-26T17:56:00-07:00,137.165772
1782521940,2026-06-26T17:59:00-07:00,113.546793
1782522000,2026-06-26T18:00:00-07:00,113.546793
1782522060,2026-06-26T18:01:00-07:00,113.546793
1782522120,2026-06-26T18:02:00-07:00,113.546793
1782522180,2026-06-26T18:03:00-07:00,113.546793
1782522660,2026-06-26T18:11:00-07:00,112.482992
1782522720,2026-06-26T18:12:00-07:00,112.482992
1782522780,2026-06-26T18:13:00-07:00,112.482992
1782522840,2026-06-26T18:14:00-07:00,112.482992
1782522900,2026-06-26T18:15:00-07:00,112.482992
1782522960,2026-06-26T18:16:00-07:00,115.628622
1782523020,2026-06-26T18:17:00-07:00,115.628622
1782523080,2026-06-26T18:18:00-07:00,115.628622
1782523140,2026-06-26T18:19:00-07:00,115.628622
1782523200,2026-06-26T18:20:00-07:00,115.628622
1782523380,2026-06-26T18:23:00-07:00,112.13794
1782523440,2026-06-26T18:24:00-07:00,112.13794
1782523500,2026-06-26T18:25:00-07:00,112.13794
1782523560,2026-06-26T18:26:00-07:00,112.13794
1782523620,2026-06-26T18:27:00-07:00,112.13794
1782523800,2026-06-26T18:30:00-07:00,161.530761
1782523860,2026-06-26T18:31:00-07:00,161.530761
1782523920,2026-06-26T18:32:00-07:00,161.530761
1782523980,2026-06-26T18:33:00-07:00,161.530761
1782524040,2026-06-26T18:34:00-07:00,161.530761
1782524160,2026-06-26T18:36:00-07:00,108.702759
1782524220,2026-06-26T18:37:00-07:00,108.702759
1782524280,2026-06-26T18:38:00-07:00,108.702759
1782524340,2026-06-26T18:39:00-07:00,108.702759
1782524400,2026-06-26T18:40:00-07:00,108.702759
1782524580,2026-06-26T18:43:00-07:00,122.664632
1782524640,2026-06-26T18:44:00-07:00,122.664632
1782524700,2026-06-26T18:45:00-07:00,122.664632
1782524760,2026-06-26T18:46:00-07:00,122.664632
1782524820,2026-06-26T18:47:00-07:00,122.664632
1782524940,2026-06-26T18:49:00-07:00,98.296102
1782525000,2026-06-26T18:50:00-07:00,98.296102
1782525060,2026-06-26T18:51:00-07:00,98.296102
1782525120,2026-06-26T18:52:00-07:00,98.296102
1782525180,2026-06-26T18:53:00-07:00,98.296102
1782525240,2026-06-26T18:54:00-07:00,166.438842
1782525300,2026-06-26T18:55:00-07:00,166.438842
1782525360,2026-06-26T18:56:00-07:00,166.438842
1782525420,2026-06-26T18:57:00-07:00,166.438842
1782525480,2026-06-26T18:58:00-07:00,166.438842
1782525540,2026-06-26T18:59:00-07:00,101.677816
1782525600,2026-06-26T19:00:00-07:00,101.677816
1782525660,2026-06-26T19:01:00-07:00,101.677816
1782525720,2026-06-26T19:02:00-07:00,101.677816
1782525780,2026-06-26T19:03:00-07:00,101.677816
1782525840,2026-06-26T19:04:00-07:00,79.708577
1782525900,2026-06-26T19:05:00-07:00,79.708577
1782525960,2026-06-26T19:06:00-07:00,79.708577
1782526020,2026-06-26T19:07:00-07:00,79.708577
1782526080,2026-06-26T19:08:00-07:00,79.708577
1782526140,2026-06-26T19:09:00-07:00,104.697876
1782526200,2026-06-26T19:10:00-07:00,104.697876
1782526260,2026-06-26T19:11:00-07:00,104.697876
1782526320,2026-06-26T19:12:00-07:00,104.697876
1782526380,2026-06-26T19:13:00-07:00,104.697876
1782526440,2026-06-26T19:14:00-07:00,124.897217
1782526500,2026-06-26T19:15:00-07:00,124.897217
1782526560,2026-06-26T19:16:00-07:00,124.897217
1782526620,2026-06-26T19:17:00-07:00,124.897217
1782526680,2026-06-26T19:18:00-07:00,124.897217
1782527040,2026-06-26T19:24:00-07:00,191.847981
1782527100,2026-06-26T19:25:00-07:00,191.847981
1782527160,2026-06-26T19:26:00-07:00,191.847981
1782527220,2026-06-26T19:27:00-07:00,191.847981
1782527280,2026-06-26T19:28:00-07:00,191.847981
1782527400,2026-06-26T19:30:00-07:00,120.157918
1782527460,2026-06-26T19:31:00-07:00,120.157918
1782527520,2026-06-26T19:32:00-07:00,120.157918
1782527580,2026-06-26T19:33:00-07:00,120.157918
1782527640,2026-06-26T19:34:00-07:00,120.157918
1782527700,2026-06-26T19:35:00-07:00,93.60437
1782527760,2026-06-26T19:36:00-07:00,93.60437
1782527820,2026-06-26T19:37:00-07:00,93.60437
1782527880,2026-06-26T19:38:00-07:00,93.60437
1782527940,2026-06-26T19:39:00-07:00,93.60437
1782528000,2026-06-26T19:40:00-07:00,102.172038
1782528060,2026-06-26T19:41:00-07:00,102.172038
1782528120,2026-06-26T19:42:00-07:00,102.172038
1782528180,2026-06-26T19:43:00-07:00,102.172038
1782528240,2026-06-26T19:44:00-07:00,102.172038
1782528360,2026-06-26T19:46:00-07:00,118.169393
1782528420,2026-06-26T19:47:00-07:00,118.169393
1782528480,2026-06-26T19:48:00-07:00,118.169393
1782528540,2026-06-26T19:49:00-07:00,118.169393
1782528600,2026-06-26T19:50:00-07:00,118.169393
1782528660,2026-06-26T19:51:00-07:00,124.523559
1782528720,2026-06-26T19:52:00-07:00,124.523559
1782528780,2026-06-26T19:53:00-07:00,124.523559
1782528840,2026-06-26T19:54:00-07:00,124.523559
1782528900,2026-06-26T19:55:00-07:00,124.523559
1782529020,2026-06-26T19:57:00-07:00,116.772421
1782529080,2026-06-26T19:58:00-07:00,116.772421
1782529140,2026-06-26T19:59:00-07:00,116.772421
1782529200,2026-06-26T20:00:00-07:00,116.772421
1782529260,2026-06-26T20:01:00-07:00,116.772421
1782529320,2026-06-26T20:02:00-07:00,108.904459
1782529380,2026-06-26T20:03:00-07:00,108.904459
1782529440,2026-06-26T20:04:00-07:00,108.904459
1782529500,2026-06-26T20:05:00-07:00,108.904459
1782529560,2026-06-26T20:06:00-07:00,108.904459
1782529680,2026-06-26T20:08:00-07:00,104.303141
1782529740,2026-06-26T20:09:00-07:00,104.303141
1782529800,2026-06-26T20:10:00-07:00,104.303141
1782529860,2026-06-26T20:11:00-07:00,104.303141
1782529920,2026-06-26T20:12:00-07:00,104.303141
1782529980,2026-06-26T20:13:00-07:00,111.967001
1782530040,2026-06-26T20:14:00-07:00,111.967001
1782530100,2026-06-26T20:15:00-07:00,111.967001
1782530160,2026-06-26T20:16:00-07:00,111.967001
1782530220,2026-06-26T20:17:00-07:00,111.967001
1782530340,2026-06-26T20:19:00-07:00,111.076619
1782530400,2026-06-26T20:20:00-07:00,111.076619
1782530460,2026-06-26T20:21:00-07:00,111.076619
1782530520,2026-06-26T20:22:00-07:00,111.076619
1782530580,2026-06-26T20:23:00-07:00,111.076619
1782530700,2026-06-26T20:25:00-07:00,131.805176
1782530760,2026-06-26T20:26:00-07:00,131.805176
1782530820,2026-06-26T20:27:00-07:00,131.805176
1782530880,2026-06-26T20:28:00-07:00,131.805176
1782530940,2026-06-26T20:29:00-07:00,131.805176
1782531060,2026-06-26T20:31:00-07:00,131.468465
1782531120,2026-06-26T20:32:00-07:00,131.468465
1782531180,2026-06-26T20:33:00-07:00,131.468465
1782531240,2026-06-26T20:34:00-07:00,131.468465
1782531300,2026-06-26T20:35:00-07:00,131.468465
1782531360,2026-06-26T20:36:00-07:00,121.491943
1782531420,2026-06-26T20:37:00-07:00,121.491943
1782531480,2026-06-26T20:38:00-07:00,121.491943
1782531540,2026-06-26T20:39:00-07:00,121.491943
1782531600,2026-06-26T20:40:00-07:00,121.491943
1782531720,2026-06-26T20:42:00-07:00,106.681152
1782531780,2026-06-26T20:43:00-07:00,106.681152
1782531840,2026-06-26T20:44:00-07:00,106.681152
1782531900,2026-06-26T20:45:00-07:00,106.681152
1782531960,2026-06-26T20:46:00-07:00,106.681152
1782532020,2026-06-26T20:47:00-07:00,114.955078
1782532080,2026-06-26T20:48:00-07:00,114.955078
1782532140,2026-06-26T20:49:00-07:00,114.955078
1782532200,2026-06-26T20:50:00-07:00,114.955078
1782532260,2026-06-26T20:51:00-07:00,114.955078
1782532440,2026-06-26T20:54:00-07:00,163.278605
1782532500,2026-06-26T20:55:00-07:00,163.278605
1782532560,2026-06-26T20:56:00-07:00,163.278605
1782532620,2026-06-26T20:57:00-07:00,163.278605
1782532680,2026-06-26T20:58:00-07:00,163.278605
1782532800,2026-06-26T21:00:00-07:00,114.677206
1782532860,2026-06-26T21:01:00-07:00,114.677206
1782532920,2026-06-26T21:02:00-07:00,114.677206
1782532980,2026-06-26T21:03:00-07:00,114.677206
1782533040,2026-06-26T21:04:00-07:00,114.677206
1782533100,2026-06-26T21:05:00-07:00,200.695882
1782533160,2026-06-26T21:06:00-07:00,200.695882
1782533220,2026-06-26T21:07:00-07:00,200.695882
1782533280,2026-06-26T21:08:00-07:00,200.695882
1782533340,2026-06-26T21:09:00-07:00,200.695882
1782533400,2026-06-26T21:10:00-07:00,129.34082
1782533460,2026-06-26T21:11:00-07:00,129.34082
1782533520,2026-06-26T21:12:00-07:00,129.34082
1782533580,2026-06-26T21:13:00-07:00,129.34082
1782533640,2026-06-26T21:14:00-07:00,129.34082
1782533760,2026-06-26T21:16:00-07:00,130.877198
1782533820,2026-06-26T21:17:00-07:00,130.877198
1782533880,2026-06-26T21:18:00-07:00,130.877198
1782533940,2026-06-26T21:19:00-07:00,130.877198
1782534000,2026-06-26T21:20:00-07:00,130.877198
1782534780,2026-06-26T21:33:00-07:00,132.160767
1782534840,2026-06-26T21:34:00-07:00,132.160767
1782534900,2026-06-26T21:35:00-07:00,132.160767
1782534960,2026-06-26T21:36:00-07:00,132.160767
1782535020,2026-06-26T21:37:00-07:00,132.160767
1782535080,2026-06-26T21:38:00-07:00,118.135417
1782535140,2026-06-26T21:39:00-07:00,118.135417
1782535200,2026-06-26T21:40:00-07:00,118.135417
1782535260,2026-06-26T21:41:00-07:00,118.135417
1782535320,2026-06-26T21:42:00-07:00,118.135417
1782535380,2026-06-26T21:43:00-07:00,121.326498
1782535440,2026-06-26T21:44:00-07:00,121.326498
1782535500,2026-06-26T21:45:00-07:00,121.326498
1782535560,2026-06-26T21:46:00-07:00,121.326498
1782535620,2026-06-26T21:47:00-07:00,121.326498
1782535740,2026-06-26T21:49:00-07:00,122.917969
1782535800,2026-06-26T21:50:00-07:00,122.917969
1782535860,2026-06-26T21:51:00-07:00,122.917969
1782535920,2026-06-26T21:52:00-07:00,122.917969
1782535980,2026-06-26T21:53:00-07:00,122.917969
1782536040,2026-06-26T21:54:00-07:00,100.405965
1782536100,2026-06-26T21:55:00-07:00,100.405965
1782536160,2026-06-26T21:56:00-07:00,100.405965
1782536220,2026-06-26T21:57:00-07:00,100.405965
1782536280,2026-06-26T21:58:00-07:00,100.405965
1782536340,2026-06-26T21:59:00-07:00,129.712727
1782536400,2026-06-26T22:00:00-07:00,129.712727
1782536460,2026-06-26T22:01:00-07:00,129.712727
1782536520,2026-06-26T22:02:00-07:00,129.712727
1782536580,2026-06-26T22:03:00-07:00,129.712727
1782536640,2026-06-26T22:04:00-07:00,122.732015
1782536700,2026-06-26T22:05:00-07:00,122.732015
1782536760,2026-06-26T22:06:00-07:00,122.732015
1782536820,2026-06-26T22:07:00-07:00,122.732015
1782536880,2026-06-26T22:08:00-07:00,122.732015
1782536940,2026-06-26T22:09:00-07:00,118.866821
1782537000,2026-06-26T22:10:00-07:00,118.866821
1782537060,2026-06-26T22:11:00-07:00,118.866821
1782537120,2026-06-26T22:12:00-07:00,118.866821
1782537180,2026-06-26T22:13:00-07:00,118.866821
1782537240,2026-06-26T22:14:00-07:00,106.652099
1782537300,2026-06-26T22:15:00-07:00,106.652099
1782537360,2026-06-26T22:16:00-07:00,106.652099
1782537420,2026-06-26T22:17:00-07:00,106.652099
1782537480,2026-06-26T22:18:00-07:00,106.652099
1782537540,2026-06-26T22:19:00-07:00,128.359253
1782537600,2026-06-26T22:20:00-07:00,128.359253
1782537660,2026-06-26T22:21:00-07:00,128.359253
1782537720,2026-06-26T22:22:00-07:00,128.359253
1782537780,2026-06-26T22:23:00-07:00,128.359253
1782537840,2026-06-26T22:24:00-07:00,102.602417
1782537900,2026-06-26T22:25:00-07:00,102.602417
1782537960,2026-06-26T22:26:00-07:00,102.602417
1782538020,2026-06-26T22:27:00-07:00,102.602417
1782538080,2026-06-26T22:28:00-07:00,102.602417
1782538200,2026-06-26T22:30:00-07:00,120.529664
1782538260,2026-06-26T22:31:00-07:00,120.529664
1782538320,2026-06-26T22:32:00-07:00,120.529664
1782538380,2026-06-26T22:33:00-07:00,120.529664
1782538440,2026-06-26T22:34:00-07:00,120.529664
1782538500,2026-06-26T22:35:00-07:00,129.302043
1782538560,2026-06-26T22:36:00-07:00,129.302043
1782538620,2026-06-26T22:37:00-07:00,129.302043
1782538680,2026-06-26T22:38:00-07:00,129.302043
1782538740,2026-06-26T22:39:00-07:00,129.302043
1782538800,2026-06-26T22:40:00-07:00,136.007324
1782538860,2026-06-26T22:41:00-07:00,136.007324
1782538920,2026-06-26T22:42:00-07:00,136.007324
1782538980,2026-06-26T22:43:00-07:00,136.007324
1782539040,2026-06-26T22:44:00-07:00,136.007324
1782539100,2026-06-26T22:45:00-07:00,101.303222
1782539160,2026-06-26T22:46:00-07:00,101.303222
1782539220,2026-06-26T22:47:00-07:00,101.303222
1782539280,2026-06-26T22:48:00-07:00,101.303222
1782539340,2026-06-26T22:49:00-07:00,101.303222
1782539400,2026-06-26T22:50:00-07:00,91.001302
1782539460,2026-06-26T22:51:00-07:00,91.001302
1782539520,2026-06-26T22:52:00-07:00,91.001302
1782539580,2026-06-26T22:53:00-07:00,91.001302
1782539640,2026-06-26T22:54:00-07:00,91.001302
1782539700,2026-06-26T22:55:00-07:00,108.718547
1782539760,2026-06-26T22:56:00-07:00,108.718547
1782539820,2026-06-26T22:57:00-07:00,108.718547
1782539880,2026-06-26T22:58:00-07:00,108.718547
1782539940,2026-06-26T22:59:00-07:00,108.718547
1782540000,2026-06-26T23:00:00-07:00,100.859335
1782540060,2026-06-26T23:01:00-07:00,100.859335
1782540120,2026-06-26T23:02:00-07:00,100.859335
1782540180,2026-06-26T23:03:00-07:00,100.859335
1782540240,2026-06-26T23:04:00-07:00,100.859335
1782540300,2026-06-26T23:05:00-07:00,110.62614
1782540360,2026-06-26T23:06:00-07:00,110.62614
1782540420,2026-06-26T23:07:00-07:00,110.62614
1782540480,2026-06-26T23:08:00-07:00,110.62614
1782540540,2026-06-26T23:09:00-07:00,110.62614
1782540600,2026-06-26T23:10:00-07:00,130.013631
1782540660,2026-06-26T23:11:00-07:00,130.013631
1782540720,2026-06-26T23:12:00-07:00,130.013631
1782540780,2026-06-26T23:13:00-07:00,130.013631
1782540840,2026-06-26T23:14:00-07:00,130.013631
1782540960,2026-06-26T23:16:00-07:00,115.694214
1782541020,2026-06-26T23:17:00-07:00,115.694214
1782541080,2026-06-26T23:18:00-07:00,115.694214
1782541140,2026-06-26T23:19:00-07:00,115.694214
1782541200,2026-06-26T23:20:00-07:00,115.694214
1782541260,2026-06-26T23:21:00-07:00,121.923177
1782541320,2026-06-26T23:22:00-07:00,121.923177
1782541380,2026-06-26T23:23:00-07:00,121.923177
1782541440,2026-06-26T23:24:00-07:00,121.923177
1782541500,2026-06-26T23:25:00-07:00,121.923177
1782541560,2026-06-26T23:26:00-07:00,105.06189
1782541620,2026-06-26T23:27:00-07:00,105.06189
1782541680,2026-06-26T23:28:00-07:00,105.06189
1782541740,2026-06-26T23:29:00-07:00,105.06189
1782541800,2026-06-26T23:30:00-07:00,105.06189
1782541860,2026-06-26T23:31:00-07:00,108.782226
1782541920,2026-06-26T23:32:00-07:00,108.782226
1782541980,2026-06-26T23:33:00-07:00,108.782226
1782542040,2026-06-26T23:34:00-07:00,108.782226
1782542100,2026-06-26T23:35:00-07:00,108.782226
1782542160,2026-06-26T23:36:00-07:00,98.348633
1782542220,2026-06-26T23:37:00-07:00,98.348633
1782542280,2026-06-26T23:38:00-07:00,98.348633
1782542340,2026-06-26T23:39:00-07:00,98.348633
1782542400,2026-06-26T23:40:00-07:00,98.348633
1782542460,2026-06-26T23:41:00-07:00,130.520507
1782542520,2026-06-26T23:42:00-07:00,130.520507
1782542580,2026-06-26T23:43:00-07:00,130.520507
1782542640,2026-06-26T23:44:00-07:00,130.520507
1782542700,2026-06-26T23:45:00-07:00,130.520507
1782542760,2026-06-26T23:46:00-07:00,96.996094
1782542820,2026-06-26T23:47:00-07:00,96.996094
1782542880,2026-06-26T23:48:00-07:00,96.996094
1782542940,2026-06-26T23:49:00-07:00,96.996094
1782543000,2026-06-26T23:50:00-07:00,96.996094
1782543120,2026-06-26T23:52:00-07:00,75.466715
1782543180,2026-06-26T23:53:00-07:00,75.466715
1782543240,2026-06-26T23:54:00-07:00,75.466715
1782543300,2026-06-26T23:55:00-07:00,75.466715
1782543360,2026-06-26T23:56:00-07:00,75.466715
1782543420,2026-06-26T23:57:00-07:00,116.349569
1782543480,2026-06-26T23:58:00-07:00,116.349569
1782543540,2026-06-26T23:59:00-07:00,116.349569
1782543600,2026-06-27T00:00:00-07:00,116.349569
1782543660,2026-06-27T00:01:00-07:00,116.349569
1782543720,2026-06-27T00:02:00-07:00,121.369466
1782543780,2026-06-27T00:03:00-07:00,121.369466
1782543840,2026-06-27T00:04:00-07:00,121.369466
1782543900,2026-06-27T00:05:00-07:00,121.369466
1782543960,2026-06-27T00:06:00-07:00,121.369466
1782544020,2026-06-27T00:07:00-07:00,112.244467
1782544080,2026-06-27T00:08:00-07:00,112.244467
1782544140,2026-06-27T00:09:00-07:00,112.244467
1782544200,2026-06-27T00:10:00-07:00,112.244467
1782544260,2026-06-27T00:11:00-07:00,112.244467
1782544380,2026-06-27T00:13:00-07:00,111.679769
1782544440,2026-06-27T00:14:00-07:00,111.679769
1782544500,2026-06-27T00:15:00-07:00,111.679769
1782544560,2026-06-27T00:16:00-07:00,111.679769
1782544620,2026-06-27T00:17:00-07:00,111.679769
1782544680,2026-06-27T00:18:00-07:00,130.732585
1782544740,2026-06-27T00:19:00-07:00,130.732585
1782544800,2026-06-27T00:20:00-07:00,130.732585
1782544860,2026-06-27T00:21:00-07:00,130.732585
1782544920,2026-06-27T00:22:00-07:00,130.732585
1782544980,2026-06-27T00:23:00-07:00,125.406616
1782545040,2026-06-27T00:24:00-07:00,125.406616
1782545100,2026-06-27T00:25:00-07:00,125.406616
1782545160,2026-06-27T00:26:00-07:00,125.406616
1782545220,2026-06-27T00:27:00-07:00,125.406616
1782545280,2026-06-27T00:28:00-07:00,106.71285
1782545340,2026-06-27T00:29:00-07:00,106.71285
1782545400,2026-06-27T00:30:00-07:00,106.71285
1782545460,2026-06-27T00:31:00-07:00,106.71285
1782545520,2026-06-27T00:32:00-07:00,106.71285
1782545580,2026-06-27T00:33:00-07:00,97.169556
1782545640,2026-06-27T00:34:00-07:00,97.169556
1782545700,2026-06-27T00:35:00-07:00,97.169556
1782545760,2026-06-27T00:36:00-07:00,97.169556
1782545820,2026-06-27T00:37:00-07:00,97.169556
1782545880,2026-06-27T00:38:00-07:00,113.482991
1782545940,2026-06-27T00:39:00-07:00,113.482991
1782546000,2026-06-27T00:40:00-07:00,113.482991
1782546060,2026-06-27T00:41:00-07:00,113.482991
1782546120,2026-06-27T00:42:00-07:00,113.482991
1782546240,2026-06-27T00:44:00-07:00,115.070598
1782546300,2026-06-27T00:45:00-07:00,115.070598
1782546360,2026-06-27T00:46:00-07:00,115.070598
1782546420,2026-06-27T00:47:00-07:00,115.070598
1782546480,2026-06-27T00:48:00-07:00,115.070598
1782546540,2026-06-27T00:49:00-07:00,446.049317
1782546600,2026-06-27T00:50:00-07:00,446.049317
1782546660,2026-06-27T00:51:00-07:00,446.049317
1782546720,2026-06-27T00:52:00-07:00,446.049317
1782546780,2026-06-27T00:53:00-07:00,446.049317
1782546840,2026-06-27T00:54:00-07:00,105.711426
1782546900,2026-06-27T00:55:00-07:00,105.711426
1782546960,2026-06-27T00:56:00-07:00,105.711426
1782547020,2026-06-27T00:57:00-07:00,105.711426
1782547080,2026-06-27T00:58:00-07:00,105.711426
1782547140,2026-06-27T00:59:00-07:00,127.87911
1782547200,2026-06-27T01:00:00-07:00,127.87911
1782547260,2026-06-27T01:01:00-07:00,127.87911
1782547320,2026-06-27T01:02:00-07:00,127.87911
1782547380,2026-06-27T01:03:00-07:00,127.87911
1782547440,2026-06-27T01:04:00-07:00,104.974325
1782547500,2026-06-27T01:05:00-07:00,104.974325
1782547560,2026-06-27T01:06:00-07:00,104.974325
1782547620,2026-06-27T01:07:00-07:00,104.974325
1782547680,2026-06-27T01:08:00-07:00,104.974325
1782547740,2026-06-27T01:09:00-07:00,107.897055
1782547800,2026-06-27T01:10:00-07:00,107.897055
1782547860,2026-06-27T01:11:00-07:00,107.897055
1782547920,2026-06-27T01:12:00-07:00,107.897055
1782547980,2026-06-27T01:13:00-07:00,107.897055
1782548040,2026-06-27T01:14:00-07:00,108.826253
1782548100,2026-06-27T01:15:00-07:00,108.826253
1782548160,2026-06-27T01:16:00-07:00,108.826253
1782548220,2026-06-27T01:17:00-07:00,108.826253
1782548280,2026-06-27T01:18:00-07:00,108.826253
1782548340,2026-06-27T01:19:00-07:00,106.269612
1782548400,2026-06-27T01:20:00-07:00,106.269612
1782548460,2026-06-27T01:21:00-07:00,106.269612
1782548520,2026-06-27T01:22:00-07:00,106.269612
1782548580,2026-06-27T01:23:00-07:00,106.269612
1782548700,2026-06-27T01:25:00-07:00,109.657796
1782548760,2026-06-27T01:26:00-07:00,109.657796
1782548820,2026-06-27T01:27:00-07:00,109.657796
1782548880,2026-06-27T01:28:00-07:00,109.657796
1782548940,2026-06-27T01:29:00-07:00,109.657796
1782549000,2026-06-27T01:30:00-07:00,104.665446
1782549060,2026-06-27T01:31:00-07:00,104.665446
1782549120,2026-06-27T01:32:00-07:00,104.665446
1782549180,2026-06-27T01:33:00-07:00,104.665446
1782549240,2026-06-27T01:34:00-07:00,104.665446
1782549300,2026-06-27T01:35:00-07:00,126.605062
1782549360,2026-06-27T01:36:00-07:00,126.605062
1782549420,2026-06-27T01:37:00-07:00,126.605062
1782549480,2026-06-27T01:38:00-07:00,126.605062
1782549540,2026-06-27T01:39:00-07:00,126.605062
1782549600,2026-06-27T01:40:00-07:00,113.376709
1782549660,2026-06-27T01:41:00-07:00,113.376709
1782549720,2026-06-27T01:42:00-07:00,113.376709
1782549780,2026-06-27T01:43:00-07:00,113.376709
1782549840,2026-06-27T01:44:00-07:00,113.376709
1782549900,2026-06-27T01:45:00-07:00,127.439453
1782549960,2026-06-27T01:46:00-07:00,127.439453
1782550020,2026-06-27T01:47:00-07:00,127.439453
1782550080,2026-06-27T01:48:00-07:00,127.439453
1782550140,2026-06-27T01:49:00-07:00,127.439453
1782550200,2026-06-27T01:50:00-07:00,105.83313
1782550260,2026-06-27T01:51:00-07:00,105.83313
1782550320,2026-06-27T01:52:00-07:00,105.83313
1782550380,2026-06-27T01:53:00-07:00,105.83313
1782550440,2026-06-27T01:54:00-07:00,105.83313
1782550500,2026-06-27T01:55:00-07:00,103.734863
1782550560,2026-06-27T01:56:00-07:00,103.734863
1782550620,2026-06-27T01:57:00-07:00,103.734863
1782550680,2026-06-27T01:58:00-07:00,103.734863
1782550740,2026-06-27T01:59:00-07:00,103.734863
1782550800,2026-06-27T02:00:00-07:00,122.516439
1782550860,2026-06-27T02:01:00-07:00,122.516439
1782550920,2026-06-27T02:02:00-07:00,122.516439
1782550980,2026-06-27T02:03:00-07:00,122.516439
1782551040,2026-06-27T02:04:00-07:00,122.516439
1782551100,2026-06-27T02:05:00-07:00,103.329143
1782551160,2026-06-27T02:06:00-07:00,103.329143
1782551220,2026-06-27T02:07:00-07:00,103.329143
1782551280,2026-06-27T02:08:00-07:00,103.329143
1782551340,2026-06-27T02:09:00-07:00,103.329143
1782551460,2026-06-27T02:11:00-07:00,112.171956
1782551520,2026-06-27T02:12:00-07:00,112.171956
1782551580,2026-06-27T02:13:00-07:00,112.171956
1782551640,2026-06-27T02:14:00-07:00,112.171956
1782551700,2026-06-27T02:15:00-07:00,112.171956
1782551760,2026-06-27T02:16:00-07:00,145.568726
1782551820,2026-06-27T02:17:00-07:00,145.568726
1782551880,2026-06-27T02:18:00-07:00,145.568726
1782551940,2026-06-27T02:19:00-07:00,145.568726
1782552000,2026-06-27T02:20:00-07:00,145.568726
1782552060,2026-06-27T02:21:00-07:00,130.06193
1782552120,2026-06-27T02:22:00-07:00,130.06193
1782552180,2026-06-27T02:23:00-07:00,130.06193
1782552240,2026-06-27T02:24:00-07:00,130.06193
1782552300,2026-06-27T02:25:00-07:00,130.06193
1782552360,2026-06-27T02:26:00-07:00,118.008952
1782552420,2026-06-27T02:27:00-07:00,118.008952
1782552480,2026-06-27T02:28:00-07:00,118.008952
1782552540,2026-06-27T02:29:00-07:00,118.008952
1782552600,2026-06-27T02:30:00-07:00,118.008952
1782552720,2026-06-27T02:32:00-07:00,114.121745
1782552780,2026-06-27T02:33:00-07:00,114.121745
1782552840,2026-06-27T02:34:00-07:00,114.121745
1782552900,2026-06-27T02:35:00-07:00,114.121745
1782552960,2026-06-27T02:36:00-07:00,114.121745
1782553020,2026-06-27T02:37:00-07:00,114.274822
1782553080,2026-06-27T02:38:00-07:00,114.274822
1782553140,2026-06-27T02:39:00-07:00,114.274822
1782553200,2026-06-27T02:40:00-07:00,114.274822
1782553260,2026-06-27T02:41:00-07:00,114.274822
1782553320,2026-06-27T02:42:00-07:00,125.841959
1782553380,2026-06-27T02:43:00-07:00,125.841959
1782553440,2026-06-27T02:44:00-07:00,125.841959
1782553500,2026-06-27T02:45:00-07:00,125.841959
1782553560,2026-06-27T02:46:00-07:00,125.841959
1782553620,2026-06-27T02:47:00-07:00,173.879354
1782553680,2026-06-27T02:48:00-07:00,173.879354
1782553740,2026-06-27T02:49:00-07:00,173.879354
1782553800,2026-06-27T02:50:00-07:00,173.879354
1782553860,2026-06-27T02:51:00-07:00,173.879354
1782553920,2026-06-27T02:52:00-07:00,113.250203
1782553980,2026-06-27T02:53:00-07:00,113.250203
1782554040,2026-06-27T02:54:00-07:00,113.250203
1782554100,2026-06-27T02:55:00-07:00,113.250203
1782554160,2026-06-27T02:56:00-07:00,113.250203
1782554220,2026-06-27T02:57:00-07:00,112.461141
1782554280,2026-06-27T02:58:00-07:00,112.461141
1782554340,2026-06-27T02:59:00-07:00,112.461141
1782554400,2026-06-27T03:00:00-07:00,112.461141
1782554460,2026-06-27T03:01:00-07:00,112.461141
1782554520,2026-06-27T03:02:00-07:00,106.166749
1782554580,2026-06-27T03:03:00-07:00,106.166749
1782554640,2026-06-27T03:04:00-07:00,106.166749
1782554700,2026-06-27T03:05:00-07:00,106.166749
1782554760,2026-06-27T03:06:00-07:00,106.166749
1782554880,2026-06-27T03:08:00-07:00,114.133261
1782554940,2026-06-27T03:09:00-07:00,114.133261
1782555000,2026-06-27T03:10:00-07:00,114.133261
1782555060,2026-06-27T03:11:00-07:00,114.133261
1782555120,2026-06-27T03:12:00-07:00,114.133261
1782555180,2026-06-27T03:13:00-07:00,137.436849
1782555240,2026-06-27T03:14:00-07:00,137.436849
1782555300,2026-06-27T03:15:00-07:00,137.436849
1782555360,2026-06-27T03:16:00-07:00,137.436849
1782555420,2026-06-27T03:17:00-07:00,137.436849
1782555480,2026-06-27T03:18:00-07:00,117.467895
1782555540,2026-06-27T03:19:00-07:00,117.467895
1782555600,2026-06-27T03:20:00-07:00,117.467895
1782555660,2026-06-27T03:21:00-07:00,117.467895
1782555720,2026-06-27T03:22:00-07:00,117.467895
1782555780,2026-06-27T03:23:00-07:00,119.357951
1782555840,2026-06-27T03:24:00-07:00,119.357951
1782555900,2026-06-27T03:25:00-07:00,119.357951
1782555960,2026-06-27T03:26:00-07:00,119.357951
1782556020,2026-06-27T03:27:00-07:00,119.357951
1782556080,2026-06-27T03:28:00-07:00,110.766968
1782556140,2026-06-27T03:29:00-07:00,110.766968
1782556200,2026-06-27T03:30:00-07:00,110.766968
1782556260,2026-06-27T03:31:00-07:00,110.766968
1782556320,2026-06-27T03:32:00-07:00,110.766968
1782556380,2026-06-27T03:33:00-07:00,107.673829
1782556440,2026-06-27T03:34:00-07:00,107.673829
1782556500,2026-06-27T03:35:00-07:00,107.673829
1782556560,2026-06-27T03:36:00-07:00,107.673829
1782556620,2026-06-27T03:37:00-07:00,107.673829
1782556740,2026-06-27T03:39:00-07:00,113.463582
1782556800,2026-06-27T03:40:00-07:00,113.463582
1782556860,2026-06-27T03:41:00-07:00,113.463582
1782556920,2026-06-27T03:42:00-07:00,113.463582
1782556980,2026-06-27T03:43:00-07:00,113.463582
1782557040,2026-06-27T03:44:00-07:00,109.29187
1782557100,2026-06-27T03:45:00-07:00,109.29187
1782557160,2026-06-27T03:46:00-07:00,109.29187
1782557220,2026-06-27T03:47:00-07:00,109.29187
1782557280,2026-06-27T03:48:00-07:00,109.29187
1782557340,2026-06-27T03:49:00-07:00,310.823364
1782557400,2026-06-27T03:50:00-07:00,310.823364
1782557460,2026-06-27T03:51:00-07:00,310.823364
1782557520,2026-06-27T03:52:00-07:00,310.823364
1782557580,2026-06-27T03:53:00-07:00,310.823364
1782557640,2026-06-27T03:54:00-07:00,185.985596
1782557700,2026-06-27T03:55:00-07:00,185.985596
1782557760,2026-06-27T03:56:00-07:00,185.985596
1782557820,2026-06-27T03:57:00-07:00,185.985596
1782557880,2026-06-27T03:58:00-07:00,185.985596
1782558000,2026-06-27T04:00:00-07:00,108.23942
1782558060,2026-06-27T04:01:00-07:00,108.23942
1782558120,2026-06-27T04:02:00-07:00,108.23942
1782558180,2026-06-27T04:03:00-07:00,108.23942
1782558240,2026-06-27T04:04:00-07:00,108.23942
1782558300,2026-06-27T04:05:00-07:00,147.375326
1782558360,2026-06-27T04:06:00-07:00,147.375326
1782558420,2026-06-27T04:07:00-07:00,147.375326
1782558480,2026-06-27T04:08:00-07:00,147.375326
1782558540,2026-06-27T04:09:00-07:00,147.375326
1782558660,2026-06-27T04:11:00-07:00,109.316895
1782558720,2026-06-27T04:12:00-07:00,109.316895
1782558780,2026-06-27T04:13:00-07:00,109.316895
1782558840,2026-06-27T04:14:00-07:00,109.316895
1782558900,2026-06-27T04:15:00-07:00,109.316895
1782558960,2026-06-27T04:16:00-07:00,141.972901
1782559020,2026-06-27T04:17:00-07:00,141.972901
1782559080,2026-06-27T04:18:00-07:00,141.972901
1782559140,2026-06-27T04:19:00-07:00,141.972901
1782559200,2026-06-27T04:20:00-07:00,141.972901
1782559260,2026-06-27T04:21:00-07:00,107.299113
1782559320,2026-06-27T04:22:00-07:00,107.299113
1782559380,2026-06-27T04:23:00-07:00,107.299113
1782559440,2026-06-27T04:24:00-07:00,107.299113
1782559500,2026-06-27T04:25:00-07:00,107.299113
1782559680,2026-06-27T04:28:00-07:00,134.476684
1782559740,2026-06-27T04:29:00-07:00,134.476684
1782559800,2026-06-27T04:30:00-07:00,134.476684
1782559860,2026-06-27T04:31:00-07:00,134.476684
1782559920,2026-06-27T04:32:00-07:00,134.476684
1782559980,2026-06-27T04:33:00-07:00,110.418905
1782560040,2026-06-27T04:34:00-07:00,110.418905
1782560100,2026-06-27T04:35:00-07:00,110.418905
1782560160,2026-06-27T04:36:00-07:00,110.418905
1782560220,2026-06-27T04:37:00-07:00,110.418905
1782560280,2026-06-27T04:38:00-07:00,119.343261
1782560340,2026-06-27T04:39:00-07:00,119.343261
1782560400,2026-06-27T04:40:00-07:00,119.343261
1782560460,2026-06-27T04:41:00-07:00,119.343261
1782560520,2026-06-27T04:42:00-07:00,119.343261
1782560580,2026-06-27T04:43:00-07:00,104.855917
1782560640,2026-06-27T04:44:00-07:00,104.855917
1782560700,2026-06-27T04:45:00-07:00,104.855917
1782560760,2026-06-27T04:46:00-07:00,104.855917
1782560820,2026-06-27T04:47:00-07:00,104.855917
1782561000,2026-06-27T04:50:00-07:00,175.908732
1782561060,2026-06-27T04:51:00-07:00,175.908732
1782561120,2026-06-27T04:52:00-07:00,175.908732
1782561180,2026-06-27T04:53:00-07:00,175.908732
1782561240,2026-06-27T04:54:00-07:00,175.908732
1782561300,2026-06-27T04:55:00-07:00,104.866455
1782561360,2026-06-27T04:56:00-07:00,104.866455
1782561420,2026-06-27T04:57:00-07:00,104.866455
1782561480,2026-06-27T04:58:00-07:00,104.866455
1782561540,2026-06-27T04:59:00-07:00,104.866455
1782561660,2026-06-27T05:01:00-07:00,124.349121
1782561720,2026-06-27T05:02:00-07:00,124.349121
1782561780,2026-06-27T05:03:00-07:00,124.349121
1782561840,2026-06-27T05:04:00-07:00,124.349121
1782561900,2026-06-27T05:05:00-07:00,124.349121
1782562020,2026-06-27T05:07:00-07:00,113.6403
1782562080,2026-06-27T05:08:00-07:00,113.6403
1782562140,2026-06-27T05:09:00-07:00,113.6403
1782562200,2026-06-27T05:10:00-07:00,113.6403
1782562260,2026-06-27T05:11:00-07:00,113.6403
1782562320,2026-06-27T05:12:00-07:00,123.743774
1782562380,2026-06-27T05:13:00-07:00,123.743774
1782562440,2026-06-27T05:14:00-07:00,123.743774
1782562500,2026-06-27T05:15:00-07:00,123.743774
1782562560,2026-06-27T05:16:00-07:00,123.743774
1782562620,2026-06-27T05:17:00-07:00,119.360026
1782562680,2026-06-27T05:18:00-07:00,119.360026
1782562740,2026-06-27T05:19:00-07:00,119.360026
1782562800,2026-06-27T05:20:00-07:00,119.360026
1782562860,2026-06-27T05:21:00-07:00,119.360026
1782562980,2026-06-27T05:23:00-07:00,112.748087
1782563040,2026-06-27T05:24:00-07:00,112.748087
1782563100,2026-06-27T05:25:00-07:00,112.748087
1782563160,2026-06-27T05:26:00-07:00,112.748087
1782563220,2026-06-27T05:27:00-07:00,112.748087
1782563340,2026-06-27T05:29:00-07:00,116.32784
1782563400,2026-06-27T05:30:00-07:00,116.32784
1782563460,2026-06-27T05:31:00-07:00,116.32784
1782563520,2026-06-27T05:32:00-07:00,116.32784
1782563580,2026-06-27T05:33:00-07:00,116.32784
1782563640,2026-06-27T05:34:00-07:00,117.832683
1782563700,2026-06-27T05:35:00-07:00,117.832683
1782563760,2026-06-27T05:36:00-07:00,117.832683
1782563820,2026-06-27T05:37:00-07:00,117.832683
1782563880,2026-06-27T05:38:00-07:00,117.832683
1782563940,2026-06-27T05:39:00-07:00,108.723389
1782564000,2026-06-27T05:40:00-07:00,108.723389
1782564060,2026-06-27T05:41:00-07:00,108.723389
1782564120,2026-06-27T05:42:00-07:00,108.723389
1782564180,2026-06-27T05:43:00-07:00,108.723389
1782564240,2026-06-27T05:44:00-07:00,115.405843
1782564300,2026-06-27T05:45:00-07:00,115.405843
1782564360,2026-06-27T05:46:00-07:00,115.405843
1782564420,2026-06-27T05:47:00-07:00,115.405843
1782564480,2026-06-27T05:48:00-07:00,115.405843
1782564540,2026-06-27T05:49:00-07:00,106.580932
1782564600,2026-06-27T05:50:00-07:00,106.580932
1782564660,2026-06-27T05:51:00-07:00,106.580932
1782564720,2026-06-27T05:52:00-07:00,106.580932
1782564780,2026-06-27T05:53:00-07:00,106.580932
1782564900,2026-06-27T05:55:00-07:00,114.96167
1782564960,2026-06-27T05:56:00-07:00,114.96167
1782565020,2026-06-27T05:57:00-07:00,114.96167
1782565080,2026-06-27T05:58:00-07:00,114.96167
1782565140,2026-06-27T05:59:00-07:00,114.96167
1782565200,2026-06-27T06:00:00-07:00,113.770223
1782565260,2026-06-27T06:01:00-07:00,113.770223
1782565320,2026-06-27T06:02:00-07:00,113.770223
1782565380,2026-06-27T06:03:00-07:00,113.770223
1782565440,2026-06-27T06:04:00-07:00,113.770223
1782565560,2026-06-27T06:06:00-07:00,134.537273
1782565620,2026-06-27T06:07:00-07:00,134.537273
1782565680,2026-06-27T06:08:00-07:00,134.537273
1782565740,2026-06-27T06:09:00-07:00,134.537273
1782565800,2026-06-27T06:10:00-07:00,134.537273
1782565860,2026-06-27T06:11:00-07:00,147.244019
1782565920,2026-06-27T06:12:00-07:00,147.244019
1782565980,2026-06-27T06:13:00-07:00,147.244019
1782566040,2026-06-27T06:14:00-07:00,147.244019
1782566100,2026-06-27T06:15:00-07:00,147.244019
1782566160,2026-06-27T06:16:00-07:00,120.148071
1782566220,2026-06-27T06:17:00-07:00,120.148071
1782566280,2026-06-27T06:18:00-07:00,120.148071
1782566340,2026-06-27T06:19:00-07:00,120.148071
1782566400,2026-06-27T06:20:00-07:00,120.148071
1782566460,2026-06-27T06:21:00-07:00,140.457194
1782566520,2026-06-27T06:22:00-07:00,140.457194
1782566580,2026-06-27T06:23:00-07:00,140.457194
1782566640,2026-06-27T06:24:00-07:00,140.457194
1782566700,2026-06-27T06:25:00-07:00,140.457194
1782566820,2026-06-27T06:27:00-07:00,136.462972
1782566880,2026-06-27T06:28:00-07:00,136.462972
1782566940,2026-06-27T06:29:00-07:00,136.462972
1782567000,2026-06-27T06:30:00-07:00,136.462972
1782567060,2026-06-27T06:31:00-07:00,136.462972
1782567120,2026-06-27T06:32:00-07:00,126.047974
1782567180,2026-06-27T06:33:00-07:00,126.047974
1782567240,2026-06-27T06:34:00-07:00,126.047974
1782567300,2026-06-27T06:35:00-07:00,126.047974
1782567360,2026-06-27T06:36:00-07:00,126.047974
1782567480,2026-06-27T06:38:00-07:00,118.130494
1782567540,2026-06-27T06:39:00-07:00,118.130494
1782567600,2026-06-27T06:40:00-07:00,118.130494
1782567660,2026-06-27T06:41:00-07:00,118.130494
1782567720,2026-06-27T06:42:00-07:00,118.130494
1782567840,2026-06-27T06:44:00-07:00,109.663411
1782567900,2026-06-27T06:45:00-07:00,109.663411
1782567960,2026-06-27T06:46:00-07:00,109.663411
1782568020,2026-06-27T06:47:00-07:00,109.663411
1782568080,2026-06-27T06:48:00-07:00,109.663411
1782568140,2026-06-27T06:49:00-07:00,102.244222
1782568200,2026-06-27T06:50:00-07:00,102.244222
1782568260,2026-06-27T06:51:00-07:00,102.244222
1782568320,2026-06-27T06:52:00-07:00,102.244222
1782568380,2026-06-27T06:53:00-07:00,102.244222
1782568500,2026-06-27T06:55:00-07:00,121.339275
1782568560,2026-06-27T06:56:00-07:00,121.339275
1782568620,2026-06-27T06:57:00-07:00,121.339275
1782568680,2026-06-27T06:58:00-07:00,121.339275
1782568740,2026-06-27T06:59:00-07:00,121.339275
1782568800,2026-06-27T07:00:00-07:00,210.422444
1782568860,2026-06-27T07:01:00-07:00,210.422444
1782568920,2026-06-27T07:02:00-07:00,210.422444
1782568980,2026-06-27T07:03:00-07:00,210.422444
1782569040,2026-06-27T07:04:00-07:00,210.422444
1782569100,2026-06-27T07:05:00-07:00,121.64978
1782569160,2026-06-27T07:06:00-07:00,121.64978
1782569220,2026-06-27T07:07:00-07:00,121.64978
1782569280,2026-06-27T07:08:00-07:00,121.64978
1782569340,2026-06-27T07:09:00-07:00,121.64978
1782569460,2026-06-27T07:11:00-07:00,121.959269
1782569520,2026-06-27T07:12:00-07:00,121.959269
1782569580,2026-06-27T07:13:00-07:00,121.959269
1782569640,2026-06-27T07:14:00-07:00,121.959269
1782569700,2026-06-27T07:15:00-07:00,121.959269
1782569760,2026-06-27T07:16:00-07:00,108.152181
1782569820,2026-06-27T07:17:00-07:00,108.152181
1782569880,2026-06-27T07:18:00-07:00,108.152181
1782569940,2026-06-27T07:19:00-07:00,108.152181
1782570000,2026-06-27T07:20:00-07:00,108.152181
1782570060,2026-06-27T07:21:00-07:00,95.435425
1782570120,2026-06-27T07:22:00-07:00,95.435425
1782570180,2026-06-27T07:23:00-07:00,95.435425
1782570240,2026-06-27T07:24:00-07:00,95.435425
1782570300,2026-06-27T07:25:00-07:00,95.435425
1782570420,2026-06-27T07:27:00-07:00,127.226888
1782570480,2026-06-27T07:28:00-07:00,127.226888
1782570540,2026-06-27T07:29:00-07:00,127.226888
1782570600,2026-06-27T07:30:00-07:00,127.226888
1782570660,2026-06-27T07:31:00-07:00,127.226888
1782570780,2026-06-27T07:33:00-07:00,88.961385
1782570840,2026-06-27T07:34:00-07:00,88.961385
1782570900,2026-06-27T07:35:00-07:00,88.961385
1782570960,2026-06-27T07:36:00-07:00,88.961385
1782571020,2026-06-27T07:37:00-07:00,88.961385
1782571080,2026-06-27T07:38:00-07:00,99.280965
1782571140,2026-06-27T07:39:00-07:00,99.280965
1782571200,2026-06-27T07:40:00-07:00,99.280965
1782571260,2026-06-27T07:41:00-07:00,99.280965
1782571320,2026-06-27T07:42:00-07:00,99.280965
1782571380,2026-06-27T07:43:00-07:00,104.065918
1782571440,2026-06-27T07:44:00-07:00,104.065918
1782571500,2026-06-27T07:45:00-07:00,104.065918
1782571560,2026-06-27T07:46:00-07:00,104.065918
1782571620,2026-06-27T07:47:00-07:00,104.065918
1782571680,2026-06-27T07:48:00-07:00,101.549276
1782571740,2026-06-27T07:49:00-07:00,101.549276
1782571800,2026-06-27T07:50:00-07:00,101.549276
1782571860,2026-06-27T07:51:00-07:00,101.549276
1782571920,2026-06-27T07:52:00-07:00,101.549276
1782571980,2026-06-27T07:53:00-07:00,103.716268
1782572040,2026-06-27T07:54:00-07:00,103.716268
1782572100,2026-06-27T07:55:00-07:00,103.716268
1782572160,2026-06-27T07:56:00-07:00,103.716268
1782572220,2026-06-27T07:57:00-07:00,103.716268
1782572280,2026-06-27T07:58:00-07:00,117.255901
1782572340,2026-06-27T07:59:00-07:00,117.255901
1782572400,2026-06-27T08:00:00-07:00,117.255901
1782572460,2026-06-27T08:01:00-07:00,117.255901
1782572520,2026-06-27T08:02:00-07:00,117.255901
1782572580,2026-06-27T08:03:00-07:00,146.244832
1782572640,2026-06-27T08:04:00-07:00,146.244832
1782572700,2026-06-27T08:05:00-07:00,146.244832
1782572760,2026-06-27T08:06:00-07:00,146.244832
1782572820,2026-06-27T08:07:00-07:00,146.244832
1782572940,2026-06-27T08:09:00-07:00,147.88505
1782573000,2026-06-27T08:10:00-07:00,147.88505
1782573060,2026-06-27T08:11:00-07:00,147.88505
1782573120,2026-06-27T08:12:00-07:00,147.88505
1782573180,2026-06-27T08:13:00-07:00,147.88505
1782573240,2026-06-27T08:14:00-07:00,111.436849
1782573300,2026-06-27T08:15:00-07:00,111.436849
1782573360,2026-06-27T08:16:00-07:00,111.436849
1782573420,2026-06-27T08:17:00-07:00,111.436849
1782573480,2026-06-27T08:18:00-07:00,111.436849
1782573600,2026-06-27T08:20:00-07:00,112.336182
1782573660,2026-06-27T08:21:00-07:00,112.336182
1782573720,2026-06-27T08:22:00-07:00,112.336182
1782573780,2026-06-27T08:23:00-07:00,112.336182
1782573840,2026-06-27T08:24:00-07:00,112.336182
1782573900,2026-06-27T08:25:00-07:00,130.170085
1782573960,2026-06-27T08:26:00-07:00,130.170085
1782574020,2026-06-27T08:27:00-07:00,130.170085
1782574080,2026-06-27T08:28:00-07:00,130.170085
1782574140,2026-06-27T08:29:00-07:00,130.170085
1782574200,2026-06-27T08:30:00-07:00,110.222291
1782574260,2026-06-27T08:31:00-07:00,110.222291
1782574320,2026-06-27T08:32:00-07:00,110.222291
1782574380,2026-06-27T08:33:00-07:00,110.222291
1782574440,2026-06-27T08:34:00-07:00,110.222291
1782574500,2026-06-27T08:35:00-07:00,121.354695
1782574560,2026-06-27T08:36:00-07:00,121.354695
1782574620,2026-06-27T08:37:00-07:00,121.354695
1782574680,2026-06-27T08:38:00-07:00,121.354695
1782574740,2026-06-27T08:39:00-07:00,121.354695
1782575280,2026-06-27T08:48:00-07:00,126.796021
1782575340,2026-06-27T08:49:00-07:00,126.796021
1782575400,2026-06-27T08:50:00-07:00,126.796021
1782575460,2026-06-27T08:51:00-07:00,126.796021
1782575520,2026-06-27T08:52:00-07:00,126.796021
1782575640,2026-06-27T08:54:00-07:00,158.031047
1782575700,2026-06-27T08:55:00-07:00,158.031047
1782575760,2026-06-27T08:56:00-07:00,158.031047
1782575820,2026-06-27T08:57:00-07:00,158.031047
1782575880,2026-06-27T08:58:00-07:00,158.031047
1782575940,2026-06-27T08:59:00-07:00,143.169393
1782576000,2026-06-27T09:00:00-07:00,143.169393
1782576060,2026-06-27T09:01:00-07:00,143.169393
1782576120,2026-06-27T09:02:00-07:00,143.169393
1782576180,2026-06-27T09:03:00-07:00,143.169393
1782576300,2026-06-27T09:05:00-07:00,134.73291
1782576360,2026-06-27T09:06:00-07:00,134.73291
1782576420,2026-06-27T09:07:00-07:00,134.73291
1782576480,2026-06-27T09:08:00-07:00,134.73291
1782576540,2026-06-27T09:09:00-07:00,134.73291
1782576600,2026-06-27T09:10:00-07:00,187.004761
1782576660,2026-06-27T09:11:00-07:00,187.004761
1782576720,2026-06-27T09:12:00-07:00,187.004761
1782576780,2026-06-27T09:13:00-07:00,187.004761
1782576840,2026-06-27T09:14:00-07:00,187.004761
1782577800,2026-06-27T09:30:00-07:00,134.710327
1782577860,2026-06-27T09:31:00-07:00,134.710327
1782577920,2026-06-27T09:32:00-07:00,134.710327
1782577980,2026-06-27T09:33:00-07:00,134.710327
1782578040,2026-06-27T09:34:00-07:00,134.710327
1782578280,2026-06-27T09:38:00-07:00,132.933187
1782578340,2026-06-27T09:39:00-07:00,132.933187
1782578400,2026-06-27T09:40:00-07:00,132.933187
1782578460,2026-06-27T09:41:00-07:00,132.933187
1782578520,2026-06-27T09:42:00-07:00,132.933187
1782578580,2026-06-27T09:43:00-07:00,128.643311
1782578640,2026-06-27T09:44:00-07:00,128.643311
1782578700,2026-06-27T09:45:00-07:00,128.643311
1782578760,2026-06-27T09:46:00-07:00,128.643311
1782578820,2026-06-27T09:47:00-07:00,128.643311
1782578880,2026-06-27T09:48:00-07:00,150.129272
1782578940,2026-06-27T09:49:00-07:00,150.129272
1782579000,2026-06-27T09:50:00-07:00,150.129272
1782579060,2026-06-27T09:51:00-07:00,150.129272
1782579120,2026-06-27T09:52:00-07:00,150.129272
1782579480,2026-06-27T09:58:00-07:00,101.743286
1782579540,2026-06-27T09:59:00-07:00,101.743286
1782579600,2026-06-27T10:00:00-07:00,101.743286
1782579660,2026-06-27T10:01:00-07:00,101.743286
1782579720,2026-06-27T10:02:00-07:00,101.743286
1782579840,2026-06-27T10:04:00-07:00,106.504842
1782579900,2026-06-27T10:05:00-07:00,106.504842
1782579960,2026-06-27T10:06:00-07:00,106.504842
1782580020,2026-06-27T10:07:00-07:00,106.504842
1782580080,2026-06-27T10:08:00-07:00,106.504842
1782580140,2026-06-27T10:09:00-07:00,109.639079
1782580200,2026-06-27T10:10:00-07:00,109.639079
1782580260,2026-06-27T10:11:00-07:00,109.639079
1782580320,2026-06-27T10:12:00-07:00,109.639079
1782580380,2026-06-27T10:13:00-07:00,109.639079
1782580500,2026-06-27T10:15:00-07:00,171.685669
1782580560,2026-06-27T10:16:00-07:00,171.685669
1782580620,2026-06-27T10:17:00-07:00,171.685669
1782580680,2026-06-27T10:18:00-07:00,171.685669
1782580740,2026-06-27T10:19:00-07:00,171.685669
1782580920,2026-06-27T10:22:00-07:00,199.061687
1782580980,2026-06-27T10:23:00-07:00,199.061687
1782581040,2026-06-27T10:24:00-07:00,199.061687
1782581100,2026-06-27T10:25:00-07:00,199.061687
1782581160,2026-06-27T10:26:00-07:00,199.061687
1782582720,2026-06-27T10:52:00-07:00,156.635294
1782582780,2026-06-27T10:53:00-07:00,156.635294
1782582840,2026-06-27T10:54:00-07:00,156.635294
1782582900,2026-06-27T10:55:00-07:00,156.635294
1782582960,2026-06-27T10:56:00-07:00,156.635294
1782583800,2026-06-27T11:10:00-07:00,310.821167
1782583860,2026-06-27T11:11:00-07:00,310.821167
1782583920,2026-06-27T11:12:00-07:00,310.821167
1782583980,2026-06-27T11:13:00-07:00,310.821167
1782584040,2026-06-27T11:14:00-07:00,310.821167
1782584100,2026-06-27T11:15:00-07:00,98.103231
1782584160,2026-06-27T11:16:00-07:00,98.103231
1782584220,2026-06-27T11:17:00-07:00,98.103231
1782584280,2026-06-27T11:18:00-07:00,98.103231
1782584340,2026-06-27T11:19:00-07:00,98.103231
1782584400,2026-06-27T11:20:00-07:00,103.519165
1782584460,2026-06-27T11:21:00-07:00,103.519165
1782584520,2026-06-27T11:22:00-07:00,103.519165
1782584580,2026-06-27T11:23:00-07:00,103.519165
1782584640,2026-06-27T11:24:00-07:00,103.519165
1782584700,2026-06-27T11:25:00-07:00,112.268677
1782584760,2026-06-27T11:26:00-07:00,112.268677
1782584820,2026-06-27T11:27:00-07:00,112.268677
1782584880,2026-06-27T11:28:00-07:00,112.268677
1782584940,2026-06-27T11:29:00-07:00,112.268677
1782585000,2026-06-27T11:30:00-07:00,98.334595
1782585060,2026-06-27T11:31:00-07:00,98.334595
1782585120,2026-06-27T11:32:00-07:00,98.334595
1782585180,2026-06-27T11:33:00-07:00,98.334595
1782585240,2026-06-27T11:34:00-07:00,98.334595
1782585300,2026-06-27T11:35:00-07:00,44.794881
1782585360,2026-06-27T11:36:00-07:00,44.794881
1782585420,2026-06-27T11:37:00-07:00,44.794881
1782585480,2026-06-27T11:38:00-07:00,44.794881
1782585540,2026-06-27T11:39:00-07:00,44.794881
1782585600,2026-06-27T11:40:00-07:00,107.33846
1782585660,2026-06-27T11:41:00-07:00,107.33846
1782585720,2026-06-27T11:42:00-07:00,107.33846
1782585780,2026-06-27T11:43:00-07:00,107.33846
1782585840,2026-06-27T11:44:00-07:00,107.33846
1782585900,2026-06-27T11:45:00-07:00,77.262736
1782585960,2026-06-27T11:46:00-07:00,77.262736
1782586020,2026-06-27T11:47:00-07:00,77.262736
1782586080,2026-06-27T11:48:00-07:00,77.262736
1782586140,2026-06-27T11:49:00-07:00,77.262736
1782586560,2026-06-27T11:56:00-07:00,114.403564
1782586620,2026-06-27T11:57:00-07:00,114.403564
1782586680,2026-06-27T11:58:00-07:00,114.403564
1782586740,2026-06-27T11:59:00-07:00,114.403564
1782586800,2026-06-27T12:00:00-07:00,114.403564
1782586860,2026-06-27T12:01:00-07:00,99.995443
1782586920,2026-06-27T12:02:00-07:00,99.995443
1782586980,2026-06-27T12:03:00-07:00,99.995443
1782587040,2026-06-27T12:04:00-07:00,99.995443
1782587100,2026-06-27T12:05:00-07:00,99.995443
1782587520,2026-06-27T12:12:00-07:00,199.478231
1782587580,2026-06-27T12:13:00-07:00,199.478231
1782587640,2026-06-27T12:14:00-07:00,199.478231
1782587700,2026-06-27T12:15:00-07:00,199.478231
1782587760,2026-06-27T12:16:00-07:00,199.478231
1782588180,2026-06-27T12:23:00-07:00,227.682536
1782588240,2026-06-27T12:24:00-07:00,227.682536
1782588300,2026-06-27T12:25:00-07:00,227.682536
1782588360,2026-06-27T12:26:00-07:00,227.682536
1782588420,2026-06-27T12:27:00-07:00,227.682536
1782588540,2026-06-27T12:29:00-07:00,139.929525
1782588600,2026-06-27T12:30:00-07:00,139.929525
1782588660,2026-06-27T12:31:00-07:00,139.929525
1782588720,2026-06-27T12:32:00-07:00,139.929525
1782588780,2026-06-27T12:33:00-07:00,139.929525
1782588840,2026-06-27T12:34:00-07:00,189.316976
1782588900,2026-06-27T12:35:00-07:00,189.316976
1782588960,2026-06-27T12:36:00-07:00,189.316976
1782589020,2026-06-27T12:37:00-07:00,189.316976
1782589080,2026-06-27T12:38:00-07:00,189.316976
1782589200,2026-06-27T12:40:00-07:00,190.079793
1782589260,2026-06-27T12:41:00-07:00,190.079793
1782589320,2026-06-27T12:42:00-07:00,190.079793
1782589380,2026-06-27T12:43:00-07:00,190.079793
1782589440,2026-06-27T12:44:00-07:00,190.079793
1782589500,2026-06-27T12:45:00-07:00,196.354655
1782589560,2026-06-27T12:46:00-07:00,196.354655
1782589620,2026-06-27T12:47:00-07:00,196.354655
1782589680,2026-06-27T12:48:00-07:00,196.354655
1782589740,2026-06-27T12:49:00-07:00,196.354655
1782589860,2026-06-27T12:51:00-07:00,121.156454
1782589920,2026-06-27T12:52:00-07:00,121.156454
1782589980,2026-06-27T12:53:00-07:00,121.156454
1782590040,2026-06-27T12:54:00-07:00,121.156454
1782590100,2026-06-27T12:55:00-07:00,121.156454
1782590160,2026-06-27T12:56:00-07:00,165.043742
1782590220,2026-06-27T12:57:00-07:00,165.043742
1782590280,2026-06-27T12:58:00-07:00,165.043742
1782590340,2026-06-27T12:59:00-07:00,165.043742
1782590400,2026-06-27T13:00:00-07:00,165.043742
1782591000,2026-06-27T13:10:00-07:00,106.886678
1782591060,2026-06-27T13:11:00-07:00,106.886678
1782591120,2026-06-27T13:12:00-07:00,106.886678
1782591180,2026-06-27T13:13:00-07:00,106.886678
1782591240,2026-06-27T13:14:00-07:00,106.886678
1782591300,2026-06-27T13:15:00-07:00,404.434692
1782591360,2026-06-27T13:16:00-07:00,404.434692
1782591420,2026-06-27T13:17:00-07:00,404.434692
1782591480,2026-06-27T13:18:00-07:00,404.434692
1782591540,2026-06-27T13:19:00-07:00,404.434692
1782591660,2026-06-27T13:21:00-07:00,118.494507
1782591720,2026-06-27T13:22:00-07:00,118.494507
1782591780,2026-06-27T13:23:00-07:00,118.494507
1782591840,2026-06-27T13:24:00-07:00,118.494507
1782591900,2026-06-27T13:25:00-07:00,118.494507
1782592020,2026-06-27T13:27:00-07:00,112.075196
1782592080,2026-06-27T13:28:00-07:00,112.075196
1782592140,2026-06-27T13:29:00-07:00,112.075196
1782592200,2026-06-27T13:30:00-07:00,112.075196
1782592260,2026-06-27T13:31:00-07:00,112.075196
1782592380,2026-06-27T13:33:00-07:00,133.730957
1782592440,2026-06-27T13:34:00-07:00,133.730957
1782592500,2026-06-27T13:35:00-07:00,133.730957
1782592560,2026-06-27T13:36:00-07:00,133.730957
1782592620,2026-06-27T13:37:00-07:00,133.730957
1782592800,2026-06-27T13:40:00-07:00,154.948975
1782592860,2026-06-27T13:41:00-07:00,154.948975
1782592920,2026-06-27T13:42:00-07:00,154.948975
1782592980,2026-06-27T13:43:00-07:00,154.948975
1782593040,2026-06-27T13:44:00-07:00,154.948975
1782593100,2026-06-27T13:45:00-07:00,100.307128
1782593160,2026-06-27T13:46:00-07:00,100.307128
1782593220,2026-06-27T13:47:00-07:00,100.307128
1782593280,2026-06-27T13:48:00-07:00,100.307128
1782593340,2026-06-27T13:49:00-07:00,100.307128
1782593460,2026-06-27T13:51:00-07:00,128.058146
1782593520,2026-06-27T13:52:00-07:00,128.058146
1782593580,2026-06-27T13:53:00-07:00,128.058146
1782593640,2026-06-27T13:54:00-07:00,128.058146
1782593700,2026-06-27T13:55:00-07:00,128.058146
1782593820,2026-06-27T13:57:00-07:00,115.630819
1782593880,2026-06-27T13:58:00-07:00,115.630819
1782593940,2026-06-27T13:59:00-07:00,115.630819
1782594000,2026-06-27T14:00:00-07:00,115.630819
1782594060,2026-06-27T14:01:00-07:00,115.630819
1782594240,2026-06-27T14:04:00-07:00,123.669393
1782594300,2026-06-27T14:05:00-07:00,123.669393
1782594360,2026-06-27T14:06:00-07:00,123.669393
1782594420,2026-06-27T14:07:00-07:00,123.669393
1782594480,2026-06-27T14:08:00-07:00,123.669393
1782594600,2026-06-27T14:10:00-07:00,113.650025
1782594660,2026-06-27T14:11:00-07:00,113.650025
1782594720,2026-06-27T14:12:00-07:00,113.650025
1782594780,2026-06-27T14:13:00-07:00,113.650025
1782594840,2026-06-27T14:14:00-07:00,113.650025
1782594900,2026-06-27T14:15:00-07:00,113.983968
1782594960,2026-06-27T14:16:00-07:00,113.983968
1782595020,2026-06-27T14:17:00-07:00,113.983968
1782595080,2026-06-27T14:18:00-07:00,113.983968
1782595140,2026-06-27T14:19:00-07:00,113.983968
1782595320,2026-06-27T14:22:00-07:00,105.176473
1782595380,2026-06-27T14:23:00-07:00,105.176473
1782595440,2026-06-27T14:24:00-07:00,105.176473
1782595500,2026-06-27T14:25:00-07:00,105.176473
1782595560,2026-06-27T14:26:00-07:00,105.176473
1782595680,2026-06-27T14:28:00-07:00,168.008871
1782595740,2026-06-27T14:29:00-07:00,168.008871
1782595800,2026-06-27T14:30:00-07:00,168.008871
1782595860,2026-06-27T14:31:00-07:00,168.008871
1782595920,2026-06-27T14:32:00-07:00,168.008871
1782595980,2026-06-27T14:33:00-07:00,118.356038
1782596040,2026-06-27T14:34:00-07:00,118.356038
1782596100,2026-06-27T14:35:00-07:00,118.356038
1782596160,2026-06-27T14:36:00-07:00,118.356038
1782596220,2026-06-27T14:37:00-07:00,118.356038
1782596280,2026-06-27T14:38:00-07:00,116.595744
1782596340,2026-06-27T14:39:00-07:00,116.595744
1782596400,2026-06-27T14:40:00-07:00,116.595744
1782596460,2026-06-27T14:41:00-07:00,116.595744
1782596520,2026-06-27T14:42:00-07:00,116.595744
1782596700,2026-06-27T14:45:00-07:00,102.936239
1782596760,2026-06-27T14:46:00-07:00,102.936239
1782596820,2026-06-27T14:47:00-07:00,102.936239
1782596880,2026-06-27T14:48:00-07:00,102.936239
1782596940,2026-06-27T14:49:00-07:00,102.936239
1782597060,2026-06-27T14:51:00-07:00,154.004313
1782597120,2026-06-27T14:52:00-07:00,154.004313
1782597180,2026-06-27T14:53:00-07:00,154.004313
1782597240,2026-06-27T14:54:00-07:00,154.004313
1782597300,2026-06-27T14:55:00-07:00,154.004313
1782597360,2026-06-27T14:56:00-07:00,121.183064
1782597420,2026-06-27T14:57:00-07:00,121.183064
1782597480,2026-06-27T14:58:00-07:00,121.183064
1782597540,2026-06-27T14:59:00-07:00,121.183064
1782597600,2026-06-27T15:00:00-07:00,121.183064
1782597660,2026-06-27T15:01:00-07:00,110.596639
1782597720,2026-06-27T15:02:00-07:00,110.596639
1782597780,2026-06-27T15:03:00-07:00,110.596639
1782597840,2026-06-27T15:04:00-07:00,110.596639
1782597900,2026-06-27T15:05:00-07:00,110.596639
1782598020,2026-06-27T15:07:00-07:00,440.470338
1782598080,2026-06-27T15:08:00-07:00,440.470338
1782598140,2026-06-27T15:09:00-07:00,440.470338
1782598200,2026-06-27T15:10:00-07:00,440.470338
1782598260,2026-06-27T15:11:00-07:00,440.470338
1782598380,2026-06-27T15:13:00-07:00,132.234253
1782598440,2026-06-27T15:14:00-07:00,132.234253
1782598500,2026-06-27T15:15:00-07:00,132.234253
1782598560,2026-06-27T15:16:00-07:00,132.234253
1782598620,2026-06-27T15:17:00-07:00,132.234253
1782598740,2026-06-27T15:19:00-07:00,135.784302
1782598800,2026-06-27T15:20:00-07:00,135.784302
1782598860,2026-06-27T15:21:00-07:00,135.784302
1782598920,2026-06-27T15:22:00-07:00,135.784302
1782598980,2026-06-27T15:23:00-07:00,135.784302
1782599100,2026-06-27T15:25:00-07:00,117.934205
1782599160,2026-06-27T15:26:00-07:00,117.934205
1782599220,2026-06-27T15:27:00-07:00,117.934205
1782599280,2026-06-27T15:28:00-07:00,117.934205
1782599340,2026-06-27T15:29:00-07:00,117.934205
1782599460,2026-06-27T15:31:00-07:00,111.657715
1782599520,2026-06-27T15:32:00-07:00,111.657715
1782599580,2026-06-27T15:33:00-07:00,111.657715
1782599640,2026-06-27T15:34:00-07:00,111.657715
1782599700,2026-06-27T15:35:00-07:00,111.657715
1782599760,2026-06-27T15:36:00-07:00,124.616008
1782599820,2026-06-27T15:37:00-07:00,124.616008
1782599880,2026-06-27T15:38:00-07:00,124.616008
1782599940,2026-06-27T15:39:00-07:00,124.616008
1782600000,2026-06-27T15:40:00-07:00,124.616008
1782601740,2026-06-27T16:09:00-07:00,926.627523
1782601800,2026-06-27T16:10:00-07:00,926.627523
1782601860,2026-06-27T16:11:00-07:00,926.627523
1782601920,2026-06-27T16:12:00-07:00,926.627523
1782601980,2026-06-27T16:13:00-07:00,926.627523
1782602820,2026-06-27T16:27:00-07:00,151.36377
1782602880,2026-06-27T16:28:00-07:00,151.36377
1782602940,2026-06-27T16:29:00-07:00,151.36377
1782603000,2026-06-27T16:30:00-07:00,151.36377
1782603060,2026-06-27T16:31:00-07:00,151.36377
1782603480,2026-06-27T16:38:00-07:00,101.33785
1782603540,2026-06-27T16:39:00-07:00,101.33785
1782603600,2026-06-27T16:40:00-07:00,101.33785
1782603660,2026-06-27T16:41:00-07:00,101.33785
1782603720,2026-06-27T16:42:00-07:00,101.33785
1782603780,2026-06-27T16:43:00-07:00,126.48588
1782603840,2026-06-27T16:44:00-07:00,126.48588
1782603900,2026-06-27T16:45:00-07:00,126.48588
1782603960,2026-06-27T16:46:00-07:00,126.48588
1782604020,2026-06-27T16:47:00-07:00,126.48588
1782604440,2026-06-27T16:54:00-07:00,121.030924
1782604500,2026-06-27T16:55:00-07:00,121.030924
1782604560,2026-06-27T16:56:00-07:00,121.030924
1782604620,2026-06-27T16:57:00-07:00,121.030924
1782604680,2026-06-27T16:58:00-07:00,121.030924
1782606120,2026-06-27T17:22:00-07:00,120.466349
1782606180,2026-06-27T17:23:00-07:00,120.466349
1782606240,2026-06-27T17:24:00-07:00,120.466349
1782606300,2026-06-27T17:25:00-07:00,120.466349
1782606360,2026-06-27T17:26:00-07:00,120.466349
1782606540,2026-06-27T17:29:00-07:00,110.845174
1782606600,2026-06-27T17:30:00-07:00,110.845174
1782606660,2026-06-27T17:31:00-07:00,110.845174
1782606720,2026-06-27T17:32:00-07:00,110.845174
1782606780,2026-06-27T17:33:00-07:00,110.845174
1782606900,2026-06-27T17:35:00-07:00,119.953003
1782606960,2026-06-27T17:36:00-07:00,119.953003
1782607020,2026-06-27T17:37:00-07:00,119.953003
1782607080,2026-06-27T17:38:00-07:00,119.953003
1782607140,2026-06-27T17:39:00-07:00,119.953003
1782607320,2026-06-27T17:42:00-07:00,138.712117
1782607380,2026-06-27T17:43:00-07:00,138.712117
1782607440,2026-06-27T17:44:00-07:00,138.712117
1782607500,2026-06-27T17:45:00-07:00,138.712117
1782607560,2026-06-27T17:46:00-07:00,138.712117
1782607620,2026-06-27T17:47:00-07:00,134.71521
1782607680,2026-06-27T17:48:00-07:00,134.71521
1782607740,2026-06-27T17:49:00-07:00,134.71521
1782607800,2026-06-27T17:50:00-07:00,134.71521
1782607860,2026-06-27T17:51:00-07:00,134.71521
1782607980,2026-06-27T17:53:00-07:00,107.168538
1782608040,2026-06-27T17:54:00-07:00,107.168538
1782608100,2026-06-27T17:55:00-07:00,107.168538
1782608160,2026-06-27T17:56:00-07:00,107.168538
1782608220,2026-06-27T17:57:00-07:00,107.168538
1782608340,2026-06-27T17:59:00-07:00,449.593547
1782608400,2026-06-27T18:00:00-07:00,449.593547
1782608460,2026-06-27T18:01:00-07:00,449.593547
1782608520,2026-06-27T18:02:00-07:00,449.593547
1782608580,2026-06-27T18:03:00-07:00,449.593547
1782610380,2026-06-27T18:33:00-07:00,118.890177
1782610440,2026-06-27T18:34:00-07:00,118.890177
1782610500,2026-06-27T18:35:00-07:00,118.890177
1782610560,2026-06-27T18:36:00-07:00,118.890177
1782610620,2026-06-27T18:37:00-07:00,118.890177
1782610680,2026-06-27T18:38:00-07:00,138.195719
1782610740,2026-06-27T18:39:00-07:00,138.195719
1782610800,2026-06-27T18:40:00-07:00,138.195719
1782610860,2026-06-27T18:41:00-07:00,138.195719
1782610920,2026-06-27T18:42:00-07:00,138.195719
1782611040,2026-06-27T18:44:00-07:00,90.900025
1782611100,2026-06-27T18:45:00-07:00,90.900025
1782611160,2026-06-27T18:46:00-07:00,90.900025
1782611220,2026-06-27T18:47:00-07:00,90.900025
1782611280,2026-06-27T18:48:00-07:00,90.900025
1782611340,2026-06-27T18:49:00-07:00,129.054484
1782611400,2026-06-27T18:50:00-07:00,129.054484
1782611460,2026-06-27T18:51:00-07:00,129.054484
1782611520,2026-06-27T18:52:00-07:00,129.054484
1782611580,2026-06-27T18:53:00-07:00,129.054484
1782611640,2026-06-27T18:54:00-07:00,119.16569
1782611700,2026-06-27T18:55:00-07:00,119.16569
1782611760,2026-06-27T18:56:00-07:00,119.16569
1782611820,2026-06-27T18:57:00-07:00,119.16569
1782611880,2026-06-27T18:58:00-07:00,119.16569
1782612000,2026-06-27T19:00:00-07:00,110.872314
1782612060,2026-06-27T19:01:00-07:00,110.872314
1782612120,2026-06-27T19:02:00-07:00,110.872314
1782612180,2026-06-27T19:03:00-07:00,110.872314
1782612240,2026-06-27T19:04:00-07:00,110.872314
1782612300,2026-06-27T19:05:00-07:00,130.502442
1782612360,2026-06-27T19:06:00-07:00,130.502442
1782612420,2026-06-27T19:07:00-07:00,130.502442
1782612480,2026-06-27T19:08:00-07:00,130.502442
1782612540,2026-06-27T19:09:00-07:00,130.502442
1782612660,2026-06-27T19:11:00-07:00,108.393433
1782612720,2026-06-27T19:12:00-07:00,108.393433
1782612780,2026-06-27T19:13:00-07:00,108.393433
1782612840,2026-06-27T19:14:00-07:00,108.393433
1782612900,2026-06-27T19:15:00-07:00,108.393433
1782613020,2026-06-27T19:17:00-07:00,112.839274
1782613080,2026-06-27T19:18:00-07:00,112.839274
1782613140,2026-06-27T19:19:00-07:00,112.839274
1782613200,2026-06-27T19:20:00-07:00,112.839274
1782613260,2026-06-27T19:21:00-07:00,112.839274
1782613320,2026-06-27T19:22:00-07:00,99.323283
1782613380,2026-06-27T19:23:00-07:00,99.323283
1782613440,2026-06-27T19:24:00-07:00,99.323283
1782613500,2026-06-27T19:25:00-07:00,99.323283
1782613560,2026-06-27T19:26:00-07:00,99.323283
1782613680,2026-06-27T19:28:00-07:00,132.129558
1782613740,2026-06-27T19:29:00-07:00,132.129558
1782613800,2026-06-27T19:30:00-07:00,132.129558
1782613860,2026-06-27T19:31:00-07:00,132.129558
1782613920,2026-06-27T19:32:00-07:00,132.129558
1782614100,2026-06-27T19:35:00-07:00,119.351685
1782614160,2026-06-27T19:36:00-07:00,119.351685
1782614220,2026-06-27T19:37:00-07:00,119.351685
1782614280,2026-06-27T19:38:00-07:00,119.351685
1782614340,2026-06-27T19:39:00-07:00,119.351685
1782614460,2026-06-27T19:41:00-07:00,140.689494
1782614520,2026-06-27T19:42:00-07:00,140.689494
1782614580,2026-06-27T19:43:00-07:00,140.689494
1782614640,2026-06-27T19:44:00-07:00,140.689494
1782614700,2026-06-27T19:45:00-07:00,140.689494
1782614820,2026-06-27T19:47:00-07:00,135.113038
1782614880,2026-06-27T19:48:00-07:00,135.113038
1782614940,2026-06-27T19:49:00-07:00,135.113038
1782615000,2026-06-27T19:50:00-07:00,135.113038
1782615060,2026-06-27T19:51:00-07:00,135.113038
1782615120,2026-06-27T19:52:00-07:00,111.46224
1782615180,2026-06-27T19:53:00-07:00,111.46224
1782615240,2026-06-27T19:54:00-07:00,111.46224
1782615300,2026-06-27T19:55:00-07:00,111.46224
1782615360,2026-06-27T19:56:00-07:00,111.46224
1782615420,2026-06-27T19:57:00-07:00,168.824707
1782615480,2026-06-27T19:58:00-07:00,168.824707
1782615540,2026-06-27T19:59:00-07:00,168.824707
1782615600,2026-06-27T20:00:00-07:00,168.824707
1782615660,2026-06-27T20:01:00-07:00,168.824707
1782615780,2026-06-27T20:03:00-07:00,111.326416
1782615840,2026-06-27T20:04:00-07:00,111.326416
1782615900,2026-06-27T20:05:00-07:00,111.326416
1782615960,2026-06-27T20:06:00-07:00,111.326416
1782616020,2026-06-27T20:07:00-07:00,111.326416
1782616140,2026-06-27T20:09:00-07:00,112.930501
1782616200,2026-06-27T20:10:00-07:00,112.930501
1782616260,2026-06-27T20:11:00-07:00,112.930501
1782616320,2026-06-27T20:12:00-07:00,112.930501
1782616380,2026-06-27T20:13:00-07:00,112.930501
1782616560,2026-06-27T20:16:00-07:00,99.41687
1782616620,2026-06-27T20:17:00-07:00,99.41687
1782616680,2026-06-27T20:18:00-07:00,99.41687
1782616740,2026-06-27T20:19:00-07:00,99.41687
1782616800,2026-06-27T20:20:00-07:00,99.41687
1782616920,2026-06-27T20:22:00-07:00,124.425456
1782616980,2026-06-27T20:23:00-07:00,124.425456
1782617040,2026-06-27T20:24:00-07:00,124.425456
1782617100,2026-06-27T20:25:00-07:00,124.425456
1782617160,2026-06-27T20:26:00-07:00,124.425456
1782617280,2026-06-27T20:28:00-07:00,122.299804
1782617340,2026-06-27T20:29:00-07:00,122.299804
1782617400,2026-06-27T20:30:00-07:00,122.299804
1782617460,2026-06-27T20:31:00-07:00,122.299804
1782617520,2026-06-27T20:32:00-07:00,122.299804
1782617760,2026-06-27T20:36:00-07:00,123.064372
1782617820,2026-06-27T20:37:00-07:00,123.064372
1782617880,2026-06-27T20:38:00-07:00,123.064372
1782617940,2026-06-27T20:39:00-07:00,123.064372
1782618000,2026-06-27T20:40:00-07:00,123.064372
1782618180,2026-06-27T20:43:00-07:00,128.954143
1782618240,2026-06-27T20:44:00-07:00,128.954143
1782618300,2026-06-27T20:45:00-07:00,128.954143
1782618360,2026-06-27T20:46:00-07:00,128.954143
1782618420,2026-06-27T20:47:00-07:00,128.954143
1782618480,2026-06-27T20:48:00-07:00,101.177409
1782618540,2026-06-27T20:49:00-07:00,101.177409
1782618600,2026-06-27T20:50:00-07:00,101.177409
1782618660,2026-06-27T20:51:00-07:00,101.177409
1782618720,2026-06-27T20:52:00-07:00,101.177409
1782618780,2026-06-27T20:53:00-07:00,101.779826
1782618840,2026-06-27T20:54:00-07:00,101.779826
1782618900,2026-06-27T20:55:00-07:00,101.779826
1782618960,2026-06-27T20:56:00-07:00,101.779826
1782619020,2026-06-27T20:57:00-07:00,101.779826
1782619200,2026-06-27T21:00:00-07:00,97.479452
1782619260,2026-06-27T21:01:00-07:00,97.479452
1782619320,2026-06-27T21:02:00-07:00,97.479452
1782619380,2026-06-27T21:03:00-07:00,97.479452
1782619440,2026-06-27T21:04:00-07:00,97.479452
1782619500,2026-06-27T21:05:00-07:00,131.364665
1782619560,2026-06-27T21:06:00-07:00,131.364665
1782619620,2026-06-27T21:07:00-07:00,131.364665
1782619680,2026-06-27T21:08:00-07:00,131.364665
1782619740,2026-06-27T21:09:00-07:00,131.364665
1782619800,2026-06-27T21:10:00-07:00,125.641805
1782619860,2026-06-27T21:11:00-07:00,125.641805
1782619920,2026-06-27T21:12:00-07:00,125.641805
1782619980,2026-06-27T21:13:00-07:00,125.641805
1782620040,2026-06-27T21:14:00-07:00,125.641805
1782620100,2026-06-27T21:15:00-07:00,174.790487
1782620160,2026-06-27T21:16:00-07:00,174.790487
1782620220,2026-06-27T21:17:00-07:00,174.790487
1782620280,2026-06-27T21:18:00-07:00,174.790487
1782620340,2026-06-27T21:19:00-07:00,174.790487
1782620400,2026-06-27T21:20:00-07:00,95.880005
1782620460,2026-06-27T21:21:00-07:00,95.880005
1782620520,2026-06-27T21:22:00-07:00,95.880005
1782620580,2026-06-27T21:23:00-07:00,95.880005
1782620640,2026-06-27T21:24:00-07:00,95.880005
1782620700,2026-06-27T21:25:00-07:00,144.697387
1782620760,2026-06-27T21:26:00-07:00,144.697387
1782620820,2026-06-27T21:27:00-07:00,144.697387
1782620880,2026-06-27T21:28:00-07:00,144.697387
1782620940,2026-06-27T21:29:00-07:00,144.697387
1782621000,2026-06-27T21:30:00-07:00,95.233602
1782621060,2026-06-27T21:31:00-07:00,95.233602
1782621120,2026-06-27T21:32:00-07:00,95.233602
1782621180,2026-06-27T21:33:00-07:00,95.233602
1782621240,2026-06-27T21:34:00-07:00,95.233602
1782621300,2026-06-27T21:35:00-07:00,106.190551
1782621360,2026-06-27T21:36:00-07:00,106.190551
1782621420,2026-06-27T21:37:00-07:00,106.190551
1782621480,2026-06-27T21:38:00-07:00,106.190551
1782621540,2026-06-27T21:39:00-07:00,106.190551
1782621600,2026-06-27T21:40:00-07:00,85.415487
1782621660,2026-06-27T21:41:00-07:00,85.415487
1782621720,2026-06-27T21:42:00-07:00,85.415487
1782621780,2026-06-27T21:43:00-07:00,85.415487
1782621840,2026-06-27T21:44:00-07:00,85.415487
1782621900,2026-06-27T21:45:00-07:00,101.378255
1782621960,2026-06-27T21:46:00-07:00,101.378255
1782622020,2026-06-27T21:47:00-07:00,101.378255
1782622080,2026-06-27T21:48:00-07:00,101.378255
1782622140,2026-06-27T21:49:00-07:00,101.378255
1782622200,2026-06-27T21:50:00-07:00,114.121785
1782622260,2026-06-27T21:51:00-07:00,114.121785
1782622320,2026-06-27T21:52:00-07:00,114.121785
1782622380,2026-06-27T21:53:00-07:00,114.121785
1782622440,2026-06-27T21:54:00-07:00,114.121785
1782622560,2026-06-27T21:56:00-07:00,134.461629
1782622620,2026-06-27T21:57:00-07:00,134.461629
1782622680,2026-06-27T21:58:00-07:00,134.461629
1782622740,2026-06-27T21:59:00-07:00,134.461629
1782622800,2026-06-27T22:00:00-07:00,134.461629
1782622860,2026-06-27T22:01:00-07:00,134.618123
1782622920,2026-06-27T22:02:00-07:00,134.618123
1782622980,2026-06-27T22:03:00-07:00,134.618123
1782623040,2026-06-27T22:04:00-07:00,134.618123
1782623100,2026-06-27T22:05:00-07:00,134.618123
1782623160,2026-06-27T22:06:00-07:00,96.190105
1782623220,2026-06-27T22:07:00-07:00,96.190105
1782623280,2026-06-27T22:08:00-07:00,96.190105
1782623340,2026-06-27T22:09:00-07:00,96.190105
1782623400,2026-06-27T22:10:00-07:00,96.190105
1782623460,2026-06-27T22:11:00-07:00,106.569499
1782623520,2026-06-27T22:12:00-07:00,106.569499
1782623580,2026-06-27T22:13:00-07:00,106.569499
1782623640,2026-06-27T22:14:00-07:00,106.569499
1782623700,2026-06-27T22:15:00-07:00,106.569499
1782623760,2026-06-27T22:16:00-07:00,113.217
1782623820,2026-06-27T22:17:00-07:00,113.217
1782623880,2026-06-27T22:18:00-07:00,113.217
1782623940,2026-06-27T22:19:00-07:00,113.217
1782624000,2026-06-27T22:20:00-07:00,113.217
1782624060,2026-06-27T22:21:00-07:00,124.053182
1782624120,2026-06-27T22:22:00-07:00,124.053182
1782624180,2026-06-27T22:23:00-07:00,124.053182
1782624240,2026-06-27T22:24:00-07:00,124.053182
1782624300,2026-06-27T22:25:00-07:00,124.053182
1782624420,2026-06-27T22:27:00-07:00,110.209716
1782624480,2026-06-27T22:28:00-07:00,110.209716
1782624540,2026-06-27T22:29:00-07:00,110.209716
1782624600,2026-06-27T22:30:00-07:00,110.209716
1782624660,2026-06-27T22:31:00-07:00,110.209716
1782624720,2026-06-27T22:32:00-07:00,115.924886
1782624780,2026-06-27T22:33:00-07:00,115.924886
1782624840,2026-06-27T22:34:00-07:00,115.924886
1782624900,2026-06-27T22:35:00-07:00,115.924886
1782624960,2026-06-27T22:36:00-07:00,115.924886
1782625020,2026-06-27T22:37:00-07:00,138.112915
1782625080,2026-06-27T22:38:00-07:00,138.112915
1782625140,2026-06-27T22:39:00-07:00,138.112915
1782625200,2026-06-27T22:40:00-07:00,138.112915
1782625260,2026-06-27T22:41:00-07:00,138.112915
1782625320,2026-06-27T22:42:00-07:00,132.298746
1782625380,2026-06-27T22:43:00-07:00,132.298746
1782625440,2026-06-27T22:44:00-07:00,132.298746
1782625500,2026-06-27T22:45:00-07:00,132.298746
1782625560,2026-06-27T22:46:00-07:00,132.298746
1782625680,2026-06-27T22:48:00-07:00,109.280152
1782625740,2026-06-27T22:49:00-07:00,109.280152
1782625800,2026-06-27T22:50:00-07:00,109.280152
1782625860,2026-06-27T22:51:00-07:00,109.280152
1782625920,2026-06-27T22:52:00-07:00,109.280152
1782625980,2026-06-27T22:53:00-07:00,107.465007
1782626040,2026-06-27T22:54:00-07:00,107.465007
1782626100,2026-06-27T22:55:00-07:00,107.465007
1782626160,2026-06-27T22:56:00-07:00,107.465007
1782626220,2026-06-27T22:57:00-07:00,107.465007
1782626280,2026-06-27T22:58:00-07:00,136.043375
1782626340,2026-06-27T22:59:00-07:00,136.043375
1782626400,2026-06-27T23:00:00-07:00,136.043375
1782626460,2026-06-27T23:01:00-07:00,136.043375
1782626520,2026-06-27T23:02:00-07:00,136.043375
1782626580,2026-06-27T23:03:00-07:00,112.380616
1782626640,2026-06-27T23:04:00-07:00,112.380616
1782626700,2026-06-27T23:05:00-07:00,112.380616
1782626760,2026-06-27T23:06:00-07:00,112.380616
1782626820,2026-06-27T23:07:00-07:00,112.380616
1782626880,2026-06-27T23:08:00-07:00,130.018799
1782626940,2026-06-27T23:09:00-07:00,130.018799
1782627000,2026-06-27T23:10:00-07:00,130.018799
1782627060,2026-06-27T23:11:00-07:00,130.018799
1782627120,2026-06-27T23:12:00-07:00,130.018799
1782627180,2026-06-27T23:13:00-07:00,135.905396
1782627240,2026-06-27T23:14:00-07:00,135.905396
1782627300,2026-06-27T23:15:00-07:00,135.905396
1782627360,2026-06-27T23:16:00-07:00,135.905396
1782627420,2026-06-27T23:17:00-07:00,135.905396
1782627540,2026-06-27T23:19:00-07:00,130.694783
1782627600,2026-06-27T23:20:00-07:00,130.694783
1782627660,2026-06-27T23:21:00-07:00,130.694783
1782627720,2026-06-27T23:22:00-07:00,130.694783
1782627780,2026-06-27T23:23:00-07:00,130.694783
1782627840,2026-06-27T23:24:00-07:00,134.706177
1782627900,2026-06-27T23:25:00-07:00,134.706177
1782627960,2026-06-27T23:26:00-07:00,134.706177
1782628020,2026-06-27T23:27:00-07:00,134.706177
1782628080,2026-06-27T23:28:00-07:00,134.706177
1782628140,2026-06-27T23:29:00-07:00,127.155437
1782628200,2026-06-27T23:30:00-07:00,127.155437
1782628260,2026-06-27T23:31:00-07:00,127.155437
1782628320,2026-06-27T23:32:00-07:00,127.155437
1782628380,2026-06-27T23:33:00-07:00,127.155437
1782628440,2026-06-27T23:34:00-07:00,176.940593
1782628500,2026-06-27T23:35:00-07:00,176.940593
1782628560,2026-06-27T23:36:00-07:00,176.940593
1782628620,2026-06-27T23:37:00-07:00,176.940593
1782628680,2026-06-27T23:38:00-07:00,176.940593
1782628740,2026-06-27T23:39:00-07:00,136.816081
1782628800,2026-06-27T23:40:00-07:00,136.816081
1782628860,2026-06-27T23:41:00-07:00,136.816081
1782628920,2026-06-27T23:42:00-07:00,136.816081
1782628980,2026-06-27T23:43:00-07:00,136.816081
1782629040,2026-06-27T23:44:00-07:00,119.620077
1782629100,2026-06-27T23:45:00-07:00,119.620077
1782629160,2026-06-27T23:46:00-07:00,119.620077
1782629220,2026-06-27T23:47:00-07:00,119.620077
1782629280,2026-06-27T23:48:00-07:00,119.620077
1782629340,2026-06-27T23:49:00-07:00,84.121785
1782629400,2026-06-27T23:50:00-07:00,84.121785
1782629460,2026-06-27T23:51:00-07:00,84.121785
1782629520,2026-06-27T23:52:00-07:00,84.121785
1782629580,2026-06-27T23:53:00-07:00,84.121785
1782629640,2026-06-27T23:54:00-07:00,170.213216
1782629700,2026-06-27T23:55:00-07:00,170.213216
1782629760,2026-06-27T23:56:00-07:00,170.213216
1782629820,2026-06-27T23:57:00-07:00,170.213216
1782629880,2026-06-27T23:58:00-07:00,170.213216
1782630000,2026-06-28T00:00:00-07:00,113.855998
1782630060,2026-06-28T00:01:00-07:00,113.855998
1782630120,2026-06-28T00:02:00-07:00,113.855998
1782630180,2026-06-28T00:03:00-07:00,113.855998
1782630240,2026-06-28T00:04:00-07:00,113.855998
1782630300,2026-06-28T00:05:00-07:00,117.006592
1782630360,2026-06-28T00:06:00-07:00,117.006592
1782630420,2026-06-28T00:07:00-07:00,117.006592
1782630480,2026-06-28T00:08:00-07:00,117.006592
1782630540,2026-06-28T00:09:00-07:00,117.006592
1782630600,2026-06-28T00:10:00-07:00,98.990071
1782630660,2026-06-28T00:11:00-07:00,98.990071
1782630720,2026-06-28T00:12:00-07:00,98.990071
1782630780,2026-06-28T00:13:00-07:00,98.990071
1782630840,2026-06-28T00:14:00-07:00,98.990071
1782630900,2026-06-28T00:15:00-07:00,116.809326
1782630960,2026-06-28T00:16:00-07:00,116.809326
1782631020,2026-06-28T00:17:00-07:00,116.809326
1782631080,2026-06-28T00:18:00-07:00,116.809326
1782631140,2026-06-28T00:19:00-07:00,116.809326
1782631200,2026-06-28T00:20:00-07:00,114.560303
1782631260,2026-06-28T00:21:00-07:00,114.560303
1782631320,2026-06-28T00:22:00-07:00,114.560303
1782631380,2026-06-28T00:23:00-07:00,114.560303
1782631440,2026-06-28T00:24:00-07:00,114.560303
1782631500,2026-06-28T00:25:00-07:00,115.350953
1782631560,2026-06-28T00:26:00-07:00,115.350953
1782631620,2026-06-28T00:27:00-07:00,115.350953
1782631680,2026-06-28T00:28:00-07:00,115.350953
1782631740,2026-06-28T00:29:00-07:00,115.350953
1782631800,2026-06-28T00:30:00-07:00,102.297363
1782631860,2026-06-28T00:31:00-07:00,102.297363
1782631920,2026-06-28T00:32:00-07:00,102.297363
1782631980,2026-06-28T00:33:00-07:00,102.297363
1782632040,2026-06-28T00:34:00-07:00,102.297363
1782632100,2026-06-28T00:35:00-07:00,98.690186
1782632160,2026-06-28T00:36:00-07:00,98.690186
1782632220,2026-06-28T00:37:00-07:00,98.690186
1782632280,2026-06-28T00:38:00-07:00,98.690186
1782632340,2026-06-28T00:39:00-07:00,98.690186
1782632400,2026-06-28T00:40:00-07:00,101.503092
1782632460,2026-06-28T00:41:00-07:00,101.503092
1782632520,2026-06-28T00:42:00-07:00,101.503092
1782632580,2026-06-28T00:43:00-07:00,101.503092
1782632640,2026-06-28T00:44:00-07:00,101.503092
1782632700,2026-06-28T00:45:00-07:00,127.820964
1782632760,2026-06-28T00:46:00-07:00,127.820964
1782632820,2026-06-28T00:47:00-07:00,127.820964
1782632880,2026-06-28T00:48:00-07:00,127.820964
1782632940,2026-06-28T00:49:00-07:00,127.820964
1782633060,2026-06-28T00:51:00-07:00,68.511312
1782633120,2026-06-28T00:52:00-07:00,68.511312
1782633180,2026-06-28T00:53:00-07:00,68.511312
1782633240,2026-06-28T00:54:00-07:00,68.511312
1782633300,2026-06-28T00:55:00-07:00,68.511312
1782633360,2026-06-28T00:56:00-07:00,121.622355
1782633420,2026-06-28T00:57:00-07:00,121.622355
1782633480,2026-06-28T00:58:00-07:00,121.622355
1782633540,2026-06-28T00:59:00-07:00,121.622355
1782633600,2026-06-28T01:00:00-07:00,121.622355
1782633660,2026-06-28T01:01:00-07:00,128.882243
1782633720,2026-06-28T01:02:00-07:00,128.882243
1782633780,2026-06-28T01:03:00-07:00,128.882243
1782633840,2026-06-28T01:04:00-07:00,128.882243
1782633900,2026-06-28T01:05:00-07:00,128.882243
1782633960,2026-06-28T01:06:00-07:00,115.284383
1782634020,2026-06-28T01:07:00-07:00,115.284383
1782634080,2026-06-28T01:08:00-07:00,115.284383
1782634140,2026-06-28T01:09:00-07:00,115.284383
1782634200,2026-06-28T01:10:00-07:00,115.284383
1782634260,2026-06-28T01:11:00-07:00,126.199016
1782634320,2026-06-28T01:12:00-07:00,126.199016
1782634380,2026-06-28T01:13:00-07:00,126.199016
1782634440,2026-06-28T01:14:00-07:00,126.199016
1782634500,2026-06-28T01:15:00-07:00,126.199016
1782634560,2026-06-28T01:16:00-07:00,114.022176
1782634620,2026-06-28T01:17:00-07:00,114.022176
1782634680,2026-06-28T01:18:00-07:00,114.022176
1782634740,2026-06-28T01:19:00-07:00,114.022176
1782634800,2026-06-28T01:20:00-07:00,114.022176
1782634860,2026-06-28T01:21:00-07:00,121.997315
1782634920,2026-06-28T01:22:00-07:00,121.997315
1782634980,2026-06-28T01:23:00-07:00,121.997315
1782635040,2026-06-28T01:24:00-07:00,121.997315
1782635100,2026-06-28T01:25:00-07:00,121.997315
1782635220,2026-06-28T01:27:00-07:00,111.342366
1782635280,2026-06-28T01:28:00-07:00,111.342366
1782635340,2026-06-28T01:29:00-07:00,111.342366
1782635400,2026-06-28T01:30:00-07:00,111.342366
1782635460,2026-06-28T01:31:00-07:00,111.342366
1782635520,2026-06-28T01:32:00-07:00,125.516276
1782635580,2026-06-28T01:33:00-07:00,125.516276
1782635640,2026-06-28T01:34:00-07:00,125.516276
1782635700,2026-06-28T01:35:00-07:00,125.516276
1782635760,2026-06-28T01:36:00-07:00,125.516276
1782635820,2026-06-28T01:37:00-07:00,104.53597
1782635880,2026-06-28T01:38:00-07:00,104.53597
1782635940,2026-06-28T01:39:00-07:00,104.53597
1782636000,2026-06-28T01:40:00-07:00,104.53597
1782636060,2026-06-28T01:41:00-07:00,104.53597
1782636120,2026-06-28T01:42:00-07:00,123.831218
1782636180,2026-06-28T01:43:00-07:00,123.831218
1782636240,2026-06-28T01:44:00-07:00,123.831218
1782636300,2026-06-28T01:45:00-07:00,123.831218
1782636360,2026-06-28T01:46:00-07:00,123.831218
1782636420,2026-06-28T01:47:00-07:00,118.596761
1782636480,2026-06-28T01:48:00-07:00,118.596761
1782636540,2026-06-28T01:49:00-07:00,118.596761
1782636600,2026-06-28T01:50:00-07:00,118.596761
1782636660,2026-06-28T01:51:00-07:00,118.596761
1782636720,2026-06-28T01:52:00-07:00,120.774862
1782636780,2026-06-28T01:53:00-07:00,120.774862
1782636840,2026-06-28T01:54:00-07:00,120.774862
1782636900,2026-06-28T01:55:00-07:00,120.774862
1782636960,2026-06-28T01:56:00-07:00,120.774862
1782637020,2026-06-28T01:57:00-07:00,103.576172
1782637080,2026-06-28T01:58:00-07:00,103.576172
1782637140,2026-06-28T01:59:00-07:00,103.576172
1782637200,2026-06-28T02:00:00-07:00,103.576172
1782637260,2026-06-28T02:01:00-07:00,103.576172
1782637380,2026-06-28T02:03:00-07:00,118.91866
1782637440,2026-06-28T02:04:00-07:00,118.91866
1782637500,2026-06-28T02:05:00-07:00,118.91866
1782637560,2026-06-28T02:06:00-07:00,118.91866
1782637620,2026-06-28T02:07:00-07:00,118.91866
1782637680,2026-06-28T02:08:00-07:00,104.182576
1782637740,2026-06-28T02:09:00-07:00,104.182576
1782637800,2026-06-28T02:10:00-07:00,104.182576
1782637860,2026-06-28T02:11:00-07:00,104.182576
1782637920,2026-06-28T02:12:00-07:00,104.182576
1782637980,2026-06-28T02:13:00-07:00,135.985474
1782638040,2026-06-28T02:14:00-07:00,135.985474
1782638100,2026-06-28T02:15:00-07:00,135.985474
1782638160,2026-06-28T02:16:00-07:00,135.985474
1782638220,2026-06-28T02:17:00-07:00,135.985474
1782638280,2026-06-28T02:18:00-07:00,101.907877
1782638340,2026-06-28T02:19:00-07:00,101.907877
1782638400,2026-06-28T02:20:00-07:00,101.907877
1782638460,2026-06-28T02:21:00-07:00,101.907877
1782638520,2026-06-28T02:22:00-07:00,101.907877
1782638580,2026-06-28T02:23:00-07:00,109.77413
1782638640,2026-06-28T02:24:00-07:00,109.77413
1782638700,2026-06-28T02:25:00-07:00,109.77413
1782638760,2026-06-28T02:26:00-07:00,109.77413
1782638820,2026-06-28T02:27:00-07:00,109.77413
1782638880,2026-06-28T02:28:00-07:00,113.568603
1782638940,2026-06-28T02:29:00-07:00,113.568603
1782639000,2026-06-28T02:30:00-07:00,113.568603
1782639060,2026-06-28T02:31:00-07:00,113.568603
1782639120,2026-06-28T02:32:00-07:00,113.568603
1782639240,2026-06-28T02:34:00-07:00,141.034058
1782639300,2026-06-28T02:35:00-07:00,141.034058
1782639360,2026-06-28T02:36:00-07:00,141.034058
1782639420,2026-06-28T02:37:00-07:00,141.034058
1782639480,2026-06-28T02:38:00-07:00,141.034058
1782639600,2026-06-28T02:40:00-07:00,104.559123
1782639660,2026-06-28T02:41:00-07:00,104.559123
1782639720,2026-06-28T02:42:00-07:00,104.559123
1782639780,2026-06-28T02:43:00-07:00,104.559123
1782639840,2026-06-28T02:44:00-07:00,104.559123
1782639960,2026-06-28T02:46:00-07:00,122.359049
1782640020,2026-06-28T02:47:00-07:00,122.359049
1782640080,2026-06-28T02:48:00-07:00,122.359049
1782640140,2026-06-28T02:49:00-07:00,122.359049
1782640200,2026-06-28T02:50:00-07:00,122.359049
1782640320,2026-06-28T02:52:00-07:00,120.655437
1782640380,2026-06-28T02:53:00-07:00,120.655437
1782640440,2026-06-28T02:54:00-07:00,120.655437
1782640500,2026-06-28T02:55:00-07:00,120.655437
1782640560,2026-06-28T02:56:00-07:00,120.655437
1782640620,2026-06-28T02:57:00-07:00,102.514242
1782640680,2026-06-28T02:58:00-07:00,102.514242
1782640740,2026-06-28T02:59:00-07:00,102.514242
1782640800,2026-06-28T03:00:00-07:00,102.514242
1782640860,2026-06-28T03:01:00-07:00,102.514242
1782640980,2026-06-28T03:03:00-07:00,121.033
1782641040,2026-06-28T03:04:00-07:00,121.033
1782641100,2026-06-28T03:05:00-07:00,121.033
1782641160,2026-06-28T03:06:00-07:00,121.033
1782641220,2026-06-28T03:07:00-07:00,121.033
1782641280,2026-06-28T03:08:00-07:00,110.359049
1782641340,2026-06-28T03:09:00-07:00,110.359049
1782641400,2026-06-28T03:10:00-07:00,110.359049
1782641460,2026-06-28T03:11:00-07:00,110.359049
1782641520,2026-06-28T03:12:00-07:00,110.359049
1782641580,2026-06-28T03:13:00-07:00,106.055827
1782641640,2026-06-28T03:14:00-07:00,106.055827
1782641700,2026-06-28T03:15:00-07:00,106.055827
1782641760,2026-06-28T03:16:00-07:00,106.055827
1782641820,2026-06-28T03:17:00-07:00,106.055827
1782641940,2026-06-28T03:19:00-07:00,110.096639
1782642000,2026-06-28T03:20:00-07:00,110.096639
1782642060,2026-06-28T03:21:00-07:00,110.096639
1782642120,2026-06-28T03:22:00-07:00,110.096639
1782642180,2026-06-28T03:23:00-07:00,110.096639
1782642300,2026-06-28T03:25:00-07:00,117.344279
1782642360,2026-06-28T03:26:00-07:00,117.344279
1782642420,2026-06-28T03:27:00-07:00,117.344279
1782642480,2026-06-28T03:28:00-07:00,117.344279
1782642540,2026-06-28T03:29:00-07:00,117.344279
1782642660,2026-06-28T03:31:00-07:00,128.841797
1782642720,2026-06-28T03:32:00-07:00,128.841797
1782642780,2026-06-28T03:33:00-07:00,128.841797
1782642840,2026-06-28T03:34:00-07:00,128.841797
1782642900,2026-06-28T03:35:00-07:00,128.841797
1782642960,2026-06-28T03:36:00-07:00,105.088908
1782643020,2026-06-28T03:37:00-07:00,105.088908
1782643080,2026-06-28T03:38:00-07:00,105.088908
1782643140,2026-06-28T03:39:00-07:00,105.088908
1782643200,2026-06-28T03:40:00-07:00,105.088908
1782643260,2026-06-28T03:41:00-07:00,129.754557
1782643320,2026-06-28T03:42:00-07:00,129.754557
1782643380,2026-06-28T03:43:00-07:00,129.754557
1782643440,2026-06-28T03:44:00-07:00,129.754557
1782643500,2026-06-28T03:45:00-07:00,129.754557
1782643560,2026-06-28T03:46:00-07:00,86.242635
1782643620,2026-06-28T03:47:00-07:00,86.242635
1782643680,2026-06-28T03:48:00-07:00,86.242635
1782643740,2026-06-28T03:49:00-07:00,86.242635
1782643800,2026-06-28T03:50:00-07:00,86.242635
1782643860,2026-06-28T03:51:00-07:00,127.990519
1782643920,2026-06-28T03:52:00-07:00,127.990519
1782643980,2026-06-28T03:53:00-07:00,127.990519
1782644040,2026-06-28T03:54:00-07:00,127.990519
1782644100,2026-06-28T03:55:00-07:00,127.990519
1782644160,2026-06-28T03:56:00-07:00,114.51298
1782644220,2026-06-28T03:57:00-07:00,114.51298
1782644280,2026-06-28T03:58:00-07:00,114.51298
1782644340,2026-06-28T03:59:00-07:00,114.51298
1782644400,2026-06-28T04:00:00-07:00,114.51298
1782644580,2026-06-28T04:03:00-07:00,115.00057
1782644640,2026-06-28T04:04:00-07:00,115.00057
1782644700,2026-06-28T04:05:00-07:00,115.00057
1782644760,2026-06-28T04:06:00-07:00,115.00057
1782644820,2026-06-28T04:07:00-07:00,115.00057
1782644940,2026-06-28T04:09:00-07:00,136.395467
1782645000,2026-06-28T04:10:00-07:00,136.395467
1782645060,2026-06-28T04:11:00-07:00,136.395467
1782645120,2026-06-28T04:12:00-07:00,136.395467
1782645180,2026-06-28T04:13:00-07:00,136.395467
1782645300,2026-06-28T04:15:00-07:00,129.684001
1782645360,2026-06-28T04:16:00-07:00,129.684001
1782645420,2026-06-28T04:17:00-07:00,129.684001
1782645480,2026-06-28T04:18:00-07:00,129.684001
1782645540,2026-06-28T04:19:00-07:00,129.684001
1782645660,2026-06-28T04:21:00-07:00,115.683634
1782645720,2026-06-28T04:22:00-07:00,115.683634
1782645780,2026-06-28T04:23:00-07:00,115.683634
1782645840,2026-06-28T04:24:00-07:00,115.683634
1782645900,2026-06-28T04:25:00-07:00,115.683634
1782646020,2026-06-28T04:27:00-07:00,111.121908
1782646080,2026-06-28T04:28:00-07:00,111.121908
1782646140,2026-06-28T04:29:00-07:00,111.121908
1782646200,2026-06-28T04:30:00-07:00,111.121908
1782646260,2026-06-28T04:31:00-07:00,111.121908
1782646320,2026-06-28T04:32:00-07:00,115.853556
1782646380,2026-06-28T04:33:00-07:00,115.853556
1782646440,2026-06-28T04:34:00-07:00,115.853556
1782646500,2026-06-28T04:35:00-07:00,115.853556
1782646560,2026-06-28T04:36:00-07:00,115.853556
1782646680,2026-06-28T04:38:00-07:00,129.454549
1782646740,2026-06-28T04:39:00-07:00,129.454549
1782646800,2026-06-28T04:40:00-07:00,129.454549
1782646860,2026-06-28T04:41:00-07:00,129.454549
1782646920,2026-06-28T04:42:00-07:00,129.454549
1782646980,2026-06-28T04:43:00-07:00,103.474894
1782647040,2026-06-28T04:44:00-07:00,103.474894
1782647100,2026-06-28T04:45:00-07:00,103.474894
1782647160,2026-06-28T04:46:00-07:00,103.474894
1782647220,2026-06-28T04:47:00-07:00,103.474894
1782647340,2026-06-28T04:49:00-07:00,122.583212
1782647400,2026-06-28T04:50:00-07:00,122.583212
1782647460,2026-06-28T04:51:00-07:00,122.583212
1782647520,2026-06-28T04:52:00-07:00,122.583212
1782647580,2026-06-28T04:53:00-07:00,122.583212
1782647640,2026-06-28T04:54:00-07:00,129.331136
1782647700,2026-06-28T04:55:00-07:00,129.331136
1782647760,2026-06-28T04:56:00-07:00,129.331136
1782647820,2026-06-28T04:57:00-07:00,129.331136
1782647880,2026-06-28T04:58:00-07:00,129.331136
1782648000,2026-06-28T05:00:00-07:00,106.293946
1782648060,2026-06-28T05:01:00-07:00,106.293946
1782648120,2026-06-28T05:02:00-07:00,106.293946
1782648180,2026-06-28T05:03:00-07:00,106.293946
1782648240,2026-06-28T05:04:00-07:00,106.293946
1782648300,2026-06-28T05:05:00-07:00,111.076375
1782648360,2026-06-28T05:06:00-07:00,111.076375
1782648420,2026-06-28T05:07:00-07:00,111.076375
1782648480,2026-06-28T05:08:00-07:00,111.076375
1782648540,2026-06-28T05:09:00-07:00,111.076375
1782648600,2026-06-28T05:10:00-07:00,121.515503
1782648660,2026-06-28T05:11:00-07:00,121.515503
1782648720,2026-06-28T05:12:00-07:00,121.515503
1782648780,2026-06-28T05:13:00-07:00,121.515503
1782648840,2026-06-28T05:14:00-07:00,121.515503
1782648960,2026-06-28T05:16:00-07:00,136.561605
1782649020,2026-06-28T05:17:00-07:00,136.561605
1782649080,2026-06-28T05:18:00-07:00,136.561605
1782649140,2026-06-28T05:19:00-07:00,136.561605
1782649200,2026-06-28T05:20:00-07:00,136.561605
1782649320,2026-06-28T05:22:00-07:00,118.898763
1782649380,2026-06-28T05:23:00-07:00,118.898763
1782649440,2026-06-28T05:24:00-07:00,118.898763
1782649500,2026-06-28T05:25:00-07:00,118.898763
1782649560,2026-06-28T05:26:00-07:00,118.898763
1782649620,2026-06-28T05:27:00-07:00,110.196615
1782649680,2026-06-28T05:28:00-07:00,110.196615
1782649740,2026-06-28T05:29:00-07:00,110.196615
1782649800,2026-06-28T05:30:00-07:00,110.196615
1782649860,2026-06-28T05:31:00-07:00,110.196615
1782649920,2026-06-28T05:32:00-07:00,111.840332
1782649980,2026-06-28T05:33:00-07:00,111.840332
1782650040,2026-06-28T05:34:00-07:00,111.840332
1782650100,2026-06-28T05:35:00-07:00,111.840332
1782650160,2026-06-28T05:36:00-07:00,111.840332
1782650280,2026-06-28T05:38:00-07:00,122.593791
1782650340,2026-06-28T05:39:00-07:00,122.593791
1782650400,2026-06-28T05:40:00-07:00,122.593791
1782650460,2026-06-28T05:41:00-07:00,122.593791
1782650520,2026-06-28T05:42:00-07:00,122.593791
1782650580,2026-06-28T05:43:00-07:00,118.142944
1782650640,2026-06-28T05:44:00-07:00,118.142944
1782650700,2026-06-28T05:45:00-07:00,118.142944
1782650760,2026-06-28T05:46:00-07:00,118.142944
1782650820,2026-06-28T05:47:00-07:00,118.142944
1782650940,2026-06-28T05:49:00-07:00,133.888387
1782651000,2026-06-28T05:50:00-07:00,133.888387
1782651060,2026-06-28T05:51:00-07:00,133.888387
1782651120,2026-06-28T05:52:00-07:00,133.888387
1782651180,2026-06-28T05:53:00-07:00,133.888387
1782651240,2026-06-28T05:54:00-07:00,120.170329
1782651300,2026-06-28T05:55:00-07:00,120.170329
1782651360,2026-06-28T05:56:00-07:00,120.170329
1782651420,2026-06-28T05:57:00-07:00,120.170329
1782651480,2026-06-28T05:58:00-07:00,120.170329
1782651540,2026-06-28T05:59:00-07:00,110.515178
1782651600,2026-06-28T06:00:00-07:00,110.515178
1782651660,2026-06-28T06:01:00-07:00,110.515178
1782651720,2026-06-28T06:02:00-07:00,110.515178
1782651780,2026-06-28T06:03:00-07:00,110.515178
1782651900,2026-06-28T06:05:00-07:00,114.151327
1782651960,2026-06-28T06:06:00-07:00,114.151327
1782652020,2026-06-28T06:07:00-07:00,114.151327
1782652080,2026-06-28T06:08:00-07:00,114.151327
1782652140,2026-06-28T06:09:00-07:00,114.151327
1782652200,2026-06-28T06:10:00-07:00,141.064982
1782652260,2026-06-28T06:11:00-07:00,141.064982
1782652320,2026-06-28T06:12:00-07:00,141.064982
1782652380,2026-06-28T06:13:00-07:00,141.064982
1782652440,2026-06-28T06:14:00-07:00,141.064982
1782652560,2026-06-28T06:16:00-07:00,119.725626
1782652620,2026-06-28T06:17:00-07:00,119.725626
1782652680,2026-06-28T06:18:00-07:00,119.725626
1782652740,2026-06-28T06:19:00-07:00,119.725626
1782652800,2026-06-28T06:20:00-07:00,119.725626
1782652860,2026-06-28T06:21:00-07:00,121.37321
1782652920,2026-06-28T06:22:00-07:00,121.37321
1782652980,2026-06-28T06:23:00-07:00,121.37321
1782653040,2026-06-28T06:24:00-07:00,121.37321
1782653100,2026-06-28T06:25:00-07:00,121.37321
1782653160,2026-06-28T06:26:00-07:00,115.283366
1782653220,2026-06-28T06:27:00-07:00,115.283366
1782653280,2026-06-28T06:28:00-07:00,115.283366
1782653340,2026-06-28T06:29:00-07:00,115.283366
1782653400,2026-06-28T06:30:00-07:00,115.283366
1782653520,2026-06-28T06:32:00-07:00,115.37325
1782653580,2026-06-28T06:33:00-07:00,115.37325
1782653640,2026-06-28T06:34:00-07:00,115.37325
1782653700,2026-06-28T06:35:00-07:00,115.37325
1782653760,2026-06-28T06:36:00-07:00,115.37325
1782653820,2026-06-28T06:37:00-07:00,122.38151
1782653880,2026-06-28T06:38:00-07:00,122.38151
1782653940,2026-06-28T06:39:00-07:00,122.38151
1782654000,2026-06-28T06:40:00-07:00,122.38151
1782654060,2026-06-28T06:41:00-07:00,122.38151
1782654120,2026-06-28T06:42:00-07:00,127.722534
1782654180,2026-06-28T06:43:00-07:00,127.722534
1782654240,2026-06-28T06:44:00-07:00,127.722534
1782654300,2026-06-28T06:45:00-07:00,127.722534
1782654360,2026-06-28T06:46:00-07:00,127.722534
1782654420,2026-06-28T06:47:00-07:00,133.722331
1782654480,2026-06-28T06:48:00-07:00,133.722331
1782654540,2026-06-28T06:49:00-07:00,133.722331
1782654600,2026-06-28T06:50:00-07:00,133.722331
1782654660,2026-06-28T06:51:00-07:00,133.722331
1782654780,2026-06-28T06:53:00-07:00,103.813762
1782654840,2026-06-28T06:54:00-07:00,103.813762
1782654900,2026-06-28T06:55:00-07:00,103.813762
1782654960,2026-06-28T06:56:00-07:00,103.813762
1782655020,2026-06-28T06:57:00-07:00,103.813762
1782655140,2026-06-28T06:59:00-07:00,105.750163
1782655200,2026-06-28T07:00:00-07:00,105.750163
1782655260,2026-06-28T07:01:00-07:00,105.750163
1782655320,2026-06-28T07:02:00-07:00,105.750163
1782655380,2026-06-28T07:03:00-07:00,105.750163
1782655440,2026-06-28T07:04:00-07:00,121.691366
1782655500,2026-06-28T07:05:00-07:00,121.691366
1782655560,2026-06-28T07:06:00-07:00,121.691366
1782655620,2026-06-28T07:07:00-07:00,121.691366
1782655680,2026-06-28T07:08:00-07:00,121.691366
1782655740,2026-06-28T07:09:00-07:00,110.231527
1782655800,2026-06-28T07:10:00-07:00,110.231527
1782655860,2026-06-28T07:11:00-07:00,110.231527
1782655920,2026-06-28T07:12:00-07:00,110.231527
1782655980,2026-06-28T07:13:00-07:00,110.231527
1782656100,2026-06-28T07:15:00-07:00,115.0507
1782656160,2026-06-28T07:16:00-07:00,115.0507
1782656220,2026-06-28T07:17:00-07:00,115.0507
1782656280,2026-06-28T07:18:00-07:00,115.0507
1782656340,2026-06-28T07:19:00-07:00,115.0507
1782656400,2026-06-28T07:20:00-07:00,101.8243
1782656460,2026-06-28T07:21:00-07:00,101.8243
1782656520,2026-06-28T07:22:00-07:00,101.8243
1782656580,2026-06-28T07:23:00-07:00,101.8243
1782656640,2026-06-28T07:24:00-07:00,101.8243
1782656760,2026-06-28T07:26:00-07:00,93.404378
1782656820,2026-06-28T07:27:00-07:00,93.404378
1782656880,2026-06-28T07:28:00-07:00,93.404378
1782656940,2026-06-28T07:29:00-07:00,93.404378
1782657000,2026-06-28T07:30:00-07:00,93.404378
1782657180,2026-06-28T07:33:00-07:00,110.727377
1782657240,2026-06-28T07:34:00-07:00,110.727377
1782657300,2026-06-28T07:35:00-07:00,110.727377
1782657360,2026-06-28T07:36:00-07:00,110.727377
1782657420,2026-06-28T07:37:00-07:00,110.727377
1782657480,2026-06-28T07:38:00-07:00,102.056152
1782657540,2026-06-28T07:39:00-07:00,102.056152
1782657600,2026-06-28T07:40:00-07:00,102.056152
1782657660,2026-06-28T07:41:00-07:00,102.056152
1782657720,2026-06-28T07:42:00-07:00,102.056152
1782657780,2026-06-28T07:43:00-07:00,114.747517
1782657840,2026-06-28T07:44:00-07:00,114.747517
1782657900,2026-06-28T07:45:00-07:00,114.747517
1782657960,2026-06-28T07:46:00-07:00,114.747517
1782658020,2026-06-28T07:47:00-07:00,114.747517
1782658440,2026-06-28T07:54:00-07:00,124.156657
1782658500,2026-06-28T07:55:00-07:00,124.156657
1782658560,2026-06-28T07:56:00-07:00,124.156657
1782658620,2026-06-28T07:57:00-07:00,124.156657
1782658680,2026-06-28T07:58:00-07:00,124.156657
1782658800,2026-06-28T08:00:00-07:00,110.384562
1782658860,2026-06-28T08:01:00-07:00,110.384562
1782658920,2026-06-28T08:02:00-07:00,110.384562
1782658980,2026-06-28T08:03:00-07:00,110.384562
1782659040,2026-06-28T08:04:00-07:00,110.384562
1782659940,2026-06-28T08:19:00-07:00,109.611287
1782660000,2026-06-28T08:20:00-07:00,109.611287
1782660060,2026-06-28T08:21:00-07:00,109.611287
1782660120,2026-06-28T08:22:00-07:00,109.611287
1782660180,2026-06-28T08:23:00-07:00,109.611287
1782660240,2026-06-28T08:24:00-07:00,105.149536
1782660300,2026-06-28T08:25:00-07:00,105.149536
1782660360,2026-06-28T08:26:00-07:00,105.149536
1782660420,2026-06-28T08:27:00-07:00,105.149536
1782660480,2026-06-28T08:28:00-07:00,105.149536
1782660660,2026-06-28T08:31:00-07:00,126.967977
1782660720,2026-06-28T08:32:00-07:00,126.967977
1782660780,2026-06-28T08:33:00-07:00,126.967977
1782660840,2026-06-28T08:34:00-07:00,126.967977
1782660900,2026-06-28T08:35:00-07:00,126.967977
1782661020,2026-06-28T08:37:00-07:00,134.288859
1782661080,2026-06-28T08:38:00-07:00,134.288859
1782661140,2026-06-28T08:39:00-07:00,134.288859
1782661200,2026-06-28T08:40:00-07:00,134.288859
1782661260,2026-06-28T08:41:00-07:00,134.288859
1782661320,2026-06-28T08:42:00-07:00,169.141602
1782661380,2026-06-28T08:43:00-07:00,169.141602
1782661440,2026-06-28T08:44:00-07:00,169.141602
1782661500,2026-06-28T08:45:00-07:00,169.141602
1782661560,2026-06-28T08:46:00-07:00,169.141602
1782662340,2026-06-28T08:59:00-07:00,349.94397
1782662400,2026-06-28T09:00:00-07:00,349.94397
1782662460,2026-06-28T09:01:00-07:00,349.94397
1782662520,2026-06-28T09:02:00-07:00,349.94397
1782662580,2026-06-28T09:03:00-07:00,349.94397
1782662640,2026-06-28T09:04:00-07:00,134.993774
1782662700,2026-06-28T09:05:00-07:00,134.993774
1782662760,2026-06-28T09:06:00-07:00,134.993774
1782662820,2026-06-28T09:07:00-07:00,134.993774
1782662880,2026-06-28T09:08:00-07:00,134.993774
1782663720,2026-06-28T09:22:00-07:00,92.001994
1782663780,2026-06-28T09:23:00-07:00,92.001994
1782663840,2026-06-28T09:24:00-07:00,92.001994
1782663900,2026-06-28T09:25:00-07:00,92.001994
1782663960,2026-06-28T09:26:00-07:00,92.001994
1782664080,2026-06-28T09:28:00-07:00,145.408895
1782664140,2026-06-28T09:29:00-07:00,145.408895
1782664200,2026-06-28T09:30:00-07:00,145.408895
1782664260,2026-06-28T09:31:00-07:00,145.408895
1782664320,2026-06-28T09:32:00-07:00,145.408895
1782664440,2026-06-28T09:34:00-07:00,128.498576
1782664500,2026-06-28T09:35:00-07:00,128.498576
1782664560,2026-06-28T09:36:00-07:00,128.498576
1782664620,2026-06-28T09:37:00-07:00,128.498576
1782664680,2026-06-28T09:38:00-07:00,128.498576
1782666060,2026-06-28T10:01:00-07:00,171.47701
1782666120,2026-06-28T10:02:00-07:00,171.47701
1782666180,2026-06-28T10:03:00-07:00,171.47701
1782666240,2026-06-28T10:04:00-07:00,171.47701
1782666300,2026-06-28T10:05:00-07:00,171.47701
1782666420,2026-06-28T10:07:00-07:00,106.500285
1782666480,2026-06-28T10:08:00-07:00,106.500285
1782666540,2026-06-28T10:09:00-07:00,106.500285
1782666600,2026-06-28T10:10:00-07:00,106.500285
1782666660,2026-06-28T10:11:00-07:00,106.500285
1782666720,2026-06-28T10:12:00-07:00,106.395101
1782666780,2026-06-28T10:13:00-07:00,106.395101
1782666840,2026-06-28T10:14:00-07:00,106.395101
1782666900,2026-06-28T10:15:00-07:00,106.395101
1782666960,2026-06-28T10:16:00-07:00,106.395101
1782667020,2026-06-28T10:17:00-07:00,122.488159
1782667080,2026-06-28T10:18:00-07:00,122.488159
1782667140,2026-06-28T10:19:00-07:00,122.488159
1782667200,2026-06-28T10:20:00-07:00,122.488159
1782667260,2026-06-28T10:21:00-07:00,122.488159
1782667440,2026-06-28T10:24:00-07:00,113.751424
1782667500,2026-06-28T10:25:00-07:00,113.751424
1782667560,2026-06-28T10:26:00-07:00,113.751424
1782667620,2026-06-28T10:27:00-07:00,113.751424
1782667680,2026-06-28T10:28:00-07:00,113.751424
1782667740,2026-06-28T10:29:00-07:00,268.951213
1782667800,2026-06-28T10:30:00-07:00,268.951213
1782667860,2026-06-28T10:31:00-07:00,268.951213
1782667920,2026-06-28T10:32:00-07:00,268.951213
1782667980,2026-06-28T10:33:00-07:00,268.951213
1782668040,2026-06-28T10:34:00-07:00,130.642822
1782668100,2026-06-28T10:35:00-07:00,130.642822
1782668160,2026-06-28T10:36:00-07:00,130.642822
1782668220,2026-06-28T10:37:00-07:00,130.642822
1782668280,2026-06-28T10:38:00-07:00,130.642822
1782668400,2026-06-28T10:40:00-07:00,102.794067
1782668460,2026-06-28T10:41:00-07:00,102.794067
1782668520,2026-06-28T10:42:00-07:00,102.794067
1782668580,2026-06-28T10:43:00-07:00,102.794067
1782668640,2026-06-28T10:44:00-07:00,102.794067
1782669120,2026-06-28T10:52:00-07:00,219.606812
1782669180,2026-06-28T10:53:00-07:00,219.606812
1782669240,2026-06-28T10:54:00-07:00,219.606812
1782669300,2026-06-28T10:55:00-07:00,219.606812
1782669360,2026-06-28T10:56:00-07:00,219.606812
1782669420,2026-06-28T10:57:00-07:00,103.324748
1782669480,2026-06-28T10:58:00-07:00,103.324748
1782669540,2026-06-28T10:59:00-07:00,103.324748
1782669600,2026-06-28T11:00:00-07:00,103.324748
1782669660,2026-06-28T11:01:00-07:00,103.324748
1782669780,2026-06-28T11:03:00-07:00,808.44869
1782669840,2026-06-28T11:04:00-07:00,808.44869
1782669900,2026-06-28T11:05:00-07:00,808.44869
1782669960,2026-06-28T11:06:00-07:00,808.44869
1782670020,2026-06-28T11:07:00-07:00,808.44869
1782670380,2026-06-28T11:13:00-07:00,127.942058
1782670440,2026-06-28T11:14:00-07:00,127.942058
1782670500,2026-06-28T11:15:00-07:00,127.942058
1782670560,2026-06-28T11:16:00-07:00,127.942058
1782670620,2026-06-28T11:17:00-07:00,127.942058
1782670740,2026-06-28T11:19:00-07:00,136.149089
1782670800,2026-06-28T11:20:00-07:00,136.149089
1782670860,2026-06-28T11:21:00-07:00,136.149089
1782670920,2026-06-28T11:22:00-07:00,136.149089
1782670980,2026-06-28T11:23:00-07:00,136.149089
1782671400,2026-06-28T11:30:00-07:00,113.65625
1782671460,2026-06-28T11:31:00-07:00,113.65625
1782671520,2026-06-28T11:32:00-07:00,113.65625
1782671580,2026-06-28T11:33:00-07:00,113.65625
1782671640,2026-06-28T11:34:00-07:00,113.65625
1782671760,2026-06-28T11:36:00-07:00,112.399048
1782671820,2026-06-28T11:37:00-07:00,112.399048
1782671880,2026-06-28T11:38:00-07:00,112.399048
1782671940,2026-06-28T11:39:00-07:00,112.399048
1782672000,2026-06-28T11:40:00-07:00,112.399048
1782672060,2026-06-28T11:41:00-07:00,166.206787
1782672120,2026-06-28T11:42:00-07:00,166.206787
1782672180,2026-06-28T11:43:00-07:00,166.206787
1782672240,2026-06-28T11:44:00-07:00,166.206787
1782672300,2026-06-28T11:45:00-07:00,166.206787
1782672420,2026-06-28T11:47:00-07:00,134.91215
1782672480,2026-06-28T11:48:00-07:00,134.91215
1782672540,2026-06-28T11:49:00-07:00,134.91215
1782672600,2026-06-28T11:50:00-07:00,134.91215
1782672660,2026-06-28T11:51:00-07:00,134.91215
1782672720,2026-06-28T11:52:00-07:00,155.329915
1782672780,2026-06-28T11:53:00-07:00,155.329915
1782672840,2026-06-28T11:54:00-07:00,155.329915
1782672900,2026-06-28T11:55:00-07:00,155.329915
1782672960,2026-06-28T11:56:00-07:00,155.329915
1782673020,2026-06-28T11:57:00-07:00,88.700724
1782673080,2026-06-28T11:58:00-07:00,88.700724
1782673140,2026-06-28T11:59:00-07:00,88.700724
1782673200,2026-06-28T12:00:00-07:00,88.700724
1782673260,2026-06-28T12:01:00-07:00,88.700724
1782673320,2026-06-28T12:02:00-07:00,119.289469
1782673380,2026-06-28T12:03:00-07:00,119.289469
1782673440,2026-06-28T12:04:00-07:00,119.289469
1782673500,2026-06-28T12:05:00-07:00,119.289469
1782673560,2026-06-28T12:06:00-07:00,119.289469
1782673620,2026-06-28T12:07:00-07:00,98.421834
1782673680,2026-06-28T12:08:00-07:00,98.421834
1782673740,2026-06-28T12:09:00-07:00,98.421834
1782673800,2026-06-28T12:10:00-07:00,98.421834
1782673860,2026-06-28T12:11:00-07:00,98.421834
1782673920,2026-06-28T12:12:00-07:00,151.301188
1782673980,2026-06-28T12:13:00-07:00,151.301188
1782674040,2026-06-28T12:14:00-07:00,151.301188
1782674100,2026-06-28T12:15:00-07:00,151.301188
1782674160,2026-06-28T12:16:00-07:00,151.301188
1782674220,2026-06-28T12:17:00-07:00,104.999552
1782674280,2026-06-28T12:18:00-07:00,104.999552
1782674340,2026-06-28T12:19:00-07:00,104.999552
1782674400,2026-06-28T12:20:00-07:00,104.999552
1782674460,2026-06-28T12:21:00-07:00,104.999552
1782674520,2026-06-28T12:22:00-07:00,109.804973
1782674580,2026-06-28T12:23:00-07:00,109.804973
1782674640,2026-06-28T12:24:00-07:00,109.804973
1782674700,2026-06-28T12:25:00-07:00,109.804973
1782674760,2026-06-28T12:26:00-07:00,109.804973
1782674880,2026-06-28T12:28:00-07:00,128.536906
1782674940,2026-06-28T12:29:00-07:00,128.536906
1782675000,2026-06-28T12:30:00-07:00,128.536906
1782675060,2026-06-28T12:31:00-07:00,128.536906
1782675120,2026-06-28T12:32:00-07:00,128.536906
1782675180,2026-06-28T12:33:00-07:00,113.820678
1782675240,2026-06-28T12:34:00-07:00,113.820678
1782675300,2026-06-28T12:35:00-07:00,113.820678
1782675360,2026-06-28T12:36:00-07:00,113.820678
1782675420,2026-06-28T12:37:00-07:00,113.820678
1782675480,2026-06-28T12:38:00-07:00,91.47526
1782675540,2026-06-28T12:39:00-07:00,91.47526
1782675600,2026-06-28T12:40:00-07:00,91.47526
1782675660,2026-06-28T12:41:00-07:00,91.47526
1782675720,2026-06-28T12:42:00-07:00,91.47526
1782675780,2026-06-28T12:43:00-07:00,91.430257
1782675840,2026-06-28T12:44:00-07:00,91.430257
1782675900,2026-06-28T12:45:00-07:00,91.430257
1782675960,2026-06-28T12:46:00-07:00,91.430257
1782676020,2026-06-28T12:47:00-07:00,91.430257
1782676080,2026-06-28T12:48:00-07:00,105.97762
1782676140,2026-06-28T12:49:00-07:00,105.97762
1782676200,2026-06-28T12:50:00-07:00,105.97762
1782676260,2026-06-28T12:51:00-07:00,105.97762
1782676320,2026-06-28T12:52:00-07:00,105.97762
1782676380,2026-06-28T12:53:00-07:00,103.012655
1782676440,2026-06-28T12:54:00-07:00,103.012655
1782676500,2026-06-28T12:55:00-07:00,103.012655
1782676560,2026-06-28T12:56:00-07:00,103.012655
1782676620,2026-06-28T12:57:00-07:00,103.012655
1782676740,2026-06-28T12:59:00-07:00,198.950114
1782676800,2026-06-28T13:00:00-07:00,198.950114
1782676860,2026-06-28T13:01:00-07:00,198.950114
1782676920,2026-06-28T13:02:00-07:00,198.950114
1782676980,2026-06-28T13:03:00-07:00,198.950114
1782677040,2026-06-28T13:04:00-07:00,175.695435
1782677100,2026-06-28T13:05:00-07:00,175.695435
1782677160,2026-06-28T13:06:00-07:00,175.695435
1782677220,2026-06-28T13:07:00-07:00,175.695435
1782677280,2026-06-28T13:08:00-07:00,175.695435
1782677640,2026-06-28T13:14:00-07:00,104.035116
1782677700,2026-06-28T13:15:00-07:00,104.035116
1782677760,2026-06-28T13:16:00-07:00,104.035116
1782677820,2026-06-28T13:17:00-07:00,104.035116
1782677880,2026-06-28T13:18:00-07:00,104.035116
1782678720,2026-06-28T13:32:00-07:00,128.786702
1782678780,2026-06-28T13:33:00-07:00,128.786702
1782678840,2026-06-28T13:34:00-07:00,128.786702
1782678900,2026-06-28T13:35:00-07:00,128.786702
1782678960,2026-06-28T13:36:00-07:00,128.786702
1782679500,2026-06-28T13:45:00-07:00,133.625448
1782679560,2026-06-28T13:46:00-07:00,133.625448
1782679620,2026-06-28T13:47:00-07:00,133.625448
1782679680,2026-06-28T13:48:00-07:00,133.625448
1782679740,2026-06-28T13:49:00-07:00,133.625448
1782680220,2026-06-28T13:57:00-07:00,127.62736
1782680280,2026-06-28T13:58:00-07:00,127.62736
1782680340,2026-06-28T13:59:00-07:00,127.62736
1782680400,2026-06-28T14:00:00-07:00,127.62736
1782680460,2026-06-28T14:01:00-07:00,127.62736
1782680580,2026-06-28T14:03:00-07:00,123.917725
1782680640,2026-06-28T14:04:00-07:00,123.917725
1782680700,2026-06-28T14:05:00-07:00,123.917725
1782680760,2026-06-28T14:06:00-07:00,123.917725
1782680820,2026-06-28T14:07:00-07:00,123.917725
1782680880,2026-06-28T14:08:00-07:00,128.770508
1782680940,2026-06-28T14:09:00-07:00,128.770508
1782681000,2026-06-28T14:10:00-07:00,128.770508
1782681060,2026-06-28T14:11:00-07:00,128.770508
1782681120,2026-06-28T14:12:00-07:00,128.770508
1782681540,2026-06-28T14:19:00-07:00,137.795817
1782681600,2026-06-28T14:20:00-07:00,137.795817
1782681660,2026-06-28T14:21:00-07:00,137.795817
1782681720,2026-06-28T14:22:00-07:00,137.795817
1782681780,2026-06-28T14:23:00-07:00,137.795817
1782681840,2026-06-28T14:24:00-07:00,106.223267
1782681900,2026-06-28T14:25:00-07:00,106.223267
1782681960,2026-06-28T14:26:00-07:00,106.223267
1782682020,2026-06-28T14:27:00-07:00,106.223267
1782682080,2026-06-28T14:28:00-07:00,106.223267
1782682140,2026-06-28T14:29:00-07:00,113.57251
1782682200,2026-06-28T14:30:00-07:00,113.57251
1782682260,2026-06-28T14:31:00-07:00,113.57251
1782682320,2026-06-28T14:32:00-07:00,113.57251
1782682380,2026-06-28T14:33:00-07:00,113.57251
1782682440,2026-06-28T14:34:00-07:00,130.606039
1782682500,2026-06-28T14:35:00-07:00,130.606039
1782682560,2026-06-28T14:36:00-07:00,130.606039
1782682620,2026-06-28T14:37:00-07:00,130.606039
1782682680,2026-06-28T14:38:00-07:00,130.606039
1782682740,2026-06-28T14:39:00-07:00,92.50415
1782682800,2026-06-28T14:40:00-07:00,92.50415
1782682860,2026-06-28T14:41:00-07:00,92.50415
1782682920,2026-06-28T14:42:00-07:00,92.50415
1782682980,2026-06-28T14:43:00-07:00,92.50415
1782683040,2026-06-28T14:44:00-07:00,98.232625
1782683100,2026-06-28T14:45:00-07:00,98.232625
1782683160,2026-06-28T14:46:00-07:00,98.232625
1782683220,2026-06-28T14:47:00-07:00,98.232625
1782683280,2026-06-28T14:48:00-07:00,98.232625
1782683400,2026-06-28T14:50:00-07:00,128.9823
1782683460,2026-06-28T14:51:00-07:00,128.9823
1782683520,2026-06-28T14:52:00-07:00,128.9823
1782683580,2026-06-28T14:53:00-07:00,128.9823
1782683640,2026-06-28T14:54:00-07:00,128.9823
1782683700,2026-06-28T14:55:00-07:00,135.465454
1782683760,2026-06-28T14:56:00-07:00,135.465454
1782683820,2026-06-28T14:57:00-07:00,135.465454
1782683880,2026-06-28T14:58:00-07:00,135.465454
1782683940,2026-06-28T14:59:00-07:00,135.465454
1782684360,2026-06-28T15:06:00-07:00,138.787598
1782684420,2026-06-28T15:07:00-07:00,138.787598
1782684480,2026-06-28T15:08:00-07:00,138.787598
1782684540,2026-06-28T15:09:00-07:00,138.787598
1782684600,2026-06-28T15:10:00-07:00,138.787598
1782685080,2026-06-28T15:18:00-07:00,122.720175
1782685140,2026-06-28T15:19:00-07:00,122.720175
1782685200,2026-06-28T15:20:00-07:00,122.720175
1782685260,2026-06-28T15:21:00-07:00,122.720175
1782685320,2026-06-28T15:22:00-07:00,122.720175
1782685440,2026-06-28T15:24:00-07:00,133.714437
1782685500,2026-06-28T15:25:00-07:00,133.714437
1782685560,2026-06-28T15:26:00-07:00,133.714437
1782685620,2026-06-28T15:27:00-07:00,133.714437
1782685680,2026-06-28T15:28:00-07:00,133.714437
1782685800,2026-06-28T15:30:00-07:00,111.732829
1782685860,2026-06-28T15:31:00-07:00,111.732829
1782685920,2026-06-28T15:32:00-07:00,111.732829
1782685980,2026-06-28T15:33:00-07:00,111.732829
1782686040,2026-06-28T15:34:00-07:00,111.732829
1782686100,2026-06-28T15:35:00-07:00,161.724121
1782686160,2026-06-28T15:36:00-07:00,161.724121
1782686220,2026-06-28T15:37:00-07:00,161.724121
1782686280,2026-06-28T15:38:00-07:00,161.724121
1782686340,2026-06-28T15:39:00-07:00,161.724121
1782686400,2026-06-28T15:40:00-07:00,113.640665
1782686460,2026-06-28T15:41:00-07:00,113.640665
1782686520,2026-06-28T15:42:00-07:00,113.640665
1782686580,2026-06-28T15:43:00-07:00,113.640665
1782686640,2026-06-28T15:44:00-07:00,113.640665
1782686760,2026-06-28T15:46:00-07:00,153.047608
1782686820,2026-06-28T15:47:00-07:00,153.047608
1782686880,2026-06-28T15:48:00-07:00,153.047608
1782686940,2026-06-28T15:49:00-07:00,153.047608
1782687000,2026-06-28T15:50:00-07:00,153.047608
1782687120,2026-06-28T15:52:00-07:00,119.064983
1782687180,2026-06-28T15:53:00-07:00,119.064983
1782687240,2026-06-28T15:54:00-07:00,119.064983
1782687300,2026-06-28T15:55:00-07:00,119.064983
1782687360,2026-06-28T15:56:00-07:00,119.064983
1782687420,2026-06-28T15:57:00-07:00,106.615194
1782687480,2026-06-28T15:58:00-07:00,106.615194
1782687540,2026-06-28T15:59:00-07:00,106.615194
1782687600,2026-06-28T16:00:00-07:00,106.615194
1782687660,2026-06-28T16:01:00-07:00,106.615194
1782688560,2026-06-28T16:16:00-07:00,137.349122
1782688620,2026-06-28T16:17:00-07:00,137.349122
1782688680,2026-06-28T16:18:00-07:00,137.349122
1782688740,2026-06-28T16:19:00-07:00,137.349122
1782688800,2026-06-28T16:20:00-07:00,137.349122
1782688860,2026-06-28T16:21:00-07:00,140.617798
1782688920,2026-06-28T16:22:00-07:00,140.617798
1782688980,2026-06-28T16:23:00-07:00,140.617798
1782689040,2026-06-28T16:24:00-07:00,140.617798
1782689100,2026-06-28T16:25:00-07:00,140.617798
1782689280,2026-06-28T16:28:00-07:00,1022.550537
1782689340,2026-06-28T16:29:00-07:00,1022.550537
1782689400,2026-06-28T16:30:00-07:00,1022.550537
1782689460,2026-06-28T16:31:00-07:00,1022.550537
1782689520,2026-06-28T16:32:00-07:00,1022.550537
1782689700,2026-06-28T16:35:00-07:00,7724.155318
1782689760,2026-06-28T16:36:00-07:00,7724.155318
1782689820,2026-06-28T16:37:00-07:00,7724.155318
1782689880,2026-06-28T16:38:00-07:00,7724.155318
1782689940,2026-06-28T16:39:00-07:00,7724.155318
1782690060,2026-06-28T16:41:00-07:00,134.135376
1782690120,2026-06-28T16:42:00-07:00,134.135376
1782690180,2026-06-28T16:43:00-07:00,134.135376
1782690240,2026-06-28T16:44:00-07:00,134.135376
1782690300,2026-06-28T16:45:00-07:00,134.135376
1782690420,2026-06-28T16:47:00-07:00,164.685994
1782690480,2026-06-28T16:48:00-07:00,164.685994
1782690540,2026-06-28T16:49:00-07:00,164.685994
1782690600,2026-06-28T16:50:00-07:00,164.685994
1782690660,2026-06-28T16:51:00-07:00,164.685994
1782690780,2026-06-28T16:53:00-07:00,132.465129
1782690840,2026-06-28T16:54:00-07:00,132.465129
1782690900,2026-06-28T16:55:00-07:00,132.465129
1782690960,2026-06-28T16:56:00-07:00,132.465129
1782691020,2026-06-28T16:57:00-07:00,132.465129
1782691140,2026-06-28T16:59:00-07:00,108.954915
1782691200,2026-06-28T17:00:00-07:00,108.954915
1782691260,2026-06-28T17:01:00-07:00,108.954915
1782691320,2026-06-28T17:02:00-07:00,108.954915
1782691380,2026-06-28T17:03:00-07:00,108.954915
1782691860,2026-06-28T17:11:00-07:00,123.403931
1782691920,2026-06-28T17:12:00-07:00,123.403931
1782691980,2026-06-28T17:13:00-07:00,123.403931
1782692040,2026-06-28T17:14:00-07:00,123.403931
1782692100,2026-06-28T17:15:00-07:00,123.403931
1782692220,2026-06-28T17:17:00-07:00,132.46993
1782692280,2026-06-28T17:18:00-07:00,132.46993
1782692340,2026-06-28T17:19:00-07:00,132.46993
1782692400,2026-06-28T17:20:00-07:00,132.46993
1782692460,2026-06-28T17:21:00-07:00,132.46993
1782692580,2026-06-28T17:23:00-07:00,215.148682
1782692640,2026-06-28T17:24:00-07:00,215.148682
1782692700,2026-06-28T17:25:00-07:00,215.148682
1782692760,2026-06-28T17:26:00-07:00,215.148682
1782692820,2026-06-28T17:27:00-07:00,215.148682
1782692940,2026-06-28T17:29:00-07:00,198.954305
1782693000,2026-06-28T17:30:00-07:00,198.954305
1782693060,2026-06-28T17:31:00-07:00,198.954305
1782693120,2026-06-28T17:32:00-07:00,198.954305
1782693180,2026-06-28T17:33:00-07:00,198.954305
1782693300,2026-06-28T17:35:00-07:00,127.728516
1782693360,2026-06-28T17:36:00-07:00,127.728516
1782693420,2026-06-28T17:37:00-07:00,127.728516
1782693480,2026-06-28T17:38:00-07:00,127.728516
1782693540,2026-06-28T17:39:00-07:00,127.728516
1782693660,2026-06-28T17:41:00-07:00,110.517944
1782693720,2026-06-28T17:42:00-07:00,110.517944
1782693780,2026-06-28T17:43:00-07:00,110.517944
1782693840,2026-06-28T17:44:00-07:00,110.517944
1782693900,2026-06-28T17:45:00-07:00,110.517944
1782694140,2026-06-28T17:49:00-07:00,107.582723
1782694200,2026-06-28T17:50:00-07:00,107.582723
1782694260,2026-06-28T17:51:00-07:00,107.582723
1782694320,2026-06-28T17:52:00-07:00,107.582723
1782694380,2026-06-28T17:53:00-07:00,107.582723
1782694500,2026-06-28T17:55:00-07:00,111.023844
1782694560,2026-06-28T17:56:00-07:00,111.023844
1782694620,2026-06-28T17:57:00-07:00,111.023844
1782694680,2026-06-28T17:58:00-07:00,111.023844
1782694740,2026-06-28T17:59:00-07:00,111.023844
1782694860,2026-06-28T18:01:00-07:00,108.826497
1782694920,2026-06-28T18:02:00-07:00,108.826497
1782694980,2026-06-28T18:03:00-07:00,108.826497
1782695040,2026-06-28T18:04:00-07:00,108.826497
1782695100,2026-06-28T18:05:00-07:00,108.826497
1782695520,2026-06-28T18:12:00-07:00,122.557129
1782695580,2026-06-28T18:13:00-07:00,122.557129
1782695640,2026-06-28T18:14:00-07:00,122.557129
1782695700,2026-06-28T18:15:00-07:00,122.557129
1782695760,2026-06-28T18:16:00-07:00,122.557129
1782696300,2026-06-28T18:25:00-07:00,125.377442
1782696360,2026-06-28T18:26:00-07:00,125.377442
1782696420,2026-06-28T18:27:00-07:00,125.377442
1782696480,2026-06-28T18:28:00-07:00,125.377442
1782696540,2026-06-28T18:29:00-07:00,125.377442
1782696600,2026-06-28T18:30:00-07:00,96.615926
1782696660,2026-06-28T18:31:00-07:00,96.615926
1782696720,2026-06-28T18:32:00-07:00,96.615926
1782696780,2026-06-28T18:33:00-07:00,96.615926
1782696840,2026-06-28T18:34:00-07:00,96.615926
1782696960,2026-06-28T18:36:00-07:00,105.641805
1782697020,2026-06-28T18:37:00-07:00,105.641805
1782697080,2026-06-28T18:38:00-07:00,105.641805
1782697140,2026-06-28T18:39:00-07:00,105.641805
1782697200,2026-06-28T18:40:00-07:00,105.641805
1782697260,2026-06-28T18:41:00-07:00,117.036174
1782697320,2026-06-28T18:42:00-07:00,117.036174
1782697380,2026-06-28T18:43:00-07:00,117.036174
1782697440,2026-06-28T18:44:00-07:00,117.036174
1782697500,2026-06-28T18:45:00-07:00,117.036174
1782697560,2026-06-28T18:46:00-07:00,120.195353
1782697620,2026-06-28T18:47:00-07:00,120.195353
1782697680,2026-06-28T18:48:00-07:00,120.195353
1782697740,2026-06-28T18:49:00-07:00,120.195353
1782697800,2026-06-28T18:50:00-07:00,120.195353
1782697860,2026-06-28T18:51:00-07:00,129.782837
1782697920,2026-06-28T18:52:00-07:00,129.782837
1782697980,2026-06-28T18:53:00-07:00,129.782837
1782698040,2026-06-28T18:54:00-07:00,129.782837
1782698100,2026-06-28T18:55:00-07:00,129.782837
1782698160,2026-06-28T18:56:00-07:00,133.602132
1782698220,2026-06-28T18:57:00-07:00,133.602132
1782698280,2026-06-28T18:58:00-07:00,133.602132
1782698340,2026-06-28T18:59:00-07:00,133.602132
1782698400,2026-06-28T19:00:00-07:00,133.602132
1782698460,2026-06-28T19:01:00-07:00,110.878418
1782698520,2026-06-28T19:02:00-07:00,110.878418
1782698580,2026-06-28T19:03:00-07:00,110.878418
1782698640,2026-06-28T19:04:00-07:00,110.878418
1782698700,2026-06-28T19:05:00-07:00,110.878418
1782698940,2026-06-28T19:09:00-07:00,150.883504
1782699000,2026-06-28T19:10:00-07:00,150.883504
1782699060,2026-06-28T19:11:00-07:00,150.883504
1782699120,2026-06-28T19:12:00-07:00,150.883504
1782699180,2026-06-28T19:13:00-07:00,150.883504
1782699240,2026-06-28T19:14:00-07:00,122.86023
1782699300,2026-06-28T19:15:00-07:00,122.86023
1782699360,2026-06-28T19:16:00-07:00,122.86023
1782699420,2026-06-28T19:17:00-07:00,122.86023
1782699480,2026-06-28T19:18:00-07:00,122.86023
1782699540,2026-06-28T19:19:00-07:00,124.588338
1782699600,2026-06-28T19:20:00-07:00,124.588338
1782699660,2026-06-28T19:21:00-07:00,124.588338
1782699720,2026-06-28T19:22:00-07:00,124.588338
1782699780,2026-06-28T19:23:00-07:00,124.588338
1782699900,2026-06-28T19:25:00-07:00,115.657064
1782699960,2026-06-28T19:26:00-07:00,115.657064
1782700020,2026-06-28T19:27:00-07:00,115.657064
1782700080,2026-06-28T19:28:00-07:00,115.657064
1782700140,2026-06-28T19:29:00-07:00,115.657064
1782700320,2026-06-28T19:32:00-07:00,133.810669
1782700380,2026-06-28T19:33:00-07:00,133.810669
1782700440,2026-06-28T19:34:00-07:00,133.810669
1782700500,2026-06-28T19:35:00-07:00,133.810669
1782700560,2026-06-28T19:36:00-07:00,133.810669
1782700620,2026-06-28T19:37:00-07:00,113.689819
1782700680,2026-06-28T19:38:00-07:00,113.689819
1782700740,2026-06-28T19:39:00-07:00,113.689819
1782700800,2026-06-28T19:40:00-07:00,113.689819
1782700860,2026-06-28T19:41:00-07:00,113.689819
1782701040,2026-06-28T19:44:00-07:00,125.85673
1782701100,2026-06-28T19:45:00-07:00,125.85673
1782701160,2026-06-28T19:46:00-07:00,125.85673
1782701220,2026-06-28T19:47:00-07:00,125.85673
1782701280,2026-06-28T19:48:00-07:00,125.85673
1782701400,2026-06-28T19:50:00-07:00,119.200643
1782701460,2026-06-28T19:51:00-07:00,119.200643
1782701520,2026-06-28T19:52:00-07:00,119.200643
1782701580,2026-06-28T19:53:00-07:00,119.200643
1782701640,2026-06-28T19:54:00-07:00,119.200643
1782701700,2026-06-28T19:55:00-07:00,101.368164
1782701760,2026-06-28T19:56:00-07:00,101.368164
1782701820,2026-06-28T19:57:00-07:00,101.368164
1782701880,2026-06-28T19:58:00-07:00,101.368164
1782701940,2026-06-28T19:59:00-07:00,101.368164
1782702120,2026-06-28T20:02:00-07:00,113.255738
1782702180,2026-06-28T20:03:00-07:00,113.255738
1782702240,2026-06-28T20:04:00-07:00,113.255738
1782702300,2026-06-28T20:05:00-07:00,113.255738
1782702360,2026-06-28T20:06:00-07:00,113.255738
1782702480,2026-06-28T20:08:00-07:00,114.356364
1782702540,2026-06-28T20:09:00-07:00,114.356364
1782702600,2026-06-28T20:10:00-07:00,114.356364
1782702660,2026-06-28T20:11:00-07:00,114.356364
1782702720,2026-06-28T20:12:00-07:00,114.356364
1782702780,2026-06-28T20:13:00-07:00,124.848144
1782702840,2026-06-28T20:14:00-07:00,124.848144
1782702900,2026-06-28T20:15:00-07:00,124.848144
1782702960,2026-06-28T20:16:00-07:00,124.848144
1782703020,2026-06-28T20:17:00-07:00,124.848144
1782703200,2026-06-28T20:20:00-07:00,140.239339
1782703260,2026-06-28T20:21:00-07:00,140.239339
1782703320,2026-06-28T20:22:00-07:00,140.239339
1782703380,2026-06-28T20:23:00-07:00,140.239339
1782703440,2026-06-28T20:24:00-07:00,140.239339
1782703500,2026-06-28T20:25:00-07:00,115.956176
1782703560,2026-06-28T20:26:00-07:00,115.956176
1782703620,2026-06-28T20:27:00-07:00,115.956176
1782703680,2026-06-28T20:28:00-07:00,115.956176
1782703740,2026-06-28T20:29:00-07:00,115.956176
1782703860,2026-06-28T20:31:00-07:00,130.285482
1782703920,2026-06-28T20:32:00-07:00,130.285482
1782703980,2026-06-28T20:33:00-07:00,130.285482
1782704040,2026-06-28T20:34:00-07:00,130.285482
1782704100,2026-06-28T20:35:00-07:00,130.285482
1782704220,2026-06-28T20:37:00-07:00,140.772623
1782704280,2026-06-28T20:38:00-07:00,140.772623
1782704340,2026-06-28T20:39:00-07:00,140.772623
1782704400,2026-06-28T20:40:00-07:00,140.772623
1782704460,2026-06-28T20:41:00-07:00,140.772623
1782704520,2026-06-28T20:42:00-07:00,113.731038
1782704580,2026-06-28T20:43:00-07:00,113.731038
1782704640,2026-06-28T20:44:00-07:00,113.731038
1782704700,2026-06-28T20:45:00-07:00,113.731038
1782704760,2026-06-28T20:46:00-07:00,113.731038
1782704880,2026-06-28T20:48:00-07:00,128.622722
1782704940,2026-06-28T20:49:00-07:00,128.622722
1782705000,2026-06-28T20:50:00-07:00,128.622722
1782705060,2026-06-28T20:51:00-07:00,128.622722
1782705120,2026-06-28T20:52:00-07:00,128.622722
1782705180,2026-06-28T20:53:00-07:00,86.498372
1782705240,2026-06-28T20:54:00-07:00,86.498372
1782705300,2026-06-28T20:55:00-07:00,86.498372
1782705360,2026-06-28T20:56:00-07:00,86.498372
1782705420,2026-06-28T20:57:00-07:00,86.498372
1782705540,2026-06-28T20:59:00-07:00,127.949219
1782705600,2026-06-28T21:00:00-07:00,127.949219
1782705660,2026-06-28T21:01:00-07:00,127.949219
1782705720,2026-06-28T21:02:00-07:00,127.949219
1782705780,2026-06-28T21:03:00-07:00,127.949219
1782705840,2026-06-28T21:04:00-07:00,118.904256
1782705900,2026-06-28T21:05:00-07:00,118.904256
1782705960,2026-06-28T21:06:00-07:00,118.904256
1782706020,2026-06-28T21:07:00-07:00,118.904256
1782706080,2026-06-28T21:08:00-07:00,118.904256
1782706200,2026-06-28T21:10:00-07:00,113.311279
1782706260,2026-06-28T21:11:00-07:00,113.311279
1782706320,2026-06-28T21:12:00-07:00,113.311279
1782706380,2026-06-28T21:13:00-07:00,113.311279
1782706440,2026-06-28T21:14:00-07:00,113.311279
1782706560,2026-06-28T21:16:00-07:00,128.980062
1782706620,2026-06-28T21:17:00-07:00,128.980062
1782706680,2026-06-28T21:18:00-07:00,128.980062
1782706740,2026-06-28T21:19:00-07:00,128.980062
1782706800,2026-06-28T21:20:00-07:00,128.980062
1782707040,2026-06-28T21:24:00-07:00,125.09257
1782707100,2026-06-28T21:25:00-07:00,125.09257
1782707160,2026-06-28T21:26:00-07:00,125.09257
1782707220,2026-06-28T21:27:00-07:00,125.09257
1782707280,2026-06-28T21:28:00-07:00,125.09257
1782707400,2026-06-28T21:30:00-07:00,114.254843
1782707460,2026-06-28T21:31:00-07:00,114.254843
1782707520,2026-06-28T21:32:00-07:00,114.254843
1782707580,2026-06-28T21:33:00-07:00,114.254843
1782707640,2026-06-28T21:34:00-07:00,114.254843
1782707760,2026-06-28T21:36:00-07:00,105.232951
1782707820,2026-06-28T21:37:00-07:00,105.232951
1782707880,2026-06-28T21:38:00-07:00,105.232951
1782707940,2026-06-28T21:39:00-07:00,105.232951
1782708000,2026-06-28T21:40:00-07:00,105.232951
1782708120,2026-06-28T21:42:00-07:00,141.243978
1782708180,2026-06-28T21:43:00-07:00,141.243978
1782708240,2026-06-28T21:44:00-07:00,141.243978
1782708300,2026-06-28T21:45:00-07:00,141.243978
1782708360,2026-06-28T21:46:00-07:00,141.243978
1782708420,2026-06-28T21:47:00-07:00,116.171224
1782708480,2026-06-28T21:48:00-07:00,116.171224
1782708540,2026-06-28T21:49:00-07:00,116.171224
1782708600,2026-06-28T21:50:00-07:00,116.171224
1782708660,2026-06-28T21:51:00-07:00,116.171224
1782708840,2026-06-28T21:54:00-07:00,184.944173
1782708900,2026-06-28T21:55:00-07:00,184.944173
1782708960,2026-06-28T21:56:00-07:00,184.944173
1782709020,2026-06-28T21:57:00-07:00,184.944173
1782709080,2026-06-28T21:58:00-07:00,184.944173
1782709260,2026-06-28T22:01:00-07:00,107.199707
1782709320,2026-06-28T22:02:00-07:00,107.199707
1782709380,2026-06-28T22:03:00-07:00,107.199707
1782709440,2026-06-28T22:04:00-07:00,107.199707
1782709500,2026-06-28T22:05:00-07:00,107.199707
1782709680,2026-06-28T22:08:00-07:00,105.150879
1782709740,2026-06-28T22:09:00-07:00,105.150879
1782709800,2026-06-28T22:10:00-07:00,105.150879
1782709860,2026-06-28T22:11:00-07:00,105.150879
1782709920,2026-06-28T22:12:00-07:00,105.150879
1782709980,2026-06-28T22:13:00-07:00,116.447428
1782710040,2026-06-28T22:14:00-07:00,116.447428
1782710100,2026-06-28T22:15:00-07:00,116.447428
1782710160,2026-06-28T22:16:00-07:00,116.447428
1782710220,2026-06-28T22:17:00-07:00,116.447428
1782710400,2026-06-28T22:20:00-07:00,143.720174
1782710460,2026-06-28T22:21:00-07:00,143.720174
1782710520,2026-06-28T22:22:00-07:00,143.720174
1782710580,2026-06-28T22:23:00-07:00,143.720174
1782710640,2026-06-28T22:24:00-07:00,143.720174
1782710700,2026-06-28T22:25:00-07:00,113.199341
1782710760,2026-06-28T22:26:00-07:00,113.199341
1782710820,2026-06-28T22:27:00-07:00,113.199341
1782710880,2026-06-28T22:28:00-07:00,113.199341
1782710940,2026-06-28T22:29:00-07:00,113.199341
1782711000,2026-06-28T22:30:00-07:00,119.873983
1782711060,2026-06-28T22:31:00-07:00,119.873983
1782711120,2026-06-28T22:32:00-07:00,119.873983
1782711180,2026-06-28T22:33:00-07:00,119.873983
1782711240,2026-06-28T22:34:00-07:00,119.873983
1782711420,2026-06-28T22:37:00-07:00,126.394816
1782711480,2026-06-28T22:38:00-07:00,126.394816
1782711540,2026-06-28T22:39:00-07:00,126.394816
1782711600,2026-06-28T22:40:00-07:00,126.394816
1782711660,2026-06-28T22:41:00-07:00,126.394816
1782711780,2026-06-28T22:43:00-07:00,170.628418
1782711840,2026-06-28T22:44:00-07:00,170.628418
1782711900,2026-06-28T22:45:00-07:00,170.628418
1782711960,2026-06-28T22:46:00-07:00,170.628418
1782712020,2026-06-28T22:47:00-07:00,170.628418
1782712080,2026-06-28T22:48:00-07:00,110.893554
1782712140,2026-06-28T22:49:00-07:00,110.893554
1782712200,2026-06-28T22:50:00-07:00,110.893554
1782712260,2026-06-28T22:51:00-07:00,110.893554
1782712320,2026-06-28T22:52:00-07:00,110.893554
1782712380,2026-06-28T22:53:00-07:00,124.639771
1782712440,2026-06-28T22:54:00-07:00,124.639771
1782712500,2026-06-28T22:55:00-07:00,124.639771
1782712560,2026-06-28T22:56:00-07:00,124.639771
1782712620,2026-06-28T22:57:00-07:00,124.639771
1782712680,2026-06-28T22:58:00-07:00,134.642212
1782712740,2026-06-28T22:59:00-07:00,134.642212
1782712800,2026-06-28T23:00:00-07:00,134.642212
1782712860,2026-06-28T23:01:00-07:00,134.642212
1782712920,2026-06-28T23:02:00-07:00,134.642212
1782712980,2026-06-28T23:03:00-07:00,120.460165
1782713040,2026-06-28T23:04:00-07:00,120.460165
1782713100,2026-06-28T23:05:00-07:00,120.460165
1782713160,2026-06-28T23:06:00-07:00,120.460165
1782713220,2026-06-28T23:07:00-07:00,120.460165
1782713280,2026-06-28T23:08:00-07:00,117.778971
1782713340,2026-06-28T23:09:00-07:00,117.778971
1782713400,2026-06-28T23:10:00-07:00,117.778971
1782713460,2026-06-28T23:11:00-07:00,117.778971
1782713520,2026-06-28T23:12:00-07:00,117.778971
1782713580,2026-06-28T23:13:00-07:00,115.940063
1782713640,2026-06-28T23:14:00-07:00,115.940063
1782713700,2026-06-28T23:15:00-07:00,115.940063
1782713760,2026-06-28T23:16:00-07:00,115.940063
1782713820,2026-06-28T23:17:00-07:00,115.940063
1782713940,2026-06-28T23:19:00-07:00,111.62024
1782714000,2026-06-28T23:20:00-07:00,111.62024
1782714060,2026-06-28T23:21:00-07:00,111.62024
1782714120,2026-06-28T23:22:00-07:00,111.62024
1782714180,2026-06-28T23:23:00-07:00,111.62024
1782714240,2026-06-28T23:24:00-07:00,104.133382
1782714300,2026-06-28T23:25:00-07:00,104.133382
1782714360,2026-06-28T23:26:00-07:00,104.133382
1782714420,2026-06-28T23:27:00-07:00,104.133382
1782714480,2026-06-28T23:28:00-07:00,104.133382
1782714540,2026-06-28T23:29:00-07:00,110.702026
1782714600,2026-06-28T23:30:00-07:00,110.702026
1782714660,2026-06-28T23:31:00-07:00,110.702026
1782714720,2026-06-28T23:32:00-07:00,110.702026
1782714780,2026-06-28T23:33:00-07:00,110.702026
1782714840,2026-06-28T23:34:00-07:00,113.299316
1782714900,2026-06-28T23:35:00-07:00,113.299316
1782714960,2026-06-28T23:36:00-07:00,113.299316
1782715020,2026-06-28T23:37:00-07:00,113.299316
1782715080,2026-06-28T23:38:00-07:00,113.299316
1782715140,2026-06-28T23:39:00-07:00,145.397501
1782715200,2026-06-28T23:40:00-07:00,145.397501
1782715260,2026-06-28T23:41:00-07:00,145.397501
1782715320,2026-06-28T23:42:00-07:00,145.397501
1782715380,2026-06-28T23:43:00-07:00,145.397501
1782715500,2026-06-28T23:45:00-07:00,92.723877
1782715560,2026-06-28T23:46:00-07:00,92.723877
1782715620,2026-06-28T23:47:00-07:00,92.723877
1782715680,2026-06-28T23:48:00-07:00,92.723877
1782715740,2026-06-28T23:49:00-07:00,92.723877
1782715800,2026-06-28T23:50:00-07:00,117.313965
1782715860,2026-06-28T23:51:00-07:00,117.313965
1782715920,2026-06-28T23:52:00-07:00,117.313965
1782715980,2026-06-28T23:53:00-07:00,117.313965
1782716040,2026-06-28T23:54:00-07:00,117.313965
1782716100,2026-06-28T23:55:00-07:00,140.47819
1782716160,2026-06-28T23:56:00-07:00,140.47819
1782716220,2026-06-28T23:57:00-07:00,140.47819
1782716280,2026-06-28T23:58:00-07:00,140.47819
1782716340,2026-06-28T23:59:00-07:00,140.47819
1782716400,2026-06-29T00:00:00-07:00,118.622192
1782716460,2026-06-29T00:01:00-07:00,118.622192
1782716520,2026-06-29T00:02:00-07:00,118.622192
1782716580,2026-06-29T00:03:00-07:00,118.622192
1782716640,2026-06-29T00:04:00-07:00,118.622192
1782716700,2026-06-29T00:05:00-07:00,124.363444
1782716760,2026-06-29T00:06:00-07:00,124.363444
1782716820,2026-06-29T00:07:00-07:00,124.363444
1782716880,2026-06-29T00:08:00-07:00,124.363444
1782716940,2026-06-29T00:09:00-07:00,124.363444
1782717000,2026-06-29T00:10:00-07:00,104.921671
1782717060,2026-06-29T00:11:00-07:00,104.921671
1782717120,2026-06-29T00:12:00-07:00,104.921671
1782717180,2026-06-29T00:13:00-07:00,104.921671
1782717240,2026-06-29T00:14:00-07:00,104.921671
1782717300,2026-06-29T00:15:00-07:00,129.802205
1782717360,2026-06-29T00:16:00-07:00,129.802205
1782717420,2026-06-29T00:17:00-07:00,129.802205
1782717480,2026-06-29T00:18:00-07:00,129.802205
1782717540,2026-06-29T00:19:00-07:00,129.802205
1782717660,2026-06-29T00:21:00-07:00,112.98348
1782717720,2026-06-29T00:22:00-07:00,112.98348
1782717780,2026-06-29T00:23:00-07:00,112.98348
1782717840,2026-06-29T00:24:00-07:00,112.98348
1782717900,2026-06-29T00:25:00-07:00,112.98348
1782717960,2026-06-29T00:26:00-07:00,110.598063
1782718020,2026-06-29T00:27:00-07:00,110.598063
1782718080,2026-06-29T00:28:00-07:00,110.598063
1782718140,2026-06-29T00:29:00-07:00,110.598063
1782718200,2026-06-29T00:30:00-07:00,110.598063
1782718260,2026-06-29T00:31:00-07:00,115.717163
1782718320,2026-06-29T00:32:00-07:00,115.717163
1782718380,2026-06-29T00:33:00-07:00,115.717163
1782718440,2026-06-29T00:34:00-07:00,115.717163
1782718500,2026-06-29T00:35:00-07:00,115.717163
1782718560,2026-06-29T00:36:00-07:00,100.605387
1782718620,2026-06-29T00:37:00-07:00,100.605387
1782718680,2026-06-29T00:38:00-07:00,100.605387
1782718740,2026-06-29T00:39:00-07:00,100.605387
1782718800,2026-06-29T00:40:00-07:00,100.605387
1782718860,2026-06-29T00:41:00-07:00,139.085043
1782718920,2026-06-29T00:42:00-07:00,139.085043
1782718980,2026-06-29T00:43:00-07:00,139.085043
1782719040,2026-06-29T00:44:00-07:00,139.085043
1782719100,2026-06-29T00:45:00-07:00,139.085043
1782719160,2026-06-29T00:46:00-07:00,128.995687
1782719220,2026-06-29T00:47:00-07:00,128.995687
1782719280,2026-06-29T00:48:00-07:00,128.995687
1782719340,2026-06-29T00:49:00-07:00,128.995687
1782719400,2026-06-29T00:50:00-07:00,128.995687
1782719460,2026-06-29T00:51:00-07:00,120.415242
1782719520,2026-06-29T00:52:00-07:00,120.415242
1782719580,2026-06-29T00:53:00-07:00,120.415242
1782719640,2026-06-29T00:54:00-07:00,120.415242
1782719700,2026-06-29T00:55:00-07:00,120.415242
1782719820,2026-06-29T00:57:00-07:00,119.697225
1782719880,2026-06-29T00:58:00-07:00,119.697225
1782719940,2026-06-29T00:59:00-07:00,119.697225
1782720000,2026-06-29T01:00:00-07:00,119.697225
1782720060,2026-06-29T01:01:00-07:00,119.697225
1782720120,2026-06-29T01:02:00-07:00,102.647217
1782720180,2026-06-29T01:03:00-07:00,102.647217
1782720240,2026-06-29T01:04:00-07:00,102.647217
1782720300,2026-06-29T01:05:00-07:00,102.647217
1782720360,2026-06-29T01:06:00-07:00,102.647217
1782720420,2026-06-29T01:07:00-07:00,110.199829
1782720480,2026-06-29T01:08:00-07:00,110.199829
1782720540,2026-06-29T01:09:00-07:00,110.199829
1782720600,2026-06-29T01:10:00-07:00,110.199829
1782720660,2026-06-29T01:11:00-07:00,110.199829
1782720720,2026-06-29T01:12:00-07:00,102.216675
1782720780,2026-06-29T01:13:00-07:00,102.216675
1782720840,2026-06-29T01:14:00-07:00,102.216675
1782720900,2026-06-29T01:15:00-07:00,102.216675
1782720960,2026-06-29T01:16:00-07:00,102.216675
1782721020,2026-06-29T01:17:00-07:00,137.365926
1782721080,2026-06-29T01:18:00-07:00,137.365926
1782721140,2026-06-29T01:19:00-07:00,137.365926
1782721200,2026-06-29T01:20:00-07:00,137.365926
1782721260,2026-06-29T01:21:00-07:00,137.365926
1782721320,2026-06-29T01:22:00-07:00,128.145101
1782721380,2026-06-29T01:23:00-07:00,128.145101
1782721440,2026-06-29T01:24:00-07:00,128.145101
1782721500,2026-06-29T01:25:00-07:00,128.145101
1782721560,2026-06-29T01:26:00-07:00,128.145101
1782721620,2026-06-29T01:27:00-07:00,125.450154
1782721680,2026-06-29T01:28:00-07:00,125.450154
1782721740,2026-06-29T01:29:00-07:00,125.450154
1782721800,2026-06-29T01:30:00-07:00,125.450154
1782721860,2026-06-29T01:31:00-07:00,125.450154
1782721920,2026-06-29T01:32:00-07:00,106.018555
1782721980,2026-06-29T01:33:00-07:00,106.018555
1782722040,2026-06-29T01:34:00-07:00,106.018555
1782722100,2026-06-29T01:35:00-07:00,106.018555
1782722160,2026-06-29T01:36:00-07:00,106.018555
1782722280,2026-06-29T01:38:00-07:00,109.00765
1782722340,2026-06-29T01:39:00-07:00,109.00765
1782722400,2026-06-29T01:40:00-07:00,109.00765
1782722460,2026-06-29T01:41:00-07:00,109.00765
1782722520,2026-06-29T01:42:00-07:00,109.00765
1782722580,2026-06-29T01:43:00-07:00,112.285604
1782722640,2026-06-29T01:44:00-07:00,112.285604
1782722700,2026-06-29T01:45:00-07:00,112.285604
1782722760,2026-06-29T01:46:00-07:00,112.285604
1782722820,2026-06-29T01:47:00-07:00,112.285604
1782722880,2026-06-29T01:48:00-07:00,107.554972
1782722940,2026-06-29T01:49:00-07:00,107.554972
1782723000,2026-06-29T01:50:00-07:00,107.554972
1782723060,2026-06-29T01:51:00-07:00,107.554972
1782723120,2026-06-29T01:52:00-07:00,107.554972
1782723180,2026-06-29T01:53:00-07:00,119.251058
1782723240,2026-06-29T01:54:00-07:00,119.251058
1782723300,2026-06-29T01:55:00-07:00,119.251058
1782723360,2026-06-29T01:56:00-07:00,119.251058
1782723420,2026-06-29T01:57:00-07:00,119.251058
1782723480,2026-06-29T01:58:00-07:00,118.637573
1782723540,2026-06-29T01:59:00-07:00,118.637573
1782723600,2026-06-29T02:00:00-07:00,118.637573
1782723660,2026-06-29T02:01:00-07:00,118.637573
1782723720,2026-06-29T02:02:00-07:00,118.637573
1782723780,2026-06-29T02:03:00-07:00,114.612549
1782723840,2026-06-29T02:04:00-07:00,114.612549
1782723900,2026-06-29T02:05:00-07:00,114.612549
1782723960,2026-06-29T02:06:00-07:00,114.612549
1782724020,2026-06-29T02:07:00-07:00,114.612549
1782724080,2026-06-29T02:08:00-07:00,123.980021
1782724140,2026-06-29T02:09:00-07:00,123.980021
1782724200,2026-06-29T02:10:00-07:00,123.980021
1782724260,2026-06-29T02:11:00-07:00,123.980021
1782724320,2026-06-29T02:12:00-07:00,123.980021
1782724440,2026-06-29T02:14:00-07:00,134.049235
1782724500,2026-06-29T02:15:00-07:00,134.049235
1782724560,2026-06-29T02:16:00-07:00,134.049235
1782724620,2026-06-29T02:17:00-07:00,134.049235
1782724680,2026-06-29T02:18:00-07:00,134.049235
1782724740,2026-06-29T02:19:00-07:00,119.185629
1782724800,2026-06-29T02:20:00-07:00,119.185629
1782724860,2026-06-29T02:21:00-07:00,119.185629
1782724920,2026-06-29T02:22:00-07:00,119.185629
1782724980,2026-06-29T02:23:00-07:00,119.185629
1782725040,2026-06-29T02:24:00-07:00,114.825602
1782725100,2026-06-29T02:25:00-07:00,114.825602
1782725160,2026-06-29T02:26:00-07:00,114.825602
1782725220,2026-06-29T02:27:00-07:00,114.825602
1782725280,2026-06-29T02:28:00-07:00,114.825602
1782725340,2026-06-29T02:29:00-07:00,108.966105
1782725400,2026-06-29T02:30:00-07:00,108.966105
1782725460,2026-06-29T02:31:00-07:00,108.966105
1782725520,2026-06-29T02:32:00-07:00,108.966105
1782725580,2026-06-29T02:33:00-07:00,108.966105
1782725640,2026-06-29T02:34:00-07:00,112.415568
1782725700,2026-06-29T02:35:00-07:00,112.415568
1782725760,2026-06-29T02:36:00-07:00,112.415568
1782725820,2026-06-29T02:37:00-07:00,112.415568
1782725880,2026-06-29T02:38:00-07:00,112.415568
1782725940,2026-06-29T02:39:00-07:00,118.85315
1782726000,2026-06-29T02:40:00-07:00,118.85315
1782726060,2026-06-29T02:41:00-07:00,118.85315
1782726120,2026-06-29T02:42:00-07:00,118.85315
1782726180,2026-06-29T02:43:00-07:00,118.85315
1782726240,2026-06-29T02:44:00-07:00,115.363118
1782726300,2026-06-29T02:45:00-07:00,115.363118
1782726360,2026-06-29T02:46:00-07:00,115.363118
1782726420,2026-06-29T02:47:00-07:00,115.363118
1782726480,2026-06-29T02:48:00-07:00,115.363118
1782726540,2026-06-29T02:49:00-07:00,111.632568
1782726600,2026-06-29T02:50:00-07:00,111.632568
1782726660,2026-06-29T02:51:00-07:00,111.632568
1782726720,2026-06-29T02:52:00-07:00,111.632568
1782726780,2026-06-29T02:53:00-07:00,111.632568
1782726900,2026-06-29T02:55:00-07:00,120.910767
1782726960,2026-06-29T02:56:00-07:00,120.910767
1782727020,2026-06-29T02:57:00-07:00,120.910767
1782727080,2026-06-29T02:58:00-07:00,120.910767
1782727140,2026-06-29T02:59:00-07:00,120.910767
1782727200,2026-06-29T03:00:00-07:00,140.572835
1782727260,2026-06-29T03:01:00-07:00,140.572835
1782727320,2026-06-29T03:02:00-07:00,140.572835
1782727380,2026-06-29T03:03:00-07:00,140.572835
1782727440,2026-06-29T03:04:00-07:00,140.572835
1782727500,2026-06-29T03:05:00-07:00,109.569662
1782727560,2026-06-29T03:06:00-07:00,109.569662
1782727620,2026-06-29T03:07:00-07:00,109.569662
1782727680,2026-06-29T03:08:00-07:00,109.569662
1782727740,2026-06-29T03:09:00-07:00,109.569662
1782727800,2026-06-29T03:10:00-07:00,137.966716
1782727860,2026-06-29T03:11:00-07:00,137.966716
1782727920,2026-06-29T03:12:00-07:00,137.966716
1782727980,2026-06-29T03:13:00-07:00,137.966716
1782728040,2026-06-29T03:14:00-07:00,137.966716
1782728100,2026-06-29T03:15:00-07:00,106.261149
1782728160,2026-06-29T03:16:00-07:00,106.261149
1782728220,2026-06-29T03:17:00-07:00,106.261149
1782728280,2026-06-29T03:18:00-07:00,106.261149
1782728340,2026-06-29T03:19:00-07:00,106.261149
1782728400,2026-06-29T03:20:00-07:00,119.930298
1782728460,2026-06-29T03:21:00-07:00,119.930298
1782728520,2026-06-29T03:22:00-07:00,119.930298
1782728580,2026-06-29T03:23:00-07:00,119.930298
1782728640,2026-06-29T03:24:00-07:00,119.930298
1782728700,2026-06-29T03:25:00-07:00,121.915243
1782728760,2026-06-29T03:26:00-07:00,121.915243
1782728820,2026-06-29T03:27:00-07:00,121.915243
1782728880,2026-06-29T03:28:00-07:00,121.915243
1782728940,2026-06-29T03:29:00-07:00,121.915243
1782729000,2026-06-29T03:30:00-07:00,113.375733
1782729060,2026-06-29T03:31:00-07:00,113.375733
1782729120,2026-06-29T03:32:00-07:00,113.375733
1782729180,2026-06-29T03:33:00-07:00,113.375733
1782729240,2026-06-29T03:34:00-07:00,113.375733
1782729360,2026-06-29T03:36:00-07:00,112.752889
1782729420,2026-06-29T03:37:00-07:00,112.752889
1782729480,2026-06-29T03:38:00-07:00,112.752889
1782729540,2026-06-29T03:39:00-07:00,112.752889
1782729600,2026-06-29T03:40:00-07:00,112.752889
1782729660,2026-06-29T03:41:00-07:00,104.910157
1782729720,2026-06-29T03:42:00-07:00,104.910157
1782729780,2026-06-29T03:43:00-07:00,104.910157
1782729840,2026-06-29T03:44:00-07:00,104.910157
1782729900,2026-06-29T03:45:00-07:00,104.910157
1782729960,2026-06-29T03:46:00-07:00,118.964111
1782730020,2026-06-29T03:47:00-07:00,118.964111
1782730080,2026-06-29T03:48:00-07:00,118.964111
1782730140,2026-06-29T03:49:00-07:00,118.964111
1782730200,2026-06-29T03:50:00-07:00,118.964111
1782730260,2026-06-29T03:51:00-07:00,111.099284
1782730320,2026-06-29T03:52:00-07:00,111.099284
1782730380,2026-06-29T03:53:00-07:00,111.099284
1782730440,2026-06-29T03:54:00-07:00,111.099284
1782730500,2026-06-29T03:55:00-07:00,111.099284
1782730560,2026-06-29T03:56:00-07:00,130.583008
1782730620,2026-06-29T03:57:00-07:00,130.583008
1782730680,2026-06-29T03:58:00-07:00,130.583008
1782730740,2026-06-29T03:59:00-07:00,130.583008
1782730800,2026-06-29T04:00:00-07:00,130.583008
1782730860,2026-06-29T04:01:00-07:00,125.928833
1782730920,2026-06-29T04:02:00-07:00,125.928833
1782730980,2026-06-29T04:03:00-07:00,125.928833
1782731040,2026-06-29T04:04:00-07:00,125.928833
1782731100,2026-06-29T04:05:00-07:00,125.928833
1782731160,2026-06-29T04:06:00-07:00,119.815307
1782731220,2026-06-29T04:07:00-07:00,119.815307
1782731280,2026-06-29T04:08:00-07:00,119.815307
1782731340,2026-06-29T04:09:00-07:00,119.815307
1782731400,2026-06-29T04:10:00-07:00,119.815307
1782731460,2026-06-29T04:11:00-07:00,112.273641
1782731520,2026-06-29T04:12:00-07:00,112.273641
1782731580,2026-06-29T04:13:00-07:00,112.273641
1782731640,2026-06-29T04:14:00-07:00,112.273641
1782731700,2026-06-29T04:15:00-07:00,112.273641
1782731820,2026-06-29T04:17:00-07:00,126.22994
1782731880,2026-06-29T04:18:00-07:00,126.22994
1782731940,2026-06-29T04:19:00-07:00,126.22994
1782732000,2026-06-29T04:20:00-07:00,126.22994
1782732060,2026-06-29T04:21:00-07:00,126.22994
1782732120,2026-06-29T04:22:00-07:00,109.274903
1782732180,2026-06-29T04:23:00-07:00,109.274903
1782732240,2026-06-29T04:24:00-07:00,109.274903
1782732300,2026-06-29T04:25:00-07:00,109.274903
1782732360,2026-06-29T04:26:00-07:00,109.274903
1782732420,2026-06-29T04:27:00-07:00,104.59253
1782732480,2026-06-29T04:28:00-07:00,104.59253
1782732540,2026-06-29T04:29:00-07:00,104.59253
1782732600,2026-06-29T04:30:00-07:00,104.59253
1782732660,2026-06-29T04:31:00-07:00,104.59253
1782732720,2026-06-29T04:32:00-07:00,104.116049
1782732780,2026-06-29T04:33:00-07:00,104.116049
1782732840,2026-06-29T04:34:00-07:00,104.116049
1782732900,2026-06-29T04:35:00-07:00,104.116049
1782732960,2026-06-29T04:36:00-07:00,104.116049
1782733020,2026-06-29T04:37:00-07:00,116.576335
1782733080,2026-06-29T04:38:00-07:00,116.576335
1782733140,2026-06-29T04:39:00-07:00,116.576335
1782733200,2026-06-29T04:40:00-07:00,116.576335
1782733260,2026-06-29T04:41:00-07:00,116.576335
1782733320,2026-06-29T04:42:00-07:00,115.350057
1782733380,2026-06-29T04:43:00-07:00,115.350057
1782733440,2026-06-29T04:44:00-07:00,115.350057
1782733500,2026-06-29T04:45:00-07:00,115.350057
1782733560,2026-06-29T04:46:00-07:00,115.350057
1782733620,2026-06-29T04:47:00-07:00,107.896932
1782733680,2026-06-29T04:48:00-07:00,107.896932
1782733740,2026-06-29T04:49:00-07:00,107.896932
1782733800,2026-06-29T04:50:00-07:00,107.896932
1782733860,2026-06-29T04:51:00-07:00,107.896932
1782733920,2026-06-29T04:52:00-07:00,116.325887
1782733980,2026-06-29T04:53:00-07:00,116.325887
1782734040,2026-06-29T04:54:00-07:00,116.325887
1782734100,2026-06-29T04:55:00-07:00,116.325887
1782734160,2026-06-29T04:56:00-07:00,116.325887
1782734280,2026-06-29T04:58:00-07:00,123.233235
1782734340,2026-06-29T04:59:00-07:00,123.233235
1782734400,2026-06-29T05:00:00-07:00,123.233235
1782734460,2026-06-29T05:01:00-07:00,123.233235
1782734520,2026-06-29T05:02:00-07:00,123.233235
1782734580,2026-06-29T05:03:00-07:00,121.707723
1782734640,2026-06-29T05:04:00-07:00,121.707723
1782734700,2026-06-29T05:05:00-07:00,121.707723
1782734760,2026-06-29T05:06:00-07:00,121.707723
1782734820,2026-06-29T05:07:00-07:00,121.707723
1782734880,2026-06-29T05:08:00-07:00,111.494873
1782734940,2026-06-29T05:09:00-07:00,111.494873
1782735000,2026-06-29T05:10:00-07:00,111.494873
1782735060,2026-06-29T05:11:00-07:00,111.494873
1782735120,2026-06-29T05:12:00-07:00,111.494873
1782735180,2026-06-29T05:13:00-07:00,132.011312
1782735240,2026-06-29T05:14:00-07:00,132.011312
1782735300,2026-06-29T05:15:00-07:00,132.011312
1782735360,2026-06-29T05:16:00-07:00,132.011312
1782735420,2026-06-29T05:17:00-07:00,132.011312
1782735480,2026-06-29T05:18:00-07:00,129.768474
1782735540,2026-06-29T05:19:00-07:00,129.768474
1782735600,2026-06-29T05:20:00-07:00,129.768474
1782735660,2026-06-29T05:21:00-07:00,129.768474
1782735720,2026-06-29T05:22:00-07:00,129.768474
1782735780,2026-06-29T05:23:00-07:00,128.351115
1782735840,2026-06-29T05:24:00-07:00,128.351115
1782735900,2026-06-29T05:25:00-07:00,128.351115
1782735960,2026-06-29T05:26:00-07:00,128.351115
1782736020,2026-06-29T05:27:00-07:00,128.351115
1782736080,2026-06-29T05:28:00-07:00,130.481283
1782736140,2026-06-29T05:29:00-07:00,130.481283
1782736200,2026-06-29T05:30:00-07:00,130.481283
1782736260,2026-06-29T05:31:00-07:00,130.481283
1782736320,2026-06-29T05:32:00-07:00,130.481283
1782736380,2026-06-29T05:33:00-07:00,104.602172
1782736440,2026-06-29T05:34:00-07:00,104.602172
1782736500,2026-06-29T05:35:00-07:00,104.602172
1782736560,2026-06-29T05:36:00-07:00,104.602172
1782736620,2026-06-29T05:37:00-07:00,104.602172
1782736680,2026-06-29T05:38:00-07:00,115.312785
1782736740,2026-06-29T05:39:00-07:00,115.312785
1782736800,2026-06-29T05:40:00-07:00,115.312785
1782736860,2026-06-29T05:41:00-07:00,115.312785
1782736920,2026-06-29T05:42:00-07:00,115.312785
1782737040,2026-06-29T05:44:00-07:00,100.33728
1782737100,2026-06-29T05:45:00-07:00,100.33728
1782737160,2026-06-29T05:46:00-07:00,100.33728
1782737220,2026-06-29T05:47:00-07:00,100.33728
1782737280,2026-06-29T05:48:00-07:00,100.33728
1782737340,2026-06-29T05:49:00-07:00,111.834147
1782737400,2026-06-29T05:50:00-07:00,111.834147
1782737460,2026-06-29T05:51:00-07:00,111.834147
1782737520,2026-06-29T05:52:00-07:00,111.834147
1782737580,2026-06-29T05:53:00-07:00,111.834147
1782737640,2026-06-29T05:54:00-07:00,113.66215
1782737700,2026-06-29T05:55:00-07:00,113.66215
1782737760,2026-06-29T05:56:00-07:00,113.66215
1782737820,2026-06-29T05:57:00-07:00,113.66215
1782737880,2026-06-29T05:58:00-07:00,113.66215
1782737940,2026-06-29T05:59:00-07:00,110.784709
1782738000,2026-06-29T06:00:00-07:00,110.784709
1782738060,2026-06-29T06:01:00-07:00,110.784709
1782738120,2026-06-29T06:02:00-07:00,110.784709
1782738180,2026-06-29T06:03:00-07:00,110.784709
1782738240,2026-06-29T06:04:00-07:00,128.224488
1782738300,2026-06-29T06:05:00-07:00,128.224488
1782738360,2026-06-29T06:06:00-07:00,128.224488
1782738420,2026-06-29T06:07:00-07:00,128.224488
1782738480,2026-06-29T06:08:00-07:00,128.224488
1782738540,2026-06-29T06:09:00-07:00,121.937337
1782738600,2026-06-29T06:10:00-07:00,121.937337
1782738660,2026-06-29T06:11:00-07:00,121.937337
1782738720,2026-06-29T06:12:00-07:00,121.937337
1782738780,2026-06-29T06:13:00-07:00,121.937337
1782738840,2026-06-29T06:14:00-07:00,125.255127
1782738900,2026-06-29T06:15:00-07:00,125.255127
1782738960,2026-06-29T06:16:00-07:00,125.255127
1782739020,2026-06-29T06:17:00-07:00,125.255127
1782739080,2026-06-29T06:18:00-07:00,125.255127
1782739140,2026-06-29T06:19:00-07:00,114.629883
1782739200,2026-06-29T06:20:00-07:00,114.629883
1782739260,2026-06-29T06:21:00-07:00,114.629883
1782739320,2026-06-29T06:22:00-07:00,114.629883
1782739380,2026-06-29T06:23:00-07:00,114.629883
1782739440,2026-06-29T06:24:00-07:00,135.818889
1782739500,2026-06-29T06:25:00-07:00,135.818889
1782739560,2026-06-29T06:26:00-07:00,135.818889
1782739620,2026-06-29T06:27:00-07:00,135.818889
1782739680,2026-06-29T06:28:00-07:00,135.818889
1782739800,2026-06-29T06:30:00-07:00,108.827515
1782739860,2026-06-29T06:31:00-07:00,108.827515
1782739920,2026-06-29T06:32:00-07:00,108.827515
1782739980,2026-06-29T06:33:00-07:00,108.827515
1782740040,2026-06-29T06:34:00-07:00,108.827515
1782740220,2026-06-29T06:37:00-07:00,145.6816
1782740280,2026-06-29T06:38:00-07:00,145.6816
1782740340,2026-06-29T06:39:00-07:00,145.6816
1782740400,2026-06-29T06:40:00-07:00,145.6816
1782740460,2026-06-29T06:41:00-07:00,145.6816
1782740520,2026-06-29T06:42:00-07:00,118.46639
1782740580,2026-06-29T06:43:00-07:00,118.46639
1782740640,2026-06-29T06:44:00-07:00,118.46639
1782740700,2026-06-29T06:45:00-07:00,118.46639
1782740760,2026-06-29T06:46:00-07:00,118.46639
1782741120,2026-06-29T06:52:00-07:00,121.819743
1782741180,2026-06-29T06:53:00-07:00,121.819743
1782741240,2026-06-29T06:54:00-07:00,121.819743
1782741300,2026-06-29T06:55:00-07:00,121.819743
1782741360,2026-06-29T06:56:00-07:00,121.819743
1782741540,2026-06-29T06:59:00-07:00,106.924275
1782741600,2026-06-29T07:00:00-07:00,106.924275
1782741660,2026-06-29T07:01:00-07:00,106.924275
1782741720,2026-06-29T07:02:00-07:00,106.924275
1782741780,2026-06-29T07:03:00-07:00,106.924275
1782741840,2026-06-29T07:04:00-07:00,112.999512
1782741900,2026-06-29T07:05:00-07:00,112.999512
1782741960,2026-06-29T07:06:00-07:00,112.999512
1782742020,2026-06-29T07:07:00-07:00,112.999512
1782742080,2026-06-29T07:08:00-07:00,112.999512
1782742140,2026-06-29T07:09:00-07:00,89.890503
1782742200,2026-06-29T07:10:00-07:00,89.890503
1782742260,2026-06-29T07:11:00-07:00,89.890503
1782742320,2026-06-29T07:12:00-07:00,89.890503
1782742380,2026-06-29T07:13:00-07:00,89.890503
1782742500,2026-06-29T07:15:00-07:00,93.628662
1782742560,2026-06-29T07:16:00-07:00,93.628662
1782742620,2026-06-29T07:17:00-07:00,93.628662
1782742680,2026-06-29T07:18:00-07:00,93.628662
1782742740,2026-06-29T07:19:00-07:00,93.628662
1782742800,2026-06-29T07:20:00-07:00,126.393514
1782742860,2026-06-29T07:21:00-07:00,126.393514
1782742920,2026-06-29T07:22:00-07:00,126.393514
1782742980,2026-06-29T07:23:00-07:00,126.393514
1782743040,2026-06-29T07:24:00-07:00,126.393514
1782743100,2026-06-29T07:25:00-07:00,148.208903
1782743160,2026-06-29T07:26:00-07:00,148.208903
1782743220,2026-06-29T07:27:00-07:00,148.208903
1782743280,2026-06-29T07:28:00-07:00,148.208903
1782743340,2026-06-29T07:29:00-07:00,148.208903
1782743400,2026-06-29T07:30:00-07:00,115.321004
1782743460,2026-06-29T07:31:00-07:00,115.321004
1782743520,2026-06-29T07:32:00-07:00,115.321004
1782743580,2026-06-29T07:33:00-07:00,115.321004
1782743640,2026-06-29T07:34:00-07:00,115.321004
1782743700,2026-06-29T07:35:00-07:00,129.087403
1782743760,2026-06-29T07:36:00-07:00,129.087403
1782743820,2026-06-29T07:37:00-07:00,129.087403
1782743880,2026-06-29T07:38:00-07:00,129.087403
1782743940,2026-06-29T07:39:00-07:00,129.087403
1782744000,2026-06-29T07:40:00-07:00,123.960124
1782744060,2026-06-29T07:41:00-07:00,123.960124
1782744120,2026-06-29T07:42:00-07:00,123.960124
1782744180,2026-06-29T07:43:00-07:00,123.960124
1782744240,2026-06-29T07:44:00-07:00,123.960124
1782744300,2026-06-29T07:45:00-07:00,120.340087
1782744360,2026-06-29T07:46:00-07:00,120.340087
1782744420,2026-06-29T07:47:00-07:00,120.340087
1782744480,2026-06-29T07:48:00-07:00,120.340087
1782744540,2026-06-29T07:49:00-07:00,120.340087
1782744600,2026-06-29T07:50:00-07:00,1106.173666
1782744660,2026-06-29T07:51:00-07:00,1106.173666
1782744720,2026-06-29T07:52:00-07:00,1106.173666
1782744780,2026-06-29T07:53:00-07:00,1106.173666
1782744840,2026-06-29T07:54:00-07:00,1106.173666
1782744900,2026-06-29T07:55:00-07:00,91.05306
1782744960,2026-06-29T07:56:00-07:00,91.05306
1782745020,2026-06-29T07:57:00-07:00,91.05306
1782745080,2026-06-29T07:58:00-07:00,91.05306
1782745140,2026-06-29T07:59:00-07:00,91.05306
1782745200,2026-06-29T08:00:00-07:00,118.5896
1782745260,2026-06-29T08:01:00-07:00,118.5896
1782745320,2026-06-29T08:02:00-07:00,118.5896
1782745380,2026-06-29T08:03:00-07:00,118.5896
1782745440,2026-06-29T08:04:00-07:00,118.5896
1782745560,2026-06-29T08:06:00-07:00,114.411377
1782745620,2026-06-29T08:07:00-07:00,114.411377
1782745680,2026-06-29T08:08:00-07:00,114.411377
1782745740,2026-06-29T08:09:00-07:00,114.411377
1782745800,2026-06-29T08:10:00-07:00,114.411377
1782745860,2026-06-29T08:11:00-07:00,116.342448
1782745920,2026-06-29T08:12:00-07:00,116.342448
1782745980,2026-06-29T08:13:00-07:00,116.342448
1782746040,2026-06-29T08:14:00-07:00,116.342448
1782746100,2026-06-29T08:15:00-07:00,116.342448
1782746160,2026-06-29T08:16:00-07:00,100.718343
1782746220,2026-06-29T08:17:00-07:00,100.718343
1782746280,2026-06-29T08:18:00-07:00,100.718343
1782746340,2026-06-29T08:19:00-07:00,100.718343
1782746400,2026-06-29T08:20:00-07:00,100.718343
1782746520,2026-06-29T08:22:00-07:00,109.621908
1782746580,2026-06-29T08:23:00-07:00,109.621908
1782746640,2026-06-29T08:24:00-07:00,109.621908
1782746700,2026-06-29T08:25:00-07:00,109.621908
1782746760,2026-06-29T08:26:00-07:00,109.621908
1782746820,2026-06-29T08:27:00-07:00,122.159668
1782746880,2026-06-29T08:28:00-07:00,122.159668
1782746940,2026-06-29T08:29:00-07:00,122.159668
1782747000,2026-06-29T08:30:00-07:00,122.159668
1782747060,2026-06-29T08:31:00-07:00,122.159668
1782747480,2026-06-29T08:38:00-07:00,114.45516
1782747540,2026-06-29T08:39:00-07:00,114.45516
1782747600,2026-06-29T08:40:00-07:00,114.45516
1782747660,2026-06-29T08:41:00-07:00,114.45516
1782747720,2026-06-29T08:42:00-07:00,114.45516
1782747780,2026-06-29T08:43:00-07:00,120.36084
1782747840,2026-06-29T08:44:00-07:00,120.36084
1782747900,2026-06-29T08:45:00-07:00,120.36084
1782747960,2026-06-29T08:46:00-07:00,120.36084
1782748020,2026-06-29T08:47:00-07:00,120.36084
1782748560,2026-06-29T08:56:00-07:00,112.694824
1782748620,2026-06-29T08:57:00-07:00,112.694824
1782748680,2026-06-29T08:58:00-07:00,112.694824
1782748740,2026-06-29T08:59:00-07:00,112.694824
1782748800,2026-06-29T09:00:00-07:00,112.694824
1782748860,2026-06-29T09:01:00-07:00,133.775431
1782748920,2026-06-29T09:02:00-07:00,133.775431
1782748980,2026-06-29T09:03:00-07:00,133.775431
1782749040,2026-06-29T09:04:00-07:00,133.775431
1782749100,2026-06-29T09:05:00-07:00,133.775431
1782749160,2026-06-29T09:06:00-07:00,153.294759
1782749220,2026-06-29T09:07:00-07:00,153.294759
1782749280,2026-06-29T09:08:00-07:00,153.294759
1782749340,2026-06-29T09:09:00-07:00,153.294759
1782749400,2026-06-29T09:10:00-07:00,153.294759
1782749460,2026-06-29T09:11:00-07:00,199.811523
1782749520,2026-06-29T09:12:00-07:00,199.811523
1782749580,2026-06-29T09:13:00-07:00,199.811523
1782749640,2026-06-29T09:14:00-07:00,199.811523
1782749700,2026-06-29T09:15:00-07:00,199.811523
1782749880,2026-06-29T09:18:00-07:00,104.961222
1782749940,2026-06-29T09:19:00-07:00,104.961222
1782750000,2026-06-29T09:20:00-07:00,104.961222
1782750060,2026-06-29T09:21:00-07:00,104.961222
1782750120,2026-06-29T09:22:00-07:00,104.961222
1782750240,2026-06-29T09:24:00-07:00,106.894083
1782750300,2026-06-29T09:25:00-07:00,106.894083
1782750360,2026-06-29T09:26:00-07:00,106.894083
1782750420,2026-06-29T09:27:00-07:00,106.894083
1782750480,2026-06-29T09:28:00-07:00,106.894083
1782750600,2026-06-29T09:30:00-07:00,142.57902
1782750660,2026-06-29T09:31:00-07:00,142.57902
1782750720,2026-06-29T09:32:00-07:00,142.57902
1782750780,2026-06-29T09:33:00-07:00,142.57902
1782750840,2026-06-29T09:34:00-07:00,142.57902
1782750900,2026-06-29T09:35:00-07:00,77.503296
1782750960,2026-06-29T09:36:00-07:00,77.503296
1782751020,2026-06-29T09:37:00-07:00,77.503296
1782751080,2026-06-29T09:38:00-07:00,77.503296
1782751140,2026-06-29T09:39:00-07:00,77.503296
1782751200,2026-06-29T09:40:00-07:00,105.683634
1782751260,2026-06-29T09:41:00-07:00,105.683634
1782751320,2026-06-29T09:42:00-07:00,105.683634
1782751380,2026-06-29T09:43:00-07:00,105.683634
1782751440,2026-06-29T09:44:00-07:00,105.683634
1782751500,2026-06-29T09:45:00-07:00,110.962524
1782751560,2026-06-29T09:46:00-07:00,110.962524
1782751620,2026-06-29T09:47:00-07:00,110.962524
1782751680,2026-06-29T09:48:00-07:00,110.962524
1782751740,2026-06-29T09:49:00-07:00,110.962524
1782751920,2026-06-29T09:52:00-07:00,116.649292
1782751980,2026-06-29T09:53:00-07:00,116.649292
1782752040,2026-06-29T09:54:00-07:00,116.649292
1782752100,2026-06-29T09:55:00-07:00,116.649292
1782752160,2026-06-29T09:56:00-07:00,116.649292
1782752280,2026-06-29T09:58:00-07:00,102.112468
1782752340,2026-06-29T09:59:00-07:00,102.112468
1782752400,2026-06-29T10:00:00-07:00,102.112468
1782752460,2026-06-29T10:01:00-07:00,102.112468
1782752520,2026-06-29T10:02:00-07:00,102.112468
1782752580,2026-06-29T10:03:00-07:00,108.901733
1782752640,2026-06-29T10:04:00-07:00,108.901733
1782752700,2026-06-29T10:05:00-07:00,108.901733
1782752760,2026-06-29T10:06:00-07:00,108.901733
1782752820,2026-06-29T10:07:00-07:00,108.901733
1782753720,2026-06-29T10:22:00-07:00,129.883911
1782753780,2026-06-29T10:23:00-07:00,129.883911
1782753840,2026-06-29T10:24:00-07:00,129.883911
1782753900,2026-06-29T10:25:00-07:00,129.883911
1782753960,2026-06-29T10:26:00-07:00,129.883911
1782754080,2026-06-29T10:28:00-07:00,118.70809
1782754140,2026-06-29T10:29:00-07:00,118.70809
1782754200,2026-06-29T10:30:00-07:00,118.70809
1782754260,2026-06-29T10:31:00-07:00,118.70809
1782754320,2026-06-29T10:32:00-07:00,118.70809
1782754440,2026-06-29T10:34:00-07:00,122.980632
1782754500,2026-06-29T10:35:00-07:00,122.980632
1782754560,2026-06-29T10:36:00-07:00,122.980632
1782754620,2026-06-29T10:37:00-07:00,122.980632
1782754680,2026-06-29T10:38:00-07:00,122.980632
1782754740,2026-06-29T10:39:00-07:00,173.579468
1782754800,2026-06-29T10:40:00-07:00,173.579468
1782754860,2026-06-29T10:41:00-07:00,173.579468
1782754920,2026-06-29T10:42:00-07:00,173.579468
1782754980,2026-06-29T10:43:00-07:00,173.579468
1782755700,2026-06-29T10:55:00-07:00,114.378133
1782755760,2026-06-29T10:56:00-07:00,114.378133
1782755820,2026-06-29T10:57:00-07:00,114.378133
1782755880,2026-06-29T10:58:00-07:00,114.378133
1782755940,2026-06-29T10:59:00-07:00,114.378133
1782756060,2026-06-29T11:01:00-07:00,116.316244
1782756120,2026-06-29T11:02:00-07:00,116.316244
1782756180,2026-06-29T11:03:00-07:00,116.316244
1782756240,2026-06-29T11:04:00-07:00,116.316244
1782756300,2026-06-29T11:05:00-07:00,116.316244
1782756420,2026-06-29T11:07:00-07:00,106.61198
1782756480,2026-06-29T11:08:00-07:00,106.61198
1782756540,2026-06-29T11:09:00-07:00,106.61198
1782756600,2026-06-29T11:10:00-07:00,106.61198
1782756660,2026-06-29T11:11:00-07:00,106.61198
1782756840,2026-06-29T11:14:00-07:00,128.826253
1782756900,2026-06-29T11:15:00-07:00,128.826253
1782756960,2026-06-29T11:16:00-07:00,128.826253
1782757020,2026-06-29T11:17:00-07:00,128.826253
1782757080,2026-06-29T11:18:00-07:00,128.826253
1782757140,2026-06-29T11:19:00-07:00,104.817912
1782757200,2026-06-29T11:20:00-07:00,104.817912
1782757260,2026-06-29T11:21:00-07:00,104.817912
1782757320,2026-06-29T11:22:00-07:00,104.817912
1782757380,2026-06-29T11:23:00-07:00,104.817912
1782757440,2026-06-29T11:24:00-07:00,88.410442
1782757500,2026-06-29T11:25:00-07:00,88.410442
1782757560,2026-06-29T11:26:00-07:00,88.410442
1782757620,2026-06-29T11:27:00-07:00,88.410442
1782757680,2026-06-29T11:28:00-07:00,88.410442
1782757740,2026-06-29T11:29:00-07:00,112.508626
1782757800,2026-06-29T11:30:00-07:00,112.508626
1782757860,2026-06-29T11:31:00-07:00,112.508626
1782757920,2026-06-29T11:32:00-07:00,112.508626
1782757980,2026-06-29T11:33:00-07:00,112.508626
1782758040,2026-06-29T11:34:00-07:00,103.814698
1782758100,2026-06-29T11:35:00-07:00,103.814698
1782758160,2026-06-29T11:36:00-07:00,103.814698
1782758220,2026-06-29T11:37:00-07:00,103.814698
1782758280,2026-06-29T11:38:00-07:00,103.814698
1782758340,2026-06-29T11:39:00-07:00,106.287842
1782758400,2026-06-29T11:40:00-07:00,106.287842
1782758460,2026-06-29T11:41:00-07:00,106.287842
1782758520,2026-06-29T11:42:00-07:00,106.287842
1782758580,2026-06-29T11:43:00-07:00,106.287842
1782758700,2026-06-29T11:45:00-07:00,122.01001
1782758760,2026-06-29T11:46:00-07:00,122.01001
1782758820,2026-06-29T11:47:00-07:00,122.01001
1782758880,2026-06-29T11:48:00-07:00,122.01001
1782758940,2026-06-29T11:49:00-07:00,122.01001
1782759000,2026-06-29T11:50:00-07:00,106.466553
1782759060,2026-06-29T11:51:00-07:00,106.466553
1782759120,2026-06-29T11:52:00-07:00,106.466553
1782759180,2026-06-29T11:53:00-07:00,106.466553
1782759240,2026-06-29T11:54:00-07:00,106.466553
1782759300,2026-06-29T11:55:00-07:00,101.080078
1782759360,2026-06-29T11:56:00-07:00,101.080078
1782759420,2026-06-29T11:57:00-07:00,101.080078
1782759480,2026-06-29T11:58:00-07:00,101.080078
1782759540,2026-06-29T11:59:00-07:00,101.080078
1782759600,2026-06-29T12:00:00-07:00,103.583944
1782759660,2026-06-29T12:01:00-07:00,103.583944
1782759720,2026-06-29T12:02:00-07:00,103.583944
1782759780,2026-06-29T12:03:00-07:00,103.583944
1782759840,2026-06-29T12:04:00-07:00,103.583944
1782759900,2026-06-29T12:05:00-07:00,94.420003
1782759960,2026-06-29T12:06:00-07:00,94.420003
1782760020,2026-06-29T12:07:00-07:00,94.420003
1782760080,2026-06-29T12:08:00-07:00,94.420003
1782760140,2026-06-29T12:09:00-07:00,94.420003
1782760200,2026-06-29T12:10:00-07:00,127.587606
1782760260,2026-06-29T12:11:00-07:00,127.587606
1782760320,2026-06-29T12:12:00-07:00,127.587606
1782760380,2026-06-29T12:13:00-07:00,127.587606
1782760440,2026-06-29T12:14:00-07:00,127.587606
1782760500,2026-06-29T12:15:00-07:00,106.715047
1782760560,2026-06-29T12:16:00-07:00,106.715047
1782760620,2026-06-29T12:17:00-07:00,106.715047
1782760680,2026-06-29T12:18:00-07:00,106.715047
1782760740,2026-06-29T12:19:00-07:00,106.715047
1782760800,2026-06-29T12:20:00-07:00,105.388753
1782760860,2026-06-29T12:21:00-07:00,105.388753
1782760920,2026-06-29T12:22:00-07:00,105.388753
1782760980,2026-06-29T12:23:00-07:00,105.388753
1782761040,2026-06-29T12:24:00-07:00,105.388753
1782761100,2026-06-29T12:25:00-07:00,98.569336
1782761160,2026-06-29T12:26:00-07:00,98.569336
1782761220,2026-06-29T12:27:00-07:00,98.569336
1782761280,2026-06-29T12:28:00-07:00,98.569336
1782761340,2026-06-29T12:29:00-07:00,98.569336
1782761460,2026-06-29T12:31:00-07:00,110.262818
1782761520,2026-06-29T12:32:00-07:00,110.262818
1782761580,2026-06-29T12:33:00-07:00,110.262818
1782761640,2026-06-29T12:34:00-07:00,110.262818
1782761700,2026-06-29T12:35:00-07:00,110.262818
1782761760,2026-06-29T12:36:00-07:00,122.825927
1782761820,2026-06-29T12:37:00-07:00,122.825927
1782761880,2026-06-29T12:38:00-07:00,122.825927
1782761940,2026-06-29T12:39:00-07:00,122.825927
1782762000,2026-06-29T12:40:00-07:00,122.825927
1782762060,2026-06-29T12:41:00-07:00,119.33374
1782762120,2026-06-29T12:42:00-07:00,119.33374
1782762180,2026-06-29T12:43:00-07:00,119.33374
1782762240,2026-06-29T12:44:00-07:00,119.33374
1782762300,2026-06-29T12:45:00-07:00,119.33374
1782762360,2026-06-29T12:46:00-07:00,139.655355
1782762420,2026-06-29T12:47:00-07:00,139.655355
1782762480,2026-06-29T12:48:00-07:00,139.655355
1782762540,2026-06-29T12:49:00-07:00,139.655355
1782762600,2026-06-29T12:50:00-07:00,139.655355
1782763080,2026-06-29T12:58:00-07:00,113.38208
1782763140,2026-06-29T12:59:00-07:00,113.38208
1782763200,2026-06-29T13:00:00-07:00,113.38208
1782763260,2026-06-29T13:01:00-07:00,113.38208
1782763320,2026-06-29T13:02:00-07:00,113.38208
1782763440,2026-06-29T13:04:00-07:00,104.77002
1782763500,2026-06-29T13:05:00-07:00,104.77002
1782763560,2026-06-29T13:06:00-07:00,104.77002
1782763620,2026-06-29T13:07:00-07:00,104.77002
1782763680,2026-06-29T13:08:00-07:00,104.77002
1782763800,2026-06-29T13:10:00-07:00,112.200847
1782763860,2026-06-29T13:11:00-07:00,112.200847
1782763920,2026-06-29T13:12:00-07:00,112.200847
1782763980,2026-06-29T13:13:00-07:00,112.200847
1782764040,2026-06-29T13:14:00-07:00,112.200847
1782764160,2026-06-29T13:16:00-07:00,121.819377
1782764220,2026-06-29T13:17:00-07:00,121.819377
1782764280,2026-06-29T13:18:00-07:00,121.819377
1782764340,2026-06-29T13:19:00-07:00,121.819377
1782764400,2026-06-29T13:20:00-07:00,121.819377
1782764520,2026-06-29T13:22:00-07:00,117.424602
1782764580,2026-06-29T13:23:00-07:00,117.424602
1782764640,2026-06-29T13:24:00-07:00,117.424602
1782764700,2026-06-29T13:25:00-07:00,117.424602
1782764760,2026-06-29T13:26:00-07:00,117.424602
1782764820,2026-06-29T13:27:00-07:00,106.228313
1782764880,2026-06-29T13:28:00-07:00,106.228313
1782764940,2026-06-29T13:29:00-07:00,106.228313
1782765000,2026-06-29T13:30:00-07:00,106.228313
1782765060,2026-06-29T13:31:00-07:00,106.228313
1782765540,2026-06-29T13:39:00-07:00,120.481364
1782765600,2026-06-29T13:40:00-07:00,120.481364
1782765660,2026-06-29T13:41:00-07:00,120.481364
1782765720,2026-06-29T13:42:00-07:00,120.481364
1782765780,2026-06-29T13:43:00-07:00,120.481364
1782765840,2026-06-29T13:44:00-07:00,93.109579
1782765900,2026-06-29T13:45:00-07:00,93.109579
1782765960,2026-06-29T13:46:00-07:00,93.109579
1782766020,2026-06-29T13:47:00-07:00,93.109579
1782766080,2026-06-29T13:48:00-07:00,93.109579
1782766200,2026-06-29T13:50:00-07:00,124.187174
1782766260,2026-06-29T13:51:00-07:00,124.187174
1782766320,2026-06-29T13:52:00-07:00,124.187174
1782766380,2026-06-29T13:53:00-07:00,124.187174
1782766440,2026-06-29T13:54:00-07:00,124.187174
1782766560,2026-06-29T13:56:00-07:00,113.431722
1782766620,2026-06-29T13:57:00-07:00,113.431722
1782766680,2026-06-29T13:58:00-07:00,113.431722
1782766740,2026-06-29T13:59:00-07:00,113.431722
1782766800,2026-06-29T14:00:00-07:00,113.431722
1782766860,2026-06-29T14:01:00-07:00,102.113322
1782766920,2026-06-29T14:02:00-07:00,102.113322
1782766980,2026-06-29T14:03:00-07:00,102.113322
1782767040,2026-06-29T14:04:00-07:00,102.113322
1782767100,2026-06-29T14:05:00-07:00,102.113322
1782767220,2026-06-29T14:07:00-07:00,133.910767
1782767280,2026-06-29T14:08:00-07:00,133.910767
1782767340,2026-06-29T14:09:00-07:00,133.910767
1782767400,2026-06-29T14:10:00-07:00,133.910767
1782767460,2026-06-29T14:11:00-07:00,133.910767
1782767580,2026-06-29T14:13:00-07:00,143.387695
1782767640,2026-06-29T14:14:00-07:00,143.387695
1782767700,2026-06-29T14:15:00-07:00,143.387695
1782767760,2026-06-29T14:16:00-07:00,143.387695
1782767820,2026-06-29T14:17:00-07:00,143.387695
1782767940,2026-06-29T14:19:00-07:00,113.417318
1782768000,2026-06-29T14:20:00-07:00,113.417318
1782768060,2026-06-29T14:21:00-07:00,113.417318
1782768120,2026-06-29T14:22:00-07:00,113.417318
1782768180,2026-06-29T14:23:00-07:00,113.417318
1782768240,2026-06-29T14:24:00-07:00,123.459676
1782768300,2026-06-29T14:25:00-07:00,123.459676
1782768360,2026-06-29T14:26:00-07:00,123.459676
1782768420,2026-06-29T14:27:00-07:00,123.459676
1782768480,2026-06-29T14:28:00-07:00,123.459676
1782768600,2026-06-29T14:30:00-07:00,119.364258
1782768660,2026-06-29T14:31:00-07:00,119.364258
1782768720,2026-06-29T14:32:00-07:00,119.364258
1782768780,2026-06-29T14:33:00-07:00,119.364258
1782768840,2026-06-29T14:34:00-07:00,119.364258
1782768900,2026-06-29T14:35:00-07:00,168.858887
1782768960,2026-06-29T14:36:00-07:00,168.858887
1782769020,2026-06-29T14:37:00-07:00,168.858887
1782769080,2026-06-29T14:38:00-07:00,168.858887
1782769140,2026-06-29T14:39:00-07:00,168.858887
1782769200,2026-06-29T14:40:00-07:00,133.832805
1782769260,2026-06-29T14:41:00-07:00,133.832805
1782769320,2026-06-29T14:42:00-07:00,133.832805
1782769380,2026-06-29T14:43:00-07:00,133.832805
1782769440,2026-06-29T14:44:00-07:00,133.832805
1782769500,2026-06-29T14:45:00-07:00,111.618408
1782769560,2026-06-29T14:46:00-07:00,111.618408
1782769620,2026-06-29T14:47:00-07:00,111.618408
1782769680,2026-06-29T14:48:00-07:00,111.618408
1782769740,2026-06-29T14:49:00-07:00,111.618408
1782769860,2026-06-29T14:51:00-07:00,192.066854
1782769920,2026-06-29T14:52:00-07:00,192.066854
1782769980,2026-06-29T14:53:00-07:00,192.066854
1782770040,2026-06-29T14:54:00-07:00,192.066854
1782770100,2026-06-29T14:55:00-07:00,192.066854
1782770160,2026-06-29T14:56:00-07:00,134.112183
1782770220,2026-06-29T14:57:00-07:00,134.112183
1782770280,2026-06-29T14:58:00-07:00,134.112183
1782770340,2026-06-29T14:59:00-07:00,134.112183
1782770400,2026-06-29T15:00:00-07:00,134.112183
1782770460,2026-06-29T15:01:00-07:00,317.375732
1782770520,2026-06-29T15:02:00-07:00,317.375732
1782770580,2026-06-29T15:03:00-07:00,317.375732
1782770640,2026-06-29T15:04:00-07:00,317.375732
1782770700,2026-06-29T15:05:00-07:00,317.375732
1782770760,2026-06-29T15:06:00-07:00,116.919312
1782770820,2026-06-29T15:07:00-07:00,116.919312
1782770880,2026-06-29T15:08:00-07:00,116.919312
1782770940,2026-06-29T15:09:00-07:00,116.919312
1782771000,2026-06-29T15:10:00-07:00,116.919312
1782771360,2026-06-29T15:16:00-07:00,125.016642
1782771420,2026-06-29T15:17:00-07:00,125.016642
1782771480,2026-06-29T15:18:00-07:00,125.016642
1782771540,2026-06-29T15:19:00-07:00,125.016642
1782771600,2026-06-29T15:20:00-07:00,125.016642
1782771960,2026-06-29T15:26:00-07:00,117.362508
1782772020,2026-06-29T15:27:00-07:00,117.362508
1782772080,2026-06-29T15:28:00-07:00,117.362508
1782772140,2026-06-29T15:29:00-07:00,117.362508
1782772200,2026-06-29T15:30:00-07:00,117.362508
1782772260,2026-06-29T15:31:00-07:00,95.814779
1782772320,2026-06-29T15:32:00-07:00,95.814779
1782772380,2026-06-29T15:33:00-07:00,95.814779
1782772440,2026-06-29T15:34:00-07:00,95.814779
1782772500,2026-06-29T15:35:00-07:00,95.814779
1782772560,2026-06-29T15:36:00-07:00,96.411295
1782772620,2026-06-29T15:37:00-07:00,96.411295
1782772680,2026-06-29T15:38:00-07:00,96.411295
1782772740,2026-06-29T15:39:00-07:00,96.411295
1782772800,2026-06-29T15:40:00-07:00,96.411295
1782772920,2026-06-29T15:42:00-07:00,93.297445
1782772980,2026-06-29T15:43:00-07:00,93.297445
1782773040,2026-06-29T15:44:00-07:00,93.297445
1782773100,2026-06-29T15:45:00-07:00,93.297445
1782773160,2026-06-29T15:46:00-07:00,93.297445
1782773520,2026-06-29T15:52:00-07:00,78.10498
1782773580,2026-06-29T15:53:00-07:00,78.10498
1782773640,2026-06-29T15:54:00-07:00,78.10498
1782773700,2026-06-29T15:55:00-07:00,78.10498
1782773760,2026-06-29T15:56:00-07:00,78.10498
1782773820,2026-06-29T15:57:00-07:00,118.915365
1782773880,2026-06-29T15:58:00-07:00,118.915365
1782773940,2026-06-29T15:59:00-07:00,118.915365
1782774000,2026-06-29T16:00:00-07:00,118.915365
1782774060,2026-06-29T16:01:00-07:00,118.915365
1782774120,2026-06-29T16:02:00-07:00,109.040772
1782774180,2026-06-29T16:03:00-07:00,109.040772
1782774240,2026-06-29T16:04:00-07:00,109.040772
1782774300,2026-06-29T16:05:00-07:00,109.040772
1782774360,2026-06-29T16:06:00-07:00,109.040772
1782775020,2026-06-29T16:17:00-07:00,146.869466
1782775080,2026-06-29T16:18:00-07:00,146.869466
1782775140,2026-06-29T16:19:00-07:00,146.869466
1782775200,2026-06-29T16:20:00-07:00,146.869466
1782775260,2026-06-29T16:21:00-07:00,146.869466
1782775320,2026-06-29T16:22:00-07:00,106.574137
1782775380,2026-06-29T16:23:00-07:00,106.574137
1782775440,2026-06-29T16:24:00-07:00,106.574137
1782775500,2026-06-29T16:25:00-07:00,106.574137
1782775560,2026-06-29T16:26:00-07:00,106.574137
1782775680,2026-06-29T16:28:00-07:00,160.766927
1782775740,2026-06-29T16:29:00-07:00,160.766927
1782775800,2026-06-29T16:30:00-07:00,160.766927
1782775860,2026-06-29T16:31:00-07:00,160.766927
1782775920,2026-06-29T16:32:00-07:00,160.766927
1782775980,2026-06-29T16:33:00-07:00,137.363159
1782776040,2026-06-29T16:34:00-07:00,137.363159
1782776100,2026-06-29T16:35:00-07:00,137.363159
1782776160,2026-06-29T16:36:00-07:00,137.363159
1782776220,2026-06-29T16:37:00-07:00,137.363159
1782776580,2026-06-29T16:43:00-07:00,115.399251
1782776640,2026-06-29T16:44:00-07:00,115.399251
1782776700,2026-06-29T16:45:00-07:00,115.399251
1782776760,2026-06-29T16:46:00-07:00,115.399251
1782776820,2026-06-29T16:47:00-07:00,115.399251
1782776880,2026-06-29T16:48:00-07:00,148.451294
1782776940,2026-06-29T16:49:00-07:00,148.451294
1782777000,2026-06-29T16:50:00-07:00,148.451294
1782777060,2026-06-29T16:51:00-07:00,148.451294
1782777120,2026-06-29T16:52:00-07:00,148.451294
1782777180,2026-06-29T16:53:00-07:00,118.250773
1782777240,2026-06-29T16:54:00-07:00,118.250773
1782777300,2026-06-29T16:55:00-07:00,118.250773
1782777360,2026-06-29T16:56:00-07:00,118.250773
1782777420,2026-06-29T16:57:00-07:00,118.250773
1782777480,2026-06-29T16:58:00-07:00,156.190023
1782777540,2026-06-29T16:59:00-07:00,156.190023
1782777600,2026-06-29T17:00:00-07:00,156.190023
1782777660,2026-06-29T17:01:00-07:00,156.190023
1782777720,2026-06-29T17:02:00-07:00,156.190023
1782777780,2026-06-29T17:03:00-07:00,117.447022
1782777840,2026-06-29T17:04:00-07:00,117.447022
1782777900,2026-06-29T17:05:00-07:00,117.447022
1782777960,2026-06-29T17:06:00-07:00,117.447022
1782778020,2026-06-29T17:07:00-07:00,117.447022
1782778140,2026-06-29T17:09:00-07:00,121.361817
1782778200,2026-06-29T17:10:00-07:00,121.361817
1782778260,2026-06-29T17:11:00-07:00,121.361817
1782778320,2026-06-29T17:12:00-07:00,121.361817
1782778380,2026-06-29T17:13:00-07:00,121.361817
1782778440,2026-06-29T17:14:00-07:00,165.320516
1782778500,2026-06-29T17:15:00-07:00,165.320516
1782778560,2026-06-29T17:16:00-07:00,165.320516
1782778620,2026-06-29T17:17:00-07:00,165.320516
1782778680,2026-06-29T17:18:00-07:00,165.320516
1782778740,2026-06-29T17:19:00-07:00,112.588379
1782778800,2026-06-29T17:20:00-07:00,112.588379
1782778860,2026-06-29T17:21:00-07:00,112.588379
1782778920,2026-06-29T17:22:00-07:00,112.588379
1782778980,2026-06-29T17:23:00-07:00,112.588379
1782779100,2026-06-29T17:25:00-07:00,106.721477
1782779160,2026-06-29T17:26:00-07:00,106.721477
1782779220,2026-06-29T17:27:00-07:00,106.721477
1782779280,2026-06-29T17:28:00-07:00,106.721477
1782779340,2026-06-29T17:29:00-07:00,106.721477
1782779460,2026-06-29T17:31:00-07:00,121.967204
1782779520,2026-06-29T17:32:00-07:00,121.967204
1782779580,2026-06-29T17:33:00-07:00,121.967204
1782779640,2026-06-29T17:34:00-07:00,121.967204
1782779700,2026-06-29T17:35:00-07:00,121.967204
1782779760,2026-06-29T17:36:00-07:00,122.194946
1782779820,2026-06-29T17:37:00-07:00,122.194946
1782779880,2026-06-29T17:38:00-07:00,122.194946
1782779940,2026-06-29T17:39:00-07:00,122.194946
1782780000,2026-06-29T17:40:00-07:00,122.194946
1782780120,2026-06-29T17:42:00-07:00,109.082886
1782780180,2026-06-29T17:43:00-07:00,109.082886
1782780240,2026-06-29T17:44:00-07:00,109.082886
1782780300,2026-06-29T17:45:00-07:00,109.082886
1782780360,2026-06-29T17:46:00-07:00,109.082886
1782780480,2026-06-29T17:48:00-07:00,107.77181
1782780540,2026-06-29T17:49:00-07:00,107.77181
1782780600,2026-06-29T17:50:00-07:00,107.77181
1782780660,2026-06-29T17:51:00-07:00,107.77181
1782780720,2026-06-29T17:52:00-07:00,107.77181
1782780780,2026-06-29T17:53:00-07:00,121.473185
1782780840,2026-06-29T17:54:00-07:00,121.473185
1782780900,2026-06-29T17:55:00-07:00,121.473185
1782780960,2026-06-29T17:56:00-07:00,121.473185
1782781020,2026-06-29T17:57:00-07:00,121.473185
1782781080,2026-06-29T17:58:00-07:00,111.222493
1782781140,2026-06-29T17:59:00-07:00,111.222493
1782781200,2026-06-29T18:00:00-07:00,111.222493
1782781260,2026-06-29T18:01:00-07:00,111.222493
1782781320,2026-06-29T18:02:00-07:00,111.222493
1782782040,2026-06-29T18:14:00-07:00,166.912394
1782782100,2026-06-29T18:15:00-07:00,166.912394
1782782160,2026-06-29T18:16:00-07:00,166.912394
1782782220,2026-06-29T18:17:00-07:00,166.912394
1782782280,2026-06-29T18:18:00-07:00,166.912394
1782782400,2026-06-29T18:20:00-07:00,206.101074
1782782460,2026-06-29T18:21:00-07:00,206.101074
1782782520,2026-06-29T18:22:00-07:00,206.101074
1782782580,2026-06-29T18:23:00-07:00,206.101074
1782782640,2026-06-29T18:24:00-07:00,206.101074
1782782700,2026-06-29T18:25:00-07:00,122.786296
1782782760,2026-06-29T18:26:00-07:00,122.786296
1782782820,2026-06-29T18:27:00-07:00,122.786296
1782782880,2026-06-29T18:28:00-07:00,122.786296
1782782940,2026-06-29T18:29:00-07:00,122.786296
1782783060,2026-06-29T18:31:00-07:00,110.81661
1782783120,2026-06-29T18:32:00-07:00,110.81661
1782783180,2026-06-29T18:33:00-07:00,110.81661
1782783240,2026-06-29T18:34:00-07:00,110.81661
1782783300,2026-06-29T18:35:00-07:00,110.81661
1782783420,2026-06-29T18:37:00-07:00,116.696492
1782783480,2026-06-29T18:38:00-07:00,116.696492
1782783540,2026-06-29T18:39:00-07:00,116.696492
1782783600,2026-06-29T18:40:00-07:00,116.696492
1782783660,2026-06-29T18:41:00-07:00,116.696492
1782783780,2026-06-29T18:43:00-07:00,112.640829
1782783840,2026-06-29T18:44:00-07:00,112.640829
1782783900,2026-06-29T18:45:00-07:00,112.640829
1782783960,2026-06-29T18:46:00-07:00,112.640829
1782784020,2026-06-29T18:47:00-07:00,112.640829
1782784140,2026-06-29T18:49:00-07:00,113.864543
1782784200,2026-06-29T18:50:00-07:00,113.864543
1782784260,2026-06-29T18:51:00-07:00,113.864543
1782784320,2026-06-29T18:52:00-07:00,113.864543
1782784380,2026-06-29T18:53:00-07:00,113.864543
1782784440,2026-06-29T18:54:00-07:00,128.521932
1782784500,2026-06-29T18:55:00-07:00,128.521932
1782784560,2026-06-29T18:56:00-07:00,128.521932
1782784620,2026-06-29T18:57:00-07:00,128.521932
1782784680,2026-06-29T18:58:00-07:00,128.521932
1782784740,2026-06-29T18:59:00-07:00,124.390218
1782784800,2026-06-29T19:00:00-07:00,124.390218
1782784860,2026-06-29T19:01:00-07:00,124.390218
1782784920,2026-06-29T19:02:00-07:00,124.390218
1782784980,2026-06-29T19:03:00-07:00,124.390218
1782785160,2026-06-29T19:06:00-07:00,130.472941
1782785220,2026-06-29T19:07:00-07:00,130.472941
1782785280,2026-06-29T19:08:00-07:00,130.472941
1782785340,2026-06-29T19:09:00-07:00,130.472941
1782785400,2026-06-29T19:10:00-07:00,130.472941
1782785460,2026-06-29T19:11:00-07:00,119.262044
1782785520,2026-06-29T19:12:00-07:00,119.262044
1782785580,2026-06-29T19:13:00-07:00,119.262044
1782785640,2026-06-29T19:14:00-07:00,119.262044
1782785700,2026-06-29T19:15:00-07:00,119.262044
1782785820,2026-06-29T19:17:00-07:00,124.936402
1782785880,2026-06-29T19:18:00-07:00,124.936402
1782785940,2026-06-29T19:19:00-07:00,124.936402
1782786000,2026-06-29T19:20:00-07:00,124.936402
1782786060,2026-06-29T19:21:00-07:00,124.936402
1782786180,2026-06-29T19:23:00-07:00,116.769653
1782786240,2026-06-29T19:24:00-07:00,116.769653
1782786300,2026-06-29T19:25:00-07:00,116.769653
1782786360,2026-06-29T19:26:00-07:00,116.769653
1782786420,2026-06-29T19:27:00-07:00,116.769653
1782786540,2026-06-29T19:29:00-07:00,113.76827
1782786600,2026-06-29T19:30:00-07:00,113.76827
1782786660,2026-06-29T19:31:00-07:00,113.76827
1782786720,2026-06-29T19:32:00-07:00,113.76827
1782786780,2026-06-29T19:33:00-07:00,113.76827
1782786960,2026-06-29T19:36:00-07:00,126.416748
1782787020,2026-06-29T19:37:00-07:00,126.416748
1782787080,2026-06-29T19:38:00-07:00,126.416748
1782787140,2026-06-29T19:39:00-07:00,126.416748
1782787200,2026-06-29T19:40:00-07:00,126.416748
1782787440,2026-06-29T19:44:00-07:00,176.533285
1782787500,2026-06-29T19:45:00-07:00,176.533285
1782787560,2026-06-29T19:46:00-07:00,176.533285
1782787620,2026-06-29T19:47:00-07:00,176.533285
1782787680,2026-06-29T19:48:00-07:00,176.533285
1782787800,2026-06-29T19:50:00-07:00,105.706259
1782787860,2026-06-29T19:51:00-07:00,105.706259
1782787920,2026-06-29T19:52:00-07:00,105.706259
1782787980,2026-06-29T19:53:00-07:00,105.706259
1782788040,2026-06-29T19:54:00-07:00,105.706259
1782788160,2026-06-29T19:56:00-07:00,97.702636
1782788220,2026-06-29T19:57:00-07:00,97.702636
1782788280,2026-06-29T19:58:00-07:00,97.702636
1782788340,2026-06-29T19:59:00-07:00,97.702636
1782788400,2026-06-29T20:00:00-07:00,97.702636
1782788460,2026-06-29T20:01:00-07:00,125.499878
1782788520,2026-06-29T20:02:00-07:00,125.499878
1782788580,2026-06-29T20:03:00-07:00,125.499878
1782788640,2026-06-29T20:04:00-07:00,125.499878
1782788700,2026-06-29T20:05:00-07:00,125.499878
1782788820,2026-06-29T20:07:00-07:00,142.310262
1782788880,2026-06-29T20:08:00-07:00,142.310262
1782788940,2026-06-29T20:09:00-07:00,142.310262
1782789000,2026-06-29T20:10:00-07:00,142.310262
1782789060,2026-06-29T20:11:00-07:00,142.310262
1782789240,2026-06-29T20:14:00-07:00,121.374593
1782789300,2026-06-29T20:15:00-07:00,121.374593
1782789360,2026-06-29T20:16:00-07:00,121.374593
1782789420,2026-06-29T20:17:00-07:00,121.374593
1782789480,2026-06-29T20:18:00-07:00,121.374593
1782789540,2026-06-29T20:19:00-07:00,95.210735
1782789600,2026-06-29T20:20:00-07:00,95.210735
1782789660,2026-06-29T20:21:00-07:00,95.210735
1782789720,2026-06-29T20:22:00-07:00,95.210735
1782789780,2026-06-29T20:23:00-07:00,95.210735
1782789900,2026-06-29T20:25:00-07:00,113.060303
1782789960,2026-06-29T20:26:00-07:00,113.060303
1782790020,2026-06-29T20:27:00-07:00,113.060303
1782790080,2026-06-29T20:28:00-07:00,113.060303
1782790140,2026-06-29T20:29:00-07:00,113.060303
1782790200,2026-06-29T20:30:00-07:00,174.562745
1782790260,2026-06-29T20:31:00-07:00,174.562745
1782790320,2026-06-29T20:32:00-07:00,174.562745
1782790380,2026-06-29T20:33:00-07:00,174.562745
1782790440,2026-06-29T20:34:00-07:00,174.562745
1782790560,2026-06-29T20:36:00-07:00,102.807089
1782790620,2026-06-29T20:37:00-07:00,102.807089
1782790680,2026-06-29T20:38:00-07:00,102.807089
1782790740,2026-06-29T20:39:00-07:00,102.807089
1782790800,2026-06-29T20:40:00-07:00,102.807089
1782790920,2026-06-29T20:42:00-07:00,115.890259
1782790980,2026-06-29T20:43:00-07:00,115.890259
1782791040,2026-06-29T20:44:00-07:00,115.890259
1782791100,2026-06-29T20:45:00-07:00,115.890259
1782791160,2026-06-29T20:46:00-07:00,115.890259
1782791220,2026-06-29T20:47:00-07:00,107.095947
1782791280,2026-06-29T20:48:00-07:00,107.095947
1782791340,2026-06-29T20:49:00-07:00,107.095947
1782791400,2026-06-29T20:50:00-07:00,107.095947
1782791460,2026-06-29T20:51:00-07:00,107.095947
1782791580,2026-06-29T20:53:00-07:00,122.664795
1782791640,2026-06-29T20:54:00-07:00,122.664795
1782791700,2026-06-29T20:55:00-07:00,122.664795
1782791760,2026-06-29T20:56:00-07:00,122.664795
1782791820,2026-06-29T20:57:00-07:00,122.664795
1782791880,2026-06-29T20:58:00-07:00,155.565755
1782791940,2026-06-29T20:59:00-07:00,155.565755
1782792000,2026-06-29T21:00:00-07:00,155.565755
1782792060,2026-06-29T21:01:00-07:00,155.565755
1782792120,2026-06-29T21:02:00-07:00,155.565755
1782792300,2026-06-29T21:05:00-07:00,107.22286
1782792360,2026-06-29T21:06:00-07:00,107.22286
1782792420,2026-06-29T21:07:00-07:00,107.22286
1782792480,2026-06-29T21:08:00-07:00,107.22286
1782792540,2026-06-29T21:09:00-07:00,107.22286
1782792660,2026-06-29T21:11:00-07:00,117.517863
1782792720,2026-06-29T21:12:00-07:00,117.517863
1782792780,2026-06-29T21:13:00-07:00,117.517863
1782792840,2026-06-29T21:14:00-07:00,117.517863
1782792900,2026-06-29T21:15:00-07:00,117.517863
1782793020,2026-06-29T21:17:00-07:00,104.382039
1782793080,2026-06-29T21:18:00-07:00,104.382039
1782793140,2026-06-29T21:19:00-07:00,104.382039
1782793200,2026-06-29T21:20:00-07:00,104.382039
1782793260,2026-06-29T21:21:00-07:00,104.382039
1782793320,2026-06-29T21:22:00-07:00,102.144613
1782793380,2026-06-29T21:23:00-07:00,102.144613
1782793440,2026-06-29T21:24:00-07:00,102.144613
1782793500,2026-06-29T21:25:00-07:00,102.144613
1782793560,2026-06-29T21:26:00-07:00,102.144613
1782793740,2026-06-29T21:29:00-07:00,133.792359
1782793800,2026-06-29T21:30:00-07:00,133.792359
1782793860,2026-06-29T21:31:00-07:00,133.792359
1782793920,2026-06-29T21:32:00-07:00,133.792359
1782793980,2026-06-29T21:33:00-07:00,133.792359
1782794040,2026-06-29T21:34:00-07:00,205.522014
1782794100,2026-06-29T21:35:00-07:00,205.522014
1782794160,2026-06-29T21:36:00-07:00,205.522014
1782794220,2026-06-29T21:37:00-07:00,205.522014
1782794280,2026-06-29T21:38:00-07:00,205.522014
1782794340,2026-06-29T21:39:00-07:00,119.295207
1782794400,2026-06-29T21:40:00-07:00,119.295207
1782794460,2026-06-29T21:41:00-07:00,119.295207
1782794520,2026-06-29T21:42:00-07:00,119.295207
1782794580,2026-06-29T21:43:00-07:00,119.295207
1782794640,2026-06-29T21:44:00-07:00,111.778524
1782794700,2026-06-29T21:45:00-07:00,111.778524
1782794760,2026-06-29T21:46:00-07:00,111.778524
1782794820,2026-06-29T21:47:00-07:00,111.778524
1782794880,2026-06-29T21:48:00-07:00,111.778524
1782794940,2026-06-29T21:49:00-07:00,179.867228
1782795000,2026-06-29T21:50:00-07:00,179.867228
1782795060,2026-06-29T21:51:00-07:00,179.867228
1782795120,2026-06-29T21:52:00-07:00,179.867228
1782795180,2026-06-29T21:53:00-07:00,179.867228
1782795240,2026-06-29T21:54:00-07:00,115.687296
1782795300,2026-06-29T21:55:00-07:00,115.687296
1782795360,2026-06-29T21:56:00-07:00,115.687296
1782795420,2026-06-29T21:57:00-07:00,115.687296
1782795480,2026-06-29T21:58:00-07:00,115.687296
1782795600,2026-06-29T22:00:00-07:00,112.192342
1782795660,2026-06-29T22:01:00-07:00,112.192342
1782795720,2026-06-29T22:02:00-07:00,112.192342
1782795780,2026-06-29T22:03:00-07:00,112.192342
1782795840,2026-06-29T22:04:00-07:00,112.192342
1782795900,2026-06-29T22:05:00-07:00,115.512818
1782795960,2026-06-29T22:06:00-07:00,115.512818
1782796020,2026-06-29T22:07:00-07:00,115.512818
1782796080,2026-06-29T22:08:00-07:00,115.512818
1782796140,2026-06-29T22:09:00-07:00,115.512818
1782796200,2026-06-29T22:10:00-07:00,167.925049
1782796260,2026-06-29T22:11:00-07:00,167.925049
1782796320,2026-06-29T22:12:00-07:00,167.925049
1782796380,2026-06-29T22:13:00-07:00,167.925049
1782796440,2026-06-29T22:14:00-07:00,167.925049
1782796500,2026-06-29T22:15:00-07:00,112.472087
1782796560,2026-06-29T22:16:00-07:00,112.472087
1782796620,2026-06-29T22:17:00-07:00,112.472087
1782796680,2026-06-29T22:18:00-07:00,112.472087
1782796740,2026-06-29T22:19:00-07:00,112.472087
1782796800,2026-06-29T22:20:00-07:00,107.510742
1782796860,2026-06-29T22:21:00-07:00,107.510742
1782796920,2026-06-29T22:22:00-07:00,107.510742
1782796980,2026-06-29T22:23:00-07:00,107.510742
1782797040,2026-06-29T22:24:00-07:00,107.510742
1782797100,2026-06-29T22:25:00-07:00,110.191732
1782797160,2026-06-29T22:26:00-07:00,110.191732
1782797220,2026-06-29T22:27:00-07:00,110.191732
1782797280,2026-06-29T22:28:00-07:00,110.191732
1782797340,2026-06-29T22:29:00-07:00,110.191732
1782797400,2026-06-29T22:30:00-07:00,118.593099
1782797460,2026-06-29T22:31:00-07:00,118.593099
1782797520,2026-06-29T22:32:00-07:00,118.593099
1782797580,2026-06-29T22:33:00-07:00,118.593099
1782797640,2026-06-29T22:34:00-07:00,118.593099
1782797700,2026-06-29T22:35:00-07:00,114.674601
1782797760,2026-06-29T22:36:00-07:00,114.674601
1782797820,2026-06-29T22:37:00-07:00,114.674601
1782797880,2026-06-29T22:38:00-07:00,114.674601
1782797940,2026-06-29T22:39:00-07:00,114.674601
1782798060,2026-06-29T22:41:00-07:00,108.064575
1782798120,2026-06-29T22:42:00-07:00,108.064575
1782798180,2026-06-29T22:43:00-07:00,108.064575
1782798240,2026-06-29T22:44:00-07:00,108.064575
1782798300,2026-06-29T22:45:00-07:00,108.064575
1782798360,2026-06-29T22:46:00-07:00,116.95927
1782798420,2026-06-29T22:47:00-07:00,116.95927
1782798480,2026-06-29T22:48:00-07:00,116.95927
1782798540,2026-06-29T22:49:00-07:00,116.95927
1782798600,2026-06-29T22:50:00-07:00,116.95927
1782798660,2026-06-29T22:51:00-07:00,124.324056
1782798720,2026-06-29T22:52:00-07:00,124.324056
1782798780,2026-06-29T22:53:00-07:00,124.324056
1782798840,2026-06-29T22:54:00-07:00,124.324056
1782798900,2026-06-29T22:55:00-07:00,124.324056
1782798960,2026-06-29T22:56:00-07:00,170.685709
1782799020,2026-06-29T22:57:00-07:00,170.685709
1782799080,2026-06-29T22:58:00-07:00,170.685709
1782799140,2026-06-29T22:59:00-07:00,170.685709
1782799200,2026-06-29T23:00:00-07:00,170.685709
1782799260,2026-06-29T23:01:00-07:00,99.098796
1782799320,2026-06-29T23:02:00-07:00,99.098796
1782799380,2026-06-29T23:03:00-07:00,99.098796
1782799440,2026-06-29T23:04:00-07:00,99.098796
1782799500,2026-06-29T23:05:00-07:00,99.098796
1782799560,2026-06-29T23:06:00-07:00,108.803507
1782799620,2026-06-29T23:07:00-07:00,108.803507
1782799680,2026-06-29T23:08:00-07:00,108.803507
1782799740,2026-06-29T23:09:00-07:00,108.803507
1782799800,2026-06-29T23:10:00-07:00,108.803507
1782799860,2026-06-29T23:11:00-07:00,478.086426
1782799920,2026-06-29T23:12:00-07:00,478.086426
1782799980,2026-06-29T23:13:00-07:00,478.086426
1782800040,2026-06-29T23:14:00-07:00,478.086426
1782800100,2026-06-29T23:15:00-07:00,478.086426
1782800160,2026-06-29T23:16:00-07:00,110.86088
1782800220,2026-06-29T23:17:00-07:00,110.86088
1782800280,2026-06-29T23:18:00-07:00,110.86088
1782800340,2026-06-29T23:19:00-07:00,110.86088
1782800400,2026-06-29T23:20:00-07:00,110.86088
1782800520,2026-06-29T23:22:00-07:00,102.909057
1782800580,2026-06-29T23:23:00-07:00,102.909057
1782800640,2026-06-29T23:24:00-07:00,102.909057
1782800700,2026-06-29T23:25:00-07:00,102.909057
1782800760,2026-06-29T23:26:00-07:00,102.909057
1782800820,2026-06-29T23:27:00-07:00,106.715291
1782800880,2026-06-29T23:28:00-07:00,106.715291
1782800940,2026-06-29T23:29:00-07:00,106.715291
1782801000,2026-06-29T23:30:00-07:00,106.715291
1782801060,2026-06-29T23:31:00-07:00,106.715291
1782801120,2026-06-29T23:32:00-07:00,106.101522
1782801180,2026-06-29T23:33:00-07:00,106.101522
1782801240,2026-06-29T23:34:00-07:00,106.101522
1782801300,2026-06-29T23:35:00-07:00,106.101522
1782801360,2026-06-29T23:36:00-07:00,106.101522
1782801420,2026-06-29T23:37:00-07:00,99.757568
1782801480,2026-06-29T23:38:00-07:00,99.757568
1782801540,2026-06-29T23:39:00-07:00,99.757568
1782801600,2026-06-29T23:40:00-07:00,99.757568
1782801660,2026-06-29T23:41:00-07:00,99.757568
1782801780,2026-06-29T23:43:00-07:00,105.621745
1782801840,2026-06-29T23:44:00-07:00,105.621745
1782801900,2026-06-29T23:45:00-07:00,105.621745
1782801960,2026-06-29T23:46:00-07:00,105.621745
1782802020,2026-06-29T23:47:00-07:00,105.621745
1782802080,2026-06-29T23:48:00-07:00,370.935059
1782802140,2026-06-29T23:49:00-07:00,370.935059
1782802200,2026-06-29T23:50:00-07:00,370.935059
1782802260,2026-06-29T23:51:00-07:00,370.935059
1782802320,2026-06-29T23:52:00-07:00,370.935059
1782802440,2026-06-29T23:54:00-07:00,104.473673
1782802500,2026-06-29T23:55:00-07:00,104.473673
1782802560,2026-06-29T23:56:00-07:00,104.473673
1782802620,2026-06-29T23:57:00-07:00,104.473673
1782802680,2026-06-29T23:58:00-07:00,104.473673
1782802740,2026-06-29T23:59:00-07:00,123.24117
1782802800,2026-06-30T00:00:00-07:00,123.24117
1782802860,2026-06-30T00:01:00-07:00,123.24117
1782802920,2026-06-30T00:02:00-07:00,123.24117
1782802980,2026-06-30T00:03:00-07:00,123.24117
1782803100,2026-06-30T00:05:00-07:00,108.249634
1782803160,2026-06-30T00:06:00-07:00,108.249634
1782803220,2026-06-30T00:07:00-07:00,108.249634
1782803280,2026-06-30T00:08:00-07:00,108.249634
1782803340,2026-06-30T00:09:00-07:00,108.249634
1782803460,2026-06-30T00:11:00-07:00,117.991699
1782803520,2026-06-30T00:12:00-07:00,117.991699
1782803580,2026-06-30T00:13:00-07:00,117.991699
1782803640,2026-06-30T00:14:00-07:00,117.991699
1782803700,2026-06-30T00:15:00-07:00,117.991699
1782803820,2026-06-30T00:17:00-07:00,103.481933
1782803880,2026-06-30T00:18:00-07:00,103.481933
1782803940,2026-06-30T00:19:00-07:00,103.481933
1782804000,2026-06-30T00:20:00-07:00,103.481933
1782804060,2026-06-30T00:21:00-07:00,103.481933
1782804120,2026-06-30T00:22:00-07:00,118.918864
1782804180,2026-06-30T00:23:00-07:00,118.918864
1782804240,2026-06-30T00:24:00-07:00,118.918864
1782804300,2026-06-30T00:25:00-07:00,118.918864
1782804360,2026-06-30T00:26:00-07:00,118.918864
1782804480,2026-06-30T00:28:00-07:00,104.584432
1782804540,2026-06-30T00:29:00-07:00,104.584432
1782804600,2026-06-30T00:30:00-07:00,104.584432
1782804660,2026-06-30T00:31:00-07:00,104.584432
1782804720,2026-06-30T00:32:00-07:00,104.584432
1782804780,2026-06-30T00:33:00-07:00,107.82487
1782804840,2026-06-30T00:34:00-07:00,107.82487
1782804900,2026-06-30T00:35:00-07:00,107.82487
1782804960,2026-06-30T00:36:00-07:00,107.82487
1782805020,2026-06-30T00:37:00-07:00,107.82487
1782805140,2026-06-30T00:39:00-07:00,109.133585
1782805200,2026-06-30T00:40:00-07:00,109.133585
1782805260,2026-06-30T00:41:00-07:00,109.133585
1782805320,2026-06-30T00:42:00-07:00,109.133585
1782805380,2026-06-30T00:43:00-07:00,109.133585
1782805500,2026-06-30T00:45:00-07:00,120.030884
1782805560,2026-06-30T00:46:00-07:00,120.030884
1782805620,2026-06-30T00:47:00-07:00,120.030884
1782805680,2026-06-30T00:48:00-07:00,120.030884
1782805740,2026-06-30T00:49:00-07:00,120.030884
1782805800,2026-06-30T00:50:00-07:00,109.229818
1782805860,2026-06-30T00:51:00-07:00,109.229818
1782805920,2026-06-30T00:52:00-07:00,109.229818
1782805980,2026-06-30T00:53:00-07:00,109.229818
1782806040,2026-06-30T00:54:00-07:00,109.229818
1782806220,2026-06-30T00:57:00-07:00,105.139038
1782806280,2026-06-30T00:58:00-07:00,105.139038
1782806340,2026-06-30T00:59:00-07:00,105.139038
1782806400,2026-06-30T01:00:00-07:00,105.139038
1782806460,2026-06-30T01:01:00-07:00,105.139038
1782806520,2026-06-30T01:02:00-07:00,126.148763
1782806580,2026-06-30T01:03:00-07:00,126.148763
1782806640,2026-06-30T01:04:00-07:00,126.148763
1782806700,2026-06-30T01:05:00-07:00,126.148763
1782806760,2026-06-30T01:06:00-07:00,126.148763
1782806820,2026-06-30T01:07:00-07:00,126.7594
1782806880,2026-06-30T01:08:00-07:00,126.7594
1782806940,2026-06-30T01:09:00-07:00,126.7594
1782807000,2026-06-30T01:10:00-07:00,126.7594
1782807060,2026-06-30T01:11:00-07:00,126.7594
1782807240,2026-06-30T01:14:00-07:00,116.354411
1782807300,2026-06-30T01:15:00-07:00,116.354411
1782807360,2026-06-30T01:16:00-07:00,116.354411
1782807420,2026-06-30T01:17:00-07:00,116.354411
1782807480,2026-06-30T01:18:00-07:00,116.354411
1782807540,2026-06-30T01:19:00-07:00,203.291464
1782807600,2026-06-30T01:20:00-07:00,203.291464
1782807660,2026-06-30T01:21:00-07:00,203.291464
1782807720,2026-06-30T01:22:00-07:00,203.291464
1782807780,2026-06-30T01:23:00-07:00,203.291464
1782807900,2026-06-30T01:25:00-07:00,121.142089
1782807960,2026-06-30T01:26:00-07:00,121.142089
1782808020,2026-06-30T01:27:00-07:00,121.142089
1782808080,2026-06-30T01:28:00-07:00,121.142089
1782808140,2026-06-30T01:29:00-07:00,121.142089
1782808200,2026-06-30T01:30:00-07:00,110.891439
1782808260,2026-06-30T01:31:00-07:00,110.891439
1782808320,2026-06-30T01:32:00-07:00,110.891439
1782808380,2026-06-30T01:33:00-07:00,110.891439
1782808440,2026-06-30T01:34:00-07:00,110.891439
1782808560,2026-06-30T01:36:00-07:00,253.201213
1782808620,2026-06-30T01:37:00-07:00,253.201213
1782808680,2026-06-30T01:38:00-07:00,253.201213
1782808740,2026-06-30T01:39:00-07:00,253.201213
1782808800,2026-06-30T01:40:00-07:00,253.201213
1782808860,2026-06-30T01:41:00-07:00,125.555623
1782808920,2026-06-30T01:42:00-07:00,125.555623
1782808980,2026-06-30T01:43:00-07:00,125.555623
1782809040,2026-06-30T01:44:00-07:00,125.555623
1782809100,2026-06-30T01:45:00-07:00,125.555623
1782809160,2026-06-30T01:46:00-07:00,112.970459
1782809220,2026-06-30T01:47:00-07:00,112.970459
1782809280,2026-06-30T01:48:00-07:00,112.970459
1782809340,2026-06-30T01:49:00-07:00,112.970459
1782809400,2026-06-30T01:50:00-07:00,112.970459
1782809520,2026-06-30T01:52:00-07:00,107.493001
1782809580,2026-06-30T01:53:00-07:00,107.493001
1782809640,2026-06-30T01:54:00-07:00,107.493001
1782809700,2026-06-30T01:55:00-07:00,107.493001
1782809760,2026-06-30T01:56:00-07:00,107.493001
1782809820,2026-06-30T01:57:00-07:00,114.148478
1782809880,2026-06-30T01:58:00-07:00,114.148478
1782809940,2026-06-30T01:59:00-07:00,114.148478
1782810000,2026-06-30T02:00:00-07:00,114.148478
1782810060,2026-06-30T02:01:00-07:00,114.148478
1782810180,2026-06-30T02:03:00-07:00,142.253784
1782810240,2026-06-30T02:04:00-07:00,142.253784
1782810300,2026-06-30T02:05:00-07:00,142.253784
1782810360,2026-06-30T02:06:00-07:00,142.253784
1782810420,2026-06-30T02:07:00-07:00,142.253784
1782810480,2026-06-30T02:08:00-07:00,126.465698
1782810540,2026-06-30T02:09:00-07:00,126.465698
1782810600,2026-06-30T02:10:00-07:00,126.465698
1782810660,2026-06-30T02:11:00-07:00,126.465698
1782810720,2026-06-30T02:12:00-07:00,126.465698
1782810840,2026-06-30T02:14:00-07:00,133.706136
1782810900,2026-06-30T02:15:00-07:00,133.706136
1782810960,2026-06-30T02:16:00-07:00,133.706136
1782811020,2026-06-30T02:17:00-07:00,133.706136
1782811080,2026-06-30T02:18:00-07:00,133.706136
1782811200,2026-06-30T02:20:00-07:00,114.355672
1782811260,2026-06-30T02:21:00-07:00,114.355672
1782811320,2026-06-30T02:22:00-07:00,114.355672
1782811380,2026-06-30T02:23:00-07:00,114.355672
1782811440,2026-06-30T02:24:00-07:00,114.355672
1782811500,2026-06-30T02:25:00-07:00,139.697144
1782811560,2026-06-30T02:26:00-07:00,139.697144
1782811620,2026-06-30T02:27:00-07:00,139.697144
1782811680,2026-06-30T02:28:00-07:00,139.697144
1782811740,2026-06-30T02:29:00-07:00,139.697144
1782811800,2026-06-30T02:30:00-07:00,148.406739
1782811860,2026-06-30T02:31:00-07:00,148.406739
1782811920,2026-06-30T02:32:00-07:00,148.406739
1782811980,2026-06-30T02:33:00-07:00,148.406739
1782812040,2026-06-30T02:34:00-07:00,148.406739
1782812100,2026-06-30T02:35:00-07:00,164.881226
1782812160,2026-06-30T02:36:00-07:00,164.881226
1782812220,2026-06-30T02:37:00-07:00,164.881226
1782812280,2026-06-30T02:38:00-07:00,164.881226
1782812340,2026-06-30T02:39:00-07:00,164.881226
1782812460,2026-06-30T02:41:00-07:00,96.353109
1782812520,2026-06-30T02:42:00-07:00,96.353109
1782812580,2026-06-30T02:43:00-07:00,96.353109
1782812640,2026-06-30T02:44:00-07:00,96.353109
1782812700,2026-06-30T02:45:00-07:00,96.353109
1782812760,2026-06-30T02:46:00-07:00,118.958048
1782812820,2026-06-30T02:47:00-07:00,118.958048
1782812880,2026-06-30T02:48:00-07:00,118.958048
1782812940,2026-06-30T02:49:00-07:00,118.958048
1782813000,2026-06-30T02:50:00-07:00,118.958048
1782813060,2026-06-30T02:51:00-07:00,152.499878
1782813120,2026-06-30T02:52:00-07:00,152.499878
1782813180,2026-06-30T02:53:00-07:00,152.499878
1782813240,2026-06-30T02:54:00-07:00,152.499878
1782813300,2026-06-30T02:55:00-07:00,152.499878
1782813420,2026-06-30T02:57:00-07:00,140.76888
1782813480,2026-06-30T02:58:00-07:00,140.76888
1782813540,2026-06-30T02:59:00-07:00,140.76888
1782813600,2026-06-30T03:00:00-07:00,140.76888
1782813660,2026-06-30T03:01:00-07:00,140.76888
1782813780,2026-06-30T03:03:00-07:00,112.147949
1782813840,2026-06-30T03:04:00-07:00,112.147949
1782813900,2026-06-30T03:05:00-07:00,112.147949
1782813960,2026-06-30T03:06:00-07:00,112.147949
1782814020,2026-06-30T03:07:00-07:00,112.147949
1782814080,2026-06-30T03:08:00-07:00,119.862752
1782814140,2026-06-30T03:09:00-07:00,119.862752
1782814200,2026-06-30T03:10:00-07:00,119.862752
1782814260,2026-06-30T03:11:00-07:00,119.862752
1782814320,2026-06-30T03:12:00-07:00,119.862752
1782814440,2026-06-30T03:14:00-07:00,138.387695
1782814500,2026-06-30T03:15:00-07:00,138.387695
1782814560,2026-06-30T03:16:00-07:00,138.387695
1782814620,2026-06-30T03:17:00-07:00,138.387695
1782814680,2026-06-30T03:18:00-07:00,138.387695
1782814740,2026-06-30T03:19:00-07:00,116.745809
1782814800,2026-06-30T03:20:00-07:00,116.745809
1782814860,2026-06-30T03:21:00-07:00,116.745809
1782814920,2026-06-30T03:22:00-07:00,116.745809
1782814980,2026-06-30T03:23:00-07:00,116.745809
1782815040,2026-06-30T03:24:00-07:00,99.851644
1782815100,2026-06-30T03:25:00-07:00,99.851644
1782815160,2026-06-30T03:26:00-07:00,99.851644
1782815220,2026-06-30T03:27:00-07:00,99.851644
1782815280,2026-06-30T03:28:00-07:00,99.851644
1782815400,2026-06-30T03:30:00-07:00,127.570068
1782815460,2026-06-30T03:31:00-07:00,127.570068
1782815520,2026-06-30T03:32:00-07:00,127.570068
1782815580,2026-06-30T03:33:00-07:00,127.570068
1782815640,2026-06-30T03:34:00-07:00,127.570068
1782815700,2026-06-30T03:35:00-07:00,166.802694
1782815760,2026-06-30T03:36:00-07:00,166.802694
1782815820,2026-06-30T03:37:00-07:00,166.802694
1782815880,2026-06-30T03:38:00-07:00,166.802694
1782815940,2026-06-30T03:39:00-07:00,166.802694
1782816000,2026-06-30T03:40:00-07:00,162.922811
1782816060,2026-06-30T03:41:00-07:00,162.922811
1782816120,2026-06-30T03:42:00-07:00,162.922811
1782816180,2026-06-30T03:43:00-07:00,162.922811
1782816240,2026-06-30T03:44:00-07:00,162.922811
1782816300,2026-06-30T03:45:00-07:00,118.914755
1782816360,2026-06-30T03:46:00-07:00,118.914755
1782816420,2026-06-30T03:47:00-07:00,118.914755
1782816480,2026-06-30T03:48:00-07:00,118.914755
1782816540,2026-06-30T03:49:00-07:00,118.914755
1782816600,2026-06-30T03:50:00-07:00,126.483317
1782816660,2026-06-30T03:51:00-07:00,126.483317
1782816720,2026-06-30T03:52:00-07:00,126.483317
1782816780,2026-06-30T03:53:00-07:00,126.483317
1782816840,2026-06-30T03:54:00-07:00,126.483317
1782816900,2026-06-30T03:55:00-07:00,131.309611
1782816960,2026-06-30T03:56:00-07:00,131.309611
1782817020,2026-06-30T03:57:00-07:00,131.309611
1782817080,2026-06-30T03:58:00-07:00,131.309611
1782817140,2026-06-30T03:59:00-07:00,131.309611
1782817260,2026-06-30T04:01:00-07:00,110.778198
1782817320,2026-06-30T04:02:00-07:00,110.778198
1782817380,2026-06-30T04:03:00-07:00,110.778198
1782817440,2026-06-30T04:04:00-07:00,110.778198
1782817500,2026-06-30T04:05:00-07:00,110.778198
1782817680,2026-06-30T04:08:00-07:00,121.003378
1782817740,2026-06-30T04:09:00-07:00,121.003378
1782817800,2026-06-30T04:10:00-07:00,121.003378
1782817860,2026-06-30T04:11:00-07:00,121.003378
1782817920,2026-06-30T04:12:00-07:00,121.003378
1782817980,2026-06-30T04:13:00-07:00,111.756795
1782818040,2026-06-30T04:14:00-07:00,111.756795
1782818100,2026-06-30T04:15:00-07:00,111.756795
1782818160,2026-06-30T04:16:00-07:00,111.756795
1782818220,2026-06-30T04:17:00-07:00,111.756795
1782818280,2026-06-30T04:18:00-07:00,105.739014
1782818340,2026-06-30T04:19:00-07:00,105.739014
1782818400,2026-06-30T04:20:00-07:00,105.739014
1782818460,2026-06-30T04:21:00-07:00,105.739014
1782818520,2026-06-30T04:22:00-07:00,105.739014
1782818580,2026-06-30T04:23:00-07:00,97.276326
1782818640,2026-06-30T04:24:00-07:00,97.276326
1782818700,2026-06-30T04:25:00-07:00,97.276326
1782818760,2026-06-30T04:26:00-07:00,97.276326
1782818820,2026-06-30T04:27:00-07:00,97.276326
1782818940,2026-06-30T04:29:00-07:00,122.528483
1782819000,2026-06-30T04:30:00-07:00,122.528483
1782819060,2026-06-30T04:31:00-07:00,122.528483
1782819120,2026-06-30T04:32:00-07:00,122.528483
1782819180,2026-06-30T04:33:00-07:00,122.528483
1782819300,2026-06-30T04:35:00-07:00,118.177653
1782819360,2026-06-30T04:36:00-07:00,118.177653
1782819420,2026-06-30T04:37:00-07:00,118.177653
1782819480,2026-06-30T04:38:00-07:00,118.177653
1782819540,2026-06-30T04:39:00-07:00,118.177653
1782819660,2026-06-30T04:41:00-07:00,122.239258
1782819720,2026-06-30T04:42:00-07:00,122.239258
1782819780,2026-06-30T04:43:00-07:00,122.239258
1782819840,2026-06-30T04:44:00-07:00,122.239258
1782819900,2026-06-30T04:45:00-07:00,122.239258
1782819960,2026-06-30T04:46:00-07:00,116.73763
1782820020,2026-06-30T04:47:00-07:00,116.73763
1782820080,2026-06-30T04:48:00-07:00,116.73763
1782820140,2026-06-30T04:49:00-07:00,116.73763
1782820200,2026-06-30T04:50:00-07:00,116.73763
1782820260,2026-06-30T04:51:00-07:00,111.037598
1782820320,2026-06-30T04:52:00-07:00,111.037598
1782820380,2026-06-30T04:53:00-07:00,111.037598
1782820440,2026-06-30T04:54:00-07:00,111.037598
1782820500,2026-06-30T04:55:00-07:00,111.037598
1782820560,2026-06-30T04:56:00-07:00,124.112833
1782820620,2026-06-30T04:57:00-07:00,124.112833
1782820680,2026-06-30T04:58:00-07:00,124.112833
1782820740,2026-06-30T04:59:00-07:00,124.112833
1782820800,2026-06-30T05:00:00-07:00,124.112833
1782820860,2026-06-30T05:01:00-07:00,110.506388
1782820920,2026-06-30T05:02:00-07:00,110.506388
1782820980,2026-06-30T05:03:00-07:00,110.506388
1782821040,2026-06-30T05:04:00-07:00,110.506388
1782821100,2026-06-30T05:05:00-07:00,110.506388
1782821160,2026-06-30T05:06:00-07:00,114.880086
1782821220,2026-06-30T05:07:00-07:00,114.880086
1782821280,2026-06-30T05:08:00-07:00,114.880086
1782821340,2026-06-30T05:09:00-07:00,114.880086
1782821400,2026-06-30T05:10:00-07:00,114.880086
1782821460,2026-06-30T05:11:00-07:00,117.211223
1782821520,2026-06-30T05:12:00-07:00,117.211223
1782821580,2026-06-30T05:13:00-07:00,117.211223
1782821640,2026-06-30T05:14:00-07:00,117.211223
1782821700,2026-06-30T05:15:00-07:00,117.211223
1782821820,2026-06-30T05:17:00-07:00,117.849081
1782821880,2026-06-30T05:18:00-07:00,117.849081
1782821940,2026-06-30T05:19:00-07:00,117.849081
1782822000,2026-06-30T05:20:00-07:00,117.849081
1782822060,2026-06-30T05:21:00-07:00,117.849081
1782822120,2026-06-30T05:22:00-07:00,104.32312
1782822180,2026-06-30T05:23:00-07:00,104.32312
1782822240,2026-06-30T05:24:00-07:00,104.32312
1782822300,2026-06-30T05:25:00-07:00,104.32312
1782822360,2026-06-30T05:26:00-07:00,104.32312
1782822480,2026-06-30T05:28:00-07:00,111.060954
1782822540,2026-06-30T05:29:00-07:00,111.060954
1782822600,2026-06-30T05:30:00-07:00,111.060954
1782822660,2026-06-30T05:31:00-07:00,111.060954
1782822720,2026-06-30T05:32:00-07:00,111.060954
1782822780,2026-06-30T05:33:00-07:00,100.545125
1782822840,2026-06-30T05:34:00-07:00,100.545125
1782822900,2026-06-30T05:35:00-07:00,100.545125
1782822960,2026-06-30T05:36:00-07:00,100.545125
1782823020,2026-06-30T05:37:00-07:00,100.545125
1782823080,2026-06-30T05:38:00-07:00,124.878581
1782823140,2026-06-30T05:39:00-07:00,124.878581
1782823200,2026-06-30T05:40:00-07:00,124.878581
1782823260,2026-06-30T05:41:00-07:00,124.878581
1782823320,2026-06-30T05:42:00-07:00,124.878581
1782823440,2026-06-30T05:44:00-07:00,110.569662
1782823500,2026-06-30T05:45:00-07:00,110.569662
1782823560,2026-06-30T05:46:00-07:00,110.569662
1782823620,2026-06-30T05:47:00-07:00,110.569662
1782823680,2026-06-30T05:48:00-07:00,110.569662
1782823740,2026-06-30T05:49:00-07:00,120.090332
1782823800,2026-06-30T05:50:00-07:00,120.090332
1782823860,2026-06-30T05:51:00-07:00,120.090332
1782823920,2026-06-30T05:52:00-07:00,120.090332
1782823980,2026-06-30T05:53:00-07:00,120.090332
1782824100,2026-06-30T05:55:00-07:00,121.632569
1782824160,2026-06-30T05:56:00-07:00,121.632569
1782824220,2026-06-30T05:57:00-07:00,121.632569
1782824280,2026-06-30T05:58:00-07:00,121.632569
1782824340,2026-06-30T05:59:00-07:00,121.632569
1782824400,2026-06-30T06:00:00-07:00,109.480876
1782824460,2026-06-30T06:01:00-07:00,109.480876
1782824520,2026-06-30T06:02:00-07:00,109.480876
1782824580,2026-06-30T06:03:00-07:00,109.480876
1782824640,2026-06-30T06:04:00-07:00,109.480876
1782824760,2026-06-30T06:06:00-07:00,117.680786
1782824820,2026-06-30T06:07:00-07:00,117.680786
1782824880,2026-06-30T06:08:00-07:00,117.680786
1782824940,2026-06-30T06:09:00-07:00,117.680786
1782825000,2026-06-30T06:10:00-07:00,117.680786
1782825060,2026-06-30T06:11:00-07:00,125.244222
1782825120,2026-06-30T06:12:00-07:00,125.244222
1782825180,2026-06-30T06:13:00-07:00,125.244222
1782825240,2026-06-30T06:14:00-07:00,125.244222
1782825300,2026-06-30T06:15:00-07:00,125.244222
1782825420,2026-06-30T06:17:00-07:00,113.316488
1782825480,2026-06-30T06:18:00-07:00,113.316488
1782825540,2026-06-30T06:19:00-07:00,113.316488
1782825600,2026-06-30T06:20:00-07:00,113.316488
1782825660,2026-06-30T06:21:00-07:00,113.316488
1782825720,2026-06-30T06:22:00-07:00,118.990845
1782825780,2026-06-30T06:23:00-07:00,118.990845
1782825840,2026-06-30T06:24:00-07:00,118.990845
1782825900,2026-06-30T06:25:00-07:00,118.990845
1782825960,2026-06-30T06:26:00-07:00,118.990845
1782826080,2026-06-30T06:28:00-07:00,96.717611
1782826140,2026-06-30T06:29:00-07:00,96.717611
1782826200,2026-06-30T06:30:00-07:00,96.717611
1782826260,2026-06-30T06:31:00-07:00,96.717611
1782826320,2026-06-30T06:32:00-07:00,96.717611
1782826380,2026-06-30T06:33:00-07:00,133.326132
1782826440,2026-06-30T06:34:00-07:00,133.326132
1782826500,2026-06-30T06:35:00-07:00,133.326132
1782826560,2026-06-30T06:36:00-07:00,133.326132
1782826620,2026-06-30T06:37:00-07:00,133.326132
1782826680,2026-06-30T06:38:00-07:00,85.751384
1782826740,2026-06-30T06:39:00-07:00,85.751384
1782826800,2026-06-30T06:40:00-07:00,85.751384
1782826860,2026-06-30T06:41:00-07:00,85.751384
1782826920,2026-06-30T06:42:00-07:00,85.751384
1782826980,2026-06-30T06:43:00-07:00,119.153279
1782827040,2026-06-30T06:44:00-07:00,119.153279
1782827100,2026-06-30T06:45:00-07:00,119.153279
1782827160,2026-06-30T06:46:00-07:00,119.153279
1782827220,2026-06-30T06:47:00-07:00,119.153279
1782827340,2026-06-30T06:49:00-07:00,490.937989
1782827400,2026-06-30T06:50:00-07:00,490.937989
1782827460,2026-06-30T06:51:00-07:00,490.937989
1782827520,2026-06-30T06:52:00-07:00,490.937989
1782827580,2026-06-30T06:53:00-07:00,490.937989
1782827760,2026-06-30T06:56:00-07:00,106.387248
1782827820,2026-06-30T06:57:00-07:00,106.387248
1782827880,2026-06-30T06:58:00-07:00,106.387248
1782827940,2026-06-30T06:59:00-07:00,106.387248
1782828000,2026-06-30T07:00:00-07:00,106.387248
1782828060,2026-06-30T07:01:00-07:00,104.51123
1782828120,2026-06-30T07:02:00-07:00,104.51123
1782828180,2026-06-30T07:03:00-07:00,104.51123
1782828240,2026-06-30T07:04:00-07:00,104.51123
1782828300,2026-06-30T07:05:00-07:00,104.51123
1782828360,2026-06-30T07:06:00-07:00,129.259481
1782828420,2026-06-30T07:07:00-07:00,129.259481
1782828480,2026-06-30T07:08:00-07:00,129.259481
1782828540,2026-06-30T07:09:00-07:00,129.259481
1782828600,2026-06-30T07:10:00-07:00,129.259481
1782828660,2026-06-30T07:11:00-07:00,107.619751
1782828720,2026-06-30T07:12:00-07:00,107.619751
1782828780,2026-06-30T07:13:00-07:00,107.619751
1782828840,2026-06-30T07:14:00-07:00,107.619751
1782828900,2026-06-30T07:15:00-07:00,107.619751
1782829020,2026-06-30T07:17:00-07:00,101.931071
1782829080,2026-06-30T07:18:00-07:00,101.931071
1782829140,2026-06-30T07:19:00-07:00,101.931071
1782829200,2026-06-30T07:20:00-07:00,101.931071
1782829260,2026-06-30T07:21:00-07:00,101.931071
1782829380,2026-06-30T07:23:00-07:00,137.100952
1782829440,2026-06-30T07:24:00-07:00,137.100952
1782829500,2026-06-30T07:25:00-07:00,137.100952
1782829560,2026-06-30T07:26:00-07:00,137.100952
1782829620,2026-06-30T07:27:00-07:00,137.100952
1782829800,2026-06-30T07:30:00-07:00,126.86613
1782829860,2026-06-30T07:31:00-07:00,126.86613
1782829920,2026-06-30T07:32:00-07:00,126.86613
1782829980,2026-06-30T07:33:00-07:00,126.86613
1782830040,2026-06-30T07:34:00-07:00,126.86613
1782830100,2026-06-30T07:35:00-07:00,114.333578
1782830160,2026-06-30T07:36:00-07:00,114.333578
1782830220,2026-06-30T07:37:00-07:00,114.333578
1782830280,2026-06-30T07:38:00-07:00,114.333578
1782830340,2026-06-30T07:39:00-07:00,114.333578
1782830460,2026-06-30T07:41:00-07:00,126.342855
1782830520,2026-06-30T07:42:00-07:00,126.342855
1782830580,2026-06-30T07:43:00-07:00,126.342855
1782830640,2026-06-30T07:44:00-07:00,126.342855
1782830700,2026-06-30T07:45:00-07:00,126.342855
1782830760,2026-06-30T07:46:00-07:00,107.283813
1782830820,2026-06-30T07:47:00-07:00,107.283813
1782830880,2026-06-30T07:48:00-07:00,107.283813
1782830940,2026-06-30T07:49:00-07:00,107.283813
1782831000,2026-06-30T07:50:00-07:00,107.283813
1782831060,2026-06-30T07:51:00-07:00,112.440674
1782831120,2026-06-30T07:52:00-07:00,112.440674
1782831180,2026-06-30T07:53:00-07:00,112.440674
1782831240,2026-06-30T07:54:00-07:00,112.440674
1782831300,2026-06-30T07:55:00-07:00,112.440674
1782831420,2026-06-30T07:57:00-07:00,101.560994
1782831480,2026-06-30T07:58:00-07:00,101.560994
1782831540,2026-06-30T07:59:00-07:00,101.560994
1782831600,2026-06-30T08:00:00-07:00,101.560994
1782831660,2026-06-30T08:01:00-07:00,101.560994
1782831780,2026-06-30T08:03:00-07:00,125.417114
1782831840,2026-06-30T08:04:00-07:00,125.417114
1782831900,2026-06-30T08:05:00-07:00,125.417114
1782831960,2026-06-30T08:06:00-07:00,125.417114
1782832020,2026-06-30T08:07:00-07:00,125.417114
1782832080,2026-06-30T08:08:00-07:00,111.799805
1782832140,2026-06-30T08:09:00-07:00,111.799805
1782832200,2026-06-30T08:10:00-07:00,111.799805
1782832260,2026-06-30T08:11:00-07:00,111.799805
1782832320,2026-06-30T08:12:00-07:00,111.799805
1782832380,2026-06-30T08:13:00-07:00,125.795735
1782832440,2026-06-30T08:14:00-07:00,125.795735
1782832500,2026-06-30T08:15:00-07:00,125.795735
1782832560,2026-06-30T08:16:00-07:00,125.795735
1782832620,2026-06-30T08:17:00-07:00,125.795735
1782832740,2026-06-30T08:19:00-07:00,111.465902
1782832800,2026-06-30T08:20:00-07:00,111.465902
1782832860,2026-06-30T08:21:00-07:00,111.465902
1782832920,2026-06-30T08:22:00-07:00,111.465902
1782832980,2026-06-30T08:23:00-07:00,111.465902
1782833040,2026-06-30T08:24:00-07:00,126.753622
1782833100,2026-06-30T08:25:00-07:00,126.753622
1782833160,2026-06-30T08:26:00-07:00,126.753622
1782833220,2026-06-30T08:27:00-07:00,126.753622
1782833280,2026-06-30T08:28:00-07:00,126.753622
1782833460,2026-06-30T08:31:00-07:00,111.737671
1782833520,2026-06-30T08:32:00-07:00,111.737671
1782833580,2026-06-30T08:33:00-07:00,111.737671
1782833640,2026-06-30T08:34:00-07:00,111.737671
1782833700,2026-06-30T08:35:00-07:00,111.737671
1782833760,2026-06-30T08:36:00-07:00,119.123983
1782833820,2026-06-30T08:37:00-07:00,119.123983
1782833880,2026-06-30T08:38:00-07:00,119.123983
1782833940,2026-06-30T08:39:00-07:00,119.123983
1782834000,2026-06-30T08:40:00-07:00,119.123983
1782834060,2026-06-30T08:41:00-07:00,111.942587
1782834120,2026-06-30T08:42:00-07:00,111.942587
1782834180,2026-06-30T08:43:00-07:00,111.942587
1782834240,2026-06-30T08:44:00-07:00,111.942587
1782834300,2026-06-30T08:45:00-07:00,111.942587
1782834420,2026-06-30T08:47:00-07:00,115.356445
1782834480,2026-06-30T08:48:00-07:00,115.356445
1782834540,2026-06-30T08:49:00-07:00,115.356445
1782834600,2026-06-30T08:50:00-07:00,115.356445
1782834660,2026-06-30T08:51:00-07:00,115.356445
1782834780,2026-06-30T08:53:00-07:00,138.67216
1782834840,2026-06-30T08:54:00-07:00,138.67216
1782834900,2026-06-30T08:55:00-07:00,138.67216
1782834960,2026-06-30T08:56:00-07:00,138.67216
1782835020,2026-06-30T08:57:00-07:00,138.67216
1782835200,2026-06-30T09:00:00-07:00,108.472127
1782835260,2026-06-30T09:01:00-07:00,108.472127
1782835320,2026-06-30T09:02:00-07:00,108.472127
1782835380,2026-06-30T09:03:00-07:00,108.472127
1782835440,2026-06-30T09:04:00-07:00,108.472127
1782835560,2026-06-30T09:06:00-07:00,150.438355
1782835620,2026-06-30T09:07:00-07:00,150.438355
1782835680,2026-06-30T09:08:00-07:00,150.438355
1782835740,2026-06-30T09:09:00-07:00,150.438355
1782835800,2026-06-30T09:10:00-07:00,150.438355
1782835860,2026-06-30T09:11:00-07:00,134.805867
1782835920,2026-06-30T09:12:00-07:00,134.805867
1782835980,2026-06-30T09:13:00-07:00,134.805867
1782836040,2026-06-30T09:14:00-07:00,134.805867
1782836100,2026-06-30T09:15:00-07:00,134.805867
1782836160,2026-06-30T09:16:00-07:00,122.003458
1782836220,2026-06-30T09:17:00-07:00,122.003458
1782836280,2026-06-30T09:18:00-07:00,122.003458
1782836340,2026-06-30T09:19:00-07:00,122.003458
1782836400,2026-06-30T09:20:00-07:00,122.003458
1782836580,2026-06-30T09:23:00-07:00,113.464112
1782836640,2026-06-30T09:24:00-07:00,113.464112
1782836700,2026-06-30T09:25:00-07:00,113.464112
1782836760,2026-06-30T09:26:00-07:00,113.464112
1782836820,2026-06-30T09:27:00-07:00,113.464112
1782837060,2026-06-30T09:31:00-07:00,110.329834
1782837120,2026-06-30T09:32:00-07:00,110.329834
1782837180,2026-06-30T09:33:00-07:00,110.329834
1782837240,2026-06-30T09:34:00-07:00,110.329834
1782837300,2026-06-30T09:35:00-07:00,110.329834
1782837420,2026-06-30T09:37:00-07:00,129.999593
1782837480,2026-06-30T09:38:00-07:00,129.999593
1782837540,2026-06-30T09:39:00-07:00,129.999593
1782837600,2026-06-30T09:40:00-07:00,129.999593
1782837660,2026-06-30T09:41:00-07:00,129.999593
1782837780,2026-06-30T09:43:00-07:00,125.14738
1782837840,2026-06-30T09:44:00-07:00,125.14738
1782837900,2026-06-30T09:45:00-07:00,125.14738
1782837960,2026-06-30T09:46:00-07:00,125.14738
1782838020,2026-06-30T09:47:00-07:00,125.14738
1782838260,2026-06-30T09:51:00-07:00,122.861979
1782838320,2026-06-30T09:52:00-07:00,122.861979
1782838380,2026-06-30T09:53:00-07:00,122.861979
1782838440,2026-06-30T09:54:00-07:00,122.861979
1782838500,2026-06-30T09:55:00-07:00,122.861979
1782838620,2026-06-30T09:57:00-07:00,128.050009
1782838680,2026-06-30T09:58:00-07:00,128.050009
1782838740,2026-06-30T09:59:00-07:00,128.050009
1782838800,2026-06-30T10:00:00-07:00,128.050009
1782838860,2026-06-30T10:01:00-07:00,128.050009
1782838980,2026-06-30T10:03:00-07:00,139.498942
1782839040,2026-06-30T10:04:00-07:00,139.498942
1782839100,2026-06-30T10:05:00-07:00,139.498942
1782839160,2026-06-30T10:06:00-07:00,139.498942
1782839220,2026-06-30T10:07:00-07:00,139.498942
1782839340,2026-06-30T10:09:00-07:00,132.476563
1782839400,2026-06-30T10:10:00-07:00,132.476563
1782839460,2026-06-30T10:11:00-07:00,132.476563
1782839520,2026-06-30T10:12:00-07:00,132.476563
1782839580,2026-06-30T10:13:00-07:00,132.476563
1782839640,2026-06-30T10:14:00-07:00,145.454834
1782839700,2026-06-30T10:15:00-07:00,145.454834
1782839760,2026-06-30T10:16:00-07:00,145.454834
1782839820,2026-06-30T10:17:00-07:00,145.454834
1782839880,2026-06-30T10:18:00-07:00,145.454834
1782840000,2026-06-30T10:20:00-07:00,126.223064
1782840060,2026-06-30T10:21:00-07:00,126.223064
1782840120,2026-06-30T10:22:00-07:00,126.223064
1782840180,2026-06-30T10:23:00-07:00,126.223064
1782840240,2026-06-30T10:24:00-07:00,126.223064
1782840300,2026-06-30T10:25:00-07:00,120.781656
1782840360,2026-06-30T10:26:00-07:00,120.781656
1782840420,2026-06-30T10:27:00-07:00,120.781656
1782840480,2026-06-30T10:28:00-07:00,120.781656
1782840540,2026-06-30T10:29:00-07:00,120.781656
1782840780,2026-06-30T10:33:00-07:00,118.212077
1782840840,2026-06-30T10:34:00-07:00,118.212077
1782840900,2026-06-30T10:35:00-07:00,118.212077
1782840960,2026-06-30T10:36:00-07:00,118.212077
1782841020,2026-06-30T10:37:00-07:00,118.212077
1782841080,2026-06-30T10:38:00-07:00,124.967164
1782841140,2026-06-30T10:39:00-07:00,124.967164
1782841200,2026-06-30T10:40:00-07:00,124.967164
1782841260,2026-06-30T10:41:00-07:00,124.967164
1782841320,2026-06-30T10:42:00-07:00,124.967164
1782841380,2026-06-30T10:43:00-07:00,123.366781
1782841440,2026-06-30T10:44:00-07:00,123.366781
1782841500,2026-06-30T10:45:00-07:00,123.366781
1782841560,2026-06-30T10:46:00-07:00,123.366781
1782841620,2026-06-30T10:47:00-07:00,123.366781
1782841800,2026-06-30T10:50:00-07:00,140.086792
1782841860,2026-06-30T10:51:00-07:00,140.086792
1782841920,2026-06-30T10:52:00-07:00,140.086792
1782841980,2026-06-30T10:53:00-07:00,140.086792
1782842040,2026-06-30T10:54:00-07:00,140.086792
1782842220,2026-06-30T10:57:00-07:00,139.805705
1782842280,2026-06-30T10:58:00-07:00,139.805705
1782842340,2026-06-30T10:59:00-07:00,139.805705
1782842400,2026-06-30T11:00:00-07:00,139.805705
1782842460,2026-06-30T11:01:00-07:00,139.805705
1782842580,2026-06-30T11:03:00-07:00,131.477254
1782842640,2026-06-30T11:04:00-07:00,131.477254
1782842700,2026-06-30T11:05:00-07:00,131.477254
1782842760,2026-06-30T11:06:00-07:00,131.477254
1782842820,2026-06-30T11:07:00-07:00,131.477254
1782842940,2026-06-30T11:09:00-07:00,156.78719
1782843000,2026-06-30T11:10:00-07:00,156.78719
1782843060,2026-06-30T11:11:00-07:00,156.78719
1782843120,2026-06-30T11:12:00-07:00,156.78719
1782843180,2026-06-30T11:13:00-07:00,156.78719
1782843360,2026-06-30T11:16:00-07:00,132.370484
1782843420,2026-06-30T11:17:00-07:00,132.370484
1782843480,2026-06-30T11:18:00-07:00,132.370484
1782843540,2026-06-30T11:19:00-07:00,132.370484
1782843600,2026-06-30T11:20:00-07:00,132.370484
1782843720,2026-06-30T11:22:00-07:00,135.097657
1782843780,2026-06-30T11:23:00-07:00,135.097657
1782843840,2026-06-30T11:24:00-07:00,135.097657
1782843900,2026-06-30T11:25:00-07:00,135.097657
1782843960,2026-06-30T11:26:00-07:00,135.097657
1782844080,2026-06-30T11:28:00-07:00,122.075114
1782844140,2026-06-30T11:29:00-07:00,122.075114
1782844200,2026-06-30T11:30:00-07:00,122.075114
1782844260,2026-06-30T11:31:00-07:00,122.075114
1782844320,2026-06-30T11:32:00-07:00,122.075114
1782844380,2026-06-30T11:33:00-07:00,109.673055
1782844440,2026-06-30T11:34:00-07:00,109.673055
1782844500,2026-06-30T11:35:00-07:00,109.673055
1782844560,2026-06-30T11:36:00-07:00,109.673055
1782844620,2026-06-30T11:37:00-07:00,109.673055
1782844740,2026-06-30T11:39:00-07:00,118.025268
1782844800,2026-06-30T11:40:00-07:00,118.025268
1782844860,2026-06-30T11:41:00-07:00,118.025268
1782844920,2026-06-30T11:42:00-07:00,118.025268
1782844980,2026-06-30T11:43:00-07:00,118.025268
1782845160,2026-06-30T11:46:00-07:00,123.121216
1782845220,2026-06-30T11:47:00-07:00,123.121216
1782845280,2026-06-30T11:48:00-07:00,123.121216
1782845340,2026-06-30T11:49:00-07:00,123.121216
1782845400,2026-06-30T11:50:00-07:00,123.121216
1782846180,2026-06-30T12:03:00-07:00,110.665202
1782846240,2026-06-30T12:04:00-07:00,110.665202
1782846300,2026-06-30T12:05:00-07:00,110.665202
1782846360,2026-06-30T12:06:00-07:00,110.665202
1782846420,2026-06-30T12:07:00-07:00,110.665202
1782846540,2026-06-30T12:09:00-07:00,130.453939
1782846600,2026-06-30T12:10:00-07:00,130.453939
1782846660,2026-06-30T12:11:00-07:00,130.453939
1782846720,2026-06-30T12:12:00-07:00,130.453939
1782846780,2026-06-30T12:13:00-07:00,130.453939
1782846900,2026-06-30T12:15:00-07:00,114.992065
1782846960,2026-06-30T12:16:00-07:00,114.992065
1782847020,2026-06-30T12:17:00-07:00,114.992065
1782847080,2026-06-30T12:18:00-07:00,114.992065
1782847140,2026-06-30T12:19:00-07:00,114.992065
1782847260,2026-06-30T12:21:00-07:00,104.480388
1782847320,2026-06-30T12:22:00-07:00,104.480388
1782847380,2026-06-30T12:23:00-07:00,104.480388
1782847440,2026-06-30T12:24:00-07:00,104.480388
1782847500,2026-06-30T12:25:00-07:00,104.480388
1782847740,2026-06-30T12:29:00-07:00,122.998738
1782847800,2026-06-30T12:30:00-07:00,122.998738
1782847860,2026-06-30T12:31:00-07:00,122.998738
1782847920,2026-06-30T12:32:00-07:00,122.998738
1782847980,2026-06-30T12:33:00-07:00,122.998738
1782848040,2026-06-30T12:34:00-07:00,579.368286
1782848100,2026-06-30T12:35:00-07:00,579.368286
1782848160,2026-06-30T12:36:00-07:00,579.368286
1782848220,2026-06-30T12:37:00-07:00,579.368286
1782848280,2026-06-30T12:38:00-07:00,579.368286
1782848340,2026-06-30T12:39:00-07:00,125.635213
1782848400,2026-06-30T12:40:00-07:00,125.635213
1782848460,2026-06-30T12:41:00-07:00,125.635213
1782848520,2026-06-30T12:42:00-07:00,125.635213
1782848580,2026-06-30T12:43:00-07:00,125.635213
1782848700,2026-06-30T12:45:00-07:00,126.454915
1782848760,2026-06-30T12:46:00-07:00,126.454915
1782848820,2026-06-30T12:47:00-07:00,126.454915
1782848880,2026-06-30T12:48:00-07:00,126.454915
1782848940,2026-06-30T12:49:00-07:00,126.454915
1782849000,2026-06-30T12:50:00-07:00,96.609497
1782849060,2026-06-30T12:51:00-07:00,96.609497
1782849120,2026-06-30T12:52:00-07:00,96.609497
1782849180,2026-06-30T12:53:00-07:00,96.609497
1782849240,2026-06-30T12:54:00-07:00,96.609497
1782849360,2026-06-30T12:56:00-07:00,112.338135
1782849420,2026-06-30T12:57:00-07:00,112.338135
1782849480,2026-06-30T12:58:00-07:00,112.338135
1782849540,2026-06-30T12:59:00-07:00,112.338135
1782849600,2026-06-30T13:00:00-07:00,112.338135
1782849660,2026-06-30T13:01:00-07:00,110.364461
1782849720,2026-06-30T13:02:00-07:00,110.364461
1782849780,2026-06-30T13:03:00-07:00,110.364461
1782849840,2026-06-30T13:04:00-07:00,110.364461
1782849900,2026-06-30T13:05:00-07:00,110.364461
1782850200,2026-06-30T13:10:00-07:00,144.87854
1782850260,2026-06-30T13:11:00-07:00,144.87854
1782850320,2026-06-30T13:12:00-07:00,144.87854
1782850380,2026-06-30T13:13:00-07:00,144.87854
1782850440,2026-06-30T13:14:00-07:00,144.87854
1782850560,2026-06-30T13:16:00-07:00,109.906454
1782850620,2026-06-30T13:17:00-07:00,109.906454
1782850680,2026-06-30T13:18:00-07:00,109.906454
1782850740,2026-06-30T13:19:00-07:00,109.906454
1782850800,2026-06-30T13:20:00-07:00,109.906454
1782850920,2026-06-30T13:22:00-07:00,119.610839
1782850980,2026-06-30T13:23:00-07:00,119.610839
1782851040,2026-06-30T13:24:00-07:00,119.610839
1782851100,2026-06-30T13:25:00-07:00,119.610839
1782851160,2026-06-30T13:26:00-07:00,119.610839
1782851220,2026-06-30T13:27:00-07:00,103.530559
1782851280,2026-06-30T13:28:00-07:00,103.530559
1782851340,2026-06-30T13:29:00-07:00,103.530559
1782851400,2026-06-30T13:30:00-07:00,103.530559
1782851460,2026-06-30T13:31:00-07:00,103.530559
1782851580,2026-06-30T13:33:00-07:00,118.608398
1782851640,2026-06-30T13:34:00-07:00,118.608398
1782851700,2026-06-30T13:35:00-07:00,118.608398
1782851760,2026-06-30T13:36:00-07:00,118.608398
1782851820,2026-06-30T13:37:00-07:00,118.608398
1782851880,2026-06-30T13:38:00-07:00,127.094483
1782851940,2026-06-30T13:39:00-07:00,127.094483
1782852000,2026-06-30T13:40:00-07:00,127.094483
1782852060,2026-06-30T13:41:00-07:00,127.094483
1782852120,2026-06-30T13:42:00-07:00,127.094483
1782852240,2026-06-30T13:44:00-07:00,109.581706
1782852300,2026-06-30T13:45:00-07:00,109.581706
1782852360,2026-06-30T13:46:00-07:00,109.581706
1782852420,2026-06-30T13:47:00-07:00,109.581706
1782852480,2026-06-30T13:48:00-07:00,109.581706
1782852540,2026-06-30T13:49:00-07:00,128.829549
1782852600,2026-06-30T13:50:00-07:00,128.829549
1782852660,2026-06-30T13:51:00-07:00,128.829549
1782852720,2026-06-30T13:52:00-07:00,128.829549
1782852780,2026-06-30T13:53:00-07:00,128.829549
1782852840,2026-06-30T13:54:00-07:00,113.707805
1782852900,2026-06-30T13:55:00-07:00,113.707805
1782852960,2026-06-30T13:56:00-07:00,113.707805
1782853020,2026-06-30T13:57:00-07:00,113.707805
1782853080,2026-06-30T13:58:00-07:00,113.707805
1782853140,2026-06-30T13:59:00-07:00,110.232503
1782853200,2026-06-30T14:00:00-07:00,110.232503
1782853260,2026-06-30T14:01:00-07:00,110.232503
1782853320,2026-06-30T14:02:00-07:00,110.232503
1782853380,2026-06-30T14:03:00-07:00,110.232503
1782853440,2026-06-30T14:04:00-07:00,94.293986
1782853500,2026-06-30T14:05:00-07:00,94.293986
1782853560,2026-06-30T14:06:00-07:00,94.293986
1782853620,2026-06-30T14:07:00-07:00,94.293986
1782853680,2026-06-30T14:08:00-07:00,94.293986
1782853740,2026-06-30T14:09:00-07:00,115.629435
1782853800,2026-06-30T14:10:00-07:00,115.629435
1782853860,2026-06-30T14:11:00-07:00,115.629435
1782853920,2026-06-30T14:12:00-07:00,115.629435
1782853980,2026-06-30T14:13:00-07:00,115.629435
1782854100,2026-06-30T14:15:00-07:00,196.02181
1782854160,2026-06-30T14:16:00-07:00,196.02181
1782854220,2026-06-30T14:17:00-07:00,196.02181
1782854280,2026-06-30T14:18:00-07:00,196.02181
1782854340,2026-06-30T14:19:00-07:00,196.02181
1782854460,2026-06-30T14:21:00-07:00,127.323161
1782854520,2026-06-30T14:22:00-07:00,127.323161
1782854580,2026-06-30T14:23:00-07:00,127.323161
1782854640,2026-06-30T14:24:00-07:00,127.323161
1782854700,2026-06-30T14:25:00-07:00,127.323161
1782854760,2026-06-30T14:26:00-07:00,204.613729
1782854820,2026-06-30T14:27:00-07:00,204.613729
1782854880,2026-06-30T14:28:00-07:00,204.613729
1782854940,2026-06-30T14:29:00-07:00,204.613729
1782855000,2026-06-30T14:30:00-07:00,204.613729
1782855180,2026-06-30T14:33:00-07:00,172.611857
1782855240,2026-06-30T14:34:00-07:00,172.611857
1782855300,2026-06-30T14:35:00-07:00,172.611857
1782855360,2026-06-30T14:36:00-07:00,172.611857
1782855420,2026-06-30T14:37:00-07:00,172.611857
1782855480,2026-06-30T14:38:00-07:00,127.88269
1782855540,2026-06-30T14:39:00-07:00,127.88269
1782855600,2026-06-30T14:40:00-07:00,127.88269
1782855660,2026-06-30T14:41:00-07:00,127.88269
1782855720,2026-06-30T14:42:00-07:00,127.88269
1782855900,2026-06-30T14:45:00-07:00,104.730713
1782855960,2026-06-30T14:46:00-07:00,104.730713
1782856020,2026-06-30T14:47:00-07:00,104.730713
1782856080,2026-06-30T14:48:00-07:00,104.730713
1782856140,2026-06-30T14:49:00-07:00,104.730713
1782856260,2026-06-30T14:51:00-07:00,100.814656
1782856320,2026-06-30T14:52:00-07:00,100.814656
1782856380,2026-06-30T14:53:00-07:00,100.814656
1782856440,2026-06-30T14:54:00-07:00,100.814656
1782856500,2026-06-30T14:55:00-07:00,100.814656
1782856560,2026-06-30T14:56:00-07:00,121.12618
1782856620,2026-06-30T14:57:00-07:00,121.12618
1782856680,2026-06-30T14:58:00-07:00,121.12618
1782856740,2026-06-30T14:59:00-07:00,121.12618
1782856800,2026-06-30T15:00:00-07:00,121.12618
1782856920,2026-06-30T15:02:00-07:00,106.813843
1782856980,2026-06-30T15:03:00-07:00,106.813843
1782857040,2026-06-30T15:04:00-07:00,106.813843
1782857100,2026-06-30T15:05:00-07:00,106.813843
1782857160,2026-06-30T15:06:00-07:00,106.813843
1782857280,2026-06-30T15:08:00-07:00,121.885783
1782857340,2026-06-30T15:09:00-07:00,121.885783
1782857400,2026-06-30T15:10:00-07:00,121.885783
1782857460,2026-06-30T15:11:00-07:00,121.885783
1782857520,2026-06-30T15:12:00-07:00,121.885783
1782857640,2026-06-30T15:14:00-07:00,127.726156
1782857700,2026-06-30T15:15:00-07:00,127.726156
1782857760,2026-06-30T15:16:00-07:00,127.726156
1782857820,2026-06-30T15:17:00-07:00,127.726156
1782857880,2026-06-30T15:18:00-07:00,127.726156
1782857940,2026-06-30T15:19:00-07:00,110.260458
1782858000,2026-06-30T15:20:00-07:00,110.260458
1782858060,2026-06-30T15:21:00-07:00,110.260458
1782858120,2026-06-30T15:22:00-07:00,110.260458
1782858180,2026-06-30T15:23:00-07:00,110.260458
1782858300,2026-06-30T15:25:00-07:00,126.449625
1782858360,2026-06-30T15:26:00-07:00,126.449625
1782858420,2026-06-30T15:27:00-07:00,126.449625
1782858480,2026-06-30T15:28:00-07:00,126.449625
1782858540,2026-06-30T15:29:00-07:00,126.449625
1782858660,2026-06-30T15:31:00-07:00,139.126343
1782858720,2026-06-30T15:32:00-07:00,139.126343
1782858780,2026-06-30T15:33:00-07:00,139.126343
1782858840,2026-06-30T15:34:00-07:00,139.126343
1782858900,2026-06-30T15:35:00-07:00,139.126343
1782859380,2026-06-30T15:43:00-07:00,127.792277
1782859440,2026-06-30T15:44:00-07:00,127.792277
1782859500,2026-06-30T15:45:00-07:00,127.792277
1782859560,2026-06-30T15:46:00-07:00,127.792277
1782859620,2026-06-30T15:47:00-07:00,127.792277
1782859680,2026-06-30T15:48:00-07:00,116.14803
1782859740,2026-06-30T15:49:00-07:00,116.14803
1782859800,2026-06-30T15:50:00-07:00,116.14803
1782859860,2026-06-30T15:51:00-07:00,116.14803
1782859920,2026-06-30T15:52:00-07:00,116.14803
1782860100,2026-06-30T15:55:00-07:00,139.07076
1782860160,2026-06-30T15:56:00-07:00,139.07076
1782860220,2026-06-30T15:57:00-07:00,139.07076
1782860280,2026-06-30T15:58:00-07:00,139.07076
1782860340,2026-06-30T15:59:00-07:00,139.07076
1782860400,2026-06-30T16:00:00-07:00,134.855387
1782860460,2026-06-30T16:01:00-07:00,134.855387
1782860520,2026-06-30T16:02:00-07:00,134.855387
1782860580,2026-06-30T16:03:00-07:00,134.855387
1782860640,2026-06-30T16:04:00-07:00,134.855387
1782860760,2026-06-30T16:06:00-07:00,121.842448
1782860820,2026-06-30T16:07:00-07:00,121.842448
1782860880,2026-06-30T16:08:00-07:00,121.842448
1782860940,2026-06-30T16:09:00-07:00,121.842448
1782861000,2026-06-30T16:10:00-07:00,121.842448
1782861120,2026-06-30T16:12:00-07:00,129.174316
1782861180,2026-06-30T16:13:00-07:00,129.174316
1782861240,2026-06-30T16:14:00-07:00,129.174316
1782861300,2026-06-30T16:15:00-07:00,129.174316
1782861360,2026-06-30T16:16:00-07:00,129.174316
1782861600,2026-06-30T16:20:00-07:00,135.701212
1782861660,2026-06-30T16:21:00-07:00,135.701212
1782861720,2026-06-30T16:22:00-07:00,135.701212
1782861780,2026-06-30T16:23:00-07:00,135.701212
1782861840,2026-06-30T16:24:00-07:00,135.701212
1782862020,2026-06-30T16:27:00-07:00,521.643636
1782862080,2026-06-30T16:28:00-07:00,521.643636
1782862140,2026-06-30T16:29:00-07:00,521.643636
1782862200,2026-06-30T16:30:00-07:00,521.643636
1782862260,2026-06-30T16:31:00-07:00,521.643636
1782862560,2026-06-30T16:36:00-07:00,117.13383
1782862620,2026-06-30T16:37:00-07:00,117.13383
1782862680,2026-06-30T16:38:00-07:00,117.13383
1782862740,2026-06-30T16:39:00-07:00,117.13383
1782862800,2026-06-30T16:40:00-07:00,117.13383
1782862860,2026-06-30T16:41:00-07:00,109.898316
1782862920,2026-06-30T16:42:00-07:00,109.898316
1782862980,2026-06-30T16:43:00-07:00,109.898316
1782863040,2026-06-30T16:44:00-07:00,109.898316
1782863100,2026-06-30T16:45:00-07:00,109.898316
1782863220,2026-06-30T16:47:00-07:00,155.929199
1782863280,2026-06-30T16:48:00-07:00,155.929199
1782863340,2026-06-30T16:49:00-07:00,155.929199
1782863400,2026-06-30T16:50:00-07:00,155.929199
1782863460,2026-06-30T16:51:00-07:00,155.929199
1782863520,2026-06-30T16:52:00-07:00,119.028483
1782863580,2026-06-30T16:53:00-07:00,119.028483
1782863640,2026-06-30T16:54:00-07:00,119.028483
1782863700,2026-06-30T16:55:00-07:00,119.028483
1782863760,2026-06-30T16:56:00-07:00,119.028483
1782863940,2026-06-30T16:59:00-07:00,114.552978
1782864000,2026-06-30T17:00:00-07:00,114.552978
1782864060,2026-06-30T17:01:00-07:00,114.552978
1782864120,2026-06-30T17:02:00-07:00,114.552978
1782864180,2026-06-30T17:03:00-07:00,114.552978
1782864240,2026-06-30T17:04:00-07:00,117.127401
1782864300,2026-06-30T17:05:00-07:00,117.127401
1782864360,2026-06-30T17:06:00-07:00,117.127401
1782864420,2026-06-30T17:07:00-07:00,117.127401
1782864480,2026-06-30T17:08:00-07:00,117.127401
1782864660,2026-06-30T17:11:00-07:00,120.867594
1782864720,2026-06-30T17:12:00-07:00,120.867594
1782864780,2026-06-30T17:13:00-07:00,120.867594
1782864840,2026-06-30T17:14:00-07:00,120.867594
1782864900,2026-06-30T17:15:00-07:00,120.867594
1782864960,2026-06-30T17:16:00-07:00,170.709757
1782865020,2026-06-30T17:17:00-07:00,170.709757
1782865080,2026-06-30T17:18:00-07:00,170.709757
1782865140,2026-06-30T17:19:00-07:00,170.709757
1782865200,2026-06-30T17:20:00-07:00,170.709757
1782865260,2026-06-30T17:21:00-07:00,129.951578
1782865320,2026-06-30T17:22:00-07:00,129.951578
1782865380,2026-06-30T17:23:00-07:00,129.951578
1782865440,2026-06-30T17:24:00-07:00,129.951578
1782865500,2026-06-30T17:25:00-07:00,129.951578
1782865560,2026-06-30T17:26:00-07:00,198.972249
1782865620,2026-06-30T17:27:00-07:00,198.972249
1782865680,2026-06-30T17:28:00-07:00,198.972249
1782865740,2026-06-30T17:29:00-07:00,198.972249
1782865800,2026-06-30T17:30:00-07:00,198.972249
1782865920,2026-06-30T17:32:00-07:00,131.707397
1782865980,2026-06-30T17:33:00-07:00,131.707397
1782866040,2026-06-30T17:34:00-07:00,131.707397
1782866100,2026-06-30T17:35:00-07:00,131.707397
1782866160,2026-06-30T17:36:00-07:00,131.707397
1782866340,2026-06-30T17:39:00-07:00,182.21635
1782866400,2026-06-30T17:40:00-07:00,182.21635
1782866460,2026-06-30T17:41:00-07:00,182.21635
1782866520,2026-06-30T17:42:00-07:00,182.21635
1782866580,2026-06-30T17:43:00-07:00,182.21635
1782866640,2026-06-30T17:44:00-07:00,697.362305
1782866700,2026-06-30T17:45:00-07:00,697.362305
1782866760,2026-06-30T17:46:00-07:00,697.362305
1782866820,2026-06-30T17:47:00-07:00,697.362305
1782866880,2026-06-30T17:48:00-07:00,697.362305
1782867300,2026-06-30T17:55:00-07:00,136.755086
1782867360,2026-06-30T17:56:00-07:00,136.755086
1782867420,2026-06-30T17:57:00-07:00,136.755086
1782867480,2026-06-30T17:58:00-07:00,136.755086
1782867540,2026-06-30T17:59:00-07:00,136.755086
1782867660,2026-06-30T18:01:00-07:00,105.831299
1782867720,2026-06-30T18:02:00-07:00,105.831299
1782867780,2026-06-30T18:03:00-07:00,105.831299
1782867840,2026-06-30T18:04:00-07:00,105.831299
1782867900,2026-06-30T18:05:00-07:00,105.831299
1782868020,2026-06-30T18:07:00-07:00,115.656983
1782868080,2026-06-30T18:08:00-07:00,115.656983
1782868140,2026-06-30T18:09:00-07:00,115.656983
1782868200,2026-06-30T18:10:00-07:00,115.656983
1782868260,2026-06-30T18:11:00-07:00,115.656983
1782868380,2026-06-30T18:13:00-07:00,108.974732
1782868440,2026-06-30T18:14:00-07:00,108.974732
1782868500,2026-06-30T18:15:00-07:00,108.974732
1782868560,2026-06-30T18:16:00-07:00,108.974732
1782868620,2026-06-30T18:17:00-07:00,108.974732
1782868800,2026-06-30T18:20:00-07:00,125.993002
1782868860,2026-06-30T18:21:00-07:00,125.993002
1782868920,2026-06-30T18:22:00-07:00,125.993002
1782868980,2026-06-30T18:23:00-07:00,125.993002
1782869040,2026-06-30T18:24:00-07:00,125.993002
1782869160,2026-06-30T18:26:00-07:00,111.681071
1782869220,2026-06-30T18:27:00-07:00,111.681071
1782869280,2026-06-30T18:28:00-07:00,111.681071
1782869340,2026-06-30T18:29:00-07:00,111.681071
1782869400,2026-06-30T18:30:00-07:00,111.681071
1782869580,2026-06-30T18:33:00-07:00,133.684449
1782869640,2026-06-30T18:34:00-07:00,133.684449
1782869700,2026-06-30T18:35:00-07:00,133.684449
1782869760,2026-06-30T18:36:00-07:00,133.684449
1782869820,2026-06-30T18:37:00-07:00,133.684449
1782869880,2026-06-30T18:38:00-07:00,124.31482
1782869940,2026-06-30T18:39:00-07:00,124.31482
1782870000,2026-06-30T18:40:00-07:00,124.31482
1782870060,2026-06-30T18:41:00-07:00,124.31482
1782870120,2026-06-30T18:42:00-07:00,124.31482
1782870180,2026-06-30T18:43:00-07:00,108.662191
1782870240,2026-06-30T18:44:00-07:00,108.662191
1782870300,2026-06-30T18:45:00-07:00,108.662191
1782870360,2026-06-30T18:46:00-07:00,108.662191
1782870420,2026-06-30T18:47:00-07:00,108.662191
1782870480,2026-06-30T18:48:00-07:00,139.125732
1782870540,2026-06-30T18:49:00-07:00,139.125732
1782870600,2026-06-30T18:50:00-07:00,139.125732
1782870660,2026-06-30T18:51:00-07:00,139.125732
1782870720,2026-06-30T18:52:00-07:00,139.125732
1782870780,2026-06-30T18:53:00-07:00,134.112467
1782870840,2026-06-30T18:54:00-07:00,134.112467
1782870900,2026-06-30T18:55:00-07:00,134.112467
1782870960,2026-06-30T18:56:00-07:00,134.112467
1782871020,2026-06-30T18:57:00-07:00,134.112467
1782871140,2026-06-30T18:59:00-07:00,139.542399
1782871200,2026-06-30T19:00:00-07:00,139.542399
1782871260,2026-06-30T19:01:00-07:00,139.542399
1782871320,2026-06-30T19:02:00-07:00,139.542399
1782871380,2026-06-30T19:03:00-07:00,139.542399
1782871560,2026-06-30T19:06:00-07:00,121.262817
1782871620,2026-06-30T19:07:00-07:00,121.262817
1782871680,2026-06-30T19:08:00-07:00,121.262817
1782871740,2026-06-30T19:09:00-07:00,121.262817
1782871800,2026-06-30T19:10:00-07:00,121.262817
1782871920,2026-06-30T19:12:00-07:00,110.05717
1782871980,2026-06-30T19:13:00-07:00,110.05717
1782872040,2026-06-30T19:14:00-07:00,110.05717
1782872100,2026-06-30T19:15:00-07:00,110.05717
1782872160,2026-06-30T19:16:00-07:00,110.05717
1782872220,2026-06-30T19:17:00-07:00,105.875855
1782872280,2026-06-30T19:18:00-07:00,105.875855
1782872340,2026-06-30T19:19:00-07:00,105.875855
1782872400,2026-06-30T19:20:00-07:00,105.875855
1782872460,2026-06-30T19:21:00-07:00,105.875855
1782872580,2026-06-30T19:23:00-07:00,119.640381
1782872640,2026-06-30T19:24:00-07:00,119.640381
1782872700,2026-06-30T19:25:00-07:00,119.640381
1782872760,2026-06-30T19:26:00-07:00,119.640381
1782872820,2026-06-30T19:27:00-07:00,119.640381
1782872880,2026-06-30T19:28:00-07:00,119.530558
1782872940,2026-06-30T19:29:00-07:00,119.530558
1782873000,2026-06-30T19:30:00-07:00,119.530558
1782873060,2026-06-30T19:31:00-07:00,119.530558
1782873120,2026-06-30T19:32:00-07:00,119.530558
1782873180,2026-06-30T19:33:00-07:00,120.495321
1782873240,2026-06-30T19:34:00-07:00,120.495321
1782873300,2026-06-30T19:35:00-07:00,120.495321
1782873360,2026-06-30T19:36:00-07:00,120.495321
1782873420,2026-06-30T19:37:00-07:00,120.495321
1782873480,2026-06-30T19:38:00-07:00,93.102987
1782873540,2026-06-30T19:39:00-07:00,93.102987
1782873600,2026-06-30T19:40:00-07:00,93.102987
1782873660,2026-06-30T19:41:00-07:00,93.102987
1782873720,2026-06-30T19:42:00-07:00,93.102987
1782873840,2026-06-30T19:44:00-07:00,110.0354
1782873900,2026-06-30T19:45:00-07:00,110.0354
1782873960,2026-06-30T19:46:00-07:00,110.0354
1782874020,2026-06-30T19:47:00-07:00,110.0354
1782874080,2026-06-30T19:48:00-07:00,110.0354
1782874140,2026-06-30T19:49:00-07:00,115.561401
1782874200,2026-06-30T19:50:00-07:00,115.561401
1782874260,2026-06-30T19:51:00-07:00,115.561401
1782874320,2026-06-30T19:52:00-07:00,115.561401
1782874380,2026-06-30T19:53:00-07:00,115.561401
1782874500,2026-06-30T19:55:00-07:00,119.190511
1782874560,2026-06-30T19:56:00-07:00,119.190511
1782874620,2026-06-30T19:57:00-07:00,119.190511
1782874680,2026-06-30T19:58:00-07:00,119.190511
1782874740,2026-06-30T19:59:00-07:00,119.190511
1782875520,2026-06-30T20:12:00-07:00,183.062337
1782875580,2026-06-30T20:13:00-07:00,183.062337
1782875640,2026-06-30T20:14:00-07:00,183.062337
1782875700,2026-06-30T20:15:00-07:00,183.062337
1782875760,2026-06-30T20:16:00-07:00,183.062337
1782876300,2026-06-30T20:25:00-07:00,121.65035
1782876360,2026-06-30T20:26:00-07:00,121.65035
1782876420,2026-06-30T20:27:00-07:00,121.65035
1782876480,2026-06-30T20:28:00-07:00,121.65035
1782876540,2026-06-30T20:29:00-07:00,121.65035
1782876660,2026-06-30T20:31:00-07:00,116.903321
1782876720,2026-06-30T20:32:00-07:00,116.903321
1782876780,2026-06-30T20:33:00-07:00,116.903321
1782876840,2026-06-30T20:34:00-07:00,116.903321
1782876900,2026-06-30T20:35:00-07:00,116.903321
1782876960,2026-06-30T20:36:00-07:00,166.101278
1782877020,2026-06-30T20:37:00-07:00,166.101278
1782877080,2026-06-30T20:38:00-07:00,166.101278
1782877140,2026-06-30T20:39:00-07:00,166.101278
1782877200,2026-06-30T20:40:00-07:00,166.101278
1782877380,2026-06-30T20:43:00-07:00,548.729899
1782877440,2026-06-30T20:44:00-07:00,548.729899
1782877500,2026-06-30T20:45:00-07:00,548.729899
1782877560,2026-06-30T20:46:00-07:00,548.729899
1782877620,2026-06-30T20:47:00-07:00,548.729899
1782877680,2026-06-30T20:48:00-07:00,136.381632
1782877740,2026-06-30T20:49:00-07:00,136.381632
1782877800,2026-06-30T20:50:00-07:00,136.381632
1782877860,2026-06-30T20:51:00-07:00,136.381632
1782877920,2026-06-30T20:52:00-07:00,136.381632
1782879480,2026-06-30T21:18:00-07:00,132.175863
1782879540,2026-06-30T21:19:00-07:00,132.175863
1782879600,2026-06-30T21:20:00-07:00,132.175863
1782879660,2026-06-30T21:21:00-07:00,132.175863
1782879720,2026-06-30T21:22:00-07:00,132.175863
1782879780,2026-06-30T21:23:00-07:00,348.377523
1782879840,2026-06-30T21:24:00-07:00,348.377523
1782879900,2026-06-30T21:25:00-07:00,348.377523
1782879960,2026-06-30T21:26:00-07:00,348.377523
1782880020,2026-06-30T21:27:00-07:00,348.377523
1782880140,2026-06-30T21:29:00-07:00,131.138428
1782880200,2026-06-30T21:30:00-07:00,131.138428
1782880260,2026-06-30T21:31:00-07:00,131.138428
1782880320,2026-06-30T21:32:00-07:00,131.138428
1782880380,2026-06-30T21:33:00-07:00,131.138428
1782880500,2026-06-30T21:35:00-07:00,118.2111
1782880560,2026-06-30T21:36:00-07:00,118.2111
1782880620,2026-06-30T21:37:00-07:00,118.2111
1782880680,2026-06-30T21:38:00-07:00,118.2111
1782880740,2026-06-30T21:39:00-07:00,118.2111
1782880800,2026-06-30T21:40:00-07:00,124.466716
1782880860,2026-06-30T21:41:00-07:00,124.466716
1782880920,2026-06-30T21:42:00-07:00,124.466716
1782880980,2026-06-30T21:43:00-07:00,124.466716
1782881040,2026-06-30T21:44:00-07:00,124.466716
1782881160,2026-06-30T21:46:00-07:00,141.009481
1782881220,2026-06-30T21:47:00-07:00,141.009481
1782881280,2026-06-30T21:48:00-07:00,141.009481
1782881340,2026-06-30T21:49:00-07:00,141.009481
1782881400,2026-06-30T21:50:00-07:00,141.009481
1782881460,2026-06-30T21:51:00-07:00,133.942098
1782881520,2026-06-30T21:52:00-07:00,133.942098
1782881580,2026-06-30T21:53:00-07:00,133.942098
1782881640,2026-06-30T21:54:00-07:00,133.942098
1782881700,2026-06-30T21:55:00-07:00,133.942098
1782881760,2026-06-30T21:56:00-07:00,133.883993
1782881820,2026-06-30T21:57:00-07:00,133.883993
1782881880,2026-06-30T21:58:00-07:00,133.883993
1782881940,2026-06-30T21:59:00-07:00,133.883993
1782882000,2026-06-30T22:00:00-07:00,133.883993
1782882060,2026-06-30T22:01:00-07:00,140.854859
1782882120,2026-06-30T22:02:00-07:00,140.854859
1782882180,2026-06-30T22:03:00-07:00,140.854859
1782882240,2026-06-30T22:04:00-07:00,140.854859
1782882300,2026-06-30T22:05:00-07:00,140.854859
1782882420,2026-06-30T22:07:00-07:00,114.903442
1782882480,2026-06-30T22:08:00-07:00,114.903442
1782882540,2026-06-30T22:09:00-07:00,114.903442
1782882600,2026-06-30T22:10:00-07:00,114.903442
1782882660,2026-06-30T22:11:00-07:00,114.903442
1782882720,2026-06-30T22:12:00-07:00,89.861817
1782882780,2026-06-30T22:13:00-07:00,89.861817
1782882840,2026-06-30T22:14:00-07:00,89.861817
1782882900,2026-06-30T22:15:00-07:00,89.861817
1782882960,2026-06-30T22:16:00-07:00,89.861817
1782883020,2026-06-30T22:17:00-07:00,123.48995
1782883080,2026-06-30T22:18:00-07:00,123.48995
1782883140,2026-06-30T22:19:00-07:00,123.48995
1782883200,2026-06-30T22:20:00-07:00,123.48995
1782883260,2026-06-30T22:21:00-07:00,123.48995
1782883320,2026-06-30T22:22:00-07:00,108.247152
1782883380,2026-06-30T22:23:00-07:00,108.247152
1782883440,2026-06-30T22:24:00-07:00,108.247152
1782883500,2026-06-30T22:25:00-07:00,108.247152
1782883560,2026-06-30T22:26:00-07:00,108.247152
1782883620,2026-06-30T22:27:00-07:00,120.951782
1782883680,2026-06-30T22:28:00-07:00,120.951782
1782883740,2026-06-30T22:29:00-07:00,120.951782
1782883800,2026-06-30T22:30:00-07:00,120.951782
1782883860,2026-06-30T22:31:00-07:00,120.951782
1782883920,2026-06-30T22:32:00-07:00,123.476522
1782883980,2026-06-30T22:33:00-07:00,123.476522
1782884040,2026-06-30T22:34:00-07:00,123.476522
1782884100,2026-06-30T22:35:00-07:00,123.476522
1782884160,2026-06-30T22:36:00-07:00,123.476522
1782884220,2026-06-30T22:37:00-07:00,107.618734
1782884280,2026-06-30T22:38:00-07:00,107.618734
1782884340,2026-06-30T22:39:00-07:00,107.618734
1782884400,2026-06-30T22:40:00-07:00,107.618734
1782884460,2026-06-30T22:41:00-07:00,107.618734
1782884520,2026-06-30T22:42:00-07:00,89.545654
1782884580,2026-06-30T22:43:00-07:00,89.545654
1782884640,2026-06-30T22:44:00-07:00,89.545654
1782884700,2026-06-30T22:45:00-07:00,89.545654
1782884760,2026-06-30T22:46:00-07:00,89.545654
1782884880,2026-06-30T22:48:00-07:00,83.491984
1782884940,2026-06-30T22:49:00-07:00,83.491984
1782885000,2026-06-30T22:50:00-07:00,83.491984
1782885060,2026-06-30T22:51:00-07:00,83.491984
1782885120,2026-06-30T22:52:00-07:00,83.491984
1782885180,2026-06-30T22:53:00-07:00,409.255493
1782885240,2026-06-30T22:54:00-07:00,409.255493
1782885300,2026-06-30T22:55:00-07:00,409.255493
1782885360,2026-06-30T22:56:00-07:00,409.255493
1782885420,2026-06-30T22:57:00-07:00,409.255493
1782885480,2026-06-30T22:58:00-07:00,107.834717
1782885540,2026-06-30T22:59:00-07:00,107.834717
1782885600,2026-06-30T23:00:00-07:00,107.834717
1782885660,2026-06-30T23:01:00-07:00,107.834717
1782885720,2026-06-30T23:02:00-07:00,107.834717
1782885780,2026-06-30T23:03:00-07:00,126.167643
1782885840,2026-06-30T23:04:00-07:00,126.167643
1782885900,2026-06-30T23:05:00-07:00,126.167643
1782885960,2026-06-30T23:06:00-07:00,126.167643
1782886020,2026-06-30T23:07:00-07:00,126.167643
1782886080,2026-06-30T23:08:00-07:00,144.316732
1782886140,2026-06-30T23:09:00-07:00,144.316732
1782886200,2026-06-30T23:10:00-07:00,144.316732
1782886260,2026-06-30T23:11:00-07:00,144.316732
1782886320,2026-06-30T23:12:00-07:00,144.316732
1782886440,2026-06-30T23:14:00-07:00,108.224813
1782886500,2026-06-30T23:15:00-07:00,108.224813
1782886560,2026-06-30T23:16:00-07:00,108.224813
1782886620,2026-06-30T23:17:00-07:00,108.224813
1782886680,2026-06-30T23:18:00-07:00,108.224813
1782886800,2026-06-30T23:20:00-07:00,106.224243
1782886860,2026-06-30T23:21:00-07:00,106.224243
1782886920,2026-06-30T23:22:00-07:00,106.224243
1782886980,2026-06-30T23:23:00-07:00,106.224243
1782887040,2026-06-30T23:24:00-07:00,106.224243
1782887160,2026-06-30T23:26:00-07:00,124.358927
1782887220,2026-06-30T23:27:00-07:00,124.358927
1782887280,2026-06-30T23:28:00-07:00,124.358927
1782887340,2026-06-30T23:29:00-07:00,124.358927
1782887400,2026-06-30T23:30:00-07:00,124.358927
1782887520,2026-06-30T23:32:00-07:00,124.064331
1782887580,2026-06-30T23:33:00-07:00,124.064331
1782887640,2026-06-30T23:34:00-07:00,124.064331
1782887700,2026-06-30T23:35:00-07:00,124.064331
1782887760,2026-06-30T23:36:00-07:00,124.064331
1782887820,2026-06-30T23:37:00-07:00,127.707317
1782887880,2026-06-30T23:38:00-07:00,127.707317
1782887940,2026-06-30T23:39:00-07:00,127.707317
1782888000,2026-06-30T23:40:00-07:00,127.707317
1782888060,2026-06-30T23:41:00-07:00,127.707317
1782888180,2026-06-30T23:43:00-07:00,167.447062
1782888240,2026-06-30T23:44:00-07:00,167.447062
1782888300,2026-06-30T23:45:00-07:00,167.447062
1782888360,2026-06-30T23:46:00-07:00,167.447062
1782888420,2026-06-30T23:47:00-07:00,167.447062
1782888540,2026-06-30T23:49:00-07:00,124.981568
1782888600,2026-06-30T23:50:00-07:00,124.981568
1782888660,2026-06-30T23:51:00-07:00,124.981568
1782888720,2026-06-30T23:52:00-07:00,124.981568
1782888780,2026-06-30T23:53:00-07:00,124.981568
1782888840,2026-06-30T23:54:00-07:00,121.633993
1782888900,2026-06-30T23:55:00-07:00,121.633993
1782888960,2026-06-30T23:56:00-07:00,121.633993
1782889020,2026-06-30T23:57:00-07:00,121.633993
1782889080,2026-06-30T23:58:00-07:00,121.633993
1782889140,2026-06-30T23:59:00-07:00,112.195027
1782889200,2026-07-01T00:00:00-07:00,112.195027
1782889260,2026-07-01T00:01:00-07:00,112.195027
1782889320,2026-07-01T00:02:00-07:00,112.195027
1782889380,2026-07-01T00:03:00-07:00,112.195027
1782889500,2026-07-01T00:05:00-07:00,106.985677
1782889560,2026-07-01T00:06:00-07:00,106.985677
1782889620,2026-07-01T00:07:00-07:00,106.985677
1782889680,2026-07-01T00:08:00-07:00,106.985677
1782889740,2026-07-01T00:09:00-07:00,106.985677
1782889800,2026-07-01T00:10:00-07:00,102.468424
1782889860,2026-07-01T00:11:00-07:00,102.468424
1782889920,2026-07-01T00:12:00-07:00,102.468424
1782889980,2026-07-01T00:13:00-07:00,102.468424
1782890040,2026-07-01T00:14:00-07:00,102.468424
1782890160,2026-07-01T00:16:00-07:00,130.159343
1782890220,2026-07-01T00:17:00-07:00,130.159343
1782890280,2026-07-01T00:18:00-07:00,130.159343
1782890340,2026-07-01T00:19:00-07:00,130.159343
1782890400,2026-07-01T00:20:00-07:00,130.159343
1782890520,2026-07-01T00:22:00-07:00,120.529012
1782890580,2026-07-01T00:23:00-07:00,120.529012
1782890640,2026-07-01T00:24:00-07:00,120.529012
1782890700,2026-07-01T00:25:00-07:00,120.529012
1782890760,2026-07-01T00:26:00-07:00,120.529012
1782890880,2026-07-01T00:28:00-07:00,102.951416
1782890940,2026-07-01T00:29:00-07:00,102.951416
1782891000,2026-07-01T00:30:00-07:00,102.951416
1782891060,2026-07-01T00:31:00-07:00,102.951416
1782891120,2026-07-01T00:32:00-07:00,102.951416
1782891180,2026-07-01T00:33:00-07:00,107.79952
1782891240,2026-07-01T00:34:00-07:00,107.79952
1782891300,2026-07-01T00:35:00-07:00,107.79952
1782891360,2026-07-01T00:36:00-07:00,107.79952
1782891420,2026-07-01T00:37:00-07:00,107.79952
1782891480,2026-07-01T00:38:00-07:00,112.435384
1782891540,2026-07-01T00:39:00-07:00,112.435384
1782891600,2026-07-01T00:40:00-07:00,112.435384
1782891660,2026-07-01T00:41:00-07:00,112.435384
1782891720,2026-07-01T00:42:00-07:00,112.435384
1782891840,2026-07-01T00:44:00-07:00,99.212199
1782891900,2026-07-01T00:45:00-07:00,99.212199
1782891960,2026-07-01T00:46:00-07:00,99.212199
1782892020,2026-07-01T00:47:00-07:00,99.212199
1782892080,2026-07-01T00:48:00-07:00,99.212199
1782892140,2026-07-01T00:49:00-07:00,104.101847
1782892200,2026-07-01T00:50:00-07:00,104.101847
1782892260,2026-07-01T00:51:00-07:00,104.101847
1782892320,2026-07-01T00:52:00-07:00,104.101847
1782892380,2026-07-01T00:53:00-07:00,104.101847
1782892440,2026-07-01T00:54:00-07:00,93.740275
1782892500,2026-07-01T00:55:00-07:00,93.740275
1782892560,2026-07-01T00:56:00-07:00,93.740275
1782892620,2026-07-01T00:57:00-07:00,93.740275
1782892680,2026-07-01T00:58:00-07:00,93.740275
1782892740,2026-07-01T00:59:00-07:00,107.209758
1782892800,2026-07-01T01:00:00-07:00,107.209758
1782892860,2026-07-01T01:01:00-07:00,107.209758
1782892920,2026-07-01T01:02:00-07:00,107.209758
1782892980,2026-07-01T01:03:00-07:00,107.209758
1782893040,2026-07-01T01:04:00-07:00,125.18453
1782893100,2026-07-01T01:05:00-07:00,125.18453
1782893160,2026-07-01T01:06:00-07:00,125.18453
1782893220,2026-07-01T01:07:00-07:00,125.18453
1782893280,2026-07-01T01:08:00-07:00,125.18453
1782893400,2026-07-01T01:10:00-07:00,107.264404
1782893460,2026-07-01T01:11:00-07:00,107.264404
1782893520,2026-07-01T01:12:00-07:00,107.264404
1782893580,2026-07-01T01:13:00-07:00,107.264404
1782893640,2026-07-01T01:14:00-07:00,107.264404
1782893700,2026-07-01T01:15:00-07:00,102.337239
1782893760,2026-07-01T01:16:00-07:00,102.337239
1782893820,2026-07-01T01:17:00-07:00,102.337239
1782893880,2026-07-01T01:18:00-07:00,102.337239
1782893940,2026-07-01T01:19:00-07:00,102.337239
1782894000,2026-07-01T01:20:00-07:00,91.685709
1782894060,2026-07-01T01:21:00-07:00,91.685709
1782894120,2026-07-01T01:22:00-07:00,91.685709
1782894180,2026-07-01T01:23:00-07:00,91.685709
1782894240,2026-07-01T01:24:00-07:00,91.685709
1782894360,2026-07-01T01:26:00-07:00,108.039917
1782894420,2026-07-01T01:27:00-07:00,108.039917
1782894480,2026-07-01T01:28:00-07:00,108.039917
1782894540,2026-07-01T01:29:00-07:00,108.039917
1782894600,2026-07-01T01:30:00-07:00,108.039917
1782894720,2026-07-01T01:32:00-07:00,104.521932
1782894780,2026-07-01T01:33:00-07:00,104.521932
1782894840,2026-07-01T01:34:00-07:00,104.521932
1782894900,2026-07-01T01:35:00-07:00,104.521932
1782894960,2026-07-01T01:36:00-07:00,104.521932
1782895020,2026-07-01T01:37:00-07:00,110.934001
1782895080,2026-07-01T01:38:00-07:00,110.934001
1782895140,2026-07-01T01:39:00-07:00,110.934001
1782895200,2026-07-01T01:40:00-07:00,110.934001
1782895260,2026-07-01T01:41:00-07:00,110.934001
1782895320,2026-07-01T01:42:00-07:00,105.778443
1782895380,2026-07-01T01:43:00-07:00,105.778443
1782895440,2026-07-01T01:44:00-07:00,105.778443
1782895500,2026-07-01T01:45:00-07:00,105.778443
1782895560,2026-07-01T01:46:00-07:00,105.778443
1782895680,2026-07-01T01:48:00-07:00,121.215006
1782895740,2026-07-01T01:49:00-07:00,121.215006
1782895800,2026-07-01T01:50:00-07:00,121.215006
1782895860,2026-07-01T01:51:00-07:00,121.215006
1782895920,2026-07-01T01:52:00-07:00,121.215006
1782896040,2026-07-01T01:54:00-07:00,106.712972
1782896100,2026-07-01T01:55:00-07:00,106.712972
1782896160,2026-07-01T01:56:00-07:00,106.712972
1782896220,2026-07-01T01:57:00-07:00,106.712972
1782896280,2026-07-01T01:58:00-07:00,106.712972
1782896340,2026-07-01T01:59:00-07:00,107.428548
1782896400,2026-07-01T02:00:00-07:00,107.428548
1782896460,2026-07-01T02:01:00-07:00,107.428548
1782896520,2026-07-01T02:02:00-07:00,107.428548
1782896580,2026-07-01T02:03:00-07:00,107.428548
1782896700,2026-07-01T02:05:00-07:00,107.01359
1782896760,2026-07-01T02:06:00-07:00,107.01359
1782896820,2026-07-01T02:07:00-07:00,107.01359
1782896880,2026-07-01T02:08:00-07:00,107.01359
1782896940,2026-07-01T02:09:00-07:00,107.01359
1782897000,2026-07-01T02:10:00-07:00,106.231893
1782897060,2026-07-01T02:11:00-07:00,106.231893
1782897120,2026-07-01T02:12:00-07:00,106.231893
1782897180,2026-07-01T02:13:00-07:00,106.231893
1782897240,2026-07-01T02:14:00-07:00,106.231893
1782897300,2026-07-01T02:15:00-07:00,102.733806
1782897360,2026-07-01T02:16:00-07:00,102.733806
1782897420,2026-07-01T02:17:00-07:00,102.733806
1782897480,2026-07-01T02:18:00-07:00,102.733806
1782897540,2026-07-01T02:19:00-07:00,102.733806
1782897720,2026-07-01T02:22:00-07:00,98.740478
1782897780,2026-07-01T02:23:00-07:00,98.740478
1782897840,2026-07-01T02:24:00-07:00,98.740478
1782897900,2026-07-01T02:25:00-07:00,98.740478
1782897960,2026-07-01T02:26:00-07:00,98.740478
1782898080,2026-07-01T02:28:00-07:00,127.575399
1782898140,2026-07-01T02:29:00-07:00,127.575399
1782898200,2026-07-01T02:30:00-07:00,127.575399
1782898260,2026-07-01T02:31:00-07:00,127.575399
1782898320,2026-07-01T02:32:00-07:00,127.575399
1782898500,2026-07-01T02:35:00-07:00,100.275798
1782898560,2026-07-01T02:36:00-07:00,100.275798
1782898620,2026-07-01T02:37:00-07:00,100.275798
1782898680,2026-07-01T02:38:00-07:00,100.275798
1782898740,2026-07-01T02:39:00-07:00,100.275798
1782898800,2026-07-01T02:40:00-07:00,116.538412
1782898860,2026-07-01T02:41:00-07:00,116.538412
1782898920,2026-07-01T02:42:00-07:00,116.538412
1782898980,2026-07-01T02:43:00-07:00,116.538412
1782899040,2026-07-01T02:44:00-07:00,116.538412
1782899100,2026-07-01T02:45:00-07:00,116.774048
1782899160,2026-07-01T02:46:00-07:00,116.774048
1782899220,2026-07-01T02:47:00-07:00,116.774048
1782899280,2026-07-01T02:48:00-07:00,116.774048
1782899340,2026-07-01T02:49:00-07:00,116.774048
1782899460,2026-07-01T02:51:00-07:00,101.521281
1782899520,2026-07-01T02:52:00-07:00,101.521281
1782899580,2026-07-01T02:53:00-07:00,101.521281
1782899640,2026-07-01T02:54:00-07:00,101.521281
1782899700,2026-07-01T02:55:00-07:00,101.521281
1782899760,2026-07-01T02:56:00-07:00,111.536337
1782899820,2026-07-01T02:57:00-07:00,111.536337
1782899880,2026-07-01T02:58:00-07:00,111.536337
1782899940,2026-07-01T02:59:00-07:00,111.536337
1782900000,2026-07-01T03:00:00-07:00,111.536337
1782900060,2026-07-01T03:01:00-07:00,118.090088
1782900120,2026-07-01T03:02:00-07:00,118.090088
1782900180,2026-07-01T03:03:00-07:00,118.090088
1782900240,2026-07-01T03:04:00-07:00,118.090088
1782900300,2026-07-01T03:05:00-07:00,118.090088
1782900360,2026-07-01T03:06:00-07:00,114.921427
1782900420,2026-07-01T03:07:00-07:00,114.921427
1782900480,2026-07-01T03:08:00-07:00,114.921427
1782900540,2026-07-01T03:09:00-07:00,114.921427
1782900600,2026-07-01T03:10:00-07:00,114.921427
1782900660,2026-07-01T03:11:00-07:00,107.247762
1782900720,2026-07-01T03:12:00-07:00,107.247762
1782900780,2026-07-01T03:13:00-07:00,107.247762
1782900840,2026-07-01T03:14:00-07:00,107.247762
1782900900,2026-07-01T03:15:00-07:00,107.247762
1782901020,2026-07-01T03:17:00-07:00,118.828614
1782901080,2026-07-01T03:18:00-07:00,118.828614
1782901140,2026-07-01T03:19:00-07:00,118.828614
1782901200,2026-07-01T03:20:00-07:00,118.828614
1782901260,2026-07-01T03:21:00-07:00,118.828614
1782901320,2026-07-01T03:22:00-07:00,111.454346
1782901380,2026-07-01T03:23:00-07:00,111.454346
1782901440,2026-07-01T03:24:00-07:00,111.454346
1782901500,2026-07-01T03:25:00-07:00,111.454346
1782901560,2026-07-01T03:26:00-07:00,111.454346
1782901620,2026-07-01T03:27:00-07:00,111.257853
1782901680,2026-07-01T03:28:00-07:00,111.257853
1782901740,2026-07-01T03:29:00-07:00,111.257853
1782901800,2026-07-01T03:30:00-07:00,111.257853
1782901860,2026-07-01T03:31:00-07:00,111.257853
1782901920,2026-07-01T03:32:00-07:00,99.920003
1782901980,2026-07-01T03:33:00-07:00,99.920003
1782902040,2026-07-01T03:34:00-07:00,99.920003
1782902100,2026-07-01T03:35:00-07:00,99.920003
1782902160,2026-07-01T03:36:00-07:00,99.920003
1782902220,2026-07-01T03:37:00-07:00,118.57845
1782902280,2026-07-01T03:38:00-07:00,118.57845
1782902340,2026-07-01T03:39:00-07:00,118.57845
1782902400,2026-07-01T03:40:00-07:00,118.57845
1782902460,2026-07-01T03:41:00-07:00,118.57845
1782902520,2026-07-01T03:42:00-07:00,112.227418
1782902580,2026-07-01T03:43:00-07:00,112.227418
1782902640,2026-07-01T03:44:00-07:00,112.227418
1782902700,2026-07-01T03:45:00-07:00,112.227418
1782902760,2026-07-01T03:46:00-07:00,112.227418
1782902940,2026-07-01T03:49:00-07:00,107.405354
1782903000,2026-07-01T03:50:00-07:00,107.405354
1782903060,2026-07-01T03:51:00-07:00,107.405354
1782903120,2026-07-01T03:52:00-07:00,107.405354
1782903180,2026-07-01T03:53:00-07:00,107.405354
1782903300,2026-07-01T03:55:00-07:00,102.063802
1782903360,2026-07-01T03:56:00-07:00,102.063802
1782903420,2026-07-01T03:57:00-07:00,102.063802
1782903480,2026-07-01T03:58:00-07:00,102.063802
1782903540,2026-07-01T03:59:00-07:00,102.063802
1782903600,2026-07-01T04:00:00-07:00,110.84847
1782903660,2026-07-01T04:01:00-07:00,110.84847
1782903720,2026-07-01T04:02:00-07:00,110.84847
1782903780,2026-07-01T04:03:00-07:00,110.84847
1782903840,2026-07-01T04:04:00-07:00,110.84847
1782903900,2026-07-01T04:05:00-07:00,114.641683
1782903960,2026-07-01T04:06:00-07:00,114.641683
1782904020,2026-07-01T04:07:00-07:00,114.641683
1782904080,2026-07-01T04:08:00-07:00,114.641683
1782904140,2026-07-01T04:09:00-07:00,114.641683
1782904200,2026-07-01T04:10:00-07:00,116.057251
1782904260,2026-07-01T04:11:00-07:00,116.057251
1782904320,2026-07-01T04:12:00-07:00,116.057251
1782904380,2026-07-01T04:13:00-07:00,116.057251
1782904440,2026-07-01T04:14:00-07:00,116.057251
1782904560,2026-07-01T04:16:00-07:00,97.200358
1782904620,2026-07-01T04:17:00-07:00,97.200358
1782904680,2026-07-01T04:18:00-07:00,97.200358
1782904740,2026-07-01T04:19:00-07:00,97.200358
1782904800,2026-07-01T04:20:00-07:00,97.200358
1782904860,2026-07-01T04:21:00-07:00,104.106853
1782904920,2026-07-01T04:22:00-07:00,104.106853
1782904980,2026-07-01T04:23:00-07:00,104.106853
1782905040,2026-07-01T04:24:00-07:00,104.106853
1782905100,2026-07-01T04:25:00-07:00,104.106853
1782905220,2026-07-01T04:27:00-07:00,113.232259
1782905280,2026-07-01T04:28:00-07:00,113.232259
1782905340,2026-07-01T04:29:00-07:00,113.232259
1782905400,2026-07-01T04:30:00-07:00,113.232259
1782905460,2026-07-01T04:31:00-07:00,113.232259
1782905580,2026-07-01T04:33:00-07:00,116.391154
1782905640,2026-07-01T04:34:00-07:00,116.391154
1782905700,2026-07-01T04:35:00-07:00,116.391154
1782905760,2026-07-01T04:36:00-07:00,116.391154
1782905820,2026-07-01T04:37:00-07:00,116.391154
1782905880,2026-07-01T04:38:00-07:00,105.516886
1782905940,2026-07-01T04:39:00-07:00,105.516886
1782906000,2026-07-01T04:40:00-07:00,105.516886
1782906060,2026-07-01T04:41:00-07:00,105.516886
1782906120,2026-07-01T04:42:00-07:00,105.516886
1782906180,2026-07-01T04:43:00-07:00,112.025228
1782906240,2026-07-01T04:44:00-07:00,112.025228
1782906300,2026-07-01T04:45:00-07:00,112.025228
1782906360,2026-07-01T04:46:00-07:00,112.025228
1782906420,2026-07-01T04:47:00-07:00,112.025228
1782906540,2026-07-01T04:49:00-07:00,108.52124
1782906600,2026-07-01T04:50:00-07:00,108.52124
1782906660,2026-07-01T04:51:00-07:00,108.52124
1782906720,2026-07-01T04:52:00-07:00,108.52124
1782906780,2026-07-01T04:53:00-07:00,108.52124
1782906960,2026-07-01T04:56:00-07:00,103.863607
1782907020,2026-07-01T04:57:00-07:00,103.863607
1782907080,2026-07-01T04:58:00-07:00,103.863607
1782907140,2026-07-01T04:59:00-07:00,103.863607
1782907200,2026-07-01T05:00:00-07:00,103.863607
1782907260,2026-07-01T05:01:00-07:00,114.32605
1782907320,2026-07-01T05:02:00-07:00,114.32605
1782907380,2026-07-01T05:03:00-07:00,114.32605
1782907440,2026-07-01T05:04:00-07:00,114.32605
1782907500,2026-07-01T05:05:00-07:00,114.32605
1782907560,2026-07-01T05:06:00-07:00,110.895834
1782907620,2026-07-01T05:07:00-07:00,110.895834
1782907680,2026-07-01T05:08:00-07:00,110.895834
1782907740,2026-07-01T05:09:00-07:00,110.895834
1782907800,2026-07-01T05:10:00-07:00,110.895834
1782907860,2026-07-01T05:11:00-07:00,102.320841
1782907920,2026-07-01T05:12:00-07:00,102.320841
1782907980,2026-07-01T05:13:00-07:00,102.320841
1782908040,2026-07-01T05:14:00-07:00,102.320841
1782908100,2026-07-01T05:15:00-07:00,102.320841
1782908160,2026-07-01T05:16:00-07:00,108.934571
1782908220,2026-07-01T05:17:00-07:00,108.934571
1782908280,2026-07-01T05:18:00-07:00,108.934571
1782908340,2026-07-01T05:19:00-07:00,108.934571
1782908400,2026-07-01T05:20:00-07:00,108.934571
1782908460,2026-07-01T05:21:00-07:00,120.543864
1782908520,2026-07-01T05:22:00-07:00,120.543864
1782908580,2026-07-01T05:23:00-07:00,120.543864
1782908640,2026-07-01T05:24:00-07:00,120.543864
1782908700,2026-07-01T05:25:00-07:00,120.543864
1782908820,2026-07-01T05:27:00-07:00,97.906779
1782908880,2026-07-01T05:28:00-07:00,97.906779
1782908940,2026-07-01T05:29:00-07:00,97.906779
1782909000,2026-07-01T05:30:00-07:00,97.906779
1782909060,2026-07-01T05:31:00-07:00,97.906779
1782909120,2026-07-01T05:32:00-07:00,100.541016
1782909180,2026-07-01T05:33:00-07:00,100.541016
1782909240,2026-07-01T05:34:00-07:00,100.541016
1782909300,2026-07-01T05:35:00-07:00,100.541016
1782909360,2026-07-01T05:36:00-07:00,100.541016
1782909480,2026-07-01T05:38:00-07:00,105.634563
1782909540,2026-07-01T05:39:00-07:00,105.634563
1782909600,2026-07-01T05:40:00-07:00,105.634563
1782909660,2026-07-01T05:41:00-07:00,105.634563
1782909720,2026-07-01T05:42:00-07:00,105.634563
1782909840,2026-07-01T05:44:00-07:00,115.363648
1782909900,2026-07-01T05:45:00-07:00,115.363648
1782909960,2026-07-01T05:46:00-07:00,115.363648
1782910020,2026-07-01T05:47:00-07:00,115.363648
1782910080,2026-07-01T05:48:00-07:00,115.363648
1782910200,2026-07-01T05:50:00-07:00,100.777507
1782910260,2026-07-01T05:51:00-07:00,100.777507
1782910320,2026-07-01T05:52:00-07:00,100.777507
1782910380,2026-07-01T05:53:00-07:00,100.777507
1782910440,2026-07-01T05:54:00-07:00,100.777507
1782910500,2026-07-01T05:55:00-07:00,109.299723
1782910560,2026-07-01T05:56:00-07:00,109.299723
1782910620,2026-07-01T05:57:00-07:00,109.299723
1782910680,2026-07-01T05:58:00-07:00,109.299723
1782910740,2026-07-01T05:59:00-07:00,109.299723
1782910800,2026-07-01T06:00:00-07:00,113.759602
1782910860,2026-07-01T06:01:00-07:00,113.759602
1782910920,2026-07-01T06:02:00-07:00,113.759602
1782910980,2026-07-01T06:03:00-07:00,113.759602
1782911040,2026-07-01T06:04:00-07:00,113.759602
1782911160,2026-07-01T06:06:00-07:00,105.475505
1782911220,2026-07-01T06:07:00-07:00,105.475505
1782911280,2026-07-01T06:08:00-07:00,105.475505
1782911340,2026-07-01T06:09:00-07:00,105.475505
1782911400,2026-07-01T06:10:00-07:00,105.475505
1782911460,2026-07-01T06:11:00-07:00,116.563965
1782911520,2026-07-01T06:12:00-07:00,116.563965
1782911580,2026-07-01T06:13:00-07:00,116.563965
1782911640,2026-07-01T06:14:00-07:00,116.563965
1782911700,2026-07-01T06:15:00-07:00,116.563965
1782911760,2026-07-01T06:16:00-07:00,100.557943
1782911820,2026-07-01T06:17:00-07:00,100.557943
1782911880,2026-07-01T06:18:00-07:00,100.557943
1782911940,2026-07-01T06:19:00-07:00,100.557943
1782912000,2026-07-01T06:20:00-07:00,100.557943
1782912120,2026-07-01T06:22:00-07:00,134.0472
1782912180,2026-07-01T06:23:00-07:00,134.0472
1782912240,2026-07-01T06:24:00-07:00,134.0472
1782912300,2026-07-01T06:25:00-07:00,134.0472
1782912360,2026-07-01T06:26:00-07:00,134.0472
1782912420,2026-07-01T06:27:00-07:00,106.594563
1782912480,2026-07-01T06:28:00-07:00,106.594563
1782912540,2026-07-01T06:29:00-07:00,106.594563
1782912600,2026-07-01T06:30:00-07:00,106.594563
1782912660,2026-07-01T06:31:00-07:00,106.594563
1782912780,2026-07-01T06:33:00-07:00,95.35197
1782912840,2026-07-01T06:34:00-07:00,95.35197
1782912900,2026-07-01T06:35:00-07:00,95.35197
1782912960,2026-07-01T06:36:00-07:00,95.35197
1782913020,2026-07-01T06:37:00-07:00,95.35197
1782913140,2026-07-01T06:39:00-07:00,110.863322
1782913200,2026-07-01T06:40:00-07:00,110.863322
1782913260,2026-07-01T06:41:00-07:00,110.863322
1782913320,2026-07-01T06:42:00-07:00,110.863322
1782913380,2026-07-01T06:43:00-07:00,110.863322
1782913440,2026-07-01T06:44:00-07:00,84.761231
1782913500,2026-07-01T06:45:00-07:00,84.761231
1782913560,2026-07-01T06:46:00-07:00,84.761231
1782913620,2026-07-01T06:47:00-07:00,84.761231
1782913680,2026-07-01T06:48:00-07:00,84.761231
1782913740,2026-07-01T06:49:00-07:00,150.647787
1782913800,2026-07-01T06:50:00-07:00,150.647787
1782913860,2026-07-01T06:51:00-07:00,150.647787
1782913920,2026-07-01T06:52:00-07:00,150.647787
1782913980,2026-07-01T06:53:00-07:00,150.647787
1782914100,2026-07-01T06:55:00-07:00,151.690227
1782914160,2026-07-01T06:56:00-07:00,151.690227
1782914220,2026-07-01T06:57:00-07:00,151.690227
1782914280,2026-07-01T06:58:00-07:00,151.690227
1782914340,2026-07-01T06:59:00-07:00,151.690227
1782914400,2026-07-01T07:00:00-07:00,101.234456
1782914460,2026-07-01T07:01:00-07:00,101.234456
1782914520,2026-07-01T07:02:00-07:00,101.234456
1782914580,2026-07-01T07:03:00-07:00,101.234456
1782914640,2026-07-01T07:04:00-07:00,101.234456
1782914700,2026-07-01T07:05:00-07:00,153.805543
1782914760,2026-07-01T07:06:00-07:00,153.805543
1782914820,2026-07-01T07:07:00-07:00,153.805543
1782914880,2026-07-01T07:08:00-07:00,153.805543
1782914940,2026-07-01T07:09:00-07:00,153.805543
1782915060,2026-07-01T07:11:00-07:00,104.112264
1782915120,2026-07-01T07:12:00-07:00,104.112264
1782915180,2026-07-01T07:13:00-07:00,104.112264
1782915240,2026-07-01T07:14:00-07:00,104.112264
1782915300,2026-07-01T07:15:00-07:00,104.112264
1782915720,2026-07-01T07:22:00-07:00,112.660075
1782915780,2026-07-01T07:23:00-07:00,112.660075
1782915840,2026-07-01T07:24:00-07:00,112.660075
1782915900,2026-07-01T07:25:00-07:00,112.660075
1782915960,2026-07-01T07:26:00-07:00,112.660075
1782916320,2026-07-01T07:32:00-07:00,345.648966
1782916380,2026-07-01T07:33:00-07:00,345.648966
1782916440,2026-07-01T07:34:00-07:00,345.648966
1782916500,2026-07-01T07:35:00-07:00,345.648966
1782916560,2026-07-01T07:36:00-07:00,345.648966
1782916740,2026-07-01T07:39:00-07:00,119.682821
1782916800,2026-07-01T07:40:00-07:00,119.682821
1782916860,2026-07-01T07:41:00-07:00,119.682821
1782916920,2026-07-01T07:42:00-07:00,119.682821
1782916980,2026-07-01T07:43:00-07:00,119.682821
1782917160,2026-07-01T07:46:00-07:00,1072.149292
1782917220,2026-07-01T07:47:00-07:00,1072.149292
1782917280,2026-07-01T07:48:00-07:00,1072.149292
1782917340,2026-07-01T07:49:00-07:00,1072.149292
1782917400,2026-07-01T07:50:00-07:00,1072.149292
1782917520,2026-07-01T07:52:00-07:00,562.021647
1782917580,2026-07-01T07:53:00-07:00,562.021647
1782917640,2026-07-01T07:54:00-07:00,562.021647
1782917700,2026-07-01T07:55:00-07:00,562.021647
1782917760,2026-07-01T07:56:00-07:00,562.021647
1782917880,2026-07-01T07:58:00-07:00,116.850138
1782917940,2026-07-01T07:59:00-07:00,116.850138
1782918000,2026-07-01T08:00:00-07:00,116.850138
1782918060,2026-07-01T08:01:00-07:00,116.850138
1782918120,2026-07-01T08:02:00-07:00,116.850138
1782918240,2026-07-01T08:04:00-07:00,146.946371
1782918300,2026-07-01T08:05:00-07:00,146.946371
1782918360,2026-07-01T08:06:00-07:00,146.946371
1782918420,2026-07-01T08:07:00-07:00,146.946371
1782918480,2026-07-01T08:08:00-07:00,146.946371
1782918540,2026-07-01T08:09:00-07:00,88.497721
1782918600,2026-07-01T08:10:00-07:00,88.497721
1782918660,2026-07-01T08:11:00-07:00,88.497721
1782918720,2026-07-01T08:12:00-07:00,88.497721
1782918780,2026-07-01T08:13:00-07:00,88.497721
1782920220,2026-07-01T08:37:00-07:00,127.22579
1782920280,2026-07-01T08:38:00-07:00,127.22579
1782920340,2026-07-01T08:39:00-07:00,127.22579
1782920400,2026-07-01T08:40:00-07:00,127.22579
1782920460,2026-07-01T08:41:00-07:00,127.22579
1782920580,2026-07-01T08:43:00-07:00,164.411377
1782920640,2026-07-01T08:44:00-07:00,164.411377
1782920700,2026-07-01T08:45:00-07:00,164.411377
1782920760,2026-07-01T08:46:00-07:00,164.411377
1782920820,2026-07-01T08:47:00-07:00,164.411377
1782921540,2026-07-01T08:59:00-07:00,244.044718
1782921600,2026-07-01T09:00:00-07:00,244.044718
1782921660,2026-07-01T09:01:00-07:00,244.044718
1782921720,2026-07-01T09:02:00-07:00,244.044718
1782921780,2026-07-01T09:03:00-07:00,244.044718
1782921900,2026-07-01T09:05:00-07:00,115.602946
1782921960,2026-07-01T09:06:00-07:00,115.602946
1782922020,2026-07-01T09:07:00-07:00,115.602946
1782922080,2026-07-01T09:08:00-07:00,115.602946
1782922140,2026-07-01T09:09:00-07:00,115.602946
1782922200,2026-07-01T09:10:00-07:00,106.359578
1782922260,2026-07-01T09:11:00-07:00,106.359578
1782922320,2026-07-01T09:12:00-07:00,106.359578
1782922380,2026-07-01T09:13:00-07:00,106.359578
1782922440,2026-07-01T09:14:00-07:00,106.359578
1782922560,2026-07-01T09:16:00-07:00,124.790039
1782922620,2026-07-01T09:17:00-07:00,124.790039
1782922680,2026-07-01T09:18:00-07:00,124.790039
1782922740,2026-07-01T09:19:00-07:00,124.790039
1782922800,2026-07-01T09:20:00-07:00,124.790039
1782922920,2026-07-01T09:22:00-07:00,114.368652
1782922980,2026-07-01T09:23:00-07:00,114.368652
1782923040,2026-07-01T09:24:00-07:00,114.368652
1782923100,2026-07-01T09:25:00-07:00,114.368652
1782923160,2026-07-01T09:26:00-07:00,114.368652
1782923220,2026-07-01T09:27:00-07:00,173.641927
1782923280,2026-07-01T09:28:00-07:00,173.641927
1782923340,2026-07-01T09:29:00-07:00,173.641927
1782923400,2026-07-01T09:30:00-07:00,173.641927
1782923460,2026-07-01T09:31:00-07:00,173.641927
1782923520,2026-07-01T09:32:00-07:00,131.374227
1782923580,2026-07-01T09:33:00-07:00,131.374227
1782923640,2026-07-01T09:34:00-07:00,131.374227
1782923700,2026-07-01T09:35:00-07:00,131.374227
1782923760,2026-07-01T09:36:00-07:00,131.374227
1782923880,2026-07-01T09:38:00-07:00,127.044678
1782923940,2026-07-01T09:39:00-07:00,127.044678
1782924000,2026-07-01T09:40:00-07:00,127.044678
1782924060,2026-07-01T09:41:00-07:00,127.044678
1782924120,2026-07-01T09:42:00-07:00,127.044678
1782924180,2026-07-01T09:43:00-07:00,126.208211
1782924240,2026-07-01T09:44:00-07:00,126.208211
1782924300,2026-07-01T09:45:00-07:00,126.208211
1782924360,2026-07-01T09:46:00-07:00,126.208211
1782924420,2026-07-01T09:47:00-07:00,126.208211
1782924480,2026-07-01T09:48:00-07:00,99.780152
1782924540,2026-07-01T09:49:00-07:00,99.780152
1782924600,2026-07-01T09:50:00-07:00,99.780152
1782924660,2026-07-01T09:51:00-07:00,99.780152
1782924720,2026-07-01T09:52:00-07:00,99.780152
1782924780,2026-07-01T09:53:00-07:00,992.064779
1782924840,2026-07-01T09:54:00-07:00,992.064779
1782924900,2026-07-01T09:55:00-07:00,992.064779
1782924960,2026-07-01T09:56:00-07:00,992.064779
1782925020,2026-07-01T09:57:00-07:00,992.064779
1782925260,2026-07-01T10:01:00-07:00,188.649821
1782925320,2026-07-01T10:02:00-07:00,188.649821
1782925380,2026-07-01T10:03:00-07:00,188.649821
1782925440,2026-07-01T10:04:00-07:00,188.649821
1782925500,2026-07-01T10:05:00-07:00,188.649821
1782925620,2026-07-01T10:07:00-07:00,112.968425
1782925680,2026-07-01T10:08:00-07:00,112.968425
1782925740,2026-07-01T10:09:00-07:00,112.968425
1782925800,2026-07-01T10:10:00-07:00,112.968425
1782925860,2026-07-01T10:11:00-07:00,112.968425
1782925920,2026-07-01T10:12:00-07:00,111.09318
1782925980,2026-07-01T10:13:00-07:00,111.09318
1782926040,2026-07-01T10:14:00-07:00,111.09318
1782926100,2026-07-01T10:15:00-07:00,111.09318
1782926160,2026-07-01T10:16:00-07:00,111.09318
1782926280,2026-07-01T10:18:00-07:00,101.857097
1782926340,2026-07-01T10:19:00-07:00,101.857097
1782926400,2026-07-01T10:20:00-07:00,101.857097
1782926460,2026-07-01T10:21:00-07:00,101.857097
1782926520,2026-07-01T10:22:00-07:00,101.857097
1782926580,2026-07-01T10:23:00-07:00,120.304159
1782926640,2026-07-01T10:24:00-07:00,120.304159
1782926700,2026-07-01T10:25:00-07:00,120.304159
1782926760,2026-07-01T10:26:00-07:00,120.304159
1782926820,2026-07-01T10:27:00-07:00,120.304159
1782926880,2026-07-01T10:28:00-07:00,115.591634
1782926940,2026-07-01T10:29:00-07:00,115.591634
1782927000,2026-07-01T10:30:00-07:00,115.591634
1782927060,2026-07-01T10:31:00-07:00,115.591634
1782927120,2026-07-01T10:32:00-07:00,115.591634
1782927240,2026-07-01T10:34:00-07:00,128.94751
1782927300,2026-07-01T10:35:00-07:00,128.94751
1782927360,2026-07-01T10:36:00-07:00,128.94751
1782927420,2026-07-01T10:37:00-07:00,128.94751
1782927480,2026-07-01T10:38:00-07:00,128.94751
1782927600,2026-07-01T10:40:00-07:00,143.722086
1782927660,2026-07-01T10:41:00-07:00,143.722086
1782927720,2026-07-01T10:42:00-07:00,143.722086
1782927780,2026-07-01T10:43:00-07:00,143.722086
1782927840,2026-07-01T10:44:00-07:00,143.722086
1782927900,2026-07-01T10:45:00-07:00,352.026327
1782927960,2026-07-01T10:46:00-07:00,352.026327
1782928020,2026-07-01T10:47:00-07:00,352.026327
1782928080,2026-07-01T10:48:00-07:00,352.026327
1782928140,2026-07-01T10:49:00-07:00,352.026327
1782928260,2026-07-01T10:51:00-07:00,102.76119
1782928320,2026-07-01T10:52:00-07:00,102.76119
1782928380,2026-07-01T10:53:00-07:00,102.76119
1782928440,2026-07-01T10:54:00-07:00,102.76119
1782928500,2026-07-01T10:55:00-07:00,102.76119
1782928560,2026-07-01T10:56:00-07:00,123.928629
1782928620,2026-07-01T10:57:00-07:00,123.928629
1782928680,2026-07-01T10:58:00-07:00,123.928629
1782928740,2026-07-01T10:59:00-07:00,123.928629
1782928800,2026-07-01T11:00:00-07:00,123.928629
1782928860,2026-07-01T11:01:00-07:00,118.658081
1782928920,2026-07-01T11:02:00-07:00,118.658081
1782928980,2026-07-01T11:03:00-07:00,118.658081
1782929040,2026-07-01T11:04:00-07:00,118.658081
1782929100,2026-07-01T11:05:00-07:00,118.658081
1782929160,2026-07-01T11:06:00-07:00,115.929972
1782929220,2026-07-01T11:07:00-07:00,115.929972
1782929280,2026-07-01T11:08:00-07:00,115.929972
1782929340,2026-07-01T11:09:00-07:00,115.929972
1782929400,2026-07-01T11:10:00-07:00,115.929972
1782929580,2026-07-01T11:13:00-07:00,850.725139
1782929640,2026-07-01T11:14:00-07:00,850.725139
1782929700,2026-07-01T11:15:00-07:00,850.725139
1782929760,2026-07-01T11:16:00-07:00,850.725139
1782929820,2026-07-01T11:17:00-07:00,850.725139
1782929940,2026-07-01T11:19:00-07:00,159.197917
1782930000,2026-07-01T11:20:00-07:00,159.197917
1782930060,2026-07-01T11:21:00-07:00,159.197917
1782930120,2026-07-01T11:22:00-07:00,159.197917
1782930180,2026-07-01T11:23:00-07:00,159.197917
1782930240,2026-07-01T11:24:00-07:00,140.230184
1782930300,2026-07-01T11:25:00-07:00,140.230184
1782930360,2026-07-01T11:26:00-07:00,140.230184
1782930420,2026-07-01T11:27:00-07:00,140.230184
1782930480,2026-07-01T11:28:00-07:00,140.230184
1782930660,2026-07-01T11:31:00-07:00,116.882081
1782930720,2026-07-01T11:32:00-07:00,116.882081
1782930780,2026-07-01T11:33:00-07:00,116.882081
1782930840,2026-07-01T11:34:00-07:00,116.882081
1782930900,2026-07-01T11:35:00-07:00,116.882081
1782931320,2026-07-01T11:42:00-07:00,147.517619
1782931380,2026-07-01T11:43:00-07:00,147.517619
1782931440,2026-07-01T11:44:00-07:00,147.517619
1782931500,2026-07-01T11:45:00-07:00,147.517619
1782931560,2026-07-01T11:46:00-07:00,147.517619
1782931680,2026-07-01T11:48:00-07:00,3462.581789
1782931740,2026-07-01T11:49:00-07:00,3462.581789
1782931800,2026-07-01T11:50:00-07:00,3462.581789
1782931860,2026-07-01T11:51:00-07:00,3462.581789
1782931920,2026-07-01T11:52:00-07:00,3462.581789
1782932940,2026-07-01T12:09:00-07:00,3042.958701
1782933000,2026-07-01T12:10:00-07:00,3042.958701
1782933060,2026-07-01T12:11:00-07:00,3042.958701
1782933120,2026-07-01T12:12:00-07:00,3042.958701
1782933180,2026-07-01T12:13:00-07:00,3042.958701
1782933300,2026-07-01T12:15:00-07:00,135.201009
1782933360,2026-07-01T12:16:00-07:00,135.201009
1782933420,2026-07-01T12:17:00-07:00,135.201009
1782933480,2026-07-01T12:18:00-07:00,135.201009
1782933540,2026-07-01T12:19:00-07:00,135.201009
1782933960,2026-07-01T12:26:00-07:00,81.929484
1782934020,2026-07-01T12:27:00-07:00,81.929484
1782934080,2026-07-01T12:28:00-07:00,81.929484
1782934140,2026-07-01T12:29:00-07:00,81.929484
1782934200,2026-07-01T12:30:00-07:00,81.929484
1782934380,2026-07-01T12:33:00-07:00,147.603434
1782934440,2026-07-01T12:34:00-07:00,147.603434
1782934500,2026-07-01T12:35:00-07:00,147.603434
1782934560,2026-07-01T12:36:00-07:00,147.603434
1782934620,2026-07-01T12:37:00-07:00,147.603434
1782934680,2026-07-01T12:38:00-07:00,122.194621
1782934740,2026-07-01T12:39:00-07:00,122.194621
1782934800,2026-07-01T12:40:00-07:00,122.194621
1782934860,2026-07-01T12:41:00-07:00,122.194621
1782934920,2026-07-01T12:42:00-07:00,122.194621
1782935700,2026-07-01T12:55:00-07:00,124.093261
1782935760,2026-07-01T12:56:00-07:00,124.093261
1782935820,2026-07-01T12:57:00-07:00,124.093261
1782935880,2026-07-01T12:58:00-07:00,124.093261
1782935940,2026-07-01T12:59:00-07:00,124.093261
1782936060,2026-07-01T13:01:00-07:00,147.944783
1782936120,2026-07-01T13:02:00-07:00,147.944783
1782936180,2026-07-01T13:03:00-07:00,147.944783
1782936240,2026-07-01T13:04:00-07:00,147.944783
1782936300,2026-07-01T13:05:00-07:00,147.944783
1782936360,2026-07-01T13:06:00-07:00,129.810791
1782936420,2026-07-01T13:07:00-07:00,129.810791
1782936480,2026-07-01T13:08:00-07:00,129.810791
1782936540,2026-07-01T13:09:00-07:00,129.810791
1782936600,2026-07-01T13:10:00-07:00,129.810791
1782936720,2026-07-01T13:12:00-07:00,112.555909
1782936780,2026-07-01T13:13:00-07:00,112.555909
1782936840,2026-07-01T13:14:00-07:00,112.555909
1782936900,2026-07-01T13:15:00-07:00,112.555909
1782936960,2026-07-01T13:16:00-07:00,112.555909
1782937080,2026-07-01T13:18:00-07:00,113.441813
1782937140,2026-07-01T13:19:00-07:00,113.441813
1782937200,2026-07-01T13:20:00-07:00,113.441813
1782937260,2026-07-01T13:21:00-07:00,113.441813
1782937320,2026-07-01T13:22:00-07:00,113.441813
1782937440,2026-07-01T13:24:00-07:00,122.246948
1782937500,2026-07-01T13:25:00-07:00,122.246948
1782937560,2026-07-01T13:26:00-07:00,122.246948
1782937620,2026-07-01T13:27:00-07:00,122.246948
1782937680,2026-07-01T13:28:00-07:00,122.246948
1782937740,2026-07-01T13:29:00-07:00,107.79598
1782937800,2026-07-01T13:30:00-07:00,107.79598
1782937860,2026-07-01T13:31:00-07:00,107.79598
1782937920,2026-07-01T13:32:00-07:00,107.79598
1782937980,2026-07-01T13:33:00-07:00,107.79598
1782938100,2026-07-01T13:35:00-07:00,120.268351
1782938160,2026-07-01T13:36:00-07:00,120.268351
1782938220,2026-07-01T13:37:00-07:00,120.268351
1782938280,2026-07-01T13:38:00-07:00,120.268351
1782938340,2026-07-01T13:39:00-07:00,120.268351
1782938460,2026-07-01T13:41:00-07:00,104.876017
1782938520,2026-07-01T13:42:00-07:00,104.876017
1782938580,2026-07-01T13:43:00-07:00,104.876017
1782938640,2026-07-01T13:44:00-07:00,104.876017
1782938700,2026-07-01T13:45:00-07:00,104.876017
1782938820,2026-07-01T13:47:00-07:00,130.470541
1782938880,2026-07-01T13:48:00-07:00,130.470541
1782938940,2026-07-01T13:49:00-07:00,130.470541
1782939000,2026-07-01T13:50:00-07:00,130.470541
1782939060,2026-07-01T13:51:00-07:00,130.470541
1782939180,2026-07-01T13:53:00-07:00,125.176025
1782939240,2026-07-01T13:54:00-07:00,125.176025
1782939300,2026-07-01T13:55:00-07:00,125.176025
1782939360,2026-07-01T13:56:00-07:00,125.176025
1782939420,2026-07-01T13:57:00-07:00,125.176025
1782939540,2026-07-01T13:59:00-07:00,105.355225
1782939600,2026-07-01T14:00:00-07:00,105.355225
1782939660,2026-07-01T14:01:00-07:00,105.355225
1782939720,2026-07-01T14:02:00-07:00,105.355225
1782939780,2026-07-01T14:03:00-07:00,105.355225
1782939960,2026-07-01T14:06:00-07:00,107.228109
1782940020,2026-07-01T14:07:00-07:00,107.228109
1782940080,2026-07-01T14:08:00-07:00,107.228109
1782940140,2026-07-01T14:09:00-07:00,107.228109
1782940200,2026-07-01T14:10:00-07:00,107.228109
1782940260,2026-07-01T14:11:00-07:00,126.088868
1782940320,2026-07-01T14:12:00-07:00,126.088868
1782940380,2026-07-01T14:13:00-07:00,126.088868
1782940440,2026-07-01T14:14:00-07:00,126.088868
1782940500,2026-07-01T14:15:00-07:00,126.088868
1782941400,2026-07-01T14:30:00-07:00,133.801473
1782941460,2026-07-01T14:31:00-07:00,133.801473
1782941520,2026-07-01T14:32:00-07:00,133.801473
1782941580,2026-07-01T14:33:00-07:00,133.801473
1782941640,2026-07-01T14:34:00-07:00,133.801473
1782942180,2026-07-01T14:43:00-07:00,105.482992
1782942240,2026-07-01T14:44:00-07:00,105.482992
1782942300,2026-07-01T14:45:00-07:00,105.482992
1782942360,2026-07-01T14:46:00-07:00,105.482992
1782942420,2026-07-01T14:47:00-07:00,105.482992
1782942960,2026-07-01T14:56:00-07:00,119.142659
1782943020,2026-07-01T14:57:00-07:00,119.142659
1782943080,2026-07-01T14:58:00-07:00,119.142659
1782943140,2026-07-01T14:59:00-07:00,119.142659
1782943200,2026-07-01T15:00:00-07:00,119.142659
1782943320,2026-07-01T15:02:00-07:00,898.223511
1782943380,2026-07-01T15:03:00-07:00,898.223511
1782943440,2026-07-01T15:04:00-07:00,898.223511
1782943500,2026-07-01T15:05:00-07:00,898.223511
1782943560,2026-07-01T15:06:00-07:00,898.223511
1782943620,2026-07-01T15:07:00-07:00,102.240642
1782943680,2026-07-01T15:08:00-07:00,102.240642
1782943740,2026-07-01T15:09:00-07:00,102.240642
1782943800,2026-07-01T15:10:00-07:00,102.240642
1782943860,2026-07-01T15:11:00-07:00,102.240642
1782943980,2026-07-01T15:13:00-07:00,119.617879
1782944040,2026-07-01T15:14:00-07:00,119.617879
1782944100,2026-07-01T15:15:00-07:00,119.617879
1782944160,2026-07-01T15:16:00-07:00,119.617879
1782944220,2026-07-01T15:17:00-07:00,119.617879
1782944340,2026-07-01T15:19:00-07:00,120.69454
1782944400,2026-07-01T15:20:00-07:00,120.69454
1782944460,2026-07-01T15:21:00-07:00,120.69454
1782944520,2026-07-01T15:22:00-07:00,120.69454
1782944580,2026-07-01T15:23:00-07:00,120.69454
1782944700,2026-07-01T15:25:00-07:00,138.748861
1782944760,2026-07-01T15:26:00-07:00,138.748861
1782944820,2026-07-01T15:27:00-07:00,138.748861
1782944880,2026-07-01T15:28:00-07:00,138.748861
1782944940,2026-07-01T15:29:00-07:00,138.748861
1782945060,2026-07-01T15:31:00-07:00,141.94336
1782945120,2026-07-01T15:32:00-07:00,141.94336
1782945180,2026-07-01T15:33:00-07:00,141.94336
1782945240,2026-07-01T15:34:00-07:00,141.94336
1782945300,2026-07-01T15:35:00-07:00,141.94336
1782945480,2026-07-01T15:38:00-07:00,122.601277
1782945540,2026-07-01T15:39:00-07:00,122.601277
1782945600,2026-07-01T15:40:00-07:00,122.601277
1782945660,2026-07-01T15:41:00-07:00,122.601277
1782945720,2026-07-01T15:42:00-07:00,122.601277
1782945780,2026-07-01T15:43:00-07:00,116.557169
1782945840,2026-07-01T15:44:00-07:00,116.557169
1782945900,2026-07-01T15:45:00-07:00,116.557169
1782945960,2026-07-01T15:46:00-07:00,116.557169
1782946020,2026-07-01T15:47:00-07:00,116.557169
1782946200,2026-07-01T15:50:00-07:00,133.149496
1782946260,2026-07-01T15:51:00-07:00,133.149496
1782946320,2026-07-01T15:52:00-07:00,133.149496
1782946380,2026-07-01T15:53:00-07:00,133.149496
1782946440,2026-07-01T15:54:00-07:00,133.149496
1782946560,2026-07-01T15:56:00-07:00,131.498087
1782946620,2026-07-01T15:57:00-07:00,131.498087
1782946680,2026-07-01T15:58:00-07:00,131.498087
1782946740,2026-07-01T15:59:00-07:00,131.498087
1782946800,2026-07-01T16:00:00-07:00,131.498087
1782946980,2026-07-01T16:03:00-07:00,110.56954
1782947040,2026-07-01T16:04:00-07:00,110.56954
1782947100,2026-07-01T16:05:00-07:00,110.56954
1782947160,2026-07-01T16:06:00-07:00,110.56954
1782947220,2026-07-01T16:07:00-07:00,110.56954
1782947280,2026-07-01T16:08:00-07:00,106.825846
1782947340,2026-07-01T16:09:00-07:00,106.825846
1782947400,2026-07-01T16:10:00-07:00,106.825846
1782947460,2026-07-01T16:11:00-07:00,106.825846
1782947520,2026-07-01T16:12:00-07:00,106.825846
1782947580,2026-07-01T16:13:00-07:00,102.617432
1782947640,2026-07-01T16:14:00-07:00,102.617432
1782947700,2026-07-01T16:15:00-07:00,102.617432
1782947760,2026-07-01T16:16:00-07:00,102.617432
1782947820,2026-07-01T16:17:00-07:00,102.617432
1782947940,2026-07-01T16:19:00-07:00,112.617717
1782948000,2026-07-01T16:20:00-07:00,112.617717
1782948060,2026-07-01T16:21:00-07:00,112.617717
1782948120,2026-07-01T16:22:00-07:00,112.617717
1782948180,2026-07-01T16:23:00-07:00,112.617717
1782948300,2026-07-01T16:25:00-07:00,124.083334
1782948360,2026-07-01T16:26:00-07:00,124.083334
1782948420,2026-07-01T16:27:00-07:00,124.083334
1782948480,2026-07-01T16:28:00-07:00,124.083334
1782948540,2026-07-01T16:29:00-07:00,124.083334
1782948660,2026-07-01T16:31:00-07:00,139.686849
1782948720,2026-07-01T16:32:00-07:00,139.686849
1782948780,2026-07-01T16:33:00-07:00,139.686849
1782948840,2026-07-01T16:34:00-07:00,139.686849
1782948900,2026-07-01T16:35:00-07:00,139.686849
1782949020,2026-07-01T16:37:00-07:00,129.121663
1782949080,2026-07-01T16:38:00-07:00,129.121663
1782949140,2026-07-01T16:39:00-07:00,129.121663
1782949200,2026-07-01T16:40:00-07:00,129.121663
1782949260,2026-07-01T16:41:00-07:00,129.121663
1782949440,2026-07-01T16:44:00-07:00,119.617554
1782949500,2026-07-01T16:45:00-07:00,119.617554
1782949560,2026-07-01T16:46:00-07:00,119.617554
1782949620,2026-07-01T16:47:00-07:00,119.617554
1782949680,2026-07-01T16:48:00-07:00,119.617554
1782949800,2026-07-01T16:50:00-07:00,113.108765
1782949860,2026-07-01T16:51:00-07:00,113.108765
1782949920,2026-07-01T16:52:00-07:00,113.108765
1782949980,2026-07-01T16:53:00-07:00,113.108765
1782950040,2026-07-01T16:54:00-07:00,113.108765
1782950520,2026-07-01T17:02:00-07:00,180.794149
1782950580,2026-07-01T17:03:00-07:00,180.794149
1782950640,2026-07-01T17:04:00-07:00,180.794149
1782950700,2026-07-01T17:05:00-07:00,180.794149
1782950760,2026-07-01T17:06:00-07:00,180.794149
1782950940,2026-07-01T17:09:00-07:00,101.084107
1782951000,2026-07-01T17:10:00-07:00,101.084107
1782951060,2026-07-01T17:11:00-07:00,101.084107
1782951120,2026-07-01T17:12:00-07:00,101.084107
1782951180,2026-07-01T17:13:00-07:00,101.084107
1782951300,2026-07-01T17:15:00-07:00,116.239461
1782951360,2026-07-01T17:16:00-07:00,116.239461
1782951420,2026-07-01T17:17:00-07:00,116.239461
1782951480,2026-07-01T17:18:00-07:00,116.239461
1782951540,2026-07-01T17:19:00-07:00,116.239461
1782952080,2026-07-01T17:28:00-07:00,176.839721
1782952140,2026-07-01T17:29:00-07:00,176.839721
1782952200,2026-07-01T17:30:00-07:00,176.839721
1782952260,2026-07-01T17:31:00-07:00,176.839721
1782952320,2026-07-01T17:32:00-07:00,176.839721
1782952440,2026-07-01T17:34:00-07:00,210.17338
1782952500,2026-07-01T17:35:00-07:00,210.17338
1782952560,2026-07-01T17:36:00-07:00,210.17338
1782952620,2026-07-01T17:37:00-07:00,210.17338
1782952680,2026-07-01T17:38:00-07:00,210.17338
1782952740,2026-07-01T17:39:00-07:00,133.228231
1782952800,2026-07-01T17:40:00-07:00,133.228231
1782952860,2026-07-01T17:41:00-07:00,133.228231
1782952920,2026-07-01T17:42:00-07:00,133.228231
1782952980,2026-07-01T17:43:00-07:00,133.228231
1782953100,2026-07-01T17:45:00-07:00,141.173503
1782953160,2026-07-01T17:46:00-07:00,141.173503
1782953220,2026-07-01T17:47:00-07:00,141.173503
1782953280,2026-07-01T17:48:00-07:00,141.173503
1782953340,2026-07-01T17:49:00-07:00,141.173503
1782953400,2026-07-01T17:50:00-07:00,103.771037
1782953460,2026-07-01T17:51:00-07:00,103.771037
1782953520,2026-07-01T17:52:00-07:00,103.771037
1782953580,2026-07-01T17:53:00-07:00,103.771037
1782953640,2026-07-01T17:54:00-07:00,103.771037
1782953760,2026-07-01T17:56:00-07:00,121.133138
1782953820,2026-07-01T17:57:00-07:00,121.133138
1782953880,2026-07-01T17:58:00-07:00,121.133138
1782953940,2026-07-01T17:59:00-07:00,121.133138
1782954000,2026-07-01T18:00:00-07:00,121.133138
1782954120,2026-07-01T18:02:00-07:00,114.745483
1782954180,2026-07-01T18:03:00-07:00,114.745483
1782954240,2026-07-01T18:04:00-07:00,114.745483
1782954300,2026-07-01T18:05:00-07:00,114.745483
1782954360,2026-07-01T18:06:00-07:00,114.745483
1782955560,2026-07-01T18:26:00-07:00,135.606038
1782955620,2026-07-01T18:27:00-07:00,135.606038
1782955680,2026-07-01T18:28:00-07:00,135.606038
1782955740,2026-07-01T18:29:00-07:00,135.606038
1782955800,2026-07-01T18:30:00-07:00,135.606038
1782955860,2026-07-01T18:31:00-07:00,137.148722
1782955920,2026-07-01T18:32:00-07:00,137.148722
1782955980,2026-07-01T18:33:00-07:00,137.148722
1782956040,2026-07-01T18:34:00-07:00,137.148722
1782956100,2026-07-01T18:35:00-07:00,137.148722
1782956220,2026-07-01T18:37:00-07:00,128.429688
1782956280,2026-07-01T18:38:00-07:00,128.429688
1782956340,2026-07-01T18:39:00-07:00,128.429688
1782956400,2026-07-01T18:40:00-07:00,128.429688
1782956460,2026-07-01T18:41:00-07:00,128.429688
1782956580,2026-07-01T18:43:00-07:00,130.303182
1782956640,2026-07-01T18:44:00-07:00,130.303182
1782956700,2026-07-01T18:45:00-07:00,130.303182
1782956760,2026-07-01T18:46:00-07:00,130.303182
1782956820,2026-07-01T18:47:00-07:00,130.303182
1782956940,2026-07-01T18:49:00-07:00,129.200725
1782957000,2026-07-01T18:50:00-07:00,129.200725
1782957060,2026-07-01T18:51:00-07:00,129.200725
1782957120,2026-07-01T18:52:00-07:00,129.200725
1782957180,2026-07-01T18:53:00-07:00,129.200725
1782957300,2026-07-01T18:55:00-07:00,136.544515
1782957360,2026-07-01T18:56:00-07:00,136.544515
1782957420,2026-07-01T18:57:00-07:00,136.544515
1782957480,2026-07-01T18:58:00-07:00,136.544515
1782957540,2026-07-01T18:59:00-07:00,136.544515
1782957660,2026-07-01T19:01:00-07:00,119.843668
1782957720,2026-07-01T19:02:00-07:00,119.843668
1782957780,2026-07-01T19:03:00-07:00,119.843668
1782957840,2026-07-01T19:04:00-07:00,119.843668
1782957900,2026-07-01T19:05:00-07:00,119.843668
1782958020,2026-07-01T19:07:00-07:00,216.776693
1782958080,2026-07-01T19:08:00-07:00,216.776693
1782958140,2026-07-01T19:09:00-07:00,216.776693
1782958200,2026-07-01T19:10:00-07:00,216.776693
1782958260,2026-07-01T19:11:00-07:00,216.776693
1782958320,2026-07-01T19:12:00-07:00,125.277751
1782958380,2026-07-01T19:13:00-07:00,125.277751
1782958440,2026-07-01T19:14:00-07:00,125.277751
1782958500,2026-07-01T19:15:00-07:00,125.277751
1782958560,2026-07-01T19:16:00-07:00,125.277751
1782958680,2026-07-01T19:18:00-07:00,120.970541
1782958740,2026-07-01T19:19:00-07:00,120.970541
1782958800,2026-07-01T19:20:00-07:00,120.970541
1782958860,2026-07-01T19:21:00-07:00,120.970541
1782958920,2026-07-01T19:22:00-07:00,120.970541
1782959040,2026-07-01T19:24:00-07:00,122.635661
1782959100,2026-07-01T19:25:00-07:00,122.635661
1782959160,2026-07-01T19:26:00-07:00,122.635661
1782959220,2026-07-01T19:27:00-07:00,122.635661
1782959280,2026-07-01T19:28:00-07:00,122.635661
1782959340,2026-07-01T19:29:00-07:00,121.33667
1782959400,2026-07-01T19:30:00-07:00,121.33667
1782959460,2026-07-01T19:31:00-07:00,121.33667
1782959520,2026-07-01T19:32:00-07:00,121.33667
1782959580,2026-07-01T19:33:00-07:00,121.33667
1782959640,2026-07-01T19:34:00-07:00,139.356567
1782959700,2026-07-01T19:35:00-07:00,139.356567
1782959760,2026-07-01T19:36:00-07:00,139.356567
1782959820,2026-07-01T19:37:00-07:00,139.356567
1782959880,2026-07-01T19:38:00-07:00,139.356567
1782960120,2026-07-01T19:42:00-07:00,131.15861
1782960180,2026-07-01T19:43:00-07:00,131.15861
1782960240,2026-07-01T19:44:00-07:00,131.15861
1782960300,2026-07-01T19:45:00-07:00,131.15861
1782960360,2026-07-01T19:46:00-07:00,131.15861
1782960420,2026-07-01T19:47:00-07:00,120.620361
1782960480,2026-07-01T19:48:00-07:00,120.620361
1782960540,2026-07-01T19:49:00-07:00,120.620361
1782960600,2026-07-01T19:50:00-07:00,120.620361
1782960660,2026-07-01T19:51:00-07:00,120.620361
1782960720,2026-07-01T19:52:00-07:00,116.111247
1782960780,2026-07-01T19:53:00-07:00,116.111247
1782960840,2026-07-01T19:54:00-07:00,116.111247
1782960900,2026-07-01T19:55:00-07:00,116.111247
1782960960,2026-07-01T19:56:00-07:00,116.111247
1782961080,2026-07-01T19:58:00-07:00,2172.098349
1782961140,2026-07-01T19:59:00-07:00,2172.098349
1782961200,2026-07-01T20:00:00-07:00,2172.098349
1782961260,2026-07-01T20:01:00-07:00,2172.098349
1782961320,2026-07-01T20:02:00-07:00,2172.098349
1782961380,2026-07-01T20:03:00-07:00,142.423014
1782961440,2026-07-01T20:04:00-07:00,142.423014
1782961500,2026-07-01T20:05:00-07:00,142.423014
1782961560,2026-07-01T20:06:00-07:00,142.423014
1782961620,2026-07-01T20:07:00-07:00,142.423014
1782962820,2026-07-01T20:27:00-07:00,127.173707
1782962880,2026-07-01T20:28:00-07:00,127.173707
1782962940,2026-07-01T20:29:00-07:00,127.173707
1782963000,2026-07-01T20:30:00-07:00,127.173707
1782963060,2026-07-01T20:31:00-07:00,127.173707
1782963120,2026-07-01T20:32:00-07:00,190.949911
1782963180,2026-07-01T20:33:00-07:00,190.949911
1782963240,2026-07-01T20:34:00-07:00,190.949911
1782963300,2026-07-01T20:35:00-07:00,190.949911
1782963360,2026-07-01T20:36:00-07:00,190.949911
1782963840,2026-07-01T20:44:00-07:00,140.790324
1782963900,2026-07-01T20:45:00-07:00,140.790324
1782963960,2026-07-01T20:46:00-07:00,140.790324
1782964020,2026-07-01T20:47:00-07:00,140.790324
1782964080,2026-07-01T20:48:00-07:00,140.790324
1782964200,2026-07-01T20:50:00-07:00,124.903076
1782964260,2026-07-01T20:51:00-07:00,124.903076
1782964320,2026-07-01T20:52:00-07:00,124.903076
1782964380,2026-07-01T20:53:00-07:00,124.903076
1782964440,2026-07-01T20:54:00-07:00,124.903076
1782964620,2026-07-01T20:57:00-07:00,123.35966
1782964680,2026-07-01T20:58:00-07:00,123.35966
1782964740,2026-07-01T20:59:00-07:00,123.35966
1782964800,2026-07-01T21:00:00-07:00,123.35966
1782964860,2026-07-01T21:01:00-07:00,123.35966
1782964980,2026-07-01T21:03:00-07:00,132.952474
1782965040,2026-07-01T21:04:00-07:00,132.952474
1782965100,2026-07-01T21:05:00-07:00,132.952474
1782965160,2026-07-01T21:06:00-07:00,132.952474
1782965220,2026-07-01T21:07:00-07:00,132.952474
1782965400,2026-07-01T21:10:00-07:00,154.660563
1782965460,2026-07-01T21:11:00-07:00,154.660563
1782965520,2026-07-01T21:12:00-07:00,154.660563
1782965580,2026-07-01T21:13:00-07:00,154.660563
1782965640,2026-07-01T21:14:00-07:00,154.660563
1782965700,2026-07-01T21:15:00-07:00,119.257406
1782965760,2026-07-01T21:16:00-07:00,119.257406
1782965820,2026-07-01T21:17:00-07:00,119.257406
1782965880,2026-07-01T21:18:00-07:00,119.257406
1782965940,2026-07-01T21:19:00-07:00,119.257406
1782966060,2026-07-01T21:21:00-07:00,116.332072
1782966120,2026-07-01T21:22:00-07:00,116.332072
1782966180,2026-07-01T21:23:00-07:00,116.332072
1782966240,2026-07-01T21:24:00-07:00,116.332072
1782966300,2026-07-01T21:25:00-07:00,116.332072
1782966420,2026-07-01T21:27:00-07:00,124.577148
1782966480,2026-07-01T21:28:00-07:00,124.577148
1782966540,2026-07-01T21:29:00-07:00,124.577148
1782966600,2026-07-01T21:30:00-07:00,124.577148
1782966660,2026-07-01T21:31:00-07:00,124.577148
1782966720,2026-07-01T21:32:00-07:00,95.452637
1782966780,2026-07-01T21:33:00-07:00,95.452637
1782966840,2026-07-01T21:34:00-07:00,95.452637
1782966900,2026-07-01T21:35:00-07:00,95.452637
1782966960,2026-07-01T21:36:00-07:00,95.452637
1782967080,2026-07-01T21:38:00-07:00,207.41329
1782967140,2026-07-01T21:39:00-07:00,207.41329
1782967200,2026-07-01T21:40:00-07:00,207.41329
1782967260,2026-07-01T21:41:00-07:00,207.41329
1782967320,2026-07-01T21:42:00-07:00,207.41329
1782967440,2026-07-01T21:44:00-07:00,141.343831
1782967500,2026-07-01T21:45:00-07:00,141.343831
1782967560,2026-07-01T21:46:00-07:00,141.343831
1782967620,2026-07-01T21:47:00-07:00,141.343831
1782967680,2026-07-01T21:48:00-07:00,141.343831
1782967740,2026-07-01T21:49:00-07:00,118.292846
1782967800,2026-07-01T21:50:00-07:00,118.292846
1782967860,2026-07-01T21:51:00-07:00,118.292846
1782967920,2026-07-01T21:52:00-07:00,118.292846
1782967980,2026-07-01T21:53:00-07:00,118.292846
1782968040,2026-07-01T21:54:00-07:00,142.508057
1782968100,2026-07-01T21:55:00-07:00,142.508057
1782968160,2026-07-01T21:56:00-07:00,142.508057
1782968220,2026-07-01T21:57:00-07:00,142.508057
1782968280,2026-07-01T21:58:00-07:00,142.508057
1782968400,2026-07-01T22:00:00-07:00,159.642497
1782968460,2026-07-01T22:01:00-07:00,159.642497
1782968520,2026-07-01T22:02:00-07:00,159.642497
1782968580,2026-07-01T22:03:00-07:00,159.642497
1782968640,2026-07-01T22:04:00-07:00,159.642497
1782968700,2026-07-01T22:05:00-07:00,128.210897
1782968760,2026-07-01T22:06:00-07:00,128.210897
1782968820,2026-07-01T22:07:00-07:00,128.210897
1782968880,2026-07-01T22:08:00-07:00,128.210897
1782968940,2026-07-01T22:09:00-07:00,128.210897
1782969060,2026-07-01T22:11:00-07:00,114.501383
1782969120,2026-07-01T22:12:00-07:00,114.501383
1782969180,2026-07-01T22:13:00-07:00,114.501383
1782969240,2026-07-01T22:14:00-07:00,114.501383
1782969300,2026-07-01T22:15:00-07:00,114.501383
1782969360,2026-07-01T22:16:00-07:00,121.216553
1782969420,2026-07-01T22:17:00-07:00,121.216553
1782969480,2026-07-01T22:18:00-07:00,121.216553
1782969540,2026-07-01T22:19:00-07:00,121.216553
1782969600,2026-07-01T22:20:00-07:00,121.216553
1782969660,2026-07-01T22:21:00-07:00,99.517944
1782969720,2026-07-01T22:22:00-07:00,99.517944
1782969780,2026-07-01T22:23:00-07:00,99.517944
1782969840,2026-07-01T22:24:00-07:00,99.517944
1782969900,2026-07-01T22:25:00-07:00,99.517944
1782969960,2026-07-01T22:26:00-07:00,105.778564
1782970020,2026-07-01T22:27:00-07:00,105.778564
1782970080,2026-07-01T22:28:00-07:00,105.778564
1782970140,2026-07-01T22:29:00-07:00,105.778564
1782970200,2026-07-01T22:30:00-07:00,105.778564
1782970260,2026-07-01T22:31:00-07:00,149.836752
1782970320,2026-07-01T22:32:00-07:00,149.836752
1782970380,2026-07-01T22:33:00-07:00,149.836752
1782970440,2026-07-01T22:34:00-07:00,149.836752
1782970500,2026-07-01T22:35:00-07:00,149.836752
1782970620,2026-07-01T22:37:00-07:00,170.856445
1782970680,2026-07-01T22:38:00-07:00,170.856445
1782970740,2026-07-01T22:39:00-07:00,170.856445
1782970800,2026-07-01T22:40:00-07:00,170.856445
1782970860,2026-07-01T22:41:00-07:00,170.856445
1782970980,2026-07-01T22:43:00-07:00,132.059448
1782971040,2026-07-01T22:44:00-07:00,132.059448
1782971100,2026-07-01T22:45:00-07:00,132.059448
1782971160,2026-07-01T22:46:00-07:00,132.059448
1782971220,2026-07-01T22:47:00-07:00,132.059448
1782971280,2026-07-01T22:48:00-07:00,113.990194
1782971340,2026-07-01T22:49:00-07:00,113.990194
1782971400,2026-07-01T22:50:00-07:00,113.990194
1782971460,2026-07-01T22:51:00-07:00,113.990194
1782971520,2026-07-01T22:52:00-07:00,113.990194
1782971700,2026-07-01T22:55:00-07:00,121.878174
1782971760,2026-07-01T22:56:00-07:00,121.878174
1782971820,2026-07-01T22:57:00-07:00,121.878174
1782971880,2026-07-01T22:58:00-07:00,121.878174
1782971940,2026-07-01T22:59:00-07:00,121.878174
1782972000,2026-07-01T23:00:00-07:00,111.150147
1782972060,2026-07-01T23:01:00-07:00,111.150147
1782972120,2026-07-01T23:02:00-07:00,111.150147
1782972180,2026-07-01T23:03:00-07:00,111.150147
1782972240,2026-07-01T23:04:00-07:00,111.150147
1782972300,2026-07-01T23:05:00-07:00,136.366658
1782972360,2026-07-01T23:06:00-07:00,136.366658
1782972420,2026-07-01T23:07:00-07:00,136.366658
1782972480,2026-07-01T23:08:00-07:00,136.366658
1782972540,2026-07-01T23:09:00-07:00,136.366658
1782972660,2026-07-01T23:11:00-07:00,159.810587
1782972720,2026-07-01T23:12:00-07:00,159.810587
1782972780,2026-07-01T23:13:00-07:00,159.810587
1782972840,2026-07-01T23:14:00-07:00,159.810587
1782972900,2026-07-01T23:15:00-07:00,159.810587
1782972960,2026-07-01T23:16:00-07:00,134.038208
1782973020,2026-07-01T23:17:00-07:00,134.038208
1782973080,2026-07-01T23:18:00-07:00,134.038208
1782973140,2026-07-01T23:19:00-07:00,134.038208
1782973200,2026-07-01T23:20:00-07:00,134.038208
1782973320,2026-07-01T23:22:00-07:00,128.808838
1782973380,2026-07-01T23:23:00-07:00,128.808838
1782973440,2026-07-01T23:24:00-07:00,128.808838
1782973500,2026-07-01T23:25:00-07:00,128.808838
1782973560,2026-07-01T23:26:00-07:00,128.808838
1782973620,2026-07-01T23:27:00-07:00,129.514038
1782973680,2026-07-01T23:28:00-07:00,129.514038
1782973740,2026-07-01T23:29:00-07:00,129.514038
1782973800,2026-07-01T23:30:00-07:00,129.514038
1782973860,2026-07-01T23:31:00-07:00,129.514038
1782973980,2026-07-01T23:33:00-07:00,136.270019
1782974040,2026-07-01T23:34:00-07:00,136.270019
1782974100,2026-07-01T23:35:00-07:00,136.270019
1782974160,2026-07-01T23:36:00-07:00,136.270019
1782974220,2026-07-01T23:37:00-07:00,136.270019
1782974340,2026-07-01T23:39:00-07:00,133.929891
1782974400,2026-07-01T23:40:00-07:00,133.929891
1782974460,2026-07-01T23:41:00-07:00,133.929891
1782974520,2026-07-01T23:42:00-07:00,133.929891
1782974580,2026-07-01T23:43:00-07:00,133.929891
1782974640,2026-07-01T23:44:00-07:00,164.482422
1782974700,2026-07-01T23:45:00-07:00,164.482422
1782974760,2026-07-01T23:46:00-07:00,164.482422
1782974820,2026-07-01T23:47:00-07:00,164.482422
1782974880,2026-07-01T23:48:00-07:00,164.482422
1782975000,2026-07-01T23:50:00-07:00,122.155761
1782975060,2026-07-01T23:51:00-07:00,122.155761
1782975120,2026-07-01T23:52:00-07:00,122.155761
1782975180,2026-07-01T23:53:00-07:00,122.155761
1782975240,2026-07-01T23:54:00-07:00,122.155761
1782975360,2026-07-01T23:56:00-07:00,115.379679
1782975420,2026-07-01T23:57:00-07:00,115.379679
1782975480,2026-07-01T23:58:00-07:00,115.379679
1782975540,2026-07-01T23:59:00-07:00,115.379679
1782975600,2026-07-02T00:00:00-07:00,115.379679
1782975660,2026-07-02T00:01:00-07:00,113.914062
1782975720,2026-07-02T00:02:00-07:00,113.914062
1782975780,2026-07-02T00:03:00-07:00,113.914062
1782975840,2026-07-02T00:04:00-07:00,113.914062
1782975900,2026-07-02T00:05:00-07:00,113.914062
1782975960,2026-07-02T00:06:00-07:00,144.796631
1782976020,2026-07-02T00:07:00-07:00,144.796631
1782976080,2026-07-02T00:08:00-07:00,144.796631
1782976140,2026-07-02T00:09:00-07:00,144.796631
1782976200,2026-07-02T00:10:00-07:00,144.796631
1782976260,2026-07-02T00:11:00-07:00,129.662802
1782976320,2026-07-02T00:12:00-07:00,129.662802
1782976380,2026-07-02T00:13:00-07:00,129.662802
1782976440,2026-07-02T00:14:00-07:00,129.662802
1782976500,2026-07-02T00:15:00-07:00,129.662802
1782976620,2026-07-02T00:17:00-07:00,123.627889
1782976680,2026-07-02T00:18:00-07:00,123.627889
1782976740,2026-07-02T00:19:00-07:00,123.627889
1782976800,2026-07-02T00:20:00-07:00,123.627889
1782976860,2026-07-02T00:21:00-07:00,123.627889
1782976980,2026-07-02T00:23:00-07:00,122.578654
1782977040,2026-07-02T00:24:00-07:00,122.578654
1782977100,2026-07-02T00:25:00-07:00,122.578654
1782977160,2026-07-02T00:26:00-07:00,122.578654
1782977220,2026-07-02T00:27:00-07:00,122.578654
1782977340,2026-07-02T00:29:00-07:00,128.832519
1782977400,2026-07-02T00:30:00-07:00,128.832519
1782977460,2026-07-02T00:31:00-07:00,128.832519
1782977520,2026-07-02T00:32:00-07:00,128.832519
1782977580,2026-07-02T00:33:00-07:00,128.832519
1782977700,2026-07-02T00:35:00-07:00,118.106282
1782977760,2026-07-02T00:36:00-07:00,118.106282
1782977820,2026-07-02T00:37:00-07:00,118.106282
1782977880,2026-07-02T00:38:00-07:00,118.106282
1782977940,2026-07-02T00:39:00-07:00,118.106282
1782978000,2026-07-02T00:40:00-07:00,111.08077
1782978060,2026-07-02T00:41:00-07:00,111.08077
1782978120,2026-07-02T00:42:00-07:00,111.08077
1782978180,2026-07-02T00:43:00-07:00,111.08077
1782978240,2026-07-02T00:44:00-07:00,111.08077
1782978360,2026-07-02T00:46:00-07:00,161.044596
1782978420,2026-07-02T00:47:00-07:00,161.044596
1782978480,2026-07-02T00:48:00-07:00,161.044596
1782978540,2026-07-02T00:49:00-07:00,161.044596
1782978600,2026-07-02T00:50:00-07:00,161.044596
1782978660,2026-07-02T00:51:00-07:00,113.172567
1782978720,2026-07-02T00:52:00-07:00,113.172567
1782978780,2026-07-02T00:53:00-07:00,113.172567
1782978840,2026-07-02T00:54:00-07:00,113.172567
1782978900,2026-07-02T00:55:00-07:00,113.172567
1782979020,2026-07-02T00:57:00-07:00,155.452678
1782979080,2026-07-02T00:58:00-07:00,155.452678
1782979140,2026-07-02T00:59:00-07:00,155.452678
1782979200,2026-07-02T01:00:00-07:00,155.452678
1782979260,2026-07-02T01:01:00-07:00,155.452678
1782979380,2026-07-02T01:03:00-07:00,126.692464
1782979440,2026-07-02T01:04:00-07:00,126.692464
1782979500,2026-07-02T01:05:00-07:00,126.692464
1782979560,2026-07-02T01:06:00-07:00,126.692464
1782979620,2026-07-02T01:07:00-07:00,126.692464
1782979680,2026-07-02T01:08:00-07:00,122.889526
1782979740,2026-07-02T01:09:00-07:00,122.889526
1782979800,2026-07-02T01:10:00-07:00,122.889526
1782979860,2026-07-02T01:11:00-07:00,122.889526
1782979920,2026-07-02T01:12:00-07:00,122.889526
1782979980,2026-07-02T01:13:00-07:00,113.746419
1782980040,2026-07-02T01:14:00-07:00,113.746419
1782980100,2026-07-02T01:15:00-07:00,113.746419
1782980160,2026-07-02T01:16:00-07:00,113.746419
1782980220,2026-07-02T01:17:00-07:00,113.746419
1782980340,2026-07-02T01:19:00-07:00,114.750936
1782980400,2026-07-02T01:20:00-07:00,114.750936
1782980460,2026-07-02T01:21:00-07:00,114.750936
1782980520,2026-07-02T01:22:00-07:00,114.750936
1782980580,2026-07-02T01:23:00-07:00,114.750936
1782980700,2026-07-02T01:25:00-07:00,102.775553
1782980760,2026-07-02T01:26:00-07:00,102.775553
1782980820,2026-07-02T01:27:00-07:00,102.775553
1782980880,2026-07-02T01:28:00-07:00,102.775553
1782980940,2026-07-02T01:29:00-07:00,102.775553
1782981060,2026-07-02T01:31:00-07:00,142.590984
1782981120,2026-07-02T01:32:00-07:00,142.590984
1782981180,2026-07-02T01:33:00-07:00,142.590984
1782981240,2026-07-02T01:34:00-07:00,142.590984
1782981300,2026-07-02T01:35:00-07:00,142.590984
1782981360,2026-07-02T01:36:00-07:00,117.190959
1782981420,2026-07-02T01:37:00-07:00,117.190959
1782981480,2026-07-02T01:38:00-07:00,117.190959
1782981540,2026-07-02T01:39:00-07:00,117.190959
1782981600,2026-07-02T01:40:00-07:00,117.190959
1782981720,2026-07-02T01:42:00-07:00,113.184855
1782981780,2026-07-02T01:43:00-07:00,113.184855
1782981840,2026-07-02T01:44:00-07:00,113.184855
1782981900,2026-07-02T01:45:00-07:00,113.184855
1782981960,2026-07-02T01:46:00-07:00,113.184855
1782982020,2026-07-02T01:47:00-07:00,120.006307
1782982080,2026-07-02T01:48:00-07:00,120.006307
1782982140,2026-07-02T01:49:00-07:00,120.006307
1782982200,2026-07-02T01:50:00-07:00,120.006307
1782982260,2026-07-02T01:51:00-07:00,120.006307
1782982380,2026-07-02T01:53:00-07:00,139.185221
1782982440,2026-07-02T01:54:00-07:00,139.185221
1782982500,2026-07-02T01:55:00-07:00,139.185221
1782982560,2026-07-02T01:56:00-07:00,139.185221
1782982620,2026-07-02T01:57:00-07:00,139.185221
1782982740,2026-07-02T01:59:00-07:00,133.621989
1782982800,2026-07-02T02:00:00-07:00,133.621989
1782982860,2026-07-02T02:01:00-07:00,133.621989
1782982920,2026-07-02T02:02:00-07:00,133.621989
1782982980,2026-07-02T02:03:00-07:00,133.621989
1782983040,2026-07-02T02:04:00-07:00,126.802979
1782983100,2026-07-02T02:05:00-07:00,126.802979
1782983160,2026-07-02T02:06:00-07:00,126.802979
1782983220,2026-07-02T02:07:00-07:00,126.802979
1782983280,2026-07-02T02:08:00-07:00,126.802979
1782983340,2026-07-02T02:09:00-07:00,162.853435
1782983400,2026-07-02T02:10:00-07:00,162.853435
1782983460,2026-07-02T02:11:00-07:00,162.853435
1782983520,2026-07-02T02:12:00-07:00,162.853435
1782983580,2026-07-02T02:13:00-07:00,162.853435
1782983700,2026-07-02T02:15:00-07:00,124.553589
1782983760,2026-07-02T02:16:00-07:00,124.553589
1782983820,2026-07-02T02:17:00-07:00,124.553589
1782983880,2026-07-02T02:18:00-07:00,124.553589
1782983940,2026-07-02T02:19:00-07:00,124.553589
1782984000,2026-07-02T02:20:00-07:00,127.575399
1782984060,2026-07-02T02:21:00-07:00,127.575399
1782984120,2026-07-02T02:22:00-07:00,127.575399
1782984180,2026-07-02T02:23:00-07:00,127.575399
1782984240,2026-07-02T02:24:00-07:00,127.575399
1782984300,2026-07-02T02:25:00-07:00,123.190552
1782984360,2026-07-02T02:26:00-07:00,123.190552
1782984420,2026-07-02T02:27:00-07:00,123.190552
1782984480,2026-07-02T02:28:00-07:00,123.190552
1782984540,2026-07-02T02:29:00-07:00,123.190552
1782984600,2026-07-02T02:30:00-07:00,120.351359
1782984660,2026-07-02T02:31:00-07:00,120.351359
1782984720,2026-07-02T02:32:00-07:00,120.351359
1782984780,2026-07-02T02:33:00-07:00,120.351359
1782984840,2026-07-02T02:34:00-07:00,120.351359
1782984960,2026-07-02T02:36:00-07:00,139.804484
1782985020,2026-07-02T02:37:00-07:00,139.804484
1782985080,2026-07-02T02:38:00-07:00,139.804484
1782985140,2026-07-02T02:39:00-07:00,139.804484
1782985200,2026-07-02T02:40:00-07:00,139.804484
1782985260,2026-07-02T02:41:00-07:00,137.576783
1782985320,2026-07-02T02:42:00-07:00,137.576783
1782985380,2026-07-02T02:43:00-07:00,137.576783
1782985440,2026-07-02T02:44:00-07:00,137.576783
1782985500,2026-07-02T02:45:00-07:00,137.576783
1782985560,2026-07-02T02:46:00-07:00,132.989828
1782985620,2026-07-02T02:47:00-07:00,132.989828
1782985680,2026-07-02T02:48:00-07:00,132.989828
1782985740,2026-07-02T02:49:00-07:00,132.989828
1782985800,2026-07-02T02:50:00-07:00,132.989828
1782985980,2026-07-02T02:53:00-07:00,135.293091
1782986040,2026-07-02T02:54:00-07:00,135.293091
1782986100,2026-07-02T02:55:00-07:00,135.293091
1782986160,2026-07-02T02:56:00-07:00,135.293091
1782986220,2026-07-02T02:57:00-07:00,135.293091
1782986340,2026-07-02T02:59:00-07:00,102.472697
1782986400,2026-07-02T03:00:00-07:00,102.472697
1782986460,2026-07-02T03:01:00-07:00,102.472697
1782986520,2026-07-02T03:02:00-07:00,102.472697
1782986580,2026-07-02T03:03:00-07:00,102.472697
1782986640,2026-07-02T03:04:00-07:00,128.861531
1782986700,2026-07-02T03:05:00-07:00,128.861531
1782986760,2026-07-02T03:06:00-07:00,128.861531
1782986820,2026-07-02T03:07:00-07:00,128.861531
1782986880,2026-07-02T03:08:00-07:00,128.861531
1782986940,2026-07-02T03:09:00-07:00,116.378052
1782987000,2026-07-02T03:10:00-07:00,116.378052
1782987060,2026-07-02T03:11:00-07:00,116.378052
1782987120,2026-07-02T03:12:00-07:00,116.378052
1782987180,2026-07-02T03:13:00-07:00,116.378052
1782987240,2026-07-02T03:14:00-07:00,119.234172
1782987300,2026-07-02T03:15:00-07:00,119.234172
1782987360,2026-07-02T03:16:00-07:00,119.234172
1782987420,2026-07-02T03:17:00-07:00,119.234172
1782987480,2026-07-02T03:18:00-07:00,119.234172
1782987540,2026-07-02T03:19:00-07:00,144.099813
1782987600,2026-07-02T03:20:00-07:00,144.099813
1782987660,2026-07-02T03:21:00-07:00,144.099813
1782987720,2026-07-02T03:22:00-07:00,144.099813
1782987780,2026-07-02T03:23:00-07:00,144.099813
1782987900,2026-07-02T03:25:00-07:00,152.000447
1782987960,2026-07-02T03:26:00-07:00,152.000447
1782988020,2026-07-02T03:27:00-07:00,152.000447
1782988080,2026-07-02T03:28:00-07:00,152.000447
1782988140,2026-07-02T03:29:00-07:00,152.000447
1782988200,2026-07-02T03:30:00-07:00,112.171468
1782988260,2026-07-02T03:31:00-07:00,112.171468
1782988320,2026-07-02T03:32:00-07:00,112.171468
1782988380,2026-07-02T03:33:00-07:00,112.171468
1782988440,2026-07-02T03:34:00-07:00,112.171468
1782988500,2026-07-02T03:35:00-07:00,114.763265
1782988560,2026-07-02T03:36:00-07:00,114.763265
1782988620,2026-07-02T03:37:00-07:00,114.763265
1782988680,2026-07-02T03:38:00-07:00,114.763265
1782988740,2026-07-02T03:39:00-07:00,114.763265
1782988800,2026-07-02T03:40:00-07:00,119.763916
1782988860,2026-07-02T03:41:00-07:00,119.763916
1782988920,2026-07-02T03:42:00-07:00,119.763916
1782988980,2026-07-02T03:43:00-07:00,119.763916
1782989040,2026-07-02T03:44:00-07:00,119.763916
1782989100,2026-07-02T03:45:00-07:00,121.316528
1782989160,2026-07-02T03:46:00-07:00,121.316528
1782989220,2026-07-02T03:47:00-07:00,121.316528
1782989280,2026-07-02T03:48:00-07:00,121.316528
1782989340,2026-07-02T03:49:00-07:00,121.316528
1782989460,2026-07-02T03:51:00-07:00,133.807536
1782989520,2026-07-02T03:52:00-07:00,133.807536
1782989580,2026-07-02T03:53:00-07:00,133.807536
1782989640,2026-07-02T03:54:00-07:00,133.807536
1782989700,2026-07-02T03:55:00-07:00,133.807536
1782989760,2026-07-02T03:56:00-07:00,120.493531
1782989820,2026-07-02T03:57:00-07:00,120.493531
1782989880,2026-07-02T03:58:00-07:00,120.493531
1782989940,2026-07-02T03:59:00-07:00,120.493531
1782990000,2026-07-02T04:00:00-07:00,120.493531
1782990120,2026-07-02T04:02:00-07:00,136.557007
1782990180,2026-07-02T04:03:00-07:00,136.557007
1782990240,2026-07-02T04:04:00-07:00,136.557007
1782990300,2026-07-02T04:05:00-07:00,136.557007
1782990360,2026-07-02T04:06:00-07:00,136.557007
1782990420,2026-07-02T04:07:00-07:00,102.668661
1782990480,2026-07-02T04:08:00-07:00,102.668661
1782990540,2026-07-02T04:09:00-07:00,102.668661
1782990600,2026-07-02T04:10:00-07:00,102.668661
1782990660,2026-07-02T04:11:00-07:00,102.668661
1782990720,2026-07-02T04:12:00-07:00,132.68103
1782990780,2026-07-02T04:13:00-07:00,132.68103
1782990840,2026-07-02T04:14:00-07:00,132.68103
1782990900,2026-07-02T04:15:00-07:00,132.68103
1782990960,2026-07-02T04:16:00-07:00,132.68103
1782991080,2026-07-02T04:18:00-07:00,102.791911
1782991140,2026-07-02T04:19:00-07:00,102.791911
1782991200,2026-07-02T04:20:00-07:00,102.791911
1782991260,2026-07-02T04:21:00-07:00,102.791911
1782991320,2026-07-02T04:22:00-07:00,102.791911
1782991440,2026-07-02T04:24:00-07:00,110.174275
1782991500,2026-07-02T04:25:00-07:00,110.174275
1782991560,2026-07-02T04:26:00-07:00,110.174275
1782991620,2026-07-02T04:27:00-07:00,110.174275
1782991680,2026-07-02T04:28:00-07:00,110.174275
1782991740,2026-07-02T04:29:00-07:00,108.75
1782991800,2026-07-02T04:30:00-07:00,108.75
1782991860,2026-07-02T04:31:00-07:00,108.75
1782991920,2026-07-02T04:32:00-07:00,108.75
1782991980,2026-07-02T04:33:00-07:00,108.75
1782992100,2026-07-02T04:35:00-07:00,120.234497
1782992160,2026-07-02T04:36:00-07:00,120.234497
1782992220,2026-07-02T04:37:00-07:00,120.234497
1782992280,2026-07-02T04:38:00-07:00,120.234497
1782992340,2026-07-02T04:39:00-07:00,120.234497
1782992460,2026-07-02T04:41:00-07:00,118.717285
1782992520,2026-07-02T04:42:00-07:00,118.717285
1782992580,2026-07-02T04:43:00-07:00,118.717285
1782992640,2026-07-02T04:44:00-07:00,118.717285
1782992700,2026-07-02T04:45:00-07:00,118.717285
1782992760,2026-07-02T04:46:00-07:00,119.060384
1782992820,2026-07-02T04:47:00-07:00,119.060384
1782992880,2026-07-02T04:48:00-07:00,119.060384
1782992940,2026-07-02T04:49:00-07:00,119.060384
1782993000,2026-07-02T04:50:00-07:00,119.060384
1782993060,2026-07-02T04:51:00-07:00,112.076864
1782993120,2026-07-02T04:52:00-07:00,112.076864
1782993180,2026-07-02T04:53:00-07:00,112.076864
1782993240,2026-07-02T04:54:00-07:00,112.076864
1782993300,2026-07-02T04:55:00-07:00,112.076864
1782993420,2026-07-02T04:57:00-07:00,128.045369
1782993480,2026-07-02T04:58:00-07:00,128.045369
1782993540,2026-07-02T04:59:00-07:00,128.045369
1782993600,2026-07-02T05:00:00-07:00,128.045369
1782993660,2026-07-02T05:01:00-07:00,128.045369
1782993720,2026-07-02T05:02:00-07:00,110.861694
1782993780,2026-07-02T05:03:00-07:00,110.861694
1782993840,2026-07-02T05:04:00-07:00,110.861694
1782993900,2026-07-02T05:05:00-07:00,110.861694
1782993960,2026-07-02T05:06:00-07:00,110.861694
1782994080,2026-07-02T05:08:00-07:00,115.748616
1782994140,2026-07-02T05:09:00-07:00,115.748616
1782994200,2026-07-02T05:10:00-07:00,115.748616
1782994260,2026-07-02T05:11:00-07:00,115.748616
1782994320,2026-07-02T05:12:00-07:00,115.748616
1782994380,2026-07-02T05:13:00-07:00,121.003337
1782994440,2026-07-02T05:14:00-07:00,121.003337
1782994500,2026-07-02T05:15:00-07:00,121.003337
1782994560,2026-07-02T05:16:00-07:00,121.003337
1782994620,2026-07-02T05:17:00-07:00,121.003337
1782994680,2026-07-02T05:18:00-07:00,119.494629
1782994740,2026-07-02T05:19:00-07:00,119.494629
1782994800,2026-07-02T05:20:00-07:00,119.494629
1782994860,2026-07-02T05:21:00-07:00,119.494629
1782994920,2026-07-02T05:22:00-07:00,119.494629
1782995040,2026-07-02T05:24:00-07:00,122.829305
1782995100,2026-07-02T05:25:00-07:00,122.829305
1782995160,2026-07-02T05:26:00-07:00,122.829305
1782995220,2026-07-02T05:27:00-07:00,122.829305
1782995280,2026-07-02T05:28:00-07:00,122.829305
1782995400,2026-07-02T05:30:00-07:00,125.520914
1782995460,2026-07-02T05:31:00-07:00,125.520914
1782995520,2026-07-02T05:32:00-07:00,125.520914
1782995580,2026-07-02T05:33:00-07:00,125.520914
1782995640,2026-07-02T05:34:00-07:00,125.520914
1782995700,2026-07-02T05:35:00-07:00,100.329753
1782995760,2026-07-02T05:36:00-07:00,100.329753
1782995820,2026-07-02T05:37:00-07:00,100.329753
1782995880,2026-07-02T05:38:00-07:00,100.329753
1782995940,2026-07-02T05:39:00-07:00,100.329753
1782996000,2026-07-02T05:40:00-07:00,103.051555
1782996060,2026-07-02T05:41:00-07:00,103.051555
1782996120,2026-07-02T05:42:00-07:00,103.051555
1782996180,2026-07-02T05:43:00-07:00,103.051555
1782996240,2026-07-02T05:44:00-07:00,103.051555
1782996300,2026-07-02T05:45:00-07:00,187.454834
1782996360,2026-07-02T05:46:00-07:00,187.454834
1782996420,2026-07-02T05:47:00-07:00,187.454834
1782996480,2026-07-02T05:48:00-07:00,187.454834
1782996540,2026-07-02T05:49:00-07:00,187.454834
1782996600,2026-07-02T05:50:00-07:00,80.22526
1782996660,2026-07-02T05:51:00-07:00,80.22526
1782996720,2026-07-02T05:52:00-07:00,80.22526
1782996780,2026-07-02T05:53:00-07:00,80.22526
1782996840,2026-07-02T05:54:00-07:00,80.22526
1782998100,2026-07-02T06:15:00-07:00,103.494263
1782998160,2026-07-02T06:16:00-07:00,103.494263
1782998220,2026-07-02T06:17:00-07:00,103.494263
1782998280,2026-07-02T06:18:00-07:00,103.494263
1782998340,2026-07-02T06:19:00-07:00,103.494263
1782998400,2026-07-02T06:20:00-07:00,90.318807
1782998460,2026-07-02T06:21:00-07:00,90.318807
1782998520,2026-07-02T06:22:00-07:00,90.318807
1782998580,2026-07-02T06:23:00-07:00,90.318807
1782998640,2026-07-02T06:24:00-07:00,90.318807
1782998700,2026-07-02T06:25:00-07:00,101.199178
1782998760,2026-07-02T06:26:00-07:00,101.199178
1782998820,2026-07-02T06:27:00-07:00,101.199178
1782998880,2026-07-02T06:28:00-07:00,101.199178
1782998940,2026-07-02T06:29:00-07:00,101.199178
1782999000,2026-07-02T06:30:00-07:00,102.947388
1782999060,2026-07-02T06:31:00-07:00,102.947388
1782999120,2026-07-02T06:32:00-07:00,102.947388
1782999180,2026-07-02T06:33:00-07:00,102.947388
1782999240,2026-07-02T06:34:00-07:00,102.947388
1782999360,2026-07-02T06:36:00-07:00,115.599731
1782999420,2026-07-02T06:37:00-07:00,115.599731
1782999480,2026-07-02T06:38:00-07:00,115.599731
1782999540,2026-07-02T06:39:00-07:00,115.599731
1782999600,2026-07-02T06:40:00-07:00,115.599731
1782999960,2026-07-02T06:46:00-07:00,119.555298
1783000020,2026-07-02T06:47:00-07:00,119.555298
1783000080,2026-07-02T06:48:00-07:00,119.555298
1783000140,2026-07-02T06:49:00-07:00,119.555298
1783000200,2026-07-02T06:50:00-07:00,119.555298
1783000260,2026-07-02T06:51:00-07:00,267.774129
1783000320,2026-07-02T06:52:00-07:00,267.774129
1783000380,2026-07-02T06:53:00-07:00,267.774129
1783000440,2026-07-02T06:54:00-07:00,267.774129
1783000500,2026-07-02T06:55:00-07:00,267.774129
1783000560,2026-07-02T06:56:00-07:00,114.628052
1783000620,2026-07-02T06:57:00-07:00,114.628052
1783000680,2026-07-02T06:58:00-07:00,114.628052
1783000740,2026-07-02T06:59:00-07:00,114.628052
1783000800,2026-07-02T07:00:00-07:00,114.628052
1783000860,2026-07-02T07:01:00-07:00,110.625081
1783000920,2026-07-02T07:02:00-07:00,110.625081
1783000980,2026-07-02T07:03:00-07:00,110.625081
1783001040,2026-07-02T07:04:00-07:00,110.625081
1783001100,2026-07-02T07:05:00-07:00,110.625081
1783001160,2026-07-02T07:06:00-07:00,105.034383
1783001220,2026-07-02T07:07:00-07:00,105.034383
1783001280,2026-07-02T07:08:00-07:00,105.034383
1783001340,2026-07-02T07:09:00-07:00,105.034383
1783001400,2026-07-02T07:10:00-07:00,105.034383
1783001460,2026-07-02T07:11:00-07:00,126.193238
1783001520,2026-07-02T07:12:00-07:00,126.193238
1783001580,2026-07-02T07:13:00-07:00,126.193238
1783001640,2026-07-02T07:14:00-07:00,126.193238
1783001700,2026-07-02T07:15:00-07:00,126.193238
1783001760,2026-07-02T07:16:00-07:00,135.769532
1783001820,2026-07-02T07:17:00-07:00,135.769532
1783001880,2026-07-02T07:18:00-07:00,135.769532
1783001940,2026-07-02T07:19:00-07:00,135.769532
1783002000,2026-07-02T07:20:00-07:00,135.769532
1783002180,2026-07-02T07:23:00-07:00,109.784343
1783002240,2026-07-02T07:24:00-07:00,109.784343
1783002300,2026-07-02T07:25:00-07:00,109.784343
1783002360,2026-07-02T07:26:00-07:00,109.784343
1783002420,2026-07-02T07:27:00-07:00,109.784343
1783002480,2026-07-02T07:28:00-07:00,104.120118
1783002540,2026-07-02T07:29:00-07:00,104.120118
1783002600,2026-07-02T07:30:00-07:00,104.120118
1783002660,2026-07-02T07:31:00-07:00,104.120118
1783002720,2026-07-02T07:32:00-07:00,104.120118
1783002780,2026-07-02T07:33:00-07:00,185.826498
1783002840,2026-07-02T07:34:00-07:00,185.826498
1783002900,2026-07-02T07:35:00-07:00,185.826498
1783002960,2026-07-02T07:36:00-07:00,185.826498
1783003020,2026-07-02T07:37:00-07:00,185.826498
1783003140,2026-07-02T07:39:00-07:00,106.858195
1783003200,2026-07-02T07:40:00-07:00,106.858195
1783003260,2026-07-02T07:41:00-07:00,106.858195
1783003320,2026-07-02T07:42:00-07:00,106.858195
1783003380,2026-07-02T07:43:00-07:00,106.858195
1783003440,2026-07-02T07:44:00-07:00,109.350138
1783003500,2026-07-02T07:45:00-07:00,109.350138
1783003560,2026-07-02T07:46:00-07:00,109.350138
1783003620,2026-07-02T07:47:00-07:00,109.350138
1783003680,2026-07-02T07:48:00-07:00,109.350138
1783003800,2026-07-02T07:50:00-07:00,119.068929
1783003860,2026-07-02T07:51:00-07:00,119.068929
1783003920,2026-07-02T07:52:00-07:00,119.068929
1783003980,2026-07-02T07:53:00-07:00,119.068929
1783004040,2026-07-02T07:54:00-07:00,119.068929
1783004160,2026-07-02T07:56:00-07:00,114.287557
1783004220,2026-07-02T07:57:00-07:00,114.287557
1783004280,2026-07-02T07:58:00-07:00,114.287557
1783004340,2026-07-02T07:59:00-07:00,114.287557
1783004400,2026-07-02T08:00:00-07:00,114.287557
1783004520,2026-07-02T08:02:00-07:00,114.332072
1783004580,2026-07-02T08:03:00-07:00,114.332072
1783004640,2026-07-02T08:04:00-07:00,114.332072
1783004700,2026-07-02T08:05:00-07:00,114.332072
1783004760,2026-07-02T08:06:00-07:00,114.332072
1783004880,2026-07-02T08:08:00-07:00,127.577637
1783004940,2026-07-02T08:09:00-07:00,127.577637
1783005000,2026-07-02T08:10:00-07:00,127.577637
1783005060,2026-07-02T08:11:00-07:00,127.577637
1783005120,2026-07-02T08:12:00-07:00,127.577637
1783005180,2026-07-02T08:13:00-07:00,138.625448
1783005240,2026-07-02T08:14:00-07:00,138.625448
1783005300,2026-07-02T08:15:00-07:00,138.625448
1783005360,2026-07-02T08:16:00-07:00,138.625448
1783005420,2026-07-02T08:17:00-07:00,138.625448
1783005480,2026-07-02T08:18:00-07:00,122.300741
1783005540,2026-07-02T08:19:00-07:00,122.300741
1783005600,2026-07-02T08:20:00-07:00,122.300741
1783005660,2026-07-02T08:21:00-07:00,122.300741
1783005720,2026-07-02T08:22:00-07:00,122.300741
1783005900,2026-07-02T08:25:00-07:00,134.001994
1783005960,2026-07-02T08:26:00-07:00,134.001994
1783006020,2026-07-02T08:27:00-07:00,134.001994
1783006080,2026-07-02T08:28:00-07:00,134.001994
1783006140,2026-07-02T08:29:00-07:00,134.001994
1783006260,2026-07-02T08:31:00-07:00,106.440389
1783006320,2026-07-02T08:32:00-07:00,106.440389
1783006380,2026-07-02T08:33:00-07:00,106.440389
1783006440,2026-07-02T08:34:00-07:00,106.440389
1783006500,2026-07-02T08:35:00-07:00,106.440389
1783006620,2026-07-02T08:37:00-07:00,125.327963
1783006680,2026-07-02T08:38:00-07:00,125.327963
1783006740,2026-07-02T08:39:00-07:00,125.327963
1783006800,2026-07-02T08:40:00-07:00,125.327963
1783006860,2026-07-02T08:41:00-07:00,125.327963
1783006980,2026-07-02T08:43:00-07:00,128.922648
1783007040,2026-07-02T08:44:00-07:00,128.922648
1783007100,2026-07-02T08:45:00-07:00,128.922648
1783007160,2026-07-02T08:46:00-07:00,128.922648
1783007220,2026-07-02T08:47:00-07:00,128.922648
1783007400,2026-07-02T08:50:00-07:00,126.214193
1783007460,2026-07-02T08:51:00-07:00,126.214193
1783007520,2026-07-02T08:52:00-07:00,126.214193
1783007580,2026-07-02T08:53:00-07:00,126.214193
1783007640,2026-07-02T08:54:00-07:00,126.214193
1783008120,2026-07-02T09:02:00-07:00,84.3125
1783008180,2026-07-02T09:03:00-07:00,84.3125
1783008240,2026-07-02T09:04:00-07:00,84.3125
1783008300,2026-07-02T09:05:00-07:00,84.3125
1783008360,2026-07-02T09:06:00-07:00,84.3125
1783008480,2026-07-02T09:08:00-07:00,118.659343
1783008540,2026-07-02T09:09:00-07:00,118.659343
1783008600,2026-07-02T09:10:00-07:00,118.659343
1783008660,2026-07-02T09:11:00-07:00,118.659343
1783008720,2026-07-02T09:12:00-07:00,118.659343
1783008840,2026-07-02T09:14:00-07:00,104.469645
1783008900,2026-07-02T09:15:00-07:00,104.469645
1783008960,2026-07-02T09:16:00-07:00,104.469645
1783009020,2026-07-02T09:17:00-07:00,104.469645
1783009080,2026-07-02T09:18:00-07:00,104.469645
1783009680,2026-07-02T09:28:00-07:00,125.888957
1783009740,2026-07-02T09:29:00-07:00,125.888957
1783009800,2026-07-02T09:30:00-07:00,125.888957
1783009860,2026-07-02T09:31:00-07:00,125.888957
1783009920,2026-07-02T09:32:00-07:00,125.888957
1783009980,2026-07-02T09:33:00-07:00,105.843588
1783010040,2026-07-02T09:34:00-07:00,105.843588
1783010100,2026-07-02T09:35:00-07:00,105.843588
1783010160,2026-07-02T09:36:00-07:00,105.843588
1783010220,2026-07-02T09:37:00-07:00,105.843588
1783010340,2026-07-02T09:39:00-07:00,113.887329
1783010400,2026-07-02T09:40:00-07:00,113.887329
1783010460,2026-07-02T09:41:00-07:00,113.887329
1783010520,2026-07-02T09:42:00-07:00,113.887329
1783010580,2026-07-02T09:43:00-07:00,113.887329
1783010640,2026-07-02T09:44:00-07:00,126.971355
1783010700,2026-07-02T09:45:00-07:00,126.971355
1783010760,2026-07-02T09:46:00-07:00,126.971355
1783010820,2026-07-02T09:47:00-07:00,126.971355
1783010880,2026-07-02T09:48:00-07:00,126.971355
1783011000,2026-07-02T09:50:00-07:00,115.206381
1783011060,2026-07-02T09:51:00-07:00,115.206381
1783011120,2026-07-02T09:52:00-07:00,115.206381
1783011180,2026-07-02T09:53:00-07:00,115.206381
1783011240,2026-07-02T09:54:00-07:00,115.206381
1783011360,2026-07-02T09:56:00-07:00,103.931518
1783011420,2026-07-02T09:57:00-07:00,103.931518
1783011480,2026-07-02T09:58:00-07:00,103.931518
1783011540,2026-07-02T09:59:00-07:00,103.931518
1783011600,2026-07-02T10:00:00-07:00,103.931518
1783011780,2026-07-02T10:03:00-07:00,173.738526
1783011840,2026-07-02T10:04:00-07:00,173.738526
1783011900,2026-07-02T10:05:00-07:00,173.738526
1783011960,2026-07-02T10:06:00-07:00,173.738526
1783012020,2026-07-02T10:07:00-07:00,173.738526
1783012140,2026-07-02T10:09:00-07:00,120.227498
1783012200,2026-07-02T10:10:00-07:00,120.227498
1783012260,2026-07-02T10:11:00-07:00,120.227498
1783012320,2026-07-02T10:12:00-07:00,120.227498
1783012380,2026-07-02T10:13:00-07:00,120.227498
1783012440,2026-07-02T10:14:00-07:00,103.645386
1783012500,2026-07-02T10:15:00-07:00,103.645386
1783012560,2026-07-02T10:16:00-07:00,103.645386
1783012620,2026-07-02T10:17:00-07:00,103.645386
1783012680,2026-07-02T10:18:00-07:00,103.645386
1783012800,2026-07-02T10:20:00-07:00,127.482625
1783012860,2026-07-02T10:21:00-07:00,127.482625
1783012920,2026-07-02T10:22:00-07:00,127.482625
1783012980,2026-07-02T10:23:00-07:00,127.482625
1783013040,2026-07-02T10:24:00-07:00,127.482625
1783013160,2026-07-02T10:26:00-07:00,108.763509
1783013220,2026-07-02T10:27:00-07:00,108.763509
1783013280,2026-07-02T10:28:00-07:00,108.763509
1783013340,2026-07-02T10:29:00-07:00,108.763509
1783013400,2026-07-02T10:30:00-07:00,108.763509
1783013460,2026-07-02T10:31:00-07:00,112.858195
1783013520,2026-07-02T10:32:00-07:00,112.858195
1783013580,2026-07-02T10:33:00-07:00,112.858195
1783013640,2026-07-02T10:34:00-07:00,112.858195
1783013700,2026-07-02T10:35:00-07:00,112.858195
1783013760,2026-07-02T10:36:00-07:00,100.567953
1783013820,2026-07-02T10:37:00-07:00,100.567953
1783013880,2026-07-02T10:38:00-07:00,100.567953
1783013940,2026-07-02T10:39:00-07:00,100.567953
1783014000,2026-07-02T10:40:00-07:00,100.567953
1783014060,2026-07-02T10:41:00-07:00,128.027873
1783014120,2026-07-02T10:42:00-07:00,128.027873
1783014180,2026-07-02T10:43:00-07:00,128.027873
1783014240,2026-07-02T10:44:00-07:00,128.027873
1783014300,2026-07-02T10:45:00-07:00,128.027873
1783014420,2026-07-02T10:47:00-07:00,158.561605
1783014480,2026-07-02T10:48:00-07:00,158.561605
1783014540,2026-07-02T10:49:00-07:00,158.561605
1783014600,2026-07-02T10:50:00-07:00,158.561605
1783014660,2026-07-02T10:51:00-07:00,158.561605
1783014720,2026-07-02T10:52:00-07:00,118.239868
1783014780,2026-07-02T10:53:00-07:00,118.239868
1783014840,2026-07-02T10:54:00-07:00,118.239868
1783014900,2026-07-02T10:55:00-07:00,118.239868
1783014960,2026-07-02T10:56:00-07:00,118.239868
1783015140,2026-07-02T10:59:00-07:00,160.763183
1783015200,2026-07-02T11:00:00-07:00,160.763183
1783015260,2026-07-02T11:01:00-07:00,160.763183
1783015320,2026-07-02T11:02:00-07:00,160.763183
1783015380,2026-07-02T11:03:00-07:00,160.763183
1783015440,2026-07-02T11:04:00-07:00,109.591878
1783015500,2026-07-02T11:05:00-07:00,109.591878
1783015560,2026-07-02T11:06:00-07:00,109.591878
1783015620,2026-07-02T11:07:00-07:00,109.591878
1783015680,2026-07-02T11:08:00-07:00,109.591878
1783015800,2026-07-02T11:10:00-07:00,110.281738
1783015860,2026-07-02T11:11:00-07:00,110.281738
1783015920,2026-07-02T11:12:00-07:00,110.281738
1783015980,2026-07-02T11:13:00-07:00,110.281738
1783016040,2026-07-02T11:14:00-07:00,110.281738
1783016520,2026-07-02T11:22:00-07:00,110.204386
1783016580,2026-07-02T11:23:00-07:00,110.204386
1783016640,2026-07-02T11:24:00-07:00,110.204386
1783016700,2026-07-02T11:25:00-07:00,110.204386
1783016760,2026-07-02T11:26:00-07:00,110.204386
1783016940,2026-07-02T11:29:00-07:00,115.019409
1783017000,2026-07-02T11:30:00-07:00,115.019409
1783017060,2026-07-02T11:31:00-07:00,115.019409
1783017120,2026-07-02T11:32:00-07:00,115.019409
1783017180,2026-07-02T11:33:00-07:00,115.019409
1783017660,2026-07-02T11:41:00-07:00,96.670491
1783017720,2026-07-02T11:42:00-07:00,96.670491
1783017780,2026-07-02T11:43:00-07:00,96.670491
1783017840,2026-07-02T11:44:00-07:00,96.670491
1783017900,2026-07-02T11:45:00-07:00,96.670491
1783018020,2026-07-02T11:47:00-07:00,110.981893
1783018080,2026-07-02T11:48:00-07:00,110.981893
1783018140,2026-07-02T11:49:00-07:00,110.981893
1783018200,2026-07-02T11:50:00-07:00,110.981893
1783018260,2026-07-02T11:51:00-07:00,110.981893
1783018380,2026-07-02T11:53:00-07:00,118.202921
1783018440,2026-07-02T11:54:00-07:00,118.202921
1783018500,2026-07-02T11:55:00-07:00,118.202921
1783018560,2026-07-02T11:56:00-07:00,118.202921
1783018620,2026-07-02T11:57:00-07:00,118.202921
1783018680,2026-07-02T11:58:00-07:00,111.413941
1783018740,2026-07-02T11:59:00-07:00,111.413941
1783018800,2026-07-02T12:00:00-07:00,111.413941
1783018860,2026-07-02T12:01:00-07:00,111.413941
1783018920,2026-07-02T12:02:00-07:00,111.413941
1783018980,2026-07-02T12:03:00-07:00,111.263794
1783019040,2026-07-02T12:04:00-07:00,111.263794
1783019100,2026-07-02T12:05:00-07:00,111.263794
1783019160,2026-07-02T12:06:00-07:00,111.263794
1783019220,2026-07-02T12:07:00-07:00,111.263794
1783019280,2026-07-02T12:08:00-07:00,108.398316
1783019340,2026-07-02T12:09:00-07:00,108.398316
1783019400,2026-07-02T12:10:00-07:00,108.398316
1783019460,2026-07-02T12:11:00-07:00,108.398316
1783019520,2026-07-02T12:12:00-07:00,108.398316
1783019640,2026-07-02T12:14:00-07:00,105.290446
1783019700,2026-07-02T12:15:00-07:00,105.290446
1783019760,2026-07-02T12:16:00-07:00,105.290446
1783019820,2026-07-02T12:17:00-07:00,105.290446
1783019880,2026-07-02T12:18:00-07:00,105.290446
1783019940,2026-07-02T12:19:00-07:00,125.306071
1783020000,2026-07-02T12:20:00-07:00,125.306071
1783020060,2026-07-02T12:21:00-07:00,125.306071
1783020120,2026-07-02T12:22:00-07:00,125.306071
1783020180,2026-07-02T12:23:00-07:00,125.306071
1783020900,2026-07-02T12:35:00-07:00,107.066162
1783020960,2026-07-02T12:36:00-07:00,107.066162
1783021020,2026-07-02T12:37:00-07:00,107.066162
1783021080,2026-07-02T12:38:00-07:00,107.066162
1783021140,2026-07-02T12:39:00-07:00,107.066162
1783021200,2026-07-02T12:40:00-07:00,108.69165
1783021260,2026-07-02T12:41:00-07:00,108.69165
1783021320,2026-07-02T12:42:00-07:00,108.69165
1783021380,2026-07-02T12:43:00-07:00,108.69165
1783021440,2026-07-02T12:44:00-07:00,108.69165
1783021500,2026-07-02T12:45:00-07:00,110.014648
1783021560,2026-07-02T12:46:00-07:00,110.014648
1783021620,2026-07-02T12:47:00-07:00,110.014648
1783021680,2026-07-02T12:48:00-07:00,110.014648
1783021740,2026-07-02T12:49:00-07:00,110.014648
1783021860,2026-07-02T12:51:00-07:00,115.909505
1783021920,2026-07-02T12:52:00-07:00,115.909505
1783021980,2026-07-02T12:53:00-07:00,115.909505
1783022040,2026-07-02T12:54:00-07:00,115.909505
1783022100,2026-07-02T12:55:00-07:00,115.909505
1783022160,2026-07-02T12:56:00-07:00,91.536174
1783022220,2026-07-02T12:57:00-07:00,91.536174
1783022280,2026-07-02T12:58:00-07:00,91.536174
1783022340,2026-07-02T12:59:00-07:00,91.536174
1783022400,2026-07-02T13:00:00-07:00,91.536174
1783022460,2026-07-02T13:01:00-07:00,100.182211
1783022520,2026-07-02T13:02:00-07:00,100.182211
1783022580,2026-07-02T13:03:00-07:00,100.182211
1783022640,2026-07-02T13:04:00-07:00,100.182211
1783022700,2026-07-02T13:05:00-07:00,100.182211
1783022820,2026-07-02T13:07:00-07:00,108.541911
1783022880,2026-07-02T13:08:00-07:00,108.541911
1783022940,2026-07-02T13:09:00-07:00,108.541911
1783023000,2026-07-02T13:10:00-07:00,108.541911
1783023060,2026-07-02T13:11:00-07:00,108.541911
1783023180,2026-07-02T13:13:00-07:00,109.130453
1783023240,2026-07-02T13:14:00-07:00,109.130453
1783023300,2026-07-02T13:15:00-07:00,109.130453
1783023360,2026-07-02T13:16:00-07:00,109.130453
1783023420,2026-07-02T13:17:00-07:00,109.130453
1783023480,2026-07-02T13:18:00-07:00,101.509725
1783023540,2026-07-02T13:19:00-07:00,101.509725
1783023600,2026-07-02T13:20:00-07:00,101.509725
1783023660,2026-07-02T13:21:00-07:00,101.509725
1783023720,2026-07-02T13:22:00-07:00,101.509725
1783023900,2026-07-02T13:25:00-07:00,96.091146
1783023960,2026-07-02T13:26:00-07:00,96.091146
1783024020,2026-07-02T13:27:00-07:00,96.091146
1783024080,2026-07-02T13:28:00-07:00,96.091146
1783024140,2026-07-02T13:29:00-07:00,96.091146
1783024200,2026-07-02T13:30:00-07:00,99.627116
1783024260,2026-07-02T13:31:00-07:00,99.627116
1783024320,2026-07-02T13:32:00-07:00,99.627116
1783024380,2026-07-02T13:33:00-07:00,99.627116
1783024440,2026-07-02T13:34:00-07:00,99.627116
1783024500,2026-07-02T13:35:00-07:00,94.05778
1783024560,2026-07-02T13:36:00-07:00,94.05778
1783024620,2026-07-02T13:37:00-07:00,94.05778
1783024680,2026-07-02T13:38:00-07:00,94.05778
1783024740,2026-07-02T13:39:00-07:00,94.05778
1783024800,2026-07-02T13:40:00-07:00,92.542033
1783024860,2026-07-02T13:41:00-07:00,92.542033
1783024920,2026-07-02T13:42:00-07:00,92.542033
1783024980,2026-07-02T13:43:00-07:00,92.542033
1783025040,2026-07-02T13:44:00-07:00,92.542033
1783025160,2026-07-02T13:46:00-07:00,134.040528
1783025220,2026-07-02T13:47:00-07:00,134.040528
1783025280,2026-07-02T13:48:00-07:00,134.040528
1783025340,2026-07-02T13:49:00-07:00,134.040528
1783025400,2026-07-02T13:50:00-07:00,134.040528
1783025460,2026-07-02T13:51:00-07:00,155.62736
1783025520,2026-07-02T13:52:00-07:00,155.62736
1783025580,2026-07-02T13:53:00-07:00,155.62736
1783025640,2026-07-02T13:54:00-07:00,155.62736
1783025700,2026-07-02T13:55:00-07:00,155.62736
1783025760,2026-07-02T13:56:00-07:00,144.488363
1783025820,2026-07-02T13:57:00-07:00,144.488363
1783025880,2026-07-02T13:58:00-07:00,144.488363
1783025940,2026-07-02T13:59:00-07:00,144.488363
1783026000,2026-07-02T14:00:00-07:00,144.488363
1783026060,2026-07-02T14:01:00-07:00,94.605794
1783026120,2026-07-02T14:02:00-07:00,94.605794
1783026180,2026-07-02T14:03:00-07:00,94.605794
1783026240,2026-07-02T14:04:00-07:00,94.605794
1783026300,2026-07-02T14:05:00-07:00,94.605794
1783026420,2026-07-02T14:07:00-07:00,110.316203
1783026480,2026-07-02T14:08:00-07:00,110.316203
1783026540,2026-07-02T14:09:00-07:00,110.316203
1783026600,2026-07-02T14:10:00-07:00,110.316203
1783026660,2026-07-02T14:11:00-07:00,110.316203
1783026780,2026-07-02T14:13:00-07:00,106.322672
1783026840,2026-07-02T14:14:00-07:00,106.322672
1783026900,2026-07-02T14:15:00-07:00,106.322672
1783026960,2026-07-02T14:16:00-07:00,106.322672
1783027020,2026-07-02T14:17:00-07:00,106.322672
1783027140,2026-07-02T14:19:00-07:00,121.450806
1783027200,2026-07-02T14:20:00-07:00,121.450806
1783027260,2026-07-02T14:21:00-07:00,121.450806
1783027320,2026-07-02T14:22:00-07:00,121.450806
1783027380,2026-07-02T14:23:00-07:00,121.450806
1783027500,2026-07-02T14:25:00-07:00,110.746135
1783027560,2026-07-02T14:26:00-07:00,110.746135
1783027620,2026-07-02T14:27:00-07:00,110.746135
1783027680,2026-07-02T14:28:00-07:00,110.746135
1783027740,2026-07-02T14:29:00-07:00,110.746135
1783027800,2026-07-02T14:30:00-07:00,185.550089
1783027860,2026-07-02T14:31:00-07:00,185.550089
1783027920,2026-07-02T14:32:00-07:00,185.550089
1783027980,2026-07-02T14:33:00-07:00,185.550089
1783028040,2026-07-02T14:34:00-07:00,185.550089
1783028160,2026-07-02T14:36:00-07:00,231.653117
1783028220,2026-07-02T14:37:00-07:00,231.653117
1783028280,2026-07-02T14:38:00-07:00,231.653117
1783028340,2026-07-02T14:39:00-07:00,231.653117
1783028400,2026-07-02T14:40:00-07:00,231.653117
1783028520,2026-07-02T14:42:00-07:00,109.616211
1783028580,2026-07-02T14:43:00-07:00,109.616211
1783028640,2026-07-02T14:44:00-07:00,109.616211
1783028700,2026-07-02T14:45:00-07:00,109.616211
1783028760,2026-07-02T14:46:00-07:00,109.616211
1783028820,2026-07-02T14:47:00-07:00,99.643717
1783028880,2026-07-02T14:48:00-07:00,99.643717
1783028940,2026-07-02T14:49:00-07:00,99.643717
1783029000,2026-07-02T14:50:00-07:00,99.643717
1783029060,2026-07-02T14:51:00-07:00,99.643717
1783029120,2026-07-02T14:52:00-07:00,168.744996
1783029180,2026-07-02T14:53:00-07:00,168.744996
1783029240,2026-07-02T14:54:00-07:00,168.744996
1783029300,2026-07-02T14:55:00-07:00,168.744996
1783029360,2026-07-02T14:56:00-07:00,168.744996
1783029420,2026-07-02T14:57:00-07:00,114.881714
1783029480,2026-07-02T14:58:00-07:00,114.881714
1783029540,2026-07-02T14:59:00-07:00,114.881714
1783029600,2026-07-02T15:00:00-07:00,114.881714
1783029660,2026-07-02T15:01:00-07:00,114.881714
1783029720,2026-07-02T15:02:00-07:00,141.310181
1783029780,2026-07-02T15:03:00-07:00,141.310181
1783029840,2026-07-02T15:04:00-07:00,141.310181
1783029900,2026-07-02T15:05:00-07:00,141.310181
1783029960,2026-07-02T15:06:00-07:00,141.310181
1783030080,2026-07-02T15:08:00-07:00,127.883707
1783030140,2026-07-02T15:09:00-07:00,127.883707
1783030200,2026-07-02T15:10:00-07:00,127.883707
1783030260,2026-07-02T15:11:00-07:00,127.883707
1783030320,2026-07-02T15:12:00-07:00,127.883707
1783030380,2026-07-02T15:13:00-07:00,103.285197
1783030440,2026-07-02T15:14:00-07:00,103.285197
1783030500,2026-07-02T15:15:00-07:00,103.285197
1783030560,2026-07-02T15:16:00-07:00,103.285197
1783030620,2026-07-02T15:17:00-07:00,103.285197
1783030680,2026-07-02T15:18:00-07:00,142.553711
1783030740,2026-07-02T15:19:00-07:00,142.553711
1783030800,2026-07-02T15:20:00-07:00,142.553711
1783030860,2026-07-02T15:21:00-07:00,142.553711
1783030920,2026-07-02T15:22:00-07:00,142.553711
1783030980,2026-07-02T15:23:00-07:00,119.710328
1783031040,2026-07-02T15:24:00-07:00,119.710328
1783031100,2026-07-02T15:25:00-07:00,119.710328
1783031160,2026-07-02T15:26:00-07:00,119.710328
1783031220,2026-07-02T15:27:00-07:00,119.710328
1783031280,2026-07-02T15:28:00-07:00,144.823364
1783031340,2026-07-02T15:29:00-07:00,144.823364
1783031400,2026-07-02T15:30:00-07:00,144.823364
1783031460,2026-07-02T15:31:00-07:00,144.823364
1783031520,2026-07-02T15:32:00-07:00,144.823364
1783031880,2026-07-02T15:38:00-07:00,108.933187
1783031940,2026-07-02T15:39:00-07:00,108.933187
1783032000,2026-07-02T15:40:00-07:00,108.933187
1783032060,2026-07-02T15:41:00-07:00,108.933187
1783032120,2026-07-02T15:42:00-07:00,108.933187
1783032180,2026-07-02T15:43:00-07:00,131.315878
1783032240,2026-07-02T15:44:00-07:00,131.315878
1783032300,2026-07-02T15:45:00-07:00,131.315878
1783032360,2026-07-02T15:46:00-07:00,131.315878
1783032420,2026-07-02T15:47:00-07:00,131.315878
1783032480,2026-07-02T15:48:00-07:00,110.501994
1783032540,2026-07-02T15:49:00-07:00,110.501994
1783032600,2026-07-02T15:50:00-07:00,110.501994
1783032660,2026-07-02T15:51:00-07:00,110.501994
1783032720,2026-07-02T15:52:00-07:00,110.501994
1783032780,2026-07-02T15:53:00-07:00,124.529053
1783032840,2026-07-02T15:54:00-07:00,124.529053
1783032900,2026-07-02T15:55:00-07:00,124.529053
1783032960,2026-07-02T15:56:00-07:00,124.529053
1783033020,2026-07-02T15:57:00-07:00,124.529053
1783033080,2026-07-02T15:58:00-07:00,180.797771
1783033140,2026-07-02T15:59:00-07:00,180.797771
1783033200,2026-07-02T16:00:00-07:00,180.797771
1783033260,2026-07-02T16:01:00-07:00,180.797771
1783033320,2026-07-02T16:02:00-07:00,180.797771
1783033380,2026-07-02T16:03:00-07:00,129.419026
1783033440,2026-07-02T16:04:00-07:00,129.419026
1783033500,2026-07-02T16:05:00-07:00,129.419026
1783033560,2026-07-02T16:06:00-07:00,129.419026
1783033620,2026-07-02T16:07:00-07:00,129.419026
1783033680,2026-07-02T16:08:00-07:00,151.407064
1783033740,2026-07-02T16:09:00-07:00,151.407064
1783033800,2026-07-02T16:10:00-07:00,151.407064
1783033860,2026-07-02T16:11:00-07:00,151.407064
1783033920,2026-07-02T16:12:00-07:00,151.407064
1783034700,2026-07-02T16:25:00-07:00,122.312378
1783034760,2026-07-02T16:26:00-07:00,122.312378
1783034820,2026-07-02T16:27:00-07:00,122.312378
1783034880,2026-07-02T16:28:00-07:00,122.312378
1783034940,2026-07-02T16:29:00-07:00,122.312378
1783035000,2026-07-02T16:30:00-07:00,119.532715
1783035060,2026-07-02T16:31:00-07:00,119.532715
1783035120,2026-07-02T16:32:00-07:00,119.532715
1783035180,2026-07-02T16:33:00-07:00,119.532715
1783035240,2026-07-02T16:34:00-07:00,119.532715
1783035660,2026-07-02T16:41:00-07:00,151.110637
1783035720,2026-07-02T16:42:00-07:00,151.110637
1783035780,2026-07-02T16:43:00-07:00,151.110637
1783035840,2026-07-02T16:44:00-07:00,151.110637
1783035900,2026-07-02T16:45:00-07:00,151.110637
1783036020,2026-07-02T16:47:00-07:00,124.108643
1783036080,2026-07-02T16:48:00-07:00,124.108643
1783036140,2026-07-02T16:49:00-07:00,124.108643
1783036200,2026-07-02T16:50:00-07:00,124.108643
1783036260,2026-07-02T16:51:00-07:00,124.108643
1783036380,2026-07-02T16:53:00-07:00,98.44283
1783036440,2026-07-02T16:54:00-07:00,98.44283
1783036500,2026-07-02T16:55:00-07:00,98.44283
1783036560,2026-07-02T16:56:00-07:00,98.44283
1783036620,2026-07-02T16:57:00-07:00,98.44283
1783036680,2026-07-02T16:58:00-07:00,110.749064
1783036740,2026-07-02T16:59:00-07:00,110.749064
1783036800,2026-07-02T17:00:00-07:00,110.749064
1783036860,2026-07-02T17:01:00-07:00,110.749064
1783036920,2026-07-02T17:02:00-07:00,110.749064
1783036980,2026-07-02T17:03:00-07:00,93.752604
1783037040,2026-07-02T17:04:00-07:00,93.752604
1783037100,2026-07-02T17:05:00-07:00,93.752604
1783037160,2026-07-02T17:06:00-07:00,93.752604
1783037220,2026-07-02T17:07:00-07:00,93.752604
1783037400,2026-07-02T17:10:00-07:00,117.664266
1783037460,2026-07-02T17:11:00-07:00,117.664266
1783037520,2026-07-02T17:12:00-07:00,117.664266
1783037580,2026-07-02T17:13:00-07:00,117.664266
1783037640,2026-07-02T17:14:00-07:00,117.664266
1783038720,2026-07-02T17:32:00-07:00,128.674479
1783038780,2026-07-02T17:33:00-07:00,128.674479
1783038840,2026-07-02T17:34:00-07:00,128.674479
1783038900,2026-07-02T17:35:00-07:00,128.674479
1783038960,2026-07-02T17:36:00-07:00,128.674479
1783039380,2026-07-02T17:43:00-07:00,125.27889
1783039440,2026-07-02T17:44:00-07:00,125.27889
1783039500,2026-07-02T17:45:00-07:00,125.27889
1783039560,2026-07-02T17:46:00-07:00,125.27889
1783039620,2026-07-02T17:47:00-07:00,125.27889
1783039800,2026-07-02T17:50:00-07:00,134.401123
1783039860,2026-07-02T17:51:00-07:00,134.401123
1783039920,2026-07-02T17:52:00-07:00,134.401123
1783039980,2026-07-02T17:53:00-07:00,134.401123
1783040040,2026-07-02T17:54:00-07:00,134.401123
1783040460,2026-07-02T18:01:00-07:00,104.024739
1783040520,2026-07-02T18:02:00-07:00,104.024739
1783040580,2026-07-02T18:03:00-07:00,104.024739
1783040640,2026-07-02T18:04:00-07:00,104.024739
1783040700,2026-07-02T18:05:00-07:00,104.024739
1783040820,2026-07-02T18:07:00-07:00,131.303141
1783040880,2026-07-02T18:08:00-07:00,131.303141
1783040940,2026-07-02T18:09:00-07:00,131.303141
1783041000,2026-07-02T18:10:00-07:00,131.303141
1783041060,2026-07-02T18:11:00-07:00,131.303141
1783041480,2026-07-02T18:18:00-07:00,164.818197
1783041540,2026-07-02T18:19:00-07:00,164.818197
1783041600,2026-07-02T18:20:00-07:00,164.818197
1783041660,2026-07-02T18:21:00-07:00,164.818197
1783041720,2026-07-02T18:22:00-07:00,164.818197
1783042140,2026-07-02T18:29:00-07:00,123.857706
1783042200,2026-07-02T18:30:00-07:00,123.857706
1783042260,2026-07-02T18:31:00-07:00,123.857706
1783042320,2026-07-02T18:32:00-07:00,123.857706
1783042380,2026-07-02T18:33:00-07:00,123.857706
1783042800,2026-07-02T18:40:00-07:00,122.376505
1783042860,2026-07-02T18:41:00-07:00,122.376505
1783042920,2026-07-02T18:42:00-07:00,122.376505
1783042980,2026-07-02T18:43:00-07:00,122.376505
1783043040,2026-07-02T18:44:00-07:00,122.376505
1783043160,2026-07-02T18:46:00-07:00,89.098714
1783043220,2026-07-02T18:47:00-07:00,89.098714
1783043280,2026-07-02T18:48:00-07:00,89.098714
1783043340,2026-07-02T18:49:00-07:00,89.098714
1783043400,2026-07-02T18:50:00-07:00,89.098714
1783043520,2026-07-02T18:52:00-07:00,115.534749
1783043580,2026-07-02T18:53:00-07:00,115.534749
1783043640,2026-07-02T18:54:00-07:00,115.534749
1783043700,2026-07-02T18:55:00-07:00,115.534749
1783043760,2026-07-02T18:56:00-07:00,115.534749
1783044180,2026-07-02T19:03:00-07:00,132.52653
1783044240,2026-07-02T19:04:00-07:00,132.52653
1783044300,2026-07-02T19:05:00-07:00,132.52653
1783044360,2026-07-02T19:06:00-07:00,132.52653
1783044420,2026-07-02T19:07:00-07:00,132.52653
1783044600,2026-07-02T19:10:00-07:00,110.778809
1783044660,2026-07-02T19:11:00-07:00,110.778809
1783044720,2026-07-02T19:12:00-07:00,110.778809
1783044780,2026-07-02T19:13:00-07:00,110.778809
1783044840,2026-07-02T19:14:00-07:00,110.778809
1783045020,2026-07-02T19:17:00-07:00,134.791056
1783045080,2026-07-02T19:18:00-07:00,134.791056
1783045140,2026-07-02T19:19:00-07:00,134.791056
1783045200,2026-07-02T19:20:00-07:00,134.791056
1783045260,2026-07-02T19:21:00-07:00,134.791056
1783045380,2026-07-02T19:23:00-07:00,123.639404
1783045440,2026-07-02T19:24:00-07:00,123.639404
1783045500,2026-07-02T19:25:00-07:00,123.639404
1783045560,2026-07-02T19:26:00-07:00,123.639404
1783045620,2026-07-02T19:27:00-07:00,123.639404
1783045740,2026-07-02T19:29:00-07:00,127.484334
1783045800,2026-07-02T19:30:00-07:00,127.484334
1783045860,2026-07-02T19:31:00-07:00,127.484334
1783045920,2026-07-02T19:32:00-07:00,127.484334
1783045980,2026-07-02T19:33:00-07:00,127.484334
1783046100,2026-07-02T19:35:00-07:00,128.01823
1783046160,2026-07-02T19:36:00-07:00,128.01823
1783046220,2026-07-02T19:37:00-07:00,128.01823
1783046280,2026-07-02T19:38:00-07:00,128.01823
1783046340,2026-07-02T19:39:00-07:00,128.01823
1783046400,2026-07-02T19:40:00-07:00,122.975464
1783046460,2026-07-02T19:41:00-07:00,122.975464
1783046520,2026-07-02T19:42:00-07:00,122.975464
1783046580,2026-07-02T19:43:00-07:00,122.975464
1783046640,2026-07-02T19:44:00-07:00,122.975464
1783046760,2026-07-02T19:46:00-07:00,156.490235
1783046820,2026-07-02T19:47:00-07:00,156.490235
1783046880,2026-07-02T19:48:00-07:00,156.490235
1783046940,2026-07-02T19:49:00-07:00,156.490235
1783047000,2026-07-02T19:50:00-07:00,156.490235
1783047120,2026-07-02T19:52:00-07:00,139.352213
1783047180,2026-07-02T19:53:00-07:00,139.352213
1783047240,2026-07-02T19:54:00-07:00,139.352213
1783047300,2026-07-02T19:55:00-07:00,139.352213
1783047360,2026-07-02T19:56:00-07:00,139.352213
1783047900,2026-07-02T20:05:00-07:00,146.153687
1783047960,2026-07-02T20:06:00-07:00,146.153687
1783048020,2026-07-02T20:07:00-07:00,146.153687
1783048080,2026-07-02T20:08:00-07:00,146.153687
1783048140,2026-07-02T20:09:00-07:00,146.153687
1783048260,2026-07-02T20:11:00-07:00,136.048096
1783048320,2026-07-02T20:12:00-07:00,136.048096
1783048380,2026-07-02T20:13:00-07:00,136.048096
1783048440,2026-07-02T20:14:00-07:00,136.048096
1783048500,2026-07-02T20:15:00-07:00,136.048096
1783048560,2026-07-02T20:16:00-07:00,196.37264
1783048620,2026-07-02T20:17:00-07:00,196.37264
1783048680,2026-07-02T20:18:00-07:00,196.37264
1783048740,2026-07-02T20:19:00-07:00,196.37264
1783048800,2026-07-02T20:20:00-07:00,196.37264
1783048920,2026-07-02T20:22:00-07:00,117.878703
1783048980,2026-07-02T20:23:00-07:00,117.878703
1783049040,2026-07-02T20:24:00-07:00,117.878703
1783049100,2026-07-02T20:25:00-07:00,117.878703
1783049160,2026-07-02T20:26:00-07:00,117.878703
1783050060,2026-07-02T20:41:00-07:00,111.025879
1783050120,2026-07-02T20:42:00-07:00,111.025879
1783050180,2026-07-02T20:43:00-07:00,111.025879
1783050240,2026-07-02T20:44:00-07:00,111.025879
1783050300,2026-07-02T20:45:00-07:00,111.025879
1783050360,2026-07-02T20:46:00-07:00,106.533203
1783050420,2026-07-02T20:47:00-07:00,106.533203
1783050480,2026-07-02T20:48:00-07:00,106.533203
1783050540,2026-07-02T20:49:00-07:00,106.533203
1783050600,2026-07-02T20:50:00-07:00,106.533203
1783050720,2026-07-02T20:52:00-07:00,127.039104
1783050780,2026-07-02T20:53:00-07:00,127.039104
1783050840,2026-07-02T20:54:00-07:00,127.039104
1783050900,2026-07-02T20:55:00-07:00,127.039104
1783050960,2026-07-02T20:56:00-07:00,127.039104
1783051020,2026-07-02T20:57:00-07:00,125.561076
1783051080,2026-07-02T20:58:00-07:00,125.561076
1783051140,2026-07-02T20:59:00-07:00,125.561076
1783051200,2026-07-02T21:00:00-07:00,125.561076
1783051260,2026-07-02T21:01:00-07:00,125.561076
1783051440,2026-07-02T21:04:00-07:00,121.174602
1783051500,2026-07-02T21:05:00-07:00,121.174602
1783051560,2026-07-02T21:06:00-07:00,121.174602
1783051620,2026-07-02T21:07:00-07:00,121.174602
1783051680,2026-07-02T21:08:00-07:00,121.174602
1783051860,2026-07-02T21:11:00-07:00,142.637207
1783051920,2026-07-02T21:12:00-07:00,142.637207
1783051980,2026-07-02T21:13:00-07:00,142.637207
1783052040,2026-07-02T21:14:00-07:00,142.637207
1783052100,2026-07-02T21:15:00-07:00,142.637207
1783052520,2026-07-02T21:22:00-07:00,150.228597
1783052580,2026-07-02T21:23:00-07:00,150.228597
1783052640,2026-07-02T21:24:00-07:00,150.228597
1783052700,2026-07-02T21:25:00-07:00,150.228597
1783052760,2026-07-02T21:26:00-07:00,150.228597
1783052820,2026-07-02T21:27:00-07:00,125.208943
1783052880,2026-07-02T21:28:00-07:00,125.208943
1783052940,2026-07-02T21:29:00-07:00,125.208943
1783053000,2026-07-02T21:30:00-07:00,125.208943
1783053060,2026-07-02T21:31:00-07:00,125.208943
1783053780,2026-07-02T21:43:00-07:00,103.142375
1783053840,2026-07-02T21:44:00-07:00,103.142375
1783053900,2026-07-02T21:45:00-07:00,103.142375
1783053960,2026-07-02T21:46:00-07:00,103.142375
1783054020,2026-07-02T21:47:00-07:00,103.142375
1783054080,2026-07-02T21:48:00-07:00,170.784343
1783054140,2026-07-02T21:49:00-07:00,170.784343
1783054200,2026-07-02T21:50:00-07:00,170.784343
1783054260,2026-07-02T21:51:00-07:00,170.784343
1783054320,2026-07-02T21:52:00-07:00,170.784343
1783054380,2026-07-02T21:53:00-07:00,88.105998
1783054440,2026-07-02T21:54:00-07:00,88.105998
1783054500,2026-07-02T21:55:00-07:00,88.105998
1783054560,2026-07-02T21:56:00-07:00,88.105998
1783054620,2026-07-02T21:57:00-07:00,88.105998
1783054680,2026-07-02T21:58:00-07:00,197.48938
1783054740,2026-07-02T21:59:00-07:00,197.48938
1783054800,2026-07-02T22:00:00-07:00,197.48938
1783054860,2026-07-02T22:01:00-07:00,197.48938
1783054920,2026-07-02T22:02:00-07:00,197.48938
1783055040,2026-07-02T22:04:00-07:00,89.729004
1783055100,2026-07-02T22:05:00-07:00,89.729004
1783055160,2026-07-02T22:06:00-07:00,89.729004
1783055220,2026-07-02T22:07:00-07:00,89.729004
1783055280,2026-07-02T22:08:00-07:00,89.729004
1783055340,2026-07-02T22:09:00-07:00,123.102295
1783055400,2026-07-02T22:10:00-07:00,123.102295
1783055460,2026-07-02T22:11:00-07:00,123.102295
1783055520,2026-07-02T22:12:00-07:00,123.102295
1783055580,2026-07-02T22:13:00-07:00,123.102295
1783055640,2026-07-02T22:14:00-07:00,139.039998
1783055700,2026-07-02T22:15:00-07:00,139.039998
1783055760,2026-07-02T22:16:00-07:00,139.039998
1783055820,2026-07-02T22:17:00-07:00,139.039998
1783055880,2026-07-02T22:18:00-07:00,139.039998
1783055940,2026-07-02T22:19:00-07:00,113.421387
1783056000,2026-07-02T22:20:00-07:00,113.421387
1783056060,2026-07-02T22:21:00-07:00,113.421387
1783056120,2026-07-02T22:22:00-07:00,113.421387
1783056180,2026-07-02T22:23:00-07:00,113.421387
1783056240,2026-07-02T22:24:00-07:00,132.501343
1783056300,2026-07-02T22:25:00-07:00,132.501343
1783056360,2026-07-02T22:26:00-07:00,132.501343
1783056420,2026-07-02T22:27:00-07:00,132.501343
1783056480,2026-07-02T22:28:00-07:00,132.501343
1783056840,2026-07-02T22:34:00-07:00,152.2583
1783056900,2026-07-02T22:35:00-07:00,152.2583
1783056960,2026-07-02T22:36:00-07:00,152.2583
1783057020,2026-07-02T22:37:00-07:00,152.2583
1783057080,2026-07-02T22:38:00-07:00,152.2583
1783057140,2026-07-02T22:39:00-07:00,173.464925
1783057200,2026-07-02T22:40:00-07:00,173.464925
1783057260,2026-07-02T22:41:00-07:00,173.464925
1783057320,2026-07-02T22:42:00-07:00,173.464925
1783057380,2026-07-02T22:43:00-07:00,173.464925
1783057440,2026-07-02T22:44:00-07:00,144.195679
1783057500,2026-07-02T22:45:00-07:00,144.195679
1783057560,2026-07-02T22:46:00-07:00,144.195679
1783057620,2026-07-02T22:47:00-07:00,144.195679
1783057680,2026-07-02T22:48:00-07:00,144.195679
1783058040,2026-07-02T22:54:00-07:00,160.053751
1783058100,2026-07-02T22:55:00-07:00,160.053751
1783058160,2026-07-02T22:56:00-07:00,160.053751
1783058220,2026-07-02T22:57:00-07:00,160.053751
1783058280,2026-07-02T22:58:00-07:00,160.053751
1783058640,2026-07-02T23:04:00-07:00,1507.724284
1783058700,2026-07-02T23:05:00-07:00,1507.724284
1783058760,2026-07-02T23:06:00-07:00,1507.724284
1783058820,2026-07-02T23:07:00-07:00,1507.724284
1783058880,2026-07-02T23:08:00-07:00,1507.724284
1783059060,2026-07-02T23:11:00-07:00,663.447714
1783059120,2026-07-02T23:12:00-07:00,663.447714
1783059180,2026-07-02T23:13:00-07:00,663.447714
1783059240,2026-07-02T23:14:00-07:00,663.447714
1783059300,2026-07-02T23:15:00-07:00,663.447714
1783059360,2026-07-02T23:16:00-07:00,739.919882
1783059420,2026-07-02T23:17:00-07:00,739.919882
1783059480,2026-07-02T23:18:00-07:00,739.919882
1783059540,2026-07-02T23:19:00-07:00,739.919882
1783059600,2026-07-02T23:20:00-07:00,739.919882
1783059660,2026-07-02T23:21:00-07:00,1045.559001
1783059720,2026-07-02T23:22:00-07:00,1045.559001
1783059780,2026-07-02T23:23:00-07:00,1045.559001
1783059840,2026-07-02T23:24:00-07:00,1045.559001
1783059900,2026-07-02T23:25:00-07:00,1045.559001
1783060020,2026-07-02T23:27:00-07:00,2800.564699
1783060080,2026-07-02T23:28:00-07:00,2800.564699
1783060140,2026-07-02T23:29:00-07:00,2800.564699
1783060200,2026-07-02T23:30:00-07:00,2800.564699
1783060260,2026-07-02T23:31:00-07:00,2800.564699
1783060320,2026-07-02T23:32:00-07:00,289.447672
1783060380,2026-07-02T23:33:00-07:00,289.447672
1783060440,2026-07-02T23:34:00-07:00,289.447672
1783060500,2026-07-02T23:35:00-07:00,289.447672
1783060560,2026-07-02T23:36:00-07:00,289.447672
1783060620,2026-07-02T23:37:00-07:00,1173.136557
1783060680,2026-07-02T23:38:00-07:00,1173.136557
1783060740,2026-07-02T23:39:00-07:00,1173.136557
1783060800,2026-07-02T23:40:00-07:00,1173.136557
1783060860,2026-07-02T23:41:00-07:00,1173.136557
1783060920,2026-07-02T23:42:00-07:00,268.830892
1783060980,2026-07-02T23:43:00-07:00,268.830892
1783061040,2026-07-02T23:44:00-07:00,268.830892
1783061100,2026-07-02T23:45:00-07:00,268.830892
1783061160,2026-07-02T23:46:00-07:00,268.830892
1783061220,2026-07-02T23:47:00-07:00,178.868164
1783061280,2026-07-02T23:48:00-07:00,178.868164
1783061340,2026-07-02T23:49:00-07:00,178.868164
1783061400,2026-07-02T23:50:00-07:00,178.868164
1783061460,2026-07-02T23:51:00-07:00,178.868164
1783061640,2026-07-02T23:54:00-07:00,140.47286
1783061700,2026-07-02T23:55:00-07:00,140.47286
1783061760,2026-07-02T23:56:00-07:00,140.47286
1783061820,2026-07-02T23:57:00-07:00,140.47286
1783061880,2026-07-02T23:58:00-07:00,140.47286
1783061940,2026-07-02T23:59:00-07:00,249.509399
1783062000,2026-07-03T00:00:00-07:00,249.509399
1783062060,2026-07-03T00:01:00-07:00,249.509399
1783062120,2026-07-03T00:02:00-07:00,249.509399
1783062180,2026-07-03T00:03:00-07:00,249.509399
1783062240,2026-07-03T00:04:00-07:00,341.340088
1783062300,2026-07-03T00:05:00-07:00,341.340088
1783062360,2026-07-03T00:06:00-07:00,341.340088
1783062420,2026-07-03T00:07:00-07:00,341.340088
1783062480,2026-07-03T00:08:00-07:00,341.340088
1783062540,2026-07-03T00:09:00-07:00,1592.308472
1783062600,2026-07-03T00:10:00-07:00,1592.308472
1783062660,2026-07-03T00:11:00-07:00,1592.308472
1783062720,2026-07-03T00:12:00-07:00,1592.308472
1783062780,2026-07-03T00:13:00-07:00,1592.308472
1783062840,2026-07-03T00:14:00-07:00,333.976888
1783062900,2026-07-03T00:15:00-07:00,333.976888
1783062960,2026-07-03T00:16:00-07:00,333.976888
1783063020,2026-07-03T00:17:00-07:00,333.976888
1783063080,2026-07-03T00:18:00-07:00,333.976888
1783063140,2026-07-03T00:19:00-07:00,2736.085166
1783063200,2026-07-03T00:20:00-07:00,2736.085166
1783063260,2026-07-03T00:21:00-07:00,2736.085166
1783063320,2026-07-03T00:22:00-07:00,2736.085166
1783063380,2026-07-03T00:23:00-07:00,2736.085166
1783063500,2026-07-03T00:25:00-07:00,623.954753
1783063560,2026-07-03T00:26:00-07:00,623.954753
1783063620,2026-07-03T00:27:00-07:00,623.954753
1783063680,2026-07-03T00:28:00-07:00,623.954753
1783063740,2026-07-03T00:29:00-07:00,623.954753
1783063800,2026-07-03T00:30:00-07:00,427.458822
1783063860,2026-07-03T00:31:00-07:00,427.458822
1783063920,2026-07-03T00:32:00-07:00,427.458822
1783063980,2026-07-03T00:33:00-07:00,427.458822
1783064040,2026-07-03T00:34:00-07:00,427.458822
1783064100,2026-07-03T00:35:00-07:00,425.297771
1783064160,2026-07-03T00:36:00-07:00,425.297771
1783064220,2026-07-03T00:37:00-07:00,425.297771
1783064280,2026-07-03T00:38:00-07:00,425.297771
1783064340,2026-07-03T00:39:00-07:00,425.297771
1783064400,2026-07-03T00:40:00-07:00,158.803304
1783064460,2026-07-03T00:41:00-07:00,158.803304
1783064520,2026-07-03T00:42:00-07:00,158.803304
1783064580,2026-07-03T00:43:00-07:00,158.803304
1783064640,2026-07-03T00:44:00-07:00,158.803304
1783064760,2026-07-03T00:46:00-07:00,140.985637
1783064820,2026-07-03T00:47:00-07:00,140.985637
1783064880,2026-07-03T00:48:00-07:00,140.985637
1783064940,2026-07-03T00:49:00-07:00,140.985637
1783065000,2026-07-03T00:50:00-07:00,140.985637
1783065060,2026-07-03T00:51:00-07:00,117.146118
1783065120,2026-07-03T00:52:00-07:00,117.146118
1783065180,2026-07-03T00:53:00-07:00,117.146118
1783065240,2026-07-03T00:54:00-07:00,117.146118
1783065300,2026-07-03T00:55:00-07:00,117.146118
1783065360,2026-07-03T00:56:00-07:00,112.659261
1783065420,2026-07-03T00:57:00-07:00,112.659261
1783065480,2026-07-03T00:58:00-07:00,112.659261
1783065540,2026-07-03T00:59:00-07:00,112.659261
1783065600,2026-07-03T01:00:00-07:00,112.659261
1783065660,2026-07-03T01:01:00-07:00,126.322347
1783065720,2026-07-03T01:02:00-07:00,126.322347
1783065780,2026-07-03T01:03:00-07:00,126.322347
1783065840,2026-07-03T01:04:00-07:00,126.322347
1783065900,2026-07-03T01:05:00-07:00,126.322347
1783065960,2026-07-03T01:06:00-07:00,159.893717
1783066020,2026-07-03T01:07:00-07:00,159.893717
1783066080,2026-07-03T01:08:00-07:00,159.893717
1783066140,2026-07-03T01:09:00-07:00,159.893717
1783066200,2026-07-03T01:10:00-07:00,159.893717
1783066260,2026-07-03T01:11:00-07:00,139.647502
1783066320,2026-07-03T01:12:00-07:00,139.647502
1783066380,2026-07-03T01:13:00-07:00,139.647502
1783066440,2026-07-03T01:14:00-07:00,139.647502
1783066500,2026-07-03T01:15:00-07:00,139.647502
1783066620,2026-07-03T01:17:00-07:00,112.433349
1783066680,2026-07-03T01:18:00-07:00,112.433349
1783066740,2026-07-03T01:19:00-07:00,112.433349
1783066800,2026-07-03T01:20:00-07:00,112.433349
1783066860,2026-07-03T01:21:00-07:00,112.433349
1783066980,2026-07-03T01:23:00-07:00,105.611328
1783067040,2026-07-03T01:24:00-07:00,105.611328
1783067100,2026-07-03T01:25:00-07:00,105.611328
1783067160,2026-07-03T01:26:00-07:00,105.611328
1783067220,2026-07-03T01:27:00-07:00,105.611328
1783067340,2026-07-03T01:29:00-07:00,164.826945
1783067400,2026-07-03T01:30:00-07:00,164.826945
1783067460,2026-07-03T01:31:00-07:00,164.826945
1783067520,2026-07-03T01:32:00-07:00,164.826945
1783067580,2026-07-03T01:33:00-07:00,164.826945
1783067640,2026-07-03T01:34:00-07:00,119.841959
1783067700,2026-07-03T01:35:00-07:00,119.841959
1783067760,2026-07-03T01:36:00-07:00,119.841959
1783067820,2026-07-03T01:37:00-07:00,119.841959
1783067880,2026-07-03T01:38:00-07:00,119.841959
1783068000,2026-07-03T01:40:00-07:00,225.695394
1783068060,2026-07-03T01:41:00-07:00,225.695394
1783068120,2026-07-03T01:42:00-07:00,225.695394
1783068180,2026-07-03T01:43:00-07:00,225.695394
1783068240,2026-07-03T01:44:00-07:00,225.695394
1783068420,2026-07-03T01:47:00-07:00,177.92041
1783068480,2026-07-03T01:48:00-07:00,177.92041
1783068540,2026-07-03T01:49:00-07:00,177.92041
1783068600,2026-07-03T01:50:00-07:00,177.92041
1783068660,2026-07-03T01:51:00-07:00,177.92041
1783068720,2026-07-03T01:52:00-07:00,125.552571
1783068780,2026-07-03T01:53:00-07:00,125.552571
1783068840,2026-07-03T01:54:00-07:00,125.552571
1783068900,2026-07-03T01:55:00-07:00,125.552571
1783068960,2026-07-03T01:56:00-07:00,125.552571
1783069080,2026-07-03T01:58:00-07:00,129.6958
1783069140,2026-07-03T01:59:00-07:00,129.6958
1783069200,2026-07-03T02:00:00-07:00,129.6958
1783069260,2026-07-03T02:01:00-07:00,129.6958
1783069320,2026-07-03T02:02:00-07:00,129.6958
1783069380,2026-07-03T02:03:00-07:00,113.685547
1783069440,2026-07-03T02:04:00-07:00,113.685547
1783069500,2026-07-03T02:05:00-07:00,113.685547
1783069560,2026-07-03T02:06:00-07:00,113.685547
1783069620,2026-07-03T02:07:00-07:00,113.685547
1783069740,2026-07-03T02:09:00-07:00,498.352824
1783069800,2026-07-03T02:10:00-07:00,498.352824
1783069860,2026-07-03T02:11:00-07:00,498.352824
1783069920,2026-07-03T02:12:00-07:00,498.352824
1783069980,2026-07-03T02:13:00-07:00,498.352824
1783070100,2026-07-03T02:15:00-07:00,112.560059
1783070160,2026-07-03T02:16:00-07:00,112.560059
1783070220,2026-07-03T02:17:00-07:00,112.560059
1783070280,2026-07-03T02:18:00-07:00,112.560059
1783070340,2026-07-03T02:19:00-07:00,112.560059
1783070460,2026-07-03T02:21:00-07:00,107.243205
1783070520,2026-07-03T02:22:00-07:00,107.243205
1783070580,2026-07-03T02:23:00-07:00,107.243205
1783070640,2026-07-03T02:24:00-07:00,107.243205
1783070700,2026-07-03T02:25:00-07:00,107.243205
1783070820,2026-07-03T02:27:00-07:00,182.490601
1783070880,2026-07-03T02:28:00-07:00,182.490601
1783070940,2026-07-03T02:29:00-07:00,182.490601
1783071000,2026-07-03T02:30:00-07:00,182.490601
1783071060,2026-07-03T02:31:00-07:00,182.490601
1783071120,2026-07-03T02:32:00-07:00,104.5708
1783071180,2026-07-03T02:33:00-07:00,104.5708
1783071240,2026-07-03T02:34:00-07:00,104.5708
1783071300,2026-07-03T02:35:00-07:00,104.5708
1783071360,2026-07-03T02:36:00-07:00,104.5708
1783071480,2026-07-03T02:38:00-07:00,126.381388
1783071540,2026-07-03T02:39:00-07:00,126.381388
1783071600,2026-07-03T02:40:00-07:00,126.381388
1783071660,2026-07-03T02:41:00-07:00,126.381388
1783071720,2026-07-03T02:42:00-07:00,126.381388
1783071840,2026-07-03T02:44:00-07:00,96.962565
1783071900,2026-07-03T02:45:00-07:00,96.962565
1783071960,2026-07-03T02:46:00-07:00,96.962565
1783072020,2026-07-03T02:47:00-07:00,96.962565
1783072080,2026-07-03T02:48:00-07:00,96.962565
1783072140,2026-07-03T02:49:00-07:00,118.156087
1783072200,2026-07-03T02:50:00-07:00,118.156087
1783072260,2026-07-03T02:51:00-07:00,118.156087
1783072320,2026-07-03T02:52:00-07:00,118.156087
1783072380,2026-07-03T02:53:00-07:00,118.156087
1783072500,2026-07-03T02:55:00-07:00,120.793376
1783072560,2026-07-03T02:56:00-07:00,120.793376
1783072620,2026-07-03T02:57:00-07:00,120.793376
1783072680,2026-07-03T02:58:00-07:00,120.793376
1783072740,2026-07-03T02:59:00-07:00,120.793376
1783072800,2026-07-03T03:00:00-07:00,103.419637
1783072860,2026-07-03T03:01:00-07:00,103.419637
1783072920,2026-07-03T03:02:00-07:00,103.419637
1783072980,2026-07-03T03:03:00-07:00,103.419637
1783073040,2026-07-03T03:04:00-07:00,103.419637
1783073100,2026-07-03T03:05:00-07:00,115.225464
1783073160,2026-07-03T03:06:00-07:00,115.225464
1783073220,2026-07-03T03:07:00-07:00,115.225464
1783073280,2026-07-03T03:08:00-07:00,115.225464
1783073340,2026-07-03T03:09:00-07:00,115.225464
1783073400,2026-07-03T03:10:00-07:00,103.228475
1783073460,2026-07-03T03:11:00-07:00,103.228475
1783073520,2026-07-03T03:12:00-07:00,103.228475
1783073580,2026-07-03T03:13:00-07:00,103.228475
1783073640,2026-07-03T03:14:00-07:00,103.228475
1783073760,2026-07-03T03:16:00-07:00,123.099772
1783073820,2026-07-03T03:17:00-07:00,123.099772
1783073880,2026-07-03T03:18:00-07:00,123.099772
1783073940,2026-07-03T03:19:00-07:00,123.099772
1783074000,2026-07-03T03:20:00-07:00,123.099772
1783074120,2026-07-03T03:22:00-07:00,148.110107
1783074180,2026-07-03T03:23:00-07:00,148.110107
1783074240,2026-07-03T03:24:00-07:00,148.110107
1783074300,2026-07-03T03:25:00-07:00,148.110107
1783074360,2026-07-03T03:26:00-07:00,148.110107
1783074420,2026-07-03T03:27:00-07:00,132.815674
1783074480,2026-07-03T03:28:00-07:00,132.815674
1783074540,2026-07-03T03:29:00-07:00,132.815674
1783074600,2026-07-03T03:30:00-07:00,132.815674
1783074660,2026-07-03T03:31:00-07:00,132.815674
1783074720,2026-07-03T03:32:00-07:00,130.316365
1783074780,2026-07-03T03:33:00-07:00,130.316365
1783074840,2026-07-03T03:34:00-07:00,130.316365
1783074900,2026-07-03T03:35:00-07:00,130.316365
1783074960,2026-07-03T03:36:00-07:00,130.316365
1783075080,2026-07-03T03:38:00-07:00,108.346436
1783075140,2026-07-03T03:39:00-07:00,108.346436
1783075200,2026-07-03T03:40:00-07:00,108.346436
1783075260,2026-07-03T03:41:00-07:00,108.346436
1783075320,2026-07-03T03:42:00-07:00,108.346436
1783075440,2026-07-03T03:44:00-07:00,111.049153
1783075500,2026-07-03T03:45:00-07:00,111.049153
1783075560,2026-07-03T03:46:00-07:00,111.049153
1783075620,2026-07-03T03:47:00-07:00,111.049153
1783075680,2026-07-03T03:48:00-07:00,111.049153
1783075740,2026-07-03T03:49:00-07:00,95.210286
1783075800,2026-07-03T03:50:00-07:00,95.210286
1783075860,2026-07-03T03:51:00-07:00,95.210286
1783075920,2026-07-03T03:52:00-07:00,95.210286
1783075980,2026-07-03T03:53:00-07:00,95.210286
1783076040,2026-07-03T03:54:00-07:00,119.747192
1783076100,2026-07-03T03:55:00-07:00,119.747192
1783076160,2026-07-03T03:56:00-07:00,119.747192
1783076220,2026-07-03T03:57:00-07:00,119.747192
1783076280,2026-07-03T03:58:00-07:00,119.747192
1783076400,2026-07-03T04:00:00-07:00,128.784953
1783076460,2026-07-03T04:01:00-07:00,128.784953
1783076520,2026-07-03T04:02:00-07:00,128.784953
1783076580,2026-07-03T04:03:00-07:00,128.784953
1783076640,2026-07-03T04:04:00-07:00,128.784953
1783076700,2026-07-03T04:05:00-07:00,127.451375
1783076760,2026-07-03T04:06:00-07:00,127.451375
1783076820,2026-07-03T04:07:00-07:00,127.451375
1783076880,2026-07-03T04:08:00-07:00,127.451375
1783076940,2026-07-03T04:09:00-07:00,127.451375
1783077000,2026-07-03T04:10:00-07:00,74.417724
1783077060,2026-07-03T04:11:00-07:00,74.417724
1783077120,2026-07-03T04:12:00-07:00,74.417724
1783077180,2026-07-03T04:13:00-07:00,74.417724
1783077240,2026-07-03T04:14:00-07:00,74.417724
1783077300,2026-07-03T04:15:00-07:00,99.578817
1783077360,2026-07-03T04:16:00-07:00,99.578817
1783077420,2026-07-03T04:17:00-07:00,99.578817
1783077480,2026-07-03T04:18:00-07:00,99.578817
1783077540,2026-07-03T04:19:00-07:00,99.578817
1783077600,2026-07-03T04:20:00-07:00,112.971151
1783077660,2026-07-03T04:21:00-07:00,112.971151
1783077720,2026-07-03T04:22:00-07:00,112.971151
1783077780,2026-07-03T04:23:00-07:00,112.971151
1783077840,2026-07-03T04:24:00-07:00,112.971151
1783077900,2026-07-03T04:25:00-07:00,125.185343
1783077960,2026-07-03T04:26:00-07:00,125.185343
1783078020,2026-07-03T04:27:00-07:00,125.185343
1783078080,2026-07-03T04:28:00-07:00,125.185343
1783078140,2026-07-03T04:29:00-07:00,125.185343
1783078200,2026-07-03T04:30:00-07:00,117.51949
1783078260,2026-07-03T04:31:00-07:00,117.51949
1783078320,2026-07-03T04:32:00-07:00,117.51949
1783078380,2026-07-03T04:33:00-07:00,117.51949
1783078440,2026-07-03T04:34:00-07:00,117.51949
1783078500,2026-07-03T04:35:00-07:00,119.046306
1783078560,2026-07-03T04:36:00-07:00,119.046306
1783078620,2026-07-03T04:37:00-07:00,119.046306
1783078680,2026-07-03T04:38:00-07:00,119.046306
1783078740,2026-07-03T04:39:00-07:00,119.046306
1783078800,2026-07-03T04:40:00-07:00,105.096313
1783078860,2026-07-03T04:41:00-07:00,105.096313
1783078920,2026-07-03T04:42:00-07:00,105.096313
1783078980,2026-07-03T04:43:00-07:00,105.096313
1783079040,2026-07-03T04:44:00-07:00,105.096313
1783079160,2026-07-03T04:46:00-07:00,115.694865
1783079220,2026-07-03T04:47:00-07:00,115.694865
1783079280,2026-07-03T04:48:00-07:00,115.694865
1783079340,2026-07-03T04:49:00-07:00,115.694865
1783079400,2026-07-03T04:50:00-07:00,115.694865
1783079460,2026-07-03T04:51:00-07:00,124.103109
1783079520,2026-07-03T04:52:00-07:00,124.103109
1783079580,2026-07-03T04:53:00-07:00,124.103109
1783079640,2026-07-03T04:54:00-07:00,124.103109
1783079700,2026-07-03T04:55:00-07:00,124.103109
1783079820,2026-07-03T04:57:00-07:00,113.260905
1783079880,2026-07-03T04:58:00-07:00,113.260905
1783079940,2026-07-03T04:59:00-07:00,113.260905
1783080000,2026-07-03T05:00:00-07:00,113.260905
1783080060,2026-07-03T05:01:00-07:00,113.260905
1783080120,2026-07-03T05:02:00-07:00,115.513306
1783080180,2026-07-03T05:03:00-07:00,115.513306
1783080240,2026-07-03T05:04:00-07:00,115.513306
1783080300,2026-07-03T05:05:00-07:00,115.513306
1783080360,2026-07-03T05:06:00-07:00,115.513306
1783080420,2026-07-03T05:07:00-07:00,113.166423
1783080480,2026-07-03T05:08:00-07:00,113.166423
1783080540,2026-07-03T05:09:00-07:00,113.166423
1783080600,2026-07-03T05:10:00-07:00,113.166423
1783080660,2026-07-03T05:11:00-07:00,113.166423
1783080720,2026-07-03T05:12:00-07:00,107.995321
1783080780,2026-07-03T05:13:00-07:00,107.995321
1783080840,2026-07-03T05:14:00-07:00,107.995321
1783080900,2026-07-03T05:15:00-07:00,107.995321
1783080960,2026-07-03T05:16:00-07:00,107.995321
1783081020,2026-07-03T05:17:00-07:00,143.115071
1783081080,2026-07-03T05:18:00-07:00,143.115071
1783081140,2026-07-03T05:19:00-07:00,143.115071
1783081200,2026-07-03T05:20:00-07:00,143.115071
1783081260,2026-07-03T05:21:00-07:00,143.115071
1783081320,2026-07-03T05:22:00-07:00,128.368205
1783081380,2026-07-03T05:23:00-07:00,128.368205
1783081440,2026-07-03T05:24:00-07:00,128.368205
1783081500,2026-07-03T05:25:00-07:00,128.368205
1783081560,2026-07-03T05:26:00-07:00,128.368205
1783081680,2026-07-03T05:28:00-07:00,197.651205
1783081740,2026-07-03T05:29:00-07:00,197.651205
1783081800,2026-07-03T05:30:00-07:00,197.651205
1783081860,2026-07-03T05:31:00-07:00,197.651205
1783081920,2026-07-03T05:32:00-07:00,197.651205
1783082040,2026-07-03T05:34:00-07:00,156.012208
1783082100,2026-07-03T05:35:00-07:00,156.012208
1783082160,2026-07-03T05:36:00-07:00,156.012208
1783082220,2026-07-03T05:37:00-07:00,156.012208
1783082280,2026-07-03T05:38:00-07:00,156.012208
1783082400,2026-07-03T05:40:00-07:00,118.637289
1783082460,2026-07-03T05:41:00-07:00,118.637289
1783082520,2026-07-03T05:42:00-07:00,118.637289
1783082580,2026-07-03T05:43:00-07:00,118.637289
1783082640,2026-07-03T05:44:00-07:00,118.637289
1783082700,2026-07-03T05:45:00-07:00,130.619711
1783082760,2026-07-03T05:46:00-07:00,130.619711
1783082820,2026-07-03T05:47:00-07:00,130.619711
1783082880,2026-07-03T05:48:00-07:00,130.619711
1783082940,2026-07-03T05:49:00-07:00,130.619711
1783083060,2026-07-03T05:51:00-07:00,124.247681
1783083120,2026-07-03T05:52:00-07:00,124.247681
1783083180,2026-07-03T05:53:00-07:00,124.247681
1783083240,2026-07-03T05:54:00-07:00,124.247681
1783083300,2026-07-03T05:55:00-07:00,124.247681
1783083360,2026-07-03T05:56:00-07:00,151.220134
1783083420,2026-07-03T05:57:00-07:00,151.220134
1783083480,2026-07-03T05:58:00-07:00,151.220134
1783083540,2026-07-03T05:59:00-07:00,151.220134
1783083600,2026-07-03T06:00:00-07:00,151.220134
1783083720,2026-07-03T06:02:00-07:00,127.812988
1783083780,2026-07-03T06:03:00-07:00,127.812988
1783083840,2026-07-03T06:04:00-07:00,127.812988
1783083900,2026-07-03T06:05:00-07:00,127.812988
1783083960,2026-07-03T06:06:00-07:00,127.812988
1783084020,2026-07-03T06:07:00-07:00,121.914917
1783084080,2026-07-03T06:08:00-07:00,121.914917
1783084140,2026-07-03T06:09:00-07:00,121.914917
1783084200,2026-07-03T06:10:00-07:00,121.914917
1783084260,2026-07-03T06:11:00-07:00,121.914917
1783084380,2026-07-03T06:13:00-07:00,102.255411
1783084440,2026-07-03T06:14:00-07:00,102.255411
1783084500,2026-07-03T06:15:00-07:00,102.255411
1783084560,2026-07-03T06:16:00-07:00,102.255411
1783084620,2026-07-03T06:17:00-07:00,102.255411
1783084680,2026-07-03T06:18:00-07:00,124.165365
1783084740,2026-07-03T06:19:00-07:00,124.165365
1783084800,2026-07-03T06:20:00-07:00,124.165365
1783084860,2026-07-03T06:21:00-07:00,124.165365
1783084920,2026-07-03T06:22:00-07:00,124.165365
1783084980,2026-07-03T06:23:00-07:00,125.649129
1783085040,2026-07-03T06:24:00-07:00,125.649129
1783085100,2026-07-03T06:25:00-07:00,125.649129
1783085160,2026-07-03T06:26:00-07:00,125.649129
1783085220,2026-07-03T06:27:00-07:00,125.649129
1783085280,2026-07-03T06:28:00-07:00,107.040608
1783085340,2026-07-03T06:29:00-07:00,107.040608
1783085400,2026-07-03T06:30:00-07:00,107.040608
1783085460,2026-07-03T06:31:00-07:00,107.040608
1783085520,2026-07-03T06:32:00-07:00,107.040608
1783085580,2026-07-03T06:33:00-07:00,110.7854
1783085640,2026-07-03T06:34:00-07:00,110.7854
1783085700,2026-07-03T06:35:00-07:00,110.7854
1783085760,2026-07-03T06:36:00-07:00,110.7854
1783085820,2026-07-03T06:37:00-07:00,110.7854
1783085940,2026-07-03T06:39:00-07:00,128.653402
1783086000,2026-07-03T06:40:00-07:00,128.653402
1783086060,2026-07-03T06:41:00-07:00,128.653402
1783086120,2026-07-03T06:42:00-07:00,128.653402
1783086180,2026-07-03T06:43:00-07:00,128.653402
1783086300,2026-07-03T06:45:00-07:00,117.431804
1783086360,2026-07-03T06:46:00-07:00,117.431804
1783086420,2026-07-03T06:47:00-07:00,117.431804
1783086480,2026-07-03T06:48:00-07:00,117.431804
1783086540,2026-07-03T06:49:00-07:00,117.431804
1783086600,2026-07-03T06:50:00-07:00,121.813314
1783086660,2026-07-03T06:51:00-07:00,121.813314
1783086720,2026-07-03T06:52:00-07:00,121.813314
1783086780,2026-07-03T06:53:00-07:00,121.813314
1783086840,2026-07-03T06:54:00-07:00,121.813314
1783086900,2026-07-03T06:55:00-07:00,131.707439
1783086960,2026-07-03T06:56:00-07:00,131.707439
1783087020,2026-07-03T06:57:00-07:00,131.707439
1783087080,2026-07-03T06:58:00-07:00,131.707439
1783087140,2026-07-03T06:59:00-07:00,131.707439
1783087200,2026-07-03T07:00:00-07:00,154.46053
1783087260,2026-07-03T07:01:00-07:00,154.46053
1783087320,2026-07-03T07:02:00-07:00,154.46053
1783087380,2026-07-03T07:03:00-07:00,154.46053
1783087440,2026-07-03T07:04:00-07:00,154.46053
1783087560,2026-07-03T07:06:00-07:00,108.927165
1783087620,2026-07-03T07:07:00-07:00,108.927165
1783087680,2026-07-03T07:08:00-07:00,108.927165
1783087740,2026-07-03T07:09:00-07:00,108.927165
1783087800,2026-07-03T07:10:00-07:00,108.927165
1783087860,2026-07-03T07:11:00-07:00,287.424113
1783087920,2026-07-03T07:12:00-07:00,287.424113
1783087980,2026-07-03T07:13:00-07:00,287.424113
1783088040,2026-07-03T07:14:00-07:00,287.424113
1783088100,2026-07-03T07:15:00-07:00,287.424113
1783088160,2026-07-03T07:16:00-07:00,104.762899
1783088220,2026-07-03T07:17:00-07:00,104.762899
1783088280,2026-07-03T07:18:00-07:00,104.762899
1783088340,2026-07-03T07:19:00-07:00,104.762899
1783088400,2026-07-03T07:20:00-07:00,104.762899
1783088460,2026-07-03T07:21:00-07:00,732.266968
1783088520,2026-07-03T07:22:00-07:00,732.266968
1783088580,2026-07-03T07:23:00-07:00,732.266968
1783088640,2026-07-03T07:24:00-07:00,732.266968
1783088700,2026-07-03T07:25:00-07:00,732.266968
1783088820,2026-07-03T07:27:00-07:00,1164.988119
1783088880,2026-07-03T07:28:00-07:00,1164.988119
1783088940,2026-07-03T07:29:00-07:00,1164.988119
1783089000,2026-07-03T07:30:00-07:00,1164.988119
1783089060,2026-07-03T07:31:00-07:00,1164.988119
1783089120,2026-07-03T07:32:00-07:00,108.803019
1783089180,2026-07-03T07:33:00-07:00,108.803019
1783089240,2026-07-03T07:34:00-07:00,108.803019
1783089300,2026-07-03T07:35:00-07:00,108.803019
1783089360,2026-07-03T07:36:00-07:00,108.803019
1783089420,2026-07-03T07:37:00-07:00,845.432129
1783089480,2026-07-03T07:38:00-07:00,845.432129
1783089540,2026-07-03T07:39:00-07:00,845.432129
1783089600,2026-07-03T07:40:00-07:00,845.432129
1783089660,2026-07-03T07:41:00-07:00,845.432129
1783089720,2026-07-03T07:42:00-07:00,116.818074
1783089780,2026-07-03T07:43:00-07:00,116.818074
1783089840,2026-07-03T07:44:00-07:00,116.818074
1783089900,2026-07-03T07:45:00-07:00,116.818074
1783089960,2026-07-03T07:46:00-07:00,116.818074
1783090020,2026-07-03T07:47:00-07:00,329.68811
1783090080,2026-07-03T07:48:00-07:00,329.68811
1783090140,2026-07-03T07:49:00-07:00,329.68811
1783090200,2026-07-03T07:50:00-07:00,329.68811
1783090260,2026-07-03T07:51:00-07:00,329.68811
1783090320,2026-07-03T07:52:00-07:00,628.769857
1783090380,2026-07-03T07:53:00-07:00,628.769857
1783090440,2026-07-03T07:54:00-07:00,628.769857
1783090500,2026-07-03T07:55:00-07:00,628.769857
1783090560,2026-07-03T07:56:00-07:00,628.769857
1783090680,2026-07-03T07:58:00-07:00,707.266154
1783090740,2026-07-03T07:59:00-07:00,707.266154
1783090800,2026-07-03T08:00:00-07:00,707.266154
1783090860,2026-07-03T08:01:00-07:00,707.266154
1783090920,2026-07-03T08:02:00-07:00,707.266154
1783090980,2026-07-03T08:03:00-07:00,624.940348
1783091040,2026-07-03T08:04:00-07:00,624.940348
1783091100,2026-07-03T08:05:00-07:00,624.940348
1783091160,2026-07-03T08:06:00-07:00,624.940348
1783091220,2026-07-03T08:07:00-07:00,624.940348
1783091700,2026-07-03T08:15:00-07:00,875.41154
1783091760,2026-07-03T08:16:00-07:00,875.41154
1783091820,2026-07-03T08:17:00-07:00,875.41154
1783091880,2026-07-03T08:18:00-07:00,875.41154
1783091940,2026-07-03T08:19:00-07:00,875.41154
1783092120,2026-07-03T08:22:00-07:00,708.523072
1783092180,2026-07-03T08:23:00-07:00,708.523072
1783092240,2026-07-03T08:24:00-07:00,708.523072
1783092300,2026-07-03T08:25:00-07:00,708.523072
1783092360,2026-07-03T08:26:00-07:00,708.523072
1783092540,2026-07-03T08:29:00-07:00,864.002442
1783092600,2026-07-03T08:30:00-07:00,864.002442
1783092660,2026-07-03T08:31:00-07:00,864.002442
1783092720,2026-07-03T08:32:00-07:00,864.002442
1783092780,2026-07-03T08:33:00-07:00,864.002442
1783092900,2026-07-03T08:35:00-07:00,613.658326
1783092960,2026-07-03T08:36:00-07:00,613.658326
1783093020,2026-07-03T08:37:00-07:00,613.658326
1783093080,2026-07-03T08:38:00-07:00,613.658326
1783093140,2026-07-03T08:39:00-07:00,613.658326
1783093320,2026-07-03T08:42:00-07:00,1300.3997
1783093380,2026-07-03T08:43:00-07:00,1300.3997
1783093440,2026-07-03T08:44:00-07:00,1300.3997
1783093500,2026-07-03T08:45:00-07:00,1300.3997
1783093560,2026-07-03T08:46:00-07:00,1300.3997
1783093620,2026-07-03T08:47:00-07:00,1380.374186
1783093680,2026-07-03T08:48:00-07:00,1380.374186
1783093740,2026-07-03T08:49:00-07:00,1380.374186
1783093800,2026-07-03T08:50:00-07:00,1380.374186
1783093860,2026-07-03T08:51:00-07:00,1380.374186
1783093980,2026-07-03T08:53:00-07:00,1296.095826
1783094040,2026-07-03T08:54:00-07:00,1296.095826
1783094100,2026-07-03T08:55:00-07:00,1296.095826
1783094160,2026-07-03T08:56:00-07:00,1296.095826
1783094220,2026-07-03T08:57:00-07:00,1296.095826
1783094280,2026-07-03T08:58:00-07:00,711.06543
1783094340,2026-07-03T08:59:00-07:00,711.06543
1783094400,2026-07-03T09:00:00-07:00,711.06543
1783094460,2026-07-03T09:01:00-07:00,711.06543
1783094520,2026-07-03T09:02:00-07:00,711.06543
1783094580,2026-07-03T09:03:00-07:00,809.919108
1783094640,2026-07-03T09:04:00-07:00,809.919108
1783094700,2026-07-03T09:05:00-07:00,809.919108
1783094760,2026-07-03T09:06:00-07:00,809.919108
1783094820,2026-07-03T09:07:00-07:00,809.919108
1783094940,2026-07-03T09:09:00-07:00,1307.820272
1783095000,2026-07-03T09:10:00-07:00,1307.820272
1783095060,2026-07-03T09:11:00-07:00,1307.820272
1783095120,2026-07-03T09:12:00-07:00,1307.820272
1783095180,2026-07-03T09:13:00-07:00,1307.820272
1783095300,2026-07-03T09:15:00-07:00,1444.215536
1783095360,2026-07-03T09:16:00-07:00,1444.215536
1783095420,2026-07-03T09:17:00-07:00,1444.215536
1783095480,2026-07-03T09:18:00-07:00,1444.215536
1783095540,2026-07-03T09:19:00-07:00,1444.215536
1783095720,2026-07-03T09:22:00-07:00,1346.64087
1783095780,2026-07-03T09:23:00-07:00,1346.64087
1783095840,2026-07-03T09:24:00-07:00,1346.64087
1783095900,2026-07-03T09:25:00-07:00,1346.64087
1783095960,2026-07-03T09:26:00-07:00,1346.64087
1783096080,2026-07-03T09:28:00-07:00,800.316407
1783096140,2026-07-03T09:29:00-07:00,800.316407
1783096200,2026-07-03T09:30:00-07:00,800.316407
1783096260,2026-07-03T09:31:00-07:00,800.316407
1783096320,2026-07-03T09:32:00-07:00,800.316407
1783096440,2026-07-03T09:34:00-07:00,1332.882691
1783096500,2026-07-03T09:35:00-07:00,1332.882691
1783096560,2026-07-03T09:36:00-07:00,1332.882691
1783096620,2026-07-03T09:37:00-07:00,1332.882691
1783096680,2026-07-03T09:38:00-07:00,1332.882691
1783096740,2026-07-03T09:39:00-07:00,1360.799439
1783096800,2026-07-03T09:40:00-07:00,1360.799439
1783096860,2026-07-03T09:41:00-07:00,1360.799439
1783096920,2026-07-03T09:42:00-07:00,1360.799439
1783096980,2026-07-03T09:43:00-07:00,1360.799439
1783097100,2026-07-03T09:45:00-07:00,961.061157
1783097160,2026-07-03T09:46:00-07:00,961.061157
1783097220,2026-07-03T09:47:00-07:00,961.061157
1783097280,2026-07-03T09:48:00-07:00,961.061157
1783097340,2026-07-03T09:49:00-07:00,961.061157
1783097400,2026-07-03T09:50:00-07:00,867.988485
1783097460,2026-07-03T09:51:00-07:00,867.988485
1783097520,2026-07-03T09:52:00-07:00,867.988485
1783097580,2026-07-03T09:53:00-07:00,867.988485
1783097640,2026-07-03T09:54:00-07:00,867.988485
1783097700,2026-07-03T09:55:00-07:00,860.657512
1783097760,2026-07-03T09:56:00-07:00,860.657512
1783097820,2026-07-03T09:57:00-07:00,860.657512
1783097880,2026-07-03T09:58:00-07:00,860.657512
1783097940,2026-07-03T09:59:00-07:00,860.657512
1783098000,2026-07-03T10:00:00-07:00,893.605306
1783098060,2026-07-03T10:01:00-07:00,893.605306
1783098120,2026-07-03T10:02:00-07:00,893.605306
1783098180,2026-07-03T10:03:00-07:00,893.605306
1783098240,2026-07-03T10:04:00-07:00,893.605306
1783098300,2026-07-03T10:05:00-07:00,1763.248577
1783098360,2026-07-03T10:06:00-07:00,1763.248577
1783098420,2026-07-03T10:07:00-07:00,1763.248577
1783098480,2026-07-03T10:08:00-07:00,1763.248577
1783098540,2026-07-03T10:09:00-07:00,1763.248577
1783098600,2026-07-03T10:10:00-07:00,1280.611614
1783098660,2026-07-03T10:11:00-07:00,1280.611614
1783098720,2026-07-03T10:12:00-07:00,1280.611614
1783098780,2026-07-03T10:13:00-07:00,1280.611614
1783098840,2026-07-03T10:14:00-07:00,1280.611614
1783098900,2026-07-03T10:15:00-07:00,987.704712
1783098960,2026-07-03T10:16:00-07:00,987.704712
1783099020,2026-07-03T10:17:00-07:00,987.704712
1783099080,2026-07-03T10:18:00-07:00,987.704712
1783099140,2026-07-03T10:19:00-07:00,987.704712
1783099260,2026-07-03T10:21:00-07:00,1365.142741
1783099320,2026-07-03T10:22:00-07:00,1365.142741
1783099380,2026-07-03T10:23:00-07:00,1365.142741
1783099440,2026-07-03T10:24:00-07:00,1365.142741
1783099500,2026-07-03T10:25:00-07:00,1365.142741
1783099560,2026-07-03T10:26:00-07:00,889.209311
1783099620,2026-07-03T10:27:00-07:00,889.209311
1783099680,2026-07-03T10:28:00-07:00,889.209311
1783099740,2026-07-03T10:29:00-07:00,889.209311
1783099800,2026-07-03T10:30:00-07:00,889.209311
1783099980,2026-07-03T10:33:00-07:00,1219.836711
1783100040,2026-07-03T10:34:00-07:00,1219.836711
1783100100,2026-07-03T10:35:00-07:00,1219.836711
1783100160,2026-07-03T10:36:00-07:00,1219.836711
1783100220,2026-07-03T10:37:00-07:00,1219.836711
1783100280,2026-07-03T10:38:00-07:00,1042.643555
1783100340,2026-07-03T10:39:00-07:00,1042.643555
1783100400,2026-07-03T10:40:00-07:00,1042.643555
1783100460,2026-07-03T10:41:00-07:00,1042.643555
1783100520,2026-07-03T10:42:00-07:00,1042.643555
1783100640,2026-07-03T10:44:00-07:00,1314.911256
1783100700,2026-07-03T10:45:00-07:00,1314.911256
1783100760,2026-07-03T10:46:00-07:00,1314.911256
1783100820,2026-07-03T10:47:00-07:00,1314.911256
1783100880,2026-07-03T10:48:00-07:00,1314.911256
1783101000,2026-07-03T10:50:00-07:00,1487.882
1783101060,2026-07-03T10:51:00-07:00,1487.882
1783101120,2026-07-03T10:52:00-07:00,1487.882
1783101180,2026-07-03T10:53:00-07:00,1487.882
1783101240,2026-07-03T10:54:00-07:00,1487.882
1783101420,2026-07-03T10:57:00-07:00,1310.967978
1783101480,2026-07-03T10:58:00-07:00,1310.967978
1783101540,2026-07-03T10:59:00-07:00,1310.967978
1783101600,2026-07-03T11:00:00-07:00,1310.967978
1783101660,2026-07-03T11:01:00-07:00,1310.967978
1783101780,2026-07-03T11:03:00-07:00,858.566244
1783101840,2026-07-03T11:04:00-07:00,858.566244
1783101900,2026-07-03T11:05:00-07:00,858.566244
1783101960,2026-07-03T11:06:00-07:00,858.566244
1783102020,2026-07-03T11:07:00-07:00,858.566244
1783102140,2026-07-03T11:09:00-07:00,1293.591879
1783102200,2026-07-03T11:10:00-07:00,1293.591879
1783102260,2026-07-03T11:11:00-07:00,1293.591879
1783102320,2026-07-03T11:12:00-07:00,1293.591879
1783102380,2026-07-03T11:13:00-07:00,1293.591879
1783102560,2026-07-03T11:16:00-07:00,1295.326946
1783102620,2026-07-03T11:17:00-07:00,1295.326946
1783102680,2026-07-03T11:18:00-07:00,1295.326946
1783102740,2026-07-03T11:19:00-07:00,1295.326946
1783102800,2026-07-03T11:20:00-07:00,1295.326946
1783102860,2026-07-03T11:21:00-07:00,2200.181845
1783102920,2026-07-03T11:22:00-07:00,2200.181845
1783102980,2026-07-03T11:23:00-07:00,2200.181845
1783103040,2026-07-03T11:24:00-07:00,2200.181845
1783103100,2026-07-03T11:25:00-07:00,2200.181845
1783103220,2026-07-03T11:27:00-07:00,1630.918092
1783103280,2026-07-03T11:28:00-07:00,1630.918092
1783103340,2026-07-03T11:29:00-07:00,1630.918092
1783103400,2026-07-03T11:30:00-07:00,1630.918092
1783103460,2026-07-03T11:31:00-07:00,1630.918092
1783103580,2026-07-03T11:33:00-07:00,1157.382813
1783103640,2026-07-03T11:34:00-07:00,1157.382813
1783103700,2026-07-03T11:35:00-07:00,1157.382813
1783103760,2026-07-03T11:36:00-07:00,1157.382813
1783103820,2026-07-03T11:37:00-07:00,1157.382813
1783103880,2026-07-03T11:38:00-07:00,968.338664
1783103940,2026-07-03T11:39:00-07:00,968.338664
1783104000,2026-07-03T11:40:00-07:00,968.338664
1783104060,2026-07-03T11:41:00-07:00,968.338664
1783104120,2026-07-03T11:42:00-07:00,968.338664
1783104300,2026-07-03T11:45:00-07:00,1176.66093
1783104360,2026-07-03T11:46:00-07:00,1176.66093
1783104420,2026-07-03T11:47:00-07:00,1176.66093
1783104480,2026-07-03T11:48:00-07:00,1176.66093
1783104540,2026-07-03T11:49:00-07:00,1176.66093
1783104600,2026-07-03T11:50:00-07:00,1478.129477
1783104660,2026-07-03T11:51:00-07:00,1478.129477
1783104720,2026-07-03T11:52:00-07:00,1478.129477
1783104780,2026-07-03T11:53:00-07:00,1478.129477
1783104840,2026-07-03T11:54:00-07:00,1478.129477
1783104960,2026-07-03T11:56:00-07:00,2383.130657
1783105020,2026-07-03T11:57:00-07:00,2383.130657
1783105080,2026-07-03T11:58:00-07:00,2383.130657
1783105140,2026-07-03T11:59:00-07:00,2383.130657
1783105200,2026-07-03T12:00:00-07:00,2383.130657
1783105260,2026-07-03T12:01:00-07:00,3144.102622
1783105320,2026-07-03T12:02:00-07:00,3144.102622
1783105380,2026-07-03T12:03:00-07:00,3144.102622
1783105440,2026-07-03T12:04:00-07:00,3144.102622
1783105500,2026-07-03T12:05:00-07:00,3144.102622
1783105680,2026-07-03T12:08:00-07:00,983.609945
1783105740,2026-07-03T12:09:00-07:00,983.609945
1783105800,2026-07-03T12:10:00-07:00,983.609945
1783105860,2026-07-03T12:11:00-07:00,983.609945
1783105920,2026-07-03T12:12:00-07:00,983.609945
1783105980,2026-07-03T12:13:00-07:00,1924.304851
1783106040,2026-07-03T12:14:00-07:00,1924.304851
1783106100,2026-07-03T12:15:00-07:00,1924.304851
1783106160,2026-07-03T12:16:00-07:00,1924.304851
1783106220,2026-07-03T12:17:00-07:00,1924.304851
1783106340,2026-07-03T12:19:00-07:00,1286.409791
1783106400,2026-07-03T12:20:00-07:00,1286.409791
1783106460,2026-07-03T12:21:00-07:00,1286.409791
1783106520,2026-07-03T12:22:00-07:00,1286.409791
1783106580,2026-07-03T12:23:00-07:00,1286.409791
1783106760,2026-07-03T12:26:00-07:00,1229.380615
1783106820,2026-07-03T12:27:00-07:00,1229.380615
1783106880,2026-07-03T12:28:00-07:00,1229.380615
1783106940,2026-07-03T12:29:00-07:00,1229.380615
1783107000,2026-07-03T12:30:00-07:00,1229.380615
1783107120,2026-07-03T12:32:00-07:00,3326.093304
1783107180,2026-07-03T12:33:00-07:00,3326.093304
1783107240,2026-07-03T12:34:00-07:00,3326.093304
1783107300,2026-07-03T12:35:00-07:00,3326.093304
1783107360,2026-07-03T12:36:00-07:00,3326.093304
1783107420,2026-07-03T12:37:00-07:00,1321.450685
1783107480,2026-07-03T12:38:00-07:00,1321.450685
1783107540,2026-07-03T12:39:00-07:00,1321.450685
1783107600,2026-07-03T12:40:00-07:00,1321.450685
1783107660,2026-07-03T12:41:00-07:00,1321.450685
1783107780,2026-07-03T12:43:00-07:00,1306.230144
1783107840,2026-07-03T12:44:00-07:00,1306.230144
1783107900,2026-07-03T12:45:00-07:00,1306.230144
1783107960,2026-07-03T12:46:00-07:00,1306.230144
1783108020,2026-07-03T12:47:00-07:00,1306.230144
1783108080,2026-07-03T12:48:00-07:00,1290.447103
1783108140,2026-07-03T12:49:00-07:00,1290.447103
1783108200,2026-07-03T12:50:00-07:00,1290.447103
1783108260,2026-07-03T12:51:00-07:00,1290.447103
1783108320,2026-07-03T12:52:00-07:00,1290.447103
1783108500,2026-07-03T12:55:00-07:00,2900.73751
1783108560,2026-07-03T12:56:00-07:00,2900.73751
1783108620,2026-07-03T12:57:00-07:00,2900.73751
1783108680,2026-07-03T12:58:00-07:00,2900.73751
1783108740,2026-07-03T12:59:00-07:00,2900.73751
1783108800,2026-07-03T13:00:00-07:00,1253.100383
1783108860,2026-07-03T13:01:00-07:00,1253.100383
1783108920,2026-07-03T13:02:00-07:00,1253.100383
1783108980,2026-07-03T13:03:00-07:00,1253.100383
1783109040,2026-07-03T13:04:00-07:00,1253.100383
1783109160,2026-07-03T13:06:00-07:00,1221.640788
1783109220,2026-07-03T13:07:00-07:00,1221.640788
1783109280,2026-07-03T13:08:00-07:00,1221.640788
1783109340,2026-07-03T13:09:00-07:00,1221.640788
1783109400,2026-07-03T13:10:00-07:00,1221.640788
1783109520,2026-07-03T13:12:00-07:00,1311.955648
1783109580,2026-07-03T13:13:00-07:00,1311.955648
1783109640,2026-07-03T13:14:00-07:00,1311.955648
1783109700,2026-07-03T13:15:00-07:00,1311.955648
1783109760,2026-07-03T13:16:00-07:00,1311.955648
1783109820,2026-07-03T13:17:00-07:00,1277.710043
1783109880,2026-07-03T13:18:00-07:00,1277.710043
1783109940,2026-07-03T13:19:00-07:00,1277.710043
1783110000,2026-07-03T13:20:00-07:00,1277.710043
1783110060,2026-07-03T13:21:00-07:00,1277.710043
1783110120,2026-07-03T13:22:00-07:00,1632.183391
1783110180,2026-07-03T13:23:00-07:00,1632.183391
1783110240,2026-07-03T13:24:00-07:00,1632.183391
1783110300,2026-07-03T13:25:00-07:00,1632.183391
1783110360,2026-07-03T13:26:00-07:00,1632.183391
1783110420,2026-07-03T13:27:00-07:00,2518.456951
1783110480,2026-07-03T13:28:00-07:00,2518.456951
1783110540,2026-07-03T13:29:00-07:00,2518.456951
1783110600,2026-07-03T13:30:00-07:00,2518.456951
1783110660,2026-07-03T13:31:00-07:00,2518.456951
1783110780,2026-07-03T13:33:00-07:00,1320.100708
1783110840,2026-07-03T13:34:00-07:00,1320.100708
1783110900,2026-07-03T13:35:00-07:00,1320.100708
1783110960,2026-07-03T13:36:00-07:00,1320.100708
1783111020,2026-07-03T13:37:00-07:00,1320.100708
1783111260,2026-07-03T13:41:00-07:00,775.079305
1783111320,2026-07-03T13:42:00-07:00,775.079305
1783111380,2026-07-03T13:43:00-07:00,775.079305
1783111440,2026-07-03T13:44:00-07:00,775.079305
1783111500,2026-07-03T13:45:00-07:00,775.079305
1783111560,2026-07-03T13:46:00-07:00,883.34843
1783111620,2026-07-03T13:47:00-07:00,883.34843
1783111680,2026-07-03T13:48:00-07:00,883.34843
1783111740,2026-07-03T13:49:00-07:00,883.34843
1783111800,2026-07-03T13:50:00-07:00,883.34843
1783111920,2026-07-03T13:52:00-07:00,991.762492
1783111980,2026-07-03T13:53:00-07:00,991.762492
1783112040,2026-07-03T13:54:00-07:00,991.762492
1783112100,2026-07-03T13:55:00-07:00,991.762492
1783112160,2026-07-03T13:56:00-07:00,991.762492
1783112220,2026-07-03T13:57:00-07:00,1105.191488
1783112280,2026-07-03T13:58:00-07:00,1105.191488
1783112340,2026-07-03T13:59:00-07:00,1105.191488
1783112400,2026-07-03T14:00:00-07:00,1105.191488
1783112460,2026-07-03T14:01:00-07:00,1105.191488
1783112520,2026-07-03T14:02:00-07:00,1140.408652
1783112580,2026-07-03T14:03:00-07:00,1140.408652
1783112640,2026-07-03T14:04:00-07:00,1140.408652
1783112700,2026-07-03T14:05:00-07:00,1140.408652
1783112760,2026-07-03T14:06:00-07:00,1140.408652
1783112880,2026-07-03T14:08:00-07:00,1307.778077
1783112940,2026-07-03T14:09:00-07:00,1307.778077
1783113000,2026-07-03T14:10:00-07:00,1307.778077
1783113060,2026-07-03T14:11:00-07:00,1307.778077
1783113120,2026-07-03T14:12:00-07:00,1307.778077
1783113180,2026-07-03T14:13:00-07:00,1342.526205
1783113240,2026-07-03T14:14:00-07:00,1342.526205
1783113300,2026-07-03T14:15:00-07:00,1342.526205
1783113360,2026-07-03T14:16:00-07:00,1342.526205
1783113420,2026-07-03T14:17:00-07:00,1342.526205
1783113600,2026-07-03T14:20:00-07:00,1294.210531
1783113660,2026-07-03T14:21:00-07:00,1294.210531
1783113720,2026-07-03T14:22:00-07:00,1294.210531
1783113780,2026-07-03T14:23:00-07:00,1294.210531
1783113840,2026-07-03T14:24:00-07:00,1294.210531
1783113900,2026-07-03T14:25:00-07:00,2882.317669
1783113960,2026-07-03T14:26:00-07:00,2882.317669
1783114020,2026-07-03T14:27:00-07:00,2882.317669
1783114080,2026-07-03T14:28:00-07:00,2882.317669
1783114140,2026-07-03T14:29:00-07:00,2882.317669
1783114260,2026-07-03T14:31:00-07:00,1307.810425
1783114320,2026-07-03T14:32:00-07:00,1307.810425
1783114380,2026-07-03T14:33:00-07:00,1307.810425
1783114440,2026-07-03T14:34:00-07:00,1307.810425
1783114500,2026-07-03T14:35:00-07:00,1307.810425
1783114680,2026-07-03T14:38:00-07:00,1324.356201
1783114740,2026-07-03T14:39:00-07:00,1324.356201
1783114800,2026-07-03T14:40:00-07:00,1324.356201
1783114860,2026-07-03T14:41:00-07:00,1324.356201
1783114920,2026-07-03T14:42:00-07:00,1324.356201
1783115700,2026-07-03T14:55:00-07:00,827.162476
1783115760,2026-07-03T14:56:00-07:00,827.162476
1783115820,2026-07-03T14:57:00-07:00,827.162476
1783115880,2026-07-03T14:58:00-07:00,827.162476
1783115940,2026-07-03T14:59:00-07:00,827.162476
1783116060,2026-07-03T15:01:00-07:00,1294.974285
1783116120,2026-07-03T15:02:00-07:00,1294.974285
1783116180,2026-07-03T15:03:00-07:00,1294.974285
1783116240,2026-07-03T15:04:00-07:00,1294.974285
1783116300,2026-07-03T15:05:00-07:00,1294.974285
1783116480,2026-07-03T15:08:00-07:00,1297.414633
1783116540,2026-07-03T15:09:00-07:00,1297.414633
1783116600,2026-07-03T15:10:00-07:00,1297.414633
1783116660,2026-07-03T15:11:00-07:00,1297.414633
1783116720,2026-07-03T15:12:00-07:00,1297.414633
1783116780,2026-07-03T15:13:00-07:00,8001.614424
1783116840,2026-07-03T15:14:00-07:00,8001.614424
1783116900,2026-07-03T15:15:00-07:00,8001.614424
1783116960,2026-07-03T15:16:00-07:00,8001.614424
1783117020,2026-07-03T15:17:00-07:00,8001.614424
1783117080,2026-07-03T15:18:00-07:00,1304.431763
1783117140,2026-07-03T15:19:00-07:00,1304.431763
1783117200,2026-07-03T15:20:00-07:00,1304.431763
1783117260,2026-07-03T15:21:00-07:00,1304.431763
1783117320,2026-07-03T15:22:00-07:00,1304.431763
1783117380,2026-07-03T15:23:00-07:00,994.983643
1783117440,2026-07-03T15:24:00-07:00,994.983643
1783117500,2026-07-03T15:25:00-07:00,994.983643
1783117560,2026-07-03T15:26:00-07:00,994.983643
1783117620,2026-07-03T15:27:00-07:00,994.983643
1783117680,2026-07-03T15:28:00-07:00,3816.757449
1783117740,2026-07-03T15:29:00-07:00,3816.757449
1783117800,2026-07-03T15:30:00-07:00,3816.757449
1783117860,2026-07-03T15:31:00-07:00,3816.757449
1783117920,2026-07-03T15:32:00-07:00,3816.757449
1783118040,2026-07-03T15:34:00-07:00,967.819418
1783118100,2026-07-03T15:35:00-07:00,967.819418
1783118160,2026-07-03T15:36:00-07:00,967.819418
1783118220,2026-07-03T15:37:00-07:00,967.819418
1783118280,2026-07-03T15:38:00-07:00,967.819418
1783118700,2026-07-03T15:45:00-07:00,129.078084
1783118760,2026-07-03T15:46:00-07:00,129.078084
1783118820,2026-07-03T15:47:00-07:00,129.078084
1783118880,2026-07-03T15:48:00-07:00,129.078084
1783118940,2026-07-03T15:49:00-07:00,129.078084
1783119060,2026-07-03T15:51:00-07:00,116.55782
1783119120,2026-07-03T15:52:00-07:00,116.55782
1783119180,2026-07-03T15:53:00-07:00,116.55782
1783119240,2026-07-03T15:54:00-07:00,116.55782
1783119300,2026-07-03T15:55:00-07:00,116.55782
1783119420,2026-07-03T15:57:00-07:00,128.302612
1783119480,2026-07-03T15:58:00-07:00,128.302612
1783119540,2026-07-03T15:59:00-07:00,128.302612
1783119600,2026-07-03T16:00:00-07:00,128.302612
1783119660,2026-07-03T16:01:00-07:00,128.302612
1783119780,2026-07-03T16:03:00-07:00,141.369751
1783119840,2026-07-03T16:04:00-07:00,141.369751
1783119900,2026-07-03T16:05:00-07:00,141.369751
1783119960,2026-07-03T16:06:00-07:00,141.369751
1783120020,2026-07-03T16:07:00-07:00,141.369751
1783120140,2026-07-03T16:09:00-07:00,89.525187
1783120200,2026-07-03T16:10:00-07:00,89.525187
1783120260,2026-07-03T16:11:00-07:00,89.525187
1783120320,2026-07-03T16:12:00-07:00,89.525187
1783120380,2026-07-03T16:13:00-07:00,89.525187
1783120500,2026-07-03T16:15:00-07:00,120.789714
1783120560,2026-07-03T16:16:00-07:00,120.789714
1783120620,2026-07-03T16:17:00-07:00,120.789714
1783120680,2026-07-03T16:18:00-07:00,120.789714
1783120740,2026-07-03T16:19:00-07:00,120.789714
1783120860,2026-07-03T16:21:00-07:00,114.288208
1783120920,2026-07-03T16:22:00-07:00,114.288208
1783120980,2026-07-03T16:23:00-07:00,114.288208
1783121040,2026-07-03T16:24:00-07:00,114.288208
1783121100,2026-07-03T16:25:00-07:00,114.288208
1783121220,2026-07-03T16:27:00-07:00,119.506714
1783121280,2026-07-03T16:28:00-07:00,119.506714
1783121340,2026-07-03T16:29:00-07:00,119.506714
1783121400,2026-07-03T16:30:00-07:00,119.506714
1783121460,2026-07-03T16:31:00-07:00,119.506714
1783121700,2026-07-03T16:35:00-07:00,114.830282
1783121760,2026-07-03T16:36:00-07:00,114.830282
1783121820,2026-07-03T16:37:00-07:00,114.830282
1783121880,2026-07-03T16:38:00-07:00,114.830282
1783121940,2026-07-03T16:39:00-07:00,114.830282
1783122060,2026-07-03T16:41:00-07:00,113.093872
1783122120,2026-07-03T16:42:00-07:00,113.093872
1783122180,2026-07-03T16:43:00-07:00,113.093872
1783122240,2026-07-03T16:44:00-07:00,113.093872
1783122300,2026-07-03T16:45:00-07:00,113.093872
1783122360,2026-07-03T16:46:00-07:00,104.912232
1783122420,2026-07-03T16:47:00-07:00,104.912232
1783122480,2026-07-03T16:48:00-07:00,104.912232
1783122540,2026-07-03T16:49:00-07:00,104.912232
1783122600,2026-07-03T16:50:00-07:00,104.912232
1783122660,2026-07-03T16:51:00-07:00,133.625488
1783122720,2026-07-03T16:52:00-07:00,133.625488
1783122780,2026-07-03T16:53:00-07:00,133.625488
1783122840,2026-07-03T16:54:00-07:00,133.625488
1783122900,2026-07-03T16:55:00-07:00,133.625488
1783123020,2026-07-03T16:57:00-07:00,133.628052
1783123080,2026-07-03T16:58:00-07:00,133.628052
1783123140,2026-07-03T16:59:00-07:00,133.628052
1783123200,2026-07-03T17:00:00-07:00,133.628052
1783123260,2026-07-03T17:01:00-07:00,133.628052
1783123320,2026-07-03T17:02:00-07:00,119.149414
1783123380,2026-07-03T17:03:00-07:00,119.149414
1783123440,2026-07-03T17:04:00-07:00,119.149414
1783123500,2026-07-03T17:05:00-07:00,119.149414
1783123560,2026-07-03T17:06:00-07:00,119.149414
1783123740,2026-07-03T17:09:00-07:00,124.92863
1783123800,2026-07-03T17:10:00-07:00,124.92863
1783123860,2026-07-03T17:11:00-07:00,124.92863
1783123920,2026-07-03T17:12:00-07:00,124.92863
1783123980,2026-07-03T17:13:00-07:00,124.92863
1783124160,2026-07-03T17:16:00-07:00,118.557861
1783124220,2026-07-03T17:17:00-07:00,118.557861
1783124280,2026-07-03T17:18:00-07:00,118.557861
1783124340,2026-07-03T17:19:00-07:00,118.557861
1783124400,2026-07-03T17:20:00-07:00,118.557861
1783124460,2026-07-03T17:21:00-07:00,129.899617
1783124520,2026-07-03T17:22:00-07:00,129.899617
1783124580,2026-07-03T17:23:00-07:00,129.899617
1783124640,2026-07-03T17:24:00-07:00,129.899617
1783124700,2026-07-03T17:25:00-07:00,129.899617
1783124760,2026-07-03T17:26:00-07:00,123.655192
1783124820,2026-07-03T17:27:00-07:00,123.655192
1783124880,2026-07-03T17:28:00-07:00,123.655192
1783124940,2026-07-03T17:29:00-07:00,123.655192
1783125000,2026-07-03T17:30:00-07:00,123.655192
1783125120,2026-07-03T17:32:00-07:00,1369.312338
1783125180,2026-07-03T17:33:00-07:00,1369.312338
1783125240,2026-07-03T17:34:00-07:00,1369.312338
1783125300,2026-07-03T17:35:00-07:00,1369.312338
1783125360,2026-07-03T17:36:00-07:00,1369.312338
1783125480,2026-07-03T17:38:00-07:00,1249.525473
1783125540,2026-07-03T17:39:00-07:00,1249.525473
1783125600,2026-07-03T17:40:00-07:00,1249.525473
1783125660,2026-07-03T17:41:00-07:00,1249.525473
1783125720,2026-07-03T17:42:00-07:00,1249.525473
1783126140,2026-07-03T17:49:00-07:00,1512.521037
1783126200,2026-07-03T17:50:00-07:00,1512.521037
1783126260,2026-07-03T17:51:00-07:00,1512.521037
1783126320,2026-07-03T17:52:00-07:00,1512.521037
1783126380,2026-07-03T17:53:00-07:00,1512.521037
1783126500,2026-07-03T17:55:00-07:00,1315.207154
1783126560,2026-07-03T17:56:00-07:00,1315.207154
1783126620,2026-07-03T17:57:00-07:00,1315.207154
1783126680,2026-07-03T17:58:00-07:00,1315.207154
1783126740,2026-07-03T17:59:00-07:00,1315.207154
1783126800,2026-07-03T18:00:00-07:00,2195.316326
1783126860,2026-07-03T18:01:00-07:00,2195.316326
1783126920,2026-07-03T18:02:00-07:00,2195.316326
1783126980,2026-07-03T18:03:00-07:00,2195.316326
1783127040,2026-07-03T18:04:00-07:00,2195.316326
1783127100,2026-07-03T18:05:00-07:00,1272.181356
1783127160,2026-07-03T18:06:00-07:00,1272.181356
1783127220,2026-07-03T18:07:00-07:00,1272.181356
1783127280,2026-07-03T18:08:00-07:00,1272.181356
1783127340,2026-07-03T18:09:00-07:00,1272.181356
1783127460,2026-07-03T18:11:00-07:00,1922.612428
1783127520,2026-07-03T18:12:00-07:00,1922.612428
1783127580,2026-07-03T18:13:00-07:00,1922.612428
1783127640,2026-07-03T18:14:00-07:00,1922.612428
1783127700,2026-07-03T18:15:00-07:00,1922.612428
1783127820,2026-07-03T18:17:00-07:00,1306.603109
1783127880,2026-07-03T18:18:00-07:00,1306.603109
1783127940,2026-07-03T18:19:00-07:00,1306.603109
1783128000,2026-07-03T18:20:00-07:00,1306.603109
1783128060,2026-07-03T18:21:00-07:00,1306.603109
1783128120,2026-07-03T18:22:00-07:00,1206.208252
1783128180,2026-07-03T18:23:00-07:00,1206.208252
1783128240,2026-07-03T18:24:00-07:00,1206.208252
1783128300,2026-07-03T18:25:00-07:00,1206.208252
1783128360,2026-07-03T18:26:00-07:00,1206.208252
1783128480,2026-07-03T18:28:00-07:00,4168.598472
1783128540,2026-07-03T18:29:00-07:00,4168.598472
1783128600,2026-07-03T18:30:00-07:00,4168.598472
1783128660,2026-07-03T18:31:00-07:00,4168.598472
1783128720,2026-07-03T18:32:00-07:00,4168.598472
1783128900,2026-07-03T18:35:00-07:00,1303.535727
1783128960,2026-07-03T18:36:00-07:00,1303.535727
1783129020,2026-07-03T18:37:00-07:00,1303.535727
1783129080,2026-07-03T18:38:00-07:00,1303.535727
1783129140,2026-07-03T18:39:00-07:00,1303.535727
1783129260,2026-07-03T18:41:00-07:00,1308.454916
1783129320,2026-07-03T18:42:00-07:00,1308.454916
1783129380,2026-07-03T18:43:00-07:00,1308.454916
1783129440,2026-07-03T18:44:00-07:00,1308.454916
1783129500,2026-07-03T18:45:00-07:00,1308.454916
1783129620,2026-07-03T18:47:00-07:00,1350.862631
1783129680,2026-07-03T18:48:00-07:00,1350.862631
1783129740,2026-07-03T18:49:00-07:00,1350.862631
1783129800,2026-07-03T18:50:00-07:00,1350.862631
1783129860,2026-07-03T18:51:00-07:00,1350.862631
1783129980,2026-07-03T18:53:00-07:00,1306.243491
1783130040,2026-07-03T18:54:00-07:00,1306.243491
1783130100,2026-07-03T18:55:00-07:00,1306.243491
1783130160,2026-07-03T18:56:00-07:00,1306.243491
1783130220,2026-07-03T18:57:00-07:00,1306.243491
1783130280,2026-07-03T18:58:00-07:00,8915.203943
1783130340,2026-07-03T18:59:00-07:00,8915.203943
1783130400,2026-07-03T19:00:00-07:00,8915.203943
1783130460,2026-07-03T19:01:00-07:00,8915.203943
1783130520,2026-07-03T19:02:00-07:00,8915.203943
1783130580,2026-07-03T19:03:00-07:00,3524.812502
1783130640,2026-07-03T19:04:00-07:00,3524.812502
1783130700,2026-07-03T19:05:00-07:00,3524.812502
1783130760,2026-07-03T19:06:00-07:00,3524.812502
1783130820,2026-07-03T19:07:00-07:00,3524.812502
1783130940,2026-07-03T19:09:00-07:00,1920.097291
1783131000,2026-07-03T19:10:00-07:00,1920.097291
1783131060,2026-07-03T19:11:00-07:00,1920.097291
1783131120,2026-07-03T19:12:00-07:00,1920.097291
1783131180,2026-07-03T19:13:00-07:00,1920.097291
1783131240,2026-07-03T19:14:00-07:00,1308.149333
1783131300,2026-07-03T19:15:00-07:00,1308.149333
1783131360,2026-07-03T19:16:00-07:00,1308.149333
1783131420,2026-07-03T19:17:00-07:00,1308.149333
1783131480,2026-07-03T19:18:00-07:00,1308.149333
1783131600,2026-07-03T19:20:00-07:00,1629.559245
1783131660,2026-07-03T19:21:00-07:00,1629.559245
1783131720,2026-07-03T19:22:00-07:00,1629.559245
1783131780,2026-07-03T19:23:00-07:00,1629.559245
1783131840,2026-07-03T19:24:00-07:00,1629.559245
1783131900,2026-07-03T19:25:00-07:00,1260.392376
1783131960,2026-07-03T19:26:00-07:00,1260.392376
1783132020,2026-07-03T19:27:00-07:00,1260.392376
1783132080,2026-07-03T19:28:00-07:00,1260.392376
1783132140,2026-07-03T19:29:00-07:00,1260.392376
1783132380,2026-07-03T19:33:00-07:00,1219.436483
1783132440,2026-07-03T19:34:00-07:00,1219.436483
1783132500,2026-07-03T19:35:00-07:00,1219.436483
1783132560,2026-07-03T19:36:00-07:00,1219.436483
1783132620,2026-07-03T19:37:00-07:00,1219.436483
1783133160,2026-07-03T19:46:00-07:00,1343.781739
1783133220,2026-07-03T19:47:00-07:00,1343.781739
1783133280,2026-07-03T19:48:00-07:00,1343.781739
1783133340,2026-07-03T19:49:00-07:00,1343.781739
1783133400,2026-07-03T19:50:00-07:00,1343.781739
1783133520,2026-07-03T19:52:00-07:00,2991.139934
1783133580,2026-07-03T19:53:00-07:00,2991.139934
1783133640,2026-07-03T19:54:00-07:00,2991.139934
1783133700,2026-07-03T19:55:00-07:00,2991.139934
1783133760,2026-07-03T19:56:00-07:00,2991.139934
1783133880,2026-07-03T19:58:00-07:00,1941.793539
1783133940,2026-07-03T19:59:00-07:00,1941.793539
1783134000,2026-07-03T20:00:00-07:00,1941.793539
1783134060,2026-07-03T20:01:00-07:00,1941.793539
1783134120,2026-07-03T20:02:00-07:00,1941.793539
1783134660,2026-07-03T20:11:00-07:00,1571.517376
1783134720,2026-07-03T20:12:00-07:00,1571.517376
1783134780,2026-07-03T20:13:00-07:00,1571.517376
1783134840,2026-07-03T20:14:00-07:00,1571.517376
1783134900,2026-07-03T20:15:00-07:00,1571.517376
1783135020,2026-07-03T20:17:00-07:00,926.564616
1783135080,2026-07-03T20:18:00-07:00,926.564616
1783135140,2026-07-03T20:19:00-07:00,926.564616
1783135200,2026-07-03T20:20:00-07:00,926.564616
1783135260,2026-07-03T20:21:00-07:00,926.564616
1783135320,2026-07-03T20:22:00-07:00,7696.26042
1783135380,2026-07-03T20:23:00-07:00,7696.26042
1783135440,2026-07-03T20:24:00-07:00,7696.26042
1783135500,2026-07-03T20:25:00-07:00,7696.26042
1783135560,2026-07-03T20:26:00-07:00,7696.26042
1783135620,2026-07-03T20:27:00-07:00,5453.940311
1783135680,2026-07-03T20:28:00-07:00,5453.940311
1783135740,2026-07-03T20:29:00-07:00,5453.940311
1783135800,2026-07-03T20:30:00-07:00,5453.940311
1783135860,2026-07-03T20:31:00-07:00,5453.940311
1783135920,2026-07-03T20:32:00-07:00,2089.986288
1783135980,2026-07-03T20:33:00-07:00,2089.986288
1783136040,2026-07-03T20:34:00-07:00,2089.986288
1783136100,2026-07-03T20:35:00-07:00,2089.986288
1783136160,2026-07-03T20:36:00-07:00,2089.986288
1783136580,2026-07-03T20:43:00-07:00,1229.319011
1783136640,2026-07-03T20:44:00-07:00,1229.319011
1783136700,2026-07-03T20:45:00-07:00,1229.319011
1783136760,2026-07-03T20:46:00-07:00,1229.319011
1783136820,2026-07-03T20:47:00-07:00,1229.319011
1783136880,2026-07-03T20:48:00-07:00,1752.041667
1783136940,2026-07-03T20:49:00-07:00,1752.041667
1783137000,2026-07-03T20:50:00-07:00,1752.041667
1783137060,2026-07-03T20:51:00-07:00,1752.041667
1783137120,2026-07-03T20:52:00-07:00,1752.041667
1783137480,2026-07-03T20:58:00-07:00,4019.002199
1783137540,2026-07-03T20:59:00-07:00,4019.002199
1783137600,2026-07-03T21:00:00-07:00,4019.002199
1783137660,2026-07-03T21:01:00-07:00,4019.002199
1783137720,2026-07-03T21:02:00-07:00,4019.002199
1783137780,2026-07-03T21:03:00-07:00,2415.741212
1783137840,2026-07-03T21:04:00-07:00,2415.741212
1783137900,2026-07-03T21:05:00-07:00,2415.741212
1783137960,2026-07-03T21:06:00-07:00,2415.741212
1783138020,2026-07-03T21:07:00-07:00,2415.741212
1783138080,2026-07-03T21:08:00-07:00,1185.909709
1783138140,2026-07-03T21:09:00-07:00,1185.909709
1783138200,2026-07-03T21:10:00-07:00,1185.909709
1783138260,2026-07-03T21:11:00-07:00,1185.909709
1783138320,2026-07-03T21:12:00-07:00,1185.909709
1783138380,2026-07-03T21:13:00-07:00,2428.884726
1783138440,2026-07-03T21:14:00-07:00,2428.884726
1783138500,2026-07-03T21:15:00-07:00,2428.884726
1783138560,2026-07-03T21:16:00-07:00,2428.884726
1783138620,2026-07-03T21:17:00-07:00,2428.884726
1783138680,2026-07-03T21:18:00-07:00,1238.214967
1783138740,2026-07-03T21:19:00-07:00,1238.214967
1783138800,2026-07-03T21:20:00-07:00,1238.214967
1783138860,2026-07-03T21:21:00-07:00,1238.214967
1783138920,2026-07-03T21:22:00-07:00,1238.214967
1783139040,2026-07-03T21:24:00-07:00,1658.830567
1783139100,2026-07-03T21:25:00-07:00,1658.830567
1783139160,2026-07-03T21:26:00-07:00,1658.830567
1783139220,2026-07-03T21:27:00-07:00,1658.830567
1783139280,2026-07-03T21:28:00-07:00,1658.830567
1783139340,2026-07-03T21:29:00-07:00,1295.402344
1783139400,2026-07-03T21:30:00-07:00,1295.402344
1783139460,2026-07-03T21:31:00-07:00,1295.402344
1783139520,2026-07-03T21:32:00-07:00,1295.402344
1783139580,2026-07-03T21:33:00-07:00,1295.402344
1783139640,2026-07-03T21:34:00-07:00,4215.300824
1783139700,2026-07-03T21:35:00-07:00,4215.300824
1783139760,2026-07-03T21:36:00-07:00,4215.300824
1783139820,2026-07-03T21:37:00-07:00,4215.300824
1783139880,2026-07-03T21:38:00-07:00,4215.300824
1783139940,2026-07-03T21:39:00-07:00,1241.342692
1783140000,2026-07-03T21:40:00-07:00,1241.342692
1783140060,2026-07-03T21:41:00-07:00,1241.342692
1783140120,2026-07-03T21:42:00-07:00,1241.342692
1783140180,2026-07-03T21:43:00-07:00,1241.342692
1783140240,2026-07-03T21:44:00-07:00,1316.306479
1783140300,2026-07-03T21:45:00-07:00,1316.306479
1783140360,2026-07-03T21:46:00-07:00,1316.306479
1783140420,2026-07-03T21:47:00-07:00,1316.306479
1783140480,2026-07-03T21:48:00-07:00,1316.306479
1783140540,2026-07-03T21:49:00-07:00,1277.900392
1783140600,2026-07-03T21:50:00-07:00,1277.900392
1783140660,2026-07-03T21:51:00-07:00,1277.900392
1783140720,2026-07-03T21:52:00-07:00,1277.900392
1783140780,2026-07-03T21:53:00-07:00,1277.900392
1783141200,2026-07-03T22:00:00-07:00,3052.312176
1783141260,2026-07-03T22:01:00-07:00,3052.312176
1783141320,2026-07-03T22:02:00-07:00,3052.312176
1783141380,2026-07-03T22:03:00-07:00,3052.312176
1783141440,2026-07-03T22:04:00-07:00,3052.312176
1783141500,2026-07-03T22:05:00-07:00,2378.252158
1783141560,2026-07-03T22:06:00-07:00,2378.252158
1783141620,2026-07-03T22:07:00-07:00,2378.252158
1783141680,2026-07-03T22:08:00-07:00,2378.252158
1783141740,2026-07-03T22:09:00-07:00,2378.252158
1783141800,2026-07-03T22:10:00-07:00,1262.208253
1783141860,2026-07-03T22:11:00-07:00,1262.208253
1783141920,2026-07-03T22:12:00-07:00,1262.208253
1783141980,2026-07-03T22:13:00-07:00,1262.208253
1783142040,2026-07-03T22:14:00-07:00,1262.208253
1783142100,2026-07-03T22:15:00-07:00,5782.40137
1783142160,2026-07-03T22:16:00-07:00,5782.40137
1783142220,2026-07-03T22:17:00-07:00,5782.40137
1783142280,2026-07-03T22:18:00-07:00,5782.40137
1783142340,2026-07-03T22:19:00-07:00,5782.40137
1783142400,2026-07-03T22:20:00-07:00,1305.926352
1783142460,2026-07-03T22:21:00-07:00,1305.926352
1783142520,2026-07-03T22:22:00-07:00,1305.926352
1783142580,2026-07-03T22:23:00-07:00,1305.926352
1783142640,2026-07-03T22:24:00-07:00,1305.926352
1783142700,2026-07-03T22:25:00-07:00,1954.056235
1783142760,2026-07-03T22:26:00-07:00,1954.056235
1783142820,2026-07-03T22:27:00-07:00,1954.056235
1783142880,2026-07-03T22:28:00-07:00,1954.056235
1783142940,2026-07-03T22:29:00-07:00,1954.056235
1783143000,2026-07-03T22:30:00-07:00,1980.007081
1783143060,2026-07-03T22:31:00-07:00,1980.007081
1783143120,2026-07-03T22:32:00-07:00,1980.007081
1783143180,2026-07-03T22:33:00-07:00,1980.007081
1783143240,2026-07-03T22:34:00-07:00,1980.007081
1783143300,2026-07-03T22:35:00-07:00,1308.425091
1783143360,2026-07-03T22:36:00-07:00,1308.425091
1783143420,2026-07-03T22:37:00-07:00,1308.425091
1783143480,2026-07-03T22:38:00-07:00,1308.425091
1783143540,2026-07-03T22:39:00-07:00,1308.425091
1783143600,2026-07-03T22:40:00-07:00,1297.414877
1783143660,2026-07-03T22:41:00-07:00,1297.414877
1783143720,2026-07-03T22:42:00-07:00,1297.414877
1783143780,2026-07-03T22:43:00-07:00,1297.414877
1783143840,2026-07-03T22:44:00-07:00,1297.414877
1783143900,2026-07-03T22:45:00-07:00,1280.551473
1783143960,2026-07-03T22:46:00-07:00,1280.551473
1783144020,2026-07-03T22:47:00-07:00,1280.551473
1783144080,2026-07-03T22:48:00-07:00,1280.551473
1783144140,2026-07-03T22:49:00-07:00,1280.551473
1783144200,2026-07-03T22:50:00-07:00,1613.69983
1783144260,2026-07-03T22:51:00-07:00,1613.69983
1783144320,2026-07-03T22:52:00-07:00,1613.69983
1783144380,2026-07-03T22:53:00-07:00,1613.69983
1783144440,2026-07-03T22:54:00-07:00,1613.69983
1783144800,2026-07-03T23:00:00-07:00,1123.493653
1783144860,2026-07-03T23:01:00-07:00,1123.493653
1783144920,2026-07-03T23:02:00-07:00,1123.493653
1783144980,2026-07-03T23:03:00-07:00,1123.493653
1783145040,2026-07-03T23:04:00-07:00,1123.493653
1783145100,2026-07-03T23:05:00-07:00,1622.012981
1783145160,2026-07-03T23:06:00-07:00,1622.012981
1783145220,2026-07-03T23:07:00-07:00,1622.012981
1783145280,2026-07-03T23:08:00-07:00,1622.012981
1783145340,2026-07-03T23:09:00-07:00,1622.012981
1783145400,2026-07-03T23:10:00-07:00,1290.565837
1783145460,2026-07-03T23:11:00-07:00,1290.565837
1783145520,2026-07-03T23:12:00-07:00,1290.565837
1783145580,2026-07-03T23:13:00-07:00,1290.565837
1783145640,2026-07-03T23:14:00-07:00,1290.565837
1783145700,2026-07-03T23:15:00-07:00,2260.032716
1783145760,2026-07-03T23:16:00-07:00,2260.032716
1783145820,2026-07-03T23:17:00-07:00,2260.032716
1783145880,2026-07-03T23:18:00-07:00,2260.032716
1783145940,2026-07-03T23:19:00-07:00,2260.032716
1783146060,2026-07-03T23:21:00-07:00,1308.348593
1783146120,2026-07-03T23:22:00-07:00,1308.348593
1783146180,2026-07-03T23:23:00-07:00,1308.348593
1783146240,2026-07-03T23:24:00-07:00,1308.348593
1783146300,2026-07-03T23:25:00-07:00,1308.348593
1783146360,2026-07-03T23:26:00-07:00,1378.224529
1783146420,2026-07-03T23:27:00-07:00,1378.224529
1783146480,2026-07-03T23:28:00-07:00,1378.224529
1783146540,2026-07-03T23:29:00-07:00,1378.224529
1783146600,2026-07-03T23:30:00-07:00,1378.224529
1783146660,2026-07-03T23:31:00-07:00,1090.342489
1783146720,2026-07-03T23:32:00-07:00,1090.342489
1783146780,2026-07-03T23:33:00-07:00,1090.342489
1783146840,2026-07-03T23:34:00-07:00,1090.342489
1783146900,2026-07-03T23:35:00-07:00,1090.342489
1783146960,2026-07-03T23:36:00-07:00,987.425782
1783147020,2026-07-03T23:37:00-07:00,987.425782
1783147080,2026-07-03T23:38:00-07:00,987.425782
1783147140,2026-07-03T23:39:00-07:00,987.425782
1783147200,2026-07-03T23:40:00-07:00,987.425782
1783147560,2026-07-03T23:46:00-07:00,1193.897583
1783147620,2026-07-03T23:47:00-07:00,1193.897583
1783147680,2026-07-03T23:48:00-07:00,1193.897583
1783147740,2026-07-03T23:49:00-07:00,1193.897583
1783147800,2026-07-03T23:50:00-07:00,1193.897583
1783147980,2026-07-03T23:53:00-07:00,1225.990642
1783148040,2026-07-03T23:54:00-07:00,1225.990642
1783148100,2026-07-03T23:55:00-07:00,1225.990642
1783148160,2026-07-03T23:56:00-07:00,1225.990642
1783148220,2026-07-03T23:57:00-07:00,1225.990642
1783148280,2026-07-03T23:58:00-07:00,2259.078859
1783148340,2026-07-03T23:59:00-07:00,2259.078859
1783148400,2026-07-04T00:00:00-07:00,2259.078859
1783148460,2026-07-04T00:01:00-07:00,2259.078859
1783148520,2026-07-04T00:02:00-07:00,2259.078859
1783148700,2026-07-04T00:05:00-07:00,905.848105
1783148760,2026-07-04T00:06:00-07:00,905.848105
1783148820,2026-07-04T00:07:00-07:00,905.848105
1783148880,2026-07-04T00:08:00-07:00,905.848105
1783148940,2026-07-04T00:09:00-07:00,905.848105
1783149000,2026-07-04T00:10:00-07:00,809.773844
1783149060,2026-07-04T00:11:00-07:00,809.773844
1783149120,2026-07-04T00:12:00-07:00,809.773844
1783149180,2026-07-04T00:13:00-07:00,809.773844
1783149240,2026-07-04T00:14:00-07:00,809.773844
1783149360,2026-07-04T00:16:00-07:00,308.106161
1783149420,2026-07-04T00:17:00-07:00,308.106161
1783149480,2026-07-04T00:18:00-07:00,308.106161
1783149540,2026-07-04T00:19:00-07:00,308.106161
1783149600,2026-07-04T00:20:00-07:00,308.106161
1783149660,2026-07-04T00:21:00-07:00,827.139039
1783149720,2026-07-04T00:22:00-07:00,827.139039
1783149780,2026-07-04T00:23:00-07:00,827.139039
1783149840,2026-07-04T00:24:00-07:00,827.139039
1783149900,2026-07-04T00:25:00-07:00,827.139039
1783149960,2026-07-04T00:26:00-07:00,1451.932455
1783150020,2026-07-04T00:27:00-07:00,1451.932455
1783150080,2026-07-04T00:28:00-07:00,1451.932455
1783150140,2026-07-04T00:29:00-07:00,1451.932455
1783150200,2026-07-04T00:30:00-07:00,1451.932455
1783150320,2026-07-04T00:32:00-07:00,115.181681
1783150380,2026-07-04T00:33:00-07:00,115.181681
1783150440,2026-07-04T00:34:00-07:00,115.181681
1783150500,2026-07-04T00:35:00-07:00,115.181681
1783150560,2026-07-04T00:36:00-07:00,115.181681
1783150680,2026-07-04T00:38:00-07:00,228.829346
1783150740,2026-07-04T00:39:00-07:00,228.829346
1783150800,2026-07-04T00:40:00-07:00,228.829346
1783150860,2026-07-04T00:41:00-07:00,228.829346
1783150920,2026-07-04T00:42:00-07:00,228.829346
1783150980,2026-07-04T00:43:00-07:00,244.94812
1783151040,2026-07-04T00:44:00-07:00,244.94812
1783151100,2026-07-04T00:45:00-07:00,244.94812
1783151160,2026-07-04T00:46:00-07:00,244.94812
1783151220,2026-07-04T00:47:00-07:00,244.94812
1783151280,2026-07-04T00:48:00-07:00,189.532267
1783151340,2026-07-04T00:49:00-07:00,189.532267
1783151400,2026-07-04T00:50:00-07:00,189.532267
1783151460,2026-07-04T00:51:00-07:00,189.532267
1783151520,2026-07-04T00:52:00-07:00,189.532267
1783151700,2026-07-04T00:55:00-07:00,736.740926
1783151760,2026-07-04T00:56:00-07:00,736.740926
1783151820,2026-07-04T00:57:00-07:00,736.740926
1783151880,2026-07-04T00:58:00-07:00,736.740926
1783151940,2026-07-04T00:59:00-07:00,736.740926
1783152000,2026-07-04T01:00:00-07:00,248.09672
1783152060,2026-07-04T01:01:00-07:00,248.09672
1783152120,2026-07-04T01:02:00-07:00,248.09672
1783152180,2026-07-04T01:03:00-07:00,248.09672
1783152240,2026-07-04T01:04:00-07:00,248.09672
1783152360,2026-07-04T01:06:00-07:00,143.071941
1783152420,2026-07-04T01:07:00-07:00,143.071941
1783152480,2026-07-04T01:08:00-07:00,143.071941
1783152540,2026-07-04T01:09:00-07:00,143.071941
1783152600,2026-07-04T01:10:00-07:00,143.071941
1783152780,2026-07-04T01:13:00-07:00,428.167563
1783152840,2026-07-04T01:14:00-07:00,428.167563
1783152900,2026-07-04T01:15:00-07:00,428.167563
1783152960,2026-07-04T01:16:00-07:00,428.167563
1783153020,2026-07-04T01:17:00-07:00,428.167563
1783153140,2026-07-04T01:19:00-07:00,815.253256
1783153200,2026-07-04T01:20:00-07:00,815.253256
1783153260,2026-07-04T01:21:00-07:00,815.253256
1783153320,2026-07-04T01:22:00-07:00,815.253256
1783153380,2026-07-04T01:23:00-07:00,815.253256
1783153500,2026-07-04T01:25:00-07:00,270.630249
1783153560,2026-07-04T01:26:00-07:00,270.630249
1783153620,2026-07-04T01:27:00-07:00,270.630249
1783153680,2026-07-04T01:28:00-07:00,270.630249
1783153740,2026-07-04T01:29:00-07:00,270.630249
1783153800,2026-07-04T01:30:00-07:00,187.28772
1783153860,2026-07-04T01:31:00-07:00,187.28772
1783153920,2026-07-04T01:32:00-07:00,187.28772
1783153980,2026-07-04T01:33:00-07:00,187.28772
1783154040,2026-07-04T01:34:00-07:00,187.28772
1783154160,2026-07-04T01:36:00-07:00,164.299764
1783154220,2026-07-04T01:37:00-07:00,164.299764
1783154280,2026-07-04T01:38:00-07:00,164.299764
1783154340,2026-07-04T01:39:00-07:00,164.299764
1783154400,2026-07-04T01:40:00-07:00,164.299764
1783154460,2026-07-04T01:41:00-07:00,123.952759
1783154520,2026-07-04T01:42:00-07:00,123.952759
1783154580,2026-07-04T01:43:00-07:00,123.952759
1783154640,2026-07-04T01:44:00-07:00,123.952759
1783154700,2026-07-04T01:45:00-07:00,123.952759
1783154820,2026-07-04T01:47:00-07:00,171.28068
1783154880,2026-07-04T01:48:00-07:00,171.28068
1783154940,2026-07-04T01:49:00-07:00,171.28068
1783155000,2026-07-04T01:50:00-07:00,171.28068
1783155060,2026-07-04T01:51:00-07:00,171.28068
1783155180,2026-07-04T01:53:00-07:00,114.765136
1783155240,2026-07-04T01:54:00-07:00,114.765136
1783155300,2026-07-04T01:55:00-07:00,114.765136
1783155360,2026-07-04T01:56:00-07:00,114.765136
1783155420,2026-07-04T01:57:00-07:00,114.765136
1783155600,2026-07-04T02:00:00-07:00,160.412761
1783155660,2026-07-04T02:01:00-07:00,160.412761
1783155720,2026-07-04T02:02:00-07:00,160.412761
1783155780,2026-07-04T02:03:00-07:00,160.412761
1783155840,2026-07-04T02:04:00-07:00,160.412761
1783155960,2026-07-04T02:06:00-07:00,122.964641
1783156020,2026-07-04T02:07:00-07:00,122.964641
1783156080,2026-07-04T02:08:00-07:00,122.964641
1783156140,2026-07-04T02:09:00-07:00,122.964641
1783156200,2026-07-04T02:10:00-07:00,122.964641
1783156260,2026-07-04T02:11:00-07:00,120.211222
1783156320,2026-07-04T02:12:00-07:00,120.211222
1783156380,2026-07-04T02:13:00-07:00,120.211222
1783156440,2026-07-04T02:14:00-07:00,120.211222
1783156500,2026-07-04T02:15:00-07:00,120.211222
1783156560,2026-07-04T02:16:00-07:00,122.813029
1783156620,2026-07-04T02:17:00-07:00,122.813029
1783156680,2026-07-04T02:18:00-07:00,122.813029
1783156740,2026-07-04T02:19:00-07:00,122.813029
1783156800,2026-07-04T02:20:00-07:00,122.813029
1783156980,2026-07-04T02:23:00-07:00,144.679199
1783157040,2026-07-04T02:24:00-07:00,144.679199
1783157100,2026-07-04T02:25:00-07:00,144.679199
1783157160,2026-07-04T02:26:00-07:00,144.679199
1783157220,2026-07-04T02:27:00-07:00,144.679199
1783157340,2026-07-04T02:29:00-07:00,137.428386
1783157400,2026-07-04T02:30:00-07:00,137.428386
1783157460,2026-07-04T02:31:00-07:00,137.428386
1783157520,2026-07-04T02:32:00-07:00,137.428386
1783157580,2026-07-04T02:33:00-07:00,137.428386
1783157760,2026-07-04T02:36:00-07:00,157.64917
1783157820,2026-07-04T02:37:00-07:00,157.64917
1783157880,2026-07-04T02:38:00-07:00,157.64917
1783157940,2026-07-04T02:39:00-07:00,157.64917
1783158000,2026-07-04T02:40:00-07:00,157.64917
1783158060,2026-07-04T02:41:00-07:00,112.329102
1783158120,2026-07-04T02:42:00-07:00,112.329102
1783158180,2026-07-04T02:43:00-07:00,112.329102
1783158240,2026-07-04T02:44:00-07:00,112.329102
1783158300,2026-07-04T02:45:00-07:00,112.329102
1783158420,2026-07-04T02:47:00-07:00,298.676961
1783158480,2026-07-04T02:48:00-07:00,298.676961
1783158540,2026-07-04T02:49:00-07:00,298.676961
1783158600,2026-07-04T02:50:00-07:00,298.676961
1783158660,2026-07-04T02:51:00-07:00,298.676961
1783158720,2026-07-04T02:52:00-07:00,248.089885
1783158780,2026-07-04T02:53:00-07:00,248.089885
1783158840,2026-07-04T02:54:00-07:00,248.089885
1783158900,2026-07-04T02:55:00-07:00,248.089885
1783158960,2026-07-04T02:56:00-07:00,248.089885
1783159140,2026-07-04T02:59:00-07:00,269.974081
1783159200,2026-07-04T03:00:00-07:00,269.974081
1783159260,2026-07-04T03:01:00-07:00,269.974081
1783159320,2026-07-04T03:02:00-07:00,269.974081
1783159380,2026-07-04T03:03:00-07:00,269.974081
1783159440,2026-07-04T03:04:00-07:00,180.958252
1783159500,2026-07-04T03:05:00-07:00,180.958252
1783159560,2026-07-04T03:06:00-07:00,180.958252
1783159620,2026-07-04T03:07:00-07:00,180.958252
1783159680,2026-07-04T03:08:00-07:00,180.958252
1783159980,2026-07-04T03:13:00-07:00,249.391357
1783160040,2026-07-04T03:14:00-07:00,249.391357
1783160100,2026-07-04T03:15:00-07:00,249.391357
1783160160,2026-07-04T03:16:00-07:00,249.391357
1783160220,2026-07-04T03:17:00-07:00,249.391357
1783160340,2026-07-04T03:19:00-07:00,119.091959
1783160400,2026-07-04T03:20:00-07:00,119.091959
1783160460,2026-07-04T03:21:00-07:00,119.091959
1783160520,2026-07-04T03:22:00-07:00,119.091959
1783160580,2026-07-04T03:23:00-07:00,119.091959
1783160700,2026-07-04T03:25:00-07:00,127.750651
1783160760,2026-07-04T03:26:00-07:00,127.750651
1783160820,2026-07-04T03:27:00-07:00,127.750651
1783160880,2026-07-04T03:28:00-07:00,127.750651
1783160940,2026-07-04T03:29:00-07:00,127.750651
1783161060,2026-07-04T03:31:00-07:00,133.182129
1783161120,2026-07-04T03:32:00-07:00,133.182129
1783161180,2026-07-04T03:33:00-07:00,133.182129
1783161240,2026-07-04T03:34:00-07:00,133.182129
1783161300,2026-07-04T03:35:00-07:00,133.182129
1783161480,2026-07-04T03:38:00-07:00,107.145141
1783161540,2026-07-04T03:39:00-07:00,107.145141
1783161600,2026-07-04T03:40:00-07:00,107.145141
1783161660,2026-07-04T03:41:00-07:00,107.145141
1783161720,2026-07-04T03:42:00-07:00,107.145141
1783161840,2026-07-04T03:44:00-07:00,123.882039
1783161900,2026-07-04T03:45:00-07:00,123.882039
1783161960,2026-07-04T03:46:00-07:00,123.882039
1783162020,2026-07-04T03:47:00-07:00,123.882039
1783162080,2026-07-04T03:48:00-07:00,123.882039
1783162140,2026-07-04T03:49:00-07:00,113.339111
1783162200,2026-07-04T03:50:00-07:00,113.339111
1783162260,2026-07-04T03:51:00-07:00,113.339111
1783162320,2026-07-04T03:52:00-07:00,113.339111
1783162380,2026-07-04T03:53:00-07:00,113.339111
1783162500,2026-07-04T03:55:00-07:00,98.143962
1783162560,2026-07-04T03:56:00-07:00,98.143962
1783162620,2026-07-04T03:57:00-07:00,98.143962
1783162680,2026-07-04T03:58:00-07:00,98.143962
1783162740,2026-07-04T03:59:00-07:00,98.143962
1783162800,2026-07-04T04:00:00-07:00,107.522339
1783162860,2026-07-04T04:01:00-07:00,107.522339
1783162920,2026-07-04T04:02:00-07:00,107.522339
1783162980,2026-07-04T04:03:00-07:00,107.522339
1783163040,2026-07-04T04:04:00-07:00,107.522339
1783163280,2026-07-04T04:08:00-07:00,110.6368
1783163340,2026-07-04T04:09:00-07:00,110.6368
1783163400,2026-07-04T04:10:00-07:00,110.6368
1783163460,2026-07-04T04:11:00-07:00,110.6368
1783163520,2026-07-04T04:12:00-07:00,110.6368
1783163580,2026-07-04T04:13:00-07:00,118.69515
1783163640,2026-07-04T04:14:00-07:00,118.69515
1783163700,2026-07-04T04:15:00-07:00,118.69515
1783163760,2026-07-04T04:16:00-07:00,118.69515
1783163820,2026-07-04T04:17:00-07:00,118.69515
1783163880,2026-07-04T04:18:00-07:00,105.946818
1783163940,2026-07-04T04:19:00-07:00,105.946818
1783164000,2026-07-04T04:20:00-07:00,105.946818
1783164060,2026-07-04T04:21:00-07:00,105.946818
1783164120,2026-07-04T04:22:00-07:00,105.946818
1783164240,2026-07-04T04:24:00-07:00,159.267131
1783164300,2026-07-04T04:25:00-07:00,159.267131
1783164360,2026-07-04T04:26:00-07:00,159.267131
1783164420,2026-07-04T04:27:00-07:00,159.267131
1783164480,2026-07-04T04:28:00-07:00,159.267131
1783164600,2026-07-04T04:30:00-07:00,117.884847
1783164660,2026-07-04T04:31:00-07:00,117.884847
1783164720,2026-07-04T04:32:00-07:00,117.884847
1783164780,2026-07-04T04:33:00-07:00,117.884847
1783164840,2026-07-04T04:34:00-07:00,117.884847
1783164960,2026-07-04T04:36:00-07:00,109.289795
1783165020,2026-07-04T04:37:00-07:00,109.289795
1783165080,2026-07-04T04:38:00-07:00,109.289795
1783165140,2026-07-04T04:39:00-07:00,109.289795
1783165200,2026-07-04T04:40:00-07:00,109.289795
1783165320,2026-07-04T04:42:00-07:00,118.344686
1783165380,2026-07-04T04:43:00-07:00,118.344686
1783165440,2026-07-04T04:44:00-07:00,118.344686
1783165500,2026-07-04T04:45:00-07:00,118.344686
1783165560,2026-07-04T04:46:00-07:00,118.344686
1783165740,2026-07-04T04:49:00-07:00,190.951823
1783165800,2026-07-04T04:50:00-07:00,190.951823
1783165860,2026-07-04T04:51:00-07:00,190.951823
1783165920,2026-07-04T04:52:00-07:00,190.951823
1783165980,2026-07-04T04:53:00-07:00,190.951823
1783166040,2026-07-04T04:54:00-07:00,112.877767
1783166100,2026-07-04T04:55:00-07:00,112.877767
1783166160,2026-07-04T04:56:00-07:00,112.877767
1783166220,2026-07-04T04:57:00-07:00,112.877767
1783166280,2026-07-04T04:58:00-07:00,112.877767
1783166340,2026-07-04T04:59:00-07:00,102.588867
1783166400,2026-07-04T05:00:00-07:00,102.588867
1783166460,2026-07-04T05:01:00-07:00,102.588867
1783166520,2026-07-04T05:02:00-07:00,102.588867
1783166580,2026-07-04T05:03:00-07:00,102.588867
1783166640,2026-07-04T05:04:00-07:00,154.247192
1783166700,2026-07-04T05:05:00-07:00,154.247192
1783166760,2026-07-04T05:06:00-07:00,154.247192
1783166820,2026-07-04T05:07:00-07:00,154.247192
1783166880,2026-07-04T05:08:00-07:00,154.247192
1783167060,2026-07-04T05:11:00-07:00,118.439697
1783167120,2026-07-04T05:12:00-07:00,118.439697
1783167180,2026-07-04T05:13:00-07:00,118.439697
1783167240,2026-07-04T05:14:00-07:00,118.439697
1783167300,2026-07-04T05:15:00-07:00,118.439697
1783167480,2026-07-04T05:18:00-07:00,130.254557
1783167540,2026-07-04T05:19:00-07:00,130.254557
1783167600,2026-07-04T05:20:00-07:00,130.254557
1783167660,2026-07-04T05:21:00-07:00,130.254557
1783167720,2026-07-04T05:22:00-07:00,130.254557
1783167780,2026-07-04T05:23:00-07:00,129.232544
1783167840,2026-07-04T05:24:00-07:00,129.232544
1783167900,2026-07-04T05:25:00-07:00,129.232544
1783167960,2026-07-04T05:26:00-07:00,129.232544
1783168020,2026-07-04T05:27:00-07:00,129.232544
1783168140,2026-07-04T05:29:00-07:00,133.243938
1783168200,2026-07-04T05:30:00-07:00,133.243938
1783168260,2026-07-04T05:31:00-07:00,133.243938
1783168320,2026-07-04T05:32:00-07:00,133.243938
1783168380,2026-07-04T05:33:00-07:00,133.243938
1783168560,2026-07-04T05:36:00-07:00,259.725098
1783168620,2026-07-04T05:37:00-07:00,259.725098
1783168680,2026-07-04T05:38:00-07:00,259.725098
1783168740,2026-07-04T05:39:00-07:00,259.725098
1783168800,2026-07-04T05:40:00-07:00,259.725098
1783168920,2026-07-04T05:42:00-07:00,115.439941
1783168980,2026-07-04T05:43:00-07:00,115.439941
1783169040,2026-07-04T05:44:00-07:00,115.439941
1783169100,2026-07-04T05:45:00-07:00,115.439941
1783169160,2026-07-04T05:46:00-07:00,115.439941
1783169340,2026-07-04T05:49:00-07:00,136.478515
1783169400,2026-07-04T05:50:00-07:00,136.478515
1783169460,2026-07-04T05:51:00-07:00,136.478515
1783169520,2026-07-04T05:52:00-07:00,136.478515
1783169580,2026-07-04T05:53:00-07:00,136.478515
1783169640,2026-07-04T05:54:00-07:00,152.515544
1783169700,2026-07-04T05:55:00-07:00,152.515544
1783169760,2026-07-04T05:56:00-07:00,152.515544
1783169820,2026-07-04T05:57:00-07:00,152.515544
1783169880,2026-07-04T05:58:00-07:00,152.515544
1783170000,2026-07-04T06:00:00-07:00,138.283488
1783170060,2026-07-04T06:01:00-07:00,138.283488
1783170120,2026-07-04T06:02:00-07:00,138.283488
1783170180,2026-07-04T06:03:00-07:00,138.283488
1783170240,2026-07-04T06:04:00-07:00,138.283488
1783170300,2026-07-04T06:05:00-07:00,124.800171
1783170360,2026-07-04T06:06:00-07:00,124.800171
1783170420,2026-07-04T06:07:00-07:00,124.800171
1783170480,2026-07-04T06:08:00-07:00,124.800171
1783170540,2026-07-04T06:09:00-07:00,124.800171
1783170660,2026-07-04T06:11:00-07:00,145.491455
1783170720,2026-07-04T06:12:00-07:00,145.491455
1783170780,2026-07-04T06:13:00-07:00,145.491455
1783170840,2026-07-04T06:14:00-07:00,145.491455
1783170900,2026-07-04T06:15:00-07:00,145.491455
1783171020,2026-07-04T06:17:00-07:00,107.3632
1783171080,2026-07-04T06:18:00-07:00,107.3632
1783171140,2026-07-04T06:19:00-07:00,107.3632
1783171200,2026-07-04T06:20:00-07:00,107.3632
1783171260,2026-07-04T06:21:00-07:00,107.3632
1783171320,2026-07-04T06:22:00-07:00,126.910481
1783171380,2026-07-04T06:23:00-07:00,126.910481
1783171440,2026-07-04T06:24:00-07:00,126.910481
1783171500,2026-07-04T06:25:00-07:00,126.910481
1783171560,2026-07-04T06:26:00-07:00,126.910481
1783171680,2026-07-04T06:28:00-07:00,137.465169
1783171740,2026-07-04T06:29:00-07:00,137.465169
1783171800,2026-07-04T06:30:00-07:00,137.465169
1783171860,2026-07-04T06:31:00-07:00,137.465169
1783171920,2026-07-04T06:32:00-07:00,137.465169
1783171980,2026-07-04T06:33:00-07:00,126.119059
1783172040,2026-07-04T06:34:00-07:00,126.119059
1783172100,2026-07-04T06:35:00-07:00,126.119059
1783172160,2026-07-04T06:36:00-07:00,126.119059
1783172220,2026-07-04T06:37:00-07:00,126.119059
1783172340,2026-07-04T06:39:00-07:00,233.52653
1783172400,2026-07-04T06:40:00-07:00,233.52653
1783172460,2026-07-04T06:41:00-07:00,233.52653
1783172520,2026-07-04T06:42:00-07:00,233.52653
1783172580,2026-07-04T06:43:00-07:00,233.52653
1783172760,2026-07-04T06:46:00-07:00,153.089477
1783172820,2026-07-04T06:47:00-07:00,153.089477
1783172880,2026-07-04T06:48:00-07:00,153.089477
1783172940,2026-07-04T06:49:00-07:00,153.089477
1783173000,2026-07-04T06:50:00-07:00,153.089477
1783173060,2026-07-04T06:51:00-07:00,149.898438
1783173120,2026-07-04T06:52:00-07:00,149.898438
1783173180,2026-07-04T06:53:00-07:00,149.898438
1783173240,2026-07-04T06:54:00-07:00,149.898438
1783173300,2026-07-04T06:55:00-07:00,149.898438
1783173360,2026-07-04T06:56:00-07:00,189.522258
1783173420,2026-07-04T06:57:00-07:00,189.522258
1783173480,2026-07-04T06:58:00-07:00,189.522258
1783173540,2026-07-04T06:59:00-07:00,189.522258
1783173600,2026-07-04T07:00:00-07:00,189.522258
1783173660,2026-07-04T07:01:00-07:00,326.504598
1783173720,2026-07-04T07:02:00-07:00,326.504598
1783173780,2026-07-04T07:03:00-07:00,326.504598
1783173840,2026-07-04T07:04:00-07:00,326.504598
1783173900,2026-07-04T07:05:00-07:00,326.504598
1783174020,2026-07-04T07:07:00-07:00,186.546387
1783174080,2026-07-04T07:08:00-07:00,186.546387
1783174140,2026-07-04T07:09:00-07:00,186.546387
1783174200,2026-07-04T07:10:00-07:00,186.546387
1783174260,2026-07-04T07:11:00-07:00,186.546387
1783174440,2026-07-04T07:14:00-07:00,729.777547
1783174500,2026-07-04T07:15:00-07:00,729.777547
1783174560,2026-07-04T07:16:00-07:00,729.777547
1783174620,2026-07-04T07:17:00-07:00,729.777547
1783174680,2026-07-04T07:18:00-07:00,729.777547
1783174980,2026-07-04T07:23:00-07:00,231.15507
1783175040,2026-07-04T07:24:00-07:00,231.15507
1783175100,2026-07-04T07:25:00-07:00,231.15507
1783175160,2026-07-04T07:26:00-07:00,231.15507
1783175220,2026-07-04T07:27:00-07:00,231.15507
1783175340,2026-07-04T07:29:00-07:00,1398.958253
1783175400,2026-07-04T07:30:00-07:00,1398.958253
1783175460,2026-07-04T07:31:00-07:00,1398.958253
1783175520,2026-07-04T07:32:00-07:00,1398.958253
1783175580,2026-07-04T07:33:00-07:00,1398.958253
1783175640,2026-07-04T07:34:00-07:00,625.311443
1783175700,2026-07-04T07:35:00-07:00,625.311443
1783175760,2026-07-04T07:36:00-07:00,625.311443
1783175820,2026-07-04T07:37:00-07:00,625.311443
1783175880,2026-07-04T07:38:00-07:00,625.311443
1783176000,2026-07-04T07:40:00-07:00,462.477865
1783176060,2026-07-04T07:41:00-07:00,462.477865
1783176120,2026-07-04T07:42:00-07:00,462.477865
1783176180,2026-07-04T07:43:00-07:00,462.477865
1783176240,2026-07-04T07:44:00-07:00,462.477865
1783176300,2026-07-04T07:45:00-07:00,1319.03772
1783176360,2026-07-04T07:46:00-07:00,1319.03772
1783176420,2026-07-04T07:47:00-07:00,1319.03772
1783176480,2026-07-04T07:48:00-07:00,1319.03772
1783176540,2026-07-04T07:49:00-07:00,1319.03772
1783176660,2026-07-04T07:51:00-07:00,782.017335
1783176720,2026-07-04T07:52:00-07:00,782.017335
1783176780,2026-07-04T07:53:00-07:00,782.017335
1783176840,2026-07-04T07:54:00-07:00,782.017335
1783176900,2026-07-04T07:55:00-07:00,782.017335
1783177020,2026-07-04T07:57:00-07:00,1175.53357
1783177080,2026-07-04T07:58:00-07:00,1175.53357
1783177140,2026-07-04T07:59:00-07:00,1175.53357
1783177200,2026-07-04T08:00:00-07:00,1175.53357
1783177260,2026-07-04T08:01:00-07:00,1175.53357
1783177380,2026-07-04T08:03:00-07:00,1186.576253
1783177440,2026-07-04T08:04:00-07:00,1186.576253
1783177500,2026-07-04T08:05:00-07:00,1186.576253
1783177560,2026-07-04T08:06:00-07:00,1186.576253
1783177620,2026-07-04T08:07:00-07:00,1186.576253
1783177800,2026-07-04T08:10:00-07:00,790.684123
1783177860,2026-07-04T08:11:00-07:00,790.684123
1783177920,2026-07-04T08:12:00-07:00,790.684123
1783177980,2026-07-04T08:13:00-07:00,790.684123
1783178040,2026-07-04T08:14:00-07:00,790.684123
1783178100,2026-07-04T08:15:00-07:00,1007.432292
1783178160,2026-07-04T08:16:00-07:00,1007.432292
1783178220,2026-07-04T08:17:00-07:00,1007.432292
1783178280,2026-07-04T08:18:00-07:00,1007.432292
1783178340,2026-07-04T08:19:00-07:00,1007.432292
1783178520,2026-07-04T08:22:00-07:00,900.062378
1783178580,2026-07-04T08:23:00-07:00,900.062378
1783178640,2026-07-04T08:24:00-07:00,900.062378
1783178700,2026-07-04T08:25:00-07:00,900.062378
1783178760,2026-07-04T08:26:00-07:00,900.062378
1783178820,2026-07-04T08:27:00-07:00,853.992676
1783178880,2026-07-04T08:28:00-07:00,853.992676
1783178940,2026-07-04T08:29:00-07:00,853.992676
1783179000,2026-07-04T08:30:00-07:00,853.992676
1783179060,2026-07-04T08:31:00-07:00,853.992676
1783179120,2026-07-04T08:32:00-07:00,888.779542
1783179180,2026-07-04T08:33:00-07:00,888.779542
1783179240,2026-07-04T08:34:00-07:00,888.779542
1783179300,2026-07-04T08:35:00-07:00,888.779542
1783179360,2026-07-04T08:36:00-07:00,888.779542
1783179480,2026-07-04T08:38:00-07:00,911.697958
1783179540,2026-07-04T08:39:00-07:00,911.697958
1783179600,2026-07-04T08:40:00-07:00,911.697958
1783179660,2026-07-04T08:41:00-07:00,911.697958
1783179720,2026-07-04T08:42:00-07:00,911.697958
1783179900,2026-07-04T08:45:00-07:00,1259.194459
1783179960,2026-07-04T08:46:00-07:00,1259.194459
1783180020,2026-07-04T08:47:00-07:00,1259.194459
1783180080,2026-07-04T08:48:00-07:00,1259.194459
1783180140,2026-07-04T08:49:00-07:00,1259.194459
1783180260,2026-07-04T08:51:00-07:00,1299.844442
1783180320,2026-07-04T08:52:00-07:00,1299.844442
1783180380,2026-07-04T08:53:00-07:00,1299.844442
1783180440,2026-07-04T08:54:00-07:00,1299.844442
1783180500,2026-07-04T08:55:00-07:00,1299.844442
1783180680,2026-07-04T08:58:00-07:00,1205.705364
1783180740,2026-07-04T08:59:00-07:00,1205.705364
1783180800,2026-07-04T09:00:00-07:00,1205.705364
1783180860,2026-07-04T09:01:00-07:00,1205.705364
1783180920,2026-07-04T09:02:00-07:00,1205.705364
1783180980,2026-07-04T09:03:00-07:00,4177.385459
1783181040,2026-07-04T09:04:00-07:00,4177.385459
1783181100,2026-07-04T09:05:00-07:00,4177.385459
1783181160,2026-07-04T09:06:00-07:00,4177.385459
1783181220,2026-07-04T09:07:00-07:00,4177.385459
1783181280,2026-07-04T09:08:00-07:00,2893.414064
1783181340,2026-07-04T09:09:00-07:00,2893.414064
1783181400,2026-07-04T09:10:00-07:00,2893.414064
1783181460,2026-07-04T09:11:00-07:00,2893.414064
1783181520,2026-07-04T09:12:00-07:00,2893.414064
1783181940,2026-07-04T09:19:00-07:00,1440.957927
1783182000,2026-07-04T09:20:00-07:00,1440.957927
1783182060,2026-07-04T09:21:00-07:00,1440.957927
1783182120,2026-07-04T09:22:00-07:00,1440.957927
1783182180,2026-07-04T09:23:00-07:00,1440.957927
1783182240,2026-07-04T09:24:00-07:00,3127.293459
1783182300,2026-07-04T09:25:00-07:00,3127.293459
1783182360,2026-07-04T09:26:00-07:00,3127.293459
1783182420,2026-07-04T09:27:00-07:00,3127.293459
1783182480,2026-07-04T09:28:00-07:00,3127.293459
1783182720,2026-07-04T09:32:00-07:00,6116.028486
1783182780,2026-07-04T09:33:00-07:00,6116.028486
1783182840,2026-07-04T09:34:00-07:00,6116.028486
1783182900,2026-07-04T09:35:00-07:00,6116.028486
1783182960,2026-07-04T09:36:00-07:00,6116.028486
1783183080,2026-07-04T09:38:00-07:00,1646.209677
1783183140,2026-07-04T09:39:00-07:00,1646.209677
1783183200,2026-07-04T09:40:00-07:00,1646.209677
1783183260,2026-07-04T09:41:00-07:00,1646.209677
1783183320,2026-07-04T09:42:00-07:00,1646.209677
1783184580,2026-07-04T10:03:00-07:00,1293.029623
1783184640,2026-07-04T10:04:00-07:00,1293.029623
1783184700,2026-07-04T10:05:00-07:00,1293.029623
1783184760,2026-07-04T10:06:00-07:00,1293.029623
1783184820,2026-07-04T10:07:00-07:00,1293.029623
1783185240,2026-07-04T10:14:00-07:00,1352.916708
1783185300,2026-07-04T10:15:00-07:00,1352.916708
1783185360,2026-07-04T10:16:00-07:00,1352.916708
1783185420,2026-07-04T10:17:00-07:00,1352.916708
1783185480,2026-07-04T10:18:00-07:00,1352.916708
1783185660,2026-07-04T10:21:00-07:00,1929.111167
1783185720,2026-07-04T10:22:00-07:00,1929.111167
1783185780,2026-07-04T10:23:00-07:00,1929.111167
1783185840,2026-07-04T10:24:00-07:00,1929.111167
1783185900,2026-07-04T10:25:00-07:00,1929.111167
1783186020,2026-07-04T10:27:00-07:00,5121.698286
1783186080,2026-07-04T10:28:00-07:00,5121.698286
1783186140,2026-07-04T10:29:00-07:00,5121.698286
1783186200,2026-07-04T10:30:00-07:00,5121.698286
1783186260,2026-07-04T10:31:00-07:00,5121.698286
1783186380,2026-07-04T10:33:00-07:00,2118.717938
1783186440,2026-07-04T10:34:00-07:00,2118.717938
1783186500,2026-07-04T10:35:00-07:00,2118.717938
1783186560,2026-07-04T10:36:00-07:00,2118.717938
1783186620,2026-07-04T10:37:00-07:00,2118.717938
1783186740,2026-07-04T10:39:00-07:00,2773.395549
1783186800,2026-07-04T10:40:00-07:00,2773.395549
1783186860,2026-07-04T10:41:00-07:00,2773.395549
1783186920,2026-07-04T10:42:00-07:00,2773.395549
1783186980,2026-07-04T10:43:00-07:00,2773.395549
1783188420,2026-07-04T11:07:00-07:00,2346.839031
1783188480,2026-07-04T11:08:00-07:00,2346.839031
1783188540,2026-07-04T11:09:00-07:00,2346.839031
1783188600,2026-07-04T11:10:00-07:00,2346.839031
1783188660,2026-07-04T11:11:00-07:00,2346.839031
1783188780,2026-07-04T11:13:00-07:00,3385.099448
1783188840,2026-07-04T11:14:00-07:00,3385.099448
1783188900,2026-07-04T11:15:00-07:00,3385.099448
1783188960,2026-07-04T11:16:00-07:00,3385.099448
1783189020,2026-07-04T11:17:00-07:00,3385.099448
1783189140,2026-07-04T11:19:00-07:00,1305.911581
1783189200,2026-07-04T11:20:00-07:00,1305.911581
1783189260,2026-07-04T11:21:00-07:00,1305.911581
1783189320,2026-07-04T11:22:00-07:00,1305.911581
1783189380,2026-07-04T11:23:00-07:00,1305.911581
1783189800,2026-07-04T11:30:00-07:00,1300.939698
1783189860,2026-07-04T11:31:00-07:00,1300.939698
1783189920,2026-07-04T11:32:00-07:00,1300.939698
1783189980,2026-07-04T11:33:00-07:00,1300.939698
1783190040,2026-07-04T11:34:00-07:00,1300.939698
1783190160,2026-07-04T11:36:00-07:00,1291.308432
1783190220,2026-07-04T11:37:00-07:00,1291.308432
1783190280,2026-07-04T11:38:00-07:00,1291.308432
1783190340,2026-07-04T11:39:00-07:00,1291.308432
1783190400,2026-07-04T11:40:00-07:00,1291.308432
1783190520,2026-07-04T11:42:00-07:00,2898.385296
1783190580,2026-07-04T11:43:00-07:00,2898.385296
1783190640,2026-07-04T11:44:00-07:00,2898.385296
1783190700,2026-07-04T11:45:00-07:00,2898.385296
1783190760,2026-07-04T11:46:00-07:00,2898.385296
1783190820,2026-07-04T11:47:00-07:00,1291.46224
1783190880,2026-07-04T11:48:00-07:00,1291.46224
1783190940,2026-07-04T11:49:00-07:00,1291.46224
1783191000,2026-07-04T11:50:00-07:00,1291.46224
1783191060,2026-07-04T11:51:00-07:00,1291.46224
1783191480,2026-07-04T11:58:00-07:00,5948.406863
1783191540,2026-07-04T11:59:00-07:00,5948.406863
1783191600,2026-07-04T12:00:00-07:00,5948.406863
1783191660,2026-07-04T12:01:00-07:00,5948.406863
1783191720,2026-07-04T12:02:00-07:00,5948.406863
1783191780,2026-07-04T12:03:00-07:00,1790.667929
1783191840,2026-07-04T12:04:00-07:00,1790.667929
1783191900,2026-07-04T12:05:00-07:00,1790.667929
1783191960,2026-07-04T12:06:00-07:00,1790.667929
1783192020,2026-07-04T12:07:00-07:00,1790.667929
1783192080,2026-07-04T12:08:00-07:00,1321.534383
1783192140,2026-07-04T12:09:00-07:00,1321.534383
1783192200,2026-07-04T12:10:00-07:00,1321.534383
1783192260,2026-07-04T12:11:00-07:00,1321.534383
1783192320,2026-07-04T12:12:00-07:00,1321.534383
1783192380,2026-07-04T12:13:00-07:00,1250.015056
1783192440,2026-07-04T12:14:00-07:00,1250.015056
1783192500,2026-07-04T12:15:00-07:00,1250.015056
1783192560,2026-07-04T12:16:00-07:00,1250.015056
1783192620,2026-07-04T12:17:00-07:00,1250.015056
1783192740,2026-07-04T12:19:00-07:00,1473.933961
1783192800,2026-07-04T12:20:00-07:00,1473.933961
1783192860,2026-07-04T12:21:00-07:00,1473.933961
1783192920,2026-07-04T12:22:00-07:00,1473.933961
1783192980,2026-07-04T12:23:00-07:00,1473.933961
1783193040,2026-07-04T12:24:00-07:00,3620.014569
1783193100,2026-07-04T12:25:00-07:00,3620.014569
1783193160,2026-07-04T12:26:00-07:00,3620.014569
1783193220,2026-07-04T12:27:00-07:00,3620.014569
1783193280,2026-07-04T12:28:00-07:00,3620.014569
1783193760,2026-07-04T12:36:00-07:00,1994.160401
1783193820,2026-07-04T12:37:00-07:00,1994.160401
1783193880,2026-07-04T12:38:00-07:00,1994.160401
1783193940,2026-07-04T12:39:00-07:00,1994.160401
1783194000,2026-07-04T12:40:00-07:00,1994.160401
1783194120,2026-07-04T12:42:00-07:00,2158.87256
1783194180,2026-07-04T12:43:00-07:00,2158.87256
1783194240,2026-07-04T12:44:00-07:00,2158.87256
1783194300,2026-07-04T12:45:00-07:00,2158.87256
1783194360,2026-07-04T12:46:00-07:00,2158.87256
1783194420,2026-07-04T12:47:00-07:00,4608.429731
1783194480,2026-07-04T12:48:00-07:00,4608.429731
1783194540,2026-07-04T12:49:00-07:00,4608.429731
1783194600,2026-07-04T12:50:00-07:00,4608.429731
1783194660,2026-07-04T12:51:00-07:00,4608.429731
1783195080,2026-07-04T12:58:00-07:00,2066.460246
1783195140,2026-07-04T12:59:00-07:00,2066.460246
1783195200,2026-07-04T13:00:00-07:00,2066.460246
1783195260,2026-07-04T13:01:00-07:00,2066.460246
1783195320,2026-07-04T13:02:00-07:00,2066.460246
1783195440,2026-07-04T13:04:00-07:00,1917.791871
1783195500,2026-07-04T13:05:00-07:00,1917.791871
1783195560,2026-07-04T13:06:00-07:00,1917.791871
1783195620,2026-07-04T13:07:00-07:00,1917.791871
1783195680,2026-07-04T13:08:00-07:00,1917.791871
1783195740,2026-07-04T13:09:00-07:00,1848.832642
1783195800,2026-07-04T13:10:00-07:00,1848.832642
1783195860,2026-07-04T13:11:00-07:00,1848.832642
1783195920,2026-07-04T13:12:00-07:00,1848.832642
1783195980,2026-07-04T13:13:00-07:00,1848.832642
1783196040,2026-07-04T13:14:00-07:00,2100.890667
1783196100,2026-07-04T13:15:00-07:00,2100.890667
1783196160,2026-07-04T13:16:00-07:00,2100.890667
1783196220,2026-07-04T13:17:00-07:00,2100.890667
1783196280,2026-07-04T13:18:00-07:00,2100.890667
1783196400,2026-07-04T13:20:00-07:00,1292.45219
1783196460,2026-07-04T13:21:00-07:00,1292.45219
1783196520,2026-07-04T13:22:00-07:00,1292.45219
1783196580,2026-07-04T13:23:00-07:00,1292.45219
1783196640,2026-07-04T13:24:00-07:00,1292.45219
1783196700,2026-07-04T13:25:00-07:00,1308.675864
1783196760,2026-07-04T13:26:00-07:00,1308.675864
1783196820,2026-07-04T13:27:00-07:00,1308.675864
1783196880,2026-07-04T13:28:00-07:00,1308.675864
1783196940,2026-07-04T13:29:00-07:00,1308.675864
1783197060,2026-07-04T13:31:00-07:00,1313.268474
1783197120,2026-07-04T13:32:00-07:00,1313.268474
1783197180,2026-07-04T13:33:00-07:00,1313.268474
1783197240,2026-07-04T13:34:00-07:00,1313.268474
1783197300,2026-07-04T13:35:00-07:00,1313.268474
1783197360,2026-07-04T13:36:00-07:00,849.06425
1783197420,2026-07-04T13:37:00-07:00,849.06425
1783197480,2026-07-04T13:38:00-07:00,849.06425
1783197540,2026-07-04T13:39:00-07:00,849.06425
1783197600,2026-07-04T13:40:00-07:00,849.06425
1783197720,2026-07-04T13:42:00-07:00,1143.014893
1783197780,2026-07-04T13:43:00-07:00,1143.014893
1783197840,2026-07-04T13:44:00-07:00,1143.014893
1783197900,2026-07-04T13:45:00-07:00,1143.014893
1783197960,2026-07-04T13:46:00-07:00,1143.014893
1783198680,2026-07-04T13:58:00-07:00,2615.298789
1783198740,2026-07-04T13:59:00-07:00,2615.298789
1783198800,2026-07-04T14:00:00-07:00,2615.298789
1783198860,2026-07-04T14:01:00-07:00,2615.298789
1783198920,2026-07-04T14:02:00-07:00,2615.298789
1783201800,2026-07-04T14:50:00-07:00,163.483846
1783201860,2026-07-04T14:51:00-07:00,163.483846
1783201920,2026-07-04T14:52:00-07:00,163.483846
1783201980,2026-07-04T14:53:00-07:00,163.483846
1783202040,2026-07-04T14:54:00-07:00,163.483846
1783207020,2026-07-04T16:17:00-07:00,4890.778078
1783207080,2026-07-04T16:18:00-07:00,4890.778078
1783207140,2026-07-04T16:19:00-07:00,4890.778078
1783207200,2026-07-04T16:20:00-07:00,4890.778078
1783207260,2026-07-04T16:21:00-07:00,4890.778078
1783207380,2026-07-04T16:23:00-07:00,1313.648926
1783207440,2026-07-04T16:24:00-07:00,1313.648926
1783207500,2026-07-04T16:25:00-07:00,1313.648926
1783207560,2026-07-04T16:26:00-07:00,1313.648926
1783207620,2026-07-04T16:27:00-07:00,1313.648926
1783207680,2026-07-04T16:28:00-07:00,1368.547201
1783207740,2026-07-04T16:29:00-07:00,1368.547201
1783207800,2026-07-04T16:30:00-07:00,1368.547201
1783207860,2026-07-04T16:31:00-07:00,1368.547201
1783207920,2026-07-04T16:32:00-07:00,1368.547201
1783208040,2026-07-04T16:34:00-07:00,2278.422283
1783208100,2026-07-04T16:35:00-07:00,2278.422283
1783208160,2026-07-04T16:36:00-07:00,2278.422283
1783208220,2026-07-04T16:37:00-07:00,2278.422283
1783208280,2026-07-04T16:38:00-07:00,2278.422283
1783208400,2026-07-04T16:40:00-07:00,1263.687379
1783208460,2026-07-04T16:41:00-07:00,1263.687379
1783208520,2026-07-04T16:42:00-07:00,1263.687379
1783208580,2026-07-04T16:43:00-07:00,1263.687379
1783208640,2026-07-04T16:44:00-07:00,1263.687379
1783208760,2026-07-04T16:46:00-07:00,3534.695233
1783208820,2026-07-04T16:47:00-07:00,3534.695233
1783208880,2026-07-04T16:48:00-07:00,3534.695233
1783208940,2026-07-04T16:49:00-07:00,3534.695233
1783209000,2026-07-04T16:50:00-07:00,3534.695233
1783209120,2026-07-04T16:52:00-07:00,8977.24858
1783209180,2026-07-04T16:53:00-07:00,8977.24858
1783209240,2026-07-04T16:54:00-07:00,8977.24858
1783209300,2026-07-04T16:55:00-07:00,8977.24858
1783209360,2026-07-04T16:56:00-07:00,8977.24858
1783209480,2026-07-04T16:58:00-07:00,5691.271609
1783209540,2026-07-04T16:59:00-07:00,5691.271609
1783209600,2026-07-04T17:00:00-07:00,5691.271609
1783209660,2026-07-04T17:01:00-07:00,5691.271609
1783209720,2026-07-04T17:02:00-07:00,5691.271609
1783209840,2026-07-04T17:04:00-07:00,1385.233562
1783209900,2026-07-04T17:05:00-07:00,1385.233562
1783209960,2026-07-04T17:06:00-07:00,1385.233562
1783210020,2026-07-04T17:07:00-07:00,1385.233562
1783210080,2026-07-04T17:08:00-07:00,1385.233562
1783210140,2026-07-04T17:09:00-07:00,1939.88143
1783210200,2026-07-04T17:10:00-07:00,1939.88143
1783210260,2026-07-04T17:11:00-07:00,1939.88143
1783210320,2026-07-04T17:12:00-07:00,1939.88143
1783210380,2026-07-04T17:13:00-07:00,1939.88143
1783210440,2026-07-04T17:14:00-07:00,2397.861899
1783210500,2026-07-04T17:15:00-07:00,2397.861899
1783210560,2026-07-04T17:16:00-07:00,2397.861899
1783210620,2026-07-04T17:17:00-07:00,2397.861899
1783210680,2026-07-04T17:18:00-07:00,2397.861899
1783210800,2026-07-04T17:20:00-07:00,1631.096233
1783210860,2026-07-04T17:21:00-07:00,1631.096233
1783210920,2026-07-04T17:22:00-07:00,1631.096233
1783210980,2026-07-04T17:23:00-07:00,1631.096233
1783211040,2026-07-04T17:24:00-07:00,1631.096233
1783211220,2026-07-04T17:27:00-07:00,1377.72168
1783211280,2026-07-04T17:28:00-07:00,1377.72168
1783211340,2026-07-04T17:29:00-07:00,1377.72168
1783211400,2026-07-04T17:30:00-07:00,1377.72168
1783211460,2026-07-04T17:31:00-07:00,1377.72168
1783211580,2026-07-04T17:33:00-07:00,1300.138062
1783211640,2026-07-04T17:34:00-07:00,1300.138062
1783211700,2026-07-04T17:35:00-07:00,1300.138062
1783211760,2026-07-04T17:36:00-07:00,1300.138062
1783211820,2026-07-04T17:37:00-07:00,1300.138062
1783211880,2026-07-04T17:38:00-07:00,892.484538
1783211940,2026-07-04T17:39:00-07:00,892.484538
1783212000,2026-07-04T17:40:00-07:00,892.484538
1783212060,2026-07-04T17:41:00-07:00,892.484538
1783212120,2026-07-04T17:42:00-07:00,892.484538
1783212180,2026-07-04T17:43:00-07:00,1128.716798
1783212240,2026-07-04T17:44:00-07:00,1128.716798
1783212300,2026-07-04T17:45:00-07:00,1128.716798
1783212360,2026-07-04T17:46:00-07:00,1128.716798
1783212420,2026-07-04T17:47:00-07:00,1128.716798
1783212480,2026-07-04T17:48:00-07:00,994.222209
1783212540,2026-07-04T17:49:00-07:00,994.222209
1783212600,2026-07-04T17:50:00-07:00,994.222209
1783212660,2026-07-04T17:51:00-07:00,994.222209
1783212720,2026-07-04T17:52:00-07:00,994.222209
1783213080,2026-07-04T17:58:00-07:00,980.437907
1783213140,2026-07-04T17:59:00-07:00,980.437907
1783213200,2026-07-04T18:00:00-07:00,980.437907
1783213260,2026-07-04T18:01:00-07:00,980.437907
1783213320,2026-07-04T18:02:00-07:00,980.437907
1783213440,2026-07-04T18:04:00-07:00,1017.264038
1783213500,2026-07-04T18:05:00-07:00,1017.264038
1783213560,2026-07-04T18:06:00-07:00,1017.264038
1783213620,2026-07-04T18:07:00-07:00,1017.264038
1783213680,2026-07-04T18:08:00-07:00,1017.264038
1783213740,2026-07-04T18:09:00-07:00,1032.113404
1783213800,2026-07-04T18:10:00-07:00,1032.113404
1783213860,2026-07-04T18:11:00-07:00,1032.113404
1783213920,2026-07-04T18:12:00-07:00,1032.113404
1783213980,2026-07-04T18:13:00-07:00,1032.113404
1783214040,2026-07-04T18:14:00-07:00,987.601157
1783214100,2026-07-04T18:15:00-07:00,987.601157
1783214160,2026-07-04T18:16:00-07:00,987.601157
1783214220,2026-07-04T18:17:00-07:00,987.601157
1783214280,2026-07-04T18:18:00-07:00,987.601157
1783214340,2026-07-04T18:19:00-07:00,1301.857138
1783214400,2026-07-04T18:20:00-07:00,1301.857138
1783214460,2026-07-04T18:21:00-07:00,1301.857138
1783214520,2026-07-04T18:22:00-07:00,1301.857138
1783214580,2026-07-04T18:23:00-07:00,1301.857138
1783214640,2026-07-04T18:24:00-07:00,1222.510784
1783214700,2026-07-04T18:25:00-07:00,1222.510784
1783214760,2026-07-04T18:26:00-07:00,1222.510784
1783214820,2026-07-04T18:27:00-07:00,1222.510784
1783214880,2026-07-04T18:28:00-07:00,1222.510784
1783214940,2026-07-04T18:29:00-07:00,2682.402589
1783215000,2026-07-04T18:30:00-07:00,2682.402589
1783215060,2026-07-04T18:31:00-07:00,2682.402589
1783215120,2026-07-04T18:32:00-07:00,2682.402589
1783215180,2026-07-04T18:33:00-07:00,2682.402589
1783215240,2026-07-04T18:34:00-07:00,2750.486492
1783215300,2026-07-04T18:35:00-07:00,2750.486492
1783215360,2026-07-04T18:36:00-07:00,2750.486492
1783215420,2026-07-04T18:37:00-07:00,2750.486492
1783215480,2026-07-04T18:38:00-07:00,2750.486492
1783215540,2026-07-04T18:39:00-07:00,4659.849937
1783215600,2026-07-04T18:40:00-07:00,4659.849937
1783215660,2026-07-04T18:41:00-07:00,4659.849937
1783215720,2026-07-04T18:42:00-07:00,4659.849937
1783215780,2026-07-04T18:43:00-07:00,4659.849937
1783215840,2026-07-04T18:44:00-07:00,1135.495362
1783215900,2026-07-04T18:45:00-07:00,1135.495362
1783215960,2026-07-04T18:46:00-07:00,1135.495362
1783216020,2026-07-04T18:47:00-07:00,1135.495362
1783216080,2026-07-04T18:48:00-07:00,1135.495362
1783216140,2026-07-04T18:49:00-07:00,1297.385865
1783216200,2026-07-04T18:50:00-07:00,1297.385865
1783216260,2026-07-04T18:51:00-07:00,1297.385865
1783216320,2026-07-04T18:52:00-07:00,1297.385865
1783216380,2026-07-04T18:53:00-07:00,1297.385865
1783216440,2026-07-04T18:54:00-07:00,1302.990398
1783216500,2026-07-04T18:55:00-07:00,1302.990398
1783216560,2026-07-04T18:56:00-07:00,1302.990398
1783216620,2026-07-04T18:57:00-07:00,1302.990398
1783216680,2026-07-04T18:58:00-07:00,1302.990398
1783216800,2026-07-04T19:00:00-07:00,1156.18392
1783216860,2026-07-04T19:01:00-07:00,1156.18392
1783216920,2026-07-04T19:02:00-07:00,1156.18392
1783216980,2026-07-04T19:03:00-07:00,1156.18392
1783217040,2026-07-04T19:04:00-07:00,1156.18392
1783217100,2026-07-04T19:05:00-07:00,1063.998292
1783217160,2026-07-04T19:06:00-07:00,1063.998292
1783217220,2026-07-04T19:07:00-07:00,1063.998292
1783217280,2026-07-04T19:08:00-07:00,1063.998292
1783217340,2026-07-04T19:09:00-07:00,1063.998292
1783217400,2026-07-04T19:10:00-07:00,4508.093752
1783217460,2026-07-04T19:11:00-07:00,4508.093752
1783217520,2026-07-04T19:12:00-07:00,4508.093752
1783217580,2026-07-04T19:13:00-07:00,4508.093752
1783217640,2026-07-04T19:14:00-07:00,4508.093752
1783217700,2026-07-04T19:15:00-07:00,1281.811931
1783217760,2026-07-04T19:16:00-07:00,1281.811931
1783217820,2026-07-04T19:17:00-07:00,1281.811931
1783217880,2026-07-04T19:18:00-07:00,1281.811931
1783217940,2026-07-04T19:19:00-07:00,1281.811931
1783218000,2026-07-04T19:20:00-07:00,899.506551
1783218060,2026-07-04T19:21:00-07:00,899.506551
1783218120,2026-07-04T19:22:00-07:00,899.506551
1783218180,2026-07-04T19:23:00-07:00,899.506551
1783218240,2026-07-04T19:24:00-07:00,899.506551
1783218300,2026-07-04T19:25:00-07:00,5136.246382
1783218360,2026-07-04T19:26:00-07:00,5136.246382
1783218420,2026-07-04T19:27:00-07:00,5136.246382
1783218480,2026-07-04T19:28:00-07:00,5136.246382
1783218540,2026-07-04T19:29:00-07:00,5136.246382
1783218600,2026-07-04T19:30:00-07:00,1272.421265
1783218660,2026-07-04T19:31:00-07:00,1272.421265
1783218720,2026-07-04T19:32:00-07:00,1272.421265
1783218780,2026-07-04T19:33:00-07:00,1272.421265
1783218840,2026-07-04T19:34:00-07:00,1272.421265
1783218900,2026-07-04T19:35:00-07:00,1301.015788
1783218960,2026-07-04T19:36:00-07:00,1301.015788
1783219020,2026-07-04T19:37:00-07:00,1301.015788
1783219080,2026-07-04T19:38:00-07:00,1301.015788
1783219140,2026-07-04T19:39:00-07:00,1301.015788
1783219200,2026-07-04T19:40:00-07:00,2023.826377
1783219260,2026-07-04T19:41:00-07:00,2023.826377
1783219320,2026-07-04T19:42:00-07:00,2023.826377
1783219380,2026-07-04T19:43:00-07:00,2023.826377
1783219440,2026-07-04T19:44:00-07:00,2023.826377
1783219560,2026-07-04T19:46:00-07:00,1298.431722
1783219620,2026-07-04T19:47:00-07:00,1298.431722
1783219680,2026-07-04T19:48:00-07:00,1298.431722
1783219740,2026-07-04T19:49:00-07:00,1298.431722
1783219800,2026-07-04T19:50:00-07:00,1298.431722
1783219860,2026-07-04T19:51:00-07:00,4787.531822
1783219920,2026-07-04T19:52:00-07:00,4787.531822
1783219980,2026-07-04T19:53:00-07:00,4787.531822
1783220040,2026-07-04T19:54:00-07:00,4787.531822
1783220100,2026-07-04T19:55:00-07:00,4787.531822
1783220160,2026-07-04T19:56:00-07:00,1122.522176
1783220220,2026-07-04T19:57:00-07:00,1122.522176
1783220280,2026-07-04T19:58:00-07:00,1122.522176
1783220340,2026-07-04T19:59:00-07:00,1122.522176
1783220400,2026-07-04T20:00:00-07:00,1122.522176
1783220460,2026-07-04T20:01:00-07:00,1427.00236
1783220520,2026-07-04T20:02:00-07:00,1427.00236
1783220580,2026-07-04T20:03:00-07:00,1427.00236
1783220640,2026-07-04T20:04:00-07:00,1427.00236
1783220700,2026-07-04T20:05:00-07:00,1427.00236
1783220760,2026-07-04T20:06:00-07:00,3350.713828
1783220820,2026-07-04T20:07:00-07:00,3350.713828
1783220880,2026-07-04T20:08:00-07:00,3350.713828
1783220940,2026-07-04T20:09:00-07:00,3350.713828
1783221000,2026-07-04T20:10:00-07:00,3350.713828
1783221120,2026-07-04T20:12:00-07:00,5475.542199
1783221180,2026-07-04T20:13:00-07:00,5475.542199
1783221240,2026-07-04T20:14:00-07:00,5475.542199
1783221300,2026-07-04T20:15:00-07:00,5475.542199
1783221360,2026-07-04T20:16:00-07:00,5475.542199
1783221480,2026-07-04T20:18:00-07:00,1512.8962
1783221540,2026-07-04T20:19:00-07:00,1512.8962
1783221600,2026-07-04T20:20:00-07:00,1512.8962
1783221660,2026-07-04T20:21:00-07:00,1512.8962
1783221720,2026-07-04T20:22:00-07:00,1512.8962
1783221840,2026-07-04T20:24:00-07:00,2269.262574
1783221900,2026-07-04T20:25:00-07:00,2269.262574
1783221960,2026-07-04T20:26:00-07:00,2269.262574
1783222020,2026-07-04T20:27:00-07:00,2269.262574
1783222080,2026-07-04T20:28:00-07:00,2269.262574
1783222140,2026-07-04T20:29:00-07:00,1052.659059
1783222200,2026-07-04T20:30:00-07:00,1052.659059
1783222260,2026-07-04T20:31:00-07:00,1052.659059
1783222320,2026-07-04T20:32:00-07:00,1052.659059
1783222380,2026-07-04T20:33:00-07:00,1052.659059
1783222500,2026-07-04T20:35:00-07:00,2293.901165
1783222560,2026-07-04T20:36:00-07:00,2293.901165
1783222620,2026-07-04T20:37:00-07:00,2293.901165
1783222680,2026-07-04T20:38:00-07:00,2293.901165
1783222740,2026-07-04T20:39:00-07:00,2293.901165
1783222800,2026-07-04T20:40:00-07:00,1339.546998
1783222860,2026-07-04T20:41:00-07:00,1339.546998
1783222920,2026-07-04T20:42:00-07:00,1339.546998
1783222980,2026-07-04T20:43:00-07:00,1339.546998
1783223040,2026-07-04T20:44:00-07:00,1339.546998
1783223220,2026-07-04T20:47:00-07:00,1395.144613
1783223280,2026-07-04T20:48:00-07:00,1395.144613
1783223340,2026-07-04T20:49:00-07:00,1395.144613
1783223400,2026-07-04T20:50:00-07:00,1395.144613
1783223460,2026-07-04T20:51:00-07:00,1395.144613
1783223520,2026-07-04T20:52:00-07:00,1332.674032
1783223580,2026-07-04T20:53:00-07:00,1332.674032
1783223640,2026-07-04T20:54:00-07:00,1332.674032
1783223700,2026-07-04T20:55:00-07:00,1332.674032
1783223760,2026-07-04T20:56:00-07:00,1332.674032
1783223820,2026-07-04T20:57:00-07:00,1271.621216
1783223880,2026-07-04T20:58:00-07:00,1271.621216
1783223940,2026-07-04T20:59:00-07:00,1271.621216
1783224000,2026-07-04T21:00:00-07:00,1271.621216
1783224060,2026-07-04T21:01:00-07:00,1271.621216
1783224240,2026-07-04T21:04:00-07:00,1317.815553
1783224300,2026-07-04T21:05:00-07:00,1317.815553
1783224360,2026-07-04T21:06:00-07:00,1317.815553
1783224420,2026-07-04T21:07:00-07:00,1317.815553
1783224480,2026-07-04T21:08:00-07:00,1317.815553
1783224660,2026-07-04T21:11:00-07:00,1304.896282
1783224720,2026-07-04T21:12:00-07:00,1304.896282
1783224780,2026-07-04T21:13:00-07:00,1304.896282
1783224840,2026-07-04T21:14:00-07:00,1304.896282
1783224900,2026-07-04T21:15:00-07:00,1304.896282
1783224960,2026-07-04T21:16:00-07:00,1293.009481
1783225020,2026-07-04T21:17:00-07:00,1293.009481
1783225080,2026-07-04T21:18:00-07:00,1293.009481
1783225140,2026-07-04T21:19:00-07:00,1293.009481
1783225200,2026-07-04T21:20:00-07:00,1293.009481
1783225260,2026-07-04T21:21:00-07:00,1396.582276
1783225320,2026-07-04T21:22:00-07:00,1396.582276
1783225380,2026-07-04T21:23:00-07:00,1396.582276
1783225440,2026-07-04T21:24:00-07:00,1396.582276
1783225500,2026-07-04T21:25:00-07:00,1396.582276
1783225560,2026-07-04T21:26:00-07:00,897.987549
1783225620,2026-07-04T21:27:00-07:00,897.987549
1783225680,2026-07-04T21:28:00-07:00,897.987549
1783225740,2026-07-04T21:29:00-07:00,897.987549
1783225800,2026-07-04T21:30:00-07:00,897.987549
1783225860,2026-07-04T21:31:00-07:00,1188.270183
1783225920,2026-07-04T21:32:00-07:00,1188.270183
1783225980,2026-07-04T21:33:00-07:00,1188.270183
1783226040,2026-07-04T21:34:00-07:00,1188.270183
1783226100,2026-07-04T21:35:00-07:00,1188.270183
1783226160,2026-07-04T21:36:00-07:00,4246.740928
1783226220,2026-07-04T21:37:00-07:00,4246.740928
1783226280,2026-07-04T21:38:00-07:00,4246.740928
1783226340,2026-07-04T21:39:00-07:00,4246.740928
1783226400,2026-07-04T21:40:00-07:00,4246.740928
1783226460,2026-07-04T21:41:00-07:00,1193.207276
1783226520,2026-07-04T21:42:00-07:00,1193.207276
1783226580,2026-07-04T21:43:00-07:00,1193.207276
1783226640,2026-07-04T21:44:00-07:00,1193.207276
1783226700,2026-07-04T21:45:00-07:00,1193.207276
1783226760,2026-07-04T21:46:00-07:00,1373.760052
1783226820,2026-07-04T21:47:00-07:00,1373.760052
1783226880,2026-07-04T21:48:00-07:00,1373.760052
1783226940,2026-07-04T21:49:00-07:00,1373.760052
1783227000,2026-07-04T21:50:00-07:00,1373.760052
1783227120,2026-07-04T21:52:00-07:00,1303.712484
1783227180,2026-07-04T21:53:00-07:00,1303.712484
1783227240,2026-07-04T21:54:00-07:00,1303.712484
1783227300,2026-07-04T21:55:00-07:00,1303.712484
1783227360,2026-07-04T21:56:00-07:00,1303.712484
1783227420,2026-07-04T21:57:00-07:00,1320.646038
1783227480,2026-07-04T21:58:00-07:00,1320.646038
1783227540,2026-07-04T21:59:00-07:00,1320.646038
1783227600,2026-07-04T22:00:00-07:00,1320.646038
1783227660,2026-07-04T22:01:00-07:00,1320.646038
1783227720,2026-07-04T22:02:00-07:00,1304.086061
1783227780,2026-07-04T22:03:00-07:00,1304.086061
1783227840,2026-07-04T22:04:00-07:00,1304.086061
1783227900,2026-07-04T22:05:00-07:00,1304.086061
1783227960,2026-07-04T22:06:00-07:00,1304.086061
1783228320,2026-07-04T22:12:00-07:00,2267.555177
1783228380,2026-07-04T22:13:00-07:00,2267.555177
1783228440,2026-07-04T22:14:00-07:00,2267.555177
1783228500,2026-07-04T22:15:00-07:00,2267.555177
1783228560,2026-07-04T22:16:00-07:00,2267.555177
1783228620,2026-07-04T22:17:00-07:00,1295.213827
1783228680,2026-07-04T22:18:00-07:00,1295.213827
1783228740,2026-07-04T22:19:00-07:00,1295.213827
1783228800,2026-07-04T22:20:00-07:00,1295.213827
1783228860,2026-07-04T22:21:00-07:00,1295.213827
1783228920,2026-07-04T22:22:00-07:00,1302.066977
1783228980,2026-07-04T22:23:00-07:00,1302.066977
1783229040,2026-07-04T22:24:00-07:00,1302.066977
1783229100,2026-07-04T22:25:00-07:00,1302.066977
1783229160,2026-07-04T22:26:00-07:00,1302.066977
1783229220,2026-07-04T22:27:00-07:00,1294.272014
1783229280,2026-07-04T22:28:00-07:00,1294.272014
1783229340,2026-07-04T22:29:00-07:00,1294.272014
1783229400,2026-07-04T22:30:00-07:00,1294.272014
1783229460,2026-07-04T22:31:00-07:00,1294.272014
1783229520,2026-07-04T22:32:00-07:00,1334.189616
1783229580,2026-07-04T22:33:00-07:00,1334.189616
1783229640,2026-07-04T22:34:00-07:00,1334.189616
1783229700,2026-07-04T22:35:00-07:00,1334.189616
1783229760,2026-07-04T22:36:00-07:00,1334.189616
1783229880,2026-07-04T22:38:00-07:00,1287.995728
1783229940,2026-07-04T22:39:00-07:00,1287.995728
1783230000,2026-07-04T22:40:00-07:00,1287.995728
1783230060,2026-07-04T22:41:00-07:00,1287.995728
1783230120,2026-07-04T22:42:00-07:00,1287.995728
1783230180,2026-07-04T22:43:00-07:00,4158.627972
1783230240,2026-07-04T22:44:00-07:00,4158.627972
1783230300,2026-07-04T22:45:00-07:00,4158.627972
1783230360,2026-07-04T22:46:00-07:00,4158.627972
1783230420,2026-07-04T22:47:00-07:00,4158.627972
1783230480,2026-07-04T22:48:00-07:00,1184.503011
1783230540,2026-07-04T22:49:00-07:00,1184.503011
1783230600,2026-07-04T22:50:00-07:00,1184.503011
1783230660,2026-07-04T22:51:00-07:00,1184.503011
1783230720,2026-07-04T22:52:00-07:00,1184.503011
1783230840,2026-07-04T22:54:00-07:00,1233.608643
1783230900,2026-07-04T22:55:00-07:00,1233.608643
1783230960,2026-07-04T22:56:00-07:00,1233.608643
1783231020,2026-07-04T22:57:00-07:00,1233.608643
1783231080,2026-07-04T22:58:00-07:00,1233.608643
1783231140,2026-07-04T22:59:00-07:00,1073.565797
1783231200,2026-07-04T23:00:00-07:00,1073.565797
1783231260,2026-07-04T23:01:00-07:00,1073.565797
1783231320,2026-07-04T23:02:00-07:00,1073.565797
1783231380,2026-07-04T23:03:00-07:00,1073.565797
1783231440,2026-07-04T23:04:00-07:00,1276.215821
1783231500,2026-07-04T23:05:00-07:00,1276.215821
1783231560,2026-07-04T23:06:00-07:00,1276.215821
1783231620,2026-07-04T23:07:00-07:00,1276.215821
1783231680,2026-07-04T23:08:00-07:00,1276.215821
1783231740,2026-07-04T23:09:00-07:00,1403.867432
1783231800,2026-07-04T23:10:00-07:00,1403.867432
1783231860,2026-07-04T23:11:00-07:00,1403.867432
1783231920,2026-07-04T23:12:00-07:00,1403.867432
1783231980,2026-07-04T23:13:00-07:00,1403.867432
1783232100,2026-07-04T23:15:00-07:00,1348.993043
1783232160,2026-07-04T23:16:00-07:00,1348.993043
1783232220,2026-07-04T23:17:00-07:00,1348.993043
1783232280,2026-07-04T23:18:00-07:00,1348.993043
1783232340,2026-07-04T23:19:00-07:00,1348.993043
1783232400,2026-07-04T23:20:00-07:00,932.146566
1783232460,2026-07-04T23:21:00-07:00,932.146566
1783232520,2026-07-04T23:22:00-07:00,932.146566
1783232580,2026-07-04T23:23:00-07:00,932.146566
1783232640,2026-07-04T23:24:00-07:00,932.146566
1783232700,2026-07-04T23:25:00-07:00,1590.631145
1783232760,2026-07-04T23:26:00-07:00,1590.631145
1783232820,2026-07-04T23:27:00-07:00,1590.631145
1783232880,2026-07-04T23:28:00-07:00,1590.631145
1783232940,2026-07-04T23:29:00-07:00,1590.631145
1783233000,2026-07-04T23:30:00-07:00,1017.132121
1783233060,2026-07-04T23:31:00-07:00,1017.132121
1783233120,2026-07-04T23:32:00-07:00,1017.132121
1783233180,2026-07-04T23:33:00-07:00,1017.132121
1783233240,2026-07-04T23:34:00-07:00,1017.132121
1783233300,2026-07-04T23:35:00-07:00,3151.111371
1783233360,2026-07-04T23:36:00-07:00,3151.111371
1783233420,2026-07-04T23:37:00-07:00,3151.111371
1783233480,2026-07-04T23:38:00-07:00,3151.111371
1783233540,2026-07-04T23:39:00-07:00,3151.111371
1783233660,2026-07-04T23:41:00-07:00,909.405844
1783233720,2026-07-04T23:42:00-07:00,909.405844
1783233780,2026-07-04T23:43:00-07:00,909.405844
1783233840,2026-07-04T23:44:00-07:00,909.405844
1783233900,2026-07-04T23:45:00-07:00,909.405844
1783233960,2026-07-04T23:46:00-07:00,1328.946046
1783234020,2026-07-04T23:47:00-07:00,1328.946046
1783234080,2026-07-04T23:48:00-07:00,1328.946046
1783234140,2026-07-04T23:49:00-07:00,1328.946046
1783234200,2026-07-04T23:50:00-07:00,1328.946046
1783234260,2026-07-04T23:51:00-07:00,1327.72282
1783234320,2026-07-04T23:52:00-07:00,1327.72282
1783234380,2026-07-04T23:53:00-07:00,1327.72282
1783234440,2026-07-04T23:54:00-07:00,1327.72282
1783234500,2026-07-04T23:55:00-07:00,1327.72282
1783234560,2026-07-04T23:56:00-07:00,1141.52238
1783234620,2026-07-04T23:57:00-07:00,1141.52238
1783234680,2026-07-04T23:58:00-07:00,1141.52238
1783234740,2026-07-04T23:59:00-07:00,1141.52238
1783234800,2026-07-05T00:00:00-07:00,1141.52238
1783234920,2026-07-05T00:02:00-07:00,1297.382244
1783234980,2026-07-05T00:03:00-07:00,1297.382244
1783235040,2026-07-05T00:04:00-07:00,1297.382244
1783235100,2026-07-05T00:05:00-07:00,1297.382244
1783235160,2026-07-05T00:06:00-07:00,1297.382244
1783235220,2026-07-05T00:07:00-07:00,1304.491822
1783235280,2026-07-05T00:08:00-07:00,1304.491822
1783235340,2026-07-05T00:09:00-07:00,1304.491822
1783235400,2026-07-05T00:10:00-07:00,1304.491822
1783235460,2026-07-05T00:11:00-07:00,1304.491822
1783235520,2026-07-05T00:12:00-07:00,983.118124
1783235580,2026-07-05T00:13:00-07:00,983.118124
1783235640,2026-07-05T00:14:00-07:00,983.118124
1783235700,2026-07-05T00:15:00-07:00,983.118124
1783235760,2026-07-05T00:16:00-07:00,983.118124
1783235820,2026-07-05T00:17:00-07:00,2929.555991
1783235880,2026-07-05T00:18:00-07:00,2929.555991
1783235940,2026-07-05T00:19:00-07:00,2929.555991
1783236000,2026-07-05T00:20:00-07:00,2929.555991
1783236060,2026-07-05T00:21:00-07:00,2929.555991
1783236120,2026-07-05T00:22:00-07:00,1142.519165
1783236180,2026-07-05T00:23:00-07:00,1142.519165
1783236240,2026-07-05T00:24:00-07:00,1142.519165
1783236300,2026-07-05T00:25:00-07:00,1142.519165
1783236360,2026-07-05T00:26:00-07:00,1142.519165
1783236420,2026-07-05T00:27:00-07:00,2897.382692
1783236480,2026-07-05T00:28:00-07:00,2897.382692
1783236540,2026-07-05T00:29:00-07:00,2897.382692
1783236600,2026-07-05T00:30:00-07:00,2897.382692
1783236660,2026-07-05T00:31:00-07:00,2897.382692
1783236720,2026-07-05T00:32:00-07:00,1402.578899
1783236780,2026-07-05T00:33:00-07:00,1402.578899
1783236840,2026-07-05T00:34:00-07:00,1402.578899
1783236900,2026-07-05T00:35:00-07:00,1402.578899
1783236960,2026-07-05T00:36:00-07:00,1402.578899
1783237080,2026-07-05T00:38:00-07:00,1225.196046
1783237140,2026-07-05T00:39:00-07:00,1225.196046
1783237200,2026-07-05T00:40:00-07:00,1225.196046
1783237260,2026-07-05T00:41:00-07:00,1225.196046
1783237320,2026-07-05T00:42:00-07:00,1225.196046
1783237380,2026-07-05T00:43:00-07:00,332.997152
1783237440,2026-07-05T00:44:00-07:00,332.997152
1783237500,2026-07-05T00:45:00-07:00,332.997152
1783237560,2026-07-05T00:46:00-07:00,332.997152
1783237620,2026-07-05T00:47:00-07:00,332.997152
1783237680,2026-07-05T00:48:00-07:00,820.757772
1783237740,2026-07-05T00:49:00-07:00,820.757772
1783237800,2026-07-05T00:50:00-07:00,820.757772
1783237860,2026-07-05T00:51:00-07:00,820.757772
1783237920,2026-07-05T00:52:00-07:00,820.757772
1783237980,2026-07-05T00:53:00-07:00,659.482544
1783238040,2026-07-05T00:54:00-07:00,659.482544
1783238100,2026-07-05T00:55:00-07:00,659.482544
1783238160,2026-07-05T00:56:00-07:00,659.482544
1783238220,2026-07-05T00:57:00-07:00,659.482544
1783238280,2026-07-05T00:58:00-07:00,1167.329916
1783238340,2026-07-05T00:59:00-07:00,1167.329916
1783238400,2026-07-05T01:00:00-07:00,1167.329916
1783238460,2026-07-05T01:01:00-07:00,1167.329916
1783238520,2026-07-05T01:02:00-07:00,1167.329916
1783238640,2026-07-05T01:04:00-07:00,694.909831
1783238700,2026-07-05T01:05:00-07:00,694.909831
1783238760,2026-07-05T01:06:00-07:00,694.909831
1783238820,2026-07-05T01:07:00-07:00,694.909831
1783238880,2026-07-05T01:08:00-07:00,694.909831
1783238940,2026-07-05T01:09:00-07:00,270.881917
1783239000,2026-07-05T01:10:00-07:00,270.881917
1783239060,2026-07-05T01:11:00-07:00,270.881917
1783239120,2026-07-05T01:12:00-07:00,270.881917
1783239180,2026-07-05T01:13:00-07:00,270.881917
1783239300,2026-07-05T01:15:00-07:00,332.727417
1783239360,2026-07-05T01:16:00-07:00,332.727417
1783239420,2026-07-05T01:17:00-07:00,332.727417
1783239480,2026-07-05T01:18:00-07:00,332.727417
1783239540,2026-07-05T01:19:00-07:00,332.727417
1783239600,2026-07-05T01:20:00-07:00,303.227702
1783239660,2026-07-05T01:21:00-07:00,303.227702
1783239720,2026-07-05T01:22:00-07:00,303.227702
1783239780,2026-07-05T01:23:00-07:00,303.227702
1783239840,2026-07-05T01:24:00-07:00,303.227702
1783239960,2026-07-05T01:26:00-07:00,332.070231
1783240020,2026-07-05T01:27:00-07:00,332.070231
1783240080,2026-07-05T01:28:00-07:00,332.070231
1783240140,2026-07-05T01:29:00-07:00,332.070231
1783240200,2026-07-05T01:30:00-07:00,332.070231
1783240260,2026-07-05T01:31:00-07:00,297.192587
1783240320,2026-07-05T01:32:00-07:00,297.192587
1783240380,2026-07-05T01:33:00-07:00,297.192587
1783240440,2026-07-05T01:34:00-07:00,297.192587
1783240500,2026-07-05T01:35:00-07:00,297.192587
1783240560,2026-07-05T01:36:00-07:00,256.724773
1783240620,2026-07-05T01:37:00-07:00,256.724773
1783240680,2026-07-05T01:38:00-07:00,256.724773
1783240740,2026-07-05T01:39:00-07:00,256.724773
1783240800,2026-07-05T01:40:00-07:00,256.724773
1783240920,2026-07-05T01:42:00-07:00,226.286621
1783240980,2026-07-05T01:43:00-07:00,226.286621
1783241040,2026-07-05T01:44:00-07:00,226.286621
1783241100,2026-07-05T01:45:00-07:00,226.286621
1783241160,2026-07-05T01:46:00-07:00,226.286621
1783241220,2026-07-05T01:47:00-07:00,184.497722
1783241280,2026-07-05T01:48:00-07:00,184.497722
1783241340,2026-07-05T01:49:00-07:00,184.497722
1783241400,2026-07-05T01:50:00-07:00,184.497722
1783241460,2026-07-05T01:51:00-07:00,184.497722
1783241520,2026-07-05T01:52:00-07:00,148.858317
1783241580,2026-07-05T01:53:00-07:00,148.858317
1783241640,2026-07-05T01:54:00-07:00,148.858317
1783241700,2026-07-05T01:55:00-07:00,148.858317
1783241760,2026-07-05T01:56:00-07:00,148.858317
1783241880,2026-07-05T01:58:00-07:00,161.553589
1783241940,2026-07-05T01:59:00-07:00,161.553589
1783242000,2026-07-05T02:00:00-07:00,161.553589
1783242060,2026-07-05T02:01:00-07:00,161.553589
1783242120,2026-07-05T02:02:00-07:00,161.553589
1783242180,2026-07-05T02:03:00-07:00,209.627726
1783242240,2026-07-05T02:04:00-07:00,209.627726
1783242300,2026-07-05T02:05:00-07:00,209.627726
1783242360,2026-07-05T02:06:00-07:00,209.627726
1783242420,2026-07-05T02:07:00-07:00,209.627726
1783242480,2026-07-05T02:08:00-07:00,103.056804
1783242540,2026-07-05T02:09:00-07:00,103.056804
1783242600,2026-07-05T02:10:00-07:00,103.056804
1783242660,2026-07-05T02:11:00-07:00,103.056804
1783242720,2026-07-05T02:12:00-07:00,103.056804
1783242780,2026-07-05T02:13:00-07:00,116.902466
1783242840,2026-07-05T02:14:00-07:00,116.902466
1783242900,2026-07-05T02:15:00-07:00,116.902466
1783242960,2026-07-05T02:16:00-07:00,116.902466
1783243020,2026-07-05T02:17:00-07:00,116.902466
1783243080,2026-07-05T02:18:00-07:00,244.748453
1783243140,2026-07-05T02:19:00-07:00,244.748453
1783243200,2026-07-05T02:20:00-07:00,244.748453
1783243260,2026-07-05T02:21:00-07:00,244.748453
1783243320,2026-07-05T02:22:00-07:00,244.748453
1783243380,2026-07-05T02:23:00-07:00,253.816447
1783243440,2026-07-05T02:24:00-07:00,253.816447
1783243500,2026-07-05T02:25:00-07:00,253.816447
1783243560,2026-07-05T02:26:00-07:00,253.816447
1783243620,2026-07-05T02:27:00-07:00,253.816447
1783243680,2026-07-05T02:28:00-07:00,106.167439
1783243740,2026-07-05T02:29:00-07:00,106.167439
1783243800,2026-07-05T02:30:00-07:00,106.167439
1783243860,2026-07-05T02:31:00-07:00,106.167439
1783243920,2026-07-05T02:32:00-07:00,106.167439
1783243980,2026-07-05T02:33:00-07:00,124.725016
1783244040,2026-07-05T02:34:00-07:00,124.725016
1783244100,2026-07-05T02:35:00-07:00,124.725016
1783244160,2026-07-05T02:36:00-07:00,124.725016
1783244220,2026-07-05T02:37:00-07:00,124.725016
1783244280,2026-07-05T02:38:00-07:00,129.434815
1783244340,2026-07-05T02:39:00-07:00,129.434815
1783244400,2026-07-05T02:40:00-07:00,129.434815
1783244460,2026-07-05T02:41:00-07:00,129.434815
1783244520,2026-07-05T02:42:00-07:00,129.434815
1783244580,2026-07-05T02:43:00-07:00,132.763876
1783244640,2026-07-05T02:44:00-07:00,132.763876
1783244700,2026-07-05T02:45:00-07:00,132.763876
1783244760,2026-07-05T02:46:00-07:00,132.763876
1783244820,2026-07-05T02:47:00-07:00,132.763876
1783244940,2026-07-05T02:49:00-07:00,113.695882
1783245000,2026-07-05T02:50:00-07:00,113.695882
1783245060,2026-07-05T02:51:00-07:00,113.695882
1783245120,2026-07-05T02:52:00-07:00,113.695882
1783245180,2026-07-05T02:53:00-07:00,113.695882
1783245240,2026-07-05T02:54:00-07:00,129.575765
1783245300,2026-07-05T02:55:00-07:00,129.575765
1783245360,2026-07-05T02:56:00-07:00,129.575765
1783245420,2026-07-05T02:57:00-07:00,129.575765
1783245480,2026-07-05T02:58:00-07:00,129.575765
1783245600,2026-07-05T03:00:00-07:00,125.387695
1783245660,2026-07-05T03:01:00-07:00,125.387695
1783245720,2026-07-05T03:02:00-07:00,125.387695
1783245780,2026-07-05T03:03:00-07:00,125.387695
1783245840,2026-07-05T03:04:00-07:00,125.387695
1783245900,2026-07-05T03:05:00-07:00,110.706177
1783245960,2026-07-05T03:06:00-07:00,110.706177
1783246020,2026-07-05T03:07:00-07:00,110.706177
1783246080,2026-07-05T03:08:00-07:00,110.706177
1783246140,2026-07-05T03:09:00-07:00,110.706177
1783246200,2026-07-05T03:10:00-07:00,93.7382
1783246260,2026-07-05T03:11:00-07:00,93.7382
1783246320,2026-07-05T03:12:00-07:00,93.7382
1783246380,2026-07-05T03:13:00-07:00,93.7382
1783246440,2026-07-05T03:14:00-07:00,93.7382
1783246500,2026-07-05T03:15:00-07:00,118.417195
1783246560,2026-07-05T03:16:00-07:00,118.417195
1783246620,2026-07-05T03:17:00-07:00,118.417195
1783246680,2026-07-05T03:18:00-07:00,118.417195
1783246740,2026-07-05T03:19:00-07:00,118.417195
1783246860,2026-07-05T03:21:00-07:00,119.387614
1783246920,2026-07-05T03:22:00-07:00,119.387614
1783246980,2026-07-05T03:23:00-07:00,119.387614
1783247040,2026-07-05T03:24:00-07:00,119.387614
1783247100,2026-07-05T03:25:00-07:00,119.387614
1783247160,2026-07-05T03:26:00-07:00,119.283569
1783247220,2026-07-05T03:27:00-07:00,119.283569
1783247280,2026-07-05T03:28:00-07:00,119.283569
1783247340,2026-07-05T03:29:00-07:00,119.283569
1783247400,2026-07-05T03:30:00-07:00,119.283569
1783247460,2026-07-05T03:31:00-07:00,144.871297
1783247520,2026-07-05T03:32:00-07:00,144.871297
1783247580,2026-07-05T03:33:00-07:00,144.871297
1783247640,2026-07-05T03:34:00-07:00,144.871297
1783247700,2026-07-05T03:35:00-07:00,144.871297
1783247760,2026-07-05T03:36:00-07:00,103.183757
1783247820,2026-07-05T03:37:00-07:00,103.183757
1783247880,2026-07-05T03:38:00-07:00,103.183757
1783247940,2026-07-05T03:39:00-07:00,103.183757
1783248000,2026-07-05T03:40:00-07:00,103.183757
1783248060,2026-07-05T03:41:00-07:00,113.505249
1783248120,2026-07-05T03:42:00-07:00,113.505249
1783248180,2026-07-05T03:43:00-07:00,113.505249
1783248240,2026-07-05T03:44:00-07:00,113.505249
1783248300,2026-07-05T03:45:00-07:00,113.505249
1783248360,2026-07-05T03:46:00-07:00,109.825521
1783248420,2026-07-05T03:47:00-07:00,109.825521
1783248480,2026-07-05T03:48:00-07:00,109.825521
1783248540,2026-07-05T03:49:00-07:00,109.825521
1783248600,2026-07-05T03:50:00-07:00,109.825521
1783248720,2026-07-05T03:52:00-07:00,126.446248
1783248780,2026-07-05T03:53:00-07:00,126.446248
1783248840,2026-07-05T03:54:00-07:00,126.446248
1783248900,2026-07-05T03:55:00-07:00,126.446248
1783248960,2026-07-05T03:56:00-07:00,126.446248
1783249080,2026-07-05T03:58:00-07:00,104.223877
1783249140,2026-07-05T03:59:00-07:00,104.223877
1783249200,2026-07-05T04:00:00-07:00,104.223877
1783249260,2026-07-05T04:01:00-07:00,104.223877
1783249320,2026-07-05T04:02:00-07:00,104.223877
1783249380,2026-07-05T04:03:00-07:00,116.124918
1783249440,2026-07-05T04:04:00-07:00,116.124918
1783249500,2026-07-05T04:05:00-07:00,116.124918
1783249560,2026-07-05T04:06:00-07:00,116.124918
1783249620,2026-07-05T04:07:00-07:00,116.124918
1783249680,2026-07-05T04:08:00-07:00,118.335328
1783249740,2026-07-05T04:09:00-07:00,118.335328
1783249800,2026-07-05T04:10:00-07:00,118.335328
1783249860,2026-07-05T04:11:00-07:00,118.335328
1783249920,2026-07-05T04:12:00-07:00,118.335328
1783249980,2026-07-05T04:13:00-07:00,102.878255
1783250040,2026-07-05T04:14:00-07:00,102.878255
1783250100,2026-07-05T04:15:00-07:00,102.878255
1783250160,2026-07-05T04:16:00-07:00,102.878255
1783250220,2026-07-05T04:17:00-07:00,102.878255
1783250280,2026-07-05T04:18:00-07:00,111.260376
1783250340,2026-07-05T04:19:00-07:00,111.260376
1783250400,2026-07-05T04:20:00-07:00,111.260376
1783250460,2026-07-05T04:21:00-07:00,111.260376
1783250520,2026-07-05T04:22:00-07:00,111.260376
1783250580,2026-07-05T04:23:00-07:00,179.229574
1783250640,2026-07-05T04:24:00-07:00,179.229574
1783250700,2026-07-05T04:25:00-07:00,179.229574
1783250760,2026-07-05T04:26:00-07:00,179.229574
1783250820,2026-07-05T04:27:00-07:00,179.229574
1783250940,2026-07-05T04:29:00-07:00,121.063639
1783251000,2026-07-05T04:30:00-07:00,121.063639
1783251060,2026-07-05T04:31:00-07:00,121.063639
1783251120,2026-07-05T04:32:00-07:00,121.063639
1783251180,2026-07-05T04:33:00-07:00,121.063639
1783251240,2026-07-05T04:34:00-07:00,105.269857
1783251300,2026-07-05T04:35:00-07:00,105.269857
1783251360,2026-07-05T04:36:00-07:00,105.269857
1783251420,2026-07-05T04:37:00-07:00,105.269857
1783251480,2026-07-05T04:38:00-07:00,105.269857
1783251540,2026-07-05T04:39:00-07:00,128.084269
1783251600,2026-07-05T04:40:00-07:00,128.084269
1783251660,2026-07-05T04:41:00-07:00,128.084269
1783251720,2026-07-05T04:42:00-07:00,128.084269
1783251780,2026-07-05T04:43:00-07:00,128.084269
1783251900,2026-07-05T04:45:00-07:00,113.878947
1783251960,2026-07-05T04:46:00-07:00,113.878947
1783252020,2026-07-05T04:47:00-07:00,113.878947
1783252080,2026-07-05T04:48:00-07:00,113.878947
1783252140,2026-07-05T04:49:00-07:00,113.878947
1783252200,2026-07-05T04:50:00-07:00,116.101929
1783252260,2026-07-05T04:51:00-07:00,116.101929
1783252320,2026-07-05T04:52:00-07:00,116.101929
1783252380,2026-07-05T04:53:00-07:00,116.101929
1783252440,2026-07-05T04:54:00-07:00,116.101929
1783252500,2026-07-05T04:55:00-07:00,105.438029
1783252560,2026-07-05T04:56:00-07:00,105.438029
1783252620,2026-07-05T04:57:00-07:00,105.438029
1783252680,2026-07-05T04:58:00-07:00,105.438029
1783252740,2026-07-05T04:59:00-07:00,105.438029
1783252860,2026-07-05T05:01:00-07:00,103.304281
1783252920,2026-07-05T05:02:00-07:00,103.304281
1783252980,2026-07-05T05:03:00-07:00,103.304281
1783253040,2026-07-05T05:04:00-07:00,103.304281
1783253100,2026-07-05T05:05:00-07:00,103.304281
1783253160,2026-07-05T05:06:00-07:00,117.178589
1783253220,2026-07-05T05:07:00-07:00,117.178589
1783253280,2026-07-05T05:08:00-07:00,117.178589
1783253340,2026-07-05T05:09:00-07:00,117.178589
1783253400,2026-07-05T05:10:00-07:00,117.178589
1783253520,2026-07-05T05:12:00-07:00,113.611206
1783253580,2026-07-05T05:13:00-07:00,113.611206
1783253640,2026-07-05T05:14:00-07:00,113.611206
1783253700,2026-07-05T05:15:00-07:00,113.611206
1783253760,2026-07-05T05:16:00-07:00,113.611206
1783253820,2026-07-05T05:17:00-07:00,119.202677
1783253880,2026-07-05T05:18:00-07:00,119.202677
1783253940,2026-07-05T05:19:00-07:00,119.202677
1783254000,2026-07-05T05:20:00-07:00,119.202677
1783254060,2026-07-05T05:21:00-07:00,119.202677
1783254180,2026-07-05T05:23:00-07:00,120.103271
1783254240,2026-07-05T05:24:00-07:00,120.103271
1783254300,2026-07-05T05:25:00-07:00,120.103271
1783254360,2026-07-05T05:26:00-07:00,120.103271
1783254420,2026-07-05T05:27:00-07:00,120.103271
1783254540,2026-07-05T05:29:00-07:00,113.958049
1783254600,2026-07-05T05:30:00-07:00,113.958049
1783254660,2026-07-05T05:31:00-07:00,113.958049
1783254720,2026-07-05T05:32:00-07:00,113.958049
1783254780,2026-07-05T05:33:00-07:00,113.958049
1783254840,2026-07-05T05:34:00-07:00,123.536255
1783254900,2026-07-05T05:35:00-07:00,123.536255
1783254960,2026-07-05T05:36:00-07:00,123.536255
1783255020,2026-07-05T05:37:00-07:00,123.536255
1783255080,2026-07-05T05:38:00-07:00,123.536255
1783255200,2026-07-05T05:40:00-07:00,114.981771
1783255260,2026-07-05T05:41:00-07:00,114.981771
1783255320,2026-07-05T05:42:00-07:00,114.981771
1783255380,2026-07-05T05:43:00-07:00,114.981771
1783255440,2026-07-05T05:44:00-07:00,114.981771
1783255560,2026-07-05T05:46:00-07:00,123.812866
1783255620,2026-07-05T05:47:00-07:00,123.812866
1783255680,2026-07-05T05:48:00-07:00,123.812866
1783255740,2026-07-05T05:49:00-07:00,123.812866
1783255800,2026-07-05T05:50:00-07:00,123.812866
1783255860,2026-07-05T05:51:00-07:00,106.069214
1783255920,2026-07-05T05:52:00-07:00,106.069214
1783255980,2026-07-05T05:53:00-07:00,106.069214
1783256040,2026-07-05T05:54:00-07:00,106.069214
1783256100,2026-07-05T05:55:00-07:00,106.069214
1783256160,2026-07-05T05:56:00-07:00,151.74943
1783256220,2026-07-05T05:57:00-07:00,151.74943
1783256280,2026-07-05T05:58:00-07:00,151.74943
1783256340,2026-07-05T05:59:00-07:00,151.74943
1783256400,2026-07-05T06:00:00-07:00,151.74943
1783256520,2026-07-05T06:02:00-07:00,109.563069
1783256580,2026-07-05T06:03:00-07:00,109.563069
1783256640,2026-07-05T06:04:00-07:00,109.563069
1783256700,2026-07-05T06:05:00-07:00,109.563069
1783256760,2026-07-05T06:06:00-07:00,109.563069
1783256820,2026-07-05T06:07:00-07:00,139.872558
1783256880,2026-07-05T06:08:00-07:00,139.872558
1783256940,2026-07-05T06:09:00-07:00,139.872558
1783257000,2026-07-05T06:10:00-07:00,139.872558
1783257060,2026-07-05T06:11:00-07:00,139.872558
1783257120,2026-07-05T06:12:00-07:00,139.87793
1783257180,2026-07-05T06:13:00-07:00,139.87793
1783257240,2026-07-05T06:14:00-07:00,139.87793
1783257300,2026-07-05T06:15:00-07:00,139.87793
1783257360,2026-07-05T06:16:00-07:00,139.87793
1783257480,2026-07-05T06:18:00-07:00,197.324016
1783257540,2026-07-05T06:19:00-07:00,197.324016
1783257600,2026-07-05T06:20:00-07:00,197.324016
1783257660,2026-07-05T06:21:00-07:00,197.324016
1783257720,2026-07-05T06:22:00-07:00,197.324016
1783257780,2026-07-05T06:23:00-07:00,115.92924
1783257840,2026-07-05T06:24:00-07:00,115.92924
1783257900,2026-07-05T06:25:00-07:00,115.92924
1783257960,2026-07-05T06:26:00-07:00,115.92924
1783258020,2026-07-05T06:27:00-07:00,115.92924
1783258140,2026-07-05T06:29:00-07:00,101.150838
1783258200,2026-07-05T06:30:00-07:00,101.150838
1783258260,2026-07-05T06:31:00-07:00,101.150838
1783258320,2026-07-05T06:32:00-07:00,101.150838
1783258380,2026-07-05T06:33:00-07:00,101.150838
1783258440,2026-07-05T06:34:00-07:00,113.874715
1783258500,2026-07-05T06:35:00-07:00,113.874715
1783258560,2026-07-05T06:36:00-07:00,113.874715
1783258620,2026-07-05T06:37:00-07:00,113.874715
1783258680,2026-07-05T06:38:00-07:00,113.874715
1783258740,2026-07-05T06:39:00-07:00,148.215332
1783258800,2026-07-05T06:40:00-07:00,148.215332
1783258860,2026-07-05T06:41:00-07:00,148.215332
1783258920,2026-07-05T06:42:00-07:00,148.215332
1783258980,2026-07-05T06:43:00-07:00,148.215332
1783259040,2026-07-05T06:44:00-07:00,118.317261
1783259100,2026-07-05T06:45:00-07:00,118.317261
1783259160,2026-07-05T06:46:00-07:00,118.317261
1783259220,2026-07-05T06:47:00-07:00,118.317261
1783259280,2026-07-05T06:48:00-07:00,118.317261
1783259340,2026-07-05T06:49:00-07:00,162.960856
1783259400,2026-07-05T06:50:00-07:00,162.960856
1783259460,2026-07-05T06:51:00-07:00,162.960856
1783259520,2026-07-05T06:52:00-07:00,162.960856
1783259580,2026-07-05T06:53:00-07:00,162.960856
1783259700,2026-07-05T06:55:00-07:00,350.257446
1783259760,2026-07-05T06:56:00-07:00,350.257446
1783259820,2026-07-05T06:57:00-07:00,350.257446
1783259880,2026-07-05T06:58:00-07:00,350.257446
1783259940,2026-07-05T06:59:00-07:00,350.257446
1783260000,2026-07-05T07:00:00-07:00,240.673828
1783260060,2026-07-05T07:01:00-07:00,240.673828
1783260120,2026-07-05T07:02:00-07:00,240.673828
1783260180,2026-07-05T07:03:00-07:00,240.673828
1783260240,2026-07-05T07:04:00-07:00,240.673828
1783260300,2026-07-05T07:05:00-07:00,297.29834
1783260360,2026-07-05T07:06:00-07:00,297.29834
1783260420,2026-07-05T07:07:00-07:00,297.29834
1783260480,2026-07-05T07:08:00-07:00,297.29834
1783260540,2026-07-05T07:09:00-07:00,297.29834
1783260660,2026-07-05T07:11:00-07:00,167.958008
1783260720,2026-07-05T07:12:00-07:00,167.958008
1783260780,2026-07-05T07:13:00-07:00,167.958008
1783260840,2026-07-05T07:14:00-07:00,167.958008
1783260900,2026-07-05T07:15:00-07:00,167.958008
1783260960,2026-07-05T07:16:00-07:00,127.637044
1783261020,2026-07-05T07:17:00-07:00,127.637044
1783261080,2026-07-05T07:18:00-07:00,127.637044
1783261140,2026-07-05T07:19:00-07:00,127.637044
1783261200,2026-07-05T07:20:00-07:00,127.637044
1783261320,2026-07-05T07:22:00-07:00,322.690552
1783261380,2026-07-05T07:23:00-07:00,322.690552
1783261440,2026-07-05T07:24:00-07:00,322.690552
1783261500,2026-07-05T07:25:00-07:00,322.690552
1783261560,2026-07-05T07:26:00-07:00,322.690552
1783261620,2026-07-05T07:27:00-07:00,437.8042
1783261680,2026-07-05T07:28:00-07:00,437.8042
1783261740,2026-07-05T07:29:00-07:00,437.8042
1783261800,2026-07-05T07:30:00-07:00,437.8042
1783261860,2026-07-05T07:31:00-07:00,437.8042
1783261980,2026-07-05T07:33:00-07:00,290.804891
1783262040,2026-07-05T07:34:00-07:00,290.804891
1783262100,2026-07-05T07:35:00-07:00,290.804891
1783262160,2026-07-05T07:36:00-07:00,290.804891
1783262220,2026-07-05T07:37:00-07:00,290.804891
1783262400,2026-07-05T07:40:00-07:00,124.523722
1783262460,2026-07-05T07:41:00-07:00,124.523722
1783262520,2026-07-05T07:42:00-07:00,124.523722
1783262580,2026-07-05T07:43:00-07:00,124.523722
1783262640,2026-07-05T07:44:00-07:00,124.523722
1783262820,2026-07-05T07:47:00-07:00,529.001953
1783262880,2026-07-05T07:48:00-07:00,529.001953
1783262940,2026-07-05T07:49:00-07:00,529.001953
1783263000,2026-07-05T07:50:00-07:00,529.001953
1783263060,2026-07-05T07:51:00-07:00,529.001953
1783263120,2026-07-05T07:52:00-07:00,232.608195
1783263180,2026-07-05T07:53:00-07:00,232.608195
1783263240,2026-07-05T07:54:00-07:00,232.608195
1783263300,2026-07-05T07:55:00-07:00,232.608195
1783263360,2026-07-05T07:56:00-07:00,232.608195
1783263540,2026-07-05T07:59:00-07:00,325.628296
1783263600,2026-07-05T08:00:00-07:00,325.628296
1783263660,2026-07-05T08:01:00-07:00,325.628296
1783263720,2026-07-05T08:02:00-07:00,325.628296
1783263780,2026-07-05T08:03:00-07:00,325.628296
1783263900,2026-07-05T08:05:00-07:00,1016.467692
1783263960,2026-07-05T08:06:00-07:00,1016.467692
1783264020,2026-07-05T08:07:00-07:00,1016.467692
1783264080,2026-07-05T08:08:00-07:00,1016.467692
1783264140,2026-07-05T08:09:00-07:00,1016.467692
1783264320,2026-07-05T08:12:00-07:00,661.642578
1783264380,2026-07-05T08:13:00-07:00,661.642578
1783264440,2026-07-05T08:14:00-07:00,661.642578
1783264500,2026-07-05T08:15:00-07:00,661.642578
1783264560,2026-07-05T08:16:00-07:00,661.642578
1783264680,2026-07-05T08:18:00-07:00,653.692301
1783264740,2026-07-05T08:19:00-07:00,653.692301
1783264800,2026-07-05T08:20:00-07:00,653.692301
1783264860,2026-07-05T08:21:00-07:00,653.692301
1783264920,2026-07-05T08:22:00-07:00,653.692301
1783265100,2026-07-05T08:25:00-07:00,972.27824
1783265160,2026-07-05T08:26:00-07:00,972.27824
1783265220,2026-07-05T08:27:00-07:00,972.27824
1783265280,2026-07-05T08:28:00-07:00,972.27824
1783265340,2026-07-05T08:29:00-07:00,972.27824
1783265460,2026-07-05T08:31:00-07:00,1299.781373
1783265520,2026-07-05T08:32:00-07:00,1299.781373
1783265580,2026-07-05T08:33:00-07:00,1299.781373
1783265640,2026-07-05T08:34:00-07:00,1299.781373
1783265700,2026-07-05T08:35:00-07:00,1299.781373
1783265760,2026-07-05T08:36:00-07:00,1027.564657
1783265820,2026-07-05T08:37:00-07:00,1027.564657
1783265880,2026-07-05T08:38:00-07:00,1027.564657
1783265940,2026-07-05T08:39:00-07:00,1027.564657
1783266000,2026-07-05T08:40:00-07:00,1027.564657
1783266180,2026-07-05T08:43:00-07:00,1775.799358
1783266240,2026-07-05T08:44:00-07:00,1775.799358
1783266300,2026-07-05T08:45:00-07:00,1775.799358
1783266360,2026-07-05T08:46:00-07:00,1775.799358
1783266420,2026-07-05T08:47:00-07:00,1775.799358
1783266480,2026-07-05T08:48:00-07:00,794.893596
1783266540,2026-07-05T08:49:00-07:00,794.893596
1783266600,2026-07-05T08:50:00-07:00,794.893596
1783266660,2026-07-05T08:51:00-07:00,794.893596
1783266720,2026-07-05T08:52:00-07:00,794.893596
1783266840,2026-07-05T08:54:00-07:00,880.576091
1783266900,2026-07-05T08:55:00-07:00,880.576091
1783266960,2026-07-05T08:56:00-07:00,880.576091
1783267020,2026-07-05T08:57:00-07:00,880.576091
1783267080,2026-07-05T08:58:00-07:00,880.576091
1783267200,2026-07-05T09:00:00-07:00,297.347657
1783267260,2026-07-05T09:01:00-07:00,297.347657
1783267320,2026-07-05T09:02:00-07:00,297.347657
1783267380,2026-07-05T09:03:00-07:00,297.347657
1783267440,2026-07-05T09:04:00-07:00,297.347657
1783267500,2026-07-05T09:05:00-07:00,1245.756592
1783267560,2026-07-05T09:06:00-07:00,1245.756592
1783267620,2026-07-05T09:07:00-07:00,1245.756592
1783267680,2026-07-05T09:08:00-07:00,1245.756592
1783267740,2026-07-05T09:09:00-07:00,1245.756592
1783267920,2026-07-05T09:12:00-07:00,806.477133
1783267980,2026-07-05T09:13:00-07:00,806.477133
1783268040,2026-07-05T09:14:00-07:00,806.477133
1783268100,2026-07-05T09:15:00-07:00,806.477133
1783268160,2026-07-05T09:16:00-07:00,806.477133
1783268220,2026-07-05T09:17:00-07:00,1184.849732
1783268280,2026-07-05T09:18:00-07:00,1184.849732
1783268340,2026-07-05T09:19:00-07:00,1184.849732
1783268400,2026-07-05T09:20:00-07:00,1184.849732
1783268460,2026-07-05T09:21:00-07:00,1184.849732
1783268580,2026-07-05T09:23:00-07:00,5482.837038
1783268640,2026-07-05T09:24:00-07:00,5482.837038
1783268700,2026-07-05T09:25:00-07:00,5482.837038
1783268760,2026-07-05T09:26:00-07:00,5482.837038
1783268820,2026-07-05T09:27:00-07:00,5482.837038
1783268940,2026-07-05T09:29:00-07:00,1374.363607
1783269000,2026-07-05T09:30:00-07:00,1374.363607
1783269060,2026-07-05T09:31:00-07:00,1374.363607
1783269120,2026-07-05T09:32:00-07:00,1374.363607
1783269180,2026-07-05T09:33:00-07:00,1374.363607
1783269300,2026-07-05T09:35:00-07:00,1664.529053
1783269360,2026-07-05T09:36:00-07:00,1664.529053
1783269420,2026-07-05T09:37:00-07:00,1664.529053
1783269480,2026-07-05T09:38:00-07:00,1664.529053
1783269540,2026-07-05T09:39:00-07:00,1664.529053
1783269660,2026-07-05T09:41:00-07:00,1451.215088
1783269720,2026-07-05T09:42:00-07:00,1451.215088
1783269780,2026-07-05T09:43:00-07:00,1451.215088
1783269840,2026-07-05T09:44:00-07:00,1451.215088
1783269900,2026-07-05T09:45:00-07:00,1451.215088
1783269960,2026-07-05T09:46:00-07:00,1302.490561
1783270020,2026-07-05T09:47:00-07:00,1302.490561
1783270080,2026-07-05T09:48:00-07:00,1302.490561
1783270140,2026-07-05T09:49:00-07:00,1302.490561
1783270200,2026-07-05T09:50:00-07:00,1302.490561
1783270260,2026-07-05T09:51:00-07:00,1202.819052
1783270320,2026-07-05T09:52:00-07:00,1202.819052
1783270380,2026-07-05T09:53:00-07:00,1202.819052
1783270440,2026-07-05T09:54:00-07:00,1202.819052
1783270500,2026-07-05T09:55:00-07:00,1202.819052
1783270620,2026-07-05T09:57:00-07:00,873.491822
1783270680,2026-07-05T09:58:00-07:00,873.491822
1783270740,2026-07-05T09:59:00-07:00,873.491822
1783270800,2026-07-05T10:00:00-07:00,873.491822
1783270860,2026-07-05T10:01:00-07:00,873.491822
1783270920,2026-07-05T10:02:00-07:00,1366.592285
1783270980,2026-07-05T10:03:00-07:00,1366.592285
1783271040,2026-07-05T10:04:00-07:00,1366.592285
1783271100,2026-07-05T10:05:00-07:00,1366.592285
1783271160,2026-07-05T10:06:00-07:00,1366.592285
1783271340,2026-07-05T10:09:00-07:00,1228.352784
1783271400,2026-07-05T10:10:00-07:00,1228.352784
1783271460,2026-07-05T10:11:00-07:00,1228.352784
1783271520,2026-07-05T10:12:00-07:00,1228.352784
1783271580,2026-07-05T10:13:00-07:00,1228.352784
1783271640,2026-07-05T10:14:00-07:00,1539.203899
1783271700,2026-07-05T10:15:00-07:00,1539.203899
1783271760,2026-07-05T10:16:00-07:00,1539.203899
1783271820,2026-07-05T10:17:00-07:00,1539.203899
1783271880,2026-07-05T10:18:00-07:00,1539.203899
1783272420,2026-07-05T10:27:00-07:00,1250.830771
1783272480,2026-07-05T10:28:00-07:00,1250.830771
1783272540,2026-07-05T10:29:00-07:00,1250.830771
1783272600,2026-07-05T10:30:00-07:00,1250.830771
1783272660,2026-07-05T10:31:00-07:00,1250.830771
1783272720,2026-07-05T10:32:00-07:00,1204.137574
1783272780,2026-07-05T10:33:00-07:00,1204.137574
1783272840,2026-07-05T10:34:00-07:00,1204.137574
1783272900,2026-07-05T10:35:00-07:00,1204.137574
1783272960,2026-07-05T10:36:00-07:00,1204.137574
1783273440,2026-07-05T10:44:00-07:00,1413.500001
1783273500,2026-07-05T10:45:00-07:00,1413.500001
1783273560,2026-07-05T10:46:00-07:00,1413.500001
1783273620,2026-07-05T10:47:00-07:00,1413.500001
1783273680,2026-07-05T10:48:00-07:00,1413.500001
1783273740,2026-07-05T10:49:00-07:00,1306.945394
1783273800,2026-07-05T10:50:00-07:00,1306.945394
1783273860,2026-07-05T10:51:00-07:00,1306.945394
1783273920,2026-07-05T10:52:00-07:00,1306.945394
1783273980,2026-07-05T10:53:00-07:00,1306.945394
1783274040,2026-07-05T10:54:00-07:00,902.098674
1783274100,2026-07-05T10:55:00-07:00,902.098674
1783274160,2026-07-05T10:56:00-07:00,902.098674
1783274220,2026-07-05T10:57:00-07:00,902.098674
1783274280,2026-07-05T10:58:00-07:00,902.098674
1783274400,2026-07-05T11:00:00-07:00,1304.909831
1783274460,2026-07-05T11:01:00-07:00,1304.909831
1783274520,2026-07-05T11:02:00-07:00,1304.909831
1783274580,2026-07-05T11:03:00-07:00,1304.909831
1783274640,2026-07-05T11:04:00-07:00,1304.909831
1783274700,2026-07-05T11:05:00-07:00,3025.447552
1783274760,2026-07-05T11:06:00-07:00,3025.447552
1783274820,2026-07-05T11:07:00-07:00,3025.447552
1783274880,2026-07-05T11:08:00-07:00,3025.447552
1783274940,2026-07-05T11:09:00-07:00,3025.447552
1783275060,2026-07-05T11:11:00-07:00,2791.129762
1783275120,2026-07-05T11:12:00-07:00,2791.129762
1783275180,2026-07-05T11:13:00-07:00,2791.129762
1783275240,2026-07-05T11:14:00-07:00,2791.129762
1783275300,2026-07-05T11:15:00-07:00,2791.129762
1783275360,2026-07-05T11:16:00-07:00,1283.37793
1783275420,2026-07-05T11:17:00-07:00,1283.37793
1783275480,2026-07-05T11:18:00-07:00,1283.37793
1783275540,2026-07-05T11:19:00-07:00,1283.37793
1783275600,2026-07-05T11:20:00-07:00,1283.37793
1783275660,2026-07-05T11:21:00-07:00,1298.413819
1783275720,2026-07-05T11:22:00-07:00,1298.413819
1783275780,2026-07-05T11:23:00-07:00,1298.413819
1783275840,2026-07-05T11:24:00-07:00,1298.413819
1783275900,2026-07-05T11:25:00-07:00,1298.413819
1783275960,2026-07-05T11:26:00-07:00,1428.338095
1783276020,2026-07-05T11:27:00-07:00,1428.338095
1783276080,2026-07-05T11:28:00-07:00,1428.338095
1783276140,2026-07-05T11:29:00-07:00,1428.338095
1783276200,2026-07-05T11:30:00-07:00,1428.338095
1783276380,2026-07-05T11:33:00-07:00,1300.29773
1783276440,2026-07-05T11:34:00-07:00,1300.29773
1783276500,2026-07-05T11:35:00-07:00,1300.29773
1783276560,2026-07-05T11:36:00-07:00,1300.29773
1783276620,2026-07-05T11:37:00-07:00,1300.29773
1783276680,2026-07-05T11:38:00-07:00,3644.716229
1783276740,2026-07-05T11:39:00-07:00,3644.716229
1783276800,2026-07-05T11:40:00-07:00,3644.716229
1783276860,2026-07-05T11:41:00-07:00,3644.716229
1783276920,2026-07-05T11:42:00-07:00,3644.716229
1783276980,2026-07-05T11:43:00-07:00,1091.020305
1783277040,2026-07-05T11:44:00-07:00,1091.020305
1783277100,2026-07-05T11:45:00-07:00,1091.020305
1783277160,2026-07-05T11:46:00-07:00,1091.020305
1783277220,2026-07-05T11:47:00-07:00,1091.020305
1783277340,2026-07-05T11:49:00-07:00,3198.9928
1783277400,2026-07-05T11:50:00-07:00,3198.9928
1783277460,2026-07-05T11:51:00-07:00,3198.9928
1783277520,2026-07-05T11:52:00-07:00,3198.9928
1783277580,2026-07-05T11:53:00-07:00,3198.9928
1783277700,2026-07-05T11:55:00-07:00,3869.640179
1783277760,2026-07-05T11:56:00-07:00,3869.640179
1783277820,2026-07-05T11:57:00-07:00,3869.640179
1783277880,2026-07-05T11:58:00-07:00,3869.640179
1783277940,2026-07-05T11:59:00-07:00,3869.640179
1783278000,2026-07-05T12:00:00-07:00,991.402426
1783278060,2026-07-05T12:01:00-07:00,991.402426
1783278120,2026-07-05T12:02:00-07:00,991.402426
1783278180,2026-07-05T12:03:00-07:00,991.402426
1783278240,2026-07-05T12:04:00-07:00,991.402426
1783278600,2026-07-05T12:10:00-07:00,2945.149294
1783278660,2026-07-05T12:11:00-07:00,2945.149294
1783278720,2026-07-05T12:12:00-07:00,2945.149294
1783278780,2026-07-05T12:13:00-07:00,2945.149294
1783278840,2026-07-05T12:14:00-07:00,2945.149294
1783278900,2026-07-05T12:15:00-07:00,1061.503866
1783278960,2026-07-05T12:16:00-07:00,1061.503866
1783279020,2026-07-05T12:17:00-07:00,1061.503866
1783279080,2026-07-05T12:18:00-07:00,1061.503866
1783279140,2026-07-05T12:19:00-07:00,1061.503866
1783279200,2026-07-05T12:20:00-07:00,2124.376629
1783279260,2026-07-05T12:21:00-07:00,2124.376629
1783279320,2026-07-05T12:22:00-07:00,2124.376629
1783279380,2026-07-05T12:23:00-07:00,2124.376629
1783279440,2026-07-05T12:24:00-07:00,2124.376629
1783279560,2026-07-05T12:26:00-07:00,662.186808
1783279620,2026-07-05T12:27:00-07:00,662.186808
1783279680,2026-07-05T12:28:00-07:00,662.186808
1783279740,2026-07-05T12:29:00-07:00,662.186808
1783279800,2026-07-05T12:30:00-07:00,662.186808
1783280820,2026-07-05T12:47:00-07:00,874.594198
1783280880,2026-07-05T12:48:00-07:00,874.594198
1783280940,2026-07-05T12:49:00-07:00,874.594198
1783281000,2026-07-05T12:50:00-07:00,874.594198
1783281060,2026-07-05T12:51:00-07:00,874.594198
1783281480,2026-07-05T12:58:00-07:00,142.970948
1783281540,2026-07-05T12:59:00-07:00,142.970948
1783281600,2026-07-05T13:00:00-07:00,142.970948
1783281660,2026-07-05T13:01:00-07:00,142.970948
1783281720,2026-07-05T13:02:00-07:00,142.970948
1783283280,2026-07-05T13:28:00-07:00,153.551758
1783283340,2026-07-05T13:29:00-07:00,153.551758
1783283400,2026-07-05T13:30:00-07:00,153.551758
1783283460,2026-07-05T13:31:00-07:00,153.551758
1783283520,2026-07-05T13:32:00-07:00,153.551758
1783283580,2026-07-05T13:33:00-07:00,172.123861
1783283640,2026-07-05T13:34:00-07:00,172.123861
1783283700,2026-07-05T13:35:00-07:00,172.123861
1783283760,2026-07-05T13:36:00-07:00,172.123861
1783283820,2026-07-05T13:37:00-07:00,172.123861
1783284540,2026-07-05T13:49:00-07:00,98.815796
1783284600,2026-07-05T13:50:00-07:00,98.815796
1783284660,2026-07-05T13:51:00-07:00,98.815796
1783284720,2026-07-05T13:52:00-07:00,98.815796
1783284780,2026-07-05T13:53:00-07:00,98.815796
1783285140,2026-07-05T13:59:00-07:00,180.414998
1783285200,2026-07-05T14:00:00-07:00,180.414998
1783285260,2026-07-05T14:01:00-07:00,180.414998
1783285320,2026-07-05T14:02:00-07:00,180.414998
1783285380,2026-07-05T14:03:00-07:00,180.414998
1783285440,2026-07-05T14:04:00-07:00,123.250406
1783285500,2026-07-05T14:05:00-07:00,123.250406
1783285560,2026-07-05T14:06:00-07:00,123.250406
1783285620,2026-07-05T14:07:00-07:00,123.250406
1783285680,2026-07-05T14:08:00-07:00,123.250406
1783286040,2026-07-05T14:14:00-07:00,105.694133
1783286100,2026-07-05T14:15:00-07:00,105.694133
1783286160,2026-07-05T14:16:00-07:00,105.694133
1783286220,2026-07-05T14:17:00-07:00,105.694133
1783286280,2026-07-05T14:18:00-07:00,105.694133
1783286400,2026-07-05T14:20:00-07:00,131.614055
1783286460,2026-07-05T14:21:00-07:00,131.614055
1783286520,2026-07-05T14:22:00-07:00,131.614055
1783286580,2026-07-05T14:23:00-07:00,131.614055
1783286640,2026-07-05T14:24:00-07:00,131.614055
1783286700,2026-07-05T14:25:00-07:00,88.954549
1783286760,2026-07-05T14:26:00-07:00,88.954549
1783286820,2026-07-05T14:27:00-07:00,88.954549
1783286880,2026-07-05T14:28:00-07:00,88.954549
1783286940,2026-07-05T14:29:00-07:00,88.954549
1783287000,2026-07-05T14:30:00-07:00,133.986572
1783287060,2026-07-05T14:31:00-07:00,133.986572
1783287120,2026-07-05T14:32:00-07:00,133.986572
1783287180,2026-07-05T14:33:00-07:00,133.986572
1783287240,2026-07-05T14:34:00-07:00,133.986572
1783287300,2026-07-05T14:35:00-07:00,130.181071
1783287360,2026-07-05T14:36:00-07:00,130.181071
1783287420,2026-07-05T14:37:00-07:00,130.181071
1783287480,2026-07-05T14:38:00-07:00,130.181071
1783287540,2026-07-05T14:39:00-07:00,130.181071
1783287720,2026-07-05T14:42:00-07:00,121.223551
1783287780,2026-07-05T14:43:00-07:00,121.223551
1783287840,2026-07-05T14:44:00-07:00,121.223551
1783287900,2026-07-05T14:45:00-07:00,121.223551
1783287960,2026-07-05T14:46:00-07:00,121.223551
1783288080,2026-07-05T14:48:00-07:00,134.42098
1783288140,2026-07-05T14:49:00-07:00,134.42098
1783288200,2026-07-05T14:50:00-07:00,134.42098
1783288260,2026-07-05T14:51:00-07:00,134.42098
1783288320,2026-07-05T14:52:00-07:00,134.42098
1783288440,2026-07-05T14:54:00-07:00,94.917766
1783288500,2026-07-05T14:55:00-07:00,94.917766
1783288560,2026-07-05T14:56:00-07:00,94.917766
1783288620,2026-07-05T14:57:00-07:00,94.917766
1783288680,2026-07-05T14:58:00-07:00,94.917766
1783289400,2026-07-05T15:10:00-07:00,124.748779
1783289460,2026-07-05T15:11:00-07:00,124.748779
1783289520,2026-07-05T15:12:00-07:00,124.748779
1783289580,2026-07-05T15:13:00-07:00,124.748779
1783289640,2026-07-05T15:14:00-07:00,124.748779
1783289760,2026-07-05T15:16:00-07:00,215.431762
1783289820,2026-07-05T15:17:00-07:00,215.431762
1783289880,2026-07-05T15:18:00-07:00,215.431762
1783289940,2026-07-05T15:19:00-07:00,215.431762
1783290000,2026-07-05T15:20:00-07:00,215.431762
1783290120,2026-07-05T15:22:00-07:00,127.454957
1783290180,2026-07-05T15:23:00-07:00,127.454957
1783290240,2026-07-05T15:24:00-07:00,127.454957
1783290300,2026-07-05T15:25:00-07:00,127.454957
1783290360,2026-07-05T15:26:00-07:00,127.454957
1783290420,2026-07-05T15:27:00-07:00,130.743937
1783290480,2026-07-05T15:28:00-07:00,130.743937
1783290540,2026-07-05T15:29:00-07:00,130.743937
1783290600,2026-07-05T15:30:00-07:00,130.743937
1783290660,2026-07-05T15:31:00-07:00,130.743937
1783291080,2026-07-05T15:38:00-07:00,118.962402
1783291140,2026-07-05T15:39:00-07:00,118.962402
1783291200,2026-07-05T15:40:00-07:00,118.962402
1783291260,2026-07-05T15:41:00-07:00,118.962402
1783291320,2026-07-05T15:42:00-07:00,118.962402
1783291380,2026-07-05T15:43:00-07:00,109.092203
1783291440,2026-07-05T15:44:00-07:00,109.092203
1783291500,2026-07-05T15:45:00-07:00,109.092203
1783291560,2026-07-05T15:46:00-07:00,109.092203
1783291620,2026-07-05T15:47:00-07:00,109.092203
1783292040,2026-07-05T15:54:00-07:00,135.853028
1783292100,2026-07-05T15:55:00-07:00,135.853028
1783292160,2026-07-05T15:56:00-07:00,135.853028
1783292220,2026-07-05T15:57:00-07:00,135.853028
1783292280,2026-07-05T15:58:00-07:00,135.853028
1783292340,2026-07-05T15:59:00-07:00,102.828573
1783292400,2026-07-05T16:00:00-07:00,102.828573
1783292460,2026-07-05T16:01:00-07:00,102.828573
1783292520,2026-07-05T16:02:00-07:00,102.828573
1783292580,2026-07-05T16:03:00-07:00,102.828573
1783294080,2026-07-05T16:28:00-07:00,281.902425
1783294140,2026-07-05T16:29:00-07:00,281.902425
1783294200,2026-07-05T16:30:00-07:00,281.902425
1783294260,2026-07-05T16:31:00-07:00,281.902425
1783294320,2026-07-05T16:32:00-07:00,281.902425
1783294380,2026-07-05T16:33:00-07:00,118.106608
1783294440,2026-07-05T16:34:00-07:00,118.106608
1783294500,2026-07-05T16:35:00-07:00,118.106608
1783294560,2026-07-05T16:36:00-07:00,118.106608
1783294620,2026-07-05T16:37:00-07:00,118.106608
1783294680,2026-07-05T16:38:00-07:00,188.48112
1783294740,2026-07-05T16:39:00-07:00,188.48112
1783294800,2026-07-05T16:40:00-07:00,188.48112
1783294860,2026-07-05T16:41:00-07:00,188.48112
1783294920,2026-07-05T16:42:00-07:00,188.48112
1783295340,2026-07-05T16:49:00-07:00,120.760376
1783295400,2026-07-05T16:50:00-07:00,120.760376
1783295460,2026-07-05T16:51:00-07:00,120.760376
1783295520,2026-07-05T16:52:00-07:00,120.760376
1783295580,2026-07-05T16:53:00-07:00,120.760376
1783295700,2026-07-05T16:55:00-07:00,143.319173
1783295760,2026-07-05T16:56:00-07:00,143.319173
1783295820,2026-07-05T16:57:00-07:00,143.319173
1783295880,2026-07-05T16:58:00-07:00,143.319173
1783295940,2026-07-05T16:59:00-07:00,143.319173
1783296060,2026-07-05T17:01:00-07:00,112.333537
1783296120,2026-07-05T17:02:00-07:00,112.333537
1783296180,2026-07-05T17:03:00-07:00,112.333537
1783296240,2026-07-05T17:04:00-07:00,112.333537
1783296300,2026-07-05T17:05:00-07:00,112.333537
1783296360,2026-07-05T17:06:00-07:00,210.305949
1783296420,2026-07-05T17:07:00-07:00,210.305949
1783296480,2026-07-05T17:08:00-07:00,210.305949
1783296540,2026-07-05T17:09:00-07:00,210.305949
1783296600,2026-07-05T17:10:00-07:00,210.305949
1783297020,2026-07-05T17:17:00-07:00,150.572673
1783297080,2026-07-05T17:18:00-07:00,150.572673
1783297140,2026-07-05T17:19:00-07:00,150.572673
1783297200,2026-07-05T17:20:00-07:00,150.572673
1783297260,2026-07-05T17:21:00-07:00,150.572673
1783297320,2026-07-05T17:22:00-07:00,129.930745
1783297380,2026-07-05T17:23:00-07:00,129.930745
1783297440,2026-07-05T17:24:00-07:00,129.930745
1783297500,2026-07-05T17:25:00-07:00,129.930745
1783297560,2026-07-05T17:26:00-07:00,129.930745
1783297620,2026-07-05T17:27:00-07:00,123.340536
1783297680,2026-07-05T17:28:00-07:00,123.340536
1783297740,2026-07-05T17:29:00-07:00,123.340536
1783297800,2026-07-05T17:30:00-07:00,123.340536
1783297860,2026-07-05T17:31:00-07:00,123.340536
1783297920,2026-07-05T17:32:00-07:00,161.452759
1783297980,2026-07-05T17:33:00-07:00,161.452759
1783298040,2026-07-05T17:34:00-07:00,161.452759
1783298100,2026-07-05T17:35:00-07:00,161.452759
1783298160,2026-07-05T17:36:00-07:00,161.452759
1783298280,2026-07-05T17:38:00-07:00,136.628174
1783298340,2026-07-05T17:39:00-07:00,136.628174
1783298400,2026-07-05T17:40:00-07:00,136.628174
1783298460,2026-07-05T17:41:00-07:00,136.628174
1783298520,2026-07-05T17:42:00-07:00,136.628174
1783298580,2026-07-05T17:43:00-07:00,119.990316
1783298640,2026-07-05T17:44:00-07:00,119.990316
1783298700,2026-07-05T17:45:00-07:00,119.990316
1783298760,2026-07-05T17:46:00-07:00,119.990316
1783298820,2026-07-05T17:47:00-07:00,119.990316
1783298940,2026-07-05T17:49:00-07:00,136.810669
1783299000,2026-07-05T17:50:00-07:00,136.810669
1783299060,2026-07-05T17:51:00-07:00,136.810669
1783299120,2026-07-05T17:52:00-07:00,136.810669
1783299180,2026-07-05T17:53:00-07:00,136.810669
1783299360,2026-07-05T17:56:00-07:00,115.674073
1783299420,2026-07-05T17:57:00-07:00,115.674073
1783299480,2026-07-05T17:58:00-07:00,115.674073
1783299540,2026-07-05T17:59:00-07:00,115.674073
1783299600,2026-07-05T18:00:00-07:00,115.674073
1783299660,2026-07-05T18:01:00-07:00,98.768148
1783299720,2026-07-05T18:02:00-07:00,98.768148
1783299780,2026-07-05T18:03:00-07:00,98.768148
1783299840,2026-07-05T18:04:00-07:00,98.768148
1783299900,2026-07-05T18:05:00-07:00,98.768148
1783299960,2026-07-05T18:06:00-07:00,155.90446
1783300020,2026-07-05T18:07:00-07:00,155.90446
1783300080,2026-07-05T18:08:00-07:00,155.90446
1783300140,2026-07-05T18:09:00-07:00,155.90446
1783300200,2026-07-05T18:10:00-07:00,155.90446
1783300560,2026-07-05T18:16:00-07:00,129.65861
1783300620,2026-07-05T18:17:00-07:00,129.65861
1783300680,2026-07-05T18:18:00-07:00,129.65861
1783300740,2026-07-05T18:19:00-07:00,129.65861
1783300800,2026-07-05T18:20:00-07:00,129.65861
1783300860,2026-07-05T18:21:00-07:00,115.389201
1783300920,2026-07-05T18:22:00-07:00,115.389201
1783300980,2026-07-05T18:23:00-07:00,115.389201
1783301040,2026-07-05T18:24:00-07:00,115.389201
1783301100,2026-07-05T18:25:00-07:00,115.389201
1783301160,2026-07-05T18:26:00-07:00,127.601481
1783301220,2026-07-05T18:27:00-07:00,127.601481
1783301280,2026-07-05T18:28:00-07:00,127.601481
1783301340,2026-07-05T18:29:00-07:00,127.601481
1783301400,2026-07-05T18:30:00-07:00,127.601481
1783301460,2026-07-05T18:31:00-07:00,112.93453
1783301520,2026-07-05T18:32:00-07:00,112.93453
1783301580,2026-07-05T18:33:00-07:00,112.93453
1783301640,2026-07-05T18:34:00-07:00,112.93453
1783301700,2026-07-05T18:35:00-07:00,112.93453
1783301760,2026-07-05T18:36:00-07:00,143.975016
1783301820,2026-07-05T18:37:00-07:00,143.975016
1783301880,2026-07-05T18:38:00-07:00,143.975016
1783301940,2026-07-05T18:39:00-07:00,143.975016
1783302000,2026-07-05T18:40:00-07:00,143.975016
1783302480,2026-07-05T18:48:00-07:00,115.790121
1783302540,2026-07-05T18:49:00-07:00,115.790121
1783302600,2026-07-05T18:50:00-07:00,115.790121
1783302660,2026-07-05T18:51:00-07:00,115.790121
1783302720,2026-07-05T18:52:00-07:00,115.790121
1783302780,2026-07-05T18:53:00-07:00,119.097819
1783302840,2026-07-05T18:54:00-07:00,119.097819
1783302900,2026-07-05T18:55:00-07:00,119.097819
1783302960,2026-07-05T18:56:00-07:00,119.097819
1783303020,2026-07-05T18:57:00-07:00,119.097819
1783303140,2026-07-05T18:59:00-07:00,97.253378
1783303200,2026-07-05T19:00:00-07:00,97.253378
1783303260,2026-07-05T19:01:00-07:00,97.253378
1783303320,2026-07-05T19:02:00-07:00,97.253378
1783303380,2026-07-05T19:03:00-07:00,97.253378
1783304040,2026-07-05T19:14:00-07:00,117.663452
1783304100,2026-07-05T19:15:00-07:00,117.663452
1783304160,2026-07-05T19:16:00-07:00,117.663452
1783304220,2026-07-05T19:17:00-07:00,117.663452
1783304280,2026-07-05T19:18:00-07:00,117.663452
1783304400,2026-07-05T19:20:00-07:00,79.274496
1783304460,2026-07-05T19:21:00-07:00,79.274496
1783304520,2026-07-05T19:22:00-07:00,79.274496
1783304580,2026-07-05T19:23:00-07:00,79.274496
1783304640,2026-07-05T19:24:00-07:00,79.274496
1783304700,2026-07-05T19:25:00-07:00,124.114909
1783304760,2026-07-05T19:26:00-07:00,124.114909
1783304820,2026-07-05T19:27:00-07:00,124.114909
1783304880,2026-07-05T19:28:00-07:00,124.114909
1783304940,2026-07-05T19:29:00-07:00,124.114909
1783305120,2026-07-05T19:32:00-07:00,112.785319
1783305180,2026-07-05T19:33:00-07:00,112.785319
1783305240,2026-07-05T19:34:00-07:00,112.785319
1783305300,2026-07-05T19:35:00-07:00,112.785319
1783305360,2026-07-05T19:36:00-07:00,112.785319
1783305480,2026-07-05T19:38:00-07:00,126.37028
1783305540,2026-07-05T19:39:00-07:00,126.37028
1783305600,2026-07-05T19:40:00-07:00,126.37028
1783305660,2026-07-05T19:41:00-07:00,126.37028
1783305720,2026-07-05T19:42:00-07:00,126.37028
1783305900,2026-07-05T19:45:00-07:00,126.522461
1783305960,2026-07-05T19:46:00-07:00,126.522461
1783306020,2026-07-05T19:47:00-07:00,126.522461
1783306080,2026-07-05T19:48:00-07:00,126.522461
1783306140,2026-07-05T19:49:00-07:00,126.522461
1783306200,2026-07-05T19:50:00-07:00,172.271565
1783306260,2026-07-05T19:51:00-07:00,172.271565
1783306320,2026-07-05T19:52:00-07:00,172.271565
1783306380,2026-07-05T19:53:00-07:00,172.271565
1783306440,2026-07-05T19:54:00-07:00,172.271565
1783306560,2026-07-05T19:56:00-07:00,130.086222
1783306620,2026-07-05T19:57:00-07:00,130.086222
1783306680,2026-07-05T19:58:00-07:00,130.086222
1783306740,2026-07-05T19:59:00-07:00,130.086222
1783306800,2026-07-05T20:00:00-07:00,130.086222
1783306860,2026-07-05T20:01:00-07:00,116.713624
1783306920,2026-07-05T20:02:00-07:00,116.713624
1783306980,2026-07-05T20:03:00-07:00,116.713624
1783307040,2026-07-05T20:04:00-07:00,116.713624
1783307100,2026-07-05T20:05:00-07:00,116.713624
1783307280,2026-07-05T20:08:00-07:00,108.37203
1783307340,2026-07-05T20:09:00-07:00,108.37203
1783307400,2026-07-05T20:10:00-07:00,108.37203
1783307460,2026-07-05T20:11:00-07:00,108.37203
1783307520,2026-07-05T20:12:00-07:00,108.37203
1783307640,2026-07-05T20:14:00-07:00,117.858643
1783307700,2026-07-05T20:15:00-07:00,117.858643
1783307760,2026-07-05T20:16:00-07:00,117.858643
1783307820,2026-07-05T20:17:00-07:00,117.858643
1783307880,2026-07-05T20:18:00-07:00,117.858643
1783307940,2026-07-05T20:19:00-07:00,108.545614
1783308000,2026-07-05T20:20:00-07:00,108.545614
1783308060,2026-07-05T20:21:00-07:00,108.545614
1783308120,2026-07-05T20:22:00-07:00,108.545614
1783308180,2026-07-05T20:23:00-07:00,108.545614
1783308300,2026-07-05T20:25:00-07:00,107.378255
1783308360,2026-07-05T20:26:00-07:00,107.378255
1783308420,2026-07-05T20:27:00-07:00,107.378255
1783308480,2026-07-05T20:28:00-07:00,107.378255
1783308540,2026-07-05T20:29:00-07:00,107.378255
1783308660,2026-07-05T20:31:00-07:00,123.879517
1783308720,2026-07-05T20:32:00-07:00,123.879517
1783308780,2026-07-05T20:33:00-07:00,123.879517
1783308840,2026-07-05T20:34:00-07:00,123.879517
1783308900,2026-07-05T20:35:00-07:00,123.879517
1783309020,2026-07-05T20:37:00-07:00,121.815837
1783309080,2026-07-05T20:38:00-07:00,121.815837
1783309140,2026-07-05T20:39:00-07:00,121.815837
1783309200,2026-07-05T20:40:00-07:00,121.815837
1783309260,2026-07-05T20:41:00-07:00,121.815837
1783309800,2026-07-05T20:50:00-07:00,124.005127
1783309860,2026-07-05T20:51:00-07:00,124.005127
1783309920,2026-07-05T20:52:00-07:00,124.005127
1783309980,2026-07-05T20:53:00-07:00,124.005127
1783310040,2026-07-05T20:54:00-07:00,124.005127
1783310160,2026-07-05T20:56:00-07:00,163.366496
1783310220,2026-07-05T20:57:00-07:00,163.366496
1783310280,2026-07-05T20:58:00-07:00,163.366496
1783310340,2026-07-05T20:59:00-07:00,163.366496
1783310400,2026-07-05T21:00:00-07:00,163.366496
1783310520,2026-07-05T21:02:00-07:00,108.536662
1783310580,2026-07-05T21:03:00-07:00,108.536662
1783310640,2026-07-05T21:04:00-07:00,108.536662
1783310700,2026-07-05T21:05:00-07:00,108.536662
1783310760,2026-07-05T21:06:00-07:00,108.536662
1783310880,2026-07-05T21:08:00-07:00,124.32837
1783310940,2026-07-05T21:09:00-07:00,124.32837
1783311000,2026-07-05T21:10:00-07:00,124.32837
1783311060,2026-07-05T21:11:00-07:00,124.32837
1783311120,2026-07-05T21:12:00-07:00,124.32837
1783311180,2026-07-05T21:13:00-07:00,143.227539
1783311240,2026-07-05T21:14:00-07:00,143.227539
1783311300,2026-07-05T21:15:00-07:00,143.227539
1783311360,2026-07-05T21:16:00-07:00,143.227539
1783311420,2026-07-05T21:17:00-07:00,143.227539
1783311540,2026-07-05T21:19:00-07:00,119.158529
1783311600,2026-07-05T21:20:00-07:00,119.158529
1783311660,2026-07-05T21:21:00-07:00,119.158529
1783311720,2026-07-05T21:22:00-07:00,119.158529
1783311780,2026-07-05T21:23:00-07:00,119.158529
1783311900,2026-07-05T21:25:00-07:00,503.865968
1783311960,2026-07-05T21:26:00-07:00,503.865968
1783312020,2026-07-05T21:27:00-07:00,503.865968
1783312080,2026-07-05T21:28:00-07:00,503.865968
1783312140,2026-07-05T21:29:00-07:00,503.865968
1783312200,2026-07-05T21:30:00-07:00,109.99052
1783312260,2026-07-05T21:31:00-07:00,109.99052
1783312320,2026-07-05T21:32:00-07:00,109.99052
1783312380,2026-07-05T21:33:00-07:00,109.99052
1783312440,2026-07-05T21:34:00-07:00,109.99052
1783312500,2026-07-05T21:35:00-07:00,143.489746
1783312560,2026-07-05T21:36:00-07:00,143.489746
1783312620,2026-07-05T21:37:00-07:00,143.489746
1783312680,2026-07-05T21:38:00-07:00,143.489746
1783312740,2026-07-05T21:39:00-07:00,143.489746
1783312860,2026-07-05T21:41:00-07:00,128.052734
1783312920,2026-07-05T21:42:00-07:00,128.052734
1783312980,2026-07-05T21:43:00-07:00,128.052734
1783313040,2026-07-05T21:44:00-07:00,128.052734
1783313100,2026-07-05T21:45:00-07:00,128.052734
1783313160,2026-07-05T21:46:00-07:00,103.223389
1783313220,2026-07-05T21:47:00-07:00,103.223389
1783313280,2026-07-05T21:48:00-07:00,103.223389
1783313340,2026-07-05T21:49:00-07:00,103.223389
1783313400,2026-07-05T21:50:00-07:00,103.223389
1783313460,2026-07-05T21:51:00-07:00,113.190674
1783313520,2026-07-05T21:52:00-07:00,113.190674
1783313580,2026-07-05T21:53:00-07:00,113.190674
1783313640,2026-07-05T21:54:00-07:00,113.190674
1783313700,2026-07-05T21:55:00-07:00,113.190674
1783313760,2026-07-05T21:56:00-07:00,106.039713
1783313820,2026-07-05T21:57:00-07:00,106.039713
1783313880,2026-07-05T21:58:00-07:00,106.039713
1783313940,2026-07-05T21:59:00-07:00,106.039713
1783314000,2026-07-05T22:00:00-07:00,106.039713
1783314060,2026-07-05T22:01:00-07:00,101.268677
1783314120,2026-07-05T22:02:00-07:00,101.268677
1783314180,2026-07-05T22:03:00-07:00,101.268677
1783314240,2026-07-05T22:04:00-07:00,101.268677
1783314300,2026-07-05T22:05:00-07:00,101.268677
1783314360,2026-07-05T22:06:00-07:00,121.083334
1783314420,2026-07-05T22:07:00-07:00,121.083334
1783314480,2026-07-05T22:08:00-07:00,121.083334
1783314540,2026-07-05T22:09:00-07:00,121.083334
1783314600,2026-07-05T22:10:00-07:00,121.083334
1783314720,2026-07-05T22:12:00-07:00,132.796956
1783314780,2026-07-05T22:13:00-07:00,132.796956
1783314840,2026-07-05T22:14:00-07:00,132.796956
1783314900,2026-07-05T22:15:00-07:00,132.796956
1783314960,2026-07-05T22:16:00-07:00,132.796956
1783315020,2026-07-05T22:17:00-07:00,104.607096
1783315080,2026-07-05T22:18:00-07:00,104.607096
1783315140,2026-07-05T22:19:00-07:00,104.607096
1783315200,2026-07-05T22:20:00-07:00,104.607096
1783315260,2026-07-05T22:21:00-07:00,104.607096
1783315380,2026-07-05T22:23:00-07:00,93.78715
1783315440,2026-07-05T22:24:00-07:00,93.78715
1783315500,2026-07-05T22:25:00-07:00,93.78715
1783315560,2026-07-05T22:26:00-07:00,93.78715
1783315620,2026-07-05T22:27:00-07:00,93.78715
1783315680,2026-07-05T22:28:00-07:00,108.876993
1783315740,2026-07-05T22:29:00-07:00,108.876993
1783315800,2026-07-05T22:30:00-07:00,108.876993
1783315860,2026-07-05T22:31:00-07:00,108.876993
1783315920,2026-07-05T22:32:00-07:00,108.876993
1783316040,2026-07-05T22:34:00-07:00,116.401001
1783316100,2026-07-05T22:35:00-07:00,116.401001
1783316160,2026-07-05T22:36:00-07:00,116.401001
1783316220,2026-07-05T22:37:00-07:00,116.401001
1783316280,2026-07-05T22:38:00-07:00,116.401001
1783316340,2026-07-05T22:39:00-07:00,93.796875
1783316400,2026-07-05T22:40:00-07:00,93.796875
1783316460,2026-07-05T22:41:00-07:00,93.796875
1783316520,2026-07-05T22:42:00-07:00,93.796875
1783316580,2026-07-05T22:43:00-07:00,93.796875
1783316640,2026-07-05T22:44:00-07:00,95.239624
1783316700,2026-07-05T22:45:00-07:00,95.239624
1783316760,2026-07-05T22:46:00-07:00,95.239624
1783316820,2026-07-05T22:47:00-07:00,95.239624
1783316880,2026-07-05T22:48:00-07:00,95.239624
1783317000,2026-07-05T22:50:00-07:00,112.883911
1783317060,2026-07-05T22:51:00-07:00,112.883911
1783317120,2026-07-05T22:52:00-07:00,112.883911
1783317180,2026-07-05T22:53:00-07:00,112.883911
1783317240,2026-07-05T22:54:00-07:00,112.883911
1783317360,2026-07-05T22:56:00-07:00,101.297648
1783317420,2026-07-05T22:57:00-07:00,101.297648
1783317480,2026-07-05T22:58:00-07:00,101.297648
1783317540,2026-07-05T22:59:00-07:00,101.297648
1783317600,2026-07-05T23:00:00-07:00,101.297648
1783317660,2026-07-05T23:01:00-07:00,95.682291
1783317720,2026-07-05T23:02:00-07:00,95.682291
1783317780,2026-07-05T23:03:00-07:00,95.682291
1783317840,2026-07-05T23:04:00-07:00,95.682291
1783317900,2026-07-05T23:05:00-07:00,95.682291
1783317960,2026-07-05T23:06:00-07:00,143.176026
1783318020,2026-07-05T23:07:00-07:00,143.176026
1783318080,2026-07-05T23:08:00-07:00,143.176026
1783318140,2026-07-05T23:09:00-07:00,143.176026
1783318200,2026-07-05T23:10:00-07:00,143.176026
1783318320,2026-07-05T23:12:00-07:00,104.256754
1783318380,2026-07-05T23:13:00-07:00,104.256754
1783318440,2026-07-05T23:14:00-07:00,104.256754
1783318500,2026-07-05T23:15:00-07:00,104.256754
1783318560,2026-07-05T23:16:00-07:00,104.256754
1783318620,2026-07-05T23:17:00-07:00,101.467204
1783318680,2026-07-05T23:18:00-07:00,101.467204
1783318740,2026-07-05T23:19:00-07:00,101.467204
1783318800,2026-07-05T23:20:00-07:00,101.467204
1783318860,2026-07-05T23:21:00-07:00,101.467204
1783318980,2026-07-05T23:23:00-07:00,124.377929
1783319040,2026-07-05T23:24:00-07:00,124.377929
1783319100,2026-07-05T23:25:00-07:00,124.377929
1783319160,2026-07-05T23:26:00-07:00,124.377929
1783319220,2026-07-05T23:27:00-07:00,124.377929
1783319340,2026-07-05T23:29:00-07:00,105.336386
1783319400,2026-07-05T23:30:00-07:00,105.336386
1783319460,2026-07-05T23:31:00-07:00,105.336386
1783319520,2026-07-05T23:32:00-07:00,105.336386
1783319580,2026-07-05T23:33:00-07:00,105.336386
1783319640,2026-07-05T23:34:00-07:00,91.978272
1783319700,2026-07-05T23:35:00-07:00,91.978272
1783319760,2026-07-05T23:36:00-07:00,91.978272
1783319820,2026-07-05T23:37:00-07:00,91.978272
1783319880,2026-07-05T23:38:00-07:00,91.978272
1783319940,2026-07-05T23:39:00-07:00,114.862427
1783320000,2026-07-05T23:40:00-07:00,114.862427
1783320060,2026-07-05T23:41:00-07:00,114.862427
1783320120,2026-07-05T23:42:00-07:00,114.862427
1783320180,2026-07-05T23:43:00-07:00,114.862427
1783320360,2026-07-05T23:46:00-07:00,118.837362
1783320420,2026-07-05T23:47:00-07:00,118.837362
1783320480,2026-07-05T23:48:00-07:00,118.837362
1783320540,2026-07-05T23:49:00-07:00,118.837362
1783320600,2026-07-05T23:50:00-07:00,118.837362
1783320720,2026-07-05T23:52:00-07:00,108.740723
1783320780,2026-07-05T23:53:00-07:00,108.740723
1783320840,2026-07-05T23:54:00-07:00,108.740723
1783320900,2026-07-05T23:55:00-07:00,108.740723
1783320960,2026-07-05T23:56:00-07:00,108.740723
1783321020,2026-07-05T23:57:00-07:00,99.417887
1783321080,2026-07-05T23:58:00-07:00,99.417887
1783321140,2026-07-05T23:59:00-07:00,99.417887
1783321200,2026-07-06T00:00:00-07:00,99.417887
1783321260,2026-07-06T00:01:00-07:00,99.417887
1783321380,2026-07-06T00:03:00-07:00,103.144125
1783321440,2026-07-06T00:04:00-07:00,103.144125
1783321500,2026-07-06T00:05:00-07:00,103.144125
1783321560,2026-07-06T00:06:00-07:00,103.144125
1783321620,2026-07-06T00:07:00-07:00,103.144125
1783321740,2026-07-06T00:09:00-07:00,108.989746
1783321800,2026-07-06T00:10:00-07:00,108.989746
1783321860,2026-07-06T00:11:00-07:00,108.989746
1783321920,2026-07-06T00:12:00-07:00,108.989746
1783321980,2026-07-06T00:13:00-07:00,108.989746
1783322040,2026-07-06T00:14:00-07:00,124.44869
1783322100,2026-07-06T00:15:00-07:00,124.44869
1783322160,2026-07-06T00:16:00-07:00,124.44869
1783322220,2026-07-06T00:17:00-07:00,124.44869
1783322280,2026-07-06T00:18:00-07:00,124.44869
1783322340,2026-07-06T00:19:00-07:00,244.063029
1783322400,2026-07-06T00:20:00-07:00,244.063029
1783322460,2026-07-06T00:21:00-07:00,244.063029
1783322520,2026-07-06T00:22:00-07:00,244.063029
1783322580,2026-07-06T00:23:00-07:00,244.063029
1783322640,2026-07-06T00:24:00-07:00,135.171509
1783322700,2026-07-06T00:25:00-07:00,135.171509
1783322760,2026-07-06T00:26:00-07:00,135.171509
1783322820,2026-07-06T00:27:00-07:00,135.171509
1783322880,2026-07-06T00:28:00-07:00,135.171509
1783323000,2026-07-06T00:30:00-07:00,138.601522
1783323060,2026-07-06T00:31:00-07:00,138.601522
1783323120,2026-07-06T00:32:00-07:00,138.601522
1783323180,2026-07-06T00:33:00-07:00,138.601522
1783323240,2026-07-06T00:34:00-07:00,138.601522
1783323360,2026-07-06T00:36:00-07:00,101.294962
1783323420,2026-07-06T00:37:00-07:00,101.294962
1783323480,2026-07-06T00:38:00-07:00,101.294962
1783323540,2026-07-06T00:39:00-07:00,101.294962
1783323600,2026-07-06T00:40:00-07:00,101.294962
1783323660,2026-07-06T00:41:00-07:00,114.32194
1783323720,2026-07-06T00:42:00-07:00,114.32194
1783323780,2026-07-06T00:43:00-07:00,114.32194
1783323840,2026-07-06T00:44:00-07:00,114.32194
1783323900,2026-07-06T00:45:00-07:00,114.32194
1783323960,2026-07-06T00:46:00-07:00,1041.935019
1783324020,2026-07-06T00:47:00-07:00,1041.935019
1783324080,2026-07-06T00:48:00-07:00,1041.935019
1783324140,2026-07-06T00:49:00-07:00,1041.935019
1783324200,2026-07-06T00:50:00-07:00,1041.935019
1783324320,2026-07-06T00:52:00-07:00,111.866944
1783324380,2026-07-06T00:53:00-07:00,111.866944
1783324440,2026-07-06T00:54:00-07:00,111.866944
1783324500,2026-07-06T00:55:00-07:00,111.866944
1783324560,2026-07-06T00:56:00-07:00,111.866944
1783324620,2026-07-06T00:57:00-07:00,78.016521
1783324680,2026-07-06T00:58:00-07:00,78.016521
1783324740,2026-07-06T00:59:00-07:00,78.016521
1783324800,2026-07-06T01:00:00-07:00,78.016521
1783324860,2026-07-06T01:01:00-07:00,78.016521
1783324980,2026-07-06T01:03:00-07:00,103.875
1783325040,2026-07-06T01:04:00-07:00,103.875
1783325100,2026-07-06T01:05:00-07:00,103.875
1783325160,2026-07-06T01:06:00-07:00,103.875
1783325220,2026-07-06T01:07:00-07:00,103.875
1783325340,2026-07-06T01:09:00-07:00,100.806925
1783325400,2026-07-06T01:10:00-07:00,100.806925
1783325460,2026-07-06T01:11:00-07:00,100.806925
1783325520,2026-07-06T01:12:00-07:00,100.806925
1783325580,2026-07-06T01:13:00-07:00,100.806925
1783325640,2026-07-06T01:14:00-07:00,119.91687
1783325700,2026-07-06T01:15:00-07:00,119.91687
1783325760,2026-07-06T01:16:00-07:00,119.91687
1783325820,2026-07-06T01:17:00-07:00,119.91687
1783325880,2026-07-06T01:18:00-07:00,119.91687
1783325940,2026-07-06T01:19:00-07:00,97.530436
1783326000,2026-07-06T01:20:00-07:00,97.530436
1783326060,2026-07-06T01:21:00-07:00,97.530436
1783326120,2026-07-06T01:22:00-07:00,97.530436
1783326180,2026-07-06T01:23:00-07:00,97.530436
1783326300,2026-07-06T01:25:00-07:00,99.424642
1783326360,2026-07-06T01:26:00-07:00,99.424642
1783326420,2026-07-06T01:27:00-07:00,99.424642
1783326480,2026-07-06T01:28:00-07:00,99.424642
1783326540,2026-07-06T01:29:00-07:00,99.424642
1783326600,2026-07-06T01:30:00-07:00,127.601685
1783326660,2026-07-06T01:31:00-07:00,127.601685
1783326720,2026-07-06T01:32:00-07:00,127.601685
1783326780,2026-07-06T01:33:00-07:00,127.601685
1783326840,2026-07-06T01:34:00-07:00,127.601685
1783326900,2026-07-06T01:35:00-07:00,117.039226
1783326960,2026-07-06T01:36:00-07:00,117.039226
1783327020,2026-07-06T01:37:00-07:00,117.039226
1783327080,2026-07-06T01:38:00-07:00,117.039226
1783327140,2026-07-06T01:39:00-07:00,117.039226
1783327260,2026-07-06T01:41:00-07:00,102.165364
1783327320,2026-07-06T01:42:00-07:00,102.165364
1783327380,2026-07-06T01:43:00-07:00,102.165364
1783327440,2026-07-06T01:44:00-07:00,102.165364
1783327500,2026-07-06T01:45:00-07:00,102.165364
1783327620,2026-07-06T01:47:00-07:00,104.244507
1783327680,2026-07-06T01:48:00-07:00,104.244507
1783327740,2026-07-06T01:49:00-07:00,104.244507
1783327800,2026-07-06T01:50:00-07:00,104.244507
1783327860,2026-07-06T01:51:00-07:00,104.244507
1783327980,2026-07-06T01:53:00-07:00,103.440999
1783328040,2026-07-06T01:54:00-07:00,103.440999
1783328100,2026-07-06T01:55:00-07:00,103.440999
1783328160,2026-07-06T01:56:00-07:00,103.440999
1783328220,2026-07-06T01:57:00-07:00,103.440999
1783328340,2026-07-06T01:59:00-07:00,132.154744
1783328400,2026-07-06T02:00:00-07:00,132.154744
1783328460,2026-07-06T02:01:00-07:00,132.154744
1783328520,2026-07-06T02:02:00-07:00,132.154744
1783328580,2026-07-06T02:03:00-07:00,132.154744
1783328700,2026-07-06T02:05:00-07:00,122.888631
1783328760,2026-07-06T02:06:00-07:00,122.888631
1783328820,2026-07-06T02:07:00-07:00,122.888631
1783328880,2026-07-06T02:08:00-07:00,122.888631
1783328940,2026-07-06T02:09:00-07:00,122.888631
1783329000,2026-07-06T02:10:00-07:00,105.419027
1783329060,2026-07-06T02:11:00-07:00,105.419027
1783329120,2026-07-06T02:12:00-07:00,105.419027
1783329180,2026-07-06T02:13:00-07:00,105.419027
1783329240,2026-07-06T02:14:00-07:00,105.419027
1783329300,2026-07-06T02:15:00-07:00,97.577433
1783329360,2026-07-06T02:16:00-07:00,97.577433
1783329420,2026-07-06T02:17:00-07:00,97.577433
1783329480,2026-07-06T02:18:00-07:00,97.577433
1783329540,2026-07-06T02:19:00-07:00,97.577433
1783329660,2026-07-06T02:21:00-07:00,103.757894
1783329720,2026-07-06T02:22:00-07:00,103.757894
1783329780,2026-07-06T02:23:00-07:00,103.757894
1783329840,2026-07-06T02:24:00-07:00,103.757894
1783329900,2026-07-06T02:25:00-07:00,103.757894
1783329960,2026-07-06T02:26:00-07:00,124.938436
1783330020,2026-07-06T02:27:00-07:00,124.938436
1783330080,2026-07-06T02:28:00-07:00,124.938436
1783330140,2026-07-06T02:29:00-07:00,124.938436
1783330200,2026-07-06T02:30:00-07:00,124.938436
1783330260,2026-07-06T02:31:00-07:00,102.651205
1783330320,2026-07-06T02:32:00-07:00,102.651205
1783330380,2026-07-06T02:33:00-07:00,102.651205
1783330440,2026-07-06T02:34:00-07:00,102.651205
1783330500,2026-07-06T02:35:00-07:00,102.651205
1783330680,2026-07-06T02:38:00-07:00,102.74764
1783330740,2026-07-06T02:39:00-07:00,102.74764
1783330800,2026-07-06T02:40:00-07:00,102.74764
1783330860,2026-07-06T02:41:00-07:00,102.74764
1783330920,2026-07-06T02:42:00-07:00,102.74764
1783331040,2026-07-06T02:44:00-07:00,152.58024
1783331100,2026-07-06T02:45:00-07:00,152.58024
1783331160,2026-07-06T02:46:00-07:00,152.58024
1783331220,2026-07-06T02:47:00-07:00,152.58024
1783331280,2026-07-06T02:48:00-07:00,152.58024
1783331400,2026-07-06T02:50:00-07:00,111.160523
1783331460,2026-07-06T02:51:00-07:00,111.160523
1783331520,2026-07-06T02:52:00-07:00,111.160523
1783331580,2026-07-06T02:53:00-07:00,111.160523
1783331640,2026-07-06T02:54:00-07:00,111.160523
1783331700,2026-07-06T02:55:00-07:00,109.317831
1783331760,2026-07-06T02:56:00-07:00,109.317831
1783331820,2026-07-06T02:57:00-07:00,109.317831
1783331880,2026-07-06T02:58:00-07:00,109.317831
1783331940,2026-07-06T02:59:00-07:00,109.317831
1783332000,2026-07-06T03:00:00-07:00,108.839193
1783332060,2026-07-06T03:01:00-07:00,108.839193
1783332120,2026-07-06T03:02:00-07:00,108.839193
1783332180,2026-07-06T03:03:00-07:00,108.839193
1783332240,2026-07-06T03:04:00-07:00,108.839193
1783332360,2026-07-06T03:06:00-07:00,104.375529
1783332420,2026-07-06T03:07:00-07:00,104.375529
1783332480,2026-07-06T03:08:00-07:00,104.375529
1783332540,2026-07-06T03:09:00-07:00,104.375529
1783332600,2026-07-06T03:10:00-07:00,104.375529
1783332720,2026-07-06T03:12:00-07:00,114.265666
1783332780,2026-07-06T03:13:00-07:00,114.265666
1783332840,2026-07-06T03:14:00-07:00,114.265666
1783332900,2026-07-06T03:15:00-07:00,114.265666
1783332960,2026-07-06T03:16:00-07:00,114.265666
1783333020,2026-07-06T03:17:00-07:00,118.033285
1783333080,2026-07-06T03:18:00-07:00,118.033285
1783333140,2026-07-06T03:19:00-07:00,118.033285
1783333200,2026-07-06T03:20:00-07:00,118.033285
1783333260,2026-07-06T03:21:00-07:00,118.033285
1783333320,2026-07-06T03:22:00-07:00,223.686809
1783333380,2026-07-06T03:23:00-07:00,223.686809
1783333440,2026-07-06T03:24:00-07:00,223.686809
1783333500,2026-07-06T03:25:00-07:00,223.686809
1783333560,2026-07-06T03:26:00-07:00,223.686809
1783333620,2026-07-06T03:27:00-07:00,104.164469
1783333680,2026-07-06T03:28:00-07:00,104.164469
1783333740,2026-07-06T03:29:00-07:00,104.164469
1783333800,2026-07-06T03:30:00-07:00,104.164469
1783333860,2026-07-06T03:31:00-07:00,104.164469
1783333920,2026-07-06T03:32:00-07:00,83.101888
1783333980,2026-07-06T03:33:00-07:00,83.101888
1783334040,2026-07-06T03:34:00-07:00,83.101888
1783334100,2026-07-06T03:35:00-07:00,83.101888
1783334160,2026-07-06T03:36:00-07:00,83.101888
1783334220,2026-07-06T03:37:00-07:00,121.089721
1783334280,2026-07-06T03:38:00-07:00,121.089721
1783334340,2026-07-06T03:39:00-07:00,121.089721
1783334400,2026-07-06T03:40:00-07:00,121.089721
1783334460,2026-07-06T03:41:00-07:00,121.089721
1783334520,2026-07-06T03:42:00-07:00,135.109741
1783334580,2026-07-06T03:43:00-07:00,135.109741
1783334640,2026-07-06T03:44:00-07:00,135.109741
1783334700,2026-07-06T03:45:00-07:00,135.109741
1783334760,2026-07-06T03:46:00-07:00,135.109741
1783334820,2026-07-06T03:47:00-07:00,119.933594
1783334880,2026-07-06T03:48:00-07:00,119.933594
1783334940,2026-07-06T03:49:00-07:00,119.933594
1783335000,2026-07-06T03:50:00-07:00,119.933594
1783335060,2026-07-06T03:51:00-07:00,119.933594
1783335120,2026-07-06T03:52:00-07:00,100.972372
1783335180,2026-07-06T03:53:00-07:00,100.972372
1783335240,2026-07-06T03:54:00-07:00,100.972372
1783335300,2026-07-06T03:55:00-07:00,100.972372
1783335360,2026-07-06T03:56:00-07:00,100.972372
1783335480,2026-07-06T03:58:00-07:00,107.015706
1783335540,2026-07-06T03:59:00-07:00,107.015706
1783335600,2026-07-06T04:00:00-07:00,107.015706
1783335660,2026-07-06T04:01:00-07:00,107.015706
1783335720,2026-07-06T04:02:00-07:00,107.015706
1783335840,2026-07-06T04:04:00-07:00,128.416707
1783335900,2026-07-06T04:05:00-07:00,128.416707
1783335960,2026-07-06T04:06:00-07:00,128.416707
1783336020,2026-07-06T04:07:00-07:00,128.416707
1783336080,2026-07-06T04:08:00-07:00,128.416707
1783336200,2026-07-06T04:10:00-07:00,128.705974
1783336260,2026-07-06T04:11:00-07:00,128.705974
1783336320,2026-07-06T04:12:00-07:00,128.705974
1783336380,2026-07-06T04:13:00-07:00,128.705974
1783336440,2026-07-06T04:14:00-07:00,128.705974
1783336500,2026-07-06T04:15:00-07:00,129.112996
1783336560,2026-07-06T04:16:00-07:00,129.112996
1783336620,2026-07-06T04:17:00-07:00,129.112996
1783336680,2026-07-06T04:18:00-07:00,129.112996
1783336740,2026-07-06T04:19:00-07:00,129.112996
1783336800,2026-07-06T04:20:00-07:00,106.008667
1783336860,2026-07-06T04:21:00-07:00,106.008667
1783336920,2026-07-06T04:22:00-07:00,106.008667
1783336980,2026-07-06T04:23:00-07:00,106.008667
1783337040,2026-07-06T04:24:00-07:00,106.008667
1783337160,2026-07-06T04:26:00-07:00,77.582927
1783337220,2026-07-06T04:27:00-07:00,77.582927
1783337280,2026-07-06T04:28:00-07:00,77.582927
1783337340,2026-07-06T04:29:00-07:00,77.582927
1783337400,2026-07-06T04:30:00-07:00,77.582927
1783337520,2026-07-06T04:32:00-07:00,108.993774
1783337580,2026-07-06T04:33:00-07:00,108.993774
1783337640,2026-07-06T04:34:00-07:00,108.993774
1783337700,2026-07-06T04:35:00-07:00,108.993774
1783337760,2026-07-06T04:36:00-07:00,108.993774
1783337880,2026-07-06T04:38:00-07:00,197.329265
1783337940,2026-07-06T04:39:00-07:00,197.329265
1783338000,2026-07-06T04:40:00-07:00,197.329265
1783338060,2026-07-06T04:41:00-07:00,197.329265
1783338120,2026-07-06T04:42:00-07:00,197.329265
1783338180,2026-07-06T04:43:00-07:00,137.839233
1783338240,2026-07-06T04:44:00-07:00,137.839233
1783338300,2026-07-06T04:45:00-07:00,137.839233
1783338360,2026-07-06T04:46:00-07:00,137.839233
1783338420,2026-07-06T04:47:00-07:00,137.839233
1783338540,2026-07-06T04:49:00-07:00,114.008463
1783338600,2026-07-06T04:50:00-07:00,114.008463
1783338660,2026-07-06T04:51:00-07:00,114.008463
1783338720,2026-07-06T04:52:00-07:00,114.008463
1783338780,2026-07-06T04:53:00-07:00,114.008463
1783338840,2026-07-06T04:54:00-07:00,105.624349
1783338900,2026-07-06T04:55:00-07:00,105.624349
1783338960,2026-07-06T04:56:00-07:00,105.624349
1783339020,2026-07-06T04:57:00-07:00,105.624349
1783339080,2026-07-06T04:58:00-07:00,105.624349
1783339140,2026-07-06T04:59:00-07:00,112.813191
1783339200,2026-07-06T05:00:00-07:00,112.813191
1783339260,2026-07-06T05:01:00-07:00,112.813191
1783339320,2026-07-06T05:02:00-07:00,112.813191
1783339380,2026-07-06T05:03:00-07:00,112.813191
1783339500,2026-07-06T05:05:00-07:00,119.665568
1783339560,2026-07-06T05:06:00-07:00,119.665568
1783339620,2026-07-06T05:07:00-07:00,119.665568
1783339680,2026-07-06T05:08:00-07:00,119.665568
1783339740,2026-07-06T05:09:00-07:00,119.665568
1783339800,2026-07-06T05:10:00-07:00,103.366048
1783339860,2026-07-06T05:11:00-07:00,103.366048
1783339920,2026-07-06T05:12:00-07:00,103.366048
1783339980,2026-07-06T05:13:00-07:00,103.366048
1783340040,2026-07-06T05:14:00-07:00,103.366048
1783340100,2026-07-06T05:15:00-07:00,125.945842
1783340160,2026-07-06T05:16:00-07:00,125.945842
1783340220,2026-07-06T05:17:00-07:00,125.945842
1783340280,2026-07-06T05:18:00-07:00,125.945842
1783340340,2026-07-06T05:19:00-07:00,125.945842
1783340460,2026-07-06T05:21:00-07:00,107.178385
1783340520,2026-07-06T05:22:00-07:00,107.178385
1783340580,2026-07-06T05:23:00-07:00,107.178385
1783340640,2026-07-06T05:24:00-07:00,107.178385
1783340700,2026-07-06T05:25:00-07:00,107.178385
1783340820,2026-07-06T05:27:00-07:00,120.827637
1783340880,2026-07-06T05:28:00-07:00,120.827637
1783340940,2026-07-06T05:29:00-07:00,120.827637
1783341000,2026-07-06T05:30:00-07:00,120.827637
1783341060,2026-07-06T05:31:00-07:00,120.827637
1783341120,2026-07-06T05:32:00-07:00,106.328532
1783341180,2026-07-06T05:33:00-07:00,106.328532
1783341240,2026-07-06T05:34:00-07:00,106.328532
1783341300,2026-07-06T05:35:00-07:00,106.328532
1783341360,2026-07-06T05:36:00-07:00,106.328532
1783341480,2026-07-06T05:38:00-07:00,107.151815
1783341540,2026-07-06T05:39:00-07:00,107.151815
1783341600,2026-07-06T05:40:00-07:00,107.151815
1783341660,2026-07-06T05:41:00-07:00,107.151815
1783341720,2026-07-06T05:42:00-07:00,107.151815
1783341780,2026-07-06T05:43:00-07:00,120.691935
1783341840,2026-07-06T05:44:00-07:00,120.691935
1783341900,2026-07-06T05:45:00-07:00,120.691935
1783341960,2026-07-06T05:46:00-07:00,120.691935
1783342020,2026-07-06T05:47:00-07:00,120.691935
1783342140,2026-07-06T05:49:00-07:00,110.246257
1783342200,2026-07-06T05:50:00-07:00,110.246257
1783342260,2026-07-06T05:51:00-07:00,110.246257
1783342320,2026-07-06T05:52:00-07:00,110.246257
1783342380,2026-07-06T05:53:00-07:00,110.246257
1783342440,2026-07-06T05:54:00-07:00,108.418905
1783342500,2026-07-06T05:55:00-07:00,108.418905
1783342560,2026-07-06T05:56:00-07:00,108.418905
1783342620,2026-07-06T05:57:00-07:00,108.418905
1783342680,2026-07-06T05:58:00-07:00,108.418905
1783342740,2026-07-06T05:59:00-07:00,105.496663
1783342800,2026-07-06T06:00:00-07:00,105.496663
1783342860,2026-07-06T06:01:00-07:00,105.496663
1783342920,2026-07-06T06:02:00-07:00,105.496663
1783342980,2026-07-06T06:03:00-07:00,105.496663
1783343100,2026-07-06T06:05:00-07:00,120.276286
1783343160,2026-07-06T06:06:00-07:00,120.276286
1783343220,2026-07-06T06:07:00-07:00,120.276286
1783343280,2026-07-06T06:08:00-07:00,120.276286
1783343340,2026-07-06T06:09:00-07:00,120.276286
1783343400,2026-07-06T06:10:00-07:00,129.984823
1783343460,2026-07-06T06:11:00-07:00,129.984823
1783343520,2026-07-06T06:12:00-07:00,129.984823
1783343580,2026-07-06T06:13:00-07:00,129.984823
1783343640,2026-07-06T06:14:00-07:00,129.984823
1783343700,2026-07-06T06:15:00-07:00,109.717652
1783343760,2026-07-06T06:16:00-07:00,109.717652
1783343820,2026-07-06T06:17:00-07:00,109.717652
1783343880,2026-07-06T06:18:00-07:00,109.717652
1783343940,2026-07-06T06:19:00-07:00,109.717652
1783344060,2026-07-06T06:21:00-07:00,106.614828
1783344120,2026-07-06T06:22:00-07:00,106.614828
1783344180,2026-07-06T06:23:00-07:00,106.614828
1783344240,2026-07-06T06:24:00-07:00,106.614828
1783344300,2026-07-06T06:25:00-07:00,106.614828
1783344360,2026-07-06T06:26:00-07:00,129.698202
1783344420,2026-07-06T06:27:00-07:00,129.698202
1783344480,2026-07-06T06:28:00-07:00,129.698202
1783344540,2026-07-06T06:29:00-07:00,129.698202
1783344600,2026-07-06T06:30:00-07:00,129.698202
1783344660,2026-07-06T06:31:00-07:00,106.037028
1783344720,2026-07-06T06:32:00-07:00,106.037028
1783344780,2026-07-06T06:33:00-07:00,106.037028
1783344840,2026-07-06T06:34:00-07:00,106.037028
1783344900,2026-07-06T06:35:00-07:00,106.037028
1783345020,2026-07-06T06:37:00-07:00,131.633138
1783345080,2026-07-06T06:38:00-07:00,131.633138
1783345140,2026-07-06T06:39:00-07:00,131.633138
1783345200,2026-07-06T06:40:00-07:00,131.633138
1783345260,2026-07-06T06:41:00-07:00,131.633138
1783345320,2026-07-06T06:42:00-07:00,105.016601
1783345380,2026-07-06T06:43:00-07:00,105.016601
1783345440,2026-07-06T06:44:00-07:00,105.016601
1783345500,2026-07-06T06:45:00-07:00,105.016601
1783345560,2026-07-06T06:46:00-07:00,105.016601
1783345620,2026-07-06T06:47:00-07:00,109.261475
1783345680,2026-07-06T06:48:00-07:00,109.261475
1783345740,2026-07-06T06:49:00-07:00,109.261475
1783345800,2026-07-06T06:50:00-07:00,109.261475
1783345860,2026-07-06T06:51:00-07:00,109.261475
1783345920,2026-07-06T06:52:00-07:00,135.399455
1783345980,2026-07-06T06:53:00-07:00,135.399455
1783346040,2026-07-06T06:54:00-07:00,135.399455
1783346100,2026-07-06T06:55:00-07:00,135.399455
1783346160,2026-07-06T06:56:00-07:00,135.399455
