timestamp_utc,iso_pdt,carrier=verizon;connection_type=5g_cellular;experiment=none;triggered_by=rf-logger
1782167870,2026-06-22T15:37:50-07:00,72.82894549999999
1782167930,2026-06-22T15:38:50-07:00,109.48382566666668
1782167990,2026-06-22T15:39:50-07:00,109.48382566666668
1782168050,2026-06-22T15:40:50-07:00,109.48382566666668
1782168110,2026-06-22T15:41:50-07:00,109.48382566666668
1782168170,2026-06-22T15:42:50-07:00,109.48382566666668
1782168230,2026-06-22T15:43:50-07:00,121.072849
1782168290,2026-06-22T15:44:50-07:00,121.072849
1782168350,2026-06-22T15:45:50-07:00,121.072849
1782168410,2026-06-22T15:46:50-07:00,121.072849
1782168470,2026-06-22T15:47:50-07:00,121.072849
1782168590,2026-06-22T15:49:50-07:00,37.60863566666667
1782168650,2026-06-22T15:50:50-07:00,37.60863566666667
1782168710,2026-06-22T15:51:50-07:00,37.60863566666667
1782168770,2026-06-22T15:52:50-07:00,37.60863566666667
1782168830,2026-06-22T15:53:50-07:00,37.60863566666667
1782169010,2026-06-22T15:56:50-07:00,38.30865466666667
1782169070,2026-06-22T15:57:50-07:00,38.30865466666667
1782169130,2026-06-22T15:58:50-07:00,38.30865466666667
1782169190,2026-06-22T15:59:50-07:00,38.30865466666667
1782169250,2026-06-22T16:00:50-07:00,38.30865466666667
1782169370,2026-06-22T16:02:50-07:00,33.7064145
1782169430,2026-06-22T16:03:50-07:00,33.7064145
1782169490,2026-06-22T16:04:50-07:00,33.7064145
1782169550,2026-06-22T16:05:50-07:00,33.7064145
1782169610,2026-06-22T16:06:50-07:00,33.7064145
1782169790,2026-06-22T16:09:50-07:00,37.958529999999996
1782169850,2026-06-22T16:10:50-07:00,37.958529999999996
1782169910,2026-06-22T16:11:50-07:00,37.958529999999996
1782169970,2026-06-22T16:12:50-07:00,37.958529999999996
1782170030,2026-06-22T16:13:50-07:00,37.958529999999996
1782170090,2026-06-22T16:14:50-07:00,38.441040333333326
1782170150,2026-06-22T16:15:50-07:00,38.441040333333326
1782170210,2026-06-22T16:16:50-07:00,38.441040333333326
1782170270,2026-06-22T16:17:50-07:00,38.441040333333326
1782170330,2026-06-22T16:18:50-07:00,38.441040333333326
1782171050,2026-06-22T16:30:50-07:00,63.586412333333335
1782171110,2026-06-22T16:31:50-07:00,63.586412333333335
1782171170,2026-06-22T16:32:50-07:00,63.586412333333335
1782171230,2026-06-22T16:33:50-07:00,63.586412333333335
1782171290,2026-06-22T16:34:50-07:00,63.586412333333335
1782171410,2026-06-22T16:36:50-07:00,34.671054500000004
1782171470,2026-06-22T16:37:50-07:00,34.671054500000004
1782171530,2026-06-22T16:38:50-07:00,34.671054500000004
1782171590,2026-06-22T16:39:50-07:00,34.671054500000004
1782171650,2026-06-22T16:40:50-07:00,34.671054500000004
1782172010,2026-06-22T16:46:50-07:00,39.95104333333334
1782172070,2026-06-22T16:47:50-07:00,39.95104333333334
1782172130,2026-06-22T16:48:50-07:00,39.95104333333334
1782172190,2026-06-22T16:49:50-07:00,39.95104333333334
1782172250,2026-06-22T16:50:50-07:00,39.95104333333334
1782172310,2026-06-22T16:51:50-07:00,104.77236616666669
1782172370,2026-06-22T16:52:50-07:00,104.77236616666669
1782172430,2026-06-22T16:53:50-07:00,104.77236616666669
1782172490,2026-06-22T16:54:50-07:00,104.77236616666669
1782172550,2026-06-22T16:55:50-07:00,104.77236616666669
1782172670,2026-06-22T16:57:50-07:00,75.58985066666666
1782172730,2026-06-22T16:58:50-07:00,75.58985066666666
1782172790,2026-06-22T16:59:50-07:00,75.58985066666666
1782172850,2026-06-22T17:00:50-07:00,75.58985066666666
1782172910,2026-06-22T17:01:50-07:00,75.58985066666666
1782172970,2026-06-22T17:02:50-07:00,39.75821283333333
1782173030,2026-06-22T17:03:50-07:00,39.75821283333333
1782173090,2026-06-22T17:04:50-07:00,39.75821283333333
1782173150,2026-06-22T17:05:50-07:00,39.75821283333333
1782173210,2026-06-22T17:06:50-07:00,39.75821283333333
1782174350,2026-06-22T17:25:50-07:00,70.74562583333334
1782174410,2026-06-22T17:26:50-07:00,70.74562583333334
1782174470,2026-06-22T17:27:50-07:00,70.74562583333334
1782174530,2026-06-22T17:28:50-07:00,70.74562583333334
1782174590,2026-06-22T17:29:50-07:00,70.74562583333334
1782174650,2026-06-22T17:30:50-07:00,40.296068166666664
1782174710,2026-06-22T17:31:50-07:00,40.296068166666664
1782174770,2026-06-22T17:32:50-07:00,40.296068166666664
1782174830,2026-06-22T17:33:50-07:00,40.296068166666664
1782174890,2026-06-22T17:34:50-07:00,40.296068166666664
1782175310,2026-06-22T17:41:50-07:00,35.397603333333336
1782175370,2026-06-22T17:42:50-07:00,35.397603333333336
1782175430,2026-06-22T17:43:50-07:00,35.397603333333336
1782175490,2026-06-22T17:44:50-07:00,35.397603333333336
1782175550,2026-06-22T17:45:50-07:00,35.397603333333336
1782175610,2026-06-22T17:46:50-07:00,36.8656345
1782175670,2026-06-22T17:47:50-07:00,36.8656345
1782175730,2026-06-22T17:48:50-07:00,36.8656345
1782175790,2026-06-22T17:49:50-07:00,36.8656345
1782175850,2026-06-22T17:50:50-07:00,36.8656345
1782175970,2026-06-22T17:52:50-07:00,47.503424833333334
1782176030,2026-06-22T17:53:50-07:00,47.503424833333334
1782176090,2026-06-22T17:54:50-07:00,47.503424833333334
1782176150,2026-06-22T17:55:50-07:00,47.503424833333334
1782176210,2026-06-22T17:56:50-07:00,47.503424833333334
1782176330,2026-06-22T17:58:50-07:00,51.452440333333335
1782176390,2026-06-22T17:59:50-07:00,51.452440333333335
1782176450,2026-06-22T18:00:50-07:00,51.452440333333335
1782176510,2026-06-22T18:01:50-07:00,51.452440333333335
1782176570,2026-06-22T18:02:50-07:00,51.452440333333335
1782176990,2026-06-22T18:09:50-07:00,150.57808433333332
1782177050,2026-06-22T18:10:50-07:00,150.57808433333332
1782177110,2026-06-22T18:11:50-07:00,150.57808433333332
1782177170,2026-06-22T18:12:50-07:00,150.57808433333332
1782177230,2026-06-22T18:13:50-07:00,150.57808433333332
1782177410,2026-06-22T18:16:50-07:00,66.8696695
1782177470,2026-06-22T18:17:50-07:00,66.8696695
1782177530,2026-06-22T18:18:50-07:00,66.8696695
1782177590,2026-06-22T18:19:50-07:00,66.8696695
1782177650,2026-06-22T18:20:50-07:00,66.8696695
1782177710,2026-06-22T18:21:50-07:00,67.25931800000001
1782177770,2026-06-22T18:22:50-07:00,67.25931800000001
1782177830,2026-06-22T18:23:50-07:00,67.25931800000001
1782177890,2026-06-22T18:24:50-07:00,67.25931800000001
1782177950,2026-06-22T18:25:50-07:00,67.25931800000001
1782178070,2026-06-22T18:27:50-07:00,38.44635699999999
1782178130,2026-06-22T18:28:50-07:00,38.44635699999999
1782178190,2026-06-22T18:29:50-07:00,38.44635699999999
1782178250,2026-06-22T18:30:50-07:00,38.44635699999999
1782178310,2026-06-22T18:31:50-07:00,38.44635699999999
1782178430,2026-06-22T18:33:50-07:00,37.27705216666667
1782178490,2026-06-22T18:34:50-07:00,37.27705216666667
1782178550,2026-06-22T18:35:50-07:00,37.27705216666667
1782178610,2026-06-22T18:36:50-07:00,37.27705216666667
1782178670,2026-06-22T18:37:50-07:00,37.27705216666667
1782178790,2026-06-22T18:39:50-07:00,38.643853
1782178850,2026-06-22T18:40:50-07:00,38.643853
1782178910,2026-06-22T18:41:50-07:00,38.643853
1782178970,2026-06-22T18:42:50-07:00,38.643853
1782179030,2026-06-22T18:43:50-07:00,38.643853
1782179090,2026-06-22T18:44:50-07:00,69.7841185
1782179150,2026-06-22T18:45:50-07:00,69.7841185
1782179210,2026-06-22T18:46:50-07:00,69.7841185
1782179270,2026-06-22T18:47:50-07:00,69.7841185
1782179330,2026-06-22T18:48:50-07:00,69.7841185
1782179390,2026-06-22T18:49:50-07:00,66.46409783333333
1782179450,2026-06-22T18:50:50-07:00,66.46409783333333
1782179510,2026-06-22T18:51:50-07:00,66.46409783333333
1782179570,2026-06-22T18:52:50-07:00,66.46409783333333
1782179630,2026-06-22T18:53:50-07:00,66.46409783333333
1782179690,2026-06-22T18:54:50-07:00,39.3200955
1782179750,2026-06-22T18:55:50-07:00,39.3200955
1782179810,2026-06-22T18:56:50-07:00,39.3200955
1782179870,2026-06-22T18:57:50-07:00,39.3200955
1782179930,2026-06-22T18:58:50-07:00,39.3200955
1782179990,2026-06-22T18:59:50-07:00,39.45511883333334
1782180050,2026-06-22T19:00:50-07:00,39.45511883333334
1782180110,2026-06-22T19:01:50-07:00,39.45511883333334
1782180170,2026-06-22T19:02:50-07:00,39.45511883333334
1782180230,2026-06-22T19:03:50-07:00,39.45511883333334
1782180350,2026-06-22T19:05:50-07:00,34.76089816666667
1782180410,2026-06-22T19:06:50-07:00,34.76089816666667
1782180470,2026-06-22T19:07:50-07:00,34.76089816666667
1782180530,2026-06-22T19:08:50-07:00,34.76089816666667
1782180590,2026-06-22T19:09:50-07:00,34.76089816666667
1782181010,2026-06-22T19:16:50-07:00,38.856513
1782181070,2026-06-22T19:17:50-07:00,38.856513
1782181130,2026-06-22T19:18:50-07:00,38.856513
1782181190,2026-06-22T19:19:50-07:00,38.856513
1782181250,2026-06-22T19:20:50-07:00,38.856513
1782181610,2026-06-22T19:26:50-07:00,41.07185166666667
1782181670,2026-06-22T19:27:50-07:00,41.07185166666667
1782181730,2026-06-22T19:28:50-07:00,41.07185166666667
1782181790,2026-06-22T19:29:50-07:00,41.07185166666667
1782181850,2026-06-22T19:30:50-07:00,41.07185166666667
1782181970,2026-06-22T19:32:50-07:00,68.78346783333333
1782182030,2026-06-22T19:33:50-07:00,68.78346783333333
1782182090,2026-06-22T19:34:50-07:00,68.78346783333333
1782182150,2026-06-22T19:35:50-07:00,68.78346783333333
1782182210,2026-06-22T19:36:50-07:00,68.78346783333333
1782182270,2026-06-22T19:37:50-07:00,41.02338316666666
1782182330,2026-06-22T19:38:50-07:00,41.02338316666666
1782182390,2026-06-22T19:39:50-07:00,41.02338316666666
1782182450,2026-06-22T19:40:50-07:00,41.02338316666666
1782182510,2026-06-22T19:41:50-07:00,41.02338316666666
1782182630,2026-06-22T19:43:50-07:00,64.67544916666667
1782182690,2026-06-22T19:44:50-07:00,64.67544916666667
1782182750,2026-06-22T19:45:50-07:00,64.67544916666667
1782182810,2026-06-22T19:46:50-07:00,64.67544916666667
1782182870,2026-06-22T19:47:50-07:00,64.67544916666667
1782182930,2026-06-22T19:48:50-07:00,38.6645305
1782182990,2026-06-22T19:49:50-07:00,38.6645305
1782183050,2026-06-22T19:50:50-07:00,38.6645305
1782183110,2026-06-22T19:51:50-07:00,38.6645305
1782183170,2026-06-22T19:52:50-07:00,38.6645305
1782183230,2026-06-22T19:53:50-07:00,38.078905
1782183290,2026-06-22T19:54:50-07:00,38.078905
1782183350,2026-06-22T19:55:50-07:00,38.078905
1782183410,2026-06-22T19:56:50-07:00,38.078905
1782183470,2026-06-22T19:57:50-07:00,38.078905
1782183590,2026-06-22T19:59:50-07:00,44.607028500000006
1782183650,2026-06-22T20:00:50-07:00,44.607028500000006
1782183710,2026-06-22T20:01:50-07:00,44.607028500000006
1782183770,2026-06-22T20:02:50-07:00,44.607028500000006
1782183830,2026-06-22T20:03:50-07:00,44.607028500000006
1782183890,2026-06-22T20:04:50-07:00,41.27267783333333
1782183950,2026-06-22T20:05:50-07:00,41.27267783333333
1782184010,2026-06-22T20:06:50-07:00,41.27267783333333
1782184070,2026-06-22T20:07:50-07:00,41.27267783333333
1782184130,2026-06-22T20:08:50-07:00,41.27267783333333
1782184190,2026-06-22T20:09:50-07:00,37.92958566666667
1782184250,2026-06-22T20:10:50-07:00,37.92958566666667
1782184310,2026-06-22T20:11:50-07:00,37.92958566666667
1782184370,2026-06-22T20:12:50-07:00,37.92958566666667
1782184430,2026-06-22T20:13:50-07:00,37.92958566666667
1782184550,2026-06-22T20:15:50-07:00,68.09766983333333
1782184610,2026-06-22T20:16:50-07:00,68.09766983333333
1782184670,2026-06-22T20:17:50-07:00,68.09766983333333
1782184730,2026-06-22T20:18:50-07:00,68.09766983333333
1782184790,2026-06-22T20:19:50-07:00,68.09766983333333
1782184850,2026-06-22T20:20:50-07:00,72.05315483333334
1782184910,2026-06-22T20:21:50-07:00,72.05315483333334
1782184970,2026-06-22T20:22:50-07:00,72.05315483333334
1782185030,2026-06-22T20:23:50-07:00,72.05315483333334
1782185090,2026-06-22T20:24:50-07:00,72.05315483333334
1782185150,2026-06-22T20:25:50-07:00,71.4699165
1782185210,2026-06-22T20:26:50-07:00,71.4699165
1782185270,2026-06-22T20:27:50-07:00,71.4699165
1782185330,2026-06-22T20:28:50-07:00,71.4699165
1782185390,2026-06-22T20:29:50-07:00,71.4699165
1782185510,2026-06-22T20:31:50-07:00,36.93599433333333
1782185570,2026-06-22T20:32:50-07:00,36.93599433333333
1782185630,2026-06-22T20:33:50-07:00,36.93599433333333
1782185690,2026-06-22T20:34:50-07:00,36.93599433333333
1782185750,2026-06-22T20:35:50-07:00,36.93599433333333
1782185810,2026-06-22T20:36:50-07:00,70.66040033333333
1782185870,2026-06-22T20:37:50-07:00,70.66040033333333
1782185930,2026-06-22T20:38:50-07:00,70.66040033333333
1782185990,2026-06-22T20:39:50-07:00,70.66040033333333
1782186050,2026-06-22T20:40:50-07:00,70.66040033333333
1782186170,2026-06-22T20:42:50-07:00,40.081129
1782186230,2026-06-22T20:43:50-07:00,40.081129
1782186290,2026-06-22T20:44:50-07:00,40.081129
1782186350,2026-06-22T20:45:50-07:00,40.081129
1782186410,2026-06-22T20:46:50-07:00,40.081129
1782186470,2026-06-22T20:47:50-07:00,36.93089466666667
1782186530,2026-06-22T20:48:50-07:00,36.93089466666667
1782186590,2026-06-22T20:49:50-07:00,36.93089466666667
1782186650,2026-06-22T20:50:50-07:00,36.93089466666667
1782186710,2026-06-22T20:51:50-07:00,36.93089466666667
1782186770,2026-06-22T20:52:50-07:00,64.68119966666666
1782186830,2026-06-22T20:53:50-07:00,64.68119966666666
1782186890,2026-06-22T20:54:50-07:00,64.68119966666666
1782186950,2026-06-22T20:55:50-07:00,64.68119966666666
1782187010,2026-06-22T20:56:50-07:00,64.68119966666666
1782187070,2026-06-22T20:57:50-07:00,91.90656883333332
1782187130,2026-06-22T20:58:50-07:00,91.90656883333332
1782187190,2026-06-22T20:59:50-07:00,91.90656883333332
1782187250,2026-06-22T21:00:50-07:00,91.90656883333332
1782187310,2026-06-22T21:01:50-07:00,91.90656883333332
1782187370,2026-06-22T21:02:50-07:00,48.137268000000006
1782187430,2026-06-22T21:03:50-07:00,48.137268000000006
1782187490,2026-06-22T21:04:50-07:00,48.137268000000006
1782187550,2026-06-22T21:05:50-07:00,48.137268000000006
1782187610,2026-06-22T21:06:50-07:00,48.137268000000006
1782187670,2026-06-22T21:07:50-07:00,67.2291055
1782187730,2026-06-22T21:08:50-07:00,67.2291055
1782187790,2026-06-22T21:09:50-07:00,67.2291055
1782187850,2026-06-22T21:10:50-07:00,67.2291055
1782187910,2026-06-22T21:11:50-07:00,67.2291055
1782187970,2026-06-22T21:12:50-07:00,67.8852405
1782188030,2026-06-22T21:13:50-07:00,67.8852405
1782188090,2026-06-22T21:14:50-07:00,67.8852405
1782188150,2026-06-22T21:15:50-07:00,67.8852405
1782188210,2026-06-22T21:16:50-07:00,67.8852405
1782188270,2026-06-22T21:17:50-07:00,35.31535516666667
1782188330,2026-06-22T21:18:50-07:00,35.31535516666667
1782188390,2026-06-22T21:19:50-07:00,35.31535516666667
1782188450,2026-06-22T21:20:50-07:00,35.31535516666667
1782188510,2026-06-22T21:21:50-07:00,35.31535516666667
1782188570,2026-06-22T21:22:50-07:00,69.92588966666666
1782188630,2026-06-22T21:23:50-07:00,69.92588966666666
1782188690,2026-06-22T21:24:50-07:00,69.92588966666666
1782188750,2026-06-22T21:25:50-07:00,69.92588966666666
1782188810,2026-06-22T21:26:50-07:00,69.92588966666666
1782188870,2026-06-22T21:27:50-07:00,53.89084183333333
1782188930,2026-06-22T21:28:50-07:00,53.89084183333333
1782188990,2026-06-22T21:29:50-07:00,53.89084183333333
1782189050,2026-06-22T21:30:50-07:00,53.89084183333333
1782189110,2026-06-22T21:31:50-07:00,53.89084183333333
1782189170,2026-06-22T21:32:50-07:00,41.778340666666665
1782189230,2026-06-22T21:33:50-07:00,41.778340666666665
1782189290,2026-06-22T21:34:50-07:00,41.778340666666665
1782189350,2026-06-22T21:35:50-07:00,41.778340666666665
1782189410,2026-06-22T21:36:50-07:00,41.778340666666665
1782189470,2026-06-22T21:37:50-07:00,57.05316183333333
1782189530,2026-06-22T21:38:50-07:00,57.05316183333333
1782189590,2026-06-22T21:39:50-07:00,57.05316183333333
1782189650,2026-06-22T21:40:50-07:00,57.05316183333333
1782189710,2026-06-22T21:41:50-07:00,57.05316183333333
1782189830,2026-06-22T21:43:50-07:00,68.6301065
1782189890,2026-06-22T21:44:50-07:00,68.6301065
1782189950,2026-06-22T21:45:50-07:00,68.6301065
1782190010,2026-06-22T21:46:50-07:00,68.6301065
1782190070,2026-06-22T21:47:50-07:00,68.6301065
1782190130,2026-06-22T21:48:50-07:00,34.8934865
1782190190,2026-06-22T21:49:50-07:00,34.8934865
1782190250,2026-06-22T21:50:50-07:00,34.8934865
1782190310,2026-06-22T21:51:50-07:00,34.8934865
1782190370,2026-06-22T21:52:50-07:00,34.8934865
1782190430,2026-06-22T21:53:50-07:00,70.53982849999998
1782190490,2026-06-22T21:54:50-07:00,70.53982849999998
1782190550,2026-06-22T21:55:50-07:00,70.53982849999998
1782190610,2026-06-22T21:56:50-07:00,70.53982849999998
1782190670,2026-06-22T21:57:50-07:00,70.53982849999998
1782190730,2026-06-22T21:58:50-07:00,72.15325933333334
1782190790,2026-06-22T21:59:50-07:00,72.15325933333334
1782190850,2026-06-22T22:00:50-07:00,72.15325933333334
1782190910,2026-06-22T22:01:50-07:00,72.15325933333334
1782190970,2026-06-22T22:02:50-07:00,72.15325933333334
1782191030,2026-06-22T22:03:50-07:00,42.55465366666667
1782191090,2026-06-22T22:04:50-07:00,42.55465366666667
1782191150,2026-06-22T22:05:50-07:00,42.55465366666667
1782191210,2026-06-22T22:06:50-07:00,42.55465366666667
1782191270,2026-06-22T22:07:50-07:00,42.55465366666667
1782191330,2026-06-22T22:08:50-07:00,65.44061966666666
1782191390,2026-06-22T22:09:50-07:00,65.44061966666666
1782191450,2026-06-22T22:10:50-07:00,65.44061966666666
1782191510,2026-06-22T22:11:50-07:00,65.44061966666666
1782191570,2026-06-22T22:12:50-07:00,65.44061966666666
1782191690,2026-06-22T22:14:50-07:00,87.46266683333333
1782191750,2026-06-22T22:15:50-07:00,87.46266683333333
1782191810,2026-06-22T22:16:50-07:00,87.46266683333333
1782191870,2026-06-22T22:17:50-07:00,87.46266683333333
1782191930,2026-06-22T22:18:50-07:00,87.46266683333333
1782191990,2026-06-22T22:19:50-07:00,58.860832833333326
1782192050,2026-06-22T22:20:50-07:00,58.860832833333326
1782192110,2026-06-22T22:21:50-07:00,58.860832833333326
1782192170,2026-06-22T22:22:50-07:00,58.860832833333326
1782192230,2026-06-22T22:23:50-07:00,58.860832833333326
1782192290,2026-06-22T22:24:50-07:00,37.62487133333334
1782192350,2026-06-22T22:25:50-07:00,37.62487133333334
1782192410,2026-06-22T22:26:50-07:00,37.62487133333334
1782192470,2026-06-22T22:27:50-07:00,37.62487133333334
1782192530,2026-06-22T22:28:50-07:00,37.62487133333334
1782192590,2026-06-22T22:29:50-07:00,62.14800366666666
1782192650,2026-06-22T22:30:50-07:00,62.14800366666666
1782192710,2026-06-22T22:31:50-07:00,62.14800366666666
1782192770,2026-06-22T22:32:50-07:00,62.14800366666666
1782192830,2026-06-22T22:33:50-07:00,62.14800366666666
1782192950,2026-06-22T22:35:50-07:00,37.90279783333333
1782193010,2026-06-22T22:36:50-07:00,37.90279783333333
1782193070,2026-06-22T22:37:50-07:00,37.90279783333333
1782193130,2026-06-22T22:38:50-07:00,37.90279783333333
1782193190,2026-06-22T22:39:50-07:00,37.90279783333333
1782193310,2026-06-22T22:41:50-07:00,37.93270566666666
1782193370,2026-06-22T22:42:50-07:00,37.93270566666666
1782193430,2026-06-22T22:43:50-07:00,37.93270566666666
1782193490,2026-06-22T22:44:50-07:00,37.93270566666666
1782193550,2026-06-22T22:45:50-07:00,37.93270566666666
1782193610,2026-06-22T22:46:50-07:00,65.41738533333334
1782193670,2026-06-22T22:47:50-07:00,65.41738533333334
1782193730,2026-06-22T22:48:50-07:00,65.41738533333334
1782193790,2026-06-22T22:49:50-07:00,65.41738533333334
1782193850,2026-06-22T22:50:50-07:00,65.41738533333334
1782193970,2026-06-22T22:52:50-07:00,41.473768666666665
1782194030,2026-06-22T22:53:50-07:00,41.473768666666665
1782194090,2026-06-22T22:54:50-07:00,41.473768666666665
1782194150,2026-06-22T22:55:50-07:00,41.473768666666665
1782194210,2026-06-22T22:56:50-07:00,41.473768666666665
1782194270,2026-06-22T22:57:50-07:00,69.451701
1782194330,2026-06-22T22:58:50-07:00,69.451701
1782194390,2026-06-22T22:59:50-07:00,69.451701
1782194450,2026-06-22T23:00:50-07:00,69.451701
1782194510,2026-06-22T23:01:50-07:00,69.451701
1782194570,2026-06-22T23:02:50-07:00,37.6394925
1782194630,2026-06-22T23:03:50-07:00,37.6394925
1782194690,2026-06-22T23:04:50-07:00,37.6394925
1782194750,2026-06-22T23:05:50-07:00,37.6394925
1782194810,2026-06-22T23:06:50-07:00,37.6394925
1782194870,2026-06-22T23:07:50-07:00,68.26123716666667
1782194930,2026-06-22T23:08:50-07:00,68.26123716666667
1782194990,2026-06-22T23:09:50-07:00,68.26123716666667
1782195050,2026-06-22T23:10:50-07:00,68.26123716666667
1782195110,2026-06-22T23:11:50-07:00,68.26123716666667
1782195230,2026-06-22T23:13:50-07:00,70.94137249999999
1782195290,2026-06-22T23:14:50-07:00,70.94137249999999
1782195350,2026-06-22T23:15:50-07:00,70.94137249999999
1782195410,2026-06-22T23:16:50-07:00,70.94137249999999
1782195470,2026-06-22T23:17:50-07:00,70.94137249999999
1782195530,2026-06-22T23:18:50-07:00,36.849955
1782195590,2026-06-22T23:19:50-07:00,36.849955
1782195650,2026-06-22T23:20:50-07:00,36.849955
1782195710,2026-06-22T23:21:50-07:00,36.849955
1782195770,2026-06-22T23:22:50-07:00,36.849955
1782195830,2026-06-22T23:23:50-07:00,59.51398383333333
1782195890,2026-06-22T23:24:50-07:00,59.51398383333333
1782195950,2026-06-22T23:25:50-07:00,59.51398383333333
1782196010,2026-06-22T23:26:50-07:00,59.51398383333333
1782196070,2026-06-22T23:27:50-07:00,59.51398383333333
1782196130,2026-06-22T23:28:50-07:00,37.62645816666667
1782196190,2026-06-22T23:29:50-07:00,37.62645816666667
1782196250,2026-06-22T23:30:50-07:00,37.62645816666667
1782196310,2026-06-22T23:31:50-07:00,37.62645816666667
1782196370,2026-06-22T23:32:50-07:00,37.62645816666667
1782196430,2026-06-22T23:33:50-07:00,68.27912033333334
1782196490,2026-06-22T23:34:50-07:00,68.27912033333334
1782196550,2026-06-22T23:35:50-07:00,68.27912033333334
1782196610,2026-06-22T23:36:50-07:00,68.27912033333334
1782196670,2026-06-22T23:37:50-07:00,68.27912033333334
1782196790,2026-06-22T23:39:50-07:00,35.634786166666665
1782196850,2026-06-22T23:40:50-07:00,35.634786166666665
1782196910,2026-06-22T23:41:50-07:00,35.634786166666665
1782196970,2026-06-22T23:42:50-07:00,35.634786166666665
1782197030,2026-06-22T23:43:50-07:00,35.634786166666665
1782197150,2026-06-22T23:45:50-07:00,35.74968116666667
1782197210,2026-06-22T23:46:50-07:00,35.74968116666667
1782197270,2026-06-22T23:47:50-07:00,35.74968116666667
1782197330,2026-06-22T23:48:50-07:00,35.74968116666667
1782197390,2026-06-22T23:49:50-07:00,35.74968116666667
1782197510,2026-06-22T23:51:50-07:00,40.74091933333333
1782197570,2026-06-22T23:52:50-07:00,40.74091933333333
1782197630,2026-06-22T23:53:50-07:00,40.74091933333333
1782197690,2026-06-22T23:54:50-07:00,40.74091933333333
1782197750,2026-06-22T23:55:50-07:00,40.74091933333333
1782197810,2026-06-22T23:56:50-07:00,51.339084500000006
1782197870,2026-06-22T23:57:50-07:00,51.339084500000006
1782197930,2026-06-22T23:58:50-07:00,51.339084500000006
1782197990,2026-06-22T23:59:50-07:00,51.339084500000006
1782198050,2026-06-23T00:00:50-07:00,51.339084500000006
1782198110,2026-06-23T00:01:50-07:00,72.78085666666668
1782198170,2026-06-23T00:02:50-07:00,72.78085666666668
1782198230,2026-06-23T00:03:50-07:00,72.78085666666668
1782198290,2026-06-23T00:04:50-07:00,72.78085666666668
1782198350,2026-06-23T00:05:50-07:00,72.78085666666668
1782198410,2026-06-23T00:06:50-07:00,71.1752595
1782198470,2026-06-23T00:07:50-07:00,71.1752595
1782198530,2026-06-23T00:08:50-07:00,71.1752595
1782198590,2026-06-23T00:09:50-07:00,71.1752595
1782198650,2026-06-23T00:10:50-07:00,71.1752595
1782198770,2026-06-23T00:12:50-07:00,40.6833835
1782198830,2026-06-23T00:13:50-07:00,40.6833835
1782198890,2026-06-23T00:14:50-07:00,40.6833835
1782198950,2026-06-23T00:15:50-07:00,40.6833835
1782199010,2026-06-23T00:16:50-07:00,40.6833835
1782199070,2026-06-23T00:17:50-07:00,36.513549833333336
1782199130,2026-06-23T00:18:50-07:00,36.513549833333336
1782199190,2026-06-23T00:19:50-07:00,36.513549833333336
1782199250,2026-06-23T00:20:50-07:00,36.513549833333336
1782199310,2026-06-23T00:21:50-07:00,36.513549833333336
1782199430,2026-06-23T00:23:50-07:00,51.31437183333333
1782199490,2026-06-23T00:24:50-07:00,51.31437183333333
1782199550,2026-06-23T00:25:50-07:00,51.31437183333333
1782199610,2026-06-23T00:26:50-07:00,51.31437183333333
1782199670,2026-06-23T00:27:50-07:00,51.31437183333333
1782199730,2026-06-23T00:28:50-07:00,65.21861433333332
1782199790,2026-06-23T00:29:50-07:00,65.21861433333332
1782199850,2026-06-23T00:30:50-07:00,65.21861433333332
1782199910,2026-06-23T00:31:50-07:00,65.21861433333332
1782199970,2026-06-23T00:32:50-07:00,65.21861433333332
1782200030,2026-06-23T00:33:50-07:00,126.81602683333331
1782200090,2026-06-23T00:34:50-07:00,126.81602683333331
1782200150,2026-06-23T00:35:50-07:00,126.81602683333331
1782200210,2026-06-23T00:36:50-07:00,126.81602683333331
1782200270,2026-06-23T00:37:50-07:00,126.81602683333331
1782200330,2026-06-23T00:38:50-07:00,68.82697216666668
1782200390,2026-06-23T00:39:50-07:00,68.82697216666668
1782200450,2026-06-23T00:40:50-07:00,68.82697216666668
1782200510,2026-06-23T00:41:50-07:00,68.82697216666668
1782200570,2026-06-23T00:42:50-07:00,68.82697216666668
1782200750,2026-06-23T00:45:50-07:00,38.13485383333333
1782200810,2026-06-23T00:46:50-07:00,38.13485383333333
1782200870,2026-06-23T00:47:50-07:00,38.13485383333333
1782200930,2026-06-23T00:48:50-07:00,38.13485383333333
1782200990,2026-06-23T00:49:50-07:00,38.13485383333333
1782201110,2026-06-23T00:51:50-07:00,42.96352833333333
1782201170,2026-06-23T00:52:50-07:00,42.96352833333333
1782201230,2026-06-23T00:53:50-07:00,42.96352833333333
1782201290,2026-06-23T00:54:50-07:00,42.96352833333333
1782201350,2026-06-23T00:55:50-07:00,42.96352833333333
1782201410,2026-06-23T00:56:50-07:00,66.03881183333333
1782201470,2026-06-23T00:57:50-07:00,66.03881183333333
1782201530,2026-06-23T00:58:50-07:00,66.03881183333333
1782201590,2026-06-23T00:59:50-07:00,66.03881183333333
1782201650,2026-06-23T01:00:50-07:00,66.03881183333333
1782201710,2026-06-23T01:01:50-07:00,52.41803649999999
1782201770,2026-06-23T01:02:50-07:00,52.41803649999999
1782201830,2026-06-23T01:03:50-07:00,52.41803649999999
1782201890,2026-06-23T01:04:50-07:00,52.41803649999999
1782201950,2026-06-23T01:05:50-07:00,52.41803649999999
1782202010,2026-06-23T01:06:50-07:00,65.00472716666667
1782202070,2026-06-23T01:07:50-07:00,65.00472716666667
1782202130,2026-06-23T01:08:50-07:00,65.00472716666667
1782202190,2026-06-23T01:09:50-07:00,65.00472716666667
1782202250,2026-06-23T01:10:50-07:00,65.00472716666667
1782202310,2026-06-23T01:11:50-07:00,70.53656683333334
1782202370,2026-06-23T01:12:50-07:00,70.53656683333334
1782202430,2026-06-23T01:13:50-07:00,70.53656683333334
1782202490,2026-06-23T01:14:50-07:00,70.53656683333334
1782202550,2026-06-23T01:15:50-07:00,70.53656683333334
1782202670,2026-06-23T01:17:50-07:00,36.2280475
1782202730,2026-06-23T01:18:50-07:00,36.2280475
1782202790,2026-06-23T01:19:50-07:00,36.2280475
1782202850,2026-06-23T01:20:50-07:00,36.2280475
1782202910,2026-06-23T01:21:50-07:00,36.2280475
1782202970,2026-06-23T01:22:50-07:00,36.74584966666667
1782203030,2026-06-23T01:23:50-07:00,36.74584966666667
1782203090,2026-06-23T01:24:50-07:00,36.74584966666667
1782203150,2026-06-23T01:25:50-07:00,36.74584966666667
1782203210,2026-06-23T01:26:50-07:00,36.74584966666667
1782203330,2026-06-23T01:28:50-07:00,36.03369183333333
1782203390,2026-06-23T01:29:50-07:00,36.03369183333333
1782203450,2026-06-23T01:30:50-07:00,36.03369183333333
1782203510,2026-06-23T01:31:50-07:00,36.03369183333333
1782203570,2026-06-23T01:32:50-07:00,36.03369183333333
1782203630,2026-06-23T01:33:50-07:00,68.39098433333335
1782203690,2026-06-23T01:34:50-07:00,68.39098433333335
1782203750,2026-06-23T01:35:50-07:00,68.39098433333335
1782203810,2026-06-23T01:36:50-07:00,68.39098433333335
1782203870,2026-06-23T01:37:50-07:00,68.39098433333335
1782203990,2026-06-23T01:39:50-07:00,39.14124866666666
1782204050,2026-06-23T01:40:50-07:00,39.14124866666666
1782204110,2026-06-23T01:41:50-07:00,39.14124866666666
1782204170,2026-06-23T01:42:50-07:00,39.14124866666666
1782204230,2026-06-23T01:43:50-07:00,39.14124866666666
1782204290,2026-06-23T01:44:50-07:00,65.16911483333332
1782204350,2026-06-23T01:45:50-07:00,65.16911483333332
1782204410,2026-06-23T01:46:50-07:00,65.16911483333332
1782204470,2026-06-23T01:47:50-07:00,65.16911483333332
1782204530,2026-06-23T01:48:50-07:00,65.16911483333332
1782204650,2026-06-23T01:50:50-07:00,54.086439500000004
1782204710,2026-06-23T01:51:50-07:00,54.086439500000004
1782204770,2026-06-23T01:52:50-07:00,54.086439500000004
1782204830,2026-06-23T01:53:50-07:00,54.086439500000004
1782204890,2026-06-23T01:54:50-07:00,54.086439500000004
1782204950,2026-06-23T01:55:50-07:00,38.227911999999996
1782205010,2026-06-23T01:56:50-07:00,38.227911999999996
1782205070,2026-06-23T01:57:50-07:00,38.227911999999996
1782205130,2026-06-23T01:58:50-07:00,38.227911999999996
1782205190,2026-06-23T01:59:50-07:00,38.227911999999996
1782205250,2026-06-23T02:00:50-07:00,68.05276866666668
1782205310,2026-06-23T02:01:50-07:00,68.05276866666668
1782205370,2026-06-23T02:02:50-07:00,68.05276866666668
1782205430,2026-06-23T02:03:50-07:00,68.05276866666668
1782205490,2026-06-23T02:04:50-07:00,68.05276866666668
1782205610,2026-06-23T02:06:50-07:00,72.321974
1782205670,2026-06-23T02:07:50-07:00,72.321974
1782205730,2026-06-23T02:08:50-07:00,72.321974
1782205790,2026-06-23T02:09:50-07:00,72.321974
1782205850,2026-06-23T02:10:50-07:00,72.321974
1782205910,2026-06-23T02:11:50-07:00,66.12337233333332
1782205970,2026-06-23T02:12:50-07:00,66.12337233333332
1782206030,2026-06-23T02:13:50-07:00,66.12337233333332
1782206090,2026-06-23T02:14:50-07:00,66.12337233333332
1782206150,2026-06-23T02:15:50-07:00,66.12337233333332
1782206210,2026-06-23T02:16:50-07:00,62.082804333333335
1782206270,2026-06-23T02:17:50-07:00,62.082804333333335
1782206330,2026-06-23T02:18:50-07:00,62.082804333333335
1782206390,2026-06-23T02:19:50-07:00,62.082804333333335
1782206450,2026-06-23T02:20:50-07:00,62.082804333333335
1782206510,2026-06-23T02:21:50-07:00,68.10253916666667
1782206570,2026-06-23T02:22:50-07:00,68.10253916666667
1782206630,2026-06-23T02:23:50-07:00,68.10253916666667
1782206690,2026-06-23T02:24:50-07:00,68.10253916666667
1782206750,2026-06-23T02:25:50-07:00,68.10253916666667
1782206870,2026-06-23T02:27:50-07:00,38.6064795
1782206930,2026-06-23T02:28:50-07:00,38.6064795
1782206990,2026-06-23T02:29:50-07:00,38.6064795
1782207050,2026-06-23T02:30:50-07:00,38.6064795
1782207110,2026-06-23T02:31:50-07:00,38.6064795
1782207290,2026-06-23T02:34:50-07:00,45.803175166666655
1782207350,2026-06-23T02:35:50-07:00,45.803175166666655
1782207410,2026-06-23T02:36:50-07:00,45.803175166666655
1782207470,2026-06-23T02:37:50-07:00,45.803175166666655
1782207530,2026-06-23T02:38:50-07:00,45.803175166666655
1782207650,2026-06-23T02:40:50-07:00,36.12917766666666
1782207710,2026-06-23T02:41:50-07:00,36.12917766666666
1782207770,2026-06-23T02:42:50-07:00,36.12917766666666
1782207830,2026-06-23T02:43:50-07:00,36.12917766666666
1782207890,2026-06-23T02:44:50-07:00,36.12917766666666
1782208070,2026-06-23T02:47:50-07:00,38.58185483333333
1782208130,2026-06-23T02:48:50-07:00,38.58185483333333
1782208190,2026-06-23T02:49:50-07:00,38.58185483333333
1782208250,2026-06-23T02:50:50-07:00,38.58185483333333
1782208310,2026-06-23T02:51:50-07:00,38.58185483333333
1782208370,2026-06-23T02:52:50-07:00,37.8684695
1782208430,2026-06-23T02:53:50-07:00,37.8684695
1782208490,2026-06-23T02:54:50-07:00,37.8684695
1782208550,2026-06-23T02:55:50-07:00,37.8684695
1782208610,2026-06-23T02:56:50-07:00,37.8684695
1782208670,2026-06-23T02:57:50-07:00,36.5596855
1782208730,2026-06-23T02:58:50-07:00,36.5596855
1782208790,2026-06-23T02:59:50-07:00,36.5596855
1782208850,2026-06-23T03:00:50-07:00,36.5596855
1782208910,2026-06-23T03:01:50-07:00,36.5596855
1782209030,2026-06-23T03:03:50-07:00,65.5549655
1782209090,2026-06-23T03:04:50-07:00,65.5549655
1782209150,2026-06-23T03:05:50-07:00,65.5549655
1782209210,2026-06-23T03:06:50-07:00,65.5549655
1782209270,2026-06-23T03:07:50-07:00,65.5549655
1782209330,2026-06-23T03:08:50-07:00,65.98061133333333
1782209390,2026-06-23T03:09:50-07:00,65.98061133333333
1782209450,2026-06-23T03:10:50-07:00,65.98061133333333
1782209510,2026-06-23T03:11:50-07:00,65.98061133333333
1782209570,2026-06-23T03:12:50-07:00,65.98061133333333
1782209630,2026-06-23T03:13:50-07:00,70.40081099999999
1782209690,2026-06-23T03:14:50-07:00,70.40081099999999
1782209750,2026-06-23T03:15:50-07:00,70.40081099999999
1782209810,2026-06-23T03:16:50-07:00,70.40081099999999
1782209870,2026-06-23T03:17:50-07:00,70.40081099999999
1782209990,2026-06-23T03:19:50-07:00,85.40629733333334
1782210050,2026-06-23T03:20:50-07:00,85.40629733333334
1782210110,2026-06-23T03:21:50-07:00,85.40629733333334
1782210170,2026-06-23T03:22:50-07:00,85.40629733333334
1782210230,2026-06-23T03:23:50-07:00,85.40629733333334
1782210350,2026-06-23T03:25:50-07:00,37.45791983333333
1782210410,2026-06-23T03:26:50-07:00,37.45791983333333
1782210470,2026-06-23T03:27:50-07:00,37.45791983333333
1782210530,2026-06-23T03:28:50-07:00,37.45791983333333
1782210590,2026-06-23T03:29:50-07:00,37.45791983333333
1782210650,2026-06-23T03:30:50-07:00,72.80930583333334
1782210710,2026-06-23T03:31:50-07:00,72.80930583333334
1782210770,2026-06-23T03:32:50-07:00,72.80930583333334
1782210830,2026-06-23T03:33:50-07:00,72.80930583333334
1782210890,2026-06-23T03:34:50-07:00,72.80930583333334
1782210950,2026-06-23T03:35:50-07:00,67.621989
1782211010,2026-06-23T03:36:50-07:00,67.621989
1782211070,2026-06-23T03:37:50-07:00,67.621989
1782211130,2026-06-23T03:38:50-07:00,67.621989
1782211190,2026-06-23T03:39:50-07:00,67.621989
1782211310,2026-06-23T03:41:50-07:00,37.61361350000001
1782211370,2026-06-23T03:42:50-07:00,37.61361350000001
1782211430,2026-06-23T03:43:50-07:00,37.61361350000001
1782211490,2026-06-23T03:44:50-07:00,37.61361350000001
1782211550,2026-06-23T03:45:50-07:00,37.61361350000001
1782211610,2026-06-23T03:46:50-07:00,64.22096083333334
1782211670,2026-06-23T03:47:50-07:00,64.22096083333334
1782211730,2026-06-23T03:48:50-07:00,64.22096083333334
1782211790,2026-06-23T03:49:50-07:00,64.22096083333334
1782211850,2026-06-23T03:50:50-07:00,64.22096083333334
1782211910,2026-06-23T03:51:50-07:00,40.791531
1782211970,2026-06-23T03:52:50-07:00,40.791531
1782212030,2026-06-23T03:53:50-07:00,40.791531
1782212090,2026-06-23T03:54:50-07:00,40.791531
1782212150,2026-06-23T03:55:50-07:00,40.791531
1782212210,2026-06-23T03:56:50-07:00,70.19288466666667
1782212270,2026-06-23T03:57:50-07:00,70.19288466666667
1782212330,2026-06-23T03:58:50-07:00,70.19288466666667
1782212390,2026-06-23T03:59:50-07:00,70.19288466666667
1782212450,2026-06-23T04:00:50-07:00,70.19288466666667
1782212510,2026-06-23T04:01:50-07:00,35.151353666666665
1782212570,2026-06-23T04:02:50-07:00,35.151353666666665
1782212630,2026-06-23T04:03:50-07:00,35.151353666666665
1782212690,2026-06-23T04:04:50-07:00,35.151353666666665
1782212750,2026-06-23T04:05:50-07:00,35.151353666666665
1782212870,2026-06-23T04:07:50-07:00,37.745985
1782212930,2026-06-23T04:08:50-07:00,37.745985
1782212990,2026-06-23T04:09:50-07:00,37.745985
1782213050,2026-06-23T04:10:50-07:00,37.745985
1782213110,2026-06-23T04:11:50-07:00,37.745985
1782213230,2026-06-23T04:13:50-07:00,54.10679149999999
1782213290,2026-06-23T04:14:50-07:00,54.10679149999999
1782213350,2026-06-23T04:15:50-07:00,54.10679149999999
1782213410,2026-06-23T04:16:50-07:00,54.10679149999999
1782213470,2026-06-23T04:17:50-07:00,54.10679149999999
1782213530,2026-06-23T04:18:50-07:00,40.490247833333335
1782213590,2026-06-23T04:19:50-07:00,40.490247833333335
1782213650,2026-06-23T04:20:50-07:00,40.490247833333335
1782213710,2026-06-23T04:21:50-07:00,40.490247833333335
1782213770,2026-06-23T04:22:50-07:00,40.490247833333335
1782213830,2026-06-23T04:23:50-07:00,70.67964666666667
1782213890,2026-06-23T04:24:50-07:00,70.67964666666667
1782213950,2026-06-23T04:25:50-07:00,70.67964666666667
1782214010,2026-06-23T04:26:50-07:00,70.67964666666667
1782214070,2026-06-23T04:27:50-07:00,70.67964666666667
1782214190,2026-06-23T04:29:50-07:00,40.051419
1782214250,2026-06-23T04:30:50-07:00,40.051419
1782214310,2026-06-23T04:31:50-07:00,40.051419
1782214370,2026-06-23T04:32:50-07:00,40.051419
1782214430,2026-06-23T04:33:50-07:00,40.051419
1782214550,2026-06-23T04:35:50-07:00,36.3107505
1782214610,2026-06-23T04:36:50-07:00,36.3107505
1782214670,2026-06-23T04:37:50-07:00,36.3107505
1782214730,2026-06-23T04:38:50-07:00,36.3107505
1782214790,2026-06-23T04:39:50-07:00,36.3107505
1782214970,2026-06-23T04:42:50-07:00,37.832601000000004
1782215030,2026-06-23T04:43:50-07:00,37.832601000000004
1782215090,2026-06-23T04:44:50-07:00,37.832601000000004
1782215150,2026-06-23T04:45:50-07:00,37.832601000000004
1782215210,2026-06-23T04:46:50-07:00,37.832601000000004
1782215270,2026-06-23T04:47:50-07:00,35.730401
1782215330,2026-06-23T04:48:50-07:00,35.730401
1782215390,2026-06-23T04:49:50-07:00,35.730401
1782215450,2026-06-23T04:50:50-07:00,35.730401
1782215510,2026-06-23T04:51:50-07:00,35.730401
1782215630,2026-06-23T04:53:50-07:00,36.84792083333334
1782215690,2026-06-23T04:54:50-07:00,36.84792083333334
1782215750,2026-06-23T04:55:50-07:00,36.84792083333334
1782215810,2026-06-23T04:56:50-07:00,36.84792083333334
1782215870,2026-06-23T04:57:50-07:00,36.84792083333334
1782215990,2026-06-23T04:59:50-07:00,39.2109785
1782216050,2026-06-23T05:00:50-07:00,39.2109785
1782216110,2026-06-23T05:01:50-07:00,39.2109785
1782216170,2026-06-23T05:02:50-07:00,39.2109785
1782216230,2026-06-23T05:03:50-07:00,39.2109785
1782216350,2026-06-23T05:05:50-07:00,37.2158
1782216410,2026-06-23T05:06:50-07:00,37.2158
1782216470,2026-06-23T05:07:50-07:00,37.2158
1782216530,2026-06-23T05:08:50-07:00,37.2158
1782216590,2026-06-23T05:09:50-07:00,37.2158
1782216770,2026-06-23T05:12:50-07:00,36.0031465
1782216830,2026-06-23T05:13:50-07:00,36.0031465
1782216890,2026-06-23T05:14:50-07:00,36.0031465
1782216950,2026-06-23T05:15:50-07:00,36.0031465
1782217010,2026-06-23T05:16:50-07:00,36.0031465
1782217130,2026-06-23T05:18:50-07:00,64.26972783333332
1782217190,2026-06-23T05:19:50-07:00,64.26972783333332
1782217250,2026-06-23T05:20:50-07:00,64.26972783333332
1782217310,2026-06-23T05:21:50-07:00,64.26972783333332
1782217370,2026-06-23T05:22:50-07:00,64.26972783333332
1782217430,2026-06-23T05:23:50-07:00,70.85644533333333
1782217490,2026-06-23T05:24:50-07:00,70.85644533333333
1782217550,2026-06-23T05:25:50-07:00,70.85644533333333
1782217610,2026-06-23T05:26:50-07:00,70.85644533333333
1782217670,2026-06-23T05:27:50-07:00,70.85644533333333
1782217730,2026-06-23T05:28:50-07:00,38.6827865
1782217790,2026-06-23T05:29:50-07:00,38.6827865
1782217850,2026-06-23T05:30:50-07:00,38.6827865
1782217910,2026-06-23T05:31:50-07:00,38.6827865
1782217970,2026-06-23T05:32:50-07:00,38.6827865
1782218090,2026-06-23T05:34:50-07:00,34.216559666666676
1782218150,2026-06-23T05:35:50-07:00,34.216559666666676
1782218210,2026-06-23T05:36:50-07:00,34.216559666666676
1782218270,2026-06-23T05:37:50-07:00,34.216559666666676
1782218330,2026-06-23T05:38:50-07:00,34.216559666666676
1782218450,2026-06-23T05:40:50-07:00,37.03005649999999
1782218510,2026-06-23T05:41:50-07:00,37.03005649999999
1782218570,2026-06-23T05:42:50-07:00,37.03005649999999
1782218630,2026-06-23T05:43:50-07:00,37.03005649999999
1782218690,2026-06-23T05:44:50-07:00,37.03005649999999
1782218750,2026-06-23T05:45:50-07:00,36.95319966666666
1782218810,2026-06-23T05:46:50-07:00,36.95319966666666
1782218870,2026-06-23T05:47:50-07:00,36.95319966666666
1782218930,2026-06-23T05:48:50-07:00,36.95319966666666
1782218990,2026-06-23T05:49:50-07:00,36.95319966666666
1782219050,2026-06-23T05:50:50-07:00,36.700053000000004
1782219110,2026-06-23T05:51:50-07:00,36.700053000000004
1782219170,2026-06-23T05:52:50-07:00,36.700053000000004
1782219230,2026-06-23T05:53:50-07:00,36.700053000000004
1782219290,2026-06-23T05:54:50-07:00,36.700053000000004
1782219410,2026-06-23T05:56:50-07:00,38.68249533333334
1782219470,2026-06-23T05:57:50-07:00,38.68249533333334
1782219530,2026-06-23T05:58:50-07:00,38.68249533333334
1782219590,2026-06-23T05:59:50-07:00,38.68249533333334
1782219650,2026-06-23T06:00:50-07:00,38.68249533333334
1782219710,2026-06-23T06:01:50-07:00,156.23822033333332
1782219770,2026-06-23T06:02:50-07:00,156.23822033333332
1782219830,2026-06-23T06:03:50-07:00,156.23822033333332
1782219890,2026-06-23T06:04:50-07:00,156.23822033333332
1782219950,2026-06-23T06:05:50-07:00,156.23822033333332
1782220010,2026-06-23T06:06:50-07:00,36.411451666666665
1782220070,2026-06-23T06:07:50-07:00,36.411451666666665
1782220130,2026-06-23T06:08:50-07:00,36.411451666666665
1782220190,2026-06-23T06:09:50-07:00,36.411451666666665
1782220250,2026-06-23T06:10:50-07:00,36.411451666666665
1782220370,2026-06-23T06:12:50-07:00,36.0137465
1782220430,2026-06-23T06:13:50-07:00,36.0137465
1782220490,2026-06-23T06:14:50-07:00,36.0137465
1782220550,2026-06-23T06:15:50-07:00,36.0137465
1782220610,2026-06-23T06:16:50-07:00,36.0137465
1782220670,2026-06-23T06:17:50-07:00,89.53473566666666
1782220730,2026-06-23T06:18:50-07:00,89.53473566666666
1782220790,2026-06-23T06:19:50-07:00,89.53473566666666
1782220850,2026-06-23T06:20:50-07:00,89.53473566666666
1782220910,2026-06-23T06:21:50-07:00,89.53473566666666
1782220970,2026-06-23T06:22:50-07:00,142.28205033333333
1782221030,2026-06-23T06:23:50-07:00,142.28205033333333
1782221090,2026-06-23T06:24:50-07:00,142.28205033333333
1782221150,2026-06-23T06:25:50-07:00,142.28205033333333
1782221210,2026-06-23T06:26:50-07:00,142.28205033333333
1782221270,2026-06-23T06:27:50-07:00,36.08959983333333
1782221330,2026-06-23T06:28:50-07:00,36.08959983333333
1782221390,2026-06-23T06:29:50-07:00,36.08959983333333
1782221450,2026-06-23T06:30:50-07:00,36.08959983333333
1782221510,2026-06-23T06:31:50-07:00,36.08959983333333
1782222170,2026-06-23T06:42:50-07:00,132.7077705
1782222230,2026-06-23T06:43:50-07:00,132.7077705
1782222290,2026-06-23T06:44:50-07:00,132.7077705
1782222350,2026-06-23T06:45:50-07:00,132.7077705
1782222410,2026-06-23T06:46:50-07:00,132.7077705
1782222470,2026-06-23T06:47:50-07:00,35.18445516666667
1782222530,2026-06-23T06:48:50-07:00,35.18445516666667
1782222590,2026-06-23T06:49:50-07:00,35.18445516666667
1782222650,2026-06-23T06:50:50-07:00,35.18445516666667
1782222710,2026-06-23T06:51:50-07:00,35.18445516666667
1782222770,2026-06-23T06:52:50-07:00,37.205519
1782222830,2026-06-23T06:53:50-07:00,37.205519
1782222890,2026-06-23T06:54:50-07:00,37.205519
1782222950,2026-06-23T06:55:50-07:00,37.205519
1782223010,2026-06-23T06:56:50-07:00,37.205519
1782223130,2026-06-23T06:58:50-07:00,32.491115666666666
1782223190,2026-06-23T06:59:50-07:00,32.491115666666666
1782223250,2026-06-23T07:00:50-07:00,32.491115666666666
1782223310,2026-06-23T07:01:50-07:00,32.491115666666666
1782223370,2026-06-23T07:02:50-07:00,32.491115666666666
1782223430,2026-06-23T07:03:50-07:00,50.57750766666666
1782223490,2026-06-23T07:04:50-07:00,50.57750766666666
1782223550,2026-06-23T07:05:50-07:00,50.57750766666666
1782223610,2026-06-23T07:06:50-07:00,50.57750766666666
1782223670,2026-06-23T07:07:50-07:00,50.57750766666666
1782223730,2026-06-23T07:08:50-07:00,29.846076333333333
1782223790,2026-06-23T07:09:50-07:00,29.846076333333333
1782223850,2026-06-23T07:10:50-07:00,29.846076333333333
1782223910,2026-06-23T07:11:50-07:00,29.846076333333333
1782223970,2026-06-23T07:12:50-07:00,29.846076333333333
1782224030,2026-06-23T07:13:50-07:00,91.84531650000001
1782224090,2026-06-23T07:14:50-07:00,91.84531650000001
1782224150,2026-06-23T07:15:50-07:00,91.84531650000001
1782224210,2026-06-23T07:16:50-07:00,91.84531650000001
1782224270,2026-06-23T07:17:50-07:00,91.84531650000001
1782224450,2026-06-23T07:20:50-07:00,31.364752999999997
1782224510,2026-06-23T07:21:50-07:00,31.364752999999997
1782224570,2026-06-23T07:22:50-07:00,31.364752999999997
1782224630,2026-06-23T07:23:50-07:00,31.364752999999997
1782224690,2026-06-23T07:24:50-07:00,31.364752999999997
1782224870,2026-06-23T07:27:50-07:00,33.491834833333336
1782224930,2026-06-23T07:28:50-07:00,33.491834833333336
1782224990,2026-06-23T07:29:50-07:00,33.491834833333336
1782225050,2026-06-23T07:30:50-07:00,33.491834833333336
1782225110,2026-06-23T07:31:50-07:00,33.491834833333336
1782225230,2026-06-23T07:33:50-07:00,37.34029133333333
1782225290,2026-06-23T07:34:50-07:00,37.34029133333333
1782225350,2026-06-23T07:35:50-07:00,37.34029133333333
1782225410,2026-06-23T07:36:50-07:00,37.34029133333333
1782225470,2026-06-23T07:37:50-07:00,37.34029133333333
1782225590,2026-06-23T07:39:50-07:00,36.527486
1782225650,2026-06-23T07:40:50-07:00,36.527486
1782225710,2026-06-23T07:41:50-07:00,36.527486
1782225770,2026-06-23T07:42:50-07:00,36.527486
1782225830,2026-06-23T07:43:50-07:00,36.527486
1782226130,2026-06-23T07:48:50-07:00,31.86623833333333
1782226190,2026-06-23T07:49:50-07:00,31.86623833333333
1782226250,2026-06-23T07:50:50-07:00,31.86623833333333
1782226310,2026-06-23T07:51:50-07:00,31.86623833333333
1782226370,2026-06-23T07:52:50-07:00,31.86623833333333
1782226430,2026-06-23T07:53:50-07:00,32.4902615
1782226490,2026-06-23T07:54:50-07:00,32.4902615
1782226550,2026-06-23T07:55:50-07:00,32.4902615
1782226610,2026-06-23T07:56:50-07:00,32.4902615
1782226670,2026-06-23T07:57:50-07:00,32.4902615
1782226790,2026-06-23T07:59:50-07:00,30.11412233333333
1782226850,2026-06-23T08:00:50-07:00,30.11412233333333
1782226910,2026-06-23T08:01:50-07:00,30.11412233333333
1782226970,2026-06-23T08:02:50-07:00,30.11412233333333
1782227030,2026-06-23T08:03:50-07:00,30.11412233333333
1782227090,2026-06-23T08:04:50-07:00,72.70476633333332
1782227150,2026-06-23T08:05:50-07:00,72.70476633333332
1782227210,2026-06-23T08:06:50-07:00,72.70476633333332
1782227270,2026-06-23T08:07:50-07:00,72.70476633333332
1782227330,2026-06-23T08:08:50-07:00,72.70476633333332
1782227450,2026-06-23T08:10:50-07:00,33.7861735
1782227510,2026-06-23T08:11:50-07:00,33.7861735
1782227570,2026-06-23T08:12:50-07:00,33.7861735
1782227630,2026-06-23T08:13:50-07:00,33.7861735
1782227690,2026-06-23T08:14:50-07:00,33.7861735
1782227870,2026-06-23T08:17:50-07:00,33.631836
1782227930,2026-06-23T08:18:50-07:00,33.631836
1782227990,2026-06-23T08:19:50-07:00,33.631836
1782228050,2026-06-23T08:20:50-07:00,33.631836
1782228110,2026-06-23T08:21:50-07:00,33.631836
1782228230,2026-06-23T08:23:50-07:00,37.516072666666666
1782228290,2026-06-23T08:24:50-07:00,37.516072666666666
1782228350,2026-06-23T08:25:50-07:00,37.516072666666666
1782228410,2026-06-23T08:26:50-07:00,37.516072666666666
1782228470,2026-06-23T08:27:50-07:00,37.516072666666666
1782228590,2026-06-23T08:29:50-07:00,33.098572000000004
1782228650,2026-06-23T08:30:50-07:00,33.098572000000004
1782228710,2026-06-23T08:31:50-07:00,33.098572000000004
1782228770,2026-06-23T08:32:50-07:00,33.098572000000004
1782228830,2026-06-23T08:33:50-07:00,33.098572000000004
1782228890,2026-06-23T08:34:50-07:00,74.51654083333334
1782228950,2026-06-23T08:35:50-07:00,74.51654083333334
1782229010,2026-06-23T08:36:50-07:00,74.51654083333334
1782229070,2026-06-23T08:37:50-07:00,74.51654083333334
1782229130,2026-06-23T08:38:50-07:00,74.51654083333334
1782229250,2026-06-23T08:40:50-07:00,49.71576616666667
1782229310,2026-06-23T08:41:50-07:00,49.71576616666667
1782229370,2026-06-23T08:42:50-07:00,49.71576616666667
1782229430,2026-06-23T08:43:50-07:00,49.71576616666667
1782229490,2026-06-23T08:44:50-07:00,49.71576616666667
1782229610,2026-06-23T08:46:50-07:00,32.7736
1782229670,2026-06-23T08:47:50-07:00,32.7736
1782229730,2026-06-23T08:48:50-07:00,32.7736
1782229790,2026-06-23T08:49:50-07:00,32.7736
1782229850,2026-06-23T08:50:50-07:00,32.7736
1782229910,2026-06-23T08:51:50-07:00,33.48048216666667
1782229970,2026-06-23T08:52:50-07:00,33.48048216666667
1782230030,2026-06-23T08:53:50-07:00,33.48048216666667
1782230090,2026-06-23T08:54:50-07:00,33.48048216666667
1782230150,2026-06-23T08:55:50-07:00,33.48048216666667
1782230330,2026-06-23T08:58:50-07:00,35.087321
1782230390,2026-06-23T08:59:50-07:00,35.087321
1782230450,2026-06-23T09:00:50-07:00,35.087321
1782230510,2026-06-23T09:01:50-07:00,35.087321
1782230570,2026-06-23T09:02:50-07:00,35.087321
1782230630,2026-06-23T09:03:50-07:00,31.790683166666664
1782230690,2026-06-23T09:04:50-07:00,31.790683166666664
1782230750,2026-06-23T09:05:50-07:00,31.790683166666664
1782230810,2026-06-23T09:06:50-07:00,31.790683166666664
1782230870,2026-06-23T09:07:50-07:00,31.790683166666664
1782230930,2026-06-23T09:08:50-07:00,32.864006999999994
1782230990,2026-06-23T09:09:50-07:00,32.864006999999994
1782231050,2026-06-23T09:10:50-07:00,32.864006999999994
1782231110,2026-06-23T09:11:50-07:00,32.864006999999994
1782231170,2026-06-23T09:12:50-07:00,32.864006999999994
1782231290,2026-06-23T09:14:50-07:00,93.03979516666668
1782231350,2026-06-23T09:15:50-07:00,93.03979516666668
1782231410,2026-06-23T09:16:50-07:00,93.03979516666668
1782231470,2026-06-23T09:17:50-07:00,93.03979516666668
1782231530,2026-06-23T09:18:50-07:00,93.03979516666668
1782231590,2026-06-23T09:19:50-07:00,91.31487333333332
1782231650,2026-06-23T09:20:50-07:00,91.31487333333332
1782231710,2026-06-23T09:21:50-07:00,91.31487333333332
1782231770,2026-06-23T09:22:50-07:00,91.31487333333332
1782231830,2026-06-23T09:23:50-07:00,91.31487333333332
1782231890,2026-06-23T09:24:50-07:00,36.869459666666664
1782231950,2026-06-23T09:25:50-07:00,36.869459666666664
1782232010,2026-06-23T09:26:50-07:00,36.869459666666664
1782232070,2026-06-23T09:27:50-07:00,36.869459666666664
1782232130,2026-06-23T09:28:50-07:00,36.869459666666664
1782232310,2026-06-23T09:31:50-07:00,32.11533583333334
1782232370,2026-06-23T09:32:50-07:00,32.11533583333334
1782232430,2026-06-23T09:33:50-07:00,32.11533583333334
1782232490,2026-06-23T09:34:50-07:00,32.11533583333334
1782232550,2026-06-23T09:35:50-07:00,32.11533583333334
1782232610,2026-06-23T09:36:50-07:00,34.105095666666664
1782232670,2026-06-23T09:37:50-07:00,34.105095666666664
1782232730,2026-06-23T09:38:50-07:00,34.105095666666664
1782232790,2026-06-23T09:39:50-07:00,34.105095666666664
1782232850,2026-06-23T09:40:50-07:00,34.105095666666664
1782232910,2026-06-23T09:41:50-07:00,70.66929133333333
1782232970,2026-06-23T09:42:50-07:00,70.66929133333333
1782233030,2026-06-23T09:43:50-07:00,70.66929133333333
1782233090,2026-06-23T09:44:50-07:00,70.66929133333333
1782233150,2026-06-23T09:45:50-07:00,70.66929133333333
1782233330,2026-06-23T09:48:50-07:00,33.746338
1782233390,2026-06-23T09:49:50-07:00,33.746338
1782233450,2026-06-23T09:50:50-07:00,33.746338
1782233510,2026-06-23T09:51:50-07:00,33.746338
1782233570,2026-06-23T09:52:50-07:00,33.746338
1782233630,2026-06-23T09:53:50-07:00,36.04198516666666
1782233690,2026-06-23T09:54:50-07:00,36.04198516666666
1782233750,2026-06-23T09:55:50-07:00,36.04198516666666
1782233810,2026-06-23T09:56:50-07:00,36.04198516666666
1782233870,2026-06-23T09:57:50-07:00,36.04198516666666
1782233990,2026-06-23T09:59:50-07:00,92.68735100000002
1782234050,2026-06-23T10:00:50-07:00,92.68735100000002
1782234110,2026-06-23T10:01:50-07:00,92.68735100000002
1782234170,2026-06-23T10:02:50-07:00,92.68735100000002
1782234230,2026-06-23T10:03:50-07:00,92.68735100000002
1782234350,2026-06-23T10:05:50-07:00,34.924201333333336
1782234410,2026-06-23T10:06:50-07:00,34.924201333333336
1782234470,2026-06-23T10:07:50-07:00,34.924201333333336
1782234530,2026-06-23T10:08:50-07:00,34.924201333333336
1782234590,2026-06-23T10:09:50-07:00,34.924201333333336
1782234770,2026-06-23T10:12:50-07:00,34.29536266666667
1782234830,2026-06-23T10:13:50-07:00,34.29536266666667
1782234890,2026-06-23T10:14:50-07:00,34.29536266666667
1782234950,2026-06-23T10:15:50-07:00,34.29536266666667
1782235010,2026-06-23T10:16:50-07:00,34.29536266666667
1782235190,2026-06-23T10:19:50-07:00,35.08470333333333
1782235250,2026-06-23T10:20:50-07:00,35.08470333333333
1782235310,2026-06-23T10:21:50-07:00,35.08470333333333
1782235370,2026-06-23T10:22:50-07:00,35.08470333333333
1782235430,2026-06-23T10:23:50-07:00,35.08470333333333
1782235490,2026-06-23T10:24:50-07:00,32.55085583333333
1782235550,2026-06-23T10:25:50-07:00,32.55085583333333
1782235610,2026-06-23T10:26:50-07:00,32.55085583333333
1782235670,2026-06-23T10:27:50-07:00,32.55085583333333
1782235730,2026-06-23T10:28:50-07:00,32.55085583333333
1782235910,2026-06-23T10:31:50-07:00,37.09661166666667
1782235970,2026-06-23T10:32:50-07:00,37.09661166666667
1782236030,2026-06-23T10:33:50-07:00,37.09661166666667
1782236090,2026-06-23T10:34:50-07:00,37.09661166666667
1782236150,2026-06-23T10:35:50-07:00,37.09661166666667
1782236210,2026-06-23T10:36:50-07:00,34.737311500000004
1782236270,2026-06-23T10:37:50-07:00,34.737311500000004
1782236330,2026-06-23T10:38:50-07:00,34.737311500000004
1782236390,2026-06-23T10:39:50-07:00,34.737311500000004
1782236450,2026-06-23T10:40:50-07:00,34.737311500000004
1782236870,2026-06-23T10:47:50-07:00,36.59221766666667
1782236930,2026-06-23T10:48:50-07:00,36.59221766666667
1782236990,2026-06-23T10:49:50-07:00,36.59221766666667
1782237050,2026-06-23T10:50:50-07:00,36.59221766666667
1782237110,2026-06-23T10:51:50-07:00,36.59221766666667
1782237530,2026-06-23T10:58:50-07:00,34.645372333333334
1782237590,2026-06-23T10:59:50-07:00,34.645372333333334
1782237650,2026-06-23T11:00:50-07:00,34.645372333333334
1782237710,2026-06-23T11:01:50-07:00,34.645372333333334
1782237770,2026-06-23T11:02:50-07:00,34.645372333333334
1782238490,2026-06-23T11:14:50-07:00,34.382358333333336
1782238550,2026-06-23T11:15:50-07:00,34.382358333333336
1782238610,2026-06-23T11:16:50-07:00,34.382358333333336
1782238670,2026-06-23T11:17:50-07:00,34.382358333333336
1782238730,2026-06-23T11:18:50-07:00,34.382358333333336
1782240050,2026-06-23T11:40:50-07:00,31.177836166666665
1782240110,2026-06-23T11:41:50-07:00,31.177836166666665
1782240170,2026-06-23T11:42:50-07:00,31.177836166666665
1782240230,2026-06-23T11:43:50-07:00,31.177836166666665
1782240290,2026-06-23T11:44:50-07:00,31.177836166666665
1782240410,2026-06-23T11:46:50-07:00,36.261705166666665
1782240470,2026-06-23T11:47:50-07:00,36.261705166666665
1782240530,2026-06-23T11:48:50-07:00,36.261705166666665
1782240590,2026-06-23T11:49:50-07:00,36.261705166666665
1782240650,2026-06-23T11:50:50-07:00,36.261705166666665
1782241430,2026-06-23T12:03:50-07:00,31.279134000000003
1782241490,2026-06-23T12:04:50-07:00,31.279134000000003
1782241550,2026-06-23T12:05:50-07:00,31.279134000000003
1782241610,2026-06-23T12:06:50-07:00,31.279134000000003
1782241670,2026-06-23T12:07:50-07:00,31.279134000000003
1782241730,2026-06-23T12:08:50-07:00,31.752502000000003
1782241790,2026-06-23T12:09:50-07:00,31.752502000000003
1782241850,2026-06-23T12:10:50-07:00,31.752502000000003
1782241910,2026-06-23T12:11:50-07:00,31.752502000000003
1782241970,2026-06-23T12:12:50-07:00,31.752502000000003
1782242090,2026-06-23T12:14:50-07:00,37.76970766666667
1782242150,2026-06-23T12:15:50-07:00,37.76970766666667
1782242210,2026-06-23T12:16:50-07:00,37.76970766666667
1782242270,2026-06-23T12:17:50-07:00,37.76970766666667
1782242330,2026-06-23T12:18:50-07:00,37.76970766666667
1782242510,2026-06-23T12:21:50-07:00,36.48095033333333
1782242570,2026-06-23T12:22:50-07:00,36.48095033333333
1782242630,2026-06-23T12:23:50-07:00,36.48095033333333
1782242690,2026-06-23T12:24:50-07:00,36.48095033333333
1782242750,2026-06-23T12:25:50-07:00,36.48095033333333
1782242810,2026-06-23T12:26:50-07:00,43.56380216666667
1782242870,2026-06-23T12:27:50-07:00,43.56380216666667
1782242930,2026-06-23T12:28:50-07:00,43.56380216666667
1782242990,2026-06-23T12:29:50-07:00,43.56380216666667
1782243050,2026-06-23T12:30:50-07:00,43.56380216666667
1782243110,2026-06-23T12:31:50-07:00,31.36461733333333
1782243170,2026-06-23T12:32:50-07:00,31.36461733333333
1782243230,2026-06-23T12:33:50-07:00,31.36461733333333
1782243290,2026-06-23T12:34:50-07:00,31.36461733333333
1782243350,2026-06-23T12:35:50-07:00,31.36461733333333
1782243470,2026-06-23T12:37:50-07:00,31.69220633333333
1782243530,2026-06-23T12:38:50-07:00,31.69220633333333
1782243590,2026-06-23T12:39:50-07:00,31.69220633333333
1782243650,2026-06-23T12:40:50-07:00,31.69220633333333
1782243710,2026-06-23T12:41:50-07:00,31.69220633333333
1782243830,2026-06-23T12:43:50-07:00,34.15429683333333
1782243890,2026-06-23T12:44:50-07:00,34.15429683333333
1782243950,2026-06-23T12:45:50-07:00,34.15429683333333
1782244010,2026-06-23T12:46:50-07:00,34.15429683333333
1782244070,2026-06-23T12:47:50-07:00,34.15429683333333
1782244130,2026-06-23T12:48:50-07:00,31.526679
1782244190,2026-06-23T12:49:50-07:00,31.526679
1782244250,2026-06-23T12:50:50-07:00,31.526679
1782244310,2026-06-23T12:51:50-07:00,31.526679
1782244370,2026-06-23T12:52:50-07:00,31.526679
1782244430,2026-06-23T12:53:50-07:00,71.37713616666667
1782244490,2026-06-23T12:54:50-07:00,71.37713616666667
1782244550,2026-06-23T12:55:50-07:00,71.37713616666667
1782244610,2026-06-23T12:56:50-07:00,71.37713616666667
1782244670,2026-06-23T12:57:50-07:00,71.37713616666667
1782244730,2026-06-23T12:58:50-07:00,32.463663833333335
1782244790,2026-06-23T12:59:50-07:00,32.463663833333335
1782244850,2026-06-23T13:00:50-07:00,32.463663833333335
1782244910,2026-06-23T13:01:50-07:00,32.463663833333335
1782244970,2026-06-23T13:02:50-07:00,32.463663833333335
1782245090,2026-06-23T13:04:50-07:00,32.53139916666667
1782245150,2026-06-23T13:05:50-07:00,32.53139916666667
1782245210,2026-06-23T13:06:50-07:00,32.53139916666667
1782245270,2026-06-23T13:07:50-07:00,32.53139916666667
1782245330,2026-06-23T13:08:50-07:00,32.53139916666667
1782245390,2026-06-23T13:09:50-07:00,74.42426883333333
1782245450,2026-06-23T13:10:50-07:00,74.42426883333333
1782245510,2026-06-23T13:11:50-07:00,74.42426883333333
1782245570,2026-06-23T13:12:50-07:00,74.42426883333333
1782245630,2026-06-23T13:13:50-07:00,74.42426883333333
1782245690,2026-06-23T13:14:50-07:00,29.033481333333338
1782245750,2026-06-23T13:15:50-07:00,29.033481333333338
1782245810,2026-06-23T13:16:50-07:00,29.033481333333338
1782245870,2026-06-23T13:17:50-07:00,29.033481333333338
1782245930,2026-06-23T13:18:50-07:00,29.033481333333338
1782245990,2026-06-23T13:19:50-07:00,92.96350783333332
1782246050,2026-06-23T13:20:50-07:00,92.96350783333332
1782246110,2026-06-23T13:21:50-07:00,92.96350783333332
1782246170,2026-06-23T13:22:50-07:00,92.96350783333332
1782246230,2026-06-23T13:23:50-07:00,92.96350783333332
1782246290,2026-06-23T13:24:50-07:00,33.15944416666667
1782246350,2026-06-23T13:25:50-07:00,33.15944416666667
1782246410,2026-06-23T13:26:50-07:00,33.15944416666667
1782246470,2026-06-23T13:27:50-07:00,33.15944416666667
1782246530,2026-06-23T13:28:50-07:00,33.15944416666667
1782246590,2026-06-23T13:29:50-07:00,31.525336166666666
1782246650,2026-06-23T13:30:50-07:00,31.525336166666666
1782246710,2026-06-23T13:31:50-07:00,31.525336166666666
1782246770,2026-06-23T13:32:50-07:00,31.525336166666666
1782246830,2026-06-23T13:33:50-07:00,31.525336166666666
1782246890,2026-06-23T13:34:50-07:00,122.11587833333334
1782246950,2026-06-23T13:35:50-07:00,122.11587833333334
1782247010,2026-06-23T13:36:50-07:00,122.11587833333334
1782247070,2026-06-23T13:37:50-07:00,122.11587833333334
1782247130,2026-06-23T13:38:50-07:00,122.11587833333334
1782247190,2026-06-23T13:39:50-07:00,115.09468616666668
1782247250,2026-06-23T13:40:50-07:00,115.09468616666668
1782247310,2026-06-23T13:41:50-07:00,115.09468616666668
1782247370,2026-06-23T13:42:50-07:00,115.09468616666668
1782247430,2026-06-23T13:43:50-07:00,115.09468616666668
1782247490,2026-06-23T13:44:50-07:00,74.49050616666666
1782247550,2026-06-23T13:45:50-07:00,74.49050616666666
1782247610,2026-06-23T13:46:50-07:00,74.49050616666666
1782247670,2026-06-23T13:47:50-07:00,74.49050616666666
1782247730,2026-06-23T13:48:50-07:00,74.49050616666666
1782247850,2026-06-23T13:50:50-07:00,82.909851
1782247910,2026-06-23T13:51:50-07:00,82.909851
1782247970,2026-06-23T13:52:50-07:00,82.909851
1782248030,2026-06-23T13:53:50-07:00,82.909851
1782248090,2026-06-23T13:54:50-07:00,82.909851
1782248210,2026-06-23T13:56:50-07:00,33.308241
1782248270,2026-06-23T13:57:50-07:00,33.308241
1782248330,2026-06-23T13:58:50-07:00,33.308241
1782248390,2026-06-23T13:59:50-07:00,33.308241
1782248450,2026-06-23T14:00:50-07:00,33.308241
1782248510,2026-06-23T14:01:50-07:00,30.92707016666667
1782248570,2026-06-23T14:02:50-07:00,30.92707016666667
1782248630,2026-06-23T14:03:50-07:00,30.92707016666667
1782248690,2026-06-23T14:04:50-07:00,30.92707016666667
1782248750,2026-06-23T14:05:50-07:00,30.92707016666667
1782248870,2026-06-23T14:07:50-07:00,30.008565333333337
1782248930,2026-06-23T14:08:50-07:00,30.008565333333337
1782248990,2026-06-23T14:09:50-07:00,30.008565333333337
1782249050,2026-06-23T14:10:50-07:00,30.008565333333337
1782249110,2026-06-23T14:11:50-07:00,30.008565333333337
1782249470,2026-06-23T14:17:50-07:00,37.870388500000004
1782249530,2026-06-23T14:18:50-07:00,37.870388500000004
1782249590,2026-06-23T14:19:50-07:00,37.870388500000004
1782249650,2026-06-23T14:20:50-07:00,37.870388500000004
1782249710,2026-06-23T14:21:50-07:00,37.870388500000004
1782249830,2026-06-23T14:23:50-07:00,33.61988
1782249890,2026-06-23T14:24:50-07:00,33.61988
1782249950,2026-06-23T14:25:50-07:00,33.61988
1782250010,2026-06-23T14:26:50-07:00,33.61988
1782250070,2026-06-23T14:27:50-07:00,33.61988
1782250550,2026-06-23T14:35:50-07:00,31.91000716666667
1782250610,2026-06-23T14:36:50-07:00,31.91000716666667
1782250670,2026-06-23T14:37:50-07:00,31.91000716666667
1782250730,2026-06-23T14:38:50-07:00,31.91000716666667
1782250790,2026-06-23T14:39:50-07:00,31.91000716666667
1782250850,2026-06-23T14:40:50-07:00,33.185689499999995
1782250910,2026-06-23T14:41:50-07:00,33.185689499999995
1782250970,2026-06-23T14:42:50-07:00,33.185689499999995
1782251030,2026-06-23T14:43:50-07:00,33.185689499999995
1782251090,2026-06-23T14:44:50-07:00,33.185689499999995
1782251450,2026-06-23T14:50:50-07:00,73.61297599999999
1782251510,2026-06-23T14:51:50-07:00,73.61297599999999
1782251570,2026-06-23T14:52:50-07:00,73.61297599999999
1782251630,2026-06-23T14:53:50-07:00,73.61297599999999
1782251690,2026-06-23T14:54:50-07:00,73.61297599999999
1782251750,2026-06-23T14:55:50-07:00,41.72989916666666
1782251810,2026-06-23T14:56:50-07:00,41.72989916666666
1782251870,2026-06-23T14:57:50-07:00,41.72989916666666
1782251930,2026-06-23T14:58:50-07:00,41.72989916666666
1782251990,2026-06-23T14:59:50-07:00,41.72989916666666
1782252050,2026-06-23T15:00:50-07:00,125.53847250000001
1782252110,2026-06-23T15:01:50-07:00,125.53847250000001
1782252170,2026-06-23T15:02:50-07:00,125.53847250000001
1782252230,2026-06-23T15:03:50-07:00,125.53847250000001
1782252290,2026-06-23T15:04:50-07:00,125.53847250000001
1782252350,2026-06-23T15:05:50-07:00,32.32805033333333
1782252410,2026-06-23T15:06:50-07:00,32.32805033333333
1782252470,2026-06-23T15:07:50-07:00,32.32805033333333
1782252530,2026-06-23T15:08:50-07:00,32.32805033333333
1782252590,2026-06-23T15:09:50-07:00,32.32805033333333
1782252710,2026-06-23T15:11:50-07:00,31.836561500000002
1782252770,2026-06-23T15:12:50-07:00,31.836561500000002
1782252830,2026-06-23T15:13:50-07:00,31.836561500000002
1782252890,2026-06-23T15:14:50-07:00,31.836561500000002
1782252950,2026-06-23T15:15:50-07:00,31.836561500000002
1782253070,2026-06-23T15:17:50-07:00,36.728692333333335
1782253130,2026-06-23T15:18:50-07:00,36.728692333333335
1782253190,2026-06-23T15:19:50-07:00,36.728692333333335
1782253250,2026-06-23T15:20:50-07:00,36.728692333333335
1782253310,2026-06-23T15:21:50-07:00,36.728692333333335
1782253370,2026-06-23T15:22:50-07:00,88.96504033333333
1782253430,2026-06-23T15:23:50-07:00,88.96504033333333
1782253490,2026-06-23T15:24:50-07:00,88.96504033333333
1782253550,2026-06-23T15:25:50-07:00,88.96504033333333
1782253610,2026-06-23T15:26:50-07:00,88.96504033333333
1782253670,2026-06-23T15:27:50-07:00,82.82000733333335
1782253730,2026-06-23T15:28:50-07:00,82.82000733333335
1782253790,2026-06-23T15:29:50-07:00,82.82000733333335
1782253850,2026-06-23T15:30:50-07:00,82.82000733333335
1782253910,2026-06-23T15:31:50-07:00,82.82000733333335
1782254030,2026-06-23T15:33:50-07:00,73.18696433333334
1782254090,2026-06-23T15:34:50-07:00,73.18696433333334
1782254150,2026-06-23T15:35:50-07:00,73.18696433333334
1782254210,2026-06-23T15:36:50-07:00,73.18696433333334
1782254270,2026-06-23T15:37:50-07:00,73.18696433333334
1782254330,2026-06-23T15:38:50-07:00,28.576348333333332
1782254390,2026-06-23T15:39:50-07:00,28.576348333333332
1782254450,2026-06-23T15:40:50-07:00,28.576348333333332
1782254510,2026-06-23T15:41:50-07:00,28.576348333333332
1782254570,2026-06-23T15:42:50-07:00,28.576348333333332
1782254630,2026-06-23T15:43:50-07:00,135.5906915
1782254690,2026-06-23T15:44:50-07:00,135.5906915
1782254750,2026-06-23T15:45:50-07:00,135.5906915
1782254810,2026-06-23T15:46:50-07:00,135.5906915
1782254870,2026-06-23T15:47:50-07:00,135.5906915
1782254930,2026-06-23T15:48:50-07:00,38.717936333333334
1782254990,2026-06-23T15:49:50-07:00,38.717936333333334
1782255050,2026-06-23T15:50:50-07:00,38.717936333333334
1782255110,2026-06-23T15:51:50-07:00,38.717936333333334
1782255170,2026-06-23T15:52:50-07:00,38.717936333333334
1782255230,2026-06-23T15:53:50-07:00,56.76673033333333
1782255290,2026-06-23T15:54:50-07:00,56.76673033333333
1782255350,2026-06-23T15:55:50-07:00,56.76673033333333
1782255410,2026-06-23T15:56:50-07:00,56.76673033333333
1782255470,2026-06-23T15:57:50-07:00,56.76673033333333
1782255890,2026-06-23T16:04:50-07:00,29.344611333333336
1782255950,2026-06-23T16:05:50-07:00,29.344611333333336
1782256010,2026-06-23T16:06:50-07:00,29.344611333333336
1782256070,2026-06-23T16:07:50-07:00,29.344611333333336
1782256130,2026-06-23T16:08:50-07:00,29.344611333333336
1782256190,2026-06-23T16:09:50-07:00,46.93428533333333
1782256250,2026-06-23T16:10:50-07:00,46.93428533333333
1782256310,2026-06-23T16:11:50-07:00,46.93428533333333
1782256370,2026-06-23T16:12:50-07:00,46.93428533333333
1782256430,2026-06-23T16:13:50-07:00,46.93428533333333
1782256490,2026-06-23T16:14:50-07:00,54.37373166666668
1782256550,2026-06-23T16:15:50-07:00,54.37373166666668
1782256610,2026-06-23T16:16:50-07:00,54.37373166666668
1782256670,2026-06-23T16:17:50-07:00,54.37373166666668
1782256730,2026-06-23T16:18:50-07:00,54.37373166666668
1782256790,2026-06-23T16:19:50-07:00,104.045566
1782256850,2026-06-23T16:20:50-07:00,104.045566
1782256910,2026-06-23T16:21:50-07:00,104.045566
1782256970,2026-06-23T16:22:50-07:00,104.045566
1782257030,2026-06-23T16:23:50-07:00,104.045566
1782257090,2026-06-23T16:24:50-07:00,31.329522166666663
1782257150,2026-06-23T16:25:50-07:00,31.329522166666663
1782257210,2026-06-23T16:26:50-07:00,31.329522166666663
1782257270,2026-06-23T16:27:50-07:00,31.329522166666663
1782257330,2026-06-23T16:28:50-07:00,31.329522166666663
1782257390,2026-06-23T16:29:50-07:00,68.226386
1782257450,2026-06-23T16:30:50-07:00,68.226386
1782257510,2026-06-23T16:31:50-07:00,68.226386
1782257570,2026-06-23T16:32:50-07:00,68.226386
1782257630,2026-06-23T16:33:50-07:00,68.226386
1782257690,2026-06-23T16:34:50-07:00,42.531534666666666
1782257750,2026-06-23T16:35:50-07:00,42.531534666666666
1782257810,2026-06-23T16:36:50-07:00,42.531534666666666
1782257870,2026-06-23T16:37:50-07:00,42.531534666666666
1782257930,2026-06-23T16:38:50-07:00,42.531534666666666
1782257990,2026-06-23T16:39:50-07:00,34.25918933333333
1782258050,2026-06-23T16:40:50-07:00,34.25918933333333
1782258110,2026-06-23T16:41:50-07:00,34.25918933333333
1782258170,2026-06-23T16:42:50-07:00,34.25918933333333
1782258230,2026-06-23T16:43:50-07:00,34.25918933333333
1782258290,2026-06-23T16:44:50-07:00,31.621860166666664
1782258350,2026-06-23T16:45:50-07:00,31.621860166666664
1782258410,2026-06-23T16:46:50-07:00,31.621860166666664
1782258470,2026-06-23T16:47:50-07:00,31.621860166666664
1782258530,2026-06-23T16:48:50-07:00,31.621860166666664
1782258650,2026-06-23T16:50:50-07:00,44.83353016666666
1782258710,2026-06-23T16:51:50-07:00,44.83353016666666
1782258770,2026-06-23T16:52:50-07:00,44.83353016666666
1782258830,2026-06-23T16:53:50-07:00,44.83353016666666
1782258890,2026-06-23T16:54:50-07:00,44.83353016666666
1782258950,2026-06-23T16:55:50-07:00,32.675496333333335
1782259010,2026-06-23T16:56:50-07:00,32.675496333333335
1782259070,2026-06-23T16:57:50-07:00,32.675496333333335
1782259130,2026-06-23T16:58:50-07:00,32.675496333333335
1782259190,2026-06-23T16:59:50-07:00,32.675496333333335
1782259250,2026-06-23T17:00:50-07:00,36.24192983333333
1782259310,2026-06-23T17:01:50-07:00,36.24192983333333
1782259370,2026-06-23T17:02:50-07:00,36.24192983333333
1782259430,2026-06-23T17:03:50-07:00,36.24192983333333
1782259490,2026-06-23T17:04:50-07:00,36.24192983333333
1782259550,2026-06-23T17:05:50-07:00,46.11100916666666
1782259610,2026-06-23T17:06:50-07:00,46.11100916666666
1782259670,2026-06-23T17:07:50-07:00,46.11100916666666
1782259730,2026-06-23T17:08:50-07:00,46.11100916666666
1782259790,2026-06-23T17:09:50-07:00,46.11100916666666
1782261170,2026-06-23T17:32:50-07:00,93.47429733333335
1782261230,2026-06-23T17:33:50-07:00,93.47429733333335
1782261290,2026-06-23T17:34:50-07:00,93.47429733333335
1782261350,2026-06-23T17:35:50-07:00,93.47429733333335
1782261410,2026-06-23T17:36:50-07:00,93.47429733333335
1782261530,2026-06-23T17:38:50-07:00,44.25883666666667
1782261590,2026-06-23T17:39:50-07:00,44.25883666666667
1782261650,2026-06-23T17:40:50-07:00,44.25883666666667
1782261710,2026-06-23T17:41:50-07:00,44.25883666666667
1782261770,2026-06-23T17:42:50-07:00,44.25883666666667
1782261830,2026-06-23T17:43:50-07:00,88.01698833333334
1782261890,2026-06-23T17:44:50-07:00,88.01698833333334
1782261950,2026-06-23T17:45:50-07:00,88.01698833333334
1782262010,2026-06-23T17:46:50-07:00,88.01698833333334
1782262070,2026-06-23T17:47:50-07:00,88.01698833333334
1782262130,2026-06-23T17:48:50-07:00,76.492445
1782262190,2026-06-23T17:49:50-07:00,76.492445
1782262250,2026-06-23T17:50:50-07:00,76.492445
1782262310,2026-06-23T17:51:50-07:00,76.492445
1782262370,2026-06-23T17:52:50-07:00,76.492445
1782262430,2026-06-23T17:53:50-07:00,68.63846833333334
1782262490,2026-06-23T17:54:50-07:00,68.63846833333334
1782262550,2026-06-23T17:55:50-07:00,68.63846833333334
1782262610,2026-06-23T17:56:50-07:00,68.63846833333334
1782262670,2026-06-23T17:57:50-07:00,68.63846833333334
1782262730,2026-06-23T17:58:50-07:00,121.97991966666667
1782262790,2026-06-23T17:59:50-07:00,121.97991966666667
1782262850,2026-06-23T18:00:50-07:00,121.97991966666667
1782262910,2026-06-23T18:01:50-07:00,121.97991966666667
1782262970,2026-06-23T18:02:50-07:00,121.97991966666667
1782263030,2026-06-23T18:03:50-07:00,73.25522866666667
1782263090,2026-06-23T18:04:50-07:00,73.25522866666667
1782263150,2026-06-23T18:05:50-07:00,73.25522866666667
1782263210,2026-06-23T18:06:50-07:00,73.25522866666667
1782263270,2026-06-23T18:07:50-07:00,73.25522866666667
1782263330,2026-06-23T18:08:50-07:00,38.124830499999995
1782263390,2026-06-23T18:09:50-07:00,38.124830499999995
1782263450,2026-06-23T18:10:50-07:00,38.124830499999995
1782263510,2026-06-23T18:11:50-07:00,38.124830499999995
1782263570,2026-06-23T18:12:50-07:00,38.124830499999995
1782263630,2026-06-23T18:13:50-07:00,71.12982849999999
1782263690,2026-06-23T18:14:50-07:00,71.12982849999999
1782263750,2026-06-23T18:15:50-07:00,71.12982849999999
1782263810,2026-06-23T18:16:50-07:00,71.12982849999999
1782263870,2026-06-23T18:17:50-07:00,71.12982849999999
1782263930,2026-06-23T18:18:50-07:00,57.83761266666667
1782263990,2026-06-23T18:19:50-07:00,57.83761266666667
1782264050,2026-06-23T18:20:50-07:00,57.83761266666667
1782264110,2026-06-23T18:21:50-07:00,57.83761266666667
1782264170,2026-06-23T18:22:50-07:00,57.83761266666667
1782264290,2026-06-23T18:24:50-07:00,83.04763450000002
1782264350,2026-06-23T18:25:50-07:00,83.04763450000002
1782264410,2026-06-23T18:26:50-07:00,83.04763450000002
1782264470,2026-06-23T18:27:50-07:00,83.04763450000002
1782264530,2026-06-23T18:28:50-07:00,83.04763450000002
1782264890,2026-06-23T18:34:50-07:00,71.59222416666667
1782264950,2026-06-23T18:35:50-07:00,71.59222416666667
1782265010,2026-06-23T18:36:50-07:00,71.59222416666667
1782265070,2026-06-23T18:37:50-07:00,71.59222416666667
1782265130,2026-06-23T18:38:50-07:00,71.59222416666667
1782265190,2026-06-23T18:39:50-07:00,38.2662825
1782265250,2026-06-23T18:40:50-07:00,38.2662825
1782265310,2026-06-23T18:41:50-07:00,38.2662825
1782265370,2026-06-23T18:42:50-07:00,38.2662825
1782265430,2026-06-23T18:43:50-07:00,38.2662825
1782265610,2026-06-23T18:46:50-07:00,51.57855233333334
1782265670,2026-06-23T18:47:50-07:00,51.57855233333334
1782265730,2026-06-23T18:48:50-07:00,51.57855233333334
1782265790,2026-06-23T18:49:50-07:00,51.57855233333334
1782265850,2026-06-23T18:50:50-07:00,51.57855233333334
1782265910,2026-06-23T18:51:50-07:00,98.60148116666666
1782265970,2026-06-23T18:52:50-07:00,98.60148116666666
1782266030,2026-06-23T18:53:50-07:00,98.60148116666666
1782266090,2026-06-23T18:54:50-07:00,98.60148116666666
1782266150,2026-06-23T18:55:50-07:00,98.60148116666666
1782266210,2026-06-23T18:56:50-07:00,35.40166583333333
1782266270,2026-06-23T18:57:50-07:00,35.40166583333333
1782266330,2026-06-23T18:58:50-07:00,35.40166583333333
1782266390,2026-06-23T18:59:50-07:00,35.40166583333333
1782266450,2026-06-23T19:00:50-07:00,35.40166583333333
1782266690,2026-06-23T19:04:50-07:00,43.94928633333333
1782266750,2026-06-23T19:05:50-07:00,43.94928633333333
1782266810,2026-06-23T19:06:50-07:00,43.94928633333333
1782266870,2026-06-23T19:07:50-07:00,43.94928633333333
1782266930,2026-06-23T19:08:50-07:00,43.94928633333333
1782267110,2026-06-23T19:11:50-07:00,36.696763833333335
1782267170,2026-06-23T19:12:50-07:00,36.696763833333335
1782267230,2026-06-23T19:13:50-07:00,36.696763833333335
1782267290,2026-06-23T19:14:50-07:00,36.696763833333335
1782267350,2026-06-23T19:15:50-07:00,36.696763833333335
1782267470,2026-06-23T19:17:50-07:00,50.46801766666667
1782267530,2026-06-23T19:18:50-07:00,50.46801766666667
1782267590,2026-06-23T19:19:50-07:00,50.46801766666667
1782267650,2026-06-23T19:20:50-07:00,50.46801766666667
1782267710,2026-06-23T19:21:50-07:00,50.46801766666667
1782269210,2026-06-23T19:46:50-07:00,40.349799499999996
1782269270,2026-06-23T19:47:50-07:00,40.349799499999996
1782269330,2026-06-23T19:48:50-07:00,40.349799499999996
1782269390,2026-06-23T19:49:50-07:00,40.349799499999996
1782269450,2026-06-23T19:50:50-07:00,40.349799499999996
1782270710,2026-06-23T20:11:50-07:00,37.636725500000004
1782270770,2026-06-23T20:12:50-07:00,37.636725500000004
1782270830,2026-06-23T20:13:50-07:00,37.636725500000004
1782270890,2026-06-23T20:14:50-07:00,37.636725500000004
1782270950,2026-06-23T20:15:50-07:00,37.636725500000004
1782271130,2026-06-23T20:18:50-07:00,37.237121333333334
1782271190,2026-06-23T20:19:50-07:00,37.237121333333334
1782271250,2026-06-23T20:20:50-07:00,37.237121333333334
1782271310,2026-06-23T20:21:50-07:00,37.237121333333334
1782271370,2026-06-23T20:22:50-07:00,37.237121333333334
1782271490,2026-06-23T20:24:50-07:00,39.991048166666666
1782271550,2026-06-23T20:25:50-07:00,39.991048166666666
1782271610,2026-06-23T20:26:50-07:00,39.991048166666666
1782271670,2026-06-23T20:27:50-07:00,39.991048166666666
1782271730,2026-06-23T20:28:50-07:00,39.991048166666666
1782271790,2026-06-23T20:29:50-07:00,87.53420033333333
1782271850,2026-06-23T20:30:50-07:00,87.53420033333333
1782271910,2026-06-23T20:31:50-07:00,87.53420033333333
1782271970,2026-06-23T20:32:50-07:00,87.53420033333333
1782272030,2026-06-23T20:33:50-07:00,87.53420033333333
1782272270,2026-06-23T20:37:50-07:00,37.80367716666667
1782272330,2026-06-23T20:38:50-07:00,37.80367716666667
1782272390,2026-06-23T20:39:50-07:00,37.80367716666667
1782272450,2026-06-23T20:40:50-07:00,37.80367716666667
1782272510,2026-06-23T20:41:50-07:00,37.80367716666667
1782272630,2026-06-23T20:43:50-07:00,38.60372566666667
1782272690,2026-06-23T20:44:50-07:00,38.60372566666667
1782272750,2026-06-23T20:45:50-07:00,38.60372566666667
1782272810,2026-06-23T20:46:50-07:00,38.60372566666667
1782272870,2026-06-23T20:47:50-07:00,38.60372566666667
1782273050,2026-06-23T20:50:50-07:00,40.7636175
1782273110,2026-06-23T20:51:50-07:00,40.7636175
1782273170,2026-06-23T20:52:50-07:00,40.7636175
1782273230,2026-06-23T20:53:50-07:00,40.7636175
1782273290,2026-06-23T20:54:50-07:00,40.7636175
1782273350,2026-06-23T20:55:50-07:00,52.06473116666667
1782273410,2026-06-23T20:56:50-07:00,52.06473116666667
1782273470,2026-06-23T20:57:50-07:00,52.06473116666667
1782273530,2026-06-23T20:58:50-07:00,52.06473116666667
1782273590,2026-06-23T20:59:50-07:00,52.06473116666667
1782273710,2026-06-23T21:01:50-07:00,35.00061733333333
1782273770,2026-06-23T21:02:50-07:00,35.00061733333333
1782273830,2026-06-23T21:03:50-07:00,35.00061733333333
1782273890,2026-06-23T21:04:50-07:00,35.00061733333333
1782273950,2026-06-23T21:05:50-07:00,35.00061733333333
1782274070,2026-06-23T21:07:50-07:00,38.323927166666664
1782274130,2026-06-23T21:08:50-07:00,38.323927166666664
1782274190,2026-06-23T21:09:50-07:00,38.323927166666664
1782274250,2026-06-23T21:10:50-07:00,38.323927166666664
1782274310,2026-06-23T21:11:50-07:00,38.323927166666664
1782274430,2026-06-23T21:13:50-07:00,36.392585000000004
1782274490,2026-06-23T21:14:50-07:00,36.392585000000004
1782274550,2026-06-23T21:15:50-07:00,36.392585000000004
1782274610,2026-06-23T21:16:50-07:00,36.392585000000004
1782274670,2026-06-23T21:17:50-07:00,36.392585000000004
1782274730,2026-06-23T21:18:50-07:00,42.367411499999996
1782274790,2026-06-23T21:19:50-07:00,42.367411499999996
1782274850,2026-06-23T21:20:50-07:00,42.367411499999996
1782274910,2026-06-23T21:21:50-07:00,42.367411499999996
1782274970,2026-06-23T21:22:50-07:00,42.367411499999996
1782275090,2026-06-23T21:24:50-07:00,118.01944316666665
1782275150,2026-06-23T21:25:50-07:00,118.01944316666665
1782275210,2026-06-23T21:26:50-07:00,118.01944316666665
1782275270,2026-06-23T21:27:50-07:00,118.01944316666665
1782275330,2026-06-23T21:28:50-07:00,118.01944316666665
1782275450,2026-06-23T21:30:50-07:00,37.31641283333334
1782275510,2026-06-23T21:31:50-07:00,37.31641283333334
1782275570,2026-06-23T21:32:50-07:00,37.31641283333334
1782275630,2026-06-23T21:33:50-07:00,37.31641283333334
1782275690,2026-06-23T21:34:50-07:00,37.31641283333334
1782275810,2026-06-23T21:36:50-07:00,38.98474133333334
1782275870,2026-06-23T21:37:50-07:00,38.98474133333334
1782275930,2026-06-23T21:38:50-07:00,38.98474133333334
1782275990,2026-06-23T21:39:50-07:00,38.98474133333334
1782276050,2026-06-23T21:40:50-07:00,38.98474133333334
1782276170,2026-06-23T21:42:50-07:00,32.871866833333335
1782276230,2026-06-23T21:43:50-07:00,32.871866833333335
1782276290,2026-06-23T21:44:50-07:00,32.871866833333335
1782276350,2026-06-23T21:45:50-07:00,32.871866833333335
1782276410,2026-06-23T21:46:50-07:00,32.871866833333335
1782276530,2026-06-23T21:48:50-07:00,38.54345033333333
1782276590,2026-06-23T21:49:50-07:00,38.54345033333333
1782276650,2026-06-23T21:50:50-07:00,38.54345033333333
1782276710,2026-06-23T21:51:50-07:00,38.54345033333333
1782276770,2026-06-23T21:52:50-07:00,38.54345033333333
1782277250,2026-06-23T22:00:50-07:00,38.97878683333333
1782277310,2026-06-23T22:01:50-07:00,38.97878683333333
1782277370,2026-06-23T22:02:50-07:00,38.97878683333333
1782277430,2026-06-23T22:03:50-07:00,38.97878683333333
1782277490,2026-06-23T22:04:50-07:00,38.97878683333333
1782277610,2026-06-23T22:06:50-07:00,43.26003683333334
1782277670,2026-06-23T22:07:50-07:00,43.26003683333334
1782277730,2026-06-23T22:08:50-07:00,43.26003683333334
1782277790,2026-06-23T22:09:50-07:00,43.26003683333334
1782277850,2026-06-23T22:10:50-07:00,43.26003683333334
1782277910,2026-06-23T22:11:50-07:00,36.76119
1782277970,2026-06-23T22:12:50-07:00,36.76119
1782278030,2026-06-23T22:13:50-07:00,36.76119
1782278090,2026-06-23T22:14:50-07:00,36.76119
1782278150,2026-06-23T22:15:50-07:00,36.76119
1782278330,2026-06-23T22:18:50-07:00,104.02012133333334
1782278390,2026-06-23T22:19:50-07:00,104.02012133333334
1782278450,2026-06-23T22:20:50-07:00,104.02012133333334
1782278510,2026-06-23T22:21:50-07:00,104.02012133333334
1782278570,2026-06-23T22:22:50-07:00,104.02012133333334
1782278690,2026-06-23T22:24:50-07:00,39.11271166666666
1782278750,2026-06-23T22:25:50-07:00,39.11271166666666
1782278810,2026-06-23T22:26:50-07:00,39.11271166666666
1782278870,2026-06-23T22:27:50-07:00,39.11271166666666
1782278930,2026-06-23T22:28:50-07:00,39.11271166666666
1782279050,2026-06-23T22:30:50-07:00,82.39752183333333
1782279110,2026-06-23T22:31:50-07:00,82.39752183333333
1782279170,2026-06-23T22:32:50-07:00,82.39752183333333
1782279230,2026-06-23T22:33:50-07:00,82.39752183333333
1782279290,2026-06-23T22:34:50-07:00,82.39752183333333
1782279350,2026-06-23T22:35:50-07:00,107.40055333333333
1782279410,2026-06-23T22:36:50-07:00,107.40055333333333
1782279470,2026-06-23T22:37:50-07:00,107.40055333333333
1782279530,2026-06-23T22:38:50-07:00,107.40055333333333
1782279590,2026-06-23T22:39:50-07:00,107.40055333333333
1782279650,2026-06-23T22:40:50-07:00,67.15362566666667
1782279710,2026-06-23T22:41:50-07:00,67.15362566666667
1782279770,2026-06-23T22:42:50-07:00,67.15362566666667
1782279830,2026-06-23T22:43:50-07:00,67.15362566666667
1782279890,2026-06-23T22:44:50-07:00,67.15362566666667
1782279950,2026-06-23T22:45:50-07:00,69.96957066666668
1782280010,2026-06-23T22:46:50-07:00,69.96957066666668
1782280070,2026-06-23T22:47:50-07:00,69.96957066666668
1782280130,2026-06-23T22:48:50-07:00,69.96957066666668
1782280190,2026-06-23T22:49:50-07:00,69.96957066666668
1782280250,2026-06-23T22:50:50-07:00,304.8279895
1782280310,2026-06-23T22:51:50-07:00,304.8279895
1782280370,2026-06-23T22:52:50-07:00,304.8279895
1782280430,2026-06-23T22:53:50-07:00,304.8279895
1782280490,2026-06-23T22:54:50-07:00,304.8279895
1782280550,2026-06-23T22:55:50-07:00,123.48271333333334
1782280610,2026-06-23T22:56:50-07:00,123.48271333333334
1782280670,2026-06-23T22:57:50-07:00,123.48271333333334
1782280730,2026-06-23T22:58:50-07:00,123.48271333333334
1782280790,2026-06-23T22:59:50-07:00,123.48271333333334
1782280910,2026-06-23T23:01:50-07:00,36.971598
1782280970,2026-06-23T23:02:50-07:00,36.971598
1782281030,2026-06-23T23:03:50-07:00,36.971598
1782281090,2026-06-23T23:04:50-07:00,36.971598
1782281150,2026-06-23T23:05:50-07:00,36.971598
1782281330,2026-06-23T23:08:50-07:00,36.594082500000006
1782281390,2026-06-23T23:09:50-07:00,36.594082500000006
1782281450,2026-06-23T23:10:50-07:00,36.594082500000006
1782281510,2026-06-23T23:11:50-07:00,36.594082500000006
1782281570,2026-06-23T23:12:50-07:00,36.594082500000006
1782281630,2026-06-23T23:13:50-07:00,54.43208166666667
1782281690,2026-06-23T23:14:50-07:00,54.43208166666667
1782281750,2026-06-23T23:15:50-07:00,54.43208166666667
1782281810,2026-06-23T23:16:50-07:00,54.43208166666667
1782281870,2026-06-23T23:17:50-07:00,54.43208166666667
1782281930,2026-06-23T23:18:50-07:00,51.22394483333333
1782281990,2026-06-23T23:19:50-07:00,51.22394483333333
1782282050,2026-06-23T23:20:50-07:00,51.22394483333333
1782282110,2026-06-23T23:21:50-07:00,51.22394483333333
1782282170,2026-06-23T23:22:50-07:00,51.22394483333333
1782282230,2026-06-23T23:23:50-07:00,62.20571566666667
1782282290,2026-06-23T23:24:50-07:00,62.20571566666667
1782282350,2026-06-23T23:25:50-07:00,62.20571566666667
1782282410,2026-06-23T23:26:50-07:00,62.20571566666667
1782282470,2026-06-23T23:27:50-07:00,62.20571566666667
1782282530,2026-06-23T23:28:50-07:00,36.65533466666667
1782282590,2026-06-23T23:29:50-07:00,36.65533466666667
1782282650,2026-06-23T23:30:50-07:00,36.65533466666667
1782282710,2026-06-23T23:31:50-07:00,36.65533466666667
1782282770,2026-06-23T23:32:50-07:00,36.65533466666667
1782282830,2026-06-23T23:33:50-07:00,36.53722466666667
1782282890,2026-06-23T23:34:50-07:00,36.53722466666667
1782282950,2026-06-23T23:35:50-07:00,36.53722466666667
1782283010,2026-06-23T23:36:50-07:00,36.53722466666667
1782283070,2026-06-23T23:37:50-07:00,36.53722466666667
1782283190,2026-06-23T23:39:50-07:00,52.82996966666667
1782283250,2026-06-23T23:40:50-07:00,52.82996966666667
1782283310,2026-06-23T23:41:50-07:00,52.82996966666667
1782283370,2026-06-23T23:42:50-07:00,52.82996966666667
1782283430,2026-06-23T23:43:50-07:00,52.82996966666667
1782283490,2026-06-23T23:44:50-07:00,35.03044966666666
1782283550,2026-06-23T23:45:50-07:00,35.03044966666666
1782283610,2026-06-23T23:46:50-07:00,35.03044966666666
1782283670,2026-06-23T23:47:50-07:00,35.03044966666666
1782283730,2026-06-23T23:48:50-07:00,35.03044966666666
1782283790,2026-06-23T23:49:50-07:00,40.977796833333336
1782283850,2026-06-23T23:50:50-07:00,40.977796833333336
1782283910,2026-06-23T23:51:50-07:00,40.977796833333336
1782283970,2026-06-23T23:52:50-07:00,40.977796833333336
1782284030,2026-06-23T23:53:50-07:00,40.977796833333336
1782284090,2026-06-23T23:54:50-07:00,33.195604
1782284150,2026-06-23T23:55:50-07:00,33.195604
1782284210,2026-06-23T23:56:50-07:00,33.195604
1782284270,2026-06-23T23:57:50-07:00,33.195604
1782284330,2026-06-23T23:58:50-07:00,33.195604
1782284390,2026-06-23T23:59:50-07:00,36.0304705
1782284450,2026-06-24T00:00:50-07:00,36.0304705
1782284510,2026-06-24T00:01:50-07:00,36.0304705
1782284570,2026-06-24T00:02:50-07:00,36.0304705
1782284630,2026-06-24T00:03:50-07:00,36.0304705
1782284750,2026-06-24T00:05:50-07:00,54.95046666666667
1782284810,2026-06-24T00:06:50-07:00,54.95046666666667
1782284870,2026-06-24T00:07:50-07:00,54.95046666666667
1782284930,2026-06-24T00:08:50-07:00,54.95046666666667
1782284990,2026-06-24T00:09:50-07:00,54.95046666666667
1782285050,2026-06-24T00:10:50-07:00,70.08662933333333
1782285110,2026-06-24T00:11:50-07:00,70.08662933333333
1782285170,2026-06-24T00:12:50-07:00,70.08662933333333
1782285230,2026-06-24T00:13:50-07:00,70.08662933333333
1782285290,2026-06-24T00:14:50-07:00,70.08662933333333
1782285350,2026-06-24T00:15:50-07:00,54.88990633333333
1782285410,2026-06-24T00:16:50-07:00,54.88990633333333
1782285470,2026-06-24T00:17:50-07:00,54.88990633333333
1782285530,2026-06-24T00:18:50-07:00,54.88990633333333
1782285590,2026-06-24T00:19:50-07:00,54.88990633333333
1782285650,2026-06-24T00:20:50-07:00,36.433926166666666
1782285710,2026-06-24T00:21:50-07:00,36.433926166666666
1782285770,2026-06-24T00:22:50-07:00,36.433926166666666
1782285830,2026-06-24T00:23:50-07:00,36.433926166666666
1782285890,2026-06-24T00:24:50-07:00,36.433926166666666
1782286010,2026-06-24T00:26:50-07:00,156.765164
1782286070,2026-06-24T00:27:50-07:00,156.765164
1782286130,2026-06-24T00:28:50-07:00,156.765164
1782286190,2026-06-24T00:29:50-07:00,156.765164
1782286250,2026-06-24T00:30:50-07:00,156.765164
1782286310,2026-06-24T00:31:50-07:00,35.457282166666666
1782286370,2026-06-24T00:32:50-07:00,35.457282166666666
1782286430,2026-06-24T00:33:50-07:00,35.457282166666666
1782286490,2026-06-24T00:34:50-07:00,35.457282166666666
1782286550,2026-06-24T00:35:50-07:00,35.457282166666666
1782286610,2026-06-24T00:36:50-07:00,37.11725533333333
1782286670,2026-06-24T00:37:50-07:00,37.11725533333333
1782286730,2026-06-24T00:38:50-07:00,37.11725533333333
1782286790,2026-06-24T00:39:50-07:00,37.11725533333333
1782286850,2026-06-24T00:40:50-07:00,37.11725533333333
1782286910,2026-06-24T00:41:50-07:00,68.81454166666667
1782286970,2026-06-24T00:42:50-07:00,68.81454166666667
1782287030,2026-06-24T00:43:50-07:00,68.81454166666667
1782287090,2026-06-24T00:44:50-07:00,68.81454166666667
1782287150,2026-06-24T00:45:50-07:00,68.81454166666667
1782287210,2026-06-24T00:46:50-07:00,37.0787625
1782287270,2026-06-24T00:47:50-07:00,37.0787625
1782287330,2026-06-24T00:48:50-07:00,37.0787625
1782287390,2026-06-24T00:49:50-07:00,37.0787625
1782287450,2026-06-24T00:50:50-07:00,37.0787625
1782287570,2026-06-24T00:52:50-07:00,64.49104133333333
1782287630,2026-06-24T00:53:50-07:00,64.49104133333333
1782287690,2026-06-24T00:54:50-07:00,64.49104133333333
1782287750,2026-06-24T00:55:50-07:00,64.49104133333333
1782287810,2026-06-24T00:56:50-07:00,64.49104133333333
1782287870,2026-06-24T00:57:50-07:00,38.15439866666666
1782287930,2026-06-24T00:58:50-07:00,38.15439866666666
1782287990,2026-06-24T00:59:50-07:00,38.15439866666666
1782288050,2026-06-24T01:00:50-07:00,38.15439866666666
1782288110,2026-06-24T01:01:50-07:00,38.15439866666666
1782288170,2026-06-24T01:02:50-07:00,74.26426199999999
1782288230,2026-06-24T01:03:50-07:00,74.26426199999999
1782288290,2026-06-24T01:04:50-07:00,74.26426199999999
1782288350,2026-06-24T01:05:50-07:00,74.26426199999999
1782288410,2026-06-24T01:06:50-07:00,74.26426199999999
1782288470,2026-06-24T01:07:50-07:00,65.683343
1782288530,2026-06-24T01:08:50-07:00,65.683343
1782288590,2026-06-24T01:09:50-07:00,65.683343
1782288650,2026-06-24T01:10:50-07:00,65.683343
1782288710,2026-06-24T01:11:50-07:00,65.683343
1782288770,2026-06-24T01:12:50-07:00,36.88972333333333
1782288830,2026-06-24T01:13:50-07:00,36.88972333333333
1782288890,2026-06-24T01:14:50-07:00,36.88972333333333
1782288950,2026-06-24T01:15:50-07:00,36.88972333333333
1782289010,2026-06-24T01:16:50-07:00,36.88972333333333
1782289070,2026-06-24T01:17:50-07:00,65.9180975
1782289130,2026-06-24T01:18:50-07:00,65.9180975
1782289190,2026-06-24T01:19:50-07:00,65.9180975
1782289250,2026-06-24T01:20:50-07:00,65.9180975
1782289310,2026-06-24T01:21:50-07:00,65.9180975
1782289430,2026-06-24T01:23:50-07:00,73.75484216666666
1782289490,2026-06-24T01:24:50-07:00,73.75484216666666
1782289550,2026-06-24T01:25:50-07:00,73.75484216666666
1782289610,2026-06-24T01:26:50-07:00,73.75484216666666
1782289670,2026-06-24T01:27:50-07:00,73.75484216666666
1782289730,2026-06-24T01:28:50-07:00,36.13162583333334
1782289790,2026-06-24T01:29:50-07:00,36.13162583333334
1782289850,2026-06-24T01:30:50-07:00,36.13162583333334
1782289910,2026-06-24T01:31:50-07:00,36.13162583333334
1782289970,2026-06-24T01:32:50-07:00,36.13162583333334
1782290030,2026-06-24T01:33:50-07:00,65.694858
1782290090,2026-06-24T01:34:50-07:00,65.694858
1782290150,2026-06-24T01:35:50-07:00,65.694858
1782290210,2026-06-24T01:36:50-07:00,65.694858
1782290270,2026-06-24T01:37:50-07:00,65.694858
1782290330,2026-06-24T01:38:50-07:00,65.44063983333334
1782290390,2026-06-24T01:39:50-07:00,65.44063983333334
1782290450,2026-06-24T01:40:50-07:00,65.44063983333334
1782290510,2026-06-24T01:41:50-07:00,65.44063983333334
1782290570,2026-06-24T01:42:50-07:00,65.44063983333334
1782290630,2026-06-24T01:43:50-07:00,65.73845083333333
1782290690,2026-06-24T01:44:50-07:00,65.73845083333333
1782290750,2026-06-24T01:45:50-07:00,65.73845083333333
1782290810,2026-06-24T01:46:50-07:00,65.73845083333333
1782290870,2026-06-24T01:47:50-07:00,65.73845083333333
1782290990,2026-06-24T01:49:50-07:00,37.44663516666667
1782291050,2026-06-24T01:50:50-07:00,37.44663516666667
1782291110,2026-06-24T01:51:50-07:00,37.44663516666667
1782291170,2026-06-24T01:52:50-07:00,37.44663516666667
1782291230,2026-06-24T01:53:50-07:00,37.44663516666667
1782291290,2026-06-24T01:54:50-07:00,54.31634533333334
1782291350,2026-06-24T01:55:50-07:00,54.31634533333334
1782291410,2026-06-24T01:56:50-07:00,54.31634533333334
1782291470,2026-06-24T01:57:50-07:00,54.31634533333334
1782291530,2026-06-24T01:58:50-07:00,54.31634533333334
1782291590,2026-06-24T01:59:50-07:00,72.76951066666668
1782291650,2026-06-24T02:00:50-07:00,72.76951066666668
1782291710,2026-06-24T02:01:50-07:00,72.76951066666668
1782291770,2026-06-24T02:02:50-07:00,72.76951066666668
1782291830,2026-06-24T02:03:50-07:00,72.76951066666668
1782291890,2026-06-24T02:04:50-07:00,50.92315683333334
1782291950,2026-06-24T02:05:50-07:00,50.92315683333334
1782292010,2026-06-24T02:06:50-07:00,50.92315683333334
1782292070,2026-06-24T02:07:50-07:00,50.92315683333334
1782292130,2026-06-24T02:08:50-07:00,50.92315683333334
1782292250,2026-06-24T02:10:50-07:00,68.00611716666667
1782292310,2026-06-24T02:11:50-07:00,68.00611716666667
1782292370,2026-06-24T02:12:50-07:00,68.00611716666667
1782292430,2026-06-24T02:13:50-07:00,68.00611716666667
1782292490,2026-06-24T02:14:50-07:00,68.00611716666667
1782292550,2026-06-24T02:15:50-07:00,68.6200355
1782292610,2026-06-24T02:16:50-07:00,68.6200355
1782292670,2026-06-24T02:17:50-07:00,68.6200355
1782292730,2026-06-24T02:18:50-07:00,68.6200355
1782292790,2026-06-24T02:19:50-07:00,68.6200355
1782292850,2026-06-24T02:20:50-07:00,53.324035666666674
1782292910,2026-06-24T02:21:50-07:00,53.324035666666674
1782292970,2026-06-24T02:22:50-07:00,53.324035666666674
1782293030,2026-06-24T02:23:50-07:00,53.324035666666674
1782293090,2026-06-24T02:24:50-07:00,53.324035666666674
1782293150,2026-06-24T02:25:50-07:00,66.72174766666667
1782293210,2026-06-24T02:26:50-07:00,66.72174766666667
1782293270,2026-06-24T02:27:50-07:00,66.72174766666667
1782293330,2026-06-24T02:28:50-07:00,66.72174766666667
1782293390,2026-06-24T02:29:50-07:00,66.72174766666667
1782293450,2026-06-24T02:30:50-07:00,50.450269999999996
1782293510,2026-06-24T02:31:50-07:00,50.450269999999996
1782293570,2026-06-24T02:32:50-07:00,50.450269999999996
1782293630,2026-06-24T02:33:50-07:00,50.450269999999996
1782293690,2026-06-24T02:34:50-07:00,50.450269999999996
1782293810,2026-06-24T02:36:50-07:00,63.56412783333334
1782293870,2026-06-24T02:37:50-07:00,63.56412783333334
1782293930,2026-06-24T02:38:50-07:00,63.56412783333334
1782293990,2026-06-24T02:39:50-07:00,63.56412783333334
1782294050,2026-06-24T02:40:50-07:00,63.56412783333334
1782294110,2026-06-24T02:41:50-07:00,63.30023249999999
1782294170,2026-06-24T02:42:50-07:00,63.30023249999999
1782294230,2026-06-24T02:43:50-07:00,63.30023249999999
1782294290,2026-06-24T02:44:50-07:00,63.30023249999999
1782294350,2026-06-24T02:45:50-07:00,63.30023249999999
1782294410,2026-06-24T02:46:50-07:00,68.2097235
1782294470,2026-06-24T02:47:50-07:00,68.2097235
1782294530,2026-06-24T02:48:50-07:00,68.2097235
1782294590,2026-06-24T02:49:50-07:00,68.2097235
1782294650,2026-06-24T02:50:50-07:00,68.2097235
1782294710,2026-06-24T02:51:50-07:00,71.847324
1782294770,2026-06-24T02:52:50-07:00,71.847324
1782294830,2026-06-24T02:53:50-07:00,71.847324
1782294890,2026-06-24T02:54:50-07:00,71.847324
1782294950,2026-06-24T02:55:50-07:00,71.847324
1782295010,2026-06-24T02:56:50-07:00,65.514113
1782295070,2026-06-24T02:57:50-07:00,65.514113
1782295130,2026-06-24T02:58:50-07:00,65.514113
1782295190,2026-06-24T02:59:50-07:00,65.514113
1782295250,2026-06-24T03:00:50-07:00,65.514113
1782295310,2026-06-24T03:01:50-07:00,65.47856333333333
1782295370,2026-06-24T03:02:50-07:00,65.47856333333333
1782295430,2026-06-24T03:03:50-07:00,65.47856333333333
1782295490,2026-06-24T03:04:50-07:00,65.47856333333333
1782295550,2026-06-24T03:05:50-07:00,65.47856333333333
1782295610,2026-06-24T03:06:50-07:00,65.81528716666666
1782295670,2026-06-24T03:07:50-07:00,65.81528716666666
1782295730,2026-06-24T03:08:50-07:00,65.81528716666666
1782295790,2026-06-24T03:09:50-07:00,65.81528716666666
1782295850,2026-06-24T03:10:50-07:00,65.81528716666666
1782295910,2026-06-24T03:11:50-07:00,40.04895033333333
1782295970,2026-06-24T03:12:50-07:00,40.04895033333333
1782296030,2026-06-24T03:13:50-07:00,40.04895033333333
1782296090,2026-06-24T03:14:50-07:00,40.04895033333333
1782296150,2026-06-24T03:15:50-07:00,40.04895033333333
1782296270,2026-06-24T03:17:50-07:00,65.14348
1782296330,2026-06-24T03:18:50-07:00,65.14348
1782296390,2026-06-24T03:19:50-07:00,65.14348
1782296450,2026-06-24T03:20:50-07:00,65.14348
1782296510,2026-06-24T03:21:50-07:00,65.14348
1782296570,2026-06-24T03:22:50-07:00,62.58189583333334
1782296630,2026-06-24T03:23:50-07:00,62.58189583333334
1782296690,2026-06-24T03:24:50-07:00,62.58189583333334
1782296750,2026-06-24T03:25:50-07:00,62.58189583333334
1782296810,2026-06-24T03:26:50-07:00,62.58189583333334
1782296870,2026-06-24T03:27:50-07:00,37.62040883333333
1782296930,2026-06-24T03:28:50-07:00,37.62040883333333
1782296990,2026-06-24T03:29:50-07:00,37.62040883333333
1782297050,2026-06-24T03:30:50-07:00,37.62040883333333
1782297110,2026-06-24T03:31:50-07:00,37.62040883333333
1782297170,2026-06-24T03:32:50-07:00,62.77367500000002
1782297230,2026-06-24T03:33:50-07:00,62.77367500000002
1782297290,2026-06-24T03:34:50-07:00,62.77367500000002
1782297350,2026-06-24T03:35:50-07:00,62.77367500000002
1782297410,2026-06-24T03:36:50-07:00,62.77367500000002
1782297470,2026-06-24T03:37:50-07:00,77.30845116666667
1782297530,2026-06-24T03:38:50-07:00,77.30845116666667
1782297590,2026-06-24T03:39:50-07:00,77.30845116666667
1782297650,2026-06-24T03:40:50-07:00,77.30845116666667
1782297710,2026-06-24T03:41:50-07:00,77.30845116666667
1782297770,2026-06-24T03:42:50-07:00,46.988871499999995
1782297830,2026-06-24T03:43:50-07:00,46.988871499999995
1782297890,2026-06-24T03:44:50-07:00,46.988871499999995
1782297950,2026-06-24T03:45:50-07:00,46.988871499999995
1782298010,2026-06-24T03:46:50-07:00,46.988871499999995
1782298070,2026-06-24T03:47:50-07:00,64.44302733333332
1782298130,2026-06-24T03:48:50-07:00,64.44302733333332
1782298190,2026-06-24T03:49:50-07:00,64.44302733333332
1782298250,2026-06-24T03:50:50-07:00,64.44302733333332
1782298310,2026-06-24T03:51:50-07:00,64.44302733333332
1782298370,2026-06-24T03:52:50-07:00,66.19005649999998
1782298430,2026-06-24T03:53:50-07:00,66.19005649999998
1782298490,2026-06-24T03:54:50-07:00,66.19005649999998
1782298550,2026-06-24T03:55:50-07:00,66.19005649999998
1782298610,2026-06-24T03:56:50-07:00,66.19005649999998
1782298670,2026-06-24T03:57:50-07:00,38.90448666666666
1782298730,2026-06-24T03:58:50-07:00,38.90448666666666
1782298790,2026-06-24T03:59:50-07:00,38.90448666666666
1782298850,2026-06-24T04:00:50-07:00,38.90448666666666
1782298910,2026-06-24T04:01:50-07:00,38.90448666666666
1782298970,2026-06-24T04:02:50-07:00,65.94677066666665
1782299030,2026-06-24T04:03:50-07:00,65.94677066666665
1782299090,2026-06-24T04:04:50-07:00,65.94677066666665
1782299150,2026-06-24T04:05:50-07:00,65.94677066666665
1782299210,2026-06-24T04:06:50-07:00,65.94677066666665
1782299330,2026-06-24T04:08:50-07:00,68.18717433333333
1782299390,2026-06-24T04:09:50-07:00,68.18717433333333
1782299450,2026-06-24T04:10:50-07:00,68.18717433333333
1782299510,2026-06-24T04:11:50-07:00,68.18717433333333
1782299570,2026-06-24T04:12:50-07:00,68.18717433333333
1782299630,2026-06-24T04:13:50-07:00,34.6615465
1782299690,2026-06-24T04:14:50-07:00,34.6615465
1782299750,2026-06-24T04:15:50-07:00,34.6615465
1782299810,2026-06-24T04:16:50-07:00,34.6615465
1782299870,2026-06-24T04:17:50-07:00,34.6615465
1782299930,2026-06-24T04:18:50-07:00,68.91943383333334
1782299990,2026-06-24T04:19:50-07:00,68.91943383333334
1782300050,2026-06-24T04:20:50-07:00,68.91943383333334
1782300110,2026-06-24T04:21:50-07:00,68.91943383333334
1782300170,2026-06-24T04:22:50-07:00,68.91943383333334
1782300230,2026-06-24T04:23:50-07:00,58.2918565
1782300290,2026-06-24T04:24:50-07:00,58.2918565
1782300350,2026-06-24T04:25:50-07:00,58.2918565
1782300410,2026-06-24T04:26:50-07:00,58.2918565
1782300470,2026-06-24T04:27:50-07:00,58.2918565
1782300530,2026-06-24T04:28:50-07:00,35.00563566666667
1782300590,2026-06-24T04:29:50-07:00,35.00563566666667
1782300650,2026-06-24T04:30:50-07:00,35.00563566666667
1782300710,2026-06-24T04:31:50-07:00,35.00563566666667
1782300770,2026-06-24T04:32:50-07:00,35.00563566666667
1782300890,2026-06-24T04:34:50-07:00,68.44839166666667
1782300950,2026-06-24T04:35:50-07:00,68.44839166666667
1782301010,2026-06-24T04:36:50-07:00,68.44839166666667
1782301070,2026-06-24T04:37:50-07:00,68.44839166666667
1782301130,2026-06-24T04:38:50-07:00,68.44839166666667
1782301190,2026-06-24T04:39:50-07:00,65.55608466666666
1782301250,2026-06-24T04:40:50-07:00,65.55608466666666
1782301310,2026-06-24T04:41:50-07:00,65.55608466666666
1782301370,2026-06-24T04:42:50-07:00,65.55608466666666
1782301430,2026-06-24T04:43:50-07:00,65.55608466666666
1782301550,2026-06-24T04:45:50-07:00,52.80782100000001
1782301610,2026-06-24T04:46:50-07:00,52.80782100000001
1782301670,2026-06-24T04:47:50-07:00,52.80782100000001
1782301730,2026-06-24T04:48:50-07:00,52.80782100000001
1782301790,2026-06-24T04:49:50-07:00,52.80782100000001
1782301850,2026-06-24T04:50:50-07:00,58.30900750000001
1782301910,2026-06-24T04:51:50-07:00,58.30900750000001
1782301970,2026-06-24T04:52:50-07:00,58.30900750000001
1782302030,2026-06-24T04:53:50-07:00,58.30900750000001
1782302090,2026-06-24T04:54:50-07:00,58.30900750000001
1782302150,2026-06-24T04:55:50-07:00,67.44144
1782302210,2026-06-24T04:56:50-07:00,67.44144
1782302270,2026-06-24T04:57:50-07:00,67.44144
1782302330,2026-06-24T04:58:50-07:00,67.44144
1782302390,2026-06-24T04:59:50-07:00,67.44144
1782302450,2026-06-24T05:00:50-07:00,34.81158416666667
1782302510,2026-06-24T05:01:50-07:00,34.81158416666667
1782302570,2026-06-24T05:02:50-07:00,34.81158416666667
1782302630,2026-06-24T05:03:50-07:00,34.81158416666667
1782302690,2026-06-24T05:04:50-07:00,34.81158416666667
1782302810,2026-06-24T05:06:50-07:00,71.03052416666668
1782302870,2026-06-24T05:07:50-07:00,71.03052416666668
1782302930,2026-06-24T05:08:50-07:00,71.03052416666668
1782302990,2026-06-24T05:09:50-07:00,71.03052416666668
1782303050,2026-06-24T05:10:50-07:00,71.03052416666668
1782303110,2026-06-24T05:11:50-07:00,34.555949
1782303170,2026-06-24T05:12:50-07:00,34.555949
1782303230,2026-06-24T05:13:50-07:00,34.555949
1782303290,2026-06-24T05:14:50-07:00,34.555949
1782303350,2026-06-24T05:15:50-07:00,34.555949
1782303410,2026-06-24T05:16:50-07:00,65.204698
1782303470,2026-06-24T05:17:50-07:00,65.204698
1782303530,2026-06-24T05:18:50-07:00,65.204698
1782303590,2026-06-24T05:19:50-07:00,65.204698
1782303650,2026-06-24T05:20:50-07:00,65.204698
1782303710,2026-06-24T05:21:50-07:00,63.93448916666667
1782303770,2026-06-24T05:22:50-07:00,63.93448916666667
1782303830,2026-06-24T05:23:50-07:00,63.93448916666667
1782303890,2026-06-24T05:24:50-07:00,63.93448916666667
1782303950,2026-06-24T05:25:50-07:00,63.93448916666667
1782304010,2026-06-24T05:26:50-07:00,68.13658333333333
1782304070,2026-06-24T05:27:50-07:00,68.13658333333333
1782304130,2026-06-24T05:28:50-07:00,68.13658333333333
1782304190,2026-06-24T05:29:50-07:00,68.13658333333333
1782304250,2026-06-24T05:30:50-07:00,68.13658333333333
1782304310,2026-06-24T05:31:50-07:00,63.41527633333333
1782304370,2026-06-24T05:32:50-07:00,63.41527633333333
1782304430,2026-06-24T05:33:50-07:00,63.41527633333333
1782304490,2026-06-24T05:34:50-07:00,63.41527633333333
1782304550,2026-06-24T05:35:50-07:00,63.41527633333333
1782304610,2026-06-24T05:36:50-07:00,36.89104533333333
1782304670,2026-06-24T05:37:50-07:00,36.89104533333333
1782304730,2026-06-24T05:38:50-07:00,36.89104533333333
1782304790,2026-06-24T05:39:50-07:00,36.89104533333333
1782304850,2026-06-24T05:40:50-07:00,36.89104533333333
1782304910,2026-06-24T05:41:50-07:00,65.85216616666666
1782304970,2026-06-24T05:42:50-07:00,65.85216616666666
1782305030,2026-06-24T05:43:50-07:00,65.85216616666666
1782305090,2026-06-24T05:44:50-07:00,65.85216616666666
1782305150,2026-06-24T05:45:50-07:00,65.85216616666666
1782305270,2026-06-24T05:47:50-07:00,64.0657415
1782305330,2026-06-24T05:48:50-07:00,64.0657415
1782305390,2026-06-24T05:49:50-07:00,64.0657415
1782305450,2026-06-24T05:50:50-07:00,64.0657415
1782305510,2026-06-24T05:51:50-07:00,64.0657415
1782305570,2026-06-24T05:52:50-07:00,43.77532283333334
1782305630,2026-06-24T05:53:50-07:00,43.77532283333334
1782305690,2026-06-24T05:54:50-07:00,43.77532283333334
1782305750,2026-06-24T05:55:50-07:00,43.77532283333334
1782305810,2026-06-24T05:56:50-07:00,43.77532283333334
1782305870,2026-06-24T05:57:50-07:00,70.27400750000001
1782305930,2026-06-24T05:58:50-07:00,70.27400750000001
1782305990,2026-06-24T05:59:50-07:00,70.27400750000001
1782306050,2026-06-24T06:00:50-07:00,70.27400750000001
1782306110,2026-06-24T06:01:50-07:00,70.27400750000001
1782306170,2026-06-24T06:02:50-07:00,71.93503816666667
1782306230,2026-06-24T06:03:50-07:00,71.93503816666667
1782306290,2026-06-24T06:04:50-07:00,71.93503816666667
1782306350,2026-06-24T06:05:50-07:00,71.93503816666667
1782306410,2026-06-24T06:06:50-07:00,71.93503816666667
1782306470,2026-06-24T06:07:50-07:00,67.96287733333334
1782306530,2026-06-24T06:08:50-07:00,67.96287733333334
1782306590,2026-06-24T06:09:50-07:00,67.96287733333334
1782306650,2026-06-24T06:10:50-07:00,67.96287733333334
1782306710,2026-06-24T06:11:50-07:00,67.96287733333334
1782306830,2026-06-24T06:13:50-07:00,66.20922166666666
1782306890,2026-06-24T06:14:50-07:00,66.20922166666666
1782306950,2026-06-24T06:15:50-07:00,66.20922166666666
1782307010,2026-06-24T06:16:50-07:00,66.20922166666666
1782307070,2026-06-24T06:17:50-07:00,66.20922166666666
1782307130,2026-06-24T06:18:50-07:00,35.92768
1782307190,2026-06-24T06:19:50-07:00,35.92768
1782307250,2026-06-24T06:20:50-07:00,35.92768
1782307310,2026-06-24T06:21:50-07:00,35.92768
1782307370,2026-06-24T06:22:50-07:00,35.92768
1782307430,2026-06-24T06:23:50-07:00,55.67486566666667
1782307490,2026-06-24T06:24:50-07:00,55.67486566666667
1782307550,2026-06-24T06:25:50-07:00,55.67486566666667
1782307610,2026-06-24T06:26:50-07:00,55.67486566666667
1782307670,2026-06-24T06:27:50-07:00,55.67486566666667
1782307730,2026-06-24T06:28:50-07:00,78.64956333333332
1782307790,2026-06-24T06:29:50-07:00,78.64956333333332
1782307850,2026-06-24T06:30:50-07:00,78.64956333333332
1782307910,2026-06-24T06:31:50-07:00,78.64956333333332
1782307970,2026-06-24T06:32:50-07:00,78.64956333333332
1782308030,2026-06-24T06:33:50-07:00,37.0611505
1782308090,2026-06-24T06:34:50-07:00,37.0611505
1782308150,2026-06-24T06:35:50-07:00,37.0611505
1782308210,2026-06-24T06:36:50-07:00,37.0611505
1782308270,2026-06-24T06:37:50-07:00,37.0611505
1782308390,2026-06-24T06:39:50-07:00,38.29891633333333
1782308450,2026-06-24T06:40:50-07:00,38.29891633333333
1782308510,2026-06-24T06:41:50-07:00,38.29891633333333
1782308570,2026-06-24T06:42:50-07:00,38.29891633333333
1782308630,2026-06-24T06:43:50-07:00,38.29891633333333
1782308690,2026-06-24T06:44:50-07:00,141.463867
1782308750,2026-06-24T06:45:50-07:00,141.463867
1782308810,2026-06-24T06:46:50-07:00,141.463867
1782308870,2026-06-24T06:47:50-07:00,141.463867
1782308930,2026-06-24T06:48:50-07:00,141.463867
1782309410,2026-06-24T06:56:50-07:00,62.752964
1782309470,2026-06-24T06:57:50-07:00,62.752964
1782309530,2026-06-24T06:58:50-07:00,62.752964
1782309590,2026-06-24T06:59:50-07:00,62.752964
1782309650,2026-06-24T07:00:50-07:00,62.752964
1782311150,2026-06-24T07:25:50-07:00,41.025167
1782311210,2026-06-24T07:26:50-07:00,41.025167
1782311270,2026-06-24T07:27:50-07:00,41.025167
1782311330,2026-06-24T07:28:50-07:00,41.025167
1782311390,2026-06-24T07:29:50-07:00,41.025167
1782311510,2026-06-24T07:31:50-07:00,24.363464833333335
1782311570,2026-06-24T07:32:50-07:00,24.363464833333335
1782311630,2026-06-24T07:33:50-07:00,24.363464833333335
1782311690,2026-06-24T07:34:50-07:00,24.363464833333335
1782311750,2026-06-24T07:35:50-07:00,24.363464833333335
1782312410,2026-06-24T07:46:50-07:00,47.138658
1782312470,2026-06-24T07:47:50-07:00,47.138658
1782312530,2026-06-24T07:48:50-07:00,47.138658
1782312590,2026-06-24T07:49:50-07:00,47.138658
1782312650,2026-06-24T07:50:50-07:00,47.138658
1782313370,2026-06-24T08:02:50-07:00,89.92474399999999
1782313430,2026-06-24T08:03:50-07:00,89.92474399999999
1782313490,2026-06-24T08:04:50-07:00,89.92474399999999
1782313550,2026-06-24T08:05:50-07:00,89.92474399999999
1782313610,2026-06-24T08:06:50-07:00,89.92474399999999
1782314030,2026-06-24T08:13:50-07:00,51.59624566666667
1782314090,2026-06-24T08:14:50-07:00,51.59624566666667
1782314150,2026-06-24T08:15:50-07:00,51.59624566666667
1782314210,2026-06-24T08:16:50-07:00,51.59624566666667
1782314270,2026-06-24T08:17:50-07:00,51.59624566666667
1782314630,2026-06-24T08:23:50-07:00,54.665656333333324
1782314690,2026-06-24T08:24:50-07:00,54.665656333333324
1782314750,2026-06-24T08:25:50-07:00,54.665656333333324
1782314810,2026-06-24T08:26:50-07:00,54.665656333333324
1782314870,2026-06-24T08:27:50-07:00,54.665656333333324
1782314930,2026-06-24T08:28:50-07:00,58.868632
1782314990,2026-06-24T08:29:50-07:00,58.868632
1782315050,2026-06-24T08:30:50-07:00,58.868632
1782315110,2026-06-24T08:31:50-07:00,58.868632
1782315170,2026-06-24T08:32:50-07:00,58.868632
1782315290,2026-06-24T08:34:50-07:00,64.88054733333334
1782315350,2026-06-24T08:35:50-07:00,64.88054733333334
1782315410,2026-06-24T08:36:50-07:00,64.88054733333334
1782315470,2026-06-24T08:37:50-07:00,64.88054733333334
1782315530,2026-06-24T08:38:50-07:00,64.88054733333334
1782315590,2026-06-24T08:39:50-07:00,55.030469833333335
1782315650,2026-06-24T08:40:50-07:00,55.030469833333335
1782315710,2026-06-24T08:41:50-07:00,55.030469833333335
1782315770,2026-06-24T08:42:50-07:00,55.030469833333335
1782315830,2026-06-24T08:43:50-07:00,55.030469833333335
1782316250,2026-06-24T08:50:50-07:00,37.33597833333334
1782316310,2026-06-24T08:51:50-07:00,37.33597833333334
1782316370,2026-06-24T08:52:50-07:00,37.33597833333334
1782316430,2026-06-24T08:53:50-07:00,37.33597833333334
1782316490,2026-06-24T08:54:50-07:00,37.33597833333334
1782316610,2026-06-24T08:56:50-07:00,39.4990575
1782316670,2026-06-24T08:57:50-07:00,39.4990575
1782316730,2026-06-24T08:58:50-07:00,39.4990575
1782316790,2026-06-24T08:59:50-07:00,39.4990575
1782316850,2026-06-24T09:00:50-07:00,39.4990575
1782316970,2026-06-24T09:02:50-07:00,39.177537666666666
1782317030,2026-06-24T09:03:50-07:00,39.177537666666666
1782317090,2026-06-24T09:04:50-07:00,39.177537666666666
1782317150,2026-06-24T09:05:50-07:00,39.177537666666666
1782317210,2026-06-24T09:06:50-07:00,39.177537666666666
1782317330,2026-06-24T09:08:50-07:00,36.30939383333333
1782317390,2026-06-24T09:09:50-07:00,36.30939383333333
1782317450,2026-06-24T09:10:50-07:00,36.30939383333333
1782317510,2026-06-24T09:11:50-07:00,36.30939383333333
1782317570,2026-06-24T09:12:50-07:00,36.30939383333333
1782317750,2026-06-24T09:15:50-07:00,120.2804635
1782317810,2026-06-24T09:16:50-07:00,120.2804635
1782317870,2026-06-24T09:17:50-07:00,120.2804635
1782317930,2026-06-24T09:18:50-07:00,120.2804635
1782317990,2026-06-24T09:19:50-07:00,120.2804635
1782319250,2026-06-24T09:40:50-07:00,43.95735716666667
1782319310,2026-06-24T09:41:50-07:00,43.95735716666667
1782319370,2026-06-24T09:42:50-07:00,43.95735716666667
1782319430,2026-06-24T09:43:50-07:00,43.95735716666667
1782319490,2026-06-24T09:44:50-07:00,43.95735716666667
1782319610,2026-06-24T09:46:50-07:00,37.9160835
1782319670,2026-06-24T09:47:50-07:00,37.9160835
1782319730,2026-06-24T09:48:50-07:00,37.9160835
1782319790,2026-06-24T09:49:50-07:00,37.9160835
1782319850,2026-06-24T09:50:50-07:00,37.9160835
1782319910,2026-06-24T09:51:50-07:00,158.77452283333332
1782319970,2026-06-24T09:52:50-07:00,158.77452283333332
1782320030,2026-06-24T09:53:50-07:00,158.77452283333332
1782320090,2026-06-24T09:54:50-07:00,158.77452283333332
1782320150,2026-06-24T09:55:50-07:00,158.77452283333332
1782320330,2026-06-24T09:58:50-07:00,63.528368
1782320390,2026-06-24T09:59:50-07:00,63.528368
1782320450,2026-06-24T10:00:50-07:00,63.528368
1782320510,2026-06-24T10:01:50-07:00,63.528368
1782320570,2026-06-24T10:02:50-07:00,63.528368
1782320630,2026-06-24T10:03:50-07:00,39.45427766666666
1782320690,2026-06-24T10:04:50-07:00,39.45427766666666
1782320750,2026-06-24T10:05:50-07:00,39.45427766666666
1782320810,2026-06-24T10:06:50-07:00,39.45427766666666
1782320870,2026-06-24T10:07:50-07:00,39.45427766666666
1782320930,2026-06-24T10:08:50-07:00,43.27532299999999
1782320990,2026-06-24T10:09:50-07:00,43.27532299999999
1782321050,2026-06-24T10:10:50-07:00,43.27532299999999
1782321110,2026-06-24T10:11:50-07:00,43.27532299999999
1782321170,2026-06-24T10:12:50-07:00,43.27532299999999
1782321350,2026-06-24T10:15:50-07:00,39.490383666666666
1782321410,2026-06-24T10:16:50-07:00,39.490383666666666
1782321470,2026-06-24T10:17:50-07:00,39.490383666666666
1782321530,2026-06-24T10:18:50-07:00,39.490383666666666
1782321590,2026-06-24T10:19:50-07:00,39.490383666666666
1782321770,2026-06-24T10:22:50-07:00,38.422492
1782321830,2026-06-24T10:23:50-07:00,38.422492
1782321890,2026-06-24T10:24:50-07:00,38.422492
1782321950,2026-06-24T10:25:50-07:00,38.422492
1782322010,2026-06-24T10:26:50-07:00,38.422492
1782322070,2026-06-24T10:27:50-07:00,38.690965500000004
1782322130,2026-06-24T10:28:50-07:00,38.690965500000004
1782322190,2026-06-24T10:29:50-07:00,38.690965500000004
1782322250,2026-06-24T10:30:50-07:00,38.690965500000004
1782322310,2026-06-24T10:31:50-07:00,38.690965500000004
1782322490,2026-06-24T10:34:50-07:00,41.75488283333333
1782322550,2026-06-24T10:35:50-07:00,41.75488283333333
1782322610,2026-06-24T10:36:50-07:00,41.75488283333333
1782322670,2026-06-24T10:37:50-07:00,41.75488283333333
1782322730,2026-06-24T10:38:50-07:00,41.75488283333333
1782322790,2026-06-24T10:39:50-07:00,68.87657333333333
1782322850,2026-06-24T10:40:50-07:00,68.87657333333333
1782322910,2026-06-24T10:41:50-07:00,68.87657333333333
1782322970,2026-06-24T10:42:50-07:00,68.87657333333333
1782323030,2026-06-24T10:43:50-07:00,68.87657333333333
1782323450,2026-06-24T10:50:50-07:00,67.78711616666666
1782323510,2026-06-24T10:51:50-07:00,67.78711616666666
1782323570,2026-06-24T10:52:50-07:00,67.78711616666666
1782323630,2026-06-24T10:53:50-07:00,67.78711616666666
1782323690,2026-06-24T10:54:50-07:00,67.78711616666666
1782323750,2026-06-24T10:55:50-07:00,73.27701833333333
1782323810,2026-06-24T10:56:50-07:00,73.27701833333333
1782323870,2026-06-24T10:57:50-07:00,73.27701833333333
1782323930,2026-06-24T10:58:50-07:00,73.27701833333333
1782323990,2026-06-24T10:59:50-07:00,73.27701833333333
1782324050,2026-06-24T11:00:50-07:00,40.3238865
1782324110,2026-06-24T11:01:50-07:00,40.3238865
1782324170,2026-06-24T11:02:50-07:00,40.3238865
1782324230,2026-06-24T11:03:50-07:00,40.3238865
1782324290,2026-06-24T11:04:50-07:00,40.3238865
1782324350,2026-06-24T11:05:50-07:00,68.29271766666666
1782324410,2026-06-24T11:06:50-07:00,68.29271766666666
1782324470,2026-06-24T11:07:50-07:00,68.29271766666666
1782324530,2026-06-24T11:08:50-07:00,68.29271766666666
1782324590,2026-06-24T11:09:50-07:00,68.29271766666666
1782324650,2026-06-24T11:10:50-07:00,70.04044566666666
1782324710,2026-06-24T11:11:50-07:00,70.04044566666666
1782324770,2026-06-24T11:12:50-07:00,70.04044566666666
1782324830,2026-06-24T11:13:50-07:00,70.04044566666666
1782324890,2026-06-24T11:14:50-07:00,70.04044566666666
1782324950,2026-06-24T11:15:50-07:00,37.213948333333335
1782325010,2026-06-24T11:16:50-07:00,37.213948333333335
1782325070,2026-06-24T11:17:50-07:00,37.213948333333335
1782325130,2026-06-24T11:18:50-07:00,37.213948333333335
1782325190,2026-06-24T11:19:50-07:00,37.213948333333335
1782325310,2026-06-24T11:21:50-07:00,72.05847149999998
1782325370,2026-06-24T11:22:50-07:00,72.05847149999998
1782325430,2026-06-24T11:23:50-07:00,72.05847149999998
1782325490,2026-06-24T11:24:50-07:00,72.05847149999998
1782325550,2026-06-24T11:25:50-07:00,72.05847149999998
1782325610,2026-06-24T11:26:50-07:00,36.882121
1782325670,2026-06-24T11:27:50-07:00,36.882121
1782325730,2026-06-24T11:28:50-07:00,36.882121
1782325790,2026-06-24T11:29:50-07:00,36.882121
1782325850,2026-06-24T11:30:50-07:00,36.882121
1782325910,2026-06-24T11:31:50-07:00,74.89906133333334
1782325970,2026-06-24T11:32:50-07:00,74.89906133333334
1782326030,2026-06-24T11:33:50-07:00,74.89906133333334
1782326090,2026-06-24T11:34:50-07:00,74.89906133333334
1782326150,2026-06-24T11:35:50-07:00,74.89906133333334
1782326210,2026-06-24T11:36:50-07:00,36.21141216666667
1782326270,2026-06-24T11:37:50-07:00,36.21141216666667
1782326330,2026-06-24T11:38:50-07:00,36.21141216666667
1782326390,2026-06-24T11:39:50-07:00,36.21141216666667
1782326450,2026-06-24T11:40:50-07:00,36.21141216666667
1782326510,2026-06-24T11:41:50-07:00,98.92993200000001
1782326570,2026-06-24T11:42:50-07:00,98.92993200000001
1782326630,2026-06-24T11:43:50-07:00,98.92993200000001
1782326690,2026-06-24T11:44:50-07:00,98.92993200000001
1782326750,2026-06-24T11:45:50-07:00,98.92993200000001
1782326810,2026-06-24T11:46:50-07:00,100.816366
1782326870,2026-06-24T11:47:50-07:00,100.816366
1782326930,2026-06-24T11:48:50-07:00,100.816366
1782326990,2026-06-24T11:49:50-07:00,100.816366
1782327050,2026-06-24T11:50:50-07:00,100.816366
1782327110,2026-06-24T11:51:50-07:00,35.040086333333335
1782327170,2026-06-24T11:52:50-07:00,35.040086333333335
1782327230,2026-06-24T11:53:50-07:00,35.040086333333335
1782327290,2026-06-24T11:54:50-07:00,35.040086333333335
1782327350,2026-06-24T11:55:50-07:00,35.040086333333335
1782327410,2026-06-24T11:56:50-07:00,40.41714816666667
1782327470,2026-06-24T11:57:50-07:00,40.41714816666667
1782327530,2026-06-24T11:58:50-07:00,40.41714816666667
1782327590,2026-06-24T11:59:50-07:00,40.41714816666667
1782327650,2026-06-24T12:00:50-07:00,40.41714816666667
1782327710,2026-06-24T12:01:50-07:00,45.821852
1782327770,2026-06-24T12:02:50-07:00,45.821852
1782327830,2026-06-24T12:03:50-07:00,45.821852
1782327890,2026-06-24T12:04:50-07:00,45.821852
1782327950,2026-06-24T12:05:50-07:00,45.821852
1782328070,2026-06-24T12:07:50-07:00,42.827847
1782328130,2026-06-24T12:08:50-07:00,42.827847
1782328190,2026-06-24T12:09:50-07:00,42.827847
1782328250,2026-06-24T12:10:50-07:00,42.827847
1782328310,2026-06-24T12:11:50-07:00,42.827847
1782328370,2026-06-24T12:12:50-07:00,45.49963366666666
1782328430,2026-06-24T12:13:50-07:00,45.49963366666666
1782328490,2026-06-24T12:14:50-07:00,45.49963366666666
1782328550,2026-06-24T12:15:50-07:00,45.49963366666666
1782328610,2026-06-24T12:16:50-07:00,45.49963366666666
1782328790,2026-06-24T12:19:50-07:00,51.26257966666666
1782328850,2026-06-24T12:20:50-07:00,51.26257966666666
1782328910,2026-06-24T12:21:50-07:00,51.26257966666666
1782328970,2026-06-24T12:22:50-07:00,51.26257966666666
1782329030,2026-06-24T12:23:50-07:00,51.26257966666666
1782329150,2026-06-24T12:25:50-07:00,39.06638616666667
1782329210,2026-06-24T12:26:50-07:00,39.06638616666667
1782329270,2026-06-24T12:27:50-07:00,39.06638616666667
1782329330,2026-06-24T12:28:50-07:00,39.06638616666667
1782329390,2026-06-24T12:29:50-07:00,39.06638616666667
1782329450,2026-06-24T12:30:50-07:00,131.917596
1782329510,2026-06-24T12:31:50-07:00,131.917596
1782329570,2026-06-24T12:32:50-07:00,131.917596
1782329630,2026-06-24T12:33:50-07:00,131.917596
1782329690,2026-06-24T12:34:50-07:00,131.917596
1782329990,2026-06-24T12:39:50-07:00,51.62241633333333
1782330050,2026-06-24T12:40:50-07:00,51.62241633333333
1782330110,2026-06-24T12:41:50-07:00,51.62241633333333
1782330170,2026-06-24T12:42:50-07:00,51.62241633333333
1782330230,2026-06-24T12:43:50-07:00,51.62241633333333
1782330350,2026-06-24T12:45:50-07:00,35.20735716666666
1782330410,2026-06-24T12:46:50-07:00,35.20735716666666
1782330470,2026-06-24T12:47:50-07:00,35.20735716666666
1782330530,2026-06-24T12:48:50-07:00,35.20735716666666
1782330590,2026-06-24T12:49:50-07:00,35.20735716666666
1782330770,2026-06-24T12:52:50-07:00,40.212416
1782330830,2026-06-24T12:53:50-07:00,40.212416
1782330890,2026-06-24T12:54:50-07:00,40.212416
1782330950,2026-06-24T12:55:50-07:00,40.212416
1782331010,2026-06-24T12:56:50-07:00,40.212416
1782331070,2026-06-24T12:57:50-07:00,67.39145216666667
1782331130,2026-06-24T12:58:50-07:00,67.39145216666667
1782331190,2026-06-24T12:59:50-07:00,67.39145216666667
1782331250,2026-06-24T13:00:50-07:00,67.39145216666667
1782331310,2026-06-24T13:01:50-07:00,67.39145216666667
1782331430,2026-06-24T13:03:50-07:00,36.13656266666667
1782331490,2026-06-24T13:04:50-07:00,36.13656266666667
1782331550,2026-06-24T13:05:50-07:00,36.13656266666667
1782331610,2026-06-24T13:06:50-07:00,36.13656266666667
1782331670,2026-06-24T13:07:50-07:00,36.13656266666667
1782331730,2026-06-24T13:08:50-07:00,45.987365833333335
1782331790,2026-06-24T13:09:50-07:00,45.987365833333335
1782331850,2026-06-24T13:10:50-07:00,45.987365833333335
1782331910,2026-06-24T13:11:50-07:00,45.987365833333335
1782331970,2026-06-24T13:12:50-07:00,45.987365833333335
1782332210,2026-06-24T13:16:50-07:00,43.70536283333333
1782332270,2026-06-24T13:17:50-07:00,43.70536283333333
1782332330,2026-06-24T13:18:50-07:00,43.70536283333333
1782332390,2026-06-24T13:19:50-07:00,43.70536283333333
1782332450,2026-06-24T13:20:50-07:00,43.70536283333333
1782332570,2026-06-24T13:22:50-07:00,34.5309245
1782332630,2026-06-24T13:23:50-07:00,34.5309245
1782332690,2026-06-24T13:24:50-07:00,34.5309245
1782332750,2026-06-24T13:25:50-07:00,34.5309245
1782332810,2026-06-24T13:26:50-07:00,34.5309245
1782332870,2026-06-24T13:27:50-07:00,37.13115766666666
1782332930,2026-06-24T13:28:50-07:00,37.13115766666666
1782332990,2026-06-24T13:29:50-07:00,37.13115766666666
1782333050,2026-06-24T13:30:50-07:00,37.13115766666666
1782333110,2026-06-24T13:31:50-07:00,37.13115766666666
1782333170,2026-06-24T13:32:50-07:00,36.22077766666667
1782333230,2026-06-24T13:33:50-07:00,36.22077766666667
1782333290,2026-06-24T13:34:50-07:00,36.22077766666667
1782333350,2026-06-24T13:35:50-07:00,36.22077766666667
1782333410,2026-06-24T13:36:50-07:00,36.22077766666667
1782333590,2026-06-24T13:39:50-07:00,39.37321633333334
1782333650,2026-06-24T13:40:50-07:00,39.37321633333334
1782333710,2026-06-24T13:41:50-07:00,39.37321633333334
1782333770,2026-06-24T13:42:50-07:00,39.37321633333334
1782333830,2026-06-24T13:43:50-07:00,39.37321633333334
1782334010,2026-06-24T13:46:50-07:00,37.095459000000005
1782334070,2026-06-24T13:47:50-07:00,37.095459000000005
1782334130,2026-06-24T13:48:50-07:00,37.095459000000005
1782334190,2026-06-24T13:49:50-07:00,37.095459000000005
1782334250,2026-06-24T13:50:50-07:00,37.095459000000005
1782334430,2026-06-24T13:53:50-07:00,37.70839433333333
1782334490,2026-06-24T13:54:50-07:00,37.70839433333333
1782334550,2026-06-24T13:55:50-07:00,37.70839433333333
1782334610,2026-06-24T13:56:50-07:00,37.70839433333333
1782334670,2026-06-24T13:57:50-07:00,37.70839433333333
1782334730,2026-06-24T13:58:50-07:00,42.94527166666666
1782334790,2026-06-24T13:59:50-07:00,42.94527166666666
1782334850,2026-06-24T14:00:50-07:00,42.94527166666666
1782334910,2026-06-24T14:01:50-07:00,42.94527166666666
1782334970,2026-06-24T14:02:50-07:00,42.94527166666666
1782335090,2026-06-24T14:04:50-07:00,40.615451166666666
1782335150,2026-06-24T14:05:50-07:00,40.615451166666666
1782335210,2026-06-24T14:06:50-07:00,40.615451166666666
1782335270,2026-06-24T14:07:50-07:00,40.615451166666666
1782335330,2026-06-24T14:08:50-07:00,40.615451166666666
1782335450,2026-06-24T14:10:50-07:00,38.006375
1782335510,2026-06-24T14:11:50-07:00,38.006375
1782335570,2026-06-24T14:12:50-07:00,38.006375
1782335630,2026-06-24T14:13:50-07:00,38.006375
1782335690,2026-06-24T14:14:50-07:00,38.006375
1782335810,2026-06-24T14:16:50-07:00,37.770480666666664
1782335870,2026-06-24T14:17:50-07:00,37.770480666666664
1782335930,2026-06-24T14:18:50-07:00,37.770480666666664
1782335990,2026-06-24T14:19:50-07:00,37.770480666666664
1782336050,2026-06-24T14:20:50-07:00,37.770480666666664
1782336170,2026-06-24T14:22:50-07:00,36.54797383333334
1782336230,2026-06-24T14:23:50-07:00,36.54797383333334
1782336290,2026-06-24T14:24:50-07:00,36.54797383333334
1782336350,2026-06-24T14:25:50-07:00,36.54797383333334
1782336410,2026-06-24T14:26:50-07:00,36.54797383333334
1782336530,2026-06-24T14:28:50-07:00,39.131150999999996
1782336590,2026-06-24T14:29:50-07:00,39.131150999999996
1782336650,2026-06-24T14:30:50-07:00,39.131150999999996
1782336710,2026-06-24T14:31:50-07:00,39.131150999999996
1782336770,2026-06-24T14:32:50-07:00,39.131150999999996
1782336890,2026-06-24T14:34:50-07:00,54.1250545
1782336950,2026-06-24T14:35:50-07:00,54.1250545
1782337010,2026-06-24T14:36:50-07:00,54.1250545
1782337070,2026-06-24T14:37:50-07:00,54.1250545
1782337130,2026-06-24T14:38:50-07:00,54.1250545
1782337250,2026-06-24T14:40:50-07:00,38.663398
1782337310,2026-06-24T14:41:50-07:00,38.663398
1782337370,2026-06-24T14:42:50-07:00,38.663398
1782337430,2026-06-24T14:43:50-07:00,38.663398
1782337490,2026-06-24T14:44:50-07:00,38.663398
1782337610,2026-06-24T14:46:50-07:00,38.622761833333335
1782337670,2026-06-24T14:47:50-07:00,38.622761833333335
1782337730,2026-06-24T14:48:50-07:00,38.622761833333335
1782337790,2026-06-24T14:49:50-07:00,38.622761833333335
1782337850,2026-06-24T14:50:50-07:00,38.622761833333335
1782337910,2026-06-24T14:51:50-07:00,44.10445833333333
1782337970,2026-06-24T14:52:50-07:00,44.10445833333333
1782338030,2026-06-24T14:53:50-07:00,44.10445833333333
1782338090,2026-06-24T14:54:50-07:00,44.10445833333333
1782338150,2026-06-24T14:55:50-07:00,44.10445833333333
1782338270,2026-06-24T14:57:50-07:00,39.648078000000005
1782338330,2026-06-24T14:58:50-07:00,39.648078000000005
1782338390,2026-06-24T14:59:50-07:00,39.648078000000005
1782338450,2026-06-24T15:00:50-07:00,39.648078000000005
1782338510,2026-06-24T15:01:50-07:00,39.648078000000005
1782338690,2026-06-24T15:04:50-07:00,39.060546833333326
1782338750,2026-06-24T15:05:50-07:00,39.060546833333326
1782338810,2026-06-24T15:06:50-07:00,39.060546833333326
1782338870,2026-06-24T15:07:50-07:00,39.060546833333326
1782338930,2026-06-24T15:08:50-07:00,39.060546833333326
1782338990,2026-06-24T15:09:50-07:00,71.25094933333334
1782339050,2026-06-24T15:10:50-07:00,71.25094933333334
1782339110,2026-06-24T15:11:50-07:00,71.25094933333334
1782339170,2026-06-24T15:12:50-07:00,71.25094933333334
1782339230,2026-06-24T15:13:50-07:00,71.25094933333334
1782339290,2026-06-24T15:14:50-07:00,69.33404533333332
1782339350,2026-06-24T15:15:50-07:00,69.33404533333332
1782339410,2026-06-24T15:16:50-07:00,69.33404533333332
1782339470,2026-06-24T15:17:50-07:00,69.33404533333332
1782339530,2026-06-24T15:18:50-07:00,69.33404533333332
1782339650,2026-06-24T15:20:50-07:00,33.639221
1782339710,2026-06-24T15:21:50-07:00,33.639221
1782339770,2026-06-24T15:22:50-07:00,33.639221
1782339830,2026-06-24T15:23:50-07:00,33.639221
1782339890,2026-06-24T15:24:50-07:00,33.639221
1782340010,2026-06-24T15:26:50-07:00,34.86878099999999
1782340070,2026-06-24T15:27:50-07:00,34.86878099999999
1782340130,2026-06-24T15:28:50-07:00,34.86878099999999
1782340190,2026-06-24T15:29:50-07:00,34.86878099999999
1782340250,2026-06-24T15:30:50-07:00,34.86878099999999
1782340370,2026-06-24T15:32:50-07:00,35.536736166666664
1782340430,2026-06-24T15:33:50-07:00,35.536736166666664
1782340490,2026-06-24T15:34:50-07:00,35.536736166666664
1782340550,2026-06-24T15:35:50-07:00,35.536736166666664
1782340610,2026-06-24T15:36:50-07:00,35.536736166666664
1782340670,2026-06-24T15:37:50-07:00,35.784356333333335
1782340730,2026-06-24T15:38:50-07:00,35.784356333333335
1782340790,2026-06-24T15:39:50-07:00,35.784356333333335
1782340850,2026-06-24T15:40:50-07:00,35.784356333333335
1782340910,2026-06-24T15:41:50-07:00,35.784356333333335
1782340970,2026-06-24T15:42:50-07:00,38.684109166666666
1782341030,2026-06-24T15:43:50-07:00,38.684109166666666
1782341090,2026-06-24T15:44:50-07:00,38.684109166666666
1782341150,2026-06-24T15:45:50-07:00,38.684109166666666
1782341210,2026-06-24T15:46:50-07:00,38.684109166666666
1782341330,2026-06-24T15:48:50-07:00,42.63601333333333
1782341390,2026-06-24T15:49:50-07:00,42.63601333333333
1782341450,2026-06-24T15:50:50-07:00,42.63601333333333
1782341510,2026-06-24T15:51:50-07:00,42.63601333333333
1782341570,2026-06-24T15:52:50-07:00,42.63601333333333
1782341630,2026-06-24T15:53:50-07:00,34.830051
1782341690,2026-06-24T15:54:50-07:00,34.830051
1782341750,2026-06-24T15:55:50-07:00,34.830051
1782341810,2026-06-24T15:56:50-07:00,34.830051
1782341870,2026-06-24T15:57:50-07:00,34.830051
1782341990,2026-06-24T15:59:50-07:00,35.6178115
1782342050,2026-06-24T16:00:50-07:00,35.6178115
1782342110,2026-06-24T16:01:50-07:00,35.6178115
1782342170,2026-06-24T16:02:50-07:00,35.6178115
1782342230,2026-06-24T16:03:50-07:00,35.6178115
1782342290,2026-06-24T16:04:50-07:00,43.040941000000004
1782342350,2026-06-24T16:05:50-07:00,43.040941000000004
1782342410,2026-06-24T16:06:50-07:00,43.040941000000004
1782342470,2026-06-24T16:07:50-07:00,43.040941000000004
1782342530,2026-06-24T16:08:50-07:00,43.040941000000004
1782342650,2026-06-24T16:10:50-07:00,39.68193233333333
1782342710,2026-06-24T16:11:50-07:00,39.68193233333333
1782342770,2026-06-24T16:12:50-07:00,39.68193233333333
1782342830,2026-06-24T16:13:50-07:00,39.68193233333333
1782342890,2026-06-24T16:14:50-07:00,39.68193233333333
1782343010,2026-06-24T16:16:50-07:00,42.943251000000004
1782343070,2026-06-24T16:17:50-07:00,42.943251000000004
1782343130,2026-06-24T16:18:50-07:00,42.943251000000004
1782343190,2026-06-24T16:19:50-07:00,42.943251000000004
1782343250,2026-06-24T16:20:50-07:00,42.943251000000004
1782343310,2026-06-24T16:21:50-07:00,65.00689033333333
1782343370,2026-06-24T16:22:50-07:00,65.00689033333333
1782343430,2026-06-24T16:23:50-07:00,65.00689033333333
1782343490,2026-06-24T16:24:50-07:00,65.00689033333333
1782343550,2026-06-24T16:25:50-07:00,65.00689033333333
1782343670,2026-06-24T16:27:50-07:00,35.670905
1782343730,2026-06-24T16:28:50-07:00,35.670905
1782343790,2026-06-24T16:29:50-07:00,35.670905
1782343850,2026-06-24T16:30:50-07:00,35.670905
1782343910,2026-06-24T16:31:50-07:00,35.670905
1782343970,2026-06-24T16:32:50-07:00,39.2078585
1782344030,2026-06-24T16:33:50-07:00,39.2078585
1782344090,2026-06-24T16:34:50-07:00,39.2078585
1782344150,2026-06-24T16:35:50-07:00,39.2078585
1782344210,2026-06-24T16:36:50-07:00,39.2078585
1782344270,2026-06-24T16:37:50-07:00,67.05200883333333
1782344330,2026-06-24T16:38:50-07:00,67.05200883333333
1782344390,2026-06-24T16:39:50-07:00,67.05200883333333
1782344450,2026-06-24T16:40:50-07:00,67.05200883333333
1782344510,2026-06-24T16:41:50-07:00,67.05200883333333
1782344870,2026-06-24T16:47:50-07:00,136.36168083333334
1782344930,2026-06-24T16:48:50-07:00,136.36168083333334
1782344990,2026-06-24T16:49:50-07:00,136.36168083333334
1782345050,2026-06-24T16:50:50-07:00,136.36168083333334
1782345110,2026-06-24T16:51:50-07:00,136.36168083333334
1782345230,2026-06-24T16:53:50-07:00,123.6379195
1782345290,2026-06-24T16:54:50-07:00,123.6379195
1782345350,2026-06-24T16:55:50-07:00,123.6379195
1782345410,2026-06-24T16:56:50-07:00,123.6379195
1782345470,2026-06-24T16:57:50-07:00,123.6379195
1782345650,2026-06-24T17:00:50-07:00,34.99778916666666
1782345710,2026-06-24T17:01:50-07:00,34.99778916666666
1782345770,2026-06-24T17:02:50-07:00,34.99778916666666
1782345830,2026-06-24T17:03:50-07:00,34.99778916666666
1782345890,2026-06-24T17:04:50-07:00,34.99778916666666
1782346010,2026-06-24T17:06:50-07:00,37.313836
1782346070,2026-06-24T17:07:50-07:00,37.313836
1782346130,2026-06-24T17:08:50-07:00,37.313836
1782346190,2026-06-24T17:09:50-07:00,37.313836
1782346250,2026-06-24T17:10:50-07:00,37.313836
1782346430,2026-06-24T17:13:50-07:00,38.37993016666666
1782346490,2026-06-24T17:14:50-07:00,38.37993016666666
1782346550,2026-06-24T17:15:50-07:00,38.37993016666666
1782346610,2026-06-24T17:16:50-07:00,38.37993016666666
1782346670,2026-06-24T17:17:50-07:00,33.40981016666667
1782346730,2026-06-24T17:18:50-07:00,33.40981016666667
1782346790,2026-06-24T17:19:50-07:00,33.40981016666667
1782346850,2026-06-24T17:20:50-07:00,33.40981016666667
1782346910,2026-06-24T17:21:50-07:00,33.40981016666667
1782347030,2026-06-24T17:23:50-07:00,41.578796499999996
1782347090,2026-06-24T17:24:50-07:00,41.578796499999996
1782347150,2026-06-24T17:25:50-07:00,41.578796499999996
1782347210,2026-06-24T17:26:50-07:00,41.578796499999996
1782347270,2026-06-24T17:27:50-07:00,41.578796499999996
1782347330,2026-06-24T17:28:50-07:00,36.65567366666667
1782347390,2026-06-24T17:29:50-07:00,36.65567366666667
1782347450,2026-06-24T17:30:50-07:00,36.65567366666667
1782347510,2026-06-24T17:31:50-07:00,36.65567366666667
1782347570,2026-06-24T17:32:50-07:00,36.65567366666667
1782347750,2026-06-24T17:35:50-07:00,38.60932766666667
1782347810,2026-06-24T17:36:50-07:00,38.60932766666667
1782347870,2026-06-24T17:37:50-07:00,38.60932766666667
1782347930,2026-06-24T17:38:50-07:00,38.60932766666667
1782347990,2026-06-24T17:39:50-07:00,38.60932766666667
1782348110,2026-06-24T17:41:50-07:00,35.95176166666667
1782348170,2026-06-24T17:42:50-07:00,35.95176166666667
1782348230,2026-06-24T17:43:50-07:00,35.95176166666667
1782348290,2026-06-24T17:44:50-07:00,35.95176166666667
1782348350,2026-06-24T17:45:50-07:00,35.95176166666667
1782348470,2026-06-24T17:47:50-07:00,32.00757516666667
1782348530,2026-06-24T17:48:50-07:00,32.00757516666667
1782348590,2026-06-24T17:49:50-07:00,32.00757516666667
1782348650,2026-06-24T17:50:50-07:00,32.00757516666667
1782348710,2026-06-24T17:51:50-07:00,32.00757516666667
1782348830,2026-06-24T17:53:50-07:00,35.2393865
1782348890,2026-06-24T17:54:50-07:00,35.2393865
1782348950,2026-06-24T17:55:50-07:00,35.2393865
1782349010,2026-06-24T17:56:50-07:00,35.2393865
1782349070,2026-06-24T17:57:50-07:00,35.2393865
1782349490,2026-06-24T18:04:50-07:00,34.91590716666666
1782349550,2026-06-24T18:05:50-07:00,34.91590716666666
1782349610,2026-06-24T18:06:50-07:00,34.91590716666666
1782349670,2026-06-24T18:07:50-07:00,34.91590716666666
1782349730,2026-06-24T18:08:50-07:00,34.91590716666666
1782349910,2026-06-24T18:11:50-07:00,39.269395833333334
1782349970,2026-06-24T18:12:50-07:00,39.269395833333334
1782350030,2026-06-24T18:13:50-07:00,39.269395833333334
1782350090,2026-06-24T18:14:50-07:00,39.269395833333334
1782350150,2026-06-24T18:15:50-07:00,39.269395833333334
1782350210,2026-06-24T18:16:50-07:00,56.391154166666674
1782350270,2026-06-24T18:17:50-07:00,56.391154166666674
1782350330,2026-06-24T18:18:50-07:00,56.391154166666674
1782350390,2026-06-24T18:19:50-07:00,56.391154166666674
1782350450,2026-06-24T18:20:50-07:00,56.391154166666674
1782350510,2026-06-24T18:21:50-07:00,72.08839250000001
1782350570,2026-06-24T18:22:50-07:00,72.08839250000001
1782350630,2026-06-24T18:23:50-07:00,72.08839250000001
1782350690,2026-06-24T18:24:50-07:00,72.08839250000001
1782350750,2026-06-24T18:25:50-07:00,72.08839250000001
1782350810,2026-06-24T18:26:50-07:00,86.11932366666667
1782350870,2026-06-24T18:27:50-07:00,86.11932366666667
1782350930,2026-06-24T18:28:50-07:00,86.11932366666667
1782350990,2026-06-24T18:29:50-07:00,86.11932366666667
1782351050,2026-06-24T18:30:50-07:00,86.11932366666667
1782351110,2026-06-24T18:31:50-07:00,36.03471533333334
1782351170,2026-06-24T18:32:50-07:00,36.03471533333334
1782351230,2026-06-24T18:33:50-07:00,36.03471533333334
1782351290,2026-06-24T18:34:50-07:00,36.03471533333334
1782351350,2026-06-24T18:35:50-07:00,36.03471533333334
1782351410,2026-06-24T18:36:50-07:00,96.02945283333332
1782351470,2026-06-24T18:37:50-07:00,96.02945283333332
1782351530,2026-06-24T18:38:50-07:00,96.02945283333332
1782351590,2026-06-24T18:39:50-07:00,96.02945283333332
1782351650,2026-06-24T18:40:50-07:00,96.02945283333332
1782351710,2026-06-24T18:41:50-07:00,57.191976000000004
1782351770,2026-06-24T18:42:50-07:00,57.191976000000004
1782351830,2026-06-24T18:43:50-07:00,57.191976000000004
1782351890,2026-06-24T18:44:50-07:00,57.191976000000004
1782351950,2026-06-24T18:45:50-07:00,57.191976000000004
1782352010,2026-06-24T18:46:50-07:00,42.809394
1782352070,2026-06-24T18:47:50-07:00,42.809394
1782352130,2026-06-24T18:48:50-07:00,42.809394
1782352190,2026-06-24T18:49:50-07:00,42.809394
1782352250,2026-06-24T18:50:50-07:00,42.809394
1782352430,2026-06-24T18:53:50-07:00,36.215291
1782352490,2026-06-24T18:54:50-07:00,36.215291
1782352550,2026-06-24T18:55:50-07:00,36.215291
1782352610,2026-06-24T18:56:50-07:00,36.215291
1782352670,2026-06-24T18:57:50-07:00,36.215291
1782352790,2026-06-24T18:59:50-07:00,92.36678066666667
1782352850,2026-06-24T19:00:50-07:00,92.36678066666667
1782352910,2026-06-24T19:01:50-07:00,92.36678066666667
1782352970,2026-06-24T19:02:50-07:00,92.36678066666667
1782353030,2026-06-24T19:03:50-07:00,92.36678066666667
1782353150,2026-06-24T19:05:50-07:00,39.446594166666664
1782353210,2026-06-24T19:06:50-07:00,39.446594166666664
1782353270,2026-06-24T19:07:50-07:00,39.446594166666664
1782353330,2026-06-24T19:08:50-07:00,39.446594166666664
1782353390,2026-06-24T19:09:50-07:00,39.446594166666664
1782353510,2026-06-24T19:11:50-07:00,39.680766
1782353570,2026-06-24T19:12:50-07:00,39.680766
1782353630,2026-06-24T19:13:50-07:00,39.680766
1782353690,2026-06-24T19:14:50-07:00,39.680766
1782353750,2026-06-24T19:15:50-07:00,39.680766
1782353870,2026-06-24T19:17:50-07:00,40.08161066666666
1782353930,2026-06-24T19:18:50-07:00,40.08161066666666
1782353990,2026-06-24T19:19:50-07:00,40.08161066666666
1782354050,2026-06-24T19:20:50-07:00,40.08161066666666
1782354110,2026-06-24T19:21:50-07:00,40.08161066666666
1782354230,2026-06-24T19:23:50-07:00,35.38994
1782354290,2026-06-24T19:24:50-07:00,35.38994
1782354350,2026-06-24T19:25:50-07:00,35.38994
1782354410,2026-06-24T19:26:50-07:00,35.38994
1782354470,2026-06-24T19:27:50-07:00,35.38994
1782354650,2026-06-24T19:30:50-07:00,37.225525
1782354710,2026-06-24T19:31:50-07:00,37.225525
1782354770,2026-06-24T19:32:50-07:00,37.225525
1782354830,2026-06-24T19:33:50-07:00,37.225525
1782354890,2026-06-24T19:34:50-07:00,37.225525
1782355010,2026-06-24T19:36:50-07:00,44.45528833333333
1782355070,2026-06-24T19:37:50-07:00,44.45528833333333
1782355130,2026-06-24T19:38:50-07:00,44.45528833333333
1782355190,2026-06-24T19:39:50-07:00,44.45528833333333
1782355250,2026-06-24T19:40:50-07:00,44.45528833333333
1782355310,2026-06-24T19:41:50-07:00,40.32569016666667
1782355370,2026-06-24T19:42:50-07:00,40.32569016666667
1782355430,2026-06-24T19:43:50-07:00,40.32569016666667
1782355490,2026-06-24T19:44:50-07:00,40.32569016666667
1782355550,2026-06-24T19:45:50-07:00,40.32569016666667
1782355730,2026-06-24T19:48:50-07:00,38.383212666666665
1782355790,2026-06-24T19:49:50-07:00,38.383212666666665
1782355850,2026-06-24T19:50:50-07:00,38.383212666666665
1782355910,2026-06-24T19:51:50-07:00,38.383212666666665
1782355970,2026-06-24T19:52:50-07:00,38.383212666666665
1782356030,2026-06-24T19:53:50-07:00,36.12887249999999
1782356090,2026-06-24T19:54:50-07:00,36.12887249999999
1782356150,2026-06-24T19:55:50-07:00,36.12887249999999
1782356210,2026-06-24T19:56:50-07:00,36.12887249999999
1782356270,2026-06-24T19:57:50-07:00,36.12887249999999
1782356630,2026-06-24T20:03:50-07:00,74.27486166666665
1782356690,2026-06-24T20:04:50-07:00,74.27486166666665
1782356750,2026-06-24T20:05:50-07:00,74.27486166666665
1782356810,2026-06-24T20:06:50-07:00,74.27486166666665
1782356870,2026-06-24T20:07:50-07:00,74.27486166666665
1782356930,2026-06-24T20:08:50-07:00,38.30859366666667
1782356990,2026-06-24T20:09:50-07:00,38.30859366666667
1782357050,2026-06-24T20:10:50-07:00,38.30859366666667
1782357110,2026-06-24T20:11:50-07:00,38.30859366666667
1782357170,2026-06-24T20:12:50-07:00,38.30859366666667
1782357290,2026-06-24T20:14:50-07:00,73.041972
1782357350,2026-06-24T20:15:50-07:00,73.041972
1782357410,2026-06-24T20:16:50-07:00,73.041972
1782357470,2026-06-24T20:17:50-07:00,73.041972
1782357530,2026-06-24T20:18:50-07:00,73.041972
1782357590,2026-06-24T20:19:50-07:00,63.759446833333335
1782357650,2026-06-24T20:20:50-07:00,63.759446833333335
1782357710,2026-06-24T20:21:50-07:00,63.759446833333335
1782357770,2026-06-24T20:22:50-07:00,63.759446833333335
1782357830,2026-06-24T20:23:50-07:00,63.759446833333335
1782357890,2026-06-24T20:24:50-07:00,39.4758505
1782357950,2026-06-24T20:25:50-07:00,39.4758505
1782358010,2026-06-24T20:26:50-07:00,39.4758505
1782358070,2026-06-24T20:27:50-07:00,39.4758505
1782358130,2026-06-24T20:28:50-07:00,39.4758505
1782358190,2026-06-24T20:29:50-07:00,74.69089766666666
1782358250,2026-06-24T20:30:50-07:00,74.69089766666666
1782358310,2026-06-24T20:31:50-07:00,74.69089766666666
1782358370,2026-06-24T20:32:50-07:00,74.69089766666666
1782358430,2026-06-24T20:33:50-07:00,74.69089766666666
1782358490,2026-06-24T20:34:50-07:00,127.07336433333334
1782358550,2026-06-24T20:35:50-07:00,127.07336433333334
1782358610,2026-06-24T20:36:50-07:00,127.07336433333334
1782358670,2026-06-24T20:37:50-07:00,127.07336433333334
1782358730,2026-06-24T20:38:50-07:00,127.07336433333334
1782359150,2026-06-24T20:45:50-07:00,71.46720383333333
1782359210,2026-06-24T20:46:50-07:00,71.46720383333333
1782359270,2026-06-24T20:47:50-07:00,71.46720383333333
1782359330,2026-06-24T20:48:50-07:00,71.46720383333333
1782359390,2026-06-24T20:49:50-07:00,71.46720383333333
1782359450,2026-06-24T20:50:50-07:00,67.33577483333335
1782359510,2026-06-24T20:51:50-07:00,67.33577483333335
1782359570,2026-06-24T20:52:50-07:00,67.33577483333335
1782359630,2026-06-24T20:53:50-07:00,67.33577483333335
1782359690,2026-06-24T20:54:50-07:00,67.33577483333335
1782359750,2026-06-24T20:55:50-07:00,38.08657483333334
1782359810,2026-06-24T20:56:50-07:00,38.08657483333334
1782359870,2026-06-24T20:57:50-07:00,38.08657483333334
1782359930,2026-06-24T20:58:50-07:00,38.08657483333334
1782359990,2026-06-24T20:59:50-07:00,38.08657483333334
1782360050,2026-06-24T21:00:50-07:00,38.15138066666667
1782360110,2026-06-24T21:01:50-07:00,38.15138066666667
1782360170,2026-06-24T21:02:50-07:00,38.15138066666667
1782360230,2026-06-24T21:03:50-07:00,38.15138066666667
1782360290,2026-06-24T21:04:50-07:00,38.15138066666667
1782360350,2026-06-24T21:05:50-07:00,70.81841333333332
1782360410,2026-06-24T21:06:50-07:00,70.81841333333332
1782360470,2026-06-24T21:07:50-07:00,70.81841333333332
1782360530,2026-06-24T21:08:50-07:00,70.81841333333332
1782360590,2026-06-24T21:09:50-07:00,70.81841333333332
1782360710,2026-06-24T21:11:50-07:00,77.87826866666667
1782360770,2026-06-24T21:12:50-07:00,77.87826866666667
1782360830,2026-06-24T21:13:50-07:00,77.87826866666667
1782360890,2026-06-24T21:14:50-07:00,77.87826866666667
1782360950,2026-06-24T21:15:50-07:00,77.87826866666667
1782361010,2026-06-24T21:16:50-07:00,65.11019549999999
1782361070,2026-06-24T21:17:50-07:00,65.11019549999999
1782361130,2026-06-24T21:18:50-07:00,65.11019549999999
1782361190,2026-06-24T21:19:50-07:00,65.11019549999999
1782361250,2026-06-24T21:20:50-07:00,65.11019549999999
1782361310,2026-06-24T21:21:50-07:00,53.42271616666667
1782361370,2026-06-24T21:22:50-07:00,53.42271616666667
1782361430,2026-06-24T21:23:50-07:00,53.42271616666667
1782361490,2026-06-24T21:24:50-07:00,53.42271616666667
1782361550,2026-06-24T21:25:50-07:00,53.42271616666667
1782361610,2026-06-24T21:26:50-07:00,56.017347166666674
1782361670,2026-06-24T21:27:50-07:00,56.017347166666674
1782361730,2026-06-24T21:28:50-07:00,56.017347166666674
1782361790,2026-06-24T21:29:50-07:00,56.017347166666674
1782361850,2026-06-24T21:30:50-07:00,56.017347166666674
1782361910,2026-06-24T21:31:50-07:00,79.46150716666666
1782361970,2026-06-24T21:32:50-07:00,79.46150716666666
1782362030,2026-06-24T21:33:50-07:00,79.46150716666666
1782362090,2026-06-24T21:34:50-07:00,79.46150716666666
1782362150,2026-06-24T21:35:50-07:00,79.46150716666666
1782362210,2026-06-24T21:36:50-07:00,35.544915
1782362270,2026-06-24T21:37:50-07:00,35.544915
1782362330,2026-06-24T21:38:50-07:00,35.544915
1782362390,2026-06-24T21:39:50-07:00,35.544915
1782362450,2026-06-24T21:40:50-07:00,35.544915
1782362510,2026-06-24T21:41:50-07:00,56.08505566666667
1782362570,2026-06-24T21:42:50-07:00,56.08505566666667
1782362630,2026-06-24T21:43:50-07:00,56.08505566666667
1782362690,2026-06-24T21:44:50-07:00,56.08505566666667
1782362750,2026-06-24T21:45:50-07:00,56.08505566666667
1782362810,2026-06-24T21:46:50-07:00,50.351277833333334
1782362870,2026-06-24T21:47:50-07:00,50.351277833333334
1782362930,2026-06-24T21:48:50-07:00,50.351277833333334
1782362990,2026-06-24T21:49:50-07:00,50.351277833333334
1782363050,2026-06-24T21:50:50-07:00,50.351277833333334
1782363110,2026-06-24T21:51:50-07:00,32.660475166666664
1782363170,2026-06-24T21:52:50-07:00,32.660475166666664
1782363230,2026-06-24T21:53:50-07:00,32.660475166666664
1782363290,2026-06-24T21:54:50-07:00,32.660475166666664
1782363350,2026-06-24T21:55:50-07:00,32.660475166666664
1782363410,2026-06-24T21:56:50-07:00,52.26068766666666
1782363470,2026-06-24T21:57:50-07:00,52.26068766666666
1782363530,2026-06-24T21:58:50-07:00,52.26068766666666
1782363590,2026-06-24T21:59:50-07:00,52.26068766666666
1782363650,2026-06-24T22:00:50-07:00,52.26068766666666
1782363770,2026-06-24T22:02:50-07:00,68.65675866666668
1782363830,2026-06-24T22:03:50-07:00,68.65675866666668
1782363890,2026-06-24T22:04:50-07:00,68.65675866666668
1782363950,2026-06-24T22:05:50-07:00,68.65675866666668
1782364010,2026-06-24T22:06:50-07:00,68.65675866666668
1782364070,2026-06-24T22:07:50-07:00,71.85525166666666
1782364130,2026-06-24T22:08:50-07:00,71.85525166666666
1782364190,2026-06-24T22:09:50-07:00,71.85525166666666
1782364250,2026-06-24T22:10:50-07:00,71.85525166666666
1782364310,2026-06-24T22:11:50-07:00,71.85525166666666
1782364370,2026-06-24T22:12:50-07:00,43.67487233333333
1782364430,2026-06-24T22:13:50-07:00,43.67487233333333
1782364490,2026-06-24T22:14:50-07:00,43.67487233333333
1782364550,2026-06-24T22:15:50-07:00,43.67487233333333
1782364610,2026-06-24T22:16:50-07:00,43.67487233333333
1782364670,2026-06-24T22:17:50-07:00,93.54739049999999
1782364730,2026-06-24T22:18:50-07:00,93.54739049999999
1782364790,2026-06-24T22:19:50-07:00,93.54739049999999
1782364850,2026-06-24T22:20:50-07:00,93.54739049999999
1782364910,2026-06-24T22:21:50-07:00,93.54739049999999
1782364970,2026-06-24T22:22:50-07:00,40.02446166666667
1782365030,2026-06-24T22:23:50-07:00,40.02446166666667
1782365090,2026-06-24T22:24:50-07:00,40.02446166666667
1782365150,2026-06-24T22:25:50-07:00,40.02446166666667
1782365210,2026-06-24T22:26:50-07:00,40.02446166666667
1782365270,2026-06-24T22:27:50-07:00,67.38429766666667
1782365330,2026-06-24T22:28:50-07:00,67.38429766666667
1782365390,2026-06-24T22:29:50-07:00,67.38429766666667
1782365450,2026-06-24T22:30:50-07:00,67.38429766666667
1782365510,2026-06-24T22:31:50-07:00,67.38429766666667
1782365570,2026-06-24T22:32:50-07:00,39.07493766666667
1782365630,2026-06-24T22:33:50-07:00,39.07493766666667
1782365690,2026-06-24T22:34:50-07:00,39.07493766666667
1782365750,2026-06-24T22:35:50-07:00,39.07493766666667
1782365810,2026-06-24T22:36:50-07:00,39.07493766666667
1782365930,2026-06-24T22:38:50-07:00,52.82900683333333
1782365990,2026-06-24T22:39:50-07:00,52.82900683333333
1782366050,2026-06-24T22:40:50-07:00,52.82900683333333
1782366110,2026-06-24T22:41:50-07:00,52.82900683333333
1782366170,2026-06-24T22:42:50-07:00,52.82900683333333
1782366230,2026-06-24T22:43:50-07:00,68.33218066666667
1782366290,2026-06-24T22:44:50-07:00,68.33218066666667
1782366350,2026-06-24T22:45:50-07:00,68.33218066666667
1782366410,2026-06-24T22:46:50-07:00,68.33218066666667
1782366470,2026-06-24T22:47:50-07:00,68.33218066666667
1782366530,2026-06-24T22:48:50-07:00,66.00482183333332
1782366590,2026-06-24T22:49:50-07:00,66.00482183333332
1782366650,2026-06-24T22:50:50-07:00,66.00482183333332
1782366710,2026-06-24T22:51:50-07:00,66.00482183333332
1782366770,2026-06-24T22:52:50-07:00,66.00482183333332
1782366830,2026-06-24T22:53:50-07:00,40.317335333333325
1782366890,2026-06-24T22:54:50-07:00,40.317335333333325
1782366950,2026-06-24T22:55:50-07:00,40.317335333333325
1782367010,2026-06-24T22:56:50-07:00,40.317335333333325
1782367070,2026-06-24T22:57:50-07:00,40.317335333333325
1782367130,2026-06-24T22:58:50-07:00,69.20511883333334
1782367190,2026-06-24T22:59:50-07:00,69.20511883333334
1782367250,2026-06-24T23:00:50-07:00,69.20511883333334
1782367310,2026-06-24T23:01:50-07:00,69.20511883333334
1782367370,2026-06-24T23:02:50-07:00,69.20511883333334
1782367430,2026-06-24T23:03:50-07:00,74.03346783333335
1782367490,2026-06-24T23:04:50-07:00,74.03346783333335
1782367550,2026-06-24T23:05:50-07:00,74.03346783333335
1782367610,2026-06-24T23:06:50-07:00,74.03346783333335
1782367670,2026-06-24T23:07:50-07:00,74.03346783333335
1782367730,2026-06-24T23:08:50-07:00,76.14042866666666
1782367790,2026-06-24T23:09:50-07:00,76.14042866666666
1782367850,2026-06-24T23:10:50-07:00,76.14042866666666
1782367910,2026-06-24T23:11:50-07:00,76.14042866666666
1782367970,2026-06-24T23:12:50-07:00,76.14042866666666
1782368090,2026-06-24T23:14:50-07:00,68.08586283333332
1782368150,2026-06-24T23:15:50-07:00,68.08586283333332
1782368210,2026-06-24T23:16:50-07:00,68.08586283333332
1782368270,2026-06-24T23:17:50-07:00,68.08586283333332
1782368330,2026-06-24T23:18:50-07:00,68.08586283333332
1782368390,2026-06-24T23:19:50-07:00,36.867445333333336
1782368450,2026-06-24T23:20:50-07:00,36.867445333333336
1782368510,2026-06-24T23:21:50-07:00,36.867445333333336
1782368570,2026-06-24T23:22:50-07:00,36.867445333333336
1782368630,2026-06-24T23:23:50-07:00,36.867445333333336
1782368690,2026-06-24T23:24:50-07:00,80.35670966666667
1782368750,2026-06-24T23:25:50-07:00,80.35670966666667
1782368810,2026-06-24T23:26:50-07:00,80.35670966666667
1782368870,2026-06-24T23:27:50-07:00,80.35670966666667
1782368930,2026-06-24T23:28:50-07:00,80.35670966666667
1782368990,2026-06-24T23:29:50-07:00,68.09876849999999
1782369050,2026-06-24T23:30:50-07:00,68.09876849999999
1782369110,2026-06-24T23:31:50-07:00,68.09876849999999
1782369170,2026-06-24T23:32:50-07:00,68.09876849999999
1782369230,2026-06-24T23:33:50-07:00,68.09876849999999
1782369290,2026-06-24T23:34:50-07:00,37.564765
1782369350,2026-06-24T23:35:50-07:00,37.564765
1782369410,2026-06-24T23:36:50-07:00,37.564765
1782369470,2026-06-24T23:37:50-07:00,37.564765
1782369530,2026-06-24T23:38:50-07:00,37.564765
1782369590,2026-06-24T23:39:50-07:00,63.75595433333333
1782369650,2026-06-24T23:40:50-07:00,63.75595433333333
1782369710,2026-06-24T23:41:50-07:00,63.75595433333333
1782369770,2026-06-24T23:42:50-07:00,63.75595433333333
1782369830,2026-06-24T23:43:50-07:00,63.75595433333333
1782369890,2026-06-24T23:44:50-07:00,65.57275383333334
1782369950,2026-06-24T23:45:50-07:00,65.57275383333334
1782370010,2026-06-24T23:46:50-07:00,65.57275383333334
1782370070,2026-06-24T23:47:50-07:00,65.57275383333334
1782370130,2026-06-24T23:48:50-07:00,65.57275383333334
1782370250,2026-06-24T23:50:50-07:00,39.01704233333333
1782370310,2026-06-24T23:51:50-07:00,39.01704233333333
1782370370,2026-06-24T23:52:50-07:00,39.01704233333333
1782370430,2026-06-24T23:53:50-07:00,39.01704233333333
1782370490,2026-06-24T23:54:50-07:00,39.01704233333333
1782370550,2026-06-24T23:55:50-07:00,59.87757716666667
1782370610,2026-06-24T23:56:50-07:00,59.87757716666667
1782370670,2026-06-24T23:57:50-07:00,59.87757716666667
1782370730,2026-06-24T23:58:50-07:00,59.87757716666667
1782370790,2026-06-24T23:59:50-07:00,59.87757716666667
1782370800,2026-06-25T00:00:00-07:00,59.87757716666667
1782370860,2026-06-25T00:01:00-07:00,65.19214533333333
1782370920,2026-06-25T00:02:00-07:00,65.19214533333333
1782370980,2026-06-25T00:03:00-07:00,65.19214533333333
1782371040,2026-06-25T00:04:00-07:00,65.19214533333333
1782371100,2026-06-25T00:05:00-07:00,65.19214533333333
1782371160,2026-06-25T00:06:00-07:00,66.53160949999999
1782371220,2026-06-25T00:07:00-07:00,66.53160949999999
1782371280,2026-06-25T00:08:00-07:00,66.53160949999999
1782371340,2026-06-25T00:09:00-07:00,66.53160949999999
1782371400,2026-06-25T00:10:00-07:00,66.53160949999999
1782371460,2026-06-25T00:11:00-07:00,43.921291999999994
1782371520,2026-06-25T00:12:00-07:00,43.921291999999994
1782371580,2026-06-25T00:13:00-07:00,43.921291999999994
1782371640,2026-06-25T00:14:00-07:00,43.921291999999994
1782371700,2026-06-25T00:15:00-07:00,43.921291999999994
1782371820,2026-06-25T00:17:00-07:00,64.8758005
1782371880,2026-06-25T00:18:00-07:00,64.8758005
1782371940,2026-06-25T00:19:00-07:00,64.8758005
1782372000,2026-06-25T00:20:00-07:00,64.8758005
1782372060,2026-06-25T00:21:00-07:00,64.8758005
1782372120,2026-06-25T00:22:00-07:00,70.0361395
1782372180,2026-06-25T00:23:00-07:00,70.0361395
1782372240,2026-06-25T00:24:00-07:00,70.0361395
1782372300,2026-06-25T00:25:00-07:00,70.0361395
1782372360,2026-06-25T00:26:00-07:00,70.0361395
1782372420,2026-06-25T00:27:00-07:00,33.24037666666667
1782372480,2026-06-25T00:28:00-07:00,33.24037666666667
1782372540,2026-06-25T00:29:00-07:00,33.24037666666667
1782372600,2026-06-25T00:30:00-07:00,33.24037666666667
1782372660,2026-06-25T00:31:00-07:00,33.24037666666667
1782372720,2026-06-25T00:32:00-07:00,38.6880425
1782372780,2026-06-25T00:33:00-07:00,38.6880425
1782372840,2026-06-25T00:34:00-07:00,38.6880425
1782372900,2026-06-25T00:35:00-07:00,38.6880425
1782372960,2026-06-25T00:36:00-07:00,38.6880425
1782373020,2026-06-25T00:37:00-07:00,68.43382416666667
1782373080,2026-06-25T00:38:00-07:00,68.43382416666667
1782373140,2026-06-25T00:39:00-07:00,68.43382416666667
1782373200,2026-06-25T00:40:00-07:00,68.43382416666667
1782373260,2026-06-25T00:41:00-07:00,68.43382416666667
1782373320,2026-06-25T00:42:00-07:00,74.68516050000001
1782373380,2026-06-25T00:43:00-07:00,74.68516050000001
1782373440,2026-06-25T00:44:00-07:00,74.68516050000001
1782373500,2026-06-25T00:45:00-07:00,74.68516050000001
1782373560,2026-06-25T00:46:00-07:00,74.68516050000001
1782373620,2026-06-25T00:47:00-07:00,63.96539983333333
1782373680,2026-06-25T00:48:00-07:00,63.96539983333333
1782373740,2026-06-25T00:49:00-07:00,63.96539983333333
1782373800,2026-06-25T00:50:00-07:00,63.96539983333333
1782373860,2026-06-25T00:51:00-07:00,63.96539983333333
1782373980,2026-06-25T00:53:00-07:00,63.42833116666666
1782374040,2026-06-25T00:54:00-07:00,63.42833116666666
1782374100,2026-06-25T00:55:00-07:00,63.42833116666666
1782374160,2026-06-25T00:56:00-07:00,63.42833116666666
1782374220,2026-06-25T00:57:00-07:00,63.42833116666666
1782374280,2026-06-25T00:58:00-07:00,71.03982216666667
1782374340,2026-06-25T00:59:00-07:00,71.03982216666667
1782374400,2026-06-25T01:00:00-07:00,71.03982216666667
1782374460,2026-06-25T01:01:00-07:00,71.03982216666667
1782374520,2026-06-25T01:02:00-07:00,71.03982216666667
1782374580,2026-06-25T01:03:00-07:00,70.04632566666666
1782374640,2026-06-25T01:04:00-07:00,70.04632566666666
1782374700,2026-06-25T01:05:00-07:00,70.04632566666666
1782374760,2026-06-25T01:06:00-07:00,70.04632566666666
1782374820,2026-06-25T01:07:00-07:00,70.04632566666666
1782374880,2026-06-25T01:08:00-07:00,77.21266666666666
1782374940,2026-06-25T01:09:00-07:00,77.21266666666666
1782375000,2026-06-25T01:10:00-07:00,77.21266666666666
1782375060,2026-06-25T01:11:00-07:00,77.21266666666666
1782375120,2026-06-25T01:12:00-07:00,77.21266666666666
1782375180,2026-06-25T01:13:00-07:00,64.07236066666665
1782375240,2026-06-25T01:14:00-07:00,64.07236066666665
1782375300,2026-06-25T01:15:00-07:00,64.07236066666665
1782375360,2026-06-25T01:16:00-07:00,64.07236066666665
1782375420,2026-06-25T01:17:00-07:00,64.07236066666665
1782375540,2026-06-25T01:19:00-07:00,70.148539
1782375600,2026-06-25T01:20:00-07:00,70.148539
1782375660,2026-06-25T01:21:00-07:00,70.148539
1782375720,2026-06-25T01:22:00-07:00,70.148539
1782375780,2026-06-25T01:23:00-07:00,70.148539
1782375840,2026-06-25T01:24:00-07:00,30.97568766666667
1782375900,2026-06-25T01:25:00-07:00,30.97568766666667
1782375960,2026-06-25T01:26:00-07:00,30.97568766666667
1782376020,2026-06-25T01:27:00-07:00,30.97568766666667
1782376080,2026-06-25T01:28:00-07:00,30.97568766666667
1782376140,2026-06-25T01:29:00-07:00,33.237243666666664
1782376200,2026-06-25T01:30:00-07:00,33.237243666666664
1782376260,2026-06-25T01:31:00-07:00,33.237243666666664
1782376320,2026-06-25T01:32:00-07:00,33.237243666666664
1782376380,2026-06-25T01:33:00-07:00,33.237243666666664
1782376440,2026-06-25T01:34:00-07:00,34.87858766666667
1782376500,2026-06-25T01:35:00-07:00,34.87858766666667
1782376560,2026-06-25T01:36:00-07:00,34.87858766666667
1782376620,2026-06-25T01:37:00-07:00,34.87858766666667
1782376680,2026-06-25T01:38:00-07:00,34.87858766666667
1782376740,2026-06-25T01:39:00-07:00,86.60411933333334
1782376800,2026-06-25T01:40:00-07:00,86.60411933333334
1782376860,2026-06-25T01:41:00-07:00,86.60411933333334
1782376920,2026-06-25T01:42:00-07:00,86.60411933333334
1782376980,2026-06-25T01:43:00-07:00,86.60411933333334
1782377040,2026-06-25T01:44:00-07:00,86.85693350000001
1782377100,2026-06-25T01:45:00-07:00,86.85693350000001
1782377160,2026-06-25T01:46:00-07:00,86.85693350000001
1782377220,2026-06-25T01:47:00-07:00,86.85693350000001
1782377280,2026-06-25T01:48:00-07:00,86.85693350000001
1782377400,2026-06-25T01:50:00-07:00,90.54197883333332
1782377460,2026-06-25T01:51:00-07:00,90.54197883333332
1782377520,2026-06-25T01:52:00-07:00,90.54197883333332
1782377580,2026-06-25T01:53:00-07:00,90.54197883333332
1782377640,2026-06-25T01:54:00-07:00,90.54197883333332
1782377700,2026-06-25T01:55:00-07:00,37.44703483333333
1782377760,2026-06-25T01:56:00-07:00,37.44703483333333
1782377820,2026-06-25T01:57:00-07:00,37.44703483333333
1782377880,2026-06-25T01:58:00-07:00,37.44703483333333
1782377940,2026-06-25T01:59:00-07:00,37.44703483333333
1782378000,2026-06-25T02:00:00-07:00,72.67404533333334
1782378060,2026-06-25T02:01:00-07:00,72.67404533333334
1782378120,2026-06-25T02:02:00-07:00,72.67404533333334
1782378180,2026-06-25T02:03:00-07:00,72.67404533333334
1782378240,2026-06-25T02:04:00-07:00,72.67404533333334
1782378300,2026-06-25T02:05:00-07:00,80.88340266666667
1782378360,2026-06-25T02:06:00-07:00,80.88340266666667
1782378420,2026-06-25T02:07:00-07:00,80.88340266666667
1782378480,2026-06-25T02:08:00-07:00,80.88340266666667
1782378540,2026-06-25T02:09:00-07:00,80.88340266666667
1782378660,2026-06-25T02:11:00-07:00,36.623664000000005
1782378720,2026-06-25T02:12:00-07:00,36.623664000000005
1782378780,2026-06-25T02:13:00-07:00,36.623664000000005
1782378840,2026-06-25T02:14:00-07:00,36.623664000000005
1782378900,2026-06-25T02:15:00-07:00,36.623664000000005
1782378960,2026-06-25T02:16:00-07:00,80.83827733333334
1782379020,2026-06-25T02:17:00-07:00,80.83827733333334
1782379080,2026-06-25T02:18:00-07:00,80.83827733333334
1782379140,2026-06-25T02:19:00-07:00,80.83827733333334
1782379200,2026-06-25T02:20:00-07:00,80.83827733333334
1782379260,2026-06-25T02:21:00-07:00,70.575114
1782379320,2026-06-25T02:22:00-07:00,70.575114
1782379380,2026-06-25T02:23:00-07:00,70.575114
1782379440,2026-06-25T02:24:00-07:00,70.575114
1782379500,2026-06-25T02:25:00-07:00,70.575114
1782379560,2026-06-25T02:26:00-07:00,70.168552
1782379620,2026-06-25T02:27:00-07:00,70.168552
1782379680,2026-06-25T02:28:00-07:00,70.168552
1782379740,2026-06-25T02:29:00-07:00,70.168552
1782379800,2026-06-25T02:30:00-07:00,70.168552
1782379920,2026-06-25T02:32:00-07:00,40.52749983333334
1782379980,2026-06-25T02:33:00-07:00,40.52749983333334
1782380040,2026-06-25T02:34:00-07:00,40.52749983333334
1782380100,2026-06-25T02:35:00-07:00,40.52749983333334
1782380160,2026-06-25T02:36:00-07:00,40.52749983333334
1782380220,2026-06-25T02:37:00-07:00,40.2340495
1782380280,2026-06-25T02:38:00-07:00,40.2340495
1782380340,2026-06-25T02:39:00-07:00,40.2340495
1782380400,2026-06-25T02:40:00-07:00,40.2340495
1782380460,2026-06-25T02:41:00-07:00,40.2340495
1782380520,2026-06-25T02:42:00-07:00,89.40156366666666
1782380580,2026-06-25T02:43:00-07:00,89.40156366666666
1782380640,2026-06-25T02:44:00-07:00,89.40156366666666
1782380700,2026-06-25T02:45:00-07:00,89.40156366666666
1782380760,2026-06-25T02:46:00-07:00,89.40156366666666
1782380820,2026-06-25T02:47:00-07:00,63.54624416666667
1782380880,2026-06-25T02:48:00-07:00,63.54624416666667
1782380940,2026-06-25T02:49:00-07:00,63.54624416666667
1782381000,2026-06-25T02:50:00-07:00,63.54624416666667
1782381060,2026-06-25T02:51:00-07:00,63.54624416666667
1782381120,2026-06-25T02:52:00-07:00,37.320841333333334
1782381180,2026-06-25T02:53:00-07:00,37.320841333333334
1782381240,2026-06-25T02:54:00-07:00,37.320841333333334
1782381300,2026-06-25T02:55:00-07:00,37.320841333333334
1782381360,2026-06-25T02:56:00-07:00,37.320841333333334
1782381420,2026-06-25T02:57:00-07:00,74.69554966666665
1782381480,2026-06-25T02:58:00-07:00,74.69554966666665
1782381540,2026-06-25T02:59:00-07:00,74.69554966666665
1782381600,2026-06-25T03:00:00-07:00,74.69554966666665
1782381660,2026-06-25T03:01:00-07:00,74.69554966666665
1782381720,2026-06-25T03:02:00-07:00,75.69648600000001
1782381780,2026-06-25T03:03:00-07:00,75.69648600000001
1782381840,2026-06-25T03:04:00-07:00,75.69648600000001
1782381900,2026-06-25T03:05:00-07:00,75.69648600000001
1782381960,2026-06-25T03:06:00-07:00,75.69648600000001
1782382080,2026-06-25T03:08:00-07:00,41.1841635
1782382140,2026-06-25T03:09:00-07:00,41.1841635
1782382200,2026-06-25T03:10:00-07:00,41.1841635
1782382260,2026-06-25T03:11:00-07:00,41.1841635
1782382320,2026-06-25T03:12:00-07:00,41.1841635
1782382380,2026-06-25T03:13:00-07:00,52.482950666666675
1782382440,2026-06-25T03:14:00-07:00,52.482950666666675
1782382500,2026-06-25T03:15:00-07:00,52.482950666666675
1782382560,2026-06-25T03:16:00-07:00,52.482950666666675
1782382620,2026-06-25T03:17:00-07:00,52.482950666666675
1782382680,2026-06-25T03:18:00-07:00,35.48027883333333
1782382740,2026-06-25T03:19:00-07:00,35.48027883333333
1782382800,2026-06-25T03:20:00-07:00,35.48027883333333
1782382860,2026-06-25T03:21:00-07:00,35.48027883333333
1782382920,2026-06-25T03:22:00-07:00,35.48027883333333
1782383100,2026-06-25T03:25:00-07:00,35.712911
1782383160,2026-06-25T03:26:00-07:00,35.712911
1782383220,2026-06-25T03:27:00-07:00,35.712911
1782383280,2026-06-25T03:28:00-07:00,35.712911
1782383340,2026-06-25T03:29:00-07:00,35.712911
1782383400,2026-06-25T03:30:00-07:00,49.458597833333336
1782383460,2026-06-25T03:31:00-07:00,49.458597833333336
1782383520,2026-06-25T03:32:00-07:00,49.458597833333336
1782383580,2026-06-25T03:33:00-07:00,49.458597833333336
1782383640,2026-06-25T03:34:00-07:00,49.458597833333336
1782383700,2026-06-25T03:35:00-07:00,90.81285933333334
1782383760,2026-06-25T03:36:00-07:00,90.81285933333334
1782383820,2026-06-25T03:37:00-07:00,90.81285933333334
1782383880,2026-06-25T03:38:00-07:00,90.81285933333334
1782383940,2026-06-25T03:39:00-07:00,90.81285933333334
1782384000,2026-06-25T03:40:00-07:00,77.90353066666665
1782384060,2026-06-25T03:41:00-07:00,77.90353066666665
1782384120,2026-06-25T03:42:00-07:00,77.90353066666665
1782384180,2026-06-25T03:43:00-07:00,77.90353066666665
1782384240,2026-06-25T03:44:00-07:00,77.90353066666665
1782384300,2026-06-25T03:45:00-07:00,74.61510600000001
1782384360,2026-06-25T03:46:00-07:00,74.61510600000001
1782384420,2026-06-25T03:47:00-07:00,74.61510600000001
1782384480,2026-06-25T03:48:00-07:00,74.61510600000001
1782384540,2026-06-25T03:49:00-07:00,74.61510600000001
1782384600,2026-06-25T03:50:00-07:00,68.41864683333334
1782384660,2026-06-25T03:51:00-07:00,68.41864683333334
1782384720,2026-06-25T03:52:00-07:00,68.41864683333334
1782384780,2026-06-25T03:53:00-07:00,68.41864683333334
1782384840,2026-06-25T03:54:00-07:00,68.41864683333334
1782384960,2026-06-25T03:56:00-07:00,37.1936985
1782385020,2026-06-25T03:57:00-07:00,37.1936985
1782385080,2026-06-25T03:58:00-07:00,37.1936985
1782385140,2026-06-25T03:59:00-07:00,37.1936985
1782385200,2026-06-25T04:00:00-07:00,37.1936985
1782385260,2026-06-25T04:01:00-07:00,68.545329
1782385320,2026-06-25T04:02:00-07:00,68.545329
1782385380,2026-06-25T04:03:00-07:00,68.545329
1782385440,2026-06-25T04:04:00-07:00,68.545329
1782385500,2026-06-25T04:05:00-07:00,68.545329
1782385560,2026-06-25T04:06:00-07:00,37.472229166666665
1782385620,2026-06-25T04:07:00-07:00,37.472229166666665
1782385680,2026-06-25T04:08:00-07:00,37.472229166666665
1782385740,2026-06-25T04:09:00-07:00,37.472229166666665
1782385800,2026-06-25T04:10:00-07:00,37.472229166666665
1782385920,2026-06-25T04:12:00-07:00,68.061876
1782385980,2026-06-25T04:13:00-07:00,68.061876
1782386040,2026-06-25T04:14:00-07:00,68.061876
1782386100,2026-06-25T04:15:00-07:00,68.061876
1782386160,2026-06-25T04:16:00-07:00,68.061876
1782386220,2026-06-25T04:17:00-07:00,37.340419833333335
1782386280,2026-06-25T04:18:00-07:00,37.340419833333335
1782386340,2026-06-25T04:19:00-07:00,37.340419833333335
1782386400,2026-06-25T04:20:00-07:00,37.340419833333335
1782386460,2026-06-25T04:21:00-07:00,37.340419833333335
1782386520,2026-06-25T04:22:00-07:00,61.00552033333333
1782386580,2026-06-25T04:23:00-07:00,61.00552033333333
1782386640,2026-06-25T04:24:00-07:00,61.00552033333333
1782386700,2026-06-25T04:25:00-07:00,61.00552033333333
1782386760,2026-06-25T04:26:00-07:00,61.00552033333333
1782386880,2026-06-25T04:28:00-07:00,67.37463383333333
1782386940,2026-06-25T04:29:00-07:00,67.37463383333333
1782387000,2026-06-25T04:30:00-07:00,67.37463383333333
1782387060,2026-06-25T04:31:00-07:00,67.37463383333333
1782387120,2026-06-25T04:32:00-07:00,67.37463383333333
1782387180,2026-06-25T04:33:00-07:00,36.841417166666666
1782387240,2026-06-25T04:34:00-07:00,36.841417166666666
1782387300,2026-06-25T04:35:00-07:00,36.841417166666666
1782387360,2026-06-25T04:36:00-07:00,36.841417166666666
1782387420,2026-06-25T04:37:00-07:00,36.841417166666666
1782387480,2026-06-25T04:38:00-07:00,36.49350333333333
1782387540,2026-06-25T04:39:00-07:00,36.49350333333333
1782387600,2026-06-25T04:40:00-07:00,36.49350333333333
1782387660,2026-06-25T04:41:00-07:00,36.49350333333333
1782387720,2026-06-25T04:42:00-07:00,36.49350333333333
1782387840,2026-06-25T04:44:00-07:00,72.11549866666665
1782387900,2026-06-25T04:45:00-07:00,72.11549866666665
1782387960,2026-06-25T04:46:00-07:00,72.11549866666665
1782388020,2026-06-25T04:47:00-07:00,72.11549866666665
1782388080,2026-06-25T04:48:00-07:00,72.11549866666665
1782388140,2026-06-25T04:49:00-07:00,71.09899216666668
1782388200,2026-06-25T04:50:00-07:00,71.09899216666668
1782388260,2026-06-25T04:51:00-07:00,71.09899216666668
1782388320,2026-06-25T04:52:00-07:00,71.09899216666668
1782388380,2026-06-25T04:53:00-07:00,71.09899216666668
1782388440,2026-06-25T04:54:00-07:00,71.6665855
1782388500,2026-06-25T04:55:00-07:00,71.6665855
1782388560,2026-06-25T04:56:00-07:00,71.6665855
1782388620,2026-06-25T04:57:00-07:00,71.6665855
1782388680,2026-06-25T04:58:00-07:00,71.6665855
1782388800,2026-06-25T05:00:00-07:00,36.265679166666665
1782388860,2026-06-25T05:01:00-07:00,36.265679166666665
1782388920,2026-06-25T05:02:00-07:00,36.265679166666665
1782388980,2026-06-25T05:03:00-07:00,36.265679166666665
1782389040,2026-06-25T05:04:00-07:00,36.265679166666665
1782389100,2026-06-25T05:05:00-07:00,37.53770616666666
1782389160,2026-06-25T05:06:00-07:00,37.53770616666666
1782389220,2026-06-25T05:07:00-07:00,37.53770616666666
1782389280,2026-06-25T05:08:00-07:00,37.53770616666666
1782389340,2026-06-25T05:09:00-07:00,37.53770616666666
1782389400,2026-06-25T05:10:00-07:00,62.70412183333334
1782389460,2026-06-25T05:11:00-07:00,62.70412183333334
1782389520,2026-06-25T05:12:00-07:00,62.70412183333334
1782389580,2026-06-25T05:13:00-07:00,62.70412183333334
1782389640,2026-06-25T05:14:00-07:00,62.70412183333334
1782389760,2026-06-25T05:16:00-07:00,31.837171666666666
1782389820,2026-06-25T05:17:00-07:00,31.837171666666666
1782389880,2026-06-25T05:18:00-07:00,31.837171666666666
1782389940,2026-06-25T05:19:00-07:00,31.837171666666666
1782390000,2026-06-25T05:20:00-07:00,31.837171666666666
1782390060,2026-06-25T05:21:00-07:00,93.65851500000001
1782390120,2026-06-25T05:22:00-07:00,93.65851500000001
1782390180,2026-06-25T05:23:00-07:00,93.65851500000001
1782390240,2026-06-25T05:24:00-07:00,93.65851500000001
1782390300,2026-06-25T05:25:00-07:00,93.65851500000001
1782390420,2026-06-25T05:27:00-07:00,70.21836366666666
1782390480,2026-06-25T05:28:00-07:00,70.21836366666666
1782390540,2026-06-25T05:29:00-07:00,70.21836366666666
1782390600,2026-06-25T05:30:00-07:00,70.21836366666666
1782390660,2026-06-25T05:31:00-07:00,70.21836366666666
1782390720,2026-06-25T05:32:00-07:00,76.890347
1782390780,2026-06-25T05:33:00-07:00,76.890347
1782390840,2026-06-25T05:34:00-07:00,76.890347
1782390900,2026-06-25T05:35:00-07:00,76.890347
1782390960,2026-06-25T05:36:00-07:00,76.890347
1782391020,2026-06-25T05:37:00-07:00,36.65089916666667
1782391080,2026-06-25T05:38:00-07:00,36.65089916666667
1782391140,2026-06-25T05:39:00-07:00,36.65089916666667
1782391200,2026-06-25T05:40:00-07:00,36.65089916666667
1782391260,2026-06-25T05:41:00-07:00,36.65089916666667
1782391320,2026-06-25T05:42:00-07:00,70.90077733333334
1782391380,2026-06-25T05:43:00-07:00,70.90077733333334
1782391440,2026-06-25T05:44:00-07:00,70.90077733333334
1782391500,2026-06-25T05:45:00-07:00,70.90077733333334
1782391560,2026-06-25T05:46:00-07:00,70.90077733333334
1782391680,2026-06-25T05:48:00-07:00,126.47442649999999
1782391740,2026-06-25T05:49:00-07:00,126.47442649999999
1782391800,2026-06-25T05:50:00-07:00,126.47442649999999
1782391860,2026-06-25T05:51:00-07:00,126.47442649999999
1782391920,2026-06-25T05:52:00-07:00,126.47442649999999
1782392040,2026-06-25T05:54:00-07:00,37.062601666666666
1782392100,2026-06-25T05:55:00-07:00,37.062601666666666
1782392160,2026-06-25T05:56:00-07:00,37.062601666666666
1782392220,2026-06-25T05:57:00-07:00,37.062601666666666
1782392280,2026-06-25T05:58:00-07:00,37.062601666666666
1782392340,2026-06-25T05:59:00-07:00,56.0068225
1782392400,2026-06-25T06:00:00-07:00,56.0068225
1782392460,2026-06-25T06:01:00-07:00,56.0068225
1782392520,2026-06-25T06:02:00-07:00,56.0068225
1782392580,2026-06-25T06:03:00-07:00,56.0068225
1782392940,2026-06-25T06:09:00-07:00,70.5473495
1782393000,2026-06-25T06:10:00-07:00,70.5473495
1782393060,2026-06-25T06:11:00-07:00,70.5473495
1782393120,2026-06-25T06:12:00-07:00,70.5473495
1782393180,2026-06-25T06:13:00-07:00,70.5473495
1782393240,2026-06-25T06:14:00-07:00,29.89398866666666
1782393300,2026-06-25T06:15:00-07:00,29.89398866666666
1782393360,2026-06-25T06:16:00-07:00,29.89398866666666
1782393420,2026-06-25T06:17:00-07:00,29.89398866666666
1782393480,2026-06-25T06:18:00-07:00,29.89398866666666
1782393600,2026-06-25T06:20:00-07:00,30.755656166666665
1782393660,2026-06-25T06:21:00-07:00,30.755656166666665
1782393720,2026-06-25T06:22:00-07:00,30.755656166666665
1782393780,2026-06-25T06:23:00-07:00,30.755656166666665
1782393840,2026-06-25T06:24:00-07:00,30.755656166666665
1782393900,2026-06-25T06:25:00-07:00,206.09798833333332
1782393960,2026-06-25T06:26:00-07:00,206.09798833333332
1782394020,2026-06-25T06:27:00-07:00,206.09798833333332
1782394080,2026-06-25T06:28:00-07:00,206.09798833333332
1782394140,2026-06-25T06:29:00-07:00,206.09798833333332
1782394200,2026-06-25T06:30:00-07:00,22.69300683333333
1782394260,2026-06-25T06:31:00-07:00,22.69300683333333
1782394320,2026-06-25T06:32:00-07:00,22.69300683333333
1782394380,2026-06-25T06:33:00-07:00,22.69300683333333
1782394440,2026-06-25T06:34:00-07:00,22.69300683333333
1782394500,2026-06-25T06:35:00-07:00,30.64156766666667
1782394560,2026-06-25T06:36:00-07:00,30.64156766666667
1782394620,2026-06-25T06:37:00-07:00,30.64156766666667
1782394680,2026-06-25T06:38:00-07:00,30.64156766666667
1782394740,2026-06-25T06:39:00-07:00,30.64156766666667
1782395100,2026-06-25T06:45:00-07:00,37.44498016666667
1782395160,2026-06-25T06:46:00-07:00,37.44498016666667
1782395220,2026-06-25T06:47:00-07:00,37.44498016666667
1782395280,2026-06-25T06:48:00-07:00,37.44498016666667
1782395340,2026-06-25T06:49:00-07:00,37.44498016666667
1782395400,2026-06-25T06:50:00-07:00,26.628377333333336
1782395460,2026-06-25T06:51:00-07:00,26.628377333333336
1782395520,2026-06-25T06:52:00-07:00,26.628377333333336
1782395580,2026-06-25T06:53:00-07:00,26.628377333333336
1782395640,2026-06-25T06:54:00-07:00,26.628377333333336
1782395700,2026-06-25T06:55:00-07:00,30.06953233333333
1782395760,2026-06-25T06:56:00-07:00,30.06953233333333
1782395820,2026-06-25T06:57:00-07:00,30.06953233333333
1782395880,2026-06-25T06:58:00-07:00,30.06953233333333
1782395940,2026-06-25T06:59:00-07:00,30.06953233333333
1782396000,2026-06-25T07:00:00-07:00,46.25997566666666
1782396060,2026-06-25T07:01:00-07:00,46.25997566666666
1782396120,2026-06-25T07:02:00-07:00,46.25997566666666
1782396180,2026-06-25T07:03:00-07:00,46.25997566666666
1782396240,2026-06-25T07:04:00-07:00,46.25997566666666
1782396300,2026-06-25T07:05:00-07:00,31.885634166666666
1782396360,2026-06-25T07:06:00-07:00,31.885634166666666
1782396420,2026-06-25T07:07:00-07:00,31.885634166666666
1782396480,2026-06-25T07:08:00-07:00,31.885634166666666
1782396540,2026-06-25T07:09:00-07:00,31.885634166666666
1782396600,2026-06-25T07:10:00-07:00,50.07510033333333
1782396660,2026-06-25T07:11:00-07:00,50.07510033333333
1782396720,2026-06-25T07:12:00-07:00,50.07510033333333
1782396780,2026-06-25T07:13:00-07:00,50.07510033333333
1782396840,2026-06-25T07:14:00-07:00,50.07510033333333
1782396960,2026-06-25T07:16:00-07:00,91.21315499999999
1782397020,2026-06-25T07:17:00-07:00,91.21315499999999
1782397080,2026-06-25T07:18:00-07:00,91.21315499999999
1782397140,2026-06-25T07:19:00-07:00,91.21315499999999
1782397200,2026-06-25T07:20:00-07:00,91.21315499999999
1782397260,2026-06-25T07:21:00-07:00,32.758463666666664
1782397320,2026-06-25T07:22:00-07:00,32.758463666666664
1782397380,2026-06-25T07:23:00-07:00,32.758463666666664
1782397440,2026-06-25T07:24:00-07:00,32.758463666666664
1782397500,2026-06-25T07:25:00-07:00,32.758463666666664
1782397980,2026-06-25T07:33:00-07:00,35.419237
1782398040,2026-06-25T07:34:00-07:00,35.419237
1782398100,2026-06-25T07:35:00-07:00,35.419237
1782398160,2026-06-25T07:36:00-07:00,35.419237
1782398220,2026-06-25T07:37:00-07:00,35.419237
1782398280,2026-06-25T07:38:00-07:00,34.23451766666667
1782398340,2026-06-25T07:39:00-07:00,34.23451766666667
1782398400,2026-06-25T07:40:00-07:00,34.23451766666667
1782398460,2026-06-25T07:41:00-07:00,34.23451766666667
1782398520,2026-06-25T07:42:00-07:00,34.23451766666667
1782398700,2026-06-25T07:45:00-07:00,30.368801666666666
1782398760,2026-06-25T07:46:00-07:00,30.368801666666666
1782398820,2026-06-25T07:47:00-07:00,30.368801666666666
1782398880,2026-06-25T07:48:00-07:00,30.368801666666666
1782398940,2026-06-25T07:49:00-07:00,30.368801666666666
1782399000,2026-06-25T07:50:00-07:00,37.63860416666667
1782399060,2026-06-25T07:51:00-07:00,37.63860416666667
1782399120,2026-06-25T07:52:00-07:00,37.63860416666667
1782399180,2026-06-25T07:53:00-07:00,37.63860416666667
1782399240,2026-06-25T07:54:00-07:00,37.63860416666667
1782399360,2026-06-25T07:56:00-07:00,83.094035
1782399420,2026-06-25T07:57:00-07:00,83.094035
1782399480,2026-06-25T07:58:00-07:00,83.094035
1782399540,2026-06-25T07:59:00-07:00,83.094035
1782399600,2026-06-25T08:00:00-07:00,83.094035
1782399660,2026-06-25T08:01:00-07:00,30.62272833333333
1782399720,2026-06-25T08:02:00-07:00,30.62272833333333
1782399780,2026-06-25T08:03:00-07:00,30.62272833333333
1782399840,2026-06-25T08:04:00-07:00,30.62272833333333
1782399900,2026-06-25T08:05:00-07:00,30.62272833333333
1782400020,2026-06-25T08:07:00-07:00,29.789449
1782400080,2026-06-25T08:08:00-07:00,29.789449
1782400140,2026-06-25T08:09:00-07:00,29.789449
1782400200,2026-06-25T08:10:00-07:00,29.789449
1782400260,2026-06-25T08:11:00-07:00,29.789449
1782400320,2026-06-25T08:12:00-07:00,39.04309083333333
1782400380,2026-06-25T08:13:00-07:00,39.04309083333333
1782400440,2026-06-25T08:14:00-07:00,39.04309083333333
1782400500,2026-06-25T08:15:00-07:00,39.04309083333333
1782400560,2026-06-25T08:16:00-07:00,39.04309083333333
1782400620,2026-06-25T08:17:00-07:00,22.766059000000002
1782400680,2026-06-25T08:18:00-07:00,22.766059000000002
1782400740,2026-06-25T08:19:00-07:00,22.766059000000002
1782400800,2026-06-25T08:20:00-07:00,22.766059000000002
1782400860,2026-06-25T08:21:00-07:00,22.766059000000002
1782400920,2026-06-25T08:22:00-07:00,33.44719783333334
1782400980,2026-06-25T08:23:00-07:00,33.44719783333334
1782401040,2026-06-25T08:24:00-07:00,33.44719783333334
1782401100,2026-06-25T08:25:00-07:00,33.44719783333334
1782401160,2026-06-25T08:26:00-07:00,33.44719783333334
1782401280,2026-06-25T08:28:00-07:00,38.078376166666665
1782401340,2026-06-25T08:29:00-07:00,38.078376166666665
1782401400,2026-06-25T08:30:00-07:00,38.078376166666665
1782401460,2026-06-25T08:31:00-07:00,38.078376166666665
1782401520,2026-06-25T08:32:00-07:00,38.078376166666665
1782401640,2026-06-25T08:34:00-07:00,37.874979333333336
1782401700,2026-06-25T08:35:00-07:00,37.874979333333336
1782401760,2026-06-25T08:36:00-07:00,37.874979333333336
1782401820,2026-06-25T08:37:00-07:00,37.874979333333336
1782401880,2026-06-25T08:38:00-07:00,37.874979333333336
1782401940,2026-06-25T08:39:00-07:00,35.59708633333333
1782402000,2026-06-25T08:40:00-07:00,35.59708633333333
1782402060,2026-06-25T08:41:00-07:00,35.59708633333333
1782402120,2026-06-25T08:42:00-07:00,35.59708633333333
1782402180,2026-06-25T08:43:00-07:00,35.59708633333333
1782402480,2026-06-25T08:48:00-07:00,32.769341499999996
1782402540,2026-06-25T08:49:00-07:00,32.769341499999996
1782402600,2026-06-25T08:50:00-07:00,32.769341499999996
1782402660,2026-06-25T08:51:00-07:00,32.769341499999996
1782402720,2026-06-25T08:52:00-07:00,32.769341499999996
1782402840,2026-06-25T08:54:00-07:00,30.387240499999994
1782402900,2026-06-25T08:55:00-07:00,30.387240499999994
1782402960,2026-06-25T08:56:00-07:00,30.387240499999994
1782403020,2026-06-25T08:57:00-07:00,30.387240499999994
1782403080,2026-06-25T08:58:00-07:00,30.387240499999994
1782403140,2026-06-25T08:59:00-07:00,34.1946345
1782403200,2026-06-25T09:00:00-07:00,34.1946345
1782403260,2026-06-25T09:01:00-07:00,34.1946345
1782403320,2026-06-25T09:02:00-07:00,34.1946345
1782403380,2026-06-25T09:03:00-07:00,34.1946345
1782403500,2026-06-25T09:05:00-07:00,29.065300499999996
1782403560,2026-06-25T09:06:00-07:00,29.065300499999996
1782403620,2026-06-25T09:07:00-07:00,29.065300499999996
1782403680,2026-06-25T09:08:00-07:00,29.065300499999996
1782403740,2026-06-25T09:09:00-07:00,29.065300499999996
1782403860,2026-06-25T09:11:00-07:00,38.979044666666674
1782403920,2026-06-25T09:12:00-07:00,38.979044666666674
1782403980,2026-06-25T09:13:00-07:00,38.979044666666674
1782404040,2026-06-25T09:14:00-07:00,38.979044666666674
1782404100,2026-06-25T09:15:00-07:00,38.979044666666674
1782404220,2026-06-25T09:17:00-07:00,32.923122666666664
1782404280,2026-06-25T09:18:00-07:00,32.923122666666664
1782404340,2026-06-25T09:19:00-07:00,32.923122666666664
1782404400,2026-06-25T09:20:00-07:00,32.923122666666664
1782404460,2026-06-25T09:21:00-07:00,32.923122666666664
1782404580,2026-06-25T09:23:00-07:00,30.143256166666664
1782404640,2026-06-25T09:24:00-07:00,30.143256166666664
1782404700,2026-06-25T09:25:00-07:00,30.143256166666664
1782404760,2026-06-25T09:26:00-07:00,30.143256166666664
1782404820,2026-06-25T09:27:00-07:00,30.143256166666664
1782404940,2026-06-25T09:29:00-07:00,36.04006616666667
1782405000,2026-06-25T09:30:00-07:00,36.04006616666667
1782405060,2026-06-25T09:31:00-07:00,36.04006616666667
1782405120,2026-06-25T09:32:00-07:00,36.04006616666667
1782405180,2026-06-25T09:33:00-07:00,36.04006616666667
1782405360,2026-06-25T09:36:00-07:00,34.46582733333333
1782405420,2026-06-25T09:37:00-07:00,34.46582733333333
1782405480,2026-06-25T09:38:00-07:00,34.46582733333333
1782405540,2026-06-25T09:39:00-07:00,34.46582733333333
1782405600,2026-06-25T09:40:00-07:00,34.46582733333333
1782405660,2026-06-25T09:41:00-07:00,34.77488866666666
1782405720,2026-06-25T09:42:00-07:00,34.77488866666666
1782405780,2026-06-25T09:43:00-07:00,34.77488866666666
1782405840,2026-06-25T09:44:00-07:00,34.77488866666666
1782405900,2026-06-25T09:45:00-07:00,34.77488866666666
1782408900,2026-06-25T10:35:00-07:00,39.788777833333334
1782408960,2026-06-25T10:36:00-07:00,39.788777833333334
1782409020,2026-06-25T10:37:00-07:00,39.788777833333334
1782409080,2026-06-25T10:38:00-07:00,39.788777833333334
1782409140,2026-06-25T10:39:00-07:00,39.788777833333334
1782409200,2026-06-25T10:40:00-07:00,34.905477166666664
1782409260,2026-06-25T10:41:00-07:00,34.905477166666664
1782409320,2026-06-25T10:42:00-07:00,34.905477166666664
1782409380,2026-06-25T10:43:00-07:00,34.905477166666664
1782409440,2026-06-25T10:44:00-07:00,34.905477166666664
1782409800,2026-06-25T10:50:00-07:00,33.30817983333333
1782409860,2026-06-25T10:51:00-07:00,33.30817983333333
1782409920,2026-06-25T10:52:00-07:00,33.30817983333333
1782409980,2026-06-25T10:53:00-07:00,33.30817983333333
1782410040,2026-06-25T10:54:00-07:00,33.30817983333333
1782410160,2026-06-25T10:56:00-07:00,32.89827483333334
1782410220,2026-06-25T10:57:00-07:00,32.89827483333334
1782410280,2026-06-25T10:58:00-07:00,32.89827483333334
1782410340,2026-06-25T10:59:00-07:00,32.89827483333334
1782410400,2026-06-25T11:00:00-07:00,32.89827483333334
1782410520,2026-06-25T11:02:00-07:00,51.460029
1782410580,2026-06-25T11:03:00-07:00,51.460029
1782410640,2026-06-25T11:04:00-07:00,51.460029
1782410700,2026-06-25T11:05:00-07:00,51.460029
1782410760,2026-06-25T11:06:00-07:00,51.460029
1782410820,2026-06-25T11:07:00-07:00,36.750142000000004
1782410880,2026-06-25T11:08:00-07:00,36.750142000000004
1782410940,2026-06-25T11:09:00-07:00,36.750142000000004
1782411000,2026-06-25T11:10:00-07:00,36.750142000000004
1782411060,2026-06-25T11:11:00-07:00,36.750142000000004
1782411240,2026-06-25T11:14:00-07:00,36.49681283333334
1782411300,2026-06-25T11:15:00-07:00,36.49681283333334
1782411360,2026-06-25T11:16:00-07:00,36.49681283333334
1782411420,2026-06-25T11:17:00-07:00,36.49681283333334
1782411480,2026-06-25T11:18:00-07:00,36.49681283333334
1782411600,2026-06-25T11:20:00-07:00,34.618828500000006
1782411660,2026-06-25T11:21:00-07:00,34.618828500000006
1782411720,2026-06-25T11:22:00-07:00,34.618828500000006
1782411780,2026-06-25T11:23:00-07:00,34.618828500000006
1782411840,2026-06-25T11:24:00-07:00,34.618828500000006
1782411960,2026-06-25T11:26:00-07:00,36.010050666666665
1782412020,2026-06-25T11:27:00-07:00,36.010050666666665
1782412080,2026-06-25T11:28:00-07:00,36.010050666666665
1782412140,2026-06-25T11:29:00-07:00,36.010050666666665
1782412200,2026-06-25T11:30:00-07:00,36.010050666666665
1782412260,2026-06-25T11:31:00-07:00,34.95981183333333
1782412320,2026-06-25T11:32:00-07:00,34.95981183333333
1782412380,2026-06-25T11:33:00-07:00,34.95981183333333
1782412440,2026-06-25T11:34:00-07:00,34.95981183333333
1782412500,2026-06-25T11:35:00-07:00,34.95981183333333
1782412560,2026-06-25T11:36:00-07:00,39.974962
1782412620,2026-06-25T11:37:00-07:00,39.974962
1782412680,2026-06-25T11:38:00-07:00,39.974962
1782412740,2026-06-25T11:39:00-07:00,39.974962
1782412800,2026-06-25T11:40:00-07:00,39.974962
1782412920,2026-06-25T11:42:00-07:00,38.576972000000005
1782412980,2026-06-25T11:43:00-07:00,38.576972000000005
1782413040,2026-06-25T11:44:00-07:00,38.576972000000005
1782413100,2026-06-25T11:45:00-07:00,38.576972000000005
1782413160,2026-06-25T11:46:00-07:00,38.576972000000005
1782413700,2026-06-25T11:55:00-07:00,33.27939166666667
1782413760,2026-06-25T11:56:00-07:00,33.27939166666667
1782413820,2026-06-25T11:57:00-07:00,33.27939166666667
1782413880,2026-06-25T11:58:00-07:00,33.27939166666667
1782413940,2026-06-25T11:59:00-07:00,33.27939166666667
1782414060,2026-06-25T12:01:00-07:00,36.10386166666667
1782414120,2026-06-25T12:02:00-07:00,36.10386166666667
1782414180,2026-06-25T12:03:00-07:00,36.10386166666667
1782414240,2026-06-25T12:04:00-07:00,36.10386166666667
1782414300,2026-06-25T12:05:00-07:00,36.10386166666667
1782414360,2026-06-25T12:06:00-07:00,35.59579816666667
1782414420,2026-06-25T12:07:00-07:00,35.59579816666667
1782414480,2026-06-25T12:08:00-07:00,35.59579816666667
1782414540,2026-06-25T12:09:00-07:00,35.59579816666667
1782414600,2026-06-25T12:10:00-07:00,35.59579816666667
1782414660,2026-06-25T12:11:00-07:00,35.97762733333334
1782414720,2026-06-25T12:12:00-07:00,35.97762733333334
1782414780,2026-06-25T12:13:00-07:00,35.97762733333334
1782414840,2026-06-25T12:14:00-07:00,35.97762733333334
1782414900,2026-06-25T12:15:00-07:00,35.97762733333334
1782415380,2026-06-25T12:23:00-07:00,37.48775233333333
1782415440,2026-06-25T12:24:00-07:00,37.48775233333333
1782415500,2026-06-25T12:25:00-07:00,37.48775233333333
1782415560,2026-06-25T12:26:00-07:00,37.48775233333333
1782415620,2026-06-25T12:27:00-07:00,37.48775233333333
1782415920,2026-06-25T12:32:00-07:00,34.121833
1782415980,2026-06-25T12:33:00-07:00,34.121833
1782416040,2026-06-25T12:34:00-07:00,34.121833
1782416100,2026-06-25T12:35:00-07:00,34.121833
1782416160,2026-06-25T12:36:00-07:00,34.121833
1782416220,2026-06-25T12:37:00-07:00,98.62070733333333
1782416280,2026-06-25T12:38:00-07:00,98.62070733333333
1782416340,2026-06-25T12:39:00-07:00,98.62070733333333
1782416400,2026-06-25T12:40:00-07:00,98.62070733333333
1782416460,2026-06-25T12:41:00-07:00,98.62070733333333
1782416880,2026-06-25T12:48:00-07:00,58.60773366666667
1782416940,2026-06-25T12:49:00-07:00,58.60773366666667
1782417000,2026-06-25T12:50:00-07:00,58.60773366666667
1782417060,2026-06-25T12:51:00-07:00,58.60773366666667
1782417120,2026-06-25T12:52:00-07:00,58.60773366666667
1782417180,2026-06-25T12:53:00-07:00,71.06545016666666
1782417240,2026-06-25T12:54:00-07:00,71.06545016666666
1782417300,2026-06-25T12:55:00-07:00,71.06545016666666
1782417360,2026-06-25T12:56:00-07:00,71.06545016666666
1782417420,2026-06-25T12:57:00-07:00,71.06545016666666
1782417780,2026-06-25T13:03:00-07:00,33.40380183333334
1782417840,2026-06-25T13:04:00-07:00,33.40380183333334
1782417900,2026-06-25T13:05:00-07:00,33.40380183333334
1782417960,2026-06-25T13:06:00-07:00,33.40380183333334
1782418020,2026-06-25T13:07:00-07:00,33.40380183333334
1782418140,2026-06-25T13:09:00-07:00,35.76156966666667
1782418200,2026-06-25T13:10:00-07:00,35.76156966666667
1782418260,2026-06-25T13:11:00-07:00,35.76156966666667
1782418320,2026-06-25T13:12:00-07:00,35.76156966666667
1782418380,2026-06-25T13:13:00-07:00,35.76156966666667
1782418440,2026-06-25T13:14:00-07:00,32.818597
1782418500,2026-06-25T13:15:00-07:00,32.818597
1782418560,2026-06-25T13:16:00-07:00,32.818597
1782418620,2026-06-25T13:17:00-07:00,32.818597
1782418680,2026-06-25T13:18:00-07:00,32.818597
1782418800,2026-06-25T13:20:00-07:00,34.648051
1782418860,2026-06-25T13:21:00-07:00,34.648051
1782418920,2026-06-25T13:22:00-07:00,34.648051
1782418980,2026-06-25T13:23:00-07:00,34.648051
1782419040,2026-06-25T13:24:00-07:00,34.648051
1782419160,2026-06-25T13:26:00-07:00,33.70678066666667
1782419220,2026-06-25T13:27:00-07:00,33.70678066666667
1782419280,2026-06-25T13:28:00-07:00,33.70678066666667
1782419340,2026-06-25T13:29:00-07:00,33.70678066666667
1782419400,2026-06-25T13:30:00-07:00,33.70678066666667
1782419880,2026-06-25T13:38:00-07:00,36.53986266666667
1782419940,2026-06-25T13:39:00-07:00,36.53986266666667
1782420000,2026-06-25T13:40:00-07:00,36.53986266666667
1782420060,2026-06-25T13:41:00-07:00,36.53986266666667
1782420120,2026-06-25T13:42:00-07:00,36.53986266666667
1782420180,2026-06-25T13:43:00-07:00,34.30230016666667
1782420240,2026-06-25T13:44:00-07:00,34.30230016666667
1782420300,2026-06-25T13:45:00-07:00,34.30230016666667
1782420360,2026-06-25T13:46:00-07:00,34.30230016666667
1782420420,2026-06-25T13:47:00-07:00,34.30230016666667
1782420480,2026-06-25T13:48:00-07:00,92.48161499999999
1782420540,2026-06-25T13:49:00-07:00,92.48161499999999
1782420600,2026-06-25T13:50:00-07:00,92.48161499999999
1782420660,2026-06-25T13:51:00-07:00,92.48161499999999
1782420720,2026-06-25T13:52:00-07:00,92.48161499999999
1782420840,2026-06-25T13:54:00-07:00,33.016472666666665
1782420900,2026-06-25T13:55:00-07:00,33.016472666666665
1782420960,2026-06-25T13:56:00-07:00,33.016472666666665
1782421020,2026-06-25T13:57:00-07:00,33.016472666666665
1782421080,2026-06-25T13:58:00-07:00,33.016472666666665
1782421140,2026-06-25T13:59:00-07:00,35.132426
1782421200,2026-06-25T14:00:00-07:00,35.132426
1782421260,2026-06-25T14:01:00-07:00,35.132426
1782421320,2026-06-25T14:02:00-07:00,35.132426
1782421380,2026-06-25T14:03:00-07:00,35.132426
1782421440,2026-06-25T14:04:00-07:00,37.91107216666666
1782421500,2026-06-25T14:05:00-07:00,37.91107216666666
1782421560,2026-06-25T14:06:00-07:00,37.91107216666666
1782421620,2026-06-25T14:07:00-07:00,37.91107216666666
1782421680,2026-06-25T14:08:00-07:00,37.91107216666666
1782421800,2026-06-25T14:10:00-07:00,100.7472945
1782421860,2026-06-25T14:11:00-07:00,100.7472945
1782421920,2026-06-25T14:12:00-07:00,100.7472945
1782421980,2026-06-25T14:13:00-07:00,100.7472945
1782422040,2026-06-25T14:14:00-07:00,100.7472945
1782422100,2026-06-25T14:15:00-07:00,73.34759516666666
1782422160,2026-06-25T14:16:00-07:00,73.34759516666666
1782422220,2026-06-25T14:17:00-07:00,73.34759516666666
1782422280,2026-06-25T14:18:00-07:00,73.34759516666666
1782422340,2026-06-25T14:19:00-07:00,73.34759516666666
1782422400,2026-06-25T14:20:00-07:00,94.91252283333331
1782422460,2026-06-25T14:21:00-07:00,94.91252283333331
1782422520,2026-06-25T14:22:00-07:00,94.91252283333331
1782422580,2026-06-25T14:23:00-07:00,94.91252283333331
1782422640,2026-06-25T14:24:00-07:00,94.91252283333331
1782422700,2026-06-25T14:25:00-07:00,72.20518
1782422760,2026-06-25T14:26:00-07:00,72.20518
1782422820,2026-06-25T14:27:00-07:00,72.20518
1782422880,2026-06-25T14:28:00-07:00,72.20518
1782422940,2026-06-25T14:29:00-07:00,72.20518
1782423000,2026-06-25T14:30:00-07:00,32.907307833333334
1782423060,2026-06-25T14:31:00-07:00,32.907307833333334
1782423120,2026-06-25T14:32:00-07:00,32.907307833333334
1782423180,2026-06-25T14:33:00-07:00,32.907307833333334
1782423240,2026-06-25T14:34:00-07:00,32.907307833333334
1782423300,2026-06-25T14:35:00-07:00,40.43450966666666
1782423360,2026-06-25T14:36:00-07:00,40.43450966666666
1782423420,2026-06-25T14:37:00-07:00,40.43450966666666
1782423480,2026-06-25T14:38:00-07:00,40.43450966666666
1782423540,2026-06-25T14:39:00-07:00,40.43450966666666
1782423660,2026-06-25T14:41:00-07:00,33.52492266666666
1782423720,2026-06-25T14:42:00-07:00,33.52492266666666
1782423780,2026-06-25T14:43:00-07:00,33.52492266666666
1782423840,2026-06-25T14:44:00-07:00,33.52492266666666
1782423900,2026-06-25T14:45:00-07:00,33.52492266666666
1782423960,2026-06-25T14:46:00-07:00,49.759623166666664
1782424020,2026-06-25T14:47:00-07:00,49.759623166666664
1782424080,2026-06-25T14:48:00-07:00,49.759623166666664
1782424140,2026-06-25T14:49:00-07:00,49.759623166666664
1782424200,2026-06-25T14:50:00-07:00,49.759623166666664
1782424260,2026-06-25T14:51:00-07:00,84.37108033333332
1782424320,2026-06-25T14:52:00-07:00,84.37108033333332
1782424380,2026-06-25T14:53:00-07:00,84.37108033333332
1782424440,2026-06-25T14:54:00-07:00,84.37108033333332
1782424500,2026-06-25T14:55:00-07:00,84.37108033333332
1782424560,2026-06-25T14:56:00-07:00,93.53348783333335
1782424620,2026-06-25T14:57:00-07:00,93.53348783333335
1782424680,2026-06-25T14:58:00-07:00,93.53348783333335
1782424740,2026-06-25T14:59:00-07:00,93.53348783333335
1782424800,2026-06-25T15:00:00-07:00,93.53348783333335
1782424860,2026-06-25T15:01:00-07:00,26.681077666666667
1782424920,2026-06-25T15:02:00-07:00,26.681077666666667
1782424980,2026-06-25T15:03:00-07:00,26.681077666666667
1782425040,2026-06-25T15:04:00-07:00,26.681077666666667
1782425100,2026-06-25T15:05:00-07:00,26.681077666666667
1782425160,2026-06-25T15:06:00-07:00,37.845981333333334
1782425220,2026-06-25T15:07:00-07:00,37.845981333333334
1782425280,2026-06-25T15:08:00-07:00,37.845981333333334
1782425340,2026-06-25T15:09:00-07:00,37.845981333333334
1782425400,2026-06-25T15:10:00-07:00,37.845981333333334
1782425460,2026-06-25T15:11:00-07:00,28.533481
1782425520,2026-06-25T15:12:00-07:00,28.533481
1782425580,2026-06-25T15:13:00-07:00,28.533481
1782425640,2026-06-25T15:14:00-07:00,28.533481
1782425700,2026-06-25T15:15:00-07:00,28.533481
1782425760,2026-06-25T15:16:00-07:00,41.315199166666666
1782425820,2026-06-25T15:17:00-07:00,41.315199166666666
1782425880,2026-06-25T15:18:00-07:00,41.315199166666666
1782425940,2026-06-25T15:19:00-07:00,41.315199166666666
1782426000,2026-06-25T15:20:00-07:00,41.315199166666666
1782426060,2026-06-25T15:21:00-07:00,39.03568533333333
1782426120,2026-06-25T15:22:00-07:00,39.03568533333333
1782426180,2026-06-25T15:23:00-07:00,39.03568533333333
1782426240,2026-06-25T15:24:00-07:00,39.03568533333333
1782426300,2026-06-25T15:25:00-07:00,39.03568533333333
1782426360,2026-06-25T15:26:00-07:00,44.69075516666666
1782426420,2026-06-25T15:27:00-07:00,44.69075516666666
1782426480,2026-06-25T15:28:00-07:00,44.69075516666666
1782426540,2026-06-25T15:29:00-07:00,44.69075516666666
1782426600,2026-06-25T15:30:00-07:00,44.69075516666666
1782426660,2026-06-25T15:31:00-07:00,38.870808833333335
1782426720,2026-06-25T15:32:00-07:00,38.870808833333335
1782426780,2026-06-25T15:33:00-07:00,38.870808833333335
1782426840,2026-06-25T15:34:00-07:00,38.870808833333335
1782426900,2026-06-25T15:35:00-07:00,38.870808833333335
1782427260,2026-06-25T15:41:00-07:00,44.2918905
1782427320,2026-06-25T15:42:00-07:00,44.2918905
1782427380,2026-06-25T15:43:00-07:00,44.2918905
1782427440,2026-06-25T15:44:00-07:00,44.2918905
1782427500,2026-06-25T15:45:00-07:00,44.2918905
1782427620,2026-06-25T15:47:00-07:00,24.242709666666666
1782427680,2026-06-25T15:48:00-07:00,24.242709666666666
1782427740,2026-06-25T15:49:00-07:00,24.242709666666666
1782427800,2026-06-25T15:50:00-07:00,24.242709666666666
1782427860,2026-06-25T15:51:00-07:00,24.242709666666666
1782428220,2026-06-25T15:57:00-07:00,42.14816616666667
1782428280,2026-06-25T15:58:00-07:00,42.14816616666667
1782428340,2026-06-25T15:59:00-07:00,42.14816616666667
1782428400,2026-06-25T16:00:00-07:00,42.14816616666667
1782428460,2026-06-25T16:01:00-07:00,42.14816616666667
1782428580,2026-06-25T16:03:00-07:00,50.18743216666667
1782428640,2026-06-25T16:04:00-07:00,50.18743216666667
1782428700,2026-06-25T16:05:00-07:00,50.18743216666667
1782428760,2026-06-25T16:06:00-07:00,50.18743216666667
1782428820,2026-06-25T16:07:00-07:00,50.18743216666667
1782428880,2026-06-25T16:08:00-07:00,44.13891583333333
1782428940,2026-06-25T16:09:00-07:00,44.13891583333333
1782429000,2026-06-25T16:10:00-07:00,44.13891583333333
1782429060,2026-06-25T16:11:00-07:00,44.13891583333333
1782429120,2026-06-25T16:12:00-07:00,44.13891583333333
1782429240,2026-06-25T16:14:00-07:00,55.053616
1782429300,2026-06-25T16:15:00-07:00,55.053616
1782429360,2026-06-25T16:16:00-07:00,55.053616
1782429420,2026-06-25T16:17:00-07:00,55.053616
1782429480,2026-06-25T16:18:00-07:00,55.053616
1782429600,2026-06-25T16:20:00-07:00,39.41071233333333
1782429660,2026-06-25T16:21:00-07:00,39.41071233333333
1782429720,2026-06-25T16:22:00-07:00,39.41071233333333
1782429780,2026-06-25T16:23:00-07:00,39.41071233333333
1782429840,2026-06-25T16:24:00-07:00,39.41071233333333
1782430320,2026-06-25T16:32:00-07:00,119.92332666666665
1782430380,2026-06-25T16:33:00-07:00,119.92332666666665
1782430440,2026-06-25T16:34:00-07:00,119.92332666666665
1782430500,2026-06-25T16:35:00-07:00,119.92332666666665
1782430560,2026-06-25T16:36:00-07:00,119.92332666666665
1782430620,2026-06-25T16:37:00-07:00,51.892028833333335
1782430680,2026-06-25T16:38:00-07:00,51.892028833333335
1782430740,2026-06-25T16:39:00-07:00,51.892028833333335
1782430800,2026-06-25T16:40:00-07:00,51.892028833333335
1782430860,2026-06-25T16:41:00-07:00,51.892028833333335
1782430920,2026-06-25T16:42:00-07:00,111.32291683333331
1782430980,2026-06-25T16:43:00-07:00,111.32291683333331
1782431040,2026-06-25T16:44:00-07:00,111.32291683333331
1782431100,2026-06-25T16:45:00-07:00,111.32291683333331
1782431160,2026-06-25T16:46:00-07:00,111.32291683333331
1782431640,2026-06-25T16:54:00-07:00,67.22924816666666
1782431700,2026-06-25T16:55:00-07:00,67.22924816666666
1782431760,2026-06-25T16:56:00-07:00,67.22924816666666
1782431820,2026-06-25T16:57:00-07:00,67.22924816666666
1782431880,2026-06-25T16:58:00-07:00,67.22924816666666
1782431940,2026-06-25T16:59:00-07:00,76.91103116666666
1782432000,2026-06-25T17:00:00-07:00,76.91103116666666
1782432060,2026-06-25T17:01:00-07:00,76.91103116666666
1782432120,2026-06-25T17:02:00-07:00,76.91103116666666
1782432180,2026-06-25T17:03:00-07:00,76.91103116666666
1782432240,2026-06-25T17:04:00-07:00,73.20669233333332
1782432300,2026-06-25T17:05:00-07:00,73.20669233333332
1782432360,2026-06-25T17:06:00-07:00,73.20669233333332
1782432420,2026-06-25T17:07:00-07:00,73.20669233333332
1782432480,2026-06-25T17:08:00-07:00,73.20669233333332
1782432600,2026-06-25T17:10:00-07:00,71.97150983333333
1782432660,2026-06-25T17:11:00-07:00,71.97150983333333
1782432720,2026-06-25T17:12:00-07:00,71.97150983333333
1782432780,2026-06-25T17:13:00-07:00,71.97150983333333
1782432840,2026-06-25T17:14:00-07:00,71.97150983333333
1782432900,2026-06-25T17:15:00-07:00,69.81381533333332
1782432960,2026-06-25T17:16:00-07:00,69.81381533333332
1782433020,2026-06-25T17:17:00-07:00,69.81381533333332
1782433080,2026-06-25T17:18:00-07:00,69.81381533333332
1782433140,2026-06-25T17:19:00-07:00,69.81381533333332
1782433320,2026-06-25T17:22:00-07:00,54.70161266666667
1782433380,2026-06-25T17:23:00-07:00,54.70161266666667
1782433440,2026-06-25T17:24:00-07:00,54.70161266666667
1782433500,2026-06-25T17:25:00-07:00,54.70161266666667
1782433560,2026-06-25T17:26:00-07:00,54.70161266666667
1782433620,2026-06-25T17:27:00-07:00,36.984639333333334
1782433680,2026-06-25T17:28:00-07:00,36.984639333333334
1782433740,2026-06-25T17:29:00-07:00,36.984639333333334
1782433800,2026-06-25T17:30:00-07:00,36.984639333333334
1782433860,2026-06-25T17:31:00-07:00,36.984639333333334
1782433920,2026-06-25T17:32:00-07:00,34.58031533333334
1782433980,2026-06-25T17:33:00-07:00,34.58031533333334
1782434040,2026-06-25T17:34:00-07:00,34.58031533333334
1782434100,2026-06-25T17:35:00-07:00,34.58031533333334
1782434160,2026-06-25T17:36:00-07:00,34.58031533333334
1782434280,2026-06-25T17:38:00-07:00,36.9573435
1782434340,2026-06-25T17:39:00-07:00,36.9573435
1782434400,2026-06-25T17:40:00-07:00,36.9573435
1782434460,2026-06-25T17:41:00-07:00,36.9573435
1782434520,2026-06-25T17:42:00-07:00,36.9573435
1782434580,2026-06-25T17:43:00-07:00,100.936937
1782434640,2026-06-25T17:44:00-07:00,100.936937
1782434700,2026-06-25T17:45:00-07:00,100.936937
1782434760,2026-06-25T17:46:00-07:00,100.936937
1782434820,2026-06-25T17:47:00-07:00,100.936937
1782434940,2026-06-25T17:49:00-07:00,59.18842216666667
1782435000,2026-06-25T17:50:00-07:00,59.18842216666667
1782435060,2026-06-25T17:51:00-07:00,59.18842216666667
1782435120,2026-06-25T17:52:00-07:00,59.18842216666667
1782435180,2026-06-25T17:53:00-07:00,59.18842216666667
1782435240,2026-06-25T17:54:00-07:00,37.830844500000005
1782435300,2026-06-25T17:55:00-07:00,37.830844500000005
1782435360,2026-06-25T17:56:00-07:00,37.830844500000005
1782435420,2026-06-25T17:57:00-07:00,37.830844500000005
1782435480,2026-06-25T17:58:00-07:00,37.830844500000005
1782435540,2026-06-25T17:59:00-07:00,83.40747749999998
1782435600,2026-06-25T18:00:00-07:00,83.40747749999998
1782435660,2026-06-25T18:01:00-07:00,83.40747749999998
1782435720,2026-06-25T18:02:00-07:00,83.40747749999998
1782435780,2026-06-25T18:03:00-07:00,83.40747749999998
1782435960,2026-06-25T18:06:00-07:00,37.884236666666666
1782436020,2026-06-25T18:07:00-07:00,37.884236666666666
1782436080,2026-06-25T18:08:00-07:00,37.884236666666666
1782436140,2026-06-25T18:09:00-07:00,37.884236666666666
1782436200,2026-06-25T18:10:00-07:00,37.884236666666666
1782436260,2026-06-25T18:11:00-07:00,49.96833649999999
1782436320,2026-06-25T18:12:00-07:00,49.96833649999999
1782436380,2026-06-25T18:13:00-07:00,49.96833649999999
1782436440,2026-06-25T18:14:00-07:00,49.96833649999999
1782436500,2026-06-25T18:15:00-07:00,49.96833649999999
1782436560,2026-06-25T18:16:00-07:00,50.6776465
1782436620,2026-06-25T18:17:00-07:00,50.6776465
1782436680,2026-06-25T18:18:00-07:00,50.6776465
1782436740,2026-06-25T18:19:00-07:00,50.6776465
1782436800,2026-06-25T18:20:00-07:00,50.6776465
1782436920,2026-06-25T18:22:00-07:00,32.9738295
1782436980,2026-06-25T18:23:00-07:00,32.9738295
1782437040,2026-06-25T18:24:00-07:00,32.9738295
1782437100,2026-06-25T18:25:00-07:00,32.9738295
1782437160,2026-06-25T18:26:00-07:00,32.9738295
1782437220,2026-06-25T18:27:00-07:00,96.46767833333332
1782437280,2026-06-25T18:28:00-07:00,96.46767833333332
1782437340,2026-06-25T18:29:00-07:00,96.46767833333332
1782437400,2026-06-25T18:30:00-07:00,96.46767833333332
1782437460,2026-06-25T18:31:00-07:00,96.46767833333332
1782437580,2026-06-25T18:33:00-07:00,38.861572333333335
1782437640,2026-06-25T18:34:00-07:00,38.861572333333335
1782437700,2026-06-25T18:35:00-07:00,38.861572333333335
1782437760,2026-06-25T18:36:00-07:00,38.861572333333335
1782437820,2026-06-25T18:37:00-07:00,38.861572333333335
1782437880,2026-06-25T18:38:00-07:00,124.530036
1782437940,2026-06-25T18:39:00-07:00,124.530036
1782438000,2026-06-25T18:40:00-07:00,124.530036
1782438060,2026-06-25T18:41:00-07:00,124.530036
1782438120,2026-06-25T18:42:00-07:00,124.530036
1782438180,2026-06-25T18:43:00-07:00,64.33084466666666
1782438240,2026-06-25T18:44:00-07:00,64.33084466666666
1782438300,2026-06-25T18:45:00-07:00,64.33084466666666
1782438360,2026-06-25T18:46:00-07:00,64.33084466666666
1782438420,2026-06-25T18:47:00-07:00,64.33084466666666
1782438540,2026-06-25T18:49:00-07:00,62.591573000000004
1782438600,2026-06-25T18:50:00-07:00,62.591573000000004
1782438660,2026-06-25T18:51:00-07:00,62.591573000000004
1782438720,2026-06-25T18:52:00-07:00,62.591573000000004
1782438780,2026-06-25T18:53:00-07:00,62.591573000000004
1782438900,2026-06-25T18:55:00-07:00,41.678168666666664
1782438960,2026-06-25T18:56:00-07:00,41.678168666666664
1782439020,2026-06-25T18:57:00-07:00,41.678168666666664
1782439080,2026-06-25T18:58:00-07:00,41.678168666666664
1782439140,2026-06-25T18:59:00-07:00,41.678168666666664
1782439200,2026-06-25T19:00:00-07:00,39.79915383333333
1782439260,2026-06-25T19:01:00-07:00,39.79915383333333
1782439320,2026-06-25T19:02:00-07:00,39.79915383333333
1782439380,2026-06-25T19:03:00-07:00,39.79915383333333
1782439440,2026-06-25T19:04:00-07:00,39.79915383333333
1782439560,2026-06-25T19:06:00-07:00,70.65181516666665
1782439620,2026-06-25T19:07:00-07:00,70.65181516666665
1782439680,2026-06-25T19:08:00-07:00,70.65181516666665
1782439740,2026-06-25T19:09:00-07:00,70.65181516666665
1782439800,2026-06-25T19:10:00-07:00,70.65181516666665
1782439920,2026-06-25T19:12:00-07:00,57.80801733333333
1782439980,2026-06-25T19:13:00-07:00,57.80801733333333
1782440040,2026-06-25T19:14:00-07:00,57.80801733333333
1782440100,2026-06-25T19:15:00-07:00,57.80801733333333
1782440160,2026-06-25T19:16:00-07:00,57.80801733333333
1782440280,2026-06-25T19:18:00-07:00,33.65442566666666
1782440340,2026-06-25T19:19:00-07:00,33.65442566666666
1782440400,2026-06-25T19:20:00-07:00,33.65442566666666
1782440460,2026-06-25T19:21:00-07:00,33.65442566666666
1782440520,2026-06-25T19:22:00-07:00,33.65442566666666
1782440640,2026-06-25T19:24:00-07:00,66.062751
1782440700,2026-06-25T19:25:00-07:00,66.062751
1782440760,2026-06-25T19:26:00-07:00,66.062751
1782440820,2026-06-25T19:27:00-07:00,66.062751
1782440880,2026-06-25T19:28:00-07:00,66.062751
1782441000,2026-06-25T19:30:00-07:00,78.5296835
1782441060,2026-06-25T19:31:00-07:00,78.5296835
1782441120,2026-06-25T19:32:00-07:00,78.5296835
1782441180,2026-06-25T19:33:00-07:00,78.5296835
1782441240,2026-06-25T19:34:00-07:00,78.5296835
1782441300,2026-06-25T19:35:00-07:00,57.10482466666667
1782441360,2026-06-25T19:36:00-07:00,57.10482466666667
1782441420,2026-06-25T19:37:00-07:00,57.10482466666667
1782441480,2026-06-25T19:38:00-07:00,57.10482466666667
1782441540,2026-06-25T19:39:00-07:00,57.10482466666667
1782442320,2026-06-25T19:52:00-07:00,38.58690016666667
1782442380,2026-06-25T19:53:00-07:00,38.58690016666667
1782442440,2026-06-25T19:54:00-07:00,38.58690016666667
1782442500,2026-06-25T19:55:00-07:00,38.58690016666667
1782442560,2026-06-25T19:56:00-07:00,38.58690016666667
1782442620,2026-06-25T19:57:00-07:00,37.478264833333334
1782442680,2026-06-25T19:58:00-07:00,37.478264833333334
1782442740,2026-06-25T19:59:00-07:00,37.478264833333334
1782442800,2026-06-25T20:00:00-07:00,37.478264833333334
1782442860,2026-06-25T20:01:00-07:00,37.478264833333334
1782443040,2026-06-25T20:04:00-07:00,42.717461333333326
1782443100,2026-06-25T20:05:00-07:00,42.717461333333326
1782443160,2026-06-25T20:06:00-07:00,42.717461333333326
1782443220,2026-06-25T20:07:00-07:00,42.717461333333326
1782443280,2026-06-25T20:08:00-07:00,42.717461333333326
1782443760,2026-06-25T20:16:00-07:00,42.458346999999996
1782443820,2026-06-25T20:17:00-07:00,42.458346999999996
1782443880,2026-06-25T20:18:00-07:00,42.458346999999996
1782443940,2026-06-25T20:19:00-07:00,42.458346999999996
1782444000,2026-06-25T20:20:00-07:00,42.458346999999996
1782445560,2026-06-25T20:46:00-07:00,35.603224
1782445620,2026-06-25T20:47:00-07:00,35.603224
1782445680,2026-06-25T20:48:00-07:00,35.603224
1782445740,2026-06-25T20:49:00-07:00,35.603224
1782445800,2026-06-25T20:50:00-07:00,35.603224
1782445860,2026-06-25T20:51:00-07:00,50.86444766666667
1782445920,2026-06-25T20:52:00-07:00,50.86444766666667
1782445980,2026-06-25T20:53:00-07:00,50.86444766666667
1782446040,2026-06-25T20:54:00-07:00,50.86444766666667
1782446100,2026-06-25T20:55:00-07:00,50.86444766666667
1782446280,2026-06-25T20:58:00-07:00,49.10493966666667
1782446340,2026-06-25T20:59:00-07:00,49.10493966666667
1782446400,2026-06-25T21:00:00-07:00,49.10493966666667
1782446460,2026-06-25T21:01:00-07:00,49.10493966666667
1782446520,2026-06-25T21:02:00-07:00,49.10493966666667
1782447060,2026-06-25T21:11:00-07:00,39.14616516666667
1782447120,2026-06-25T21:12:00-07:00,39.14616516666667
1782447180,2026-06-25T21:13:00-07:00,39.14616516666667
1782447240,2026-06-25T21:14:00-07:00,39.14616516666667
1782447300,2026-06-25T21:15:00-07:00,39.14616516666667
1782447360,2026-06-25T21:16:00-07:00,47.99021416666667
1782447420,2026-06-25T21:17:00-07:00,47.99021416666667
1782447480,2026-06-25T21:18:00-07:00,47.99021416666667
1782447540,2026-06-25T21:19:00-07:00,47.99021416666667
1782447600,2026-06-25T21:20:00-07:00,47.99021416666667
1782447660,2026-06-25T21:21:00-07:00,54.94974783333333
1782447720,2026-06-25T21:22:00-07:00,54.94974783333333
1782447780,2026-06-25T21:23:00-07:00,54.94974783333333
1782447840,2026-06-25T21:24:00-07:00,54.94974783333333
1782447900,2026-06-25T21:25:00-07:00,54.94974783333333
1782447960,2026-06-25T21:26:00-07:00,65.00726983333332
1782448020,2026-06-25T21:27:00-07:00,65.00726983333332
1782448080,2026-06-25T21:28:00-07:00,65.00726983333332
1782448140,2026-06-25T21:29:00-07:00,65.00726983333332
1782448200,2026-06-25T21:30:00-07:00,65.00726983333332
1782448260,2026-06-25T21:31:00-07:00,69.875217
1782448320,2026-06-25T21:32:00-07:00,69.875217
1782448380,2026-06-25T21:33:00-07:00,69.875217
1782448440,2026-06-25T21:34:00-07:00,69.875217
1782448500,2026-06-25T21:35:00-07:00,69.875217
1782448560,2026-06-25T21:36:00-07:00,52.188354499999996
1782448620,2026-06-25T21:37:00-07:00,52.188354499999996
1782448680,2026-06-25T21:38:00-07:00,52.188354499999996
1782448740,2026-06-25T21:39:00-07:00,52.188354499999996
1782448800,2026-06-25T21:40:00-07:00,52.188354499999996
1782448920,2026-06-25T21:42:00-07:00,52.862453833333326
1782448980,2026-06-25T21:43:00-07:00,52.862453833333326
1782449040,2026-06-25T21:44:00-07:00,52.862453833333326
1782449100,2026-06-25T21:45:00-07:00,52.862453833333326
1782449160,2026-06-25T21:46:00-07:00,52.862453833333326
1782449220,2026-06-25T21:47:00-07:00,63.93972433333334
1782449280,2026-06-25T21:48:00-07:00,63.93972433333334
1782449340,2026-06-25T21:49:00-07:00,63.93972433333334
1782449400,2026-06-25T21:50:00-07:00,63.93972433333334
1782449460,2026-06-25T21:51:00-07:00,63.93972433333334
1782449520,2026-06-25T21:52:00-07:00,64.39083516666668
1782449580,2026-06-25T21:53:00-07:00,64.39083516666668
1782449640,2026-06-25T21:54:00-07:00,64.39083516666668
1782449700,2026-06-25T21:55:00-07:00,64.39083516666668
1782449760,2026-06-25T21:56:00-07:00,64.39083516666668
1782449820,2026-06-25T21:57:00-07:00,97.04031716666667
1782449880,2026-06-25T21:58:00-07:00,97.04031716666667
1782449940,2026-06-25T21:59:00-07:00,97.04031716666667
1782450000,2026-06-25T22:00:00-07:00,97.04031716666667
1782450060,2026-06-25T22:01:00-07:00,97.04031716666667
1782450120,2026-06-25T22:02:00-07:00,41.777479500000005
1782450180,2026-06-25T22:03:00-07:00,41.777479500000005
1782450240,2026-06-25T22:04:00-07:00,41.777479500000005
1782450300,2026-06-25T22:05:00-07:00,41.777479500000005
1782450360,2026-06-25T22:06:00-07:00,41.777479500000005
1782450480,2026-06-25T22:08:00-07:00,63.290507
1782450540,2026-06-25T22:09:00-07:00,63.290507
1782450600,2026-06-25T22:10:00-07:00,63.290507
1782450660,2026-06-25T22:11:00-07:00,63.290507
1782450720,2026-06-25T22:12:00-07:00,63.290507
1782450780,2026-06-25T22:13:00-07:00,68.23581283333333
1782450840,2026-06-25T22:14:00-07:00,68.23581283333333
1782450900,2026-06-25T22:15:00-07:00,68.23581283333333
1782450960,2026-06-25T22:16:00-07:00,68.23581283333333
1782451020,2026-06-25T22:17:00-07:00,68.23581283333333
1782451080,2026-06-25T22:18:00-07:00,38.549553833333334
1782451140,2026-06-25T22:19:00-07:00,38.549553833333334
1782451200,2026-06-25T22:20:00-07:00,38.549553833333334
1782451260,2026-06-25T22:21:00-07:00,38.549553833333334
1782451320,2026-06-25T22:22:00-07:00,38.549553833333334
1782451380,2026-06-25T22:23:00-07:00,76.90592466666666
1782451440,2026-06-25T22:24:00-07:00,76.90592466666666
1782451500,2026-06-25T22:25:00-07:00,76.90592466666666
1782451560,2026-06-25T22:26:00-07:00,76.90592466666666
1782451620,2026-06-25T22:27:00-07:00,76.90592466666666
1782451680,2026-06-25T22:28:00-07:00,68.89655883333333
1782451740,2026-06-25T22:29:00-07:00,68.89655883333333
1782451800,2026-06-25T22:30:00-07:00,68.89655883333333
1782451860,2026-06-25T22:31:00-07:00,68.89655883333333
1782451920,2026-06-25T22:32:00-07:00,68.89655883333333
1782451980,2026-06-25T22:33:00-07:00,35.64652516666666
1782452040,2026-06-25T22:34:00-07:00,35.64652516666666
1782452100,2026-06-25T22:35:00-07:00,35.64652516666666
1782452160,2026-06-25T22:36:00-07:00,35.64652516666666
1782452220,2026-06-25T22:37:00-07:00,35.64652516666666
1782452280,2026-06-25T22:38:00-07:00,60.31201883333333
1782452340,2026-06-25T22:39:00-07:00,60.31201883333333
1782452400,2026-06-25T22:40:00-07:00,60.31201883333333
1782452460,2026-06-25T22:41:00-07:00,60.31201883333333
1782452520,2026-06-25T22:42:00-07:00,60.31201883333333
1782452580,2026-06-25T22:43:00-07:00,37.78259283333333
1782452640,2026-06-25T22:44:00-07:00,37.78259283333333
1782452700,2026-06-25T22:45:00-07:00,37.78259283333333
1782452760,2026-06-25T22:46:00-07:00,37.78259283333333
1782452820,2026-06-25T22:47:00-07:00,37.78259283333333
1782452880,2026-06-25T22:48:00-07:00,64.36220316666667
1782452940,2026-06-25T22:49:00-07:00,64.36220316666667
1782453000,2026-06-25T22:50:00-07:00,64.36220316666667
1782453060,2026-06-25T22:51:00-07:00,64.36220316666667
1782453120,2026-06-25T22:52:00-07:00,64.36220316666667
1782453240,2026-06-25T22:54:00-07:00,74.13928899999999
1782453300,2026-06-25T22:55:00-07:00,74.13928899999999
1782453360,2026-06-25T22:56:00-07:00,74.13928899999999
1782453420,2026-06-25T22:57:00-07:00,74.13928899999999
1782453480,2026-06-25T22:58:00-07:00,74.13928899999999
1782453540,2026-06-25T22:59:00-07:00,68.28009733333333
1782453600,2026-06-25T23:00:00-07:00,68.28009733333333
1782453660,2026-06-25T23:01:00-07:00,68.28009733333333
1782453720,2026-06-25T23:02:00-07:00,68.28009733333333
1782453780,2026-06-25T23:03:00-07:00,68.28009733333333
1782453840,2026-06-25T23:04:00-07:00,65.86121266666667
1782453900,2026-06-25T23:05:00-07:00,65.86121266666667
1782453960,2026-06-25T23:06:00-07:00,65.86121266666667
1782454020,2026-06-25T23:07:00-07:00,65.86121266666667
1782454080,2026-06-25T23:08:00-07:00,65.86121266666667
1782454140,2026-06-25T23:09:00-07:00,37.51214566666667
1782454200,2026-06-25T23:10:00-07:00,37.51214566666667
1782454260,2026-06-25T23:11:00-07:00,37.51214566666667
1782454320,2026-06-25T23:12:00-07:00,37.51214566666667
1782454380,2026-06-25T23:13:00-07:00,37.51214566666667
1782454440,2026-06-25T23:14:00-07:00,72.21146650000001
1782454500,2026-06-25T23:15:00-07:00,72.21146650000001
1782454560,2026-06-25T23:16:00-07:00,72.21146650000001
1782454620,2026-06-25T23:17:00-07:00,72.21146650000001
1782454680,2026-06-25T23:18:00-07:00,72.21146650000001
1782454740,2026-06-25T23:19:00-07:00,67.3753255
1782454800,2026-06-25T23:20:00-07:00,67.3753255
1782454860,2026-06-25T23:21:00-07:00,67.3753255
1782454920,2026-06-25T23:22:00-07:00,67.3753255
1782454980,2026-06-25T23:23:00-07:00,67.3753255
1782455040,2026-06-25T23:24:00-07:00,39.20016833333333
1782455100,2026-06-25T23:25:00-07:00,39.20016833333333
1782455160,2026-06-25T23:26:00-07:00,39.20016833333333
1782455220,2026-06-25T23:27:00-07:00,39.20016833333333
1782455280,2026-06-25T23:28:00-07:00,39.20016833333333
1782455400,2026-06-25T23:30:00-07:00,65.29568850000001
1782455460,2026-06-25T23:31:00-07:00,65.29568850000001
1782455520,2026-06-25T23:32:00-07:00,65.29568850000001
1782455580,2026-06-25T23:33:00-07:00,65.29568850000001
1782455640,2026-06-25T23:34:00-07:00,65.29568850000001
1782455700,2026-06-25T23:35:00-07:00,53.68948716666667
1782455760,2026-06-25T23:36:00-07:00,53.68948716666667
1782455820,2026-06-25T23:37:00-07:00,53.68948716666667
1782455880,2026-06-25T23:38:00-07:00,53.68948716666667
1782455940,2026-06-25T23:39:00-07:00,53.68948716666667
1782456000,2026-06-25T23:40:00-07:00,37.81636583333333
1782456060,2026-06-25T23:41:00-07:00,37.81636583333333
1782456120,2026-06-25T23:42:00-07:00,37.81636583333333
1782456180,2026-06-25T23:43:00-07:00,37.81636583333333
1782456240,2026-06-25T23:44:00-07:00,37.81636583333333
1782456300,2026-06-25T23:45:00-07:00,63.6463555
1782456360,2026-06-25T23:46:00-07:00,63.6463555
1782456420,2026-06-25T23:47:00-07:00,63.6463555
1782456480,2026-06-25T23:48:00-07:00,63.6463555
1782456540,2026-06-25T23:49:00-07:00,63.6463555
1782456600,2026-06-25T23:50:00-07:00,38.146212999999996
1782456660,2026-06-25T23:51:00-07:00,38.146212999999996
1782456720,2026-06-25T23:52:00-07:00,38.146212999999996
1782456780,2026-06-25T23:53:00-07:00,38.146212999999996
1782456840,2026-06-25T23:54:00-07:00,38.146212999999996
1782456900,2026-06-25T23:55:00-07:00,69.40690116666667
1782456960,2026-06-25T23:56:00-07:00,69.40690116666667
1782457020,2026-06-25T23:57:00-07:00,69.40690116666667
1782457080,2026-06-25T23:58:00-07:00,69.40690116666667
1782457140,2026-06-25T23:59:00-07:00,69.40690116666667
1782457260,2026-06-26T00:01:00-07:00,69.1156415
1782457320,2026-06-26T00:02:00-07:00,69.1156415
1782457380,2026-06-26T00:03:00-07:00,69.1156415
1782457440,2026-06-26T00:04:00-07:00,69.1156415
1782457500,2026-06-26T00:05:00-07:00,69.1156415
1782457560,2026-06-26T00:06:00-07:00,63.21573216666667
1782457620,2026-06-26T00:07:00-07:00,63.21573216666667
1782457680,2026-06-26T00:08:00-07:00,63.21573216666667
1782457740,2026-06-26T00:09:00-07:00,63.21573216666667
1782457800,2026-06-26T00:10:00-07:00,63.21573216666667
1782457860,2026-06-26T00:11:00-07:00,66.9036935
1782457920,2026-06-26T00:12:00-07:00,66.9036935
1782457980,2026-06-26T00:13:00-07:00,66.9036935
1782458040,2026-06-26T00:14:00-07:00,66.9036935
1782458100,2026-06-26T00:15:00-07:00,66.9036935
1782458160,2026-06-26T00:16:00-07:00,53.70612933333334
1782458220,2026-06-26T00:17:00-07:00,53.70612933333334
1782458280,2026-06-26T00:18:00-07:00,53.70612933333334
1782458340,2026-06-26T00:19:00-07:00,53.70612933333334
1782458400,2026-06-26T00:20:00-07:00,53.70612933333334
1782458460,2026-06-26T00:21:00-07:00,129.484341
1782458520,2026-06-26T00:22:00-07:00,129.484341
1782458580,2026-06-26T00:23:00-07:00,129.484341
1782458640,2026-06-26T00:24:00-07:00,129.484341
1782458700,2026-06-26T00:25:00-07:00,129.484341
1782458760,2026-06-26T00:26:00-07:00,63.979065333333324
1782458820,2026-06-26T00:27:00-07:00,63.979065333333324
1782458880,2026-06-26T00:28:00-07:00,63.979065333333324
1782458940,2026-06-26T00:29:00-07:00,63.979065333333324
1782459000,2026-06-26T00:30:00-07:00,63.979065333333324
1782459060,2026-06-26T00:31:00-07:00,69.86384399999999
1782459120,2026-06-26T00:32:00-07:00,69.86384399999999
1782459180,2026-06-26T00:33:00-07:00,69.86384399999999
1782459240,2026-06-26T00:34:00-07:00,69.86384399999999
1782459300,2026-06-26T00:35:00-07:00,69.86384399999999
1782459420,2026-06-26T00:37:00-07:00,40.38180883333333
1782459480,2026-06-26T00:38:00-07:00,40.38180883333333
1782459540,2026-06-26T00:39:00-07:00,40.38180883333333
1782459600,2026-06-26T00:40:00-07:00,40.38180883333333
1782459660,2026-06-26T00:41:00-07:00,40.38180883333333
1782459720,2026-06-26T00:42:00-07:00,83.024563
1782459780,2026-06-26T00:43:00-07:00,83.024563
1782459840,2026-06-26T00:44:00-07:00,83.024563
1782459900,2026-06-26T00:45:00-07:00,83.024563
1782459960,2026-06-26T00:46:00-07:00,83.024563
1782460020,2026-06-26T00:47:00-07:00,41.79199883333334
1782460080,2026-06-26T00:48:00-07:00,41.79199883333334
1782460140,2026-06-26T00:49:00-07:00,41.79199883333334
1782460200,2026-06-26T00:50:00-07:00,41.79199883333334
1782460260,2026-06-26T00:51:00-07:00,41.79199883333334
1782460320,2026-06-26T00:52:00-07:00,66.49357783333333
1782460380,2026-06-26T00:53:00-07:00,66.49357783333333
1782460440,2026-06-26T00:54:00-07:00,66.49357783333333
1782460500,2026-06-26T00:55:00-07:00,66.49357783333333
1782460560,2026-06-26T00:56:00-07:00,66.49357783333333
1782460620,2026-06-26T00:57:00-07:00,74.12994383333333
1782460680,2026-06-26T00:58:00-07:00,74.12994383333333
1782460740,2026-06-26T00:59:00-07:00,74.12994383333333
1782460800,2026-06-26T01:00:00-07:00,74.12994383333333
1782460860,2026-06-26T01:01:00-07:00,74.12994383333333
1782460920,2026-06-26T01:02:00-07:00,80.26081016666667
1782460980,2026-06-26T01:03:00-07:00,80.26081016666667
1782461040,2026-06-26T01:04:00-07:00,80.26081016666667
1782461100,2026-06-26T01:05:00-07:00,80.26081016666667
1782461160,2026-06-26T01:06:00-07:00,80.26081016666667
1782461220,2026-06-26T01:07:00-07:00,69.83606683333333
1782461280,2026-06-26T01:08:00-07:00,69.83606683333333
1782461340,2026-06-26T01:09:00-07:00,69.83606683333333
1782461400,2026-06-26T01:10:00-07:00,69.83606683333333
1782461460,2026-06-26T01:11:00-07:00,69.83606683333333
1782461520,2026-06-26T01:12:00-07:00,52.0467325
1782461580,2026-06-26T01:13:00-07:00,52.0467325
1782461640,2026-06-26T01:14:00-07:00,52.0467325
1782461700,2026-06-26T01:15:00-07:00,52.0467325
1782461760,2026-06-26T01:16:00-07:00,52.0467325
1782461820,2026-06-26T01:17:00-07:00,81.14046233333333
1782461880,2026-06-26T01:18:00-07:00,81.14046233333333
1782461940,2026-06-26T01:19:00-07:00,81.14046233333333
1782462000,2026-06-26T01:20:00-07:00,81.14046233333333
1782462060,2026-06-26T01:21:00-07:00,81.14046233333333
1782462120,2026-06-26T01:22:00-07:00,86.89579933333334
1782462180,2026-06-26T01:23:00-07:00,86.89579933333334
1782462240,2026-06-26T01:24:00-07:00,86.89579933333334
1782462300,2026-06-26T01:25:00-07:00,86.89579933333334
1782462360,2026-06-26T01:26:00-07:00,86.89579933333334
1782462480,2026-06-26T01:28:00-07:00,93.46125633333332
1782462540,2026-06-26T01:29:00-07:00,93.46125633333332
1782462600,2026-06-26T01:30:00-07:00,93.46125633333332
1782462660,2026-06-26T01:31:00-07:00,93.46125633333332
1782462720,2026-06-26T01:32:00-07:00,93.46125633333332
1782462780,2026-06-26T01:33:00-07:00,94.37046983333333
1782462840,2026-06-26T01:34:00-07:00,94.37046983333333
1782462900,2026-06-26T01:35:00-07:00,94.37046983333333
1782462960,2026-06-26T01:36:00-07:00,94.37046983333333
1782463020,2026-06-26T01:37:00-07:00,94.37046983333333
1782463080,2026-06-26T01:38:00-07:00,41.219299166666666
1782463140,2026-06-26T01:39:00-07:00,41.219299166666666
1782463200,2026-06-26T01:40:00-07:00,41.219299166666666
1782463260,2026-06-26T01:41:00-07:00,41.219299166666666
1782463320,2026-06-26T01:42:00-07:00,41.219299166666666
1782463380,2026-06-26T01:43:00-07:00,75.16458483333332
1782463440,2026-06-26T01:44:00-07:00,75.16458483333332
1782463500,2026-06-26T01:45:00-07:00,75.16458483333332
1782463560,2026-06-26T01:46:00-07:00,75.16458483333332
1782463620,2026-06-26T01:47:00-07:00,75.16458483333332
1782463680,2026-06-26T01:48:00-07:00,82.67260750000001
1782463740,2026-06-26T01:49:00-07:00,82.67260750000001
1782463800,2026-06-26T01:50:00-07:00,82.67260750000001
1782463860,2026-06-26T01:51:00-07:00,82.67260750000001
1782463920,2026-06-26T01:52:00-07:00,82.67260750000001
1782463980,2026-06-26T01:53:00-07:00,81.73974633333334
1782464040,2026-06-26T01:54:00-07:00,81.73974633333334
1782464100,2026-06-26T01:55:00-07:00,81.73974633333334
1782464160,2026-06-26T01:56:00-07:00,81.73974633333334
1782464220,2026-06-26T01:57:00-07:00,81.73974633333334
1782464280,2026-06-26T01:58:00-07:00,72.49759933333333
1782464340,2026-06-26T01:59:00-07:00,72.49759933333333
1782464400,2026-06-26T02:00:00-07:00,72.49759933333333
1782464460,2026-06-26T02:01:00-07:00,72.49759933333333
1782464520,2026-06-26T02:02:00-07:00,72.49759933333333
1782464580,2026-06-26T02:03:00-07:00,42.78002933333334
1782464640,2026-06-26T02:04:00-07:00,42.78002933333334
1782464700,2026-06-26T02:05:00-07:00,42.78002933333334
1782464760,2026-06-26T02:06:00-07:00,42.78002933333334
1782464820,2026-06-26T02:07:00-07:00,42.78002933333334
1782464880,2026-06-26T02:08:00-07:00,83.513862
1782464940,2026-06-26T02:09:00-07:00,83.513862
1782465000,2026-06-26T02:10:00-07:00,83.513862
1782465060,2026-06-26T02:11:00-07:00,83.513862
1782465120,2026-06-26T02:12:00-07:00,83.513862
1782465180,2026-06-26T02:13:00-07:00,38.31336816666666
1782465240,2026-06-26T02:14:00-07:00,38.31336816666666
1782465300,2026-06-26T02:15:00-07:00,38.31336816666666
1782465360,2026-06-26T02:16:00-07:00,38.31336816666666
1782465420,2026-06-26T02:17:00-07:00,38.31336816666666
1782465540,2026-06-26T02:19:00-07:00,126.90819633333332
1782465600,2026-06-26T02:20:00-07:00,126.90819633333332
1782465660,2026-06-26T02:21:00-07:00,126.90819633333332
1782465720,2026-06-26T02:22:00-07:00,126.90819633333332
1782465780,2026-06-26T02:23:00-07:00,126.90819633333332
1782465840,2026-06-26T02:24:00-07:00,94.71331116666666
1782465900,2026-06-26T02:25:00-07:00,94.71331116666666
1782465960,2026-06-26T02:26:00-07:00,94.71331116666666
1782466020,2026-06-26T02:27:00-07:00,94.71331116666666
1782466080,2026-06-26T02:28:00-07:00,94.71331116666666
1782466140,2026-06-26T02:29:00-07:00,74.940816
1782466200,2026-06-26T02:30:00-07:00,74.940816
1782466260,2026-06-26T02:31:00-07:00,74.940816
1782466320,2026-06-26T02:32:00-07:00,74.940816
1782466380,2026-06-26T02:33:00-07:00,74.940816
1782466440,2026-06-26T02:34:00-07:00,44.676872833333334
1782466500,2026-06-26T02:35:00-07:00,44.676872833333334
1782466560,2026-06-26T02:36:00-07:00,44.676872833333334
1782466620,2026-06-26T02:37:00-07:00,44.676872833333334
1782466680,2026-06-26T02:38:00-07:00,44.676872833333334
1782466740,2026-06-26T02:39:00-07:00,69.753167
1782466800,2026-06-26T02:40:00-07:00,69.753167
1782466860,2026-06-26T02:41:00-07:00,69.753167
1782466920,2026-06-26T02:42:00-07:00,69.753167
1782466980,2026-06-26T02:43:00-07:00,69.753167
1782467040,2026-06-26T02:44:00-07:00,38.367669
1782467100,2026-06-26T02:45:00-07:00,38.367669
1782467160,2026-06-26T02:46:00-07:00,38.367669
1782467220,2026-06-26T02:47:00-07:00,38.367669
1782467280,2026-06-26T02:48:00-07:00,38.367669
1782467340,2026-06-26T02:49:00-07:00,73.06169966666666
1782467400,2026-06-26T02:50:00-07:00,73.06169966666666
1782467460,2026-06-26T02:51:00-07:00,73.06169966666666
1782467520,2026-06-26T02:52:00-07:00,73.06169966666666
1782467580,2026-06-26T02:53:00-07:00,73.06169966666666
1782467640,2026-06-26T02:54:00-07:00,37.79540316666667
1782467700,2026-06-26T02:55:00-07:00,37.79540316666667
1782467760,2026-06-26T02:56:00-07:00,37.79540316666667
1782467820,2026-06-26T02:57:00-07:00,37.79540316666667
1782467880,2026-06-26T02:58:00-07:00,37.79540316666667
1782467940,2026-06-26T02:59:00-07:00,68.82390016666666
1782468000,2026-06-26T03:00:00-07:00,68.82390016666666
1782468060,2026-06-26T03:01:00-07:00,68.82390016666666
1782468120,2026-06-26T03:02:00-07:00,68.82390016666666
1782468180,2026-06-26T03:03:00-07:00,68.82390016666666
1782468240,2026-06-26T03:04:00-07:00,44.843207500000005
1782468300,2026-06-26T03:05:00-07:00,44.843207500000005
1782468360,2026-06-26T03:06:00-07:00,44.843207500000005
1782468420,2026-06-26T03:07:00-07:00,44.843207500000005
1782468480,2026-06-26T03:08:00-07:00,44.843207500000005
1782468600,2026-06-26T03:10:00-07:00,72.94290516666666
1782468660,2026-06-26T03:11:00-07:00,72.94290516666666
1782468720,2026-06-26T03:12:00-07:00,72.94290516666666
1782468780,2026-06-26T03:13:00-07:00,72.94290516666666
1782468840,2026-06-26T03:14:00-07:00,72.94290516666666
1782468900,2026-06-26T03:15:00-07:00,39.38885483333333
1782468960,2026-06-26T03:16:00-07:00,39.38885483333333
1782469020,2026-06-26T03:17:00-07:00,39.38885483333333
1782469080,2026-06-26T03:18:00-07:00,39.38885483333333
1782469140,2026-06-26T03:19:00-07:00,39.38885483333333
1782469200,2026-06-26T03:20:00-07:00,77.84148516666666
1782469260,2026-06-26T03:21:00-07:00,77.84148516666666
1782469320,2026-06-26T03:22:00-07:00,77.84148516666666
1782469380,2026-06-26T03:23:00-07:00,77.84148516666666
1782469440,2026-06-26T03:24:00-07:00,77.84148516666666
1782469500,2026-06-26T03:25:00-07:00,35.63621683333333
1782469560,2026-06-26T03:26:00-07:00,35.63621683333333
1782469620,2026-06-26T03:27:00-07:00,35.63621683333333
1782469680,2026-06-26T03:28:00-07:00,35.63621683333333
1782469740,2026-06-26T03:29:00-07:00,35.63621683333333
1782469800,2026-06-26T03:30:00-07:00,65.62382016666668
1782469860,2026-06-26T03:31:00-07:00,65.62382016666668
1782469920,2026-06-26T03:32:00-07:00,65.62382016666668
1782469980,2026-06-26T03:33:00-07:00,65.62382016666668
1782470040,2026-06-26T03:34:00-07:00,65.62382016666668
1782470100,2026-06-26T03:35:00-07:00,41.775411
1782470160,2026-06-26T03:36:00-07:00,41.775411
1782470220,2026-06-26T03:37:00-07:00,41.775411
1782470280,2026-06-26T03:38:00-07:00,41.775411
1782470340,2026-06-26T03:39:00-07:00,41.775411
1782470400,2026-06-26T03:40:00-07:00,73.08230916666666
1782470460,2026-06-26T03:41:00-07:00,73.08230916666666
1782470520,2026-06-26T03:42:00-07:00,73.08230916666666
1782470580,2026-06-26T03:43:00-07:00,73.08230916666666
1782470640,2026-06-26T03:44:00-07:00,73.08230916666666
1782471000,2026-06-26T03:50:00-07:00,71.78925233333334
1782471060,2026-06-26T03:51:00-07:00,71.78925233333334
1782471120,2026-06-26T03:52:00-07:00,71.78925233333334
1782471180,2026-06-26T03:53:00-07:00,71.78925233333334
1782471240,2026-06-26T03:54:00-07:00,71.78925233333334
1782471300,2026-06-26T03:55:00-07:00,36.97269033333333
1782471360,2026-06-26T03:56:00-07:00,36.97269033333333
1782471420,2026-06-26T03:57:00-07:00,36.97269033333333
1782471480,2026-06-26T03:58:00-07:00,36.97269033333333
1782471540,2026-06-26T03:59:00-07:00,36.97269033333333
1782471600,2026-06-26T04:00:00-07:00,67.37425433333333
1782471660,2026-06-26T04:01:00-07:00,67.37425433333333
1782471720,2026-06-26T04:02:00-07:00,67.37425433333333
1782471780,2026-06-26T04:03:00-07:00,67.37425433333333
1782471840,2026-06-26T04:04:00-07:00,67.37425433333333
1782471900,2026-06-26T04:05:00-07:00,35.84756783333333
1782471960,2026-06-26T04:06:00-07:00,35.84756783333333
1782472020,2026-06-26T04:07:00-07:00,35.84756783333333
1782472080,2026-06-26T04:08:00-07:00,35.84756783333333
1782472140,2026-06-26T04:09:00-07:00,35.84756783333333
1782472260,2026-06-26T04:11:00-07:00,68.76612666666666
1782472320,2026-06-26T04:12:00-07:00,68.76612666666666
1782472380,2026-06-26T04:13:00-07:00,68.76612666666666
1782472440,2026-06-26T04:14:00-07:00,68.76612666666666
1782472500,2026-06-26T04:15:00-07:00,68.76612666666666
1782472560,2026-06-26T04:16:00-07:00,37.155320999999994
1782472620,2026-06-26T04:17:00-07:00,37.155320999999994
1782472680,2026-06-26T04:18:00-07:00,37.155320999999994
1782472740,2026-06-26T04:19:00-07:00,37.155320999999994
1782472800,2026-06-26T04:20:00-07:00,37.155320999999994
1782472860,2026-06-26T04:21:00-07:00,67.538791
1782472920,2026-06-26T04:22:00-07:00,67.538791
1782472980,2026-06-26T04:23:00-07:00,67.538791
1782473040,2026-06-26T04:24:00-07:00,67.538791
1782473100,2026-06-26T04:25:00-07:00,67.538791
1782473160,2026-06-26T04:26:00-07:00,41.27583833333333
1782473220,2026-06-26T04:27:00-07:00,41.27583833333333
1782473280,2026-06-26T04:28:00-07:00,41.27583833333333
1782473340,2026-06-26T04:29:00-07:00,41.27583833333333
1782473400,2026-06-26T04:30:00-07:00,41.27583833333333
1782473460,2026-06-26T04:31:00-07:00,69.80561666666667
1782473520,2026-06-26T04:32:00-07:00,69.80561666666667
1782473580,2026-06-26T04:33:00-07:00,69.80561666666667
1782473640,2026-06-26T04:34:00-07:00,69.80561666666667
1782473700,2026-06-26T04:35:00-07:00,69.80561666666667
1782473760,2026-06-26T04:36:00-07:00,34.5048895
1782473820,2026-06-26T04:37:00-07:00,34.5048895
1782473880,2026-06-26T04:38:00-07:00,34.5048895
1782473940,2026-06-26T04:39:00-07:00,34.5048895
1782474000,2026-06-26T04:40:00-07:00,34.5048895
1782474060,2026-06-26T04:41:00-07:00,73.15187583333334
1782474120,2026-06-26T04:42:00-07:00,73.15187583333334
1782474180,2026-06-26T04:43:00-07:00,73.15187583333334
1782474240,2026-06-26T04:44:00-07:00,73.15187583333334
1782474300,2026-06-26T04:45:00-07:00,73.15187583333334
1782474360,2026-06-26T04:46:00-07:00,37.396111000000005
1782474420,2026-06-26T04:47:00-07:00,37.396111000000005
1782474480,2026-06-26T04:48:00-07:00,37.396111000000005
1782474540,2026-06-26T04:49:00-07:00,37.396111000000005
1782474600,2026-06-26T04:50:00-07:00,37.396111000000005
1782474660,2026-06-26T04:51:00-07:00,64.48776583333334
1782474720,2026-06-26T04:52:00-07:00,64.48776583333334
1782474780,2026-06-26T04:53:00-07:00,64.48776583333334
1782474840,2026-06-26T04:54:00-07:00,64.48776583333334
1782474900,2026-06-26T04:55:00-07:00,64.48776583333334
1782474960,2026-06-26T04:56:00-07:00,39.139296
1782475020,2026-06-26T04:57:00-07:00,39.139296
1782475080,2026-06-26T04:58:00-07:00,39.139296
1782475140,2026-06-26T04:59:00-07:00,39.139296
1782475200,2026-06-26T05:00:00-07:00,39.139296
1782475320,2026-06-26T05:02:00-07:00,74.59080666666667
1782475380,2026-06-26T05:03:00-07:00,74.59080666666667
1782475440,2026-06-26T05:04:00-07:00,74.59080666666667
1782475500,2026-06-26T05:05:00-07:00,74.59080666666667
1782475560,2026-06-26T05:06:00-07:00,74.59080666666667
1782475620,2026-06-26T05:07:00-07:00,35.57105166666667
1782475680,2026-06-26T05:08:00-07:00,35.57105166666667
1782475740,2026-06-26T05:09:00-07:00,35.57105166666667
1782475800,2026-06-26T05:10:00-07:00,35.57105166666667
1782475860,2026-06-26T05:11:00-07:00,35.57105166666667
1782475920,2026-06-26T05:12:00-07:00,71.88279216666666
1782475980,2026-06-26T05:13:00-07:00,71.88279216666666
1782476040,2026-06-26T05:14:00-07:00,71.88279216666666
1782476100,2026-06-26T05:15:00-07:00,71.88279216666666
1782476160,2026-06-26T05:16:00-07:00,71.88279216666666
1782476220,2026-06-26T05:17:00-07:00,35.918890833333336
1782476280,2026-06-26T05:18:00-07:00,35.918890833333336
1782476340,2026-06-26T05:19:00-07:00,35.918890833333336
1782476400,2026-06-26T05:20:00-07:00,35.918890833333336
1782476460,2026-06-26T05:21:00-07:00,35.918890833333336
1782476520,2026-06-26T05:22:00-07:00,65.19826266666666
1782476580,2026-06-26T05:23:00-07:00,65.19826266666666
1782476640,2026-06-26T05:24:00-07:00,65.19826266666666
1782476700,2026-06-26T05:25:00-07:00,65.19826266666666
1782476760,2026-06-26T05:26:00-07:00,65.19826266666666
1782476820,2026-06-26T05:27:00-07:00,37.39131
1782476880,2026-06-26T05:28:00-07:00,37.39131
1782476940,2026-06-26T05:29:00-07:00,37.39131
1782477000,2026-06-26T05:30:00-07:00,37.39131
1782477060,2026-06-26T05:31:00-07:00,37.39131
1782477120,2026-06-26T05:32:00-07:00,67.73118766666666
1782477180,2026-06-26T05:33:00-07:00,67.73118766666666
1782477240,2026-06-26T05:34:00-07:00,67.73118766666666
1782477300,2026-06-26T05:35:00-07:00,67.73118766666666
1782477360,2026-06-26T05:36:00-07:00,67.73118766666666
1782477420,2026-06-26T05:37:00-07:00,36.5139365
1782477480,2026-06-26T05:38:00-07:00,36.5139365
1782477540,2026-06-26T05:39:00-07:00,36.5139365
1782477600,2026-06-26T05:40:00-07:00,36.5139365
1782477660,2026-06-26T05:41:00-07:00,36.5139365
1782477720,2026-06-26T05:42:00-07:00,66.47960716666667
1782477780,2026-06-26T05:43:00-07:00,66.47960716666667
1782477840,2026-06-26T05:44:00-07:00,66.47960716666667
1782477900,2026-06-26T05:45:00-07:00,66.47960716666667
1782477960,2026-06-26T05:46:00-07:00,66.47960716666667
1782478020,2026-06-26T05:47:00-07:00,35.957709333333334
1782478080,2026-06-26T05:48:00-07:00,35.957709333333334
1782478140,2026-06-26T05:49:00-07:00,35.957709333333334
1782478200,2026-06-26T05:50:00-07:00,35.957709333333334
1782478260,2026-06-26T05:51:00-07:00,35.957709333333334
1782478320,2026-06-26T05:52:00-07:00,69.23728433333333
1782478380,2026-06-26T05:53:00-07:00,69.23728433333333
1782478440,2026-06-26T05:54:00-07:00,69.23728433333333
1782478500,2026-06-26T05:55:00-07:00,69.23728433333333
1782478560,2026-06-26T05:56:00-07:00,69.23728433333333
1782478680,2026-06-26T05:58:00-07:00,39.42119683333333
1782478740,2026-06-26T05:59:00-07:00,39.42119683333333
1782478800,2026-06-26T06:00:00-07:00,39.42119683333333
1782478860,2026-06-26T06:01:00-07:00,39.42119683333333
1782478920,2026-06-26T06:02:00-07:00,39.42119683333333
1782478980,2026-06-26T06:03:00-07:00,64.87837083333334
1782479040,2026-06-26T06:04:00-07:00,64.87837083333334
1782479100,2026-06-26T06:05:00-07:00,64.87837083333334
1782479160,2026-06-26T06:06:00-07:00,64.87837083333334
1782479220,2026-06-26T06:07:00-07:00,64.87837083333334
1782479280,2026-06-26T06:08:00-07:00,34.95237216666667
1782479340,2026-06-26T06:09:00-07:00,34.95237216666667
1782479400,2026-06-26T06:10:00-07:00,34.95237216666667
1782479460,2026-06-26T06:11:00-07:00,34.95237216666667
1782479520,2026-06-26T06:12:00-07:00,34.95237216666667
1782479580,2026-06-26T06:13:00-07:00,80.65056666666666
1782479640,2026-06-26T06:14:00-07:00,80.65056666666666
1782479700,2026-06-26T06:15:00-07:00,80.65056666666666
1782479760,2026-06-26T06:16:00-07:00,80.65056666666666
1782479820,2026-06-26T06:17:00-07:00,80.65056666666666
1782479880,2026-06-26T06:18:00-07:00,37.37653266666667
1782479940,2026-06-26T06:19:00-07:00,37.37653266666667
1782480000,2026-06-26T06:20:00-07:00,37.37653266666667
1782480060,2026-06-26T06:21:00-07:00,37.37653266666667
1782480120,2026-06-26T06:22:00-07:00,37.37653266666667
1782480180,2026-06-26T06:23:00-07:00,68.30708133333333
1782480240,2026-06-26T06:24:00-07:00,68.30708133333333
1782480300,2026-06-26T06:25:00-07:00,68.30708133333333
1782480360,2026-06-26T06:26:00-07:00,68.30708133333333
1782480420,2026-06-26T06:27:00-07:00,68.30708133333333
1782480480,2026-06-26T06:28:00-07:00,62.69622116666667
1782480540,2026-06-26T06:29:00-07:00,62.69622116666667
1782480600,2026-06-26T06:30:00-07:00,62.69622116666667
1782480660,2026-06-26T06:31:00-07:00,62.69622116666667
1782480720,2026-06-26T06:32:00-07:00,62.69622116666667
1782480780,2026-06-26T06:33:00-07:00,35.182373000000005
1782480840,2026-06-26T06:34:00-07:00,35.182373000000005
1782480900,2026-06-26T06:35:00-07:00,35.182373000000005
1782480960,2026-06-26T06:36:00-07:00,35.182373000000005
1782481020,2026-06-26T06:37:00-07:00,35.182373000000005
1782481080,2026-06-26T06:38:00-07:00,66.58237033333333
1782481140,2026-06-26T06:39:00-07:00,66.58237033333333
1782481200,2026-06-26T06:40:00-07:00,66.58237033333333
1782481260,2026-06-26T06:41:00-07:00,66.58237033333333
1782481320,2026-06-26T06:42:00-07:00,66.58237033333333
1782481440,2026-06-26T06:44:00-07:00,71.55564366666667
1782481500,2026-06-26T06:45:00-07:00,71.55564366666667
1782481560,2026-06-26T06:46:00-07:00,71.55564366666667
1782481620,2026-06-26T06:47:00-07:00,71.55564366666667
1782481680,2026-06-26T06:48:00-07:00,71.55564366666667
1782481740,2026-06-26T06:49:00-07:00,61.225124833333325
1782481800,2026-06-26T06:50:00-07:00,61.225124833333325
1782481860,2026-06-26T06:51:00-07:00,61.225124833333325
1782481920,2026-06-26T06:52:00-07:00,61.225124833333325
1782481980,2026-06-26T06:53:00-07:00,61.225124833333325
1782482040,2026-06-26T06:54:00-07:00,52.597228833333325
1782482100,2026-06-26T06:55:00-07:00,52.597228833333325
1782482160,2026-06-26T06:56:00-07:00,52.597228833333325
1782482220,2026-06-26T06:57:00-07:00,52.597228833333325
1782482280,2026-06-26T06:58:00-07:00,52.597228833333325
1782482340,2026-06-26T06:59:00-07:00,69.22363299999999
1782482400,2026-06-26T07:00:00-07:00,69.22363299999999
1782482460,2026-06-26T07:01:00-07:00,69.22363299999999
1782482520,2026-06-26T07:02:00-07:00,69.22363299999999
1782482580,2026-06-26T07:03:00-07:00,69.22363299999999
1782482640,2026-06-26T07:04:00-07:00,57.1153835
1782482700,2026-06-26T07:05:00-07:00,57.1153835
1782482760,2026-06-26T07:06:00-07:00,57.1153835
1782482820,2026-06-26T07:07:00-07:00,57.1153835
1782482880,2026-06-26T07:08:00-07:00,57.1153835
1782482940,2026-06-26T07:09:00-07:00,54.91435383333333
1782483000,2026-06-26T07:10:00-07:00,54.91435383333333
1782483060,2026-06-26T07:11:00-07:00,54.91435383333333
1782483120,2026-06-26T07:12:00-07:00,54.91435383333333
1782483180,2026-06-26T07:13:00-07:00,54.91435383333333
1782483240,2026-06-26T07:14:00-07:00,124.55738683333333
1782483300,2026-06-26T07:15:00-07:00,124.55738683333333
1782483360,2026-06-26T07:16:00-07:00,124.55738683333333
1782483420,2026-06-26T07:17:00-07:00,124.55738683333333
1782483480,2026-06-26T07:18:00-07:00,124.55738683333333
1782483540,2026-06-26T07:19:00-07:00,68.085544
1782483600,2026-06-26T07:20:00-07:00,68.085544
1782483660,2026-06-26T07:21:00-07:00,68.085544
1782483720,2026-06-26T07:22:00-07:00,68.085544
1782483780,2026-06-26T07:23:00-07:00,68.085544
1782483900,2026-06-26T07:25:00-07:00,115.71040850000001
1782483960,2026-06-26T07:26:00-07:00,115.71040850000001
1782484020,2026-06-26T07:27:00-07:00,115.71040850000001
1782484080,2026-06-26T07:28:00-07:00,115.71040850000001
1782484140,2026-06-26T07:29:00-07:00,115.71040850000001
1782484200,2026-06-26T07:30:00-07:00,90.82684983333333
1782484260,2026-06-26T07:31:00-07:00,90.82684983333333
1782484320,2026-06-26T07:32:00-07:00,90.82684983333333
1782484380,2026-06-26T07:33:00-07:00,90.82684983333333
1782484440,2026-06-26T07:34:00-07:00,90.82684983333333
1782484560,2026-06-26T07:36:00-07:00,41.71706833333333
1782484620,2026-06-26T07:37:00-07:00,41.71706833333333
1782484680,2026-06-26T07:38:00-07:00,41.71706833333333
1782484740,2026-06-26T07:39:00-07:00,41.71706833333333
1782484800,2026-06-26T07:40:00-07:00,41.71706833333333
1782485280,2026-06-26T07:48:00-07:00,35.83651416666667
1782485340,2026-06-26T07:49:00-07:00,35.83651416666667
1782485400,2026-06-26T07:50:00-07:00,35.83651416666667
1782485460,2026-06-26T07:51:00-07:00,35.83651416666667
1782485520,2026-06-26T07:52:00-07:00,35.83651416666667
1782485580,2026-06-26T07:53:00-07:00,41.6990695
1782485640,2026-06-26T07:54:00-07:00,41.6990695
1782485700,2026-06-26T07:55:00-07:00,41.6990695
1782485760,2026-06-26T07:56:00-07:00,41.6990695
1782485820,2026-06-26T07:57:00-07:00,41.6990695
1782485880,2026-06-26T07:58:00-07:00,37.84129516666667
1782485940,2026-06-26T07:59:00-07:00,37.84129516666667
1782486000,2026-06-26T08:00:00-07:00,37.84129516666667
1782486060,2026-06-26T08:01:00-07:00,37.84129516666667
1782486120,2026-06-26T08:02:00-07:00,37.84129516666667
1782486240,2026-06-26T08:04:00-07:00,184.04703116666664
1782486300,2026-06-26T08:05:00-07:00,184.04703116666664
1782486360,2026-06-26T08:06:00-07:00,184.04703116666664
1782486420,2026-06-26T08:07:00-07:00,184.04703116666664
1782486480,2026-06-26T08:08:00-07:00,184.04703116666664
1782486540,2026-06-26T08:09:00-07:00,34.6233865
1782486600,2026-06-26T08:10:00-07:00,34.6233865
1782486660,2026-06-26T08:11:00-07:00,34.6233865
1782486720,2026-06-26T08:12:00-07:00,34.6233865
1782486780,2026-06-26T08:13:00-07:00,34.6233865
1782487560,2026-06-26T08:26:00-07:00,40.095954166666665
1782487620,2026-06-26T08:27:00-07:00,40.095954166666665
1782487680,2026-06-26T08:28:00-07:00,40.095954166666665
1782487740,2026-06-26T08:29:00-07:00,40.095954166666665
1782487800,2026-06-26T08:30:00-07:00,40.095954166666665
1782487860,2026-06-26T08:31:00-07:00,45.26423450000001
1782487920,2026-06-26T08:32:00-07:00,45.26423450000001
1782487980,2026-06-26T08:33:00-07:00,45.26423450000001
1782488040,2026-06-26T08:34:00-07:00,45.26423450000001
1782488100,2026-06-26T08:35:00-07:00,45.26423450000001
1782488160,2026-06-26T08:36:00-07:00,37.608249333333326
1782488220,2026-06-26T08:37:00-07:00,37.608249333333326
1782488280,2026-06-26T08:38:00-07:00,37.608249333333326
1782488340,2026-06-26T08:39:00-07:00,37.608249333333326
1782488400,2026-06-26T08:40:00-07:00,37.608249333333326
1782489360,2026-06-26T08:56:00-07:00,37.39969866666667
1782489420,2026-06-26T08:57:00-07:00,37.39969866666667
1782489480,2026-06-26T08:58:00-07:00,37.39969866666667
1782489540,2026-06-26T08:59:00-07:00,37.39969866666667
1782489600,2026-06-26T09:00:00-07:00,37.39969866666667
1782489720,2026-06-26T09:02:00-07:00,40.44860833333333
1782489780,2026-06-26T09:03:00-07:00,40.44860833333333
1782489840,2026-06-26T09:04:00-07:00,40.44860833333333
1782489900,2026-06-26T09:05:00-07:00,40.44860833333333
1782489960,2026-06-26T09:06:00-07:00,40.44860833333333
1782490020,2026-06-26T09:07:00-07:00,47.84559466666666
1782490080,2026-06-26T09:08:00-07:00,47.84559466666666
1782490140,2026-06-26T09:09:00-07:00,47.84559466666666
1782490200,2026-06-26T09:10:00-07:00,47.84559466666666
1782490260,2026-06-26T09:11:00-07:00,47.84559466666666
1782490380,2026-06-26T09:13:00-07:00,38.9194675
1782490440,2026-06-26T09:14:00-07:00,38.9194675
1782490500,2026-06-26T09:15:00-07:00,38.9194675
1782490560,2026-06-26T09:16:00-07:00,38.9194675
1782490620,2026-06-26T09:17:00-07:00,38.9194675
1782490740,2026-06-26T09:19:00-07:00,43.747769000000005
1782490800,2026-06-26T09:20:00-07:00,43.747769000000005
1782490860,2026-06-26T09:21:00-07:00,43.747769000000005
1782490920,2026-06-26T09:22:00-07:00,43.747769000000005
1782490980,2026-06-26T09:23:00-07:00,43.747769000000005
1782492180,2026-06-26T09:43:00-07:00,40.29928966666666
1782492240,2026-06-26T09:44:00-07:00,40.29928966666666
1782492300,2026-06-26T09:45:00-07:00,40.29928966666666
1782492360,2026-06-26T09:46:00-07:00,40.29928966666666
1782492420,2026-06-26T09:47:00-07:00,40.29928966666666
1782492540,2026-06-26T09:49:00-07:00,40.7155625
1782492600,2026-06-26T09:50:00-07:00,40.7155625
1782492660,2026-06-26T09:51:00-07:00,40.7155625
1782492720,2026-06-26T09:52:00-07:00,40.7155625
1782492780,2026-06-26T09:53:00-07:00,40.7155625
1782492900,2026-06-26T09:55:00-07:00,39.032884499999994
1782492960,2026-06-26T09:56:00-07:00,39.032884499999994
1782493020,2026-06-26T09:57:00-07:00,39.032884499999994
1782493080,2026-06-26T09:58:00-07:00,39.032884499999994
1782493140,2026-06-26T09:59:00-07:00,39.032884499999994
1782493500,2026-06-26T10:05:00-07:00,42.521260500000004
1782493560,2026-06-26T10:06:00-07:00,42.521260500000004
1782493620,2026-06-26T10:07:00-07:00,42.521260500000004
1782493680,2026-06-26T10:08:00-07:00,42.521260500000004
1782493740,2026-06-26T10:09:00-07:00,42.521260500000004
1782493800,2026-06-26T10:10:00-07:00,38.8293525
1782493860,2026-06-26T10:11:00-07:00,38.8293525
1782493920,2026-06-26T10:12:00-07:00,38.8293525
1782493980,2026-06-26T10:13:00-07:00,38.8293525
1782494040,2026-06-26T10:14:00-07:00,38.8293525
1782494460,2026-06-26T10:21:00-07:00,69.951667
1782494520,2026-06-26T10:22:00-07:00,69.951667
1782494580,2026-06-26T10:23:00-07:00,69.951667
1782494640,2026-06-26T10:24:00-07:00,69.951667
1782494700,2026-06-26T10:25:00-07:00,69.951667
1782494760,2026-06-26T10:26:00-07:00,61.67489299999999
1782494820,2026-06-26T10:27:00-07:00,61.67489299999999
1782494880,2026-06-26T10:28:00-07:00,61.67489299999999
1782494940,2026-06-26T10:29:00-07:00,61.67489299999999
1782495000,2026-06-26T10:30:00-07:00,61.67489299999999
1782495060,2026-06-26T10:31:00-07:00,68.13392466666666
1782495120,2026-06-26T10:32:00-07:00,68.13392466666666
1782495180,2026-06-26T10:33:00-07:00,68.13392466666666
1782495240,2026-06-26T10:34:00-07:00,68.13392466666666
1782495300,2026-06-26T10:35:00-07:00,68.13392466666666
1782495360,2026-06-26T10:36:00-07:00,68.34785283333333
1782495420,2026-06-26T10:37:00-07:00,68.34785283333333
1782495480,2026-06-26T10:38:00-07:00,68.34785283333333
1782495540,2026-06-26T10:39:00-07:00,68.34785283333333
1782495600,2026-06-26T10:40:00-07:00,68.34785283333333
1782495660,2026-06-26T10:41:00-07:00,66.32123433333334
1782495720,2026-06-26T10:42:00-07:00,66.32123433333334
1782495780,2026-06-26T10:43:00-07:00,66.32123433333334
1782495840,2026-06-26T10:44:00-07:00,66.32123433333334
1782495900,2026-06-26T10:45:00-07:00,66.32123433333334
1782496080,2026-06-26T10:48:00-07:00,35.759169
1782496140,2026-06-26T10:49:00-07:00,35.759169
1782496200,2026-06-26T10:50:00-07:00,35.759169
1782496260,2026-06-26T10:51:00-07:00,35.759169
1782496320,2026-06-26T10:52:00-07:00,35.759169
1782496440,2026-06-26T10:54:00-07:00,37.956339500000006
1782496500,2026-06-26T10:55:00-07:00,37.956339500000006
1782496560,2026-06-26T10:56:00-07:00,37.956339500000006
1782496620,2026-06-26T10:57:00-07:00,37.956339500000006
1782496680,2026-06-26T10:58:00-07:00,37.956339500000006
1782496800,2026-06-26T11:00:00-07:00,38.97307683333333
1782496860,2026-06-26T11:01:00-07:00,38.97307683333333
1782496920,2026-06-26T11:02:00-07:00,38.97307683333333
1782496980,2026-06-26T11:03:00-07:00,38.97307683333333
1782497040,2026-06-26T11:04:00-07:00,38.97307683333333
1782497100,2026-06-26T11:05:00-07:00,57.263611000000004
1782497160,2026-06-26T11:06:00-07:00,57.263611000000004
1782497220,2026-06-26T11:07:00-07:00,57.263611000000004
1782497280,2026-06-26T11:08:00-07:00,57.263611000000004
1782497340,2026-06-26T11:09:00-07:00,57.263611000000004
1782497700,2026-06-26T11:15:00-07:00,69.65277133333333
1782497760,2026-06-26T11:16:00-07:00,69.65277133333333
1782497820,2026-06-26T11:17:00-07:00,69.65277133333333
1782497880,2026-06-26T11:18:00-07:00,69.65277133333333
1782497940,2026-06-26T11:19:00-07:00,69.65277133333333
1782498000,2026-06-26T11:20:00-07:00,72.27840166666667
1782498060,2026-06-26T11:21:00-07:00,72.27840166666667
1782498120,2026-06-26T11:22:00-07:00,72.27840166666667
1782498180,2026-06-26T11:23:00-07:00,72.27840166666667
1782498240,2026-06-26T11:24:00-07:00,72.27840166666667
1782498300,2026-06-26T11:25:00-07:00,69.69056533333334
1782498360,2026-06-26T11:26:00-07:00,69.69056533333334
1782498420,2026-06-26T11:27:00-07:00,69.69056533333334
1782498480,2026-06-26T11:28:00-07:00,69.69056533333334
1782498540,2026-06-26T11:29:00-07:00,69.69056533333334
1782498600,2026-06-26T11:30:00-07:00,64.82509366666666
1782498660,2026-06-26T11:31:00-07:00,64.82509366666666
1782498720,2026-06-26T11:32:00-07:00,64.82509366666666
1782498780,2026-06-26T11:33:00-07:00,64.82509366666666
1782498840,2026-06-26T11:34:00-07:00,64.82509366666666
1782498900,2026-06-26T11:35:00-07:00,69.70142283333334
1782498960,2026-06-26T11:36:00-07:00,69.70142283333334
1782499020,2026-06-26T11:37:00-07:00,69.70142283333334
1782499080,2026-06-26T11:38:00-07:00,69.70142283333334
1782499140,2026-06-26T11:39:00-07:00,69.70142283333334
1782499200,2026-06-26T11:40:00-07:00,72.68149133333334
1782499260,2026-06-26T11:41:00-07:00,72.68149133333334
1782499320,2026-06-26T11:42:00-07:00,72.68149133333334
1782499380,2026-06-26T11:43:00-07:00,72.68149133333334
1782499440,2026-06-26T11:44:00-07:00,72.68149133333334
1782499500,2026-06-26T11:45:00-07:00,73.14875616666667
1782499560,2026-06-26T11:46:00-07:00,73.14875616666667
1782499620,2026-06-26T11:47:00-07:00,73.14875616666667
1782499680,2026-06-26T11:48:00-07:00,73.14875616666667
1782499740,2026-06-26T11:49:00-07:00,73.14875616666667
1782499800,2026-06-26T11:50:00-07:00,68.73838983333333
1782499860,2026-06-26T11:51:00-07:00,68.73838983333333
1782499920,2026-06-26T11:52:00-07:00,68.73838983333333
1782499980,2026-06-26T11:53:00-07:00,68.73838983333333
1782500040,2026-06-26T11:54:00-07:00,68.73838983333333
1782500100,2026-06-26T11:55:00-07:00,43.092570333333335
1782500160,2026-06-26T11:56:00-07:00,43.092570333333335
1782500220,2026-06-26T11:57:00-07:00,43.092570333333335
1782500280,2026-06-26T11:58:00-07:00,43.092570333333335
1782500340,2026-06-26T11:59:00-07:00,43.092570333333335
1782500460,2026-06-26T12:01:00-07:00,70.858331
1782500520,2026-06-26T12:02:00-07:00,70.858331
1782500580,2026-06-26T12:03:00-07:00,70.858331
1782500640,2026-06-26T12:04:00-07:00,70.858331
1782500700,2026-06-26T12:05:00-07:00,70.858331
1782500760,2026-06-26T12:06:00-07:00,38.50578483333334
1782500820,2026-06-26T12:07:00-07:00,38.50578483333334
1782500880,2026-06-26T12:08:00-07:00,38.50578483333334
1782500940,2026-06-26T12:09:00-07:00,38.50578483333334
1782501000,2026-06-26T12:10:00-07:00,38.50578483333334
1782501180,2026-06-26T12:13:00-07:00,44.617357000000005
1782501240,2026-06-26T12:14:00-07:00,44.617357000000005
1782501300,2026-06-26T12:15:00-07:00,44.617357000000005
1782501360,2026-06-26T12:16:00-07:00,44.617357000000005
1782501420,2026-06-26T12:17:00-07:00,44.617357000000005
1782501600,2026-06-26T12:20:00-07:00,39.027988
1782501660,2026-06-26T12:21:00-07:00,39.027988
1782501720,2026-06-26T12:22:00-07:00,39.027988
1782501780,2026-06-26T12:23:00-07:00,39.027988
1782501840,2026-06-26T12:24:00-07:00,39.027988
1782501900,2026-06-26T12:25:00-07:00,67.56745049999999
1782501960,2026-06-26T12:26:00-07:00,67.56745049999999
1782502020,2026-06-26T12:27:00-07:00,67.56745049999999
1782502080,2026-06-26T12:28:00-07:00,67.56745049999999
1782502140,2026-06-26T12:29:00-07:00,67.56745049999999
1782502200,2026-06-26T12:30:00-07:00,38.87558983333333
1782502260,2026-06-26T12:31:00-07:00,38.87558983333333
1782502320,2026-06-26T12:32:00-07:00,38.87558983333333
1782502380,2026-06-26T12:33:00-07:00,38.87558983333333
1782502440,2026-06-26T12:34:00-07:00,38.87558983333333
1782502680,2026-06-26T12:38:00-07:00,42.2253895
1782502740,2026-06-26T12:39:00-07:00,42.2253895
1782502800,2026-06-26T12:40:00-07:00,42.2253895
1782502860,2026-06-26T12:41:00-07:00,42.2253895
1782502920,2026-06-26T12:42:00-07:00,42.2253895
1782502980,2026-06-26T12:43:00-07:00,61.54773633333334
1782503040,2026-06-26T12:44:00-07:00,61.54773633333334
1782503100,2026-06-26T12:45:00-07:00,61.54773633333334
1782503160,2026-06-26T12:46:00-07:00,61.54773633333334
1782503220,2026-06-26T12:47:00-07:00,61.54773633333334
1782503280,2026-06-26T12:48:00-07:00,36.16572433333334
1782503340,2026-06-26T12:49:00-07:00,36.16572433333334
1782503400,2026-06-26T12:50:00-07:00,36.16572433333334
1782503460,2026-06-26T12:51:00-07:00,36.16572433333334
1782503520,2026-06-26T12:52:00-07:00,36.16572433333334
1782503580,2026-06-26T12:53:00-07:00,36.95802833333334
1782503640,2026-06-26T12:54:00-07:00,36.95802833333334
1782503700,2026-06-26T12:55:00-07:00,36.95802833333334
1782503760,2026-06-26T12:56:00-07:00,36.95802833333334
1782503820,2026-06-26T12:57:00-07:00,36.95802833333334
1782503940,2026-06-26T12:59:00-07:00,69.86696366666666
1782504000,2026-06-26T13:00:00-07:00,69.86696366666666
1782504060,2026-06-26T13:01:00-07:00,69.86696366666666
1782504120,2026-06-26T13:02:00-07:00,69.86696366666666
1782504180,2026-06-26T13:03:00-07:00,69.86696366666666
1782504240,2026-06-26T13:04:00-07:00,48.391459
1782504300,2026-06-26T13:05:00-07:00,48.391459
1782504360,2026-06-26T13:06:00-07:00,48.391459
1782504420,2026-06-26T13:07:00-07:00,48.391459
1782504480,2026-06-26T13:08:00-07:00,48.391459
1782504540,2026-06-26T13:09:00-07:00,143.335015
1782504600,2026-06-26T13:10:00-07:00,143.335015
1782504660,2026-06-26T13:11:00-07:00,143.335015
1782504720,2026-06-26T13:12:00-07:00,143.335015
1782504780,2026-06-26T13:13:00-07:00,143.335015
1782504840,2026-06-26T13:14:00-07:00,48.00014916666667
1782504900,2026-06-26T13:15:00-07:00,48.00014916666667
1782504960,2026-06-26T13:16:00-07:00,48.00014916666667
1782505020,2026-06-26T13:17:00-07:00,48.00014916666667
1782505080,2026-06-26T13:18:00-07:00,48.00014916666667
1782505200,2026-06-26T13:20:00-07:00,41.073405
1782505260,2026-06-26T13:21:00-07:00,41.073405
1782505320,2026-06-26T13:22:00-07:00,41.073405
1782505380,2026-06-26T13:23:00-07:00,41.073405
1782505440,2026-06-26T13:24:00-07:00,41.073405
1782505620,2026-06-26T13:27:00-07:00,35.97663683333334
1782505680,2026-06-26T13:28:00-07:00,35.97663683333334
1782505740,2026-06-26T13:29:00-07:00,35.97663683333334
1782505800,2026-06-26T13:30:00-07:00,35.97663683333334
1782505860,2026-06-26T13:31:00-07:00,35.97663683333334
1782506040,2026-06-26T13:34:00-07:00,41.010139
1782506100,2026-06-26T13:35:00-07:00,41.010139
1782506160,2026-06-26T13:36:00-07:00,41.010139
1782506220,2026-06-26T13:37:00-07:00,41.010139
1782506280,2026-06-26T13:38:00-07:00,41.010139
1782506340,2026-06-26T13:39:00-07:00,43.610378499999996
1782506400,2026-06-26T13:40:00-07:00,43.610378499999996
1782506460,2026-06-26T13:41:00-07:00,43.610378499999996
1782506520,2026-06-26T13:42:00-07:00,43.610378499999996
1782506580,2026-06-26T13:43:00-07:00,43.610378499999996
1782506640,2026-06-26T13:44:00-07:00,150.49673816666666
1782506700,2026-06-26T13:45:00-07:00,150.49673816666666
1782506760,2026-06-26T13:46:00-07:00,150.49673816666666
1782506820,2026-06-26T13:47:00-07:00,150.49673816666666
1782506880,2026-06-26T13:48:00-07:00,150.49673816666666
1782507000,2026-06-26T13:50:00-07:00,38.8492565
1782507060,2026-06-26T13:51:00-07:00,38.8492565
1782507120,2026-06-26T13:52:00-07:00,38.8492565
1782507180,2026-06-26T13:53:00-07:00,38.8492565
1782507240,2026-06-26T13:54:00-07:00,38.8492565
1782507360,2026-06-26T13:56:00-07:00,39.55242233333333
1782507420,2026-06-26T13:57:00-07:00,39.55242233333333
1782507480,2026-06-26T13:58:00-07:00,39.55242233333333
1782507540,2026-06-26T13:59:00-07:00,39.55242233333333
1782507600,2026-06-26T14:00:00-07:00,39.55242233333333
1782507720,2026-06-26T14:02:00-07:00,39.41154683333334
1782507780,2026-06-26T14:03:00-07:00,39.41154683333334
1782507840,2026-06-26T14:04:00-07:00,39.41154683333334
1782507900,2026-06-26T14:05:00-07:00,39.41154683333334
1782507960,2026-06-26T14:06:00-07:00,39.41154683333334
1782508140,2026-06-26T14:09:00-07:00,37.82744016666667
1782508200,2026-06-26T14:10:00-07:00,37.82744016666667
1782508260,2026-06-26T14:11:00-07:00,37.82744016666667
1782508320,2026-06-26T14:12:00-07:00,37.82744016666667
1782508380,2026-06-26T14:13:00-07:00,37.82744016666667
1782508500,2026-06-26T14:15:00-07:00,41.129143500000005
1782508560,2026-06-26T14:16:00-07:00,41.129143500000005
1782508620,2026-06-26T14:17:00-07:00,41.129143500000005
1782508680,2026-06-26T14:18:00-07:00,41.129143500000005
1782508740,2026-06-26T14:19:00-07:00,41.129143500000005
1782508920,2026-06-26T14:22:00-07:00,36.457261666666675
1782508980,2026-06-26T14:23:00-07:00,36.457261666666675
1782509040,2026-06-26T14:24:00-07:00,36.457261666666675
1782509100,2026-06-26T14:25:00-07:00,36.457261666666675
1782509160,2026-06-26T14:26:00-07:00,36.457261666666675
1782509340,2026-06-26T14:29:00-07:00,37.49114316666667
1782509400,2026-06-26T14:30:00-07:00,37.49114316666667
1782509460,2026-06-26T14:31:00-07:00,37.49114316666667
1782509520,2026-06-26T14:32:00-07:00,37.49114316666667
1782509580,2026-06-26T14:33:00-07:00,37.49114316666667
1782509700,2026-06-26T14:35:00-07:00,37.514845333333334
1782509760,2026-06-26T14:36:00-07:00,37.514845333333334
1782509820,2026-06-26T14:37:00-07:00,37.514845333333334
1782509880,2026-06-26T14:38:00-07:00,37.514845333333334
1782509940,2026-06-26T14:39:00-07:00,37.514845333333334
1782510000,2026-06-26T14:40:00-07:00,37.328084499999996
1782510060,2026-06-26T14:41:00-07:00,37.328084499999996
1782510120,2026-06-26T14:42:00-07:00,37.328084499999996
1782510180,2026-06-26T14:43:00-07:00,37.328084499999996
1782510240,2026-06-26T14:44:00-07:00,37.328084499999996
1782510360,2026-06-26T14:46:00-07:00,39.36073133333334
1782510420,2026-06-26T14:47:00-07:00,39.36073133333334
1782510480,2026-06-26T14:48:00-07:00,39.36073133333334
1782510540,2026-06-26T14:49:00-07:00,39.36073133333334
1782510600,2026-06-26T14:50:00-07:00,39.36073133333334
1782510660,2026-06-26T14:51:00-07:00,72.62951633333334
1782510720,2026-06-26T14:52:00-07:00,72.62951633333334
1782510780,2026-06-26T14:53:00-07:00,72.62951633333334
1782510840,2026-06-26T14:54:00-07:00,72.62951633333334
1782510900,2026-06-26T14:55:00-07:00,72.62951633333334
1782510960,2026-06-26T14:56:00-07:00,35.48488366666667
1782511020,2026-06-26T14:57:00-07:00,35.48488366666667
1782511080,2026-06-26T14:58:00-07:00,35.48488366666667
1782511140,2026-06-26T14:59:00-07:00,35.48488366666667
1782511200,2026-06-26T15:00:00-07:00,35.48488366666667
1782511380,2026-06-26T15:03:00-07:00,49.42223416666667
1782511440,2026-06-26T15:04:00-07:00,49.42223416666667
1782511500,2026-06-26T15:05:00-07:00,49.42223416666667
1782511560,2026-06-26T15:06:00-07:00,49.42223416666667
1782511620,2026-06-26T15:07:00-07:00,49.42223416666667
1782511740,2026-06-26T15:09:00-07:00,34.824130833333335
1782511800,2026-06-26T15:10:00-07:00,34.824130833333335
1782511860,2026-06-26T15:11:00-07:00,34.824130833333335
1782511920,2026-06-26T15:12:00-07:00,34.824130833333335
1782511980,2026-06-26T15:13:00-07:00,34.824130833333335
1782512100,2026-06-26T15:15:00-07:00,39.843458333333324
1782512160,2026-06-26T15:16:00-07:00,39.843458333333324
1782512220,2026-06-26T15:17:00-07:00,39.843458333333324
1782512280,2026-06-26T15:18:00-07:00,39.843458333333324
1782512340,2026-06-26T15:19:00-07:00,39.843458333333324
1782512400,2026-06-26T15:20:00-07:00,453.75907433333333
1782512460,2026-06-26T15:21:00-07:00,453.75907433333333
1782512520,2026-06-26T15:22:00-07:00,453.75907433333333
1782512580,2026-06-26T15:23:00-07:00,453.75907433333333
1782512640,2026-06-26T15:24:00-07:00,453.75907433333333
1782512700,2026-06-26T15:25:00-07:00,154.65982383333332
1782512760,2026-06-26T15:26:00-07:00,154.65982383333332
1782512820,2026-06-26T15:27:00-07:00,154.65982383333332
1782512880,2026-06-26T15:28:00-07:00,154.65982383333332
1782512940,2026-06-26T15:29:00-07:00,154.65982383333332
1782513000,2026-06-26T15:30:00-07:00,39.01192216666667
1782513060,2026-06-26T15:31:00-07:00,39.01192216666667
1782513120,2026-06-26T15:32:00-07:00,39.01192216666667
1782513180,2026-06-26T15:33:00-07:00,39.01192216666667
1782513240,2026-06-26T15:34:00-07:00,39.01192216666667
1782513660,2026-06-26T15:41:00-07:00,71.98392733333333
1782513720,2026-06-26T15:42:00-07:00,71.98392733333333
1782513780,2026-06-26T15:43:00-07:00,71.98392733333333
1782513840,2026-06-26T15:44:00-07:00,71.98392733333333
1782513900,2026-06-26T15:45:00-07:00,71.98392733333333
1782514080,2026-06-26T15:48:00-07:00,33.77524116666667
1782514140,2026-06-26T15:49:00-07:00,33.77524116666667
1782514200,2026-06-26T15:50:00-07:00,33.77524116666667
1782514260,2026-06-26T15:51:00-07:00,33.77524116666667
1782514320,2026-06-26T15:52:00-07:00,33.77524116666667
1782514440,2026-06-26T15:54:00-07:00,38.80239533333333
1782514500,2026-06-26T15:55:00-07:00,38.80239533333333
1782514560,2026-06-26T15:56:00-07:00,38.80239533333333
1782514620,2026-06-26T15:57:00-07:00,38.80239533333333
1782514680,2026-06-26T15:58:00-07:00,38.80239533333333
1782514800,2026-06-26T16:00:00-07:00,37.58192283333333
1782514860,2026-06-26T16:01:00-07:00,37.58192283333333
1782514920,2026-06-26T16:02:00-07:00,37.58192283333333
1782514980,2026-06-26T16:03:00-07:00,37.58192283333333
1782515040,2026-06-26T16:04:00-07:00,37.58192283333333
1782515160,2026-06-26T16:06:00-07:00,36.091857833333336
1782515220,2026-06-26T16:07:00-07:00,36.091857833333336
1782515280,2026-06-26T16:08:00-07:00,36.091857833333336
1782515340,2026-06-26T16:09:00-07:00,36.091857833333336
1782515400,2026-06-26T16:10:00-07:00,36.091857833333336
1782515460,2026-06-26T16:11:00-07:00,41.29693616666666
1782515520,2026-06-26T16:12:00-07:00,41.29693616666666
1782515580,2026-06-26T16:13:00-07:00,41.29693616666666
1782515640,2026-06-26T16:14:00-07:00,41.29693616666666
1782515700,2026-06-26T16:15:00-07:00,41.29693616666666
1782515760,2026-06-26T16:16:00-07:00,105.64684399999999
1782515820,2026-06-26T16:17:00-07:00,105.64684399999999
1782515880,2026-06-26T16:18:00-07:00,105.64684399999999
1782515940,2026-06-26T16:19:00-07:00,105.64684399999999
1782516000,2026-06-26T16:20:00-07:00,105.64684399999999
1782516060,2026-06-26T16:21:00-07:00,40.11404100000001
1782516120,2026-06-26T16:22:00-07:00,40.11404100000001
1782516180,2026-06-26T16:23:00-07:00,40.11404100000001
1782516240,2026-06-26T16:24:00-07:00,40.11404100000001
1782516300,2026-06-26T16:25:00-07:00,40.11404100000001
1782516480,2026-06-26T16:28:00-07:00,42.602674666666665
1782516540,2026-06-26T16:29:00-07:00,42.602674666666665
1782516600,2026-06-26T16:30:00-07:00,42.602674666666665
1782516660,2026-06-26T16:31:00-07:00,42.602674666666665
1782516720,2026-06-26T16:32:00-07:00,42.602674666666665
1782516840,2026-06-26T16:34:00-07:00,41.450290333333335
1782516900,2026-06-26T16:35:00-07:00,41.450290333333335
1782516960,2026-06-26T16:36:00-07:00,41.450290333333335
1782517020,2026-06-26T16:37:00-07:00,41.450290333333335
1782517080,2026-06-26T16:38:00-07:00,41.450290333333335
1782517140,2026-06-26T16:39:00-07:00,78.93553349999999
1782517200,2026-06-26T16:40:00-07:00,78.93553349999999
1782517260,2026-06-26T16:41:00-07:00,78.93553349999999
1782517320,2026-06-26T16:42:00-07:00,78.93553349999999
1782517380,2026-06-26T16:43:00-07:00,78.93553349999999
1782517500,2026-06-26T16:45:00-07:00,51.335110333333326
1782517560,2026-06-26T16:46:00-07:00,51.335110333333326
1782517620,2026-06-26T16:47:00-07:00,51.335110333333326
1782517680,2026-06-26T16:48:00-07:00,51.335110333333326
1782517740,2026-06-26T16:49:00-07:00,51.335110333333326
1782517860,2026-06-26T16:51:00-07:00,41.875094999999995
1782517920,2026-06-26T16:52:00-07:00,41.875094999999995
1782517980,2026-06-26T16:53:00-07:00,41.875094999999995
1782518040,2026-06-26T16:54:00-07:00,41.875094999999995
1782518100,2026-06-26T16:55:00-07:00,41.875094999999995
1782518160,2026-06-26T16:56:00-07:00,38.71029333333333
1782518220,2026-06-26T16:57:00-07:00,38.71029333333333
1782518280,2026-06-26T16:58:00-07:00,38.71029333333333
1782518340,2026-06-26T16:59:00-07:00,38.71029333333333
1782518400,2026-06-26T17:00:00-07:00,38.71029333333333
1782518460,2026-06-26T17:01:00-07:00,36.55155433333333
1782518520,2026-06-26T17:02:00-07:00,36.55155433333333
1782518580,2026-06-26T17:03:00-07:00,36.55155433333333
1782518640,2026-06-26T17:04:00-07:00,36.55155433333333
1782518700,2026-06-26T17:05:00-07:00,36.55155433333333
1782518760,2026-06-26T17:06:00-07:00,43.2053765
1782518820,2026-06-26T17:07:00-07:00,43.2053765
1782518880,2026-06-26T17:08:00-07:00,43.2053765
1782518940,2026-06-26T17:09:00-07:00,43.2053765
1782519000,2026-06-26T17:10:00-07:00,43.2053765
1782519180,2026-06-26T17:13:00-07:00,36.468038
1782519240,2026-06-26T17:14:00-07:00,36.468038
1782519300,2026-06-26T17:15:00-07:00,36.468038
1782519360,2026-06-26T17:16:00-07:00,36.468038
1782519420,2026-06-26T17:17:00-07:00,36.468038
1782519480,2026-06-26T17:18:00-07:00,43.083571
1782519540,2026-06-26T17:19:00-07:00,43.083571
1782519600,2026-06-26T17:20:00-07:00,43.083571
1782519660,2026-06-26T17:21:00-07:00,43.083571
1782519720,2026-06-26T17:22:00-07:00,43.083571
1782519840,2026-06-26T17:24:00-07:00,39.89919
1782519900,2026-06-26T17:25:00-07:00,39.89919
1782519960,2026-06-26T17:26:00-07:00,39.89919
1782520020,2026-06-26T17:27:00-07:00,39.89919
1782520080,2026-06-26T17:28:00-07:00,39.89919
1782520200,2026-06-26T17:30:00-07:00,39.9092205
1782520260,2026-06-26T17:31:00-07:00,39.9092205
1782520320,2026-06-26T17:32:00-07:00,39.9092205
1782520380,2026-06-26T17:33:00-07:00,39.9092205
1782520440,2026-06-26T17:34:00-07:00,39.9092205
1782520560,2026-06-26T17:36:00-07:00,38.081176666666664
1782520620,2026-06-26T17:37:00-07:00,38.081176666666664
1782520680,2026-06-26T17:38:00-07:00,38.081176666666664
1782520740,2026-06-26T17:39:00-07:00,38.081176666666664
1782520800,2026-06-26T17:40:00-07:00,38.081176666666664
1782520860,2026-06-26T17:41:00-07:00,45.827378999999986
1782520920,2026-06-26T17:42:00-07:00,45.827378999999986
1782520980,2026-06-26T17:43:00-07:00,45.827378999999986
1782521040,2026-06-26T17:44:00-07:00,45.827378999999986
1782521100,2026-06-26T17:45:00-07:00,45.827378999999986
1782521160,2026-06-26T17:46:00-07:00,41.727471333333334
1782521220,2026-06-26T17:47:00-07:00,41.727471333333334
1782521280,2026-06-26T17:48:00-07:00,41.727471333333334
1782521340,2026-06-26T17:49:00-07:00,41.727471333333334
1782521400,2026-06-26T17:50:00-07:00,41.727471333333334
1782521520,2026-06-26T17:52:00-07:00,41.834377499999995
1782521580,2026-06-26T17:53:00-07:00,41.834377499999995
1782521640,2026-06-26T17:54:00-07:00,41.834377499999995
1782521700,2026-06-26T17:55:00-07:00,41.834377499999995
1782521760,2026-06-26T17:56:00-07:00,41.834377499999995
1782521940,2026-06-26T17:59:00-07:00,41.522352500000004
1782522000,2026-06-26T18:00:00-07:00,41.522352500000004
1782522060,2026-06-26T18:01:00-07:00,41.522352500000004
1782522120,2026-06-26T18:02:00-07:00,41.522352500000004
1782522180,2026-06-26T18:03:00-07:00,41.522352500000004
1782522660,2026-06-26T18:11:00-07:00,39.516344
1782522720,2026-06-26T18:12:00-07:00,39.516344
1782522780,2026-06-26T18:13:00-07:00,39.516344
1782522840,2026-06-26T18:14:00-07:00,39.516344
1782522900,2026-06-26T18:15:00-07:00,39.516344
1782522960,2026-06-26T18:16:00-07:00,36.68297666666667
1782523020,2026-06-26T18:17:00-07:00,36.68297666666667
1782523080,2026-06-26T18:18:00-07:00,36.68297666666667
1782523140,2026-06-26T18:19:00-07:00,36.68297666666667
1782523200,2026-06-26T18:20:00-07:00,36.68297666666667
1782523380,2026-06-26T18:23:00-07:00,41.0365605
1782523440,2026-06-26T18:24:00-07:00,41.0365605
1782523500,2026-06-26T18:25:00-07:00,41.0365605
1782523560,2026-06-26T18:26:00-07:00,41.0365605
1782523620,2026-06-26T18:27:00-07:00,41.0365605
1782523800,2026-06-26T18:30:00-07:00,33.253973833333326
1782523860,2026-06-26T18:31:00-07:00,33.253973833333326
1782523920,2026-06-26T18:32:00-07:00,33.253973833333326
1782523980,2026-06-26T18:33:00-07:00,33.253973833333326
1782524040,2026-06-26T18:34:00-07:00,33.253973833333326
1782524160,2026-06-26T18:36:00-07:00,36.671576666666674
1782524220,2026-06-26T18:37:00-07:00,36.671576666666674
1782524280,2026-06-26T18:38:00-07:00,36.671576666666674
1782524340,2026-06-26T18:39:00-07:00,36.671576666666674
1782524400,2026-06-26T18:40:00-07:00,36.671576666666674
1782524580,2026-06-26T18:43:00-07:00,39.1610785
1782524640,2026-06-26T18:44:00-07:00,39.1610785
1782524700,2026-06-26T18:45:00-07:00,39.1610785
1782524760,2026-06-26T18:46:00-07:00,39.1610785
1782524820,2026-06-26T18:47:00-07:00,39.1610785
1782524940,2026-06-26T18:49:00-07:00,73.91050233333333
1782525000,2026-06-26T18:50:00-07:00,73.91050233333333
1782525060,2026-06-26T18:51:00-07:00,73.91050233333333
1782525120,2026-06-26T18:52:00-07:00,73.91050233333333
1782525180,2026-06-26T18:53:00-07:00,73.91050233333333
1782525240,2026-06-26T18:54:00-07:00,93.77031116666666
1782525300,2026-06-26T18:55:00-07:00,93.77031116666666
1782525360,2026-06-26T18:56:00-07:00,93.77031116666666
1782525420,2026-06-26T18:57:00-07:00,93.77031116666666
1782525480,2026-06-26T18:58:00-07:00,93.77031116666666
1782525540,2026-06-26T18:59:00-07:00,39.413744
1782525600,2026-06-26T19:00:00-07:00,39.413744
1782525660,2026-06-26T19:01:00-07:00,39.413744
1782525720,2026-06-26T19:02:00-07:00,39.413744
1782525780,2026-06-26T19:03:00-07:00,39.413744
1782525840,2026-06-26T19:04:00-07:00,51.80785433333333
1782525900,2026-06-26T19:05:00-07:00,51.80785433333333
1782525960,2026-06-26T19:06:00-07:00,51.80785433333333
1782526020,2026-06-26T19:07:00-07:00,51.80785433333333
1782526080,2026-06-26T19:08:00-07:00,51.80785433333333
1782526140,2026-06-26T19:09:00-07:00,40.4384295
1782526200,2026-06-26T19:10:00-07:00,40.4384295
1782526260,2026-06-26T19:11:00-07:00,40.4384295
1782526320,2026-06-26T19:12:00-07:00,40.4384295
1782526380,2026-06-26T19:13:00-07:00,40.4384295
1782526440,2026-06-26T19:14:00-07:00,77.54739733333334
1782526500,2026-06-26T19:15:00-07:00,77.54739733333334
1782526560,2026-06-26T19:16:00-07:00,77.54739733333334
1782526620,2026-06-26T19:17:00-07:00,77.54739733333334
1782526680,2026-06-26T19:18:00-07:00,77.54739733333334
1782527040,2026-06-26T19:24:00-07:00,147.4563533333333
1782527100,2026-06-26T19:25:00-07:00,147.4563533333333
1782527160,2026-06-26T19:26:00-07:00,147.4563533333333
1782527220,2026-06-26T19:27:00-07:00,147.4563533333333
1782527280,2026-06-26T19:28:00-07:00,147.4563533333333
1782527400,2026-06-26T19:30:00-07:00,63.863532166666666
1782527460,2026-06-26T19:31:00-07:00,63.863532166666666
1782527520,2026-06-26T19:32:00-07:00,63.863532166666666
1782527580,2026-06-26T19:33:00-07:00,63.863532166666666
1782527640,2026-06-26T19:34:00-07:00,63.863532166666666
1782527700,2026-06-26T19:35:00-07:00,36.82973933333333
1782527760,2026-06-26T19:36:00-07:00,36.82973933333333
1782527820,2026-06-26T19:37:00-07:00,36.82973933333333
1782527880,2026-06-26T19:38:00-07:00,36.82973933333333
1782527940,2026-06-26T19:39:00-07:00,36.82973933333333
1782528000,2026-06-26T19:40:00-07:00,64.23372416666668
1782528060,2026-06-26T19:41:00-07:00,64.23372416666668
1782528120,2026-06-26T19:42:00-07:00,64.23372416666668
1782528180,2026-06-26T19:43:00-07:00,64.23372416666668
1782528240,2026-06-26T19:44:00-07:00,64.23372416666668
1782528360,2026-06-26T19:46:00-07:00,40.824700166666666
1782528420,2026-06-26T19:47:00-07:00,40.824700166666666
1782528480,2026-06-26T19:48:00-07:00,40.824700166666666
1782528540,2026-06-26T19:49:00-07:00,40.824700166666666
1782528600,2026-06-26T19:50:00-07:00,40.824700166666666
1782528660,2026-06-26T19:51:00-07:00,37.50570366666667
1782528720,2026-06-26T19:52:00-07:00,37.50570366666667
1782528780,2026-06-26T19:53:00-07:00,37.50570366666667
1782528840,2026-06-26T19:54:00-07:00,37.50570366666667
1782528900,2026-06-26T19:55:00-07:00,37.50570366666667
1782529020,2026-06-26T19:57:00-07:00,63.89880366666667
1782529080,2026-06-26T19:58:00-07:00,63.89880366666667
1782529140,2026-06-26T19:59:00-07:00,63.89880366666667
1782529200,2026-06-26T20:00:00-07:00,63.89880366666667
1782529260,2026-06-26T20:01:00-07:00,63.89880366666667
1782529320,2026-06-26T20:02:00-07:00,36.68875416666666
1782529380,2026-06-26T20:03:00-07:00,36.68875416666666
1782529440,2026-06-26T20:04:00-07:00,36.68875416666666
1782529500,2026-06-26T20:05:00-07:00,36.68875416666666
1782529560,2026-06-26T20:06:00-07:00,36.68875416666666
1782529680,2026-06-26T20:08:00-07:00,38.2295805
1782529740,2026-06-26T20:09:00-07:00,38.2295805
1782529800,2026-06-26T20:10:00-07:00,38.2295805
1782529860,2026-06-26T20:11:00-07:00,38.2295805
1782529920,2026-06-26T20:12:00-07:00,38.2295805
1782529980,2026-06-26T20:13:00-07:00,67.50394016666667
1782530040,2026-06-26T20:14:00-07:00,67.50394016666667
1782530100,2026-06-26T20:15:00-07:00,67.50394016666667
1782530160,2026-06-26T20:16:00-07:00,67.50394016666667
1782530220,2026-06-26T20:17:00-07:00,67.50394016666667
1782530340,2026-06-26T20:19:00-07:00,45.13227666666668
1782530400,2026-06-26T20:20:00-07:00,45.13227666666668
1782530460,2026-06-26T20:21:00-07:00,45.13227666666668
1782530520,2026-06-26T20:22:00-07:00,45.13227666666668
1782530580,2026-06-26T20:23:00-07:00,45.13227666666668
1782530700,2026-06-26T20:25:00-07:00,40.495788499999996
1782530760,2026-06-26T20:26:00-07:00,40.495788499999996
1782530820,2026-06-26T20:27:00-07:00,40.495788499999996
1782530880,2026-06-26T20:28:00-07:00,40.495788499999996
1782530940,2026-06-26T20:29:00-07:00,40.495788499999996
1782531060,2026-06-26T20:31:00-07:00,61.616231166666665
1782531120,2026-06-26T20:32:00-07:00,61.616231166666665
1782531180,2026-06-26T20:33:00-07:00,61.616231166666665
1782531240,2026-06-26T20:34:00-07:00,61.616231166666665
1782531300,2026-06-26T20:35:00-07:00,61.616231166666665
1782531360,2026-06-26T20:36:00-07:00,38.191738666666666
1782531420,2026-06-26T20:37:00-07:00,38.191738666666666
1782531480,2026-06-26T20:38:00-07:00,38.191738666666666
1782531540,2026-06-26T20:39:00-07:00,38.191738666666666
1782531600,2026-06-26T20:40:00-07:00,38.191738666666666
1782531720,2026-06-26T20:42:00-07:00,37.12597
1782531780,2026-06-26T20:43:00-07:00,37.12597
1782531840,2026-06-26T20:44:00-07:00,37.12597
1782531900,2026-06-26T20:45:00-07:00,37.12597
1782531960,2026-06-26T20:46:00-07:00,37.12597
1782532020,2026-06-26T20:47:00-07:00,38.01087783333333
1782532080,2026-06-26T20:48:00-07:00,38.01087783333333
1782532140,2026-06-26T20:49:00-07:00,38.01087783333333
1782532200,2026-06-26T20:50:00-07:00,38.01087783333333
1782532260,2026-06-26T20:51:00-07:00,38.01087783333333
1782532440,2026-06-26T20:54:00-07:00,39.60009783333333
1782532500,2026-06-26T20:55:00-07:00,39.60009783333333
1782532560,2026-06-26T20:56:00-07:00,39.60009783333333
1782532620,2026-06-26T20:57:00-07:00,39.60009783333333
1782532680,2026-06-26T20:58:00-07:00,39.60009783333333
1782532800,2026-06-26T21:00:00-07:00,36.37004266666667
1782532860,2026-06-26T21:01:00-07:00,36.37004266666667
1782532920,2026-06-26T21:02:00-07:00,36.37004266666667
1782532980,2026-06-26T21:03:00-07:00,36.37004266666667
1782533040,2026-06-26T21:04:00-07:00,36.37004266666667
1782533100,2026-06-26T21:05:00-07:00,79.95262316666667
1782533160,2026-06-26T21:06:00-07:00,79.95262316666667
1782533220,2026-06-26T21:07:00-07:00,79.95262316666667
1782533280,2026-06-26T21:08:00-07:00,79.95262316666667
1782533340,2026-06-26T21:09:00-07:00,79.95262316666667
1782533400,2026-06-26T21:10:00-07:00,66.5365395
1782533460,2026-06-26T21:11:00-07:00,66.5365395
1782533520,2026-06-26T21:12:00-07:00,66.5365395
1782533580,2026-06-26T21:13:00-07:00,66.5365395
1782533640,2026-06-26T21:14:00-07:00,66.5365395
1782533760,2026-06-26T21:16:00-07:00,39.202142
1782533820,2026-06-26T21:17:00-07:00,39.202142
1782533880,2026-06-26T21:18:00-07:00,39.202142
1782533940,2026-06-26T21:19:00-07:00,39.202142
1782534000,2026-06-26T21:20:00-07:00,39.202142
1782534780,2026-06-26T21:33:00-07:00,38.032796166666664
1782534840,2026-06-26T21:34:00-07:00,38.032796166666664
1782534900,2026-06-26T21:35:00-07:00,38.032796166666664
1782534960,2026-06-26T21:36:00-07:00,38.032796166666664
1782535020,2026-06-26T21:37:00-07:00,38.032796166666664
1782535080,2026-06-26T21:38:00-07:00,37.758117666666664
1782535140,2026-06-26T21:39:00-07:00,37.758117666666664
1782535200,2026-06-26T21:40:00-07:00,37.758117666666664
1782535260,2026-06-26T21:41:00-07:00,37.758117666666664
1782535320,2026-06-26T21:42:00-07:00,37.758117666666664
1782535380,2026-06-26T21:43:00-07:00,64.90279816666667
1782535440,2026-06-26T21:44:00-07:00,64.90279816666667
1782535500,2026-06-26T21:45:00-07:00,64.90279816666667
1782535560,2026-06-26T21:46:00-07:00,64.90279816666667
1782535620,2026-06-26T21:47:00-07:00,64.90279816666667
1782535740,2026-06-26T21:49:00-07:00,37.991326
1782535800,2026-06-26T21:50:00-07:00,37.991326
1782535860,2026-06-26T21:51:00-07:00,37.991326
1782535920,2026-06-26T21:52:00-07:00,37.991326
1782535980,2026-06-26T21:53:00-07:00,37.991326
1782536040,2026-06-26T21:54:00-07:00,64.176263
1782536100,2026-06-26T21:55:00-07:00,64.176263
1782536160,2026-06-26T21:56:00-07:00,64.176263
1782536220,2026-06-26T21:57:00-07:00,64.176263
1782536280,2026-06-26T21:58:00-07:00,64.176263
1782536340,2026-06-26T21:59:00-07:00,54.17567283333333
1782536400,2026-06-26T22:00:00-07:00,54.17567283333333
1782536460,2026-06-26T22:01:00-07:00,54.17567283333333
1782536520,2026-06-26T22:02:00-07:00,54.17567283333333
1782536580,2026-06-26T22:03:00-07:00,54.17567283333333
1782536640,2026-06-26T22:04:00-07:00,42.76969416666666
1782536700,2026-06-26T22:05:00-07:00,42.76969416666666
1782536760,2026-06-26T22:06:00-07:00,42.76969416666666
1782536820,2026-06-26T22:07:00-07:00,42.76969416666666
1782536880,2026-06-26T22:08:00-07:00,42.76969416666666
1782536940,2026-06-26T22:09:00-07:00,70.09812433333333
1782537000,2026-06-26T22:10:00-07:00,70.09812433333333
1782537060,2026-06-26T22:11:00-07:00,70.09812433333333
1782537120,2026-06-26T22:12:00-07:00,70.09812433333333
1782537180,2026-06-26T22:13:00-07:00,70.09812433333333
1782537240,2026-06-26T22:14:00-07:00,52.619364499999996
1782537300,2026-06-26T22:15:00-07:00,52.619364499999996
1782537360,2026-06-26T22:16:00-07:00,52.619364499999996
1782537420,2026-06-26T22:17:00-07:00,52.619364499999996
1782537480,2026-06-26T22:18:00-07:00,52.619364499999996
1782537540,2026-06-26T22:19:00-07:00,37.675001333333334
1782537600,2026-06-26T22:20:00-07:00,37.675001333333334
1782537660,2026-06-26T22:21:00-07:00,37.675001333333334
1782537720,2026-06-26T22:22:00-07:00,37.675001333333334
1782537780,2026-06-26T22:23:00-07:00,37.675001333333334
1782537840,2026-06-26T22:24:00-07:00,63.74406633333333
1782537900,2026-06-26T22:25:00-07:00,63.74406633333333
1782537960,2026-06-26T22:26:00-07:00,63.74406633333333
1782538020,2026-06-26T22:27:00-07:00,63.74406633333333
1782538080,2026-06-26T22:28:00-07:00,63.74406633333333
1782538200,2026-06-26T22:30:00-07:00,36.062276000000004
1782538260,2026-06-26T22:31:00-07:00,36.062276000000004
1782538320,2026-06-26T22:32:00-07:00,36.062276000000004
1782538380,2026-06-26T22:33:00-07:00,36.062276000000004
1782538440,2026-06-26T22:34:00-07:00,36.062276000000004
1782538500,2026-06-26T22:35:00-07:00,70.33186183333333
1782538560,2026-06-26T22:36:00-07:00,70.33186183333333
1782538620,2026-06-26T22:37:00-07:00,70.33186183333333
1782538680,2026-06-26T22:38:00-07:00,70.33186183333333
1782538740,2026-06-26T22:39:00-07:00,70.33186183333333
1782538800,2026-06-26T22:40:00-07:00,69.51987033333333
1782538860,2026-06-26T22:41:00-07:00,69.51987033333333
1782538920,2026-06-26T22:42:00-07:00,69.51987033333333
1782538980,2026-06-26T22:43:00-07:00,69.51987033333333
1782539040,2026-06-26T22:44:00-07:00,69.51987033333333
1782539100,2026-06-26T22:45:00-07:00,72.01344133333335
1782539160,2026-06-26T22:46:00-07:00,72.01344133333335
1782539220,2026-06-26T22:47:00-07:00,72.01344133333335
1782539280,2026-06-26T22:48:00-07:00,72.01344133333335
1782539340,2026-06-26T22:49:00-07:00,72.01344133333335
1782539400,2026-06-26T22:50:00-07:00,90.19305433333334
1782539460,2026-06-26T22:51:00-07:00,90.19305433333334
1782539520,2026-06-26T22:52:00-07:00,90.19305433333334
1782539580,2026-06-26T22:53:00-07:00,90.19305433333334
1782539640,2026-06-26T22:54:00-07:00,90.19305433333334
1782539700,2026-06-26T22:55:00-07:00,54.69582083333333
1782539760,2026-06-26T22:56:00-07:00,54.69582083333333
1782539820,2026-06-26T22:57:00-07:00,54.69582083333333
1782539880,2026-06-26T22:58:00-07:00,54.69582083333333
1782539940,2026-06-26T22:59:00-07:00,54.69582083333333
1782540000,2026-06-26T23:00:00-07:00,73.876004
1782540060,2026-06-26T23:01:00-07:00,73.876004
1782540120,2026-06-26T23:02:00-07:00,73.876004
1782540180,2026-06-26T23:03:00-07:00,73.876004
1782540240,2026-06-26T23:04:00-07:00,73.876004
1782540300,2026-06-26T23:05:00-07:00,73.092509
1782540360,2026-06-26T23:06:00-07:00,73.092509
1782540420,2026-06-26T23:07:00-07:00,73.092509
1782540480,2026-06-26T23:08:00-07:00,73.092509
1782540540,2026-06-26T23:09:00-07:00,73.092509
1782540600,2026-06-26T23:10:00-07:00,69.05981416666667
1782540660,2026-06-26T23:11:00-07:00,69.05981416666667
1782540720,2026-06-26T23:12:00-07:00,69.05981416666667
1782540780,2026-06-26T23:13:00-07:00,69.05981416666667
1782540840,2026-06-26T23:14:00-07:00,69.05981416666667
1782540960,2026-06-26T23:16:00-07:00,70.10156933333333
1782541020,2026-06-26T23:17:00-07:00,70.10156933333333
1782541080,2026-06-26T23:18:00-07:00,70.10156933333333
1782541140,2026-06-26T23:19:00-07:00,70.10156933333333
1782541200,2026-06-26T23:20:00-07:00,70.10156933333333
1782541260,2026-06-26T23:21:00-07:00,36.27316616666666
1782541320,2026-06-26T23:22:00-07:00,36.27316616666666
1782541380,2026-06-26T23:23:00-07:00,36.27316616666666
1782541440,2026-06-26T23:24:00-07:00,36.27316616666666
1782541500,2026-06-26T23:25:00-07:00,36.27316616666666
1782541560,2026-06-26T23:26:00-07:00,63.527160333333335
1782541620,2026-06-26T23:27:00-07:00,63.527160333333335
1782541680,2026-06-26T23:28:00-07:00,63.527160333333335
1782541740,2026-06-26T23:29:00-07:00,63.527160333333335
1782541800,2026-06-26T23:30:00-07:00,63.527160333333335
1782541860,2026-06-26T23:31:00-07:00,75.1102025
1782541920,2026-06-26T23:32:00-07:00,75.1102025
1782541980,2026-06-26T23:33:00-07:00,75.1102025
1782542040,2026-06-26T23:34:00-07:00,75.1102025
1782542100,2026-06-26T23:35:00-07:00,75.1102025
1782542160,2026-06-26T23:36:00-07:00,53.624213499999996
1782542220,2026-06-26T23:37:00-07:00,53.624213499999996
1782542280,2026-06-26T23:38:00-07:00,53.624213499999996
1782542340,2026-06-26T23:39:00-07:00,53.624213499999996
1782542400,2026-06-26T23:40:00-07:00,53.624213499999996
1782542460,2026-06-26T23:41:00-07:00,73.39190016666667
1782542520,2026-06-26T23:42:00-07:00,73.39190016666667
1782542580,2026-06-26T23:43:00-07:00,73.39190016666667
1782542640,2026-06-26T23:44:00-07:00,73.39190016666667
1782542700,2026-06-26T23:45:00-07:00,73.39190016666667
1782542760,2026-06-26T23:46:00-07:00,55.180461
1782542820,2026-06-26T23:47:00-07:00,55.180461
1782542880,2026-06-26T23:48:00-07:00,55.180461
1782542940,2026-06-26T23:49:00-07:00,55.180461
1782543000,2026-06-26T23:50:00-07:00,55.180461
1782543120,2026-06-26T23:52:00-07:00,36.32455766666667
1782543180,2026-06-26T23:53:00-07:00,36.32455766666667
1782543240,2026-06-26T23:54:00-07:00,36.32455766666667
1782543300,2026-06-26T23:55:00-07:00,36.32455766666667
1782543360,2026-06-26T23:56:00-07:00,36.32455766666667
1782543420,2026-06-26T23:57:00-07:00,63.4173925
1782543480,2026-06-26T23:58:00-07:00,63.4173925
1782543540,2026-06-26T23:59:00-07:00,63.4173925
1782543600,2026-06-27T00:00:00-07:00,63.4173925
1782543660,2026-06-27T00:01:00-07:00,63.4173925
1782543720,2026-06-27T00:02:00-07:00,39.15618933333334
1782543780,2026-06-27T00:03:00-07:00,39.15618933333334
1782543840,2026-06-27T00:04:00-07:00,39.15618933333334
1782543900,2026-06-27T00:05:00-07:00,39.15618933333334
1782543960,2026-06-27T00:06:00-07:00,39.15618933333334
1782544020,2026-06-27T00:07:00-07:00,83.2249825
1782544080,2026-06-27T00:08:00-07:00,83.2249825
1782544140,2026-06-27T00:09:00-07:00,83.2249825
1782544200,2026-06-27T00:10:00-07:00,83.2249825
1782544260,2026-06-27T00:11:00-07:00,83.2249825
1782544380,2026-06-27T00:13:00-07:00,67.03786916666667
1782544440,2026-06-27T00:14:00-07:00,67.03786916666667
1782544500,2026-06-27T00:15:00-07:00,67.03786916666667
1782544560,2026-06-27T00:16:00-07:00,67.03786916666667
1782544620,2026-06-27T00:17:00-07:00,67.03786916666667
1782544680,2026-06-27T00:18:00-07:00,39.30061166666666
1782544740,2026-06-27T00:19:00-07:00,39.30061166666666
1782544800,2026-06-27T00:20:00-07:00,39.30061166666666
1782544860,2026-06-27T00:21:00-07:00,39.30061166666666
1782544920,2026-06-27T00:22:00-07:00,39.30061166666666
1782544980,2026-06-27T00:23:00-07:00,75.22651499999999
1782545040,2026-06-27T00:24:00-07:00,75.22651499999999
1782545100,2026-06-27T00:25:00-07:00,75.22651499999999
1782545160,2026-06-27T00:26:00-07:00,75.22651499999999
1782545220,2026-06-27T00:27:00-07:00,75.22651499999999
1782545280,2026-06-27T00:28:00-07:00,69.43784616666666
1782545340,2026-06-27T00:29:00-07:00,69.43784616666666
1782545400,2026-06-27T00:30:00-07:00,69.43784616666666
1782545460,2026-06-27T00:31:00-07:00,69.43784616666666
1782545520,2026-06-27T00:32:00-07:00,69.43784616666666
1782545580,2026-06-27T00:33:00-07:00,81.29861783333335
1782545640,2026-06-27T00:34:00-07:00,81.29861783333335
1782545700,2026-06-27T00:35:00-07:00,81.29861783333335
1782545760,2026-06-27T00:36:00-07:00,81.29861783333335
1782545820,2026-06-27T00:37:00-07:00,81.29861783333335
1782545880,2026-06-27T00:38:00-07:00,72.28551566666667
1782545940,2026-06-27T00:39:00-07:00,72.28551566666667
1782546000,2026-06-27T00:40:00-07:00,72.28551566666667
1782546060,2026-06-27T00:41:00-07:00,72.28551566666667
1782546120,2026-06-27T00:42:00-07:00,72.28551566666667
1782546240,2026-06-27T00:44:00-07:00,34.299608
1782546300,2026-06-27T00:45:00-07:00,34.299608
1782546360,2026-06-27T00:46:00-07:00,34.299608
1782546420,2026-06-27T00:47:00-07:00,34.299608
1782546480,2026-06-27T00:48:00-07:00,34.299608
1782546540,2026-06-27T00:49:00-07:00,69.74380816666668
1782546600,2026-06-27T00:50:00-07:00,69.74380816666668
1782546660,2026-06-27T00:51:00-07:00,69.74380816666668
1782546720,2026-06-27T00:52:00-07:00,69.74380816666668
1782546780,2026-06-27T00:53:00-07:00,69.74380816666668
1782546840,2026-06-27T00:54:00-07:00,66.10125716666668
1782546900,2026-06-27T00:55:00-07:00,66.10125716666668
1782546960,2026-06-27T00:56:00-07:00,66.10125716666668
1782547020,2026-06-27T00:57:00-07:00,66.10125716666668
1782547080,2026-06-27T00:58:00-07:00,66.10125716666668
1782547140,2026-06-27T00:59:00-07:00,50.06189616666666
1782547200,2026-06-27T01:00:00-07:00,50.06189616666666
1782547260,2026-06-27T01:01:00-07:00,50.06189616666666
1782547320,2026-06-27T01:02:00-07:00,50.06189616666666
1782547380,2026-06-27T01:03:00-07:00,50.06189616666666
1782547440,2026-06-27T01:04:00-07:00,66.79576300000001
1782547500,2026-06-27T01:05:00-07:00,66.79576300000001
1782547560,2026-06-27T01:06:00-07:00,66.79576300000001
1782547620,2026-06-27T01:07:00-07:00,66.79576300000001
1782547680,2026-06-27T01:08:00-07:00,66.79576300000001
1782547740,2026-06-27T01:09:00-07:00,65.93048133333333
1782547800,2026-06-27T01:10:00-07:00,65.93048133333333
1782547860,2026-06-27T01:11:00-07:00,65.93048133333333
1782547920,2026-06-27T01:12:00-07:00,65.93048133333333
1782547980,2026-06-27T01:13:00-07:00,65.93048133333333
1782548040,2026-06-27T01:14:00-07:00,34.81748433333333
1782548100,2026-06-27T01:15:00-07:00,34.81748433333333
1782548160,2026-06-27T01:16:00-07:00,34.81748433333333
1782548220,2026-06-27T01:17:00-07:00,34.81748433333333
1782548280,2026-06-27T01:18:00-07:00,34.81748433333333
1782548340,2026-06-27T01:19:00-07:00,64.96446383333334
1782548400,2026-06-27T01:20:00-07:00,64.96446383333334
1782548460,2026-06-27T01:21:00-07:00,64.96446383333334
1782548520,2026-06-27T01:22:00-07:00,64.96446383333334
1782548580,2026-06-27T01:23:00-07:00,64.96446383333334
1782548700,2026-06-27T01:25:00-07:00,37.09273966666667
1782548760,2026-06-27T01:26:00-07:00,37.09273966666667
1782548820,2026-06-27T01:27:00-07:00,37.09273966666667
1782548880,2026-06-27T01:28:00-07:00,37.09273966666667
1782548940,2026-06-27T01:29:00-07:00,37.09273966666667
1782549000,2026-06-27T01:30:00-07:00,69.34206133333333
1782549060,2026-06-27T01:31:00-07:00,69.34206133333333
1782549120,2026-06-27T01:32:00-07:00,69.34206133333333
1782549180,2026-06-27T01:33:00-07:00,69.34206133333333
1782549240,2026-06-27T01:34:00-07:00,69.34206133333333
1782549300,2026-06-27T01:35:00-07:00,35.70245333333333
1782549360,2026-06-27T01:36:00-07:00,35.70245333333333
1782549420,2026-06-27T01:37:00-07:00,35.70245333333333
1782549480,2026-06-27T01:38:00-07:00,35.70245333333333
1782549540,2026-06-27T01:39:00-07:00,35.70245333333333
1782549600,2026-06-27T01:40:00-07:00,34.66731116666667
1782549660,2026-06-27T01:41:00-07:00,34.66731116666667
1782549720,2026-06-27T01:42:00-07:00,34.66731116666667
1782549780,2026-06-27T01:43:00-07:00,34.66731116666667
1782549840,2026-06-27T01:44:00-07:00,34.66731116666667
1782549900,2026-06-27T01:45:00-07:00,65.81194366666666
1782549960,2026-06-27T01:46:00-07:00,65.81194366666666
1782550020,2026-06-27T01:47:00-07:00,65.81194366666666
1782550080,2026-06-27T01:48:00-07:00,65.81194366666666
1782550140,2026-06-27T01:49:00-07:00,65.81194366666666
1782550200,2026-06-27T01:50:00-07:00,29.16076
1782550260,2026-06-27T01:51:00-07:00,29.16076
1782550320,2026-06-27T01:52:00-07:00,29.16076
1782550380,2026-06-27T01:53:00-07:00,29.16076
1782550440,2026-06-27T01:54:00-07:00,29.16076
1782550500,2026-06-27T01:55:00-07:00,71.5052355
1782550560,2026-06-27T01:56:00-07:00,71.5052355
1782550620,2026-06-27T01:57:00-07:00,71.5052355
1782550680,2026-06-27T01:58:00-07:00,71.5052355
1782550740,2026-06-27T01:59:00-07:00,71.5052355
1782550800,2026-06-27T02:00:00-07:00,34.67184116666666
1782550860,2026-06-27T02:01:00-07:00,34.67184116666666
1782550920,2026-06-27T02:02:00-07:00,34.67184116666666
1782550980,2026-06-27T02:03:00-07:00,34.67184116666666
1782551040,2026-06-27T02:04:00-07:00,34.67184116666666
1782551100,2026-06-27T02:05:00-07:00,64.74356416666667
1782551160,2026-06-27T02:06:00-07:00,64.74356416666667
1782551220,2026-06-27T02:07:00-07:00,64.74356416666667
1782551280,2026-06-27T02:08:00-07:00,64.74356416666667
1782551340,2026-06-27T02:09:00-07:00,64.74356416666667
1782551460,2026-06-27T02:11:00-07:00,37.877149499999994
1782551520,2026-06-27T02:12:00-07:00,37.877149499999994
1782551580,2026-06-27T02:13:00-07:00,37.877149499999994
1782551640,2026-06-27T02:14:00-07:00,37.877149499999994
1782551700,2026-06-27T02:15:00-07:00,37.877149499999994
1782551760,2026-06-27T02:16:00-07:00,61.01229516666668
1782551820,2026-06-27T02:17:00-07:00,61.01229516666668
1782551880,2026-06-27T02:18:00-07:00,61.01229516666668
1782551940,2026-06-27T02:19:00-07:00,61.01229516666668
1782552000,2026-06-27T02:20:00-07:00,61.01229516666668
1782552060,2026-06-27T02:21:00-07:00,65.57497833333335
1782552120,2026-06-27T02:22:00-07:00,65.57497833333335
1782552180,2026-06-27T02:23:00-07:00,65.57497833333335
1782552240,2026-06-27T02:24:00-07:00,65.57497833333335
1782552300,2026-06-27T02:25:00-07:00,65.57497833333335
1782552360,2026-06-27T02:26:00-07:00,73.37929283333332
1782552420,2026-06-27T02:27:00-07:00,73.37929283333332
1782552480,2026-06-27T02:28:00-07:00,73.37929283333332
1782552540,2026-06-27T02:29:00-07:00,73.37929283333332
1782552600,2026-06-27T02:30:00-07:00,73.37929283333332
1782552720,2026-06-27T02:32:00-07:00,67.48765066666668
1782552780,2026-06-27T02:33:00-07:00,67.48765066666668
1782552840,2026-06-27T02:34:00-07:00,67.48765066666668
1782552900,2026-06-27T02:35:00-07:00,67.48765066666668
1782552960,2026-06-27T02:36:00-07:00,67.48765066666668
1782553020,2026-06-27T02:37:00-07:00,64.71081550000001
1782553080,2026-06-27T02:38:00-07:00,64.71081550000001
1782553140,2026-06-27T02:39:00-07:00,64.71081550000001
1782553200,2026-06-27T02:40:00-07:00,64.71081550000001
1782553260,2026-06-27T02:41:00-07:00,64.71081550000001
1782553320,2026-06-27T02:42:00-07:00,36.633022833333335
1782553380,2026-06-27T02:43:00-07:00,36.633022833333335
1782553440,2026-06-27T02:44:00-07:00,36.633022833333335
1782553500,2026-06-27T02:45:00-07:00,36.633022833333335
1782553560,2026-06-27T02:46:00-07:00,36.633022833333335
1782553620,2026-06-27T02:47:00-07:00,67.34119350000002
1782553680,2026-06-27T02:48:00-07:00,67.34119350000002
1782553740,2026-06-27T02:49:00-07:00,67.34119350000002
1782553800,2026-06-27T02:50:00-07:00,67.34119350000002
1782553860,2026-06-27T02:51:00-07:00,67.34119350000002
1782553920,2026-06-27T02:52:00-07:00,63.310567166666665
1782553980,2026-06-27T02:53:00-07:00,63.310567166666665
1782554040,2026-06-27T02:54:00-07:00,63.310567166666665
1782554100,2026-06-27T02:55:00-07:00,63.310567166666665
1782554160,2026-06-27T02:56:00-07:00,63.310567166666665
1782554220,2026-06-27T02:57:00-07:00,73.51256633333333
1782554280,2026-06-27T02:58:00-07:00,73.51256633333333
1782554340,2026-06-27T02:59:00-07:00,73.51256633333333
1782554400,2026-06-27T03:00:00-07:00,73.51256633333333
1782554460,2026-06-27T03:01:00-07:00,73.51256633333333
1782554520,2026-06-27T03:02:00-07:00,53.76586916666667
1782554580,2026-06-27T03:03:00-07:00,53.76586916666667
1782554640,2026-06-27T03:04:00-07:00,53.76586916666667
1782554700,2026-06-27T03:05:00-07:00,53.76586916666667
1782554760,2026-06-27T03:06:00-07:00,53.76586916666667
1782554880,2026-06-27T03:08:00-07:00,69.415534
1782554940,2026-06-27T03:09:00-07:00,69.415534
1782555000,2026-06-27T03:10:00-07:00,69.415534
1782555060,2026-06-27T03:11:00-07:00,69.415534
1782555120,2026-06-27T03:12:00-07:00,69.415534
1782555180,2026-06-27T03:13:00-07:00,62.32482233333334
1782555240,2026-06-27T03:14:00-07:00,62.32482233333334
1782555300,2026-06-27T03:15:00-07:00,62.32482233333334
1782555360,2026-06-27T03:16:00-07:00,62.32482233333334
1782555420,2026-06-27T03:17:00-07:00,62.32482233333334
1782555480,2026-06-27T03:18:00-07:00,36.754062166666664
1782555540,2026-06-27T03:19:00-07:00,36.754062166666664
1782555600,2026-06-27T03:20:00-07:00,36.754062166666664
1782555660,2026-06-27T03:21:00-07:00,36.754062166666664
1782555720,2026-06-27T03:22:00-07:00,36.754062166666664
1782555780,2026-06-27T03:23:00-07:00,69.54828583333334
1782555840,2026-06-27T03:24:00-07:00,69.54828583333334
1782555900,2026-06-27T03:25:00-07:00,69.54828583333334
1782555960,2026-06-27T03:26:00-07:00,69.54828583333334
1782556020,2026-06-27T03:27:00-07:00,69.54828583333334
1782556080,2026-06-27T03:28:00-07:00,71.34297683333334
1782556140,2026-06-27T03:29:00-07:00,71.34297683333334
1782556200,2026-06-27T03:30:00-07:00,71.34297683333334
1782556260,2026-06-27T03:31:00-07:00,71.34297683333334
1782556320,2026-06-27T03:32:00-07:00,71.34297683333334
1782556380,2026-06-27T03:33:00-07:00,68.67171916666666
1782556440,2026-06-27T03:34:00-07:00,68.67171916666666
1782556500,2026-06-27T03:35:00-07:00,68.67171916666666
1782556560,2026-06-27T03:36:00-07:00,68.67171916666666
1782556620,2026-06-27T03:37:00-07:00,68.67171916666666
1782556740,2026-06-27T03:39:00-07:00,35.1027355
1782556800,2026-06-27T03:40:00-07:00,35.1027355
1782556860,2026-06-27T03:41:00-07:00,35.1027355
1782556920,2026-06-27T03:42:00-07:00,35.1027355
1782556980,2026-06-27T03:43:00-07:00,35.1027355
1782557040,2026-06-27T03:44:00-07:00,37.12605116666666
1782557100,2026-06-27T03:45:00-07:00,37.12605116666666
1782557160,2026-06-27T03:46:00-07:00,37.12605116666666
1782557220,2026-06-27T03:47:00-07:00,37.12605116666666
1782557280,2026-06-27T03:48:00-07:00,37.12605116666666
1782557340,2026-06-27T03:49:00-07:00,78.91699883333334
1782557400,2026-06-27T03:50:00-07:00,78.91699883333334
1782557460,2026-06-27T03:51:00-07:00,78.91699883333334
1782557520,2026-06-27T03:52:00-07:00,78.91699883333334
1782557580,2026-06-27T03:53:00-07:00,78.91699883333334
1782557640,2026-06-27T03:54:00-07:00,60.799567499999995
1782557700,2026-06-27T03:55:00-07:00,60.799567499999995
1782557760,2026-06-27T03:56:00-07:00,60.799567499999995
1782557820,2026-06-27T03:57:00-07:00,60.799567499999995
1782557880,2026-06-27T03:58:00-07:00,60.799567499999995
1782558000,2026-06-27T04:00:00-07:00,43.28974083333333
1782558060,2026-06-27T04:01:00-07:00,43.28974083333333
1782558120,2026-06-27T04:02:00-07:00,43.28974083333333
1782558180,2026-06-27T04:03:00-07:00,43.28974083333333
1782558240,2026-06-27T04:04:00-07:00,43.28974083333333
1782558300,2026-06-27T04:05:00-07:00,37.20560683333334
1782558360,2026-06-27T04:06:00-07:00,37.20560683333334
1782558420,2026-06-27T04:07:00-07:00,37.20560683333334
1782558480,2026-06-27T04:08:00-07:00,37.20560683333334
1782558540,2026-06-27T04:09:00-07:00,37.20560683333334
1782558660,2026-06-27T04:11:00-07:00,41.28219966666666
1782558720,2026-06-27T04:12:00-07:00,41.28219966666666
1782558780,2026-06-27T04:13:00-07:00,41.28219966666666
1782558840,2026-06-27T04:14:00-07:00,41.28219966666666
1782558900,2026-06-27T04:15:00-07:00,41.28219966666666
1782558960,2026-06-27T04:16:00-07:00,40.21644416666667
1782559020,2026-06-27T04:17:00-07:00,40.21644416666667
1782559080,2026-06-27T04:18:00-07:00,40.21644416666667
1782559140,2026-06-27T04:19:00-07:00,40.21644416666667
1782559200,2026-06-27T04:20:00-07:00,40.21644416666667
1782559260,2026-06-27T04:21:00-07:00,35.81412783333332
1782559320,2026-06-27T04:22:00-07:00,35.81412783333332
1782559380,2026-06-27T04:23:00-07:00,35.81412783333332
1782559440,2026-06-27T04:24:00-07:00,35.81412783333332
1782559500,2026-06-27T04:25:00-07:00,35.81412783333332
1782559680,2026-06-27T04:28:00-07:00,34.862908
1782559740,2026-06-27T04:29:00-07:00,34.862908
1782559800,2026-06-27T04:30:00-07:00,34.862908
1782559860,2026-06-27T04:31:00-07:00,34.862908
1782559920,2026-06-27T04:32:00-07:00,34.862908
1782559980,2026-06-27T04:33:00-07:00,32.31316433333333
1782560040,2026-06-27T04:34:00-07:00,32.31316433333333
1782560100,2026-06-27T04:35:00-07:00,32.31316433333333
1782560160,2026-06-27T04:36:00-07:00,32.31316433333333
1782560220,2026-06-27T04:37:00-07:00,32.31316433333333
1782560280,2026-06-27T04:38:00-07:00,72.3702865
1782560340,2026-06-27T04:39:00-07:00,72.3702865
1782560400,2026-06-27T04:40:00-07:00,72.3702865
1782560460,2026-06-27T04:41:00-07:00,72.3702865
1782560520,2026-06-27T04:42:00-07:00,72.3702865
1782560580,2026-06-27T04:43:00-07:00,36.883748499999996
1782560640,2026-06-27T04:44:00-07:00,36.883748499999996
1782560700,2026-06-27T04:45:00-07:00,36.883748499999996
1782560760,2026-06-27T04:46:00-07:00,36.883748499999996
1782560820,2026-06-27T04:47:00-07:00,36.883748499999996
1782561000,2026-06-27T04:50:00-07:00,41.745517666666665
1782561060,2026-06-27T04:51:00-07:00,41.745517666666665
1782561120,2026-06-27T04:52:00-07:00,41.745517666666665
1782561180,2026-06-27T04:53:00-07:00,41.745517666666665
1782561240,2026-06-27T04:54:00-07:00,41.745517666666665
1782561300,2026-06-27T04:55:00-07:00,77.16220499999999
1782561360,2026-06-27T04:56:00-07:00,77.16220499999999
1782561420,2026-06-27T04:57:00-07:00,77.16220499999999
1782561480,2026-06-27T04:58:00-07:00,77.16220499999999
1782561540,2026-06-27T04:59:00-07:00,77.16220499999999
1782561660,2026-06-27T05:01:00-07:00,37.20292133333333
1782561720,2026-06-27T05:02:00-07:00,37.20292133333333
1782561780,2026-06-27T05:03:00-07:00,37.20292133333333
1782561840,2026-06-27T05:04:00-07:00,37.20292133333333
1782561900,2026-06-27T05:05:00-07:00,37.20292133333333
1782562020,2026-06-27T05:07:00-07:00,33.97665766666666
1782562080,2026-06-27T05:08:00-07:00,33.97665766666666
1782562140,2026-06-27T05:09:00-07:00,33.97665766666666
1782562200,2026-06-27T05:10:00-07:00,33.97665766666666
1782562260,2026-06-27T05:11:00-07:00,33.97665766666666
1782562320,2026-06-27T05:12:00-07:00,37.018073333333334
1782562380,2026-06-27T05:13:00-07:00,37.018073333333334
1782562440,2026-06-27T05:14:00-07:00,37.018073333333334
1782562500,2026-06-27T05:15:00-07:00,37.018073333333334
1782562560,2026-06-27T05:16:00-07:00,37.018073333333334
1782562620,2026-06-27T05:17:00-07:00,35.06209316666666
1782562680,2026-06-27T05:18:00-07:00,35.06209316666666
1782562740,2026-06-27T05:19:00-07:00,35.06209316666666
1782562800,2026-06-27T05:20:00-07:00,35.06209316666666
1782562860,2026-06-27T05:21:00-07:00,35.06209316666666
1782562980,2026-06-27T05:23:00-07:00,41.06342933333333
1782563040,2026-06-27T05:24:00-07:00,41.06342933333333
1782563100,2026-06-27T05:25:00-07:00,41.06342933333333
1782563160,2026-06-27T05:26:00-07:00,41.06342933333333
1782563220,2026-06-27T05:27:00-07:00,41.06342933333333
1782563340,2026-06-27T05:29:00-07:00,66.52703849999999
1782563400,2026-06-27T05:30:00-07:00,66.52703849999999
1782563460,2026-06-27T05:31:00-07:00,66.52703849999999
1782563520,2026-06-27T05:32:00-07:00,66.52703849999999
1782563580,2026-06-27T05:33:00-07:00,66.52703849999999
1782563640,2026-06-27T05:34:00-07:00,71.50578466666667
1782563700,2026-06-27T05:35:00-07:00,71.50578466666667
1782563760,2026-06-27T05:36:00-07:00,71.50578466666667
1782563820,2026-06-27T05:37:00-07:00,71.50578466666667
1782563880,2026-06-27T05:38:00-07:00,71.50578466666667
1782563940,2026-06-27T05:39:00-07:00,67.813463
1782564000,2026-06-27T05:40:00-07:00,67.813463
1782564060,2026-06-27T05:41:00-07:00,67.813463
1782564120,2026-06-27T05:42:00-07:00,67.813463
1782564180,2026-06-27T05:43:00-07:00,67.813463
1782564240,2026-06-27T05:44:00-07:00,39.08254683333333
1782564300,2026-06-27T05:45:00-07:00,39.08254683333333
1782564360,2026-06-27T05:46:00-07:00,39.08254683333333
1782564420,2026-06-27T05:47:00-07:00,39.08254683333333
1782564480,2026-06-27T05:48:00-07:00,39.08254683333333
1782564540,2026-06-27T05:49:00-07:00,71.13608099999999
1782564600,2026-06-27T05:50:00-07:00,71.13608099999999
1782564660,2026-06-27T05:51:00-07:00,71.13608099999999
1782564720,2026-06-27T05:52:00-07:00,71.13608099999999
1782564780,2026-06-27T05:53:00-07:00,71.13608099999999
1782564900,2026-06-27T05:55:00-07:00,72.79494900000002
1782564960,2026-06-27T05:56:00-07:00,72.79494900000002
1782565020,2026-06-27T05:57:00-07:00,72.79494900000002
1782565080,2026-06-27T05:58:00-07:00,72.79494900000002
1782565140,2026-06-27T05:59:00-07:00,72.79494900000002
1782565200,2026-06-27T06:00:00-07:00,41.287157
1782565260,2026-06-27T06:01:00-07:00,41.287157
1782565320,2026-06-27T06:02:00-07:00,41.287157
1782565380,2026-06-27T06:03:00-07:00,41.287157
1782565440,2026-06-27T06:04:00-07:00,41.287157
1782565560,2026-06-27T06:06:00-07:00,36.642422
1782565620,2026-06-27T06:07:00-07:00,36.642422
1782565680,2026-06-27T06:08:00-07:00,36.642422
1782565740,2026-06-27T06:09:00-07:00,36.642422
1782565800,2026-06-27T06:10:00-07:00,36.642422
1782565860,2026-06-27T06:11:00-07:00,59.66742633333334
1782565920,2026-06-27T06:12:00-07:00,59.66742633333334
1782565980,2026-06-27T06:13:00-07:00,59.66742633333334
1782566040,2026-06-27T06:14:00-07:00,59.66742633333334
1782566100,2026-06-27T06:15:00-07:00,59.66742633333334
1782566160,2026-06-27T06:16:00-07:00,40.8631795
1782566220,2026-06-27T06:17:00-07:00,40.8631795
1782566280,2026-06-27T06:18:00-07:00,40.8631795
1782566340,2026-06-27T06:19:00-07:00,40.8631795
1782566400,2026-06-27T06:20:00-07:00,40.8631795
1782566460,2026-06-27T06:21:00-07:00,36.93935833333333
1782566520,2026-06-27T06:22:00-07:00,36.93935833333333
1782566580,2026-06-27T06:23:00-07:00,36.93935833333333
1782566640,2026-06-27T06:24:00-07:00,36.93935833333333
1782566700,2026-06-27T06:25:00-07:00,36.93935833333333
1782566820,2026-06-27T06:27:00-07:00,36.04800066666667
1782566880,2026-06-27T06:28:00-07:00,36.04800066666667
1782566940,2026-06-27T06:29:00-07:00,36.04800066666667
1782567000,2026-06-27T06:30:00-07:00,36.04800066666667
1782567060,2026-06-27T06:31:00-07:00,36.04800066666667
1782567120,2026-06-27T06:32:00-07:00,43.762376666666675
1782567180,2026-06-27T06:33:00-07:00,43.762376666666675
1782567240,2026-06-27T06:34:00-07:00,43.762376666666675
1782567300,2026-06-27T06:35:00-07:00,43.762376666666675
1782567360,2026-06-27T06:36:00-07:00,43.762376666666675
1782567480,2026-06-27T06:38:00-07:00,61.87112783333333
1782567540,2026-06-27T06:39:00-07:00,61.87112783333333
1782567600,2026-06-27T06:40:00-07:00,61.87112783333333
1782567660,2026-06-27T06:41:00-07:00,61.87112783333333
1782567720,2026-06-27T06:42:00-07:00,61.87112783333333
1782567840,2026-06-27T06:44:00-07:00,37.09056266666667
1782567900,2026-06-27T06:45:00-07:00,37.09056266666667
1782567960,2026-06-27T06:46:00-07:00,37.09056266666667
1782568020,2026-06-27T06:47:00-07:00,37.09056266666667
1782568080,2026-06-27T06:48:00-07:00,37.09056266666667
1782568140,2026-06-27T06:49:00-07:00,37.23935933333333
1782568200,2026-06-27T06:50:00-07:00,37.23935933333333
1782568260,2026-06-27T06:51:00-07:00,37.23935933333333
1782568320,2026-06-27T06:52:00-07:00,37.23935933333333
1782568380,2026-06-27T06:53:00-07:00,37.23935933333333
1782568500,2026-06-27T06:55:00-07:00,39.0956285
1782568560,2026-06-27T06:56:00-07:00,39.0956285
1782568620,2026-06-27T06:57:00-07:00,39.0956285
1782568680,2026-06-27T06:58:00-07:00,39.0956285
1782568740,2026-06-27T06:59:00-07:00,39.0956285
1782568800,2026-06-27T07:00:00-07:00,102.04345683333332
1782568860,2026-06-27T07:01:00-07:00,102.04345683333332
1782568920,2026-06-27T07:02:00-07:00,102.04345683333332
1782568980,2026-06-27T07:03:00-07:00,102.04345683333332
1782569040,2026-06-27T07:04:00-07:00,102.04345683333332
1782569100,2026-06-27T07:05:00-07:00,68.39269366666666
1782569160,2026-06-27T07:06:00-07:00,68.39269366666666
1782569220,2026-06-27T07:07:00-07:00,68.39269366666666
1782569280,2026-06-27T07:08:00-07:00,68.39269366666666
1782569340,2026-06-27T07:09:00-07:00,68.39269366666666
1782569460,2026-06-27T07:11:00-07:00,69.97363266666666
1782569520,2026-06-27T07:12:00-07:00,69.97363266666666
1782569580,2026-06-27T07:13:00-07:00,69.97363266666666
1782569640,2026-06-27T07:14:00-07:00,69.97363266666666
1782569700,2026-06-27T07:15:00-07:00,69.97363266666666
1782569760,2026-06-27T07:16:00-07:00,41.50449633333333
1782569820,2026-06-27T07:17:00-07:00,41.50449633333333
1782569880,2026-06-27T07:18:00-07:00,41.50449633333333
1782569940,2026-06-27T07:19:00-07:00,41.50449633333333
1782570000,2026-06-27T07:20:00-07:00,41.50449633333333
1782570060,2026-06-27T07:21:00-07:00,54.656622999999996
1782570120,2026-06-27T07:22:00-07:00,54.656622999999996
1782570180,2026-06-27T07:23:00-07:00,54.656622999999996
1782570240,2026-06-27T07:24:00-07:00,54.656622999999996
1782570300,2026-06-27T07:25:00-07:00,54.656622999999996
1782570420,2026-06-27T07:27:00-07:00,40.54733633333333
1782570480,2026-06-27T07:28:00-07:00,40.54733633333333
1782570540,2026-06-27T07:29:00-07:00,40.54733633333333
1782570600,2026-06-27T07:30:00-07:00,40.54733633333333
1782570660,2026-06-27T07:31:00-07:00,40.54733633333333
1782570780,2026-06-27T07:33:00-07:00,39.42445183333333
1782570840,2026-06-27T07:34:00-07:00,39.42445183333333
1782570900,2026-06-27T07:35:00-07:00,39.42445183333333
1782570960,2026-06-27T07:36:00-07:00,39.42445183333333
1782571020,2026-06-27T07:37:00-07:00,39.42445183333333
1782571080,2026-06-27T07:38:00-07:00,57.711513999999994
1782571140,2026-06-27T07:39:00-07:00,57.711513999999994
1782571200,2026-06-27T07:40:00-07:00,57.711513999999994
1782571260,2026-06-27T07:41:00-07:00,57.711513999999994
1782571320,2026-06-27T07:42:00-07:00,57.711513999999994
1782571380,2026-06-27T07:43:00-07:00,33.2887505
1782571440,2026-06-27T07:44:00-07:00,33.2887505
1782571500,2026-06-27T07:45:00-07:00,33.2887505
1782571560,2026-06-27T07:46:00-07:00,33.2887505
1782571620,2026-06-27T07:47:00-07:00,33.2887505
1782571680,2026-06-27T07:48:00-07:00,92.6832955
1782571740,2026-06-27T07:49:00-07:00,92.6832955
1782571800,2026-06-27T07:50:00-07:00,92.6832955
1782571860,2026-06-27T07:51:00-07:00,92.6832955
1782571920,2026-06-27T07:52:00-07:00,92.6832955
1782571980,2026-06-27T07:53:00-07:00,56.12285716666667
1782572040,2026-06-27T07:54:00-07:00,56.12285716666667
1782572100,2026-06-27T07:55:00-07:00,56.12285716666667
1782572160,2026-06-27T07:56:00-07:00,56.12285716666667
1782572220,2026-06-27T07:57:00-07:00,56.12285716666667
1782572280,2026-06-27T07:58:00-07:00,38.4255845
1782572340,2026-06-27T07:59:00-07:00,38.4255845
1782572400,2026-06-27T08:00:00-07:00,38.4255845
1782572460,2026-06-27T08:01:00-07:00,38.4255845
1782572520,2026-06-27T08:02:00-07:00,38.4255845
1782572580,2026-06-27T08:03:00-07:00,67.53447133333333
1782572640,2026-06-27T08:04:00-07:00,67.53447133333333
1782572700,2026-06-27T08:05:00-07:00,67.53447133333333
1782572760,2026-06-27T08:06:00-07:00,67.53447133333333
1782572820,2026-06-27T08:07:00-07:00,67.53447133333333
1782572940,2026-06-27T08:09:00-07:00,67.93806983333333
1782573000,2026-06-27T08:10:00-07:00,67.93806983333333
1782573060,2026-06-27T08:11:00-07:00,67.93806983333333
1782573120,2026-06-27T08:12:00-07:00,67.93806983333333
1782573180,2026-06-27T08:13:00-07:00,67.93806983333333
1782573240,2026-06-27T08:14:00-07:00,34.2389595
1782573300,2026-06-27T08:15:00-07:00,34.2389595
1782573360,2026-06-27T08:16:00-07:00,34.2389595
1782573420,2026-06-27T08:17:00-07:00,34.2389595
1782573480,2026-06-27T08:18:00-07:00,34.2389595
1782573600,2026-06-27T08:20:00-07:00,41.856757
1782573660,2026-06-27T08:21:00-07:00,41.856757
1782573720,2026-06-27T08:22:00-07:00,41.856757
1782573780,2026-06-27T08:23:00-07:00,41.856757
1782573840,2026-06-27T08:24:00-07:00,41.856757
1782573900,2026-06-27T08:25:00-07:00,35.3348455
1782573960,2026-06-27T08:26:00-07:00,35.3348455
1782574020,2026-06-27T08:27:00-07:00,35.3348455
1782574080,2026-06-27T08:28:00-07:00,35.3348455
1782574140,2026-06-27T08:29:00-07:00,35.3348455
1782574200,2026-06-27T08:30:00-07:00,66.811829
1782574260,2026-06-27T08:31:00-07:00,66.811829
1782574320,2026-06-27T08:32:00-07:00,66.811829
1782574380,2026-06-27T08:33:00-07:00,66.811829
1782574440,2026-06-27T08:34:00-07:00,66.811829
1782574500,2026-06-27T08:35:00-07:00,175.12313483333332
1782574560,2026-06-27T08:36:00-07:00,175.12313483333332
1782574620,2026-06-27T08:37:00-07:00,175.12313483333332
1782574680,2026-06-27T08:38:00-07:00,175.12313483333332
1782574740,2026-06-27T08:39:00-07:00,175.12313483333332
1782575280,2026-06-27T08:48:00-07:00,39.5735135
1782575340,2026-06-27T08:49:00-07:00,39.5735135
1782575400,2026-06-27T08:50:00-07:00,39.5735135
1782575460,2026-06-27T08:51:00-07:00,39.5735135
1782575520,2026-06-27T08:52:00-07:00,39.5735135
1782575640,2026-06-27T08:54:00-07:00,40.1094225
1782575700,2026-06-27T08:55:00-07:00,40.1094225
1782575760,2026-06-27T08:56:00-07:00,40.1094225
1782575820,2026-06-27T08:57:00-07:00,40.1094225
1782575880,2026-06-27T08:58:00-07:00,40.1094225
1782575940,2026-06-27T08:59:00-07:00,41.55301933333333
1782576000,2026-06-27T09:00:00-07:00,41.55301933333333
1782576060,2026-06-27T09:01:00-07:00,41.55301933333333
1782576120,2026-06-27T09:02:00-07:00,41.55301933333333
1782576180,2026-06-27T09:03:00-07:00,41.55301933333333
1782576300,2026-06-27T09:05:00-07:00,62.22682699999999
1782576360,2026-06-27T09:06:00-07:00,62.22682699999999
1782576420,2026-06-27T09:07:00-07:00,62.22682699999999
1782576480,2026-06-27T09:08:00-07:00,62.22682699999999
1782576540,2026-06-27T09:09:00-07:00,62.22682699999999
1782576600,2026-06-27T09:10:00-07:00,49.631903833333325
1782576660,2026-06-27T09:11:00-07:00,49.631903833333325
1782576720,2026-06-27T09:12:00-07:00,49.631903833333325
1782576780,2026-06-27T09:13:00-07:00,49.631903833333325
1782576840,2026-06-27T09:14:00-07:00,49.631903833333325
1782577800,2026-06-27T09:30:00-07:00,38.0695665
1782577860,2026-06-27T09:31:00-07:00,38.0695665
1782577920,2026-06-27T09:32:00-07:00,38.0695665
1782577980,2026-06-27T09:33:00-07:00,38.0695665
1782578040,2026-06-27T09:34:00-07:00,38.0695665
1782578280,2026-06-27T09:38:00-07:00,42.30657966666666
1782578340,2026-06-27T09:39:00-07:00,42.30657966666666
1782578400,2026-06-27T09:40:00-07:00,42.30657966666666
1782578460,2026-06-27T09:41:00-07:00,42.30657966666666
1782578520,2026-06-27T09:42:00-07:00,42.30657966666666
1782578580,2026-06-27T09:43:00-07:00,37.04064266666666
1782578640,2026-06-27T09:44:00-07:00,37.04064266666666
1782578700,2026-06-27T09:45:00-07:00,37.04064266666666
1782578760,2026-06-27T09:46:00-07:00,37.04064266666666
1782578820,2026-06-27T09:47:00-07:00,37.04064266666666
1782578880,2026-06-27T09:48:00-07:00,102.53462733333332
1782578940,2026-06-27T09:49:00-07:00,102.53462733333332
1782579000,2026-06-27T09:50:00-07:00,102.53462733333332
1782579060,2026-06-27T09:51:00-07:00,102.53462733333332
1782579120,2026-06-27T09:52:00-07:00,102.53462733333332
1782579480,2026-06-27T09:58:00-07:00,58.34155266666667
1782579540,2026-06-27T09:59:00-07:00,58.34155266666667
1782579600,2026-06-27T10:00:00-07:00,58.34155266666667
1782579660,2026-06-27T10:01:00-07:00,58.34155266666667
1782579720,2026-06-27T10:02:00-07:00,58.34155266666667
1782579840,2026-06-27T10:04:00-07:00,38.517062833333334
1782579900,2026-06-27T10:05:00-07:00,38.517062833333334
1782579960,2026-06-27T10:06:00-07:00,38.517062833333334
1782580020,2026-06-27T10:07:00-07:00,38.517062833333334
1782580080,2026-06-27T10:08:00-07:00,38.517062833333334
1782580140,2026-06-27T10:09:00-07:00,66.84125416666666
1782580200,2026-06-27T10:10:00-07:00,66.84125416666666
1782580260,2026-06-27T10:11:00-07:00,66.84125416666666
1782580320,2026-06-27T10:12:00-07:00,66.84125416666666
1782580380,2026-06-27T10:13:00-07:00,66.84125416666666
1782580500,2026-06-27T10:15:00-07:00,37.836934500000005
1782580560,2026-06-27T10:16:00-07:00,37.836934500000005
1782580620,2026-06-27T10:17:00-07:00,37.836934500000005
1782580680,2026-06-27T10:18:00-07:00,37.836934500000005
1782580740,2026-06-27T10:19:00-07:00,37.836934500000005
1782580920,2026-06-27T10:22:00-07:00,32.8923
1782580980,2026-06-27T10:23:00-07:00,32.8923
1782581040,2026-06-27T10:24:00-07:00,32.8923
1782581100,2026-06-27T10:25:00-07:00,32.8923
1782581160,2026-06-27T10:26:00-07:00,32.8923
1782582720,2026-06-27T10:52:00-07:00,38.528734166666666
1782582780,2026-06-27T10:53:00-07:00,38.528734166666666
1782582840,2026-06-27T10:54:00-07:00,38.528734166666666
1782582900,2026-06-27T10:55:00-07:00,38.528734166666666
1782582960,2026-06-27T10:56:00-07:00,38.528734166666666
1782583800,2026-06-27T11:10:00-07:00,73.70456266666667
1782583860,2026-06-27T11:11:00-07:00,73.70456266666667
1782583920,2026-06-27T11:12:00-07:00,73.70456266666667
1782583980,2026-06-27T11:13:00-07:00,73.70456266666667
1782584040,2026-06-27T11:14:00-07:00,73.70456266666667
1782584100,2026-06-27T11:15:00-07:00,25.261060999999998
1782584160,2026-06-27T11:16:00-07:00,25.261060999999998
1782584220,2026-06-27T11:17:00-07:00,25.261060999999998
1782584280,2026-06-27T11:18:00-07:00,25.261060999999998
1782584340,2026-06-27T11:19:00-07:00,25.261060999999998
1782584400,2026-06-27T11:20:00-07:00,26.37706183333333
1782584460,2026-06-27T11:21:00-07:00,26.37706183333333
1782584520,2026-06-27T11:22:00-07:00,26.37706183333333
1782584580,2026-06-27T11:23:00-07:00,26.37706183333333
1782584640,2026-06-27T11:24:00-07:00,26.37706183333333
1782584700,2026-06-27T11:25:00-07:00,31.431627000000002
1782584760,2026-06-27T11:26:00-07:00,31.431627000000002
1782584820,2026-06-27T11:27:00-07:00,31.431627000000002
1782584880,2026-06-27T11:28:00-07:00,31.431627000000002
1782584940,2026-06-27T11:29:00-07:00,31.431627000000002
1782585000,2026-06-27T11:30:00-07:00,32.000515666666665
1782585060,2026-06-27T11:31:00-07:00,32.000515666666665
1782585120,2026-06-27T11:32:00-07:00,32.000515666666665
1782585180,2026-06-27T11:33:00-07:00,32.000515666666665
1782585240,2026-06-27T11:34:00-07:00,32.000515666666665
1782585300,2026-06-27T11:35:00-07:00,19.243367666666668
1782585360,2026-06-27T11:36:00-07:00,19.243367666666668
1782585420,2026-06-27T11:37:00-07:00,19.243367666666668
1782585480,2026-06-27T11:38:00-07:00,19.243367666666668
1782585540,2026-06-27T11:39:00-07:00,19.243367666666668
1782585600,2026-06-27T11:40:00-07:00,75.53259983333334
1782585660,2026-06-27T11:41:00-07:00,75.53259983333334
1782585720,2026-06-27T11:42:00-07:00,75.53259983333334
1782585780,2026-06-27T11:43:00-07:00,75.53259983333334
1782585840,2026-06-27T11:44:00-07:00,75.53259983333334
1782585900,2026-06-27T11:45:00-07:00,25.708842
1782585960,2026-06-27T11:46:00-07:00,25.708842
1782586020,2026-06-27T11:47:00-07:00,25.708842
1782586080,2026-06-27T11:48:00-07:00,25.708842
1782586140,2026-06-27T11:49:00-07:00,25.708842
1782586560,2026-06-27T11:56:00-07:00,39.92333333333334
1782586620,2026-06-27T11:57:00-07:00,39.92333333333334
1782586680,2026-06-27T11:58:00-07:00,39.92333333333334
1782586740,2026-06-27T11:59:00-07:00,39.92333333333334
1782586800,2026-06-27T12:00:00-07:00,39.92333333333334
1782586860,2026-06-27T12:01:00-07:00,52.23940016666668
1782586920,2026-06-27T12:02:00-07:00,52.23940016666668
1782586980,2026-06-27T12:03:00-07:00,52.23940016666668
1782587040,2026-06-27T12:04:00-07:00,52.23940016666668
1782587100,2026-06-27T12:05:00-07:00,52.23940016666668
1782587520,2026-06-27T12:12:00-07:00,39.193935833333335
1782587580,2026-06-27T12:13:00-07:00,39.193935833333335
1782587640,2026-06-27T12:14:00-07:00,39.193935833333335
1782587700,2026-06-27T12:15:00-07:00,39.193935833333335
1782587760,2026-06-27T12:16:00-07:00,39.193935833333335
1782588180,2026-06-27T12:23:00-07:00,52.081705666666664
1782588240,2026-06-27T12:24:00-07:00,52.081705666666664
1782588300,2026-06-27T12:25:00-07:00,52.081705666666664
1782588360,2026-06-27T12:26:00-07:00,52.081705666666664
1782588420,2026-06-27T12:27:00-07:00,52.081705666666664
1782588540,2026-06-27T12:29:00-07:00,49.03415283333333
1782588600,2026-06-27T12:30:00-07:00,49.03415283333333
1782588660,2026-06-27T12:31:00-07:00,49.03415283333333
1782588720,2026-06-27T12:32:00-07:00,49.03415283333333
1782588780,2026-06-27T12:33:00-07:00,49.03415283333333
1782588840,2026-06-27T12:34:00-07:00,52.938659666666666
1782588900,2026-06-27T12:35:00-07:00,52.938659666666666
1782588960,2026-06-27T12:36:00-07:00,52.938659666666666
1782589020,2026-06-27T12:37:00-07:00,52.938659666666666
1782589080,2026-06-27T12:38:00-07:00,52.938659666666666
1782589200,2026-06-27T12:40:00-07:00,44.2997435
1782589260,2026-06-27T12:41:00-07:00,44.2997435
1782589320,2026-06-27T12:42:00-07:00,44.2997435
1782589380,2026-06-27T12:43:00-07:00,44.2997435
1782589440,2026-06-27T12:44:00-07:00,44.2997435
1782589500,2026-06-27T12:45:00-07:00,52.06650133333333
1782589560,2026-06-27T12:46:00-07:00,52.06650133333333
1782589620,2026-06-27T12:47:00-07:00,52.06650133333333
1782589680,2026-06-27T12:48:00-07:00,52.06650133333333
1782589740,2026-06-27T12:49:00-07:00,52.06650133333333
1782589860,2026-06-27T12:51:00-07:00,37.47610816666667
1782589920,2026-06-27T12:52:00-07:00,37.47610816666667
1782589980,2026-06-27T12:53:00-07:00,37.47610816666667
1782590040,2026-06-27T12:54:00-07:00,37.47610816666667
1782590100,2026-06-27T12:55:00-07:00,37.47610816666667
1782590160,2026-06-27T12:56:00-07:00,36.66303833333333
1782590220,2026-06-27T12:57:00-07:00,36.66303833333333
1782590280,2026-06-27T12:58:00-07:00,36.66303833333333
1782590340,2026-06-27T12:59:00-07:00,36.66303833333333
1782590400,2026-06-27T13:00:00-07:00,36.66303833333333
1782591000,2026-06-27T13:10:00-07:00,36.51495366666666
1782591060,2026-06-27T13:11:00-07:00,36.51495366666666
1782591120,2026-06-27T13:12:00-07:00,36.51495366666666
1782591180,2026-06-27T13:13:00-07:00,36.51495366666666
1782591240,2026-06-27T13:14:00-07:00,36.51495366666666
1782591300,2026-06-27T13:15:00-07:00,57.282124833333334
1782591360,2026-06-27T13:16:00-07:00,57.282124833333334
1782591420,2026-06-27T13:17:00-07:00,57.282124833333334
1782591480,2026-06-27T13:18:00-07:00,57.282124833333334
1782591540,2026-06-27T13:19:00-07:00,57.282124833333334
1782591660,2026-06-27T13:21:00-07:00,39.53332533333333
1782591720,2026-06-27T13:22:00-07:00,39.53332533333333
1782591780,2026-06-27T13:23:00-07:00,39.53332533333333
1782591840,2026-06-27T13:24:00-07:00,39.53332533333333
1782591900,2026-06-27T13:25:00-07:00,39.53332533333333
1782592020,2026-06-27T13:27:00-07:00,39.15700283333334
1782592080,2026-06-27T13:28:00-07:00,39.15700283333334
1782592140,2026-06-27T13:29:00-07:00,39.15700283333334
1782592200,2026-06-27T13:30:00-07:00,39.15700283333334
1782592260,2026-06-27T13:31:00-07:00,39.15700283333334
1782592380,2026-06-27T13:33:00-07:00,35.20407466666666
1782592440,2026-06-27T13:34:00-07:00,35.20407466666666
1782592500,2026-06-27T13:35:00-07:00,35.20407466666666
1782592560,2026-06-27T13:36:00-07:00,35.20407466666666
1782592620,2026-06-27T13:37:00-07:00,35.20407466666666
1782592800,2026-06-27T13:40:00-07:00,39.1606175
1782592860,2026-06-27T13:41:00-07:00,39.1606175
1782592920,2026-06-27T13:42:00-07:00,39.1606175
1782592980,2026-06-27T13:43:00-07:00,39.1606175
1782593040,2026-06-27T13:44:00-07:00,39.1606175
1782593100,2026-06-27T13:45:00-07:00,62.78803166666666
1782593160,2026-06-27T13:46:00-07:00,62.78803166666666
1782593220,2026-06-27T13:47:00-07:00,62.78803166666666
1782593280,2026-06-27T13:48:00-07:00,62.78803166666666
1782593340,2026-06-27T13:49:00-07:00,62.78803166666666
1782593460,2026-06-27T13:51:00-07:00,39.070237999999996
1782593520,2026-06-27T13:52:00-07:00,39.070237999999996
1782593580,2026-06-27T13:53:00-07:00,39.070237999999996
1782593640,2026-06-27T13:54:00-07:00,39.070237999999996
1782593700,2026-06-27T13:55:00-07:00,39.070237999999996
1782593820,2026-06-27T13:57:00-07:00,34.78955083333334
1782593880,2026-06-27T13:58:00-07:00,34.78955083333334
1782593940,2026-06-27T13:59:00-07:00,34.78955083333334
1782594000,2026-06-27T14:00:00-07:00,34.78955083333334
1782594060,2026-06-27T14:01:00-07:00,34.78955083333334
1782594240,2026-06-27T14:04:00-07:00,35.6410725
1782594300,2026-06-27T14:05:00-07:00,35.6410725
1782594360,2026-06-27T14:06:00-07:00,35.6410725
1782594420,2026-06-27T14:07:00-07:00,35.6410725
1782594480,2026-06-27T14:08:00-07:00,35.6410725
1782594600,2026-06-27T14:10:00-07:00,39.731994666666665
1782594660,2026-06-27T14:11:00-07:00,39.731994666666665
1782594720,2026-06-27T14:12:00-07:00,39.731994666666665
1782594780,2026-06-27T14:13:00-07:00,39.731994666666665
1782594840,2026-06-27T14:14:00-07:00,39.731994666666665
1782594900,2026-06-27T14:15:00-07:00,35.158955999999996
1782594960,2026-06-27T14:16:00-07:00,35.158955999999996
1782595020,2026-06-27T14:17:00-07:00,35.158955999999996
1782595080,2026-06-27T14:18:00-07:00,35.158955999999996
1782595140,2026-06-27T14:19:00-07:00,35.158955999999996
1782595320,2026-06-27T14:22:00-07:00,38.6495975
1782595380,2026-06-27T14:23:00-07:00,38.6495975
1782595440,2026-06-27T14:24:00-07:00,38.6495975
1782595500,2026-06-27T14:25:00-07:00,38.6495975
1782595560,2026-06-27T14:26:00-07:00,38.6495975
1782595680,2026-06-27T14:28:00-07:00,37.59488916666667
1782595740,2026-06-27T14:29:00-07:00,37.59488916666667
1782595800,2026-06-27T14:30:00-07:00,37.59488916666667
1782595860,2026-06-27T14:31:00-07:00,37.59488916666667
1782595920,2026-06-27T14:32:00-07:00,37.59488916666667
1782595980,2026-06-27T14:33:00-07:00,34.5004815
1782596040,2026-06-27T14:34:00-07:00,34.5004815
1782596100,2026-06-27T14:35:00-07:00,34.5004815
1782596160,2026-06-27T14:36:00-07:00,34.5004815
1782596220,2026-06-27T14:37:00-07:00,34.5004815
1782596280,2026-06-27T14:38:00-07:00,37.06923416666667
1782596340,2026-06-27T14:39:00-07:00,37.06923416666667
1782596400,2026-06-27T14:40:00-07:00,37.06923416666667
1782596460,2026-06-27T14:41:00-07:00,37.06923416666667
1782596520,2026-06-27T14:42:00-07:00,37.06923416666667
1782596700,2026-06-27T14:45:00-07:00,34.63680683333333
1782596760,2026-06-27T14:46:00-07:00,34.63680683333333
1782596820,2026-06-27T14:47:00-07:00,34.63680683333333
1782596880,2026-06-27T14:48:00-07:00,34.63680683333333
1782596940,2026-06-27T14:49:00-07:00,34.63680683333333
1782597060,2026-06-27T14:51:00-07:00,39.173122666666664
1782597120,2026-06-27T14:52:00-07:00,39.173122666666664
1782597180,2026-06-27T14:53:00-07:00,39.173122666666664
1782597240,2026-06-27T14:54:00-07:00,39.173122666666664
1782597300,2026-06-27T14:55:00-07:00,39.173122666666664
1782597360,2026-06-27T14:56:00-07:00,56.584072333333324
1782597420,2026-06-27T14:57:00-07:00,56.584072333333324
1782597480,2026-06-27T14:58:00-07:00,56.584072333333324
1782597540,2026-06-27T14:59:00-07:00,56.584072333333324
1782597600,2026-06-27T15:00:00-07:00,56.584072333333324
1782597660,2026-06-27T15:01:00-07:00,35.46900133333333
1782597720,2026-06-27T15:02:00-07:00,35.46900133333333
1782597780,2026-06-27T15:03:00-07:00,35.46900133333333
1782597840,2026-06-27T15:04:00-07:00,35.46900133333333
1782597900,2026-06-27T15:05:00-07:00,35.46900133333333
1782598020,2026-06-27T15:07:00-07:00,42.951490666666665
1782598080,2026-06-27T15:08:00-07:00,42.951490666666665
1782598140,2026-06-27T15:09:00-07:00,42.951490666666665
1782598200,2026-06-27T15:10:00-07:00,42.951490666666665
1782598260,2026-06-27T15:11:00-07:00,42.951490666666665
1782598380,2026-06-27T15:13:00-07:00,40.27941216666667
1782598440,2026-06-27T15:14:00-07:00,40.27941216666667
1782598500,2026-06-27T15:15:00-07:00,40.27941216666667
1782598560,2026-06-27T15:16:00-07:00,40.27941216666667
1782598620,2026-06-27T15:17:00-07:00,40.27941216666667
1782598740,2026-06-27T15:19:00-07:00,39.937099833333335
1782598800,2026-06-27T15:20:00-07:00,39.937099833333335
1782598860,2026-06-27T15:21:00-07:00,39.937099833333335
1782598920,2026-06-27T15:22:00-07:00,39.937099833333335
1782598980,2026-06-27T15:23:00-07:00,39.937099833333335
1782599100,2026-06-27T15:25:00-07:00,39.57465283333334
1782599160,2026-06-27T15:26:00-07:00,39.57465283333334
1782599220,2026-06-27T15:27:00-07:00,39.57465283333334
1782599280,2026-06-27T15:28:00-07:00,39.57465283333334
1782599340,2026-06-27T15:29:00-07:00,39.57465283333334
1782599460,2026-06-27T15:31:00-07:00,43.747118
1782599520,2026-06-27T15:32:00-07:00,43.747118
1782599580,2026-06-27T15:33:00-07:00,43.747118
1782599640,2026-06-27T15:34:00-07:00,43.747118
1782599700,2026-06-27T15:35:00-07:00,43.747118
1782599760,2026-06-27T15:36:00-07:00,34.116306
1782599820,2026-06-27T15:37:00-07:00,34.116306
1782599880,2026-06-27T15:38:00-07:00,34.116306
1782599940,2026-06-27T15:39:00-07:00,34.116306
1782600000,2026-06-27T15:40:00-07:00,34.116306
1782601740,2026-06-27T16:09:00-07:00,156.60072849999997
1782601800,2026-06-27T16:10:00-07:00,156.60072849999997
1782601860,2026-06-27T16:11:00-07:00,156.60072849999997
1782601920,2026-06-27T16:12:00-07:00,156.60072849999997
1782601980,2026-06-27T16:13:00-07:00,156.60072849999997
1782602820,2026-06-27T16:27:00-07:00,36.791056499999996
1782602880,2026-06-27T16:28:00-07:00,36.791056499999996
1782602940,2026-06-27T16:29:00-07:00,36.791056499999996
1782603000,2026-06-27T16:30:00-07:00,36.791056499999996
1782603060,2026-06-27T16:31:00-07:00,36.791056499999996
1782603480,2026-06-27T16:38:00-07:00,30.506144000000003
1782603540,2026-06-27T16:39:00-07:00,30.506144000000003
1782603600,2026-06-27T16:40:00-07:00,30.506144000000003
1782603660,2026-06-27T16:41:00-07:00,30.506144000000003
1782603720,2026-06-27T16:42:00-07:00,30.506144000000003
1782603780,2026-06-27T16:43:00-07:00,37.19143333333333
1782603840,2026-06-27T16:44:00-07:00,37.19143333333333
1782603900,2026-06-27T16:45:00-07:00,37.19143333333333
1782603960,2026-06-27T16:46:00-07:00,37.19143333333333
1782604020,2026-06-27T16:47:00-07:00,37.19143333333333
1782604440,2026-06-27T16:54:00-07:00,87.15252016666666
1782604500,2026-06-27T16:55:00-07:00,87.15252016666666
1782604560,2026-06-27T16:56:00-07:00,87.15252016666666
1782604620,2026-06-27T16:57:00-07:00,87.15252016666666
1782604680,2026-06-27T16:58:00-07:00,87.15252016666666
1782606120,2026-06-27T17:22:00-07:00,93.33603933333336
1782606180,2026-06-27T17:23:00-07:00,93.33603933333336
1782606240,2026-06-27T17:24:00-07:00,93.33603933333336
1782606300,2026-06-27T17:25:00-07:00,93.33603933333336
1782606360,2026-06-27T17:26:00-07:00,93.33603933333336
1782606540,2026-06-27T17:29:00-07:00,45.153428833333344
1782606600,2026-06-27T17:30:00-07:00,45.153428833333344
1782606660,2026-06-27T17:31:00-07:00,45.153428833333344
1782606720,2026-06-27T17:32:00-07:00,45.153428833333344
1782606780,2026-06-27T17:33:00-07:00,45.153428833333344
1782606900,2026-06-27T17:35:00-07:00,41.87467433333333
1782606960,2026-06-27T17:36:00-07:00,41.87467433333333
1782607020,2026-06-27T17:37:00-07:00,41.87467433333333
1782607080,2026-06-27T17:38:00-07:00,41.87467433333333
1782607140,2026-06-27T17:39:00-07:00,41.87467433333333
1782607320,2026-06-27T17:42:00-07:00,38.49268933333334
1782607380,2026-06-27T17:43:00-07:00,38.49268933333334
1782607440,2026-06-27T17:44:00-07:00,38.49268933333334
1782607500,2026-06-27T17:45:00-07:00,38.49268933333334
1782607560,2026-06-27T17:46:00-07:00,38.49268933333334
1782607620,2026-06-27T17:47:00-07:00,35.983181333333334
1782607680,2026-06-27T17:48:00-07:00,35.983181333333334
1782607740,2026-06-27T17:49:00-07:00,35.983181333333334
1782607800,2026-06-27T17:50:00-07:00,35.983181333333334
1782607860,2026-06-27T17:51:00-07:00,35.983181333333334
1782607980,2026-06-27T17:53:00-07:00,34.754068833333335
1782608040,2026-06-27T17:54:00-07:00,34.754068833333335
1782608100,2026-06-27T17:55:00-07:00,34.754068833333335
1782608160,2026-06-27T17:56:00-07:00,34.754068833333335
1782608220,2026-06-27T17:57:00-07:00,34.754068833333335
1782608340,2026-06-27T17:59:00-07:00,108.54851599999999
1782608400,2026-06-27T18:00:00-07:00,108.54851599999999
1782608460,2026-06-27T18:01:00-07:00,108.54851599999999
1782608520,2026-06-27T18:02:00-07:00,108.54851599999999
1782608580,2026-06-27T18:03:00-07:00,108.54851599999999
1782610380,2026-06-27T18:33:00-07:00,37.3763695
1782610440,2026-06-27T18:34:00-07:00,37.3763695
1782610500,2026-06-27T18:35:00-07:00,37.3763695
1782610560,2026-06-27T18:36:00-07:00,37.3763695
1782610620,2026-06-27T18:37:00-07:00,37.3763695
1782610680,2026-06-27T18:38:00-07:00,39.621026
1782610740,2026-06-27T18:39:00-07:00,39.621026
1782610800,2026-06-27T18:40:00-07:00,39.621026
1782610860,2026-06-27T18:41:00-07:00,39.621026
1782610920,2026-06-27T18:42:00-07:00,39.621026
1782611040,2026-06-27T18:44:00-07:00,306.0248686666667
1782611100,2026-06-27T18:45:00-07:00,306.0248686666667
1782611160,2026-06-27T18:46:00-07:00,306.0248686666667
1782611220,2026-06-27T18:47:00-07:00,306.0248686666667
1782611280,2026-06-27T18:48:00-07:00,306.0248686666667
1782611340,2026-06-27T18:49:00-07:00,42.09711383333333
1782611400,2026-06-27T18:50:00-07:00,42.09711383333333
1782611460,2026-06-27T18:51:00-07:00,42.09711383333333
1782611520,2026-06-27T18:52:00-07:00,42.09711383333333
1782611580,2026-06-27T18:53:00-07:00,42.09711383333333
1782611640,2026-06-27T18:54:00-07:00,72.36878766666668
1782611700,2026-06-27T18:55:00-07:00,72.36878766666668
1782611760,2026-06-27T18:56:00-07:00,72.36878766666668
1782611820,2026-06-27T18:57:00-07:00,72.36878766666668
1782611880,2026-06-27T18:58:00-07:00,72.36878766666668
1782612000,2026-06-27T19:00:00-07:00,36.990336
1782612060,2026-06-27T19:01:00-07:00,36.990336
1782612120,2026-06-27T19:02:00-07:00,36.990336
1782612180,2026-06-27T19:03:00-07:00,36.990336
1782612240,2026-06-27T19:04:00-07:00,36.990336
1782612300,2026-06-27T19:05:00-07:00,39.798021166666665
1782612360,2026-06-27T19:06:00-07:00,39.798021166666665
1782612420,2026-06-27T19:07:00-07:00,39.798021166666665
1782612480,2026-06-27T19:08:00-07:00,39.798021166666665
1782612540,2026-06-27T19:09:00-07:00,39.798021166666665
1782612660,2026-06-27T19:11:00-07:00,37.611490833333335
1782612720,2026-06-27T19:12:00-07:00,37.611490833333335
1782612780,2026-06-27T19:13:00-07:00,37.611490833333335
1782612840,2026-06-27T19:14:00-07:00,37.611490833333335
1782612900,2026-06-27T19:15:00-07:00,37.611490833333335
1782613020,2026-06-27T19:17:00-07:00,35.53135866666667
1782613080,2026-06-27T19:18:00-07:00,35.53135866666667
1782613140,2026-06-27T19:19:00-07:00,35.53135866666667
1782613200,2026-06-27T19:20:00-07:00,35.53135866666667
1782613260,2026-06-27T19:21:00-07:00,35.53135866666667
1782613320,2026-06-27T19:22:00-07:00,58.49778933333334
1782613380,2026-06-27T19:23:00-07:00,58.49778933333334
1782613440,2026-06-27T19:24:00-07:00,58.49778933333334
1782613500,2026-06-27T19:25:00-07:00,58.49778933333334
1782613560,2026-06-27T19:26:00-07:00,58.49778933333334
1782613680,2026-06-27T19:28:00-07:00,89.80628833333334
1782613740,2026-06-27T19:29:00-07:00,89.80628833333334
1782613800,2026-06-27T19:30:00-07:00,89.80628833333334
1782613860,2026-06-27T19:31:00-07:00,89.80628833333334
1782613920,2026-06-27T19:32:00-07:00,89.80628833333334
1782614100,2026-06-27T19:35:00-07:00,38.890617999999996
1782614160,2026-06-27T19:36:00-07:00,38.890617999999996
1782614220,2026-06-27T19:37:00-07:00,38.890617999999996
1782614280,2026-06-27T19:38:00-07:00,38.890617999999996
1782614340,2026-06-27T19:39:00-07:00,38.890617999999996
1782614460,2026-06-27T19:41:00-07:00,40.751966833333334
1782614520,2026-06-27T19:42:00-07:00,40.751966833333334
1782614580,2026-06-27T19:43:00-07:00,40.751966833333334
1782614640,2026-06-27T19:44:00-07:00,40.751966833333334
1782614700,2026-06-27T19:45:00-07:00,40.751966833333334
1782614820,2026-06-27T19:47:00-07:00,37.32391366666666
1782614880,2026-06-27T19:48:00-07:00,37.32391366666666
1782614940,2026-06-27T19:49:00-07:00,37.32391366666666
1782615000,2026-06-27T19:50:00-07:00,37.32391366666666
1782615060,2026-06-27T19:51:00-07:00,37.32391366666666
1782615120,2026-06-27T19:52:00-07:00,40.84853783333333
1782615180,2026-06-27T19:53:00-07:00,40.84853783333333
1782615240,2026-06-27T19:54:00-07:00,40.84853783333333
1782615300,2026-06-27T19:55:00-07:00,40.84853783333333
1782615360,2026-06-27T19:56:00-07:00,40.84853783333333
1782615420,2026-06-27T19:57:00-07:00,46.5008075
1782615480,2026-06-27T19:58:00-07:00,46.5008075
1782615540,2026-06-27T19:59:00-07:00,46.5008075
1782615600,2026-06-27T20:00:00-07:00,46.5008075
1782615660,2026-06-27T20:01:00-07:00,46.5008075
1782615780,2026-06-27T20:03:00-07:00,56.11992733333333
1782615840,2026-06-27T20:04:00-07:00,56.11992733333333
1782615900,2026-06-27T20:05:00-07:00,56.11992733333333
1782615960,2026-06-27T20:06:00-07:00,56.11992733333333
1782616020,2026-06-27T20:07:00-07:00,56.11992733333333
1782616140,2026-06-27T20:09:00-07:00,37.515394666666666
1782616200,2026-06-27T20:10:00-07:00,37.515394666666666
1782616260,2026-06-27T20:11:00-07:00,37.515394666666666
1782616320,2026-06-27T20:12:00-07:00,37.515394666666666
1782616380,2026-06-27T20:13:00-07:00,37.515394666666666
1782616560,2026-06-27T20:16:00-07:00,82.57924416666667
1782616620,2026-06-27T20:17:00-07:00,82.57924416666667
1782616680,2026-06-27T20:18:00-07:00,82.57924416666667
1782616740,2026-06-27T20:19:00-07:00,82.57924416666667
1782616800,2026-06-27T20:20:00-07:00,82.57924416666667
1782616920,2026-06-27T20:22:00-07:00,37.18767616666667
1782616980,2026-06-27T20:23:00-07:00,37.18767616666667
1782617040,2026-06-27T20:24:00-07:00,37.18767616666667
1782617100,2026-06-27T20:25:00-07:00,37.18767616666667
1782617160,2026-06-27T20:26:00-07:00,37.18767616666667
1782617280,2026-06-27T20:28:00-07:00,38.602444
1782617340,2026-06-27T20:29:00-07:00,38.602444
1782617400,2026-06-27T20:30:00-07:00,38.602444
1782617460,2026-06-27T20:31:00-07:00,38.602444
1782617520,2026-06-27T20:32:00-07:00,38.602444
1782617760,2026-06-27T20:36:00-07:00,41.67174616666667
1782617820,2026-06-27T20:37:00-07:00,41.67174616666667
1782617880,2026-06-27T20:38:00-07:00,41.67174616666667
1782617940,2026-06-27T20:39:00-07:00,41.67174616666667
1782618000,2026-06-27T20:40:00-07:00,41.67174616666667
1782618180,2026-06-27T20:43:00-07:00,42.27338333333333
1782618240,2026-06-27T20:44:00-07:00,42.27338333333333
1782618300,2026-06-27T20:45:00-07:00,42.27338333333333
1782618360,2026-06-27T20:46:00-07:00,42.27338333333333
1782618420,2026-06-27T20:47:00-07:00,42.27338333333333
1782618480,2026-06-27T20:48:00-07:00,41.62352833333333
1782618540,2026-06-27T20:49:00-07:00,41.62352833333333
1782618600,2026-06-27T20:50:00-07:00,41.62352833333333
1782618660,2026-06-27T20:51:00-07:00,41.62352833333333
1782618720,2026-06-27T20:52:00-07:00,41.62352833333333
1782618780,2026-06-27T20:53:00-07:00,72.89245633333333
1782618840,2026-06-27T20:54:00-07:00,72.89245633333333
1782618900,2026-06-27T20:55:00-07:00,72.89245633333333
1782618960,2026-06-27T20:56:00-07:00,72.89245633333333
1782619020,2026-06-27T20:57:00-07:00,72.89245633333333
1782619200,2026-06-27T21:00:00-07:00,42.60586216666667
1782619260,2026-06-27T21:01:00-07:00,42.60586216666667
1782619320,2026-06-27T21:02:00-07:00,42.60586216666667
1782619380,2026-06-27T21:03:00-07:00,42.60586216666667
1782619440,2026-06-27T21:04:00-07:00,42.60586216666667
1782619500,2026-06-27T21:05:00-07:00,65.34941966666666
1782619560,2026-06-27T21:06:00-07:00,65.34941966666666
1782619620,2026-06-27T21:07:00-07:00,65.34941966666666
1782619680,2026-06-27T21:08:00-07:00,65.34941966666666
1782619740,2026-06-27T21:09:00-07:00,65.34941966666666
1782619800,2026-06-27T21:10:00-07:00,58.030015999999996
1782619860,2026-06-27T21:11:00-07:00,58.030015999999996
1782619920,2026-06-27T21:12:00-07:00,58.030015999999996
1782619980,2026-06-27T21:13:00-07:00,58.030015999999996
1782620040,2026-06-27T21:14:00-07:00,58.030015999999996
1782620100,2026-06-27T21:15:00-07:00,40.29922833333333
1782620160,2026-06-27T21:16:00-07:00,40.29922833333333
1782620220,2026-06-27T21:17:00-07:00,40.29922833333333
1782620280,2026-06-27T21:18:00-07:00,40.29922833333333
1782620340,2026-06-27T21:19:00-07:00,40.29922833333333
1782620400,2026-06-27T21:20:00-07:00,99.13886166666667
1782620460,2026-06-27T21:21:00-07:00,99.13886166666667
1782620520,2026-06-27T21:22:00-07:00,99.13886166666667
1782620580,2026-06-27T21:23:00-07:00,99.13886166666667
1782620640,2026-06-27T21:24:00-07:00,99.13886166666667
1782620700,2026-06-27T21:25:00-07:00,35.37358266666667
1782620760,2026-06-27T21:26:00-07:00,35.37358266666667
1782620820,2026-06-27T21:27:00-07:00,35.37358266666667
1782620880,2026-06-27T21:28:00-07:00,35.37358266666667
1782620940,2026-06-27T21:29:00-07:00,35.37358266666667
1782621000,2026-06-27T21:30:00-07:00,73.0073785
1782621060,2026-06-27T21:31:00-07:00,73.0073785
1782621120,2026-06-27T21:32:00-07:00,73.0073785
1782621180,2026-06-27T21:33:00-07:00,73.0073785
1782621240,2026-06-27T21:34:00-07:00,73.0073785
1782621300,2026-06-27T21:35:00-07:00,167.54602083333336
1782621360,2026-06-27T21:36:00-07:00,167.54602083333336
1782621420,2026-06-27T21:37:00-07:00,167.54602083333336
1782621480,2026-06-27T21:38:00-07:00,167.54602083333336
1782621540,2026-06-27T21:39:00-07:00,167.54602083333336
1782621600,2026-06-27T21:40:00-07:00,34.38205966666666
1782621660,2026-06-27T21:41:00-07:00,34.38205966666666
1782621720,2026-06-27T21:42:00-07:00,34.38205966666666
1782621780,2026-06-27T21:43:00-07:00,34.38205966666666
1782621840,2026-06-27T21:44:00-07:00,34.38205966666666
1782621900,2026-06-27T21:45:00-07:00,67.52173549999999
1782621960,2026-06-27T21:46:00-07:00,67.52173549999999
1782622020,2026-06-27T21:47:00-07:00,67.52173549999999
1782622080,2026-06-27T21:48:00-07:00,67.52173549999999
1782622140,2026-06-27T21:49:00-07:00,67.52173549999999
1782622200,2026-06-27T21:50:00-07:00,66.89617249999999
1782622260,2026-06-27T21:51:00-07:00,66.89617249999999
1782622320,2026-06-27T21:52:00-07:00,66.89617249999999
1782622380,2026-06-27T21:53:00-07:00,66.89617249999999
1782622440,2026-06-27T21:54:00-07:00,66.89617249999999
1782622560,2026-06-27T21:56:00-07:00,36.4886205
1782622620,2026-06-27T21:57:00-07:00,36.4886205
1782622680,2026-06-27T21:58:00-07:00,36.4886205
1782622740,2026-06-27T21:59:00-07:00,36.4886205
1782622800,2026-06-27T22:00:00-07:00,36.4886205
1782622860,2026-06-27T22:01:00-07:00,70.26313633333334
1782622920,2026-06-27T22:02:00-07:00,70.26313633333334
1782622980,2026-06-27T22:03:00-07:00,70.26313633333334
1782623040,2026-06-27T22:04:00-07:00,70.26313633333334
1782623100,2026-06-27T22:05:00-07:00,70.26313633333334
1782623160,2026-06-27T22:06:00-07:00,53.27975116666667
1782623220,2026-06-27T22:07:00-07:00,53.27975116666667
1782623280,2026-06-27T22:08:00-07:00,53.27975116666667
1782623340,2026-06-27T22:09:00-07:00,53.27975116666667
1782623400,2026-06-27T22:10:00-07:00,53.27975116666667
1782623460,2026-06-27T22:11:00-07:00,65.05249733333333
1782623520,2026-06-27T22:12:00-07:00,65.05249733333333
1782623580,2026-06-27T22:13:00-07:00,65.05249733333333
1782623640,2026-06-27T22:14:00-07:00,65.05249733333333
1782623700,2026-06-27T22:15:00-07:00,65.05249733333333
1782623760,2026-06-27T22:16:00-07:00,68.70344383333334
1782623820,2026-06-27T22:17:00-07:00,68.70344383333334
1782623880,2026-06-27T22:18:00-07:00,68.70344383333334
1782623940,2026-06-27T22:19:00-07:00,68.70344383333334
1782624000,2026-06-27T22:20:00-07:00,68.70344383333334
1782624060,2026-06-27T22:21:00-07:00,53.336636166666665
1782624120,2026-06-27T22:22:00-07:00,53.336636166666665
1782624180,2026-06-27T22:23:00-07:00,53.336636166666665
1782624240,2026-06-27T22:24:00-07:00,53.336636166666665
1782624300,2026-06-27T22:25:00-07:00,53.336636166666665
1782624420,2026-06-27T22:27:00-07:00,70.60274249999999
1782624480,2026-06-27T22:28:00-07:00,70.60274249999999
1782624540,2026-06-27T22:29:00-07:00,70.60274249999999
1782624600,2026-06-27T22:30:00-07:00,70.60274249999999
1782624660,2026-06-27T22:31:00-07:00,70.60274249999999
1782624720,2026-06-27T22:32:00-07:00,38.74720583333333
1782624780,2026-06-27T22:33:00-07:00,38.74720583333333
1782624840,2026-06-27T22:34:00-07:00,38.74720583333333
1782624900,2026-06-27T22:35:00-07:00,38.74720583333333
1782624960,2026-06-27T22:36:00-07:00,38.74720583333333
1782625020,2026-06-27T22:37:00-07:00,60.73175066666667
1782625080,2026-06-27T22:38:00-07:00,60.73175066666667
1782625140,2026-06-27T22:39:00-07:00,60.73175066666667
1782625200,2026-06-27T22:40:00-07:00,60.73175066666667
1782625260,2026-06-27T22:41:00-07:00,60.73175066666667
1782625320,2026-06-27T22:42:00-07:00,83.59212233333334
1782625380,2026-06-27T22:43:00-07:00,83.59212233333334
1782625440,2026-06-27T22:44:00-07:00,83.59212233333334
1782625500,2026-06-27T22:45:00-07:00,83.59212233333334
1782625560,2026-06-27T22:46:00-07:00,83.59212233333334
1782625680,2026-06-27T22:48:00-07:00,65.67578133333333
1782625740,2026-06-27T22:49:00-07:00,65.67578133333333
1782625800,2026-06-27T22:50:00-07:00,65.67578133333333
1782625860,2026-06-27T22:51:00-07:00,65.67578133333333
1782625920,2026-06-27T22:52:00-07:00,65.67578133333333
1782625980,2026-06-27T22:53:00-07:00,65.3026125
1782626040,2026-06-27T22:54:00-07:00,65.3026125
1782626100,2026-06-27T22:55:00-07:00,65.3026125
1782626160,2026-06-27T22:56:00-07:00,65.3026125
1782626220,2026-06-27T22:57:00-07:00,65.3026125
1782626280,2026-06-27T22:58:00-07:00,67.70158550000001
1782626340,2026-06-27T22:59:00-07:00,67.70158550000001
1782626400,2026-06-27T23:00:00-07:00,67.70158550000001
1782626460,2026-06-27T23:01:00-07:00,67.70158550000001
1782626520,2026-06-27T23:02:00-07:00,67.70158550000001
1782626580,2026-06-27T23:03:00-07:00,37.266431833333336
1782626640,2026-06-27T23:04:00-07:00,37.266431833333336
1782626700,2026-06-27T23:05:00-07:00,37.266431833333336
1782626760,2026-06-27T23:06:00-07:00,37.266431833333336
1782626820,2026-06-27T23:07:00-07:00,37.266431833333336
1782626880,2026-06-27T23:08:00-07:00,66.40051933333334
1782626940,2026-06-27T23:09:00-07:00,66.40051933333334
1782627000,2026-06-27T23:10:00-07:00,66.40051933333334
1782627060,2026-06-27T23:11:00-07:00,66.40051933333334
1782627120,2026-06-27T23:12:00-07:00,66.40051933333334
1782627180,2026-06-27T23:13:00-07:00,68.11610233333334
1782627240,2026-06-27T23:14:00-07:00,68.11610233333334
1782627300,2026-06-27T23:15:00-07:00,68.11610233333334
1782627360,2026-06-27T23:16:00-07:00,68.11610233333334
1782627420,2026-06-27T23:17:00-07:00,68.11610233333334
1782627540,2026-06-27T23:19:00-07:00,35.8930665
1782627600,2026-06-27T23:20:00-07:00,35.8930665
1782627660,2026-06-27T23:21:00-07:00,35.8930665
1782627720,2026-06-27T23:22:00-07:00,35.8930665
1782627780,2026-06-27T23:23:00-07:00,35.8930665
1782627840,2026-06-27T23:24:00-07:00,66.54239233333334
1782627900,2026-06-27T23:25:00-07:00,66.54239233333334
1782627960,2026-06-27T23:26:00-07:00,66.54239233333334
1782628020,2026-06-27T23:27:00-07:00,66.54239233333334
1782628080,2026-06-27T23:28:00-07:00,66.54239233333334
1782628140,2026-06-27T23:29:00-07:00,69.21392133333335
1782628200,2026-06-27T23:30:00-07:00,69.21392133333335
1782628260,2026-06-27T23:31:00-07:00,69.21392133333335
1782628320,2026-06-27T23:32:00-07:00,69.21392133333335
1782628380,2026-06-27T23:33:00-07:00,69.21392133333335
1782628440,2026-06-27T23:34:00-07:00,63.5456475
1782628500,2026-06-27T23:35:00-07:00,63.5456475
1782628560,2026-06-27T23:36:00-07:00,63.5456475
1782628620,2026-06-27T23:37:00-07:00,63.5456475
1782628680,2026-06-27T23:38:00-07:00,63.5456475
1782628740,2026-06-27T23:39:00-07:00,62.7633735
1782628800,2026-06-27T23:40:00-07:00,62.7633735
1782628860,2026-06-27T23:41:00-07:00,62.7633735
1782628920,2026-06-27T23:42:00-07:00,62.7633735
1782628980,2026-06-27T23:43:00-07:00,62.7633735
1782629040,2026-06-27T23:44:00-07:00,37.654852999999996
1782629100,2026-06-27T23:45:00-07:00,37.654852999999996
1782629160,2026-06-27T23:46:00-07:00,37.654852999999996
1782629220,2026-06-27T23:47:00-07:00,37.654852999999996
1782629280,2026-06-27T23:48:00-07:00,37.654852999999996
1782629340,2026-06-27T23:49:00-07:00,69.49067516666668
1782629400,2026-06-27T23:50:00-07:00,69.49067516666668
1782629460,2026-06-27T23:51:00-07:00,69.49067516666668
1782629520,2026-06-27T23:52:00-07:00,69.49067516666668
1782629580,2026-06-27T23:53:00-07:00,69.49067516666668
1782629640,2026-06-27T23:54:00-07:00,49.667466999999995
1782629700,2026-06-27T23:55:00-07:00,49.667466999999995
1782629760,2026-06-27T23:56:00-07:00,49.667466999999995
1782629820,2026-06-27T23:57:00-07:00,49.667466999999995
1782629880,2026-06-27T23:58:00-07:00,49.667466999999995
1782630000,2026-06-28T00:00:00-07:00,64.92850750000001
1782630060,2026-06-28T00:01:00-07:00,64.92850750000001
1782630120,2026-06-28T00:02:00-07:00,64.92850750000001
1782630180,2026-06-28T00:03:00-07:00,64.92850750000001
1782630240,2026-06-28T00:04:00-07:00,64.92850750000001
1782630300,2026-06-28T00:05:00-07:00,64.04943133333333
1782630360,2026-06-28T00:06:00-07:00,64.04943133333333
1782630420,2026-06-28T00:07:00-07:00,64.04943133333333
1782630480,2026-06-28T00:08:00-07:00,64.04943133333333
1782630540,2026-06-28T00:09:00-07:00,64.04943133333333
1782630600,2026-06-28T00:10:00-07:00,71.64784066666667
1782630660,2026-06-28T00:11:00-07:00,71.64784066666667
1782630720,2026-06-28T00:12:00-07:00,71.64784066666667
1782630780,2026-06-28T00:13:00-07:00,71.64784066666667
1782630840,2026-06-28T00:14:00-07:00,71.64784066666667
1782630900,2026-06-28T00:15:00-07:00,34.77957516666667
1782630960,2026-06-28T00:16:00-07:00,34.77957516666667
1782631020,2026-06-28T00:17:00-07:00,34.77957516666667
1782631080,2026-06-28T00:18:00-07:00,34.77957516666667
1782631140,2026-06-28T00:19:00-07:00,34.77957516666667
1782631200,2026-06-28T00:20:00-07:00,63.55476166666667
1782631260,2026-06-28T00:21:00-07:00,63.55476166666667
1782631320,2026-06-28T00:22:00-07:00,63.55476166666667
1782631380,2026-06-28T00:23:00-07:00,63.55476166666667
1782631440,2026-06-28T00:24:00-07:00,63.55476166666667
1782631500,2026-06-28T00:25:00-07:00,68.47989216666667
1782631560,2026-06-28T00:26:00-07:00,68.47989216666667
1782631620,2026-06-28T00:27:00-07:00,68.47989216666667
1782631680,2026-06-28T00:28:00-07:00,68.47989216666667
1782631740,2026-06-28T00:29:00-07:00,68.47989216666667
1782631800,2026-06-28T00:30:00-07:00,37.5505305
1782631860,2026-06-28T00:31:00-07:00,37.5505305
1782631920,2026-06-28T00:32:00-07:00,37.5505305
1782631980,2026-06-28T00:33:00-07:00,37.5505305
1782632040,2026-06-28T00:34:00-07:00,37.5505305
1782632100,2026-06-28T00:35:00-07:00,55.07005533333333
1782632160,2026-06-28T00:36:00-07:00,55.07005533333333
1782632220,2026-06-28T00:37:00-07:00,55.07005533333333
1782632280,2026-06-28T00:38:00-07:00,55.07005533333333
1782632340,2026-06-28T00:39:00-07:00,55.07005533333333
1782632400,2026-06-28T00:40:00-07:00,37.3673165
1782632460,2026-06-28T00:41:00-07:00,37.3673165
1782632520,2026-06-28T00:42:00-07:00,37.3673165
1782632580,2026-06-28T00:43:00-07:00,37.3673165
1782632640,2026-06-28T00:44:00-07:00,37.3673165
1782632700,2026-06-28T00:45:00-07:00,66.67176683333334
1782632760,2026-06-28T00:46:00-07:00,66.67176683333334
1782632820,2026-06-28T00:47:00-07:00,66.67176683333334
1782632880,2026-06-28T00:48:00-07:00,66.67176683333334
1782632940,2026-06-28T00:49:00-07:00,66.67176683333334
1782633060,2026-06-28T00:51:00-07:00,51.697835166666664
1782633120,2026-06-28T00:52:00-07:00,51.697835166666664
1782633180,2026-06-28T00:53:00-07:00,51.697835166666664
1782633240,2026-06-28T00:54:00-07:00,51.697835166666664
1782633300,2026-06-28T00:55:00-07:00,51.697835166666664
1782633360,2026-06-28T00:56:00-07:00,39.04151766666667
1782633420,2026-06-28T00:57:00-07:00,39.04151766666667
1782633480,2026-06-28T00:58:00-07:00,39.04151766666667
1782633540,2026-06-28T00:59:00-07:00,39.04151766666667
1782633600,2026-06-28T01:00:00-07:00,39.04151766666667
1782633660,2026-06-28T01:01:00-07:00,66.08312983333333
1782633720,2026-06-28T01:02:00-07:00,66.08312983333333
1782633780,2026-06-28T01:03:00-07:00,66.08312983333333
1782633840,2026-06-28T01:04:00-07:00,66.08312983333333
1782633900,2026-06-28T01:05:00-07:00,66.08312983333333
1782633960,2026-06-28T01:06:00-07:00,67.10864249999999
1782634020,2026-06-28T01:07:00-07:00,67.10864249999999
1782634080,2026-06-28T01:08:00-07:00,67.10864249999999
1782634140,2026-06-28T01:09:00-07:00,67.10864249999999
1782634200,2026-06-28T01:10:00-07:00,67.10864249999999
1782634260,2026-06-28T01:11:00-07:00,37.193196333333326
1782634320,2026-06-28T01:12:00-07:00,37.193196333333326
1782634380,2026-06-28T01:13:00-07:00,37.193196333333326
1782634440,2026-06-28T01:14:00-07:00,37.193196333333326
1782634500,2026-06-28T01:15:00-07:00,37.193196333333326
1782634560,2026-06-28T01:16:00-07:00,72.2446085
1782634620,2026-06-28T01:17:00-07:00,72.2446085
1782634680,2026-06-28T01:18:00-07:00,72.2446085
1782634740,2026-06-28T01:19:00-07:00,72.2446085
1782634800,2026-06-28T01:20:00-07:00,72.2446085
1782634860,2026-06-28T01:21:00-07:00,65.55428716666667
1782634920,2026-06-28T01:22:00-07:00,65.55428716666667
1782634980,2026-06-28T01:23:00-07:00,65.55428716666667
1782635040,2026-06-28T01:24:00-07:00,65.55428716666667
1782635100,2026-06-28T01:25:00-07:00,65.55428716666667
1782635220,2026-06-28T01:27:00-07:00,40.84159383333333
1782635280,2026-06-28T01:28:00-07:00,40.84159383333333
1782635340,2026-06-28T01:29:00-07:00,40.84159383333333
1782635400,2026-06-28T01:30:00-07:00,40.84159383333333
1782635460,2026-06-28T01:31:00-07:00,40.84159383333333
1782635520,2026-06-28T01:32:00-07:00,67.0619305
1782635580,2026-06-28T01:33:00-07:00,67.0619305
1782635640,2026-06-28T01:34:00-07:00,67.0619305
1782635700,2026-06-28T01:35:00-07:00,67.0619305
1782635760,2026-06-28T01:36:00-07:00,67.0619305
1782635820,2026-06-28T01:37:00-07:00,73.85670316666666
1782635880,2026-06-28T01:38:00-07:00,73.85670316666666
1782635940,2026-06-28T01:39:00-07:00,73.85670316666666
1782636000,2026-06-28T01:40:00-07:00,73.85670316666666
1782636060,2026-06-28T01:41:00-07:00,73.85670316666666
1782636120,2026-06-28T01:42:00-07:00,48.084005
1782636180,2026-06-28T01:43:00-07:00,48.084005
1782636240,2026-06-28T01:44:00-07:00,48.084005
1782636300,2026-06-28T01:45:00-07:00,48.084005
1782636360,2026-06-28T01:46:00-07:00,48.084005
1782636420,2026-06-28T01:47:00-07:00,35.331380333333335
1782636480,2026-06-28T01:48:00-07:00,35.331380333333335
1782636540,2026-06-28T01:49:00-07:00,35.331380333333335
1782636600,2026-06-28T01:50:00-07:00,35.331380333333335
1782636660,2026-06-28T01:51:00-07:00,35.331380333333335
1782636720,2026-06-28T01:52:00-07:00,35.273118833333335
1782636780,2026-06-28T01:53:00-07:00,35.273118833333335
1782636840,2026-06-28T01:54:00-07:00,35.273118833333335
1782636900,2026-06-28T01:55:00-07:00,35.273118833333335
1782636960,2026-06-28T01:56:00-07:00,35.273118833333335
1782637020,2026-06-28T01:57:00-07:00,70.64841733333334
1782637080,2026-06-28T01:58:00-07:00,70.64841733333334
1782637140,2026-06-28T01:59:00-07:00,70.64841733333334
1782637200,2026-06-28T02:00:00-07:00,70.64841733333334
1782637260,2026-06-28T02:01:00-07:00,70.64841733333334
1782637380,2026-06-28T02:03:00-07:00,36.20404033333333
1782637440,2026-06-28T02:04:00-07:00,36.20404033333333
1782637500,2026-06-28T02:05:00-07:00,36.20404033333333
1782637560,2026-06-28T02:06:00-07:00,36.20404033333333
1782637620,2026-06-28T02:07:00-07:00,36.20404033333333
1782637680,2026-06-28T02:08:00-07:00,39.75240083333333
1782637740,2026-06-28T02:09:00-07:00,39.75240083333333
1782637800,2026-06-28T02:10:00-07:00,39.75240083333333
1782637860,2026-06-28T02:11:00-07:00,39.75240083333333
1782637920,2026-06-28T02:12:00-07:00,39.75240083333333
1782637980,2026-06-28T02:13:00-07:00,36.55375166666666
1782638040,2026-06-28T02:14:00-07:00,36.55375166666666
1782638100,2026-06-28T02:15:00-07:00,36.55375166666666
1782638160,2026-06-28T02:16:00-07:00,36.55375166666666
1782638220,2026-06-28T02:17:00-07:00,36.55375166666666
1782638280,2026-06-28T02:18:00-07:00,38.872212999999995
1782638340,2026-06-28T02:19:00-07:00,38.872212999999995
1782638400,2026-06-28T02:20:00-07:00,38.872212999999995
1782638460,2026-06-28T02:21:00-07:00,38.872212999999995
1782638520,2026-06-28T02:22:00-07:00,38.872212999999995
1782638580,2026-06-28T02:23:00-07:00,66.87341333333335
1782638640,2026-06-28T02:24:00-07:00,66.87341333333335
1782638700,2026-06-28T02:25:00-07:00,66.87341333333335
1782638760,2026-06-28T02:26:00-07:00,66.87341333333335
1782638820,2026-06-28T02:27:00-07:00,66.87341333333335
1782638880,2026-06-28T02:28:00-07:00,71.30883133333333
1782638940,2026-06-28T02:29:00-07:00,71.30883133333333
1782639000,2026-06-28T02:30:00-07:00,71.30883133333333
1782639060,2026-06-28T02:31:00-07:00,71.30883133333333
1782639120,2026-06-28T02:32:00-07:00,71.30883133333333
1782639240,2026-06-28T02:34:00-07:00,42.24888766666666
1782639300,2026-06-28T02:35:00-07:00,42.24888766666666
1782639360,2026-06-28T02:36:00-07:00,42.24888766666666
1782639420,2026-06-28T02:37:00-07:00,42.24888766666666
1782639480,2026-06-28T02:38:00-07:00,42.24888766666666
1782639600,2026-06-28T02:40:00-07:00,36.0166355
1782639660,2026-06-28T02:41:00-07:00,36.0166355
1782639720,2026-06-28T02:42:00-07:00,36.0166355
1782639780,2026-06-28T02:43:00-07:00,36.0166355
1782639840,2026-06-28T02:44:00-07:00,36.0166355
1782639960,2026-06-28T02:46:00-07:00,35.5854085
1782640020,2026-06-28T02:47:00-07:00,35.5854085
1782640080,2026-06-28T02:48:00-07:00,35.5854085
1782640140,2026-06-28T02:49:00-07:00,35.5854085
1782640200,2026-06-28T02:50:00-07:00,35.5854085
1782640320,2026-06-28T02:52:00-07:00,35.91270633333334
1782640380,2026-06-28T02:53:00-07:00,35.91270633333334
1782640440,2026-06-28T02:54:00-07:00,35.91270633333334
1782640500,2026-06-28T02:55:00-07:00,35.91270633333334
1782640560,2026-06-28T02:56:00-07:00,35.91270633333334
1782640620,2026-06-28T02:57:00-07:00,34.0732625
1782640680,2026-06-28T02:58:00-07:00,34.0732625
1782640740,2026-06-28T02:59:00-07:00,34.0732625
1782640800,2026-06-28T03:00:00-07:00,34.0732625
1782640860,2026-06-28T03:01:00-07:00,34.0732625
1782640980,2026-06-28T03:03:00-07:00,35.92300083333333
1782641040,2026-06-28T03:04:00-07:00,35.92300083333333
1782641100,2026-06-28T03:05:00-07:00,35.92300083333333
1782641160,2026-06-28T03:06:00-07:00,35.92300083333333
1782641220,2026-06-28T03:07:00-07:00,35.92300083333333
1782641280,2026-06-28T03:08:00-07:00,68.293701
1782641340,2026-06-28T03:09:00-07:00,68.293701
1782641400,2026-06-28T03:10:00-07:00,68.293701
1782641460,2026-06-28T03:11:00-07:00,68.293701
1782641520,2026-06-28T03:12:00-07:00,68.293701
1782641580,2026-06-28T03:13:00-07:00,64.837565
1782641640,2026-06-28T03:14:00-07:00,64.837565
1782641700,2026-06-28T03:15:00-07:00,64.837565
1782641760,2026-06-28T03:16:00-07:00,64.837565
1782641820,2026-06-28T03:17:00-07:00,64.837565
1782641940,2026-06-28T03:19:00-07:00,35.42195683333333
1782642000,2026-06-28T03:20:00-07:00,35.42195683333333
1782642060,2026-06-28T03:21:00-07:00,35.42195683333333
1782642120,2026-06-28T03:22:00-07:00,35.42195683333333
1782642180,2026-06-28T03:23:00-07:00,35.42195683333333
1782642300,2026-06-28T03:25:00-07:00,39.3771905
1782642360,2026-06-28T03:26:00-07:00,39.3771905
1782642420,2026-06-28T03:27:00-07:00,39.3771905
1782642480,2026-06-28T03:28:00-07:00,39.3771905
1782642540,2026-06-28T03:29:00-07:00,39.3771905
1782642660,2026-06-28T03:31:00-07:00,40.426805333333334
1782642720,2026-06-28T03:32:00-07:00,40.426805333333334
1782642780,2026-06-28T03:33:00-07:00,40.426805333333334
1782642840,2026-06-28T03:34:00-07:00,40.426805333333334
1782642900,2026-06-28T03:35:00-07:00,40.426805333333334
1782642960,2026-06-28T03:36:00-07:00,37.858114
1782643020,2026-06-28T03:37:00-07:00,37.858114
1782643080,2026-06-28T03:38:00-07:00,37.858114
1782643140,2026-06-28T03:39:00-07:00,37.858114
1782643200,2026-06-28T03:40:00-07:00,37.858114
1782643260,2026-06-28T03:41:00-07:00,68.40026866666666
1782643320,2026-06-28T03:42:00-07:00,68.40026866666666
1782643380,2026-06-28T03:43:00-07:00,68.40026866666666
1782643440,2026-06-28T03:44:00-07:00,68.40026866666666
1782643500,2026-06-28T03:45:00-07:00,68.40026866666666
1782643560,2026-06-28T03:46:00-07:00,65.88542383333333
1782643620,2026-06-28T03:47:00-07:00,65.88542383333333
1782643680,2026-06-28T03:48:00-07:00,65.88542383333333
1782643740,2026-06-28T03:49:00-07:00,65.88542383333333
1782643800,2026-06-28T03:50:00-07:00,65.88542383333333
1782643860,2026-06-28T03:51:00-07:00,67.20779733333332
1782643920,2026-06-28T03:52:00-07:00,67.20779733333332
1782643980,2026-06-28T03:53:00-07:00,67.20779733333332
1782644040,2026-06-28T03:54:00-07:00,67.20779733333332
1782644100,2026-06-28T03:55:00-07:00,67.20779733333332
1782644160,2026-06-28T03:56:00-07:00,69.03245033333333
1782644220,2026-06-28T03:57:00-07:00,69.03245033333333
1782644280,2026-06-28T03:58:00-07:00,69.03245033333333
1782644340,2026-06-28T03:59:00-07:00,69.03245033333333
1782644400,2026-06-28T04:00:00-07:00,69.03245033333333
1782644580,2026-06-28T04:03:00-07:00,39.24588333333333
1782644640,2026-06-28T04:04:00-07:00,39.24588333333333
1782644700,2026-06-28T04:05:00-07:00,39.24588333333333
1782644760,2026-06-28T04:06:00-07:00,39.24588333333333
1782644820,2026-06-28T04:07:00-07:00,39.24588333333333
1782644940,2026-06-28T04:09:00-07:00,37.908860499999996
1782645000,2026-06-28T04:10:00-07:00,37.908860499999996
1782645060,2026-06-28T04:11:00-07:00,37.908860499999996
1782645120,2026-06-28T04:12:00-07:00,37.908860499999996
1782645180,2026-06-28T04:13:00-07:00,37.908860499999996
1782645300,2026-06-28T04:15:00-07:00,38.05086266666667
1782645360,2026-06-28T04:16:00-07:00,38.05086266666667
1782645420,2026-06-28T04:17:00-07:00,38.05086266666667
1782645480,2026-06-28T04:18:00-07:00,38.05086266666667
1782645540,2026-06-28T04:19:00-07:00,38.05086266666667
1782645660,2026-06-28T04:21:00-07:00,36.442321666666665
1782645720,2026-06-28T04:22:00-07:00,36.442321666666665
1782645780,2026-06-28T04:23:00-07:00,36.442321666666665
1782645840,2026-06-28T04:24:00-07:00,36.442321666666665
1782645900,2026-06-28T04:25:00-07:00,36.442321666666665
1782646020,2026-06-28T04:27:00-07:00,63.795851000000006
1782646080,2026-06-28T04:28:00-07:00,63.795851000000006
1782646140,2026-06-28T04:29:00-07:00,63.795851000000006
1782646200,2026-06-28T04:30:00-07:00,63.795851000000006
1782646260,2026-06-28T04:31:00-07:00,63.795851000000006
1782646320,2026-06-28T04:32:00-07:00,44.96757683333333
1782646380,2026-06-28T04:33:00-07:00,44.96757683333333
1782646440,2026-06-28T04:34:00-07:00,44.96757683333333
1782646500,2026-06-28T04:35:00-07:00,44.96757683333333
1782646560,2026-06-28T04:36:00-07:00,44.96757683333333
1782646680,2026-06-28T04:38:00-07:00,34.90483266666667
1782646740,2026-06-28T04:39:00-07:00,34.90483266666667
1782646800,2026-06-28T04:40:00-07:00,34.90483266666667
1782646860,2026-06-28T04:41:00-07:00,34.90483266666667
1782646920,2026-06-28T04:42:00-07:00,34.90483266666667
1782646980,2026-06-28T04:43:00-07:00,54.7816635
1782647040,2026-06-28T04:44:00-07:00,54.7816635
1782647100,2026-06-28T04:45:00-07:00,54.7816635
1782647160,2026-06-28T04:46:00-07:00,54.7816635
1782647220,2026-06-28T04:47:00-07:00,54.7816635
1782647340,2026-06-28T04:49:00-07:00,35.384697666666675
1782647400,2026-06-28T04:50:00-07:00,35.384697666666675
1782647460,2026-06-28T04:51:00-07:00,35.384697666666675
1782647520,2026-06-28T04:52:00-07:00,35.384697666666675
1782647580,2026-06-28T04:53:00-07:00,35.384697666666675
1782647640,2026-06-28T04:54:00-07:00,37.915073
1782647700,2026-06-28T04:55:00-07:00,37.915073
1782647760,2026-06-28T04:56:00-07:00,37.915073
1782647820,2026-06-28T04:57:00-07:00,37.915073
1782647880,2026-06-28T04:58:00-07:00,37.915073
1782648000,2026-06-28T05:00:00-07:00,67.86180283333333
1782648060,2026-06-28T05:01:00-07:00,67.86180283333333
1782648120,2026-06-28T05:02:00-07:00,67.86180283333333
1782648180,2026-06-28T05:03:00-07:00,67.86180283333333
1782648240,2026-06-28T05:04:00-07:00,67.86180283333333
1782648300,2026-06-28T05:05:00-07:00,63.836453
1782648360,2026-06-28T05:06:00-07:00,63.836453
1782648420,2026-06-28T05:07:00-07:00,63.836453
1782648480,2026-06-28T05:08:00-07:00,63.836453
1782648540,2026-06-28T05:09:00-07:00,63.836453
1782648600,2026-06-28T05:10:00-07:00,37.019951666666664
1782648660,2026-06-28T05:11:00-07:00,37.019951666666664
1782648720,2026-06-28T05:12:00-07:00,37.019951666666664
1782648780,2026-06-28T05:13:00-07:00,37.019951666666664
1782648840,2026-06-28T05:14:00-07:00,37.019951666666664
1782648960,2026-06-28T05:16:00-07:00,38.07365583333334
1782649020,2026-06-28T05:17:00-07:00,38.07365583333334
1782649080,2026-06-28T05:18:00-07:00,38.07365583333334
1782649140,2026-06-28T05:19:00-07:00,38.07365583333334
1782649200,2026-06-28T05:20:00-07:00,38.07365583333334
1782649320,2026-06-28T05:22:00-07:00,34.6057805
1782649380,2026-06-28T05:23:00-07:00,34.6057805
1782649440,2026-06-28T05:24:00-07:00,34.6057805
1782649500,2026-06-28T05:25:00-07:00,34.6057805
1782649560,2026-06-28T05:26:00-07:00,34.6057805
1782649620,2026-06-28T05:27:00-07:00,68.531284
1782649680,2026-06-28T05:28:00-07:00,68.531284
1782649740,2026-06-28T05:29:00-07:00,68.531284
1782649800,2026-06-28T05:30:00-07:00,68.531284
1782649860,2026-06-28T05:31:00-07:00,68.531284
1782649920,2026-06-28T05:32:00-07:00,70.49034966666666
1782649980,2026-06-28T05:33:00-07:00,70.49034966666666
1782650040,2026-06-28T05:34:00-07:00,70.49034966666666
1782650100,2026-06-28T05:35:00-07:00,70.49034966666666
1782650160,2026-06-28T05:36:00-07:00,70.49034966666666
1782650280,2026-06-28T05:38:00-07:00,33.774291999999996
1782650340,2026-06-28T05:39:00-07:00,33.774291999999996
1782650400,2026-06-28T05:40:00-07:00,33.774291999999996
1782650460,2026-06-28T05:41:00-07:00,33.774291999999996
1782650520,2026-06-28T05:42:00-07:00,33.774291999999996
1782650580,2026-06-28T05:43:00-07:00,35.57654483333334
1782650640,2026-06-28T05:44:00-07:00,35.57654483333334
1782650700,2026-06-28T05:45:00-07:00,35.57654483333334
1782650760,2026-06-28T05:46:00-07:00,35.57654483333334
1782650820,2026-06-28T05:47:00-07:00,35.57654483333334
1782650940,2026-06-28T05:49:00-07:00,36.9262425
1782651000,2026-06-28T05:50:00-07:00,36.9262425
1782651060,2026-06-28T05:51:00-07:00,36.9262425
1782651120,2026-06-28T05:52:00-07:00,36.9262425
1782651180,2026-06-28T05:53:00-07:00,36.9262425
1782651240,2026-06-28T05:54:00-07:00,34.36204683333333
1782651300,2026-06-28T05:55:00-07:00,34.36204683333333
1782651360,2026-06-28T05:56:00-07:00,34.36204683333333
1782651420,2026-06-28T05:57:00-07:00,34.36204683333333
1782651480,2026-06-28T05:58:00-07:00,34.36204683333333
1782651540,2026-06-28T05:59:00-07:00,65.7189195
1782651600,2026-06-28T06:00:00-07:00,65.7189195
1782651660,2026-06-28T06:01:00-07:00,65.7189195
1782651720,2026-06-28T06:02:00-07:00,65.7189195
1782651780,2026-06-28T06:03:00-07:00,65.7189195
1782651900,2026-06-28T06:05:00-07:00,70.880337
1782651960,2026-06-28T06:06:00-07:00,70.880337
1782652020,2026-06-28T06:07:00-07:00,70.880337
1782652080,2026-06-28T06:08:00-07:00,70.880337
1782652140,2026-06-28T06:09:00-07:00,70.880337
1782652200,2026-06-28T06:10:00-07:00,69.95886899999999
1782652260,2026-06-28T06:11:00-07:00,69.95886899999999
1782652320,2026-06-28T06:12:00-07:00,69.95886899999999
1782652380,2026-06-28T06:13:00-07:00,69.95886899999999
1782652440,2026-06-28T06:14:00-07:00,69.95886899999999
1782652560,2026-06-28T06:16:00-07:00,65.91639533333334
1782652620,2026-06-28T06:17:00-07:00,65.91639533333334
1782652680,2026-06-28T06:18:00-07:00,65.91639533333334
1782652740,2026-06-28T06:19:00-07:00,65.91639533333334
1782652800,2026-06-28T06:20:00-07:00,65.91639533333334
1782652860,2026-06-28T06:21:00-07:00,36.807095000000004
1782652920,2026-06-28T06:22:00-07:00,36.807095000000004
1782652980,2026-06-28T06:23:00-07:00,36.807095000000004
1782653040,2026-06-28T06:24:00-07:00,36.807095000000004
1782653100,2026-06-28T06:25:00-07:00,36.807095000000004
1782653160,2026-06-28T06:26:00-07:00,67.279175
1782653220,2026-06-28T06:27:00-07:00,67.279175
1782653280,2026-06-28T06:28:00-07:00,67.279175
1782653340,2026-06-28T06:29:00-07:00,67.279175
1782653400,2026-06-28T06:30:00-07:00,67.279175
1782653520,2026-06-28T06:32:00-07:00,37.433180166666666
1782653580,2026-06-28T06:33:00-07:00,37.433180166666666
1782653640,2026-06-28T06:34:00-07:00,37.433180166666666
1782653700,2026-06-28T06:35:00-07:00,37.433180166666666
1782653760,2026-06-28T06:36:00-07:00,37.433180166666666
1782653820,2026-06-28T06:37:00-07:00,70.80122866666666
1782653880,2026-06-28T06:38:00-07:00,70.80122866666666
1782653940,2026-06-28T06:39:00-07:00,70.80122866666666
1782654000,2026-06-28T06:40:00-07:00,70.80122866666666
1782654060,2026-06-28T06:41:00-07:00,70.80122866666666
1782654120,2026-06-28T06:42:00-07:00,39.5029905
1782654180,2026-06-28T06:43:00-07:00,39.5029905
1782654240,2026-06-28T06:44:00-07:00,39.5029905
1782654300,2026-06-28T06:45:00-07:00,39.5029905
1782654360,2026-06-28T06:46:00-07:00,39.5029905
1782654420,2026-06-28T06:47:00-07:00,37.9638605
1782654480,2026-06-28T06:48:00-07:00,37.9638605
1782654540,2026-06-28T06:49:00-07:00,37.9638605
1782654600,2026-06-28T06:50:00-07:00,37.9638605
1782654660,2026-06-28T06:51:00-07:00,37.9638605
1782654780,2026-06-28T06:53:00-07:00,68.969564
1782654840,2026-06-28T06:54:00-07:00,68.969564
1782654900,2026-06-28T06:55:00-07:00,68.969564
1782654960,2026-06-28T06:56:00-07:00,68.969564
1782655020,2026-06-28T06:57:00-07:00,68.969564
1782655140,2026-06-28T06:59:00-07:00,38.882046333333335
1782655200,2026-06-28T07:00:00-07:00,38.882046333333335
1782655260,2026-06-28T07:01:00-07:00,38.882046333333335
1782655320,2026-06-28T07:02:00-07:00,38.882046333333335
1782655380,2026-06-28T07:03:00-07:00,38.882046333333335
1782655440,2026-06-28T07:04:00-07:00,68.61777099999999
1782655500,2026-06-28T07:05:00-07:00,68.61777099999999
1782655560,2026-06-28T07:06:00-07:00,68.61777099999999
1782655620,2026-06-28T07:07:00-07:00,68.61777099999999
1782655680,2026-06-28T07:08:00-07:00,68.61777099999999
1782655740,2026-06-28T07:09:00-07:00,38.09573700000001
1782655800,2026-06-28T07:10:00-07:00,38.09573700000001
1782655860,2026-06-28T07:11:00-07:00,38.09573700000001
1782655920,2026-06-28T07:12:00-07:00,38.09573700000001
1782655980,2026-06-28T07:13:00-07:00,38.09573700000001
1782656100,2026-06-28T07:15:00-07:00,36.45225716666666
1782656160,2026-06-28T07:16:00-07:00,36.45225716666666
1782656220,2026-06-28T07:17:00-07:00,36.45225716666666
1782656280,2026-06-28T07:18:00-07:00,36.45225716666666
1782656340,2026-06-28T07:19:00-07:00,36.45225716666666
1782656400,2026-06-28T07:20:00-07:00,70.50502533333334
1782656460,2026-06-28T07:21:00-07:00,70.50502533333334
1782656520,2026-06-28T07:22:00-07:00,70.50502533333334
1782656580,2026-06-28T07:23:00-07:00,70.50502533333334
1782656640,2026-06-28T07:24:00-07:00,70.50502533333334
1782656760,2026-06-28T07:26:00-07:00,56.08106166666666
1782656820,2026-06-28T07:27:00-07:00,56.08106166666666
1782656880,2026-06-28T07:28:00-07:00,56.08106166666666
1782656940,2026-06-28T07:29:00-07:00,56.08106166666666
1782657000,2026-06-28T07:30:00-07:00,56.08106166666666
1782657180,2026-06-28T07:33:00-07:00,37.24676516666667
1782657240,2026-06-28T07:34:00-07:00,37.24676516666667
1782657300,2026-06-28T07:35:00-07:00,37.24676516666667
1782657360,2026-06-28T07:36:00-07:00,37.24676516666667
1782657420,2026-06-28T07:37:00-07:00,37.24676516666667
1782657480,2026-06-28T07:38:00-07:00,33.39261883333334
1782657540,2026-06-28T07:39:00-07:00,33.39261883333334
1782657600,2026-06-28T07:40:00-07:00,33.39261883333334
1782657660,2026-06-28T07:41:00-07:00,33.39261883333334
1782657720,2026-06-28T07:42:00-07:00,33.39261883333334
1782657780,2026-06-28T07:43:00-07:00,44.1029595
1782657840,2026-06-28T07:44:00-07:00,44.1029595
1782657900,2026-06-28T07:45:00-07:00,44.1029595
1782657960,2026-06-28T07:46:00-07:00,44.1029595
1782658020,2026-06-28T07:47:00-07:00,44.1029595
1782658440,2026-06-28T07:54:00-07:00,39.45583733333333
1782658500,2026-06-28T07:55:00-07:00,39.45583733333333
1782658560,2026-06-28T07:56:00-07:00,39.45583733333333
1782658620,2026-06-28T07:57:00-07:00,39.45583733333333
1782658680,2026-06-28T07:58:00-07:00,39.45583733333333
1782658800,2026-06-28T08:00:00-07:00,33.80624733333333
1782658860,2026-06-28T08:01:00-07:00,33.80624733333333
1782658920,2026-06-28T08:02:00-07:00,33.80624733333333
1782658980,2026-06-28T08:03:00-07:00,33.80624733333333
1782659040,2026-06-28T08:04:00-07:00,33.80624733333333
1782659940,2026-06-28T08:19:00-07:00,40.360989
1782660000,2026-06-28T08:20:00-07:00,40.360989
1782660060,2026-06-28T08:21:00-07:00,40.360989
1782660120,2026-06-28T08:22:00-07:00,40.360989
1782660180,2026-06-28T08:23:00-07:00,40.360989
1782660240,2026-06-28T08:24:00-07:00,39.889506
1782660300,2026-06-28T08:25:00-07:00,39.889506
1782660360,2026-06-28T08:26:00-07:00,39.889506
1782660420,2026-06-28T08:27:00-07:00,39.889506
1782660480,2026-06-28T08:28:00-07:00,39.889506
1782660660,2026-06-28T08:31:00-07:00,42.82846416666666
1782660720,2026-06-28T08:32:00-07:00,42.82846416666666
1782660780,2026-06-28T08:33:00-07:00,42.82846416666666
1782660840,2026-06-28T08:34:00-07:00,42.82846416666666
1782660900,2026-06-28T08:35:00-07:00,42.82846416666666
1782661020,2026-06-28T08:37:00-07:00,34.901109500000004
1782661080,2026-06-28T08:38:00-07:00,34.901109500000004
1782661140,2026-06-28T08:39:00-07:00,34.901109500000004
1782661200,2026-06-28T08:40:00-07:00,34.901109500000004
1782661260,2026-06-28T08:41:00-07:00,34.901109500000004
1782661320,2026-06-28T08:42:00-07:00,33.92161083333333
1782661380,2026-06-28T08:43:00-07:00,33.92161083333333
1782661440,2026-06-28T08:44:00-07:00,33.92161083333333
1782661500,2026-06-28T08:45:00-07:00,33.92161083333333
1782661560,2026-06-28T08:46:00-07:00,33.92161083333333
1782662340,2026-06-28T08:59:00-07:00,37.50250916666667
1782662400,2026-06-28T09:00:00-07:00,37.50250916666667
1782662460,2026-06-28T09:01:00-07:00,37.50250916666667
1782662520,2026-06-28T09:02:00-07:00,37.50250916666667
1782662580,2026-06-28T09:03:00-07:00,37.50250916666667
1782662640,2026-06-28T09:04:00-07:00,36.53525116666667
1782662700,2026-06-28T09:05:00-07:00,36.53525116666667
1782662760,2026-06-28T09:06:00-07:00,36.53525116666667
1782662820,2026-06-28T09:07:00-07:00,36.53525116666667
1782662880,2026-06-28T09:08:00-07:00,36.53525116666667
1782663720,2026-06-28T09:22:00-07:00,40.493902999999996
1782663780,2026-06-28T09:23:00-07:00,40.493902999999996
1782663840,2026-06-28T09:24:00-07:00,40.493902999999996
1782663900,2026-06-28T09:25:00-07:00,40.493902999999996
1782663960,2026-06-28T09:26:00-07:00,40.493902999999996
1782664080,2026-06-28T09:28:00-07:00,47.88492866666667
1782664140,2026-06-28T09:29:00-07:00,47.88492866666667
1782664200,2026-06-28T09:30:00-07:00,47.88492866666667
1782664260,2026-06-28T09:31:00-07:00,47.88492866666667
1782664320,2026-06-28T09:32:00-07:00,47.88492866666667
1782664440,2026-06-28T09:34:00-07:00,66.99273683333332
1782664500,2026-06-28T09:35:00-07:00,66.99273683333332
1782664560,2026-06-28T09:36:00-07:00,66.99273683333332
1782664620,2026-06-28T09:37:00-07:00,66.99273683333332
1782664680,2026-06-28T09:38:00-07:00,66.99273683333332
1782666060,2026-06-28T10:01:00-07:00,46.136129000000004
1782666120,2026-06-28T10:02:00-07:00,46.136129000000004
1782666180,2026-06-28T10:03:00-07:00,46.136129000000004
1782666240,2026-06-28T10:04:00-07:00,46.136129000000004
1782666300,2026-06-28T10:05:00-07:00,46.136129000000004
1782666420,2026-06-28T10:07:00-07:00,32.89267316666667
1782666480,2026-06-28T10:08:00-07:00,32.89267316666667
1782666540,2026-06-28T10:09:00-07:00,32.89267316666667
1782666600,2026-06-28T10:10:00-07:00,32.89267316666667
1782666660,2026-06-28T10:11:00-07:00,32.89267316666667
1782666720,2026-06-28T10:12:00-07:00,106.169983
1782666780,2026-06-28T10:13:00-07:00,106.169983
1782666840,2026-06-28T10:14:00-07:00,106.169983
1782666900,2026-06-28T10:15:00-07:00,106.169983
1782666960,2026-06-28T10:16:00-07:00,106.169983
1782667020,2026-06-28T10:17:00-07:00,106.41208950000002
1782667080,2026-06-28T10:18:00-07:00,106.41208950000002
1782667140,2026-06-28T10:19:00-07:00,106.41208950000002
1782667200,2026-06-28T10:20:00-07:00,106.41208950000002
1782667260,2026-06-28T10:21:00-07:00,106.41208950000002
1782667440,2026-06-28T10:24:00-07:00,132.46908233333332
1782667500,2026-06-28T10:25:00-07:00,132.46908233333332
1782667560,2026-06-28T10:26:00-07:00,132.46908233333332
1782667620,2026-06-28T10:27:00-07:00,132.46908233333332
1782667680,2026-06-28T10:28:00-07:00,132.46908233333332
1782667740,2026-06-28T10:29:00-07:00,69.68768983333334
1782667800,2026-06-28T10:30:00-07:00,69.68768983333334
1782667860,2026-06-28T10:31:00-07:00,69.68768983333334
1782667920,2026-06-28T10:32:00-07:00,69.68768983333334
1782667980,2026-06-28T10:33:00-07:00,69.68768983333334
1782668040,2026-06-28T10:34:00-07:00,86.63126616666665
1782668100,2026-06-28T10:35:00-07:00,86.63126616666665
1782668160,2026-06-28T10:36:00-07:00,86.63126616666665
1782668220,2026-06-28T10:37:00-07:00,86.63126616666665
1782668280,2026-06-28T10:38:00-07:00,86.63126616666665
1782668400,2026-06-28T10:40:00-07:00,33.8982
1782668460,2026-06-28T10:41:00-07:00,33.8982
1782668520,2026-06-28T10:42:00-07:00,33.8982
1782668580,2026-06-28T10:43:00-07:00,33.8982
1782668640,2026-06-28T10:44:00-07:00,33.8982
1782669120,2026-06-28T10:52:00-07:00,44.679145
1782669180,2026-06-28T10:53:00-07:00,44.679145
1782669240,2026-06-28T10:54:00-07:00,44.679145
1782669300,2026-06-28T10:55:00-07:00,44.679145
1782669360,2026-06-28T10:56:00-07:00,44.679145
1782669420,2026-06-28T10:57:00-07:00,40.19675683333333
1782669480,2026-06-28T10:58:00-07:00,40.19675683333333
1782669540,2026-06-28T10:59:00-07:00,40.19675683333333
1782669600,2026-06-28T11:00:00-07:00,40.19675683333333
1782669660,2026-06-28T11:01:00-07:00,40.19675683333333
1782669780,2026-06-28T11:03:00-07:00,313.45060916666665
1782669840,2026-06-28T11:04:00-07:00,313.45060916666665
1782669900,2026-06-28T11:05:00-07:00,313.45060916666665
1782669960,2026-06-28T11:06:00-07:00,313.45060916666665
1782670020,2026-06-28T11:07:00-07:00,313.45060916666665
1782670380,2026-06-28T11:13:00-07:00,105.50918216666666
1782670440,2026-06-28T11:14:00-07:00,105.50918216666666
1782670500,2026-06-28T11:15:00-07:00,105.50918216666666
1782670560,2026-06-28T11:16:00-07:00,105.50918216666666
1782670620,2026-06-28T11:17:00-07:00,105.50918216666666
1782670740,2026-06-28T11:19:00-07:00,41.32717533333334
1782670800,2026-06-28T11:20:00-07:00,41.32717533333334
1782670860,2026-06-28T11:21:00-07:00,41.32717533333334
1782670920,2026-06-28T11:22:00-07:00,41.32717533333334
1782670980,2026-06-28T11:23:00-07:00,41.32717533333334
1782671400,2026-06-28T11:30:00-07:00,43.57466616666667
1782671460,2026-06-28T11:31:00-07:00,43.57466616666667
1782671520,2026-06-28T11:32:00-07:00,43.57466616666667
1782671580,2026-06-28T11:33:00-07:00,43.57466616666667
1782671640,2026-06-28T11:34:00-07:00,43.57466616666667
1782671760,2026-06-28T11:36:00-07:00,43.65088583333334
1782671820,2026-06-28T11:37:00-07:00,43.65088583333334
1782671880,2026-06-28T11:38:00-07:00,43.65088583333334
1782671940,2026-06-28T11:39:00-07:00,43.65088583333334
1782672000,2026-06-28T11:40:00-07:00,43.65088583333334
1782672060,2026-06-28T11:41:00-07:00,75.225396
1782672120,2026-06-28T11:42:00-07:00,75.225396
1782672180,2026-06-28T11:43:00-07:00,75.225396
1782672240,2026-06-28T11:44:00-07:00,75.225396
1782672300,2026-06-28T11:45:00-07:00,75.225396
1782672420,2026-06-28T11:47:00-07:00,90.44812666666665
1782672480,2026-06-28T11:48:00-07:00,90.44812666666665
1782672540,2026-06-28T11:49:00-07:00,90.44812666666665
1782672600,2026-06-28T11:50:00-07:00,90.44812666666665
1782672660,2026-06-28T11:51:00-07:00,90.44812666666665
1782672720,2026-06-28T11:52:00-07:00,40.928697666666665
1782672780,2026-06-28T11:53:00-07:00,40.928697666666665
1782672840,2026-06-28T11:54:00-07:00,40.928697666666665
1782672900,2026-06-28T11:55:00-07:00,40.928697666666665
1782672960,2026-06-28T11:56:00-07:00,40.928697666666665
1782673020,2026-06-28T11:57:00-07:00,39.028116999999995
1782673080,2026-06-28T11:58:00-07:00,39.028116999999995
1782673140,2026-06-28T11:59:00-07:00,39.028116999999995
1782673200,2026-06-28T12:00:00-07:00,39.028116999999995
1782673260,2026-06-28T12:01:00-07:00,39.028116999999995
1782673320,2026-06-28T12:02:00-07:00,43.26321733333333
1782673380,2026-06-28T12:03:00-07:00,43.26321733333333
1782673440,2026-06-28T12:04:00-07:00,43.26321733333333
1782673500,2026-06-28T12:05:00-07:00,43.26321733333333
1782673560,2026-06-28T12:06:00-07:00,43.26321733333333
1782673620,2026-06-28T12:07:00-07:00,38.57320833333333
1782673680,2026-06-28T12:08:00-07:00,38.57320833333333
1782673740,2026-06-28T12:09:00-07:00,38.57320833333333
1782673800,2026-06-28T12:10:00-07:00,38.57320833333333
1782673860,2026-06-28T12:11:00-07:00,38.57320833333333
1782673920,2026-06-28T12:12:00-07:00,40.10214566666667
1782673980,2026-06-28T12:13:00-07:00,40.10214566666667
1782674040,2026-06-28T12:14:00-07:00,40.10214566666667
1782674100,2026-06-28T12:15:00-07:00,40.10214566666667
1782674160,2026-06-28T12:16:00-07:00,40.10214566666667
1782674220,2026-06-28T12:17:00-07:00,40.709160833333335
1782674280,2026-06-28T12:18:00-07:00,40.709160833333335
1782674340,2026-06-28T12:19:00-07:00,40.709160833333335
1782674400,2026-06-28T12:20:00-07:00,40.709160833333335
1782674460,2026-06-28T12:21:00-07:00,40.709160833333335
1782674520,2026-06-28T12:22:00-07:00,35.77723533333334
1782674580,2026-06-28T12:23:00-07:00,35.77723533333334
1782674640,2026-06-28T12:24:00-07:00,35.77723533333334
1782674700,2026-06-28T12:25:00-07:00,35.77723533333334
1782674760,2026-06-28T12:26:00-07:00,35.77723533333334
1782674880,2026-06-28T12:28:00-07:00,39.729255
1782674940,2026-06-28T12:29:00-07:00,39.729255
1782675000,2026-06-28T12:30:00-07:00,39.729255
1782675060,2026-06-28T12:31:00-07:00,39.729255
1782675120,2026-06-28T12:32:00-07:00,39.729255
1782675180,2026-06-28T12:33:00-07:00,35.25201416666667
1782675240,2026-06-28T12:34:00-07:00,35.25201416666667
1782675300,2026-06-28T12:35:00-07:00,35.25201416666667
1782675360,2026-06-28T12:36:00-07:00,35.25201416666667
1782675420,2026-06-28T12:37:00-07:00,35.25201416666667
1782675480,2026-06-28T12:38:00-07:00,28.099501
1782675540,2026-06-28T12:39:00-07:00,28.099501
1782675600,2026-06-28T12:40:00-07:00,28.099501
1782675660,2026-06-28T12:41:00-07:00,28.099501
1782675720,2026-06-28T12:42:00-07:00,28.099501
1782675780,2026-06-28T12:43:00-07:00,205.4745215
1782675840,2026-06-28T12:44:00-07:00,205.4745215
1782675900,2026-06-28T12:45:00-07:00,205.4745215
1782675960,2026-06-28T12:46:00-07:00,205.4745215
1782676020,2026-06-28T12:47:00-07:00,205.4745215
1782676080,2026-06-28T12:48:00-07:00,23.6773005
1782676140,2026-06-28T12:49:00-07:00,23.6773005
1782676200,2026-06-28T12:50:00-07:00,23.6773005
1782676260,2026-06-28T12:51:00-07:00,23.6773005
1782676320,2026-06-28T12:52:00-07:00,23.6773005
1782676380,2026-06-28T12:53:00-07:00,36.547830833333336
1782676440,2026-06-28T12:54:00-07:00,36.547830833333336
1782676500,2026-06-28T12:55:00-07:00,36.547830833333336
1782676560,2026-06-28T12:56:00-07:00,36.547830833333336
1782676620,2026-06-28T12:57:00-07:00,36.547830833333336
1782676740,2026-06-28T12:59:00-07:00,60.33943683333334
1782676800,2026-06-28T13:00:00-07:00,60.33943683333334
1782676860,2026-06-28T13:01:00-07:00,60.33943683333334
1782676920,2026-06-28T13:02:00-07:00,60.33943683333334
1782676980,2026-06-28T13:03:00-07:00,60.33943683333334
1782677040,2026-06-28T13:04:00-07:00,85.29040516666667
1782677100,2026-06-28T13:05:00-07:00,85.29040516666667
1782677160,2026-06-28T13:06:00-07:00,85.29040516666667
1782677220,2026-06-28T13:07:00-07:00,85.29040516666667
1782677280,2026-06-28T13:08:00-07:00,85.29040516666667
1782677640,2026-06-28T13:14:00-07:00,48.088155
1782677700,2026-06-28T13:15:00-07:00,48.088155
1782677760,2026-06-28T13:16:00-07:00,48.088155
1782677820,2026-06-28T13:17:00-07:00,48.088155
1782677880,2026-06-28T13:18:00-07:00,48.088155
1782678720,2026-06-28T13:32:00-07:00,39.180413333333334
1782678780,2026-06-28T13:33:00-07:00,39.180413333333334
1782678840,2026-06-28T13:34:00-07:00,39.180413333333334
1782678900,2026-06-28T13:35:00-07:00,39.180413333333334
1782678960,2026-06-28T13:36:00-07:00,39.180413333333334
1782679500,2026-06-28T13:45:00-07:00,35.49644633333333
1782679560,2026-06-28T13:46:00-07:00,35.49644633333333
1782679620,2026-06-28T13:47:00-07:00,35.49644633333333
1782679680,2026-06-28T13:48:00-07:00,35.49644633333333
1782679740,2026-06-28T13:49:00-07:00,35.49644633333333
1782680220,2026-06-28T13:57:00-07:00,39.4528265
1782680280,2026-06-28T13:58:00-07:00,39.4528265
1782680340,2026-06-28T13:59:00-07:00,39.4528265
1782680400,2026-06-28T14:00:00-07:00,39.4528265
1782680460,2026-06-28T14:01:00-07:00,39.4528265
1782680580,2026-06-28T14:03:00-07:00,36.3462185
1782680640,2026-06-28T14:04:00-07:00,36.3462185
1782680700,2026-06-28T14:05:00-07:00,36.3462185
1782680760,2026-06-28T14:06:00-07:00,36.3462185
1782680820,2026-06-28T14:07:00-07:00,36.3462185
1782680880,2026-06-28T14:08:00-07:00,34.07478866666666
1782680940,2026-06-28T14:09:00-07:00,34.07478866666666
1782681000,2026-06-28T14:10:00-07:00,34.07478866666666
1782681060,2026-06-28T14:11:00-07:00,34.07478866666666
1782681120,2026-06-28T14:12:00-07:00,34.07478866666666
1782681540,2026-06-28T14:19:00-07:00,55.652723333333334
1782681600,2026-06-28T14:20:00-07:00,55.652723333333334
1782681660,2026-06-28T14:21:00-07:00,55.652723333333334
1782681720,2026-06-28T14:22:00-07:00,55.652723333333334
1782681780,2026-06-28T14:23:00-07:00,55.652723333333334
1782681840,2026-06-28T14:24:00-07:00,33.81233716666667
1782681900,2026-06-28T14:25:00-07:00,33.81233716666667
1782681960,2026-06-28T14:26:00-07:00,33.81233716666667
1782682020,2026-06-28T14:27:00-07:00,33.81233716666667
1782682080,2026-06-28T14:28:00-07:00,33.81233716666667
1782682140,2026-06-28T14:29:00-07:00,103.00391983333333
1782682200,2026-06-28T14:30:00-07:00,103.00391983333333
1782682260,2026-06-28T14:31:00-07:00,103.00391983333333
1782682320,2026-06-28T14:32:00-07:00,103.00391983333333
1782682380,2026-06-28T14:33:00-07:00,103.00391983333333
1782682440,2026-06-28T14:34:00-07:00,210.77713366666669
1782682500,2026-06-28T14:35:00-07:00,210.77713366666669
1782682560,2026-06-28T14:36:00-07:00,210.77713366666669
1782682620,2026-06-28T14:37:00-07:00,210.77713366666669
1782682680,2026-06-28T14:38:00-07:00,210.77713366666669
1782682740,2026-06-28T14:39:00-07:00,52.790141166666665
1782682800,2026-06-28T14:40:00-07:00,52.790141166666665
1782682860,2026-06-28T14:41:00-07:00,52.790141166666665
1782682920,2026-06-28T14:42:00-07:00,52.790141166666665
1782682980,2026-06-28T14:43:00-07:00,52.790141166666665
1782683040,2026-06-28T14:44:00-07:00,72.59303116666666
1782683100,2026-06-28T14:45:00-07:00,72.59303116666666
1782683160,2026-06-28T14:46:00-07:00,72.59303116666666
1782683220,2026-06-28T14:47:00-07:00,72.59303116666666
1782683280,2026-06-28T14:48:00-07:00,72.59303116666666
1782683400,2026-06-28T14:50:00-07:00,36.847120499999996
1782683460,2026-06-28T14:51:00-07:00,36.847120499999996
1782683520,2026-06-28T14:52:00-07:00,36.847120499999996
1782683580,2026-06-28T14:53:00-07:00,36.847120499999996
1782683640,2026-06-28T14:54:00-07:00,36.847120499999996
1782683700,2026-06-28T14:55:00-07:00,75.21067316666667
1782683760,2026-06-28T14:56:00-07:00,75.21067316666667
1782683820,2026-06-28T14:57:00-07:00,75.21067316666667
1782683880,2026-06-28T14:58:00-07:00,75.21067316666667
1782683940,2026-06-28T14:59:00-07:00,75.21067316666667
1782684360,2026-06-28T15:06:00-07:00,95.57843683333334
1782684420,2026-06-28T15:07:00-07:00,95.57843683333334
1782684480,2026-06-28T15:08:00-07:00,95.57843683333334
1782684540,2026-06-28T15:09:00-07:00,95.57843683333334
1782684600,2026-06-28T15:10:00-07:00,95.57843683333334
1782685080,2026-06-28T15:18:00-07:00,38.25786683333333
1782685140,2026-06-28T15:19:00-07:00,38.25786683333333
1782685200,2026-06-28T15:20:00-07:00,38.25786683333333
1782685260,2026-06-28T15:21:00-07:00,38.25786683333333
1782685320,2026-06-28T15:22:00-07:00,38.25786683333333
1782685440,2026-06-28T15:24:00-07:00,48.95734333333334
1782685500,2026-06-28T15:25:00-07:00,48.95734333333334
1782685560,2026-06-28T15:26:00-07:00,48.95734333333334
1782685620,2026-06-28T15:27:00-07:00,48.95734333333334
1782685680,2026-06-28T15:28:00-07:00,48.95734333333334
1782685800,2026-06-28T15:30:00-07:00,38.034444
1782685860,2026-06-28T15:31:00-07:00,38.034444
1782685920,2026-06-28T15:32:00-07:00,38.034444
1782685980,2026-06-28T15:33:00-07:00,38.034444
1782686040,2026-06-28T15:34:00-07:00,38.034444
1782686100,2026-06-28T15:35:00-07:00,36.176676666666665
1782686160,2026-06-28T15:36:00-07:00,36.176676666666665
1782686220,2026-06-28T15:37:00-07:00,36.176676666666665
1782686280,2026-06-28T15:38:00-07:00,36.176676666666665
1782686340,2026-06-28T15:39:00-07:00,36.176676666666665
1782686400,2026-06-28T15:40:00-07:00,38.521179333333336
1782686460,2026-06-28T15:41:00-07:00,38.521179333333336
1782686520,2026-06-28T15:42:00-07:00,38.521179333333336
1782686580,2026-06-28T15:43:00-07:00,38.521179333333336
1782686640,2026-06-28T15:44:00-07:00,38.521179333333336
1782686760,2026-06-28T15:46:00-07:00,37.97348333333333
1782686820,2026-06-28T15:47:00-07:00,37.97348333333333
1782686880,2026-06-28T15:48:00-07:00,37.97348333333333
1782686940,2026-06-28T15:49:00-07:00,37.97348333333333
1782687000,2026-06-28T15:50:00-07:00,37.97348333333333
1782687120,2026-06-28T15:52:00-07:00,36.123352
1782687180,2026-06-28T15:53:00-07:00,36.123352
1782687240,2026-06-28T15:54:00-07:00,36.123352
1782687300,2026-06-28T15:55:00-07:00,36.123352
1782687360,2026-06-28T15:56:00-07:00,36.123352
1782687420,2026-06-28T15:57:00-07:00,181.468696
1782687480,2026-06-28T15:58:00-07:00,181.468696
1782687540,2026-06-28T15:59:00-07:00,181.468696
1782687600,2026-06-28T16:00:00-07:00,181.468696
1782687660,2026-06-28T16:01:00-07:00,181.468696
1782688560,2026-06-28T16:16:00-07:00,41.34162766666666
1782688620,2026-06-28T16:17:00-07:00,41.34162766666666
1782688680,2026-06-28T16:18:00-07:00,41.34162766666666
1782688740,2026-06-28T16:19:00-07:00,41.34162766666666
1782688800,2026-06-28T16:20:00-07:00,41.34162766666666
1782688860,2026-06-28T16:21:00-07:00,38.1820205
1782688920,2026-06-28T16:22:00-07:00,38.1820205
1782688980,2026-06-28T16:23:00-07:00,38.1820205
1782689040,2026-06-28T16:24:00-07:00,38.1820205
1782689100,2026-06-28T16:25:00-07:00,38.1820205
1782689280,2026-06-28T16:28:00-07:00,390.7366946666666
1782689340,2026-06-28T16:29:00-07:00,390.7366946666666
1782689400,2026-06-28T16:30:00-07:00,390.7366946666666
1782689460,2026-06-28T16:31:00-07:00,390.7366946666666
1782689520,2026-06-28T16:32:00-07:00,390.7366946666666
1782689700,2026-06-28T16:35:00-07:00,468.0372045
1782689760,2026-06-28T16:36:00-07:00,468.0372045
1782689820,2026-06-28T16:37:00-07:00,468.0372045
1782689880,2026-06-28T16:38:00-07:00,468.0372045
1782689940,2026-06-28T16:39:00-07:00,468.0372045
1782690060,2026-06-28T16:41:00-07:00,43.415059500000005
1782690120,2026-06-28T16:42:00-07:00,43.415059500000005
1782690180,2026-06-28T16:43:00-07:00,43.415059500000005
1782690240,2026-06-28T16:44:00-07:00,43.415059500000005
1782690300,2026-06-28T16:45:00-07:00,43.415059500000005
1782690420,2026-06-28T16:47:00-07:00,37.820509166666675
1782690480,2026-06-28T16:48:00-07:00,37.820509166666675
1782690540,2026-06-28T16:49:00-07:00,37.820509166666675
1782690600,2026-06-28T16:50:00-07:00,37.820509166666675
1782690660,2026-06-28T16:51:00-07:00,37.820509166666675
1782690780,2026-06-28T16:53:00-07:00,40.977111666666666
1782690840,2026-06-28T16:54:00-07:00,40.977111666666666
1782690900,2026-06-28T16:55:00-07:00,40.977111666666666
1782690960,2026-06-28T16:56:00-07:00,40.977111666666666
1782691020,2026-06-28T16:57:00-07:00,40.977111666666666
1782691140,2026-06-28T16:59:00-07:00,38.909166
1782691200,2026-06-28T17:00:00-07:00,38.909166
1782691260,2026-06-28T17:01:00-07:00,38.909166
1782691320,2026-06-28T17:02:00-07:00,38.909166
1782691380,2026-06-28T17:03:00-07:00,38.909166
1782691860,2026-06-28T17:11:00-07:00,34.96131066666666
1782691920,2026-06-28T17:12:00-07:00,34.96131066666666
1782691980,2026-06-28T17:13:00-07:00,34.96131066666666
1782692040,2026-06-28T17:14:00-07:00,34.96131066666666
1782692100,2026-06-28T17:15:00-07:00,34.96131066666666
1782692220,2026-06-28T17:17:00-07:00,41.624932333333334
1782692280,2026-06-28T17:18:00-07:00,41.624932333333334
1782692340,2026-06-28T17:19:00-07:00,41.624932333333334
1782692400,2026-06-28T17:20:00-07:00,41.624932333333334
1782692460,2026-06-28T17:21:00-07:00,41.624932333333334
1782692580,2026-06-28T17:23:00-07:00,35.80822766666667
1782692640,2026-06-28T17:24:00-07:00,35.80822766666667
1782692700,2026-06-28T17:25:00-07:00,35.80822766666667
1782692760,2026-06-28T17:26:00-07:00,35.80822766666667
1782692820,2026-06-28T17:27:00-07:00,35.80822766666667
1782692940,2026-06-28T17:29:00-07:00,37.361280666666666
1782693000,2026-06-28T17:30:00-07:00,37.361280666666666
1782693060,2026-06-28T17:31:00-07:00,37.361280666666666
1782693120,2026-06-28T17:32:00-07:00,37.361280666666666
1782693180,2026-06-28T17:33:00-07:00,37.361280666666666
1782693300,2026-06-28T17:35:00-07:00,33.19947633333334
1782693360,2026-06-28T17:36:00-07:00,33.19947633333334
1782693420,2026-06-28T17:37:00-07:00,33.19947633333334
1782693480,2026-06-28T17:38:00-07:00,33.19947633333334
1782693540,2026-06-28T17:39:00-07:00,33.19947633333334
1782693660,2026-06-28T17:41:00-07:00,46.884786
1782693720,2026-06-28T17:42:00-07:00,46.884786
1782693780,2026-06-28T17:43:00-07:00,46.884786
1782693840,2026-06-28T17:44:00-07:00,46.884786
1782693900,2026-06-28T17:45:00-07:00,46.884786
1782694140,2026-06-28T17:49:00-07:00,31.799180833333338
1782694200,2026-06-28T17:50:00-07:00,31.799180833333338
1782694260,2026-06-28T17:51:00-07:00,31.799180833333338
1782694320,2026-06-28T17:52:00-07:00,31.799180833333338
1782694380,2026-06-28T17:53:00-07:00,31.799180833333338
1782694500,2026-06-28T17:55:00-07:00,40.755343833333335
1782694560,2026-06-28T17:56:00-07:00,40.755343833333335
1782694620,2026-06-28T17:57:00-07:00,40.755343833333335
1782694680,2026-06-28T17:58:00-07:00,40.755343833333335
1782694740,2026-06-28T17:59:00-07:00,40.755343833333335
1782694860,2026-06-28T18:01:00-07:00,44.9067315
1782694920,2026-06-28T18:02:00-07:00,44.9067315
1782694980,2026-06-28T18:03:00-07:00,44.9067315
1782695040,2026-06-28T18:04:00-07:00,44.9067315
1782695100,2026-06-28T18:05:00-07:00,44.9067315
1782695520,2026-06-28T18:12:00-07:00,45.92774816666667
1782695580,2026-06-28T18:13:00-07:00,45.92774816666667
1782695640,2026-06-28T18:14:00-07:00,45.92774816666667
1782695700,2026-06-28T18:15:00-07:00,45.92774816666667
1782695760,2026-06-28T18:16:00-07:00,45.92774816666667
1782696300,2026-06-28T18:25:00-07:00,40.02522783333333
1782696360,2026-06-28T18:26:00-07:00,40.02522783333333
1782696420,2026-06-28T18:27:00-07:00,40.02522783333333
1782696480,2026-06-28T18:28:00-07:00,40.02522783333333
1782696540,2026-06-28T18:29:00-07:00,40.02522783333333
1782696600,2026-06-28T18:30:00-07:00,50.31185566666667
1782696660,2026-06-28T18:31:00-07:00,50.31185566666667
1782696720,2026-06-28T18:32:00-07:00,50.31185566666667
1782696780,2026-06-28T18:33:00-07:00,50.31185566666667
1782696840,2026-06-28T18:34:00-07:00,50.31185566666667
1782696960,2026-06-28T18:36:00-07:00,37.00811733333333
1782697020,2026-06-28T18:37:00-07:00,37.00811733333333
1782697080,2026-06-28T18:38:00-07:00,37.00811733333333
1782697140,2026-06-28T18:39:00-07:00,37.00811733333333
1782697200,2026-06-28T18:40:00-07:00,37.00811733333333
1782697260,2026-06-28T18:41:00-07:00,64.587464
1782697320,2026-06-28T18:42:00-07:00,64.587464
1782697380,2026-06-28T18:43:00-07:00,64.587464
1782697440,2026-06-28T18:44:00-07:00,64.587464
1782697500,2026-06-28T18:45:00-07:00,64.587464
1782697560,2026-06-28T18:46:00-07:00,66.20216883333335
1782697620,2026-06-28T18:47:00-07:00,66.20216883333335
1782697680,2026-06-28T18:48:00-07:00,66.20216883333335
1782697740,2026-06-28T18:49:00-07:00,66.20216883333335
1782697800,2026-06-28T18:50:00-07:00,66.20216883333335
1782697860,2026-06-28T18:51:00-07:00,36.18178983333333
1782697920,2026-06-28T18:52:00-07:00,36.18178983333333
1782697980,2026-06-28T18:53:00-07:00,36.18178983333333
1782698040,2026-06-28T18:54:00-07:00,36.18178983333333
1782698100,2026-06-28T18:55:00-07:00,36.18178983333333
1782698160,2026-06-28T18:56:00-07:00,57.162550166666676
1782698220,2026-06-28T18:57:00-07:00,57.162550166666676
1782698280,2026-06-28T18:58:00-07:00,57.162550166666676
1782698340,2026-06-28T18:59:00-07:00,57.162550166666676
1782698400,2026-06-28T19:00:00-07:00,57.162550166666676
1782698460,2026-06-28T19:01:00-07:00,73.35968700000001
1782698520,2026-06-28T19:02:00-07:00,73.35968700000001
1782698580,2026-06-28T19:03:00-07:00,73.35968700000001
1782698640,2026-06-28T19:04:00-07:00,73.35968700000001
1782698700,2026-06-28T19:05:00-07:00,73.35968700000001
1782698940,2026-06-28T19:09:00-07:00,76.65261483333333
1782699000,2026-06-28T19:10:00-07:00,76.65261483333333
1782699060,2026-06-28T19:11:00-07:00,76.65261483333333
1782699120,2026-06-28T19:12:00-07:00,76.65261483333333
1782699180,2026-06-28T19:13:00-07:00,76.65261483333333
1782699240,2026-06-28T19:14:00-07:00,46.42493333333332
1782699300,2026-06-28T19:15:00-07:00,46.42493333333332
1782699360,2026-06-28T19:16:00-07:00,46.42493333333332
1782699420,2026-06-28T19:17:00-07:00,46.42493333333332
1782699480,2026-06-28T19:18:00-07:00,46.42493333333332
1782699540,2026-06-28T19:19:00-07:00,37.646742499999995
1782699600,2026-06-28T19:20:00-07:00,37.646742499999995
1782699660,2026-06-28T19:21:00-07:00,37.646742499999995
1782699720,2026-06-28T19:22:00-07:00,37.646742499999995
1782699780,2026-06-28T19:23:00-07:00,37.646742499999995
1782699900,2026-06-28T19:25:00-07:00,33.77419666666666
1782699960,2026-06-28T19:26:00-07:00,33.77419666666666
1782700020,2026-06-28T19:27:00-07:00,33.77419666666666
1782700080,2026-06-28T19:28:00-07:00,33.77419666666666
1782700140,2026-06-28T19:29:00-07:00,33.77419666666666
1782700320,2026-06-28T19:32:00-07:00,35.27580416666667
1782700380,2026-06-28T19:33:00-07:00,35.27580416666667
1782700440,2026-06-28T19:34:00-07:00,35.27580416666667
1782700500,2026-06-28T19:35:00-07:00,35.27580416666667
1782700560,2026-06-28T19:36:00-07:00,35.27580416666667
1782700620,2026-06-28T19:37:00-07:00,39.76968083333333
1782700680,2026-06-28T19:38:00-07:00,39.76968083333333
1782700740,2026-06-28T19:39:00-07:00,39.76968083333333
1782700800,2026-06-28T19:40:00-07:00,39.76968083333333
1782700860,2026-06-28T19:41:00-07:00,39.76968083333333
1782701040,2026-06-28T19:44:00-07:00,35.286159833333336
1782701100,2026-06-28T19:45:00-07:00,35.286159833333336
1782701160,2026-06-28T19:46:00-07:00,35.286159833333336
1782701220,2026-06-28T19:47:00-07:00,35.286159833333336
1782701280,2026-06-28T19:48:00-07:00,35.286159833333336
1782701400,2026-06-28T19:50:00-07:00,36.26167816666666
1782701460,2026-06-28T19:51:00-07:00,36.26167816666666
1782701520,2026-06-28T19:52:00-07:00,36.26167816666666
1782701580,2026-06-28T19:53:00-07:00,36.26167816666666
1782701640,2026-06-28T19:54:00-07:00,36.26167816666666
1782701700,2026-06-28T19:55:00-07:00,118.9277428
1782701760,2026-06-28T19:56:00-07:00,118.9277428
1782701820,2026-06-28T19:57:00-07:00,118.9277428
1782701880,2026-06-28T19:58:00-07:00,118.9277428
1782701940,2026-06-28T19:59:00-07:00,118.9277428
1782702120,2026-06-28T20:02:00-07:00,33.826104
1782702180,2026-06-28T20:03:00-07:00,33.826104
1782702240,2026-06-28T20:04:00-07:00,33.826104
1782702300,2026-06-28T20:05:00-07:00,33.826104
1782702360,2026-06-28T20:06:00-07:00,33.826104
1782702480,2026-06-28T20:08:00-07:00,34.577881
1782702540,2026-06-28T20:09:00-07:00,34.577881
1782702600,2026-06-28T20:10:00-07:00,34.577881
1782702660,2026-06-28T20:11:00-07:00,34.577881
1782702720,2026-06-28T20:12:00-07:00,34.577881
1782702780,2026-06-28T20:13:00-07:00,57.849202333333324
1782702840,2026-06-28T20:14:00-07:00,57.849202333333324
1782702900,2026-06-28T20:15:00-07:00,57.849202333333324
1782702960,2026-06-28T20:16:00-07:00,57.849202333333324
1782703020,2026-06-28T20:17:00-07:00,57.849202333333324
1782703200,2026-06-28T20:20:00-07:00,42.85946983333333
1782703260,2026-06-28T20:21:00-07:00,42.85946983333333
1782703320,2026-06-28T20:22:00-07:00,42.85946983333333
1782703380,2026-06-28T20:23:00-07:00,42.85946983333333
1782703440,2026-06-28T20:24:00-07:00,42.85946983333333
1782703500,2026-06-28T20:25:00-07:00,39.845649
1782703560,2026-06-28T20:26:00-07:00,39.845649
1782703620,2026-06-28T20:27:00-07:00,39.845649
1782703680,2026-06-28T20:28:00-07:00,39.845649
1782703740,2026-06-28T20:29:00-07:00,39.845649
1782703860,2026-06-28T20:31:00-07:00,36.869615333333336
1782703920,2026-06-28T20:32:00-07:00,36.869615333333336
1782703980,2026-06-28T20:33:00-07:00,36.869615333333336
1782704040,2026-06-28T20:34:00-07:00,36.869615333333336
1782704100,2026-06-28T20:35:00-07:00,36.869615333333336
1782704220,2026-06-28T20:37:00-07:00,35.62780783333333
1782704280,2026-06-28T20:38:00-07:00,35.62780783333333
1782704340,2026-06-28T20:39:00-07:00,35.62780783333333
1782704400,2026-06-28T20:40:00-07:00,35.62780783333333
1782704460,2026-06-28T20:41:00-07:00,35.62780783333333
1782704520,2026-06-28T20:42:00-07:00,37.86278616666667
1782704580,2026-06-28T20:43:00-07:00,37.86278616666667
1782704640,2026-06-28T20:44:00-07:00,37.86278616666667
1782704700,2026-06-28T20:45:00-07:00,37.86278616666667
1782704760,2026-06-28T20:46:00-07:00,37.86278616666667
1782704880,2026-06-28T20:48:00-07:00,37.007487
1782704940,2026-06-28T20:49:00-07:00,37.007487
1782705000,2026-06-28T20:50:00-07:00,37.007487
1782705060,2026-06-28T20:51:00-07:00,37.007487
1782705120,2026-06-28T20:52:00-07:00,37.007487
1782705180,2026-06-28T20:53:00-07:00,41.93391233333333
1782705240,2026-06-28T20:54:00-07:00,41.93391233333333
1782705300,2026-06-28T20:55:00-07:00,41.93391233333333
1782705360,2026-06-28T20:56:00-07:00,41.93391233333333
1782705420,2026-06-28T20:57:00-07:00,41.93391233333333
1782705540,2026-06-28T20:59:00-07:00,39.38026966666666
1782705600,2026-06-28T21:00:00-07:00,39.38026966666666
1782705660,2026-06-28T21:01:00-07:00,39.38026966666666
1782705720,2026-06-28T21:02:00-07:00,39.38026966666666
1782705780,2026-06-28T21:03:00-07:00,39.38026966666666
1782705840,2026-06-28T21:04:00-07:00,63.0083345
1782705900,2026-06-28T21:05:00-07:00,63.0083345
1782705960,2026-06-28T21:06:00-07:00,63.0083345
1782706020,2026-06-28T21:07:00-07:00,63.0083345
1782706080,2026-06-28T21:08:00-07:00,63.0083345
1782706200,2026-06-28T21:10:00-07:00,36.6122435
1782706260,2026-06-28T21:11:00-07:00,36.6122435
1782706320,2026-06-28T21:12:00-07:00,36.6122435
1782706380,2026-06-28T21:13:00-07:00,36.6122435
1782706440,2026-06-28T21:14:00-07:00,36.6122435
1782706560,2026-06-28T21:16:00-07:00,37.71278216666666
1782706620,2026-06-28T21:17:00-07:00,37.71278216666666
1782706680,2026-06-28T21:18:00-07:00,37.71278216666666
1782706740,2026-06-28T21:19:00-07:00,37.71278216666666
1782706800,2026-06-28T21:20:00-07:00,37.71278216666666
1782707040,2026-06-28T21:24:00-07:00,38.667589
1782707100,2026-06-28T21:25:00-07:00,38.667589
1782707160,2026-06-28T21:26:00-07:00,38.667589
1782707220,2026-06-28T21:27:00-07:00,38.667589
1782707280,2026-06-28T21:28:00-07:00,38.667589
1782707400,2026-06-28T21:30:00-07:00,35.734937833333326
1782707460,2026-06-28T21:31:00-07:00,35.734937833333326
1782707520,2026-06-28T21:32:00-07:00,35.734937833333326
1782707580,2026-06-28T21:33:00-07:00,35.734937833333326
1782707640,2026-06-28T21:34:00-07:00,35.734937833333326
1782707760,2026-06-28T21:36:00-07:00,38.815727833333334
1782707820,2026-06-28T21:37:00-07:00,38.815727833333334
1782707880,2026-06-28T21:38:00-07:00,38.815727833333334
1782707940,2026-06-28T21:39:00-07:00,38.815727833333334
1782708000,2026-06-28T21:40:00-07:00,38.815727833333334
1782708120,2026-06-28T21:42:00-07:00,36.66733800000001
1782708180,2026-06-28T21:43:00-07:00,36.66733800000001
1782708240,2026-06-28T21:44:00-07:00,36.66733800000001
1782708300,2026-06-28T21:45:00-07:00,36.66733800000001
1782708360,2026-06-28T21:46:00-07:00,36.66733800000001
1782708420,2026-06-28T21:47:00-07:00,38.470214666666664
1782708480,2026-06-28T21:48:00-07:00,38.470214666666664
1782708540,2026-06-28T21:49:00-07:00,38.470214666666664
1782708600,2026-06-28T21:50:00-07:00,38.470214666666664
1782708660,2026-06-28T21:51:00-07:00,38.470214666666664
1782708840,2026-06-28T21:54:00-07:00,43.261827333333336
1782708900,2026-06-28T21:55:00-07:00,43.261827333333336
1782708960,2026-06-28T21:56:00-07:00,43.261827333333336
1782709020,2026-06-28T21:57:00-07:00,43.261827333333336
1782709080,2026-06-28T21:58:00-07:00,43.261827333333336
1782709260,2026-06-28T22:01:00-07:00,36.46487783333333
1782709320,2026-06-28T22:02:00-07:00,36.46487783333333
1782709380,2026-06-28T22:03:00-07:00,36.46487783333333
1782709440,2026-06-28T22:04:00-07:00,36.46487783333333
1782709500,2026-06-28T22:05:00-07:00,36.46487783333333
1782709680,2026-06-28T22:08:00-07:00,38.02389183333333
1782709740,2026-06-28T22:09:00-07:00,38.02389183333333
1782709800,2026-06-28T22:10:00-07:00,38.02389183333333
1782709860,2026-06-28T22:11:00-07:00,38.02389183333333
1782709920,2026-06-28T22:12:00-07:00,38.02389183333333
1782709980,2026-06-28T22:13:00-07:00,36.99321833333333
1782710040,2026-06-28T22:14:00-07:00,36.99321833333333
1782710100,2026-06-28T22:15:00-07:00,36.99321833333333
1782710160,2026-06-28T22:16:00-07:00,36.99321833333333
1782710220,2026-06-28T22:17:00-07:00,36.99321833333333
1782710400,2026-06-28T22:20:00-07:00,33.24365233333333
1782710460,2026-06-28T22:21:00-07:00,33.24365233333333
1782710520,2026-06-28T22:22:00-07:00,33.24365233333333
1782710580,2026-06-28T22:23:00-07:00,33.24365233333333
1782710640,2026-06-28T22:24:00-07:00,33.24365233333333
1782710700,2026-06-28T22:25:00-07:00,38.241475666666666
1782710760,2026-06-28T22:26:00-07:00,38.241475666666666
1782710820,2026-06-28T22:27:00-07:00,38.241475666666666
1782710880,2026-06-28T22:28:00-07:00,38.241475666666666
1782710940,2026-06-28T22:29:00-07:00,38.241475666666666
1782711000,2026-06-28T22:30:00-07:00,36.99897633333333
1782711060,2026-06-28T22:31:00-07:00,36.99897633333333
1782711120,2026-06-28T22:32:00-07:00,36.99897633333333
1782711180,2026-06-28T22:33:00-07:00,36.99897633333333
1782711240,2026-06-28T22:34:00-07:00,36.99897633333333
1782711420,2026-06-28T22:37:00-07:00,36.78479683333333
1782711480,2026-06-28T22:38:00-07:00,36.78479683333333
1782711540,2026-06-28T22:39:00-07:00,36.78479683333333
1782711600,2026-06-28T22:40:00-07:00,36.78479683333333
1782711660,2026-06-28T22:41:00-07:00,36.78479683333333
1782711780,2026-06-28T22:43:00-07:00,69.37188733333335
1782711840,2026-06-28T22:44:00-07:00,69.37188733333335
1782711900,2026-06-28T22:45:00-07:00,69.37188733333335
1782711960,2026-06-28T22:46:00-07:00,69.37188733333335
1782712020,2026-06-28T22:47:00-07:00,69.37188733333335
1782712080,2026-06-28T22:48:00-07:00,68.77675366666666
1782712140,2026-06-28T22:49:00-07:00,68.77675366666666
1782712200,2026-06-28T22:50:00-07:00,68.77675366666666
1782712260,2026-06-28T22:51:00-07:00,68.77675366666666
1782712320,2026-06-28T22:52:00-07:00,68.77675366666666
1782712380,2026-06-28T22:53:00-07:00,37.39390716666667
1782712440,2026-06-28T22:54:00-07:00,37.39390716666667
1782712500,2026-06-28T22:55:00-07:00,37.39390716666667
1782712560,2026-06-28T22:56:00-07:00,37.39390716666667
1782712620,2026-06-28T22:57:00-07:00,37.39390716666667
1782712680,2026-06-28T22:58:00-07:00,53.01104733333333
1782712740,2026-06-28T22:59:00-07:00,53.01104733333333
1782712800,2026-06-28T23:00:00-07:00,53.01104733333333
1782712860,2026-06-28T23:01:00-07:00,53.01104733333333
1782712920,2026-06-28T23:02:00-07:00,53.01104733333333
1782712980,2026-06-28T23:03:00-07:00,87.799669
1782713040,2026-06-28T23:04:00-07:00,87.799669
1782713100,2026-06-28T23:05:00-07:00,87.799669
1782713160,2026-06-28T23:06:00-07:00,87.799669
1782713220,2026-06-28T23:07:00-07:00,87.799669
1782713280,2026-06-28T23:08:00-07:00,88.94923233333334
1782713340,2026-06-28T23:09:00-07:00,88.94923233333334
1782713400,2026-06-28T23:10:00-07:00,88.94923233333334
1782713460,2026-06-28T23:11:00-07:00,88.94923233333334
1782713520,2026-06-28T23:12:00-07:00,88.94923233333334
1782713580,2026-06-28T23:13:00-07:00,70.452406
1782713640,2026-06-28T23:14:00-07:00,70.452406
1782713700,2026-06-28T23:15:00-07:00,70.452406
1782713760,2026-06-28T23:16:00-07:00,70.452406
1782713820,2026-06-28T23:17:00-07:00,70.452406
1782713940,2026-06-28T23:19:00-07:00,35.160109
1782714000,2026-06-28T23:20:00-07:00,35.160109
1782714060,2026-06-28T23:21:00-07:00,35.160109
1782714120,2026-06-28T23:22:00-07:00,35.160109
1782714180,2026-06-28T23:23:00-07:00,35.160109
1782714240,2026-06-28T23:24:00-07:00,61.03242349999999
1782714300,2026-06-28T23:25:00-07:00,61.03242349999999
1782714360,2026-06-28T23:26:00-07:00,61.03242349999999
1782714420,2026-06-28T23:27:00-07:00,61.03242349999999
1782714480,2026-06-28T23:28:00-07:00,61.03242349999999
1782714540,2026-06-28T23:29:00-07:00,63.56570133333333
1782714600,2026-06-28T23:30:00-07:00,63.56570133333333
1782714660,2026-06-28T23:31:00-07:00,63.56570133333333
1782714720,2026-06-28T23:32:00-07:00,63.56570133333333
1782714780,2026-06-28T23:33:00-07:00,63.56570133333333
1782714840,2026-06-28T23:34:00-07:00,82.20296233333333
1782714900,2026-06-28T23:35:00-07:00,82.20296233333333
1782714960,2026-06-28T23:36:00-07:00,82.20296233333333
1782715020,2026-06-28T23:37:00-07:00,82.20296233333333
1782715080,2026-06-28T23:38:00-07:00,82.20296233333333
1782715140,2026-06-28T23:39:00-07:00,67.57524966666666
1782715200,2026-06-28T23:40:00-07:00,67.57524966666666
1782715260,2026-06-28T23:41:00-07:00,67.57524966666666
1782715320,2026-06-28T23:42:00-07:00,67.57524966666666
1782715380,2026-06-28T23:43:00-07:00,67.57524966666666
1782715500,2026-06-28T23:45:00-07:00,37.32123466666667
1782715560,2026-06-28T23:46:00-07:00,37.32123466666667
1782715620,2026-06-28T23:47:00-07:00,37.32123466666667
1782715680,2026-06-28T23:48:00-07:00,37.32123466666667
1782715740,2026-06-28T23:49:00-07:00,37.32123466666667
1782715800,2026-06-28T23:50:00-07:00,65.34577116666667
1782715860,2026-06-28T23:51:00-07:00,65.34577116666667
1782715920,2026-06-28T23:52:00-07:00,65.34577116666667
1782715980,2026-06-28T23:53:00-07:00,65.34577116666667
1782716040,2026-06-28T23:54:00-07:00,65.34577116666667
1782716100,2026-06-28T23:55:00-07:00,67.79018166666667
1782716160,2026-06-28T23:56:00-07:00,67.79018166666667
1782716220,2026-06-28T23:57:00-07:00,67.79018166666667
1782716280,2026-06-28T23:58:00-07:00,67.79018166666667
1782716340,2026-06-28T23:59:00-07:00,67.79018166666667
1782716400,2026-06-29T00:00:00-07:00,37.794298
1782716460,2026-06-29T00:01:00-07:00,37.794298
1782716520,2026-06-29T00:02:00-07:00,37.794298
1782716580,2026-06-29T00:03:00-07:00,37.794298
1782716640,2026-06-29T00:04:00-07:00,37.794298
1782716700,2026-06-29T00:05:00-07:00,70.03704833333335
1782716760,2026-06-29T00:06:00-07:00,70.03704833333335
1782716820,2026-06-29T00:07:00-07:00,70.03704833333335
1782716880,2026-06-29T00:08:00-07:00,70.03704833333335
1782716940,2026-06-29T00:09:00-07:00,70.03704833333335
1782717000,2026-06-29T00:10:00-07:00,67.86208766666668
1782717060,2026-06-29T00:11:00-07:00,67.86208766666668
1782717120,2026-06-29T00:12:00-07:00,67.86208766666668
1782717180,2026-06-29T00:13:00-07:00,67.86208766666668
1782717240,2026-06-29T00:14:00-07:00,67.86208766666668
1782717300,2026-06-29T00:15:00-07:00,36.973063333333336
1782717360,2026-06-29T00:16:00-07:00,36.973063333333336
1782717420,2026-06-29T00:17:00-07:00,36.973063333333336
1782717480,2026-06-29T00:18:00-07:00,36.973063333333336
1782717540,2026-06-29T00:19:00-07:00,36.973063333333336
1782717660,2026-06-29T00:21:00-07:00,69.50952183333332
1782717720,2026-06-29T00:22:00-07:00,69.50952183333332
1782717780,2026-06-29T00:23:00-07:00,69.50952183333332
1782717840,2026-06-29T00:24:00-07:00,69.50952183333332
1782717900,2026-06-29T00:25:00-07:00,69.50952183333332
1782717960,2026-06-29T00:26:00-07:00,72.15041749999999
1782718020,2026-06-29T00:27:00-07:00,72.15041749999999
1782718080,2026-06-29T00:28:00-07:00,72.15041749999999
1782718140,2026-06-29T00:29:00-07:00,72.15041749999999
1782718200,2026-06-29T00:30:00-07:00,72.15041749999999
1782718260,2026-06-29T00:31:00-07:00,40.7991465
1782718320,2026-06-29T00:32:00-07:00,40.7991465
1782718380,2026-06-29T00:33:00-07:00,40.7991465
1782718440,2026-06-29T00:34:00-07:00,40.7991465
1782718500,2026-06-29T00:35:00-07:00,40.7991465
1782718560,2026-06-29T00:36:00-07:00,62.10748966666667
1782718620,2026-06-29T00:37:00-07:00,62.10748966666667
1782718680,2026-06-29T00:38:00-07:00,62.10748966666667
1782718740,2026-06-29T00:39:00-07:00,62.10748966666667
1782718800,2026-06-29T00:40:00-07:00,62.10748966666667
1782718860,2026-06-29T00:41:00-07:00,71.7162815
1782718920,2026-06-29T00:42:00-07:00,71.7162815
1782718980,2026-06-29T00:43:00-07:00,71.7162815
1782719040,2026-06-29T00:44:00-07:00,71.7162815
1782719100,2026-06-29T00:45:00-07:00,71.7162815
1782719160,2026-06-29T00:46:00-07:00,41.01051183333333
1782719220,2026-06-29T00:47:00-07:00,41.01051183333333
1782719280,2026-06-29T00:48:00-07:00,41.01051183333333
1782719340,2026-06-29T00:49:00-07:00,41.01051183333333
1782719400,2026-06-29T00:50:00-07:00,41.01051183333333
1782719460,2026-06-29T00:51:00-07:00,64.15514449999999
1782719520,2026-06-29T00:52:00-07:00,64.15514449999999
1782719580,2026-06-29T00:53:00-07:00,64.15514449999999
1782719640,2026-06-29T00:54:00-07:00,64.15514449999999
1782719700,2026-06-29T00:55:00-07:00,64.15514449999999
1782719820,2026-06-29T00:57:00-07:00,73.69955783333334
1782719880,2026-06-29T00:58:00-07:00,73.69955783333334
1782719940,2026-06-29T00:59:00-07:00,73.69955783333334
1782720000,2026-06-29T01:00:00-07:00,73.69955783333334
1782720060,2026-06-29T01:01:00-07:00,73.69955783333334
1782720120,2026-06-29T01:02:00-07:00,37.61343733333334
1782720180,2026-06-29T01:03:00-07:00,37.61343733333334
1782720240,2026-06-29T01:04:00-07:00,37.61343733333334
1782720300,2026-06-29T01:05:00-07:00,37.61343733333334
1782720360,2026-06-29T01:06:00-07:00,37.61343733333334
1782720420,2026-06-29T01:07:00-07:00,63.20284716666668
1782720480,2026-06-29T01:08:00-07:00,63.20284716666668
1782720540,2026-06-29T01:09:00-07:00,63.20284716666668
1782720600,2026-06-29T01:10:00-07:00,63.20284716666668
1782720660,2026-06-29T01:11:00-07:00,63.20284716666668
1782720720,2026-06-29T01:12:00-07:00,69.15125200000001
1782720780,2026-06-29T01:13:00-07:00,69.15125200000001
1782720840,2026-06-29T01:14:00-07:00,69.15125200000001
1782720900,2026-06-29T01:15:00-07:00,69.15125200000001
1782720960,2026-06-29T01:16:00-07:00,69.15125200000001
1782721020,2026-06-29T01:17:00-07:00,36.27349866666666
1782721080,2026-06-29T01:18:00-07:00,36.27349866666666
1782721140,2026-06-29T01:19:00-07:00,36.27349866666666
1782721200,2026-06-29T01:20:00-07:00,36.27349866666666
1782721260,2026-06-29T01:21:00-07:00,36.27349866666666
1782721320,2026-06-29T01:22:00-07:00,71.96617283333333
1782721380,2026-06-29T01:23:00-07:00,71.96617283333333
1782721440,2026-06-29T01:24:00-07:00,71.96617283333333
1782721500,2026-06-29T01:25:00-07:00,71.96617283333333
1782721560,2026-06-29T01:26:00-07:00,71.96617283333333
1782721620,2026-06-29T01:27:00-07:00,64.22976383333334
1782721680,2026-06-29T01:28:00-07:00,64.22976383333334
1782721740,2026-06-29T01:29:00-07:00,64.22976383333334
1782721800,2026-06-29T01:30:00-07:00,64.22976383333334
1782721860,2026-06-29T01:31:00-07:00,64.22976383333334
1782721920,2026-06-29T01:32:00-07:00,36.716919
1782721980,2026-06-29T01:33:00-07:00,36.716919
1782722040,2026-06-29T01:34:00-07:00,36.716919
1782722100,2026-06-29T01:35:00-07:00,36.716919
1782722160,2026-06-29T01:36:00-07:00,36.716919
1782722280,2026-06-29T01:38:00-07:00,78.589247
1782722340,2026-06-29T01:39:00-07:00,78.589247
1782722400,2026-06-29T01:40:00-07:00,78.589247
1782722460,2026-06-29T01:41:00-07:00,78.589247
1782722520,2026-06-29T01:42:00-07:00,78.589247
1782722580,2026-06-29T01:43:00-07:00,67.220215
1782722640,2026-06-29T01:44:00-07:00,67.220215
1782722700,2026-06-29T01:45:00-07:00,67.220215
1782722760,2026-06-29T01:46:00-07:00,67.220215
1782722820,2026-06-29T01:47:00-07:00,67.220215
1782722880,2026-06-29T01:48:00-07:00,35.06481283333333
1782722940,2026-06-29T01:49:00-07:00,35.06481283333333
1782723000,2026-06-29T01:50:00-07:00,35.06481283333333
1782723060,2026-06-29T01:51:00-07:00,35.06481283333333
1782723120,2026-06-29T01:52:00-07:00,35.06481283333333
1782723180,2026-06-29T01:53:00-07:00,66.02359333333334
1782723240,2026-06-29T01:54:00-07:00,66.02359333333334
1782723300,2026-06-29T01:55:00-07:00,66.02359333333334
1782723360,2026-06-29T01:56:00-07:00,66.02359333333334
1782723420,2026-06-29T01:57:00-07:00,66.02359333333334
1782723480,2026-06-29T01:58:00-07:00,74.78628183333333
1782723540,2026-06-29T01:59:00-07:00,74.78628183333333
1782723600,2026-06-29T02:00:00-07:00,74.78628183333333
1782723660,2026-06-29T02:01:00-07:00,74.78628183333333
1782723720,2026-06-29T02:02:00-07:00,74.78628183333333
1782723780,2026-06-29T02:03:00-07:00,37.203491166666666
1782723840,2026-06-29T02:04:00-07:00,37.203491166666666
1782723900,2026-06-29T02:05:00-07:00,37.203491166666666
1782723960,2026-06-29T02:06:00-07:00,37.203491166666666
1782724020,2026-06-29T02:07:00-07:00,37.203491166666666
1782724080,2026-06-29T02:08:00-07:00,67.42295333333334
1782724140,2026-06-29T02:09:00-07:00,67.42295333333334
1782724200,2026-06-29T02:10:00-07:00,67.42295333333334
1782724260,2026-06-29T02:11:00-07:00,67.42295333333334
1782724320,2026-06-29T02:12:00-07:00,67.42295333333334
1782724440,2026-06-29T02:14:00-07:00,66.68312566666667
1782724500,2026-06-29T02:15:00-07:00,66.68312566666667
1782724560,2026-06-29T02:16:00-07:00,66.68312566666667
1782724620,2026-06-29T02:17:00-07:00,66.68312566666667
1782724680,2026-06-29T02:18:00-07:00,66.68312566666667
1782724740,2026-06-29T02:19:00-07:00,37.325819333333335
1782724800,2026-06-29T02:20:00-07:00,37.325819333333335
1782724860,2026-06-29T02:21:00-07:00,37.325819333333335
1782724920,2026-06-29T02:22:00-07:00,37.325819333333335
1782724980,2026-06-29T02:23:00-07:00,37.325819333333335
1782725040,2026-06-29T02:24:00-07:00,68.05182583333334
1782725100,2026-06-29T02:25:00-07:00,68.05182583333334
1782725160,2026-06-29T02:26:00-07:00,68.05182583333334
1782725220,2026-06-29T02:27:00-07:00,68.05182583333334
1782725280,2026-06-29T02:28:00-07:00,68.05182583333334
1782725340,2026-06-29T02:29:00-07:00,67.47205950000001
1782725400,2026-06-29T02:30:00-07:00,67.47205950000001
1782725460,2026-06-29T02:31:00-07:00,67.47205950000001
1782725520,2026-06-29T02:32:00-07:00,67.47205950000001
1782725580,2026-06-29T02:33:00-07:00,67.47205950000001
1782725640,2026-06-29T02:34:00-07:00,36.093776999999996
1782725700,2026-06-29T02:35:00-07:00,36.093776999999996
1782725760,2026-06-29T02:36:00-07:00,36.093776999999996
1782725820,2026-06-29T02:37:00-07:00,36.093776999999996
1782725880,2026-06-29T02:38:00-07:00,36.093776999999996
1782725940,2026-06-29T02:39:00-07:00,69.23379866666667
1782726000,2026-06-29T02:40:00-07:00,69.23379866666667
1782726060,2026-06-29T02:41:00-07:00,69.23379866666667
1782726120,2026-06-29T02:42:00-07:00,69.23379866666667
1782726180,2026-06-29T02:43:00-07:00,69.23379866666667
1782726240,2026-06-29T02:44:00-07:00,62.704922
1782726300,2026-06-29T02:45:00-07:00,62.704922
1782726360,2026-06-29T02:46:00-07:00,62.704922
1782726420,2026-06-29T02:47:00-07:00,62.704922
1782726480,2026-06-29T02:48:00-07:00,62.704922
1782726540,2026-06-29T02:49:00-07:00,34.93157933333333
1782726600,2026-06-29T02:50:00-07:00,34.93157933333333
1782726660,2026-06-29T02:51:00-07:00,34.93157933333333
1782726720,2026-06-29T02:52:00-07:00,34.93157933333333
1782726780,2026-06-29T02:53:00-07:00,34.93157933333333
1782726900,2026-06-29T02:55:00-07:00,69.50923683333333
1782726960,2026-06-29T02:56:00-07:00,69.50923683333333
1782727020,2026-06-29T02:57:00-07:00,69.50923683333333
1782727080,2026-06-29T02:58:00-07:00,69.50923683333333
1782727140,2026-06-29T02:59:00-07:00,69.50923683333333
1782727200,2026-06-29T03:00:00-07:00,64.0693495
1782727260,2026-06-29T03:01:00-07:00,64.0693495
1782727320,2026-06-29T03:02:00-07:00,64.0693495
1782727380,2026-06-29T03:03:00-07:00,64.0693495
1782727440,2026-06-29T03:04:00-07:00,64.0693495
1782727500,2026-06-29T03:05:00-07:00,37.08814850000001
1782727560,2026-06-29T03:06:00-07:00,37.08814850000001
1782727620,2026-06-29T03:07:00-07:00,37.08814850000001
1782727680,2026-06-29T03:08:00-07:00,37.08814850000001
1782727740,2026-06-29T03:09:00-07:00,37.08814850000001
1782727800,2026-06-29T03:10:00-07:00,62.70722116666666
1782727860,2026-06-29T03:11:00-07:00,62.70722116666666
1782727920,2026-06-29T03:12:00-07:00,62.70722116666666
1782727980,2026-06-29T03:13:00-07:00,62.70722116666666
1782728040,2026-06-29T03:14:00-07:00,62.70722116666666
1782728100,2026-06-29T03:15:00-07:00,67.50212933333333
1782728160,2026-06-29T03:16:00-07:00,67.50212933333333
1782728220,2026-06-29T03:17:00-07:00,67.50212933333333
1782728280,2026-06-29T03:18:00-07:00,67.50212933333333
1782728340,2026-06-29T03:19:00-07:00,67.50212933333333
1782728400,2026-06-29T03:20:00-07:00,35.91224483333333
1782728460,2026-06-29T03:21:00-07:00,35.91224483333333
1782728520,2026-06-29T03:22:00-07:00,35.91224483333333
1782728580,2026-06-29T03:23:00-07:00,35.91224483333333
1782728640,2026-06-29T03:24:00-07:00,35.91224483333333
1782728700,2026-06-29T03:25:00-07:00,71.89356833333333
1782728760,2026-06-29T03:26:00-07:00,71.89356833333333
1782728820,2026-06-29T03:27:00-07:00,71.89356833333333
1782728880,2026-06-29T03:28:00-07:00,71.89356833333333
1782728940,2026-06-29T03:29:00-07:00,71.89356833333333
1782729000,2026-06-29T03:30:00-07:00,63.19236916666666
1782729060,2026-06-29T03:31:00-07:00,63.19236916666666
1782729120,2026-06-29T03:32:00-07:00,63.19236916666666
1782729180,2026-06-29T03:33:00-07:00,63.19236916666666
1782729240,2026-06-29T03:34:00-07:00,63.19236916666666
1782729360,2026-06-29T03:36:00-07:00,40.436570833333334
1782729420,2026-06-29T03:37:00-07:00,40.436570833333334
1782729480,2026-06-29T03:38:00-07:00,40.436570833333334
1782729540,2026-06-29T03:39:00-07:00,40.436570833333334
1782729600,2026-06-29T03:40:00-07:00,40.436570833333334
1782729660,2026-06-29T03:41:00-07:00,62.28380666666667
1782729720,2026-06-29T03:42:00-07:00,62.28380666666667
1782729780,2026-06-29T03:43:00-07:00,62.28380666666667
1782729840,2026-06-29T03:44:00-07:00,62.28380666666667
1782729900,2026-06-29T03:45:00-07:00,62.28380666666667
1782729960,2026-06-29T03:46:00-07:00,67.29466433333333
1782730020,2026-06-29T03:47:00-07:00,67.29466433333333
1782730080,2026-06-29T03:48:00-07:00,67.29466433333333
1782730140,2026-06-29T03:49:00-07:00,67.29466433333333
1782730200,2026-06-29T03:50:00-07:00,67.29466433333333
1782730260,2026-06-29T03:51:00-07:00,37.910441166666665
1782730320,2026-06-29T03:52:00-07:00,37.910441166666665
1782730380,2026-06-29T03:53:00-07:00,37.910441166666665
1782730440,2026-06-29T03:54:00-07:00,37.910441166666665
1782730500,2026-06-29T03:55:00-07:00,37.910441166666665
1782730560,2026-06-29T03:56:00-07:00,73.62421316666666
1782730620,2026-06-29T03:57:00-07:00,73.62421316666666
1782730680,2026-06-29T03:58:00-07:00,73.62421316666666
1782730740,2026-06-29T03:59:00-07:00,73.62421316666666
1782730800,2026-06-29T04:00:00-07:00,73.62421316666666
1782730860,2026-06-29T04:01:00-07:00,65.75542533333333
1782730920,2026-06-29T04:02:00-07:00,65.75542533333333
1782730980,2026-06-29T04:03:00-07:00,65.75542533333333
1782731040,2026-06-29T04:04:00-07:00,65.75542533333333
1782731100,2026-06-29T04:05:00-07:00,65.75542533333333
1782731160,2026-06-29T04:06:00-07:00,36.804674000000006
1782731220,2026-06-29T04:07:00-07:00,36.804674000000006
1782731280,2026-06-29T04:08:00-07:00,36.804674000000006
1782731340,2026-06-29T04:09:00-07:00,36.804674000000006
1782731400,2026-06-29T04:10:00-07:00,36.804674000000006
1782731460,2026-06-29T04:11:00-07:00,67.85934833333333
1782731520,2026-06-29T04:12:00-07:00,67.85934833333333
1782731580,2026-06-29T04:13:00-07:00,67.85934833333333
1782731640,2026-06-29T04:14:00-07:00,67.85934833333333
1782731700,2026-06-29T04:15:00-07:00,67.85934833333333
1782731820,2026-06-29T04:17:00-07:00,64.24793183333334
1782731880,2026-06-29T04:18:00-07:00,64.24793183333334
1782731940,2026-06-29T04:19:00-07:00,64.24793183333334
1782732000,2026-06-29T04:20:00-07:00,64.24793183333334
1782732060,2026-06-29T04:21:00-07:00,64.24793183333334
1782732120,2026-06-29T04:22:00-07:00,36.1833155
1782732180,2026-06-29T04:23:00-07:00,36.1833155
1782732240,2026-06-29T04:24:00-07:00,36.1833155
1782732300,2026-06-29T04:25:00-07:00,36.1833155
1782732360,2026-06-29T04:26:00-07:00,36.1833155
1782732420,2026-06-29T04:27:00-07:00,67.656189
1782732480,2026-06-29T04:28:00-07:00,67.656189
1782732540,2026-06-29T04:29:00-07:00,67.656189
1782732600,2026-06-29T04:30:00-07:00,67.656189
1782732660,2026-06-29T04:31:00-07:00,67.656189
1782732720,2026-06-29T04:32:00-07:00,71.25472683333334
1782732780,2026-06-29T04:33:00-07:00,71.25472683333334
1782732840,2026-06-29T04:34:00-07:00,71.25472683333334
1782732900,2026-06-29T04:35:00-07:00,71.25472683333334
1782732960,2026-06-29T04:36:00-07:00,71.25472683333334
1782733020,2026-06-29T04:37:00-07:00,34.97106933333333
1782733080,2026-06-29T04:38:00-07:00,34.97106933333333
1782733140,2026-06-29T04:39:00-07:00,34.97106933333333
1782733200,2026-06-29T04:40:00-07:00,34.97106933333333
1782733260,2026-06-29T04:41:00-07:00,34.97106933333333
1782733320,2026-06-29T04:42:00-07:00,73.92806
1782733380,2026-06-29T04:43:00-07:00,73.92806
1782733440,2026-06-29T04:44:00-07:00,73.92806
1782733500,2026-06-29T04:45:00-07:00,73.92806
1782733560,2026-06-29T04:46:00-07:00,73.92806
1782733620,2026-06-29T04:47:00-07:00,64.818061
1782733680,2026-06-29T04:48:00-07:00,64.818061
1782733740,2026-06-29T04:49:00-07:00,64.818061
1782733800,2026-06-29T04:50:00-07:00,64.818061
1782733860,2026-06-29T04:51:00-07:00,64.818061
1782733920,2026-06-29T04:52:00-07:00,37.501695500000004
1782733980,2026-06-29T04:53:00-07:00,37.501695500000004
1782734040,2026-06-29T04:54:00-07:00,37.501695500000004
1782734100,2026-06-29T04:55:00-07:00,37.501695500000004
1782734160,2026-06-29T04:56:00-07:00,37.501695500000004
1782734280,2026-06-29T04:58:00-07:00,63.009162
1782734340,2026-06-29T04:59:00-07:00,63.009162
1782734400,2026-06-29T05:00:00-07:00,63.009162
1782734460,2026-06-29T05:01:00-07:00,63.009162
1782734520,2026-06-29T05:02:00-07:00,63.009162
1782734580,2026-06-29T05:03:00-07:00,60.238403500000004
1782734640,2026-06-29T05:04:00-07:00,60.238403500000004
1782734700,2026-06-29T05:05:00-07:00,60.238403500000004
1782734760,2026-06-29T05:06:00-07:00,60.238403500000004
1782734820,2026-06-29T05:07:00-07:00,60.238403500000004
1782734880,2026-06-29T05:08:00-07:00,38.158210000000004
1782734940,2026-06-29T05:09:00-07:00,38.158210000000004
1782735000,2026-06-29T05:10:00-07:00,38.158210000000004
1782735060,2026-06-29T05:11:00-07:00,38.158210000000004
1782735120,2026-06-29T05:12:00-07:00,38.158210000000004
1782735180,2026-06-29T05:13:00-07:00,64.21390783333334
1782735240,2026-06-29T05:14:00-07:00,64.21390783333334
1782735300,2026-06-29T05:15:00-07:00,64.21390783333334
1782735360,2026-06-29T05:16:00-07:00,64.21390783333334
1782735420,2026-06-29T05:17:00-07:00,64.21390783333334
1782735480,2026-06-29T05:18:00-07:00,67.46144616666665
1782735540,2026-06-29T05:19:00-07:00,67.46144616666665
1782735600,2026-06-29T05:20:00-07:00,67.46144616666665
1782735660,2026-06-29T05:21:00-07:00,67.46144616666665
1782735720,2026-06-29T05:22:00-07:00,67.46144616666665
1782735780,2026-06-29T05:23:00-07:00,36.80285633333333
1782735840,2026-06-29T05:24:00-07:00,36.80285633333333
1782735900,2026-06-29T05:25:00-07:00,36.80285633333333
1782735960,2026-06-29T05:26:00-07:00,36.80285633333333
1782736020,2026-06-29T05:27:00-07:00,36.80285633333333
1782736080,2026-06-29T05:28:00-07:00,66.10211166666667
1782736140,2026-06-29T05:29:00-07:00,66.10211166666667
1782736200,2026-06-29T05:30:00-07:00,66.10211166666667
1782736260,2026-06-29T05:31:00-07:00,66.10211166666667
1782736320,2026-06-29T05:32:00-07:00,66.10211166666667
1782736380,2026-06-29T05:33:00-07:00,71.17624216666667
1782736440,2026-06-29T05:34:00-07:00,71.17624216666667
1782736500,2026-06-29T05:35:00-07:00,71.17624216666667
1782736560,2026-06-29T05:36:00-07:00,71.17624216666667
1782736620,2026-06-29T05:37:00-07:00,71.17624216666667
1782736680,2026-06-29T05:38:00-07:00,37.596489999999996
1782736740,2026-06-29T05:39:00-07:00,37.596489999999996
1782736800,2026-06-29T05:40:00-07:00,37.596489999999996
1782736860,2026-06-29T05:41:00-07:00,37.596489999999996
1782736920,2026-06-29T05:42:00-07:00,37.596489999999996
1782737040,2026-06-29T05:44:00-07:00,61.95290833333334
1782737100,2026-06-29T05:45:00-07:00,61.95290833333334
1782737160,2026-06-29T05:46:00-07:00,61.95290833333334
1782737220,2026-06-29T05:47:00-07:00,61.95290833333334
1782737280,2026-06-29T05:48:00-07:00,61.95290833333334
1782737340,2026-06-29T05:49:00-07:00,62.248996166666664
1782737400,2026-06-29T05:50:00-07:00,62.248996166666664
1782737460,2026-06-29T05:51:00-07:00,62.248996166666664
1782737520,2026-06-29T05:52:00-07:00,62.248996166666664
1782737580,2026-06-29T05:53:00-07:00,62.248996166666664
1782737640,2026-06-29T05:54:00-07:00,42.21719033333333
1782737700,2026-06-29T05:55:00-07:00,42.21719033333333
1782737760,2026-06-29T05:56:00-07:00,42.21719033333333
1782737820,2026-06-29T05:57:00-07:00,42.21719033333333
1782737880,2026-06-29T05:58:00-07:00,42.21719033333333
1782737940,2026-06-29T05:59:00-07:00,70.12182616666666
1782738000,2026-06-29T06:00:00-07:00,70.12182616666666
1782738060,2026-06-29T06:01:00-07:00,70.12182616666666
1782738120,2026-06-29T06:02:00-07:00,70.12182616666666
1782738180,2026-06-29T06:03:00-07:00,70.12182616666666
1782738240,2026-06-29T06:04:00-07:00,66.49180766666666
1782738300,2026-06-29T06:05:00-07:00,66.49180766666666
1782738360,2026-06-29T06:06:00-07:00,66.49180766666666
1782738420,2026-06-29T06:07:00-07:00,66.49180766666666
1782738480,2026-06-29T06:08:00-07:00,66.49180766666666
1782738540,2026-06-29T06:09:00-07:00,35.12417283333334
1782738600,2026-06-29T06:10:00-07:00,35.12417283333334
1782738660,2026-06-29T06:11:00-07:00,35.12417283333334
1782738720,2026-06-29T06:12:00-07:00,35.12417283333334
1782738780,2026-06-29T06:13:00-07:00,35.12417283333334
1782738840,2026-06-29T06:14:00-07:00,70.20853683333333
1782738900,2026-06-29T06:15:00-07:00,70.20853683333333
1782738960,2026-06-29T06:16:00-07:00,70.20853683333333
1782739020,2026-06-29T06:17:00-07:00,70.20853683333333
1782739080,2026-06-29T06:18:00-07:00,70.20853683333333
1782739140,2026-06-29T06:19:00-07:00,52.37566433333334
1782739200,2026-06-29T06:20:00-07:00,52.37566433333334
1782739260,2026-06-29T06:21:00-07:00,52.37566433333334
1782739320,2026-06-29T06:22:00-07:00,52.37566433333334
1782739380,2026-06-29T06:23:00-07:00,52.37566433333334
1782739440,2026-06-29T06:24:00-07:00,37.40220133333333
1782739500,2026-06-29T06:25:00-07:00,37.40220133333333
1782739560,2026-06-29T06:26:00-07:00,37.40220133333333
1782739620,2026-06-29T06:27:00-07:00,37.40220133333333
1782739680,2026-06-29T06:28:00-07:00,37.40220133333333
1782739800,2026-06-29T06:30:00-07:00,40.419636999999994
1782739860,2026-06-29T06:31:00-07:00,40.419636999999994
1782739920,2026-06-29T06:32:00-07:00,40.419636999999994
1782739980,2026-06-29T06:33:00-07:00,40.419636999999994
1782740040,2026-06-29T06:34:00-07:00,40.419636999999994
1782740220,2026-06-29T06:37:00-07:00,47.91929783333333
1782740280,2026-06-29T06:38:00-07:00,47.91929783333333
1782740340,2026-06-29T06:39:00-07:00,47.91929783333333
1782740400,2026-06-29T06:40:00-07:00,47.91929783333333
1782740460,2026-06-29T06:41:00-07:00,47.91929783333333
1782740520,2026-06-29T06:42:00-07:00,37.71166316666667
1782740580,2026-06-29T06:43:00-07:00,37.71166316666667
1782740640,2026-06-29T06:44:00-07:00,37.71166316666667
1782740700,2026-06-29T06:45:00-07:00,37.71166316666667
1782740760,2026-06-29T06:46:00-07:00,37.71166316666667
1782741120,2026-06-29T06:52:00-07:00,38.53857433333334
1782741180,2026-06-29T06:53:00-07:00,38.53857433333334
1782741240,2026-06-29T06:54:00-07:00,38.53857433333334
1782741300,2026-06-29T06:55:00-07:00,38.53857433333334
1782741360,2026-06-29T06:56:00-07:00,38.53857433333334
1782741540,2026-06-29T06:59:00-07:00,43.504035166666675
1782741600,2026-06-29T07:00:00-07:00,43.504035166666675
1782741660,2026-06-29T07:01:00-07:00,43.504035166666675
1782741720,2026-06-29T07:02:00-07:00,43.504035166666675
1782741780,2026-06-29T07:03:00-07:00,43.504035166666675
1782741840,2026-06-29T07:04:00-07:00,106.67404516666666
1782741900,2026-06-29T07:05:00-07:00,106.67404516666666
1782741960,2026-06-29T07:06:00-07:00,106.67404516666666
1782742020,2026-06-29T07:07:00-07:00,106.67404516666666
1782742080,2026-06-29T07:08:00-07:00,106.67404516666666
1782742140,2026-06-29T07:09:00-07:00,24.526645333333335
1782742200,2026-06-29T07:10:00-07:00,24.526645333333335
1782742260,2026-06-29T07:11:00-07:00,24.526645333333335
1782742320,2026-06-29T07:12:00-07:00,24.526645333333335
1782742380,2026-06-29T07:13:00-07:00,24.526645333333335
1782742500,2026-06-29T07:15:00-07:00,26.1307305
1782742560,2026-06-29T07:16:00-07:00,26.1307305
1782742620,2026-06-29T07:17:00-07:00,26.1307305
1782742680,2026-06-29T07:18:00-07:00,26.1307305
1782742740,2026-06-29T07:19:00-07:00,26.1307305
1782742800,2026-06-29T07:20:00-07:00,40.68602816666667
1782742860,2026-06-29T07:21:00-07:00,40.68602816666667
1782742920,2026-06-29T07:22:00-07:00,40.68602816666667
1782742980,2026-06-29T07:23:00-07:00,40.68602816666667
1782743040,2026-06-29T07:24:00-07:00,40.68602816666667
1782743100,2026-06-29T07:25:00-07:00,37.5258245
1782743160,2026-06-29T07:26:00-07:00,37.5258245
1782743220,2026-06-29T07:27:00-07:00,37.5258245
1782743280,2026-06-29T07:28:00-07:00,37.5258245
1782743340,2026-06-29T07:29:00-07:00,37.5258245
1782743400,2026-06-29T07:30:00-07:00,99.52682183333332
1782743460,2026-06-29T07:31:00-07:00,99.52682183333332
1782743520,2026-06-29T07:32:00-07:00,99.52682183333332
1782743580,2026-06-29T07:33:00-07:00,99.52682183333332
1782743640,2026-06-29T07:34:00-07:00,99.52682183333332
1782743700,2026-06-29T07:35:00-07:00,37.9325695
1782743760,2026-06-29T07:36:00-07:00,37.9325695
1782743820,2026-06-29T07:37:00-07:00,37.9325695
1782743880,2026-06-29T07:38:00-07:00,37.9325695
1782743940,2026-06-29T07:39:00-07:00,37.9325695
1782744000,2026-06-29T07:40:00-07:00,39.69200316666667
1782744060,2026-06-29T07:41:00-07:00,39.69200316666667
1782744120,2026-06-29T07:42:00-07:00,39.69200316666667
1782744180,2026-06-29T07:43:00-07:00,39.69200316666667
1782744240,2026-06-29T07:44:00-07:00,39.69200316666667
1782744300,2026-06-29T07:45:00-07:00,105.56403933333333
1782744360,2026-06-29T07:46:00-07:00,105.56403933333333
1782744420,2026-06-29T07:47:00-07:00,105.56403933333333
1782744480,2026-06-29T07:48:00-07:00,105.56403933333333
1782744540,2026-06-29T07:49:00-07:00,105.56403933333333
1782744600,2026-06-29T07:50:00-07:00,54.699632333333334
1782744660,2026-06-29T07:51:00-07:00,54.699632333333334
1782744720,2026-06-29T07:52:00-07:00,54.699632333333334
1782744780,2026-06-29T07:53:00-07:00,54.699632333333334
1782744840,2026-06-29T07:54:00-07:00,54.699632333333334
1782744900,2026-06-29T07:55:00-07:00,87.57778583333334
1782744960,2026-06-29T07:56:00-07:00,87.57778583333334
1782745020,2026-06-29T07:57:00-07:00,87.57778583333334
1782745080,2026-06-29T07:58:00-07:00,87.57778583333334
1782745140,2026-06-29T07:59:00-07:00,87.57778583333334
1782745200,2026-06-29T08:00:00-07:00,46.08289933333334
1782745260,2026-06-29T08:01:00-07:00,46.08289933333334
1782745320,2026-06-29T08:02:00-07:00,46.08289933333334
1782745380,2026-06-29T08:03:00-07:00,46.08289933333334
1782745440,2026-06-29T08:04:00-07:00,46.08289933333334
1782745560,2026-06-29T08:06:00-07:00,214.97217499999996
1782745620,2026-06-29T08:07:00-07:00,214.97217499999996
1782745680,2026-06-29T08:08:00-07:00,214.97217499999996
1782745740,2026-06-29T08:09:00-07:00,214.97217499999996
1782745800,2026-06-29T08:10:00-07:00,214.97217499999996
1782745860,2026-06-29T08:11:00-07:00,34.40678583333333
1782745920,2026-06-29T08:12:00-07:00,34.40678583333333
1782745980,2026-06-29T08:13:00-07:00,34.40678583333333
1782746040,2026-06-29T08:14:00-07:00,34.40678583333333
1782746100,2026-06-29T08:15:00-07:00,34.40678583333333
1782746160,2026-06-29T08:16:00-07:00,35.96110066666667
1782746220,2026-06-29T08:17:00-07:00,35.96110066666667
1782746280,2026-06-29T08:18:00-07:00,35.96110066666667
1782746340,2026-06-29T08:19:00-07:00,35.96110066666667
1782746400,2026-06-29T08:20:00-07:00,35.96110066666667
1782746520,2026-06-29T08:22:00-07:00,30.97120483333333
1782746580,2026-06-29T08:23:00-07:00,30.97120483333333
1782746640,2026-06-29T08:24:00-07:00,30.97120483333333
1782746700,2026-06-29T08:25:00-07:00,30.97120483333333
1782746760,2026-06-29T08:26:00-07:00,30.97120483333333
1782746820,2026-06-29T08:27:00-07:00,72.83713083333333
1782746880,2026-06-29T08:28:00-07:00,72.83713083333333
1782746940,2026-06-29T08:29:00-07:00,72.83713083333333
1782747000,2026-06-29T08:30:00-07:00,72.83713083333333
1782747060,2026-06-29T08:31:00-07:00,72.83713083333333
1782747480,2026-06-29T08:38:00-07:00,32.617052
1782747540,2026-06-29T08:39:00-07:00,32.617052
1782747600,2026-06-29T08:40:00-07:00,32.617052
1782747660,2026-06-29T08:41:00-07:00,32.617052
1782747720,2026-06-29T08:42:00-07:00,32.617052
1782747780,2026-06-29T08:43:00-07:00,33.635911666666665
1782747840,2026-06-29T08:44:00-07:00,33.635911666666665
1782747900,2026-06-29T08:45:00-07:00,33.635911666666665
1782747960,2026-06-29T08:46:00-07:00,33.635911666666665
1782748020,2026-06-29T08:47:00-07:00,33.635911666666665
1782748560,2026-06-29T08:56:00-07:00,36.164693166666666
1782748620,2026-06-29T08:57:00-07:00,36.164693166666666
1782748680,2026-06-29T08:58:00-07:00,36.164693166666666
1782748740,2026-06-29T08:59:00-07:00,36.164693166666666
1782748800,2026-06-29T09:00:00-07:00,36.164693166666666
1782748860,2026-06-29T09:01:00-07:00,73.44382033333333
1782748920,2026-06-29T09:02:00-07:00,73.44382033333333
1782748980,2026-06-29T09:03:00-07:00,73.44382033333333
1782749040,2026-06-29T09:04:00-07:00,73.44382033333333
1782749100,2026-06-29T09:05:00-07:00,73.44382033333333
1782749160,2026-06-29T09:06:00-07:00,49.22226949999999
1782749220,2026-06-29T09:07:00-07:00,49.22226949999999
1782749280,2026-06-29T09:08:00-07:00,49.22226949999999
1782749340,2026-06-29T09:09:00-07:00,49.22226949999999
1782749400,2026-06-29T09:10:00-07:00,49.22226949999999
1782749460,2026-06-29T09:11:00-07:00,30.862725166666664
1782749520,2026-06-29T09:12:00-07:00,30.862725166666664
1782749580,2026-06-29T09:13:00-07:00,30.862725166666664
1782749640,2026-06-29T09:14:00-07:00,30.862725166666664
1782749700,2026-06-29T09:15:00-07:00,30.862725166666664
1782749880,2026-06-29T09:18:00-07:00,42.449510499999995
1782749940,2026-06-29T09:19:00-07:00,42.449510499999995
1782750000,2026-06-29T09:20:00-07:00,42.449510499999995
1782750060,2026-06-29T09:21:00-07:00,42.449510499999995
1782750120,2026-06-29T09:22:00-07:00,42.449510499999995
1782750240,2026-06-29T09:24:00-07:00,31.813076500000005
1782750300,2026-06-29T09:25:00-07:00,31.813076500000005
1782750360,2026-06-29T09:26:00-07:00,31.813076500000005
1782750420,2026-06-29T09:27:00-07:00,31.813076500000005
1782750480,2026-06-29T09:28:00-07:00,31.813076500000005
1782750600,2026-06-29T09:30:00-07:00,31.802557833333328
1782750660,2026-06-29T09:31:00-07:00,31.802557833333328
1782750720,2026-06-29T09:32:00-07:00,31.802557833333328
1782750780,2026-06-29T09:33:00-07:00,31.802557833333328
1782750840,2026-06-29T09:34:00-07:00,31.802557833333328
1782750900,2026-06-29T09:35:00-07:00,28.13243316666667
1782750960,2026-06-29T09:36:00-07:00,28.13243316666667
1782751020,2026-06-29T09:37:00-07:00,28.13243316666667
1782751080,2026-06-29T09:38:00-07:00,28.13243316666667
1782751140,2026-06-29T09:39:00-07:00,28.13243316666667
1782751200,2026-06-29T09:40:00-07:00,35.06073666666666
1782751260,2026-06-29T09:41:00-07:00,35.06073666666666
1782751320,2026-06-29T09:42:00-07:00,35.06073666666666
1782751380,2026-06-29T09:43:00-07:00,35.06073666666666
1782751440,2026-06-29T09:44:00-07:00,35.06073666666666
1782751500,2026-06-29T09:45:00-07:00,37.284138999999996
1782751560,2026-06-29T09:46:00-07:00,37.284138999999996
1782751620,2026-06-29T09:47:00-07:00,37.284138999999996
1782751680,2026-06-29T09:48:00-07:00,37.284138999999996
1782751740,2026-06-29T09:49:00-07:00,37.284138999999996
1782751920,2026-06-29T09:52:00-07:00,33.136569333333334
1782751980,2026-06-29T09:53:00-07:00,33.136569333333334
1782752040,2026-06-29T09:54:00-07:00,33.136569333333334
1782752100,2026-06-29T09:55:00-07:00,33.136569333333334
1782752160,2026-06-29T09:56:00-07:00,33.136569333333334
1782752280,2026-06-29T09:58:00-07:00,31.745225833333333
1782752340,2026-06-29T09:59:00-07:00,31.745225833333333
1782752400,2026-06-29T10:00:00-07:00,31.745225833333333
1782752460,2026-06-29T10:01:00-07:00,31.745225833333333
1782752520,2026-06-29T10:02:00-07:00,31.745225833333333
1782752580,2026-06-29T10:03:00-07:00,33.38268366666667
1782752640,2026-06-29T10:04:00-07:00,33.38268366666667
1782752700,2026-06-29T10:05:00-07:00,33.38268366666667
1782752760,2026-06-29T10:06:00-07:00,33.38268366666667
1782752820,2026-06-29T10:07:00-07:00,33.38268366666667
1782753720,2026-06-29T10:22:00-07:00,35.834778
1782753780,2026-06-29T10:23:00-07:00,35.834778
1782753840,2026-06-29T10:24:00-07:00,35.834778
1782753900,2026-06-29T10:25:00-07:00,35.834778
1782753960,2026-06-29T10:26:00-07:00,35.834778
1782754080,2026-06-29T10:28:00-07:00,51.83292666666666
1782754140,2026-06-29T10:29:00-07:00,51.83292666666666
1782754200,2026-06-29T10:30:00-07:00,51.83292666666666
1782754260,2026-06-29T10:31:00-07:00,51.83292666666666
1782754320,2026-06-29T10:32:00-07:00,51.83292666666666
1782754440,2026-06-29T10:34:00-07:00,26.512742833333334
1782754500,2026-06-29T10:35:00-07:00,26.512742833333334
1782754560,2026-06-29T10:36:00-07:00,26.512742833333334
1782754620,2026-06-29T10:37:00-07:00,26.512742833333334
1782754680,2026-06-29T10:38:00-07:00,26.512742833333334
1782754740,2026-06-29T10:39:00-07:00,84.29936416666666
1782754800,2026-06-29T10:40:00-07:00,84.29936416666666
1782754860,2026-06-29T10:41:00-07:00,84.29936416666666
1782754920,2026-06-29T10:42:00-07:00,84.29936416666666
1782754980,2026-06-29T10:43:00-07:00,84.29936416666666
1782755700,2026-06-29T10:55:00-07:00,38.22848866666667
1782755760,2026-06-29T10:56:00-07:00,38.22848866666667
1782755820,2026-06-29T10:57:00-07:00,38.22848866666667
1782755880,2026-06-29T10:58:00-07:00,38.22848866666667
1782755940,2026-06-29T10:59:00-07:00,38.22848866666667
1782756060,2026-06-29T11:01:00-07:00,31.845832
1782756120,2026-06-29T11:02:00-07:00,31.845832
1782756180,2026-06-29T11:03:00-07:00,31.845832
1782756240,2026-06-29T11:04:00-07:00,31.845832
1782756300,2026-06-29T11:05:00-07:00,31.845832
1782756420,2026-06-29T11:07:00-07:00,35.139967
1782756480,2026-06-29T11:08:00-07:00,35.139967
1782756540,2026-06-29T11:09:00-07:00,35.139967
1782756600,2026-06-29T11:10:00-07:00,35.139967
1782756660,2026-06-29T11:11:00-07:00,35.139967
1782756840,2026-06-29T11:14:00-07:00,33.976494499999994
1782756900,2026-06-29T11:15:00-07:00,33.976494499999994
1782756960,2026-06-29T11:16:00-07:00,33.976494499999994
1782757020,2026-06-29T11:17:00-07:00,33.976494499999994
1782757080,2026-06-29T11:18:00-07:00,33.976494499999994
1782757140,2026-06-29T11:19:00-07:00,33.829318666666666
1782757200,2026-06-29T11:20:00-07:00,33.829318666666666
1782757260,2026-06-29T11:21:00-07:00,33.829318666666666
1782757320,2026-06-29T11:22:00-07:00,33.829318666666666
1782757380,2026-06-29T11:23:00-07:00,33.829318666666666
1782757440,2026-06-29T11:24:00-07:00,31.153625333333327
1782757500,2026-06-29T11:25:00-07:00,31.153625333333327
1782757560,2026-06-29T11:26:00-07:00,31.153625333333327
1782757620,2026-06-29T11:27:00-07:00,31.153625333333327
1782757680,2026-06-29T11:28:00-07:00,31.153625333333327
1782757740,2026-06-29T11:29:00-07:00,73.16567666666667
1782757800,2026-06-29T11:30:00-07:00,73.16567666666667
1782757860,2026-06-29T11:31:00-07:00,73.16567666666667
1782757920,2026-06-29T11:32:00-07:00,73.16567666666667
1782757980,2026-06-29T11:33:00-07:00,73.16567666666667
1782758040,2026-06-29T11:34:00-07:00,33.67574716666667
1782758100,2026-06-29T11:35:00-07:00,33.67574716666667
1782758160,2026-06-29T11:36:00-07:00,33.67574716666667
1782758220,2026-06-29T11:37:00-07:00,33.67574716666667
1782758280,2026-06-29T11:38:00-07:00,33.67574716666667
1782758340,2026-06-29T11:39:00-07:00,47.34191916666666
1782758400,2026-06-29T11:40:00-07:00,47.34191916666666
1782758460,2026-06-29T11:41:00-07:00,47.34191916666666
1782758520,2026-06-29T11:42:00-07:00,47.34191916666666
1782758580,2026-06-29T11:43:00-07:00,47.34191916666666
1782758700,2026-06-29T11:45:00-07:00,72.18372283333333
1782758760,2026-06-29T11:46:00-07:00,72.18372283333333
1782758820,2026-06-29T11:47:00-07:00,72.18372283333333
1782758880,2026-06-29T11:48:00-07:00,72.18372283333333
1782758940,2026-06-29T11:49:00-07:00,72.18372283333333
1782759000,2026-06-29T11:50:00-07:00,29.89545366666667
1782759060,2026-06-29T11:51:00-07:00,29.89545366666667
1782759120,2026-06-29T11:52:00-07:00,29.89545366666667
1782759180,2026-06-29T11:53:00-07:00,29.89545366666667
1782759240,2026-06-29T11:54:00-07:00,29.89545366666667
1782759300,2026-06-29T11:55:00-07:00,35.99087183333333
1782759360,2026-06-29T11:56:00-07:00,35.99087183333333
1782759420,2026-06-29T11:57:00-07:00,35.99087183333333
1782759480,2026-06-29T11:58:00-07:00,35.99087183333333
1782759540,2026-06-29T11:59:00-07:00,35.99087183333333
1782759600,2026-06-29T12:00:00-07:00,71.41947416666666
1782759660,2026-06-29T12:01:00-07:00,71.41947416666666
1782759720,2026-06-29T12:02:00-07:00,71.41947416666666
1782759780,2026-06-29T12:03:00-07:00,71.41947416666666
1782759840,2026-06-29T12:04:00-07:00,71.41947416666666
1782759900,2026-06-29T12:05:00-07:00,33.787624666666666
1782759960,2026-06-29T12:06:00-07:00,33.787624666666666
1782760020,2026-06-29T12:07:00-07:00,33.787624666666666
1782760080,2026-06-29T12:08:00-07:00,33.787624666666666
1782760140,2026-06-29T12:09:00-07:00,33.787624666666666
1782760200,2026-06-29T12:10:00-07:00,35.48738583333333
1782760260,2026-06-29T12:11:00-07:00,35.48738583333333
1782760320,2026-06-29T12:12:00-07:00,35.48738583333333
1782760380,2026-06-29T12:13:00-07:00,35.48738583333333
1782760440,2026-06-29T12:14:00-07:00,35.48738583333333
1782760500,2026-06-29T12:15:00-07:00,82.140354
1782760560,2026-06-29T12:16:00-07:00,82.140354
1782760620,2026-06-29T12:17:00-07:00,82.140354
1782760680,2026-06-29T12:18:00-07:00,82.140354
1782760740,2026-06-29T12:19:00-07:00,82.140354
1782760800,2026-06-29T12:20:00-07:00,33.97059466666667
1782760860,2026-06-29T12:21:00-07:00,33.97059466666667
1782760920,2026-06-29T12:22:00-07:00,33.97059466666667
1782760980,2026-06-29T12:23:00-07:00,33.97059466666667
1782761040,2026-06-29T12:24:00-07:00,33.97059466666667
1782761100,2026-06-29T12:25:00-07:00,24.648797000000002
1782761160,2026-06-29T12:26:00-07:00,24.648797000000002
1782761220,2026-06-29T12:27:00-07:00,24.648797000000002
1782761280,2026-06-29T12:28:00-07:00,24.648797000000002
1782761340,2026-06-29T12:29:00-07:00,24.648797000000002
1782761460,2026-06-29T12:31:00-07:00,73.92778833333334
1782761520,2026-06-29T12:32:00-07:00,73.92778833333334
1782761580,2026-06-29T12:33:00-07:00,73.92778833333334
1782761640,2026-06-29T12:34:00-07:00,73.92778833333334
1782761700,2026-06-29T12:35:00-07:00,73.92778833333334
1782761760,2026-06-29T12:36:00-07:00,30.451314333333332
1782761820,2026-06-29T12:37:00-07:00,30.451314333333332
1782761880,2026-06-29T12:38:00-07:00,30.451314333333332
1782761940,2026-06-29T12:39:00-07:00,30.451314333333332
1782762000,2026-06-29T12:40:00-07:00,30.451314333333332
1782762060,2026-06-29T12:41:00-07:00,34.24632416666667
1782762120,2026-06-29T12:42:00-07:00,34.24632416666667
1782762180,2026-06-29T12:43:00-07:00,34.24632416666667
1782762240,2026-06-29T12:44:00-07:00,34.24632416666667
1782762300,2026-06-29T12:45:00-07:00,34.24632416666667
1782762360,2026-06-29T12:46:00-07:00,35.260023333333336
1782762420,2026-06-29T12:47:00-07:00,35.260023333333336
1782762480,2026-06-29T12:48:00-07:00,35.260023333333336
1782762540,2026-06-29T12:49:00-07:00,35.260023333333336
1782762600,2026-06-29T12:50:00-07:00,35.260023333333336
1782763080,2026-06-29T12:58:00-07:00,36.07190616666667
1782763140,2026-06-29T12:59:00-07:00,36.07190616666667
1782763200,2026-06-29T13:00:00-07:00,36.07190616666667
1782763260,2026-06-29T13:01:00-07:00,36.07190616666667
1782763320,2026-06-29T13:02:00-07:00,36.07190616666667
1782763440,2026-06-29T13:04:00-07:00,77.25145833333333
1782763500,2026-06-29T13:05:00-07:00,77.25145833333333
1782763560,2026-06-29T13:06:00-07:00,77.25145833333333
1782763620,2026-06-29T13:07:00-07:00,77.25145833333333
1782763680,2026-06-29T13:08:00-07:00,77.25145833333333
1782763800,2026-06-29T13:10:00-07:00,38.506897
1782763860,2026-06-29T13:11:00-07:00,38.506897
1782763920,2026-06-29T13:12:00-07:00,38.506897
1782763980,2026-06-29T13:13:00-07:00,38.506897
1782764040,2026-06-29T13:14:00-07:00,38.506897
1782764160,2026-06-29T13:16:00-07:00,32.94282366666667
1782764220,2026-06-29T13:17:00-07:00,32.94282366666667
1782764280,2026-06-29T13:18:00-07:00,32.94282366666667
1782764340,2026-06-29T13:19:00-07:00,32.94282366666667
1782764400,2026-06-29T13:20:00-07:00,32.94282366666667
1782764520,2026-06-29T13:22:00-07:00,35.38127299999999
1782764580,2026-06-29T13:23:00-07:00,35.38127299999999
1782764640,2026-06-29T13:24:00-07:00,35.38127299999999
1782764700,2026-06-29T13:25:00-07:00,35.38127299999999
1782764760,2026-06-29T13:26:00-07:00,35.38127299999999
1782764820,2026-06-29T13:27:00-07:00,30.19718416666667
1782764880,2026-06-29T13:28:00-07:00,30.19718416666667
1782764940,2026-06-29T13:29:00-07:00,30.19718416666667
1782765000,2026-06-29T13:30:00-07:00,30.19718416666667
1782765060,2026-06-29T13:31:00-07:00,30.19718416666667
1782765540,2026-06-29T13:39:00-07:00,33.01367183333333
1782765600,2026-06-29T13:40:00-07:00,33.01367183333333
1782765660,2026-06-29T13:41:00-07:00,33.01367183333333
1782765720,2026-06-29T13:42:00-07:00,33.01367183333333
1782765780,2026-06-29T13:43:00-07:00,33.01367183333333
1782765840,2026-06-29T13:44:00-07:00,31.239407
1782765900,2026-06-29T13:45:00-07:00,31.239407
1782765960,2026-06-29T13:46:00-07:00,31.239407
1782766020,2026-06-29T13:47:00-07:00,31.239407
1782766080,2026-06-29T13:48:00-07:00,31.239407
1782766200,2026-06-29T13:50:00-07:00,33.15604
1782766260,2026-06-29T13:51:00-07:00,33.15604
1782766320,2026-06-29T13:52:00-07:00,33.15604
1782766380,2026-06-29T13:53:00-07:00,33.15604
1782766440,2026-06-29T13:54:00-07:00,33.15604
1782766560,2026-06-29T13:56:00-07:00,29.80632183333333
1782766620,2026-06-29T13:57:00-07:00,29.80632183333333
1782766680,2026-06-29T13:58:00-07:00,29.80632183333333
1782766740,2026-06-29T13:59:00-07:00,29.80632183333333
1782766800,2026-06-29T14:00:00-07:00,29.80632183333333
1782766860,2026-06-29T14:01:00-07:00,33.076728
1782766920,2026-06-29T14:02:00-07:00,33.076728
1782766980,2026-06-29T14:03:00-07:00,33.076728
1782767040,2026-06-29T14:04:00-07:00,33.076728
1782767100,2026-06-29T14:05:00-07:00,33.076728
1782767220,2026-06-29T14:07:00-07:00,33.17383483333333
1782767280,2026-06-29T14:08:00-07:00,33.17383483333333
1782767340,2026-06-29T14:09:00-07:00,33.17383483333333
1782767400,2026-06-29T14:10:00-07:00,33.17383483333333
1782767460,2026-06-29T14:11:00-07:00,33.17383483333333
1782767580,2026-06-29T14:13:00-07:00,35.79514583333333
1782767640,2026-06-29T14:14:00-07:00,35.79514583333333
1782767700,2026-06-29T14:15:00-07:00,35.79514583333333
1782767760,2026-06-29T14:16:00-07:00,35.79514583333333
1782767820,2026-06-29T14:17:00-07:00,35.79514583333333
1782767940,2026-06-29T14:19:00-07:00,65.07780633333333
1782768000,2026-06-29T14:20:00-07:00,65.07780633333333
1782768060,2026-06-29T14:21:00-07:00,65.07780633333333
1782768120,2026-06-29T14:22:00-07:00,65.07780633333333
1782768180,2026-06-29T14:23:00-07:00,65.07780633333333
1782768240,2026-06-29T14:24:00-07:00,38.656019333333326
1782768300,2026-06-29T14:25:00-07:00,38.656019333333326
1782768360,2026-06-29T14:26:00-07:00,38.656019333333326
1782768420,2026-06-29T14:27:00-07:00,38.656019333333326
1782768480,2026-06-29T14:28:00-07:00,38.656019333333326
1782768600,2026-06-29T14:30:00-07:00,31.28633616666667
1782768660,2026-06-29T14:31:00-07:00,31.28633616666667
1782768720,2026-06-29T14:32:00-07:00,31.28633616666667
1782768780,2026-06-29T14:33:00-07:00,31.28633616666667
1782768840,2026-06-29T14:34:00-07:00,31.28633616666667
1782768900,2026-06-29T14:35:00-07:00,56.091817333333346
1782768960,2026-06-29T14:36:00-07:00,56.091817333333346
1782769020,2026-06-29T14:37:00-07:00,56.091817333333346
1782769080,2026-06-29T14:38:00-07:00,56.091817333333346
1782769140,2026-06-29T14:39:00-07:00,56.091817333333346
1782769200,2026-06-29T14:40:00-07:00,56.681782999999996
1782769260,2026-06-29T14:41:00-07:00,56.681782999999996
1782769320,2026-06-29T14:42:00-07:00,56.681782999999996
1782769380,2026-06-29T14:43:00-07:00,56.681782999999996
1782769440,2026-06-29T14:44:00-07:00,56.681782999999996
1782769500,2026-06-29T14:45:00-07:00,95.14999049999999
1782769560,2026-06-29T14:46:00-07:00,95.14999049999999
1782769620,2026-06-29T14:47:00-07:00,95.14999049999999
1782769680,2026-06-29T14:48:00-07:00,95.14999049999999
1782769740,2026-06-29T14:49:00-07:00,95.14999049999999
1782769860,2026-06-29T14:51:00-07:00,51.11943883333333
1782769920,2026-06-29T14:52:00-07:00,51.11943883333333
1782769980,2026-06-29T14:53:00-07:00,51.11943883333333
1782770040,2026-06-29T14:54:00-07:00,51.11943883333333
1782770100,2026-06-29T14:55:00-07:00,51.11943883333333
1782770160,2026-06-29T14:56:00-07:00,91.66297066666668
1782770220,2026-06-29T14:57:00-07:00,91.66297066666668
1782770280,2026-06-29T14:58:00-07:00,91.66297066666668
1782770340,2026-06-29T14:59:00-07:00,91.66297066666668
1782770400,2026-06-29T15:00:00-07:00,91.66297066666668
1782770460,2026-06-29T15:01:00-07:00,42.88252766666667
1782770520,2026-06-29T15:02:00-07:00,42.88252766666667
1782770580,2026-06-29T15:03:00-07:00,42.88252766666667
1782770640,2026-06-29T15:04:00-07:00,42.88252766666667
1782770700,2026-06-29T15:05:00-07:00,42.88252766666667
1782770760,2026-06-29T15:06:00-07:00,49.517476499999994
1782770820,2026-06-29T15:07:00-07:00,49.517476499999994
1782770880,2026-06-29T15:08:00-07:00,49.517476499999994
1782770940,2026-06-29T15:09:00-07:00,49.517476499999994
1782771000,2026-06-29T15:10:00-07:00,49.517476499999994
1782771360,2026-06-29T15:16:00-07:00,37.02551283333333
1782771420,2026-06-29T15:17:00-07:00,37.02551283333333
1782771480,2026-06-29T15:18:00-07:00,37.02551283333333
1782771540,2026-06-29T15:19:00-07:00,37.02551283333333
1782771600,2026-06-29T15:20:00-07:00,37.02551283333333
1782771960,2026-06-29T15:26:00-07:00,45.761393000000005
1782772020,2026-06-29T15:27:00-07:00,45.761393000000005
1782772080,2026-06-29T15:28:00-07:00,45.761393000000005
1782772140,2026-06-29T15:29:00-07:00,45.761393000000005
1782772200,2026-06-29T15:30:00-07:00,45.761393000000005
1782772260,2026-06-29T15:31:00-07:00,36.7018095
1782772320,2026-06-29T15:32:00-07:00,36.7018095
1782772380,2026-06-29T15:33:00-07:00,36.7018095
1782772440,2026-06-29T15:34:00-07:00,36.7018095
1782772500,2026-06-29T15:35:00-07:00,36.7018095
1782772560,2026-06-29T15:36:00-07:00,36.48730466666667
1782772620,2026-06-29T15:37:00-07:00,36.48730466666667
1782772680,2026-06-29T15:38:00-07:00,36.48730466666667
1782772740,2026-06-29T15:39:00-07:00,36.48730466666667
1782772800,2026-06-29T15:40:00-07:00,36.48730466666667
1782772920,2026-06-29T15:42:00-07:00,207.79107016666669
1782772980,2026-06-29T15:43:00-07:00,207.79107016666669
1782773040,2026-06-29T15:44:00-07:00,207.79107016666669
1782773100,2026-06-29T15:45:00-07:00,207.79107016666669
1782773160,2026-06-29T15:46:00-07:00,207.79107016666669
1782773520,2026-06-29T15:52:00-07:00,28.075113833333333
1782773580,2026-06-29T15:53:00-07:00,28.075113833333333
1782773640,2026-06-29T15:54:00-07:00,28.075113833333333
1782773700,2026-06-29T15:55:00-07:00,28.075113833333333
1782773760,2026-06-29T15:56:00-07:00,28.075113833333333
1782773820,2026-06-29T15:57:00-07:00,36.0432605
1782773880,2026-06-29T15:58:00-07:00,36.0432605
1782773940,2026-06-29T15:59:00-07:00,36.0432605
1782774000,2026-06-29T16:00:00-07:00,36.0432605
1782774060,2026-06-29T16:01:00-07:00,36.0432605
1782774120,2026-06-29T16:02:00-07:00,45.41009533333334
1782774180,2026-06-29T16:03:00-07:00,45.41009533333334
1782774240,2026-06-29T16:04:00-07:00,45.41009533333334
1782774300,2026-06-29T16:05:00-07:00,45.41009533333334
1782774360,2026-06-29T16:06:00-07:00,45.41009533333334
1782775020,2026-06-29T16:17:00-07:00,69.30899366666667
1782775080,2026-06-29T16:18:00-07:00,69.30899366666667
1782775140,2026-06-29T16:19:00-07:00,69.30899366666667
1782775200,2026-06-29T16:20:00-07:00,69.30899366666667
1782775260,2026-06-29T16:21:00-07:00,69.30899366666667
1782775320,2026-06-29T16:22:00-07:00,66.09760883333333
1782775380,2026-06-29T16:23:00-07:00,66.09760883333333
1782775440,2026-06-29T16:24:00-07:00,66.09760883333333
1782775500,2026-06-29T16:25:00-07:00,66.09760883333333
1782775560,2026-06-29T16:26:00-07:00,66.09760883333333
1782775680,2026-06-29T16:28:00-07:00,36.08601866666667
1782775740,2026-06-29T16:29:00-07:00,36.08601866666667
1782775800,2026-06-29T16:30:00-07:00,36.08601866666667
1782775860,2026-06-29T16:31:00-07:00,36.08601866666667
1782775920,2026-06-29T16:32:00-07:00,36.08601866666667
1782775980,2026-06-29T16:33:00-07:00,144.54787199999998
1782776040,2026-06-29T16:34:00-07:00,144.54787199999998
1782776100,2026-06-29T16:35:00-07:00,144.54787199999998
1782776160,2026-06-29T16:36:00-07:00,144.54787199999998
1782776220,2026-06-29T16:37:00-07:00,144.54787199999998
1782776580,2026-06-29T16:43:00-07:00,88.89302566666667
1782776640,2026-06-29T16:44:00-07:00,88.89302566666667
1782776700,2026-06-29T16:45:00-07:00,88.89302566666667
1782776760,2026-06-29T16:46:00-07:00,88.89302566666667
1782776820,2026-06-29T16:47:00-07:00,88.89302566666667
1782776880,2026-06-29T16:48:00-07:00,66.70649516666667
1782776940,2026-06-29T16:49:00-07:00,66.70649516666667
1782777000,2026-06-29T16:50:00-07:00,66.70649516666667
1782777060,2026-06-29T16:51:00-07:00,66.70649516666667
1782777120,2026-06-29T16:52:00-07:00,66.70649516666667
1782777180,2026-06-29T16:53:00-07:00,51.29366733333334
1782777240,2026-06-29T16:54:00-07:00,51.29366733333334
1782777300,2026-06-29T16:55:00-07:00,51.29366733333334
1782777360,2026-06-29T16:56:00-07:00,51.29366733333334
1782777420,2026-06-29T16:57:00-07:00,51.29366733333334
1782777480,2026-06-29T16:58:00-07:00,71.72726116666666
1782777540,2026-06-29T16:59:00-07:00,71.72726116666666
1782777600,2026-06-29T17:00:00-07:00,71.72726116666666
1782777660,2026-06-29T17:01:00-07:00,71.72726116666666
1782777720,2026-06-29T17:02:00-07:00,71.72726116666666
1782777780,2026-06-29T17:03:00-07:00,50.74388316666667
1782777840,2026-06-29T17:04:00-07:00,50.74388316666667
1782777900,2026-06-29T17:05:00-07:00,50.74388316666667
1782777960,2026-06-29T17:06:00-07:00,50.74388316666667
1782778020,2026-06-29T17:07:00-07:00,50.74388316666667
1782778140,2026-06-29T17:09:00-07:00,34.64948183333333
1782778200,2026-06-29T17:10:00-07:00,34.64948183333333
1782778260,2026-06-29T17:11:00-07:00,34.64948183333333
1782778320,2026-06-29T17:12:00-07:00,34.64948183333333
1782778380,2026-06-29T17:13:00-07:00,34.64948183333333
1782778440,2026-06-29T17:14:00-07:00,66.81264916666667
1782778500,2026-06-29T17:15:00-07:00,66.81264916666667
1782778560,2026-06-29T17:16:00-07:00,66.81264916666667
1782778620,2026-06-29T17:17:00-07:00,66.81264916666667
1782778680,2026-06-29T17:18:00-07:00,66.81264916666667
1782778740,2026-06-29T17:19:00-07:00,34.96277516666666
1782778800,2026-06-29T17:20:00-07:00,34.96277516666666
1782778860,2026-06-29T17:21:00-07:00,34.96277516666666
1782778920,2026-06-29T17:22:00-07:00,34.96277516666666
1782778980,2026-06-29T17:23:00-07:00,34.96277516666666
1782779100,2026-06-29T17:25:00-07:00,49.797831166666676
1782779160,2026-06-29T17:26:00-07:00,49.797831166666676
1782779220,2026-06-29T17:27:00-07:00,49.797831166666676
1782779280,2026-06-29T17:28:00-07:00,49.797831166666676
1782779340,2026-06-29T17:29:00-07:00,49.797831166666676
1782779460,2026-06-29T17:31:00-07:00,37.067430333333334
1782779520,2026-06-29T17:32:00-07:00,37.067430333333334
1782779580,2026-06-29T17:33:00-07:00,37.067430333333334
1782779640,2026-06-29T17:34:00-07:00,37.067430333333334
1782779700,2026-06-29T17:35:00-07:00,37.067430333333334
1782779760,2026-06-29T17:36:00-07:00,38.062059
1782779820,2026-06-29T17:37:00-07:00,38.062059
1782779880,2026-06-29T17:38:00-07:00,38.062059
1782779940,2026-06-29T17:39:00-07:00,38.062059
1782780000,2026-06-29T17:40:00-07:00,38.062059
1782780120,2026-06-29T17:42:00-07:00,37.893154666666675
1782780180,2026-06-29T17:43:00-07:00,37.893154666666675
1782780240,2026-06-29T17:44:00-07:00,37.893154666666675
1782780300,2026-06-29T17:45:00-07:00,37.893154666666675
1782780360,2026-06-29T17:46:00-07:00,37.893154666666675
1782780480,2026-06-29T17:48:00-07:00,35.88195100000001
1782780540,2026-06-29T17:49:00-07:00,35.88195100000001
1782780600,2026-06-29T17:50:00-07:00,35.88195100000001
1782780660,2026-06-29T17:51:00-07:00,35.88195100000001
1782780720,2026-06-29T17:52:00-07:00,35.88195100000001
1782780780,2026-06-29T17:53:00-07:00,64.26433683333333
1782780840,2026-06-29T17:54:00-07:00,64.26433683333333
1782780900,2026-06-29T17:55:00-07:00,64.26433683333333
1782780960,2026-06-29T17:56:00-07:00,64.26433683333333
1782781020,2026-06-29T17:57:00-07:00,64.26433683333333
1782781080,2026-06-29T17:58:00-07:00,35.195475333333334
1782781140,2026-06-29T17:59:00-07:00,35.195475333333334
1782781200,2026-06-29T18:00:00-07:00,35.195475333333334
1782781260,2026-06-29T18:01:00-07:00,35.195475333333334
1782781320,2026-06-29T18:02:00-07:00,35.195475333333334
1782782040,2026-06-29T18:14:00-07:00,38.65774866666666
1782782100,2026-06-29T18:15:00-07:00,38.65774866666666
1782782160,2026-06-29T18:16:00-07:00,38.65774866666666
1782782220,2026-06-29T18:17:00-07:00,38.65774866666666
1782782280,2026-06-29T18:18:00-07:00,38.65774866666666
1782782400,2026-06-29T18:20:00-07:00,42.588365333333336
1782782460,2026-06-29T18:21:00-07:00,42.588365333333336
1782782520,2026-06-29T18:22:00-07:00,42.588365333333336
1782782580,2026-06-29T18:23:00-07:00,42.588365333333336
1782782640,2026-06-29T18:24:00-07:00,42.588365333333336
1782782700,2026-06-29T18:25:00-07:00,36.71335166666667
1782782760,2026-06-29T18:26:00-07:00,36.71335166666667
1782782820,2026-06-29T18:27:00-07:00,36.71335166666667
1782782880,2026-06-29T18:28:00-07:00,36.71335166666667
1782782940,2026-06-29T18:29:00-07:00,36.71335166666667
1782783060,2026-06-29T18:31:00-07:00,45.112630499999995
1782783120,2026-06-29T18:32:00-07:00,45.112630499999995
1782783180,2026-06-29T18:33:00-07:00,45.112630499999995
1782783240,2026-06-29T18:34:00-07:00,45.112630499999995
1782783300,2026-06-29T18:35:00-07:00,45.112630499999995
1782783420,2026-06-29T18:37:00-07:00,38.0687255
1782783480,2026-06-29T18:38:00-07:00,38.0687255
1782783540,2026-06-29T18:39:00-07:00,38.0687255
1782783600,2026-06-29T18:40:00-07:00,38.0687255
1782783660,2026-06-29T18:41:00-07:00,38.0687255
1782783780,2026-06-29T18:43:00-07:00,35.554742
1782783840,2026-06-29T18:44:00-07:00,35.554742
1782783900,2026-06-29T18:45:00-07:00,35.554742
1782783960,2026-06-29T18:46:00-07:00,35.554742
1782784020,2026-06-29T18:47:00-07:00,35.554742
1782784140,2026-06-29T18:49:00-07:00,36.21749566666667
1782784200,2026-06-29T18:50:00-07:00,36.21749566666667
1782784260,2026-06-29T18:51:00-07:00,36.21749566666667
1782784320,2026-06-29T18:52:00-07:00,36.21749566666667
1782784380,2026-06-29T18:53:00-07:00,36.21749566666667
1782784440,2026-06-29T18:54:00-07:00,35.850511499999996
1782784500,2026-06-29T18:55:00-07:00,35.850511499999996
1782784560,2026-06-29T18:56:00-07:00,35.850511499999996
1782784620,2026-06-29T18:57:00-07:00,35.850511499999996
1782784680,2026-06-29T18:58:00-07:00,35.850511499999996
1782784740,2026-06-29T18:59:00-07:00,38.21897383333334
1782784800,2026-06-29T19:00:00-07:00,38.21897383333334
1782784860,2026-06-29T19:01:00-07:00,38.21897383333334
1782784920,2026-06-29T19:02:00-07:00,38.21897383333334
1782784980,2026-06-29T19:03:00-07:00,38.21897383333334
1782785160,2026-06-29T19:06:00-07:00,33.546658
1782785220,2026-06-29T19:07:00-07:00,33.546658
1782785280,2026-06-29T19:08:00-07:00,33.546658
1782785340,2026-06-29T19:09:00-07:00,33.546658
1782785400,2026-06-29T19:10:00-07:00,33.546658
1782785460,2026-06-29T19:11:00-07:00,63.634786
1782785520,2026-06-29T19:12:00-07:00,63.634786
1782785580,2026-06-29T19:13:00-07:00,63.634786
1782785640,2026-06-29T19:14:00-07:00,63.634786
1782785700,2026-06-29T19:15:00-07:00,63.634786
1782785820,2026-06-29T19:17:00-07:00,38.40808749999999
1782785880,2026-06-29T19:18:00-07:00,38.40808749999999
1782785940,2026-06-29T19:19:00-07:00,38.40808749999999
1782786000,2026-06-29T19:20:00-07:00,38.40808749999999
1782786060,2026-06-29T19:21:00-07:00,38.40808749999999
1782786180,2026-06-29T19:23:00-07:00,34.60738799999999
1782786240,2026-06-29T19:24:00-07:00,34.60738799999999
1782786300,2026-06-29T19:25:00-07:00,34.60738799999999
1782786360,2026-06-29T19:26:00-07:00,34.60738799999999
1782786420,2026-06-29T19:27:00-07:00,34.60738799999999
1782786540,2026-06-29T19:29:00-07:00,35.990322666666664
1782786600,2026-06-29T19:30:00-07:00,35.990322666666664
1782786660,2026-06-29T19:31:00-07:00,35.990322666666664
1782786720,2026-06-29T19:32:00-07:00,35.990322666666664
1782786780,2026-06-29T19:33:00-07:00,35.990322666666664
1782786960,2026-06-29T19:36:00-07:00,39.372775499999996
1782787020,2026-06-29T19:37:00-07:00,39.372775499999996
1782787080,2026-06-29T19:38:00-07:00,39.372775499999996
1782787140,2026-06-29T19:39:00-07:00,39.372775499999996
1782787200,2026-06-29T19:40:00-07:00,39.372775499999996
1782787440,2026-06-29T19:44:00-07:00,37.371562000000004
1782787500,2026-06-29T19:45:00-07:00,37.371562000000004
1782787560,2026-06-29T19:46:00-07:00,37.371562000000004
1782787620,2026-06-29T19:47:00-07:00,37.371562000000004
1782787680,2026-06-29T19:48:00-07:00,37.371562000000004
1782787800,2026-06-29T19:50:00-07:00,39.176459333333334
1782787860,2026-06-29T19:51:00-07:00,39.176459333333334
1782787920,2026-06-29T19:52:00-07:00,39.176459333333334
1782787980,2026-06-29T19:53:00-07:00,39.176459333333334
1782788040,2026-06-29T19:54:00-07:00,39.176459333333334
1782788160,2026-06-29T19:56:00-07:00,36.248101166666665
1782788220,2026-06-29T19:57:00-07:00,36.248101166666665
1782788280,2026-06-29T19:58:00-07:00,36.248101166666665
1782788340,2026-06-29T19:59:00-07:00,36.248101166666665
1782788400,2026-06-29T20:00:00-07:00,36.248101166666665
1782788460,2026-06-29T20:01:00-07:00,40.793240000000004
1782788520,2026-06-29T20:02:00-07:00,40.793240000000004
1782788580,2026-06-29T20:03:00-07:00,40.793240000000004
1782788640,2026-06-29T20:04:00-07:00,40.793240000000004
1782788700,2026-06-29T20:05:00-07:00,40.793240000000004
1782788820,2026-06-29T20:07:00-07:00,35.465610000000005
1782788880,2026-06-29T20:08:00-07:00,35.465610000000005
1782788940,2026-06-29T20:09:00-07:00,35.465610000000005
1782789000,2026-06-29T20:10:00-07:00,35.465610000000005
1782789060,2026-06-29T20:11:00-07:00,35.465610000000005
1782789240,2026-06-29T20:14:00-07:00,40.0281915
1782789300,2026-06-29T20:15:00-07:00,40.0281915
1782789360,2026-06-29T20:16:00-07:00,40.0281915
1782789420,2026-06-29T20:17:00-07:00,40.0281915
1782789480,2026-06-29T20:18:00-07:00,40.0281915
1782789540,2026-06-29T20:19:00-07:00,74.43302399999999
1782789600,2026-06-29T20:20:00-07:00,74.43302399999999
1782789660,2026-06-29T20:21:00-07:00,74.43302399999999
1782789720,2026-06-29T20:22:00-07:00,74.43302399999999
1782789780,2026-06-29T20:23:00-07:00,74.43302399999999
1782789900,2026-06-29T20:25:00-07:00,39.79137483333333
1782789960,2026-06-29T20:26:00-07:00,39.79137483333333
1782790020,2026-06-29T20:27:00-07:00,39.79137483333333
1782790080,2026-06-29T20:28:00-07:00,39.79137483333333
1782790140,2026-06-29T20:29:00-07:00,39.79137483333333
1782790200,2026-06-29T20:30:00-07:00,42.11123966666667
1782790260,2026-06-29T20:31:00-07:00,42.11123966666667
1782790320,2026-06-29T20:32:00-07:00,42.11123966666667
1782790380,2026-06-29T20:33:00-07:00,42.11123966666667
1782790440,2026-06-29T20:34:00-07:00,42.11123966666667
1782790560,2026-06-29T20:36:00-07:00,35.21470816666666
1782790620,2026-06-29T20:37:00-07:00,35.21470816666666
1782790680,2026-06-29T20:38:00-07:00,35.21470816666666
1782790740,2026-06-29T20:39:00-07:00,35.21470816666666
1782790800,2026-06-29T20:40:00-07:00,35.21470816666666
1782790920,2026-06-29T20:42:00-07:00,50.047125833333325
1782790980,2026-06-29T20:43:00-07:00,50.047125833333325
1782791040,2026-06-29T20:44:00-07:00,50.047125833333325
1782791100,2026-06-29T20:45:00-07:00,50.047125833333325
1782791160,2026-06-29T20:46:00-07:00,50.047125833333325
1782791220,2026-06-29T20:47:00-07:00,36.4268595
1782791280,2026-06-29T20:48:00-07:00,36.4268595
1782791340,2026-06-29T20:49:00-07:00,36.4268595
1782791400,2026-06-29T20:50:00-07:00,36.4268595
1782791460,2026-06-29T20:51:00-07:00,36.4268595
1782791580,2026-06-29T20:53:00-07:00,37.62683116666667
1782791640,2026-06-29T20:54:00-07:00,37.62683116666667
1782791700,2026-06-29T20:55:00-07:00,37.62683116666667
1782791760,2026-06-29T20:56:00-07:00,37.62683116666667
1782791820,2026-06-29T20:57:00-07:00,37.62683116666667
1782791880,2026-06-29T20:58:00-07:00,50.264478833333335
1782791940,2026-06-29T20:59:00-07:00,50.264478833333335
1782792000,2026-06-29T21:00:00-07:00,50.264478833333335
1782792060,2026-06-29T21:01:00-07:00,50.264478833333335
1782792120,2026-06-29T21:02:00-07:00,50.264478833333335
1782792300,2026-06-29T21:05:00-07:00,42.82559533333333
1782792360,2026-06-29T21:06:00-07:00,42.82559533333333
1782792420,2026-06-29T21:07:00-07:00,42.82559533333333
1782792480,2026-06-29T21:08:00-07:00,42.82559533333333
1782792540,2026-06-29T21:09:00-07:00,42.82559533333333
1782792660,2026-06-29T21:11:00-07:00,39.503872333333334
1782792720,2026-06-29T21:12:00-07:00,39.503872333333334
1782792780,2026-06-29T21:13:00-07:00,39.503872333333334
1782792840,2026-06-29T21:14:00-07:00,39.503872333333334
1782792900,2026-06-29T21:15:00-07:00,39.503872333333334
1782793020,2026-06-29T21:17:00-07:00,45.61737733333333
1782793080,2026-06-29T21:18:00-07:00,45.61737733333333
1782793140,2026-06-29T21:19:00-07:00,45.61737733333333
1782793200,2026-06-29T21:20:00-07:00,45.61737733333333
1782793260,2026-06-29T21:21:00-07:00,45.61737733333333
1782793320,2026-06-29T21:22:00-07:00,66.71164966666667
1782793380,2026-06-29T21:23:00-07:00,66.71164966666667
1782793440,2026-06-29T21:24:00-07:00,66.71164966666667
1782793500,2026-06-29T21:25:00-07:00,66.71164966666667
1782793560,2026-06-29T21:26:00-07:00,66.71164966666667
1782793740,2026-06-29T21:29:00-07:00,41.619093166666666
1782793800,2026-06-29T21:30:00-07:00,41.619093166666666
1782793860,2026-06-29T21:31:00-07:00,41.619093166666666
1782793920,2026-06-29T21:32:00-07:00,41.619093166666666
1782793980,2026-06-29T21:33:00-07:00,41.619093166666666
1782794040,2026-06-29T21:34:00-07:00,35.12094466666667
1782794100,2026-06-29T21:35:00-07:00,35.12094466666667
1782794160,2026-06-29T21:36:00-07:00,35.12094466666667
1782794220,2026-06-29T21:37:00-07:00,35.12094466666667
1782794280,2026-06-29T21:38:00-07:00,35.12094466666667
1782794340,2026-06-29T21:39:00-07:00,51.2532215
1782794400,2026-06-29T21:40:00-07:00,51.2532215
1782794460,2026-06-29T21:41:00-07:00,51.2532215
1782794520,2026-06-29T21:42:00-07:00,51.2532215
1782794580,2026-06-29T21:43:00-07:00,51.2532215
1782794640,2026-06-29T21:44:00-07:00,37.398478000000004
1782794700,2026-06-29T21:45:00-07:00,37.398478000000004
1782794760,2026-06-29T21:46:00-07:00,37.398478000000004
1782794820,2026-06-29T21:47:00-07:00,37.398478000000004
1782794880,2026-06-29T21:48:00-07:00,37.398478000000004
1782794940,2026-06-29T21:49:00-07:00,49.56009266666667
1782795000,2026-06-29T21:50:00-07:00,49.56009266666667
1782795060,2026-06-29T21:51:00-07:00,49.56009266666667
1782795120,2026-06-29T21:52:00-07:00,49.56009266666667
1782795180,2026-06-29T21:53:00-07:00,49.56009266666667
1782795240,2026-06-29T21:54:00-07:00,72.70144316666666
1782795300,2026-06-29T21:55:00-07:00,72.70144316666666
1782795360,2026-06-29T21:56:00-07:00,72.70144316666666
1782795420,2026-06-29T21:57:00-07:00,72.70144316666666
1782795480,2026-06-29T21:58:00-07:00,72.70144316666666
1782795600,2026-06-29T22:00:00-07:00,54.56458200000001
1782795660,2026-06-29T22:01:00-07:00,54.56458200000001
1782795720,2026-06-29T22:02:00-07:00,54.56458200000001
1782795780,2026-06-29T22:03:00-07:00,54.56458200000001
1782795840,2026-06-29T22:04:00-07:00,54.56458200000001
1782795900,2026-06-29T22:05:00-07:00,36.332254999999996
1782795960,2026-06-29T22:06:00-07:00,36.332254999999996
1782796020,2026-06-29T22:07:00-07:00,36.332254999999996
1782796080,2026-06-29T22:08:00-07:00,36.332254999999996
1782796140,2026-06-29T22:09:00-07:00,36.332254999999996
1782796200,2026-06-29T22:10:00-07:00,91.68421783333332
1782796260,2026-06-29T22:11:00-07:00,91.68421783333332
1782796320,2026-06-29T22:12:00-07:00,91.68421783333332
1782796380,2026-06-29T22:13:00-07:00,91.68421783333332
1782796440,2026-06-29T22:14:00-07:00,91.68421783333332
1782796500,2026-06-29T22:15:00-07:00,73.69409166666668
1782796560,2026-06-29T22:16:00-07:00,73.69409166666668
1782796620,2026-06-29T22:17:00-07:00,73.69409166666668
1782796680,2026-06-29T22:18:00-07:00,73.69409166666668
1782796740,2026-06-29T22:19:00-07:00,73.69409166666668
1782796800,2026-06-29T22:20:00-07:00,70.57810466666668
1782796860,2026-06-29T22:21:00-07:00,70.57810466666668
1782796920,2026-06-29T22:22:00-07:00,70.57810466666668
1782796980,2026-06-29T22:23:00-07:00,70.57810466666668
1782797040,2026-06-29T22:24:00-07:00,70.57810466666668
1782797100,2026-06-29T22:25:00-07:00,37.266743999999996
1782797160,2026-06-29T22:26:00-07:00,37.266743999999996
1782797220,2026-06-29T22:27:00-07:00,37.266743999999996
1782797280,2026-06-29T22:28:00-07:00,37.266743999999996
1782797340,2026-06-29T22:29:00-07:00,37.266743999999996
1782797400,2026-06-29T22:30:00-07:00,89.84217666666666
1782797460,2026-06-29T22:31:00-07:00,89.84217666666666
1782797520,2026-06-29T22:32:00-07:00,89.84217666666666
1782797580,2026-06-29T22:33:00-07:00,89.84217666666666
1782797640,2026-06-29T22:34:00-07:00,89.84217666666666
1782797700,2026-06-29T22:35:00-07:00,91.15479866666668
1782797760,2026-06-29T22:36:00-07:00,91.15479866666668
1782797820,2026-06-29T22:37:00-07:00,91.15479866666668
1782797880,2026-06-29T22:38:00-07:00,91.15479866666668
1782797940,2026-06-29T22:39:00-07:00,91.15479866666668
1782798060,2026-06-29T22:41:00-07:00,72.15786433333334
1782798120,2026-06-29T22:42:00-07:00,72.15786433333334
1782798180,2026-06-29T22:43:00-07:00,72.15786433333334
1782798240,2026-06-29T22:44:00-07:00,72.15786433333334
1782798300,2026-06-29T22:45:00-07:00,72.15786433333334
1782798360,2026-06-29T22:46:00-07:00,68.80753616666665
1782798420,2026-06-29T22:47:00-07:00,68.80753616666665
1782798480,2026-06-29T22:48:00-07:00,68.80753616666665
1782798540,2026-06-29T22:49:00-07:00,68.80753616666665
1782798600,2026-06-29T22:50:00-07:00,68.80753616666665
1782798660,2026-06-29T22:51:00-07:00,69.95496266666667
1782798720,2026-06-29T22:52:00-07:00,69.95496266666667
1782798780,2026-06-29T22:53:00-07:00,69.95496266666667
1782798840,2026-06-29T22:54:00-07:00,69.95496266666667
1782798900,2026-06-29T22:55:00-07:00,69.95496266666667
1782798960,2026-06-29T22:56:00-07:00,75.3762345
1782799020,2026-06-29T22:57:00-07:00,75.3762345
1782799080,2026-06-29T22:58:00-07:00,75.3762345
1782799140,2026-06-29T22:59:00-07:00,75.3762345
1782799200,2026-06-29T23:00:00-07:00,75.3762345
1782799260,2026-06-29T23:01:00-07:00,65.74840633333334
1782799320,2026-06-29T23:02:00-07:00,65.74840633333334
1782799380,2026-06-29T23:03:00-07:00,65.74840633333334
1782799440,2026-06-29T23:04:00-07:00,65.74840633333334
1782799500,2026-06-29T23:05:00-07:00,65.74840633333334
1782799560,2026-06-29T23:06:00-07:00,66.30424649999999
1782799620,2026-06-29T23:07:00-07:00,66.30424649999999
1782799680,2026-06-29T23:08:00-07:00,66.30424649999999
1782799740,2026-06-29T23:09:00-07:00,66.30424649999999
1782799800,2026-06-29T23:10:00-07:00,66.30424649999999
1782799860,2026-06-29T23:11:00-07:00,54.16422516666666
1782799920,2026-06-29T23:12:00-07:00,54.16422516666666
1782799980,2026-06-29T23:13:00-07:00,54.16422516666666
1782800040,2026-06-29T23:14:00-07:00,54.16422516666666
1782800100,2026-06-29T23:15:00-07:00,54.16422516666666
1782800160,2026-06-29T23:16:00-07:00,67.56575533333334
1782800220,2026-06-29T23:17:00-07:00,67.56575533333334
1782800280,2026-06-29T23:18:00-07:00,67.56575533333334
1782800340,2026-06-29T23:19:00-07:00,67.56575533333334
1782800400,2026-06-29T23:20:00-07:00,67.56575533333334
1782800520,2026-06-29T23:22:00-07:00,66.51108133333334
1782800580,2026-06-29T23:23:00-07:00,66.51108133333334
1782800640,2026-06-29T23:24:00-07:00,66.51108133333334
1782800700,2026-06-29T23:25:00-07:00,66.51108133333334
1782800760,2026-06-29T23:26:00-07:00,66.51108133333334
1782800820,2026-06-29T23:27:00-07:00,37.248277333333334
1782800880,2026-06-29T23:28:00-07:00,37.248277333333334
1782800940,2026-06-29T23:29:00-07:00,37.248277333333334
1782801000,2026-06-29T23:30:00-07:00,37.248277333333334
1782801060,2026-06-29T23:31:00-07:00,37.248277333333334
1782801120,2026-06-29T23:32:00-07:00,70.53182633333334
1782801180,2026-06-29T23:33:00-07:00,70.53182633333334
1782801240,2026-06-29T23:34:00-07:00,70.53182633333334
1782801300,2026-06-29T23:35:00-07:00,70.53182633333334
1782801360,2026-06-29T23:36:00-07:00,70.53182633333334
1782801420,2026-06-29T23:37:00-07:00,70.45223016666667
1782801480,2026-06-29T23:38:00-07:00,70.45223016666667
1782801540,2026-06-29T23:39:00-07:00,70.45223016666667
1782801600,2026-06-29T23:40:00-07:00,70.45223016666667
1782801660,2026-06-29T23:41:00-07:00,70.45223016666667
1782801780,2026-06-29T23:43:00-07:00,39.27242733333333
1782801840,2026-06-29T23:44:00-07:00,39.27242733333333
1782801900,2026-06-29T23:45:00-07:00,39.27242733333333
1782801960,2026-06-29T23:46:00-07:00,39.27242733333333
1782802020,2026-06-29T23:47:00-07:00,39.27242733333333
1782802080,2026-06-29T23:48:00-07:00,37.9463025
1782802140,2026-06-29T23:49:00-07:00,37.9463025
1782802200,2026-06-29T23:50:00-07:00,37.9463025
1782802260,2026-06-29T23:51:00-07:00,37.9463025
1782802320,2026-06-29T23:52:00-07:00,37.9463025
1782802440,2026-06-29T23:54:00-07:00,37.852905
1782802500,2026-06-29T23:55:00-07:00,37.852905
1782802560,2026-06-29T23:56:00-07:00,37.852905
1782802620,2026-06-29T23:57:00-07:00,37.852905
1782802680,2026-06-29T23:58:00-07:00,37.852905
1782802740,2026-06-29T23:59:00-07:00,65.90020750000001
1782802800,2026-06-30T00:00:00-07:00,65.90020750000001
1782802860,2026-06-30T00:01:00-07:00,65.90020750000001
1782802920,2026-06-30T00:02:00-07:00,65.90020750000001
1782802980,2026-06-30T00:03:00-07:00,65.90020750000001
1782803100,2026-06-30T00:05:00-07:00,53.892293333333335
1782803160,2026-06-30T00:06:00-07:00,53.892293333333335
1782803220,2026-06-30T00:07:00-07:00,53.892293333333335
1782803280,2026-06-30T00:08:00-07:00,53.892293333333335
1782803340,2026-06-30T00:09:00-07:00,53.892293333333335
1782803460,2026-06-30T00:11:00-07:00,35.90549049999999
1782803520,2026-06-30T00:12:00-07:00,35.90549049999999
1782803580,2026-06-30T00:13:00-07:00,35.90549049999999
1782803640,2026-06-30T00:14:00-07:00,35.90549049999999
1782803700,2026-06-30T00:15:00-07:00,35.90549049999999
1782803820,2026-06-30T00:17:00-07:00,56.80291750000001
1782803880,2026-06-30T00:18:00-07:00,56.80291750000001
1782803940,2026-06-30T00:19:00-07:00,56.80291750000001
1782804000,2026-06-30T00:20:00-07:00,56.80291750000001
1782804060,2026-06-30T00:21:00-07:00,56.80291750000001
1782804120,2026-06-30T00:22:00-07:00,33.05912266666667
1782804180,2026-06-30T00:23:00-07:00,33.05912266666667
1782804240,2026-06-30T00:24:00-07:00,33.05912266666667
1782804300,2026-06-30T00:25:00-07:00,33.05912266666667
1782804360,2026-06-30T00:26:00-07:00,33.05912266666667
1782804480,2026-06-30T00:28:00-07:00,37.73088933333333
1782804540,2026-06-30T00:29:00-07:00,37.73088933333333
1782804600,2026-06-30T00:30:00-07:00,37.73088933333333
1782804660,2026-06-30T00:31:00-07:00,37.73088933333333
1782804720,2026-06-30T00:32:00-07:00,37.73088933333333
1782804780,2026-06-30T00:33:00-07:00,33.435723333333335
1782804840,2026-06-30T00:34:00-07:00,33.435723333333335
1782804900,2026-06-30T00:35:00-07:00,33.435723333333335
1782804960,2026-06-30T00:36:00-07:00,33.435723333333335
1782805020,2026-06-30T00:37:00-07:00,33.435723333333335
1782805140,2026-06-30T00:39:00-07:00,38.104519333333336
1782805200,2026-06-30T00:40:00-07:00,38.104519333333336
1782805260,2026-06-30T00:41:00-07:00,38.104519333333336
1782805320,2026-06-30T00:42:00-07:00,38.104519333333336
1782805380,2026-06-30T00:43:00-07:00,38.104519333333336
1782805500,2026-06-30T00:45:00-07:00,39.10705566666666
1782805560,2026-06-30T00:46:00-07:00,39.10705566666666
1782805620,2026-06-30T00:47:00-07:00,39.10705566666666
1782805680,2026-06-30T00:48:00-07:00,39.10705566666666
1782805740,2026-06-30T00:49:00-07:00,39.10705566666666
1782805800,2026-06-30T00:50:00-07:00,37.004537
1782805860,2026-06-30T00:51:00-07:00,37.004537
1782805920,2026-06-30T00:52:00-07:00,37.004537
1782805980,2026-06-30T00:53:00-07:00,37.004537
1782806040,2026-06-30T00:54:00-07:00,37.004537
1782806220,2026-06-30T00:57:00-07:00,39.38742416666667
1782806280,2026-06-30T00:58:00-07:00,39.38742416666667
1782806340,2026-06-30T00:59:00-07:00,39.38742416666667
1782806400,2026-06-30T01:00:00-07:00,39.38742416666667
1782806460,2026-06-30T01:01:00-07:00,39.38742416666667
1782806520,2026-06-30T01:02:00-07:00,38.0955065
1782806580,2026-06-30T01:03:00-07:00,38.0955065
1782806640,2026-06-30T01:04:00-07:00,38.0955065
1782806700,2026-06-30T01:05:00-07:00,38.0955065
1782806760,2026-06-30T01:06:00-07:00,38.0955065
1782806820,2026-06-30T01:07:00-07:00,38.90748416666667
1782806880,2026-06-30T01:08:00-07:00,38.90748416666667
1782806940,2026-06-30T01:09:00-07:00,38.90748416666667
1782807000,2026-06-30T01:10:00-07:00,38.90748416666667
1782807060,2026-06-30T01:11:00-07:00,38.90748416666667
1782807240,2026-06-30T01:14:00-07:00,35.59245483333333
1782807300,2026-06-30T01:15:00-07:00,35.59245483333333
1782807360,2026-06-30T01:16:00-07:00,35.59245483333333
1782807420,2026-06-30T01:17:00-07:00,35.59245483333333
1782807480,2026-06-30T01:18:00-07:00,35.59245483333333
1782807540,2026-06-30T01:19:00-07:00,32.1497395
1782807600,2026-06-30T01:20:00-07:00,32.1497395
1782807660,2026-06-30T01:21:00-07:00,32.1497395
1782807720,2026-06-30T01:22:00-07:00,32.1497395
1782807780,2026-06-30T01:23:00-07:00,32.1497395
1782807900,2026-06-30T01:25:00-07:00,54.072822
1782807960,2026-06-30T01:26:00-07:00,54.072822
1782808020,2026-06-30T01:27:00-07:00,54.072822
1782808080,2026-06-30T01:28:00-07:00,54.072822
1782808140,2026-06-30T01:29:00-07:00,54.072822
1782808200,2026-06-30T01:30:00-07:00,36.73217783333333
1782808260,2026-06-30T01:31:00-07:00,36.73217783333333
1782808320,2026-06-30T01:32:00-07:00,36.73217783333333
1782808380,2026-06-30T01:33:00-07:00,36.73217783333333
1782808440,2026-06-30T01:34:00-07:00,36.73217783333333
1782808560,2026-06-30T01:36:00-07:00,32.602207
1782808620,2026-06-30T01:37:00-07:00,32.602207
1782808680,2026-06-30T01:38:00-07:00,32.602207
1782808740,2026-06-30T01:39:00-07:00,32.602207
1782808800,2026-06-30T01:40:00-07:00,32.602207
1782808860,2026-06-30T01:41:00-07:00,68.01811383333335
1782808920,2026-06-30T01:42:00-07:00,68.01811383333335
1782808980,2026-06-30T01:43:00-07:00,68.01811383333335
1782809040,2026-06-30T01:44:00-07:00,68.01811383333335
1782809100,2026-06-30T01:45:00-07:00,68.01811383333335
1782809160,2026-06-30T01:46:00-07:00,35.824299833333335
1782809220,2026-06-30T01:47:00-07:00,35.824299833333335
1782809280,2026-06-30T01:48:00-07:00,35.824299833333335
1782809340,2026-06-30T01:49:00-07:00,35.824299833333335
1782809400,2026-06-30T01:50:00-07:00,35.824299833333335
1782809520,2026-06-30T01:52:00-07:00,34.18581833333334
1782809580,2026-06-30T01:53:00-07:00,34.18581833333334
1782809640,2026-06-30T01:54:00-07:00,34.18581833333334
1782809700,2026-06-30T01:55:00-07:00,34.18581833333334
1782809760,2026-06-30T01:56:00-07:00,34.18581833333334
1782809820,2026-06-30T01:57:00-07:00,45.22310383333333
1782809880,2026-06-30T01:58:00-07:00,45.22310383333333
1782809940,2026-06-30T01:59:00-07:00,45.22310383333333
1782810000,2026-06-30T02:00:00-07:00,45.22310383333333
1782810060,2026-06-30T02:01:00-07:00,45.22310383333333
1782810180,2026-06-30T02:03:00-07:00,36.80886483333334
1782810240,2026-06-30T02:04:00-07:00,36.80886483333334
1782810300,2026-06-30T02:05:00-07:00,36.80886483333334
1782810360,2026-06-30T02:06:00-07:00,36.80886483333334
1782810420,2026-06-30T02:07:00-07:00,36.80886483333334
1782810480,2026-06-30T02:08:00-07:00,36.78231483333334
1782810540,2026-06-30T02:09:00-07:00,36.78231483333334
1782810600,2026-06-30T02:10:00-07:00,36.78231483333334
1782810660,2026-06-30T02:11:00-07:00,36.78231483333334
1782810720,2026-06-30T02:12:00-07:00,36.78231483333334
1782810840,2026-06-30T02:14:00-07:00,34.6175405
1782810900,2026-06-30T02:15:00-07:00,34.6175405
1782810960,2026-06-30T02:16:00-07:00,34.6175405
1782811020,2026-06-30T02:17:00-07:00,34.6175405
1782811080,2026-06-30T02:18:00-07:00,34.6175405
1782811200,2026-06-30T02:20:00-07:00,40.0675865
1782811260,2026-06-30T02:21:00-07:00,40.0675865
1782811320,2026-06-30T02:22:00-07:00,40.0675865
1782811380,2026-06-30T02:23:00-07:00,40.0675865
1782811440,2026-06-30T02:24:00-07:00,40.0675865
1782811500,2026-06-30T02:25:00-07:00,80.20941850000001
1782811560,2026-06-30T02:26:00-07:00,80.20941850000001
1782811620,2026-06-30T02:27:00-07:00,80.20941850000001
1782811680,2026-06-30T02:28:00-07:00,80.20941850000001
1782811740,2026-06-30T02:29:00-07:00,80.20941850000001
1782811800,2026-06-30T02:30:00-07:00,65.03585483333333
1782811860,2026-06-30T02:31:00-07:00,65.03585483333333
1782811920,2026-06-30T02:32:00-07:00,65.03585483333333
1782811980,2026-06-30T02:33:00-07:00,65.03585483333333
1782812040,2026-06-30T02:34:00-07:00,65.03585483333333
1782812100,2026-06-30T02:35:00-07:00,64.57790116666666
1782812160,2026-06-30T02:36:00-07:00,64.57790116666666
1782812220,2026-06-30T02:37:00-07:00,64.57790116666666
1782812280,2026-06-30T02:38:00-07:00,64.57790116666666
1782812340,2026-06-30T02:39:00-07:00,64.57790116666666
1782812460,2026-06-30T02:41:00-07:00,57.51223433333333
1782812520,2026-06-30T02:42:00-07:00,57.51223433333333
1782812580,2026-06-30T02:43:00-07:00,57.51223433333333
1782812640,2026-06-30T02:44:00-07:00,57.51223433333333
1782812700,2026-06-30T02:45:00-07:00,57.51223433333333
1782812760,2026-06-30T02:46:00-07:00,35.99367933333333
1782812820,2026-06-30T02:47:00-07:00,35.99367933333333
1782812880,2026-06-30T02:48:00-07:00,35.99367933333333
1782812940,2026-06-30T02:49:00-07:00,35.99367933333333
1782813000,2026-06-30T02:50:00-07:00,35.99367933333333
1782813060,2026-06-30T02:51:00-07:00,70.09343816666666
1782813120,2026-06-30T02:52:00-07:00,70.09343816666666
1782813180,2026-06-30T02:53:00-07:00,70.09343816666666
1782813240,2026-06-30T02:54:00-07:00,70.09343816666666
1782813300,2026-06-30T02:55:00-07:00,70.09343816666666
1782813420,2026-06-30T02:57:00-07:00,33.784111833333334
1782813480,2026-06-30T02:58:00-07:00,33.784111833333334
1782813540,2026-06-30T02:59:00-07:00,33.784111833333334
1782813600,2026-06-30T03:00:00-07:00,33.784111833333334
1782813660,2026-06-30T03:01:00-07:00,33.784111833333334
1782813780,2026-06-30T03:03:00-07:00,38.60024016666667
1782813840,2026-06-30T03:04:00-07:00,38.60024016666667
1782813900,2026-06-30T03:05:00-07:00,38.60024016666667
1782813960,2026-06-30T03:06:00-07:00,38.60024016666667
1782814020,2026-06-30T03:07:00-07:00,38.60024016666667
1782814080,2026-06-30T03:08:00-07:00,71.16242799999999
1782814140,2026-06-30T03:09:00-07:00,71.16242799999999
1782814200,2026-06-30T03:10:00-07:00,71.16242799999999
1782814260,2026-06-30T03:11:00-07:00,71.16242799999999
1782814320,2026-06-30T03:12:00-07:00,71.16242799999999
1782814440,2026-06-30T03:14:00-07:00,36.735751666666665
1782814500,2026-06-30T03:15:00-07:00,36.735751666666665
1782814560,2026-06-30T03:16:00-07:00,36.735751666666665
1782814620,2026-06-30T03:17:00-07:00,36.735751666666665
1782814680,2026-06-30T03:18:00-07:00,36.735751666666665
1782814740,2026-06-30T03:19:00-07:00,37.33811433333333
1782814800,2026-06-30T03:20:00-07:00,37.33811433333333
1782814860,2026-06-30T03:21:00-07:00,37.33811433333333
1782814920,2026-06-30T03:22:00-07:00,37.33811433333333
1782814980,2026-06-30T03:23:00-07:00,37.33811433333333
1782815040,2026-06-30T03:24:00-07:00,67.1495565
1782815100,2026-06-30T03:25:00-07:00,67.1495565
1782815160,2026-06-30T03:26:00-07:00,67.1495565
1782815220,2026-06-30T03:27:00-07:00,67.1495565
1782815280,2026-06-30T03:28:00-07:00,67.1495565
1782815400,2026-06-30T03:30:00-07:00,37.08074283333334
1782815460,2026-06-30T03:31:00-07:00,37.08074283333334
1782815520,2026-06-30T03:32:00-07:00,37.08074283333334
1782815580,2026-06-30T03:33:00-07:00,37.08074283333334
1782815640,2026-06-30T03:34:00-07:00,37.08074283333334
1782815700,2026-06-30T03:35:00-07:00,56.46802433333334
1782815760,2026-06-30T03:36:00-07:00,56.46802433333334
1782815820,2026-06-30T03:37:00-07:00,56.46802433333334
1782815880,2026-06-30T03:38:00-07:00,56.46802433333334
1782815940,2026-06-30T03:39:00-07:00,56.46802433333334
1782816000,2026-06-30T03:40:00-07:00,63.6478
1782816060,2026-06-30T03:41:00-07:00,63.6478
1782816120,2026-06-30T03:42:00-07:00,63.6478
1782816180,2026-06-30T03:43:00-07:00,63.6478
1782816240,2026-06-30T03:44:00-07:00,63.6478
1782816300,2026-06-30T03:45:00-07:00,62.172681833333336
1782816360,2026-06-30T03:46:00-07:00,62.172681833333336
1782816420,2026-06-30T03:47:00-07:00,62.172681833333336
1782816480,2026-06-30T03:48:00-07:00,62.172681833333336
1782816540,2026-06-30T03:49:00-07:00,62.172681833333336
1782816600,2026-06-30T03:50:00-07:00,81.333055
1782816660,2026-06-30T03:51:00-07:00,81.333055
1782816720,2026-06-30T03:52:00-07:00,81.333055
1782816780,2026-06-30T03:53:00-07:00,81.333055
1782816840,2026-06-30T03:54:00-07:00,81.333055
1782816900,2026-06-30T03:55:00-07:00,34.869635833333334
1782816960,2026-06-30T03:56:00-07:00,34.869635833333334
1782817020,2026-06-30T03:57:00-07:00,34.869635833333334
1782817080,2026-06-30T03:58:00-07:00,34.869635833333334
1782817140,2026-06-30T03:59:00-07:00,34.869635833333334
1782817260,2026-06-30T04:01:00-07:00,41.27764866666666
1782817320,2026-06-30T04:02:00-07:00,41.27764866666666
1782817380,2026-06-30T04:03:00-07:00,41.27764866666666
1782817440,2026-06-30T04:04:00-07:00,41.27764866666666
1782817500,2026-06-30T04:05:00-07:00,41.27764866666666
1782817680,2026-06-30T04:08:00-07:00,41.618896666666664
1782817740,2026-06-30T04:09:00-07:00,41.618896666666664
1782817800,2026-06-30T04:10:00-07:00,41.618896666666664
1782817860,2026-06-30T04:11:00-07:00,41.618896666666664
1782817920,2026-06-30T04:12:00-07:00,41.618896666666664
1782817980,2026-06-30T04:13:00-07:00,71.08671716666667
1782818040,2026-06-30T04:14:00-07:00,71.08671716666667
1782818100,2026-06-30T04:15:00-07:00,71.08671716666667
1782818160,2026-06-30T04:16:00-07:00,71.08671716666667
1782818220,2026-06-30T04:17:00-07:00,71.08671716666667
1782818280,2026-06-30T04:18:00-07:00,74.18880216666666
1782818340,2026-06-30T04:19:00-07:00,74.18880216666666
1782818400,2026-06-30T04:20:00-07:00,74.18880216666666
1782818460,2026-06-30T04:21:00-07:00,74.18880216666666
1782818520,2026-06-30T04:22:00-07:00,74.18880216666666
1782818580,2026-06-30T04:23:00-07:00,29.894423000000003
1782818640,2026-06-30T04:24:00-07:00,29.894423000000003
1782818700,2026-06-30T04:25:00-07:00,29.894423000000003
1782818760,2026-06-30T04:26:00-07:00,29.894423000000003
1782818820,2026-06-30T04:27:00-07:00,29.894423000000003
1782818940,2026-06-30T04:29:00-07:00,39.144660333333334
1782819000,2026-06-30T04:30:00-07:00,39.144660333333334
1782819060,2026-06-30T04:31:00-07:00,39.144660333333334
1782819120,2026-06-30T04:32:00-07:00,39.144660333333334
1782819180,2026-06-30T04:33:00-07:00,39.144660333333334
1782819300,2026-06-30T04:35:00-07:00,36.159797166666664
1782819360,2026-06-30T04:36:00-07:00,36.159797166666664
1782819420,2026-06-30T04:37:00-07:00,36.159797166666664
1782819480,2026-06-30T04:38:00-07:00,36.159797166666664
1782819540,2026-06-30T04:39:00-07:00,36.159797166666664
1782819660,2026-06-30T04:41:00-07:00,37.283888
1782819720,2026-06-30T04:42:00-07:00,37.283888
1782819780,2026-06-30T04:43:00-07:00,37.283888
1782819840,2026-06-30T04:44:00-07:00,37.283888
1782819900,2026-06-30T04:45:00-07:00,37.283888
1782819960,2026-06-30T04:46:00-07:00,41.231242
1782820020,2026-06-30T04:47:00-07:00,41.231242
1782820080,2026-06-30T04:48:00-07:00,41.231242
1782820140,2026-06-30T04:49:00-07:00,41.231242
1782820200,2026-06-30T04:50:00-07:00,41.231242
1782820260,2026-06-30T04:51:00-07:00,36.61938516666667
1782820320,2026-06-30T04:52:00-07:00,36.61938516666667
1782820380,2026-06-30T04:53:00-07:00,36.61938516666667
1782820440,2026-06-30T04:54:00-07:00,36.61938516666667
1782820500,2026-06-30T04:55:00-07:00,36.61938516666667
1782820560,2026-06-30T04:56:00-07:00,196.02409533333332
1782820620,2026-06-30T04:57:00-07:00,196.02409533333332
1782820680,2026-06-30T04:58:00-07:00,196.02409533333332
1782820740,2026-06-30T04:59:00-07:00,196.02409533333332
1782820800,2026-06-30T05:00:00-07:00,196.02409533333332
1782820860,2026-06-30T05:01:00-07:00,38.65101466666667
1782820920,2026-06-30T05:02:00-07:00,38.65101466666667
1782820980,2026-06-30T05:03:00-07:00,38.65101466666667
1782821040,2026-06-30T05:04:00-07:00,38.65101466666667
1782821100,2026-06-30T05:05:00-07:00,38.65101466666667
1782821160,2026-06-30T05:06:00-07:00,34.663716666666666
1782821220,2026-06-30T05:07:00-07:00,34.663716666666666
1782821280,2026-06-30T05:08:00-07:00,34.663716666666666
1782821340,2026-06-30T05:09:00-07:00,34.663716666666666
1782821400,2026-06-30T05:10:00-07:00,34.663716666666666
1782821460,2026-06-30T05:11:00-07:00,75.62900783333333
1782821520,2026-06-30T05:12:00-07:00,75.62900783333333
1782821580,2026-06-30T05:13:00-07:00,75.62900783333333
1782821640,2026-06-30T05:14:00-07:00,75.62900783333333
1782821700,2026-06-30T05:15:00-07:00,75.62900783333333
1782821820,2026-06-30T05:17:00-07:00,36.7674155
1782821880,2026-06-30T05:18:00-07:00,36.7674155
1782821940,2026-06-30T05:19:00-07:00,36.7674155
1782822000,2026-06-30T05:20:00-07:00,36.7674155
1782822060,2026-06-30T05:21:00-07:00,36.7674155
1782822120,2026-06-30T05:22:00-07:00,36.32372383333333
1782822180,2026-06-30T05:23:00-07:00,36.32372383333333
1782822240,2026-06-30T05:24:00-07:00,36.32372383333333
1782822300,2026-06-30T05:25:00-07:00,36.32372383333333
1782822360,2026-06-30T05:26:00-07:00,36.32372383333333
1782822480,2026-06-30T05:28:00-07:00,38.91455766666667
1782822540,2026-06-30T05:29:00-07:00,38.91455766666667
1782822600,2026-06-30T05:30:00-07:00,38.91455766666667
1782822660,2026-06-30T05:31:00-07:00,38.91455766666667
1782822720,2026-06-30T05:32:00-07:00,38.91455766666667
1782822780,2026-06-30T05:33:00-07:00,64.82895233333333
1782822840,2026-06-30T05:34:00-07:00,64.82895233333333
1782822900,2026-06-30T05:35:00-07:00,64.82895233333333
1782822960,2026-06-30T05:36:00-07:00,64.82895233333333
1782823020,2026-06-30T05:37:00-07:00,64.82895233333333
1782823080,2026-06-30T05:38:00-07:00,35.292419333333335
1782823140,2026-06-30T05:39:00-07:00,35.292419333333335
1782823200,2026-06-30T05:40:00-07:00,35.292419333333335
1782823260,2026-06-30T05:41:00-07:00,35.292419333333335
1782823320,2026-06-30T05:42:00-07:00,35.292419333333335
1782823440,2026-06-30T05:44:00-07:00,40.90412716666666
1782823500,2026-06-30T05:45:00-07:00,40.90412716666666
1782823560,2026-06-30T05:46:00-07:00,40.90412716666666
1782823620,2026-06-30T05:47:00-07:00,40.90412716666666
1782823680,2026-06-30T05:48:00-07:00,40.90412716666666
1782823740,2026-06-30T05:49:00-07:00,40.14432783333334
1782823800,2026-06-30T05:50:00-07:00,40.14432783333334
1782823860,2026-06-30T05:51:00-07:00,40.14432783333334
1782823920,2026-06-30T05:52:00-07:00,40.14432783333334
1782823980,2026-06-30T05:53:00-07:00,40.14432783333334
1782824100,2026-06-30T05:55:00-07:00,37.19233516666666
1782824160,2026-06-30T05:56:00-07:00,37.19233516666666
1782824220,2026-06-30T05:57:00-07:00,37.19233516666666
1782824280,2026-06-30T05:58:00-07:00,37.19233516666666
1782824340,2026-06-30T05:59:00-07:00,37.19233516666666
1782824400,2026-06-30T06:00:00-07:00,64.1803455
1782824460,2026-06-30T06:01:00-07:00,64.1803455
1782824520,2026-06-30T06:02:00-07:00,64.1803455
1782824580,2026-06-30T06:03:00-07:00,64.1803455
1782824640,2026-06-30T06:04:00-07:00,64.1803455
1782824760,2026-06-30T06:06:00-07:00,37.30003516666667
1782824820,2026-06-30T06:07:00-07:00,37.30003516666667
1782824880,2026-06-30T06:08:00-07:00,37.30003516666667
1782824940,2026-06-30T06:09:00-07:00,37.30003516666667
1782825000,2026-06-30T06:10:00-07:00,37.30003516666667
1782825060,2026-06-30T06:11:00-07:00,72.304145
1782825120,2026-06-30T06:12:00-07:00,72.304145
1782825180,2026-06-30T06:13:00-07:00,72.304145
1782825240,2026-06-30T06:14:00-07:00,72.304145
1782825300,2026-06-30T06:15:00-07:00,72.304145
1782825420,2026-06-30T06:17:00-07:00,36.826320833333334
1782825480,2026-06-30T06:18:00-07:00,36.826320833333334
1782825540,2026-06-30T06:19:00-07:00,36.826320833333334
1782825600,2026-06-30T06:20:00-07:00,36.826320833333334
1782825660,2026-06-30T06:21:00-07:00,36.826320833333334
1782825720,2026-06-30T06:22:00-07:00,37.04724783333334
1782825780,2026-06-30T06:23:00-07:00,37.04724783333334
1782825840,2026-06-30T06:24:00-07:00,37.04724783333334
1782825900,2026-06-30T06:25:00-07:00,37.04724783333334
1782825960,2026-06-30T06:26:00-07:00,37.04724783333334
1782826080,2026-06-30T06:28:00-07:00,68.14126949999999
1782826140,2026-06-30T06:29:00-07:00,68.14126949999999
1782826200,2026-06-30T06:30:00-07:00,68.14126949999999
1782826260,2026-06-30T06:31:00-07:00,68.14126949999999
1782826320,2026-06-30T06:32:00-07:00,68.14126949999999
1782826380,2026-06-30T06:33:00-07:00,76.32254383333334
1782826440,2026-06-30T06:34:00-07:00,76.32254383333334
1782826500,2026-06-30T06:35:00-07:00,76.32254383333334
1782826560,2026-06-30T06:36:00-07:00,76.32254383333334
1782826620,2026-06-30T06:37:00-07:00,76.32254383333334
1782826680,2026-06-30T06:38:00-07:00,36.597941
1782826740,2026-06-30T06:39:00-07:00,36.597941
1782826800,2026-06-30T06:40:00-07:00,36.597941
1782826860,2026-06-30T06:41:00-07:00,36.597941
1782826920,2026-06-30T06:42:00-07:00,36.597941
1782826980,2026-06-30T06:43:00-07:00,63.69107383333333
1782827040,2026-06-30T06:44:00-07:00,63.69107383333333
1782827100,2026-06-30T06:45:00-07:00,63.69107383333333
1782827160,2026-06-30T06:46:00-07:00,63.69107383333333
1782827220,2026-06-30T06:47:00-07:00,63.69107383333333
1782827340,2026-06-30T06:49:00-07:00,38.498325
1782827400,2026-06-30T06:50:00-07:00,38.498325
1782827460,2026-06-30T06:51:00-07:00,38.498325
1782827520,2026-06-30T06:52:00-07:00,38.498325
1782827580,2026-06-30T06:53:00-07:00,38.498325
1782827760,2026-06-30T06:56:00-07:00,36.573547500000004
1782827820,2026-06-30T06:57:00-07:00,36.573547500000004
1782827880,2026-06-30T06:58:00-07:00,36.573547500000004
1782827940,2026-06-30T06:59:00-07:00,36.573547500000004
1782828000,2026-06-30T07:00:00-07:00,36.573547500000004
1782828060,2026-06-30T07:01:00-07:00,35.128262166666666
1782828120,2026-06-30T07:02:00-07:00,35.128262166666666
1782828180,2026-06-30T07:03:00-07:00,35.128262166666666
1782828240,2026-06-30T07:04:00-07:00,35.128262166666666
1782828300,2026-06-30T07:05:00-07:00,35.128262166666666
1782828360,2026-06-30T07:06:00-07:00,68.86107016666666
1782828420,2026-06-30T07:07:00-07:00,68.86107016666666
1782828480,2026-06-30T07:08:00-07:00,68.86107016666666
1782828540,2026-06-30T07:09:00-07:00,68.86107016666666
1782828600,2026-06-30T07:10:00-07:00,68.86107016666666
1782828660,2026-06-30T07:11:00-07:00,40.95311816666667
1782828720,2026-06-30T07:12:00-07:00,40.95311816666667
1782828780,2026-06-30T07:13:00-07:00,40.95311816666667
1782828840,2026-06-30T07:14:00-07:00,40.95311816666667
1782828900,2026-06-30T07:15:00-07:00,40.95311816666667
1782829020,2026-06-30T07:17:00-07:00,43.7976955
1782829080,2026-06-30T07:18:00-07:00,43.7976955
1782829140,2026-06-30T07:19:00-07:00,43.7976955
1782829200,2026-06-30T07:20:00-07:00,43.7976955
1782829260,2026-06-30T07:21:00-07:00,43.7976955
1782829380,2026-06-30T07:23:00-07:00,36.105774
1782829440,2026-06-30T07:24:00-07:00,36.105774
1782829500,2026-06-30T07:25:00-07:00,36.105774
1782829560,2026-06-30T07:26:00-07:00,36.105774
1782829620,2026-06-30T07:27:00-07:00,36.105774
1782829800,2026-06-30T07:30:00-07:00,38.25260416666667
1782829860,2026-06-30T07:31:00-07:00,38.25260416666667
1782829920,2026-06-30T07:32:00-07:00,38.25260416666667
1782829980,2026-06-30T07:33:00-07:00,38.25260416666667
1782830040,2026-06-30T07:34:00-07:00,38.25260416666667
1782830100,2026-06-30T07:35:00-07:00,94.26243749999999
1782830160,2026-06-30T07:36:00-07:00,94.26243749999999
1782830220,2026-06-30T07:37:00-07:00,94.26243749999999
1782830280,2026-06-30T07:38:00-07:00,94.26243749999999
1782830340,2026-06-30T07:39:00-07:00,94.26243749999999
1782830460,2026-06-30T07:41:00-07:00,36.42265483333333
1782830520,2026-06-30T07:42:00-07:00,36.42265483333333
1782830580,2026-06-30T07:43:00-07:00,36.42265483333333
1782830640,2026-06-30T07:44:00-07:00,36.42265483333333
1782830700,2026-06-30T07:45:00-07:00,36.42265483333333
1782830760,2026-06-30T07:46:00-07:00,63.06064166666666
1782830820,2026-06-30T07:47:00-07:00,63.06064166666666
1782830880,2026-06-30T07:48:00-07:00,63.06064166666666
1782830940,2026-06-30T07:49:00-07:00,63.06064166666666
1782831000,2026-06-30T07:50:00-07:00,63.06064166666666
1782831060,2026-06-30T07:51:00-07:00,42.14192066666667
1782831120,2026-06-30T07:52:00-07:00,42.14192066666667
1782831180,2026-06-30T07:53:00-07:00,42.14192066666667
1782831240,2026-06-30T07:54:00-07:00,42.14192066666667
1782831300,2026-06-30T07:55:00-07:00,42.14192066666667
1782831420,2026-06-30T07:57:00-07:00,40.77472583333334
1782831480,2026-06-30T07:58:00-07:00,40.77472583333334
1782831540,2026-06-30T07:59:00-07:00,40.77472583333334
1782831600,2026-06-30T08:00:00-07:00,40.77472583333334
1782831660,2026-06-30T08:01:00-07:00,40.77472583333334
1782831780,2026-06-30T08:03:00-07:00,43.53999166666667
1782831840,2026-06-30T08:04:00-07:00,43.53999166666667
1782831900,2026-06-30T08:05:00-07:00,43.53999166666667
1782831960,2026-06-30T08:06:00-07:00,43.53999166666667
1782832020,2026-06-30T08:07:00-07:00,43.53999166666667
1782832080,2026-06-30T08:08:00-07:00,72.05757633333333
1782832140,2026-06-30T08:09:00-07:00,72.05757633333333
1782832200,2026-06-30T08:10:00-07:00,72.05757633333333
1782832260,2026-06-30T08:11:00-07:00,72.05757633333333
1782832320,2026-06-30T08:12:00-07:00,72.05757633333333
1782832380,2026-06-30T08:13:00-07:00,41.22848833333333
1782832440,2026-06-30T08:14:00-07:00,41.22848833333333
1782832500,2026-06-30T08:15:00-07:00,41.22848833333333
1782832560,2026-06-30T08:16:00-07:00,41.22848833333333
1782832620,2026-06-30T08:17:00-07:00,41.22848833333333
1782832740,2026-06-30T08:19:00-07:00,34.081244500000004
1782832800,2026-06-30T08:20:00-07:00,34.081244500000004
1782832860,2026-06-30T08:21:00-07:00,34.081244500000004
1782832920,2026-06-30T08:22:00-07:00,34.081244500000004
1782832980,2026-06-30T08:23:00-07:00,34.081244500000004
1782833040,2026-06-30T08:24:00-07:00,72.8692625
1782833100,2026-06-30T08:25:00-07:00,72.8692625
1782833160,2026-06-30T08:26:00-07:00,72.8692625
1782833220,2026-06-30T08:27:00-07:00,72.8692625
1782833280,2026-06-30T08:28:00-07:00,72.8692625
1782833460,2026-06-30T08:31:00-07:00,41.43851733333333
1782833520,2026-06-30T08:32:00-07:00,41.43851733333333
1782833580,2026-06-30T08:33:00-07:00,41.43851733333333
1782833640,2026-06-30T08:34:00-07:00,41.43851733333333
1782833700,2026-06-30T08:35:00-07:00,41.43851733333333
1782833760,2026-06-30T08:36:00-07:00,37.27889016666666
1782833820,2026-06-30T08:37:00-07:00,37.27889016666666
1782833880,2026-06-30T08:38:00-07:00,37.27889016666666
1782833940,2026-06-30T08:39:00-07:00,37.27889016666666
1782834000,2026-06-30T08:40:00-07:00,37.27889016666666
1782834060,2026-06-30T08:41:00-07:00,43.70449466666667
1782834120,2026-06-30T08:42:00-07:00,43.70449466666667
1782834180,2026-06-30T08:43:00-07:00,43.70449466666667
1782834240,2026-06-30T08:44:00-07:00,43.70449466666667
1782834300,2026-06-30T08:45:00-07:00,43.70449466666667
1782834420,2026-06-30T08:47:00-07:00,39.1347995
1782834480,2026-06-30T08:48:00-07:00,39.1347995
1782834540,2026-06-30T08:49:00-07:00,39.1347995
1782834600,2026-06-30T08:50:00-07:00,39.1347995
1782834660,2026-06-30T08:51:00-07:00,39.1347995
1782834780,2026-06-30T08:53:00-07:00,37.900519333333335
1782834840,2026-06-30T08:54:00-07:00,37.900519333333335
1782834900,2026-06-30T08:55:00-07:00,37.900519333333335
1782834960,2026-06-30T08:56:00-07:00,37.900519333333335
1782835020,2026-06-30T08:57:00-07:00,37.900519333333335
1782835200,2026-06-30T09:00:00-07:00,38.05557616666666
1782835260,2026-06-30T09:01:00-07:00,38.05557616666666
1782835320,2026-06-30T09:02:00-07:00,38.05557616666666
1782835380,2026-06-30T09:03:00-07:00,38.05557616666666
1782835440,2026-06-30T09:04:00-07:00,38.05557616666666
1782835560,2026-06-30T09:06:00-07:00,39.86002633333333
1782835620,2026-06-30T09:07:00-07:00,39.86002633333333
1782835680,2026-06-30T09:08:00-07:00,39.86002633333333
1782835740,2026-06-30T09:09:00-07:00,39.86002633333333
1782835800,2026-06-30T09:10:00-07:00,39.86002633333333
1782835860,2026-06-30T09:11:00-07:00,39.597602
1782835920,2026-06-30T09:12:00-07:00,39.597602
1782835980,2026-06-30T09:13:00-07:00,39.597602
1782836040,2026-06-30T09:14:00-07:00,39.597602
1782836100,2026-06-30T09:15:00-07:00,39.597602
1782836160,2026-06-30T09:16:00-07:00,33.430263833333335
1782836220,2026-06-30T09:17:00-07:00,33.430263833333335
1782836280,2026-06-30T09:18:00-07:00,33.430263833333335
1782836340,2026-06-30T09:19:00-07:00,33.430263833333335
1782836400,2026-06-30T09:20:00-07:00,33.430263833333335
1782836580,2026-06-30T09:23:00-07:00,36.62058483333333
1782836640,2026-06-30T09:24:00-07:00,36.62058483333333
1782836700,2026-06-30T09:25:00-07:00,36.62058483333333
1782836760,2026-06-30T09:26:00-07:00,36.62058483333333
1782836820,2026-06-30T09:27:00-07:00,36.62058483333333
1782837060,2026-06-30T09:31:00-07:00,39.081705666666664
1782837120,2026-06-30T09:32:00-07:00,39.081705666666664
1782837180,2026-06-30T09:33:00-07:00,39.081705666666664
1782837240,2026-06-30T09:34:00-07:00,39.081705666666664
1782837300,2026-06-30T09:35:00-07:00,39.081705666666664
1782837420,2026-06-30T09:37:00-07:00,39.39758316666667
1782837480,2026-06-30T09:38:00-07:00,39.39758316666667
1782837540,2026-06-30T09:39:00-07:00,39.39758316666667
1782837600,2026-06-30T09:40:00-07:00,39.39758316666667
1782837660,2026-06-30T09:41:00-07:00,39.39758316666667
1782837780,2026-06-30T09:43:00-07:00,36.10265416666667
1782837840,2026-06-30T09:44:00-07:00,36.10265416666667
1782837900,2026-06-30T09:45:00-07:00,36.10265416666667
1782837960,2026-06-30T09:46:00-07:00,36.10265416666667
1782838020,2026-06-30T09:47:00-07:00,36.10265416666667
1782838260,2026-06-30T09:51:00-07:00,37.13228316666667
1782838320,2026-06-30T09:52:00-07:00,37.13228316666667
1782838380,2026-06-30T09:53:00-07:00,37.13228316666667
1782838440,2026-06-30T09:54:00-07:00,37.13228316666667
1782838500,2026-06-30T09:55:00-07:00,37.13228316666667
1782838620,2026-06-30T09:57:00-07:00,41.90612116666667
1782838680,2026-06-30T09:58:00-07:00,41.90612116666667
1782838740,2026-06-30T09:59:00-07:00,41.90612116666667
1782838800,2026-06-30T10:00:00-07:00,41.90612116666667
1782838860,2026-06-30T10:01:00-07:00,41.90612116666667
1782838980,2026-06-30T10:03:00-07:00,40.08517816666667
1782839040,2026-06-30T10:04:00-07:00,40.08517816666667
1782839100,2026-06-30T10:05:00-07:00,40.08517816666667
1782839160,2026-06-30T10:06:00-07:00,40.08517816666667
1782839220,2026-06-30T10:07:00-07:00,40.08517816666667
1782839340,2026-06-30T10:09:00-07:00,41.318074833333334
1782839400,2026-06-30T10:10:00-07:00,41.318074833333334
1782839460,2026-06-30T10:11:00-07:00,41.318074833333334
1782839520,2026-06-30T10:12:00-07:00,41.318074833333334
1782839580,2026-06-30T10:13:00-07:00,41.318074833333334
1782839640,2026-06-30T10:14:00-07:00,34.91414416666667
1782839700,2026-06-30T10:15:00-07:00,34.91414416666667
1782839760,2026-06-30T10:16:00-07:00,34.91414416666667
1782839820,2026-06-30T10:17:00-07:00,34.91414416666667
1782839880,2026-06-30T10:18:00-07:00,34.91414416666667
1782840000,2026-06-30T10:20:00-07:00,35.800191166666664
1782840060,2026-06-30T10:21:00-07:00,35.800191166666664
1782840120,2026-06-30T10:22:00-07:00,35.800191166666664
1782840180,2026-06-30T10:23:00-07:00,35.800191166666664
1782840240,2026-06-30T10:24:00-07:00,35.800191166666664
1782840300,2026-06-30T10:25:00-07:00,38.77886316666667
1782840360,2026-06-30T10:26:00-07:00,38.77886316666667
1782840420,2026-06-30T10:27:00-07:00,38.77886316666667
1782840480,2026-06-30T10:28:00-07:00,38.77886316666667
1782840540,2026-06-30T10:29:00-07:00,38.77886316666667
1782840780,2026-06-30T10:33:00-07:00,41.99188883333333
1782840840,2026-06-30T10:34:00-07:00,41.99188883333333
1782840900,2026-06-30T10:35:00-07:00,41.99188883333333
1782840960,2026-06-30T10:36:00-07:00,41.99188883333333
1782841020,2026-06-30T10:37:00-07:00,41.99188883333333
1782841080,2026-06-30T10:38:00-07:00,67.72237133333333
1782841140,2026-06-30T10:39:00-07:00,67.72237133333333
1782841200,2026-06-30T10:40:00-07:00,67.72237133333333
1782841260,2026-06-30T10:41:00-07:00,67.72237133333333
1782841320,2026-06-30T10:42:00-07:00,67.72237133333333
1782841380,2026-06-30T10:43:00-07:00,40.79092716666667
1782841440,2026-06-30T10:44:00-07:00,40.79092716666667
1782841500,2026-06-30T10:45:00-07:00,40.79092716666667
1782841560,2026-06-30T10:46:00-07:00,40.79092716666667
1782841620,2026-06-30T10:47:00-07:00,40.79092716666667
1782841800,2026-06-30T10:50:00-07:00,38.395283666666664
1782841860,2026-06-30T10:51:00-07:00,38.395283666666664
1782841920,2026-06-30T10:52:00-07:00,38.395283666666664
1782841980,2026-06-30T10:53:00-07:00,38.395283666666664
1782842040,2026-06-30T10:54:00-07:00,38.395283666666664
1782842220,2026-06-30T10:57:00-07:00,37.54715983333333
1782842280,2026-06-30T10:58:00-07:00,37.54715983333333
1782842340,2026-06-30T10:59:00-07:00,37.54715983333333
1782842400,2026-06-30T11:00:00-07:00,37.54715983333333
1782842460,2026-06-30T11:01:00-07:00,37.54715983333333
1782842580,2026-06-30T11:03:00-07:00,35.93985966666667
1782842640,2026-06-30T11:04:00-07:00,35.93985966666667
1782842700,2026-06-30T11:05:00-07:00,35.93985966666667
1782842760,2026-06-30T11:06:00-07:00,35.93985966666667
1782842820,2026-06-30T11:07:00-07:00,35.93985966666667
1782842940,2026-06-30T11:09:00-07:00,41.026699666666666
1782843000,2026-06-30T11:10:00-07:00,41.026699666666666
1782843060,2026-06-30T11:11:00-07:00,41.026699666666666
1782843120,2026-06-30T11:12:00-07:00,41.026699666666666
1782843180,2026-06-30T11:13:00-07:00,41.026699666666666
1782843360,2026-06-30T11:16:00-07:00,42.23854566666666
1782843420,2026-06-30T11:17:00-07:00,42.23854566666666
1782843480,2026-06-30T11:18:00-07:00,42.23854566666666
1782843540,2026-06-30T11:19:00-07:00,42.23854566666666
1782843600,2026-06-30T11:20:00-07:00,42.23854566666666
1782843720,2026-06-30T11:22:00-07:00,43.00486266666667
1782843780,2026-06-30T11:23:00-07:00,43.00486266666667
1782843840,2026-06-30T11:24:00-07:00,43.00486266666667
1782843900,2026-06-30T11:25:00-07:00,43.00486266666667
1782843960,2026-06-30T11:26:00-07:00,43.00486266666667
1782844080,2026-06-30T11:28:00-07:00,36.883063500000006
1782844140,2026-06-30T11:29:00-07:00,36.883063500000006
1782844200,2026-06-30T11:30:00-07:00,36.883063500000006
1782844260,2026-06-30T11:31:00-07:00,36.883063500000006
1782844320,2026-06-30T11:32:00-07:00,36.883063500000006
1782844380,2026-06-30T11:33:00-07:00,42.361579
1782844440,2026-06-30T11:34:00-07:00,42.361579
1782844500,2026-06-30T11:35:00-07:00,42.361579
1782844560,2026-06-30T11:36:00-07:00,42.361579
1782844620,2026-06-30T11:37:00-07:00,42.361579
1782844740,2026-06-30T11:39:00-07:00,40.512112
1782844800,2026-06-30T11:40:00-07:00,40.512112
1782844860,2026-06-30T11:41:00-07:00,40.512112
1782844920,2026-06-30T11:42:00-07:00,40.512112
1782844980,2026-06-30T11:43:00-07:00,40.512112
1782845160,2026-06-30T11:46:00-07:00,38.467746166666664
1782845220,2026-06-30T11:47:00-07:00,38.467746166666664
1782845280,2026-06-30T11:48:00-07:00,38.467746166666664
1782845340,2026-06-30T11:49:00-07:00,38.467746166666664
1782845400,2026-06-30T11:50:00-07:00,38.467746166666664
1782846180,2026-06-30T12:03:00-07:00,38.483751
1782846240,2026-06-30T12:04:00-07:00,38.483751
1782846300,2026-06-30T12:05:00-07:00,38.483751
1782846360,2026-06-30T12:06:00-07:00,38.483751
1782846420,2026-06-30T12:07:00-07:00,38.483751
1782846540,2026-06-30T12:09:00-07:00,62.382779
1782846600,2026-06-30T12:10:00-07:00,62.382779
1782846660,2026-06-30T12:11:00-07:00,62.382779
1782846720,2026-06-30T12:12:00-07:00,62.382779
1782846780,2026-06-30T12:13:00-07:00,62.382779
1782846900,2026-06-30T12:15:00-07:00,38.16001383333333
1782846960,2026-06-30T12:16:00-07:00,38.16001383333333
1782847020,2026-06-30T12:17:00-07:00,38.16001383333333
1782847080,2026-06-30T12:18:00-07:00,38.16001383333333
1782847140,2026-06-30T12:19:00-07:00,38.16001383333333
1782847260,2026-06-30T12:21:00-07:00,38.063246166666666
1782847320,2026-06-30T12:22:00-07:00,38.063246166666666
1782847380,2026-06-30T12:23:00-07:00,38.063246166666666
1782847440,2026-06-30T12:24:00-07:00,38.063246166666666
1782847500,2026-06-30T12:25:00-07:00,38.063246166666666
1782847740,2026-06-30T12:29:00-07:00,51.052252999999986
1782847800,2026-06-30T12:30:00-07:00,51.052252999999986
1782847860,2026-06-30T12:31:00-07:00,51.052252999999986
1782847920,2026-06-30T12:32:00-07:00,51.052252999999986
1782847980,2026-06-30T12:33:00-07:00,51.052252999999986
1782848040,2026-06-30T12:34:00-07:00,47.081882
1782848100,2026-06-30T12:35:00-07:00,47.081882
1782848160,2026-06-30T12:36:00-07:00,47.081882
1782848220,2026-06-30T12:37:00-07:00,47.081882
1782848280,2026-06-30T12:38:00-07:00,47.081882
1782848340,2026-06-30T12:39:00-07:00,38.593675499999996
1782848400,2026-06-30T12:40:00-07:00,38.593675499999996
1782848460,2026-06-30T12:41:00-07:00,38.593675499999996
1782848520,2026-06-30T12:42:00-07:00,38.593675499999996
1782848580,2026-06-30T12:43:00-07:00,38.593675499999996
1782848700,2026-06-30T12:45:00-07:00,45.024407
1782848760,2026-06-30T12:46:00-07:00,45.024407
1782848820,2026-06-30T12:47:00-07:00,45.024407
1782848880,2026-06-30T12:48:00-07:00,45.024407
1782848940,2026-06-30T12:49:00-07:00,45.024407
1782849000,2026-06-30T12:50:00-07:00,41.365967
1782849060,2026-06-30T12:51:00-07:00,41.365967
1782849120,2026-06-30T12:52:00-07:00,41.365967
1782849180,2026-06-30T12:53:00-07:00,41.365967
1782849240,2026-06-30T12:54:00-07:00,41.365967
1782849360,2026-06-30T12:56:00-07:00,35.89242216666667
1782849420,2026-06-30T12:57:00-07:00,35.89242216666667
1782849480,2026-06-30T12:58:00-07:00,35.89242216666667
1782849540,2026-06-30T12:59:00-07:00,35.89242216666667
1782849600,2026-06-30T13:00:00-07:00,35.89242216666667
1782849660,2026-06-30T13:01:00-07:00,44.803202166666665
1782849720,2026-06-30T13:02:00-07:00,44.803202166666665
1782849780,2026-06-30T13:03:00-07:00,44.803202166666665
1782849840,2026-06-30T13:04:00-07:00,44.803202166666665
1782849900,2026-06-30T13:05:00-07:00,44.803202166666665
1782850200,2026-06-30T13:10:00-07:00,35.012553
1782850260,2026-06-30T13:11:00-07:00,35.012553
1782850320,2026-06-30T13:12:00-07:00,35.012553
1782850380,2026-06-30T13:13:00-07:00,35.012553
1782850440,2026-06-30T13:14:00-07:00,35.012553
1782850560,2026-06-30T13:16:00-07:00,35.80657966666667
1782850620,2026-06-30T13:17:00-07:00,35.80657966666667
1782850680,2026-06-30T13:18:00-07:00,35.80657966666667
1782850740,2026-06-30T13:19:00-07:00,35.80657966666667
1782850800,2026-06-30T13:20:00-07:00,35.80657966666667
1782850920,2026-06-30T13:22:00-07:00,35.2270235
1782850980,2026-06-30T13:23:00-07:00,35.2270235
1782851040,2026-06-30T13:24:00-07:00,35.2270235
1782851100,2026-06-30T13:25:00-07:00,35.2270235
1782851160,2026-06-30T13:26:00-07:00,35.2270235
1782851220,2026-06-30T13:27:00-07:00,39.28777383333333
1782851280,2026-06-30T13:28:00-07:00,39.28777383333333
1782851340,2026-06-30T13:29:00-07:00,39.28777383333333
1782851400,2026-06-30T13:30:00-07:00,39.28777383333333
1782851460,2026-06-30T13:31:00-07:00,39.28777383333333
1782851580,2026-06-30T13:33:00-07:00,36.884603
1782851640,2026-06-30T13:34:00-07:00,36.884603
1782851700,2026-06-30T13:35:00-07:00,36.884603
1782851760,2026-06-30T13:36:00-07:00,36.884603
1782851820,2026-06-30T13:37:00-07:00,36.884603
1782851880,2026-06-30T13:38:00-07:00,37.973436
1782851940,2026-06-30T13:39:00-07:00,37.973436
1782852000,2026-06-30T13:40:00-07:00,37.973436
1782852060,2026-06-30T13:41:00-07:00,37.973436
1782852120,2026-06-30T13:42:00-07:00,37.973436
1782852240,2026-06-30T13:44:00-07:00,71.28937466666666
1782852300,2026-06-30T13:45:00-07:00,71.28937466666666
1782852360,2026-06-30T13:46:00-07:00,71.28937466666666
1782852420,2026-06-30T13:47:00-07:00,71.28937466666666
1782852480,2026-06-30T13:48:00-07:00,71.28937466666666
1782852540,2026-06-30T13:49:00-07:00,53.450208833333335
1782852600,2026-06-30T13:50:00-07:00,53.450208833333335
1782852660,2026-06-30T13:51:00-07:00,53.450208833333335
1782852720,2026-06-30T13:52:00-07:00,53.450208833333335
1782852780,2026-06-30T13:53:00-07:00,53.450208833333335
1782852840,2026-06-30T13:54:00-07:00,92.95747216666668
1782852900,2026-06-30T13:55:00-07:00,92.95747216666668
1782852960,2026-06-30T13:56:00-07:00,92.95747216666668
1782853020,2026-06-30T13:57:00-07:00,92.95747216666668
1782853080,2026-06-30T13:58:00-07:00,92.95747216666668
1782853140,2026-06-30T13:59:00-07:00,38.26959883333333
1782853200,2026-06-30T14:00:00-07:00,38.26959883333333
1782853260,2026-06-30T14:01:00-07:00,38.26959883333333
1782853320,2026-06-30T14:02:00-07:00,38.26959883333333
1782853380,2026-06-30T14:03:00-07:00,38.26959883333333
1782853440,2026-06-30T14:04:00-07:00,65.57508666666666
1782853500,2026-06-30T14:05:00-07:00,65.57508666666666
1782853560,2026-06-30T14:06:00-07:00,65.57508666666666
1782853620,2026-06-30T14:07:00-07:00,65.57508666666666
1782853680,2026-06-30T14:08:00-07:00,65.57508666666666
1782853740,2026-06-30T14:09:00-07:00,70.49853516666667
1782853800,2026-06-30T14:10:00-07:00,70.49853516666667
1782853860,2026-06-30T14:11:00-07:00,70.49853516666667
1782853920,2026-06-30T14:12:00-07:00,70.49853516666667
1782853980,2026-06-30T14:13:00-07:00,70.49853516666667
1782854100,2026-06-30T14:15:00-07:00,40.14439566666667
1782854160,2026-06-30T14:16:00-07:00,40.14439566666667
1782854220,2026-06-30T14:17:00-07:00,40.14439566666667
1782854280,2026-06-30T14:18:00-07:00,40.14439566666667
1782854340,2026-06-30T14:19:00-07:00,40.14439566666667
1782854460,2026-06-30T14:21:00-07:00,38.63844783333333
1782854520,2026-06-30T14:22:00-07:00,38.63844783333333
1782854580,2026-06-30T14:23:00-07:00,38.63844783333333
1782854640,2026-06-30T14:24:00-07:00,38.63844783333333
1782854700,2026-06-30T14:25:00-07:00,38.63844783333333
1782854760,2026-06-30T14:26:00-07:00,99.84716783333333
1782854820,2026-06-30T14:27:00-07:00,99.84716783333333
1782854880,2026-06-30T14:28:00-07:00,99.84716783333333
1782854940,2026-06-30T14:29:00-07:00,99.84716783333333
1782855000,2026-06-30T14:30:00-07:00,99.84716783333333
1782855180,2026-06-30T14:33:00-07:00,163.04528166666668
1782855240,2026-06-30T14:34:00-07:00,163.04528166666668
1782855300,2026-06-30T14:35:00-07:00,163.04528166666668
1782855360,2026-06-30T14:36:00-07:00,163.04528166666668
1782855420,2026-06-30T14:37:00-07:00,163.04528166666668
1782855480,2026-06-30T14:38:00-07:00,42.06585016666667
1782855540,2026-06-30T14:39:00-07:00,42.06585016666667
1782855600,2026-06-30T14:40:00-07:00,42.06585016666667
1782855660,2026-06-30T14:41:00-07:00,42.06585016666667
1782855720,2026-06-30T14:42:00-07:00,42.06585016666667
1782855900,2026-06-30T14:45:00-07:00,38.617757
1782855960,2026-06-30T14:46:00-07:00,38.617757
1782856020,2026-06-30T14:47:00-07:00,38.617757
1782856080,2026-06-30T14:48:00-07:00,38.617757
1782856140,2026-06-30T14:49:00-07:00,38.617757
1782856260,2026-06-30T14:51:00-07:00,78.55352766666665
1782856320,2026-06-30T14:52:00-07:00,78.55352766666665
1782856380,2026-06-30T14:53:00-07:00,78.55352766666665
1782856440,2026-06-30T14:54:00-07:00,78.55352766666665
1782856500,2026-06-30T14:55:00-07:00,78.55352766666665
1782856560,2026-06-30T14:56:00-07:00,44.38244616666666
1782856620,2026-06-30T14:57:00-07:00,44.38244616666666
1782856680,2026-06-30T14:58:00-07:00,44.38244616666666
1782856740,2026-06-30T14:59:00-07:00,44.38244616666666
1782856800,2026-06-30T15:00:00-07:00,44.38244616666666
1782856920,2026-06-30T15:02:00-07:00,35.95097533333333
1782856980,2026-06-30T15:03:00-07:00,35.95097533333333
1782857040,2026-06-30T15:04:00-07:00,35.95097533333333
1782857100,2026-06-30T15:05:00-07:00,35.95097533333333
1782857160,2026-06-30T15:06:00-07:00,35.95097533333333
1782857280,2026-06-30T15:08:00-07:00,38.42792416666666
1782857340,2026-06-30T15:09:00-07:00,38.42792416666666
1782857400,2026-06-30T15:10:00-07:00,38.42792416666666
1782857460,2026-06-30T15:11:00-07:00,38.42792416666666
1782857520,2026-06-30T15:12:00-07:00,38.42792416666666
1782857640,2026-06-30T15:14:00-07:00,38.06002466666667
1782857700,2026-06-30T15:15:00-07:00,38.06002466666667
1782857760,2026-06-30T15:16:00-07:00,38.06002466666667
1782857820,2026-06-30T15:17:00-07:00,38.06002466666667
1782857880,2026-06-30T15:18:00-07:00,38.06002466666667
1782857940,2026-06-30T15:19:00-07:00,41.73780666666667
1782858000,2026-06-30T15:20:00-07:00,41.73780666666667
1782858060,2026-06-30T15:21:00-07:00,41.73780666666667
1782858120,2026-06-30T15:22:00-07:00,41.73780666666667
1782858180,2026-06-30T15:23:00-07:00,41.73780666666667
1782858300,2026-06-30T15:25:00-07:00,88.00460466666668
1782858360,2026-06-30T15:26:00-07:00,88.00460466666668
1782858420,2026-06-30T15:27:00-07:00,88.00460466666668
1782858480,2026-06-30T15:28:00-07:00,88.00460466666668
1782858540,2026-06-30T15:29:00-07:00,88.00460466666668
1782858660,2026-06-30T15:31:00-07:00,39.038852166666665
1782858720,2026-06-30T15:32:00-07:00,39.038852166666665
1782858780,2026-06-30T15:33:00-07:00,39.038852166666665
1782858840,2026-06-30T15:34:00-07:00,39.038852166666665
1782858900,2026-06-30T15:35:00-07:00,39.038852166666665
1782859380,2026-06-30T15:43:00-07:00,44.48771183333333
1782859440,2026-06-30T15:44:00-07:00,44.48771183333333
1782859500,2026-06-30T15:45:00-07:00,44.48771183333333
1782859560,2026-06-30T15:46:00-07:00,44.48771183333333
1782859620,2026-06-30T15:47:00-07:00,44.48771183333333
1782859680,2026-06-30T15:48:00-07:00,36.101724999999995
1782859740,2026-06-30T15:49:00-07:00,36.101724999999995
1782859800,2026-06-30T15:50:00-07:00,36.101724999999995
1782859860,2026-06-30T15:51:00-07:00,36.101724999999995
1782859920,2026-06-30T15:52:00-07:00,36.101724999999995
1782860100,2026-06-30T15:55:00-07:00,37.69397683333333
1782860160,2026-06-30T15:56:00-07:00,37.69397683333333
1782860220,2026-06-30T15:57:00-07:00,37.69397683333333
1782860280,2026-06-30T15:58:00-07:00,37.69397683333333
1782860340,2026-06-30T15:59:00-07:00,37.69397683333333
1782860400,2026-06-30T16:00:00-07:00,41.29239233333333
1782860460,2026-06-30T16:01:00-07:00,41.29239233333333
1782860520,2026-06-30T16:02:00-07:00,41.29239233333333
1782860580,2026-06-30T16:03:00-07:00,41.29239233333333
1782860640,2026-06-30T16:04:00-07:00,41.29239233333333
1782860760,2026-06-30T16:06:00-07:00,35.844739999999994
1782860820,2026-06-30T16:07:00-07:00,35.844739999999994
1782860880,2026-06-30T16:08:00-07:00,35.844739999999994
1782860940,2026-06-30T16:09:00-07:00,35.844739999999994
1782861000,2026-06-30T16:10:00-07:00,35.844739999999994
1782861120,2026-06-30T16:12:00-07:00,39.517680000000006
1782861180,2026-06-30T16:13:00-07:00,39.517680000000006
1782861240,2026-06-30T16:14:00-07:00,39.517680000000006
1782861300,2026-06-30T16:15:00-07:00,39.517680000000006
1782861360,2026-06-30T16:16:00-07:00,39.517680000000006
1782861600,2026-06-30T16:20:00-07:00,85.25256350000001
1782861660,2026-06-30T16:21:00-07:00,85.25256350000001
1782861720,2026-06-30T16:22:00-07:00,85.25256350000001
1782861780,2026-06-30T16:23:00-07:00,85.25256350000001
1782861840,2026-06-30T16:24:00-07:00,85.25256350000001
1782862020,2026-06-30T16:27:00-07:00,45.237453666666674
1782862080,2026-06-30T16:28:00-07:00,45.237453666666674
1782862140,2026-06-30T16:29:00-07:00,45.237453666666674
1782862200,2026-06-30T16:30:00-07:00,45.237453666666674
1782862260,2026-06-30T16:31:00-07:00,45.237453666666674
1782862560,2026-06-30T16:36:00-07:00,46.21114083333333
1782862620,2026-06-30T16:37:00-07:00,46.21114083333333
1782862680,2026-06-30T16:38:00-07:00,46.21114083333333
1782862740,2026-06-30T16:39:00-07:00,46.21114083333333
1782862800,2026-06-30T16:40:00-07:00,46.21114083333333
1782862860,2026-06-30T16:41:00-07:00,39.477118499999996
1782862920,2026-06-30T16:42:00-07:00,39.477118499999996
1782862980,2026-06-30T16:43:00-07:00,39.477118499999996
1782863040,2026-06-30T16:44:00-07:00,39.477118499999996
1782863100,2026-06-30T16:45:00-07:00,39.477118499999996
1782863220,2026-06-30T16:47:00-07:00,37.18516016666667
1782863280,2026-06-30T16:48:00-07:00,37.18516016666667
1782863340,2026-06-30T16:49:00-07:00,37.18516016666667
1782863400,2026-06-30T16:50:00-07:00,37.18516016666667
1782863460,2026-06-30T16:51:00-07:00,37.18516016666667
1782863520,2026-06-30T16:52:00-07:00,35.266031999999996
1782863580,2026-06-30T16:53:00-07:00,35.266031999999996
1782863640,2026-06-30T16:54:00-07:00,35.266031999999996
1782863700,2026-06-30T16:55:00-07:00,35.266031999999996
1782863760,2026-06-30T16:56:00-07:00,35.266031999999996
1782863940,2026-06-30T16:59:00-07:00,38.27873416666667
1782864000,2026-06-30T17:00:00-07:00,38.27873416666667
1782864060,2026-06-30T17:01:00-07:00,38.27873416666667
1782864120,2026-06-30T17:02:00-07:00,38.27873416666667
1782864180,2026-06-30T17:03:00-07:00,38.27873416666667
1782864240,2026-06-30T17:04:00-07:00,39.31034333333333
1782864300,2026-06-30T17:05:00-07:00,39.31034333333333
1782864360,2026-06-30T17:06:00-07:00,39.31034333333333
1782864420,2026-06-30T17:07:00-07:00,39.31034333333333
1782864480,2026-06-30T17:08:00-07:00,39.31034333333333
1782864660,2026-06-30T17:11:00-07:00,37.91061766666667
1782864720,2026-06-30T17:12:00-07:00,37.91061766666667
1782864780,2026-06-30T17:13:00-07:00,37.91061766666667
1782864840,2026-06-30T17:14:00-07:00,37.91061766666667
1782864900,2026-06-30T17:15:00-07:00,37.91061766666667
1782864960,2026-06-30T17:16:00-07:00,77.60590950000001
1782865020,2026-06-30T17:17:00-07:00,77.60590950000001
1782865080,2026-06-30T17:18:00-07:00,77.60590950000001
1782865140,2026-06-30T17:19:00-07:00,77.60590950000001
1782865200,2026-06-30T17:20:00-07:00,77.60590950000001
1782865260,2026-06-30T17:21:00-07:00,72.69508866666668
1782865320,2026-06-30T17:22:00-07:00,72.69508866666668
1782865380,2026-06-30T17:23:00-07:00,72.69508866666668
1782865440,2026-06-30T17:24:00-07:00,72.69508866666668
1782865500,2026-06-30T17:25:00-07:00,72.69508866666668
1782865560,2026-06-30T17:26:00-07:00,106.07906766666667
1782865620,2026-06-30T17:27:00-07:00,106.07906766666667
1782865680,2026-06-30T17:28:00-07:00,106.07906766666667
1782865740,2026-06-30T17:29:00-07:00,106.07906766666667
1782865800,2026-06-30T17:30:00-07:00,106.07906766666667
1782865920,2026-06-30T17:32:00-07:00,49.47561966666666
1782865980,2026-06-30T17:33:00-07:00,49.47561966666666
1782866040,2026-06-30T17:34:00-07:00,49.47561966666666
1782866100,2026-06-30T17:35:00-07:00,49.47561966666666
1782866160,2026-06-30T17:36:00-07:00,49.47561966666666
1782866340,2026-06-30T17:39:00-07:00,40.818982999999996
1782866400,2026-06-30T17:40:00-07:00,40.818982999999996
1782866460,2026-06-30T17:41:00-07:00,40.818982999999996
1782866520,2026-06-30T17:42:00-07:00,40.818982999999996
1782866580,2026-06-30T17:43:00-07:00,40.818982999999996
1782866640,2026-06-30T17:44:00-07:00,37.7515125
1782866700,2026-06-30T17:45:00-07:00,37.7515125
1782866760,2026-06-30T17:46:00-07:00,37.7515125
1782866820,2026-06-30T17:47:00-07:00,37.7515125
1782866880,2026-06-30T17:48:00-07:00,37.7515125
1782867300,2026-06-30T17:55:00-07:00,38.51930083333334
1782867360,2026-06-30T17:56:00-07:00,38.51930083333334
1782867420,2026-06-30T17:57:00-07:00,38.51930083333334
1782867480,2026-06-30T17:58:00-07:00,38.51930083333334
1782867540,2026-06-30T17:59:00-07:00,38.51930083333334
1782867660,2026-06-30T18:01:00-07:00,39.171814000000005
1782867720,2026-06-30T18:02:00-07:00,39.171814000000005
1782867780,2026-06-30T18:03:00-07:00,39.171814000000005
1782867840,2026-06-30T18:04:00-07:00,39.171814000000005
1782867900,2026-06-30T18:05:00-07:00,39.171814000000005
1782868020,2026-06-30T18:07:00-07:00,42.3187935
1782868080,2026-06-30T18:08:00-07:00,42.3187935
1782868140,2026-06-30T18:09:00-07:00,42.3187935
1782868200,2026-06-30T18:10:00-07:00,42.3187935
1782868260,2026-06-30T18:11:00-07:00,42.3187935
1782868380,2026-06-30T18:13:00-07:00,36.14506016666667
1782868440,2026-06-30T18:14:00-07:00,36.14506016666667
1782868500,2026-06-30T18:15:00-07:00,36.14506016666667
1782868560,2026-06-30T18:16:00-07:00,36.14506016666667
1782868620,2026-06-30T18:17:00-07:00,36.14506016666667
1782868800,2026-06-30T18:20:00-07:00,38.35260016666667
1782868860,2026-06-30T18:21:00-07:00,38.35260016666667
1782868920,2026-06-30T18:22:00-07:00,38.35260016666667
1782868980,2026-06-30T18:23:00-07:00,38.35260016666667
1782869040,2026-06-30T18:24:00-07:00,38.35260016666667
1782869160,2026-06-30T18:26:00-07:00,40.88769533333333
1782869220,2026-06-30T18:27:00-07:00,40.88769533333333
1782869280,2026-06-30T18:28:00-07:00,40.88769533333333
1782869340,2026-06-30T18:29:00-07:00,40.88769533333333
1782869400,2026-06-30T18:30:00-07:00,40.88769533333333
1782869580,2026-06-30T18:33:00-07:00,36.63942466666666
1782869640,2026-06-30T18:34:00-07:00,36.63942466666666
1782869700,2026-06-30T18:35:00-07:00,36.63942466666666
1782869760,2026-06-30T18:36:00-07:00,36.63942466666666
1782869820,2026-06-30T18:37:00-07:00,36.63942466666666
1782869880,2026-06-30T18:38:00-07:00,37.92866366666667
1782869940,2026-06-30T18:39:00-07:00,37.92866366666667
1782870000,2026-06-30T18:40:00-07:00,37.92866366666667
1782870060,2026-06-30T18:41:00-07:00,37.92866366666667
1782870120,2026-06-30T18:42:00-07:00,37.92866366666667
1782870180,2026-06-30T18:43:00-07:00,79.56791166666666
1782870240,2026-06-30T18:44:00-07:00,79.56791166666666
1782870300,2026-06-30T18:45:00-07:00,79.56791166666666
1782870360,2026-06-30T18:46:00-07:00,79.56791166666666
1782870420,2026-06-30T18:47:00-07:00,79.56791166666666
1782870480,2026-06-30T18:48:00-07:00,40.416232666666666
1782870540,2026-06-30T18:49:00-07:00,40.416232666666666
1782870600,2026-06-30T18:50:00-07:00,40.416232666666666
1782870660,2026-06-30T18:51:00-07:00,40.416232666666666
1782870720,2026-06-30T18:52:00-07:00,40.416232666666666
1782870780,2026-06-30T18:53:00-07:00,38.05513533333334
1782870840,2026-06-30T18:54:00-07:00,38.05513533333334
1782870900,2026-06-30T18:55:00-07:00,38.05513533333334
1782870960,2026-06-30T18:56:00-07:00,38.05513533333334
1782871020,2026-06-30T18:57:00-07:00,38.05513533333334
1782871140,2026-06-30T18:59:00-07:00,37.23418516666667
1782871200,2026-06-30T19:00:00-07:00,37.23418516666667
1782871260,2026-06-30T19:01:00-07:00,37.23418516666667
1782871320,2026-06-30T19:02:00-07:00,37.23418516666667
1782871380,2026-06-30T19:03:00-07:00,37.23418516666667
1782871560,2026-06-30T19:06:00-07:00,39.18813766666667
1782871620,2026-06-30T19:07:00-07:00,39.18813766666667
1782871680,2026-06-30T19:08:00-07:00,39.18813766666667
1782871740,2026-06-30T19:09:00-07:00,39.18813766666667
1782871800,2026-06-30T19:10:00-07:00,39.18813766666667
1782871920,2026-06-30T19:12:00-07:00,36.421285000000005
1782871980,2026-06-30T19:13:00-07:00,36.421285000000005
1782872040,2026-06-30T19:14:00-07:00,36.421285000000005
1782872100,2026-06-30T19:15:00-07:00,36.421285000000005
1782872160,2026-06-30T19:16:00-07:00,36.421285000000005
1782872220,2026-06-30T19:17:00-07:00,45.972758
1782872280,2026-06-30T19:18:00-07:00,45.972758
1782872340,2026-06-30T19:19:00-07:00,45.972758
1782872400,2026-06-30T19:20:00-07:00,45.972758
1782872460,2026-06-30T19:21:00-07:00,45.972758
1782872580,2026-06-30T19:23:00-07:00,38.72140866666667
1782872640,2026-06-30T19:24:00-07:00,38.72140866666667
1782872700,2026-06-30T19:25:00-07:00,38.72140866666667
1782872760,2026-06-30T19:26:00-07:00,38.72140866666667
1782872820,2026-06-30T19:27:00-07:00,38.72140866666667
1782872880,2026-06-30T19:28:00-07:00,69.59002016666666
1782872940,2026-06-30T19:29:00-07:00,69.59002016666666
1782873000,2026-06-30T19:30:00-07:00,69.59002016666666
1782873060,2026-06-30T19:31:00-07:00,69.59002016666666
1782873120,2026-06-30T19:32:00-07:00,69.59002016666666
1782873180,2026-06-30T19:33:00-07:00,38.813124
1782873240,2026-06-30T19:34:00-07:00,38.813124
1782873300,2026-06-30T19:35:00-07:00,38.813124
1782873360,2026-06-30T19:36:00-07:00,38.813124
1782873420,2026-06-30T19:37:00-07:00,38.813124
1782873480,2026-06-30T19:38:00-07:00,66.96506083333334
1782873540,2026-06-30T19:39:00-07:00,66.96506083333334
1782873600,2026-06-30T19:40:00-07:00,66.96506083333334
1782873660,2026-06-30T19:41:00-07:00,66.96506083333334
1782873720,2026-06-30T19:42:00-07:00,66.96506083333334
1782873840,2026-06-30T19:44:00-07:00,70.52002616666665
1782873900,2026-06-30T19:45:00-07:00,70.52002616666665
1782873960,2026-06-30T19:46:00-07:00,70.52002616666665
1782874020,2026-06-30T19:47:00-07:00,70.52002616666665
1782874080,2026-06-30T19:48:00-07:00,70.52002616666665
1782874140,2026-06-30T19:49:00-07:00,68.315735
1782874200,2026-06-30T19:50:00-07:00,68.315735
1782874260,2026-06-30T19:51:00-07:00,68.315735
1782874320,2026-06-30T19:52:00-07:00,68.315735
1782874380,2026-06-30T19:53:00-07:00,68.315735
1782874500,2026-06-30T19:55:00-07:00,37.369791666666664
1782874560,2026-06-30T19:56:00-07:00,37.369791666666664
1782874620,2026-06-30T19:57:00-07:00,37.369791666666664
1782874680,2026-06-30T19:58:00-07:00,37.369791666666664
1782874740,2026-06-30T19:59:00-07:00,37.369791666666664
1782875520,2026-06-30T20:12:00-07:00,35.669040333333335
1782875580,2026-06-30T20:13:00-07:00,35.669040333333335
1782875640,2026-06-30T20:14:00-07:00,35.669040333333335
1782875700,2026-06-30T20:15:00-07:00,35.669040333333335
1782875760,2026-06-30T20:16:00-07:00,35.669040333333335
1782876300,2026-06-30T20:25:00-07:00,36.683817499999996
1782876360,2026-06-30T20:26:00-07:00,36.683817499999996
1782876420,2026-06-30T20:27:00-07:00,36.683817499999996
1782876480,2026-06-30T20:28:00-07:00,36.683817499999996
1782876540,2026-06-30T20:29:00-07:00,36.683817499999996
1782876660,2026-06-30T20:31:00-07:00,39.9140085
1782876720,2026-06-30T20:32:00-07:00,39.9140085
1782876780,2026-06-30T20:33:00-07:00,39.9140085
1782876840,2026-06-30T20:34:00-07:00,39.9140085
1782876900,2026-06-30T20:35:00-07:00,39.9140085
1782876960,2026-06-30T20:36:00-07:00,41.715888166666666
1782877020,2026-06-30T20:37:00-07:00,41.715888166666666
1782877080,2026-06-30T20:38:00-07:00,41.715888166666666
1782877140,2026-06-30T20:39:00-07:00,41.715888166666666
1782877200,2026-06-30T20:40:00-07:00,41.715888166666666
1782877380,2026-06-30T20:43:00-07:00,44.153449333333334
1782877440,2026-06-30T20:44:00-07:00,44.153449333333334
1782877500,2026-06-30T20:45:00-07:00,44.153449333333334
1782877560,2026-06-30T20:46:00-07:00,44.153449333333334
1782877620,2026-06-30T20:47:00-07:00,44.153449333333334
1782877680,2026-06-30T20:48:00-07:00,40.704379833333334
1782877740,2026-06-30T20:49:00-07:00,40.704379833333334
1782877800,2026-06-30T20:50:00-07:00,40.704379833333334
1782877860,2026-06-30T20:51:00-07:00,40.704379833333334
1782877920,2026-06-30T20:52:00-07:00,40.704379833333334
1782879480,2026-06-30T21:18:00-07:00,43.40433766666666
1782879540,2026-06-30T21:19:00-07:00,43.40433766666666
1782879600,2026-06-30T21:20:00-07:00,43.40433766666666
1782879660,2026-06-30T21:21:00-07:00,43.40433766666666
1782879720,2026-06-30T21:22:00-07:00,43.40433766666666
1782879780,2026-06-30T21:23:00-07:00,101.0853675
1782879840,2026-06-30T21:24:00-07:00,101.0853675
1782879900,2026-06-30T21:25:00-07:00,101.0853675
1782879960,2026-06-30T21:26:00-07:00,101.0853675
1782880020,2026-06-30T21:27:00-07:00,101.0853675
1782880140,2026-06-30T21:29:00-07:00,51.67213966666667
1782880200,2026-06-30T21:30:00-07:00,51.67213966666667
1782880260,2026-06-30T21:31:00-07:00,51.67213966666667
1782880320,2026-06-30T21:32:00-07:00,51.67213966666667
1782880380,2026-06-30T21:33:00-07:00,51.67213966666667
1782880500,2026-06-30T21:35:00-07:00,34.79123933333333
1782880560,2026-06-30T21:36:00-07:00,34.79123933333333
1782880620,2026-06-30T21:37:00-07:00,34.79123933333333
1782880680,2026-06-30T21:38:00-07:00,34.79123933333333
1782880740,2026-06-30T21:39:00-07:00,34.79123933333333
1782880800,2026-06-30T21:40:00-07:00,40.66988133333333
1782880860,2026-06-30T21:41:00-07:00,40.66988133333333
1782880920,2026-06-30T21:42:00-07:00,40.66988133333333
1782880980,2026-06-30T21:43:00-07:00,40.66988133333333
1782881040,2026-06-30T21:44:00-07:00,40.66988133333333
1782881160,2026-06-30T21:46:00-07:00,45.9794855
1782881220,2026-06-30T21:47:00-07:00,45.9794855
1782881280,2026-06-30T21:48:00-07:00,45.9794855
1782881340,2026-06-30T21:49:00-07:00,45.9794855
1782881400,2026-06-30T21:50:00-07:00,45.9794855
1782881460,2026-06-30T21:51:00-07:00,41.144897333333326
1782881520,2026-06-30T21:52:00-07:00,41.144897333333326
1782881580,2026-06-30T21:53:00-07:00,41.144897333333326
1782881640,2026-06-30T21:54:00-07:00,41.144897333333326
1782881700,2026-06-30T21:55:00-07:00,41.144897333333326
1782881760,2026-06-30T21:56:00-07:00,92.845588
1782881820,2026-06-30T21:57:00-07:00,92.845588
1782881880,2026-06-30T21:58:00-07:00,92.845588
1782881940,2026-06-30T21:59:00-07:00,92.845588
1782882000,2026-06-30T22:00:00-07:00,92.845588
1782882060,2026-06-30T22:01:00-07:00,141.72279883333331
1782882120,2026-06-30T22:02:00-07:00,141.72279883333331
1782882180,2026-06-30T22:03:00-07:00,141.72279883333331
1782882240,2026-06-30T22:04:00-07:00,141.72279883333331
1782882300,2026-06-30T22:05:00-07:00,141.72279883333331
1782882420,2026-06-30T22:07:00-07:00,40.658332
1782882480,2026-06-30T22:08:00-07:00,40.658332
1782882540,2026-06-30T22:09:00-07:00,40.658332
1782882600,2026-06-30T22:10:00-07:00,40.658332
1782882660,2026-06-30T22:11:00-07:00,40.658332
1782882720,2026-06-30T22:12:00-07:00,69.47921433333333
1782882780,2026-06-30T22:13:00-07:00,69.47921433333333
1782882840,2026-06-30T22:14:00-07:00,69.47921433333333
1782882900,2026-06-30T22:15:00-07:00,69.47921433333333
1782882960,2026-06-30T22:16:00-07:00,69.47921433333333
1782883020,2026-06-30T22:17:00-07:00,51.88231083333333
1782883080,2026-06-30T22:18:00-07:00,51.88231083333333
1782883140,2026-06-30T22:19:00-07:00,51.88231083333333
1782883200,2026-06-30T22:20:00-07:00,51.88231083333333
1782883260,2026-06-30T22:21:00-07:00,51.88231083333333
1782883320,2026-06-30T22:22:00-07:00,51.752793999999994
1782883380,2026-06-30T22:23:00-07:00,51.752793999999994
1782883440,2026-06-30T22:24:00-07:00,51.752793999999994
1782883500,2026-06-30T22:25:00-07:00,51.752793999999994
1782883560,2026-06-30T22:26:00-07:00,51.752793999999994
1782883620,2026-06-30T22:27:00-07:00,183.94963933333335
1782883680,2026-06-30T22:28:00-07:00,183.94963933333335
1782883740,2026-06-30T22:29:00-07:00,183.94963933333335
1782883800,2026-06-30T22:30:00-07:00,183.94963933333335
1782883860,2026-06-30T22:31:00-07:00,183.94963933333335
1782883920,2026-06-30T22:32:00-07:00,79.54225033333331
1782883980,2026-06-30T22:33:00-07:00,79.54225033333331
1782884040,2026-06-30T22:34:00-07:00,79.54225033333331
1782884100,2026-06-30T22:35:00-07:00,79.54225033333331
1782884160,2026-06-30T22:36:00-07:00,79.54225033333331
1782884220,2026-06-30T22:37:00-07:00,71.02100983333334
1782884280,2026-06-30T22:38:00-07:00,71.02100983333334
1782884340,2026-06-30T22:39:00-07:00,71.02100983333334
1782884400,2026-06-30T22:40:00-07:00,71.02100983333334
1782884460,2026-06-30T22:41:00-07:00,71.02100983333334
1782884520,2026-06-30T22:42:00-07:00,65.44464816666668
1782884580,2026-06-30T22:43:00-07:00,65.44464816666668
1782884640,2026-06-30T22:44:00-07:00,65.44464816666668
1782884700,2026-06-30T22:45:00-07:00,65.44464816666668
1782884760,2026-06-30T22:46:00-07:00,65.44464816666668
1782884880,2026-06-30T22:48:00-07:00,51.813944666666664
1782884940,2026-06-30T22:49:00-07:00,51.813944666666664
1782885000,2026-06-30T22:50:00-07:00,51.813944666666664
1782885060,2026-06-30T22:51:00-07:00,51.813944666666664
1782885120,2026-06-30T22:52:00-07:00,51.813944666666664
1782885180,2026-06-30T22:53:00-07:00,37.58365216666667
1782885240,2026-06-30T22:54:00-07:00,37.58365216666667
1782885300,2026-06-30T22:55:00-07:00,37.58365216666667
1782885360,2026-06-30T22:56:00-07:00,37.58365216666667
1782885420,2026-06-30T22:57:00-07:00,37.58365216666667
1782885480,2026-06-30T22:58:00-07:00,37.0666915
1782885540,2026-06-30T22:59:00-07:00,37.0666915
1782885600,2026-06-30T23:00:00-07:00,37.0666915
1782885660,2026-06-30T23:01:00-07:00,37.0666915
1782885720,2026-06-30T23:02:00-07:00,37.0666915
1782885780,2026-06-30T23:03:00-07:00,37.605448333333335
1782885840,2026-06-30T23:04:00-07:00,37.605448333333335
1782885900,2026-06-30T23:05:00-07:00,37.605448333333335
1782885960,2026-06-30T23:06:00-07:00,37.605448333333335
1782886020,2026-06-30T23:07:00-07:00,37.605448333333335
1782886080,2026-06-30T23:08:00-07:00,35.93721516666667
1782886140,2026-06-30T23:09:00-07:00,35.93721516666667
1782886200,2026-06-30T23:10:00-07:00,35.93721516666667
1782886260,2026-06-30T23:11:00-07:00,35.93721516666667
1782886320,2026-06-30T23:12:00-07:00,35.93721516666667
1782886440,2026-06-30T23:14:00-07:00,76.24387633333332
1782886500,2026-06-30T23:15:00-07:00,76.24387633333332
1782886560,2026-06-30T23:16:00-07:00,76.24387633333332
1782886620,2026-06-30T23:17:00-07:00,76.24387633333332
1782886680,2026-06-30T23:18:00-07:00,76.24387633333332
1782886800,2026-06-30T23:20:00-07:00,41.243096333333334
1782886860,2026-06-30T23:21:00-07:00,41.243096333333334
1782886920,2026-06-30T23:22:00-07:00,41.243096333333334
1782886980,2026-06-30T23:23:00-07:00,41.243096333333334
1782887040,2026-06-30T23:24:00-07:00,41.243096333333334
1782887160,2026-06-30T23:26:00-07:00,42.13450149999999
1782887220,2026-06-30T23:27:00-07:00,42.13450149999999
1782887280,2026-06-30T23:28:00-07:00,42.13450149999999
1782887340,2026-06-30T23:29:00-07:00,42.13450149999999
1782887400,2026-06-30T23:30:00-07:00,42.13450149999999
1782887520,2026-06-30T23:32:00-07:00,38.79187683333333
1782887580,2026-06-30T23:33:00-07:00,38.79187683333333
1782887640,2026-06-30T23:34:00-07:00,38.79187683333333
1782887700,2026-06-30T23:35:00-07:00,38.79187683333333
1782887760,2026-06-30T23:36:00-07:00,38.79187683333333
1782887820,2026-06-30T23:37:00-07:00,37.8408205
1782887880,2026-06-30T23:38:00-07:00,37.8408205
1782887940,2026-06-30T23:39:00-07:00,37.8408205
1782888000,2026-06-30T23:40:00-07:00,37.8408205
1782888060,2026-06-30T23:41:00-07:00,37.8408205
1782888180,2026-06-30T23:43:00-07:00,51.50924333333334
1782888240,2026-06-30T23:44:00-07:00,51.50924333333334
1782888300,2026-06-30T23:45:00-07:00,51.50924333333334
1782888360,2026-06-30T23:46:00-07:00,51.50924333333334
1782888420,2026-06-30T23:47:00-07:00,51.50924333333334
1782888540,2026-06-30T23:49:00-07:00,35.8850775
1782888600,2026-06-30T23:50:00-07:00,35.8850775
1782888660,2026-06-30T23:51:00-07:00,35.8850775
1782888720,2026-06-30T23:52:00-07:00,35.8850775
1782888780,2026-06-30T23:53:00-07:00,35.8850775
1782888840,2026-06-30T23:54:00-07:00,56.90257433333333
1782888900,2026-06-30T23:55:00-07:00,56.90257433333333
1782888960,2026-06-30T23:56:00-07:00,56.90257433333333
1782889020,2026-06-30T23:57:00-07:00,56.90257433333333
1782889080,2026-06-30T23:58:00-07:00,56.90257433333333
1782889140,2026-06-30T23:59:00-07:00,37.57862
1782889200,2026-07-01T00:00:00-07:00,37.57862
1782889260,2026-07-01T00:01:00-07:00,37.57862
1782889320,2026-07-01T00:02:00-07:00,37.57862
1782889380,2026-07-01T00:03:00-07:00,37.57862
1782889500,2026-07-01T00:05:00-07:00,37.65947133333333
1782889560,2026-07-01T00:06:00-07:00,37.65947133333333
1782889620,2026-07-01T00:07:00-07:00,37.65947133333333
1782889680,2026-07-01T00:08:00-07:00,37.65947133333333
1782889740,2026-07-01T00:09:00-07:00,37.65947133333333
1782889800,2026-07-01T00:10:00-07:00,36.11097566666667
1782889860,2026-07-01T00:11:00-07:00,36.11097566666667
1782889920,2026-07-01T00:12:00-07:00,36.11097566666667
1782889980,2026-07-01T00:13:00-07:00,36.11097566666667
1782890040,2026-07-01T00:14:00-07:00,36.11097566666667
1782890160,2026-07-01T00:16:00-07:00,38.370714166666666
1782890220,2026-07-01T00:17:00-07:00,38.370714166666666
1782890280,2026-07-01T00:18:00-07:00,38.370714166666666
1782890340,2026-07-01T00:19:00-07:00,38.370714166666666
1782890400,2026-07-01T00:20:00-07:00,38.370714166666666
1782890520,2026-07-01T00:22:00-07:00,40.516737
1782890580,2026-07-01T00:23:00-07:00,40.516737
1782890640,2026-07-01T00:24:00-07:00,40.516737
1782890700,2026-07-01T00:25:00-07:00,40.516737
1782890760,2026-07-01T00:26:00-07:00,40.516737
1782890880,2026-07-01T00:28:00-07:00,41.668775833333335
1782890940,2026-07-01T00:29:00-07:00,41.668775833333335
1782891000,2026-07-01T00:30:00-07:00,41.668775833333335
1782891060,2026-07-01T00:31:00-07:00,41.668775833333335
1782891120,2026-07-01T00:32:00-07:00,41.668775833333335
1782891180,2026-07-01T00:33:00-07:00,43.02214916666667
1782891240,2026-07-01T00:34:00-07:00,43.02214916666667
1782891300,2026-07-01T00:35:00-07:00,43.02214916666667
1782891360,2026-07-01T00:36:00-07:00,43.02214916666667
1782891420,2026-07-01T00:37:00-07:00,43.02214916666667
1782891480,2026-07-01T00:38:00-07:00,43.36164683333333
1782891540,2026-07-01T00:39:00-07:00,43.36164683333333
1782891600,2026-07-01T00:40:00-07:00,43.36164683333333
1782891660,2026-07-01T00:41:00-07:00,43.36164683333333
1782891720,2026-07-01T00:42:00-07:00,43.36164683333333
1782891840,2026-07-01T00:44:00-07:00,38.132629333333334
1782891900,2026-07-01T00:45:00-07:00,38.132629333333334
1782891960,2026-07-01T00:46:00-07:00,38.132629333333334
1782892020,2026-07-01T00:47:00-07:00,38.132629333333334
1782892080,2026-07-01T00:48:00-07:00,38.132629333333334
1782892140,2026-07-01T00:49:00-07:00,69.15140083333334
1782892200,2026-07-01T00:50:00-07:00,69.15140083333334
1782892260,2026-07-01T00:51:00-07:00,69.15140083333334
1782892320,2026-07-01T00:52:00-07:00,69.15140083333334
1782892380,2026-07-01T00:53:00-07:00,69.15140083333334
1782892440,2026-07-01T00:54:00-07:00,62.56645366666666
1782892500,2026-07-01T00:55:00-07:00,62.56645366666666
1782892560,2026-07-01T00:56:00-07:00,62.56645366666666
1782892620,2026-07-01T00:57:00-07:00,62.56645366666666
1782892680,2026-07-01T00:58:00-07:00,62.56645366666666
1782892740,2026-07-01T00:59:00-07:00,66.60907683333333
1782892800,2026-07-01T01:00:00-07:00,66.60907683333333
1782892860,2026-07-01T01:01:00-07:00,66.60907683333333
1782892920,2026-07-01T01:02:00-07:00,66.60907683333333
1782892980,2026-07-01T01:03:00-07:00,66.60907683333333
1782893040,2026-07-01T01:04:00-07:00,64.60533283333334
1782893100,2026-07-01T01:05:00-07:00,64.60533283333334
1782893160,2026-07-01T01:06:00-07:00,64.60533283333334
1782893220,2026-07-01T01:07:00-07:00,64.60533283333334
1782893280,2026-07-01T01:08:00-07:00,64.60533283333334
1782893400,2026-07-01T01:10:00-07:00,41.7890015
1782893460,2026-07-01T01:11:00-07:00,41.7890015
1782893520,2026-07-01T01:12:00-07:00,41.7890015
1782893580,2026-07-01T01:13:00-07:00,41.7890015
1782893640,2026-07-01T01:14:00-07:00,41.7890015
1782893700,2026-07-01T01:15:00-07:00,38.683831000000005
1782893760,2026-07-01T01:16:00-07:00,38.683831000000005
1782893820,2026-07-01T01:17:00-07:00,38.683831000000005
1782893880,2026-07-01T01:18:00-07:00,38.683831000000005
1782893940,2026-07-01T01:19:00-07:00,38.683831000000005
1782894000,2026-07-01T01:20:00-07:00,37.026129833333336
1782894060,2026-07-01T01:21:00-07:00,37.026129833333336
1782894120,2026-07-01T01:22:00-07:00,37.026129833333336
1782894180,2026-07-01T01:23:00-07:00,37.026129833333336
1782894240,2026-07-01T01:24:00-07:00,37.026129833333336
1782894360,2026-07-01T01:26:00-07:00,67.855191
1782894420,2026-07-01T01:27:00-07:00,67.855191
1782894480,2026-07-01T01:28:00-07:00,67.855191
1782894540,2026-07-01T01:29:00-07:00,67.855191
1782894600,2026-07-01T01:30:00-07:00,67.855191
1782894720,2026-07-01T01:32:00-07:00,42.4723715
1782894780,2026-07-01T01:33:00-07:00,42.4723715
1782894840,2026-07-01T01:34:00-07:00,42.4723715
1782894900,2026-07-01T01:35:00-07:00,42.4723715
1782894960,2026-07-01T01:36:00-07:00,42.4723715
1782895020,2026-07-01T01:37:00-07:00,68.44332516666667
1782895080,2026-07-01T01:38:00-07:00,68.44332516666667
1782895140,2026-07-01T01:39:00-07:00,68.44332516666667
1782895200,2026-07-01T01:40:00-07:00,68.44332516666667
1782895260,2026-07-01T01:41:00-07:00,68.44332516666667
1782895320,2026-07-01T01:42:00-07:00,37.62919783333333
1782895380,2026-07-01T01:43:00-07:00,37.62919783333333
1782895440,2026-07-01T01:44:00-07:00,37.62919783333333
1782895500,2026-07-01T01:45:00-07:00,37.62919783333333
1782895560,2026-07-01T01:46:00-07:00,37.62919783333333
1782895680,2026-07-01T01:48:00-07:00,64.20074466666667
1782895740,2026-07-01T01:49:00-07:00,64.20074466666667
1782895800,2026-07-01T01:50:00-07:00,64.20074466666667
1782895860,2026-07-01T01:51:00-07:00,64.20074466666667
1782895920,2026-07-01T01:52:00-07:00,64.20074466666667
1782896040,2026-07-01T01:54:00-07:00,37.04718733333333
1782896100,2026-07-01T01:55:00-07:00,37.04718733333333
1782896160,2026-07-01T01:56:00-07:00,37.04718733333333
1782896220,2026-07-01T01:57:00-07:00,37.04718733333333
1782896280,2026-07-01T01:58:00-07:00,37.04718733333333
1782896340,2026-07-01T01:59:00-07:00,40.93198
1782896400,2026-07-01T02:00:00-07:00,40.93198
1782896460,2026-07-01T02:01:00-07:00,40.93198
1782896520,2026-07-01T02:02:00-07:00,40.93198
1782896580,2026-07-01T02:03:00-07:00,40.93198
1782896700,2026-07-01T02:05:00-07:00,39.39660633333333
1782896760,2026-07-01T02:06:00-07:00,39.39660633333333
1782896820,2026-07-01T02:07:00-07:00,39.39660633333333
1782896880,2026-07-01T02:08:00-07:00,39.39660633333333
1782896940,2026-07-01T02:09:00-07:00,39.39660633333333
1782897000,2026-07-01T02:10:00-07:00,39.2051935
1782897060,2026-07-01T02:11:00-07:00,39.2051935
1782897120,2026-07-01T02:12:00-07:00,39.2051935
1782897180,2026-07-01T02:13:00-07:00,39.2051935
1782897240,2026-07-01T02:14:00-07:00,39.2051935
1782897300,2026-07-01T02:15:00-07:00,35.92507616666666
1782897360,2026-07-01T02:16:00-07:00,35.92507616666666
1782897420,2026-07-01T02:17:00-07:00,35.92507616666666
1782897480,2026-07-01T02:18:00-07:00,35.92507616666666
1782897540,2026-07-01T02:19:00-07:00,35.92507616666666
1782897720,2026-07-01T02:22:00-07:00,38.2282985
1782897780,2026-07-01T02:23:00-07:00,38.2282985
1782897840,2026-07-01T02:24:00-07:00,38.2282985
1782897900,2026-07-01T02:25:00-07:00,38.2282985
1782897960,2026-07-01T02:26:00-07:00,38.2282985
1782898080,2026-07-01T02:28:00-07:00,38.27530933333333
1782898140,2026-07-01T02:29:00-07:00,38.27530933333333
1782898200,2026-07-01T02:30:00-07:00,38.27530933333333
1782898260,2026-07-01T02:31:00-07:00,38.27530933333333
1782898320,2026-07-01T02:32:00-07:00,38.27530933333333
1782898500,2026-07-01T02:35:00-07:00,35.517775
1782898560,2026-07-01T02:36:00-07:00,35.517775
1782898620,2026-07-01T02:37:00-07:00,35.517775
1782898680,2026-07-01T02:38:00-07:00,35.517775
1782898740,2026-07-01T02:39:00-07:00,35.517775
1782898800,2026-07-01T02:40:00-07:00,53.02621116666668
1782898860,2026-07-01T02:41:00-07:00,53.02621116666668
1782898920,2026-07-01T02:42:00-07:00,53.02621116666668
1782898980,2026-07-01T02:43:00-07:00,53.02621116666668
1782899040,2026-07-01T02:44:00-07:00,53.02621116666668
1782899100,2026-07-01T02:45:00-07:00,35.70345716666666
1782899160,2026-07-01T02:46:00-07:00,35.70345716666666
1782899220,2026-07-01T02:47:00-07:00,35.70345716666666
1782899280,2026-07-01T02:48:00-07:00,35.70345716666666
1782899340,2026-07-01T02:49:00-07:00,35.70345716666666
1782899460,2026-07-01T02:51:00-07:00,64.406508
1782899520,2026-07-01T02:52:00-07:00,64.406508
1782899580,2026-07-01T02:53:00-07:00,64.406508
1782899640,2026-07-01T02:54:00-07:00,64.406508
1782899700,2026-07-01T02:55:00-07:00,64.406508
1782899760,2026-07-01T02:56:00-07:00,35.024977166666666
1782899820,2026-07-01T02:57:00-07:00,35.024977166666666
1782899880,2026-07-01T02:58:00-07:00,35.024977166666666
1782899940,2026-07-01T02:59:00-07:00,35.024977166666666
1782900000,2026-07-01T03:00:00-07:00,35.024977166666666
1782900060,2026-07-01T03:01:00-07:00,37.42744283333334
1782900120,2026-07-01T03:02:00-07:00,37.42744283333334
1782900180,2026-07-01T03:03:00-07:00,37.42744283333334
1782900240,2026-07-01T03:04:00-07:00,37.42744283333334
1782900300,2026-07-01T03:05:00-07:00,37.42744283333334
1782900360,2026-07-01T03:06:00-07:00,91.80412483333333
1782900420,2026-07-01T03:07:00-07:00,91.80412483333333
1782900480,2026-07-01T03:08:00-07:00,91.80412483333333
1782900540,2026-07-01T03:09:00-07:00,91.80412483333333
1782900600,2026-07-01T03:10:00-07:00,91.80412483333333
1782900660,2026-07-01T03:11:00-07:00,35.170193166666664
1782900720,2026-07-01T03:12:00-07:00,35.170193166666664
1782900780,2026-07-01T03:13:00-07:00,35.170193166666664
1782900840,2026-07-01T03:14:00-07:00,35.170193166666664
1782900900,2026-07-01T03:15:00-07:00,35.170193166666664
1782901020,2026-07-01T03:17:00-07:00,37.117499333333335
1782901080,2026-07-01T03:18:00-07:00,37.117499333333335
1782901140,2026-07-01T03:19:00-07:00,37.117499333333335
1782901200,2026-07-01T03:20:00-07:00,37.117499333333335
1782901260,2026-07-01T03:21:00-07:00,37.117499333333335
1782901320,2026-07-01T03:22:00-07:00,83.66394716666667
1782901380,2026-07-01T03:23:00-07:00,83.66394716666667
1782901440,2026-07-01T03:24:00-07:00,83.66394716666667
1782901500,2026-07-01T03:25:00-07:00,83.66394716666667
1782901560,2026-07-01T03:26:00-07:00,83.66394716666667
1782901620,2026-07-01T03:27:00-07:00,54.971578
1782901680,2026-07-01T03:28:00-07:00,54.971578
1782901740,2026-07-01T03:29:00-07:00,54.971578
1782901800,2026-07-01T03:30:00-07:00,54.971578
1782901860,2026-07-01T03:31:00-07:00,54.971578
1782901920,2026-07-01T03:32:00-07:00,35.41915566666667
1782901980,2026-07-01T03:33:00-07:00,35.41915566666667
1782902040,2026-07-01T03:34:00-07:00,35.41915566666667
1782902100,2026-07-01T03:35:00-07:00,35.41915566666667
1782902160,2026-07-01T03:36:00-07:00,35.41915566666667
1782902220,2026-07-01T03:37:00-07:00,68.55864833333334
1782902280,2026-07-01T03:38:00-07:00,68.55864833333334
1782902340,2026-07-01T03:39:00-07:00,68.55864833333334
1782902400,2026-07-01T03:40:00-07:00,68.55864833333334
1782902460,2026-07-01T03:41:00-07:00,68.55864833333334
1782902520,2026-07-01T03:42:00-07:00,64.19033466666667
1782902580,2026-07-01T03:43:00-07:00,64.19033466666667
1782902640,2026-07-01T03:44:00-07:00,64.19033466666667
1782902700,2026-07-01T03:45:00-07:00,64.19033466666667
1782902760,2026-07-01T03:46:00-07:00,64.19033466666667
1782902940,2026-07-01T03:49:00-07:00,40.29488816666667
1782903000,2026-07-01T03:50:00-07:00,40.29488816666667
1782903060,2026-07-01T03:51:00-07:00,40.29488816666667
1782903120,2026-07-01T03:52:00-07:00,40.29488816666667
1782903180,2026-07-01T03:53:00-07:00,40.29488816666667
1782903300,2026-07-01T03:55:00-07:00,36.7556965
1782903360,2026-07-01T03:56:00-07:00,36.7556965
1782903420,2026-07-01T03:57:00-07:00,36.7556965
1782903480,2026-07-01T03:58:00-07:00,36.7556965
1782903540,2026-07-01T03:59:00-07:00,36.7556965
1782903600,2026-07-01T04:00:00-07:00,37.280965333333334
1782903660,2026-07-01T04:01:00-07:00,37.280965333333334
1782903720,2026-07-01T04:02:00-07:00,37.280965333333334
1782903780,2026-07-01T04:03:00-07:00,37.280965333333334
1782903840,2026-07-01T04:04:00-07:00,37.280965333333334
1782903900,2026-07-01T04:05:00-07:00,66.36309833333333
1782903960,2026-07-01T04:06:00-07:00,66.36309833333333
1782904020,2026-07-01T04:07:00-07:00,66.36309833333333
1782904080,2026-07-01T04:08:00-07:00,66.36309833333333
1782904140,2026-07-01T04:09:00-07:00,66.36309833333333
1782904200,2026-07-01T04:10:00-07:00,40.490933
1782904260,2026-07-01T04:11:00-07:00,40.490933
1782904320,2026-07-01T04:12:00-07:00,40.490933
1782904380,2026-07-01T04:13:00-07:00,40.490933
1782904440,2026-07-01T04:14:00-07:00,40.490933
1782904560,2026-07-01T04:16:00-07:00,36.991726500000006
1782904620,2026-07-01T04:17:00-07:00,36.991726500000006
1782904680,2026-07-01T04:18:00-07:00,36.991726500000006
1782904740,2026-07-01T04:19:00-07:00,36.991726500000006
1782904800,2026-07-01T04:20:00-07:00,36.991726500000006
1782904860,2026-07-01T04:21:00-07:00,39.66622616666667
1782904920,2026-07-01T04:22:00-07:00,39.66622616666667
1782904980,2026-07-01T04:23:00-07:00,39.66622616666667
1782905040,2026-07-01T04:24:00-07:00,39.66622616666667
1782905100,2026-07-01T04:25:00-07:00,39.66622616666667
1782905220,2026-07-01T04:27:00-07:00,66.6652085
1782905280,2026-07-01T04:28:00-07:00,66.6652085
1782905340,2026-07-01T04:29:00-07:00,66.6652085
1782905400,2026-07-01T04:30:00-07:00,66.6652085
1782905460,2026-07-01T04:31:00-07:00,66.6652085
1782905580,2026-07-01T04:33:00-07:00,35.325087
1782905640,2026-07-01T04:34:00-07:00,35.325087
1782905700,2026-07-01T04:35:00-07:00,35.325087
1782905760,2026-07-01T04:36:00-07:00,35.325087
1782905820,2026-07-01T04:37:00-07:00,35.325087
1782905880,2026-07-01T04:38:00-07:00,38.147956
1782905940,2026-07-01T04:39:00-07:00,38.147956
1782906000,2026-07-01T04:40:00-07:00,38.147956
1782906060,2026-07-01T04:41:00-07:00,38.147956
1782906120,2026-07-01T04:42:00-07:00,38.147956
1782906180,2026-07-01T04:43:00-07:00,34.8142155
1782906240,2026-07-01T04:44:00-07:00,34.8142155
1782906300,2026-07-01T04:45:00-07:00,34.8142155
1782906360,2026-07-01T04:46:00-07:00,34.8142155
1782906420,2026-07-01T04:47:00-07:00,34.8142155
1782906540,2026-07-01T04:49:00-07:00,35.147664166666665
1782906600,2026-07-01T04:50:00-07:00,35.147664166666665
1782906660,2026-07-01T04:51:00-07:00,35.147664166666665
1782906720,2026-07-01T04:52:00-07:00,35.147664166666665
1782906780,2026-07-01T04:53:00-07:00,35.147664166666665
1782906960,2026-07-01T04:56:00-07:00,34.04822466666666
1782907020,2026-07-01T04:57:00-07:00,34.04822466666666
1782907080,2026-07-01T04:58:00-07:00,34.04822466666666
1782907140,2026-07-01T04:59:00-07:00,34.04822466666666
1782907200,2026-07-01T05:00:00-07:00,34.04822466666666
1782907260,2026-07-01T05:01:00-07:00,34.70789916666667
1782907320,2026-07-01T05:02:00-07:00,34.70789916666667
1782907380,2026-07-01T05:03:00-07:00,34.70789916666667
1782907440,2026-07-01T05:04:00-07:00,34.70789916666667
1782907500,2026-07-01T05:05:00-07:00,34.70789916666667
1782907560,2026-07-01T05:06:00-07:00,66.9884035
1782907620,2026-07-01T05:07:00-07:00,66.9884035
1782907680,2026-07-01T05:08:00-07:00,66.9884035
1782907740,2026-07-01T05:09:00-07:00,66.9884035
1782907800,2026-07-01T05:10:00-07:00,66.9884035
1782907860,2026-07-01T05:11:00-07:00,65.21216499999998
1782907920,2026-07-01T05:12:00-07:00,65.21216499999998
1782907980,2026-07-01T05:13:00-07:00,65.21216499999998
1782908040,2026-07-01T05:14:00-07:00,65.21216499999998
1782908100,2026-07-01T05:15:00-07:00,65.21216499999998
1782908160,2026-07-01T05:16:00-07:00,58.59296333333334
1782908220,2026-07-01T05:17:00-07:00,58.59296333333334
1782908280,2026-07-01T05:18:00-07:00,58.59296333333334
1782908340,2026-07-01T05:19:00-07:00,58.59296333333334
1782908400,2026-07-01T05:20:00-07:00,58.59296333333334
1782908460,2026-07-01T05:21:00-07:00,69.278076
1782908520,2026-07-01T05:22:00-07:00,69.278076
1782908580,2026-07-01T05:23:00-07:00,69.278076
1782908640,2026-07-01T05:24:00-07:00,69.278076
1782908700,2026-07-01T05:25:00-07:00,69.278076
1782908820,2026-07-01T05:27:00-07:00,63.530103999999994
1782908880,2026-07-01T05:28:00-07:00,63.530103999999994
1782908940,2026-07-01T05:29:00-07:00,63.530103999999994
1782909000,2026-07-01T05:30:00-07:00,63.530103999999994
1782909060,2026-07-01T05:31:00-07:00,63.530103999999994
1782909120,2026-07-01T05:32:00-07:00,66.54180233333332
1782909180,2026-07-01T05:33:00-07:00,66.54180233333332
1782909240,2026-07-01T05:34:00-07:00,66.54180233333332
1782909300,2026-07-01T05:35:00-07:00,66.54180233333332
1782909360,2026-07-01T05:36:00-07:00,66.54180233333332
1782909480,2026-07-01T05:38:00-07:00,36.921658
1782909540,2026-07-01T05:39:00-07:00,36.921658
1782909600,2026-07-01T05:40:00-07:00,36.921658
1782909660,2026-07-01T05:41:00-07:00,36.921658
1782909720,2026-07-01T05:42:00-07:00,36.921658
1782909840,2026-07-01T05:44:00-07:00,43.285332833333335
1782909900,2026-07-01T05:45:00-07:00,43.285332833333335
1782909960,2026-07-01T05:46:00-07:00,43.285332833333335
1782910020,2026-07-01T05:47:00-07:00,43.285332833333335
1782910080,2026-07-01T05:48:00-07:00,43.285332833333335
1782910200,2026-07-01T05:50:00-07:00,35.024441333333336
1782910260,2026-07-01T05:51:00-07:00,35.024441333333336
1782910320,2026-07-01T05:52:00-07:00,35.024441333333336
1782910380,2026-07-01T05:53:00-07:00,35.024441333333336
1782910440,2026-07-01T05:54:00-07:00,35.024441333333336
1782910500,2026-07-01T05:55:00-07:00,36.62666816666667
1782910560,2026-07-01T05:56:00-07:00,36.62666816666667
1782910620,2026-07-01T05:57:00-07:00,36.62666816666667
1782910680,2026-07-01T05:58:00-07:00,36.62666816666667
1782910740,2026-07-01T05:59:00-07:00,36.62666816666667
1782910800,2026-07-01T06:00:00-07:00,69.6263225
1782910860,2026-07-01T06:01:00-07:00,69.6263225
1782910920,2026-07-01T06:02:00-07:00,69.6263225
1782910980,2026-07-01T06:03:00-07:00,69.6263225
1782911040,2026-07-01T06:04:00-07:00,69.6263225
1782911160,2026-07-01T06:06:00-07:00,35.954963
1782911220,2026-07-01T06:07:00-07:00,35.954963
1782911280,2026-07-01T06:08:00-07:00,35.954963
1782911340,2026-07-01T06:09:00-07:00,35.954963
1782911400,2026-07-01T06:10:00-07:00,35.954963
1782911460,2026-07-01T06:11:00-07:00,39.437493333333336
1782911520,2026-07-01T06:12:00-07:00,39.437493333333336
1782911580,2026-07-01T06:13:00-07:00,39.437493333333336
1782911640,2026-07-01T06:14:00-07:00,39.437493333333336
1782911700,2026-07-01T06:15:00-07:00,39.437493333333336
1782911760,2026-07-01T06:16:00-07:00,73.32413733333333
1782911820,2026-07-01T06:17:00-07:00,73.32413733333333
1782911880,2026-07-01T06:18:00-07:00,73.32413733333333
1782911940,2026-07-01T06:19:00-07:00,73.32413733333333
1782912000,2026-07-01T06:20:00-07:00,73.32413733333333
1782912120,2026-07-01T06:22:00-07:00,74.77512616666665
1782912180,2026-07-01T06:23:00-07:00,74.77512616666665
1782912240,2026-07-01T06:24:00-07:00,74.77512616666665
1782912300,2026-07-01T06:25:00-07:00,74.77512616666665
1782912360,2026-07-01T06:26:00-07:00,74.77512616666665
1782912420,2026-07-01T06:27:00-07:00,36.19151483333333
1782912480,2026-07-01T06:28:00-07:00,36.19151483333333
1782912540,2026-07-01T06:29:00-07:00,36.19151483333333
1782912600,2026-07-01T06:30:00-07:00,36.19151483333333
1782912660,2026-07-01T06:31:00-07:00,36.19151483333333
1782912780,2026-07-01T06:33:00-07:00,35.62022566666667
1782912840,2026-07-01T06:34:00-07:00,35.62022566666667
1782912900,2026-07-01T06:35:00-07:00,35.62022566666667
1782912960,2026-07-01T06:36:00-07:00,35.62022566666667
1782913020,2026-07-01T06:37:00-07:00,35.62022566666667
1782913140,2026-07-01T06:39:00-07:00,35.85995816666667
1782913200,2026-07-01T06:40:00-07:00,35.85995816666667
1782913260,2026-07-01T06:41:00-07:00,35.85995816666667
1782913320,2026-07-01T06:42:00-07:00,35.85995816666667
1782913380,2026-07-01T06:43:00-07:00,35.85995816666667
1782913440,2026-07-01T06:44:00-07:00,51.542833333333334
1782913500,2026-07-01T06:45:00-07:00,51.542833333333334
1782913560,2026-07-01T06:46:00-07:00,51.542833333333334
1782913620,2026-07-01T06:47:00-07:00,51.542833333333334
1782913680,2026-07-01T06:48:00-07:00,51.542833333333334
1782913740,2026-07-01T06:49:00-07:00,43.115777
1782913800,2026-07-01T06:50:00-07:00,43.115777
1782913860,2026-07-01T06:51:00-07:00,43.115777
1782913920,2026-07-01T06:52:00-07:00,43.115777
1782913980,2026-07-01T06:53:00-07:00,43.115777
1782914100,2026-07-01T06:55:00-07:00,37.2839015
1782914160,2026-07-01T06:56:00-07:00,37.2839015
1782914220,2026-07-01T06:57:00-07:00,37.2839015
1782914280,2026-07-01T06:58:00-07:00,37.2839015
1782914340,2026-07-01T06:59:00-07:00,37.2839015
1782914400,2026-07-01T07:00:00-07:00,67.88859016666666
1782914460,2026-07-01T07:01:00-07:00,67.88859016666666
1782914520,2026-07-01T07:02:00-07:00,67.88859016666666
1782914580,2026-07-01T07:03:00-07:00,67.88859016666666
1782914640,2026-07-01T07:04:00-07:00,67.88859016666666
1782914700,2026-07-01T07:05:00-07:00,73.04256866666667
1782914760,2026-07-01T07:06:00-07:00,73.04256866666667
1782914820,2026-07-01T07:07:00-07:00,73.04256866666667
1782914880,2026-07-01T07:08:00-07:00,73.04256866666667
1782914940,2026-07-01T07:09:00-07:00,73.04256866666667
1782915060,2026-07-01T07:11:00-07:00,36.19320333333333
1782915120,2026-07-01T07:12:00-07:00,36.19320333333333
1782915180,2026-07-01T07:13:00-07:00,36.19320333333333
1782915240,2026-07-01T07:14:00-07:00,36.19320333333333
1782915300,2026-07-01T07:15:00-07:00,36.19320333333333
1782915720,2026-07-01T07:22:00-07:00,40.49606683333334
1782915780,2026-07-01T07:23:00-07:00,40.49606683333334
1782915840,2026-07-01T07:24:00-07:00,40.49606683333334
1782915900,2026-07-01T07:25:00-07:00,40.49606683333334
1782915960,2026-07-01T07:26:00-07:00,40.49606683333334
1782916320,2026-07-01T07:32:00-07:00,135.1089956666667
1782916380,2026-07-01T07:33:00-07:00,135.1089956666667
1782916440,2026-07-01T07:34:00-07:00,135.1089956666667
1782916500,2026-07-01T07:35:00-07:00,135.1089956666667
1782916560,2026-07-01T07:36:00-07:00,135.1089956666667
1782916740,2026-07-01T07:39:00-07:00,35.66818583333333
1782916800,2026-07-01T07:40:00-07:00,35.66818583333333
1782916860,2026-07-01T07:41:00-07:00,35.66818583333333
1782916920,2026-07-01T07:42:00-07:00,35.66818583333333
1782916980,2026-07-01T07:43:00-07:00,35.66818583333333
1782917160,2026-07-01T07:46:00-07:00,63.886454333333326
1782917220,2026-07-01T07:47:00-07:00,63.886454333333326
1782917280,2026-07-01T07:48:00-07:00,63.886454333333326
1782917340,2026-07-01T07:49:00-07:00,63.886454333333326
1782917400,2026-07-01T07:50:00-07:00,63.886454333333326
1782917520,2026-07-01T07:52:00-07:00,70.12033433333333
1782917580,2026-07-01T07:53:00-07:00,70.12033433333333
1782917640,2026-07-01T07:54:00-07:00,70.12033433333333
1782917700,2026-07-01T07:55:00-07:00,70.12033433333333
1782917760,2026-07-01T07:56:00-07:00,70.12033433333333
1782917880,2026-07-01T07:58:00-07:00,37.217868333333335
1782917940,2026-07-01T07:59:00-07:00,37.217868333333335
1782918000,2026-07-01T08:00:00-07:00,37.217868333333335
1782918060,2026-07-01T08:01:00-07:00,37.217868333333335
1782918120,2026-07-01T08:02:00-07:00,37.217868333333335
1782918240,2026-07-01T08:04:00-07:00,240.92492000000001
1782918300,2026-07-01T08:05:00-07:00,240.92492000000001
1782918360,2026-07-01T08:06:00-07:00,240.92492000000001
1782918420,2026-07-01T08:07:00-07:00,240.92492000000001
1782918480,2026-07-01T08:08:00-07:00,240.92492000000001
1782918540,2026-07-01T08:09:00-07:00,52.24426933333333
1782918600,2026-07-01T08:10:00-07:00,52.24426933333333
1782918660,2026-07-01T08:11:00-07:00,52.24426933333333
1782918720,2026-07-01T08:12:00-07:00,52.24426933333333
1782918780,2026-07-01T08:13:00-07:00,52.24426933333333
1782920220,2026-07-01T08:37:00-07:00,41.34979883333333
1782920280,2026-07-01T08:38:00-07:00,41.34979883333333
1782920340,2026-07-01T08:39:00-07:00,41.34979883333333
1782920400,2026-07-01T08:40:00-07:00,41.34979883333333
1782920460,2026-07-01T08:41:00-07:00,41.34979883333333
1782920580,2026-07-01T08:43:00-07:00,38.20316566666667
1782920640,2026-07-01T08:44:00-07:00,38.20316566666667
1782920700,2026-07-01T08:45:00-07:00,38.20316566666667
1782920760,2026-07-01T08:46:00-07:00,38.20316566666667
1782920820,2026-07-01T08:47:00-07:00,38.20316566666667
1782921540,2026-07-01T08:59:00-07:00,83.32805066666666
1782921600,2026-07-01T09:00:00-07:00,83.32805066666666
1782921660,2026-07-01T09:01:00-07:00,83.32805066666666
1782921720,2026-07-01T09:02:00-07:00,83.32805066666666
1782921780,2026-07-01T09:03:00-07:00,83.32805066666666
1782921900,2026-07-01T09:05:00-07:00,38.26072183333333
1782921960,2026-07-01T09:06:00-07:00,38.26072183333333
1782922020,2026-07-01T09:07:00-07:00,38.26072183333333
1782922080,2026-07-01T09:08:00-07:00,38.26072183333333
1782922140,2026-07-01T09:09:00-07:00,38.26072183333333
1782922200,2026-07-01T09:10:00-07:00,37.917419333333335
1782922260,2026-07-01T09:11:00-07:00,37.917419333333335
1782922320,2026-07-01T09:12:00-07:00,37.917419333333335
1782922380,2026-07-01T09:13:00-07:00,37.917419333333335
1782922440,2026-07-01T09:14:00-07:00,37.917419333333335
1782922560,2026-07-01T09:16:00-07:00,38.055047
1782922620,2026-07-01T09:17:00-07:00,38.055047
1782922680,2026-07-01T09:18:00-07:00,38.055047
1782922740,2026-07-01T09:19:00-07:00,38.055047
1782922800,2026-07-01T09:20:00-07:00,38.055047
1782922920,2026-07-01T09:22:00-07:00,37.18088133333333
1782922980,2026-07-01T09:23:00-07:00,37.18088133333333
1782923040,2026-07-01T09:24:00-07:00,37.18088133333333
1782923100,2026-07-01T09:25:00-07:00,37.18088133333333
1782923160,2026-07-01T09:26:00-07:00,37.18088133333333
1782923220,2026-07-01T09:27:00-07:00,119.04112416666668
1782923280,2026-07-01T09:28:00-07:00,119.04112416666668
1782923340,2026-07-01T09:29:00-07:00,119.04112416666668
1782923400,2026-07-01T09:30:00-07:00,119.04112416666668
1782923460,2026-07-01T09:31:00-07:00,119.04112416666668
1782923520,2026-07-01T09:32:00-07:00,46.690626666666674
1782923580,2026-07-01T09:33:00-07:00,46.690626666666674
1782923640,2026-07-01T09:34:00-07:00,46.690626666666674
1782923700,2026-07-01T09:35:00-07:00,46.690626666666674
1782923760,2026-07-01T09:36:00-07:00,46.690626666666674
1782923880,2026-07-01T09:38:00-07:00,62.019395499999995
1782923940,2026-07-01T09:39:00-07:00,62.019395499999995
1782924000,2026-07-01T09:40:00-07:00,62.019395499999995
1782924060,2026-07-01T09:41:00-07:00,62.019395499999995
1782924120,2026-07-01T09:42:00-07:00,62.019395499999995
1782924180,2026-07-01T09:43:00-07:00,73.57506633333334
1782924240,2026-07-01T09:44:00-07:00,73.57506633333334
1782924300,2026-07-01T09:45:00-07:00,73.57506633333334
1782924360,2026-07-01T09:46:00-07:00,73.57506633333334
1782924420,2026-07-01T09:47:00-07:00,73.57506633333334
1782924480,2026-07-01T09:48:00-07:00,36.70334183333333
1782924540,2026-07-01T09:49:00-07:00,36.70334183333333
1782924600,2026-07-01T09:50:00-07:00,36.70334183333333
1782924660,2026-07-01T09:51:00-07:00,36.70334183333333
1782924720,2026-07-01T09:52:00-07:00,36.70334183333333
1782924780,2026-07-01T09:53:00-07:00,61.98988166666666
1782924840,2026-07-01T09:54:00-07:00,61.98988166666666
1782924900,2026-07-01T09:55:00-07:00,61.98988166666666
1782924960,2026-07-01T09:56:00-07:00,61.98988166666666
1782925020,2026-07-01T09:57:00-07:00,61.98988166666666
1782925260,2026-07-01T10:01:00-07:00,38.491306333333334
1782925320,2026-07-01T10:02:00-07:00,38.491306333333334
1782925380,2026-07-01T10:03:00-07:00,38.491306333333334
1782925440,2026-07-01T10:04:00-07:00,38.491306333333334
1782925500,2026-07-01T10:05:00-07:00,38.491306333333334
1782925620,2026-07-01T10:07:00-07:00,37.09163383333333
1782925680,2026-07-01T10:08:00-07:00,37.09163383333333
1782925740,2026-07-01T10:09:00-07:00,37.09163383333333
1782925800,2026-07-01T10:10:00-07:00,37.09163383333333
1782925860,2026-07-01T10:11:00-07:00,37.09163383333333
1782925920,2026-07-01T10:12:00-07:00,37.204237166666665
1782925980,2026-07-01T10:13:00-07:00,37.204237166666665
1782926040,2026-07-01T10:14:00-07:00,37.204237166666665
1782926100,2026-07-01T10:15:00-07:00,37.204237166666665
1782926160,2026-07-01T10:16:00-07:00,37.204237166666665
1782926280,2026-07-01T10:18:00-07:00,37.984992
1782926340,2026-07-01T10:19:00-07:00,37.984992
1782926400,2026-07-01T10:20:00-07:00,37.984992
1782926460,2026-07-01T10:21:00-07:00,37.984992
1782926520,2026-07-01T10:22:00-07:00,37.984992
1782926580,2026-07-01T10:23:00-07:00,41.08481816666666
1782926640,2026-07-01T10:24:00-07:00,41.08481816666666
1782926700,2026-07-01T10:25:00-07:00,41.08481816666666
1782926760,2026-07-01T10:26:00-07:00,41.08481816666666
1782926820,2026-07-01T10:27:00-07:00,41.08481816666666
1782926880,2026-07-01T10:28:00-07:00,47.10569933333333
1782926940,2026-07-01T10:29:00-07:00,47.10569933333333
1782927000,2026-07-01T10:30:00-07:00,47.10569933333333
1782927060,2026-07-01T10:31:00-07:00,47.10569933333333
1782927120,2026-07-01T10:32:00-07:00,47.10569933333333
1782927240,2026-07-01T10:34:00-07:00,79.98811866666667
1782927300,2026-07-01T10:35:00-07:00,79.98811866666667
1782927360,2026-07-01T10:36:00-07:00,79.98811866666667
1782927420,2026-07-01T10:37:00-07:00,79.98811866666667
1782927480,2026-07-01T10:38:00-07:00,79.98811866666667
1782927600,2026-07-01T10:40:00-07:00,120.07558183333332
1782927660,2026-07-01T10:41:00-07:00,120.07558183333332
1782927720,2026-07-01T10:42:00-07:00,120.07558183333332
1782927780,2026-07-01T10:43:00-07:00,120.07558183333332
1782927840,2026-07-01T10:44:00-07:00,120.07558183333332
1782927900,2026-07-01T10:45:00-07:00,45.134474000000004
1782927960,2026-07-01T10:46:00-07:00,45.134474000000004
1782928020,2026-07-01T10:47:00-07:00,45.134474000000004
1782928080,2026-07-01T10:48:00-07:00,45.134474000000004
1782928140,2026-07-01T10:49:00-07:00,45.134474000000004
1782928260,2026-07-01T10:51:00-07:00,72.176012
1782928320,2026-07-01T10:52:00-07:00,72.176012
1782928380,2026-07-01T10:53:00-07:00,72.176012
1782928440,2026-07-01T10:54:00-07:00,72.176012
1782928500,2026-07-01T10:55:00-07:00,72.176012
1782928560,2026-07-01T10:56:00-07:00,46.720051999999995
1782928620,2026-07-01T10:57:00-07:00,46.720051999999995
1782928680,2026-07-01T10:58:00-07:00,46.720051999999995
1782928740,2026-07-01T10:59:00-07:00,46.720051999999995
1782928800,2026-07-01T11:00:00-07:00,46.720051999999995
1782928860,2026-07-01T11:01:00-07:00,37.783969500000005
1782928920,2026-07-01T11:02:00-07:00,37.783969500000005
1782928980,2026-07-01T11:03:00-07:00,37.783969500000005
1782929040,2026-07-01T11:04:00-07:00,37.783969500000005
1782929100,2026-07-01T11:05:00-07:00,37.783969500000005
1782929160,2026-07-01T11:06:00-07:00,40.352301833333335
1782929220,2026-07-01T11:07:00-07:00,40.352301833333335
1782929280,2026-07-01T11:08:00-07:00,40.352301833333335
1782929340,2026-07-01T11:09:00-07:00,40.352301833333335
1782929400,2026-07-01T11:10:00-07:00,40.352301833333335
1782929580,2026-07-01T11:13:00-07:00,138.83736166666668
1782929640,2026-07-01T11:14:00-07:00,138.83736166666668
1782929700,2026-07-01T11:15:00-07:00,138.83736166666668
1782929760,2026-07-01T11:16:00-07:00,138.83736166666668
1782929820,2026-07-01T11:17:00-07:00,138.83736166666668
1782929940,2026-07-01T11:19:00-07:00,42.79396599999999
1782930000,2026-07-01T11:20:00-07:00,42.79396599999999
1782930060,2026-07-01T11:21:00-07:00,42.79396599999999
1782930120,2026-07-01T11:22:00-07:00,42.79396599999999
1782930180,2026-07-01T11:23:00-07:00,42.79396599999999
1782930240,2026-07-01T11:24:00-07:00,83.48312733333334
1782930300,2026-07-01T11:25:00-07:00,83.48312733333334
1782930360,2026-07-01T11:26:00-07:00,83.48312733333334
1782930420,2026-07-01T11:27:00-07:00,83.48312733333334
1782930480,2026-07-01T11:28:00-07:00,83.48312733333334
1782930660,2026-07-01T11:31:00-07:00,37.49943016666666
1782930720,2026-07-01T11:32:00-07:00,37.49943016666666
1782930780,2026-07-01T11:33:00-07:00,37.49943016666666
1782930840,2026-07-01T11:34:00-07:00,37.49943016666666
1782930900,2026-07-01T11:35:00-07:00,37.49943016666666
1782931320,2026-07-01T11:42:00-07:00,40.422404
1782931380,2026-07-01T11:43:00-07:00,40.422404
1782931440,2026-07-01T11:44:00-07:00,40.422404
1782931500,2026-07-01T11:45:00-07:00,40.422404
1782931560,2026-07-01T11:46:00-07:00,40.422404
1782931680,2026-07-01T11:48:00-07:00,516.9433936666666
1782931740,2026-07-01T11:49:00-07:00,516.9433936666666
1782931800,2026-07-01T11:50:00-07:00,516.9433936666666
1782931860,2026-07-01T11:51:00-07:00,516.9433936666666
1782931920,2026-07-01T11:52:00-07:00,516.9433936666666
1782932940,2026-07-01T12:09:00-07:00,241.377075
1782933000,2026-07-01T12:10:00-07:00,241.377075
1782933060,2026-07-01T12:11:00-07:00,241.377075
1782933120,2026-07-01T12:12:00-07:00,241.377075
1782933180,2026-07-01T12:13:00-07:00,241.377075
1782933300,2026-07-01T12:15:00-07:00,43.98916283333333
1782933360,2026-07-01T12:16:00-07:00,43.98916283333333
1782933420,2026-07-01T12:17:00-07:00,43.98916283333333
1782933480,2026-07-01T12:18:00-07:00,43.98916283333333
1782933540,2026-07-01T12:19:00-07:00,43.98916283333333
1782933960,2026-07-01T12:26:00-07:00,34.300069
1782934020,2026-07-01T12:27:00-07:00,34.300069
1782934080,2026-07-01T12:28:00-07:00,34.300069
1782934140,2026-07-01T12:29:00-07:00,34.300069
1782934200,2026-07-01T12:30:00-07:00,34.300069
1782934380,2026-07-01T12:33:00-07:00,47.268500499999995
1782934440,2026-07-01T12:34:00-07:00,47.268500499999995
1782934500,2026-07-01T12:35:00-07:00,47.268500499999995
1782934560,2026-07-01T12:36:00-07:00,47.268500499999995
1782934620,2026-07-01T12:37:00-07:00,47.268500499999995
1782934680,2026-07-01T12:38:00-07:00,45.815137666666665
1782934740,2026-07-01T12:39:00-07:00,45.815137666666665
1782934800,2026-07-01T12:40:00-07:00,45.815137666666665
1782934860,2026-07-01T12:41:00-07:00,45.815137666666665
1782934920,2026-07-01T12:42:00-07:00,45.815137666666665
1782935700,2026-07-01T12:55:00-07:00,42.32273333333333
1782935760,2026-07-01T12:56:00-07:00,42.32273333333333
1782935820,2026-07-01T12:57:00-07:00,42.32273333333333
1782935880,2026-07-01T12:58:00-07:00,42.32273333333333
1782935940,2026-07-01T12:59:00-07:00,42.32273333333333
1782936060,2026-07-01T13:01:00-07:00,47.30169016666667
1782936120,2026-07-01T13:02:00-07:00,47.30169016666667
1782936180,2026-07-01T13:03:00-07:00,47.30169016666667
1782936240,2026-07-01T13:04:00-07:00,47.30169016666667
1782936300,2026-07-01T13:05:00-07:00,47.30169016666667
1782936360,2026-07-01T13:06:00-07:00,35.637634166666665
1782936420,2026-07-01T13:07:00-07:00,35.637634166666665
1782936480,2026-07-01T13:08:00-07:00,35.637634166666665
1782936540,2026-07-01T13:09:00-07:00,35.637634166666665
1782936600,2026-07-01T13:10:00-07:00,35.637634166666665
1782936720,2026-07-01T13:12:00-07:00,35.736985833333335
1782936780,2026-07-01T13:13:00-07:00,35.736985833333335
1782936840,2026-07-01T13:14:00-07:00,35.736985833333335
1782936900,2026-07-01T13:15:00-07:00,35.736985833333335
1782936960,2026-07-01T13:16:00-07:00,35.736985833333335
1782937080,2026-07-01T13:18:00-07:00,38.712212666666666
1782937140,2026-07-01T13:19:00-07:00,38.712212666666666
1782937200,2026-07-01T13:20:00-07:00,38.712212666666666
1782937260,2026-07-01T13:21:00-07:00,38.712212666666666
1782937320,2026-07-01T13:22:00-07:00,38.712212666666666
1782937440,2026-07-01T13:24:00-07:00,67.55883133333334
1782937500,2026-07-01T13:25:00-07:00,67.55883133333334
1782937560,2026-07-01T13:26:00-07:00,67.55883133333334
1782937620,2026-07-01T13:27:00-07:00,67.55883133333334
1782937680,2026-07-01T13:28:00-07:00,67.55883133333334
1782937740,2026-07-01T13:29:00-07:00,49.072279333333334
1782937800,2026-07-01T13:30:00-07:00,49.072279333333334
1782937860,2026-07-01T13:31:00-07:00,49.072279333333334
1782937920,2026-07-01T13:32:00-07:00,49.072279333333334
1782937980,2026-07-01T13:33:00-07:00,49.072279333333334
1782938100,2026-07-01T13:35:00-07:00,41.8969185
1782938160,2026-07-01T13:36:00-07:00,41.8969185
1782938220,2026-07-01T13:37:00-07:00,41.8969185
1782938280,2026-07-01T13:38:00-07:00,41.8969185
1782938340,2026-07-01T13:39:00-07:00,41.8969185
1782938460,2026-07-01T13:41:00-07:00,41.41293666666666
1782938520,2026-07-01T13:42:00-07:00,41.41293666666666
1782938580,2026-07-01T13:43:00-07:00,41.41293666666666
1782938640,2026-07-01T13:44:00-07:00,41.41293666666666
1782938700,2026-07-01T13:45:00-07:00,41.41293666666666
1782938820,2026-07-01T13:47:00-07:00,35.836391666666664
1782938880,2026-07-01T13:48:00-07:00,35.836391666666664
1782938940,2026-07-01T13:49:00-07:00,35.836391666666664
1782939000,2026-07-01T13:50:00-07:00,35.836391666666664
1782939060,2026-07-01T13:51:00-07:00,35.836391666666664
1782939180,2026-07-01T13:53:00-07:00,38.5730255
1782939240,2026-07-01T13:54:00-07:00,38.5730255
1782939300,2026-07-01T13:55:00-07:00,38.5730255
1782939360,2026-07-01T13:56:00-07:00,38.5730255
1782939420,2026-07-01T13:57:00-07:00,38.5730255
1782939540,2026-07-01T13:59:00-07:00,54.57096333333333
1782939600,2026-07-01T14:00:00-07:00,54.57096333333333
1782939660,2026-07-01T14:01:00-07:00,54.57096333333333
1782939720,2026-07-01T14:02:00-07:00,54.57096333333333
1782939780,2026-07-01T14:03:00-07:00,54.57096333333333
1782939960,2026-07-01T14:06:00-07:00,37.51619483333334
1782940020,2026-07-01T14:07:00-07:00,37.51619483333334
1782940080,2026-07-01T14:08:00-07:00,37.51619483333334
1782940140,2026-07-01T14:09:00-07:00,37.51619483333334
1782940200,2026-07-01T14:10:00-07:00,37.51619483333334
1782940260,2026-07-01T14:11:00-07:00,39.06428383333333
1782940320,2026-07-01T14:12:00-07:00,39.06428383333333
1782940380,2026-07-01T14:13:00-07:00,39.06428383333333
1782940440,2026-07-01T14:14:00-07:00,39.06428383333333
1782940500,2026-07-01T14:15:00-07:00,39.06428383333333
1782941400,2026-07-01T14:30:00-07:00,36.307719166666665
1782941460,2026-07-01T14:31:00-07:00,36.307719166666665
1782941520,2026-07-01T14:32:00-07:00,36.307719166666665
1782941580,2026-07-01T14:33:00-07:00,36.307719166666665
1782941640,2026-07-01T14:34:00-07:00,36.307719166666665
1782942180,2026-07-01T14:43:00-07:00,37.23655183333333
1782942240,2026-07-01T14:44:00-07:00,37.23655183333333
1782942300,2026-07-01T14:45:00-07:00,37.23655183333333
1782942360,2026-07-01T14:46:00-07:00,37.23655183333333
1782942420,2026-07-01T14:47:00-07:00,37.23655183333333
1782942960,2026-07-01T14:56:00-07:00,37.66049533333333
1782943020,2026-07-01T14:57:00-07:00,37.66049533333333
1782943080,2026-07-01T14:58:00-07:00,37.66049533333333
1782943140,2026-07-01T14:59:00-07:00,37.66049533333333
1782943200,2026-07-01T15:00:00-07:00,37.66049533333333
1782943320,2026-07-01T15:02:00-07:00,81.17394333333333
1782943380,2026-07-01T15:03:00-07:00,81.17394333333333
1782943440,2026-07-01T15:04:00-07:00,81.17394333333333
1782943500,2026-07-01T15:05:00-07:00,81.17394333333333
1782943560,2026-07-01T15:06:00-07:00,81.17394333333333
1782943620,2026-07-01T15:07:00-07:00,37.034871333333335
1782943680,2026-07-01T15:08:00-07:00,37.034871333333335
1782943740,2026-07-01T15:09:00-07:00,37.034871333333335
1782943800,2026-07-01T15:10:00-07:00,37.034871333333335
1782943860,2026-07-01T15:11:00-07:00,37.034871333333335
1782943980,2026-07-01T15:13:00-07:00,42.2418415
1782944040,2026-07-01T15:14:00-07:00,42.2418415
1782944100,2026-07-01T15:15:00-07:00,42.2418415
1782944160,2026-07-01T15:16:00-07:00,42.2418415
1782944220,2026-07-01T15:17:00-07:00,42.2418415
1782944340,2026-07-01T15:19:00-07:00,39.886874999999996
1782944400,2026-07-01T15:20:00-07:00,39.886874999999996
1782944460,2026-07-01T15:21:00-07:00,39.886874999999996
1782944520,2026-07-01T15:22:00-07:00,39.886874999999996
1782944580,2026-07-01T15:23:00-07:00,39.886874999999996
1782944700,2026-07-01T15:25:00-07:00,39.523572666666674
1782944760,2026-07-01T15:26:00-07:00,39.523572666666674
1782944820,2026-07-01T15:27:00-07:00,39.523572666666674
1782944880,2026-07-01T15:28:00-07:00,39.523572666666674
1782944940,2026-07-01T15:29:00-07:00,39.523572666666674
1782945060,2026-07-01T15:31:00-07:00,45.257432666666666
1782945120,2026-07-01T15:32:00-07:00,45.257432666666666
1782945180,2026-07-01T15:33:00-07:00,45.257432666666666
1782945240,2026-07-01T15:34:00-07:00,45.257432666666666
1782945300,2026-07-01T15:35:00-07:00,45.257432666666666
1782945480,2026-07-01T15:38:00-07:00,45.23638916666667
1782945540,2026-07-01T15:39:00-07:00,45.23638916666667
1782945600,2026-07-01T15:40:00-07:00,45.23638916666667
1782945660,2026-07-01T15:41:00-07:00,45.23638916666667
1782945720,2026-07-01T15:42:00-07:00,45.23638916666667
1782945780,2026-07-01T15:43:00-07:00,38.89373766666666
1782945840,2026-07-01T15:44:00-07:00,38.89373766666666
1782945900,2026-07-01T15:45:00-07:00,38.89373766666666
1782945960,2026-07-01T15:46:00-07:00,38.89373766666666
1782946020,2026-07-01T15:47:00-07:00,38.89373766666666
1782946200,2026-07-01T15:50:00-07:00,43.479960000000005
1782946260,2026-07-01T15:51:00-07:00,43.479960000000005
1782946320,2026-07-01T15:52:00-07:00,43.479960000000005
1782946380,2026-07-01T15:53:00-07:00,43.479960000000005
1782946440,2026-07-01T15:54:00-07:00,43.479960000000005
1782946560,2026-07-01T15:56:00-07:00,43.919298000000005
1782946620,2026-07-01T15:57:00-07:00,43.919298000000005
1782946680,2026-07-01T15:58:00-07:00,43.919298000000005
1782946740,2026-07-01T15:59:00-07:00,43.919298000000005
1782946800,2026-07-01T16:00:00-07:00,43.919298000000005
1782946980,2026-07-01T16:03:00-07:00,38.971157500000004
1782947040,2026-07-01T16:04:00-07:00,38.971157500000004
1782947100,2026-07-01T16:05:00-07:00,38.971157500000004
1782947160,2026-07-01T16:06:00-07:00,38.971157500000004
1782947220,2026-07-01T16:07:00-07:00,38.971157500000004
1782947280,2026-07-01T16:08:00-07:00,52.01105416666667
1782947340,2026-07-01T16:09:00-07:00,52.01105416666667
1782947400,2026-07-01T16:10:00-07:00,52.01105416666667
1782947460,2026-07-01T16:11:00-07:00,52.01105416666667
1782947520,2026-07-01T16:12:00-07:00,52.01105416666667
1782947580,2026-07-01T16:13:00-07:00,63.50536433333334
1782947640,2026-07-01T16:14:00-07:00,63.50536433333334
1782947700,2026-07-01T16:15:00-07:00,63.50536433333334
1782947760,2026-07-01T16:16:00-07:00,63.50536433333334
1782947820,2026-07-01T16:17:00-07:00,63.50536433333334
1782947940,2026-07-01T16:19:00-07:00,36.18063016666667
1782948000,2026-07-01T16:20:00-07:00,36.18063016666667
1782948060,2026-07-01T16:21:00-07:00,36.18063016666667
1782948120,2026-07-01T16:22:00-07:00,36.18063016666667
1782948180,2026-07-01T16:23:00-07:00,36.18063016666667
1782948300,2026-07-01T16:25:00-07:00,45.313368
1782948360,2026-07-01T16:26:00-07:00,45.313368
1782948420,2026-07-01T16:27:00-07:00,45.313368
1782948480,2026-07-01T16:28:00-07:00,45.313368
1782948540,2026-07-01T16:29:00-07:00,45.313368
1782948660,2026-07-01T16:31:00-07:00,40.15650766666666
1782948720,2026-07-01T16:32:00-07:00,40.15650766666666
1782948780,2026-07-01T16:33:00-07:00,40.15650766666666
1782948840,2026-07-01T16:34:00-07:00,40.15650766666666
1782948900,2026-07-01T16:35:00-07:00,40.15650766666666
1782949020,2026-07-01T16:37:00-07:00,36.68138283333334
1782949080,2026-07-01T16:38:00-07:00,36.68138283333334
1782949140,2026-07-01T16:39:00-07:00,36.68138283333334
1782949200,2026-07-01T16:40:00-07:00,36.68138283333334
1782949260,2026-07-01T16:41:00-07:00,36.68138283333334
1782949440,2026-07-01T16:44:00-07:00,35.54847516666666
1782949500,2026-07-01T16:45:00-07:00,35.54847516666666
1782949560,2026-07-01T16:46:00-07:00,35.54847516666666
1782949620,2026-07-01T16:47:00-07:00,35.54847516666666
1782949680,2026-07-01T16:48:00-07:00,35.54847516666666
1782949800,2026-07-01T16:50:00-07:00,41.575772
1782949860,2026-07-01T16:51:00-07:00,41.575772
1782949920,2026-07-01T16:52:00-07:00,41.575772
1782949980,2026-07-01T16:53:00-07:00,41.575772
1782950040,2026-07-01T16:54:00-07:00,41.575772
1782950520,2026-07-01T17:02:00-07:00,87.3224015
1782950580,2026-07-01T17:03:00-07:00,87.3224015
1782950640,2026-07-01T17:04:00-07:00,87.3224015
1782950700,2026-07-01T17:05:00-07:00,87.3224015
1782950760,2026-07-01T17:06:00-07:00,87.3224015
1782950940,2026-07-01T17:09:00-07:00,35.741299166666664
1782951000,2026-07-01T17:10:00-07:00,35.741299166666664
1782951060,2026-07-01T17:11:00-07:00,35.741299166666664
1782951120,2026-07-01T17:12:00-07:00,35.741299166666664
1782951180,2026-07-01T17:13:00-07:00,35.741299166666664
1782951300,2026-07-01T17:15:00-07:00,38.3578695
1782951360,2026-07-01T17:16:00-07:00,38.3578695
1782951420,2026-07-01T17:17:00-07:00,38.3578695
1782951480,2026-07-01T17:18:00-07:00,38.3578695
1782951540,2026-07-01T17:19:00-07:00,38.3578695
1782952080,2026-07-01T17:28:00-07:00,225.31180833333337
1782952140,2026-07-01T17:29:00-07:00,225.31180833333337
1782952200,2026-07-01T17:30:00-07:00,225.31180833333337
1782952260,2026-07-01T17:31:00-07:00,225.31180833333337
1782952320,2026-07-01T17:32:00-07:00,225.31180833333337
1782952440,2026-07-01T17:34:00-07:00,38.04033066666667
1782952500,2026-07-01T17:35:00-07:00,38.04033066666667
1782952560,2026-07-01T17:36:00-07:00,38.04033066666667
1782952620,2026-07-01T17:37:00-07:00,38.04033066666667
1782952680,2026-07-01T17:38:00-07:00,38.04033066666667
1782952740,2026-07-01T17:39:00-07:00,36.62691233333334
1782952800,2026-07-01T17:40:00-07:00,36.62691233333334
1782952860,2026-07-01T17:41:00-07:00,36.62691233333334
1782952920,2026-07-01T17:42:00-07:00,36.62691233333334
1782952980,2026-07-01T17:43:00-07:00,36.62691233333334
1782953100,2026-07-01T17:45:00-07:00,45.11355266666667
1782953160,2026-07-01T17:46:00-07:00,45.11355266666667
1782953220,2026-07-01T17:47:00-07:00,45.11355266666667
1782953280,2026-07-01T17:48:00-07:00,45.11355266666667
1782953340,2026-07-01T17:49:00-07:00,45.11355266666667
1782953400,2026-07-01T17:50:00-07:00,43.028110166666664
1782953460,2026-07-01T17:51:00-07:00,43.028110166666664
1782953520,2026-07-01T17:52:00-07:00,43.028110166666664
1782953580,2026-07-01T17:53:00-07:00,43.028110166666664
1782953640,2026-07-01T17:54:00-07:00,43.028110166666664
1782953760,2026-07-01T17:56:00-07:00,35.84297683333333
1782953820,2026-07-01T17:57:00-07:00,35.84297683333333
1782953880,2026-07-01T17:58:00-07:00,35.84297683333333
1782953940,2026-07-01T17:59:00-07:00,35.84297683333333
1782954000,2026-07-01T18:00:00-07:00,35.84297683333333
1782954120,2026-07-01T18:02:00-07:00,39.245429
1782954180,2026-07-01T18:03:00-07:00,39.245429
1782954240,2026-07-01T18:04:00-07:00,39.245429
1782954300,2026-07-01T18:05:00-07:00,39.245429
1782954360,2026-07-01T18:06:00-07:00,39.245429
1782955560,2026-07-01T18:26:00-07:00,40.65175383333334
1782955620,2026-07-01T18:27:00-07:00,40.65175383333334
1782955680,2026-07-01T18:28:00-07:00,40.65175383333334
1782955740,2026-07-01T18:29:00-07:00,40.65175383333334
1782955800,2026-07-01T18:30:00-07:00,40.65175383333334
1782955860,2026-07-01T18:31:00-07:00,44.422458166666665
1782955920,2026-07-01T18:32:00-07:00,44.422458166666665
1782955980,2026-07-01T18:33:00-07:00,44.422458166666665
1782956040,2026-07-01T18:34:00-07:00,44.422458166666665
1782956100,2026-07-01T18:35:00-07:00,44.422458166666665
1782956220,2026-07-01T18:37:00-07:00,33.55582016666666
1782956280,2026-07-01T18:38:00-07:00,33.55582016666666
1782956340,2026-07-01T18:39:00-07:00,33.55582016666666
1782956400,2026-07-01T18:40:00-07:00,33.55582016666666
1782956460,2026-07-01T18:41:00-07:00,33.55582016666666
1782956580,2026-07-01T18:43:00-07:00,39.34562833333333
1782956640,2026-07-01T18:44:00-07:00,39.34562833333333
1782956700,2026-07-01T18:45:00-07:00,39.34562833333333
1782956760,2026-07-01T18:46:00-07:00,39.34562833333333
1782956820,2026-07-01T18:47:00-07:00,39.34562833333333
1782956940,2026-07-01T18:49:00-07:00,38.03460666666667
1782957000,2026-07-01T18:50:00-07:00,38.03460666666667
1782957060,2026-07-01T18:51:00-07:00,38.03460666666667
1782957120,2026-07-01T18:52:00-07:00,38.03460666666667
1782957180,2026-07-01T18:53:00-07:00,38.03460666666667
1782957300,2026-07-01T18:55:00-07:00,38.88899766666666
1782957360,2026-07-01T18:56:00-07:00,38.88899766666666
1782957420,2026-07-01T18:57:00-07:00,38.88899766666666
1782957480,2026-07-01T18:58:00-07:00,38.88899766666666
1782957540,2026-07-01T18:59:00-07:00,38.88899766666666
1782957660,2026-07-01T19:01:00-07:00,38.30156783333334
1782957720,2026-07-01T19:02:00-07:00,38.30156783333334
1782957780,2026-07-01T19:03:00-07:00,38.30156783333334
1782957840,2026-07-01T19:04:00-07:00,38.30156783333334
1782957900,2026-07-01T19:05:00-07:00,38.30156783333334
1782958020,2026-07-01T19:07:00-07:00,38.7997915
1782958080,2026-07-01T19:08:00-07:00,38.7997915
1782958140,2026-07-01T19:09:00-07:00,38.7997915
1782958200,2026-07-01T19:10:00-07:00,38.7997915
1782958260,2026-07-01T19:11:00-07:00,38.7997915
1782958320,2026-07-01T19:12:00-07:00,70.95568166666666
1782958380,2026-07-01T19:13:00-07:00,70.95568166666666
1782958440,2026-07-01T19:14:00-07:00,70.95568166666666
1782958500,2026-07-01T19:15:00-07:00,70.95568166666666
1782958560,2026-07-01T19:16:00-07:00,70.95568166666666
1782958680,2026-07-01T19:18:00-07:00,37.55725133333333
1782958740,2026-07-01T19:19:00-07:00,37.55725133333333
1782958800,2026-07-01T19:20:00-07:00,37.55725133333333
1782958860,2026-07-01T19:21:00-07:00,37.55725133333333
1782958920,2026-07-01T19:22:00-07:00,37.55725133333333
1782959040,2026-07-01T19:24:00-07:00,40.262111999999995
1782959100,2026-07-01T19:25:00-07:00,40.262111999999995
1782959160,2026-07-01T19:26:00-07:00,40.262111999999995
1782959220,2026-07-01T19:27:00-07:00,40.262111999999995
1782959280,2026-07-01T19:28:00-07:00,40.262111999999995
1782959340,2026-07-01T19:29:00-07:00,66.27296966666667
1782959400,2026-07-01T19:30:00-07:00,66.27296966666667
1782959460,2026-07-01T19:31:00-07:00,66.27296966666667
1782959520,2026-07-01T19:32:00-07:00,66.27296966666667
1782959580,2026-07-01T19:33:00-07:00,66.27296966666667
1782959640,2026-07-01T19:34:00-07:00,39.162618
1782959700,2026-07-01T19:35:00-07:00,39.162618
1782959760,2026-07-01T19:36:00-07:00,39.162618
1782959820,2026-07-01T19:37:00-07:00,39.162618
1782959880,2026-07-01T19:38:00-07:00,39.162618
1782960120,2026-07-01T19:42:00-07:00,40.961704000000005
1782960180,2026-07-01T19:43:00-07:00,40.961704000000005
1782960240,2026-07-01T19:44:00-07:00,40.961704000000005
1782960300,2026-07-01T19:45:00-07:00,40.961704000000005
1782960360,2026-07-01T19:46:00-07:00,40.961704000000005
1782960420,2026-07-01T19:47:00-07:00,42.512505499999996
1782960480,2026-07-01T19:48:00-07:00,42.512505499999996
1782960540,2026-07-01T19:49:00-07:00,42.512505499999996
1782960600,2026-07-01T19:50:00-07:00,42.512505499999996
1782960660,2026-07-01T19:51:00-07:00,42.512505499999996
1782960720,2026-07-01T19:52:00-07:00,69.44748283333332
1782960780,2026-07-01T19:53:00-07:00,69.44748283333332
1782960840,2026-07-01T19:54:00-07:00,69.44748283333332
1782960900,2026-07-01T19:55:00-07:00,69.44748283333332
1782960960,2026-07-01T19:56:00-07:00,69.44748283333332
1782961080,2026-07-01T19:58:00-07:00,192.72106939999998
1782961140,2026-07-01T19:59:00-07:00,192.72106939999998
1782961200,2026-07-01T20:00:00-07:00,192.72106939999998
1782961260,2026-07-01T20:01:00-07:00,192.72106939999998
1782961320,2026-07-01T20:02:00-07:00,192.72106939999998
1782961380,2026-07-01T20:03:00-07:00,37.43342466666667
1782961440,2026-07-01T20:04:00-07:00,37.43342466666667
1782961500,2026-07-01T20:05:00-07:00,37.43342466666667
1782961560,2026-07-01T20:06:00-07:00,37.43342466666667
1782961620,2026-07-01T20:07:00-07:00,37.43342466666667
1782962820,2026-07-01T20:27:00-07:00,34.97283266666667
1782962880,2026-07-01T20:28:00-07:00,34.97283266666667
1782962940,2026-07-01T20:29:00-07:00,34.97283266666667
1782963000,2026-07-01T20:30:00-07:00,34.97283266666667
1782963060,2026-07-01T20:31:00-07:00,34.97283266666667
1782963120,2026-07-01T20:32:00-07:00,39.2958305
1782963180,2026-07-01T20:33:00-07:00,39.2958305
1782963240,2026-07-01T20:34:00-07:00,39.2958305
1782963300,2026-07-01T20:35:00-07:00,39.2958305
1782963360,2026-07-01T20:36:00-07:00,39.2958305
1782963840,2026-07-01T20:44:00-07:00,39.68485516666667
1782963900,2026-07-01T20:45:00-07:00,39.68485516666667
1782963960,2026-07-01T20:46:00-07:00,39.68485516666667
1782964020,2026-07-01T20:47:00-07:00,39.68485516666667
1782964080,2026-07-01T20:48:00-07:00,39.68485516666667
1782964200,2026-07-01T20:50:00-07:00,39.40590433333333
1782964260,2026-07-01T20:51:00-07:00,39.40590433333333
1782964320,2026-07-01T20:52:00-07:00,39.40590433333333
1782964380,2026-07-01T20:53:00-07:00,39.40590433333333
1782964440,2026-07-01T20:54:00-07:00,39.40590433333333
1782964620,2026-07-01T20:57:00-07:00,40.98532433333333
1782964680,2026-07-01T20:58:00-07:00,40.98532433333333
1782964740,2026-07-01T20:59:00-07:00,40.98532433333333
1782964800,2026-07-01T21:00:00-07:00,40.98532433333333
1782964860,2026-07-01T21:01:00-07:00,40.98532433333333
1782964980,2026-07-01T21:03:00-07:00,35.3244765
1782965040,2026-07-01T21:04:00-07:00,35.3244765
1782965100,2026-07-01T21:05:00-07:00,35.3244765
1782965160,2026-07-01T21:06:00-07:00,35.3244765
1782965220,2026-07-01T21:07:00-07:00,35.3244765
1782965400,2026-07-01T21:10:00-07:00,37.65774916666667
1782965460,2026-07-01T21:11:00-07:00,37.65774916666667
1782965520,2026-07-01T21:12:00-07:00,37.65774916666667
1782965580,2026-07-01T21:13:00-07:00,37.65774916666667
1782965640,2026-07-01T21:14:00-07:00,37.65774916666667
1782965700,2026-07-01T21:15:00-07:00,35.33119033333333
1782965760,2026-07-01T21:16:00-07:00,35.33119033333333
1782965820,2026-07-01T21:17:00-07:00,35.33119033333333
1782965880,2026-07-01T21:18:00-07:00,35.33119033333333
1782965940,2026-07-01T21:19:00-07:00,35.33119033333333
1782966060,2026-07-01T21:21:00-07:00,36.40738233333334
1782966120,2026-07-01T21:22:00-07:00,36.40738233333334
1782966180,2026-07-01T21:23:00-07:00,36.40738233333334
1782966240,2026-07-01T21:24:00-07:00,36.40738233333334
1782966300,2026-07-01T21:25:00-07:00,36.40738233333334
1782966420,2026-07-01T21:27:00-07:00,36.64638983333333
1782966480,2026-07-01T21:28:00-07:00,36.64638983333333
1782966540,2026-07-01T21:29:00-07:00,36.64638983333333
1782966600,2026-07-01T21:30:00-07:00,36.64638983333333
1782966660,2026-07-01T21:31:00-07:00,36.64638983333333
1782966720,2026-07-01T21:32:00-07:00,35.371731000000004
1782966780,2026-07-01T21:33:00-07:00,35.371731000000004
1782966840,2026-07-01T21:34:00-07:00,35.371731000000004
1782966900,2026-07-01T21:35:00-07:00,35.371731000000004
1782966960,2026-07-01T21:36:00-07:00,35.371731000000004
1782967080,2026-07-01T21:38:00-07:00,66.23714883333334
1782967140,2026-07-01T21:39:00-07:00,66.23714883333334
1782967200,2026-07-01T21:40:00-07:00,66.23714883333334
1782967260,2026-07-01T21:41:00-07:00,66.23714883333334
1782967320,2026-07-01T21:42:00-07:00,66.23714883333334
1782967440,2026-07-01T21:44:00-07:00,41.4003905
1782967500,2026-07-01T21:45:00-07:00,41.4003905
1782967560,2026-07-01T21:46:00-07:00,41.4003905
1782967620,2026-07-01T21:47:00-07:00,41.4003905
1782967680,2026-07-01T21:48:00-07:00,41.4003905
1782967740,2026-07-01T21:49:00-07:00,128.16265883333332
1782967800,2026-07-01T21:50:00-07:00,128.16265883333332
1782967860,2026-07-01T21:51:00-07:00,128.16265883333332
1782967920,2026-07-01T21:52:00-07:00,128.16265883333332
1782967980,2026-07-01T21:53:00-07:00,128.16265883333332
1782968040,2026-07-01T21:54:00-07:00,77.76361083333335
1782968100,2026-07-01T21:55:00-07:00,77.76361083333335
1782968160,2026-07-01T21:56:00-07:00,77.76361083333335
1782968220,2026-07-01T21:57:00-07:00,77.76361083333335
1782968280,2026-07-01T21:58:00-07:00,77.76361083333335
1782968400,2026-07-01T22:00:00-07:00,71.59003383333334
1782968460,2026-07-01T22:01:00-07:00,71.59003383333334
1782968520,2026-07-01T22:02:00-07:00,71.59003383333334
1782968580,2026-07-01T22:03:00-07:00,71.59003383333334
1782968640,2026-07-01T22:04:00-07:00,71.59003383333334
1782968700,2026-07-01T22:05:00-07:00,93.90713833333332
1782968760,2026-07-01T22:06:00-07:00,93.90713833333332
1782968820,2026-07-01T22:07:00-07:00,93.90713833333332
1782968880,2026-07-01T22:08:00-07:00,93.90713833333332
1782968940,2026-07-01T22:09:00-07:00,93.90713833333332
1782969060,2026-07-01T22:11:00-07:00,37.945000666666665
1782969120,2026-07-01T22:12:00-07:00,37.945000666666665
1782969180,2026-07-01T22:13:00-07:00,37.945000666666665
1782969240,2026-07-01T22:14:00-07:00,37.945000666666665
1782969300,2026-07-01T22:15:00-07:00,37.945000666666665
1782969360,2026-07-01T22:16:00-07:00,76.92453350000001
1782969420,2026-07-01T22:17:00-07:00,76.92453350000001
1782969480,2026-07-01T22:18:00-07:00,76.92453350000001
1782969540,2026-07-01T22:19:00-07:00,76.92453350000001
1782969600,2026-07-01T22:20:00-07:00,76.92453350000001
1782969660,2026-07-01T22:21:00-07:00,72.59809733333334
1782969720,2026-07-01T22:22:00-07:00,72.59809733333334
1782969780,2026-07-01T22:23:00-07:00,72.59809733333334
1782969840,2026-07-01T22:24:00-07:00,72.59809733333334
1782969900,2026-07-01T22:25:00-07:00,72.59809733333334
1782969960,2026-07-01T22:26:00-07:00,34.377272
1782970020,2026-07-01T22:27:00-07:00,34.377272
1782970080,2026-07-01T22:28:00-07:00,34.377272
1782970140,2026-07-01T22:29:00-07:00,34.377272
1782970200,2026-07-01T22:30:00-07:00,34.377272
1782970260,2026-07-01T22:31:00-07:00,65.95625133333333
1782970320,2026-07-01T22:32:00-07:00,65.95625133333333
1782970380,2026-07-01T22:33:00-07:00,65.95625133333333
1782970440,2026-07-01T22:34:00-07:00,65.95625133333333
1782970500,2026-07-01T22:35:00-07:00,65.95625133333333
1782970620,2026-07-01T22:37:00-07:00,48.18991416666666
1782970680,2026-07-01T22:38:00-07:00,48.18991416666666
1782970740,2026-07-01T22:39:00-07:00,48.18991416666666
1782970800,2026-07-01T22:40:00-07:00,48.18991416666666
1782970860,2026-07-01T22:41:00-07:00,48.18991416666666
1782970980,2026-07-01T22:43:00-07:00,35.965888166666666
1782971040,2026-07-01T22:44:00-07:00,35.965888166666666
1782971100,2026-07-01T22:45:00-07:00,35.965888166666666
1782971160,2026-07-01T22:46:00-07:00,35.965888166666666
1782971220,2026-07-01T22:47:00-07:00,35.965888166666666
1782971280,2026-07-01T22:48:00-07:00,62.30117483333334
1782971340,2026-07-01T22:49:00-07:00,62.30117483333334
1782971400,2026-07-01T22:50:00-07:00,62.30117483333334
1782971460,2026-07-01T22:51:00-07:00,62.30117483333334
1782971520,2026-07-01T22:52:00-07:00,62.30117483333334
1782971700,2026-07-01T22:55:00-07:00,39.422254833333334
1782971760,2026-07-01T22:56:00-07:00,39.422254833333334
1782971820,2026-07-01T22:57:00-07:00,39.422254833333334
1782971880,2026-07-01T22:58:00-07:00,39.422254833333334
1782971940,2026-07-01T22:59:00-07:00,39.422254833333334
1782972000,2026-07-01T23:00:00-07:00,36.1602715
1782972060,2026-07-01T23:01:00-07:00,36.1602715
1782972120,2026-07-01T23:02:00-07:00,36.1602715
1782972180,2026-07-01T23:03:00-07:00,36.1602715
1782972240,2026-07-01T23:04:00-07:00,36.1602715
1782972300,2026-07-01T23:05:00-07:00,43.5033775
1782972360,2026-07-01T23:06:00-07:00,43.5033775
1782972420,2026-07-01T23:07:00-07:00,43.5033775
1782972480,2026-07-01T23:08:00-07:00,43.5033775
1782972540,2026-07-01T23:09:00-07:00,43.5033775
1782972660,2026-07-01T23:11:00-07:00,48.965128666666665
1782972720,2026-07-01T23:12:00-07:00,48.965128666666665
1782972780,2026-07-01T23:13:00-07:00,48.965128666666665
1782972840,2026-07-01T23:14:00-07:00,48.965128666666665
1782972900,2026-07-01T23:15:00-07:00,48.965128666666665
1782972960,2026-07-01T23:16:00-07:00,37.02033816666667
1782973020,2026-07-01T23:17:00-07:00,37.02033816666667
1782973080,2026-07-01T23:18:00-07:00,37.02033816666667
1782973140,2026-07-01T23:19:00-07:00,37.02033816666667
1782973200,2026-07-01T23:20:00-07:00,37.02033816666667
1782973320,2026-07-01T23:22:00-07:00,36.504354
1782973380,2026-07-01T23:23:00-07:00,36.504354
1782973440,2026-07-01T23:24:00-07:00,36.504354
1782973500,2026-07-01T23:25:00-07:00,36.504354
1782973560,2026-07-01T23:26:00-07:00,36.504354
1782973620,2026-07-01T23:27:00-07:00,72.12116166666667
1782973680,2026-07-01T23:28:00-07:00,72.12116166666667
1782973740,2026-07-01T23:29:00-07:00,72.12116166666667
1782973800,2026-07-01T23:30:00-07:00,72.12116166666667
1782973860,2026-07-01T23:31:00-07:00,72.12116166666667
1782973980,2026-07-01T23:33:00-07:00,70.77121283333334
1782974040,2026-07-01T23:34:00-07:00,70.77121283333334
1782974100,2026-07-01T23:35:00-07:00,70.77121283333334
1782974160,2026-07-01T23:36:00-07:00,70.77121283333334
1782974220,2026-07-01T23:37:00-07:00,70.77121283333334
1782974340,2026-07-01T23:39:00-07:00,35.602057333333335
1782974400,2026-07-01T23:40:00-07:00,35.602057333333335
1782974460,2026-07-01T23:41:00-07:00,35.602057333333335
1782974520,2026-07-01T23:42:00-07:00,35.602057333333335
1782974580,2026-07-01T23:43:00-07:00,35.602057333333335
1782974640,2026-07-01T23:44:00-07:00,42.56542266666666
1782974700,2026-07-01T23:45:00-07:00,42.56542266666666
1782974760,2026-07-01T23:46:00-07:00,42.56542266666666
1782974820,2026-07-01T23:47:00-07:00,42.56542266666666
1782974880,2026-07-01T23:48:00-07:00,42.56542266666666
1782975000,2026-07-01T23:50:00-07:00,72.12601733333334
1782975060,2026-07-01T23:51:00-07:00,72.12601733333334
1782975120,2026-07-01T23:52:00-07:00,72.12601733333334
1782975180,2026-07-01T23:53:00-07:00,72.12601733333334
1782975240,2026-07-01T23:54:00-07:00,72.12601733333334
1782975360,2026-07-01T23:56:00-07:00,44.038289666666664
1782975420,2026-07-01T23:57:00-07:00,44.038289666666664
1782975480,2026-07-01T23:58:00-07:00,44.038289666666664
1782975540,2026-07-01T23:59:00-07:00,44.038289666666664
1782975600,2026-07-02T00:00:00-07:00,44.038289666666664
1782975660,2026-07-02T00:01:00-07:00,48.76383483333333
1782975720,2026-07-02T00:02:00-07:00,48.76383483333333
1782975780,2026-07-02T00:03:00-07:00,48.76383483333333
1782975840,2026-07-02T00:04:00-07:00,48.76383483333333
1782975900,2026-07-02T00:05:00-07:00,48.76383483333333
1782975960,2026-07-02T00:06:00-07:00,38.79300933333334
1782976020,2026-07-02T00:07:00-07:00,38.79300933333334
1782976080,2026-07-02T00:08:00-07:00,38.79300933333334
1782976140,2026-07-02T00:09:00-07:00,38.79300933333334
1782976200,2026-07-02T00:10:00-07:00,38.79300933333334
1782976260,2026-07-02T00:11:00-07:00,32.86301016666666
1782976320,2026-07-02T00:12:00-07:00,32.86301016666666
1782976380,2026-07-02T00:13:00-07:00,32.86301016666666
1782976440,2026-07-02T00:14:00-07:00,32.86301016666666
1782976500,2026-07-02T00:15:00-07:00,32.86301016666666
1782976620,2026-07-02T00:17:00-07:00,35.305074
1782976680,2026-07-02T00:18:00-07:00,35.305074
1782976740,2026-07-02T00:19:00-07:00,35.305074
1782976800,2026-07-02T00:20:00-07:00,35.305074
1782976860,2026-07-02T00:21:00-07:00,35.305074
1782976980,2026-07-02T00:23:00-07:00,40.564303833333334
1782977040,2026-07-02T00:24:00-07:00,40.564303833333334
1782977100,2026-07-02T00:25:00-07:00,40.564303833333334
1782977160,2026-07-02T00:26:00-07:00,40.564303833333334
1782977220,2026-07-02T00:27:00-07:00,40.564303833333334
1782977340,2026-07-02T00:29:00-07:00,65.07551383333333
1782977400,2026-07-02T00:30:00-07:00,65.07551383333333
1782977460,2026-07-02T00:31:00-07:00,65.07551383333333
1782977520,2026-07-02T00:32:00-07:00,65.07551383333333
1782977580,2026-07-02T00:33:00-07:00,65.07551383333333
1782977700,2026-07-02T00:35:00-07:00,33.48845083333333
1782977760,2026-07-02T00:36:00-07:00,33.48845083333333
1782977820,2026-07-02T00:37:00-07:00,33.48845083333333
1782977880,2026-07-02T00:38:00-07:00,33.48845083333333
1782977940,2026-07-02T00:39:00-07:00,33.48845083333333
1782978000,2026-07-02T00:40:00-07:00,38.911099166666666
1782978060,2026-07-02T00:41:00-07:00,38.911099166666666
1782978120,2026-07-02T00:42:00-07:00,38.911099166666666
1782978180,2026-07-02T00:43:00-07:00,38.911099166666666
1782978240,2026-07-02T00:44:00-07:00,38.911099166666666
1782978360,2026-07-02T00:46:00-07:00,36.7521905
1782978420,2026-07-02T00:47:00-07:00,36.7521905
1782978480,2026-07-02T00:48:00-07:00,36.7521905
1782978540,2026-07-02T00:49:00-07:00,36.7521905
1782978600,2026-07-02T00:50:00-07:00,36.7521905
1782978660,2026-07-02T00:51:00-07:00,38.22045216666667
1782978720,2026-07-02T00:52:00-07:00,38.22045216666667
1782978780,2026-07-02T00:53:00-07:00,38.22045216666667
1782978840,2026-07-02T00:54:00-07:00,38.22045216666667
1782978900,2026-07-02T00:55:00-07:00,38.22045216666667
1782979020,2026-07-02T00:57:00-07:00,38.98989533333334
1782979080,2026-07-02T00:58:00-07:00,38.98989533333334
1782979140,2026-07-02T00:59:00-07:00,38.98989533333334
1782979200,2026-07-02T01:00:00-07:00,38.98989533333334
1782979260,2026-07-02T01:01:00-07:00,38.98989533333334
1782979380,2026-07-02T01:03:00-07:00,47.26734100000001
1782979440,2026-07-02T01:04:00-07:00,47.26734100000001
1782979500,2026-07-02T01:05:00-07:00,47.26734100000001
1782979560,2026-07-02T01:06:00-07:00,47.26734100000001
1782979620,2026-07-02T01:07:00-07:00,47.26734100000001
1782979680,2026-07-02T01:08:00-07:00,38.943325333333334
1782979740,2026-07-02T01:09:00-07:00,38.943325333333334
1782979800,2026-07-02T01:10:00-07:00,38.943325333333334
1782979860,2026-07-02T01:11:00-07:00,38.943325333333334
1782979920,2026-07-02T01:12:00-07:00,38.943325333333334
1782979980,2026-07-02T01:13:00-07:00,34.878587333333336
1782980040,2026-07-02T01:14:00-07:00,34.878587333333336
1782980100,2026-07-02T01:15:00-07:00,34.878587333333336
1782980160,2026-07-02T01:16:00-07:00,34.878587333333336
1782980220,2026-07-02T01:17:00-07:00,34.878587333333336
1782980340,2026-07-02T01:19:00-07:00,38.42620866666667
1782980400,2026-07-02T01:20:00-07:00,38.42620866666667
1782980460,2026-07-02T01:21:00-07:00,38.42620866666667
1782980520,2026-07-02T01:22:00-07:00,38.42620866666667
1782980580,2026-07-02T01:23:00-07:00,38.42620866666667
1782980700,2026-07-02T01:25:00-07:00,34.84379066666667
1782980760,2026-07-02T01:26:00-07:00,34.84379066666667
1782980820,2026-07-02T01:27:00-07:00,34.84379066666667
1782980880,2026-07-02T01:28:00-07:00,34.84379066666667
1782980940,2026-07-02T01:29:00-07:00,34.84379066666667
1782981060,2026-07-02T01:31:00-07:00,91.84362116666667
1782981120,2026-07-02T01:32:00-07:00,91.84362116666667
1782981180,2026-07-02T01:33:00-07:00,91.84362116666667
1782981240,2026-07-02T01:34:00-07:00,91.84362116666667
1782981300,2026-07-02T01:35:00-07:00,91.84362116666667
1782981360,2026-07-02T01:36:00-07:00,62.85401083333333
1782981420,2026-07-02T01:37:00-07:00,62.85401083333333
1782981480,2026-07-02T01:38:00-07:00,62.85401083333333
1782981540,2026-07-02T01:39:00-07:00,62.85401083333333
1782981600,2026-07-02T01:40:00-07:00,62.85401083333333
1782981720,2026-07-02T01:42:00-07:00,33.324544333333336
1782981780,2026-07-02T01:43:00-07:00,33.324544333333336
1782981840,2026-07-02T01:44:00-07:00,33.324544333333336
1782981900,2026-07-02T01:45:00-07:00,33.324544333333336
1782981960,2026-07-02T01:46:00-07:00,33.324544333333336
1782982020,2026-07-02T01:47:00-07:00,70.29284016666666
1782982080,2026-07-02T01:48:00-07:00,70.29284016666666
1782982140,2026-07-02T01:49:00-07:00,70.29284016666666
1782982200,2026-07-02T01:50:00-07:00,70.29284016666666
1782982260,2026-07-02T01:51:00-07:00,70.29284016666666
1782982380,2026-07-02T01:53:00-07:00,37.319241
1782982440,2026-07-02T01:54:00-07:00,37.319241
1782982500,2026-07-02T01:55:00-07:00,37.319241
1782982560,2026-07-02T01:56:00-07:00,37.319241
1782982620,2026-07-02T01:57:00-07:00,37.319241
1782982740,2026-07-02T01:59:00-07:00,33.9037745
1782982800,2026-07-02T02:00:00-07:00,33.9037745
1782982860,2026-07-02T02:01:00-07:00,33.9037745
1782982920,2026-07-02T02:02:00-07:00,33.9037745
1782982980,2026-07-02T02:03:00-07:00,33.9037745
1782983040,2026-07-02T02:04:00-07:00,37.54181583333334
1782983100,2026-07-02T02:05:00-07:00,37.54181583333334
1782983160,2026-07-02T02:06:00-07:00,37.54181583333334
1782983220,2026-07-02T02:07:00-07:00,37.54181583333334
1782983280,2026-07-02T02:08:00-07:00,37.54181583333334
1782983340,2026-07-02T02:09:00-07:00,72.57746716666666
1782983400,2026-07-02T02:10:00-07:00,72.57746716666666
1782983460,2026-07-02T02:11:00-07:00,72.57746716666666
1782983520,2026-07-02T02:12:00-07:00,72.57746716666666
1782983580,2026-07-02T02:13:00-07:00,72.57746716666666
1782983700,2026-07-02T02:15:00-07:00,71.846795
1782983760,2026-07-02T02:16:00-07:00,71.846795
1782983820,2026-07-02T02:17:00-07:00,71.846795
1782983880,2026-07-02T02:18:00-07:00,71.846795
1782983940,2026-07-02T02:19:00-07:00,71.846795
1782984000,2026-07-02T02:20:00-07:00,36.39554866666666
1782984060,2026-07-02T02:21:00-07:00,36.39554866666666
1782984120,2026-07-02T02:22:00-07:00,36.39554866666666
1782984180,2026-07-02T02:23:00-07:00,36.39554866666666
1782984240,2026-07-02T02:24:00-07:00,36.39554866666666
1782984300,2026-07-02T02:25:00-07:00,37.58086466666666
1782984360,2026-07-02T02:26:00-07:00,37.58086466666666
1782984420,2026-07-02T02:27:00-07:00,37.58086466666666
1782984480,2026-07-02T02:28:00-07:00,37.58086466666666
1782984540,2026-07-02T02:29:00-07:00,37.58086466666666
1782984600,2026-07-02T02:30:00-07:00,37.213623
1782984660,2026-07-02T02:31:00-07:00,37.213623
1782984720,2026-07-02T02:32:00-07:00,37.213623
1782984780,2026-07-02T02:33:00-07:00,37.213623
1782984840,2026-07-02T02:34:00-07:00,37.213623
1782984960,2026-07-02T02:36:00-07:00,71.03484416666667
1782985020,2026-07-02T02:37:00-07:00,71.03484416666667
1782985080,2026-07-02T02:38:00-07:00,71.03484416666667
1782985140,2026-07-02T02:39:00-07:00,71.03484416666667
1782985200,2026-07-02T02:40:00-07:00,71.03484416666667
1782985260,2026-07-02T02:41:00-07:00,74.54047983333334
1782985320,2026-07-02T02:42:00-07:00,74.54047983333334
1782985380,2026-07-02T02:43:00-07:00,74.54047983333334
1782985440,2026-07-02T02:44:00-07:00,74.54047983333334
1782985500,2026-07-02T02:45:00-07:00,74.54047983333334
1782985560,2026-07-02T02:46:00-07:00,67.80118150000001
1782985620,2026-07-02T02:47:00-07:00,67.80118150000001
1782985680,2026-07-02T02:48:00-07:00,67.80118150000001
1782985740,2026-07-02T02:49:00-07:00,67.80118150000001
1782985800,2026-07-02T02:50:00-07:00,67.80118150000001
1782985980,2026-07-02T02:53:00-07:00,34.27550583333333
1782986040,2026-07-02T02:54:00-07:00,34.27550583333333
1782986100,2026-07-02T02:55:00-07:00,34.27550583333333
1782986160,2026-07-02T02:56:00-07:00,34.27550583333333
1782986220,2026-07-02T02:57:00-07:00,34.27550583333333
1782986340,2026-07-02T02:59:00-07:00,36.083421666666666
1782986400,2026-07-02T03:00:00-07:00,36.083421666666666
1782986460,2026-07-02T03:01:00-07:00,36.083421666666666
1782986520,2026-07-02T03:02:00-07:00,36.083421666666666
1782986580,2026-07-02T03:03:00-07:00,36.083421666666666
1782986640,2026-07-02T03:04:00-07:00,62.46001533333333
1782986700,2026-07-02T03:05:00-07:00,62.46001533333333
1782986760,2026-07-02T03:06:00-07:00,62.46001533333333
1782986820,2026-07-02T03:07:00-07:00,62.46001533333333
1782986880,2026-07-02T03:08:00-07:00,62.46001533333333
1782986940,2026-07-02T03:09:00-07:00,37.595615
1782987000,2026-07-02T03:10:00-07:00,37.595615
1782987060,2026-07-02T03:11:00-07:00,37.595615
1782987120,2026-07-02T03:12:00-07:00,37.595615
1782987180,2026-07-02T03:13:00-07:00,37.595615
1782987240,2026-07-02T03:14:00-07:00,69.96085633333333
1782987300,2026-07-02T03:15:00-07:00,69.96085633333333
1782987360,2026-07-02T03:16:00-07:00,69.96085633333333
1782987420,2026-07-02T03:17:00-07:00,69.96085633333333
1782987480,2026-07-02T03:18:00-07:00,69.96085633333333
1782987540,2026-07-02T03:19:00-07:00,41.33897583333333
1782987600,2026-07-02T03:20:00-07:00,41.33897583333333
1782987660,2026-07-02T03:21:00-07:00,41.33897583333333
1782987720,2026-07-02T03:22:00-07:00,41.33897583333333
1782987780,2026-07-02T03:23:00-07:00,41.33897583333333
1782987900,2026-07-02T03:25:00-07:00,37.47176766666667
1782987960,2026-07-02T03:26:00-07:00,37.47176766666667
1782988020,2026-07-02T03:27:00-07:00,37.47176766666667
1782988080,2026-07-02T03:28:00-07:00,37.47176766666667
1782988140,2026-07-02T03:29:00-07:00,37.47176766666667
1782988200,2026-07-02T03:30:00-07:00,38.586764833333326
1782988260,2026-07-02T03:31:00-07:00,38.586764833333326
1782988320,2026-07-02T03:32:00-07:00,38.586764833333326
1782988380,2026-07-02T03:33:00-07:00,38.586764833333326
1782988440,2026-07-02T03:34:00-07:00,38.586764833333326
1782988500,2026-07-02T03:35:00-07:00,67.52577716666667
1782988560,2026-07-02T03:36:00-07:00,67.52577716666667
1782988620,2026-07-02T03:37:00-07:00,67.52577716666667
1782988680,2026-07-02T03:38:00-07:00,67.52577716666667
1782988740,2026-07-02T03:39:00-07:00,67.52577716666667
1782988800,2026-07-02T03:40:00-07:00,41.472018999999996
1782988860,2026-07-02T03:41:00-07:00,41.472018999999996
1782988920,2026-07-02T03:42:00-07:00,41.472018999999996
1782988980,2026-07-02T03:43:00-07:00,41.472018999999996
1782989040,2026-07-02T03:44:00-07:00,41.472018999999996
1782989100,2026-07-02T03:45:00-07:00,68.105184
1782989160,2026-07-02T03:46:00-07:00,68.105184
1782989220,2026-07-02T03:47:00-07:00,68.105184
1782989280,2026-07-02T03:48:00-07:00,68.105184
1782989340,2026-07-02T03:49:00-07:00,68.105184
1782989460,2026-07-02T03:51:00-07:00,37.03534633333333
1782989520,2026-07-02T03:52:00-07:00,37.03534633333333
1782989580,2026-07-02T03:53:00-07:00,37.03534633333333
1782989640,2026-07-02T03:54:00-07:00,37.03534633333333
1782989700,2026-07-02T03:55:00-07:00,37.03534633333333
1782989760,2026-07-02T03:56:00-07:00,66.72770183333333
1782989820,2026-07-02T03:57:00-07:00,66.72770183333333
1782989880,2026-07-02T03:58:00-07:00,66.72770183333333
1782989940,2026-07-02T03:59:00-07:00,66.72770183333333
1782990000,2026-07-02T04:00:00-07:00,66.72770183333333
1782990120,2026-07-02T04:02:00-07:00,40.49081733333333
1782990180,2026-07-02T04:03:00-07:00,40.49081733333333
1782990240,2026-07-02T04:04:00-07:00,40.49081733333333
1782990300,2026-07-02T04:05:00-07:00,40.49081733333333
1782990360,2026-07-02T04:06:00-07:00,40.49081733333333
1782990420,2026-07-02T04:07:00-07:00,82.44082300000001
1782990480,2026-07-02T04:08:00-07:00,82.44082300000001
1782990540,2026-07-02T04:09:00-07:00,82.44082300000001
1782990600,2026-07-02T04:10:00-07:00,82.44082300000001
1782990660,2026-07-02T04:11:00-07:00,82.44082300000001
1782990720,2026-07-02T04:12:00-07:00,35.60381416666667
1782990780,2026-07-02T04:13:00-07:00,35.60381416666667
1782990840,2026-07-02T04:14:00-07:00,35.60381416666667
1782990900,2026-07-02T04:15:00-07:00,35.60381416666667
1782990960,2026-07-02T04:16:00-07:00,35.60381416666667
1782991080,2026-07-02T04:18:00-07:00,69.94613966666667
1782991140,2026-07-02T04:19:00-07:00,69.94613966666667
1782991200,2026-07-02T04:20:00-07:00,69.94613966666667
1782991260,2026-07-02T04:21:00-07:00,69.94613966666667
1782991320,2026-07-02T04:22:00-07:00,69.94613966666667
1782991440,2026-07-02T04:24:00-07:00,37.23541916666667
1782991500,2026-07-02T04:25:00-07:00,37.23541916666667
1782991560,2026-07-02T04:26:00-07:00,37.23541916666667
1782991620,2026-07-02T04:27:00-07:00,37.23541916666667
1782991680,2026-07-02T04:28:00-07:00,37.23541916666667
1782991740,2026-07-02T04:29:00-07:00,36.4546375
1782991800,2026-07-02T04:30:00-07:00,36.4546375
1782991860,2026-07-02T04:31:00-07:00,36.4546375
1782991920,2026-07-02T04:32:00-07:00,36.4546375
1782991980,2026-07-02T04:33:00-07:00,36.4546375
1782992100,2026-07-02T04:35:00-07:00,35.16174983333333
1782992160,2026-07-02T04:36:00-07:00,35.16174983333333
1782992220,2026-07-02T04:37:00-07:00,35.16174983333333
1782992280,2026-07-02T04:38:00-07:00,35.16174983333333
1782992340,2026-07-02T04:39:00-07:00,35.16174983333333
1782992460,2026-07-02T04:41:00-07:00,35.069641
1782992520,2026-07-02T04:42:00-07:00,35.069641
1782992580,2026-07-02T04:43:00-07:00,35.069641
1782992640,2026-07-02T04:44:00-07:00,35.069641
1782992700,2026-07-02T04:45:00-07:00,35.069641
1782992760,2026-07-02T04:46:00-07:00,32.30099833333333
1782992820,2026-07-02T04:47:00-07:00,32.30099833333333
1782992880,2026-07-02T04:48:00-07:00,32.30099833333333
1782992940,2026-07-02T04:49:00-07:00,32.30099833333333
1782993000,2026-07-02T04:50:00-07:00,32.30099833333333
1782993060,2026-07-02T04:51:00-07:00,35.55615216666667
1782993120,2026-07-02T04:52:00-07:00,35.55615216666667
1782993180,2026-07-02T04:53:00-07:00,35.55615216666667
1782993240,2026-07-02T04:54:00-07:00,35.55615216666667
1782993300,2026-07-02T04:55:00-07:00,35.55615216666667
1782993420,2026-07-02T04:57:00-07:00,39.115593999999994
1782993480,2026-07-02T04:58:00-07:00,39.115593999999994
1782993540,2026-07-02T04:59:00-07:00,39.115593999999994
1782993600,2026-07-02T05:00:00-07:00,39.115593999999994
1782993660,2026-07-02T05:01:00-07:00,39.115593999999994
1782993720,2026-07-02T05:02:00-07:00,72.6047905
1782993780,2026-07-02T05:03:00-07:00,72.6047905
1782993840,2026-07-02T05:04:00-07:00,72.6047905
1782993900,2026-07-02T05:05:00-07:00,72.6047905
1782993960,2026-07-02T05:06:00-07:00,72.6047905
1782994080,2026-07-02T05:08:00-07:00,34.412672333333326
1782994140,2026-07-02T05:09:00-07:00,34.412672333333326
1782994200,2026-07-02T05:10:00-07:00,34.412672333333326
1782994260,2026-07-02T05:11:00-07:00,34.412672333333326
1782994320,2026-07-02T05:12:00-07:00,34.412672333333326
1782994380,2026-07-02T05:13:00-07:00,36.23702683333334
1782994440,2026-07-02T05:14:00-07:00,36.23702683333334
1782994500,2026-07-02T05:15:00-07:00,36.23702683333334
1782994560,2026-07-02T05:16:00-07:00,36.23702683333334
1782994620,2026-07-02T05:17:00-07:00,36.23702683333334
1782994680,2026-07-02T05:18:00-07:00,64.59419749999999
1782994740,2026-07-02T05:19:00-07:00,64.59419749999999
1782994800,2026-07-02T05:20:00-07:00,64.59419749999999
1782994860,2026-07-02T05:21:00-07:00,64.59419749999999
1782994920,2026-07-02T05:22:00-07:00,64.59419749999999
1782995040,2026-07-02T05:24:00-07:00,33.02429899999999
1782995100,2026-07-02T05:25:00-07:00,33.02429899999999
1782995160,2026-07-02T05:26:00-07:00,33.02429899999999
1782995220,2026-07-02T05:27:00-07:00,33.02429899999999
1782995280,2026-07-02T05:28:00-07:00,33.02429899999999
1782995400,2026-07-02T05:30:00-07:00,37.91274683333333
1782995460,2026-07-02T05:31:00-07:00,37.91274683333333
1782995520,2026-07-02T05:32:00-07:00,37.91274683333333
1782995580,2026-07-02T05:33:00-07:00,37.91274683333333
1782995640,2026-07-02T05:34:00-07:00,37.91274683333333
1782995700,2026-07-02T05:35:00-07:00,66.51818183333334
1782995760,2026-07-02T05:36:00-07:00,66.51818183333334
1782995820,2026-07-02T05:37:00-07:00,66.51818183333334
1782995880,2026-07-02T05:38:00-07:00,66.51818183333334
1782995940,2026-07-02T05:39:00-07:00,66.51818183333334
1782996000,2026-07-02T05:40:00-07:00,65.789429
1782996060,2026-07-02T05:41:00-07:00,65.789429
1782996120,2026-07-02T05:42:00-07:00,65.789429
1782996180,2026-07-02T05:43:00-07:00,65.789429
1782996240,2026-07-02T05:44:00-07:00,65.789429
1782996300,2026-07-02T05:45:00-07:00,41.597893666666664
1782996360,2026-07-02T05:46:00-07:00,41.597893666666664
1782996420,2026-07-02T05:47:00-07:00,41.597893666666664
1782996480,2026-07-02T05:48:00-07:00,41.597893666666664
1782996540,2026-07-02T05:49:00-07:00,41.597893666666664
1782996600,2026-07-02T05:50:00-07:00,38.9454685
1782996660,2026-07-02T05:51:00-07:00,38.9454685
1782996720,2026-07-02T05:52:00-07:00,38.9454685
1782996780,2026-07-02T05:53:00-07:00,38.9454685
1782996840,2026-07-02T05:54:00-07:00,38.9454685
1782998100,2026-07-02T06:15:00-07:00,210.39866833333335
1782998160,2026-07-02T06:16:00-07:00,210.39866833333335
1782998220,2026-07-02T06:17:00-07:00,210.39866833333335
1782998280,2026-07-02T06:18:00-07:00,210.39866833333335
1782998340,2026-07-02T06:19:00-07:00,210.39866833333335
1782998400,2026-07-02T06:20:00-07:00,33.93347816666667
1782998460,2026-07-02T06:21:00-07:00,33.93347816666667
1782998520,2026-07-02T06:22:00-07:00,33.93347816666667
1782998580,2026-07-02T06:23:00-07:00,33.93347816666667
1782998640,2026-07-02T06:24:00-07:00,33.93347816666667
1782998700,2026-07-02T06:25:00-07:00,37.449103666666666
1782998760,2026-07-02T06:26:00-07:00,37.449103666666666
1782998820,2026-07-02T06:27:00-07:00,37.449103666666666
1782998880,2026-07-02T06:28:00-07:00,37.449103666666666
1782998940,2026-07-02T06:29:00-07:00,37.449103666666666
1782999000,2026-07-02T06:30:00-07:00,31.64346
1782999060,2026-07-02T06:31:00-07:00,31.64346
1782999120,2026-07-02T06:32:00-07:00,31.64346
1782999180,2026-07-02T06:33:00-07:00,31.64346
1782999240,2026-07-02T06:34:00-07:00,31.64346
1782999360,2026-07-02T06:36:00-07:00,35.83434383333333
1782999420,2026-07-02T06:37:00-07:00,35.83434383333333
1782999480,2026-07-02T06:38:00-07:00,35.83434383333333
1782999540,2026-07-02T06:39:00-07:00,35.83434383333333
1782999600,2026-07-02T06:40:00-07:00,35.83434383333333
1782999960,2026-07-02T06:46:00-07:00,40.25665983333334
1783000020,2026-07-02T06:47:00-07:00,40.25665983333334
1783000080,2026-07-02T06:48:00-07:00,40.25665983333334
1783000140,2026-07-02T06:49:00-07:00,40.25665983333334
1783000200,2026-07-02T06:50:00-07:00,40.25665983333334
1783000260,2026-07-02T06:51:00-07:00,130.14897999999997
1783000320,2026-07-02T06:52:00-07:00,130.14897999999997
1783000380,2026-07-02T06:53:00-07:00,130.14897999999997
1783000440,2026-07-02T06:54:00-07:00,130.14897999999997
1783000500,2026-07-02T06:55:00-07:00,130.14897999999997
1783000560,2026-07-02T06:56:00-07:00,56.40766716666666
1783000620,2026-07-02T06:57:00-07:00,56.40766716666666
1783000680,2026-07-02T06:58:00-07:00,56.40766716666666
1783000740,2026-07-02T06:59:00-07:00,56.40766716666666
1783000800,2026-07-02T07:00:00-07:00,56.40766716666666
1783000860,2026-07-02T07:01:00-07:00,34.83384183333333
1783000920,2026-07-02T07:02:00-07:00,34.83384183333333
1783000980,2026-07-02T07:03:00-07:00,34.83384183333333
1783001040,2026-07-02T07:04:00-07:00,34.83384183333333
1783001100,2026-07-02T07:05:00-07:00,34.83384183333333
1783001160,2026-07-02T07:06:00-07:00,22.87657333333333
1783001220,2026-07-02T07:07:00-07:00,22.87657333333333
1783001280,2026-07-02T07:08:00-07:00,22.87657333333333
1783001340,2026-07-02T07:09:00-07:00,22.87657333333333
1783001400,2026-07-02T07:10:00-07:00,22.87657333333333
1783001460,2026-07-02T07:11:00-07:00,36.426744666666664
1783001520,2026-07-02T07:12:00-07:00,36.426744666666664
1783001580,2026-07-02T07:13:00-07:00,36.426744666666664
1783001640,2026-07-02T07:14:00-07:00,36.426744666666664
1783001700,2026-07-02T07:15:00-07:00,36.426744666666664
1783001760,2026-07-02T07:16:00-07:00,35.28346083333333
1783001820,2026-07-02T07:17:00-07:00,35.28346083333333
1783001880,2026-07-02T07:18:00-07:00,35.28346083333333
1783001940,2026-07-02T07:19:00-07:00,35.28346083333333
1783002000,2026-07-02T07:20:00-07:00,35.28346083333333
1783002180,2026-07-02T07:23:00-07:00,34.163641999999996
1783002240,2026-07-02T07:24:00-07:00,34.163641999999996
1783002300,2026-07-02T07:25:00-07:00,34.163641999999996
1783002360,2026-07-02T07:26:00-07:00,34.163641999999996
1783002420,2026-07-02T07:27:00-07:00,34.163641999999996
1783002480,2026-07-02T07:28:00-07:00,31.962863333333335
1783002540,2026-07-02T07:29:00-07:00,31.962863333333335
1783002600,2026-07-02T07:30:00-07:00,31.962863333333335
1783002660,2026-07-02T07:31:00-07:00,31.962863333333335
1783002720,2026-07-02T07:32:00-07:00,31.962863333333335
1783002780,2026-07-02T07:33:00-07:00,62.20067016666667
1783002840,2026-07-02T07:34:00-07:00,62.20067016666667
1783002900,2026-07-02T07:35:00-07:00,62.20067016666667
1783002960,2026-07-02T07:36:00-07:00,62.20067016666667
1783003020,2026-07-02T07:37:00-07:00,62.20067016666667
1783003140,2026-07-02T07:39:00-07:00,34.86185699999999
1783003200,2026-07-02T07:40:00-07:00,34.86185699999999
1783003260,2026-07-02T07:41:00-07:00,34.86185699999999
1783003320,2026-07-02T07:42:00-07:00,34.86185699999999
1783003380,2026-07-02T07:43:00-07:00,34.86185699999999
1783003440,2026-07-02T07:44:00-07:00,36.209343833333335
1783003500,2026-07-02T07:45:00-07:00,36.209343833333335
1783003560,2026-07-02T07:46:00-07:00,36.209343833333335
1783003620,2026-07-02T07:47:00-07:00,36.209343833333335
1783003680,2026-07-02T07:48:00-07:00,36.209343833333335
1783003800,2026-07-02T07:50:00-07:00,36.328098
1783003860,2026-07-02T07:51:00-07:00,36.328098
1783003920,2026-07-02T07:52:00-07:00,36.328098
1783003980,2026-07-02T07:53:00-07:00,36.328098
1783004040,2026-07-02T07:54:00-07:00,36.328098
1783004160,2026-07-02T07:56:00-07:00,33.96936733333333
1783004220,2026-07-02T07:57:00-07:00,33.96936733333333
1783004280,2026-07-02T07:58:00-07:00,33.96936733333333
1783004340,2026-07-02T07:59:00-07:00,33.96936733333333
1783004400,2026-07-02T08:00:00-07:00,33.96936733333333
1783004520,2026-07-02T08:02:00-07:00,35.071343166666665
1783004580,2026-07-02T08:03:00-07:00,35.071343166666665
1783004640,2026-07-02T08:04:00-07:00,35.071343166666665
1783004700,2026-07-02T08:05:00-07:00,35.071343166666665
1783004760,2026-07-02T08:06:00-07:00,35.071343166666665
1783004880,2026-07-02T08:08:00-07:00,33.89858
1783004940,2026-07-02T08:09:00-07:00,33.89858
1783005000,2026-07-02T08:10:00-07:00,33.89858
1783005060,2026-07-02T08:11:00-07:00,33.89858
1783005120,2026-07-02T08:12:00-07:00,33.89858
1783005180,2026-07-02T08:13:00-07:00,39.85275600000001
1783005240,2026-07-02T08:14:00-07:00,39.85275600000001
1783005300,2026-07-02T08:15:00-07:00,39.85275600000001
1783005360,2026-07-02T08:16:00-07:00,39.85275600000001
1783005420,2026-07-02T08:17:00-07:00,39.85275600000001
1783005480,2026-07-02T08:18:00-07:00,33.9205525
1783005540,2026-07-02T08:19:00-07:00,33.9205525
1783005600,2026-07-02T08:20:00-07:00,33.9205525
1783005660,2026-07-02T08:21:00-07:00,33.9205525
1783005720,2026-07-02T08:22:00-07:00,33.9205525
1783005900,2026-07-02T08:25:00-07:00,47.458021333333335
1783005960,2026-07-02T08:26:00-07:00,47.458021333333335
1783006020,2026-07-02T08:27:00-07:00,47.458021333333335
1783006080,2026-07-02T08:28:00-07:00,47.458021333333335
1783006140,2026-07-02T08:29:00-07:00,47.458021333333335
1783006260,2026-07-02T08:31:00-07:00,45.685641999999994
1783006320,2026-07-02T08:32:00-07:00,45.685641999999994
1783006380,2026-07-02T08:33:00-07:00,45.685641999999994
1783006440,2026-07-02T08:34:00-07:00,45.685641999999994
1783006500,2026-07-02T08:35:00-07:00,45.685641999999994
1783006620,2026-07-02T08:37:00-07:00,32.623657333333334
1783006680,2026-07-02T08:38:00-07:00,32.623657333333334
1783006740,2026-07-02T08:39:00-07:00,32.623657333333334
1783006800,2026-07-02T08:40:00-07:00,32.623657333333334
1783006860,2026-07-02T08:41:00-07:00,32.623657333333334
1783006980,2026-07-02T08:43:00-07:00,31.801499833333335
1783007040,2026-07-02T08:44:00-07:00,31.801499833333335
1783007100,2026-07-02T08:45:00-07:00,31.801499833333335
1783007160,2026-07-02T08:46:00-07:00,31.801499833333335
1783007220,2026-07-02T08:47:00-07:00,31.801499833333335
1783007400,2026-07-02T08:50:00-07:00,38.71090366666667
1783007460,2026-07-02T08:51:00-07:00,38.71090366666667
1783007520,2026-07-02T08:52:00-07:00,38.71090366666667
1783007580,2026-07-02T08:53:00-07:00,38.71090366666667
1783007640,2026-07-02T08:54:00-07:00,38.71090366666667
1783008120,2026-07-02T09:02:00-07:00,36.185533166666666
1783008180,2026-07-02T09:03:00-07:00,36.185533166666666
1783008240,2026-07-02T09:04:00-07:00,36.185533166666666
1783008300,2026-07-02T09:05:00-07:00,36.185533166666666
1783008360,2026-07-02T09:06:00-07:00,36.185533166666666
1783008480,2026-07-02T09:08:00-07:00,43.464640333333335
1783008540,2026-07-02T09:09:00-07:00,43.464640333333335
1783008600,2026-07-02T09:10:00-07:00,43.464640333333335
1783008660,2026-07-02T09:11:00-07:00,43.464640333333335
1783008720,2026-07-02T09:12:00-07:00,43.464640333333335
1783008840,2026-07-02T09:14:00-07:00,37.7909885
1783008900,2026-07-02T09:15:00-07:00,37.7909885
1783008960,2026-07-02T09:16:00-07:00,37.7909885
1783009020,2026-07-02T09:17:00-07:00,37.7909885
1783009080,2026-07-02T09:18:00-07:00,37.7909885
1783009680,2026-07-02T09:28:00-07:00,33.249789666666665
1783009740,2026-07-02T09:29:00-07:00,33.249789666666665
1783009800,2026-07-02T09:30:00-07:00,33.249789666666665
1783009860,2026-07-02T09:31:00-07:00,33.249789666666665
1783009920,2026-07-02T09:32:00-07:00,33.249789666666665
1783009980,2026-07-02T09:33:00-07:00,35.11793333333333
1783010040,2026-07-02T09:34:00-07:00,35.11793333333333
1783010100,2026-07-02T09:35:00-07:00,35.11793333333333
1783010160,2026-07-02T09:36:00-07:00,35.11793333333333
1783010220,2026-07-02T09:37:00-07:00,35.11793333333333
1783010340,2026-07-02T09:39:00-07:00,34.5014105
1783010400,2026-07-02T09:40:00-07:00,34.5014105
1783010460,2026-07-02T09:41:00-07:00,34.5014105
1783010520,2026-07-02T09:42:00-07:00,34.5014105
1783010580,2026-07-02T09:43:00-07:00,34.5014105
1783010640,2026-07-02T09:44:00-07:00,33.8543295
1783010700,2026-07-02T09:45:00-07:00,33.8543295
1783010760,2026-07-02T09:46:00-07:00,33.8543295
1783010820,2026-07-02T09:47:00-07:00,33.8543295
1783010880,2026-07-02T09:48:00-07:00,33.8543295
1783011000,2026-07-02T09:50:00-07:00,33.4577295
1783011060,2026-07-02T09:51:00-07:00,33.4577295
1783011120,2026-07-02T09:52:00-07:00,33.4577295
1783011180,2026-07-02T09:53:00-07:00,33.4577295
1783011240,2026-07-02T09:54:00-07:00,33.4577295
1783011360,2026-07-02T09:56:00-07:00,39.782321499999995
1783011420,2026-07-02T09:57:00-07:00,39.782321499999995
1783011480,2026-07-02T09:58:00-07:00,39.782321499999995
1783011540,2026-07-02T09:59:00-07:00,39.782321499999995
1783011600,2026-07-02T10:00:00-07:00,39.782321499999995
1783011780,2026-07-02T10:03:00-07:00,30.98357466666667
1783011840,2026-07-02T10:04:00-07:00,30.98357466666667
1783011900,2026-07-02T10:05:00-07:00,30.98357466666667
1783011960,2026-07-02T10:06:00-07:00,30.98357466666667
1783012020,2026-07-02T10:07:00-07:00,30.98357466666667
1783012140,2026-07-02T10:09:00-07:00,36.5832385
1783012200,2026-07-02T10:10:00-07:00,36.5832385
1783012260,2026-07-02T10:11:00-07:00,36.5832385
1783012320,2026-07-02T10:12:00-07:00,36.5832385
1783012380,2026-07-02T10:13:00-07:00,36.5832385
1783012440,2026-07-02T10:14:00-07:00,31.595621833333336
1783012500,2026-07-02T10:15:00-07:00,31.595621833333336
1783012560,2026-07-02T10:16:00-07:00,31.595621833333336
1783012620,2026-07-02T10:17:00-07:00,31.595621833333336
1783012680,2026-07-02T10:18:00-07:00,31.595621833333336
1783012800,2026-07-02T10:20:00-07:00,37.115451
1783012860,2026-07-02T10:21:00-07:00,37.115451
1783012920,2026-07-02T10:22:00-07:00,37.115451
1783012980,2026-07-02T10:23:00-07:00,37.115451
1783013040,2026-07-02T10:24:00-07:00,37.115451
1783013160,2026-07-02T10:26:00-07:00,34.29969633333334
1783013220,2026-07-02T10:27:00-07:00,34.29969633333334
1783013280,2026-07-02T10:28:00-07:00,34.29969633333334
1783013340,2026-07-02T10:29:00-07:00,34.29969633333334
1783013400,2026-07-02T10:30:00-07:00,34.29969633333334
1783013460,2026-07-02T10:31:00-07:00,33.22576933333334
1783013520,2026-07-02T10:32:00-07:00,33.22576933333334
1783013580,2026-07-02T10:33:00-07:00,33.22576933333334
1783013640,2026-07-02T10:34:00-07:00,33.22576933333334
1783013700,2026-07-02T10:35:00-07:00,33.22576933333334
1783013760,2026-07-02T10:36:00-07:00,41.013197
1783013820,2026-07-02T10:37:00-07:00,41.013197
1783013880,2026-07-02T10:38:00-07:00,41.013197
1783013940,2026-07-02T10:39:00-07:00,41.013197
1783014000,2026-07-02T10:40:00-07:00,41.013197
1783014060,2026-07-02T10:41:00-07:00,31.204427166666665
1783014120,2026-07-02T10:42:00-07:00,31.204427166666665
1783014180,2026-07-02T10:43:00-07:00,31.204427166666665
1783014240,2026-07-02T10:44:00-07:00,31.204427166666665
1783014300,2026-07-02T10:45:00-07:00,31.204427166666665
1783014420,2026-07-02T10:47:00-07:00,31.225552166666663
1783014480,2026-07-02T10:48:00-07:00,31.225552166666663
1783014540,2026-07-02T10:49:00-07:00,31.225552166666663
1783014600,2026-07-02T10:50:00-07:00,31.225552166666663
1783014660,2026-07-02T10:51:00-07:00,31.225552166666663
1783014720,2026-07-02T10:52:00-07:00,36.505032
1783014780,2026-07-02T10:53:00-07:00,36.505032
1783014840,2026-07-02T10:54:00-07:00,36.505032
1783014900,2026-07-02T10:55:00-07:00,36.505032
1783014960,2026-07-02T10:56:00-07:00,36.505032
1783015140,2026-07-02T10:59:00-07:00,36.34348566666667
1783015200,2026-07-02T11:00:00-07:00,36.34348566666667
1783015260,2026-07-02T11:01:00-07:00,36.34348566666667
1783015320,2026-07-02T11:02:00-07:00,36.34348566666667
1783015380,2026-07-02T11:03:00-07:00,36.34348566666667
1783015440,2026-07-02T11:04:00-07:00,32.06160500000001
1783015500,2026-07-02T11:05:00-07:00,32.06160500000001
1783015560,2026-07-02T11:06:00-07:00,32.06160500000001
1783015620,2026-07-02T11:07:00-07:00,32.06160500000001
1783015680,2026-07-02T11:08:00-07:00,32.06160500000001
1783015800,2026-07-02T11:10:00-07:00,36.7361315
1783015860,2026-07-02T11:11:00-07:00,36.7361315
1783015920,2026-07-02T11:12:00-07:00,36.7361315
1783015980,2026-07-02T11:13:00-07:00,36.7361315
1783016040,2026-07-02T11:14:00-07:00,36.7361315
1783016520,2026-07-02T11:22:00-07:00,36.01672383333333
1783016580,2026-07-02T11:23:00-07:00,36.01672383333333
1783016640,2026-07-02T11:24:00-07:00,36.01672383333333
1783016700,2026-07-02T11:25:00-07:00,36.01672383333333
1783016760,2026-07-02T11:26:00-07:00,36.01672383333333
1783016940,2026-07-02T11:29:00-07:00,36.2778795
1783017000,2026-07-02T11:30:00-07:00,36.2778795
1783017060,2026-07-02T11:31:00-07:00,36.2778795
1783017120,2026-07-02T11:32:00-07:00,36.2778795
1783017180,2026-07-02T11:33:00-07:00,36.2778795
1783017660,2026-07-02T11:41:00-07:00,31.434868833333336
1783017720,2026-07-02T11:42:00-07:00,31.434868833333336
1783017780,2026-07-02T11:43:00-07:00,31.434868833333336
1783017840,2026-07-02T11:44:00-07:00,31.434868833333336
1783017900,2026-07-02T11:45:00-07:00,31.434868833333336
1783018020,2026-07-02T11:47:00-07:00,33.5001225
1783018080,2026-07-02T11:48:00-07:00,33.5001225
1783018140,2026-07-02T11:49:00-07:00,33.5001225
1783018200,2026-07-02T11:50:00-07:00,33.5001225
1783018260,2026-07-02T11:51:00-07:00,33.5001225
1783018380,2026-07-02T11:53:00-07:00,77.89260533333332
1783018440,2026-07-02T11:54:00-07:00,77.89260533333332
1783018500,2026-07-02T11:55:00-07:00,77.89260533333332
1783018560,2026-07-02T11:56:00-07:00,77.89260533333332
1783018620,2026-07-02T11:57:00-07:00,77.89260533333332
1783018680,2026-07-02T11:58:00-07:00,71.788154
1783018740,2026-07-02T11:59:00-07:00,71.788154
1783018800,2026-07-02T12:00:00-07:00,71.788154
1783018860,2026-07-02T12:01:00-07:00,71.788154
1783018920,2026-07-02T12:02:00-07:00,71.788154
1783018980,2026-07-02T12:03:00-07:00,37.200602499999995
1783019040,2026-07-02T12:04:00-07:00,37.200602499999995
1783019100,2026-07-02T12:05:00-07:00,37.200602499999995
1783019160,2026-07-02T12:06:00-07:00,37.200602499999995
1783019220,2026-07-02T12:07:00-07:00,37.200602499999995
1783019280,2026-07-02T12:08:00-07:00,33.87613266666667
1783019340,2026-07-02T12:09:00-07:00,33.87613266666667
1783019400,2026-07-02T12:10:00-07:00,33.87613266666667
1783019460,2026-07-02T12:11:00-07:00,33.87613266666667
1783019520,2026-07-02T12:12:00-07:00,33.87613266666667
1783019640,2026-07-02T12:14:00-07:00,61.52853066666666
1783019700,2026-07-02T12:15:00-07:00,61.52853066666666
1783019760,2026-07-02T12:16:00-07:00,61.52853066666666
1783019820,2026-07-02T12:17:00-07:00,61.52853066666666
1783019880,2026-07-02T12:18:00-07:00,61.52853066666666
1783019940,2026-07-02T12:19:00-07:00,34.63326
1783020000,2026-07-02T12:20:00-07:00,34.63326
1783020060,2026-07-02T12:21:00-07:00,34.63326
1783020120,2026-07-02T12:22:00-07:00,34.63326
1783020180,2026-07-02T12:23:00-07:00,34.63326
1783020900,2026-07-02T12:35:00-07:00,31.798685833333337
1783020960,2026-07-02T12:36:00-07:00,31.798685833333337
1783021020,2026-07-02T12:37:00-07:00,31.798685833333337
1783021080,2026-07-02T12:38:00-07:00,31.798685833333337
1783021140,2026-07-02T12:39:00-07:00,31.798685833333337
1783021200,2026-07-02T12:40:00-07:00,38.176418999999996
1783021260,2026-07-02T12:41:00-07:00,38.176418999999996
1783021320,2026-07-02T12:42:00-07:00,38.176418999999996
1783021380,2026-07-02T12:43:00-07:00,38.176418999999996
1783021440,2026-07-02T12:44:00-07:00,38.176418999999996
1783021500,2026-07-02T12:45:00-07:00,30.369099833333337
1783021560,2026-07-02T12:46:00-07:00,30.369099833333337
1783021620,2026-07-02T12:47:00-07:00,30.369099833333337
1783021680,2026-07-02T12:48:00-07:00,30.369099833333337
1783021740,2026-07-02T12:49:00-07:00,30.369099833333337
1783021860,2026-07-02T12:51:00-07:00,131.97496216666667
1783021920,2026-07-02T12:52:00-07:00,131.97496216666667
1783021980,2026-07-02T12:53:00-07:00,131.97496216666667
1783022040,2026-07-02T12:54:00-07:00,131.97496216666667
1783022100,2026-07-02T12:55:00-07:00,131.97496216666667
1783022160,2026-07-02T12:56:00-07:00,35.5882565
1783022220,2026-07-02T12:57:00-07:00,35.5882565
1783022280,2026-07-02T12:58:00-07:00,35.5882565
1783022340,2026-07-02T12:59:00-07:00,35.5882565
1783022400,2026-07-02T13:00:00-07:00,35.5882565
1783022460,2026-07-02T13:01:00-07:00,31.642537500000003
1783022520,2026-07-02T13:02:00-07:00,31.642537500000003
1783022580,2026-07-02T13:03:00-07:00,31.642537500000003
1783022640,2026-07-02T13:04:00-07:00,31.642537500000003
1783022700,2026-07-02T13:05:00-07:00,31.642537500000003
1783022820,2026-07-02T13:07:00-07:00,51.18358033333333
1783022880,2026-07-02T13:08:00-07:00,51.18358033333333
1783022940,2026-07-02T13:09:00-07:00,51.18358033333333
1783023000,2026-07-02T13:10:00-07:00,51.18358033333333
1783023060,2026-07-02T13:11:00-07:00,51.18358033333333
1783023180,2026-07-02T13:13:00-07:00,41.42147516666666
1783023240,2026-07-02T13:14:00-07:00,41.42147516666666
1783023300,2026-07-02T13:15:00-07:00,41.42147516666666
1783023360,2026-07-02T13:16:00-07:00,41.42147516666666
1783023420,2026-07-02T13:17:00-07:00,41.42147516666666
1783023480,2026-07-02T13:18:00-07:00,40.957506
1783023540,2026-07-02T13:19:00-07:00,40.957506
1783023600,2026-07-02T13:20:00-07:00,40.957506
1783023660,2026-07-02T13:21:00-07:00,40.957506
1783023720,2026-07-02T13:22:00-07:00,40.957506
1783023900,2026-07-02T13:25:00-07:00,34.41710066666666
1783023960,2026-07-02T13:26:00-07:00,34.41710066666666
1783024020,2026-07-02T13:27:00-07:00,34.41710066666666
1783024080,2026-07-02T13:28:00-07:00,34.41710066666666
1783024140,2026-07-02T13:29:00-07:00,34.41710066666666
1783024200,2026-07-02T13:30:00-07:00,38.47784433333334
1783024260,2026-07-02T13:31:00-07:00,38.47784433333334
1783024320,2026-07-02T13:32:00-07:00,38.47784433333334
1783024380,2026-07-02T13:33:00-07:00,38.47784433333334
1783024440,2026-07-02T13:34:00-07:00,38.47784433333334
1783024500,2026-07-02T13:35:00-07:00,37.32961016666666
1783024560,2026-07-02T13:36:00-07:00,37.32961016666666
1783024620,2026-07-02T13:37:00-07:00,37.32961016666666
1783024680,2026-07-02T13:38:00-07:00,37.32961016666666
1783024740,2026-07-02T13:39:00-07:00,37.32961016666666
1783024800,2026-07-02T13:40:00-07:00,36.306355833333335
1783024860,2026-07-02T13:41:00-07:00,36.306355833333335
1783024920,2026-07-02T13:42:00-07:00,36.306355833333335
1783024980,2026-07-02T13:43:00-07:00,36.306355833333335
1783025040,2026-07-02T13:44:00-07:00,36.306355833333335
1783025160,2026-07-02T13:46:00-07:00,31.679307999999995
1783025220,2026-07-02T13:47:00-07:00,31.679307999999995
1783025280,2026-07-02T13:48:00-07:00,31.679307999999995
1783025340,2026-07-02T13:49:00-07:00,31.679307999999995
1783025400,2026-07-02T13:50:00-07:00,31.679307999999995
1783025460,2026-07-02T13:51:00-07:00,37.56962083333333
1783025520,2026-07-02T13:52:00-07:00,37.56962083333333
1783025580,2026-07-02T13:53:00-07:00,37.56962083333333
1783025640,2026-07-02T13:54:00-07:00,37.56962083333333
1783025700,2026-07-02T13:55:00-07:00,37.56962083333333
1783025760,2026-07-02T13:56:00-07:00,37.11794016666667
1783025820,2026-07-02T13:57:00-07:00,37.11794016666667
1783025880,2026-07-02T13:58:00-07:00,37.11794016666667
1783025940,2026-07-02T13:59:00-07:00,37.11794016666667
1783026000,2026-07-02T14:00:00-07:00,37.11794016666667
1783026060,2026-07-02T14:01:00-07:00,43.58796516666667
1783026120,2026-07-02T14:02:00-07:00,43.58796516666667
1783026180,2026-07-02T14:03:00-07:00,43.58796516666667
1783026240,2026-07-02T14:04:00-07:00,43.58796516666667
1783026300,2026-07-02T14:05:00-07:00,43.58796516666667
1783026420,2026-07-02T14:07:00-07:00,35.28726533333333
1783026480,2026-07-02T14:08:00-07:00,35.28726533333333
1783026540,2026-07-02T14:09:00-07:00,35.28726533333333
1783026600,2026-07-02T14:10:00-07:00,35.28726533333333
1783026660,2026-07-02T14:11:00-07:00,35.28726533333333
1783026780,2026-07-02T14:13:00-07:00,29.856058666666666
1783026840,2026-07-02T14:14:00-07:00,29.856058666666666
1783026900,2026-07-02T14:15:00-07:00,29.856058666666666
1783026960,2026-07-02T14:16:00-07:00,29.856058666666666
1783027020,2026-07-02T14:17:00-07:00,29.856058666666666
1783027140,2026-07-02T14:19:00-07:00,70.33496099999999
1783027200,2026-07-02T14:20:00-07:00,70.33496099999999
1783027260,2026-07-02T14:21:00-07:00,70.33496099999999
1783027320,2026-07-02T14:22:00-07:00,70.33496099999999
1783027380,2026-07-02T14:23:00-07:00,70.33496099999999
1783027500,2026-07-02T14:25:00-07:00,33.479933
1783027560,2026-07-02T14:26:00-07:00,33.479933
1783027620,2026-07-02T14:27:00-07:00,33.479933
1783027680,2026-07-02T14:28:00-07:00,33.479933
1783027740,2026-07-02T14:29:00-07:00,33.479933
1783027800,2026-07-02T14:30:00-07:00,38.36742466666667
1783027860,2026-07-02T14:31:00-07:00,38.36742466666667
1783027920,2026-07-02T14:32:00-07:00,38.36742466666667
1783027980,2026-07-02T14:33:00-07:00,38.36742466666667
1783028040,2026-07-02T14:34:00-07:00,38.36742466666667
1783028160,2026-07-02T14:36:00-07:00,35.66703999999999
1783028220,2026-07-02T14:37:00-07:00,35.66703999999999
1783028280,2026-07-02T14:38:00-07:00,35.66703999999999
1783028340,2026-07-02T14:39:00-07:00,35.66703999999999
1783028400,2026-07-02T14:40:00-07:00,35.66703999999999
1783028520,2026-07-02T14:42:00-07:00,39.865668166666666
1783028580,2026-07-02T14:43:00-07:00,39.865668166666666
1783028640,2026-07-02T14:44:00-07:00,39.865668166666666
1783028700,2026-07-02T14:45:00-07:00,39.865668166666666
1783028760,2026-07-02T14:46:00-07:00,39.865668166666666
1783028820,2026-07-02T14:47:00-07:00,32.654134
1783028880,2026-07-02T14:48:00-07:00,32.654134
1783028940,2026-07-02T14:49:00-07:00,32.654134
1783029000,2026-07-02T14:50:00-07:00,32.654134
1783029060,2026-07-02T14:51:00-07:00,32.654134
1783029120,2026-07-02T14:52:00-07:00,47.510504999999995
1783029180,2026-07-02T14:53:00-07:00,47.510504999999995
1783029240,2026-07-02T14:54:00-07:00,47.510504999999995
1783029300,2026-07-02T14:55:00-07:00,47.510504999999995
1783029360,2026-07-02T14:56:00-07:00,47.510504999999995
1783029420,2026-07-02T14:57:00-07:00,26.31946483333333
1783029480,2026-07-02T14:58:00-07:00,26.31946483333333
1783029540,2026-07-02T14:59:00-07:00,26.31946483333333
1783029600,2026-07-02T15:00:00-07:00,26.31946483333333
1783029660,2026-07-02T15:01:00-07:00,26.31946483333333
1783029720,2026-07-02T15:02:00-07:00,37.70045983333333
1783029780,2026-07-02T15:03:00-07:00,37.70045983333333
1783029840,2026-07-02T15:04:00-07:00,37.70045983333333
1783029900,2026-07-02T15:05:00-07:00,37.70045983333333
1783029960,2026-07-02T15:06:00-07:00,37.70045983333333
1783030080,2026-07-02T15:08:00-07:00,33.61207383333333
1783030140,2026-07-02T15:09:00-07:00,33.61207383333333
1783030200,2026-07-02T15:10:00-07:00,33.61207383333333
1783030260,2026-07-02T15:11:00-07:00,33.61207383333333
1783030320,2026-07-02T15:12:00-07:00,33.61207383333333
1783030380,2026-07-02T15:13:00-07:00,54.472317333333336
1783030440,2026-07-02T15:14:00-07:00,54.472317333333336
1783030500,2026-07-02T15:15:00-07:00,54.472317333333336
1783030560,2026-07-02T15:16:00-07:00,54.472317333333336
1783030620,2026-07-02T15:17:00-07:00,54.472317333333336
1783030680,2026-07-02T15:18:00-07:00,55.67946416666666
1783030740,2026-07-02T15:19:00-07:00,55.67946416666666
1783030800,2026-07-02T15:20:00-07:00,55.67946416666666
1783030860,2026-07-02T15:21:00-07:00,55.67946416666666
1783030920,2026-07-02T15:22:00-07:00,55.67946416666666
1783030980,2026-07-02T15:23:00-07:00,42.938151000000005
1783031040,2026-07-02T15:24:00-07:00,42.938151000000005
1783031100,2026-07-02T15:25:00-07:00,42.938151000000005
1783031160,2026-07-02T15:26:00-07:00,42.938151000000005
1783031220,2026-07-02T15:27:00-07:00,42.938151000000005
1783031280,2026-07-02T15:28:00-07:00,44.359287
1783031340,2026-07-02T15:29:00-07:00,44.359287
1783031400,2026-07-02T15:30:00-07:00,44.359287
1783031460,2026-07-02T15:31:00-07:00,44.359287
1783031520,2026-07-02T15:32:00-07:00,44.359287
1783031880,2026-07-02T15:38:00-07:00,41.24961316666667
1783031940,2026-07-02T15:39:00-07:00,41.24961316666667
1783032000,2026-07-02T15:40:00-07:00,41.24961316666667
1783032060,2026-07-02T15:41:00-07:00,41.24961316666667
1783032120,2026-07-02T15:42:00-07:00,41.24961316666667
1783032180,2026-07-02T15:43:00-07:00,44.6344805
1783032240,2026-07-02T15:44:00-07:00,44.6344805
1783032300,2026-07-02T15:45:00-07:00,44.6344805
1783032360,2026-07-02T15:46:00-07:00,44.6344805
1783032420,2026-07-02T15:47:00-07:00,44.6344805
1783032480,2026-07-02T15:48:00-07:00,31.16373033333333
1783032540,2026-07-02T15:49:00-07:00,31.16373033333333
1783032600,2026-07-02T15:50:00-07:00,31.16373033333333
1783032660,2026-07-02T15:51:00-07:00,31.16373033333333
1783032720,2026-07-02T15:52:00-07:00,31.16373033333333
1783032780,2026-07-02T15:53:00-07:00,36.97059466666666
1783032840,2026-07-02T15:54:00-07:00,36.97059466666666
1783032900,2026-07-02T15:55:00-07:00,36.97059466666666
1783032960,2026-07-02T15:56:00-07:00,36.97059466666666
1783033020,2026-07-02T15:57:00-07:00,36.97059466666666
1783033080,2026-07-02T15:58:00-07:00,51.48376483333334
1783033140,2026-07-02T15:59:00-07:00,51.48376483333334
1783033200,2026-07-02T16:00:00-07:00,51.48376483333334
1783033260,2026-07-02T16:01:00-07:00,51.48376483333334
1783033320,2026-07-02T16:02:00-07:00,51.48376483333334
1783033380,2026-07-02T16:03:00-07:00,39.736802833333336
1783033440,2026-07-02T16:04:00-07:00,39.736802833333336
1783033500,2026-07-02T16:05:00-07:00,39.736802833333336
1783033560,2026-07-02T16:06:00-07:00,39.736802833333336
1783033620,2026-07-02T16:07:00-07:00,39.736802833333336
1783033680,2026-07-02T16:08:00-07:00,129.6014065
1783033740,2026-07-02T16:09:00-07:00,129.6014065
1783033800,2026-07-02T16:10:00-07:00,129.6014065
1783033860,2026-07-02T16:11:00-07:00,129.6014065
1783033920,2026-07-02T16:12:00-07:00,129.6014065
1783034700,2026-07-02T16:25:00-07:00,45.50273983333333
1783034760,2026-07-02T16:26:00-07:00,45.50273983333333
1783034820,2026-07-02T16:27:00-07:00,45.50273983333333
1783034880,2026-07-02T16:28:00-07:00,45.50273983333333
1783034940,2026-07-02T16:29:00-07:00,45.50273983333333
1783035000,2026-07-02T16:30:00-07:00,92.97431133333333
1783035060,2026-07-02T16:31:00-07:00,92.97431133333333
1783035120,2026-07-02T16:32:00-07:00,92.97431133333333
1783035180,2026-07-02T16:33:00-07:00,92.97431133333333
1783035240,2026-07-02T16:34:00-07:00,92.97431133333333
1783035660,2026-07-02T16:41:00-07:00,41.49580216666667
1783035720,2026-07-02T16:42:00-07:00,41.49580216666667
1783035780,2026-07-02T16:43:00-07:00,41.49580216666667
1783035840,2026-07-02T16:44:00-07:00,41.49580216666667
1783035900,2026-07-02T16:45:00-07:00,41.49580216666667
1783036020,2026-07-02T16:47:00-07:00,34.62702783333334
1783036080,2026-07-02T16:48:00-07:00,34.62702783333334
1783036140,2026-07-02T16:49:00-07:00,34.62702783333334
1783036200,2026-07-02T16:50:00-07:00,34.62702783333334
1783036260,2026-07-02T16:51:00-07:00,34.62702783333334
1783036380,2026-07-02T16:53:00-07:00,66.77718116666667
1783036440,2026-07-02T16:54:00-07:00,66.77718116666667
1783036500,2026-07-02T16:55:00-07:00,66.77718116666667
1783036560,2026-07-02T16:56:00-07:00,66.77718116666667
1783036620,2026-07-02T16:57:00-07:00,66.77718116666667
1783036680,2026-07-02T16:58:00-07:00,68.89811216666666
1783036740,2026-07-02T16:59:00-07:00,68.89811216666666
1783036800,2026-07-02T17:00:00-07:00,68.89811216666666
1783036860,2026-07-02T17:01:00-07:00,68.89811216666666
1783036920,2026-07-02T17:02:00-07:00,68.89811216666666
1783036980,2026-07-02T17:03:00-07:00,48.16918283333333
1783037040,2026-07-02T17:04:00-07:00,48.16918283333333
1783037100,2026-07-02T17:05:00-07:00,48.16918283333333
1783037160,2026-07-02T17:06:00-07:00,48.16918283333333
1783037220,2026-07-02T17:07:00-07:00,48.16918283333333
1783037400,2026-07-02T17:10:00-07:00,36.805169
1783037460,2026-07-02T17:11:00-07:00,36.805169
1783037520,2026-07-02T17:12:00-07:00,36.805169
1783037580,2026-07-02T17:13:00-07:00,36.805169
1783037640,2026-07-02T17:14:00-07:00,36.805169
1783038720,2026-07-02T17:32:00-07:00,41.53589516666667
1783038780,2026-07-02T17:33:00-07:00,41.53589516666667
1783038840,2026-07-02T17:34:00-07:00,41.53589516666667
1783038900,2026-07-02T17:35:00-07:00,41.53589516666667
1783038960,2026-07-02T17:36:00-07:00,41.53589516666667
1783039380,2026-07-02T17:43:00-07:00,38.619140333333334
1783039440,2026-07-02T17:44:00-07:00,38.619140333333334
1783039500,2026-07-02T17:45:00-07:00,38.619140333333334
1783039560,2026-07-02T17:46:00-07:00,38.619140333333334
1783039620,2026-07-02T17:47:00-07:00,38.619140333333334
1783039800,2026-07-02T17:50:00-07:00,37.67245833333333
1783039860,2026-07-02T17:51:00-07:00,37.67245833333333
1783039920,2026-07-02T17:52:00-07:00,37.67245833333333
1783039980,2026-07-02T17:53:00-07:00,37.67245833333333
1783040040,2026-07-02T17:54:00-07:00,37.67245833333333
1783040460,2026-07-02T18:01:00-07:00,43.648573166666665
1783040520,2026-07-02T18:02:00-07:00,43.648573166666665
1783040580,2026-07-02T18:03:00-07:00,43.648573166666665
1783040640,2026-07-02T18:04:00-07:00,43.648573166666665
1783040700,2026-07-02T18:05:00-07:00,43.648573166666665
1783040820,2026-07-02T18:07:00-07:00,35.3462795
1783040880,2026-07-02T18:08:00-07:00,35.3462795
1783040940,2026-07-02T18:09:00-07:00,35.3462795
1783041000,2026-07-02T18:10:00-07:00,35.3462795
1783041060,2026-07-02T18:11:00-07:00,35.3462795
1783041480,2026-07-02T18:18:00-07:00,52.88117133333333
1783041540,2026-07-02T18:19:00-07:00,52.88117133333333
1783041600,2026-07-02T18:20:00-07:00,52.88117133333333
1783041660,2026-07-02T18:21:00-07:00,52.88117133333333
1783041720,2026-07-02T18:22:00-07:00,52.88117133333333
1783042140,2026-07-02T18:29:00-07:00,54.70614283333333
1783042200,2026-07-02T18:30:00-07:00,54.70614283333333
1783042260,2026-07-02T18:31:00-07:00,54.70614283333333
1783042320,2026-07-02T18:32:00-07:00,54.70614283333333
1783042380,2026-07-02T18:33:00-07:00,54.70614283333333
1783042800,2026-07-02T18:40:00-07:00,39.200623
1783042860,2026-07-02T18:41:00-07:00,39.200623
1783042920,2026-07-02T18:42:00-07:00,39.200623
1783042980,2026-07-02T18:43:00-07:00,39.200623
1783043040,2026-07-02T18:44:00-07:00,39.200623
1783043160,2026-07-02T18:46:00-07:00,34.410224
1783043220,2026-07-02T18:47:00-07:00,34.410224
1783043280,2026-07-02T18:48:00-07:00,34.410224
1783043340,2026-07-02T18:49:00-07:00,34.410224
1783043400,2026-07-02T18:50:00-07:00,34.410224
1783043520,2026-07-02T18:52:00-07:00,70.40942383333332
1783043580,2026-07-02T18:53:00-07:00,70.40942383333332
1783043640,2026-07-02T18:54:00-07:00,70.40942383333332
1783043700,2026-07-02T18:55:00-07:00,70.40942383333332
1783043760,2026-07-02T18:56:00-07:00,70.40942383333332
1783044180,2026-07-02T19:03:00-07:00,37.224107499999995
1783044240,2026-07-02T19:04:00-07:00,37.224107499999995
1783044300,2026-07-02T19:05:00-07:00,37.224107499999995
1783044360,2026-07-02T19:06:00-07:00,37.224107499999995
1783044420,2026-07-02T19:07:00-07:00,37.224107499999995
1783044600,2026-07-02T19:10:00-07:00,37.479845
1783044660,2026-07-02T19:11:00-07:00,37.479845
1783044720,2026-07-02T19:12:00-07:00,37.479845
1783044780,2026-07-02T19:13:00-07:00,37.479845
1783044840,2026-07-02T19:14:00-07:00,37.479845
1783045020,2026-07-02T19:17:00-07:00,38.58268233333334
1783045080,2026-07-02T19:18:00-07:00,38.58268233333334
1783045140,2026-07-02T19:19:00-07:00,38.58268233333334
1783045200,2026-07-02T19:20:00-07:00,38.58268233333334
1783045260,2026-07-02T19:21:00-07:00,38.58268233333334
1783045380,2026-07-02T19:23:00-07:00,40.58551716666667
1783045440,2026-07-02T19:24:00-07:00,40.58551716666667
1783045500,2026-07-02T19:25:00-07:00,40.58551716666667
1783045560,2026-07-02T19:26:00-07:00,40.58551716666667
1783045620,2026-07-02T19:27:00-07:00,40.58551716666667
1783045740,2026-07-02T19:29:00-07:00,38.542948333333335
1783045800,2026-07-02T19:30:00-07:00,38.542948333333335
1783045860,2026-07-02T19:31:00-07:00,38.542948333333335
1783045920,2026-07-02T19:32:00-07:00,38.542948333333335
1783045980,2026-07-02T19:33:00-07:00,38.542948333333335
1783046100,2026-07-02T19:35:00-07:00,67.07175683333334
1783046160,2026-07-02T19:36:00-07:00,67.07175683333334
1783046220,2026-07-02T19:37:00-07:00,67.07175683333334
1783046280,2026-07-02T19:38:00-07:00,67.07175683333334
1783046340,2026-07-02T19:39:00-07:00,67.07175683333334
1783046400,2026-07-02T19:40:00-07:00,62.08262766666666
1783046460,2026-07-02T19:41:00-07:00,62.08262766666666
1783046520,2026-07-02T19:42:00-07:00,62.08262766666666
1783046580,2026-07-02T19:43:00-07:00,62.08262766666666
1783046640,2026-07-02T19:44:00-07:00,62.08262766666666
1783046760,2026-07-02T19:46:00-07:00,93.18195949999999
1783046820,2026-07-02T19:47:00-07:00,93.18195949999999
1783046880,2026-07-02T19:48:00-07:00,93.18195949999999
1783046940,2026-07-02T19:49:00-07:00,93.18195949999999
1783047000,2026-07-02T19:50:00-07:00,93.18195949999999
1783047120,2026-07-02T19:52:00-07:00,36.33673783333332
1783047180,2026-07-02T19:53:00-07:00,36.33673783333332
1783047240,2026-07-02T19:54:00-07:00,36.33673783333332
1783047300,2026-07-02T19:55:00-07:00,36.33673783333332
1783047360,2026-07-02T19:56:00-07:00,36.33673783333332
1783047900,2026-07-02T20:05:00-07:00,46.59061016666667
1783047960,2026-07-02T20:06:00-07:00,46.59061016666667
1783048020,2026-07-02T20:07:00-07:00,46.59061016666667
1783048080,2026-07-02T20:08:00-07:00,46.59061016666667
1783048140,2026-07-02T20:09:00-07:00,46.59061016666667
1783048260,2026-07-02T20:11:00-07:00,39.7013615
1783048320,2026-07-02T20:12:00-07:00,39.7013615
1783048380,2026-07-02T20:13:00-07:00,39.7013615
1783048440,2026-07-02T20:14:00-07:00,39.7013615
1783048500,2026-07-02T20:15:00-07:00,39.7013615
1783048560,2026-07-02T20:16:00-07:00,44.535699
1783048620,2026-07-02T20:17:00-07:00,44.535699
1783048680,2026-07-02T20:18:00-07:00,44.535699
1783048740,2026-07-02T20:19:00-07:00,44.535699
1783048800,2026-07-02T20:20:00-07:00,44.535699
1783048920,2026-07-02T20:22:00-07:00,271.69754279999995
1783048980,2026-07-02T20:23:00-07:00,271.69754279999995
1783049040,2026-07-02T20:24:00-07:00,271.69754279999995
1783049100,2026-07-02T20:25:00-07:00,271.69754279999995
1783049160,2026-07-02T20:26:00-07:00,271.69754279999995
1783050060,2026-07-02T20:41:00-07:00,156.26024049999998
1783050120,2026-07-02T20:42:00-07:00,156.26024049999998
1783050180,2026-07-02T20:43:00-07:00,156.26024049999998
1783050240,2026-07-02T20:44:00-07:00,156.26024049999998
1783050300,2026-07-02T20:45:00-07:00,156.26024049999998
1783050360,2026-07-02T20:46:00-07:00,37.70771633333333
1783050420,2026-07-02T20:47:00-07:00,37.70771633333333
1783050480,2026-07-02T20:48:00-07:00,37.70771633333333
1783050540,2026-07-02T20:49:00-07:00,37.70771633333333
1783050600,2026-07-02T20:50:00-07:00,37.70771633333333
1783050720,2026-07-02T20:52:00-07:00,38.8852335
1783050780,2026-07-02T20:53:00-07:00,38.8852335
1783050840,2026-07-02T20:54:00-07:00,38.8852335
1783050900,2026-07-02T20:55:00-07:00,38.8852335
1783050960,2026-07-02T20:56:00-07:00,38.8852335
1783051020,2026-07-02T20:57:00-07:00,40.64317483333334
1783051080,2026-07-02T20:58:00-07:00,40.64317483333334
1783051140,2026-07-02T20:59:00-07:00,40.64317483333334
1783051200,2026-07-02T21:00:00-07:00,40.64317483333334
1783051260,2026-07-02T21:01:00-07:00,40.64317483333334
1783051440,2026-07-02T21:04:00-07:00,36.566976000000004
1783051500,2026-07-02T21:05:00-07:00,36.566976000000004
1783051560,2026-07-02T21:06:00-07:00,36.566976000000004
1783051620,2026-07-02T21:07:00-07:00,36.566976000000004
1783051680,2026-07-02T21:08:00-07:00,36.566976000000004
1783051860,2026-07-02T21:11:00-07:00,35.08266883333334
1783051920,2026-07-02T21:12:00-07:00,35.08266883333334
1783051980,2026-07-02T21:13:00-07:00,35.08266883333334
1783052040,2026-07-02T21:14:00-07:00,35.08266883333334
1783052100,2026-07-02T21:15:00-07:00,35.08266883333334
1783052520,2026-07-02T21:22:00-07:00,37.528361
1783052580,2026-07-02T21:23:00-07:00,37.528361
1783052640,2026-07-02T21:24:00-07:00,37.528361
1783052700,2026-07-02T21:25:00-07:00,37.528361
1783052760,2026-07-02T21:26:00-07:00,37.528361
1783052820,2026-07-02T21:27:00-07:00,35.302083333333336
1783052880,2026-07-02T21:28:00-07:00,35.302083333333336
1783052940,2026-07-02T21:29:00-07:00,35.302083333333336
1783053000,2026-07-02T21:30:00-07:00,35.302083333333336
1783053060,2026-07-02T21:31:00-07:00,35.302083333333336
1783053780,2026-07-02T21:43:00-07:00,53.373114333333326
1783053840,2026-07-02T21:44:00-07:00,53.373114333333326
1783053900,2026-07-02T21:45:00-07:00,53.373114333333326
1783053960,2026-07-02T21:46:00-07:00,53.373114333333326
1783054020,2026-07-02T21:47:00-07:00,53.373114333333326
1783054080,2026-07-02T21:48:00-07:00,66.62841766666666
1783054140,2026-07-02T21:49:00-07:00,66.62841766666666
1783054200,2026-07-02T21:50:00-07:00,66.62841766666666
1783054260,2026-07-02T21:51:00-07:00,66.62841766666666
1783054320,2026-07-02T21:52:00-07:00,66.62841766666666
1783054380,2026-07-02T21:53:00-07:00,29.440735166666666
1783054440,2026-07-02T21:54:00-07:00,29.440735166666666
1783054500,2026-07-02T21:55:00-07:00,29.440735166666666
1783054560,2026-07-02T21:56:00-07:00,29.440735166666666
1783054620,2026-07-02T21:57:00-07:00,29.440735166666666
1783054680,2026-07-02T21:58:00-07:00,1104.52365175
1783054740,2026-07-02T21:59:00-07:00,1104.52365175
1783054800,2026-07-02T22:00:00-07:00,1104.52365175
1783054860,2026-07-02T22:01:00-07:00,1104.52365175
1783054920,2026-07-02T22:02:00-07:00,1104.52365175
1783055040,2026-07-02T22:04:00-07:00,39.62259233333333
1783055100,2026-07-02T22:05:00-07:00,39.62259233333333
1783055160,2026-07-02T22:06:00-07:00,39.62259233333333
1783055220,2026-07-02T22:07:00-07:00,39.62259233333333
1783055280,2026-07-02T22:08:00-07:00,39.62259233333333
1783055340,2026-07-02T22:09:00-07:00,41.730902500000006
1783055400,2026-07-02T22:10:00-07:00,41.730902500000006
1783055460,2026-07-02T22:11:00-07:00,41.730902500000006
1783055520,2026-07-02T22:12:00-07:00,41.730902500000006
1783055580,2026-07-02T22:13:00-07:00,41.730902500000006
1783055640,2026-07-02T22:14:00-07:00,33.79886216666667
1783055700,2026-07-02T22:15:00-07:00,33.79886216666667
1783055760,2026-07-02T22:16:00-07:00,33.79886216666667
1783055820,2026-07-02T22:17:00-07:00,33.79886216666667
1783055880,2026-07-02T22:18:00-07:00,33.79886216666667
1783055940,2026-07-02T22:19:00-07:00,39.07244850000001
1783056000,2026-07-02T22:20:00-07:00,39.07244850000001
1783056060,2026-07-02T22:21:00-07:00,39.07244850000001
1783056120,2026-07-02T22:22:00-07:00,39.07244850000001
1783056180,2026-07-02T22:23:00-07:00,39.07244850000001
1783056240,2026-07-02T22:24:00-07:00,60.500460833333335
1783056300,2026-07-02T22:25:00-07:00,60.500460833333335
1783056360,2026-07-02T22:26:00-07:00,60.500460833333335
1783056420,2026-07-02T22:27:00-07:00,60.500460833333335
1783056480,2026-07-02T22:28:00-07:00,60.500460833333335
1783056840,2026-07-02T22:34:00-07:00,36.93375666666667
1783056900,2026-07-02T22:35:00-07:00,36.93375666666667
1783056960,2026-07-02T22:36:00-07:00,36.93375666666667
1783057020,2026-07-02T22:37:00-07:00,36.93375666666667
1783057080,2026-07-02T22:38:00-07:00,36.93375666666667
1783057140,2026-07-02T22:39:00-07:00,45.06590433333333
1783057200,2026-07-02T22:40:00-07:00,45.06590433333333
1783057260,2026-07-02T22:41:00-07:00,45.06590433333333
1783057320,2026-07-02T22:42:00-07:00,45.06590433333333
1783057380,2026-07-02T22:43:00-07:00,45.06590433333333
1783057440,2026-07-02T22:44:00-07:00,43.080132166666665
1783057500,2026-07-02T22:45:00-07:00,43.080132166666665
1783057560,2026-07-02T22:46:00-07:00,43.080132166666665
1783057620,2026-07-02T22:47:00-07:00,43.080132166666665
1783057680,2026-07-02T22:48:00-07:00,43.080132166666665
1783058040,2026-07-02T22:54:00-07:00,42.11722833333334
1783058100,2026-07-02T22:55:00-07:00,42.11722833333334
1783058160,2026-07-02T22:56:00-07:00,42.11722833333334
1783058220,2026-07-02T22:57:00-07:00,42.11722833333334
1783058280,2026-07-02T22:58:00-07:00,42.11722833333334
1783058640,2026-07-02T23:04:00-07:00,717.8764855
1783058700,2026-07-02T23:05:00-07:00,717.8764855
1783058760,2026-07-02T23:06:00-07:00,717.8764855
1783058820,2026-07-02T23:07:00-07:00,717.8764855
1783058880,2026-07-02T23:08:00-07:00,717.8764855
1783059060,2026-07-02T23:11:00-07:00,293.13408766666674
1783059120,2026-07-02T23:12:00-07:00,293.13408766666674
1783059180,2026-07-02T23:13:00-07:00,293.13408766666674
1783059240,2026-07-02T23:14:00-07:00,293.13408766666674
1783059300,2026-07-02T23:15:00-07:00,293.13408766666674
1783059360,2026-07-02T23:16:00-07:00,497.28624816666667
1783059420,2026-07-02T23:17:00-07:00,497.28624816666667
1783059480,2026-07-02T23:18:00-07:00,497.28624816666667
1783059540,2026-07-02T23:19:00-07:00,497.28624816666667
1783059600,2026-07-02T23:20:00-07:00,497.28624816666667
1783059660,2026-07-02T23:21:00-07:00,422.65528
1783059720,2026-07-02T23:22:00-07:00,422.65528
1783059780,2026-07-02T23:23:00-07:00,422.65528
1783059840,2026-07-02T23:24:00-07:00,422.65528
1783059900,2026-07-02T23:25:00-07:00,422.65528
1783060020,2026-07-02T23:27:00-07:00,546.5748161666667
1783060080,2026-07-02T23:28:00-07:00,546.5748161666667
1783060140,2026-07-02T23:29:00-07:00,546.5748161666667
1783060200,2026-07-02T23:30:00-07:00,546.5748161666667
1783060260,2026-07-02T23:31:00-07:00,546.5748161666667
1783060320,2026-07-02T23:32:00-07:00,394.93828016666663
1783060380,2026-07-02T23:33:00-07:00,394.93828016666663
1783060440,2026-07-02T23:34:00-07:00,394.93828016666663
1783060500,2026-07-02T23:35:00-07:00,394.93828016666663
1783060560,2026-07-02T23:36:00-07:00,394.93828016666663
1783060620,2026-07-02T23:37:00-07:00,411.41397466666666
1783060680,2026-07-02T23:38:00-07:00,411.41397466666666
1783060740,2026-07-02T23:39:00-07:00,411.41397466666666
1783060800,2026-07-02T23:40:00-07:00,411.41397466666666
1783060860,2026-07-02T23:41:00-07:00,411.41397466666666
1783060920,2026-07-02T23:42:00-07:00,86.62439
1783060980,2026-07-02T23:43:00-07:00,86.62439
1783061040,2026-07-02T23:44:00-07:00,86.62439
1783061100,2026-07-02T23:45:00-07:00,86.62439
1783061160,2026-07-02T23:46:00-07:00,86.62439
1783061220,2026-07-02T23:47:00-07:00,83.34492300000001
1783061280,2026-07-02T23:48:00-07:00,83.34492300000001
1783061340,2026-07-02T23:49:00-07:00,83.34492300000001
1783061400,2026-07-02T23:50:00-07:00,83.34492300000001
1783061460,2026-07-02T23:51:00-07:00,83.34492300000001
1783061640,2026-07-02T23:54:00-07:00,416.70428483333336
1783061700,2026-07-02T23:55:00-07:00,416.70428483333336
1783061760,2026-07-02T23:56:00-07:00,416.70428483333336
1783061820,2026-07-02T23:57:00-07:00,416.70428483333336
1783061880,2026-07-02T23:58:00-07:00,416.70428483333336
1783061940,2026-07-02T23:59:00-07:00,56.18610333333334
1783062000,2026-07-03T00:00:00-07:00,56.18610333333334
1783062060,2026-07-03T00:01:00-07:00,56.18610333333334
1783062120,2026-07-03T00:02:00-07:00,56.18610333333334
1783062180,2026-07-03T00:03:00-07:00,56.18610333333334
1783062240,2026-07-03T00:04:00-07:00,226.19628250000002
1783062300,2026-07-03T00:05:00-07:00,226.19628250000002
1783062360,2026-07-03T00:06:00-07:00,226.19628250000002
1783062420,2026-07-03T00:07:00-07:00,226.19628250000002
1783062480,2026-07-03T00:08:00-07:00,226.19628250000002
1783062540,2026-07-03T00:09:00-07:00,222.68202033333333
1783062600,2026-07-03T00:10:00-07:00,222.68202033333333
1783062660,2026-07-03T00:11:00-07:00,222.68202033333333
1783062720,2026-07-03T00:12:00-07:00,222.68202033333333
1783062780,2026-07-03T00:13:00-07:00,222.68202033333333
1783062840,2026-07-03T00:14:00-07:00,62.030809
1783062900,2026-07-03T00:15:00-07:00,62.030809
1783062960,2026-07-03T00:16:00-07:00,62.030809
1783063020,2026-07-03T00:17:00-07:00,62.030809
1783063080,2026-07-03T00:18:00-07:00,62.030809
1783063140,2026-07-03T00:19:00-07:00,334.55334500000004
1783063200,2026-07-03T00:20:00-07:00,334.55334500000004
1783063260,2026-07-03T00:21:00-07:00,334.55334500000004
1783063320,2026-07-03T00:22:00-07:00,334.55334500000004
1783063380,2026-07-03T00:23:00-07:00,334.55334500000004
1783063500,2026-07-03T00:25:00-07:00,237.420485
1783063560,2026-07-03T00:26:00-07:00,237.420485
1783063620,2026-07-03T00:27:00-07:00,237.420485
1783063680,2026-07-03T00:28:00-07:00,237.420485
1783063740,2026-07-03T00:29:00-07:00,237.420485
1783063800,2026-07-03T00:30:00-07:00,183.67426799999998
1783063860,2026-07-03T00:31:00-07:00,183.67426799999998
1783063920,2026-07-03T00:32:00-07:00,183.67426799999998
1783063980,2026-07-03T00:33:00-07:00,183.67426799999998
1783064040,2026-07-03T00:34:00-07:00,183.67426799999998
1783064100,2026-07-03T00:35:00-07:00,155.16267916666666
1783064160,2026-07-03T00:36:00-07:00,155.16267916666666
1783064220,2026-07-03T00:37:00-07:00,155.16267916666666
1783064280,2026-07-03T00:38:00-07:00,155.16267916666666
1783064340,2026-07-03T00:39:00-07:00,155.16267916666666
1783064400,2026-07-03T00:40:00-07:00,101.47559283333334
1783064460,2026-07-03T00:41:00-07:00,101.47559283333334
1783064520,2026-07-03T00:42:00-07:00,101.47559283333334
1783064580,2026-07-03T00:43:00-07:00,101.47559283333334
1783064640,2026-07-03T00:44:00-07:00,101.47559283333334
1783064760,2026-07-03T00:46:00-07:00,45.38580316666667
1783064820,2026-07-03T00:47:00-07:00,45.38580316666667
1783064880,2026-07-03T00:48:00-07:00,45.38580316666667
1783064940,2026-07-03T00:49:00-07:00,45.38580316666667
1783065000,2026-07-03T00:50:00-07:00,45.38580316666667
1783065060,2026-07-03T00:51:00-07:00,35.524868500000004
1783065120,2026-07-03T00:52:00-07:00,35.524868500000004
1783065180,2026-07-03T00:53:00-07:00,35.524868500000004
1783065240,2026-07-03T00:54:00-07:00,35.524868500000004
1783065300,2026-07-03T00:55:00-07:00,35.524868500000004
1783065360,2026-07-03T00:56:00-07:00,71.54589866666667
1783065420,2026-07-03T00:57:00-07:00,71.54589866666667
1783065480,2026-07-03T00:58:00-07:00,71.54589866666667
1783065540,2026-07-03T00:59:00-07:00,71.54589866666667
1783065600,2026-07-03T01:00:00-07:00,71.54589866666667
1783065660,2026-07-03T01:01:00-07:00,74.2326455
1783065720,2026-07-03T01:02:00-07:00,74.2326455
1783065780,2026-07-03T01:03:00-07:00,74.2326455
1783065840,2026-07-03T01:04:00-07:00,74.2326455
1783065900,2026-07-03T01:05:00-07:00,74.2326455
1783065960,2026-07-03T01:06:00-07:00,48.19836416666667
1783066020,2026-07-03T01:07:00-07:00,48.19836416666667
1783066080,2026-07-03T01:08:00-07:00,48.19836416666667
1783066140,2026-07-03T01:09:00-07:00,48.19836416666667
1783066200,2026-07-03T01:10:00-07:00,48.19836416666667
1783066260,2026-07-03T01:11:00-07:00,60.0698715
1783066320,2026-07-03T01:12:00-07:00,60.0698715
1783066380,2026-07-03T01:13:00-07:00,60.0698715
1783066440,2026-07-03T01:14:00-07:00,60.0698715
1783066500,2026-07-03T01:15:00-07:00,60.0698715
1783066620,2026-07-03T01:17:00-07:00,62.7262845
1783066680,2026-07-03T01:18:00-07:00,62.7262845
1783066740,2026-07-03T01:19:00-07:00,62.7262845
1783066800,2026-07-03T01:20:00-07:00,62.7262845
1783066860,2026-07-03T01:21:00-07:00,62.7262845
1783066980,2026-07-03T01:23:00-07:00,36.78413883333334
1783067040,2026-07-03T01:24:00-07:00,36.78413883333334
1783067100,2026-07-03T01:25:00-07:00,36.78413883333334
1783067160,2026-07-03T01:26:00-07:00,36.78413883333334
1783067220,2026-07-03T01:27:00-07:00,36.78413883333334
1783067340,2026-07-03T01:29:00-07:00,36.10338683333333
1783067400,2026-07-03T01:30:00-07:00,36.10338683333333
1783067460,2026-07-03T01:31:00-07:00,36.10338683333333
1783067520,2026-07-03T01:32:00-07:00,36.10338683333333
1783067580,2026-07-03T01:33:00-07:00,36.10338683333333
1783067640,2026-07-03T01:34:00-07:00,38.0177545
1783067700,2026-07-03T01:35:00-07:00,38.0177545
1783067760,2026-07-03T01:36:00-07:00,38.0177545
1783067820,2026-07-03T01:37:00-07:00,38.0177545
1783067880,2026-07-03T01:38:00-07:00,38.0177545
1783068000,2026-07-03T01:40:00-07:00,65.79772966666665
1783068060,2026-07-03T01:41:00-07:00,65.79772966666665
1783068120,2026-07-03T01:42:00-07:00,65.79772966666665
1783068180,2026-07-03T01:43:00-07:00,65.79772966666665
1783068240,2026-07-03T01:44:00-07:00,65.79772966666665
1783068420,2026-07-03T01:47:00-07:00,46.6603935
1783068480,2026-07-03T01:48:00-07:00,46.6603935
1783068540,2026-07-03T01:49:00-07:00,46.6603935
1783068600,2026-07-03T01:50:00-07:00,46.6603935
1783068660,2026-07-03T01:51:00-07:00,46.6603935
1783068720,2026-07-03T01:52:00-07:00,42.15015333333333
1783068780,2026-07-03T01:53:00-07:00,42.15015333333333
1783068840,2026-07-03T01:54:00-07:00,42.15015333333333
1783068900,2026-07-03T01:55:00-07:00,42.15015333333333
1783068960,2026-07-03T01:56:00-07:00,42.15015333333333
1783069080,2026-07-03T01:58:00-07:00,37.6483765
1783069140,2026-07-03T01:59:00-07:00,37.6483765
1783069200,2026-07-03T02:00:00-07:00,37.6483765
1783069260,2026-07-03T02:01:00-07:00,37.6483765
1783069320,2026-07-03T02:02:00-07:00,37.6483765
1783069380,2026-07-03T02:03:00-07:00,73.06844083333333
1783069440,2026-07-03T02:04:00-07:00,73.06844083333333
1783069500,2026-07-03T02:05:00-07:00,73.06844083333333
1783069560,2026-07-03T02:06:00-07:00,73.06844083333333
1783069620,2026-07-03T02:07:00-07:00,73.06844083333333
1783069740,2026-07-03T02:09:00-07:00,65.18722216666667
1783069800,2026-07-03T02:10:00-07:00,65.18722216666667
1783069860,2026-07-03T02:11:00-07:00,65.18722216666667
1783069920,2026-07-03T02:12:00-07:00,65.18722216666667
1783069980,2026-07-03T02:13:00-07:00,65.18722216666667
1783070100,2026-07-03T02:15:00-07:00,35.378201000000004
1783070160,2026-07-03T02:16:00-07:00,35.378201000000004
1783070220,2026-07-03T02:17:00-07:00,35.378201000000004
1783070280,2026-07-03T02:18:00-07:00,35.378201000000004
1783070340,2026-07-03T02:19:00-07:00,35.378201000000004
1783070460,2026-07-03T02:21:00-07:00,35.18387216666667
1783070520,2026-07-03T02:22:00-07:00,35.18387216666667
1783070580,2026-07-03T02:23:00-07:00,35.18387216666667
1783070640,2026-07-03T02:24:00-07:00,35.18387216666667
1783070700,2026-07-03T02:25:00-07:00,35.18387216666667
1783070820,2026-07-03T02:27:00-07:00,48.806057166666676
1783070880,2026-07-03T02:28:00-07:00,48.806057166666676
1783070940,2026-07-03T02:29:00-07:00,48.806057166666676
1783071000,2026-07-03T02:30:00-07:00,48.806057166666676
1783071060,2026-07-03T02:31:00-07:00,48.806057166666676
1783071120,2026-07-03T02:32:00-07:00,41.430046833333336
1783071180,2026-07-03T02:33:00-07:00,41.430046833333336
1783071240,2026-07-03T02:34:00-07:00,41.430046833333336
1783071300,2026-07-03T02:35:00-07:00,41.430046833333336
1783071360,2026-07-03T02:36:00-07:00,41.430046833333336
1783071480,2026-07-03T02:38:00-07:00,37.82163499999999
1783071540,2026-07-03T02:39:00-07:00,37.82163499999999
1783071600,2026-07-03T02:40:00-07:00,37.82163499999999
1783071660,2026-07-03T02:41:00-07:00,37.82163499999999
1783071720,2026-07-03T02:42:00-07:00,37.82163499999999
1783071840,2026-07-03T02:44:00-07:00,34.90597183333334
1783071900,2026-07-03T02:45:00-07:00,34.90597183333334
1783071960,2026-07-03T02:46:00-07:00,34.90597183333334
1783072020,2026-07-03T02:47:00-07:00,34.90597183333334
1783072080,2026-07-03T02:48:00-07:00,34.90597183333334
1783072140,2026-07-03T02:49:00-07:00,55.8851115
1783072200,2026-07-03T02:50:00-07:00,55.8851115
1783072260,2026-07-03T02:51:00-07:00,55.8851115
1783072320,2026-07-03T02:52:00-07:00,55.8851115
1783072380,2026-07-03T02:53:00-07:00,55.8851115
1783072500,2026-07-03T02:55:00-07:00,35.32350683333333
1783072560,2026-07-03T02:56:00-07:00,35.32350683333333
1783072620,2026-07-03T02:57:00-07:00,35.32350683333333
1783072680,2026-07-03T02:58:00-07:00,35.32350683333333
1783072740,2026-07-03T02:59:00-07:00,35.32350683333333
1783072800,2026-07-03T03:00:00-07:00,37.35319
1783072860,2026-07-03T03:01:00-07:00,37.35319
1783072920,2026-07-03T03:02:00-07:00,37.35319
1783072980,2026-07-03T03:03:00-07:00,37.35319
1783073040,2026-07-03T03:04:00-07:00,37.35319
1783073100,2026-07-03T03:05:00-07:00,35.88628483333333
1783073160,2026-07-03T03:06:00-07:00,35.88628483333333
1783073220,2026-07-03T03:07:00-07:00,35.88628483333333
1783073280,2026-07-03T03:08:00-07:00,35.88628483333333
1783073340,2026-07-03T03:09:00-07:00,35.88628483333333
1783073400,2026-07-03T03:10:00-07:00,98.21759033333335
1783073460,2026-07-03T03:11:00-07:00,98.21759033333335
1783073520,2026-07-03T03:12:00-07:00,98.21759033333335
1783073580,2026-07-03T03:13:00-07:00,98.21759033333335
1783073640,2026-07-03T03:14:00-07:00,98.21759033333335
1783073760,2026-07-03T03:16:00-07:00,40.86591283333333
1783073820,2026-07-03T03:17:00-07:00,40.86591283333333
1783073880,2026-07-03T03:18:00-07:00,40.86591283333333
1783073940,2026-07-03T03:19:00-07:00,40.86591283333333
1783074000,2026-07-03T03:20:00-07:00,40.86591283333333
1783074120,2026-07-03T03:22:00-07:00,39.48258466666666
1783074180,2026-07-03T03:23:00-07:00,39.48258466666666
1783074240,2026-07-03T03:24:00-07:00,39.48258466666666
1783074300,2026-07-03T03:25:00-07:00,39.48258466666666
1783074360,2026-07-03T03:26:00-07:00,39.48258466666666
1783074420,2026-07-03T03:27:00-07:00,38.7992825
1783074480,2026-07-03T03:28:00-07:00,38.7992825
1783074540,2026-07-03T03:29:00-07:00,38.7992825
1783074600,2026-07-03T03:30:00-07:00,38.7992825
1783074660,2026-07-03T03:31:00-07:00,38.7992825
1783074720,2026-07-03T03:32:00-07:00,53.651299333333334
1783074780,2026-07-03T03:33:00-07:00,53.651299333333334
1783074840,2026-07-03T03:34:00-07:00,53.651299333333334
1783074900,2026-07-03T03:35:00-07:00,53.651299333333334
1783074960,2026-07-03T03:36:00-07:00,53.651299333333334
1783075080,2026-07-03T03:38:00-07:00,37.124579166666656
1783075140,2026-07-03T03:39:00-07:00,37.124579166666656
1783075200,2026-07-03T03:40:00-07:00,37.124579166666656
1783075260,2026-07-03T03:41:00-07:00,37.124579166666656
1783075320,2026-07-03T03:42:00-07:00,37.124579166666656
1783075440,2026-07-03T03:44:00-07:00,37.81759983333333
1783075500,2026-07-03T03:45:00-07:00,37.81759983333333
1783075560,2026-07-03T03:46:00-07:00,37.81759983333333
1783075620,2026-07-03T03:47:00-07:00,37.81759983333333
1783075680,2026-07-03T03:48:00-07:00,37.81759983333333
1783075740,2026-07-03T03:49:00-07:00,36.33138016666667
1783075800,2026-07-03T03:50:00-07:00,36.33138016666667
1783075860,2026-07-03T03:51:00-07:00,36.33138016666667
1783075920,2026-07-03T03:52:00-07:00,36.33138016666667
1783075980,2026-07-03T03:53:00-07:00,36.33138016666667
1783076040,2026-07-03T03:54:00-07:00,50.501919333333326
1783076100,2026-07-03T03:55:00-07:00,50.501919333333326
1783076160,2026-07-03T03:56:00-07:00,50.501919333333326
1783076220,2026-07-03T03:57:00-07:00,50.501919333333326
1783076280,2026-07-03T03:58:00-07:00,50.501919333333326
1783076400,2026-07-03T04:00:00-07:00,35.184251833333335
1783076460,2026-07-03T04:01:00-07:00,35.184251833333335
1783076520,2026-07-03T04:02:00-07:00,35.184251833333335
1783076580,2026-07-03T04:03:00-07:00,35.184251833333335
1783076640,2026-07-03T04:04:00-07:00,35.184251833333335
1783076700,2026-07-03T04:05:00-07:00,37.84394016666667
1783076760,2026-07-03T04:06:00-07:00,37.84394016666667
1783076820,2026-07-03T04:07:00-07:00,37.84394016666667
1783076880,2026-07-03T04:08:00-07:00,37.84394016666667
1783076940,2026-07-03T04:09:00-07:00,37.84394016666667
1783077000,2026-07-03T04:10:00-07:00,27.856255333333337
1783077060,2026-07-03T04:11:00-07:00,27.856255333333337
1783077120,2026-07-03T04:12:00-07:00,27.856255333333337
1783077180,2026-07-03T04:13:00-07:00,27.856255333333337
1783077240,2026-07-03T04:14:00-07:00,27.856255333333337
1783077300,2026-07-03T04:15:00-07:00,26.552564666666665
1783077360,2026-07-03T04:16:00-07:00,26.552564666666665
1783077420,2026-07-03T04:17:00-07:00,26.552564666666665
1783077480,2026-07-03T04:18:00-07:00,26.552564666666665
1783077540,2026-07-03T04:19:00-07:00,26.552564666666665
1783077600,2026-07-03T04:20:00-07:00,38.47478566666667
1783077660,2026-07-03T04:21:00-07:00,38.47478566666667
1783077720,2026-07-03T04:22:00-07:00,38.47478566666667
1783077780,2026-07-03T04:23:00-07:00,38.47478566666667
1783077840,2026-07-03T04:24:00-07:00,38.47478566666667
1783077900,2026-07-03T04:25:00-07:00,37.872491
1783077960,2026-07-03T04:26:00-07:00,37.872491
1783078020,2026-07-03T04:27:00-07:00,37.872491
1783078080,2026-07-03T04:28:00-07:00,37.872491
1783078140,2026-07-03T04:29:00-07:00,37.872491
1783078200,2026-07-03T04:30:00-07:00,39.41556116666667
1783078260,2026-07-03T04:31:00-07:00,39.41556116666667
1783078320,2026-07-03T04:32:00-07:00,39.41556116666667
1783078380,2026-07-03T04:33:00-07:00,39.41556116666667
1783078440,2026-07-03T04:34:00-07:00,39.41556116666667
1783078500,2026-07-03T04:35:00-07:00,34.840176
1783078560,2026-07-03T04:36:00-07:00,34.840176
1783078620,2026-07-03T04:37:00-07:00,34.840176
1783078680,2026-07-03T04:38:00-07:00,34.840176
1783078740,2026-07-03T04:39:00-07:00,34.840176
1783078800,2026-07-03T04:40:00-07:00,201.93060316666663
1783078860,2026-07-03T04:41:00-07:00,201.93060316666663
1783078920,2026-07-03T04:42:00-07:00,201.93060316666663
1783078980,2026-07-03T04:43:00-07:00,201.93060316666663
1783079040,2026-07-03T04:44:00-07:00,201.93060316666663
1783079160,2026-07-03T04:46:00-07:00,38.126709
1783079220,2026-07-03T04:47:00-07:00,38.126709
1783079280,2026-07-03T04:48:00-07:00,38.126709
1783079340,2026-07-03T04:49:00-07:00,38.126709
1783079400,2026-07-03T04:50:00-07:00,38.126709
1783079460,2026-07-03T04:51:00-07:00,35.28911
1783079520,2026-07-03T04:52:00-07:00,35.28911
1783079580,2026-07-03T04:53:00-07:00,35.28911
1783079640,2026-07-03T04:54:00-07:00,35.28911
1783079700,2026-07-03T04:55:00-07:00,35.28911
1783079820,2026-07-03T04:57:00-07:00,168.05269383333334
1783079880,2026-07-03T04:58:00-07:00,168.05269383333334
1783079940,2026-07-03T04:59:00-07:00,168.05269383333334
1783080000,2026-07-03T05:00:00-07:00,168.05269383333334
1783080060,2026-07-03T05:01:00-07:00,168.05269383333334
1783080120,2026-07-03T05:02:00-07:00,40.6035495
1783080180,2026-07-03T05:03:00-07:00,40.6035495
1783080240,2026-07-03T05:04:00-07:00,40.6035495
1783080300,2026-07-03T05:05:00-07:00,40.6035495
1783080360,2026-07-03T05:06:00-07:00,40.6035495
1783080420,2026-07-03T05:07:00-07:00,163.6533135
1783080480,2026-07-03T05:08:00-07:00,163.6533135
1783080540,2026-07-03T05:09:00-07:00,163.6533135
1783080600,2026-07-03T05:10:00-07:00,163.6533135
1783080660,2026-07-03T05:11:00-07:00,163.6533135
1783080720,2026-07-03T05:12:00-07:00,65.6803455
1783080780,2026-07-03T05:13:00-07:00,65.6803455
1783080840,2026-07-03T05:14:00-07:00,65.6803455
1783080900,2026-07-03T05:15:00-07:00,65.6803455
1783080960,2026-07-03T05:16:00-07:00,65.6803455
1783081020,2026-07-03T05:17:00-07:00,41.22784433333334
1783081080,2026-07-03T05:18:00-07:00,41.22784433333334
1783081140,2026-07-03T05:19:00-07:00,41.22784433333334
1783081200,2026-07-03T05:20:00-07:00,41.22784433333334
1783081260,2026-07-03T05:21:00-07:00,41.22784433333334
1783081320,2026-07-03T05:22:00-07:00,36.26755083333334
1783081380,2026-07-03T05:23:00-07:00,36.26755083333334
1783081440,2026-07-03T05:24:00-07:00,36.26755083333334
1783081500,2026-07-03T05:25:00-07:00,36.26755083333334
1783081560,2026-07-03T05:26:00-07:00,36.26755083333334
1783081680,2026-07-03T05:28:00-07:00,75.96728516666666
1783081740,2026-07-03T05:29:00-07:00,75.96728516666666
1783081800,2026-07-03T05:30:00-07:00,75.96728516666666
1783081860,2026-07-03T05:31:00-07:00,75.96728516666666
1783081920,2026-07-03T05:32:00-07:00,75.96728516666666
1783082040,2026-07-03T05:34:00-07:00,36.81687416666667
1783082100,2026-07-03T05:35:00-07:00,36.81687416666667
1783082160,2026-07-03T05:36:00-07:00,36.81687416666667
1783082220,2026-07-03T05:37:00-07:00,36.81687416666667
1783082280,2026-07-03T05:38:00-07:00,36.81687416666667
1783082400,2026-07-03T05:40:00-07:00,36.772901999999995
1783082460,2026-07-03T05:41:00-07:00,36.772901999999995
1783082520,2026-07-03T05:42:00-07:00,36.772901999999995
1783082580,2026-07-03T05:43:00-07:00,36.772901999999995
1783082640,2026-07-03T05:44:00-07:00,36.772901999999995
1783082700,2026-07-03T05:45:00-07:00,38.62962533333334
1783082760,2026-07-03T05:46:00-07:00,38.62962533333334
1783082820,2026-07-03T05:47:00-07:00,38.62962533333334
1783082880,2026-07-03T05:48:00-07:00,38.62962533333334
1783082940,2026-07-03T05:49:00-07:00,38.62962533333334
1783083060,2026-07-03T05:51:00-07:00,43.519165166666674
1783083120,2026-07-03T05:52:00-07:00,43.519165166666674
1783083180,2026-07-03T05:53:00-07:00,43.519165166666674
1783083240,2026-07-03T05:54:00-07:00,43.519165166666674
1783083300,2026-07-03T05:55:00-07:00,43.519165166666674
1783083360,2026-07-03T05:56:00-07:00,35.74949133333333
1783083420,2026-07-03T05:57:00-07:00,35.74949133333333
1783083480,2026-07-03T05:58:00-07:00,35.74949133333333
1783083540,2026-07-03T05:59:00-07:00,35.74949133333333
1783083600,2026-07-03T06:00:00-07:00,35.74949133333333
1783083720,2026-07-03T06:02:00-07:00,44.724331666666664
1783083780,2026-07-03T06:03:00-07:00,44.724331666666664
1783083840,2026-07-03T06:04:00-07:00,44.724331666666664
1783083900,2026-07-03T06:05:00-07:00,44.724331666666664
1783083960,2026-07-03T06:06:00-07:00,44.724331666666664
1783084020,2026-07-03T06:07:00-07:00,37.788492999999995
1783084080,2026-07-03T06:08:00-07:00,37.788492999999995
1783084140,2026-07-03T06:09:00-07:00,37.788492999999995
1783084200,2026-07-03T06:10:00-07:00,37.788492999999995
1783084260,2026-07-03T06:11:00-07:00,37.788492999999995
1783084380,2026-07-03T06:13:00-07:00,35.62694633333333
1783084440,2026-07-03T06:14:00-07:00,35.62694633333333
1783084500,2026-07-03T06:15:00-07:00,35.62694633333333
1783084560,2026-07-03T06:16:00-07:00,35.62694633333333
1783084620,2026-07-03T06:17:00-07:00,35.62694633333333
1783084680,2026-07-03T06:18:00-07:00,39.67190216666666
1783084740,2026-07-03T06:19:00-07:00,39.67190216666666
1783084800,2026-07-03T06:20:00-07:00,39.67190216666666
1783084860,2026-07-03T06:21:00-07:00,39.67190216666666
1783084920,2026-07-03T06:22:00-07:00,39.67190216666666
1783084980,2026-07-03T06:23:00-07:00,35.063089999999995
1783085040,2026-07-03T06:24:00-07:00,35.063089999999995
1783085100,2026-07-03T06:25:00-07:00,35.063089999999995
1783085160,2026-07-03T06:26:00-07:00,35.063089999999995
1783085220,2026-07-03T06:27:00-07:00,35.063089999999995
1783085280,2026-07-03T06:28:00-07:00,34.58281783333334
1783085340,2026-07-03T06:29:00-07:00,34.58281783333334
1783085400,2026-07-03T06:30:00-07:00,34.58281783333334
1783085460,2026-07-03T06:31:00-07:00,34.58281783333334
1783085520,2026-07-03T06:32:00-07:00,34.58281783333334
1783085580,2026-07-03T06:33:00-07:00,36.88535566666667
1783085640,2026-07-03T06:34:00-07:00,36.88535566666667
1783085700,2026-07-03T06:35:00-07:00,36.88535566666667
1783085760,2026-07-03T06:36:00-07:00,36.88535566666667
1783085820,2026-07-03T06:37:00-07:00,36.88535566666667
1783085940,2026-07-03T06:39:00-07:00,35.80459266666667
1783086000,2026-07-03T06:40:00-07:00,35.80459266666667
1783086060,2026-07-03T06:41:00-07:00,35.80459266666667
1783086120,2026-07-03T06:42:00-07:00,35.80459266666667
1783086180,2026-07-03T06:43:00-07:00,35.80459266666667
1783086300,2026-07-03T06:45:00-07:00,38.557074666666665
1783086360,2026-07-03T06:46:00-07:00,38.557074666666665
1783086420,2026-07-03T06:47:00-07:00,38.557074666666665
1783086480,2026-07-03T06:48:00-07:00,38.557074666666665
1783086540,2026-07-03T06:49:00-07:00,38.557074666666665
1783086600,2026-07-03T06:50:00-07:00,44.56082466666667
1783086660,2026-07-03T06:51:00-07:00,44.56082466666667
1783086720,2026-07-03T06:52:00-07:00,44.56082466666667
1783086780,2026-07-03T06:53:00-07:00,44.56082466666667
1783086840,2026-07-03T06:54:00-07:00,44.56082466666667
1783086900,2026-07-03T06:55:00-07:00,52.13943816666667
1783086960,2026-07-03T06:56:00-07:00,52.13943816666667
1783087020,2026-07-03T06:57:00-07:00,52.13943816666667
1783087080,2026-07-03T06:58:00-07:00,52.13943816666667
1783087140,2026-07-03T06:59:00-07:00,52.13943816666667
1783087200,2026-07-03T07:00:00-07:00,48.231499500000005
1783087260,2026-07-03T07:01:00-07:00,48.231499500000005
1783087320,2026-07-03T07:02:00-07:00,48.231499500000005
1783087380,2026-07-03T07:03:00-07:00,48.231499500000005
1783087440,2026-07-03T07:04:00-07:00,48.231499500000005
1783087560,2026-07-03T07:06:00-07:00,52.42822966666666
1783087620,2026-07-03T07:07:00-07:00,52.42822966666666
1783087680,2026-07-03T07:08:00-07:00,52.42822966666666
1783087740,2026-07-03T07:09:00-07:00,52.42822966666666
1783087800,2026-07-03T07:10:00-07:00,52.42822966666666
1783087860,2026-07-03T07:11:00-07:00,149.19372566666667
1783087920,2026-07-03T07:12:00-07:00,149.19372566666667
1783087980,2026-07-03T07:13:00-07:00,149.19372566666667
1783088040,2026-07-03T07:14:00-07:00,149.19372566666667
1783088100,2026-07-03T07:15:00-07:00,149.19372566666667
1783088160,2026-07-03T07:16:00-07:00,44.956217333333335
1783088220,2026-07-03T07:17:00-07:00,44.956217333333335
1783088280,2026-07-03T07:18:00-07:00,44.956217333333335
1783088340,2026-07-03T07:19:00-07:00,44.956217333333335
1783088400,2026-07-03T07:20:00-07:00,44.956217333333335
1783088460,2026-07-03T07:21:00-07:00,420.7932336666667
1783088520,2026-07-03T07:22:00-07:00,420.7932336666667
1783088580,2026-07-03T07:23:00-07:00,420.7932336666667
1783088640,2026-07-03T07:24:00-07:00,420.7932336666667
1783088700,2026-07-03T07:25:00-07:00,420.7932336666667
1783088820,2026-07-03T07:27:00-07:00,261.5008751666667
1783088880,2026-07-03T07:28:00-07:00,261.5008751666667
1783088940,2026-07-03T07:29:00-07:00,261.5008751666667
1783089000,2026-07-03T07:30:00-07:00,261.5008751666667
1783089060,2026-07-03T07:31:00-07:00,261.5008751666667
1783089120,2026-07-03T07:32:00-07:00,31.31887466666667
1783089180,2026-07-03T07:33:00-07:00,31.31887466666667
1783089240,2026-07-03T07:34:00-07:00,31.31887466666667
1783089300,2026-07-03T07:35:00-07:00,31.31887466666667
1783089360,2026-07-03T07:36:00-07:00,31.31887466666667
1783089420,2026-07-03T07:37:00-07:00,304.36447516666664
1783089480,2026-07-03T07:38:00-07:00,304.36447516666664
1783089540,2026-07-03T07:39:00-07:00,304.36447516666664
1783089600,2026-07-03T07:40:00-07:00,304.36447516666664
1783089660,2026-07-03T07:41:00-07:00,304.36447516666664
1783089720,2026-07-03T07:42:00-07:00,54.44316933333334
1783089780,2026-07-03T07:43:00-07:00,54.44316933333334
1783089840,2026-07-03T07:44:00-07:00,54.44316933333334
1783089900,2026-07-03T07:45:00-07:00,54.44316933333334
1783089960,2026-07-03T07:46:00-07:00,54.44316933333334
1783090020,2026-07-03T07:47:00-07:00,170.54147016666667
1783090080,2026-07-03T07:48:00-07:00,170.54147016666667
1783090140,2026-07-03T07:49:00-07:00,170.54147016666667
1783090200,2026-07-03T07:50:00-07:00,170.54147016666667
1783090260,2026-07-03T07:51:00-07:00,170.54147016666667
1783090320,2026-07-03T07:52:00-07:00,132.17818883333334
1783090380,2026-07-03T07:53:00-07:00,132.17818883333334
1783090440,2026-07-03T07:54:00-07:00,132.17818883333334
1783090500,2026-07-03T07:55:00-07:00,132.17818883333334
1783090560,2026-07-03T07:56:00-07:00,132.17818883333334
1783090680,2026-07-03T07:58:00-07:00,426.88797350000004
1783090740,2026-07-03T07:59:00-07:00,426.88797350000004
1783090800,2026-07-03T08:00:00-07:00,426.88797350000004
1783090860,2026-07-03T08:01:00-07:00,426.88797350000004
1783090920,2026-07-03T08:02:00-07:00,426.88797350000004
1783090980,2026-07-03T08:03:00-07:00,260.8448488333333
1783091040,2026-07-03T08:04:00-07:00,260.8448488333333
1783091100,2026-07-03T08:05:00-07:00,260.8448488333333
1783091160,2026-07-03T08:06:00-07:00,260.8448488333333
1783091220,2026-07-03T08:07:00-07:00,260.8448488333333
1783091700,2026-07-03T08:15:00-07:00,382.8982883333333
1783091760,2026-07-03T08:16:00-07:00,382.8982883333333
1783091820,2026-07-03T08:17:00-07:00,382.8982883333333
1783091880,2026-07-03T08:18:00-07:00,382.8982883333333
1783091940,2026-07-03T08:19:00-07:00,382.8982883333333
1783092120,2026-07-03T08:22:00-07:00,228.149082
1783092180,2026-07-03T08:23:00-07:00,228.149082
1783092240,2026-07-03T08:24:00-07:00,228.149082
1783092300,2026-07-03T08:25:00-07:00,228.149082
1783092360,2026-07-03T08:26:00-07:00,228.149082
1783092540,2026-07-03T08:29:00-07:00,413.80883783333337
1783092600,2026-07-03T08:30:00-07:00,413.80883783333337
1783092660,2026-07-03T08:31:00-07:00,413.80883783333337
1783092720,2026-07-03T08:32:00-07:00,413.80883783333337
1783092780,2026-07-03T08:33:00-07:00,413.80883783333337
1783092900,2026-07-03T08:35:00-07:00,575.7222360000001
1783092960,2026-07-03T08:36:00-07:00,575.7222360000001
1783093020,2026-07-03T08:37:00-07:00,575.7222360000001
1783093080,2026-07-03T08:38:00-07:00,575.7222360000001
1783093140,2026-07-03T08:39:00-07:00,575.7222360000001
1783093320,2026-07-03T08:42:00-07:00,514.6842246666666
1783093380,2026-07-03T08:43:00-07:00,514.6842246666666
1783093440,2026-07-03T08:44:00-07:00,514.6842246666666
1783093500,2026-07-03T08:45:00-07:00,514.6842246666666
1783093560,2026-07-03T08:46:00-07:00,514.6842246666666
1783093620,2026-07-03T08:47:00-07:00,442.3868546666667
1783093680,2026-07-03T08:48:00-07:00,442.3868546666667
1783093740,2026-07-03T08:49:00-07:00,442.3868546666667
1783093800,2026-07-03T08:50:00-07:00,442.3868546666667
1783093860,2026-07-03T08:51:00-07:00,442.3868546666667
1783093980,2026-07-03T08:53:00-07:00,521.9585303333333
1783094040,2026-07-03T08:54:00-07:00,521.9585303333333
1783094100,2026-07-03T08:55:00-07:00,521.9585303333333
1783094160,2026-07-03T08:56:00-07:00,521.9585303333333
1783094220,2026-07-03T08:57:00-07:00,521.9585303333333
1783094280,2026-07-03T08:58:00-07:00,434.10718449999996
1783094340,2026-07-03T08:59:00-07:00,434.10718449999996
1783094400,2026-07-03T09:00:00-07:00,434.10718449999996
1783094460,2026-07-03T09:01:00-07:00,434.10718449999996
1783094520,2026-07-03T09:02:00-07:00,434.10718449999996
1783094580,2026-07-03T09:03:00-07:00,529.2763743333334
1783094640,2026-07-03T09:04:00-07:00,529.2763743333334
1783094700,2026-07-03T09:05:00-07:00,529.2763743333334
1783094760,2026-07-03T09:06:00-07:00,529.2763743333334
1783094820,2026-07-03T09:07:00-07:00,529.2763743333334
1783094940,2026-07-03T09:09:00-07:00,512.2722646666666
1783095000,2026-07-03T09:10:00-07:00,512.2722646666666
1783095060,2026-07-03T09:11:00-07:00,512.2722646666666
1783095120,2026-07-03T09:12:00-07:00,512.2722646666666
1783095180,2026-07-03T09:13:00-07:00,512.2722646666666
1783095300,2026-07-03T09:15:00-07:00,696.0155306666667
1783095360,2026-07-03T09:16:00-07:00,696.0155306666667
1783095420,2026-07-03T09:17:00-07:00,696.0155306666667
1783095480,2026-07-03T09:18:00-07:00,696.0155306666667
1783095540,2026-07-03T09:19:00-07:00,696.0155306666667
1783095720,2026-07-03T09:22:00-07:00,433.70224333333334
1783095780,2026-07-03T09:23:00-07:00,433.70224333333334
1783095840,2026-07-03T09:24:00-07:00,433.70224333333334
1783095900,2026-07-03T09:25:00-07:00,433.70224333333334
1783095960,2026-07-03T09:26:00-07:00,433.70224333333334
1783096080,2026-07-03T09:28:00-07:00,633.0276086666667
1783096140,2026-07-03T09:29:00-07:00,633.0276086666667
1783096200,2026-07-03T09:30:00-07:00,633.0276086666667
1783096260,2026-07-03T09:31:00-07:00,633.0276086666667
1783096320,2026-07-03T09:32:00-07:00,633.0276086666667
1783096440,2026-07-03T09:34:00-07:00,393.665168
1783096500,2026-07-03T09:35:00-07:00,393.665168
1783096560,2026-07-03T09:36:00-07:00,393.665168
1783096620,2026-07-03T09:37:00-07:00,393.665168
1783096680,2026-07-03T09:38:00-07:00,393.665168
1783096740,2026-07-03T09:39:00-07:00,521.7584366666666
1783096800,2026-07-03T09:40:00-07:00,521.7584366666666
1783096860,2026-07-03T09:41:00-07:00,521.7584366666666
1783096920,2026-07-03T09:42:00-07:00,521.7584366666666
1783096980,2026-07-03T09:43:00-07:00,521.7584366666666
1783097100,2026-07-03T09:45:00-07:00,399.3426786666667
1783097160,2026-07-03T09:46:00-07:00,399.3426786666667
1783097220,2026-07-03T09:47:00-07:00,399.3426786666667
1783097280,2026-07-03T09:48:00-07:00,399.3426786666667
1783097340,2026-07-03T09:49:00-07:00,399.3426786666667
1783097400,2026-07-03T09:50:00-07:00,416.4846668333334
1783097460,2026-07-03T09:51:00-07:00,416.4846668333334
1783097520,2026-07-03T09:52:00-07:00,416.4846668333334
1783097580,2026-07-03T09:53:00-07:00,416.4846668333334
1783097640,2026-07-03T09:54:00-07:00,416.4846668333334
1783097700,2026-07-03T09:55:00-07:00,446.16965766666664
1783097760,2026-07-03T09:56:00-07:00,446.16965766666664
1783097820,2026-07-03T09:57:00-07:00,446.16965766666664
1783097880,2026-07-03T09:58:00-07:00,446.16965766666664
1783097940,2026-07-03T09:59:00-07:00,446.16965766666664
1783098000,2026-07-03T10:00:00-07:00,425.30082899999996
1783098060,2026-07-03T10:01:00-07:00,425.30082899999996
1783098120,2026-07-03T10:02:00-07:00,425.30082899999996
1783098180,2026-07-03T10:03:00-07:00,425.30082899999996
1783098240,2026-07-03T10:04:00-07:00,425.30082899999996
1783098300,2026-07-03T10:05:00-07:00,475.47709166666664
1783098360,2026-07-03T10:06:00-07:00,475.47709166666664
1783098420,2026-07-03T10:07:00-07:00,475.47709166666664
1783098480,2026-07-03T10:08:00-07:00,475.47709166666664
1783098540,2026-07-03T10:09:00-07:00,475.47709166666664
1783098600,2026-07-03T10:10:00-07:00,598.8741051666667
1783098660,2026-07-03T10:11:00-07:00,598.8741051666667
1783098720,2026-07-03T10:12:00-07:00,598.8741051666667
1783098780,2026-07-03T10:13:00-07:00,598.8741051666667
1783098840,2026-07-03T10:14:00-07:00,598.8741051666667
1783098900,2026-07-03T10:15:00-07:00,498.99157066666663
1783098960,2026-07-03T10:16:00-07:00,498.99157066666663
1783099020,2026-07-03T10:17:00-07:00,498.99157066666663
1783099080,2026-07-03T10:18:00-07:00,498.99157066666663
1783099140,2026-07-03T10:19:00-07:00,498.99157066666663
1783099260,2026-07-03T10:21:00-07:00,479.6944786666666
1783099320,2026-07-03T10:22:00-07:00,479.6944786666666
1783099380,2026-07-03T10:23:00-07:00,479.6944786666666
1783099440,2026-07-03T10:24:00-07:00,479.6944786666666
1783099500,2026-07-03T10:25:00-07:00,479.6944786666666
1783099560,2026-07-03T10:26:00-07:00,516.8781875000001
1783099620,2026-07-03T10:27:00-07:00,516.8781875000001
1783099680,2026-07-03T10:28:00-07:00,516.8781875000001
1783099740,2026-07-03T10:29:00-07:00,516.8781875000001
1783099800,2026-07-03T10:30:00-07:00,516.8781875000001
1783099980,2026-07-03T10:33:00-07:00,580.7057090000001
1783100040,2026-07-03T10:34:00-07:00,580.7057090000001
1783100100,2026-07-03T10:35:00-07:00,580.7057090000001
1783100160,2026-07-03T10:36:00-07:00,580.7057090000001
1783100220,2026-07-03T10:37:00-07:00,580.7057090000001
1783100280,2026-07-03T10:38:00-07:00,515.177863
1783100340,2026-07-03T10:39:00-07:00,515.177863
1783100400,2026-07-03T10:40:00-07:00,515.177863
1783100460,2026-07-03T10:41:00-07:00,515.177863
1783100520,2026-07-03T10:42:00-07:00,515.177863
1783100640,2026-07-03T10:44:00-07:00,524.8400135
1783100700,2026-07-03T10:45:00-07:00,524.8400135
1783100760,2026-07-03T10:46:00-07:00,524.8400135
1783100820,2026-07-03T10:47:00-07:00,524.8400135
1783100880,2026-07-03T10:48:00-07:00,524.8400135
1783101000,2026-07-03T10:50:00-07:00,740.0629481666666
1783101060,2026-07-03T10:51:00-07:00,740.0629481666666
1783101120,2026-07-03T10:52:00-07:00,740.0629481666666
1783101180,2026-07-03T10:53:00-07:00,740.0629481666666
1783101240,2026-07-03T10:54:00-07:00,740.0629481666666
1783101420,2026-07-03T10:57:00-07:00,617.5432333333333
1783101480,2026-07-03T10:58:00-07:00,617.5432333333333
1783101540,2026-07-03T10:59:00-07:00,617.5432333333333
1783101600,2026-07-03T11:00:00-07:00,617.5432333333333
1783101660,2026-07-03T11:01:00-07:00,617.5432333333333
1783101780,2026-07-03T11:03:00-07:00,527.4337568333334
1783101840,2026-07-03T11:04:00-07:00,527.4337568333334
1783101900,2026-07-03T11:05:00-07:00,527.4337568333334
1783101960,2026-07-03T11:06:00-07:00,527.4337568333334
1783102020,2026-07-03T11:07:00-07:00,527.4337568333334
1783102140,2026-07-03T11:09:00-07:00,580.6935158333333
1783102200,2026-07-03T11:10:00-07:00,580.6935158333333
1783102260,2026-07-03T11:11:00-07:00,580.6935158333333
1783102320,2026-07-03T11:12:00-07:00,580.6935158333333
1783102380,2026-07-03T11:13:00-07:00,580.6935158333333
1783102560,2026-07-03T11:16:00-07:00,621.7588706
1783102620,2026-07-03T11:17:00-07:00,621.7588706
1783102680,2026-07-03T11:18:00-07:00,621.7588706
1783102740,2026-07-03T11:19:00-07:00,621.7588706
1783102800,2026-07-03T11:20:00-07:00,621.7588706
1783102860,2026-07-03T11:21:00-07:00,813.3159995
1783102920,2026-07-03T11:22:00-07:00,813.3159995
1783102980,2026-07-03T11:23:00-07:00,813.3159995
1783103040,2026-07-03T11:24:00-07:00,813.3159995
1783103100,2026-07-03T11:25:00-07:00,813.3159995
1783103220,2026-07-03T11:27:00-07:00,556.8527225000001
1783103280,2026-07-03T11:28:00-07:00,556.8527225000001
1783103340,2026-07-03T11:29:00-07:00,556.8527225000001
1783103400,2026-07-03T11:30:00-07:00,556.8527225000001
1783103460,2026-07-03T11:31:00-07:00,556.8527225000001
1783103580,2026-07-03T11:33:00-07:00,686.5447188333333
1783103640,2026-07-03T11:34:00-07:00,686.5447188333333
1783103700,2026-07-03T11:35:00-07:00,686.5447188333333
1783103760,2026-07-03T11:36:00-07:00,686.5447188333333
1783103820,2026-07-03T11:37:00-07:00,686.5447188333333
1783103880,2026-07-03T11:38:00-07:00,628.2659914999999
1783103940,2026-07-03T11:39:00-07:00,628.2659914999999
1783104000,2026-07-03T11:40:00-07:00,628.2659914999999
1783104060,2026-07-03T11:41:00-07:00,628.2659914999999
1783104120,2026-07-03T11:42:00-07:00,628.2659914999999
1783104300,2026-07-03T11:45:00-07:00,731.4733483333333
1783104360,2026-07-03T11:46:00-07:00,731.4733483333333
1783104420,2026-07-03T11:47:00-07:00,731.4733483333333
1783104480,2026-07-03T11:48:00-07:00,731.4733483333333
1783104540,2026-07-03T11:49:00-07:00,731.4733483333333
1783104600,2026-07-03T11:50:00-07:00,520.0998538333333
1783104660,2026-07-03T11:51:00-07:00,520.0998538333333
1783104720,2026-07-03T11:52:00-07:00,520.0998538333333
1783104780,2026-07-03T11:53:00-07:00,520.0998538333333
1783104840,2026-07-03T11:54:00-07:00,520.0998538333333
1783104960,2026-07-03T11:56:00-07:00,490.4855616666666
1783105020,2026-07-03T11:57:00-07:00,490.4855616666666
1783105080,2026-07-03T11:58:00-07:00,490.4855616666666
1783105140,2026-07-03T11:59:00-07:00,490.4855616666666
1783105200,2026-07-03T12:00:00-07:00,490.4855616666666
1783105260,2026-07-03T12:01:00-07:00,619.034926
1783105320,2026-07-03T12:02:00-07:00,619.034926
1783105380,2026-07-03T12:03:00-07:00,619.034926
1783105440,2026-07-03T12:04:00-07:00,619.034926
1783105500,2026-07-03T12:05:00-07:00,619.034926
1783105680,2026-07-03T12:08:00-07:00,536.7740073333333
1783105740,2026-07-03T12:09:00-07:00,536.7740073333333
1783105800,2026-07-03T12:10:00-07:00,536.7740073333333
1783105860,2026-07-03T12:11:00-07:00,536.7740073333333
1783105920,2026-07-03T12:12:00-07:00,536.7740073333333
1783105980,2026-07-03T12:13:00-07:00,747.2335548333334
1783106040,2026-07-03T12:14:00-07:00,747.2335548333334
1783106100,2026-07-03T12:15:00-07:00,747.2335548333334
1783106160,2026-07-03T12:16:00-07:00,747.2335548333334
1783106220,2026-07-03T12:17:00-07:00,747.2335548333334
1783106340,2026-07-03T12:19:00-07:00,680.7446833333332
1783106400,2026-07-03T12:20:00-07:00,680.7446833333332
1783106460,2026-07-03T12:21:00-07:00,680.7446833333332
1783106520,2026-07-03T12:22:00-07:00,680.7446833333332
1783106580,2026-07-03T12:23:00-07:00,680.7446833333332
1783106760,2026-07-03T12:26:00-07:00,723.8121341666666
1783106820,2026-07-03T12:27:00-07:00,723.8121341666666
1783106880,2026-07-03T12:28:00-07:00,723.8121341666666
1783106940,2026-07-03T12:29:00-07:00,723.8121341666666
1783107000,2026-07-03T12:30:00-07:00,723.8121341666666
1783107120,2026-07-03T12:32:00-07:00,532.6966013333334
1783107180,2026-07-03T12:33:00-07:00,532.6966013333334
1783107240,2026-07-03T12:34:00-07:00,532.6966013333334
1783107300,2026-07-03T12:35:00-07:00,532.6966013333334
1783107360,2026-07-03T12:36:00-07:00,532.6966013333334
1783107420,2026-07-03T12:37:00-07:00,517.0238311666667
1783107480,2026-07-03T12:38:00-07:00,517.0238311666667
1783107540,2026-07-03T12:39:00-07:00,517.0238311666667
1783107600,2026-07-03T12:40:00-07:00,517.0238311666667
1783107660,2026-07-03T12:41:00-07:00,517.0238311666667
1783107780,2026-07-03T12:43:00-07:00,492.34946716666667
1783107840,2026-07-03T12:44:00-07:00,492.34946716666667
1783107900,2026-07-03T12:45:00-07:00,492.34946716666667
1783107960,2026-07-03T12:46:00-07:00,492.34946716666667
1783108020,2026-07-03T12:47:00-07:00,492.34946716666667
1783108080,2026-07-03T12:48:00-07:00,660.4141511666667
1783108140,2026-07-03T12:49:00-07:00,660.4141511666667
1783108200,2026-07-03T12:50:00-07:00,660.4141511666667
1783108260,2026-07-03T12:51:00-07:00,660.4141511666667
1783108320,2026-07-03T12:52:00-07:00,660.4141511666667
1783108500,2026-07-03T12:55:00-07:00,562.5787522
1783108560,2026-07-03T12:56:00-07:00,562.5787522
1783108620,2026-07-03T12:57:00-07:00,562.5787522
1783108680,2026-07-03T12:58:00-07:00,562.5787522
1783108740,2026-07-03T12:59:00-07:00,562.5787522
1783108800,2026-07-03T13:00:00-07:00,468.4658953333333
1783108860,2026-07-03T13:01:00-07:00,468.4658953333333
1783108920,2026-07-03T13:02:00-07:00,468.4658953333333
1783108980,2026-07-03T13:03:00-07:00,468.4658953333333
1783109040,2026-07-03T13:04:00-07:00,468.4658953333333
1783109160,2026-07-03T13:06:00-07:00,695.87125
1783109220,2026-07-03T13:07:00-07:00,695.87125
1783109280,2026-07-03T13:08:00-07:00,695.87125
1783109340,2026-07-03T13:09:00-07:00,695.87125
1783109400,2026-07-03T13:10:00-07:00,695.87125
1783109520,2026-07-03T13:12:00-07:00,619.6605773333332
1783109580,2026-07-03T13:13:00-07:00,619.6605773333332
1783109640,2026-07-03T13:14:00-07:00,619.6605773333332
1783109700,2026-07-03T13:15:00-07:00,619.6605773333332
1783109760,2026-07-03T13:16:00-07:00,619.6605773333332
1783109820,2026-07-03T13:17:00-07:00,595.8153148333333
1783109880,2026-07-03T13:18:00-07:00,595.8153148333333
1783109940,2026-07-03T13:19:00-07:00,595.8153148333333
1783110000,2026-07-03T13:20:00-07:00,595.8153148333333
1783110060,2026-07-03T13:21:00-07:00,595.8153148333333
1783110120,2026-07-03T13:22:00-07:00,818.758213
1783110180,2026-07-03T13:23:00-07:00,818.758213
1783110240,2026-07-03T13:24:00-07:00,818.758213
1783110300,2026-07-03T13:25:00-07:00,818.758213
1783110360,2026-07-03T13:26:00-07:00,818.758213
1783110420,2026-07-03T13:27:00-07:00,633.6063303333334
1783110480,2026-07-03T13:28:00-07:00,633.6063303333334
1783110540,2026-07-03T13:29:00-07:00,633.6063303333334
1783110600,2026-07-03T13:30:00-07:00,633.6063303333334
1783110660,2026-07-03T13:31:00-07:00,633.6063303333334
1783110780,2026-07-03T13:33:00-07:00,958.4331533333334
1783110840,2026-07-03T13:34:00-07:00,958.4331533333334
1783110900,2026-07-03T13:35:00-07:00,958.4331533333334
1783110960,2026-07-03T13:36:00-07:00,958.4331533333334
1783111020,2026-07-03T13:37:00-07:00,958.4331533333334
1783111260,2026-07-03T13:41:00-07:00,448.6923015
1783111320,2026-07-03T13:42:00-07:00,448.6923015
1783111380,2026-07-03T13:43:00-07:00,448.6923015
1783111440,2026-07-03T13:44:00-07:00,448.6923015
1783111500,2026-07-03T13:45:00-07:00,448.6923015
1783111560,2026-07-03T13:46:00-07:00,527.5520701666667
1783111620,2026-07-03T13:47:00-07:00,527.5520701666667
1783111680,2026-07-03T13:48:00-07:00,527.5520701666667
1783111740,2026-07-03T13:49:00-07:00,527.5520701666667
1783111800,2026-07-03T13:50:00-07:00,527.5520701666667
1783111920,2026-07-03T13:52:00-07:00,814.7801586666668
1783111980,2026-07-03T13:53:00-07:00,814.7801586666668
1783112040,2026-07-03T13:54:00-07:00,814.7801586666668
1783112100,2026-07-03T13:55:00-07:00,814.7801586666668
1783112160,2026-07-03T13:56:00-07:00,814.7801586666668
1783112220,2026-07-03T13:57:00-07:00,633.0866836666668
1783112280,2026-07-03T13:58:00-07:00,633.0866836666668
1783112340,2026-07-03T13:59:00-07:00,633.0866836666668
1783112400,2026-07-03T14:00:00-07:00,633.0866836666668
1783112460,2026-07-03T14:01:00-07:00,633.0866836666668
1783112520,2026-07-03T14:02:00-07:00,527.2175906666666
1783112580,2026-07-03T14:03:00-07:00,527.2175906666666
1783112640,2026-07-03T14:04:00-07:00,527.2175906666666
1783112700,2026-07-03T14:05:00-07:00,527.2175906666666
1783112760,2026-07-03T14:06:00-07:00,527.2175906666666
1783112880,2026-07-03T14:08:00-07:00,522.4431223333333
1783112940,2026-07-03T14:09:00-07:00,522.4431223333333
1783113000,2026-07-03T14:10:00-07:00,522.4431223333333
1783113060,2026-07-03T14:11:00-07:00,522.4431223333333
1783113120,2026-07-03T14:12:00-07:00,522.4431223333333
1783113180,2026-07-03T14:13:00-07:00,436.7165801666667
1783113240,2026-07-03T14:14:00-07:00,436.7165801666667
1783113300,2026-07-03T14:15:00-07:00,436.7165801666667
1783113360,2026-07-03T14:16:00-07:00,436.7165801666667
1783113420,2026-07-03T14:17:00-07:00,436.7165801666667
1783113600,2026-07-03T14:20:00-07:00,599.8985258333333
1783113660,2026-07-03T14:21:00-07:00,599.8985258333333
1783113720,2026-07-03T14:22:00-07:00,599.8985258333333
1783113780,2026-07-03T14:23:00-07:00,599.8985258333333
1783113840,2026-07-03T14:24:00-07:00,599.8985258333333
1783113900,2026-07-03T14:25:00-07:00,718.5687261666666
1783113960,2026-07-03T14:26:00-07:00,718.5687261666666
1783114020,2026-07-03T14:27:00-07:00,718.5687261666666
1783114080,2026-07-03T14:28:00-07:00,718.5687261666666
1783114140,2026-07-03T14:29:00-07:00,718.5687261666666
1783114260,2026-07-03T14:31:00-07:00,794.2616511666666
1783114320,2026-07-03T14:32:00-07:00,794.2616511666666
1783114380,2026-07-03T14:33:00-07:00,794.2616511666666
1783114440,2026-07-03T14:34:00-07:00,794.2616511666666
1783114500,2026-07-03T14:35:00-07:00,794.2616511666666
1783114680,2026-07-03T14:38:00-07:00,746.3147448333333
1783114740,2026-07-03T14:39:00-07:00,746.3147448333333
1783114800,2026-07-03T14:40:00-07:00,746.3147448333333
1783114860,2026-07-03T14:41:00-07:00,746.3147448333333
1783114920,2026-07-03T14:42:00-07:00,746.3147448333333
1783115700,2026-07-03T14:55:00-07:00,386.01055933333333
1783115760,2026-07-03T14:56:00-07:00,386.01055933333333
1783115820,2026-07-03T14:57:00-07:00,386.01055933333333
1783115880,2026-07-03T14:58:00-07:00,386.01055933333333
1783115940,2026-07-03T14:59:00-07:00,386.01055933333333
1783116060,2026-07-03T15:01:00-07:00,697.2825865
1783116120,2026-07-03T15:02:00-07:00,697.2825865
1783116180,2026-07-03T15:03:00-07:00,697.2825865
1783116240,2026-07-03T15:04:00-07:00,697.2825865
1783116300,2026-07-03T15:05:00-07:00,697.2825865
1783116480,2026-07-03T15:08:00-07:00,660.5463598333333
1783116540,2026-07-03T15:09:00-07:00,660.5463598333333
1783116600,2026-07-03T15:10:00-07:00,660.5463598333333
1783116660,2026-07-03T15:11:00-07:00,660.5463598333333
1783116720,2026-07-03T15:12:00-07:00,660.5463598333333
1783116780,2026-07-03T15:13:00-07:00,752.9062164999999
1783116840,2026-07-03T15:14:00-07:00,752.9062164999999
1783116900,2026-07-03T15:15:00-07:00,752.9062164999999
1783116960,2026-07-03T15:16:00-07:00,752.9062164999999
1783117020,2026-07-03T15:17:00-07:00,752.9062164999999
1783117080,2026-07-03T15:18:00-07:00,533.9675025
1783117140,2026-07-03T15:19:00-07:00,533.9675025
1783117200,2026-07-03T15:20:00-07:00,533.9675025
1783117260,2026-07-03T15:21:00-07:00,533.9675025
1783117320,2026-07-03T15:22:00-07:00,533.9675025
1783117380,2026-07-03T15:23:00-07:00,876.1282288333335
1783117440,2026-07-03T15:24:00-07:00,876.1282288333335
1783117500,2026-07-03T15:25:00-07:00,876.1282288333335
1783117560,2026-07-03T15:26:00-07:00,876.1282288333335
1783117620,2026-07-03T15:27:00-07:00,876.1282288333335
1783117680,2026-07-03T15:28:00-07:00,580.0033776666667
1783117740,2026-07-03T15:29:00-07:00,580.0033776666667
1783117800,2026-07-03T15:30:00-07:00,580.0033776666667
1783117860,2026-07-03T15:31:00-07:00,580.0033776666667
1783117920,2026-07-03T15:32:00-07:00,580.0033776666667
1783118040,2026-07-03T15:34:00-07:00,609.0508306
1783118100,2026-07-03T15:35:00-07:00,609.0508306
1783118160,2026-07-03T15:36:00-07:00,609.0508306
1783118220,2026-07-03T15:37:00-07:00,609.0508306
1783118280,2026-07-03T15:38:00-07:00,609.0508306
1783118700,2026-07-03T15:45:00-07:00,35.935445
1783118760,2026-07-03T15:46:00-07:00,35.935445
1783118820,2026-07-03T15:47:00-07:00,35.935445
1783118880,2026-07-03T15:48:00-07:00,35.935445
1783118940,2026-07-03T15:49:00-07:00,35.935445
1783119060,2026-07-03T15:51:00-07:00,40.02174183333333
1783119120,2026-07-03T15:52:00-07:00,40.02174183333333
1783119180,2026-07-03T15:53:00-07:00,40.02174183333333
1783119240,2026-07-03T15:54:00-07:00,40.02174183333333
1783119300,2026-07-03T15:55:00-07:00,40.02174183333333
1783119420,2026-07-03T15:57:00-07:00,40.21188016666667
1783119480,2026-07-03T15:58:00-07:00,40.21188016666667
1783119540,2026-07-03T15:59:00-07:00,40.21188016666667
1783119600,2026-07-03T16:00:00-07:00,40.21188016666667
1783119660,2026-07-03T16:01:00-07:00,40.21188016666667
1783119780,2026-07-03T16:03:00-07:00,37.98799616666666
1783119840,2026-07-03T16:04:00-07:00,37.98799616666666
1783119900,2026-07-03T16:05:00-07:00,37.98799616666666
1783119960,2026-07-03T16:06:00-07:00,37.98799616666666
1783120020,2026-07-03T16:07:00-07:00,37.98799616666666
1783120140,2026-07-03T16:09:00-07:00,45.282836833333334
1783120200,2026-07-03T16:10:00-07:00,45.282836833333334
1783120260,2026-07-03T16:11:00-07:00,45.282836833333334
1783120320,2026-07-03T16:12:00-07:00,45.282836833333334
1783120380,2026-07-03T16:13:00-07:00,45.282836833333334
1783120500,2026-07-03T16:15:00-07:00,36.18201366666667
1783120560,2026-07-03T16:16:00-07:00,36.18201366666667
1783120620,2026-07-03T16:17:00-07:00,36.18201366666667
1783120680,2026-07-03T16:18:00-07:00,36.18201366666667
1783120740,2026-07-03T16:19:00-07:00,36.18201366666667
1783120860,2026-07-03T16:21:00-07:00,39.08577466666667
1783120920,2026-07-03T16:22:00-07:00,39.08577466666667
1783120980,2026-07-03T16:23:00-07:00,39.08577466666667
1783121040,2026-07-03T16:24:00-07:00,39.08577466666667
1783121100,2026-07-03T16:25:00-07:00,39.08577466666667
1783121220,2026-07-03T16:27:00-07:00,36.65020766666667
1783121280,2026-07-03T16:28:00-07:00,36.65020766666667
1783121340,2026-07-03T16:29:00-07:00,36.65020766666667
1783121400,2026-07-03T16:30:00-07:00,36.65020766666667
1783121460,2026-07-03T16:31:00-07:00,36.65020766666667
1783121700,2026-07-03T16:35:00-07:00,40.89752883333333
1783121760,2026-07-03T16:36:00-07:00,40.89752883333333
1783121820,2026-07-03T16:37:00-07:00,40.89752883333333
1783121880,2026-07-03T16:38:00-07:00,40.89752883333333
1783121940,2026-07-03T16:39:00-07:00,40.89752883333333
1783122060,2026-07-03T16:41:00-07:00,38.42371283333333
1783122120,2026-07-03T16:42:00-07:00,38.42371283333333
1783122180,2026-07-03T16:43:00-07:00,38.42371283333333
1783122240,2026-07-03T16:44:00-07:00,38.42371283333333
1783122300,2026-07-03T16:45:00-07:00,38.42371283333333
1783122360,2026-07-03T16:46:00-07:00,236.05571166666664
1783122420,2026-07-03T16:47:00-07:00,236.05571166666664
1783122480,2026-07-03T16:48:00-07:00,236.05571166666664
1783122540,2026-07-03T16:49:00-07:00,236.05571166666664
1783122600,2026-07-03T16:50:00-07:00,236.05571166666664
1783122660,2026-07-03T16:51:00-07:00,38.05813966666667
1783122720,2026-07-03T16:52:00-07:00,38.05813966666667
1783122780,2026-07-03T16:53:00-07:00,38.05813966666667
1783122840,2026-07-03T16:54:00-07:00,38.05813966666667
1783122900,2026-07-03T16:55:00-07:00,38.05813966666667
1783123020,2026-07-03T16:57:00-07:00,37.38136116666667
1783123080,2026-07-03T16:58:00-07:00,37.38136116666667
1783123140,2026-07-03T16:59:00-07:00,37.38136116666667
1783123200,2026-07-03T17:00:00-07:00,37.38136116666667
1783123260,2026-07-03T17:01:00-07:00,37.38136116666667
1783123320,2026-07-03T17:02:00-07:00,39.34771733333333
1783123380,2026-07-03T17:03:00-07:00,39.34771733333333
1783123440,2026-07-03T17:04:00-07:00,39.34771733333333
1783123500,2026-07-03T17:05:00-07:00,39.34771733333333
1783123560,2026-07-03T17:06:00-07:00,39.34771733333333
1783123740,2026-07-03T17:09:00-07:00,38.63817016666667
1783123800,2026-07-03T17:10:00-07:00,38.63817016666667
1783123860,2026-07-03T17:11:00-07:00,38.63817016666667
1783123920,2026-07-03T17:12:00-07:00,38.63817016666667
1783123980,2026-07-03T17:13:00-07:00,38.63817016666667
1783124160,2026-07-03T17:16:00-07:00,41.8515625
1783124220,2026-07-03T17:17:00-07:00,41.8515625
1783124280,2026-07-03T17:18:00-07:00,41.8515625
1783124340,2026-07-03T17:19:00-07:00,41.8515625
1783124400,2026-07-03T17:20:00-07:00,41.8515625
1783124460,2026-07-03T17:21:00-07:00,34.95714666666667
1783124520,2026-07-03T17:22:00-07:00,34.95714666666667
1783124580,2026-07-03T17:23:00-07:00,34.95714666666667
1783124640,2026-07-03T17:24:00-07:00,34.95714666666667
1783124700,2026-07-03T17:25:00-07:00,34.95714666666667
1783124760,2026-07-03T17:26:00-07:00,37.67378766666666
1783124820,2026-07-03T17:27:00-07:00,37.67378766666666
1783124880,2026-07-03T17:28:00-07:00,37.67378766666666
1783124940,2026-07-03T17:29:00-07:00,37.67378766666666
1783125000,2026-07-03T17:30:00-07:00,37.67378766666666
1783125120,2026-07-03T17:32:00-07:00,572.6224235
1783125180,2026-07-03T17:33:00-07:00,572.6224235
1783125240,2026-07-03T17:34:00-07:00,572.6224235
1783125300,2026-07-03T17:35:00-07:00,572.6224235
1783125360,2026-07-03T17:36:00-07:00,572.6224235
1783125480,2026-07-03T17:38:00-07:00,841.5789798333334
1783125540,2026-07-03T17:39:00-07:00,841.5789798333334
1783125600,2026-07-03T17:40:00-07:00,841.5789798333334
1783125660,2026-07-03T17:41:00-07:00,841.5789798333334
1783125720,2026-07-03T17:42:00-07:00,841.5789798333334
1783126140,2026-07-03T17:49:00-07:00,461.9466826666667
1783126200,2026-07-03T17:50:00-07:00,461.9466826666667
1783126260,2026-07-03T17:51:00-07:00,461.9466826666667
1783126320,2026-07-03T17:52:00-07:00,461.9466826666667
1783126380,2026-07-03T17:53:00-07:00,461.9466826666667
1783126500,2026-07-03T17:55:00-07:00,664.9016391666667
1783126560,2026-07-03T17:56:00-07:00,664.9016391666667
1783126620,2026-07-03T17:57:00-07:00,664.9016391666667
1783126680,2026-07-03T17:58:00-07:00,664.9016391666667
1783126740,2026-07-03T17:59:00-07:00,664.9016391666667
1783126800,2026-07-03T18:00:00-07:00,753.196676
1783126860,2026-07-03T18:01:00-07:00,753.196676
1783126920,2026-07-03T18:02:00-07:00,753.196676
1783126980,2026-07-03T18:03:00-07:00,753.196676
1783127040,2026-07-03T18:04:00-07:00,753.196676
1783127100,2026-07-03T18:05:00-07:00,760.9630473333333
1783127160,2026-07-03T18:06:00-07:00,760.9630473333333
1783127220,2026-07-03T18:07:00-07:00,760.9630473333333
1783127280,2026-07-03T18:08:00-07:00,760.9630473333333
1783127340,2026-07-03T18:09:00-07:00,760.9630473333333
1783127460,2026-07-03T18:11:00-07:00,669.6582511666667
1783127520,2026-07-03T18:12:00-07:00,669.6582511666667
1783127580,2026-07-03T18:13:00-07:00,669.6582511666667
1783127640,2026-07-03T18:14:00-07:00,669.6582511666667
1783127700,2026-07-03T18:15:00-07:00,669.6582511666667
1783127820,2026-07-03T18:17:00-07:00,651.2205403333334
1783127880,2026-07-03T18:18:00-07:00,651.2205403333334
1783127940,2026-07-03T18:19:00-07:00,651.2205403333334
1783128000,2026-07-03T18:20:00-07:00,651.2205403333334
1783128060,2026-07-03T18:21:00-07:00,651.2205403333334
1783128120,2026-07-03T18:22:00-07:00,845.5386291666667
1783128180,2026-07-03T18:23:00-07:00,845.5386291666667
1783128240,2026-07-03T18:24:00-07:00,845.5386291666667
1783128300,2026-07-03T18:25:00-07:00,845.5386291666667
1783128360,2026-07-03T18:26:00-07:00,845.5386291666667
1783128480,2026-07-03T18:28:00-07:00,707.2406074999999
1783128540,2026-07-03T18:29:00-07:00,707.2406074999999
1783128600,2026-07-03T18:30:00-07:00,707.2406074999999
1783128660,2026-07-03T18:31:00-07:00,707.2406074999999
1783128720,2026-07-03T18:32:00-07:00,707.2406074999999
1783128900,2026-07-03T18:35:00-07:00,672.3465171666668
1783128960,2026-07-03T18:36:00-07:00,672.3465171666668
1783129020,2026-07-03T18:37:00-07:00,672.3465171666668
1783129080,2026-07-03T18:38:00-07:00,672.3465171666668
1783129140,2026-07-03T18:39:00-07:00,672.3465171666668
1783129260,2026-07-03T18:41:00-07:00,662.8191531666666
1783129320,2026-07-03T18:42:00-07:00,662.8191531666666
1783129380,2026-07-03T18:43:00-07:00,662.8191531666666
1783129440,2026-07-03T18:44:00-07:00,662.8191531666666
1783129500,2026-07-03T18:45:00-07:00,662.8191531666666
1783129620,2026-07-03T18:47:00-07:00,578.5089858333333
1783129680,2026-07-03T18:48:00-07:00,578.5089858333333
1783129740,2026-07-03T18:49:00-07:00,578.5089858333333
1783129800,2026-07-03T18:50:00-07:00,578.5089858333333
1783129860,2026-07-03T18:51:00-07:00,578.5089858333333
1783129980,2026-07-03T18:53:00-07:00,786.3763363333334
1783130040,2026-07-03T18:54:00-07:00,786.3763363333334
1783130100,2026-07-03T18:55:00-07:00,786.3763363333334
1783130160,2026-07-03T18:56:00-07:00,786.3763363333334
1783130220,2026-07-03T18:57:00-07:00,786.3763363333334
1783130280,2026-07-03T18:58:00-07:00,896.1578578333333
1783130340,2026-07-03T18:59:00-07:00,896.1578578333333
1783130400,2026-07-03T19:00:00-07:00,896.1578578333333
1783130460,2026-07-03T19:01:00-07:00,896.1578578333333
1783130520,2026-07-03T19:02:00-07:00,896.1578578333333
1783130580,2026-07-03T19:03:00-07:00,847.6205920000001
1783130640,2026-07-03T19:04:00-07:00,847.6205920000001
1783130700,2026-07-03T19:05:00-07:00,847.6205920000001
1783130760,2026-07-03T19:06:00-07:00,847.6205920000001
1783130820,2026-07-03T19:07:00-07:00,847.6205920000001
1783130940,2026-07-03T19:09:00-07:00,786.8167116666667
1783131000,2026-07-03T19:10:00-07:00,786.8167116666667
1783131060,2026-07-03T19:11:00-07:00,786.8167116666667
1783131120,2026-07-03T19:12:00-07:00,786.8167116666667
1783131180,2026-07-03T19:13:00-07:00,786.8167116666667
1783131240,2026-07-03T19:14:00-07:00,511.39141440000003
1783131300,2026-07-03T19:15:00-07:00,511.39141440000003
1783131360,2026-07-03T19:16:00-07:00,511.39141440000003
1783131420,2026-07-03T19:17:00-07:00,511.39141440000003
1783131480,2026-07-03T19:18:00-07:00,511.39141440000003
1783131600,2026-07-03T19:20:00-07:00,686.2634211666667
1783131660,2026-07-03T19:21:00-07:00,686.2634211666667
1783131720,2026-07-03T19:22:00-07:00,686.2634211666667
1783131780,2026-07-03T19:23:00-07:00,686.2634211666667
1783131840,2026-07-03T19:24:00-07:00,686.2634211666667
1783131900,2026-07-03T19:25:00-07:00,624.628059
1783131960,2026-07-03T19:26:00-07:00,624.628059
1783132020,2026-07-03T19:27:00-07:00,624.628059
1783132080,2026-07-03T19:28:00-07:00,624.628059
1783132140,2026-07-03T19:29:00-07:00,624.628059
1783132380,2026-07-03T19:33:00-07:00,736.712172
1783132440,2026-07-03T19:34:00-07:00,736.712172
1783132500,2026-07-03T19:35:00-07:00,736.712172
1783132560,2026-07-03T19:36:00-07:00,736.712172
1783132620,2026-07-03T19:37:00-07:00,736.712172
1783133160,2026-07-03T19:46:00-07:00,585.0912951666668
1783133220,2026-07-03T19:47:00-07:00,585.0912951666668
1783133280,2026-07-03T19:48:00-07:00,585.0912951666668
1783133340,2026-07-03T19:49:00-07:00,585.0912951666668
1783133400,2026-07-03T19:50:00-07:00,585.0912951666668
1783133520,2026-07-03T19:52:00-07:00,727.9294576666666
1783133580,2026-07-03T19:53:00-07:00,727.9294576666666
1783133640,2026-07-03T19:54:00-07:00,727.9294576666666
1783133700,2026-07-03T19:55:00-07:00,727.9294576666666
1783133760,2026-07-03T19:56:00-07:00,727.9294576666666
1783133880,2026-07-03T19:58:00-07:00,526.2550051999999
1783133940,2026-07-03T19:59:00-07:00,526.2550051999999
1783134000,2026-07-03T20:00:00-07:00,526.2550051999999
1783134060,2026-07-03T20:01:00-07:00,526.2550051999999
1783134120,2026-07-03T20:02:00-07:00,526.2550051999999
1783134660,2026-07-03T20:11:00-07:00,631.5132993333333
1783134720,2026-07-03T20:12:00-07:00,631.5132993333333
1783134780,2026-07-03T20:13:00-07:00,631.5132993333333
1783134840,2026-07-03T20:14:00-07:00,631.5132993333333
1783134900,2026-07-03T20:15:00-07:00,631.5132993333333
1783135020,2026-07-03T20:17:00-07:00,478.57543300000003
1783135080,2026-07-03T20:18:00-07:00,478.57543300000003
1783135140,2026-07-03T20:19:00-07:00,478.57543300000003
1783135200,2026-07-03T20:20:00-07:00,478.57543300000003
1783135260,2026-07-03T20:21:00-07:00,478.57543300000003
1783135320,2026-07-03T20:22:00-07:00,657.611403
1783135380,2026-07-03T20:23:00-07:00,657.611403
1783135440,2026-07-03T20:24:00-07:00,657.611403
1783135500,2026-07-03T20:25:00-07:00,657.611403
1783135560,2026-07-03T20:26:00-07:00,657.611403
1783135620,2026-07-03T20:27:00-07:00,975.074572
1783135680,2026-07-03T20:28:00-07:00,975.074572
1783135740,2026-07-03T20:29:00-07:00,975.074572
1783135800,2026-07-03T20:30:00-07:00,975.074572
1783135860,2026-07-03T20:31:00-07:00,975.074572
1783135920,2026-07-03T20:32:00-07:00,555.7521296666667
1783135980,2026-07-03T20:33:00-07:00,555.7521296666667
1783136040,2026-07-03T20:34:00-07:00,555.7521296666667
1783136100,2026-07-03T20:35:00-07:00,555.7521296666667
1783136160,2026-07-03T20:36:00-07:00,555.7521296666667
1783136580,2026-07-03T20:43:00-07:00,724.2945765
1783136640,2026-07-03T20:44:00-07:00,724.2945765
1783136700,2026-07-03T20:45:00-07:00,724.2945765
1783136760,2026-07-03T20:46:00-07:00,724.2945765
1783136820,2026-07-03T20:47:00-07:00,724.2945765
1783136880,2026-07-03T20:48:00-07:00,614.2344486
1783136940,2026-07-03T20:49:00-07:00,614.2344486
1783137000,2026-07-03T20:50:00-07:00,614.2344486
1783137060,2026-07-03T20:51:00-07:00,614.2344486
1783137120,2026-07-03T20:52:00-07:00,614.2344486
1783137480,2026-07-03T20:58:00-07:00,579.7888733333333
1783137540,2026-07-03T20:59:00-07:00,579.7888733333333
1783137600,2026-07-03T21:00:00-07:00,579.7888733333333
1783137660,2026-07-03T21:01:00-07:00,579.7888733333333
1783137720,2026-07-03T21:02:00-07:00,579.7888733333333
1783137780,2026-07-03T21:03:00-07:00,500.3446859999999
1783137840,2026-07-03T21:04:00-07:00,500.3446859999999
1783137900,2026-07-03T21:05:00-07:00,500.3446859999999
1783137960,2026-07-03T21:06:00-07:00,500.3446859999999
1783138020,2026-07-03T21:07:00-07:00,500.3446859999999
1783138080,2026-07-03T21:08:00-07:00,937.7043258333333
1783138140,2026-07-03T21:09:00-07:00,937.7043258333333
1783138200,2026-07-03T21:10:00-07:00,937.7043258333333
1783138260,2026-07-03T21:11:00-07:00,937.7043258333333
1783138320,2026-07-03T21:12:00-07:00,937.7043258333333
1783138380,2026-07-03T21:13:00-07:00,764.6106366666667
1783138440,2026-07-03T21:14:00-07:00,764.6106366666667
1783138500,2026-07-03T21:15:00-07:00,764.6106366666667
1783138560,2026-07-03T21:16:00-07:00,764.6106366666667
1783138620,2026-07-03T21:17:00-07:00,764.6106366666667
1783138680,2026-07-03T21:18:00-07:00,487.17515066666664
1783138740,2026-07-03T21:19:00-07:00,487.17515066666664
1783138800,2026-07-03T21:20:00-07:00,487.17515066666664
1783138860,2026-07-03T21:21:00-07:00,487.17515066666664
1783138920,2026-07-03T21:22:00-07:00,487.17515066666664
1783139040,2026-07-03T21:24:00-07:00,871.8945451666667
1783139100,2026-07-03T21:25:00-07:00,871.8945451666667
1783139160,2026-07-03T21:26:00-07:00,871.8945451666667
1783139220,2026-07-03T21:27:00-07:00,871.8945451666667
1783139280,2026-07-03T21:28:00-07:00,871.8945451666667
1783139340,2026-07-03T21:29:00-07:00,587.2804163333334
1783139400,2026-07-03T21:30:00-07:00,587.2804163333334
1783139460,2026-07-03T21:31:00-07:00,587.2804163333334
1783139520,2026-07-03T21:32:00-07:00,587.2804163333334
1783139580,2026-07-03T21:33:00-07:00,587.2804163333334
1783139640,2026-07-03T21:34:00-07:00,715.2150273333333
1783139700,2026-07-03T21:35:00-07:00,715.2150273333333
1783139760,2026-07-03T21:36:00-07:00,715.2150273333333
1783139820,2026-07-03T21:37:00-07:00,715.2150273333333
1783139880,2026-07-03T21:38:00-07:00,715.2150273333333
1783139940,2026-07-03T21:39:00-07:00,634.9576619999999
1783140000,2026-07-03T21:40:00-07:00,634.9576619999999
1783140060,2026-07-03T21:41:00-07:00,634.9576619999999
1783140120,2026-07-03T21:42:00-07:00,634.9576619999999
1783140180,2026-07-03T21:43:00-07:00,634.9576619999999
1783140240,2026-07-03T21:44:00-07:00,658.7401196666667
1783140300,2026-07-03T21:45:00-07:00,658.7401196666667
1783140360,2026-07-03T21:46:00-07:00,658.7401196666667
1783140420,2026-07-03T21:47:00-07:00,658.7401196666667
1783140480,2026-07-03T21:48:00-07:00,658.7401196666667
1783140540,2026-07-03T21:49:00-07:00,685.6232994
1783140600,2026-07-03T21:50:00-07:00,685.6232994
1783140660,2026-07-03T21:51:00-07:00,685.6232994
1783140720,2026-07-03T21:52:00-07:00,685.6232994
1783140780,2026-07-03T21:53:00-07:00,685.6232994
1783141200,2026-07-03T22:00:00-07:00,590.30315175
1783141260,2026-07-03T22:01:00-07:00,590.30315175
1783141320,2026-07-03T22:02:00-07:00,590.30315175
1783141380,2026-07-03T22:03:00-07:00,590.30315175
1783141440,2026-07-03T22:04:00-07:00,590.30315175
1783141500,2026-07-03T22:05:00-07:00,545.6080121666668
1783141560,2026-07-03T22:06:00-07:00,545.6080121666668
1783141620,2026-07-03T22:07:00-07:00,545.6080121666668
1783141680,2026-07-03T22:08:00-07:00,545.6080121666668
1783141740,2026-07-03T22:09:00-07:00,545.6080121666668
1783141800,2026-07-03T22:10:00-07:00,1171.6920579999999
1783141860,2026-07-03T22:11:00-07:00,1171.6920579999999
1783141920,2026-07-03T22:12:00-07:00,1171.6920579999999
1783141980,2026-07-03T22:13:00-07:00,1171.6920579999999
1783142040,2026-07-03T22:14:00-07:00,1171.6920579999999
1783142100,2026-07-03T22:15:00-07:00,768.6526426666666
1783142160,2026-07-03T22:16:00-07:00,768.6526426666666
1783142220,2026-07-03T22:17:00-07:00,768.6526426666666
1783142280,2026-07-03T22:18:00-07:00,768.6526426666666
1783142340,2026-07-03T22:19:00-07:00,768.6526426666666
1783142400,2026-07-03T22:20:00-07:00,997.5016346666666
1783142460,2026-07-03T22:21:00-07:00,997.5016346666666
1783142520,2026-07-03T22:22:00-07:00,997.5016346666666
1783142580,2026-07-03T22:23:00-07:00,997.5016346666666
1783142640,2026-07-03T22:24:00-07:00,997.5016346666666
1783142700,2026-07-03T22:25:00-07:00,879.2325850000001
1783142760,2026-07-03T22:26:00-07:00,879.2325850000001
1783142820,2026-07-03T22:27:00-07:00,879.2325850000001
1783142880,2026-07-03T22:28:00-07:00,879.2325850000001
1783142940,2026-07-03T22:29:00-07:00,879.2325850000001
1783143000,2026-07-03T22:30:00-07:00,697.8650176666666
1783143060,2026-07-03T22:31:00-07:00,697.8650176666666
1783143120,2026-07-03T22:32:00-07:00,697.8650176666666
1783143180,2026-07-03T22:33:00-07:00,697.8650176666666
1783143240,2026-07-03T22:34:00-07:00,697.8650176666666
1783143300,2026-07-03T22:35:00-07:00,585.4756338333333
1783143360,2026-07-03T22:36:00-07:00,585.4756338333333
1783143420,2026-07-03T22:37:00-07:00,585.4756338333333
1783143480,2026-07-03T22:38:00-07:00,585.4756338333333
1783143540,2026-07-03T22:39:00-07:00,585.4756338333333
1783143600,2026-07-03T22:40:00-07:00,922.2517636666668
1783143660,2026-07-03T22:41:00-07:00,922.2517636666668
1783143720,2026-07-03T22:42:00-07:00,922.2517636666668
1783143780,2026-07-03T22:43:00-07:00,922.2517636666668
1783143840,2026-07-03T22:44:00-07:00,922.2517636666668
1783143900,2026-07-03T22:45:00-07:00,766.5414433333332
1783143960,2026-07-03T22:46:00-07:00,766.5414433333332
1783144020,2026-07-03T22:47:00-07:00,766.5414433333332
1783144080,2026-07-03T22:48:00-07:00,766.5414433333332
1783144140,2026-07-03T22:49:00-07:00,766.5414433333332
1783144200,2026-07-03T22:50:00-07:00,836.2156906
1783144260,2026-07-03T22:51:00-07:00,836.2156906
1783144320,2026-07-03T22:52:00-07:00,836.2156906
1783144380,2026-07-03T22:53:00-07:00,836.2156906
1783144440,2026-07-03T22:54:00-07:00,836.2156906
1783144800,2026-07-03T23:00:00-07:00,563.9653051666667
1783144860,2026-07-03T23:01:00-07:00,563.9653051666667
1783144920,2026-07-03T23:02:00-07:00,563.9653051666667
1783144980,2026-07-03T23:03:00-07:00,563.9653051666667
1783145040,2026-07-03T23:04:00-07:00,563.9653051666667
1783145100,2026-07-03T23:05:00-07:00,891.0733439999999
1783145160,2026-07-03T23:06:00-07:00,891.0733439999999
1783145220,2026-07-03T23:07:00-07:00,891.0733439999999
1783145280,2026-07-03T23:08:00-07:00,891.0733439999999
1783145340,2026-07-03T23:09:00-07:00,891.0733439999999
1783145400,2026-07-03T23:10:00-07:00,688.1097211666666
1783145460,2026-07-03T23:11:00-07:00,688.1097211666666
1783145520,2026-07-03T23:12:00-07:00,688.1097211666666
1783145580,2026-07-03T23:13:00-07:00,688.1097211666666
1783145640,2026-07-03T23:14:00-07:00,688.1097211666666
1783145700,2026-07-03T23:15:00-07:00,607.8984243333333
1783145760,2026-07-03T23:16:00-07:00,607.8984243333333
1783145820,2026-07-03T23:17:00-07:00,607.8984243333333
1783145880,2026-07-03T23:18:00-07:00,607.8984243333333
1783145940,2026-07-03T23:19:00-07:00,607.8984243333333
1783146060,2026-07-03T23:21:00-07:00,596.7931385
1783146120,2026-07-03T23:22:00-07:00,596.7931385
1783146180,2026-07-03T23:23:00-07:00,596.7931385
1783146240,2026-07-03T23:24:00-07:00,596.7931385
1783146300,2026-07-03T23:25:00-07:00,596.7931385
1783146360,2026-07-03T23:26:00-07:00,625.825867
1783146420,2026-07-03T23:27:00-07:00,625.825867
1783146480,2026-07-03T23:28:00-07:00,625.825867
1783146540,2026-07-03T23:29:00-07:00,625.825867
1783146600,2026-07-03T23:30:00-07:00,625.825867
1783146660,2026-07-03T23:31:00-07:00,523.2135693333333
1783146720,2026-07-03T23:32:00-07:00,523.2135693333333
1783146780,2026-07-03T23:33:00-07:00,523.2135693333333
1783146840,2026-07-03T23:34:00-07:00,523.2135693333333
1783146900,2026-07-03T23:35:00-07:00,523.2135693333333
1783146960,2026-07-03T23:36:00-07:00,452.1246065
1783147020,2026-07-03T23:37:00-07:00,452.1246065
1783147080,2026-07-03T23:38:00-07:00,452.1246065
1783147140,2026-07-03T23:39:00-07:00,452.1246065
1783147200,2026-07-03T23:40:00-07:00,452.1246065
1783147560,2026-07-03T23:46:00-07:00,719.6423208333334
1783147620,2026-07-03T23:47:00-07:00,719.6423208333334
1783147680,2026-07-03T23:48:00-07:00,719.6423208333334
1783147740,2026-07-03T23:49:00-07:00,719.6423208333334
1783147800,2026-07-03T23:50:00-07:00,719.6423208333334
1783147980,2026-07-03T23:53:00-07:00,594.0411515
1783148040,2026-07-03T23:54:00-07:00,594.0411515
1783148100,2026-07-03T23:55:00-07:00,594.0411515
1783148160,2026-07-03T23:56:00-07:00,594.0411515
1783148220,2026-07-03T23:57:00-07:00,594.0411515
1783148280,2026-07-03T23:58:00-07:00,528.3422853333333
1783148340,2026-07-03T23:59:00-07:00,528.3422853333333
1783148400,2026-07-04T00:00:00-07:00,528.3422853333333
1783148460,2026-07-04T00:01:00-07:00,528.3422853333333
1783148520,2026-07-04T00:02:00-07:00,528.3422853333333
1783148700,2026-07-04T00:05:00-07:00,393.16230616666667
1783148760,2026-07-04T00:06:00-07:00,393.16230616666667
1783148820,2026-07-04T00:07:00-07:00,393.16230616666667
1783148880,2026-07-04T00:08:00-07:00,393.16230616666667
1783148940,2026-07-04T00:09:00-07:00,393.16230616666667
1783149000,2026-07-04T00:10:00-07:00,313.492147
1783149060,2026-07-04T00:11:00-07:00,313.492147
1783149120,2026-07-04T00:12:00-07:00,313.492147
1783149180,2026-07-04T00:13:00-07:00,313.492147
1783149240,2026-07-04T00:14:00-07:00,313.492147
1783149360,2026-07-04T00:16:00-07:00,243.06808166666664
1783149420,2026-07-04T00:17:00-07:00,243.06808166666664
1783149480,2026-07-04T00:18:00-07:00,243.06808166666664
1783149540,2026-07-04T00:19:00-07:00,243.06808166666664
1783149600,2026-07-04T00:20:00-07:00,243.06808166666664
1783149660,2026-07-04T00:21:00-07:00,500.5368045
1783149720,2026-07-04T00:22:00-07:00,500.5368045
1783149780,2026-07-04T00:23:00-07:00,500.5368045
1783149840,2026-07-04T00:24:00-07:00,500.5368045
1783149900,2026-07-04T00:25:00-07:00,500.5368045
1783149960,2026-07-04T00:26:00-07:00,361.8372601666667
1783150020,2026-07-04T00:27:00-07:00,361.8372601666667
1783150080,2026-07-04T00:28:00-07:00,361.8372601666667
1783150140,2026-07-04T00:29:00-07:00,361.8372601666667
1783150200,2026-07-04T00:30:00-07:00,361.8372601666667
1783150320,2026-07-04T00:32:00-07:00,211.6937055
1783150380,2026-07-04T00:33:00-07:00,211.6937055
1783150440,2026-07-04T00:34:00-07:00,211.6937055
1783150500,2026-07-04T00:35:00-07:00,211.6937055
1783150560,2026-07-04T00:36:00-07:00,211.6937055
1783150680,2026-07-04T00:38:00-07:00,116.04351133333334
1783150740,2026-07-04T00:39:00-07:00,116.04351133333334
1783150800,2026-07-04T00:40:00-07:00,116.04351133333334
1783150860,2026-07-04T00:41:00-07:00,116.04351133333334
1783150920,2026-07-04T00:42:00-07:00,116.04351133333334
1783150980,2026-07-04T00:43:00-07:00,73.62334550000001
1783151040,2026-07-04T00:44:00-07:00,73.62334550000001
1783151100,2026-07-04T00:45:00-07:00,73.62334550000001
1783151160,2026-07-04T00:46:00-07:00,73.62334550000001
1783151220,2026-07-04T00:47:00-07:00,73.62334550000001
1783151280,2026-07-04T00:48:00-07:00,102.9713405
1783151340,2026-07-04T00:49:00-07:00,102.9713405
1783151400,2026-07-04T00:50:00-07:00,102.9713405
1783151460,2026-07-04T00:51:00-07:00,102.9713405
1783151520,2026-07-04T00:52:00-07:00,102.9713405
1783151700,2026-07-04T00:55:00-07:00,362.88787866666667
1783151760,2026-07-04T00:56:00-07:00,362.88787866666667
1783151820,2026-07-04T00:57:00-07:00,362.88787866666667
1783151880,2026-07-04T00:58:00-07:00,362.88787866666667
1783151940,2026-07-04T00:59:00-07:00,362.88787866666667
1783152000,2026-07-04T01:00:00-07:00,154.7386675
1783152060,2026-07-04T01:01:00-07:00,154.7386675
1783152120,2026-07-04T01:02:00-07:00,154.7386675
1783152180,2026-07-04T01:03:00-07:00,154.7386675
1783152240,2026-07-04T01:04:00-07:00,154.7386675
1783152360,2026-07-04T01:06:00-07:00,91.45760066666666
1783152420,2026-07-04T01:07:00-07:00,91.45760066666666
1783152480,2026-07-04T01:08:00-07:00,91.45760066666666
1783152540,2026-07-04T01:09:00-07:00,91.45760066666666
1783152600,2026-07-04T01:10:00-07:00,91.45760066666666
1783152780,2026-07-04T01:13:00-07:00,117.33650733333333
1783152840,2026-07-04T01:14:00-07:00,117.33650733333333
1783152900,2026-07-04T01:15:00-07:00,117.33650733333333
1783152960,2026-07-04T01:16:00-07:00,117.33650733333333
1783153020,2026-07-04T01:17:00-07:00,117.33650733333333
1783153140,2026-07-04T01:19:00-07:00,474.44477016666673
1783153200,2026-07-04T01:20:00-07:00,474.44477016666673
1783153260,2026-07-04T01:21:00-07:00,474.44477016666673
1783153320,2026-07-04T01:22:00-07:00,474.44477016666673
1783153380,2026-07-04T01:23:00-07:00,474.44477016666673
1783153500,2026-07-04T01:25:00-07:00,82.14381199999998
1783153560,2026-07-04T01:26:00-07:00,82.14381199999998
1783153620,2026-07-04T01:27:00-07:00,82.14381199999998
1783153680,2026-07-04T01:28:00-07:00,82.14381199999998
1783153740,2026-07-04T01:29:00-07:00,82.14381199999998
1783153800,2026-07-04T01:30:00-07:00,72.01425499999999
1783153860,2026-07-04T01:31:00-07:00,72.01425499999999
1783153920,2026-07-04T01:32:00-07:00,72.01425499999999
1783153980,2026-07-04T01:33:00-07:00,72.01425499999999
1783154040,2026-07-04T01:34:00-07:00,72.01425499999999
1783154160,2026-07-04T01:36:00-07:00,36.596849166666665
1783154220,2026-07-04T01:37:00-07:00,36.596849166666665
1783154280,2026-07-04T01:38:00-07:00,36.596849166666665
1783154340,2026-07-04T01:39:00-07:00,36.596849166666665
1783154400,2026-07-04T01:40:00-07:00,36.596849166666665
1783154460,2026-07-04T01:41:00-07:00,38.505757833333334
1783154520,2026-07-04T01:42:00-07:00,38.505757833333334
1783154580,2026-07-04T01:43:00-07:00,38.505757833333334
1783154640,2026-07-04T01:44:00-07:00,38.505757833333334
1783154700,2026-07-04T01:45:00-07:00,38.505757833333334
1783154820,2026-07-04T01:47:00-07:00,57.27296949999999
1783154880,2026-07-04T01:48:00-07:00,57.27296949999999
1783154940,2026-07-04T01:49:00-07:00,57.27296949999999
1783155000,2026-07-04T01:50:00-07:00,57.27296949999999
1783155060,2026-07-04T01:51:00-07:00,57.27296949999999
1783155180,2026-07-04T01:53:00-07:00,61.283650833333326
1783155240,2026-07-04T01:54:00-07:00,61.283650833333326
1783155300,2026-07-04T01:55:00-07:00,61.283650833333326
1783155360,2026-07-04T01:56:00-07:00,61.283650833333326
1783155420,2026-07-04T01:57:00-07:00,61.283650833333326
1783155600,2026-07-04T02:00:00-07:00,38.292128166666664
1783155660,2026-07-04T02:01:00-07:00,38.292128166666664
1783155720,2026-07-04T02:02:00-07:00,38.292128166666664
1783155780,2026-07-04T02:03:00-07:00,38.292128166666664
1783155840,2026-07-04T02:04:00-07:00,38.292128166666664
1783155960,2026-07-04T02:06:00-07:00,42.894388666666664
1783156020,2026-07-04T02:07:00-07:00,42.894388666666664
1783156080,2026-07-04T02:08:00-07:00,42.894388666666664
1783156140,2026-07-04T02:09:00-07:00,42.894388666666664
1783156200,2026-07-04T02:10:00-07:00,42.894388666666664
1783156260,2026-07-04T02:11:00-07:00,36.469265666666665
1783156320,2026-07-04T02:12:00-07:00,36.469265666666665
1783156380,2026-07-04T02:13:00-07:00,36.469265666666665
1783156440,2026-07-04T02:14:00-07:00,36.469265666666665
1783156500,2026-07-04T02:15:00-07:00,36.469265666666665
1783156560,2026-07-04T02:16:00-07:00,38.13610166666666
1783156620,2026-07-04T02:17:00-07:00,38.13610166666666
1783156680,2026-07-04T02:18:00-07:00,38.13610166666666
1783156740,2026-07-04T02:19:00-07:00,38.13610166666666
1783156800,2026-07-04T02:20:00-07:00,38.13610166666666
1783156980,2026-07-04T02:23:00-07:00,67.613722
1783157040,2026-07-04T02:24:00-07:00,67.613722
1783157100,2026-07-04T02:25:00-07:00,67.613722
1783157160,2026-07-04T02:26:00-07:00,67.613722
1783157220,2026-07-04T02:27:00-07:00,67.613722
1783157340,2026-07-04T02:29:00-07:00,41.014431333333334
1783157400,2026-07-04T02:30:00-07:00,41.014431333333334
1783157460,2026-07-04T02:31:00-07:00,41.014431333333334
1783157520,2026-07-04T02:32:00-07:00,41.014431333333334
1783157580,2026-07-04T02:33:00-07:00,41.014431333333334
1783157760,2026-07-04T02:36:00-07:00,47.45192483333333
1783157820,2026-07-04T02:37:00-07:00,47.45192483333333
1783157880,2026-07-04T02:38:00-07:00,47.45192483333333
1783157940,2026-07-04T02:39:00-07:00,47.45192483333333
1783158000,2026-07-04T02:40:00-07:00,47.45192483333333
1783158060,2026-07-04T02:41:00-07:00,33.6946345
1783158120,2026-07-04T02:42:00-07:00,33.6946345
1783158180,2026-07-04T02:43:00-07:00,33.6946345
1783158240,2026-07-04T02:44:00-07:00,33.6946345
1783158300,2026-07-04T02:45:00-07:00,33.6946345
1783158420,2026-07-04T02:47:00-07:00,89.33076316666667
1783158480,2026-07-04T02:48:00-07:00,89.33076316666667
1783158540,2026-07-04T02:49:00-07:00,89.33076316666667
1783158600,2026-07-04T02:50:00-07:00,89.33076316666667
1783158660,2026-07-04T02:51:00-07:00,89.33076316666667
1783158720,2026-07-04T02:52:00-07:00,320.4095458333333
1783158780,2026-07-04T02:53:00-07:00,320.4095458333333
1783158840,2026-07-04T02:54:00-07:00,320.4095458333333
1783158900,2026-07-04T02:55:00-07:00,320.4095458333333
1783158960,2026-07-04T02:56:00-07:00,320.4095458333333
1783159140,2026-07-04T02:59:00-07:00,110.83226183333335
1783159200,2026-07-04T03:00:00-07:00,110.83226183333335
1783159260,2026-07-04T03:01:00-07:00,110.83226183333335
1783159320,2026-07-04T03:02:00-07:00,110.83226183333335
1783159380,2026-07-04T03:03:00-07:00,110.83226183333335
1783159440,2026-07-04T03:04:00-07:00,102.06033683333332
1783159500,2026-07-04T03:05:00-07:00,102.06033683333332
1783159560,2026-07-04T03:06:00-07:00,102.06033683333332
1783159620,2026-07-04T03:07:00-07:00,102.06033683333332
1783159680,2026-07-04T03:08:00-07:00,102.06033683333332
1783159980,2026-07-04T03:13:00-07:00,89.97826483333334
1783160040,2026-07-04T03:14:00-07:00,89.97826483333334
1783160100,2026-07-04T03:15:00-07:00,89.97826483333334
1783160160,2026-07-04T03:16:00-07:00,89.97826483333334
1783160220,2026-07-04T03:17:00-07:00,89.97826483333334
1783160340,2026-07-04T03:19:00-07:00,36.285671666666666
1783160400,2026-07-04T03:20:00-07:00,36.285671666666666
1783160460,2026-07-04T03:21:00-07:00,36.285671666666666
1783160520,2026-07-04T03:22:00-07:00,36.285671666666666
1783160580,2026-07-04T03:23:00-07:00,36.285671666666666
1783160700,2026-07-04T03:25:00-07:00,37.77986633333334
1783160760,2026-07-04T03:26:00-07:00,37.77986633333334
1783160820,2026-07-04T03:27:00-07:00,37.77986633333334
1783160880,2026-07-04T03:28:00-07:00,37.77986633333334
1783160940,2026-07-04T03:29:00-07:00,37.77986633333334
1783161060,2026-07-04T03:31:00-07:00,35.50950783333334
1783161120,2026-07-04T03:32:00-07:00,35.50950783333334
1783161180,2026-07-04T03:33:00-07:00,35.50950783333334
1783161240,2026-07-04T03:34:00-07:00,35.50950783333334
1783161300,2026-07-04T03:35:00-07:00,35.50950783333334
1783161480,2026-07-04T03:38:00-07:00,34.983269666666665
1783161540,2026-07-04T03:39:00-07:00,34.983269666666665
1783161600,2026-07-04T03:40:00-07:00,34.983269666666665
1783161660,2026-07-04T03:41:00-07:00,34.983269666666665
1783161720,2026-07-04T03:42:00-07:00,34.983269666666665
1783161840,2026-07-04T03:44:00-07:00,35.64619283333333
1783161900,2026-07-04T03:45:00-07:00,35.64619283333333
1783161960,2026-07-04T03:46:00-07:00,35.64619283333333
1783162020,2026-07-04T03:47:00-07:00,35.64619283333333
1783162080,2026-07-04T03:48:00-07:00,35.64619283333333
1783162140,2026-07-04T03:49:00-07:00,38.10179983333334
1783162200,2026-07-04T03:50:00-07:00,38.10179983333334
1783162260,2026-07-04T03:51:00-07:00,38.10179983333334
1783162320,2026-07-04T03:52:00-07:00,38.10179983333334
1783162380,2026-07-04T03:53:00-07:00,38.10179983333334
1783162500,2026-07-04T03:55:00-07:00,48.818813999999996
1783162560,2026-07-04T03:56:00-07:00,48.818813999999996
1783162620,2026-07-04T03:57:00-07:00,48.818813999999996
1783162680,2026-07-04T03:58:00-07:00,48.818813999999996
1783162740,2026-07-04T03:59:00-07:00,48.818813999999996
1783162800,2026-07-04T04:00:00-07:00,34.97432433333333
1783162860,2026-07-04T04:01:00-07:00,34.97432433333333
1783162920,2026-07-04T04:02:00-07:00,34.97432433333333
1783162980,2026-07-04T04:03:00-07:00,34.97432433333333
1783163040,2026-07-04T04:04:00-07:00,34.97432433333333
1783163280,2026-07-04T04:08:00-07:00,34.677551333333334
1783163340,2026-07-04T04:09:00-07:00,34.677551333333334
1783163400,2026-07-04T04:10:00-07:00,34.677551333333334
1783163460,2026-07-04T04:11:00-07:00,34.677551333333334
1783163520,2026-07-04T04:12:00-07:00,34.677551333333334
1783163580,2026-07-04T04:13:00-07:00,35.403455666666666
1783163640,2026-07-04T04:14:00-07:00,35.403455666666666
1783163700,2026-07-04T04:15:00-07:00,35.403455666666666
1783163760,2026-07-04T04:16:00-07:00,35.403455666666666
1783163820,2026-07-04T04:17:00-07:00,35.403455666666666
1783163880,2026-07-04T04:18:00-07:00,37.723463333333335
1783163940,2026-07-04T04:19:00-07:00,37.723463333333335
1783164000,2026-07-04T04:20:00-07:00,37.723463333333335
1783164060,2026-07-04T04:21:00-07:00,37.723463333333335
1783164120,2026-07-04T04:22:00-07:00,37.723463333333335
1783164240,2026-07-04T04:24:00-07:00,39.528035499999994
1783164300,2026-07-04T04:25:00-07:00,39.528035499999994
1783164360,2026-07-04T04:26:00-07:00,39.528035499999994
1783164420,2026-07-04T04:27:00-07:00,39.528035499999994
1783164480,2026-07-04T04:28:00-07:00,39.528035499999994
1783164600,2026-07-04T04:30:00-07:00,35.45388466666667
1783164660,2026-07-04T04:31:00-07:00,35.45388466666667
1783164720,2026-07-04T04:32:00-07:00,35.45388466666667
1783164780,2026-07-04T04:33:00-07:00,35.45388466666667
1783164840,2026-07-04T04:34:00-07:00,35.45388466666667
1783164960,2026-07-04T04:36:00-07:00,37.42600483333334
1783165020,2026-07-04T04:37:00-07:00,37.42600483333334
1783165080,2026-07-04T04:38:00-07:00,37.42600483333334
1783165140,2026-07-04T04:39:00-07:00,37.42600483333334
1783165200,2026-07-04T04:40:00-07:00,37.42600483333334
1783165320,2026-07-04T04:42:00-07:00,39.748894666666665
1783165380,2026-07-04T04:43:00-07:00,39.748894666666665
1783165440,2026-07-04T04:44:00-07:00,39.748894666666665
1783165500,2026-07-04T04:45:00-07:00,39.748894666666665
1783165560,2026-07-04T04:46:00-07:00,39.748894666666665
1783165740,2026-07-04T04:49:00-07:00,87.92931466666666
1783165800,2026-07-04T04:50:00-07:00,87.92931466666666
1783165860,2026-07-04T04:51:00-07:00,87.92931466666666
1783165920,2026-07-04T04:52:00-07:00,87.92931466666666
1783165980,2026-07-04T04:53:00-07:00,87.92931466666666
1783166040,2026-07-04T04:54:00-07:00,37.03293849999999
1783166100,2026-07-04T04:55:00-07:00,37.03293849999999
1783166160,2026-07-04T04:56:00-07:00,37.03293849999999
1783166220,2026-07-04T04:57:00-07:00,37.03293849999999
1783166280,2026-07-04T04:58:00-07:00,37.03293849999999
1783166340,2026-07-04T04:59:00-07:00,40.52280683333333
1783166400,2026-07-04T05:00:00-07:00,40.52280683333333
1783166460,2026-07-04T05:01:00-07:00,40.52280683333333
1783166520,2026-07-04T05:02:00-07:00,40.52280683333333
1783166580,2026-07-04T05:03:00-07:00,40.52280683333333
1783166640,2026-07-04T05:04:00-07:00,35.27237266666666
1783166700,2026-07-04T05:05:00-07:00,35.27237266666666
1783166760,2026-07-04T05:06:00-07:00,35.27237266666666
1783166820,2026-07-04T05:07:00-07:00,35.27237266666666
1783166880,2026-07-04T05:08:00-07:00,35.27237266666666
1783167060,2026-07-04T05:11:00-07:00,36.81942416666667
1783167120,2026-07-04T05:12:00-07:00,36.81942416666667
1783167180,2026-07-04T05:13:00-07:00,36.81942416666667
1783167240,2026-07-04T05:14:00-07:00,36.81942416666667
1783167300,2026-07-04T05:15:00-07:00,36.81942416666667
1783167480,2026-07-04T05:18:00-07:00,36.147156
1783167540,2026-07-04T05:19:00-07:00,36.147156
1783167600,2026-07-04T05:20:00-07:00,36.147156
1783167660,2026-07-04T05:21:00-07:00,36.147156
1783167720,2026-07-04T05:22:00-07:00,36.147156
1783167780,2026-07-04T05:23:00-07:00,37.22037083333333
1783167840,2026-07-04T05:24:00-07:00,37.22037083333333
1783167900,2026-07-04T05:25:00-07:00,37.22037083333333
1783167960,2026-07-04T05:26:00-07:00,37.22037083333333
1783168020,2026-07-04T05:27:00-07:00,37.22037083333333
1783168140,2026-07-04T05:29:00-07:00,41.96041566666667
1783168200,2026-07-04T05:30:00-07:00,41.96041566666667
1783168260,2026-07-04T05:31:00-07:00,41.96041566666667
1783168320,2026-07-04T05:32:00-07:00,41.96041566666667
1783168380,2026-07-04T05:33:00-07:00,41.96041566666667
1783168560,2026-07-04T05:36:00-07:00,73.40691433333333
1783168620,2026-07-04T05:37:00-07:00,73.40691433333333
1783168680,2026-07-04T05:38:00-07:00,73.40691433333333
1783168740,2026-07-04T05:39:00-07:00,73.40691433333333
1783168800,2026-07-04T05:40:00-07:00,73.40691433333333
1783168920,2026-07-04T05:42:00-07:00,38.18251533333333
1783168980,2026-07-04T05:43:00-07:00,38.18251533333333
1783169040,2026-07-04T05:44:00-07:00,38.18251533333333
1783169100,2026-07-04T05:45:00-07:00,38.18251533333333
1783169160,2026-07-04T05:46:00-07:00,38.18251533333333
1783169340,2026-07-04T05:49:00-07:00,34.998372499999995
1783169400,2026-07-04T05:50:00-07:00,34.998372499999995
1783169460,2026-07-04T05:51:00-07:00,34.998372499999995
1783169520,2026-07-04T05:52:00-07:00,34.998372499999995
1783169580,2026-07-04T05:53:00-07:00,34.998372499999995
1783169640,2026-07-04T05:54:00-07:00,58.27102983333333
1783169700,2026-07-04T05:55:00-07:00,58.27102983333333
1783169760,2026-07-04T05:56:00-07:00,58.27102983333333
1783169820,2026-07-04T05:57:00-07:00,58.27102983333333
1783169880,2026-07-04T05:58:00-07:00,58.27102983333333
1783170000,2026-07-04T06:00:00-07:00,36.706414333333335
1783170060,2026-07-04T06:01:00-07:00,36.706414333333335
1783170120,2026-07-04T06:02:00-07:00,36.706414333333335
1783170180,2026-07-04T06:03:00-07:00,36.706414333333335
1783170240,2026-07-04T06:04:00-07:00,36.706414333333335
1783170300,2026-07-04T06:05:00-07:00,33.64923099999999
1783170360,2026-07-04T06:06:00-07:00,33.64923099999999
1783170420,2026-07-04T06:07:00-07:00,33.64923099999999
1783170480,2026-07-04T06:08:00-07:00,33.64923099999999
1783170540,2026-07-04T06:09:00-07:00,33.64923099999999
1783170660,2026-07-04T06:11:00-07:00,34.60219983333333
1783170720,2026-07-04T06:12:00-07:00,34.60219983333333
1783170780,2026-07-04T06:13:00-07:00,34.60219983333333
1783170840,2026-07-04T06:14:00-07:00,34.60219983333333
1783170900,2026-07-04T06:15:00-07:00,34.60219983333333
1783171020,2026-07-04T06:17:00-07:00,39.8799915
1783171080,2026-07-04T06:18:00-07:00,39.8799915
1783171140,2026-07-04T06:19:00-07:00,39.8799915
1783171200,2026-07-04T06:20:00-07:00,39.8799915
1783171260,2026-07-04T06:21:00-07:00,39.8799915
1783171320,2026-07-04T06:22:00-07:00,37.64753566666667
1783171380,2026-07-04T06:23:00-07:00,37.64753566666667
1783171440,2026-07-04T06:24:00-07:00,37.64753566666667
1783171500,2026-07-04T06:25:00-07:00,37.64753566666667
1783171560,2026-07-04T06:26:00-07:00,37.64753566666667
1783171680,2026-07-04T06:28:00-07:00,38.84492316666667
1783171740,2026-07-04T06:29:00-07:00,38.84492316666667
1783171800,2026-07-04T06:30:00-07:00,38.84492316666667
1783171860,2026-07-04T06:31:00-07:00,38.84492316666667
1783171920,2026-07-04T06:32:00-07:00,38.84492316666667
1783171980,2026-07-04T06:33:00-07:00,39.204271
1783172040,2026-07-04T06:34:00-07:00,39.204271
1783172100,2026-07-04T06:35:00-07:00,39.204271
1783172160,2026-07-04T06:36:00-07:00,39.204271
1783172220,2026-07-04T06:37:00-07:00,39.204271
1783172340,2026-07-04T06:39:00-07:00,58.867892833333336
1783172400,2026-07-04T06:40:00-07:00,58.867892833333336
1783172460,2026-07-04T06:41:00-07:00,58.867892833333336
1783172520,2026-07-04T06:42:00-07:00,58.867892833333336
1783172580,2026-07-04T06:43:00-07:00,58.867892833333336
1783172760,2026-07-04T06:46:00-07:00,54.573601833333335
1783172820,2026-07-04T06:47:00-07:00,54.573601833333335
1783172880,2026-07-04T06:48:00-07:00,54.573601833333335
1783172940,2026-07-04T06:49:00-07:00,54.573601833333335
1783173000,2026-07-04T06:50:00-07:00,54.573601833333335
1783173060,2026-07-04T06:51:00-07:00,39.05095766666667
1783173120,2026-07-04T06:52:00-07:00,39.05095766666667
1783173180,2026-07-04T06:53:00-07:00,39.05095766666667
1783173240,2026-07-04T06:54:00-07:00,39.05095766666667
1783173300,2026-07-04T06:55:00-07:00,39.05095766666667
1783173360,2026-07-04T06:56:00-07:00,99.75498483333332
1783173420,2026-07-04T06:57:00-07:00,99.75498483333332
1783173480,2026-07-04T06:58:00-07:00,99.75498483333332
1783173540,2026-07-04T06:59:00-07:00,99.75498483333332
1783173600,2026-07-04T07:00:00-07:00,99.75498483333332
1783173660,2026-07-04T07:01:00-07:00,136.35470266666667
1783173720,2026-07-04T07:02:00-07:00,136.35470266666667
1783173780,2026-07-04T07:03:00-07:00,136.35470266666667
1783173840,2026-07-04T07:04:00-07:00,136.35470266666667
1783173900,2026-07-04T07:05:00-07:00,136.35470266666667
1783174020,2026-07-04T07:07:00-07:00,58.181403166666676
1783174080,2026-07-04T07:08:00-07:00,58.181403166666676
1783174140,2026-07-04T07:09:00-07:00,58.181403166666676
1783174200,2026-07-04T07:10:00-07:00,58.181403166666676
1783174260,2026-07-04T07:11:00-07:00,58.181403166666676
1783174440,2026-07-04T07:14:00-07:00,258.14194066666664
1783174500,2026-07-04T07:15:00-07:00,258.14194066666664
1783174560,2026-07-04T07:16:00-07:00,258.14194066666664
1783174620,2026-07-04T07:17:00-07:00,258.14194066666664
1783174680,2026-07-04T07:18:00-07:00,258.14194066666664
1783174980,2026-07-04T07:23:00-07:00,86.89015016666666
1783175040,2026-07-04T07:24:00-07:00,86.89015016666666
1783175100,2026-07-04T07:25:00-07:00,86.89015016666666
1783175160,2026-07-04T07:26:00-07:00,86.89015016666666
1783175220,2026-07-04T07:27:00-07:00,86.89015016666666
1783175340,2026-07-04T07:29:00-07:00,430.84130020000003
1783175400,2026-07-04T07:30:00-07:00,430.84130020000003
1783175460,2026-07-04T07:31:00-07:00,430.84130020000003
1783175520,2026-07-04T07:32:00-07:00,430.84130020000003
1783175580,2026-07-04T07:33:00-07:00,430.84130020000003
1783175640,2026-07-04T07:34:00-07:00,120.39243549999999
1783175700,2026-07-04T07:35:00-07:00,120.39243549999999
1783175760,2026-07-04T07:36:00-07:00,120.39243549999999
1783175820,2026-07-04T07:37:00-07:00,120.39243549999999
1783175880,2026-07-04T07:38:00-07:00,120.39243549999999
1783176000,2026-07-04T07:40:00-07:00,141.96915033333332
1783176060,2026-07-04T07:41:00-07:00,141.96915033333332
1783176120,2026-07-04T07:42:00-07:00,141.96915033333332
1783176180,2026-07-04T07:43:00-07:00,141.96915033333332
1783176240,2026-07-04T07:44:00-07:00,141.96915033333332
1783176300,2026-07-04T07:45:00-07:00,494.5803905
1783176360,2026-07-04T07:46:00-07:00,494.5803905
1783176420,2026-07-04T07:47:00-07:00,494.5803905
1783176480,2026-07-04T07:48:00-07:00,494.5803905
1783176540,2026-07-04T07:49:00-07:00,494.5803905
1783176660,2026-07-04T07:51:00-07:00,397.13576933333337
1783176720,2026-07-04T07:52:00-07:00,397.13576933333337
1783176780,2026-07-04T07:53:00-07:00,397.13576933333337
1783176840,2026-07-04T07:54:00-07:00,397.13576933333337
1783176900,2026-07-04T07:55:00-07:00,397.13576933333337
1783177020,2026-07-04T07:57:00-07:00,614.2869810000001
1783177080,2026-07-04T07:58:00-07:00,614.2869810000001
1783177140,2026-07-04T07:59:00-07:00,614.2869810000001
1783177200,2026-07-04T08:00:00-07:00,614.2869810000001
1783177260,2026-07-04T08:01:00-07:00,614.2869810000001
1783177380,2026-07-04T08:03:00-07:00,607.4049275000001
1783177440,2026-07-04T08:04:00-07:00,607.4049275000001
1783177500,2026-07-04T08:05:00-07:00,607.4049275000001
1783177560,2026-07-04T08:06:00-07:00,607.4049275000001
1783177620,2026-07-04T08:07:00-07:00,607.4049275000001
1783177800,2026-07-04T08:10:00-07:00,190.18796783333335
1783177860,2026-07-04T08:11:00-07:00,190.18796783333335
1783177920,2026-07-04T08:12:00-07:00,190.18796783333335
1783177980,2026-07-04T08:13:00-07:00,190.18796783333335
1783178040,2026-07-04T08:14:00-07:00,190.18796783333335
1783178100,2026-07-04T08:15:00-07:00,399.5210368333333
1783178160,2026-07-04T08:16:00-07:00,399.5210368333333
1783178220,2026-07-04T08:17:00-07:00,399.5210368333333
1783178280,2026-07-04T08:18:00-07:00,399.5210368333333
1783178340,2026-07-04T08:19:00-07:00,399.5210368333333
1783178520,2026-07-04T08:22:00-07:00,890.5011600000001
1783178580,2026-07-04T08:23:00-07:00,890.5011600000001
1783178640,2026-07-04T08:24:00-07:00,890.5011600000001
1783178700,2026-07-04T08:25:00-07:00,890.5011600000001
1783178760,2026-07-04T08:26:00-07:00,890.5011600000001
1783178820,2026-07-04T08:27:00-07:00,467.66250299999996
1783178880,2026-07-04T08:28:00-07:00,467.66250299999996
1783178940,2026-07-04T08:29:00-07:00,467.66250299999996
1783179000,2026-07-04T08:30:00-07:00,467.66250299999996
1783179060,2026-07-04T08:31:00-07:00,467.66250299999996
1783179120,2026-07-04T08:32:00-07:00,566.6845365
1783179180,2026-07-04T08:33:00-07:00,566.6845365
1783179240,2026-07-04T08:34:00-07:00,566.6845365
1783179300,2026-07-04T08:35:00-07:00,566.6845365
1783179360,2026-07-04T08:36:00-07:00,566.6845365
1783179480,2026-07-04T08:38:00-07:00,638.558716
1783179540,2026-07-04T08:39:00-07:00,638.558716
1783179600,2026-07-04T08:40:00-07:00,638.558716
1783179660,2026-07-04T08:41:00-07:00,638.558716
1783179720,2026-07-04T08:42:00-07:00,638.558716
1783179900,2026-07-04T08:45:00-07:00,618.833259
1783179960,2026-07-04T08:46:00-07:00,618.833259
1783180020,2026-07-04T08:47:00-07:00,618.833259
1783180080,2026-07-04T08:48:00-07:00,618.833259
1783180140,2026-07-04T08:49:00-07:00,618.833259
1783180260,2026-07-04T08:51:00-07:00,587.5044896666667
1783180320,2026-07-04T08:52:00-07:00,587.5044896666667
1783180380,2026-07-04T08:53:00-07:00,587.5044896666667
1783180440,2026-07-04T08:54:00-07:00,587.5044896666667
1783180500,2026-07-04T08:55:00-07:00,587.5044896666667
1783180680,2026-07-04T08:58:00-07:00,565.7504271666667
1783180740,2026-07-04T08:59:00-07:00,565.7504271666667
1783180800,2026-07-04T09:00:00-07:00,565.7504271666667
1783180860,2026-07-04T09:01:00-07:00,565.7504271666667
1783180920,2026-07-04T09:02:00-07:00,565.7504271666667
1783180980,2026-07-04T09:03:00-07:00,579.714139
1783181040,2026-07-04T09:04:00-07:00,579.714139
1783181100,2026-07-04T09:05:00-07:00,579.714139
1783181160,2026-07-04T09:06:00-07:00,579.714139
1783181220,2026-07-04T09:07:00-07:00,579.714139
1783181280,2026-07-04T09:08:00-07:00,579.9136961666667
1783181340,2026-07-04T09:09:00-07:00,579.9136961666667
1783181400,2026-07-04T09:10:00-07:00,579.9136961666667
1783181460,2026-07-04T09:11:00-07:00,579.9136961666667
1783181520,2026-07-04T09:12:00-07:00,579.9136961666667
1783181940,2026-07-04T09:19:00-07:00,726.8887333333333
1783182000,2026-07-04T09:20:00-07:00,726.8887333333333
1783182060,2026-07-04T09:21:00-07:00,726.8887333333333
1783182120,2026-07-04T09:22:00-07:00,726.8887333333333
1783182180,2026-07-04T09:23:00-07:00,726.8887333333333
1783182240,2026-07-04T09:24:00-07:00,634.1391268333333
1783182300,2026-07-04T09:25:00-07:00,634.1391268333333
1783182360,2026-07-04T09:26:00-07:00,634.1391268333333
1783182420,2026-07-04T09:27:00-07:00,634.1391268333333
1783182480,2026-07-04T09:28:00-07:00,634.1391268333333
1783182720,2026-07-04T09:32:00-07:00,848.4825375000001
1783182780,2026-07-04T09:33:00-07:00,848.4825375000001
1783182840,2026-07-04T09:34:00-07:00,848.4825375000001
1783182900,2026-07-04T09:35:00-07:00,848.4825375000001
1783182960,2026-07-04T09:36:00-07:00,848.4825375000001
1783183080,2026-07-04T09:38:00-07:00,733.3863458333334
1783183140,2026-07-04T09:39:00-07:00,733.3863458333334
1783183200,2026-07-04T09:40:00-07:00,733.3863458333334
1783183260,2026-07-04T09:41:00-07:00,733.3863458333334
1783183320,2026-07-04T09:42:00-07:00,733.3863458333334
1783184580,2026-07-04T10:03:00-07:00,635.6120473333333
1783184640,2026-07-04T10:04:00-07:00,635.6120473333333
1783184700,2026-07-04T10:05:00-07:00,635.6120473333333
1783184760,2026-07-04T10:06:00-07:00,635.6120473333333
1783184820,2026-07-04T10:07:00-07:00,635.6120473333333
1783185240,2026-07-04T10:14:00-07:00,847.2728886666667
1783185300,2026-07-04T10:15:00-07:00,847.2728886666667
1783185360,2026-07-04T10:16:00-07:00,847.2728886666667
1783185420,2026-07-04T10:17:00-07:00,847.2728886666667
1783185480,2026-07-04T10:18:00-07:00,847.2728886666667
1783185660,2026-07-04T10:21:00-07:00,914.9170200000002
1783185720,2026-07-04T10:22:00-07:00,914.9170200000002
1783185780,2026-07-04T10:23:00-07:00,914.9170200000002
1783185840,2026-07-04T10:24:00-07:00,914.9170200000002
1783185900,2026-07-04T10:25:00-07:00,914.9170200000002
1783186020,2026-07-04T10:27:00-07:00,595.0239058333334
1783186080,2026-07-04T10:28:00-07:00,595.0239058333334
1783186140,2026-07-04T10:29:00-07:00,595.0239058333334
1783186200,2026-07-04T10:30:00-07:00,595.0239058333334
1783186260,2026-07-04T10:31:00-07:00,595.0239058333334
1783186380,2026-07-04T10:33:00-07:00,714.6801353333334
1783186440,2026-07-04T10:34:00-07:00,714.6801353333334
1783186500,2026-07-04T10:35:00-07:00,714.6801353333334
1783186560,2026-07-04T10:36:00-07:00,714.6801353333334
1783186620,2026-07-04T10:37:00-07:00,714.6801353333334
1783186740,2026-07-04T10:39:00-07:00,862.31918375
1783186800,2026-07-04T10:40:00-07:00,862.31918375
1783186860,2026-07-04T10:41:00-07:00,862.31918375
1783186920,2026-07-04T10:42:00-07:00,862.31918375
1783186980,2026-07-04T10:43:00-07:00,862.31918375
1783188420,2026-07-04T11:07:00-07:00,627.5791559999999
1783188480,2026-07-04T11:08:00-07:00,627.5791559999999
1783188540,2026-07-04T11:09:00-07:00,627.5791559999999
1783188600,2026-07-04T11:10:00-07:00,627.5791559999999
1783188660,2026-07-04T11:11:00-07:00,627.5791559999999
1783188780,2026-07-04T11:13:00-07:00,703.4446348333335
1783188840,2026-07-04T11:14:00-07:00,703.4446348333335
1783188900,2026-07-04T11:15:00-07:00,703.4446348333335
1783188960,2026-07-04T11:16:00-07:00,703.4446348333335
1783189020,2026-07-04T11:17:00-07:00,703.4446348333335
1783189140,2026-07-04T11:19:00-07:00,506.99630400000007
1783189200,2026-07-04T11:20:00-07:00,506.99630400000007
1783189260,2026-07-04T11:21:00-07:00,506.99630400000007
1783189320,2026-07-04T11:22:00-07:00,506.99630400000007
1783189380,2026-07-04T11:23:00-07:00,506.99630400000007
1783189800,2026-07-04T11:30:00-07:00,737.9785563333335
1783189860,2026-07-04T11:31:00-07:00,737.9785563333335
1783189920,2026-07-04T11:32:00-07:00,737.9785563333335
1783189980,2026-07-04T11:33:00-07:00,737.9785563333335
1783190040,2026-07-04T11:34:00-07:00,737.9785563333335
1783190160,2026-07-04T11:36:00-07:00,505.41029499999996
1783190220,2026-07-04T11:37:00-07:00,505.41029499999996
1783190280,2026-07-04T11:38:00-07:00,505.41029499999996
1783190340,2026-07-04T11:39:00-07:00,505.41029499999996
1783190400,2026-07-04T11:40:00-07:00,505.41029499999996
1783190520,2026-07-04T11:42:00-07:00,793.5230376666667
1783190580,2026-07-04T11:43:00-07:00,793.5230376666667
1783190640,2026-07-04T11:44:00-07:00,793.5230376666667
1783190700,2026-07-04T11:45:00-07:00,793.5230376666667
1783190760,2026-07-04T11:46:00-07:00,793.5230376666667
1783190820,2026-07-04T11:47:00-07:00,635.4423561666666
1783190880,2026-07-04T11:48:00-07:00,635.4423561666666
1783190940,2026-07-04T11:49:00-07:00,635.4423561666666
1783191000,2026-07-04T11:50:00-07:00,635.4423561666666
1783191060,2026-07-04T11:51:00-07:00,635.4423561666666
1783191480,2026-07-04T11:58:00-07:00,759.6662466666667
1783191540,2026-07-04T11:59:00-07:00,759.6662466666667
1783191600,2026-07-04T12:00:00-07:00,759.6662466666667
1783191660,2026-07-04T12:01:00-07:00,759.6662466666667
1783191720,2026-07-04T12:02:00-07:00,759.6662466666667
1783191780,2026-07-04T12:03:00-07:00,952.0178833333334
1783191840,2026-07-04T12:04:00-07:00,952.0178833333334
1783191900,2026-07-04T12:05:00-07:00,952.0178833333334
1783191960,2026-07-04T12:06:00-07:00,952.0178833333334
1783192020,2026-07-04T12:07:00-07:00,952.0178833333334
1783192080,2026-07-04T12:08:00-07:00,525.1058351666667
1783192140,2026-07-04T12:09:00-07:00,525.1058351666667
1783192200,2026-07-04T12:10:00-07:00,525.1058351666667
1783192260,2026-07-04T12:11:00-07:00,525.1058351666667
1783192320,2026-07-04T12:12:00-07:00,525.1058351666667
1783192380,2026-07-04T12:13:00-07:00,708.3480091666667
1783192440,2026-07-04T12:14:00-07:00,708.3480091666667
1783192500,2026-07-04T12:15:00-07:00,708.3480091666667
1783192560,2026-07-04T12:16:00-07:00,708.3480091666667
1783192620,2026-07-04T12:17:00-07:00,708.3480091666667
1783192740,2026-07-04T12:19:00-07:00,675.4814294
1783192800,2026-07-04T12:20:00-07:00,675.4814294
1783192860,2026-07-04T12:21:00-07:00,675.4814294
1783192920,2026-07-04T12:22:00-07:00,675.4814294
1783192980,2026-07-04T12:23:00-07:00,675.4814294
1783193040,2026-07-04T12:24:00-07:00,793.9825446666667
1783193100,2026-07-04T12:25:00-07:00,793.9825446666667
1783193160,2026-07-04T12:26:00-07:00,793.9825446666667
1783193220,2026-07-04T12:27:00-07:00,793.9825446666667
1783193280,2026-07-04T12:28:00-07:00,793.9825446666667
1783193760,2026-07-04T12:36:00-07:00,741.0286123333334
1783193820,2026-07-04T12:37:00-07:00,741.0286123333334
1783193880,2026-07-04T12:38:00-07:00,741.0286123333334
1783193940,2026-07-04T12:39:00-07:00,741.0286123333334
1783194000,2026-07-04T12:40:00-07:00,741.0286123333334
1783194120,2026-07-04T12:42:00-07:00,524.0659045
1783194180,2026-07-04T12:43:00-07:00,524.0659045
1783194240,2026-07-04T12:44:00-07:00,524.0659045
1783194300,2026-07-04T12:45:00-07:00,524.0659045
1783194360,2026-07-04T12:46:00-07:00,524.0659045
1783194420,2026-07-04T12:47:00-07:00,701.9458485
1783194480,2026-07-04T12:48:00-07:00,701.9458485
1783194540,2026-07-04T12:49:00-07:00,701.9458485
1783194600,2026-07-04T12:50:00-07:00,701.9458485
1783194660,2026-07-04T12:51:00-07:00,701.9458485
1783195080,2026-07-04T12:58:00-07:00,740.6382345
1783195140,2026-07-04T12:59:00-07:00,740.6382345
1783195200,2026-07-04T13:00:00-07:00,740.6382345
1783195260,2026-07-04T13:01:00-07:00,740.6382345
1783195320,2026-07-04T13:02:00-07:00,740.6382345
1783195440,2026-07-04T13:04:00-07:00,635.8297121666667
1783195500,2026-07-04T13:05:00-07:00,635.8297121666667
1783195560,2026-07-04T13:06:00-07:00,635.8297121666667
1783195620,2026-07-04T13:07:00-07:00,635.8297121666667
1783195680,2026-07-04T13:08:00-07:00,635.8297121666667
1783195740,2026-07-04T13:09:00-07:00,687.0002441666667
1783195800,2026-07-04T13:10:00-07:00,687.0002441666667
1783195860,2026-07-04T13:11:00-07:00,687.0002441666667
1783195920,2026-07-04T13:12:00-07:00,687.0002441666667
1783195980,2026-07-04T13:13:00-07:00,687.0002441666667
1783196040,2026-07-04T13:14:00-07:00,522.1356541666667
1783196100,2026-07-04T13:15:00-07:00,522.1356541666667
1783196160,2026-07-04T13:16:00-07:00,522.1356541666667
1783196220,2026-07-04T13:17:00-07:00,522.1356541666667
1783196280,2026-07-04T13:18:00-07:00,522.1356541666667
1783196400,2026-07-04T13:20:00-07:00,697.2746516666666
1783196460,2026-07-04T13:21:00-07:00,697.2746516666666
1783196520,2026-07-04T13:22:00-07:00,697.2746516666666
1783196580,2026-07-04T13:23:00-07:00,697.2746516666666
1783196640,2026-07-04T13:24:00-07:00,697.2746516666666
1783196700,2026-07-04T13:25:00-07:00,526.0304566666667
1783196760,2026-07-04T13:26:00-07:00,526.0304566666667
1783196820,2026-07-04T13:27:00-07:00,526.0304566666667
1783196880,2026-07-04T13:28:00-07:00,526.0304566666667
1783196940,2026-07-04T13:29:00-07:00,526.0304566666667
1783197060,2026-07-04T13:31:00-07:00,634.4013335
1783197120,2026-07-04T13:32:00-07:00,634.4013335
1783197180,2026-07-04T13:33:00-07:00,634.4013335
1783197240,2026-07-04T13:34:00-07:00,634.4013335
1783197300,2026-07-04T13:35:00-07:00,634.4013335
1783197360,2026-07-04T13:36:00-07:00,457.6214803333333
1783197420,2026-07-04T13:37:00-07:00,457.6214803333333
1783197480,2026-07-04T13:38:00-07:00,457.6214803333333
1783197540,2026-07-04T13:39:00-07:00,457.6214803333333
1783197600,2026-07-04T13:40:00-07:00,457.6214803333333
1783197720,2026-07-04T13:42:00-07:00,740.2350196666667
1783197780,2026-07-04T13:43:00-07:00,740.2350196666667
1783197840,2026-07-04T13:44:00-07:00,740.2350196666667
1783197900,2026-07-04T13:45:00-07:00,740.2350196666667
1783197960,2026-07-04T13:46:00-07:00,740.2350196666667
1783198680,2026-07-04T13:58:00-07:00,527.3843928333332
1783198740,2026-07-04T13:59:00-07:00,527.3843928333332
1783198800,2026-07-04T14:00:00-07:00,527.3843928333332
1783198860,2026-07-04T14:01:00-07:00,527.3843928333332
1783198920,2026-07-04T14:02:00-07:00,527.3843928333332
1783201800,2026-07-04T14:50:00-07:00,43.86940516666667
1783201860,2026-07-04T14:51:00-07:00,43.86940516666667
1783201920,2026-07-04T14:52:00-07:00,43.86940516666667
1783201980,2026-07-04T14:53:00-07:00,43.86940516666667
1783202040,2026-07-04T14:54:00-07:00,43.86940516666667
1783207020,2026-07-04T16:17:00-07:00,833.6960111666666
1783207080,2026-07-04T16:18:00-07:00,833.6960111666666
1783207140,2026-07-04T16:19:00-07:00,833.6960111666666
1783207200,2026-07-04T16:20:00-07:00,833.6960111666666
1783207260,2026-07-04T16:21:00-07:00,833.6960111666666
1783207380,2026-07-04T16:23:00-07:00,592.3512536
1783207440,2026-07-04T16:24:00-07:00,592.3512536
1783207500,2026-07-04T16:25:00-07:00,592.3512536
1783207560,2026-07-04T16:26:00-07:00,592.3512536
1783207620,2026-07-04T16:27:00-07:00,592.3512536
1783207680,2026-07-04T16:28:00-07:00,961.0895931666668
1783207740,2026-07-04T16:29:00-07:00,961.0895931666668
1783207800,2026-07-04T16:30:00-07:00,961.0895931666668
1783207860,2026-07-04T16:31:00-07:00,961.0895931666668
1783207920,2026-07-04T16:32:00-07:00,961.0895931666668
1783208040,2026-07-04T16:34:00-07:00,762.6851338333332
1783208100,2026-07-04T16:35:00-07:00,762.6851338333332
1783208160,2026-07-04T16:36:00-07:00,762.6851338333332
1783208220,2026-07-04T16:37:00-07:00,762.6851338333332
1783208280,2026-07-04T16:38:00-07:00,762.6851338333332
1783208400,2026-07-04T16:40:00-07:00,639.5607233333333
1783208460,2026-07-04T16:41:00-07:00,639.5607233333333
1783208520,2026-07-04T16:42:00-07:00,639.5607233333333
1783208580,2026-07-04T16:43:00-07:00,639.5607233333333
1783208640,2026-07-04T16:44:00-07:00,639.5607233333333
1783208760,2026-07-04T16:46:00-07:00,634.5403581666666
1783208820,2026-07-04T16:47:00-07:00,634.5403581666666
1783208880,2026-07-04T16:48:00-07:00,634.5403581666666
1783208940,2026-07-04T16:49:00-07:00,634.5403581666666
1783209000,2026-07-04T16:50:00-07:00,634.5403581666666
1783209120,2026-07-04T16:52:00-07:00,579.3447061666666
1783209180,2026-07-04T16:53:00-07:00,579.3447061666666
1783209240,2026-07-04T16:54:00-07:00,579.3447061666666
1783209300,2026-07-04T16:55:00-07:00,579.3447061666666
1783209360,2026-07-04T16:56:00-07:00,579.3447061666666
1783209480,2026-07-04T16:58:00-07:00,759.84078
1783209540,2026-07-04T16:59:00-07:00,759.84078
1783209600,2026-07-04T17:00:00-07:00,759.84078
1783209660,2026-07-04T17:01:00-07:00,759.84078
1783209720,2026-07-04T17:02:00-07:00,759.84078
1783209840,2026-07-04T17:04:00-07:00,635.0788846666666
1783209900,2026-07-04T17:05:00-07:00,635.0788846666666
1783209960,2026-07-04T17:06:00-07:00,635.0788846666666
1783210020,2026-07-04T17:07:00-07:00,635.0788846666666
1783210080,2026-07-04T17:08:00-07:00,635.0788846666666
1783210140,2026-07-04T17:09:00-07:00,731.8421431666666
1783210200,2026-07-04T17:10:00-07:00,731.8421431666666
1783210260,2026-07-04T17:11:00-07:00,731.8421431666666
1783210320,2026-07-04T17:12:00-07:00,731.8421431666666
1783210380,2026-07-04T17:13:00-07:00,731.8421431666666
1783210440,2026-07-04T17:14:00-07:00,642.2932063333334
1783210500,2026-07-04T17:15:00-07:00,642.2932063333334
1783210560,2026-07-04T17:16:00-07:00,642.2932063333334
1783210620,2026-07-04T17:17:00-07:00,642.2932063333334
1783210680,2026-07-04T17:18:00-07:00,642.2932063333334
1783210800,2026-07-04T17:20:00-07:00,579.963196
1783210860,2026-07-04T17:21:00-07:00,579.963196
1783210920,2026-07-04T17:22:00-07:00,579.963196
1783210980,2026-07-04T17:23:00-07:00,579.963196
1783211040,2026-07-04T17:24:00-07:00,579.963196
1783211220,2026-07-04T17:27:00-07:00,698.6049468333334
1783211280,2026-07-04T17:28:00-07:00,698.6049468333334
1783211340,2026-07-04T17:29:00-07:00,698.6049468333334
1783211400,2026-07-04T17:30:00-07:00,698.6049468333334
1783211460,2026-07-04T17:31:00-07:00,698.6049468333334
1783211580,2026-07-04T17:33:00-07:00,613.1753541666667
1783211640,2026-07-04T17:34:00-07:00,613.1753541666667
1783211700,2026-07-04T17:35:00-07:00,613.1753541666667
1783211760,2026-07-04T17:36:00-07:00,613.1753541666667
1783211820,2026-07-04T17:37:00-07:00,613.1753541666667
1783211880,2026-07-04T17:38:00-07:00,523.3722873333332
1783211940,2026-07-04T17:39:00-07:00,523.3722873333332
1783212000,2026-07-04T17:40:00-07:00,523.3722873333332
1783212060,2026-07-04T17:41:00-07:00,523.3722873333332
1783212120,2026-07-04T17:42:00-07:00,523.3722873333332
1783212180,2026-07-04T17:43:00-07:00,662.8083836666666
1783212240,2026-07-04T17:44:00-07:00,662.8083836666666
1783212300,2026-07-04T17:45:00-07:00,662.8083836666666
1783212360,2026-07-04T17:46:00-07:00,662.8083836666666
1783212420,2026-07-04T17:47:00-07:00,662.8083836666666
1783212480,2026-07-04T17:48:00-07:00,642.5071075
1783212540,2026-07-04T17:49:00-07:00,642.5071075
1783212600,2026-07-04T17:50:00-07:00,642.5071075
1783212660,2026-07-04T17:51:00-07:00,642.5071075
1783212720,2026-07-04T17:52:00-07:00,642.5071075
1783213080,2026-07-04T17:58:00-07:00,708.9660322
1783213140,2026-07-04T17:59:00-07:00,708.9660322
1783213200,2026-07-04T18:00:00-07:00,708.9660322
1783213260,2026-07-04T18:01:00-07:00,708.9660322
1783213320,2026-07-04T18:02:00-07:00,708.9660322
1783213440,2026-07-04T18:04:00-07:00,777.224108
1783213500,2026-07-04T18:05:00-07:00,777.224108
1783213560,2026-07-04T18:06:00-07:00,777.224108
1783213620,2026-07-04T18:07:00-07:00,777.224108
1783213680,2026-07-04T18:08:00-07:00,777.224108
1783213740,2026-07-04T18:09:00-07:00,693.3285186666667
1783213800,2026-07-04T18:10:00-07:00,693.3285186666667
1783213860,2026-07-04T18:11:00-07:00,693.3285186666667
1783213920,2026-07-04T18:12:00-07:00,693.3285186666667
1783213980,2026-07-04T18:13:00-07:00,693.3285186666667
1783214040,2026-07-04T18:14:00-07:00,524.060215
1783214100,2026-07-04T18:15:00-07:00,524.060215
1783214160,2026-07-04T18:16:00-07:00,524.060215
1783214220,2026-07-04T18:17:00-07:00,524.060215
1783214280,2026-07-04T18:18:00-07:00,524.060215
1783214340,2026-07-04T18:19:00-07:00,647.9303795
1783214400,2026-07-04T18:20:00-07:00,647.9303795
1783214460,2026-07-04T18:21:00-07:00,647.9303795
1783214520,2026-07-04T18:22:00-07:00,647.9303795
1783214580,2026-07-04T18:23:00-07:00,647.9303795
1783214640,2026-07-04T18:24:00-07:00,775.0680100000001
1783214700,2026-07-04T18:25:00-07:00,775.0680100000001
1783214760,2026-07-04T18:26:00-07:00,775.0680100000001
1783214820,2026-07-04T18:27:00-07:00,775.0680100000001
1783214880,2026-07-04T18:28:00-07:00,775.0680100000001
1783214940,2026-07-04T18:29:00-07:00,514.1346305000001
1783215000,2026-07-04T18:30:00-07:00,514.1346305000001
1783215060,2026-07-04T18:31:00-07:00,514.1346305000001
1783215120,2026-07-04T18:32:00-07:00,514.1346305000001
1783215180,2026-07-04T18:33:00-07:00,514.1346305000001
1783215240,2026-07-04T18:34:00-07:00,524.5011465
1783215300,2026-07-04T18:35:00-07:00,524.5011465
1783215360,2026-07-04T18:36:00-07:00,524.5011465
1783215420,2026-07-04T18:37:00-07:00,524.5011465
1783215480,2026-07-04T18:38:00-07:00,524.5011465
1783215540,2026-07-04T18:39:00-07:00,533.1214261666667
1783215600,2026-07-04T18:40:00-07:00,533.1214261666667
1783215660,2026-07-04T18:41:00-07:00,533.1214261666667
1783215720,2026-07-04T18:42:00-07:00,533.1214261666667
1783215780,2026-07-04T18:43:00-07:00,533.1214261666667
1783215840,2026-07-04T18:44:00-07:00,549.8279895
1783215900,2026-07-04T18:45:00-07:00,549.8279895
1783215960,2026-07-04T18:46:00-07:00,549.8279895
1783216020,2026-07-04T18:47:00-07:00,549.8279895
1783216080,2026-07-04T18:48:00-07:00,549.8279895
1783216140,2026-07-04T18:49:00-07:00,526.6456846666666
1783216200,2026-07-04T18:50:00-07:00,526.6456846666666
1783216260,2026-07-04T18:51:00-07:00,526.6456846666666
1783216320,2026-07-04T18:52:00-07:00,526.6456846666666
1783216380,2026-07-04T18:53:00-07:00,526.6456846666666
1783216440,2026-07-04T18:54:00-07:00,537.4595271666667
1783216500,2026-07-04T18:55:00-07:00,537.4595271666667
1783216560,2026-07-04T18:56:00-07:00,537.4595271666667
1783216620,2026-07-04T18:57:00-07:00,537.4595271666667
1783216680,2026-07-04T18:58:00-07:00,537.4595271666667
1783216800,2026-07-04T19:00:00-07:00,700.8272981666665
1783216860,2026-07-04T19:01:00-07:00,700.8272981666665
1783216920,2026-07-04T19:02:00-07:00,700.8272981666665
1783216980,2026-07-04T19:03:00-07:00,700.8272981666665
1783217040,2026-07-04T19:04:00-07:00,700.8272981666665
1783217100,2026-07-04T19:05:00-07:00,776.8607793333334
1783217160,2026-07-04T19:06:00-07:00,776.8607793333334
1783217220,2026-07-04T19:07:00-07:00,776.8607793333334
1783217280,2026-07-04T19:08:00-07:00,776.8607793333334
1783217340,2026-07-04T19:09:00-07:00,776.8607793333334
1783217400,2026-07-04T19:10:00-07:00,547.3534823333333
1783217460,2026-07-04T19:11:00-07:00,547.3534823333333
1783217520,2026-07-04T19:12:00-07:00,547.3534823333333
1783217580,2026-07-04T19:13:00-07:00,547.3534823333333
1783217640,2026-07-04T19:14:00-07:00,547.3534823333333
1783217700,2026-07-04T19:15:00-07:00,582.3511491666667
1783217760,2026-07-04T19:16:00-07:00,582.3511491666667
1783217820,2026-07-04T19:17:00-07:00,582.3511491666667
1783217880,2026-07-04T19:18:00-07:00,582.3511491666667
1783217940,2026-07-04T19:19:00-07:00,582.3511491666667
1783218000,2026-07-04T19:20:00-07:00,642.3807445
1783218060,2026-07-04T19:21:00-07:00,642.3807445
1783218120,2026-07-04T19:22:00-07:00,642.3807445
1783218180,2026-07-04T19:23:00-07:00,642.3807445
1783218240,2026-07-04T19:24:00-07:00,642.3807445
1783218300,2026-07-04T19:25:00-07:00,476.57725066666666
1783218360,2026-07-04T19:26:00-07:00,476.57725066666666
1783218420,2026-07-04T19:27:00-07:00,476.57725066666666
1783218480,2026-07-04T19:28:00-07:00,476.57725066666666
1783218540,2026-07-04T19:29:00-07:00,476.57725066666666
1783218600,2026-07-04T19:30:00-07:00,458.16879616666665
1783218660,2026-07-04T19:31:00-07:00,458.16879616666665
1783218720,2026-07-04T19:32:00-07:00,458.16879616666665
1783218780,2026-07-04T19:33:00-07:00,458.16879616666665
1783218840,2026-07-04T19:34:00-07:00,458.16879616666665
1783218900,2026-07-04T19:35:00-07:00,507.0725978333333
1783218960,2026-07-04T19:36:00-07:00,507.0725978333333
1783219020,2026-07-04T19:37:00-07:00,507.0725978333333
1783219080,2026-07-04T19:38:00-07:00,507.0725978333333
1783219140,2026-07-04T19:39:00-07:00,507.0725978333333
1783219200,2026-07-04T19:40:00-07:00,805.4042901666668
1783219260,2026-07-04T19:41:00-07:00,805.4042901666668
1783219320,2026-07-04T19:42:00-07:00,805.4042901666668
1783219380,2026-07-04T19:43:00-07:00,805.4042901666668
1783219440,2026-07-04T19:44:00-07:00,805.4042901666668
1783219560,2026-07-04T19:46:00-07:00,783.7096286666666
1783219620,2026-07-04T19:47:00-07:00,783.7096286666666
1783219680,2026-07-04T19:48:00-07:00,783.7096286666666
1783219740,2026-07-04T19:49:00-07:00,783.7096286666666
1783219800,2026-07-04T19:50:00-07:00,783.7096286666666
1783219860,2026-07-04T19:51:00-07:00,857.392972
1783219920,2026-07-04T19:52:00-07:00,857.392972
1783219980,2026-07-04T19:53:00-07:00,857.392972
1783220040,2026-07-04T19:54:00-07:00,857.392972
1783220100,2026-07-04T19:55:00-07:00,857.392972
1783220160,2026-07-04T19:56:00-07:00,740.3163451666668
1783220220,2026-07-04T19:57:00-07:00,740.3163451666668
1783220280,2026-07-04T19:58:00-07:00,740.3163451666668
1783220340,2026-07-04T19:59:00-07:00,740.3163451666668
1783220400,2026-07-04T20:00:00-07:00,740.3163451666668
1783220460,2026-07-04T20:01:00-07:00,802.1285730000001
1783220520,2026-07-04T20:02:00-07:00,802.1285730000001
1783220580,2026-07-04T20:03:00-07:00,802.1285730000001
1783220640,2026-07-04T20:04:00-07:00,802.1285730000001
1783220700,2026-07-04T20:05:00-07:00,802.1285730000001
1783220760,2026-07-04T20:06:00-07:00,756.62171475
1783220820,2026-07-04T20:07:00-07:00,756.62171475
1783220880,2026-07-04T20:08:00-07:00,756.62171475
1783220940,2026-07-04T20:09:00-07:00,756.62171475
1783221000,2026-07-04T20:10:00-07:00,756.62171475
1783221120,2026-07-04T20:12:00-07:00,661.5397746666666
1783221180,2026-07-04T20:13:00-07:00,661.5397746666666
1783221240,2026-07-04T20:14:00-07:00,661.5397746666666
1783221300,2026-07-04T20:15:00-07:00,661.5397746666666
1783221360,2026-07-04T20:16:00-07:00,661.5397746666666
1783221480,2026-07-04T20:18:00-07:00,835.4552886666667
1783221540,2026-07-04T20:19:00-07:00,835.4552886666667
1783221600,2026-07-04T20:20:00-07:00,835.4552886666667
1783221660,2026-07-04T20:21:00-07:00,835.4552886666667
1783221720,2026-07-04T20:22:00-07:00,835.4552886666667
1783221840,2026-07-04T20:24:00-07:00,832.6403611666666
1783221900,2026-07-04T20:25:00-07:00,832.6403611666666
1783221960,2026-07-04T20:26:00-07:00,832.6403611666666
1783222020,2026-07-04T20:27:00-07:00,832.6403611666666
1783222080,2026-07-04T20:28:00-07:00,832.6403611666666
1783222140,2026-07-04T20:29:00-07:00,594.9836918
1783222200,2026-07-04T20:30:00-07:00,594.9836918
1783222260,2026-07-04T20:31:00-07:00,594.9836918
1783222320,2026-07-04T20:32:00-07:00,594.9836918
1783222380,2026-07-04T20:33:00-07:00,594.9836918
1783222500,2026-07-04T20:35:00-07:00,739.3189833333334
1783222560,2026-07-04T20:36:00-07:00,739.3189833333334
1783222620,2026-07-04T20:37:00-07:00,739.3189833333334
1783222680,2026-07-04T20:38:00-07:00,739.3189833333334
1783222740,2026-07-04T20:39:00-07:00,739.3189833333334
1783222800,2026-07-04T20:40:00-07:00,537.1893926666667
1783222860,2026-07-04T20:41:00-07:00,537.1893926666667
1783222920,2026-07-04T20:42:00-07:00,537.1893926666667
1783222980,2026-07-04T20:43:00-07:00,537.1893926666667
1783223040,2026-07-04T20:44:00-07:00,537.1893926666667
1783223220,2026-07-04T20:47:00-07:00,1037.0526605
1783223280,2026-07-04T20:48:00-07:00,1037.0526605
1783223340,2026-07-04T20:49:00-07:00,1037.0526605
1783223400,2026-07-04T20:50:00-07:00,1037.0526605
1783223460,2026-07-04T20:51:00-07:00,1037.0526605
1783223520,2026-07-04T20:52:00-07:00,962.6864086666666
1783223580,2026-07-04T20:53:00-07:00,962.6864086666666
1783223640,2026-07-04T20:54:00-07:00,962.6864086666666
1783223700,2026-07-04T20:55:00-07:00,962.6864086666666
1783223760,2026-07-04T20:56:00-07:00,962.6864086666666
1783223820,2026-07-04T20:57:00-07:00,526.4420101666666
1783223880,2026-07-04T20:58:00-07:00,526.4420101666666
1783223940,2026-07-04T20:59:00-07:00,526.4420101666666
1783224000,2026-07-04T21:00:00-07:00,526.4420101666666
1783224060,2026-07-04T21:01:00-07:00,526.4420101666666
1783224240,2026-07-04T21:04:00-07:00,526.7965701666667
1783224300,2026-07-04T21:05:00-07:00,526.7965701666667
1783224360,2026-07-04T21:06:00-07:00,526.7965701666667
1783224420,2026-07-04T21:07:00-07:00,526.7965701666667
1783224480,2026-07-04T21:08:00-07:00,526.7965701666667
1783224660,2026-07-04T21:11:00-07:00,793.4173183333332
1783224720,2026-07-04T21:12:00-07:00,793.4173183333332
1783224780,2026-07-04T21:13:00-07:00,793.4173183333332
1783224840,2026-07-04T21:14:00-07:00,793.4173183333332
1783224900,2026-07-04T21:15:00-07:00,793.4173183333332
1783224960,2026-07-04T21:16:00-07:00,657.3451066666668
1783225020,2026-07-04T21:17:00-07:00,657.3451066666668
1783225080,2026-07-04T21:18:00-07:00,657.3451066666668
1783225140,2026-07-04T21:19:00-07:00,657.3451066666668
1783225200,2026-07-04T21:20:00-07:00,657.3451066666668
1783225260,2026-07-04T21:21:00-07:00,657.475593
1783225320,2026-07-04T21:22:00-07:00,657.475593
1783225380,2026-07-04T21:23:00-07:00,657.475593
1783225440,2026-07-04T21:24:00-07:00,657.475593
1783225500,2026-07-04T21:25:00-07:00,657.475593
1783225560,2026-07-04T21:26:00-07:00,456.3831993333334
1783225620,2026-07-04T21:27:00-07:00,456.3831993333334
1783225680,2026-07-04T21:28:00-07:00,456.3831993333334
1783225740,2026-07-04T21:29:00-07:00,456.3831993333334
1783225800,2026-07-04T21:30:00-07:00,456.3831993333334
1783225860,2026-07-04T21:31:00-07:00,640.7688400000001
1783225920,2026-07-04T21:32:00-07:00,640.7688400000001
1783225980,2026-07-04T21:33:00-07:00,640.7688400000001
1783226040,2026-07-04T21:34:00-07:00,640.7688400000001
1783226100,2026-07-04T21:35:00-07:00,640.7688400000001
1783226160,2026-07-04T21:36:00-07:00,542.9591878333334
1783226220,2026-07-04T21:37:00-07:00,542.9591878333334
1783226280,2026-07-04T21:38:00-07:00,542.9591878333334
1783226340,2026-07-04T21:39:00-07:00,542.9591878333334
1783226400,2026-07-04T21:40:00-07:00,542.9591878333334
1783226460,2026-07-04T21:41:00-07:00,542.0519003333334
1783226520,2026-07-04T21:42:00-07:00,542.0519003333334
1783226580,2026-07-04T21:43:00-07:00,542.0519003333334
1783226640,2026-07-04T21:44:00-07:00,542.0519003333334
1783226700,2026-07-04T21:45:00-07:00,542.0519003333334
1783226760,2026-07-04T21:46:00-07:00,860.4109433333333
1783226820,2026-07-04T21:47:00-07:00,860.4109433333333
1783226880,2026-07-04T21:48:00-07:00,860.4109433333333
1783226940,2026-07-04T21:49:00-07:00,860.4109433333333
1783227000,2026-07-04T21:50:00-07:00,860.4109433333333
1783227120,2026-07-04T21:52:00-07:00,718.2870148333333
1783227180,2026-07-04T21:53:00-07:00,718.2870148333333
1783227240,2026-07-04T21:54:00-07:00,718.2870148333333
1783227300,2026-07-04T21:55:00-07:00,718.2870148333333
1783227360,2026-07-04T21:56:00-07:00,718.2870148333333
1783227420,2026-07-04T21:57:00-07:00,677.072198
1783227480,2026-07-04T21:58:00-07:00,677.072198
1783227540,2026-07-04T21:59:00-07:00,677.072198
1783227600,2026-07-04T22:00:00-07:00,677.072198
1783227660,2026-07-04T22:01:00-07:00,677.072198
1783227720,2026-07-04T22:02:00-07:00,505.1777075
1783227780,2026-07-04T22:03:00-07:00,505.1777075
1783227840,2026-07-04T22:04:00-07:00,505.1777075
1783227900,2026-07-04T22:05:00-07:00,505.1777075
1783227960,2026-07-04T22:06:00-07:00,505.1777075
1783228320,2026-07-04T22:12:00-07:00,869.4845178333334
1783228380,2026-07-04T22:13:00-07:00,869.4845178333334
1783228440,2026-07-04T22:14:00-07:00,869.4845178333334
1783228500,2026-07-04T22:15:00-07:00,869.4845178333334
1783228560,2026-07-04T22:16:00-07:00,869.4845178333334
1783228620,2026-07-04T22:17:00-07:00,657.3669776666666
1783228680,2026-07-04T22:18:00-07:00,657.3669776666666
1783228740,2026-07-04T22:19:00-07:00,657.3669776666666
1783228800,2026-07-04T22:20:00-07:00,657.3669776666666
1783228860,2026-07-04T22:21:00-07:00,657.3669776666666
1783228920,2026-07-04T22:22:00-07:00,528.7530925
1783228980,2026-07-04T22:23:00-07:00,528.7530925
1783229040,2026-07-04T22:24:00-07:00,528.7530925
1783229100,2026-07-04T22:25:00-07:00,528.7530925
1783229160,2026-07-04T22:26:00-07:00,528.7530925
1783229220,2026-07-04T22:27:00-07:00,975.4464661666667
1783229280,2026-07-04T22:28:00-07:00,975.4464661666667
1783229340,2026-07-04T22:29:00-07:00,975.4464661666667
1783229400,2026-07-04T22:30:00-07:00,975.4464661666667
1783229460,2026-07-04T22:31:00-07:00,975.4464661666667
1783229520,2026-07-04T22:32:00-07:00,486.62029383333333
1783229580,2026-07-04T22:33:00-07:00,486.62029383333333
1783229640,2026-07-04T22:34:00-07:00,486.62029383333333
1783229700,2026-07-04T22:35:00-07:00,486.62029383333333
1783229760,2026-07-04T22:36:00-07:00,486.62029383333333
1783229880,2026-07-04T22:38:00-07:00,587.7719324999999
1783229940,2026-07-04T22:39:00-07:00,587.7719324999999
1783230000,2026-07-04T22:40:00-07:00,587.7719324999999
1783230060,2026-07-04T22:41:00-07:00,587.7719324999999
1783230120,2026-07-04T22:42:00-07:00,587.7719324999999
1783230180,2026-07-04T22:43:00-07:00,611.7098258333332
1783230240,2026-07-04T22:44:00-07:00,611.7098258333332
1783230300,2026-07-04T22:45:00-07:00,611.7098258333332
1783230360,2026-07-04T22:46:00-07:00,611.7098258333332
1783230420,2026-07-04T22:47:00-07:00,611.7098258333332
1783230480,2026-07-04T22:48:00-07:00,761.6613434999999
1783230540,2026-07-04T22:49:00-07:00,761.6613434999999
1783230600,2026-07-04T22:50:00-07:00,761.6613434999999
1783230660,2026-07-04T22:51:00-07:00,761.6613434999999
1783230720,2026-07-04T22:52:00-07:00,761.6613434999999
1783230840,2026-07-04T22:54:00-07:00,691.672445
1783230900,2026-07-04T22:55:00-07:00,691.672445
1783230960,2026-07-04T22:56:00-07:00,691.672445
1783231020,2026-07-04T22:57:00-07:00,691.672445
1783231080,2026-07-04T22:58:00-07:00,691.672445
1783231140,2026-07-04T22:59:00-07:00,801.9845513333333
1783231200,2026-07-04T23:00:00-07:00,801.9845513333333
1783231260,2026-07-04T23:01:00-07:00,801.9845513333333
1783231320,2026-07-04T23:02:00-07:00,801.9845513333333
1783231380,2026-07-04T23:03:00-07:00,801.9845513333333
1783231440,2026-07-04T23:04:00-07:00,1057.028866
1783231500,2026-07-04T23:05:00-07:00,1057.028866
1783231560,2026-07-04T23:06:00-07:00,1057.028866
1783231620,2026-07-04T23:07:00-07:00,1057.028866
1783231680,2026-07-04T23:08:00-07:00,1057.028866
1783231740,2026-07-04T23:09:00-07:00,664.3680830000001
1783231800,2026-07-04T23:10:00-07:00,664.3680830000001
1783231860,2026-07-04T23:11:00-07:00,664.3680830000001
1783231920,2026-07-04T23:12:00-07:00,664.3680830000001
1783231980,2026-07-04T23:13:00-07:00,664.3680830000001
1783232100,2026-07-04T23:15:00-07:00,714.4989220000001
1783232160,2026-07-04T23:16:00-07:00,714.4989220000001
1783232220,2026-07-04T23:17:00-07:00,714.4989220000001
1783232280,2026-07-04T23:18:00-07:00,714.4989220000001
1783232340,2026-07-04T23:19:00-07:00,714.4989220000001
1783232400,2026-07-04T23:20:00-07:00,497.87702099999996
1783232460,2026-07-04T23:21:00-07:00,497.87702099999996
1783232520,2026-07-04T23:22:00-07:00,497.87702099999996
1783232580,2026-07-04T23:23:00-07:00,497.87702099999996
1783232640,2026-07-04T23:24:00-07:00,497.87702099999996
1783232700,2026-07-04T23:25:00-07:00,514.0377133333333
1783232760,2026-07-04T23:26:00-07:00,514.0377133333333
1783232820,2026-07-04T23:27:00-07:00,514.0377133333333
1783232880,2026-07-04T23:28:00-07:00,514.0377133333333
1783232940,2026-07-04T23:29:00-07:00,514.0377133333333
1783233000,2026-07-04T23:30:00-07:00,497.0189685
1783233060,2026-07-04T23:31:00-07:00,497.0189685
1783233120,2026-07-04T23:32:00-07:00,497.0189685
1783233180,2026-07-04T23:33:00-07:00,497.0189685
1783233240,2026-07-04T23:34:00-07:00,497.0189685
1783233300,2026-07-04T23:35:00-07:00,601.9622126666667
1783233360,2026-07-04T23:36:00-07:00,601.9622126666667
1783233420,2026-07-04T23:37:00-07:00,601.9622126666667
1783233480,2026-07-04T23:38:00-07:00,601.9622126666667
1783233540,2026-07-04T23:39:00-07:00,601.9622126666667
1783233660,2026-07-04T23:41:00-07:00,411.1136881666667
1783233720,2026-07-04T23:42:00-07:00,411.1136881666667
1783233780,2026-07-04T23:43:00-07:00,411.1136881666667
1783233840,2026-07-04T23:44:00-07:00,411.1136881666667
1783233900,2026-07-04T23:45:00-07:00,411.1136881666667
1783233960,2026-07-04T23:46:00-07:00,515.4322173333334
1783234020,2026-07-04T23:47:00-07:00,515.4322173333334
1783234080,2026-07-04T23:48:00-07:00,515.4322173333334
1783234140,2026-07-04T23:49:00-07:00,515.4322173333334
1783234200,2026-07-04T23:50:00-07:00,515.4322173333334
1783234260,2026-07-04T23:51:00-07:00,938.4544751666666
1783234320,2026-07-04T23:52:00-07:00,938.4544751666666
1783234380,2026-07-04T23:53:00-07:00,938.4544751666666
1783234440,2026-07-04T23:54:00-07:00,938.4544751666666
1783234500,2026-07-04T23:55:00-07:00,938.4544751666666
1783234560,2026-07-04T23:56:00-07:00,605.3285933333334
1783234620,2026-07-04T23:57:00-07:00,605.3285933333334
1783234680,2026-07-04T23:58:00-07:00,605.3285933333334
1783234740,2026-07-04T23:59:00-07:00,605.3285933333334
1783234800,2026-07-05T00:00:00-07:00,605.3285933333334
1783234920,2026-07-05T00:02:00-07:00,536.4222548333333
1783234980,2026-07-05T00:03:00-07:00,536.4222548333333
1783235040,2026-07-05T00:04:00-07:00,536.4222548333333
1783235100,2026-07-05T00:05:00-07:00,536.4222548333333
1783235160,2026-07-05T00:06:00-07:00,536.4222548333333
1783235220,2026-07-05T00:07:00-07:00,526.0613880000001
1783235280,2026-07-05T00:08:00-07:00,526.0613880000001
1783235340,2026-07-05T00:09:00-07:00,526.0613880000001
1783235400,2026-07-05T00:10:00-07:00,526.0613880000001
1783235460,2026-07-05T00:11:00-07:00,526.0613880000001
1783235520,2026-07-05T00:12:00-07:00,440.2849868333333
1783235580,2026-07-05T00:13:00-07:00,440.2849868333333
1783235640,2026-07-05T00:14:00-07:00,440.2849868333333
1783235700,2026-07-05T00:15:00-07:00,440.2849868333333
1783235760,2026-07-05T00:16:00-07:00,440.2849868333333
1783235820,2026-07-05T00:17:00-07:00,470.5425148333333
1783235880,2026-07-05T00:18:00-07:00,470.5425148333333
1783235940,2026-07-05T00:19:00-07:00,470.5425148333333
1783236000,2026-07-05T00:20:00-07:00,470.5425148333333
1783236060,2026-07-05T00:21:00-07:00,470.5425148333333
1783236120,2026-07-05T00:22:00-07:00,659.3285661666666
1783236180,2026-07-05T00:23:00-07:00,659.3285661666666
1783236240,2026-07-05T00:24:00-07:00,659.3285661666666
1783236300,2026-07-05T00:25:00-07:00,659.3285661666666
1783236360,2026-07-05T00:26:00-07:00,659.3285661666666
1783236420,2026-07-05T00:27:00-07:00,858.9323596666667
1783236480,2026-07-05T00:28:00-07:00,858.9323596666667
1783236540,2026-07-05T00:29:00-07:00,858.9323596666667
1783236600,2026-07-05T00:30:00-07:00,858.9323596666667
1783236660,2026-07-05T00:31:00-07:00,858.9323596666667
1783236720,2026-07-05T00:32:00-07:00,505.68273266666665
1783236780,2026-07-05T00:33:00-07:00,505.68273266666665
1783236840,2026-07-05T00:34:00-07:00,505.68273266666665
1783236900,2026-07-05T00:35:00-07:00,505.68273266666665
1783236960,2026-07-05T00:36:00-07:00,505.68273266666665
1783237080,2026-07-05T00:38:00-07:00,479.8947823333333
1783237140,2026-07-05T00:39:00-07:00,479.8947823333333
1783237200,2026-07-05T00:40:00-07:00,479.8947823333333
1783237260,2026-07-05T00:41:00-07:00,479.8947823333333
1783237320,2026-07-05T00:42:00-07:00,479.8947823333333
1783237380,2026-07-05T00:43:00-07:00,623.9503583333334
1783237440,2026-07-05T00:44:00-07:00,623.9503583333334
1783237500,2026-07-05T00:45:00-07:00,623.9503583333334
1783237560,2026-07-05T00:46:00-07:00,623.9503583333334
1783237620,2026-07-05T00:47:00-07:00,623.9503583333334
1783237680,2026-07-05T00:48:00-07:00,472.2905885
1783237740,2026-07-05T00:49:00-07:00,472.2905885
1783237800,2026-07-05T00:50:00-07:00,472.2905885
1783237860,2026-07-05T00:51:00-07:00,472.2905885
1783237920,2026-07-05T00:52:00-07:00,472.2905885
1783237980,2026-07-05T00:53:00-07:00,360.96575966666666
1783238040,2026-07-05T00:54:00-07:00,360.96575966666666
1783238100,2026-07-05T00:55:00-07:00,360.96575966666666
1783238160,2026-07-05T00:56:00-07:00,360.96575966666666
1783238220,2026-07-05T00:57:00-07:00,360.96575966666666
1783238280,2026-07-05T00:58:00-07:00,407.33266899999995
1783238340,2026-07-05T00:59:00-07:00,407.33266899999995
1783238400,2026-07-05T01:00:00-07:00,407.33266899999995
1783238460,2026-07-05T01:01:00-07:00,407.33266899999995
1783238520,2026-07-05T01:02:00-07:00,407.33266899999995
1783238640,2026-07-05T01:04:00-07:00,396.9861113333333
1783238700,2026-07-05T01:05:00-07:00,396.9861113333333
1783238760,2026-07-05T01:06:00-07:00,396.9861113333333
1783238820,2026-07-05T01:07:00-07:00,396.9861113333333
1783238880,2026-07-05T01:08:00-07:00,396.9861113333333
1783238940,2026-07-05T01:09:00-07:00,348.88998100000003
1783239000,2026-07-05T01:10:00-07:00,348.88998100000003
1783239060,2026-07-05T01:11:00-07:00,348.88998100000003
1783239120,2026-07-05T01:12:00-07:00,348.88998100000003
1783239180,2026-07-05T01:13:00-07:00,348.88998100000003
1783239300,2026-07-05T01:15:00-07:00,130.8665705
1783239360,2026-07-05T01:16:00-07:00,130.8665705
1783239420,2026-07-05T01:17:00-07:00,130.8665705
1783239480,2026-07-05T01:18:00-07:00,130.8665705
1783239540,2026-07-05T01:19:00-07:00,130.8665705
1783239600,2026-07-05T01:20:00-07:00,171.86827933333333
1783239660,2026-07-05T01:21:00-07:00,171.86827933333333
1783239720,2026-07-05T01:22:00-07:00,171.86827933333333
1783239780,2026-07-05T01:23:00-07:00,171.86827933333333
1783239840,2026-07-05T01:24:00-07:00,171.86827933333333
1783239960,2026-07-05T01:26:00-07:00,163.0319485
1783240020,2026-07-05T01:27:00-07:00,163.0319485
1783240080,2026-07-05T01:28:00-07:00,163.0319485
1783240140,2026-07-05T01:29:00-07:00,163.0319485
1783240200,2026-07-05T01:30:00-07:00,163.0319485
1783240260,2026-07-05T01:31:00-07:00,113.78994416666667
1783240320,2026-07-05T01:32:00-07:00,113.78994416666667
1783240380,2026-07-05T01:33:00-07:00,113.78994416666667
1783240440,2026-07-05T01:34:00-07:00,113.78994416666667
1783240500,2026-07-05T01:35:00-07:00,113.78994416666667
1783240560,2026-07-05T01:36:00-07:00,182.22219516666667
1783240620,2026-07-05T01:37:00-07:00,182.22219516666667
1783240680,2026-07-05T01:38:00-07:00,182.22219516666667
1783240740,2026-07-05T01:39:00-07:00,182.22219516666667
1783240800,2026-07-05T01:40:00-07:00,182.22219516666667
1783240920,2026-07-05T01:42:00-07:00,112.42401816666666
1783240980,2026-07-05T01:43:00-07:00,112.42401816666666
1783241040,2026-07-05T01:44:00-07:00,112.42401816666666
1783241100,2026-07-05T01:45:00-07:00,112.42401816666666
1783241160,2026-07-05T01:46:00-07:00,112.42401816666666
1783241220,2026-07-05T01:47:00-07:00,62.545199833333335
1783241280,2026-07-05T01:48:00-07:00,62.545199833333335
1783241340,2026-07-05T01:49:00-07:00,62.545199833333335
1783241400,2026-07-05T01:50:00-07:00,62.545199833333335
1783241460,2026-07-05T01:51:00-07:00,62.545199833333335
1783241520,2026-07-05T01:52:00-07:00,92.684862
1783241580,2026-07-05T01:53:00-07:00,92.684862
1783241640,2026-07-05T01:54:00-07:00,92.684862
1783241700,2026-07-05T01:55:00-07:00,92.684862
1783241760,2026-07-05T01:56:00-07:00,92.684862
1783241880,2026-07-05T01:58:00-07:00,50.377821000000004
1783241940,2026-07-05T01:59:00-07:00,50.377821000000004
1783242000,2026-07-05T02:00:00-07:00,50.377821000000004
1783242060,2026-07-05T02:01:00-07:00,50.377821000000004
1783242120,2026-07-05T02:02:00-07:00,50.377821000000004
1783242180,2026-07-05T02:03:00-07:00,62.56975
1783242240,2026-07-05T02:04:00-07:00,62.56975
1783242300,2026-07-05T02:05:00-07:00,62.56975
1783242360,2026-07-05T02:06:00-07:00,62.56975
1783242420,2026-07-05T02:07:00-07:00,62.56975
1783242480,2026-07-05T02:08:00-07:00,65.67654083333333
1783242540,2026-07-05T02:09:00-07:00,65.67654083333333
1783242600,2026-07-05T02:10:00-07:00,65.67654083333333
1783242660,2026-07-05T02:11:00-07:00,65.67654083333333
1783242720,2026-07-05T02:12:00-07:00,65.67654083333333
1783242780,2026-07-05T02:13:00-07:00,54.22100849999999
1783242840,2026-07-05T02:14:00-07:00,54.22100849999999
1783242900,2026-07-05T02:15:00-07:00,54.22100849999999
1783242960,2026-07-05T02:16:00-07:00,54.22100849999999
1783243020,2026-07-05T02:17:00-07:00,54.22100849999999
1783243080,2026-07-05T02:18:00-07:00,99.87942866666667
1783243140,2026-07-05T02:19:00-07:00,99.87942866666667
1783243200,2026-07-05T02:20:00-07:00,99.87942866666667
1783243260,2026-07-05T02:21:00-07:00,99.87942866666667
1783243320,2026-07-05T02:22:00-07:00,99.87942866666667
1783243380,2026-07-05T02:23:00-07:00,85.99768766666666
1783243440,2026-07-05T02:24:00-07:00,85.99768766666666
1783243500,2026-07-05T02:25:00-07:00,85.99768766666666
1783243560,2026-07-05T02:26:00-07:00,85.99768766666666
1783243620,2026-07-05T02:27:00-07:00,85.99768766666666
1783243680,2026-07-05T02:28:00-07:00,41.210821833333334
1783243740,2026-07-05T02:29:00-07:00,41.210821833333334
1783243800,2026-07-05T02:30:00-07:00,41.210821833333334
1783243860,2026-07-05T02:31:00-07:00,41.210821833333334
1783243920,2026-07-05T02:32:00-07:00,41.210821833333334
1783243980,2026-07-05T02:33:00-07:00,42.356309499999995
1783244040,2026-07-05T02:34:00-07:00,42.356309499999995
1783244100,2026-07-05T02:35:00-07:00,42.356309499999995
1783244160,2026-07-05T02:36:00-07:00,42.356309499999995
1783244220,2026-07-05T02:37:00-07:00,42.356309499999995
1783244280,2026-07-05T02:38:00-07:00,77.05437533333334
1783244340,2026-07-05T02:39:00-07:00,77.05437533333334
1783244400,2026-07-05T02:40:00-07:00,77.05437533333334
1783244460,2026-07-05T02:41:00-07:00,77.05437533333334
1783244520,2026-07-05T02:42:00-07:00,77.05437533333334
1783244580,2026-07-05T02:43:00-07:00,58.54834016666667
1783244640,2026-07-05T02:44:00-07:00,58.54834016666667
1783244700,2026-07-05T02:45:00-07:00,58.54834016666667
1783244760,2026-07-05T02:46:00-07:00,58.54834016666667
1783244820,2026-07-05T02:47:00-07:00,58.54834016666667
1783244940,2026-07-05T02:49:00-07:00,39.53684483333333
1783245000,2026-07-05T02:50:00-07:00,39.53684483333333
1783245060,2026-07-05T02:51:00-07:00,39.53684483333333
1783245120,2026-07-05T02:52:00-07:00,39.53684483333333
1783245180,2026-07-05T02:53:00-07:00,39.53684483333333
1783245240,2026-07-05T02:54:00-07:00,38.57858616666667
1783245300,2026-07-05T02:55:00-07:00,38.57858616666667
1783245360,2026-07-05T02:56:00-07:00,38.57858616666667
1783245420,2026-07-05T02:57:00-07:00,38.57858616666667
1783245480,2026-07-05T02:58:00-07:00,38.57858616666667
1783245600,2026-07-05T03:00:00-07:00,36.344353500000004
1783245660,2026-07-05T03:01:00-07:00,36.344353500000004
1783245720,2026-07-05T03:02:00-07:00,36.344353500000004
1783245780,2026-07-05T03:03:00-07:00,36.344353500000004
1783245840,2026-07-05T03:04:00-07:00,36.344353500000004
1783245900,2026-07-05T03:05:00-07:00,234.73626066666665
1783245960,2026-07-05T03:06:00-07:00,234.73626066666665
1783246020,2026-07-05T03:07:00-07:00,234.73626066666665
1783246080,2026-07-05T03:08:00-07:00,234.73626066666665
1783246140,2026-07-05T03:09:00-07:00,234.73626066666665
1783246200,2026-07-05T03:10:00-07:00,32.47574866666666
1783246260,2026-07-05T03:11:00-07:00,32.47574866666666
1783246320,2026-07-05T03:12:00-07:00,32.47574866666666
1783246380,2026-07-05T03:13:00-07:00,32.47574866666666
1783246440,2026-07-05T03:14:00-07:00,32.47574866666666
1783246500,2026-07-05T03:15:00-07:00,36.53193483333333
1783246560,2026-07-05T03:16:00-07:00,36.53193483333333
1783246620,2026-07-05T03:17:00-07:00,36.53193483333333
1783246680,2026-07-05T03:18:00-07:00,36.53193483333333
1783246740,2026-07-05T03:19:00-07:00,36.53193483333333
1783246860,2026-07-05T03:21:00-07:00,234.1712103333333
1783246920,2026-07-05T03:22:00-07:00,234.1712103333333
1783246980,2026-07-05T03:23:00-07:00,234.1712103333333
1783247040,2026-07-05T03:24:00-07:00,234.1712103333333
1783247100,2026-07-05T03:25:00-07:00,234.1712103333333
1783247160,2026-07-05T03:26:00-07:00,37.33603266666666
1783247220,2026-07-05T03:27:00-07:00,37.33603266666666
1783247280,2026-07-05T03:28:00-07:00,37.33603266666666
1783247340,2026-07-05T03:29:00-07:00,37.33603266666666
1783247400,2026-07-05T03:30:00-07:00,37.33603266666666
1783247460,2026-07-05T03:31:00-07:00,261.421448
1783247520,2026-07-05T03:32:00-07:00,261.421448
1783247580,2026-07-05T03:33:00-07:00,261.421448
1783247640,2026-07-05T03:34:00-07:00,261.421448
1783247700,2026-07-05T03:35:00-07:00,261.421448
1783247760,2026-07-05T03:36:00-07:00,257.9774166666667
1783247820,2026-07-05T03:37:00-07:00,257.9774166666667
1783247880,2026-07-05T03:38:00-07:00,257.9774166666667
1783247940,2026-07-05T03:39:00-07:00,257.9774166666667
1783248000,2026-07-05T03:40:00-07:00,257.9774166666667
1783248060,2026-07-05T03:41:00-07:00,36.8697445
1783248120,2026-07-05T03:42:00-07:00,36.8697445
1783248180,2026-07-05T03:43:00-07:00,36.8697445
1783248240,2026-07-05T03:44:00-07:00,36.8697445
1783248300,2026-07-05T03:45:00-07:00,36.8697445
1783248360,2026-07-05T03:46:00-07:00,39.341078
1783248420,2026-07-05T03:47:00-07:00,39.341078
1783248480,2026-07-05T03:48:00-07:00,39.341078
1783248540,2026-07-05T03:49:00-07:00,39.341078
1783248600,2026-07-05T03:50:00-07:00,39.341078
1783248720,2026-07-05T03:52:00-07:00,40.78975433333333
1783248780,2026-07-05T03:53:00-07:00,40.78975433333333
1783248840,2026-07-05T03:54:00-07:00,40.78975433333333
1783248900,2026-07-05T03:55:00-07:00,40.78975433333333
1783248960,2026-07-05T03:56:00-07:00,40.78975433333333
1783249080,2026-07-05T03:58:00-07:00,37.503112666666674
1783249140,2026-07-05T03:59:00-07:00,37.503112666666674
1783249200,2026-07-05T04:00:00-07:00,37.503112666666674
1783249260,2026-07-05T04:01:00-07:00,37.503112666666674
1783249320,2026-07-05T04:02:00-07:00,37.503112666666674
1783249380,2026-07-05T04:03:00-07:00,189.21556266666673
1783249440,2026-07-05T04:04:00-07:00,189.21556266666673
1783249500,2026-07-05T04:05:00-07:00,189.21556266666673
1783249560,2026-07-05T04:06:00-07:00,189.21556266666673
1783249620,2026-07-05T04:07:00-07:00,189.21556266666673
1783249680,2026-07-05T04:08:00-07:00,36.47987883333332
1783249740,2026-07-05T04:09:00-07:00,36.47987883333332
1783249800,2026-07-05T04:10:00-07:00,36.47987883333332
1783249860,2026-07-05T04:11:00-07:00,36.47987883333332
1783249920,2026-07-05T04:12:00-07:00,36.47987883333332
1783249980,2026-07-05T04:13:00-07:00,37.172037833333334
1783250040,2026-07-05T04:14:00-07:00,37.172037833333334
1783250100,2026-07-05T04:15:00-07:00,37.172037833333334
1783250160,2026-07-05T04:16:00-07:00,37.172037833333334
1783250220,2026-07-05T04:17:00-07:00,37.172037833333334
1783250280,2026-07-05T04:18:00-07:00,36.71074766666666
1783250340,2026-07-05T04:19:00-07:00,36.71074766666666
1783250400,2026-07-05T04:20:00-07:00,36.71074766666666
1783250460,2026-07-05T04:21:00-07:00,36.71074766666666
1783250520,2026-07-05T04:22:00-07:00,36.71074766666666
1783250580,2026-07-05T04:23:00-07:00,42.95738383333333
1783250640,2026-07-05T04:24:00-07:00,42.95738383333333
1783250700,2026-07-05T04:25:00-07:00,42.95738383333333
1783250760,2026-07-05T04:26:00-07:00,42.95738383333333
1783250820,2026-07-05T04:27:00-07:00,42.95738383333333
1783250940,2026-07-05T04:29:00-07:00,38.13187633333334
1783251000,2026-07-05T04:30:00-07:00,38.13187633333334
1783251060,2026-07-05T04:31:00-07:00,38.13187633333334
1783251120,2026-07-05T04:32:00-07:00,38.13187633333334
1783251180,2026-07-05T04:33:00-07:00,38.13187633333334
1783251240,2026-07-05T04:34:00-07:00,34.98983416666667
1783251300,2026-07-05T04:35:00-07:00,34.98983416666667
1783251360,2026-07-05T04:36:00-07:00,34.98983416666667
1783251420,2026-07-05T04:37:00-07:00,34.98983416666667
1783251480,2026-07-05T04:38:00-07:00,34.98983416666667
1783251540,2026-07-05T04:39:00-07:00,38.574462833333335
1783251600,2026-07-05T04:40:00-07:00,38.574462833333335
1783251660,2026-07-05T04:41:00-07:00,38.574462833333335
1783251720,2026-07-05T04:42:00-07:00,38.574462833333335
1783251780,2026-07-05T04:43:00-07:00,38.574462833333335
1783251900,2026-07-05T04:45:00-07:00,228.2138878333333
1783251960,2026-07-05T04:46:00-07:00,228.2138878333333
1783252020,2026-07-05T04:47:00-07:00,228.2138878333333
1783252080,2026-07-05T04:48:00-07:00,228.2138878333333
1783252140,2026-07-05T04:49:00-07:00,228.2138878333333
1783252200,2026-07-05T04:50:00-07:00,38.979811000000005
1783252260,2026-07-05T04:51:00-07:00,38.979811000000005
1783252320,2026-07-05T04:52:00-07:00,38.979811000000005
1783252380,2026-07-05T04:53:00-07:00,38.979811000000005
1783252440,2026-07-05T04:54:00-07:00,38.979811000000005
1783252500,2026-07-05T04:55:00-07:00,36.631504
1783252560,2026-07-05T04:56:00-07:00,36.631504
1783252620,2026-07-05T04:57:00-07:00,36.631504
1783252680,2026-07-05T04:58:00-07:00,36.631504
1783252740,2026-07-05T04:59:00-07:00,36.631504
1783252860,2026-07-05T05:01:00-07:00,39.27219633333333
1783252920,2026-07-05T05:02:00-07:00,39.27219633333333
1783252980,2026-07-05T05:03:00-07:00,39.27219633333333
1783253040,2026-07-05T05:04:00-07:00,39.27219633333333
1783253100,2026-07-05T05:05:00-07:00,39.27219633333333
1783253160,2026-07-05T05:06:00-07:00,35.04311116666667
1783253220,2026-07-05T05:07:00-07:00,35.04311116666667
1783253280,2026-07-05T05:08:00-07:00,35.04311116666667
1783253340,2026-07-05T05:09:00-07:00,35.04311116666667
1783253400,2026-07-05T05:10:00-07:00,35.04311116666667
1783253520,2026-07-05T05:12:00-07:00,36.50368916666667
1783253580,2026-07-05T05:13:00-07:00,36.50368916666667
1783253640,2026-07-05T05:14:00-07:00,36.50368916666667
1783253700,2026-07-05T05:15:00-07:00,36.50368916666667
1783253760,2026-07-05T05:16:00-07:00,36.50368916666667
1783253820,2026-07-05T05:17:00-07:00,87.72392433333333
1783253880,2026-07-05T05:18:00-07:00,87.72392433333333
1783253940,2026-07-05T05:19:00-07:00,87.72392433333333
1783254000,2026-07-05T05:20:00-07:00,87.72392433333333
1783254060,2026-07-05T05:21:00-07:00,87.72392433333333
1783254180,2026-07-05T05:23:00-07:00,35.077874333333334
1783254240,2026-07-05T05:24:00-07:00,35.077874333333334
1783254300,2026-07-05T05:25:00-07:00,35.077874333333334
1783254360,2026-07-05T05:26:00-07:00,35.077874333333334
1783254420,2026-07-05T05:27:00-07:00,35.077874333333334
1783254540,2026-07-05T05:29:00-07:00,38.412286
1783254600,2026-07-05T05:30:00-07:00,38.412286
1783254660,2026-07-05T05:31:00-07:00,38.412286
1783254720,2026-07-05T05:32:00-07:00,38.412286
1783254780,2026-07-05T05:33:00-07:00,38.412286
1783254840,2026-07-05T05:34:00-07:00,37.0044215
1783254900,2026-07-05T05:35:00-07:00,37.0044215
1783254960,2026-07-05T05:36:00-07:00,37.0044215
1783255020,2026-07-05T05:37:00-07:00,37.0044215
1783255080,2026-07-05T05:38:00-07:00,37.0044215
1783255200,2026-07-05T05:40:00-07:00,36.265869
1783255260,2026-07-05T05:41:00-07:00,36.265869
1783255320,2026-07-05T05:42:00-07:00,36.265869
1783255380,2026-07-05T05:43:00-07:00,36.265869
1783255440,2026-07-05T05:44:00-07:00,36.265869
1783255560,2026-07-05T05:46:00-07:00,44.650343
1783255620,2026-07-05T05:47:00-07:00,44.650343
1783255680,2026-07-05T05:48:00-07:00,44.650343
1783255740,2026-07-05T05:49:00-07:00,44.650343
1783255800,2026-07-05T05:50:00-07:00,44.650343
1783255860,2026-07-05T05:51:00-07:00,39.32716166666666
1783255920,2026-07-05T05:52:00-07:00,39.32716166666666
1783255980,2026-07-05T05:53:00-07:00,39.32716166666666
1783256040,2026-07-05T05:54:00-07:00,39.32716166666666
1783256100,2026-07-05T05:55:00-07:00,39.32716166666666
1783256160,2026-07-05T05:56:00-07:00,85.97789833333333
1783256220,2026-07-05T05:57:00-07:00,85.97789833333333
1783256280,2026-07-05T05:58:00-07:00,85.97789833333333
1783256340,2026-07-05T05:59:00-07:00,85.97789833333333
1783256400,2026-07-05T06:00:00-07:00,85.97789833333333
1783256520,2026-07-05T06:02:00-07:00,70.76508249999999
1783256580,2026-07-05T06:03:00-07:00,70.76508249999999
1783256640,2026-07-05T06:04:00-07:00,70.76508249999999
1783256700,2026-07-05T06:05:00-07:00,70.76508249999999
1783256760,2026-07-05T06:06:00-07:00,70.76508249999999
1783256820,2026-07-05T06:07:00-07:00,42.163343833333336
1783256880,2026-07-05T06:08:00-07:00,42.163343833333336
1783256940,2026-07-05T06:09:00-07:00,42.163343833333336
1783257000,2026-07-05T06:10:00-07:00,42.163343833333336
1783257060,2026-07-05T06:11:00-07:00,42.163343833333336
1783257120,2026-07-05T06:12:00-07:00,38.95920133333333
1783257180,2026-07-05T06:13:00-07:00,38.95920133333333
1783257240,2026-07-05T06:14:00-07:00,38.95920133333333
1783257300,2026-07-05T06:15:00-07:00,38.95920133333333
1783257360,2026-07-05T06:16:00-07:00,38.95920133333333
1783257480,2026-07-05T06:18:00-07:00,38.013027666666666
1783257540,2026-07-05T06:19:00-07:00,38.013027666666666
1783257600,2026-07-05T06:20:00-07:00,38.013027666666666
1783257660,2026-07-05T06:21:00-07:00,38.013027666666666
1783257720,2026-07-05T06:22:00-07:00,38.013027666666666
1783257780,2026-07-05T06:23:00-07:00,40.383477500000005
1783257840,2026-07-05T06:24:00-07:00,40.383477500000005
1783257900,2026-07-05T06:25:00-07:00,40.383477500000005
1783257960,2026-07-05T06:26:00-07:00,40.383477500000005
1783258020,2026-07-05T06:27:00-07:00,40.383477500000005
1783258140,2026-07-05T06:29:00-07:00,35.635389833333335
1783258200,2026-07-05T06:30:00-07:00,35.635389833333335
1783258260,2026-07-05T06:31:00-07:00,35.635389833333335
1783258320,2026-07-05T06:32:00-07:00,35.635389833333335
1783258380,2026-07-05T06:33:00-07:00,35.635389833333335
1783258440,2026-07-05T06:34:00-07:00,43.161282166666666
1783258500,2026-07-05T06:35:00-07:00,43.161282166666666
1783258560,2026-07-05T06:36:00-07:00,43.161282166666666
1783258620,2026-07-05T06:37:00-07:00,43.161282166666666
1783258680,2026-07-05T06:38:00-07:00,43.161282166666666
1783258740,2026-07-05T06:39:00-07:00,48.518588666666666
1783258800,2026-07-05T06:40:00-07:00,48.518588666666666
1783258860,2026-07-05T06:41:00-07:00,48.518588666666666
1783258920,2026-07-05T06:42:00-07:00,48.518588666666666
1783258980,2026-07-05T06:43:00-07:00,48.518588666666666
1783259040,2026-07-05T06:44:00-07:00,72.86927633333333
1783259100,2026-07-05T06:45:00-07:00,72.86927633333333
1783259160,2026-07-05T06:46:00-07:00,72.86927633333333
1783259220,2026-07-05T06:47:00-07:00,72.86927633333333
1783259280,2026-07-05T06:48:00-07:00,72.86927633333333
1783259340,2026-07-05T06:49:00-07:00,70.69826283333333
1783259400,2026-07-05T06:50:00-07:00,70.69826283333333
1783259460,2026-07-05T06:51:00-07:00,70.69826283333333
1783259520,2026-07-05T06:52:00-07:00,70.69826283333333
1783259580,2026-07-05T06:53:00-07:00,70.69826283333333
1783259700,2026-07-05T06:55:00-07:00,79.55387383333333
1783259760,2026-07-05T06:56:00-07:00,79.55387383333333
1783259820,2026-07-05T06:57:00-07:00,79.55387383333333
1783259880,2026-07-05T06:58:00-07:00,79.55387383333333
1783259940,2026-07-05T06:59:00-07:00,79.55387383333333
1783260000,2026-07-05T07:00:00-07:00,73.60474983333333
1783260060,2026-07-05T07:01:00-07:00,73.60474983333333
1783260120,2026-07-05T07:02:00-07:00,73.60474983333333
1783260180,2026-07-05T07:03:00-07:00,73.60474983333333
1783260240,2026-07-05T07:04:00-07:00,73.60474983333333
1783260300,2026-07-05T07:05:00-07:00,78.4837375
1783260360,2026-07-05T07:06:00-07:00,78.4837375
1783260420,2026-07-05T07:07:00-07:00,78.4837375
1783260480,2026-07-05T07:08:00-07:00,78.4837375
1783260540,2026-07-05T07:09:00-07:00,78.4837375
1783260660,2026-07-05T07:11:00-07:00,43.247104500000006
1783260720,2026-07-05T07:12:00-07:00,43.247104500000006
1783260780,2026-07-05T07:13:00-07:00,43.247104500000006
1783260840,2026-07-05T07:14:00-07:00,43.247104500000006
1783260900,2026-07-05T07:15:00-07:00,43.247104500000006
1783260960,2026-07-05T07:16:00-07:00,55.84613066666666
1783261020,2026-07-05T07:17:00-07:00,55.84613066666666
1783261080,2026-07-05T07:18:00-07:00,55.84613066666666
1783261140,2026-07-05T07:19:00-07:00,55.84613066666666
1783261200,2026-07-05T07:20:00-07:00,55.84613066666666
1783261320,2026-07-05T07:22:00-07:00,143.80881066666666
1783261380,2026-07-05T07:23:00-07:00,143.80881066666666
1783261440,2026-07-05T07:24:00-07:00,143.80881066666666
1783261500,2026-07-05T07:25:00-07:00,143.80881066666666
1783261560,2026-07-05T07:26:00-07:00,143.80881066666666
1783261620,2026-07-05T07:27:00-07:00,120.48913583333335
1783261680,2026-07-05T07:28:00-07:00,120.48913583333335
1783261740,2026-07-05T07:29:00-07:00,120.48913583333335
1783261800,2026-07-05T07:30:00-07:00,120.48913583333335
1783261860,2026-07-05T07:31:00-07:00,120.48913583333335
1783261980,2026-07-05T07:33:00-07:00,210.93471283333338
1783262040,2026-07-05T07:34:00-07:00,210.93471283333338
1783262100,2026-07-05T07:35:00-07:00,210.93471283333338
1783262160,2026-07-05T07:36:00-07:00,210.93471283333338
1783262220,2026-07-05T07:37:00-07:00,210.93471283333338
1783262400,2026-07-05T07:40:00-07:00,38.40155733333333
1783262460,2026-07-05T07:41:00-07:00,38.40155733333333
1783262520,2026-07-05T07:42:00-07:00,38.40155733333333
1783262580,2026-07-05T07:43:00-07:00,38.40155733333333
1783262640,2026-07-05T07:44:00-07:00,38.40155733333333
1783262820,2026-07-05T07:47:00-07:00,210.35892066666668
1783262880,2026-07-05T07:48:00-07:00,210.35892066666668
1783262940,2026-07-05T07:49:00-07:00,210.35892066666668
1783263000,2026-07-05T07:50:00-07:00,210.35892066666668
1783263060,2026-07-05T07:51:00-07:00,210.35892066666668
1783263120,2026-07-05T07:52:00-07:00,193.55912283333336
1783263180,2026-07-05T07:53:00-07:00,193.55912283333336
1783263240,2026-07-05T07:54:00-07:00,193.55912283333336
1783263300,2026-07-05T07:55:00-07:00,193.55912283333336
1783263360,2026-07-05T07:56:00-07:00,193.55912283333336
1783263540,2026-07-05T07:59:00-07:00,276.25305183333336
1783263600,2026-07-05T08:00:00-07:00,276.25305183333336
1783263660,2026-07-05T08:01:00-07:00,276.25305183333336
1783263720,2026-07-05T08:02:00-07:00,276.25305183333336
1783263780,2026-07-05T08:03:00-07:00,276.25305183333336
1783263900,2026-07-05T08:05:00-07:00,339.4364966666667
1783263960,2026-07-05T08:06:00-07:00,339.4364966666667
1783264020,2026-07-05T08:07:00-07:00,339.4364966666667
1783264080,2026-07-05T08:08:00-07:00,339.4364966666667
1783264140,2026-07-05T08:09:00-07:00,339.4364966666667
1783264320,2026-07-05T08:12:00-07:00,251.72294783333334
1783264380,2026-07-05T08:13:00-07:00,251.72294783333334
1783264440,2026-07-05T08:14:00-07:00,251.72294783333334
1783264500,2026-07-05T08:15:00-07:00,251.72294783333334
1783264560,2026-07-05T08:16:00-07:00,251.72294783333334
1783264680,2026-07-05T08:18:00-07:00,472.6704038333334
1783264740,2026-07-05T08:19:00-07:00,472.6704038333334
1783264800,2026-07-05T08:20:00-07:00,472.6704038333334
1783264860,2026-07-05T08:21:00-07:00,472.6704038333334
1783264920,2026-07-05T08:22:00-07:00,472.6704038333334
1783265100,2026-07-05T08:25:00-07:00,511.0701159999999
1783265160,2026-07-05T08:26:00-07:00,511.0701159999999
1783265220,2026-07-05T08:27:00-07:00,511.0701159999999
1783265280,2026-07-05T08:28:00-07:00,511.0701159999999
1783265340,2026-07-05T08:29:00-07:00,511.0701159999999
1783265460,2026-07-05T08:31:00-07:00,451.8813614999999
1783265520,2026-07-05T08:32:00-07:00,451.8813614999999
1783265580,2026-07-05T08:33:00-07:00,451.8813614999999
1783265640,2026-07-05T08:34:00-07:00,451.8813614999999
1783265700,2026-07-05T08:35:00-07:00,451.8813614999999
1783265760,2026-07-05T08:36:00-07:00,748.3751426666666
1783265820,2026-07-05T08:37:00-07:00,748.3751426666666
1783265880,2026-07-05T08:38:00-07:00,748.3751426666666
1783265940,2026-07-05T08:39:00-07:00,748.3751426666666
1783266000,2026-07-05T08:40:00-07:00,748.3751426666666
1783266180,2026-07-05T08:43:00-07:00,583.5018246666667
1783266240,2026-07-05T08:44:00-07:00,583.5018246666667
1783266300,2026-07-05T08:45:00-07:00,583.5018246666667
1783266360,2026-07-05T08:46:00-07:00,583.5018246666667
1783266420,2026-07-05T08:47:00-07:00,583.5018246666667
1783266480,2026-07-05T08:48:00-07:00,374.52326833333336
1783266540,2026-07-05T08:49:00-07:00,374.52326833333336
1783266600,2026-07-05T08:50:00-07:00,374.52326833333336
1783266660,2026-07-05T08:51:00-07:00,374.52326833333336
1783266720,2026-07-05T08:52:00-07:00,374.52326833333336
1783266840,2026-07-05T08:54:00-07:00,453.3624406666667
1783266900,2026-07-05T08:55:00-07:00,453.3624406666667
1783266960,2026-07-05T08:56:00-07:00,453.3624406666667
1783267020,2026-07-05T08:57:00-07:00,453.3624406666667
1783267080,2026-07-05T08:58:00-07:00,453.3624406666667
1783267200,2026-07-05T09:00:00-07:00,128.46179233333334
1783267260,2026-07-05T09:01:00-07:00,128.46179233333334
1783267320,2026-07-05T09:02:00-07:00,128.46179233333334
1783267380,2026-07-05T09:03:00-07:00,128.46179233333334
1783267440,2026-07-05T09:04:00-07:00,128.46179233333334
1783267500,2026-07-05T09:05:00-07:00,419.9673058333333
1783267560,2026-07-05T09:06:00-07:00,419.9673058333333
1783267620,2026-07-05T09:07:00-07:00,419.9673058333333
1783267680,2026-07-05T09:08:00-07:00,419.9673058333333
1783267740,2026-07-05T09:09:00-07:00,419.9673058333333
1783267920,2026-07-05T09:12:00-07:00,538.8583513333333
1783267980,2026-07-05T09:13:00-07:00,538.8583513333333
1783268040,2026-07-05T09:14:00-07:00,538.8583513333333
1783268100,2026-07-05T09:15:00-07:00,538.8583513333333
1783268160,2026-07-05T09:16:00-07:00,538.8583513333333
1783268220,2026-07-05T09:17:00-07:00,564.5152181666666
1783268280,2026-07-05T09:18:00-07:00,564.5152181666666
1783268340,2026-07-05T09:19:00-07:00,564.5152181666666
1783268400,2026-07-05T09:20:00-07:00,564.5152181666666
1783268460,2026-07-05T09:21:00-07:00,564.5152181666666
1783268580,2026-07-05T09:23:00-07:00,580.8877026666667
1783268640,2026-07-05T09:24:00-07:00,580.8877026666667
1783268700,2026-07-05T09:25:00-07:00,580.8877026666667
1783268760,2026-07-05T09:26:00-07:00,580.8877026666667
1783268820,2026-07-05T09:27:00-07:00,580.8877026666667
1783268940,2026-07-05T09:29:00-07:00,519.656257
1783269000,2026-07-05T09:30:00-07:00,519.656257
1783269060,2026-07-05T09:31:00-07:00,519.656257
1783269120,2026-07-05T09:32:00-07:00,519.656257
1783269180,2026-07-05T09:33:00-07:00,519.656257
1783269300,2026-07-05T09:35:00-07:00,846.6074971666667
1783269360,2026-07-05T09:36:00-07:00,846.6074971666667
1783269420,2026-07-05T09:37:00-07:00,846.6074971666667
1783269480,2026-07-05T09:38:00-07:00,846.6074971666667
1783269540,2026-07-05T09:39:00-07:00,846.6074971666667
1783269660,2026-07-05T09:41:00-07:00,1065.6247091666667
1783269720,2026-07-05T09:42:00-07:00,1065.6247091666667
1783269780,2026-07-05T09:43:00-07:00,1065.6247091666667
1783269840,2026-07-05T09:44:00-07:00,1065.6247091666667
1783269900,2026-07-05T09:45:00-07:00,1065.6247091666667
1783269960,2026-07-05T09:46:00-07:00,513.3562218333333
1783270020,2026-07-05T09:47:00-07:00,513.3562218333333
1783270080,2026-07-05T09:48:00-07:00,513.3562218333333
1783270140,2026-07-05T09:49:00-07:00,513.3562218333333
1783270200,2026-07-05T09:50:00-07:00,513.3562218333333
1783270260,2026-07-05T09:51:00-07:00,555.6868491666667
1783270320,2026-07-05T09:52:00-07:00,555.6868491666667
1783270380,2026-07-05T09:53:00-07:00,555.6868491666667
1783270440,2026-07-05T09:54:00-07:00,555.6868491666667
1783270500,2026-07-05T09:55:00-07:00,555.6868491666667
1783270620,2026-07-05T09:57:00-07:00,573.6625571666667
1783270680,2026-07-05T09:58:00-07:00,573.6625571666667
1783270740,2026-07-05T09:59:00-07:00,573.6625571666667
1783270800,2026-07-05T10:00:00-07:00,573.6625571666667
1783270860,2026-07-05T10:01:00-07:00,573.6625571666667
1783270920,2026-07-05T10:02:00-07:00,483.193624
1783270980,2026-07-05T10:03:00-07:00,483.193624
1783271040,2026-07-05T10:04:00-07:00,483.193624
1783271100,2026-07-05T10:05:00-07:00,483.193624
1783271160,2026-07-05T10:06:00-07:00,483.193624
1783271340,2026-07-05T10:09:00-07:00,506.1459218333334
1783271400,2026-07-05T10:10:00-07:00,506.1459218333334
1783271460,2026-07-05T10:11:00-07:00,506.1459218333334
1783271520,2026-07-05T10:12:00-07:00,506.1459218333334
1783271580,2026-07-05T10:13:00-07:00,506.1459218333334
1783271640,2026-07-05T10:14:00-07:00,795.8098556666667
1783271700,2026-07-05T10:15:00-07:00,795.8098556666667
1783271760,2026-07-05T10:16:00-07:00,795.8098556666667
1783271820,2026-07-05T10:17:00-07:00,795.8098556666667
1783271880,2026-07-05T10:18:00-07:00,795.8098556666667
1783272420,2026-07-05T10:27:00-07:00,461.36863216666666
1783272480,2026-07-05T10:28:00-07:00,461.36863216666666
1783272540,2026-07-05T10:29:00-07:00,461.36863216666666
1783272600,2026-07-05T10:30:00-07:00,461.36863216666666
1783272660,2026-07-05T10:31:00-07:00,461.36863216666666
1783272720,2026-07-05T10:32:00-07:00,598.7387563333333
1783272780,2026-07-05T10:33:00-07:00,598.7387563333333
1783272840,2026-07-05T10:34:00-07:00,598.7387563333333
1783272900,2026-07-05T10:35:00-07:00,598.7387563333333
1783272960,2026-07-05T10:36:00-07:00,598.7387563333333
1783273440,2026-07-05T10:44:00-07:00,580.6924035
1783273500,2026-07-05T10:45:00-07:00,580.6924035
1783273560,2026-07-05T10:46:00-07:00,580.6924035
1783273620,2026-07-05T10:47:00-07:00,580.6924035
1783273680,2026-07-05T10:48:00-07:00,580.6924035
1783273740,2026-07-05T10:49:00-07:00,687.0536841666666
1783273800,2026-07-05T10:50:00-07:00,687.0536841666666
1783273860,2026-07-05T10:51:00-07:00,687.0536841666666
1783273920,2026-07-05T10:52:00-07:00,687.0536841666666
1783273980,2026-07-05T10:53:00-07:00,687.0536841666666
1783274040,2026-07-05T10:54:00-07:00,525.3610976666666
1783274100,2026-07-05T10:55:00-07:00,525.3610976666666
1783274160,2026-07-05T10:56:00-07:00,525.3610976666666
1783274220,2026-07-05T10:57:00-07:00,525.3610976666666
1783274280,2026-07-05T10:58:00-07:00,525.3610976666666
1783274400,2026-07-05T11:00:00-07:00,463.04209399999996
1783274460,2026-07-05T11:01:00-07:00,463.04209399999996
1783274520,2026-07-05T11:02:00-07:00,463.04209399999996
1783274580,2026-07-05T11:03:00-07:00,463.04209399999996
1783274640,2026-07-05T11:04:00-07:00,463.04209399999996
1783274700,2026-07-05T11:05:00-07:00,513.0729506666667
1783274760,2026-07-05T11:06:00-07:00,513.0729506666667
1783274820,2026-07-05T11:07:00-07:00,513.0729506666667
1783274880,2026-07-05T11:08:00-07:00,513.0729506666667
1783274940,2026-07-05T11:09:00-07:00,513.0729506666667
1783275060,2026-07-05T11:11:00-07:00,493.88276516666673
1783275120,2026-07-05T11:12:00-07:00,493.88276516666673
1783275180,2026-07-05T11:13:00-07:00,493.88276516666673
1783275240,2026-07-05T11:14:00-07:00,493.88276516666673
1783275300,2026-07-05T11:15:00-07:00,493.88276516666673
1783275360,2026-07-05T11:16:00-07:00,795.8672216666668
1783275420,2026-07-05T11:17:00-07:00,795.8672216666668
1783275480,2026-07-05T11:18:00-07:00,795.8672216666668
1783275540,2026-07-05T11:19:00-07:00,795.8672216666668
1783275600,2026-07-05T11:20:00-07:00,795.8672216666668
1783275660,2026-07-05T11:21:00-07:00,897.9285893333334
1783275720,2026-07-05T11:22:00-07:00,897.9285893333334
1783275780,2026-07-05T11:23:00-07:00,897.9285893333334
1783275840,2026-07-05T11:24:00-07:00,897.9285893333334
1783275900,2026-07-05T11:25:00-07:00,897.9285893333334
1783275960,2026-07-05T11:26:00-07:00,824.3554011666666
1783276020,2026-07-05T11:27:00-07:00,824.3554011666666
1783276080,2026-07-05T11:28:00-07:00,824.3554011666666
1783276140,2026-07-05T11:29:00-07:00,824.3554011666666
1783276200,2026-07-05T11:30:00-07:00,824.3554011666666
1783276380,2026-07-05T11:33:00-07:00,687.1167740000001
1783276440,2026-07-05T11:34:00-07:00,687.1167740000001
1783276500,2026-07-05T11:35:00-07:00,687.1167740000001
1783276560,2026-07-05T11:36:00-07:00,687.1167740000001
1783276620,2026-07-05T11:37:00-07:00,687.1167740000001
1783276680,2026-07-05T11:38:00-07:00,466.203573
1783276740,2026-07-05T11:39:00-07:00,466.203573
1783276800,2026-07-05T11:40:00-07:00,466.203573
1783276860,2026-07-05T11:41:00-07:00,466.203573
1783276920,2026-07-05T11:42:00-07:00,466.203573
1783276980,2026-07-05T11:43:00-07:00,636.4356828333333
1783277040,2026-07-05T11:44:00-07:00,636.4356828333333
1783277100,2026-07-05T11:45:00-07:00,636.4356828333333
1783277160,2026-07-05T11:46:00-07:00,636.4356828333333
1783277220,2026-07-05T11:47:00-07:00,636.4356828333333
1783277340,2026-07-05T11:49:00-07:00,645.8803171666666
1783277400,2026-07-05T11:50:00-07:00,645.8803171666666
1783277460,2026-07-05T11:51:00-07:00,645.8803171666666
1783277520,2026-07-05T11:52:00-07:00,645.8803171666666
1783277580,2026-07-05T11:53:00-07:00,645.8803171666666
1783277700,2026-07-05T11:55:00-07:00,794.7213881666667
1783277760,2026-07-05T11:56:00-07:00,794.7213881666667
1783277820,2026-07-05T11:57:00-07:00,794.7213881666667
1783277880,2026-07-05T11:58:00-07:00,794.7213881666667
1783277940,2026-07-05T11:59:00-07:00,794.7213881666667
1783278000,2026-07-05T12:00:00-07:00,459.86371549999996
1783278060,2026-07-05T12:01:00-07:00,459.86371549999996
1783278120,2026-07-05T12:02:00-07:00,459.86371549999996
1783278180,2026-07-05T12:03:00-07:00,459.86371549999996
1783278240,2026-07-05T12:04:00-07:00,459.86371549999996
1783278600,2026-07-05T12:10:00-07:00,498.2725912000001
1783278660,2026-07-05T12:11:00-07:00,498.2725912000001
1783278720,2026-07-05T12:12:00-07:00,498.2725912000001
1783278780,2026-07-05T12:13:00-07:00,498.2725912000001
1783278840,2026-07-05T12:14:00-07:00,498.2725912000001
1783278900,2026-07-05T12:15:00-07:00,581.1880021666667
1783278960,2026-07-05T12:16:00-07:00,581.1880021666667
1783279020,2026-07-05T12:17:00-07:00,581.1880021666667
1783279080,2026-07-05T12:18:00-07:00,581.1880021666667
1783279140,2026-07-05T12:19:00-07:00,581.1880021666667
1783279200,2026-07-05T12:20:00-07:00,567.3449224
1783279260,2026-07-05T12:21:00-07:00,567.3449224
1783279320,2026-07-05T12:22:00-07:00,567.3449224
1783279380,2026-07-05T12:23:00-07:00,567.3449224
1783279440,2026-07-05T12:24:00-07:00,567.3449224
1783279560,2026-07-05T12:26:00-07:00,604.4676678000001
1783279620,2026-07-05T12:27:00-07:00,604.4676678000001
1783279680,2026-07-05T12:28:00-07:00,604.4676678000001
1783279740,2026-07-05T12:29:00-07:00,604.4676678000001
1783279800,2026-07-05T12:30:00-07:00,604.4676678000001
1783280820,2026-07-05T12:47:00-07:00,932.7292812
1783280880,2026-07-05T12:48:00-07:00,932.7292812
1783280940,2026-07-05T12:49:00-07:00,932.7292812
1783281000,2026-07-05T12:50:00-07:00,932.7292812
1783281060,2026-07-05T12:51:00-07:00,932.7292812
1783281480,2026-07-05T12:58:00-07:00,52.345920166666666
1783281540,2026-07-05T12:59:00-07:00,52.345920166666666
1783281600,2026-07-05T13:00:00-07:00,52.345920166666666
1783281660,2026-07-05T13:01:00-07:00,52.345920166666666
1783281720,2026-07-05T13:02:00-07:00,52.345920166666666
1783283280,2026-07-05T13:28:00-07:00,56.93250866666667
1783283340,2026-07-05T13:29:00-07:00,56.93250866666667
1783283400,2026-07-05T13:30:00-07:00,56.93250866666667
1783283460,2026-07-05T13:31:00-07:00,56.93250866666667
1783283520,2026-07-05T13:32:00-07:00,56.93250866666667
1783283580,2026-07-05T13:33:00-07:00,48.80986199999999
1783283640,2026-07-05T13:34:00-07:00,48.80986199999999
1783283700,2026-07-05T13:35:00-07:00,48.80986199999999
1783283760,2026-07-05T13:36:00-07:00,48.80986199999999
1783283820,2026-07-05T13:37:00-07:00,48.80986199999999
1783284540,2026-07-05T13:49:00-07:00,40.28053116666667
1783284600,2026-07-05T13:50:00-07:00,40.28053116666667
1783284660,2026-07-05T13:51:00-07:00,40.28053116666667
1783284720,2026-07-05T13:52:00-07:00,40.28053116666667
1783284780,2026-07-05T13:53:00-07:00,40.28053116666667
1783285140,2026-07-05T13:59:00-07:00,42.524542833333335
1783285200,2026-07-05T14:00:00-07:00,42.524542833333335
1783285260,2026-07-05T14:01:00-07:00,42.524542833333335
1783285320,2026-07-05T14:02:00-07:00,42.524542833333335
1783285380,2026-07-05T14:03:00-07:00,42.524542833333335
1783285440,2026-07-05T14:04:00-07:00,28.007792166666665
1783285500,2026-07-05T14:05:00-07:00,28.007792166666665
1783285560,2026-07-05T14:06:00-07:00,28.007792166666665
1783285620,2026-07-05T14:07:00-07:00,28.007792166666665
1783285680,2026-07-05T14:08:00-07:00,28.007792166666665
1783286040,2026-07-05T14:14:00-07:00,35.979397166666665
1783286100,2026-07-05T14:15:00-07:00,35.979397166666665
1783286160,2026-07-05T14:16:00-07:00,35.979397166666665
1783286220,2026-07-05T14:17:00-07:00,35.979397166666665
1783286280,2026-07-05T14:18:00-07:00,35.979397166666665
1783286400,2026-07-05T14:20:00-07:00,38.033054
1783286460,2026-07-05T14:21:00-07:00,38.033054
1783286520,2026-07-05T14:22:00-07:00,38.033054
1783286580,2026-07-05T14:23:00-07:00,38.033054
1783286640,2026-07-05T14:24:00-07:00,38.033054
1783286700,2026-07-05T14:25:00-07:00,27.302904
1783286760,2026-07-05T14:26:00-07:00,27.302904
1783286820,2026-07-05T14:27:00-07:00,27.302904
1783286880,2026-07-05T14:28:00-07:00,27.302904
1783286940,2026-07-05T14:29:00-07:00,27.302904
1783287000,2026-07-05T14:30:00-07:00,66.55316833333335
1783287060,2026-07-05T14:31:00-07:00,66.55316833333335
1783287120,2026-07-05T14:32:00-07:00,66.55316833333335
1783287180,2026-07-05T14:33:00-07:00,66.55316833333335
1783287240,2026-07-05T14:34:00-07:00,66.55316833333335
1783287300,2026-07-05T14:35:00-07:00,39.7736955
1783287360,2026-07-05T14:36:00-07:00,39.7736955
1783287420,2026-07-05T14:37:00-07:00,39.7736955
1783287480,2026-07-05T14:38:00-07:00,39.7736955
1783287540,2026-07-05T14:39:00-07:00,39.7736955
1783287720,2026-07-05T14:42:00-07:00,43.346015333333334
1783287780,2026-07-05T14:43:00-07:00,43.346015333333334
1783287840,2026-07-05T14:44:00-07:00,43.346015333333334
1783287900,2026-07-05T14:45:00-07:00,43.346015333333334
1783287960,2026-07-05T14:46:00-07:00,43.346015333333334
1783288080,2026-07-05T14:48:00-07:00,69.88641333333332
1783288140,2026-07-05T14:49:00-07:00,69.88641333333332
1783288200,2026-07-05T14:50:00-07:00,69.88641333333332
1783288260,2026-07-05T14:51:00-07:00,69.88641333333332
1783288320,2026-07-05T14:52:00-07:00,69.88641333333332
1783288440,2026-07-05T14:54:00-07:00,39.65942366666666
1783288500,2026-07-05T14:55:00-07:00,39.65942366666666
1783288560,2026-07-05T14:56:00-07:00,39.65942366666666
1783288620,2026-07-05T14:57:00-07:00,39.65942366666666
1783288680,2026-07-05T14:58:00-07:00,39.65942366666666
1783289400,2026-07-05T15:10:00-07:00,85.41952816666667
1783289460,2026-07-05T15:11:00-07:00,85.41952816666667
1783289520,2026-07-05T15:12:00-07:00,85.41952816666667
1783289580,2026-07-05T15:13:00-07:00,85.41952816666667
1783289640,2026-07-05T15:14:00-07:00,85.41952816666667
1783289760,2026-07-05T15:16:00-07:00,37.0327285
1783289820,2026-07-05T15:17:00-07:00,37.0327285
1783289880,2026-07-05T15:18:00-07:00,37.0327285
1783289940,2026-07-05T15:19:00-07:00,37.0327285
1783290000,2026-07-05T15:20:00-07:00,37.0327285
1783290120,2026-07-05T15:22:00-07:00,44.96573916666667
1783290180,2026-07-05T15:23:00-07:00,44.96573916666667
1783290240,2026-07-05T15:24:00-07:00,44.96573916666667
1783290300,2026-07-05T15:25:00-07:00,44.96573916666667
1783290360,2026-07-05T15:26:00-07:00,44.96573916666667
1783290420,2026-07-05T15:27:00-07:00,40.74605983333333
1783290480,2026-07-05T15:28:00-07:00,40.74605983333333
1783290540,2026-07-05T15:29:00-07:00,40.74605983333333
1783290600,2026-07-05T15:30:00-07:00,40.74605983333333
1783290660,2026-07-05T15:31:00-07:00,40.74605983333333
1783291080,2026-07-05T15:38:00-07:00,36.838941999999996
1783291140,2026-07-05T15:39:00-07:00,36.838941999999996
1783291200,2026-07-05T15:40:00-07:00,36.838941999999996
1783291260,2026-07-05T15:41:00-07:00,36.838941999999996
1783291320,2026-07-05T15:42:00-07:00,36.838941999999996
1783291380,2026-07-05T15:43:00-07:00,33.9971855
1783291440,2026-07-05T15:44:00-07:00,33.9971855
1783291500,2026-07-05T15:45:00-07:00,33.9971855
1783291560,2026-07-05T15:46:00-07:00,33.9971855
1783291620,2026-07-05T15:47:00-07:00,33.9971855
1783292040,2026-07-05T15:54:00-07:00,37.24180066666667
1783292100,2026-07-05T15:55:00-07:00,37.24180066666667
1783292160,2026-07-05T15:56:00-07:00,37.24180066666667
1783292220,2026-07-05T15:57:00-07:00,37.24180066666667
1783292280,2026-07-05T15:58:00-07:00,37.24180066666667
1783292340,2026-07-05T15:59:00-07:00,39.400465000000004
1783292400,2026-07-05T16:00:00-07:00,39.400465000000004
1783292460,2026-07-05T16:01:00-07:00,39.400465000000004
1783292520,2026-07-05T16:02:00-07:00,39.400465000000004
1783292580,2026-07-05T16:03:00-07:00,39.400465000000004
1783294080,2026-07-05T16:28:00-07:00,79.82817916666667
1783294140,2026-07-05T16:29:00-07:00,79.82817916666667
1783294200,2026-07-05T16:30:00-07:00,79.82817916666667
1783294260,2026-07-05T16:31:00-07:00,79.82817916666667
1783294320,2026-07-05T16:32:00-07:00,79.82817916666667
1783294380,2026-07-05T16:33:00-07:00,78.657742
1783294440,2026-07-05T16:34:00-07:00,78.657742
1783294500,2026-07-05T16:35:00-07:00,78.657742
1783294560,2026-07-05T16:36:00-07:00,78.657742
1783294620,2026-07-05T16:37:00-07:00,78.657742
1783294680,2026-07-05T16:38:00-07:00,70.2917075
1783294740,2026-07-05T16:39:00-07:00,70.2917075
1783294800,2026-07-05T16:40:00-07:00,70.2917075
1783294860,2026-07-05T16:41:00-07:00,70.2917075
1783294920,2026-07-05T16:42:00-07:00,70.2917075
1783295340,2026-07-05T16:49:00-07:00,39.577385666666665
1783295400,2026-07-05T16:50:00-07:00,39.577385666666665
1783295460,2026-07-05T16:51:00-07:00,39.577385666666665
1783295520,2026-07-05T16:52:00-07:00,39.577385666666665
1783295580,2026-07-05T16:53:00-07:00,39.577385666666665
1783295700,2026-07-05T16:55:00-07:00,43.658833833333325
1783295760,2026-07-05T16:56:00-07:00,43.658833833333325
1783295820,2026-07-05T16:57:00-07:00,43.658833833333325
1783295880,2026-07-05T16:58:00-07:00,43.658833833333325
1783295940,2026-07-05T16:59:00-07:00,43.658833833333325
1783296060,2026-07-05T17:01:00-07:00,35.80633516666666
1783296120,2026-07-05T17:02:00-07:00,35.80633516666666
1783296180,2026-07-05T17:03:00-07:00,35.80633516666666
1783296240,2026-07-05T17:04:00-07:00,35.80633516666666
1783296300,2026-07-05T17:05:00-07:00,35.80633516666666
1783296360,2026-07-05T17:06:00-07:00,111.63107633333334
1783296420,2026-07-05T17:07:00-07:00,111.63107633333334
1783296480,2026-07-05T17:08:00-07:00,111.63107633333334
1783296540,2026-07-05T17:09:00-07:00,111.63107633333334
1783296600,2026-07-05T17:10:00-07:00,111.63107633333334
1783297020,2026-07-05T17:17:00-07:00,366.85683216666666
1783297080,2026-07-05T17:18:00-07:00,366.85683216666666
1783297140,2026-07-05T17:19:00-07:00,366.85683216666666
1783297200,2026-07-05T17:20:00-07:00,366.85683216666666
1783297260,2026-07-05T17:21:00-07:00,366.85683216666666
1783297320,2026-07-05T17:22:00-07:00,82.01850766666666
1783297380,2026-07-05T17:23:00-07:00,82.01850766666666
1783297440,2026-07-05T17:24:00-07:00,82.01850766666666
1783297500,2026-07-05T17:25:00-07:00,82.01850766666666
1783297560,2026-07-05T17:26:00-07:00,82.01850766666666
1783297620,2026-07-05T17:27:00-07:00,56.40585683333334
1783297680,2026-07-05T17:28:00-07:00,56.40585683333334
1783297740,2026-07-05T17:29:00-07:00,56.40585683333334
1783297800,2026-07-05T17:30:00-07:00,56.40585683333334
1783297860,2026-07-05T17:31:00-07:00,56.40585683333334
1783297920,2026-07-05T17:32:00-07:00,49.82590050000001
1783297980,2026-07-05T17:33:00-07:00,49.82590050000001
1783298040,2026-07-05T17:34:00-07:00,49.82590050000001
1783298100,2026-07-05T17:35:00-07:00,49.82590050000001
1783298160,2026-07-05T17:36:00-07:00,49.82590050000001
1783298280,2026-07-05T17:38:00-07:00,37.674296166666664
1783298340,2026-07-05T17:39:00-07:00,37.674296166666664
1783298400,2026-07-05T17:40:00-07:00,37.674296166666664
1783298460,2026-07-05T17:41:00-07:00,37.674296166666664
1783298520,2026-07-05T17:42:00-07:00,37.674296166666664
1783298580,2026-07-05T17:43:00-07:00,38.31124566666667
1783298640,2026-07-05T17:44:00-07:00,38.31124566666667
1783298700,2026-07-05T17:45:00-07:00,38.31124566666667
1783298760,2026-07-05T17:46:00-07:00,38.31124566666667
1783298820,2026-07-05T17:47:00-07:00,38.31124566666667
1783298940,2026-07-05T17:49:00-07:00,37.92614066666667
1783299000,2026-07-05T17:50:00-07:00,37.92614066666667
1783299060,2026-07-05T17:51:00-07:00,37.92614066666667
1783299120,2026-07-05T17:52:00-07:00,37.92614066666667
1783299180,2026-07-05T17:53:00-07:00,37.92614066666667
1783299360,2026-07-05T17:56:00-07:00,43.51171866666667
1783299420,2026-07-05T17:57:00-07:00,43.51171866666667
1783299480,2026-07-05T17:58:00-07:00,43.51171866666667
1783299540,2026-07-05T17:59:00-07:00,43.51171866666667
1783299600,2026-07-05T18:00:00-07:00,43.51171866666667
1783299660,2026-07-05T18:01:00-07:00,40.6333145
1783299720,2026-07-05T18:02:00-07:00,40.6333145
1783299780,2026-07-05T18:03:00-07:00,40.6333145
1783299840,2026-07-05T18:04:00-07:00,40.6333145
1783299900,2026-07-05T18:05:00-07:00,40.6333145
1783299960,2026-07-05T18:06:00-07:00,70.83348233333334
1783300020,2026-07-05T18:07:00-07:00,70.83348233333334
1783300080,2026-07-05T18:08:00-07:00,70.83348233333334
1783300140,2026-07-05T18:09:00-07:00,70.83348233333334
1783300200,2026-07-05T18:10:00-07:00,70.83348233333334
1783300560,2026-07-05T18:16:00-07:00,73.001336
1783300620,2026-07-05T18:17:00-07:00,73.001336
1783300680,2026-07-05T18:18:00-07:00,73.001336
1783300740,2026-07-05T18:19:00-07:00,73.001336
1783300800,2026-07-05T18:20:00-07:00,73.001336
1783300860,2026-07-05T18:21:00-07:00,67.33980983333333
1783300920,2026-07-05T18:22:00-07:00,67.33980983333333
1783300980,2026-07-05T18:23:00-07:00,67.33980983333333
1783301040,2026-07-05T18:24:00-07:00,67.33980983333333
1783301100,2026-07-05T18:25:00-07:00,67.33980983333333
1783301160,2026-07-05T18:26:00-07:00,48.9974635
1783301220,2026-07-05T18:27:00-07:00,48.9974635
1783301280,2026-07-05T18:28:00-07:00,48.9974635
1783301340,2026-07-05T18:29:00-07:00,48.9974635
1783301400,2026-07-05T18:30:00-07:00,48.9974635
1783301460,2026-07-05T18:31:00-07:00,68.49136733333333
1783301520,2026-07-05T18:32:00-07:00,68.49136733333333
1783301580,2026-07-05T18:33:00-07:00,68.49136733333333
1783301640,2026-07-05T18:34:00-07:00,68.49136733333333
1783301700,2026-07-05T18:35:00-07:00,68.49136733333333
1783301760,2026-07-05T18:36:00-07:00,38.6492785
1783301820,2026-07-05T18:37:00-07:00,38.6492785
1783301880,2026-07-05T18:38:00-07:00,38.6492785
1783301940,2026-07-05T18:39:00-07:00,38.6492785
1783302000,2026-07-05T18:40:00-07:00,38.6492785
1783302480,2026-07-05T18:48:00-07:00,37.65774883333333
1783302540,2026-07-05T18:49:00-07:00,37.65774883333333
1783302600,2026-07-05T18:50:00-07:00,37.65774883333333
1783302660,2026-07-05T18:51:00-07:00,37.65774883333333
1783302720,2026-07-05T18:52:00-07:00,37.65774883333333
1783302780,2026-07-05T18:53:00-07:00,34.5627105
1783302840,2026-07-05T18:54:00-07:00,34.5627105
1783302900,2026-07-05T18:55:00-07:00,34.5627105
1783302960,2026-07-05T18:56:00-07:00,34.5627105
1783303020,2026-07-05T18:57:00-07:00,34.5627105
1783303140,2026-07-05T18:59:00-07:00,67.39173699999999
1783303200,2026-07-05T19:00:00-07:00,67.39173699999999
1783303260,2026-07-05T19:01:00-07:00,67.39173699999999
1783303320,2026-07-05T19:02:00-07:00,67.39173699999999
1783303380,2026-07-05T19:03:00-07:00,67.39173699999999
1783304040,2026-07-05T19:14:00-07:00,39.05669483333333
1783304100,2026-07-05T19:15:00-07:00,39.05669483333333
1783304160,2026-07-05T19:16:00-07:00,39.05669483333333
1783304220,2026-07-05T19:17:00-07:00,39.05669483333333
1783304280,2026-07-05T19:18:00-07:00,39.05669483333333
1783304400,2026-07-05T19:20:00-07:00,69.35989733333334
1783304460,2026-07-05T19:21:00-07:00,69.35989733333334
1783304520,2026-07-05T19:22:00-07:00,69.35989733333334
1783304580,2026-07-05T19:23:00-07:00,69.35989733333334
1783304640,2026-07-05T19:24:00-07:00,69.35989733333334
1783304700,2026-07-05T19:25:00-07:00,35.418545
1783304760,2026-07-05T19:26:00-07:00,35.418545
1783304820,2026-07-05T19:27:00-07:00,35.418545
1783304880,2026-07-05T19:28:00-07:00,35.418545
1783304940,2026-07-05T19:29:00-07:00,35.418545
1783305120,2026-07-05T19:32:00-07:00,36.38318566666667
1783305180,2026-07-05T19:33:00-07:00,36.38318566666667
1783305240,2026-07-05T19:34:00-07:00,36.38318566666667
1783305300,2026-07-05T19:35:00-07:00,36.38318566666667
1783305360,2026-07-05T19:36:00-07:00,36.38318566666667
1783305480,2026-07-05T19:38:00-07:00,54.689548333333335
1783305540,2026-07-05T19:39:00-07:00,54.689548333333335
1783305600,2026-07-05T19:40:00-07:00,54.689548333333335
1783305660,2026-07-05T19:41:00-07:00,54.689548333333335
1783305720,2026-07-05T19:42:00-07:00,54.689548333333335
1783305900,2026-07-05T19:45:00-07:00,40.52313916666667
1783305960,2026-07-05T19:46:00-07:00,40.52313916666667
1783306020,2026-07-05T19:47:00-07:00,40.52313916666667
1783306080,2026-07-05T19:48:00-07:00,40.52313916666667
1783306140,2026-07-05T19:49:00-07:00,40.52313916666667
1783306200,2026-07-05T19:50:00-07:00,110.38677316666667
1783306260,2026-07-05T19:51:00-07:00,110.38677316666667
1783306320,2026-07-05T19:52:00-07:00,110.38677316666667
1783306380,2026-07-05T19:53:00-07:00,110.38677316666667
1783306440,2026-07-05T19:54:00-07:00,110.38677316666667
1783306560,2026-07-05T19:56:00-07:00,35.1009455
1783306620,2026-07-05T19:57:00-07:00,35.1009455
1783306680,2026-07-05T19:58:00-07:00,35.1009455
1783306740,2026-07-05T19:59:00-07:00,35.1009455
1783306800,2026-07-05T20:00:00-07:00,35.1009455
1783306860,2026-07-05T20:01:00-07:00,37.00916866666667
1783306920,2026-07-05T20:02:00-07:00,37.00916866666667
1783306980,2026-07-05T20:03:00-07:00,37.00916866666667
1783307040,2026-07-05T20:04:00-07:00,37.00916866666667
1783307100,2026-07-05T20:05:00-07:00,37.00916866666667
1783307280,2026-07-05T20:08:00-07:00,35.50250916666666
1783307340,2026-07-05T20:09:00-07:00,35.50250916666666
1783307400,2026-07-05T20:10:00-07:00,35.50250916666666
1783307460,2026-07-05T20:11:00-07:00,35.50250916666666
1783307520,2026-07-05T20:12:00-07:00,35.50250916666666
1783307640,2026-07-05T20:14:00-07:00,36.680162
1783307700,2026-07-05T20:15:00-07:00,36.680162
1783307760,2026-07-05T20:16:00-07:00,36.680162
1783307820,2026-07-05T20:17:00-07:00,36.680162
1783307880,2026-07-05T20:18:00-07:00,36.680162
1783307940,2026-07-05T20:19:00-07:00,40.344970499999995
1783308000,2026-07-05T20:20:00-07:00,40.344970499999995
1783308060,2026-07-05T20:21:00-07:00,40.344970499999995
1783308120,2026-07-05T20:22:00-07:00,40.344970499999995
1783308180,2026-07-05T20:23:00-07:00,40.344970499999995
1783308300,2026-07-05T20:25:00-07:00,37.61963599999999
1783308360,2026-07-05T20:26:00-07:00,37.61963599999999
1783308420,2026-07-05T20:27:00-07:00,37.61963599999999
1783308480,2026-07-05T20:28:00-07:00,37.61963599999999
1783308540,2026-07-05T20:29:00-07:00,37.61963599999999
1783308660,2026-07-05T20:31:00-07:00,37.66338433333333
1783308720,2026-07-05T20:32:00-07:00,37.66338433333333
1783308780,2026-07-05T20:33:00-07:00,37.66338433333333
1783308840,2026-07-05T20:34:00-07:00,37.66338433333333
1783308900,2026-07-05T20:35:00-07:00,37.66338433333333
1783309020,2026-07-05T20:37:00-07:00,47.46352133333334
1783309080,2026-07-05T20:38:00-07:00,47.46352133333334
1783309140,2026-07-05T20:39:00-07:00,47.46352133333334
1783309200,2026-07-05T20:40:00-07:00,47.46352133333334
1783309260,2026-07-05T20:41:00-07:00,47.46352133333334
1783309800,2026-07-05T20:50:00-07:00,40.51329233333333
1783309860,2026-07-05T20:51:00-07:00,40.51329233333333
1783309920,2026-07-05T20:52:00-07:00,40.51329233333333
1783309980,2026-07-05T20:53:00-07:00,40.51329233333333
1783310040,2026-07-05T20:54:00-07:00,40.51329233333333
1783310160,2026-07-05T20:56:00-07:00,35.46015083333333
1783310220,2026-07-05T20:57:00-07:00,35.46015083333333
1783310280,2026-07-05T20:58:00-07:00,35.46015083333333
1783310340,2026-07-05T20:59:00-07:00,35.46015083333333
1783310400,2026-07-05T21:00:00-07:00,35.46015083333333
1783310520,2026-07-05T21:02:00-07:00,35.797316
1783310580,2026-07-05T21:03:00-07:00,35.797316
1783310640,2026-07-05T21:04:00-07:00,35.797316
1783310700,2026-07-05T21:05:00-07:00,35.797316
1783310760,2026-07-05T21:06:00-07:00,35.797316
1783310880,2026-07-05T21:08:00-07:00,37.8661295
1783310940,2026-07-05T21:09:00-07:00,37.8661295
1783311000,2026-07-05T21:10:00-07:00,37.8661295
1783311060,2026-07-05T21:11:00-07:00,37.8661295
1783311120,2026-07-05T21:12:00-07:00,37.8661295
1783311180,2026-07-05T21:13:00-07:00,123.622328
1783311240,2026-07-05T21:14:00-07:00,123.622328
1783311300,2026-07-05T21:15:00-07:00,123.622328
1783311360,2026-07-05T21:16:00-07:00,123.622328
1783311420,2026-07-05T21:17:00-07:00,123.622328
1783311540,2026-07-05T21:19:00-07:00,40.29402016666666
1783311600,2026-07-05T21:20:00-07:00,40.29402016666666
1783311660,2026-07-05T21:21:00-07:00,40.29402016666666
1783311720,2026-07-05T21:22:00-07:00,40.29402016666666
1783311780,2026-07-05T21:23:00-07:00,40.29402016666666
1783311900,2026-07-05T21:25:00-07:00,40.91467933333333
1783311960,2026-07-05T21:26:00-07:00,40.91467933333333
1783312020,2026-07-05T21:27:00-07:00,40.91467933333333
1783312080,2026-07-05T21:28:00-07:00,40.91467933333333
1783312140,2026-07-05T21:29:00-07:00,40.91467933333333
1783312200,2026-07-05T21:30:00-07:00,68.72794616666667
1783312260,2026-07-05T21:31:00-07:00,68.72794616666667
1783312320,2026-07-05T21:32:00-07:00,68.72794616666667
1783312380,2026-07-05T21:33:00-07:00,68.72794616666667
1783312440,2026-07-05T21:34:00-07:00,68.72794616666667
1783312500,2026-07-05T21:35:00-07:00,93.486464
1783312560,2026-07-05T21:36:00-07:00,93.486464
1783312620,2026-07-05T21:37:00-07:00,93.486464
1783312680,2026-07-05T21:38:00-07:00,93.486464
1783312740,2026-07-05T21:39:00-07:00,93.486464
1783312860,2026-07-05T21:41:00-07:00,39.02945283333333
1783312920,2026-07-05T21:42:00-07:00,39.02945283333333
1783312980,2026-07-05T21:43:00-07:00,39.02945283333333
1783313040,2026-07-05T21:44:00-07:00,39.02945283333333
1783313100,2026-07-05T21:45:00-07:00,39.02945283333333
1783313160,2026-07-05T21:46:00-07:00,54.368605
1783313220,2026-07-05T21:47:00-07:00,54.368605
1783313280,2026-07-05T21:48:00-07:00,54.368605
1783313340,2026-07-05T21:49:00-07:00,54.368605
1783313400,2026-07-05T21:50:00-07:00,54.368605
1783313460,2026-07-05T21:51:00-07:00,67.87061216666665
1783313520,2026-07-05T21:52:00-07:00,67.87061216666665
1783313580,2026-07-05T21:53:00-07:00,67.87061216666665
1783313640,2026-07-05T21:54:00-07:00,67.87061216666665
1783313700,2026-07-05T21:55:00-07:00,67.87061216666665
1783313760,2026-07-05T21:56:00-07:00,39.90540266666667
1783313820,2026-07-05T21:57:00-07:00,39.90540266666667
1783313880,2026-07-05T21:58:00-07:00,39.90540266666667
1783313940,2026-07-05T21:59:00-07:00,39.90540266666667
1783314000,2026-07-05T22:00:00-07:00,39.90540266666667
1783314060,2026-07-05T22:01:00-07:00,73.12232833333333
1783314120,2026-07-05T22:02:00-07:00,73.12232833333333
1783314180,2026-07-05T22:03:00-07:00,73.12232833333333
1783314240,2026-07-05T22:04:00-07:00,73.12232833333333
1783314300,2026-07-05T22:05:00-07:00,73.12232833333333
1783314360,2026-07-05T22:06:00-07:00,38.071933333333334
1783314420,2026-07-05T22:07:00-07:00,38.071933333333334
1783314480,2026-07-05T22:08:00-07:00,38.071933333333334
1783314540,2026-07-05T22:09:00-07:00,38.071933333333334
1783314600,2026-07-05T22:10:00-07:00,38.071933333333334
1783314720,2026-07-05T22:12:00-07:00,37.3415795
1783314780,2026-07-05T22:13:00-07:00,37.3415795
1783314840,2026-07-05T22:14:00-07:00,37.3415795
1783314900,2026-07-05T22:15:00-07:00,37.3415795
1783314960,2026-07-05T22:16:00-07:00,37.3415795
1783315020,2026-07-05T22:17:00-07:00,41.8475005
1783315080,2026-07-05T22:18:00-07:00,41.8475005
1783315140,2026-07-05T22:19:00-07:00,41.8475005
1783315200,2026-07-05T22:20:00-07:00,41.8475005
1783315260,2026-07-05T22:21:00-07:00,41.8475005
1783315380,2026-07-05T22:23:00-07:00,37.875719
1783315440,2026-07-05T22:24:00-07:00,37.875719
1783315500,2026-07-05T22:25:00-07:00,37.875719
1783315560,2026-07-05T22:26:00-07:00,37.875719
1783315620,2026-07-05T22:27:00-07:00,37.875719
1783315680,2026-07-05T22:28:00-07:00,35.129591
1783315740,2026-07-05T22:29:00-07:00,35.129591
1783315800,2026-07-05T22:30:00-07:00,35.129591
1783315860,2026-07-05T22:31:00-07:00,35.129591
1783315920,2026-07-05T22:32:00-07:00,35.129591
1783316040,2026-07-05T22:34:00-07:00,38.34826666666667
1783316100,2026-07-05T22:35:00-07:00,38.34826666666667
1783316160,2026-07-05T22:36:00-07:00,38.34826666666667
1783316220,2026-07-05T22:37:00-07:00,38.34826666666667
1783316280,2026-07-05T22:38:00-07:00,38.34826666666667
1783316340,2026-07-05T22:39:00-07:00,62.8239475
1783316400,2026-07-05T22:40:00-07:00,62.8239475
1783316460,2026-07-05T22:41:00-07:00,62.8239475
1783316520,2026-07-05T22:42:00-07:00,62.8239475
1783316580,2026-07-05T22:43:00-07:00,62.8239475
1783316640,2026-07-05T22:44:00-07:00,37.48885783333333
1783316700,2026-07-05T22:45:00-07:00,37.48885783333333
1783316760,2026-07-05T22:46:00-07:00,37.48885783333333
1783316820,2026-07-05T22:47:00-07:00,37.48885783333333
1783316880,2026-07-05T22:48:00-07:00,37.48885783333333
1783317000,2026-07-05T22:50:00-07:00,71.04726149999999
1783317060,2026-07-05T22:51:00-07:00,71.04726149999999
1783317120,2026-07-05T22:52:00-07:00,71.04726149999999
1783317180,2026-07-05T22:53:00-07:00,71.04726149999999
1783317240,2026-07-05T22:54:00-07:00,71.04726149999999
1783317360,2026-07-05T22:56:00-07:00,43.73324916666667
1783317420,2026-07-05T22:57:00-07:00,43.73324916666667
1783317480,2026-07-05T22:58:00-07:00,43.73324916666667
1783317540,2026-07-05T22:59:00-07:00,43.73324916666667
1783317600,2026-07-05T23:00:00-07:00,43.73324916666667
1783317660,2026-07-05T23:01:00-07:00,57.442179333333335
1783317720,2026-07-05T23:02:00-07:00,57.442179333333335
1783317780,2026-07-05T23:03:00-07:00,57.442179333333335
1783317840,2026-07-05T23:04:00-07:00,57.442179333333335
1783317900,2026-07-05T23:05:00-07:00,57.442179333333335
1783317960,2026-07-05T23:06:00-07:00,64.54606116666668
1783318020,2026-07-05T23:07:00-07:00,64.54606116666668
1783318080,2026-07-05T23:08:00-07:00,64.54606116666668
1783318140,2026-07-05T23:09:00-07:00,64.54606116666668
1783318200,2026-07-05T23:10:00-07:00,64.54606116666668
1783318320,2026-07-05T23:12:00-07:00,39.3364325
1783318380,2026-07-05T23:13:00-07:00,39.3364325
1783318440,2026-07-05T23:14:00-07:00,39.3364325
1783318500,2026-07-05T23:15:00-07:00,39.3364325
1783318560,2026-07-05T23:16:00-07:00,39.3364325
1783318620,2026-07-05T23:17:00-07:00,53.66971833333332
1783318680,2026-07-05T23:18:00-07:00,53.66971833333332
1783318740,2026-07-05T23:19:00-07:00,53.66971833333332
1783318800,2026-07-05T23:20:00-07:00,53.66971833333332
1783318860,2026-07-05T23:21:00-07:00,53.66971833333332
1783318980,2026-07-05T23:23:00-07:00,34.53350816666667
1783319040,2026-07-05T23:24:00-07:00,34.53350816666667
1783319100,2026-07-05T23:25:00-07:00,34.53350816666667
1783319160,2026-07-05T23:26:00-07:00,34.53350816666667
1783319220,2026-07-05T23:27:00-07:00,34.53350816666667
1783319340,2026-07-05T23:29:00-07:00,39.043043000000004
1783319400,2026-07-05T23:30:00-07:00,39.043043000000004
1783319460,2026-07-05T23:31:00-07:00,39.043043000000004
1783319520,2026-07-05T23:32:00-07:00,39.043043000000004
1783319580,2026-07-05T23:33:00-07:00,39.043043000000004
1783319640,2026-07-05T23:34:00-07:00,71.909431
1783319700,2026-07-05T23:35:00-07:00,71.909431
1783319760,2026-07-05T23:36:00-07:00,71.909431
1783319820,2026-07-05T23:37:00-07:00,71.909431
1783319880,2026-07-05T23:38:00-07:00,71.909431
1783319940,2026-07-05T23:39:00-07:00,39.07608416666667
1783320000,2026-07-05T23:40:00-07:00,39.07608416666667
1783320060,2026-07-05T23:41:00-07:00,39.07608416666667
1783320120,2026-07-05T23:42:00-07:00,39.07608416666667
1783320180,2026-07-05T23:43:00-07:00,39.07608416666667
1783320360,2026-07-05T23:46:00-07:00,112.452447
1783320420,2026-07-05T23:47:00-07:00,112.452447
1783320480,2026-07-05T23:48:00-07:00,112.452447
1783320540,2026-07-05T23:49:00-07:00,112.452447
1783320600,2026-07-05T23:50:00-07:00,112.452447
1783320720,2026-07-05T23:52:00-07:00,41.82247566666667
1783320780,2026-07-05T23:53:00-07:00,41.82247566666667
1783320840,2026-07-05T23:54:00-07:00,41.82247566666667
1783320900,2026-07-05T23:55:00-07:00,41.82247566666667
1783320960,2026-07-05T23:56:00-07:00,41.82247566666667
1783321020,2026-07-05T23:57:00-07:00,39.34450283333334
1783321080,2026-07-05T23:58:00-07:00,39.34450283333334
1783321140,2026-07-05T23:59:00-07:00,39.34450283333334
1783321200,2026-07-06T00:00:00-07:00,39.34450283333334
1783321260,2026-07-06T00:01:00-07:00,39.34450283333334
1783321380,2026-07-06T00:03:00-07:00,32.54558666666667
1783321440,2026-07-06T00:04:00-07:00,32.54558666666667
1783321500,2026-07-06T00:05:00-07:00,32.54558666666667
1783321560,2026-07-06T00:06:00-07:00,32.54558666666667
1783321620,2026-07-06T00:07:00-07:00,32.54558666666667
1783321740,2026-07-06T00:09:00-07:00,38.99592416666666
1783321800,2026-07-06T00:10:00-07:00,38.99592416666666
1783321860,2026-07-06T00:11:00-07:00,38.99592416666666
1783321920,2026-07-06T00:12:00-07:00,38.99592416666666
1783321980,2026-07-06T00:13:00-07:00,38.99592416666666
1783322040,2026-07-06T00:14:00-07:00,75.11816416666666
1783322100,2026-07-06T00:15:00-07:00,75.11816416666666
1783322160,2026-07-06T00:16:00-07:00,75.11816416666666
1783322220,2026-07-06T00:17:00-07:00,75.11816416666666
1783322280,2026-07-06T00:18:00-07:00,75.11816416666666
1783322340,2026-07-06T00:19:00-07:00,37.28921883333333
1783322400,2026-07-06T00:20:00-07:00,37.28921883333333
1783322460,2026-07-06T00:21:00-07:00,37.28921883333333
1783322520,2026-07-06T00:22:00-07:00,37.28921883333333
1783322580,2026-07-06T00:23:00-07:00,37.28921883333333
1783322640,2026-07-06T00:24:00-07:00,41.10470216666667
1783322700,2026-07-06T00:25:00-07:00,41.10470216666667
1783322760,2026-07-06T00:26:00-07:00,41.10470216666667
1783322820,2026-07-06T00:27:00-07:00,41.10470216666667
1783322880,2026-07-06T00:28:00-07:00,41.10470216666667
1783323000,2026-07-06T00:30:00-07:00,50.54063583333334
1783323060,2026-07-06T00:31:00-07:00,50.54063583333334
1783323120,2026-07-06T00:32:00-07:00,50.54063583333334
1783323180,2026-07-06T00:33:00-07:00,50.54063583333334
1783323240,2026-07-06T00:34:00-07:00,50.54063583333334
1783323360,2026-07-06T00:36:00-07:00,66.47545716666666
1783323420,2026-07-06T00:37:00-07:00,66.47545716666666
1783323480,2026-07-06T00:38:00-07:00,66.47545716666666
1783323540,2026-07-06T00:39:00-07:00,66.47545716666666
1783323600,2026-07-06T00:40:00-07:00,66.47545716666666
1783323660,2026-07-06T00:41:00-07:00,40.956102
1783323720,2026-07-06T00:42:00-07:00,40.956102
1783323780,2026-07-06T00:43:00-07:00,40.956102
1783323840,2026-07-06T00:44:00-07:00,40.956102
1783323900,2026-07-06T00:45:00-07:00,40.956102
1783323960,2026-07-06T00:46:00-07:00,41.36269133333333
1783324020,2026-07-06T00:47:00-07:00,41.36269133333333
1783324080,2026-07-06T00:48:00-07:00,41.36269133333333
1783324140,2026-07-06T00:49:00-07:00,41.36269133333333
1783324200,2026-07-06T00:50:00-07:00,41.36269133333333
1783324320,2026-07-06T00:52:00-07:00,54.41090916666667
1783324380,2026-07-06T00:53:00-07:00,54.41090916666667
1783324440,2026-07-06T00:54:00-07:00,54.41090916666667
1783324500,2026-07-06T00:55:00-07:00,54.41090916666667
1783324560,2026-07-06T00:56:00-07:00,54.41090916666667
1783324620,2026-07-06T00:57:00-07:00,38.289286
1783324680,2026-07-06T00:58:00-07:00,38.289286
1783324740,2026-07-06T00:59:00-07:00,38.289286
1783324800,2026-07-06T01:00:00-07:00,38.289286
1783324860,2026-07-06T01:01:00-07:00,38.289286
1783324980,2026-07-06T01:03:00-07:00,34.785210666666664
1783325040,2026-07-06T01:04:00-07:00,34.785210666666664
1783325100,2026-07-06T01:05:00-07:00,34.785210666666664
1783325160,2026-07-06T01:06:00-07:00,34.785210666666664
1783325220,2026-07-06T01:07:00-07:00,34.785210666666664
1783325340,2026-07-06T01:09:00-07:00,43.82059733333333
1783325400,2026-07-06T01:10:00-07:00,43.82059733333333
1783325460,2026-07-06T01:11:00-07:00,43.82059733333333
1783325520,2026-07-06T01:12:00-07:00,43.82059733333333
1783325580,2026-07-06T01:13:00-07:00,43.82059733333333
1783325640,2026-07-06T01:14:00-07:00,36.41706
1783325700,2026-07-06T01:15:00-07:00,36.41706
1783325760,2026-07-06T01:16:00-07:00,36.41706
1783325820,2026-07-06T01:17:00-07:00,36.41706
1783325880,2026-07-06T01:18:00-07:00,36.41706
1783325940,2026-07-06T01:19:00-07:00,53.458638500000006
1783326000,2026-07-06T01:20:00-07:00,53.458638500000006
1783326060,2026-07-06T01:21:00-07:00,53.458638500000006
1783326120,2026-07-06T01:22:00-07:00,53.458638500000006
1783326180,2026-07-06T01:23:00-07:00,53.458638500000006
1783326300,2026-07-06T01:25:00-07:00,60.90039733333333
1783326360,2026-07-06T01:26:00-07:00,60.90039733333333
1783326420,2026-07-06T01:27:00-07:00,60.90039733333333
1783326480,2026-07-06T01:28:00-07:00,60.90039733333333
1783326540,2026-07-06T01:29:00-07:00,60.90039733333333
1783326600,2026-07-06T01:30:00-07:00,38.662475666666666
1783326660,2026-07-06T01:31:00-07:00,38.662475666666666
1783326720,2026-07-06T01:32:00-07:00,38.662475666666666
1783326780,2026-07-06T01:33:00-07:00,38.662475666666666
1783326840,2026-07-06T01:34:00-07:00,38.662475666666666
1783326900,2026-07-06T01:35:00-07:00,69.47638616666667
1783326960,2026-07-06T01:36:00-07:00,69.47638616666667
1783327020,2026-07-06T01:37:00-07:00,69.47638616666667
1783327080,2026-07-06T01:38:00-07:00,69.47638616666667
1783327140,2026-07-06T01:39:00-07:00,69.47638616666667
1783327260,2026-07-06T01:41:00-07:00,36.19005
1783327320,2026-07-06T01:42:00-07:00,36.19005
1783327380,2026-07-06T01:43:00-07:00,36.19005
1783327440,2026-07-06T01:44:00-07:00,36.19005
1783327500,2026-07-06T01:45:00-07:00,36.19005
1783327620,2026-07-06T01:47:00-07:00,45.88370783333334
1783327680,2026-07-06T01:48:00-07:00,45.88370783333334
1783327740,2026-07-06T01:49:00-07:00,45.88370783333334
1783327800,2026-07-06T01:50:00-07:00,45.88370783333334
1783327860,2026-07-06T01:51:00-07:00,45.88370783333334
1783327980,2026-07-06T01:53:00-07:00,36.88691566666667
1783328040,2026-07-06T01:54:00-07:00,36.88691566666667
1783328100,2026-07-06T01:55:00-07:00,36.88691566666667
1783328160,2026-07-06T01:56:00-07:00,36.88691566666667
1783328220,2026-07-06T01:57:00-07:00,36.88691566666667
1783328340,2026-07-06T01:59:00-07:00,35.322794666666674
1783328400,2026-07-06T02:00:00-07:00,35.322794666666674
1783328460,2026-07-06T02:01:00-07:00,35.322794666666674
1783328520,2026-07-06T02:02:00-07:00,35.322794666666674
1783328580,2026-07-06T02:03:00-07:00,35.322794666666674
1783328700,2026-07-06T02:05:00-07:00,38.9157175
1783328760,2026-07-06T02:06:00-07:00,38.9157175
1783328820,2026-07-06T02:07:00-07:00,38.9157175
1783328880,2026-07-06T02:08:00-07:00,38.9157175
1783328940,2026-07-06T02:09:00-07:00,38.9157175
1783329000,2026-07-06T02:10:00-07:00,38.8392945
1783329060,2026-07-06T02:11:00-07:00,38.8392945
1783329120,2026-07-06T02:12:00-07:00,38.8392945
1783329180,2026-07-06T02:13:00-07:00,38.8392945
1783329240,2026-07-06T02:14:00-07:00,38.8392945
1783329300,2026-07-06T02:15:00-07:00,36.84072533333333
1783329360,2026-07-06T02:16:00-07:00,36.84072533333333
1783329420,2026-07-06T02:17:00-07:00,36.84072533333333
1783329480,2026-07-06T02:18:00-07:00,36.84072533333333
1783329540,2026-07-06T02:19:00-07:00,36.84072533333333
1783329660,2026-07-06T02:21:00-07:00,38.95334883333334
1783329720,2026-07-06T02:22:00-07:00,38.95334883333334
1783329780,2026-07-06T02:23:00-07:00,38.95334883333334
1783329840,2026-07-06T02:24:00-07:00,38.95334883333334
1783329900,2026-07-06T02:25:00-07:00,38.95334883333334
1783329960,2026-07-06T02:26:00-07:00,53.07181800000001
1783330020,2026-07-06T02:27:00-07:00,53.07181800000001
1783330080,2026-07-06T02:28:00-07:00,53.07181800000001
1783330140,2026-07-06T02:29:00-07:00,53.07181800000001
1783330200,2026-07-06T02:30:00-07:00,53.07181800000001
1783330260,2026-07-06T02:31:00-07:00,64.77634666666667
1783330320,2026-07-06T02:32:00-07:00,64.77634666666667
1783330380,2026-07-06T02:33:00-07:00,64.77634666666667
1783330440,2026-07-06T02:34:00-07:00,64.77634666666667
1783330500,2026-07-06T02:35:00-07:00,64.77634666666667
1783330680,2026-07-06T02:38:00-07:00,40.2499595
1783330740,2026-07-06T02:39:00-07:00,40.2499595
1783330800,2026-07-06T02:40:00-07:00,40.2499595
1783330860,2026-07-06T02:41:00-07:00,40.2499595
1783330920,2026-07-06T02:42:00-07:00,40.2499595
1783331040,2026-07-06T02:44:00-07:00,46.73737933333333
1783331100,2026-07-06T02:45:00-07:00,46.73737933333333
1783331160,2026-07-06T02:46:00-07:00,46.73737933333333
1783331220,2026-07-06T02:47:00-07:00,46.73737933333333
1783331280,2026-07-06T02:48:00-07:00,46.73737933333333
1783331400,2026-07-06T02:50:00-07:00,38.72151
1783331460,2026-07-06T02:51:00-07:00,38.72151
1783331520,2026-07-06T02:52:00-07:00,38.72151
1783331580,2026-07-06T02:53:00-07:00,38.72151
1783331640,2026-07-06T02:54:00-07:00,38.72151
1783331700,2026-07-06T02:55:00-07:00,66.75410283333333
1783331760,2026-07-06T02:56:00-07:00,66.75410283333333
1783331820,2026-07-06T02:57:00-07:00,66.75410283333333
1783331880,2026-07-06T02:58:00-07:00,66.75410283333333
1783331940,2026-07-06T02:59:00-07:00,66.75410283333333
1783332000,2026-07-06T03:00:00-07:00,32.77969016666667
1783332060,2026-07-06T03:01:00-07:00,32.77969016666667
1783332120,2026-07-06T03:02:00-07:00,32.77969016666667
1783332180,2026-07-06T03:03:00-07:00,32.77969016666667
1783332240,2026-07-06T03:04:00-07:00,32.77969016666667
1783332360,2026-07-06T03:06:00-07:00,36.379523666666664
1783332420,2026-07-06T03:07:00-07:00,36.379523666666664
1783332480,2026-07-06T03:08:00-07:00,36.379523666666664
1783332540,2026-07-06T03:09:00-07:00,36.379523666666664
1783332600,2026-07-06T03:10:00-07:00,36.379523666666664
1783332720,2026-07-06T03:12:00-07:00,38.295071
1783332780,2026-07-06T03:13:00-07:00,38.295071
1783332840,2026-07-06T03:14:00-07:00,38.295071
1783332900,2026-07-06T03:15:00-07:00,38.295071
1783332960,2026-07-06T03:16:00-07:00,38.295071
1783333020,2026-07-06T03:17:00-07:00,66.35447866666667
1783333080,2026-07-06T03:18:00-07:00,66.35447866666667
1783333140,2026-07-06T03:19:00-07:00,66.35447866666667
1783333200,2026-07-06T03:20:00-07:00,66.35447866666667
1783333260,2026-07-06T03:21:00-07:00,66.35447866666667
1783333320,2026-07-06T03:22:00-07:00,63.502210999999996
1783333380,2026-07-06T03:23:00-07:00,63.502210999999996
1783333440,2026-07-06T03:24:00-07:00,63.502210999999996
1783333500,2026-07-06T03:25:00-07:00,63.502210999999996
1783333560,2026-07-06T03:26:00-07:00,63.502210999999996
1783333620,2026-07-06T03:27:00-07:00,75.45966266666667
1783333680,2026-07-06T03:28:00-07:00,75.45966266666667
1783333740,2026-07-06T03:29:00-07:00,75.45966266666667
1783333800,2026-07-06T03:30:00-07:00,75.45966266666667
1783333860,2026-07-06T03:31:00-07:00,75.45966266666667
1783333920,2026-07-06T03:32:00-07:00,66.9850125
1783333980,2026-07-06T03:33:00-07:00,66.9850125
1783334040,2026-07-06T03:34:00-07:00,66.9850125
1783334100,2026-07-06T03:35:00-07:00,66.9850125
1783334160,2026-07-06T03:36:00-07:00,66.9850125
1783334220,2026-07-06T03:37:00-07:00,65.86550566666668
1783334280,2026-07-06T03:38:00-07:00,65.86550566666668
1783334340,2026-07-06T03:39:00-07:00,65.86550566666668
1783334400,2026-07-06T03:40:00-07:00,65.86550566666668
1783334460,2026-07-06T03:41:00-07:00,65.86550566666668
1783334520,2026-07-06T03:42:00-07:00,79.13306366666667
1783334580,2026-07-06T03:43:00-07:00,79.13306366666667
1783334640,2026-07-06T03:44:00-07:00,79.13306366666667
1783334700,2026-07-06T03:45:00-07:00,79.13306366666667
1783334760,2026-07-06T03:46:00-07:00,79.13306366666667
1783334820,2026-07-06T03:47:00-07:00,71.96579316666667
1783334880,2026-07-06T03:48:00-07:00,71.96579316666667
1783334940,2026-07-06T03:49:00-07:00,71.96579316666667
1783335000,2026-07-06T03:50:00-07:00,71.96579316666667
1783335060,2026-07-06T03:51:00-07:00,71.96579316666667
1783335120,2026-07-06T03:52:00-07:00,69.89170299999999
1783335180,2026-07-06T03:53:00-07:00,69.89170299999999
1783335240,2026-07-06T03:54:00-07:00,69.89170299999999
1783335300,2026-07-06T03:55:00-07:00,69.89170299999999
1783335360,2026-07-06T03:56:00-07:00,69.89170299999999
1783335480,2026-07-06T03:58:00-07:00,39.783962499999994
1783335540,2026-07-06T03:59:00-07:00,39.783962499999994
1783335600,2026-07-06T04:00:00-07:00,39.783962499999994
1783335660,2026-07-06T04:01:00-07:00,39.783962499999994
1783335720,2026-07-06T04:02:00-07:00,39.783962499999994
1783335840,2026-07-06T04:04:00-07:00,89.68372949999998
1783335900,2026-07-06T04:05:00-07:00,89.68372949999998
1783335960,2026-07-06T04:06:00-07:00,89.68372949999998
1783336020,2026-07-06T04:07:00-07:00,89.68372949999998
1783336080,2026-07-06T04:08:00-07:00,89.68372949999998
1783336200,2026-07-06T04:10:00-07:00,34.656969
1783336260,2026-07-06T04:11:00-07:00,34.656969
1783336320,2026-07-06T04:12:00-07:00,34.656969
1783336380,2026-07-06T04:13:00-07:00,34.656969
1783336440,2026-07-06T04:14:00-07:00,34.656969
1783336500,2026-07-06T04:15:00-07:00,35.351582666666665
1783336560,2026-07-06T04:16:00-07:00,35.351582666666665
1783336620,2026-07-06T04:17:00-07:00,35.351582666666665
1783336680,2026-07-06T04:18:00-07:00,35.351582666666665
1783336740,2026-07-06T04:19:00-07:00,35.351582666666665
1783336800,2026-07-06T04:20:00-07:00,57.76032849999999
1783336860,2026-07-06T04:21:00-07:00,57.76032849999999
1783336920,2026-07-06T04:22:00-07:00,57.76032849999999
1783336980,2026-07-06T04:23:00-07:00,57.76032849999999
1783337040,2026-07-06T04:24:00-07:00,57.76032849999999
1783337160,2026-07-06T04:26:00-07:00,74.44858816666668
1783337220,2026-07-06T04:27:00-07:00,74.44858816666668
1783337280,2026-07-06T04:28:00-07:00,74.44858816666668
1783337340,2026-07-06T04:29:00-07:00,74.44858816666668
1783337400,2026-07-06T04:30:00-07:00,74.44858816666668
1783337520,2026-07-06T04:32:00-07:00,37.81540266666667
1783337580,2026-07-06T04:33:00-07:00,37.81540266666667
1783337640,2026-07-06T04:34:00-07:00,37.81540266666667
1783337700,2026-07-06T04:35:00-07:00,37.81540266666667
1783337760,2026-07-06T04:36:00-07:00,37.81540266666667
1783337880,2026-07-06T04:38:00-07:00,51.923041500000004
1783337940,2026-07-06T04:39:00-07:00,51.923041500000004
1783338000,2026-07-06T04:40:00-07:00,51.923041500000004
1783338060,2026-07-06T04:41:00-07:00,51.923041500000004
1783338120,2026-07-06T04:42:00-07:00,51.923041500000004
1783338180,2026-07-06T04:43:00-07:00,40.14947516666666
1783338240,2026-07-06T04:44:00-07:00,40.14947516666666
1783338300,2026-07-06T04:45:00-07:00,40.14947516666666
1783338360,2026-07-06T04:46:00-07:00,40.14947516666666
1783338420,2026-07-06T04:47:00-07:00,40.14947516666666
1783338540,2026-07-06T04:49:00-07:00,76.7474095
1783338600,2026-07-06T04:50:00-07:00,76.7474095
1783338660,2026-07-06T04:51:00-07:00,76.7474095
1783338720,2026-07-06T04:52:00-07:00,76.7474095
1783338780,2026-07-06T04:53:00-07:00,76.7474095
1783338840,2026-07-06T04:54:00-07:00,35.72884766666667
1783338900,2026-07-06T04:55:00-07:00,35.72884766666667
1783338960,2026-07-06T04:56:00-07:00,35.72884766666667
1783339020,2026-07-06T04:57:00-07:00,35.72884766666667
1783339080,2026-07-06T04:58:00-07:00,35.72884766666667
1783339140,2026-07-06T04:59:00-07:00,37.579807
1783339200,2026-07-06T05:00:00-07:00,37.579807
1783339260,2026-07-06T05:01:00-07:00,37.579807
1783339320,2026-07-06T05:02:00-07:00,37.579807
1783339380,2026-07-06T05:03:00-07:00,37.579807
1783339500,2026-07-06T05:05:00-07:00,111.5206165
1783339560,2026-07-06T05:06:00-07:00,111.5206165
1783339620,2026-07-06T05:07:00-07:00,111.5206165
1783339680,2026-07-06T05:08:00-07:00,111.5206165
1783339740,2026-07-06T05:09:00-07:00,111.5206165
1783339800,2026-07-06T05:10:00-07:00,36.811699833333336
1783339860,2026-07-06T05:11:00-07:00,36.811699833333336
1783339920,2026-07-06T05:12:00-07:00,36.811699833333336
1783339980,2026-07-06T05:13:00-07:00,36.811699833333336
1783340040,2026-07-06T05:14:00-07:00,36.811699833333336
1783340100,2026-07-06T05:15:00-07:00,43.653178000000004
1783340160,2026-07-06T05:16:00-07:00,43.653178000000004
1783340220,2026-07-06T05:17:00-07:00,43.653178000000004
1783340280,2026-07-06T05:18:00-07:00,43.653178000000004
1783340340,2026-07-06T05:19:00-07:00,43.653178000000004
1783340460,2026-07-06T05:21:00-07:00,37.884155166666666
1783340520,2026-07-06T05:22:00-07:00,37.884155166666666
1783340580,2026-07-06T05:23:00-07:00,37.884155166666666
1783340640,2026-07-06T05:24:00-07:00,37.884155166666666
1783340700,2026-07-06T05:25:00-07:00,37.884155166666666
1783340820,2026-07-06T05:27:00-07:00,37.206644833333335
1783340880,2026-07-06T05:28:00-07:00,37.206644833333335
1783340940,2026-07-06T05:29:00-07:00,37.206644833333335
1783341000,2026-07-06T05:30:00-07:00,37.206644833333335
1783341060,2026-07-06T05:31:00-07:00,37.206644833333335
1783341120,2026-07-06T05:32:00-07:00,71.22020833333333
1783341180,2026-07-06T05:33:00-07:00,71.22020833333333
1783341240,2026-07-06T05:34:00-07:00,71.22020833333333
1783341300,2026-07-06T05:35:00-07:00,71.22020833333333
1783341360,2026-07-06T05:36:00-07:00,71.22020833333333
1783341480,2026-07-06T05:38:00-07:00,33.557861333333335
1783341540,2026-07-06T05:39:00-07:00,33.557861333333335
1783341600,2026-07-06T05:40:00-07:00,33.557861333333335
1783341660,2026-07-06T05:41:00-07:00,33.557861333333335
1783341720,2026-07-06T05:42:00-07:00,33.557861333333335
1783341780,2026-07-06T05:43:00-07:00,36.938151
1783341840,2026-07-06T05:44:00-07:00,36.938151
1783341900,2026-07-06T05:45:00-07:00,36.938151
1783341960,2026-07-06T05:46:00-07:00,36.938151
1783342020,2026-07-06T05:47:00-07:00,36.938151
1783342140,2026-07-06T05:49:00-07:00,32.11511216666667
1783342200,2026-07-06T05:50:00-07:00,32.11511216666667
1783342260,2026-07-06T05:51:00-07:00,32.11511216666667
1783342320,2026-07-06T05:52:00-07:00,32.11511216666667
1783342380,2026-07-06T05:53:00-07:00,32.11511216666667
1783342440,2026-07-06T05:54:00-07:00,66.8677775
1783342500,2026-07-06T05:55:00-07:00,66.8677775
1783342560,2026-07-06T05:56:00-07:00,66.8677775
1783342620,2026-07-06T05:57:00-07:00,66.8677775
1783342680,2026-07-06T05:58:00-07:00,66.8677775
1783342740,2026-07-06T05:59:00-07:00,70.85725216666667
1783342800,2026-07-06T06:00:00-07:00,70.85725216666667
1783342860,2026-07-06T06:01:00-07:00,70.85725216666667
1783342920,2026-07-06T06:02:00-07:00,70.85725216666667
1783342980,2026-07-06T06:03:00-07:00,70.85725216666667
1783343100,2026-07-06T06:05:00-07:00,37.7875365
1783343160,2026-07-06T06:06:00-07:00,37.7875365
1783343220,2026-07-06T06:07:00-07:00,37.7875365
1783343280,2026-07-06T06:08:00-07:00,37.7875365
1783343340,2026-07-06T06:09:00-07:00,37.7875365
1783343400,2026-07-06T06:10:00-07:00,35.090352333333335
1783343460,2026-07-06T06:11:00-07:00,35.090352333333335
1783343520,2026-07-06T06:12:00-07:00,35.090352333333335
1783343580,2026-07-06T06:13:00-07:00,35.090352333333335
1783343640,2026-07-06T06:14:00-07:00,35.090352333333335
1783343700,2026-07-06T06:15:00-07:00,74.33443166666666
1783343760,2026-07-06T06:16:00-07:00,74.33443166666666
1783343820,2026-07-06T06:17:00-07:00,74.33443166666666
1783343880,2026-07-06T06:18:00-07:00,74.33443166666666
1783343940,2026-07-06T06:19:00-07:00,74.33443166666666
1783344060,2026-07-06T06:21:00-07:00,77.44610616666668
1783344120,2026-07-06T06:22:00-07:00,77.44610616666668
1783344180,2026-07-06T06:23:00-07:00,77.44610616666668
1783344240,2026-07-06T06:24:00-07:00,77.44610616666668
1783344300,2026-07-06T06:25:00-07:00,77.44610616666668
1783344360,2026-07-06T06:26:00-07:00,64.16942666666667
1783344420,2026-07-06T06:27:00-07:00,64.16942666666667
1783344480,2026-07-06T06:28:00-07:00,64.16942666666667
1783344540,2026-07-06T06:29:00-07:00,64.16942666666667
1783344600,2026-07-06T06:30:00-07:00,64.16942666666667
1783344660,2026-07-06T06:31:00-07:00,68.46230766666666
1783344720,2026-07-06T06:32:00-07:00,68.46230766666666
1783344780,2026-07-06T06:33:00-07:00,68.46230766666666
1783344840,2026-07-06T06:34:00-07:00,68.46230766666666
1783344900,2026-07-06T06:35:00-07:00,68.46230766666666
1783345020,2026-07-06T06:37:00-07:00,38.60976816666666
1783345080,2026-07-06T06:38:00-07:00,38.60976816666666
1783345140,2026-07-06T06:39:00-07:00,38.60976816666666
1783345200,2026-07-06T06:40:00-07:00,38.60976816666666
1783345260,2026-07-06T06:41:00-07:00,38.60976816666666
1783345320,2026-07-06T06:42:00-07:00,63.117119666666675
1783345380,2026-07-06T06:43:00-07:00,63.117119666666675
1783345440,2026-07-06T06:44:00-07:00,63.117119666666675
1783345500,2026-07-06T06:45:00-07:00,63.117119666666675
1783345560,2026-07-06T06:46:00-07:00,63.117119666666675
1783345620,2026-07-06T06:47:00-07:00,69.0910645
1783345680,2026-07-06T06:48:00-07:00,69.0910645
1783345740,2026-07-06T06:49:00-07:00,69.0910645
1783345800,2026-07-06T06:50:00-07:00,69.0910645
1783345860,2026-07-06T06:51:00-07:00,69.0910645
1783345920,2026-07-06T06:52:00-07:00,57.32839633333332
1783345980,2026-07-06T06:53:00-07:00,57.32839633333332
1783346040,2026-07-06T06:54:00-07:00,57.32839633333332
1783346100,2026-07-06T06:55:00-07:00,57.32839633333332
1783346160,2026-07-06T06:56:00-07:00,57.32839633333332
