timestamp_utc,iso_pdt,carrier=verizon;connection_type=5g_cellular;experiment=none;triggered_by=rf-logger
1782975600,2026-07-02T00:00:00-07:00,9.15364123677386
1782975660,2026-07-02T00:01:00-07:00,32.04639056092339
1782975720,2026-07-02T00:02:00-07:00,32.04639056092339
1782975780,2026-07-02T00:03:00-07:00,32.04639056092339
1782975840,2026-07-02T00:04:00-07:00,32.04639056092339
1782975900,2026-07-02T00:05:00-07:00,32.04639056092339
1782975960,2026-07-02T00:06:00-07:00,8.080311593143664
1782976020,2026-07-02T00:07:00-07:00,8.080311593143664
1782976080,2026-07-02T00:08:00-07:00,8.080311593143664
1782976140,2026-07-02T00:09:00-07:00,8.080311593143664
1782976200,2026-07-02T00:10:00-07:00,8.080311593143664
1782976260,2026-07-02T00:11:00-07:00,2.885622376729119
1782976320,2026-07-02T00:12:00-07:00,2.885622376729119
1782976380,2026-07-02T00:13:00-07:00,2.885622376729119
1782976440,2026-07-02T00:14:00-07:00,2.885622376729119
1782976500,2026-07-02T00:15:00-07:00,2.885622376729119
1782976620,2026-07-02T00:17:00-07:00,5.7922615069019745
1782976680,2026-07-02T00:18:00-07:00,5.7922615069019745
1782976740,2026-07-02T00:19:00-07:00,5.7922615069019745
1782976800,2026-07-02T00:20:00-07:00,5.7922615069019745
1782976860,2026-07-02T00:21:00-07:00,5.7922615069019745
1782976980,2026-07-02T00:23:00-07:00,4.82779598084645
1782977040,2026-07-02T00:24:00-07:00,4.82779598084645
1782977100,2026-07-02T00:25:00-07:00,4.82779598084645
1782977160,2026-07-02T00:26:00-07:00,4.82779598084645
1782977220,2026-07-02T00:27:00-07:00,4.82779598084645
1782977340,2026-07-02T00:29:00-07:00,74.33199424839677
1782977400,2026-07-02T00:30:00-07:00,74.33199424839677
1782977460,2026-07-02T00:31:00-07:00,74.33199424839677
1782977520,2026-07-02T00:32:00-07:00,74.33199424839677
1782977580,2026-07-02T00:33:00-07:00,74.33199424839677
1782977700,2026-07-02T00:35:00-07:00,1.4680696829548445
1782977760,2026-07-02T00:36:00-07:00,1.4680696829548445
1782977820,2026-07-02T00:37:00-07:00,1.4680696829548445
1782977880,2026-07-02T00:38:00-07:00,1.4680696829548445
1782977940,2026-07-02T00:39:00-07:00,1.4680696829548445
1782978000,2026-07-02T00:40:00-07:00,5.4321714839468935
1782978060,2026-07-02T00:41:00-07:00,5.4321714839468935
1782978120,2026-07-02T00:42:00-07:00,5.4321714839468935
1782978180,2026-07-02T00:43:00-07:00,5.4321714839468935
1782978240,2026-07-02T00:44:00-07:00,5.4321714839468935
1782978360,2026-07-02T00:46:00-07:00,6.976048088295186
1782978420,2026-07-02T00:47:00-07:00,6.976048088295186
1782978480,2026-07-02T00:48:00-07:00,6.976048088295186
1782978540,2026-07-02T00:49:00-07:00,6.976048088295186
1782978600,2026-07-02T00:50:00-07:00,6.976048088295186
1782978660,2026-07-02T00:51:00-07:00,5.205924611603988
1782978720,2026-07-02T00:52:00-07:00,5.205924611603988
1782978780,2026-07-02T00:53:00-07:00,5.205924611603988
1782978840,2026-07-02T00:54:00-07:00,5.205924611603988
1782978900,2026-07-02T00:55:00-07:00,5.205924611603988
1782979020,2026-07-02T00:57:00-07:00,5.177486850751969
1782979080,2026-07-02T00:58:00-07:00,5.177486850751969
1782979140,2026-07-02T00:59:00-07:00,5.177486850751969
1782979200,2026-07-02T01:00:00-07:00,5.177486850751969
1782979260,2026-07-02T01:01:00-07:00,5.177486850751969
1782979380,2026-07-02T01:03:00-07:00,19.855829940819582
1782979440,2026-07-02T01:04:00-07:00,19.855829940819582
1782979500,2026-07-02T01:05:00-07:00,19.855829940819582
1782979560,2026-07-02T01:06:00-07:00,19.855829940819582
1782979620,2026-07-02T01:07:00-07:00,19.855829940819582
1782979680,2026-07-02T01:08:00-07:00,5.320949429112304
1782979740,2026-07-02T01:09:00-07:00,5.320949429112304
1782979800,2026-07-02T01:10:00-07:00,5.320949429112304
1782979860,2026-07-02T01:11:00-07:00,5.320949429112304
1782979920,2026-07-02T01:12:00-07:00,5.320949429112304
1782979980,2026-07-02T01:13:00-07:00,3.079182862465499
1782980040,2026-07-02T01:14:00-07:00,3.079182862465499
1782980100,2026-07-02T01:15:00-07:00,3.079182862465499
1782980160,2026-07-02T01:16:00-07:00,3.079182862465499
1782980220,2026-07-02T01:17:00-07:00,3.079182862465499
1782980340,2026-07-02T01:19:00-07:00,3.760189275791697
1782980400,2026-07-02T01:20:00-07:00,3.760189275791697
1782980460,2026-07-02T01:21:00-07:00,3.760189275791697
1782980520,2026-07-02T01:22:00-07:00,3.760189275791697
1782980580,2026-07-02T01:23:00-07:00,3.760189275791697
1782980700,2026-07-02T01:25:00-07:00,2.2707033499548595
1782980760,2026-07-02T01:26:00-07:00,2.2707033499548595
1782980820,2026-07-02T01:27:00-07:00,2.2707033499548595
1782980880,2026-07-02T01:28:00-07:00,2.2707033499548595
1782980940,2026-07-02T01:29:00-07:00,2.2707033499548595
1782981060,2026-07-02T01:31:00-07:00,116.26337342779867
1782981120,2026-07-02T01:32:00-07:00,116.26337342779867
1782981180,2026-07-02T01:33:00-07:00,116.26337342779867
1782981240,2026-07-02T01:34:00-07:00,116.26337342779867
1782981300,2026-07-02T01:35:00-07:00,116.26337342779867
1782981360,2026-07-02T01:36:00-07:00,57.64529863179648
1782981420,2026-07-02T01:37:00-07:00,57.64529863179648
1782981480,2026-07-02T01:38:00-07:00,57.64529863179648
1782981540,2026-07-02T01:39:00-07:00,57.64529863179648
1782981600,2026-07-02T01:40:00-07:00,57.64529863179648
1782981720,2026-07-02T01:42:00-07:00,3.442231953239045
1782981780,2026-07-02T01:43:00-07:00,3.442231953239045
1782981840,2026-07-02T01:44:00-07:00,3.442231953239045
1782981900,2026-07-02T01:45:00-07:00,3.442231953239045
1782981960,2026-07-02T01:46:00-07:00,3.442231953239045
1782982020,2026-07-02T01:47:00-07:00,69.46811084794325
1782982080,2026-07-02T01:48:00-07:00,69.46811084794325
1782982140,2026-07-02T01:49:00-07:00,69.46811084794325
1782982200,2026-07-02T01:50:00-07:00,69.46811084794325
1782982260,2026-07-02T01:51:00-07:00,69.46811084794325
1782982380,2026-07-02T01:53:00-07:00,7.7978854935702495
1782982440,2026-07-02T01:54:00-07:00,7.7978854935702495
1782982500,2026-07-02T01:55:00-07:00,7.7978854935702495
1782982560,2026-07-02T01:56:00-07:00,7.7978854935702495
1782982620,2026-07-02T01:57:00-07:00,7.7978854935702495
1782982740,2026-07-02T01:59:00-07:00,3.4459069152371082
1782982800,2026-07-02T02:00:00-07:00,3.4459069152371082
1782982860,2026-07-02T02:01:00-07:00,3.4459069152371082
1782982920,2026-07-02T02:02:00-07:00,3.4459069152371082
1782982980,2026-07-02T02:03:00-07:00,3.4459069152371082
1782983040,2026-07-02T02:04:00-07:00,1.1512811781531935
1782983100,2026-07-02T02:05:00-07:00,1.1512811781531935
1782983160,2026-07-02T02:06:00-07:00,1.1512811781531935
1782983220,2026-07-02T02:07:00-07:00,1.1512811781531935
1782983280,2026-07-02T02:08:00-07:00,1.1512811781531935
1782983340,2026-07-02T02:09:00-07:00,83.3928079435812
1782983400,2026-07-02T02:10:00-07:00,83.3928079435812
1782983460,2026-07-02T02:11:00-07:00,83.3928079435812
1782983520,2026-07-02T02:12:00-07:00,83.3928079435812
1782983580,2026-07-02T02:13:00-07:00,83.3928079435812
1782983700,2026-07-02T02:15:00-07:00,75.70137349896449
1782983760,2026-07-02T02:16:00-07:00,75.70137349896449
1782983820,2026-07-02T02:17:00-07:00,75.70137349896449
1782983880,2026-07-02T02:18:00-07:00,75.70137349896449
1782983940,2026-07-02T02:19:00-07:00,75.70137349896449
1782984000,2026-07-02T02:20:00-07:00,6.473913926804807
1782984060,2026-07-02T02:21:00-07:00,6.473913926804807
1782984120,2026-07-02T02:22:00-07:00,6.473913926804807
1782984180,2026-07-02T02:23:00-07:00,6.473913926804807
1782984240,2026-07-02T02:24:00-07:00,6.473913926804807
1782984300,2026-07-02T02:25:00-07:00,4.583262625675793
1782984360,2026-07-02T02:26:00-07:00,4.583262625675793
1782984420,2026-07-02T02:27:00-07:00,4.583262625675793
1782984480,2026-07-02T02:28:00-07:00,4.583262625675793
1782984540,2026-07-02T02:29:00-07:00,4.583262625675793
1782984600,2026-07-02T02:30:00-07:00,2.770957642528601
1782984660,2026-07-02T02:31:00-07:00,2.770957642528601
1782984720,2026-07-02T02:32:00-07:00,2.770957642528601
1782984780,2026-07-02T02:33:00-07:00,2.770957642528601
1782984840,2026-07-02T02:34:00-07:00,2.770957642528601
1782984960,2026-07-02T02:36:00-07:00,78.02940675215979
1782985020,2026-07-02T02:37:00-07:00,78.02940675215979
1782985080,2026-07-02T02:38:00-07:00,78.02940675215979
1782985140,2026-07-02T02:39:00-07:00,78.02940675215979
1782985200,2026-07-02T02:40:00-07:00,78.02940675215979
1782985260,2026-07-02T02:41:00-07:00,77.76738138831278
1782985320,2026-07-02T02:42:00-07:00,77.76738138831278
1782985380,2026-07-02T02:43:00-07:00,77.76738138831278
1782985440,2026-07-02T02:44:00-07:00,77.76738138831278
1782985500,2026-07-02T02:45:00-07:00,77.76738138831278
1782985560,2026-07-02T02:46:00-07:00,68.38064718808921
1782985620,2026-07-02T02:47:00-07:00,68.38064718808921
1782985680,2026-07-02T02:48:00-07:00,68.38064718808921
1782985740,2026-07-02T02:49:00-07:00,68.38064718808921
1782985800,2026-07-02T02:50:00-07:00,68.38064718808921
1782985980,2026-07-02T02:53:00-07:00,3.422782746494507
1782986040,2026-07-02T02:54:00-07:00,3.422782746494507
1782986100,2026-07-02T02:55:00-07:00,3.422782746494507
1782986160,2026-07-02T02:56:00-07:00,3.422782746494507
1782986220,2026-07-02T02:57:00-07:00,3.422782746494507
1782986340,2026-07-02T02:59:00-07:00,2.6441040813807897
1782986400,2026-07-02T03:00:00-07:00,2.6441040813807897
1782986460,2026-07-02T03:01:00-07:00,2.6441040813807897
1782986520,2026-07-02T03:02:00-07:00,2.6441040813807897
1782986580,2026-07-02T03:03:00-07:00,2.6441040813807897
1782986640,2026-07-02T03:04:00-07:00,67.6627941982045
1782986700,2026-07-02T03:05:00-07:00,67.6627941982045
1782986760,2026-07-02T03:06:00-07:00,67.6627941982045
1782986820,2026-07-02T03:07:00-07:00,67.6627941982045
1782986880,2026-07-02T03:08:00-07:00,67.6627941982045
1782986940,2026-07-02T03:09:00-07:00,8.187441558382101
1782987000,2026-07-02T03:10:00-07:00,8.187441558382101
1782987060,2026-07-02T03:11:00-07:00,8.187441558382101
1782987120,2026-07-02T03:12:00-07:00,8.187441558382101
1782987180,2026-07-02T03:13:00-07:00,8.187441558382101
1782987240,2026-07-02T03:14:00-07:00,70.75857015327354
1782987300,2026-07-02T03:15:00-07:00,70.75857015327354
1782987360,2026-07-02T03:16:00-07:00,70.75857015327354
1782987420,2026-07-02T03:17:00-07:00,70.75857015327354
1782987480,2026-07-02T03:18:00-07:00,70.75857015327354
1782987540,2026-07-02T03:19:00-07:00,4.8226176506178815
1782987600,2026-07-02T03:20:00-07:00,4.8226176506178815
1782987660,2026-07-02T03:21:00-07:00,4.8226176506178815
1782987720,2026-07-02T03:22:00-07:00,4.8226176506178815
1782987780,2026-07-02T03:23:00-07:00,4.8226176506178815
1782987900,2026-07-02T03:25:00-07:00,7.31137430049371
1782987960,2026-07-02T03:26:00-07:00,7.31137430049371
1782988020,2026-07-02T03:27:00-07:00,7.31137430049371
1782988080,2026-07-02T03:28:00-07:00,7.31137430049371
1782988140,2026-07-02T03:29:00-07:00,7.31137430049371
1782988200,2026-07-02T03:30:00-07:00,6.316740320135151
1782988260,2026-07-02T03:31:00-07:00,6.316740320135151
1782988320,2026-07-02T03:32:00-07:00,6.316740320135151
1782988380,2026-07-02T03:33:00-07:00,6.316740320135151
1782988440,2026-07-02T03:34:00-07:00,6.316740320135151
1782988500,2026-07-02T03:35:00-07:00,65.93972712999302
1782988560,2026-07-02T03:36:00-07:00,65.93972712999302
1782988620,2026-07-02T03:37:00-07:00,65.93972712999302
1782988680,2026-07-02T03:38:00-07:00,65.93972712999302
1782988740,2026-07-02T03:39:00-07:00,65.93972712999302
1782988800,2026-07-02T03:40:00-07:00,9.480004338856197
1782988860,2026-07-02T03:41:00-07:00,9.480004338856197
1782988920,2026-07-02T03:42:00-07:00,9.480004338856197
1782988980,2026-07-02T03:43:00-07:00,9.480004338856197
1782989040,2026-07-02T03:44:00-07:00,9.480004338856197
1782989100,2026-07-02T03:45:00-07:00,75.61642205286752
1782989160,2026-07-02T03:46:00-07:00,75.61642205286752
1782989220,2026-07-02T03:47:00-07:00,75.61642205286752
1782989280,2026-07-02T03:48:00-07:00,75.61642205286752
1782989340,2026-07-02T03:49:00-07:00,75.61642205286752
1782989460,2026-07-02T03:51:00-07:00,8.075339916746945
1782989520,2026-07-02T03:52:00-07:00,8.075339916746945
1782989580,2026-07-02T03:53:00-07:00,8.075339916746945
1782989640,2026-07-02T03:54:00-07:00,8.075339916746945
1782989700,2026-07-02T03:55:00-07:00,8.075339916746945
1782989760,2026-07-02T03:56:00-07:00,79.55597022133686
1782989820,2026-07-02T03:57:00-07:00,79.55597022133686
1782989880,2026-07-02T03:58:00-07:00,79.55597022133686
1782989940,2026-07-02T03:59:00-07:00,79.55597022133686
1782990000,2026-07-02T04:00:00-07:00,79.55597022133686
1782990120,2026-07-02T04:02:00-07:00,3.883889171748024
1782990180,2026-07-02T04:03:00-07:00,3.883889171748024
1782990240,2026-07-02T04:04:00-07:00,3.883889171748024
1782990300,2026-07-02T04:05:00-07:00,3.883889171748024
1782990360,2026-07-02T04:06:00-07:00,3.883889171748024
1782990420,2026-07-02T04:07:00-07:00,107.85280153706329
1782990480,2026-07-02T04:08:00-07:00,107.85280153706329
1782990540,2026-07-02T04:09:00-07:00,107.85280153706329
1782990600,2026-07-02T04:10:00-07:00,107.85280153706329
1782990660,2026-07-02T04:11:00-07:00,107.85280153706329
1782990720,2026-07-02T04:12:00-07:00,2.6526726650961794
1782990780,2026-07-02T04:13:00-07:00,2.6526726650961794
1782990840,2026-07-02T04:14:00-07:00,2.6526726650961794
1782990900,2026-07-02T04:15:00-07:00,2.6526726650961794
1782990960,2026-07-02T04:16:00-07:00,2.6526726650961794
1782991080,2026-07-02T04:18:00-07:00,78.36750976019076
1782991140,2026-07-02T04:19:00-07:00,78.36750976019076
1782991200,2026-07-02T04:20:00-07:00,78.36750976019076
1782991260,2026-07-02T04:21:00-07:00,78.36750976019076
1782991320,2026-07-02T04:22:00-07:00,78.36750976019076
1782991440,2026-07-02T04:24:00-07:00,4.877872526982346
1782991500,2026-07-02T04:25:00-07:00,4.877872526982346
1782991560,2026-07-02T04:26:00-07:00,4.877872526982346
1782991620,2026-07-02T04:27:00-07:00,4.877872526982346
1782991680,2026-07-02T04:28:00-07:00,4.877872526982346
1782991740,2026-07-02T04:29:00-07:00,7.543027730440978
1782991800,2026-07-02T04:30:00-07:00,7.543027730440978
1782991860,2026-07-02T04:31:00-07:00,7.543027730440978
1782991920,2026-07-02T04:32:00-07:00,7.543027730440978
1782991980,2026-07-02T04:33:00-07:00,7.543027730440978
1782992100,2026-07-02T04:35:00-07:00,4.755947685483424
1782992160,2026-07-02T04:36:00-07:00,4.755947685483424
1782992220,2026-07-02T04:37:00-07:00,4.755947685483424
1782992280,2026-07-02T04:38:00-07:00,4.755947685483424
1782992340,2026-07-02T04:39:00-07:00,4.755947685483424
1782992460,2026-07-02T04:41:00-07:00,2.37166444077368
1782992520,2026-07-02T04:42:00-07:00,2.37166444077368
1782992580,2026-07-02T04:43:00-07:00,2.37166444077368
1782992640,2026-07-02T04:44:00-07:00,2.37166444077368
1782992700,2026-07-02T04:45:00-07:00,2.37166444077368
1782992760,2026-07-02T04:46:00-07:00,3.858556833093761
1782992820,2026-07-02T04:47:00-07:00,3.858556833093761
1782992880,2026-07-02T04:48:00-07:00,3.858556833093761
1782992940,2026-07-02T04:49:00-07:00,3.858556833093761
1782993000,2026-07-02T04:50:00-07:00,3.858556833093761
1782993060,2026-07-02T04:51:00-07:00,5.915493441379493
1782993120,2026-07-02T04:52:00-07:00,5.915493441379493
1782993180,2026-07-02T04:53:00-07:00,5.915493441379493
1782993240,2026-07-02T04:54:00-07:00,5.915493441379493
1782993300,2026-07-02T04:55:00-07:00,5.915493441379493
1782993420,2026-07-02T04:57:00-07:00,6.303708984078396
1782993480,2026-07-02T04:58:00-07:00,6.303708984078396
1782993540,2026-07-02T04:59:00-07:00,6.303708984078396
1782993600,2026-07-02T05:00:00-07:00,6.303708984078396
1782993660,2026-07-02T05:01:00-07:00,6.303708984078396
1782993720,2026-07-02T05:02:00-07:00,74.80891097872043
1782993780,2026-07-02T05:03:00-07:00,74.80891097872043
1782993840,2026-07-02T05:04:00-07:00,74.80891097872043
1782993900,2026-07-02T05:05:00-07:00,74.80891097872043
1782993960,2026-07-02T05:06:00-07:00,74.80891097872043
1782994080,2026-07-02T05:08:00-07:00,3.413148416246289
1782994140,2026-07-02T05:09:00-07:00,3.413148416246289
1782994200,2026-07-02T05:10:00-07:00,3.413148416246289
1782994260,2026-07-02T05:11:00-07:00,3.413148416246289
1782994320,2026-07-02T05:12:00-07:00,3.413148416246289
1782994380,2026-07-02T05:13:00-07:00,4.805991626475032
1782994440,2026-07-02T05:14:00-07:00,4.805991626475032
1782994500,2026-07-02T05:15:00-07:00,4.805991626475032
1782994560,2026-07-02T05:16:00-07:00,4.805991626475032
1782994620,2026-07-02T05:17:00-07:00,4.805991626475032
1782994680,2026-07-02T05:18:00-07:00,70.35196771839533
1782994740,2026-07-02T05:19:00-07:00,70.35196771839533
1782994800,2026-07-02T05:20:00-07:00,70.35196771839533
1782994860,2026-07-02T05:21:00-07:00,70.35196771839533
1782994920,2026-07-02T05:22:00-07:00,70.35196771839533
1782995040,2026-07-02T05:24:00-07:00,6.03210345242716
1782995100,2026-07-02T05:25:00-07:00,6.03210345242716
1782995160,2026-07-02T05:26:00-07:00,6.03210345242716
1782995220,2026-07-02T05:27:00-07:00,6.03210345242716
1782995280,2026-07-02T05:28:00-07:00,6.03210345242716
1782995400,2026-07-02T05:30:00-07:00,4.706396143597824
1782995460,2026-07-02T05:31:00-07:00,4.706396143597824
1782995520,2026-07-02T05:32:00-07:00,4.706396143597824
1782995580,2026-07-02T05:33:00-07:00,4.706396143597824
1782995640,2026-07-02T05:34:00-07:00,4.706396143597824
1782995700,2026-07-02T05:35:00-07:00,73.58575535516749
1782995760,2026-07-02T05:36:00-07:00,73.58575535516749
1782995820,2026-07-02T05:37:00-07:00,73.58575535516749
1782995880,2026-07-02T05:38:00-07:00,73.58575535516749
1782995940,2026-07-02T05:39:00-07:00,73.58575535516749
1782996000,2026-07-02T05:40:00-07:00,70.3671658565094
1782996060,2026-07-02T05:41:00-07:00,70.3671658565094
1782996120,2026-07-02T05:42:00-07:00,70.3671658565094
1782996180,2026-07-02T05:43:00-07:00,70.3671658565094
1782996240,2026-07-02T05:44:00-07:00,70.3671658565094
1782996300,2026-07-02T05:45:00-07:00,7.326800822508954
1782996360,2026-07-02T05:46:00-07:00,7.326800822508954
1782996420,2026-07-02T05:47:00-07:00,7.326800822508954
1782996480,2026-07-02T05:48:00-07:00,7.326800822508954
1782996540,2026-07-02T05:49:00-07:00,7.326800822508954
1782996600,2026-07-02T05:50:00-07:00,5.176469878835696
1782996660,2026-07-02T05:51:00-07:00,5.176469878835696
1782996720,2026-07-02T05:52:00-07:00,5.176469878835696
1782996780,2026-07-02T05:53:00-07:00,5.176469878835696
1782996840,2026-07-02T05:54:00-07:00,5.176469878835696
1782998100,2026-07-02T06:15:00-07:00,376.3752429583027
1782998160,2026-07-02T06:16:00-07:00,376.3752429583027
1782998220,2026-07-02T06:17:00-07:00,376.3752429583027
1782998280,2026-07-02T06:18:00-07:00,376.3752429583027
1782998340,2026-07-02T06:19:00-07:00,376.3752429583027
1782998400,2026-07-02T06:20:00-07:00,10.247203230628433
1782998460,2026-07-02T06:21:00-07:00,10.247203230628433
1782998520,2026-07-02T06:22:00-07:00,10.247203230628433
1782998580,2026-07-02T06:23:00-07:00,10.247203230628433
1782998640,2026-07-02T06:24:00-07:00,10.247203230628433
1782998700,2026-07-02T06:25:00-07:00,5.409447908855167
1782998760,2026-07-02T06:26:00-07:00,5.409447908855167
1782998820,2026-07-02T06:27:00-07:00,5.409447908855167
1782998880,2026-07-02T06:28:00-07:00,5.409447908855167
1782998940,2026-07-02T06:29:00-07:00,5.409447908855167
1782999000,2026-07-02T06:30:00-07:00,6.580701600625752
1782999060,2026-07-02T06:31:00-07:00,6.580701600625752
1782999120,2026-07-02T06:32:00-07:00,6.580701600625752
1782999180,2026-07-02T06:33:00-07:00,6.580701600625752
1782999240,2026-07-02T06:34:00-07:00,6.580701600625752
1782999360,2026-07-02T06:36:00-07:00,5.167418747835499
1782999420,2026-07-02T06:37:00-07:00,5.167418747835499
1782999480,2026-07-02T06:38:00-07:00,5.167418747835499
1782999540,2026-07-02T06:39:00-07:00,5.167418747835499
1782999600,2026-07-02T06:40:00-07:00,5.167418747835499
1782999960,2026-07-02T06:46:00-07:00,13.452001897957922
1783000020,2026-07-02T06:47:00-07:00,13.452001897957922
1783000080,2026-07-02T06:48:00-07:00,13.452001897957922
1783000140,2026-07-02T06:49:00-07:00,13.452001897957922
1783000200,2026-07-02T06:50:00-07:00,13.452001897957922
1783000260,2026-07-02T06:51:00-07:00,173.7039625196646
1783000320,2026-07-02T06:52:00-07:00,173.7039625196646
1783000380,2026-07-02T06:53:00-07:00,173.7039625196646
1783000440,2026-07-02T06:54:00-07:00,173.7039625196646
1783000500,2026-07-02T06:55:00-07:00,173.7039625196646
1783000560,2026-07-02T06:56:00-07:00,43.47549943449692
1783000620,2026-07-02T06:57:00-07:00,43.47549943449692
1783000680,2026-07-02T06:58:00-07:00,43.47549943449692
1783000740,2026-07-02T06:59:00-07:00,43.47549943449692
1783000800,2026-07-02T07:00:00-07:00,43.47549943449692
1783000860,2026-07-02T07:01:00-07:00,10.628224968625403
1783000920,2026-07-02T07:02:00-07:00,10.628224968625403
1783000980,2026-07-02T07:03:00-07:00,10.628224968625403
1783001040,2026-07-02T07:04:00-07:00,10.628224968625403
1783001100,2026-07-02T07:05:00-07:00,10.628224968625403
1783001160,2026-07-02T07:06:00-07:00,10.24841022813878
1783001220,2026-07-02T07:07:00-07:00,10.24841022813878
1783001280,2026-07-02T07:08:00-07:00,10.24841022813878
1783001340,2026-07-02T07:09:00-07:00,10.24841022813878
1783001400,2026-07-02T07:10:00-07:00,10.24841022813878
1783001460,2026-07-02T07:11:00-07:00,8.337993876500441
1783001520,2026-07-02T07:12:00-07:00,8.337993876500441
1783001580,2026-07-02T07:13:00-07:00,8.337993876500441
1783001640,2026-07-02T07:14:00-07:00,8.337993876500441
1783001700,2026-07-02T07:15:00-07:00,8.337993876500441
1783001760,2026-07-02T07:16:00-07:00,4.182184283243721
1783001820,2026-07-02T07:17:00-07:00,4.182184283243721
1783001880,2026-07-02T07:18:00-07:00,4.182184283243721
1783001940,2026-07-02T07:19:00-07:00,4.182184283243721
1783002000,2026-07-02T07:20:00-07:00,4.182184283243721
1783002180,2026-07-02T07:23:00-07:00,6.08031350843814
1783002240,2026-07-02T07:24:00-07:00,6.08031350843814
1783002300,2026-07-02T07:25:00-07:00,6.08031350843814
1783002360,2026-07-02T07:26:00-07:00,6.08031350843814
1783002420,2026-07-02T07:27:00-07:00,6.08031350843814
1783002480,2026-07-02T07:28:00-07:00,5.297625309661543
1783002540,2026-07-02T07:29:00-07:00,5.297625309661543
1783002600,2026-07-02T07:30:00-07:00,5.297625309661543
1783002660,2026-07-02T07:31:00-07:00,5.297625309661543
1783002720,2026-07-02T07:32:00-07:00,5.297625309661543
1783002780,2026-07-02T07:33:00-07:00,8.674817877506047
1783002840,2026-07-02T07:34:00-07:00,8.674817877506047
1783002900,2026-07-02T07:35:00-07:00,8.674817877506047
1783002960,2026-07-02T07:36:00-07:00,8.674817877506047
1783003020,2026-07-02T07:37:00-07:00,8.674817877506047
1783003140,2026-07-02T07:39:00-07:00,4.971149030510753
1783003200,2026-07-02T07:40:00-07:00,4.971149030510753
1783003260,2026-07-02T07:41:00-07:00,4.971149030510753
1783003320,2026-07-02T07:42:00-07:00,4.971149030510753
1783003380,2026-07-02T07:43:00-07:00,4.971149030510753
1783003440,2026-07-02T07:44:00-07:00,6.692375793627138
1783003500,2026-07-02T07:45:00-07:00,6.692375793627138
1783003560,2026-07-02T07:46:00-07:00,6.692375793627138
1783003620,2026-07-02T07:47:00-07:00,6.692375793627138
1783003680,2026-07-02T07:48:00-07:00,6.692375793627138
1783003800,2026-07-02T07:50:00-07:00,3.5008209382099698
1783003860,2026-07-02T07:51:00-07:00,3.5008209382099698
1783003920,2026-07-02T07:52:00-07:00,3.5008209382099698
1783003980,2026-07-02T07:53:00-07:00,3.5008209382099698
1783004040,2026-07-02T07:54:00-07:00,3.5008209382099698
1783004160,2026-07-02T07:56:00-07:00,8.076982294373947
1783004220,2026-07-02T07:57:00-07:00,8.076982294373947
1783004280,2026-07-02T07:58:00-07:00,8.076982294373947
1783004340,2026-07-02T07:59:00-07:00,8.076982294373947
1783004400,2026-07-02T08:00:00-07:00,8.076982294373947
1783004520,2026-07-02T08:02:00-07:00,8.732388823983417
1783004580,2026-07-02T08:03:00-07:00,8.732388823983417
1783004640,2026-07-02T08:04:00-07:00,8.732388823983417
1783004700,2026-07-02T08:05:00-07:00,8.732388823983417
1783004760,2026-07-02T08:06:00-07:00,8.732388823983417
1783004880,2026-07-02T08:08:00-07:00,8.761661025454476
1783004940,2026-07-02T08:09:00-07:00,8.761661025454476
1783005000,2026-07-02T08:10:00-07:00,8.761661025454476
1783005060,2026-07-02T08:11:00-07:00,8.761661025454476
1783005120,2026-07-02T08:12:00-07:00,8.761661025454476
1783005180,2026-07-02T08:13:00-07:00,7.521194292397629
1783005240,2026-07-02T08:14:00-07:00,7.521194292397629
1783005300,2026-07-02T08:15:00-07:00,7.521194292397629
1783005360,2026-07-02T08:16:00-07:00,7.521194292397629
1783005420,2026-07-02T08:17:00-07:00,7.521194292397629
1783005480,2026-07-02T08:18:00-07:00,5.987885581510575
1783005540,2026-07-02T08:19:00-07:00,5.987885581510575
1783005600,2026-07-02T08:20:00-07:00,5.987885581510575
1783005660,2026-07-02T08:21:00-07:00,5.987885581510575
1783005720,2026-07-02T08:22:00-07:00,5.987885581510575
1783005900,2026-07-02T08:25:00-07:00,11.443008178468395
1783005960,2026-07-02T08:26:00-07:00,11.443008178468395
1783006020,2026-07-02T08:27:00-07:00,11.443008178468395
1783006080,2026-07-02T08:28:00-07:00,11.443008178468395
1783006140,2026-07-02T08:29:00-07:00,11.443008178468395
1783006260,2026-07-02T08:31:00-07:00,9.2677129151084
1783006320,2026-07-02T08:32:00-07:00,9.2677129151084
1783006380,2026-07-02T08:33:00-07:00,9.2677129151084
1783006440,2026-07-02T08:34:00-07:00,9.2677129151084
1783006500,2026-07-02T08:35:00-07:00,9.2677129151084
1783006620,2026-07-02T08:37:00-07:00,5.163907218944703
1783006680,2026-07-02T08:38:00-07:00,5.163907218944703
1783006740,2026-07-02T08:39:00-07:00,5.163907218944703
1783006800,2026-07-02T08:40:00-07:00,5.163907218944703
1783006860,2026-07-02T08:41:00-07:00,5.163907218944703
1783006980,2026-07-02T08:43:00-07:00,3.0975683790231554
1783007040,2026-07-02T08:44:00-07:00,3.0975683790231554
1783007100,2026-07-02T08:45:00-07:00,3.0975683790231554
1783007160,2026-07-02T08:46:00-07:00,3.0975683790231554
1783007220,2026-07-02T08:47:00-07:00,3.0975683790231554
1783007400,2026-07-02T08:50:00-07:00,6.822200153483152
1783007460,2026-07-02T08:51:00-07:00,6.822200153483152
1783007520,2026-07-02T08:52:00-07:00,6.822200153483152
1783007580,2026-07-02T08:53:00-07:00,6.822200153483152
1783007640,2026-07-02T08:54:00-07:00,6.822200153483152
1783008120,2026-07-02T09:02:00-07:00,7.666961750415663
1783008180,2026-07-02T09:03:00-07:00,7.666961750415663
1783008240,2026-07-02T09:04:00-07:00,7.666961750415663
1783008300,2026-07-02T09:05:00-07:00,7.666961750415663
1783008360,2026-07-02T09:06:00-07:00,7.666961750415663
1783008480,2026-07-02T09:08:00-07:00,5.491216935389266
1783008540,2026-07-02T09:09:00-07:00,5.491216935389266
1783008600,2026-07-02T09:10:00-07:00,5.491216935389266
1783008660,2026-07-02T09:11:00-07:00,5.491216935389266
1783008720,2026-07-02T09:12:00-07:00,5.491216935389266
1783008840,2026-07-02T09:14:00-07:00,8.524078781479728
1783008900,2026-07-02T09:15:00-07:00,8.524078781479728
1783008960,2026-07-02T09:16:00-07:00,8.524078781479728
1783009020,2026-07-02T09:17:00-07:00,8.524078781479728
1783009080,2026-07-02T09:18:00-07:00,8.524078781479728
1783009680,2026-07-02T09:28:00-07:00,7.033872989226363
1783009740,2026-07-02T09:29:00-07:00,7.033872989226363
1783009800,2026-07-02T09:30:00-07:00,7.033872989226363
1783009860,2026-07-02T09:31:00-07:00,7.033872989226363
1783009920,2026-07-02T09:32:00-07:00,7.033872989226363
1783009980,2026-07-02T09:33:00-07:00,5.998550659092207
1783010040,2026-07-02T09:34:00-07:00,5.998550659092207
1783010100,2026-07-02T09:35:00-07:00,5.998550659092207
1783010160,2026-07-02T09:36:00-07:00,5.998550659092207
1783010220,2026-07-02T09:37:00-07:00,5.998550659092207
1783010340,2026-07-02T09:39:00-07:00,5.578088200218144
1783010400,2026-07-02T09:40:00-07:00,5.578088200218144
1783010460,2026-07-02T09:41:00-07:00,5.578088200218144
1783010520,2026-07-02T09:42:00-07:00,5.578088200218144
1783010580,2026-07-02T09:43:00-07:00,5.578088200218144
1783010640,2026-07-02T09:44:00-07:00,9.273717563690171
1783010700,2026-07-02T09:45:00-07:00,9.273717563690171
1783010760,2026-07-02T09:46:00-07:00,9.273717563690171
1783010820,2026-07-02T09:47:00-07:00,9.273717563690171
1783010880,2026-07-02T09:48:00-07:00,9.273717563690171
1783011000,2026-07-02T09:50:00-07:00,5.7518736306356955
1783011060,2026-07-02T09:51:00-07:00,5.7518736306356955
1783011120,2026-07-02T09:52:00-07:00,5.7518736306356955
1783011180,2026-07-02T09:53:00-07:00,5.7518736306356955
1783011240,2026-07-02T09:54:00-07:00,5.7518736306356955
1783011360,2026-07-02T09:56:00-07:00,2.3241257574493654
1783011420,2026-07-02T09:57:00-07:00,2.3241257574493654
1783011480,2026-07-02T09:58:00-07:00,2.3241257574493654
1783011540,2026-07-02T09:59:00-07:00,2.3241257574493654
1783011600,2026-07-02T10:00:00-07:00,2.3241257574493654
1783011780,2026-07-02T10:03:00-07:00,4.400691839636266
1783011840,2026-07-02T10:04:00-07:00,4.400691839636266
1783011900,2026-07-02T10:05:00-07:00,4.400691839636266
1783011960,2026-07-02T10:06:00-07:00,4.400691839636266
1783012020,2026-07-02T10:07:00-07:00,4.400691839636266
1783012140,2026-07-02T10:09:00-07:00,5.820967007843935
1783012200,2026-07-02T10:10:00-07:00,5.820967007843935
1783012260,2026-07-02T10:11:00-07:00,5.820967007843935
1783012320,2026-07-02T10:12:00-07:00,5.820967007843935
1783012380,2026-07-02T10:13:00-07:00,5.820967007843935
1783012440,2026-07-02T10:14:00-07:00,4.554514302261234
1783012500,2026-07-02T10:15:00-07:00,4.554514302261234
1783012560,2026-07-02T10:16:00-07:00,4.554514302261234
1783012620,2026-07-02T10:17:00-07:00,4.554514302261234
1783012680,2026-07-02T10:18:00-07:00,4.554514302261234
1783012800,2026-07-02T10:20:00-07:00,5.395020221241282
1783012860,2026-07-02T10:21:00-07:00,5.395020221241282
1783012920,2026-07-02T10:22:00-07:00,5.395020221241282
1783012980,2026-07-02T10:23:00-07:00,5.395020221241282
1783013040,2026-07-02T10:24:00-07:00,5.395020221241282
1783013160,2026-07-02T10:26:00-07:00,5.838490521086469
1783013220,2026-07-02T10:27:00-07:00,5.838490521086469
1783013280,2026-07-02T10:28:00-07:00,5.838490521086469
1783013340,2026-07-02T10:29:00-07:00,5.838490521086469
1783013400,2026-07-02T10:30:00-07:00,5.838490521086469
1783013460,2026-07-02T10:31:00-07:00,6.330726385991517
1783013520,2026-07-02T10:32:00-07:00,6.330726385991517
1783013580,2026-07-02T10:33:00-07:00,6.330726385991517
1783013640,2026-07-02T10:34:00-07:00,6.330726385991517
1783013700,2026-07-02T10:35:00-07:00,6.330726385991517
1783013760,2026-07-02T10:36:00-07:00,15.113406746394274
1783013820,2026-07-02T10:37:00-07:00,15.113406746394274
1783013880,2026-07-02T10:38:00-07:00,15.113406746394274
1783013940,2026-07-02T10:39:00-07:00,15.113406746394274
1783014000,2026-07-02T10:40:00-07:00,15.113406746394274
1783014060,2026-07-02T10:41:00-07:00,4.3887108079796215
1783014120,2026-07-02T10:42:00-07:00,4.3887108079796215
1783014180,2026-07-02T10:43:00-07:00,4.3887108079796215
1783014240,2026-07-02T10:44:00-07:00,4.3887108079796215
1783014300,2026-07-02T10:45:00-07:00,4.3887108079796215
1783014420,2026-07-02T10:47:00-07:00,5.978615992685499
1783014480,2026-07-02T10:48:00-07:00,5.978615992685499
1783014540,2026-07-02T10:49:00-07:00,5.978615992685499
1783014600,2026-07-02T10:50:00-07:00,5.978615992685499
1783014660,2026-07-02T10:51:00-07:00,5.978615992685499
1783014720,2026-07-02T10:52:00-07:00,8.024357853109287
1783014780,2026-07-02T10:53:00-07:00,8.024357853109287
1783014840,2026-07-02T10:54:00-07:00,8.024357853109287
1783014900,2026-07-02T10:55:00-07:00,8.024357853109287
1783014960,2026-07-02T10:56:00-07:00,8.024357853109287
1783015140,2026-07-02T10:59:00-07:00,6.70921566912578
1783015200,2026-07-02T11:00:00-07:00,6.70921566912578
1783015260,2026-07-02T11:01:00-07:00,6.70921566912578
1783015320,2026-07-02T11:02:00-07:00,6.70921566912578
1783015380,2026-07-02T11:03:00-07:00,6.70921566912578
1783015440,2026-07-02T11:04:00-07:00,3.2298994232851377
1783015500,2026-07-02T11:05:00-07:00,3.2298994232851377
1783015560,2026-07-02T11:06:00-07:00,3.2298994232851377
1783015620,2026-07-02T11:07:00-07:00,3.2298994232851377
1783015680,2026-07-02T11:08:00-07:00,3.2298994232851377
1783015800,2026-07-02T11:10:00-07:00,3.137222294085632
1783015860,2026-07-02T11:11:00-07:00,3.137222294085632
1783015920,2026-07-02T11:12:00-07:00,3.137222294085632
1783015980,2026-07-02T11:13:00-07:00,3.137222294085632
1783016040,2026-07-02T11:14:00-07:00,3.137222294085632
1783016520,2026-07-02T11:22:00-07:00,9.326392157713638
1783016580,2026-07-02T11:23:00-07:00,9.326392157713638
1783016640,2026-07-02T11:24:00-07:00,9.326392157713638
1783016700,2026-07-02T11:25:00-07:00,9.326392157713638
1783016760,2026-07-02T11:26:00-07:00,9.326392157713638
1783016940,2026-07-02T11:29:00-07:00,7.431096726929271
1783017000,2026-07-02T11:30:00-07:00,7.431096726929271
1783017060,2026-07-02T11:31:00-07:00,7.431096726929271
1783017120,2026-07-02T11:32:00-07:00,7.431096726929271
1783017180,2026-07-02T11:33:00-07:00,7.431096726929271
1783017660,2026-07-02T11:41:00-07:00,3.17189405299102
1783017720,2026-07-02T11:42:00-07:00,3.17189405299102
1783017780,2026-07-02T11:43:00-07:00,3.17189405299102
1783017840,2026-07-02T11:44:00-07:00,3.17189405299102
1783017900,2026-07-02T11:45:00-07:00,3.17189405299102
1783018020,2026-07-02T11:47:00-07:00,5.774461713551743
1783018080,2026-07-02T11:48:00-07:00,5.774461713551743
1783018140,2026-07-02T11:49:00-07:00,5.774461713551743
1783018200,2026-07-02T11:50:00-07:00,5.774461713551743
1783018260,2026-07-02T11:51:00-07:00,5.774461713551743
1783018380,2026-07-02T11:53:00-07:00,89.07848182315534
1783018440,2026-07-02T11:54:00-07:00,89.07848182315534
1783018500,2026-07-02T11:55:00-07:00,89.07848182315534
1783018560,2026-07-02T11:56:00-07:00,89.07848182315534
1783018620,2026-07-02T11:57:00-07:00,89.07848182315534
1783018680,2026-07-02T11:58:00-07:00,90.27189072649597
1783018740,2026-07-02T11:59:00-07:00,90.27189072649597
1783018800,2026-07-02T12:00:00-07:00,90.27189072649597
1783018860,2026-07-02T12:01:00-07:00,90.27189072649597
1783018920,2026-07-02T12:02:00-07:00,90.27189072649597
1783018980,2026-07-02T12:03:00-07:00,9.683516261721337
1783019040,2026-07-02T12:04:00-07:00,9.683516261721337
1783019100,2026-07-02T12:05:00-07:00,9.683516261721337
1783019160,2026-07-02T12:06:00-07:00,9.683516261721337
1783019220,2026-07-02T12:07:00-07:00,9.683516261721337
1783019280,2026-07-02T12:08:00-07:00,6.263234043241763
1783019340,2026-07-02T12:09:00-07:00,6.263234043241763
1783019400,2026-07-02T12:10:00-07:00,6.263234043241763
1783019460,2026-07-02T12:11:00-07:00,6.263234043241763
1783019520,2026-07-02T12:12:00-07:00,6.263234043241763
1783019640,2026-07-02T12:14:00-07:00,26.72321984787042
1783019700,2026-07-02T12:15:00-07:00,26.72321984787042
1783019760,2026-07-02T12:16:00-07:00,26.72321984787042
1783019820,2026-07-02T12:17:00-07:00,26.72321984787042
1783019880,2026-07-02T12:18:00-07:00,26.72321984787042
1783019940,2026-07-02T12:19:00-07:00,11.028395199604596
1783020000,2026-07-02T12:20:00-07:00,11.028395199604596
1783020060,2026-07-02T12:21:00-07:00,11.028395199604596
1783020120,2026-07-02T12:22:00-07:00,11.028395199604596
1783020180,2026-07-02T12:23:00-07:00,11.028395199604596
1783020900,2026-07-02T12:35:00-07:00,3.992266632009791
1783020960,2026-07-02T12:36:00-07:00,3.992266632009791
1783021020,2026-07-02T12:37:00-07:00,3.992266632009791
1783021080,2026-07-02T12:38:00-07:00,3.992266632009791
1783021140,2026-07-02T12:39:00-07:00,3.992266632009791
1783021200,2026-07-02T12:40:00-07:00,5.057668292523838
1783021260,2026-07-02T12:41:00-07:00,5.057668292523838
1783021320,2026-07-02T12:42:00-07:00,5.057668292523838
1783021380,2026-07-02T12:43:00-07:00,5.057668292523838
1783021440,2026-07-02T12:44:00-07:00,5.057668292523838
1783021500,2026-07-02T12:45:00-07:00,13.628707300830033
1783021560,2026-07-02T12:46:00-07:00,13.628707300830033
1783021620,2026-07-02T12:47:00-07:00,13.628707300830033
1783021680,2026-07-02T12:48:00-07:00,13.628707300830033
1783021740,2026-07-02T12:49:00-07:00,13.628707300830033
1783021860,2026-07-02T12:51:00-07:00,215.89276983918984
1783021920,2026-07-02T12:52:00-07:00,215.89276983918984
1783021980,2026-07-02T12:53:00-07:00,215.89276983918984
1783022040,2026-07-02T12:54:00-07:00,215.89276983918984
1783022100,2026-07-02T12:55:00-07:00,215.89276983918984
1783022160,2026-07-02T12:56:00-07:00,3.51744243337413
1783022220,2026-07-02T12:57:00-07:00,3.51744243337413
1783022280,2026-07-02T12:58:00-07:00,3.51744243337413
1783022340,2026-07-02T12:59:00-07:00,3.51744243337413
1783022400,2026-07-02T13:00:00-07:00,3.51744243337413
1783022460,2026-07-02T13:01:00-07:00,5.5897865042063914
1783022520,2026-07-02T13:02:00-07:00,5.5897865042063914
1783022580,2026-07-02T13:03:00-07:00,5.5897865042063914
1783022640,2026-07-02T13:04:00-07:00,5.5897865042063914
1783022700,2026-07-02T13:05:00-07:00,5.5897865042063914
1783022820,2026-07-02T13:07:00-07:00,43.37830904693431
1783022880,2026-07-02T13:08:00-07:00,43.37830904693431
1783022940,2026-07-02T13:09:00-07:00,43.37830904693431
1783023000,2026-07-02T13:10:00-07:00,43.37830904693431
1783023060,2026-07-02T13:11:00-07:00,43.37830904693431
1783023180,2026-07-02T13:13:00-07:00,8.017661176237773
1783023240,2026-07-02T13:14:00-07:00,8.017661176237773
1783023300,2026-07-02T13:15:00-07:00,8.017661176237773
1783023360,2026-07-02T13:16:00-07:00,8.017661176237773
1783023420,2026-07-02T13:17:00-07:00,8.017661176237773
1783023480,2026-07-02T13:18:00-07:00,12.15258503816841
1783023540,2026-07-02T13:19:00-07:00,12.15258503816841
1783023600,2026-07-02T13:20:00-07:00,12.15258503816841
1783023660,2026-07-02T13:21:00-07:00,12.15258503816841
1783023720,2026-07-02T13:22:00-07:00,12.15258503816841
1783023900,2026-07-02T13:25:00-07:00,4.404661974701791
1783023960,2026-07-02T13:26:00-07:00,4.404661974701791
1783024020,2026-07-02T13:27:00-07:00,4.404661974701791
1783024080,2026-07-02T13:28:00-07:00,4.404661974701791
1783024140,2026-07-02T13:29:00-07:00,4.404661974701791
1783024200,2026-07-02T13:30:00-07:00,5.094997034761278
1783024260,2026-07-02T13:31:00-07:00,5.094997034761278
1783024320,2026-07-02T13:32:00-07:00,5.094997034761278
1783024380,2026-07-02T13:33:00-07:00,5.094997034761278
1783024440,2026-07-02T13:34:00-07:00,5.094997034761278
1783024500,2026-07-02T13:35:00-07:00,6.7121236340829675
1783024560,2026-07-02T13:36:00-07:00,6.7121236340829675
1783024620,2026-07-02T13:37:00-07:00,6.7121236340829675
1783024680,2026-07-02T13:38:00-07:00,6.7121236340829675
1783024740,2026-07-02T13:39:00-07:00,6.7121236340829675
1783024800,2026-07-02T13:40:00-07:00,4.440790695089948
1783024860,2026-07-02T13:41:00-07:00,4.440790695089948
1783024920,2026-07-02T13:42:00-07:00,4.440790695089948
1783024980,2026-07-02T13:43:00-07:00,4.440790695089948
1783025040,2026-07-02T13:44:00-07:00,4.440790695089948
1783025160,2026-07-02T13:46:00-07:00,3.6850509376441907
1783025220,2026-07-02T13:47:00-07:00,3.6850509376441907
1783025280,2026-07-02T13:48:00-07:00,3.6850509376441907
1783025340,2026-07-02T13:49:00-07:00,3.6850509376441907
1783025400,2026-07-02T13:50:00-07:00,3.6850509376441907
1783025460,2026-07-02T13:51:00-07:00,10.038521125040822
1783025520,2026-07-02T13:52:00-07:00,10.038521125040822
1783025580,2026-07-02T13:53:00-07:00,10.038521125040822
1783025640,2026-07-02T13:54:00-07:00,10.038521125040822
1783025700,2026-07-02T13:55:00-07:00,10.038521125040822
1783025760,2026-07-02T13:56:00-07:00,5.992681303931749
1783025820,2026-07-02T13:57:00-07:00,5.992681303931749
1783025880,2026-07-02T13:58:00-07:00,5.992681303931749
1783025940,2026-07-02T13:59:00-07:00,5.992681303931749
1783026000,2026-07-02T14:00:00-07:00,5.992681303931749
1783026060,2026-07-02T14:01:00-07:00,19.17534973949661
1783026120,2026-07-02T14:02:00-07:00,19.17534973949661
1783026180,2026-07-02T14:03:00-07:00,19.17534973949661
1783026240,2026-07-02T14:04:00-07:00,19.17534973949661
1783026300,2026-07-02T14:05:00-07:00,19.17534973949661
1783026420,2026-07-02T14:07:00-07:00,6.712362869623326
1783026480,2026-07-02T14:08:00-07:00,6.712362869623326
1783026540,2026-07-02T14:09:00-07:00,6.712362869623326
1783026600,2026-07-02T14:10:00-07:00,6.712362869623326
1783026660,2026-07-02T14:11:00-07:00,6.712362869623326
1783026780,2026-07-02T14:13:00-07:00,3.7496177237663693
1783026840,2026-07-02T14:14:00-07:00,3.7496177237663693
1783026900,2026-07-02T14:15:00-07:00,3.7496177237663693
1783026960,2026-07-02T14:16:00-07:00,3.7496177237663693
1783027020,2026-07-02T14:17:00-07:00,3.7496177237663693
1783027140,2026-07-02T14:19:00-07:00,70.99281770154927
1783027200,2026-07-02T14:20:00-07:00,70.99281770154927
1783027260,2026-07-02T14:21:00-07:00,70.99281770154927
1783027320,2026-07-02T14:22:00-07:00,70.99281770154927
1783027380,2026-07-02T14:23:00-07:00,70.99281770154927
1783027500,2026-07-02T14:25:00-07:00,5.427512669042823
1783027560,2026-07-02T14:26:00-07:00,5.427512669042823
1783027620,2026-07-02T14:27:00-07:00,5.427512669042823
1783027680,2026-07-02T14:28:00-07:00,5.427512669042823
1783027740,2026-07-02T14:29:00-07:00,5.427512669042823
1783027800,2026-07-02T14:30:00-07:00,6.923884589875244
1783027860,2026-07-02T14:31:00-07:00,6.923884589875244
1783027920,2026-07-02T14:32:00-07:00,6.923884589875244
1783027980,2026-07-02T14:33:00-07:00,6.923884589875244
1783028040,2026-07-02T14:34:00-07:00,6.923884589875244
1783028160,2026-07-02T14:36:00-07:00,2.806456411690965
1783028220,2026-07-02T14:37:00-07:00,2.806456411690965
1783028280,2026-07-02T14:38:00-07:00,2.806456411690965
1783028340,2026-07-02T14:39:00-07:00,2.806456411690965
1783028400,2026-07-02T14:40:00-07:00,2.806456411690965
1783028520,2026-07-02T14:42:00-07:00,9.671570979432648
1783028580,2026-07-02T14:43:00-07:00,9.671570979432648
1783028640,2026-07-02T14:44:00-07:00,9.671570979432648
1783028700,2026-07-02T14:45:00-07:00,9.671570979432648
1783028760,2026-07-02T14:46:00-07:00,9.671570979432648
1783028820,2026-07-02T14:47:00-07:00,4.147698998648329
1783028880,2026-07-02T14:48:00-07:00,4.147698998648329
1783028940,2026-07-02T14:49:00-07:00,4.147698998648329
1783029000,2026-07-02T14:50:00-07:00,4.147698998648329
1783029060,2026-07-02T14:51:00-07:00,4.147698998648329
1783029120,2026-07-02T14:52:00-07:00,33.17829716439156
1783029180,2026-07-02T14:53:00-07:00,33.17829716439156
1783029240,2026-07-02T14:54:00-07:00,33.17829716439156
1783029300,2026-07-02T14:55:00-07:00,33.17829716439156
1783029360,2026-07-02T14:56:00-07:00,33.17829716439156
1783029420,2026-07-02T14:57:00-07:00,7.206101568383569
1783029480,2026-07-02T14:58:00-07:00,7.206101568383569
1783029540,2026-07-02T14:59:00-07:00,7.206101568383569
1783029600,2026-07-02T15:00:00-07:00,7.206101568383569
1783029660,2026-07-02T15:01:00-07:00,7.206101568383569
1783029720,2026-07-02T15:02:00-07:00,20.574429997506495
1783029780,2026-07-02T15:03:00-07:00,20.574429997506495
1783029840,2026-07-02T15:04:00-07:00,20.574429997506495
1783029900,2026-07-02T15:05:00-07:00,20.574429997506495
1783029960,2026-07-02T15:06:00-07:00,20.574429997506495
1783030080,2026-07-02T15:08:00-07:00,5.426528839518542
1783030140,2026-07-02T15:09:00-07:00,5.426528839518542
1783030200,2026-07-02T15:10:00-07:00,5.426528839518542
1783030260,2026-07-02T15:11:00-07:00,5.426528839518542
1783030320,2026-07-02T15:12:00-07:00,5.426528839518542
1783030380,2026-07-02T15:13:00-07:00,34.53219979191799
1783030440,2026-07-02T15:14:00-07:00,34.53219979191799
1783030500,2026-07-02T15:15:00-07:00,34.53219979191799
1783030560,2026-07-02T15:16:00-07:00,34.53219979191799
1783030620,2026-07-02T15:17:00-07:00,34.53219979191799
1783030680,2026-07-02T15:18:00-07:00,43.16019743430298
1783030740,2026-07-02T15:19:00-07:00,43.16019743430298
1783030800,2026-07-02T15:20:00-07:00,43.16019743430298
1783030860,2026-07-02T15:21:00-07:00,43.16019743430298
1783030920,2026-07-02T15:22:00-07:00,43.16019743430298
1783030980,2026-07-02T15:23:00-07:00,9.076083160909592
1783031040,2026-07-02T15:24:00-07:00,9.076083160909592
1783031100,2026-07-02T15:25:00-07:00,9.076083160909592
1783031160,2026-07-02T15:26:00-07:00,9.076083160909592
1783031220,2026-07-02T15:27:00-07:00,9.076083160909592
1783031280,2026-07-02T15:28:00-07:00,8.503529344987902
1783031340,2026-07-02T15:29:00-07:00,8.503529344987902
1783031400,2026-07-02T15:30:00-07:00,8.503529344987902
1783031460,2026-07-02T15:31:00-07:00,8.503529344987902
1783031520,2026-07-02T15:32:00-07:00,8.503529344987902
1783031880,2026-07-02T15:38:00-07:00,6.108337474999381
1783031940,2026-07-02T15:39:00-07:00,6.108337474999381
1783032000,2026-07-02T15:40:00-07:00,6.108337474999381
1783032060,2026-07-02T15:41:00-07:00,6.108337474999381
1783032120,2026-07-02T15:42:00-07:00,6.108337474999381
1783032180,2026-07-02T15:43:00-07:00,8.547645469463678
1783032240,2026-07-02T15:44:00-07:00,8.547645469463678
1783032300,2026-07-02T15:45:00-07:00,8.547645469463678
1783032360,2026-07-02T15:46:00-07:00,8.547645469463678
1783032420,2026-07-02T15:47:00-07:00,8.547645469463678
1783032480,2026-07-02T15:48:00-07:00,10.820787211414114
1783032540,2026-07-02T15:49:00-07:00,10.820787211414114
1783032600,2026-07-02T15:50:00-07:00,10.820787211414114
1783032660,2026-07-02T15:51:00-07:00,10.820787211414114
1783032720,2026-07-02T15:52:00-07:00,10.820787211414114
1783032780,2026-07-02T15:53:00-07:00,6.064407788390187
1783032840,2026-07-02T15:54:00-07:00,6.064407788390187
1783032900,2026-07-02T15:55:00-07:00,6.064407788390187
1783032960,2026-07-02T15:56:00-07:00,6.064407788390187
1783033020,2026-07-02T15:57:00-07:00,6.064407788390187
1783033080,2026-07-02T15:58:00-07:00,43.233671890999766
1783033140,2026-07-02T15:59:00-07:00,43.233671890999766
1783033200,2026-07-02T16:00:00-07:00,43.233671890999766
1783033260,2026-07-02T16:01:00-07:00,43.233671890999766
1783033320,2026-07-02T16:02:00-07:00,43.233671890999766
1783033380,2026-07-02T16:03:00-07:00,7.071227846930367
1783033440,2026-07-02T16:04:00-07:00,7.071227846930367
1783033500,2026-07-02T16:05:00-07:00,7.071227846930367
1783033560,2026-07-02T16:06:00-07:00,7.071227846930367
1783033620,2026-07-02T16:07:00-07:00,7.071227846930367
1783033680,2026-07-02T16:08:00-07:00,183.61074284693814
1783033740,2026-07-02T16:09:00-07:00,183.61074284693814
1783033800,2026-07-02T16:10:00-07:00,183.61074284693814
1783033860,2026-07-02T16:11:00-07:00,183.61074284693814
1783033920,2026-07-02T16:12:00-07:00,183.61074284693814
1783034700,2026-07-02T16:25:00-07:00,5.799075490732736
1783034760,2026-07-02T16:26:00-07:00,5.799075490732736
1783034820,2026-07-02T16:27:00-07:00,5.799075490732736
1783034880,2026-07-02T16:28:00-07:00,5.799075490732736
1783034940,2026-07-02T16:29:00-07:00,5.799075490732736
1783035000,2026-07-02T16:30:00-07:00,121.42575861324602
1783035060,2026-07-02T16:31:00-07:00,121.42575861324602
1783035120,2026-07-02T16:32:00-07:00,121.42575861324602
1783035180,2026-07-02T16:33:00-07:00,121.42575861324602
1783035240,2026-07-02T16:34:00-07:00,121.42575861324602
1783035660,2026-07-02T16:41:00-07:00,3.9507811116188742
1783035720,2026-07-02T16:42:00-07:00,3.9507811116188742
1783035780,2026-07-02T16:43:00-07:00,3.9507811116188742
1783035840,2026-07-02T16:44:00-07:00,3.9507811116188742
1783035900,2026-07-02T16:45:00-07:00,3.9507811116188742
1783036020,2026-07-02T16:47:00-07:00,2.6153744982716725
1783036080,2026-07-02T16:48:00-07:00,2.6153744982716725
1783036140,2026-07-02T16:49:00-07:00,2.6153744982716725
1783036200,2026-07-02T16:50:00-07:00,2.6153744982716725
1783036260,2026-07-02T16:51:00-07:00,2.6153744982716725
1783036380,2026-07-02T16:53:00-07:00,76.19573527735345
1783036440,2026-07-02T16:54:00-07:00,76.19573527735345
1783036500,2026-07-02T16:55:00-07:00,76.19573527735345
1783036560,2026-07-02T16:56:00-07:00,76.19573527735345
1783036620,2026-07-02T16:57:00-07:00,76.19573527735345
1783036680,2026-07-02T16:58:00-07:00,67.80700135452376
1783036740,2026-07-02T16:59:00-07:00,67.80700135452376
1783036800,2026-07-02T17:00:00-07:00,67.80700135452376
1783036860,2026-07-02T17:01:00-07:00,67.80700135452376
1783036920,2026-07-02T17:02:00-07:00,67.80700135452376
1783036980,2026-07-02T17:03:00-07:00,40.317633423437464
1783037040,2026-07-02T17:04:00-07:00,40.317633423437464
1783037100,2026-07-02T17:05:00-07:00,40.317633423437464
1783037160,2026-07-02T17:06:00-07:00,40.317633423437464
1783037220,2026-07-02T17:07:00-07:00,40.317633423437464
1783037400,2026-07-02T17:10:00-07:00,4.8115935917979735
1783037460,2026-07-02T17:11:00-07:00,4.8115935917979735
1783037520,2026-07-02T17:12:00-07:00,4.8115935917979735
1783037580,2026-07-02T17:13:00-07:00,4.8115935917979735
1783037640,2026-07-02T17:14:00-07:00,4.8115935917979735
1783038720,2026-07-02T17:32:00-07:00,9.98511136811682
1783038780,2026-07-02T17:33:00-07:00,9.98511136811682
1783038840,2026-07-02T17:34:00-07:00,9.98511136811682
1783038900,2026-07-02T17:35:00-07:00,9.98511136811682
1783038960,2026-07-02T17:36:00-07:00,9.98511136811682
1783039380,2026-07-02T17:43:00-07:00,4.509510538896163
1783039440,2026-07-02T17:44:00-07:00,4.509510538896163
1783039500,2026-07-02T17:45:00-07:00,4.509510538896163
1783039560,2026-07-02T17:46:00-07:00,4.509510538896163
1783039620,2026-07-02T17:47:00-07:00,4.509510538896163
1783039800,2026-07-02T17:50:00-07:00,6.5527373790706145
1783039860,2026-07-02T17:51:00-07:00,6.5527373790706145
1783039920,2026-07-02T17:52:00-07:00,6.5527373790706145
1783039980,2026-07-02T17:53:00-07:00,6.5527373790706145
1783040040,2026-07-02T17:54:00-07:00,6.5527373790706145
1783040460,2026-07-02T18:01:00-07:00,20.2021952187856
1783040520,2026-07-02T18:02:00-07:00,20.2021952187856
1783040580,2026-07-02T18:03:00-07:00,20.2021952187856
1783040640,2026-07-02T18:04:00-07:00,20.2021952187856
1783040700,2026-07-02T18:05:00-07:00,20.2021952187856
1783040820,2026-07-02T18:07:00-07:00,4.925157029388291
1783040880,2026-07-02T18:08:00-07:00,4.925157029388291
1783040940,2026-07-02T18:09:00-07:00,4.925157029388291
1783041000,2026-07-02T18:10:00-07:00,4.925157029388291
1783041060,2026-07-02T18:11:00-07:00,4.925157029388291
1783041480,2026-07-02T18:18:00-07:00,11.247058197509809
1783041540,2026-07-02T18:19:00-07:00,11.247058197509809
1783041600,2026-07-02T18:20:00-07:00,11.247058197509809
1783041660,2026-07-02T18:21:00-07:00,11.247058197509809
1783041720,2026-07-02T18:22:00-07:00,11.247058197509809
1783042140,2026-07-02T18:29:00-07:00,39.8223626135849
1783042200,2026-07-02T18:30:00-07:00,39.8223626135849
1783042260,2026-07-02T18:31:00-07:00,39.8223626135849
1783042320,2026-07-02T18:32:00-07:00,39.8223626135849
1783042380,2026-07-02T18:33:00-07:00,39.8223626135849
1783042800,2026-07-02T18:40:00-07:00,6.338734189330389
1783042860,2026-07-02T18:41:00-07:00,6.338734189330389
1783042920,2026-07-02T18:42:00-07:00,6.338734189330389
1783042980,2026-07-02T18:43:00-07:00,6.338734189330389
1783043040,2026-07-02T18:44:00-07:00,6.338734189330389
1783043160,2026-07-02T18:46:00-07:00,3.460936207637368
1783043220,2026-07-02T18:47:00-07:00,3.460936207637368
1783043280,2026-07-02T18:48:00-07:00,3.460936207637368
1783043340,2026-07-02T18:49:00-07:00,3.460936207637368
1783043400,2026-07-02T18:50:00-07:00,3.460936207637368
1783043520,2026-07-02T18:52:00-07:00,75.5446246760785
1783043580,2026-07-02T18:53:00-07:00,75.5446246760785
1783043640,2026-07-02T18:54:00-07:00,75.5446246760785
1783043700,2026-07-02T18:55:00-07:00,75.5446246760785
1783043760,2026-07-02T18:56:00-07:00,75.5446246760785
1783044180,2026-07-02T19:03:00-07:00,6.486166431505509
1783044240,2026-07-02T19:04:00-07:00,6.486166431505509
1783044300,2026-07-02T19:05:00-07:00,6.486166431505509
1783044360,2026-07-02T19:06:00-07:00,6.486166431505509
1783044420,2026-07-02T19:07:00-07:00,6.486166431505509
1783044600,2026-07-02T19:10:00-07:00,6.127246191311231
1783044660,2026-07-02T19:11:00-07:00,6.127246191311231
1783044720,2026-07-02T19:12:00-07:00,6.127246191311231
1783044780,2026-07-02T19:13:00-07:00,6.127246191311231
1783044840,2026-07-02T19:14:00-07:00,6.127246191311231
1783045020,2026-07-02T19:17:00-07:00,7.213848144575512
1783045080,2026-07-02T19:18:00-07:00,7.213848144575512
1783045140,2026-07-02T19:19:00-07:00,7.213848144575512
1783045200,2026-07-02T19:20:00-07:00,7.213848144575512
1783045260,2026-07-02T19:21:00-07:00,7.213848144575512
1783045380,2026-07-02T19:23:00-07:00,9.691488268846868
1783045440,2026-07-02T19:24:00-07:00,9.691488268846868
1783045500,2026-07-02T19:25:00-07:00,9.691488268846868
1783045560,2026-07-02T19:26:00-07:00,9.691488268846868
1783045620,2026-07-02T19:27:00-07:00,9.691488268846868
1783045740,2026-07-02T19:29:00-07:00,3.0406245003350154
1783045800,2026-07-02T19:30:00-07:00,3.0406245003350154
1783045860,2026-07-02T19:31:00-07:00,3.0406245003350154
1783045920,2026-07-02T19:32:00-07:00,3.0406245003350154
1783045980,2026-07-02T19:33:00-07:00,3.0406245003350154
1783046100,2026-07-02T19:35:00-07:00,75.49030469319389
1783046160,2026-07-02T19:36:00-07:00,75.49030469319389
1783046220,2026-07-02T19:37:00-07:00,75.49030469319389
1783046280,2026-07-02T19:38:00-07:00,75.49030469319389
1783046340,2026-07-02T19:39:00-07:00,75.49030469319389
1783046400,2026-07-02T19:40:00-07:00,36.62907528898456
1783046460,2026-07-02T19:41:00-07:00,36.62907528898456
1783046520,2026-07-02T19:42:00-07:00,36.62907528898456
1783046580,2026-07-02T19:43:00-07:00,36.62907528898456
1783046640,2026-07-02T19:44:00-07:00,36.62907528898456
1783046760,2026-07-02T19:46:00-07:00,121.30742132078495
1783046820,2026-07-02T19:47:00-07:00,121.30742132078495
1783046880,2026-07-02T19:48:00-07:00,121.30742132078495
1783046940,2026-07-02T19:49:00-07:00,121.30742132078495
1783047000,2026-07-02T19:50:00-07:00,121.30742132078495
1783047120,2026-07-02T19:52:00-07:00,3.794753068548571
1783047180,2026-07-02T19:53:00-07:00,3.794753068548571
1783047240,2026-07-02T19:54:00-07:00,3.794753068548571
1783047300,2026-07-02T19:55:00-07:00,3.794753068548571
1783047360,2026-07-02T19:56:00-07:00,3.794753068548571
1783047900,2026-07-02T20:05:00-07:00,7.640711858456632
1783047960,2026-07-02T20:06:00-07:00,7.640711858456632
1783048020,2026-07-02T20:07:00-07:00,7.640711858456632
1783048080,2026-07-02T20:08:00-07:00,7.640711858456632
1783048140,2026-07-02T20:09:00-07:00,7.640711858456632
1783048260,2026-07-02T20:11:00-07:00,5.168406818840365
1783048320,2026-07-02T20:12:00-07:00,5.168406818840365
1783048380,2026-07-02T20:13:00-07:00,5.168406818840365
1783048440,2026-07-02T20:14:00-07:00,5.168406818840365
1783048500,2026-07-02T20:15:00-07:00,5.168406818840365
1783048560,2026-07-02T20:16:00-07:00,9.70834750004766
1783048620,2026-07-02T20:17:00-07:00,9.70834750004766
1783048680,2026-07-02T20:18:00-07:00,9.70834750004766
1783048740,2026-07-02T20:19:00-07:00,9.70834750004766
1783048800,2026-07-02T20:20:00-07:00,9.70834750004766
1783048920,2026-07-02T20:22:00-07:00,312.5302834570988
1783048980,2026-07-02T20:23:00-07:00,312.5302834570988
1783049040,2026-07-02T20:24:00-07:00,312.5302834570988
1783049100,2026-07-02T20:25:00-07:00,312.5302834570988
1783049160,2026-07-02T20:26:00-07:00,312.5302834570988
1783050060,2026-07-02T20:41:00-07:00,166.95285586437055
1783050120,2026-07-02T20:42:00-07:00,166.95285586437055
1783050180,2026-07-02T20:43:00-07:00,166.95285586437055
1783050240,2026-07-02T20:44:00-07:00,166.95285586437055
1783050300,2026-07-02T20:45:00-07:00,166.95285586437055
1783050360,2026-07-02T20:46:00-07:00,3.340447264109338
1783050420,2026-07-02T20:47:00-07:00,3.340447264109338
1783050480,2026-07-02T20:48:00-07:00,3.340447264109338
1783050540,2026-07-02T20:49:00-07:00,3.340447264109338
1783050600,2026-07-02T20:50:00-07:00,3.340447264109338
1783050720,2026-07-02T20:52:00-07:00,7.149439753165646
1783050780,2026-07-02T20:53:00-07:00,7.149439753165646
1783050840,2026-07-02T20:54:00-07:00,7.149439753165646
1783050900,2026-07-02T20:55:00-07:00,7.149439753165646
1783050960,2026-07-02T20:56:00-07:00,7.149439753165646
1783051020,2026-07-02T20:57:00-07:00,6.323712926876515
1783051080,2026-07-02T20:58:00-07:00,6.323712926876515
1783051140,2026-07-02T20:59:00-07:00,6.323712926876515
1783051200,2026-07-02T21:00:00-07:00,6.323712926876515
1783051260,2026-07-02T21:01:00-07:00,6.323712926876515
1783051440,2026-07-02T21:04:00-07:00,6.153528754054837
1783051500,2026-07-02T21:05:00-07:00,6.153528754054837
1783051560,2026-07-02T21:06:00-07:00,6.153528754054837
1783051620,2026-07-02T21:07:00-07:00,6.153528754054837
1783051680,2026-07-02T21:08:00-07:00,6.153528754054837
1783051860,2026-07-02T21:11:00-07:00,4.406863318989952
1783051920,2026-07-02T21:12:00-07:00,4.406863318989952
1783051980,2026-07-02T21:13:00-07:00,4.406863318989952
1783052040,2026-07-02T21:14:00-07:00,4.406863318989952
1783052100,2026-07-02T21:15:00-07:00,4.406863318989952
1783052520,2026-07-02T21:22:00-07:00,5.846617190134281
1783052580,2026-07-02T21:23:00-07:00,5.846617190134281
1783052640,2026-07-02T21:24:00-07:00,5.846617190134281
1783052700,2026-07-02T21:25:00-07:00,5.846617190134281
1783052760,2026-07-02T21:26:00-07:00,5.846617190134281
1783052820,2026-07-02T21:27:00-07:00,5.8181409631921
1783052880,2026-07-02T21:28:00-07:00,5.8181409631921
1783052940,2026-07-02T21:29:00-07:00,5.8181409631921
1783053000,2026-07-02T21:30:00-07:00,5.8181409631921
1783053060,2026-07-02T21:31:00-07:00,5.8181409631921
1783053780,2026-07-02T21:43:00-07:00,43.518282902621664
1783053840,2026-07-02T21:44:00-07:00,43.518282902621664
1783053900,2026-07-02T21:45:00-07:00,43.518282902621664
1783053960,2026-07-02T21:46:00-07:00,43.518282902621664
1783054020,2026-07-02T21:47:00-07:00,43.518282902621664
1783054080,2026-07-02T21:48:00-07:00,36.85609541040806
1783054140,2026-07-02T21:49:00-07:00,36.85609541040806
1783054200,2026-07-02T21:50:00-07:00,36.85609541040806
1783054260,2026-07-02T21:51:00-07:00,36.85609541040806
1783054320,2026-07-02T21:52:00-07:00,36.85609541040806
1783054380,2026-07-02T21:53:00-07:00,7.513500625791049
1783054440,2026-07-02T21:54:00-07:00,7.513500625791049
1783054500,2026-07-02T21:55:00-07:00,7.513500625791049
1783054560,2026-07-02T21:56:00-07:00,7.513500625791049
1783054620,2026-07-02T21:57:00-07:00,7.513500625791049
1783054680,2026-07-02T21:58:00-07:00,590.6027395883297
1783054740,2026-07-02T21:59:00-07:00,590.6027395883297
1783054800,2026-07-02T22:00:00-07:00,590.6027395883297
1783054860,2026-07-02T22:01:00-07:00,590.6027395883297
1783054920,2026-07-02T22:02:00-07:00,590.6027395883297
1783055040,2026-07-02T22:04:00-07:00,10.72223679194016
1783055100,2026-07-02T22:05:00-07:00,10.72223679194016
1783055160,2026-07-02T22:06:00-07:00,10.72223679194016
1783055220,2026-07-02T22:07:00-07:00,10.72223679194016
1783055280,2026-07-02T22:08:00-07:00,10.72223679194016
1783055340,2026-07-02T22:09:00-07:00,9.344624480477636
1783055400,2026-07-02T22:10:00-07:00,9.344624480477636
1783055460,2026-07-02T22:11:00-07:00,9.344624480477636
1783055520,2026-07-02T22:12:00-07:00,9.344624480477636
1783055580,2026-07-02T22:13:00-07:00,9.344624480477636
1783055640,2026-07-02T22:14:00-07:00,2.6085118973724213
1783055700,2026-07-02T22:15:00-07:00,2.6085118973724213
1783055760,2026-07-02T22:16:00-07:00,2.6085118973724213
1783055820,2026-07-02T22:17:00-07:00,2.6085118973724213
1783055880,2026-07-02T22:18:00-07:00,2.6085118973724213
1783055940,2026-07-02T22:19:00-07:00,7.684016206859965
1783056000,2026-07-02T22:20:00-07:00,7.684016206859965
1783056060,2026-07-02T22:21:00-07:00,7.684016206859965
1783056120,2026-07-02T22:22:00-07:00,7.684016206859965
1783056180,2026-07-02T22:23:00-07:00,7.684016206859965
1783056240,2026-07-02T22:24:00-07:00,29.22648971435094
1783056300,2026-07-02T22:25:00-07:00,29.22648971435094
1783056360,2026-07-02T22:26:00-07:00,29.22648971435094
1783056420,2026-07-02T22:27:00-07:00,29.22648971435094
1783056480,2026-07-02T22:28:00-07:00,29.22648971435094
1783056840,2026-07-02T22:34:00-07:00,2.073635279383098
1783056900,2026-07-02T22:35:00-07:00,2.073635279383098
1783056960,2026-07-02T22:36:00-07:00,2.073635279383098
1783057020,2026-07-02T22:37:00-07:00,2.073635279383098
1783057080,2026-07-02T22:38:00-07:00,2.073635279383098
1783057140,2026-07-02T22:39:00-07:00,7.851062211904845
1783057200,2026-07-02T22:40:00-07:00,7.851062211904845
1783057260,2026-07-02T22:41:00-07:00,7.851062211904845
1783057320,2026-07-02T22:42:00-07:00,7.851062211904845
1783057380,2026-07-02T22:43:00-07:00,7.851062211904845
1783057440,2026-07-02T22:44:00-07:00,7.337999063331852
1783057500,2026-07-02T22:45:00-07:00,7.337999063331852
1783057560,2026-07-02T22:46:00-07:00,7.337999063331852
1783057620,2026-07-02T22:47:00-07:00,7.337999063331852
1783057680,2026-07-02T22:48:00-07:00,7.337999063331852
1783058040,2026-07-02T22:54:00-07:00,6.532051080607702
1783058100,2026-07-02T22:55:00-07:00,6.532051080607702
1783058160,2026-07-02T22:56:00-07:00,6.532051080607702
1783058220,2026-07-02T22:57:00-07:00,6.532051080607702
1783058280,2026-07-02T22:58:00-07:00,6.532051080607702
1783058640,2026-07-02T23:04:00-07:00,475.32223614317166
1783058700,2026-07-02T23:05:00-07:00,475.32223614317166
1783058760,2026-07-02T23:06:00-07:00,475.32223614317166
1783058820,2026-07-02T23:07:00-07:00,475.32223614317166
1783058880,2026-07-02T23:08:00-07:00,475.32223614317166
1783059060,2026-07-02T23:11:00-07:00,19.83234157654141
1783059120,2026-07-02T23:12:00-07:00,19.83234157654141
1783059180,2026-07-02T23:13:00-07:00,19.83234157654141
1783059240,2026-07-02T23:14:00-07:00,19.83234157654141
1783059300,2026-07-02T23:15:00-07:00,19.83234157654141
1783059360,2026-07-02T23:16:00-07:00,252.01234431269742
1783059420,2026-07-02T23:17:00-07:00,252.01234431269742
1783059480,2026-07-02T23:18:00-07:00,252.01234431269742
1783059540,2026-07-02T23:19:00-07:00,252.01234431269742
1783059600,2026-07-02T23:20:00-07:00,252.01234431269742
1783059660,2026-07-02T23:21:00-07:00,104.3936145128766
1783059720,2026-07-02T23:22:00-07:00,104.3936145128766
1783059780,2026-07-02T23:23:00-07:00,104.3936145128766
1783059840,2026-07-02T23:24:00-07:00,104.3936145128766
1783059900,2026-07-02T23:25:00-07:00,104.3936145128766
1783060020,2026-07-02T23:27:00-07:00,121.75715632688946
1783060080,2026-07-02T23:28:00-07:00,121.75715632688946
1783060140,2026-07-02T23:29:00-07:00,121.75715632688946
1783060200,2026-07-02T23:30:00-07:00,121.75715632688946
1783060260,2026-07-02T23:31:00-07:00,121.75715632688946
1783060320,2026-07-02T23:32:00-07:00,128.4426069522351
1783060380,2026-07-02T23:33:00-07:00,128.4426069522351
1783060440,2026-07-02T23:34:00-07:00,128.4426069522351
1783060500,2026-07-02T23:35:00-07:00,128.4426069522351
1783060560,2026-07-02T23:36:00-07:00,128.4426069522351
1783060620,2026-07-02T23:37:00-07:00,162.75158253125127
1783060680,2026-07-02T23:38:00-07:00,162.75158253125127
1783060740,2026-07-02T23:39:00-07:00,162.75158253125127
1783060800,2026-07-02T23:40:00-07:00,162.75158253125127
1783060860,2026-07-02T23:41:00-07:00,162.75158253125127
1783060920,2026-07-02T23:42:00-07:00,19.19419346241077
1783060980,2026-07-02T23:43:00-07:00,19.19419346241077
1783061040,2026-07-02T23:44:00-07:00,19.19419346241077
1783061100,2026-07-02T23:45:00-07:00,19.19419346241077
1783061160,2026-07-02T23:46:00-07:00,19.19419346241077
1783061220,2026-07-02T23:47:00-07:00,20.252578486270217
1783061280,2026-07-02T23:48:00-07:00,20.252578486270217
1783061340,2026-07-02T23:49:00-07:00,20.252578486270217
1783061400,2026-07-02T23:50:00-07:00,20.252578486270217
1783061460,2026-07-02T23:51:00-07:00,20.252578486270217
1783061640,2026-07-02T23:54:00-07:00,317.68792730175954
1783061700,2026-07-02T23:55:00-07:00,317.68792730175954
1783061760,2026-07-02T23:56:00-07:00,317.68792730175954
1783061820,2026-07-02T23:57:00-07:00,317.68792730175954
1783061880,2026-07-02T23:58:00-07:00,317.68792730175954
1783061940,2026-07-02T23:59:00-07:00,9.273897586400944
1783062000,2026-07-03T00:00:00-07:00,9.273897586400944
1783062060,2026-07-03T00:01:00-07:00,9.273897586400944
1783062120,2026-07-03T00:02:00-07:00,9.273897586400944
1783062180,2026-07-03T00:03:00-07:00,9.273897586400944
1783062240,2026-07-03T00:04:00-07:00,127.96880083834174
1783062300,2026-07-03T00:05:00-07:00,127.96880083834174
1783062360,2026-07-03T00:06:00-07:00,127.96880083834174
1783062420,2026-07-03T00:07:00-07:00,127.96880083834174
1783062480,2026-07-03T00:08:00-07:00,127.96880083834174
1783062540,2026-07-03T00:09:00-07:00,155.17845620511864
1783062600,2026-07-03T00:10:00-07:00,155.17845620511864
1783062660,2026-07-03T00:11:00-07:00,155.17845620511864
1783062720,2026-07-03T00:12:00-07:00,155.17845620511864
1783062780,2026-07-03T00:13:00-07:00,155.17845620511864
1783062840,2026-07-03T00:14:00-07:00,10.318614635160946
1783062900,2026-07-03T00:15:00-07:00,10.318614635160946
1783062960,2026-07-03T00:16:00-07:00,10.318614635160946
1783063020,2026-07-03T00:17:00-07:00,10.318614635160946
1783063080,2026-07-03T00:18:00-07:00,10.318614635160946
1783063140,2026-07-03T00:19:00-07:00,96.26208267135726
1783063200,2026-07-03T00:20:00-07:00,96.26208267135726
1783063260,2026-07-03T00:21:00-07:00,96.26208267135726
1783063320,2026-07-03T00:22:00-07:00,96.26208267135726
1783063380,2026-07-03T00:23:00-07:00,96.26208267135726
1783063500,2026-07-03T00:25:00-07:00,52.68694271858844
1783063560,2026-07-03T00:26:00-07:00,52.68694271858844
1783063620,2026-07-03T00:27:00-07:00,52.68694271858844
1783063680,2026-07-03T00:28:00-07:00,52.68694271858844
1783063740,2026-07-03T00:29:00-07:00,52.68694271858844
1783063800,2026-07-03T00:30:00-07:00,45.35203679035229
1783063860,2026-07-03T00:31:00-07:00,45.35203679035229
1783063920,2026-07-03T00:32:00-07:00,45.35203679035229
1783063980,2026-07-03T00:33:00-07:00,45.35203679035229
1783064040,2026-07-03T00:34:00-07:00,45.35203679035229
1783064100,2026-07-03T00:35:00-07:00,53.02211064576293
1783064160,2026-07-03T00:36:00-07:00,53.02211064576293
1783064220,2026-07-03T00:37:00-07:00,53.02211064576293
1783064280,2026-07-03T00:38:00-07:00,53.02211064576293
1783064340,2026-07-03T00:39:00-07:00,53.02211064576293
1783064400,2026-07-03T00:40:00-07:00,46.561822786372126
1783064460,2026-07-03T00:41:00-07:00,46.561822786372126
1783064520,2026-07-03T00:42:00-07:00,46.561822786372126
1783064580,2026-07-03T00:43:00-07:00,46.561822786372126
1783064640,2026-07-03T00:44:00-07:00,46.561822786372126
1783064760,2026-07-03T00:46:00-07:00,11.361862783171185
1783064820,2026-07-03T00:47:00-07:00,11.361862783171185
1783064880,2026-07-03T00:48:00-07:00,11.361862783171185
1783064940,2026-07-03T00:49:00-07:00,11.361862783171185
1783065000,2026-07-03T00:50:00-07:00,11.361862783171185
1783065060,2026-07-03T00:51:00-07:00,4.743319168224952
1783065120,2026-07-03T00:52:00-07:00,4.743319168224952
1783065180,2026-07-03T00:53:00-07:00,4.743319168224952
1783065240,2026-07-03T00:54:00-07:00,4.743319168224952
1783065300,2026-07-03T00:55:00-07:00,4.743319168224952
1783065360,2026-07-03T00:56:00-07:00,21.270991317073314
1783065420,2026-07-03T00:57:00-07:00,21.270991317073314
1783065480,2026-07-03T00:58:00-07:00,21.270991317073314
1783065540,2026-07-03T00:59:00-07:00,21.270991317073314
1783065600,2026-07-03T01:00:00-07:00,21.270991317073314
1783065660,2026-07-03T01:01:00-07:00,73.43698721129903
1783065720,2026-07-03T01:02:00-07:00,73.43698721129903
1783065780,2026-07-03T01:03:00-07:00,73.43698721129903
1783065840,2026-07-03T01:04:00-07:00,73.43698721129903
1783065900,2026-07-03T01:05:00-07:00,73.43698721129903
1783065960,2026-07-03T01:06:00-07:00,13.811013637749925
1783066020,2026-07-03T01:07:00-07:00,13.811013637749925
1783066080,2026-07-03T01:08:00-07:00,13.811013637749925
1783066140,2026-07-03T01:09:00-07:00,13.811013637749925
1783066200,2026-07-03T01:10:00-07:00,13.811013637749925
1783066260,2026-07-03T01:11:00-07:00,14.361559350921887
1783066320,2026-07-03T01:12:00-07:00,14.361559350921887
1783066380,2026-07-03T01:13:00-07:00,14.361559350921887
1783066440,2026-07-03T01:14:00-07:00,14.361559350921887
1783066500,2026-07-03T01:15:00-07:00,14.361559350921887
1783066620,2026-07-03T01:17:00-07:00,17.47733180038759
1783066680,2026-07-03T01:18:00-07:00,17.47733180038759
1783066740,2026-07-03T01:19:00-07:00,17.47733180038759
1783066800,2026-07-03T01:20:00-07:00,17.47733180038759
1783066860,2026-07-03T01:21:00-07:00,17.47733180038759
1783066980,2026-07-03T01:23:00-07:00,6.599631055690649
1783067040,2026-07-03T01:24:00-07:00,6.599631055690649
1783067100,2026-07-03T01:25:00-07:00,6.599631055690649
1783067160,2026-07-03T01:26:00-07:00,6.599631055690649
1783067220,2026-07-03T01:27:00-07:00,6.599631055690649
1783067340,2026-07-03T01:29:00-07:00,4.935667281681251
1783067400,2026-07-03T01:30:00-07:00,4.935667281681251
1783067460,2026-07-03T01:31:00-07:00,4.935667281681251
1783067520,2026-07-03T01:32:00-07:00,4.935667281681251
1783067580,2026-07-03T01:33:00-07:00,4.935667281681251
1783067640,2026-07-03T01:34:00-07:00,7.674842990333999
1783067700,2026-07-03T01:35:00-07:00,7.674842990333999
1783067760,2026-07-03T01:36:00-07:00,7.674842990333999
1783067820,2026-07-03T01:37:00-07:00,7.674842990333999
1783067880,2026-07-03T01:38:00-07:00,7.674842990333999
1783068000,2026-07-03T01:40:00-07:00,6.1885100399998985
1783068060,2026-07-03T01:41:00-07:00,6.1885100399998985
1783068120,2026-07-03T01:42:00-07:00,6.1885100399998985
1783068180,2026-07-03T01:43:00-07:00,6.1885100399998985
1783068240,2026-07-03T01:44:00-07:00,6.1885100399998985
1783068420,2026-07-03T01:47:00-07:00,8.30229968682069
1783068480,2026-07-03T01:48:00-07:00,8.30229968682069
1783068540,2026-07-03T01:49:00-07:00,8.30229968682069
1783068600,2026-07-03T01:50:00-07:00,8.30229968682069
1783068660,2026-07-03T01:51:00-07:00,8.30229968682069
1783068720,2026-07-03T01:52:00-07:00,9.55258246942453
1783068780,2026-07-03T01:53:00-07:00,9.55258246942453
1783068840,2026-07-03T01:54:00-07:00,9.55258246942453
1783068900,2026-07-03T01:55:00-07:00,9.55258246942453
1783068960,2026-07-03T01:56:00-07:00,9.55258246942453
1783069080,2026-07-03T01:58:00-07:00,4.05258093456745
1783069140,2026-07-03T01:59:00-07:00,4.05258093456745
1783069200,2026-07-03T02:00:00-07:00,4.05258093456745
1783069260,2026-07-03T02:01:00-07:00,4.05258093456745
1783069320,2026-07-03T02:02:00-07:00,4.05258093456745
1783069380,2026-07-03T02:03:00-07:00,25.081861275010294
1783069440,2026-07-03T02:04:00-07:00,25.081861275010294
1783069500,2026-07-03T02:05:00-07:00,25.081861275010294
1783069560,2026-07-03T02:06:00-07:00,25.081861275010294
1783069620,2026-07-03T02:07:00-07:00,25.081861275010294
1783069740,2026-07-03T02:09:00-07:00,24.553632997988483
1783069800,2026-07-03T02:10:00-07:00,24.553632997988483
1783069860,2026-07-03T02:11:00-07:00,24.553632997988483
1783069920,2026-07-03T02:12:00-07:00,24.553632997988483
1783069980,2026-07-03T02:13:00-07:00,24.553632997988483
1783070100,2026-07-03T02:15:00-07:00,2.83308941651324
1783070160,2026-07-03T02:16:00-07:00,2.83308941651324
1783070220,2026-07-03T02:17:00-07:00,2.83308941651324
1783070280,2026-07-03T02:18:00-07:00,2.83308941651324
1783070340,2026-07-03T02:19:00-07:00,2.83308941651324
1783070460,2026-07-03T02:21:00-07:00,5.57187726237012
1783070520,2026-07-03T02:22:00-07:00,5.57187726237012
1783070580,2026-07-03T02:23:00-07:00,5.57187726237012
1783070640,2026-07-03T02:24:00-07:00,5.57187726237012
1783070700,2026-07-03T02:25:00-07:00,5.57187726237012
1783070820,2026-07-03T02:27:00-07:00,6.307242176963069
1783070880,2026-07-03T02:28:00-07:00,6.307242176963069
1783070940,2026-07-03T02:29:00-07:00,6.307242176963069
1783071000,2026-07-03T02:30:00-07:00,6.307242176963069
1783071060,2026-07-03T02:31:00-07:00,6.307242176963069
1783071120,2026-07-03T02:32:00-07:00,7.592459397623284
1783071180,2026-07-03T02:33:00-07:00,7.592459397623284
1783071240,2026-07-03T02:34:00-07:00,7.592459397623284
1783071300,2026-07-03T02:35:00-07:00,7.592459397623284
1783071360,2026-07-03T02:36:00-07:00,7.592459397623284
1783071480,2026-07-03T02:38:00-07:00,5.144788547987921
1783071540,2026-07-03T02:39:00-07:00,5.144788547987921
1783071600,2026-07-03T02:40:00-07:00,5.144788547987921
1783071660,2026-07-03T02:41:00-07:00,5.144788547987921
1783071720,2026-07-03T02:42:00-07:00,5.144788547987921
1783071840,2026-07-03T02:44:00-07:00,3.4372758721321457
1783071900,2026-07-03T02:45:00-07:00,3.4372758721321457
1783071960,2026-07-03T02:46:00-07:00,3.4372758721321457
1783072020,2026-07-03T02:47:00-07:00,3.4372758721321457
1783072080,2026-07-03T02:48:00-07:00,3.4372758721321457
1783072140,2026-07-03T02:49:00-07:00,42.88812894676672
1783072200,2026-07-03T02:50:00-07:00,42.88812894676672
1783072260,2026-07-03T02:51:00-07:00,42.88812894676672
1783072320,2026-07-03T02:52:00-07:00,42.88812894676672
1783072380,2026-07-03T02:53:00-07:00,42.88812894676672
1783072500,2026-07-03T02:55:00-07:00,3.1601878022962726
1783072560,2026-07-03T02:56:00-07:00,3.1601878022962726
1783072620,2026-07-03T02:57:00-07:00,3.1601878022962726
1783072680,2026-07-03T02:58:00-07:00,3.1601878022962726
1783072740,2026-07-03T02:59:00-07:00,3.1601878022962726
1783072800,2026-07-03T03:00:00-07:00,3.028343911701576
1783072860,2026-07-03T03:01:00-07:00,3.028343911701576
1783072920,2026-07-03T03:02:00-07:00,3.028343911701576
1783072980,2026-07-03T03:03:00-07:00,3.028343911701576
1783073040,2026-07-03T03:04:00-07:00,3.028343911701576
1783073100,2026-07-03T03:05:00-07:00,4.867036520651194
1783073160,2026-07-03T03:06:00-07:00,4.867036520651194
1783073220,2026-07-03T03:07:00-07:00,4.867036520651194
1783073280,2026-07-03T03:08:00-07:00,4.867036520651194
1783073340,2026-07-03T03:09:00-07:00,4.867036520651194
1783073400,2026-07-03T03:10:00-07:00,142.42247065924067
1783073460,2026-07-03T03:11:00-07:00,142.42247065924067
1783073520,2026-07-03T03:12:00-07:00,142.42247065924067
1783073580,2026-07-03T03:13:00-07:00,142.42247065924067
1783073640,2026-07-03T03:14:00-07:00,142.42247065924067
1783073760,2026-07-03T03:16:00-07:00,8.693829202481693
1783073820,2026-07-03T03:17:00-07:00,8.693829202481693
1783073880,2026-07-03T03:18:00-07:00,8.693829202481693
1783073940,2026-07-03T03:19:00-07:00,8.693829202481693
1783074000,2026-07-03T03:20:00-07:00,8.693829202481693
1783074120,2026-07-03T03:22:00-07:00,6.150315628600528
1783074180,2026-07-03T03:23:00-07:00,6.150315628600528
1783074240,2026-07-03T03:24:00-07:00,6.150315628600528
1783074300,2026-07-03T03:25:00-07:00,6.150315628600528
1783074360,2026-07-03T03:26:00-07:00,6.150315628600528
1783074420,2026-07-03T03:27:00-07:00,3.405570443212059
1783074480,2026-07-03T03:28:00-07:00,3.405570443212059
1783074540,2026-07-03T03:29:00-07:00,3.405570443212059
1783074600,2026-07-03T03:30:00-07:00,3.405570443212059
1783074660,2026-07-03T03:31:00-07:00,3.405570443212059
1783074720,2026-07-03T03:32:00-07:00,13.544979115935957
1783074780,2026-07-03T03:33:00-07:00,13.544979115935957
1783074840,2026-07-03T03:34:00-07:00,13.544979115935957
1783074900,2026-07-03T03:35:00-07:00,13.544979115935957
1783074960,2026-07-03T03:36:00-07:00,13.544979115935957
1783075080,2026-07-03T03:38:00-07:00,4.774059654281335
1783075140,2026-07-03T03:39:00-07:00,4.774059654281335
1783075200,2026-07-03T03:40:00-07:00,4.774059654281335
1783075260,2026-07-03T03:41:00-07:00,4.774059654281335
1783075320,2026-07-03T03:42:00-07:00,4.774059654281335
1783075440,2026-07-03T03:44:00-07:00,4.284753094154956
1783075500,2026-07-03T03:45:00-07:00,4.284753094154956
1783075560,2026-07-03T03:46:00-07:00,4.284753094154956
1783075620,2026-07-03T03:47:00-07:00,4.284753094154956
1783075680,2026-07-03T03:48:00-07:00,4.284753094154956
1783075740,2026-07-03T03:49:00-07:00,3.65792245820987
1783075800,2026-07-03T03:50:00-07:00,3.65792245820987
1783075860,2026-07-03T03:51:00-07:00,3.65792245820987
1783075920,2026-07-03T03:52:00-07:00,3.65792245820987
1783075980,2026-07-03T03:53:00-07:00,3.65792245820987
1783076040,2026-07-03T03:54:00-07:00,35.70126717079193
1783076100,2026-07-03T03:55:00-07:00,35.70126717079193
1783076160,2026-07-03T03:56:00-07:00,35.70126717079193
1783076220,2026-07-03T03:57:00-07:00,35.70126717079193
1783076280,2026-07-03T03:58:00-07:00,35.70126717079193
1783076400,2026-07-03T04:00:00-07:00,4.692107617534343
1783076460,2026-07-03T04:01:00-07:00,4.692107617534343
1783076520,2026-07-03T04:02:00-07:00,4.692107617534343
1783076580,2026-07-03T04:03:00-07:00,4.692107617534343
1783076640,2026-07-03T04:04:00-07:00,4.692107617534343
1783076700,2026-07-03T04:05:00-07:00,6.765300062078975
1783076760,2026-07-03T04:06:00-07:00,6.765300062078975
1783076820,2026-07-03T04:07:00-07:00,6.765300062078975
1783076880,2026-07-03T04:08:00-07:00,6.765300062078975
1783076940,2026-07-03T04:09:00-07:00,6.765300062078975
1783077000,2026-07-03T04:10:00-07:00,5.6842760415955835
1783077060,2026-07-03T04:11:00-07:00,5.6842760415955835
1783077120,2026-07-03T04:12:00-07:00,5.6842760415955835
1783077180,2026-07-03T04:13:00-07:00,5.6842760415955835
1783077240,2026-07-03T04:14:00-07:00,5.6842760415955835
1783077300,2026-07-03T04:15:00-07:00,7.135210667385761
1783077360,2026-07-03T04:16:00-07:00,7.135210667385761
1783077420,2026-07-03T04:17:00-07:00,7.135210667385761
1783077480,2026-07-03T04:18:00-07:00,7.135210667385761
1783077540,2026-07-03T04:19:00-07:00,7.135210667385761
1783077600,2026-07-03T04:20:00-07:00,5.823184766652855
1783077660,2026-07-03T04:21:00-07:00,5.823184766652855
1783077720,2026-07-03T04:22:00-07:00,5.823184766652855
1783077780,2026-07-03T04:23:00-07:00,5.823184766652855
1783077840,2026-07-03T04:24:00-07:00,5.823184766652855
1783077900,2026-07-03T04:25:00-07:00,4.83270319234915
1783077960,2026-07-03T04:26:00-07:00,4.83270319234915
1783078020,2026-07-03T04:27:00-07:00,4.83270319234915
1783078080,2026-07-03T04:28:00-07:00,4.83270319234915
1783078140,2026-07-03T04:29:00-07:00,4.83270319234915
1783078200,2026-07-03T04:30:00-07:00,5.541590521656799
1783078260,2026-07-03T04:31:00-07:00,5.541590521656799
1783078320,2026-07-03T04:32:00-07:00,5.541590521656799
1783078380,2026-07-03T04:33:00-07:00,5.541590521656799
1783078440,2026-07-03T04:34:00-07:00,5.541590521656799
1783078500,2026-07-03T04:35:00-07:00,3.5938846509818125
1783078560,2026-07-03T04:36:00-07:00,3.5938846509818125
1783078620,2026-07-03T04:37:00-07:00,3.5938846509818125
1783078680,2026-07-03T04:38:00-07:00,3.5938846509818125
1783078740,2026-07-03T04:39:00-07:00,3.5938846509818125
1783078800,2026-07-03T04:40:00-07:00,371.8262083370614
1783078860,2026-07-03T04:41:00-07:00,371.8262083370614
1783078920,2026-07-03T04:42:00-07:00,371.8262083370614
1783078980,2026-07-03T04:43:00-07:00,371.8262083370614
1783079040,2026-07-03T04:44:00-07:00,371.8262083370614
1783079160,2026-07-03T04:46:00-07:00,1.424478379659844
1783079220,2026-07-03T04:47:00-07:00,1.424478379659844
1783079280,2026-07-03T04:48:00-07:00,1.424478379659844
1783079340,2026-07-03T04:49:00-07:00,1.424478379659844
1783079400,2026-07-03T04:50:00-07:00,1.424478379659844
1783079460,2026-07-03T04:51:00-07:00,3.464010839165346
1783079520,2026-07-03T04:52:00-07:00,3.464010839165346
1783079580,2026-07-03T04:53:00-07:00,3.464010839165346
1783079640,2026-07-03T04:54:00-07:00,3.464010839165346
1783079700,2026-07-03T04:55:00-07:00,3.464010839165346
1783079820,2026-07-03T04:57:00-07:00,295.5910492521013
1783079880,2026-07-03T04:58:00-07:00,295.5910492521013
1783079940,2026-07-03T04:59:00-07:00,295.5910492521013
1783080000,2026-07-03T05:00:00-07:00,295.5910492521013
1783080060,2026-07-03T05:01:00-07:00,295.5910492521013
1783080120,2026-07-03T05:02:00-07:00,3.7328104824484787
1783080180,2026-07-03T05:03:00-07:00,3.7328104824484787
1783080240,2026-07-03T05:04:00-07:00,3.7328104824484787
1783080300,2026-07-03T05:05:00-07:00,3.7328104824484787
1783080360,2026-07-03T05:06:00-07:00,3.7328104824484787
1783080420,2026-07-03T05:07:00-07:00,285.14120348492025
1783080480,2026-07-03T05:08:00-07:00,285.14120348492025
1783080540,2026-07-03T05:09:00-07:00,285.14120348492025
1783080600,2026-07-03T05:10:00-07:00,285.14120348492025
1783080660,2026-07-03T05:11:00-07:00,285.14120348492025
1783080720,2026-07-03T05:12:00-07:00,73.13635452364993
1783080780,2026-07-03T05:13:00-07:00,73.13635452364993
1783080840,2026-07-03T05:14:00-07:00,73.13635452364993
1783080900,2026-07-03T05:15:00-07:00,73.13635452364993
1783080960,2026-07-03T05:16:00-07:00,73.13635452364993
1783081020,2026-07-03T05:17:00-07:00,7.219943769622325
1783081080,2026-07-03T05:18:00-07:00,7.219943769622325
1783081140,2026-07-03T05:19:00-07:00,7.219943769622325
1783081200,2026-07-03T05:20:00-07:00,7.219943769622325
1783081260,2026-07-03T05:21:00-07:00,7.219943769622325
1783081320,2026-07-03T05:22:00-07:00,6.51265756320788
1783081380,2026-07-03T05:23:00-07:00,6.51265756320788
1783081440,2026-07-03T05:24:00-07:00,6.51265756320788
1783081500,2026-07-03T05:25:00-07:00,6.51265756320788
1783081560,2026-07-03T05:26:00-07:00,6.51265756320788
1783081680,2026-07-03T05:28:00-07:00,85.70957479539601
1783081740,2026-07-03T05:29:00-07:00,85.70957479539601
1783081800,2026-07-03T05:30:00-07:00,85.70957479539601
1783081860,2026-07-03T05:31:00-07:00,85.70957479539601
1783081920,2026-07-03T05:32:00-07:00,85.70957479539601
1783082040,2026-07-03T05:34:00-07:00,2.709278484995799
1783082100,2026-07-03T05:35:00-07:00,2.709278484995799
1783082160,2026-07-03T05:36:00-07:00,2.709278484995799
1783082220,2026-07-03T05:37:00-07:00,2.709278484995799
1783082280,2026-07-03T05:38:00-07:00,2.709278484995799
1783082400,2026-07-03T05:40:00-07:00,4.934220352247286
1783082460,2026-07-03T05:41:00-07:00,4.934220352247286
1783082520,2026-07-03T05:42:00-07:00,4.934220352247286
1783082580,2026-07-03T05:43:00-07:00,4.934220352247286
1783082640,2026-07-03T05:44:00-07:00,4.934220352247286
1783082700,2026-07-03T05:45:00-07:00,6.073322648792057
1783082760,2026-07-03T05:46:00-07:00,6.073322648792057
1783082820,2026-07-03T05:47:00-07:00,6.073322648792057
1783082880,2026-07-03T05:48:00-07:00,6.073322648792057
1783082940,2026-07-03T05:49:00-07:00,6.073322648792057
1783083060,2026-07-03T05:51:00-07:00,5.365150076271039
1783083120,2026-07-03T05:52:00-07:00,5.365150076271039
1783083180,2026-07-03T05:53:00-07:00,5.365150076271039
1783083240,2026-07-03T05:54:00-07:00,5.365150076271039
1783083300,2026-07-03T05:55:00-07:00,5.365150076271039
1783083360,2026-07-03T05:56:00-07:00,7.163676183723194
1783083420,2026-07-03T05:57:00-07:00,7.163676183723194
1783083480,2026-07-03T05:58:00-07:00,7.163676183723194
1783083540,2026-07-03T05:59:00-07:00,7.163676183723194
1783083600,2026-07-03T06:00:00-07:00,7.163676183723194
1783083720,2026-07-03T06:02:00-07:00,6.531094144853134
1783083780,2026-07-03T06:03:00-07:00,6.531094144853134
1783083840,2026-07-03T06:04:00-07:00,6.531094144853134
1783083900,2026-07-03T06:05:00-07:00,6.531094144853134
1783083960,2026-07-03T06:06:00-07:00,6.531094144853134
1783084020,2026-07-03T06:07:00-07:00,6.8850867200569095
1783084080,2026-07-03T06:08:00-07:00,6.8850867200569095
1783084140,2026-07-03T06:09:00-07:00,6.8850867200569095
1783084200,2026-07-03T06:10:00-07:00,6.8850867200569095
1783084260,2026-07-03T06:11:00-07:00,6.8850867200569095
1783084380,2026-07-03T06:13:00-07:00,4.869117770470529
1783084440,2026-07-03T06:14:00-07:00,4.869117770470529
1783084500,2026-07-03T06:15:00-07:00,4.869117770470529
1783084560,2026-07-03T06:16:00-07:00,4.869117770470529
1783084620,2026-07-03T06:17:00-07:00,4.869117770470529
1783084680,2026-07-03T06:18:00-07:00,5.234017092303368
1783084740,2026-07-03T06:19:00-07:00,5.234017092303368
1783084800,2026-07-03T06:20:00-07:00,5.234017092303368
1783084860,2026-07-03T06:21:00-07:00,5.234017092303368
1783084920,2026-07-03T06:22:00-07:00,5.234017092303368
1783084980,2026-07-03T06:23:00-07:00,4.767288679338253
1783085040,2026-07-03T06:24:00-07:00,4.767288679338253
1783085100,2026-07-03T06:25:00-07:00,4.767288679338253
1783085160,2026-07-03T06:26:00-07:00,4.767288679338253
1783085220,2026-07-03T06:27:00-07:00,4.767288679338253
1783085280,2026-07-03T06:28:00-07:00,3.505703911655614
1783085340,2026-07-03T06:29:00-07:00,3.505703911655614
1783085400,2026-07-03T06:30:00-07:00,3.505703911655614
1783085460,2026-07-03T06:31:00-07:00,3.505703911655614
1783085520,2026-07-03T06:32:00-07:00,3.505703911655614
1783085580,2026-07-03T06:33:00-07:00,2.4699357627925376
1783085640,2026-07-03T06:34:00-07:00,2.4699357627925376
1783085700,2026-07-03T06:35:00-07:00,2.4699357627925376
1783085760,2026-07-03T06:36:00-07:00,2.4699357627925376
1783085820,2026-07-03T06:37:00-07:00,2.4699357627925376
1783085940,2026-07-03T06:39:00-07:00,3.5329621887508544
1783086000,2026-07-03T06:40:00-07:00,3.5329621887508544
1783086060,2026-07-03T06:41:00-07:00,3.5329621887508544
1783086120,2026-07-03T06:42:00-07:00,3.5329621887508544
1783086180,2026-07-03T06:43:00-07:00,3.5329621887508544
1783086300,2026-07-03T06:45:00-07:00,6.273082461376696
1783086360,2026-07-03T06:46:00-07:00,6.273082461376696
1783086420,2026-07-03T06:47:00-07:00,6.273082461376696
1783086480,2026-07-03T06:48:00-07:00,6.273082461376696
1783086540,2026-07-03T06:49:00-07:00,6.273082461376696
1783086600,2026-07-03T06:50:00-07:00,14.369269815397589
1783086660,2026-07-03T06:51:00-07:00,14.369269815397589
1783086720,2026-07-03T06:52:00-07:00,14.369269815397589
1783086780,2026-07-03T06:53:00-07:00,14.369269815397589
1783086840,2026-07-03T06:54:00-07:00,14.369269815397589
1783086900,2026-07-03T06:55:00-07:00,22.24202691946177
1783086960,2026-07-03T06:56:00-07:00,22.24202691946177
1783087020,2026-07-03T06:57:00-07:00,22.24202691946177
1783087080,2026-07-03T06:58:00-07:00,22.24202691946177
1783087140,2026-07-03T06:59:00-07:00,22.24202691946177
1783087200,2026-07-03T07:00:00-07:00,10.067547139051179
1783087260,2026-07-03T07:01:00-07:00,10.067547139051179
1783087320,2026-07-03T07:02:00-07:00,10.067547139051179
1783087380,2026-07-03T07:03:00-07:00,10.067547139051179
1783087440,2026-07-03T07:04:00-07:00,10.067547139051179
1783087560,2026-07-03T07:06:00-07:00,1.8698127207706001
1783087620,2026-07-03T07:07:00-07:00,1.8698127207706001
1783087680,2026-07-03T07:08:00-07:00,1.8698127207706001
1783087740,2026-07-03T07:09:00-07:00,1.8698127207706001
1783087800,2026-07-03T07:10:00-07:00,1.8698127207706001
1783087860,2026-07-03T07:11:00-07:00,62.6733940834769
1783087920,2026-07-03T07:12:00-07:00,62.6733940834769
1783087980,2026-07-03T07:13:00-07:00,62.6733940834769
1783088040,2026-07-03T07:14:00-07:00,62.6733940834769
1783088100,2026-07-03T07:15:00-07:00,62.6733940834769
1783088160,2026-07-03T07:16:00-07:00,10.854114460558657
1783088220,2026-07-03T07:17:00-07:00,10.854114460558657
1783088280,2026-07-03T07:18:00-07:00,10.854114460558657
1783088340,2026-07-03T07:19:00-07:00,10.854114460558657
1783088400,2026-07-03T07:20:00-07:00,10.854114460558657
1783088460,2026-07-03T07:21:00-07:00,58.9601482286125
1783088520,2026-07-03T07:22:00-07:00,58.9601482286125
1783088580,2026-07-03T07:23:00-07:00,58.9601482286125
1783088640,2026-07-03T07:24:00-07:00,58.9601482286125
1783088700,2026-07-03T07:25:00-07:00,58.9601482286125
1783088820,2026-07-03T07:27:00-07:00,120.0063560814362
1783088880,2026-07-03T07:28:00-07:00,120.0063560814362
1783088940,2026-07-03T07:29:00-07:00,120.0063560814362
1783089000,2026-07-03T07:30:00-07:00,120.0063560814362
1783089060,2026-07-03T07:31:00-07:00,120.0063560814362
1783089120,2026-07-03T07:32:00-07:00,4.145277647439539
1783089180,2026-07-03T07:33:00-07:00,4.145277647439539
1783089240,2026-07-03T07:34:00-07:00,4.145277647439539
1783089300,2026-07-03T07:35:00-07:00,4.145277647439539
1783089360,2026-07-03T07:36:00-07:00,4.145277647439539
1783089420,2026-07-03T07:37:00-07:00,98.23634175149586
1783089480,2026-07-03T07:38:00-07:00,98.23634175149586
1783089540,2026-07-03T07:39:00-07:00,98.23634175149586
1783089600,2026-07-03T07:40:00-07:00,98.23634175149586
1783089660,2026-07-03T07:41:00-07:00,98.23634175149586
1783089720,2026-07-03T07:42:00-07:00,6.461600119917656
1783089780,2026-07-03T07:43:00-07:00,6.461600119917656
1783089840,2026-07-03T07:44:00-07:00,6.461600119917656
1783089900,2026-07-03T07:45:00-07:00,6.461600119917656
1783089960,2026-07-03T07:46:00-07:00,6.461600119917656
1783090020,2026-07-03T07:47:00-07:00,91.8838912372467
1783090080,2026-07-03T07:48:00-07:00,91.8838912372467
1783090140,2026-07-03T07:49:00-07:00,91.8838912372467
1783090200,2026-07-03T07:50:00-07:00,91.8838912372467
1783090260,2026-07-03T07:51:00-07:00,91.8838912372467
1783090320,2026-07-03T07:52:00-07:00,8.43197514035352
1783090380,2026-07-03T07:53:00-07:00,8.43197514035352
1783090440,2026-07-03T07:54:00-07:00,8.43197514035352
1783090500,2026-07-03T07:55:00-07:00,8.43197514035352
1783090560,2026-07-03T07:56:00-07:00,8.43197514035352
1783090680,2026-07-03T07:58:00-07:00,157.89426064429145
1783090740,2026-07-03T07:59:00-07:00,157.89426064429145
1783090800,2026-07-03T08:00:00-07:00,157.89426064429145
1783090860,2026-07-03T08:01:00-07:00,157.89426064429145
1783090920,2026-07-03T08:02:00-07:00,157.89426064429145
1783090980,2026-07-03T08:03:00-07:00,41.65662601906104
1783091040,2026-07-03T08:04:00-07:00,41.65662601906104
1783091100,2026-07-03T08:05:00-07:00,41.65662601906104
1783091160,2026-07-03T08:06:00-07:00,41.65662601906104
1783091220,2026-07-03T08:07:00-07:00,41.65662601906104
1783091700,2026-07-03T08:15:00-07:00,53.3145687233913
1783091760,2026-07-03T08:16:00-07:00,53.3145687233913
1783091820,2026-07-03T08:17:00-07:00,53.3145687233913
1783091880,2026-07-03T08:18:00-07:00,53.3145687233913
1783091940,2026-07-03T08:19:00-07:00,53.3145687233913
1783092120,2026-07-03T08:22:00-07:00,64.97025913177643
1783092180,2026-07-03T08:23:00-07:00,64.97025913177643
1783092240,2026-07-03T08:24:00-07:00,64.97025913177643
1783092300,2026-07-03T08:25:00-07:00,64.97025913177643
1783092360,2026-07-03T08:26:00-07:00,64.97025913177643
1783092540,2026-07-03T08:29:00-07:00,137.49585532372353
1783092600,2026-07-03T08:30:00-07:00,137.49585532372353
1783092660,2026-07-03T08:31:00-07:00,137.49585532372353
1783092720,2026-07-03T08:32:00-07:00,137.49585532372353
1783092780,2026-07-03T08:33:00-07:00,137.49585532372353
1783092900,2026-07-03T08:35:00-07:00,142.53135102869877
1783092960,2026-07-03T08:36:00-07:00,142.53135102869877
1783093020,2026-07-03T08:37:00-07:00,142.53135102869877
1783093080,2026-07-03T08:38:00-07:00,142.53135102869877
1783093140,2026-07-03T08:39:00-07:00,142.53135102869877
1783093320,2026-07-03T08:42:00-07:00,98.16266374358678
1783093380,2026-07-03T08:43:00-07:00,98.16266374358678
1783093440,2026-07-03T08:44:00-07:00,98.16266374358678
1783093500,2026-07-03T08:45:00-07:00,98.16266374358678
1783093560,2026-07-03T08:46:00-07:00,98.16266374358678
1783093620,2026-07-03T08:47:00-07:00,67.72605769914311
1783093680,2026-07-03T08:48:00-07:00,67.72605769914311
1783093740,2026-07-03T08:49:00-07:00,67.72605769914311
1783093800,2026-07-03T08:50:00-07:00,67.72605769914311
1783093860,2026-07-03T08:51:00-07:00,67.72605769914311
1783093980,2026-07-03T08:53:00-07:00,81.88572211460888
1783094040,2026-07-03T08:54:00-07:00,81.88572211460888
1783094100,2026-07-03T08:55:00-07:00,81.88572211460888
1783094160,2026-07-03T08:56:00-07:00,81.88572211460888
1783094220,2026-07-03T08:57:00-07:00,81.88572211460888
1783094280,2026-07-03T08:58:00-07:00,111.54681440342407
1783094340,2026-07-03T08:59:00-07:00,111.54681440342407
1783094400,2026-07-03T09:00:00-07:00,111.54681440342407
1783094460,2026-07-03T09:01:00-07:00,111.54681440342407
1783094520,2026-07-03T09:02:00-07:00,111.54681440342407
1783094580,2026-07-03T09:03:00-07:00,205.26175362787393
1783094640,2026-07-03T09:04:00-07:00,205.26175362787393
1783094700,2026-07-03T09:05:00-07:00,205.26175362787393
1783094760,2026-07-03T09:06:00-07:00,205.26175362787393
1783094820,2026-07-03T09:07:00-07:00,205.26175362787393
1783094940,2026-07-03T09:09:00-07:00,95.38105478014609
1783095000,2026-07-03T09:10:00-07:00,95.38105478014609
1783095060,2026-07-03T09:11:00-07:00,95.38105478014609
1783095120,2026-07-03T09:12:00-07:00,95.38105478014609
1783095180,2026-07-03T09:13:00-07:00,95.38105478014609
1783095300,2026-07-03T09:15:00-07:00,357.11834180338326
1783095360,2026-07-03T09:16:00-07:00,357.11834180338326
1783095420,2026-07-03T09:17:00-07:00,357.11834180338326
1783095480,2026-07-03T09:18:00-07:00,357.11834180338326
1783095540,2026-07-03T09:19:00-07:00,357.11834180338326
1783095720,2026-07-03T09:22:00-07:00,69.63064327915977
1783095780,2026-07-03T09:23:00-07:00,69.63064327915977
1783095840,2026-07-03T09:24:00-07:00,69.63064327915977
1783095900,2026-07-03T09:25:00-07:00,69.63064327915977
1783095960,2026-07-03T09:26:00-07:00,69.63064327915977
1783096080,2026-07-03T09:28:00-07:00,144.26106290971916
1783096140,2026-07-03T09:29:00-07:00,144.26106290971916
1783096200,2026-07-03T09:30:00-07:00,144.26106290971916
1783096260,2026-07-03T09:31:00-07:00,144.26106290971916
1783096320,2026-07-03T09:32:00-07:00,144.26106290971916
1783096440,2026-07-03T09:34:00-07:00,31.00713044038923
1783096500,2026-07-03T09:35:00-07:00,31.00713044038923
1783096560,2026-07-03T09:36:00-07:00,31.00713044038923
1783096620,2026-07-03T09:37:00-07:00,31.00713044038923
1783096680,2026-07-03T09:38:00-07:00,31.00713044038923
1783096740,2026-07-03T09:39:00-07:00,228.67553910543805
1783096800,2026-07-03T09:40:00-07:00,228.67553910543805
1783096860,2026-07-03T09:41:00-07:00,228.67553910543805
1783096920,2026-07-03T09:42:00-07:00,228.67553910543805
1783096980,2026-07-03T09:43:00-07:00,228.67553910543805
1783097100,2026-07-03T09:45:00-07:00,31.373218095451097
1783097160,2026-07-03T09:46:00-07:00,31.373218095451097
1783097220,2026-07-03T09:47:00-07:00,31.373218095451097
1783097280,2026-07-03T09:48:00-07:00,31.373218095451097
1783097340,2026-07-03T09:49:00-07:00,31.373218095451097
1783097400,2026-07-03T09:50:00-07:00,85.51989068027271
1783097460,2026-07-03T09:51:00-07:00,85.51989068027271
1783097520,2026-07-03T09:52:00-07:00,85.51989068027271
1783097580,2026-07-03T09:53:00-07:00,85.51989068027271
1783097640,2026-07-03T09:54:00-07:00,85.51989068027271
1783097700,2026-07-03T09:55:00-07:00,45.64766021917459
1783097760,2026-07-03T09:56:00-07:00,45.64766021917459
1783097820,2026-07-03T09:57:00-07:00,45.64766021917459
1783097880,2026-07-03T09:58:00-07:00,45.64766021917459
1783097940,2026-07-03T09:59:00-07:00,45.64766021917459
1783098000,2026-07-03T10:00:00-07:00,22.347948255219627
1783098060,2026-07-03T10:01:00-07:00,22.347948255219627
1783098120,2026-07-03T10:02:00-07:00,22.347948255219627
1783098180,2026-07-03T10:03:00-07:00,22.347948255219627
1783098240,2026-07-03T10:04:00-07:00,22.347948255219627
1783098300,2026-07-03T10:05:00-07:00,76.37256386276141
1783098360,2026-07-03T10:06:00-07:00,76.37256386276141
1783098420,2026-07-03T10:07:00-07:00,76.37256386276141
1783098480,2026-07-03T10:08:00-07:00,76.37256386276141
1783098540,2026-07-03T10:09:00-07:00,76.37256386276141
1783098600,2026-07-03T10:10:00-07:00,97.82539389223186
1783098660,2026-07-03T10:11:00-07:00,97.82539389223186
1783098720,2026-07-03T10:12:00-07:00,97.82539389223186
1783098780,2026-07-03T10:13:00-07:00,97.82539389223186
1783098840,2026-07-03T10:14:00-07:00,97.82539389223186
1783098900,2026-07-03T10:15:00-07:00,141.35257031537446
1783098960,2026-07-03T10:16:00-07:00,141.35257031537446
1783099020,2026-07-03T10:17:00-07:00,141.35257031537446
1783099080,2026-07-03T10:18:00-07:00,141.35257031537446
1783099140,2026-07-03T10:19:00-07:00,141.35257031537446
1783099260,2026-07-03T10:21:00-07:00,175.48267869783413
1783099320,2026-07-03T10:22:00-07:00,175.48267869783413
1783099380,2026-07-03T10:23:00-07:00,175.48267869783413
1783099440,2026-07-03T10:24:00-07:00,175.48267869783413
1783099500,2026-07-03T10:25:00-07:00,175.48267869783413
1783099560,2026-07-03T10:26:00-07:00,141.9156970419925
1783099620,2026-07-03T10:27:00-07:00,141.9156970419925
1783099680,2026-07-03T10:28:00-07:00,141.9156970419925
1783099740,2026-07-03T10:29:00-07:00,141.9156970419925
1783099800,2026-07-03T10:30:00-07:00,141.9156970419925
1783099980,2026-07-03T10:33:00-07:00,98.2995382092565
1783100040,2026-07-03T10:34:00-07:00,98.2995382092565
1783100100,2026-07-03T10:35:00-07:00,98.2995382092565
1783100160,2026-07-03T10:36:00-07:00,98.2995382092565
1783100220,2026-07-03T10:37:00-07:00,98.2995382092565
1783100280,2026-07-03T10:38:00-07:00,79.79490125127285
1783100340,2026-07-03T10:39:00-07:00,79.79490125127285
1783100400,2026-07-03T10:40:00-07:00,79.79490125127285
1783100460,2026-07-03T10:41:00-07:00,79.79490125127285
1783100520,2026-07-03T10:42:00-07:00,79.79490125127285
1783100640,2026-07-03T10:44:00-07:00,171.60312176084207
1783100700,2026-07-03T10:45:00-07:00,171.60312176084207
1783100760,2026-07-03T10:46:00-07:00,171.60312176084207
1783100820,2026-07-03T10:47:00-07:00,171.60312176084207
1783100880,2026-07-03T10:48:00-07:00,171.60312176084207
1783101000,2026-07-03T10:50:00-07:00,365.0055778189909
1783101060,2026-07-03T10:51:00-07:00,365.0055778189909
1783101120,2026-07-03T10:52:00-07:00,365.0055778189909
1783101180,2026-07-03T10:53:00-07:00,365.0055778189909
1783101240,2026-07-03T10:54:00-07:00,365.0055778189909
1783101420,2026-07-03T10:57:00-07:00,130.66208737301181
1783101480,2026-07-03T10:58:00-07:00,130.66208737301181
1783101540,2026-07-03T10:59:00-07:00,130.66208737301181
1783101600,2026-07-03T11:00:00-07:00,130.66208737301181
1783101660,2026-07-03T11:01:00-07:00,130.66208737301181
1783101780,2026-07-03T11:03:00-07:00,109.05114856794684
1783101840,2026-07-03T11:04:00-07:00,109.05114856794684
1783101900,2026-07-03T11:05:00-07:00,109.05114856794684
1783101960,2026-07-03T11:06:00-07:00,109.05114856794684
1783102020,2026-07-03T11:07:00-07:00,109.05114856794684
1783102140,2026-07-03T11:09:00-07:00,56.49400746335066
1783102200,2026-07-03T11:10:00-07:00,56.49400746335066
1783102260,2026-07-03T11:11:00-07:00,56.49400746335066
1783102320,2026-07-03T11:12:00-07:00,56.49400746335066
1783102380,2026-07-03T11:13:00-07:00,56.49400746335066
1783102560,2026-07-03T11:16:00-07:00,198.52330098375933
1783102620,2026-07-03T11:17:00-07:00,198.52330098375933
1783102680,2026-07-03T11:18:00-07:00,198.52330098375933
1783102740,2026-07-03T11:19:00-07:00,198.52330098375933
1783102800,2026-07-03T11:20:00-07:00,198.52330098375933
1783102860,2026-07-03T11:21:00-07:00,395.2643855700843
1783102920,2026-07-03T11:22:00-07:00,395.2643855700843
1783102980,2026-07-03T11:23:00-07:00,395.2643855700843
1783103040,2026-07-03T11:24:00-07:00,395.2643855700843
1783103100,2026-07-03T11:25:00-07:00,395.2643855700843
1783103220,2026-07-03T11:27:00-07:00,123.19458938984818
1783103280,2026-07-03T11:28:00-07:00,123.19458938984818
1783103340,2026-07-03T11:29:00-07:00,123.19458938984818
1783103400,2026-07-03T11:30:00-07:00,123.19458938984818
1783103460,2026-07-03T11:31:00-07:00,123.19458938984818
1783103580,2026-07-03T11:33:00-07:00,361.1891778098127
1783103640,2026-07-03T11:34:00-07:00,361.1891778098127
1783103700,2026-07-03T11:35:00-07:00,361.1891778098127
1783103760,2026-07-03T11:36:00-07:00,361.1891778098127
1783103820,2026-07-03T11:37:00-07:00,361.1891778098127
1783103880,2026-07-03T11:38:00-07:00,159.37210222060986
1783103940,2026-07-03T11:39:00-07:00,159.37210222060986
1783104000,2026-07-03T11:40:00-07:00,159.37210222060986
1783104060,2026-07-03T11:41:00-07:00,159.37210222060986
1783104120,2026-07-03T11:42:00-07:00,159.37210222060986
1783104300,2026-07-03T11:45:00-07:00,516.8454920020249
1783104360,2026-07-03T11:46:00-07:00,516.8454920020249
1783104420,2026-07-03T11:47:00-07:00,516.8454920020249
1783104480,2026-07-03T11:48:00-07:00,516.8454920020249
1783104540,2026-07-03T11:49:00-07:00,516.8454920020249
1783104600,2026-07-03T11:50:00-07:00,157.1116562545537
1783104660,2026-07-03T11:51:00-07:00,157.1116562545537
1783104720,2026-07-03T11:52:00-07:00,157.1116562545537
1783104780,2026-07-03T11:53:00-07:00,157.1116562545537
1783104840,2026-07-03T11:54:00-07:00,157.1116562545537
1783104960,2026-07-03T11:56:00-07:00,125.3050793419081
1783105020,2026-07-03T11:57:00-07:00,125.3050793419081
1783105080,2026-07-03T11:58:00-07:00,125.3050793419081
1783105140,2026-07-03T11:59:00-07:00,125.3050793419081
1783105200,2026-07-03T12:00:00-07:00,125.3050793419081
1783105260,2026-07-03T12:01:00-07:00,168.70071948681925
1783105320,2026-07-03T12:02:00-07:00,168.70071948681925
1783105380,2026-07-03T12:03:00-07:00,168.70071948681925
1783105440,2026-07-03T12:04:00-07:00,168.70071948681925
1783105500,2026-07-03T12:05:00-07:00,168.70071948681925
1783105680,2026-07-03T12:08:00-07:00,93.61749786801114
1783105740,2026-07-03T12:09:00-07:00,93.61749786801114
1783105800,2026-07-03T12:10:00-07:00,93.61749786801114
1783105860,2026-07-03T12:11:00-07:00,93.61749786801114
1783105920,2026-07-03T12:12:00-07:00,93.61749786801114
1783105980,2026-07-03T12:13:00-07:00,516.8492383404878
1783106040,2026-07-03T12:14:00-07:00,516.8492383404878
1783106100,2026-07-03T12:15:00-07:00,516.8492383404878
1783106160,2026-07-03T12:16:00-07:00,516.8492383404878
1783106220,2026-07-03T12:17:00-07:00,516.8492383404878
1783106340,2026-07-03T12:19:00-07:00,232.03481160688764
1783106400,2026-07-03T12:20:00-07:00,232.03481160688764
1783106460,2026-07-03T12:21:00-07:00,232.03481160688764
1783106520,2026-07-03T12:22:00-07:00,232.03481160688764
1783106580,2026-07-03T12:23:00-07:00,232.03481160688764
1783106760,2026-07-03T12:26:00-07:00,173.7033874073275
1783106820,2026-07-03T12:27:00-07:00,173.7033874073275
1783106880,2026-07-03T12:28:00-07:00,173.7033874073275
1783106940,2026-07-03T12:29:00-07:00,173.7033874073275
1783107000,2026-07-03T12:30:00-07:00,173.7033874073275
1783107120,2026-07-03T12:32:00-07:00,119.40583038952224
1783107180,2026-07-03T12:33:00-07:00,119.40583038952224
1783107240,2026-07-03T12:34:00-07:00,119.40583038952224
1783107300,2026-07-03T12:35:00-07:00,119.40583038952224
1783107360,2026-07-03T12:36:00-07:00,119.40583038952224
1783107420,2026-07-03T12:37:00-07:00,97.64469428282162
1783107480,2026-07-03T12:38:00-07:00,97.64469428282162
1783107540,2026-07-03T12:39:00-07:00,97.64469428282162
1783107600,2026-07-03T12:40:00-07:00,97.64469428282162
1783107660,2026-07-03T12:41:00-07:00,97.64469428282162
1783107780,2026-07-03T12:43:00-07:00,86.53818498984705
1783107840,2026-07-03T12:44:00-07:00,86.53818498984705
1783107900,2026-07-03T12:45:00-07:00,86.53818498984705
1783107960,2026-07-03T12:46:00-07:00,86.53818498984705
1783108020,2026-07-03T12:47:00-07:00,86.53818498984705
1783108080,2026-07-03T12:48:00-07:00,443.8661318811004
1783108140,2026-07-03T12:49:00-07:00,443.8661318811004
1783108200,2026-07-03T12:50:00-07:00,443.8661318811004
1783108260,2026-07-03T12:51:00-07:00,443.8661318811004
1783108320,2026-07-03T12:52:00-07:00,443.8661318811004
1783108500,2026-07-03T12:55:00-07:00,91.55330622859253
1783108560,2026-07-03T12:56:00-07:00,91.55330622859253
1783108620,2026-07-03T12:57:00-07:00,91.55330622859253
1783108680,2026-07-03T12:58:00-07:00,91.55330622859253
1783108740,2026-07-03T12:59:00-07:00,91.55330622859253
1783108800,2026-07-03T13:00:00-07:00,105.668777175408
1783108860,2026-07-03T13:01:00-07:00,105.668777175408
1783108920,2026-07-03T13:02:00-07:00,105.668777175408
1783108980,2026-07-03T13:03:00-07:00,105.668777175408
1783109040,2026-07-03T13:04:00-07:00,105.668777175408
1783109160,2026-07-03T13:06:00-07:00,220.9755316595386
1783109220,2026-07-03T13:07:00-07:00,220.9755316595386
1783109280,2026-07-03T13:08:00-07:00,220.9755316595386
1783109340,2026-07-03T13:09:00-07:00,220.9755316595386
1783109400,2026-07-03T13:10:00-07:00,220.9755316595386
1783109520,2026-07-03T13:12:00-07:00,457.58052558939744
1783109580,2026-07-03T13:13:00-07:00,457.58052558939744
1783109640,2026-07-03T13:14:00-07:00,457.58052558939744
1783109700,2026-07-03T13:15:00-07:00,457.58052558939744
1783109760,2026-07-03T13:16:00-07:00,457.58052558939744
1783109820,2026-07-03T13:17:00-07:00,165.18659184171761
1783109880,2026-07-03T13:18:00-07:00,165.18659184171761
1783109940,2026-07-03T13:19:00-07:00,165.18659184171761
1783110000,2026-07-03T13:20:00-07:00,165.18659184171761
1783110060,2026-07-03T13:21:00-07:00,165.18659184171761
1783110120,2026-07-03T13:22:00-07:00,488.9294935554042
1783110180,2026-07-03T13:23:00-07:00,488.9294935554042
1783110240,2026-07-03T13:24:00-07:00,488.9294935554042
1783110300,2026-07-03T13:25:00-07:00,488.9294935554042
1783110360,2026-07-03T13:26:00-07:00,488.9294935554042
1783110420,2026-07-03T13:27:00-07:00,138.68944138937857
1783110480,2026-07-03T13:28:00-07:00,138.68944138937857
1783110540,2026-07-03T13:29:00-07:00,138.68944138937857
1783110600,2026-07-03T13:30:00-07:00,138.68944138937857
1783110660,2026-07-03T13:31:00-07:00,138.68944138937857
1783110780,2026-07-03T13:33:00-07:00,367.07883727906784
1783110840,2026-07-03T13:34:00-07:00,367.07883727906784
1783110900,2026-07-03T13:35:00-07:00,367.07883727906784
1783110960,2026-07-03T13:36:00-07:00,367.07883727906784
1783111020,2026-07-03T13:37:00-07:00,367.07883727906784
1783111260,2026-07-03T13:41:00-07:00,128.19096743996377
1783111320,2026-07-03T13:42:00-07:00,128.19096743996377
1783111380,2026-07-03T13:43:00-07:00,128.19096743996377
1783111440,2026-07-03T13:44:00-07:00,128.19096743996377
1783111500,2026-07-03T13:45:00-07:00,128.19096743996377
1783111560,2026-07-03T13:46:00-07:00,101.64058200875826
1783111620,2026-07-03T13:47:00-07:00,101.64058200875826
1783111680,2026-07-03T13:48:00-07:00,101.64058200875826
1783111740,2026-07-03T13:49:00-07:00,101.64058200875826
1783111800,2026-07-03T13:50:00-07:00,101.64058200875826
1783111920,2026-07-03T13:52:00-07:00,311.6100762417078
1783111980,2026-07-03T13:53:00-07:00,311.6100762417078
1783112040,2026-07-03T13:54:00-07:00,311.6100762417078
1783112100,2026-07-03T13:55:00-07:00,311.6100762417078
1783112160,2026-07-03T13:56:00-07:00,311.6100762417078
1783112220,2026-07-03T13:57:00-07:00,244.2669156728045
1783112280,2026-07-03T13:58:00-07:00,244.2669156728045
1783112340,2026-07-03T13:59:00-07:00,244.2669156728045
1783112400,2026-07-03T14:00:00-07:00,244.2669156728045
1783112460,2026-07-03T14:01:00-07:00,244.2669156728045
1783112520,2026-07-03T14:02:00-07:00,101.25806151219402
1783112580,2026-07-03T14:03:00-07:00,101.25806151219402
1783112640,2026-07-03T14:04:00-07:00,101.25806151219402
1783112700,2026-07-03T14:05:00-07:00,101.25806151219402
1783112760,2026-07-03T14:06:00-07:00,101.25806151219402
1783112880,2026-07-03T14:08:00-07:00,103.80376351992395
1783112940,2026-07-03T14:09:00-07:00,103.80376351992395
1783113000,2026-07-03T14:10:00-07:00,103.80376351992395
1783113060,2026-07-03T14:11:00-07:00,103.80376351992395
1783113120,2026-07-03T14:12:00-07:00,103.80376351992395
1783113180,2026-07-03T14:13:00-07:00,46.26503067728813
1783113240,2026-07-03T14:14:00-07:00,46.26503067728813
1783113300,2026-07-03T14:15:00-07:00,46.26503067728813
1783113360,2026-07-03T14:16:00-07:00,46.26503067728813
1783113420,2026-07-03T14:17:00-07:00,46.26503067728813
1783113600,2026-07-03T14:20:00-07:00,128.44607032360943
1783113660,2026-07-03T14:21:00-07:00,128.44607032360943
1783113720,2026-07-03T14:22:00-07:00,128.44607032360943
1783113780,2026-07-03T14:23:00-07:00,128.44607032360943
1783113840,2026-07-03T14:24:00-07:00,128.44607032360943
1783113900,2026-07-03T14:25:00-07:00,102.39625201737614
1783113960,2026-07-03T14:26:00-07:00,102.39625201737614
1783114020,2026-07-03T14:27:00-07:00,102.39625201737614
1783114080,2026-07-03T14:28:00-07:00,102.39625201737614
1783114140,2026-07-03T14:29:00-07:00,102.39625201737614
1783114260,2026-07-03T14:31:00-07:00,403.18607188317947
1783114320,2026-07-03T14:32:00-07:00,403.18607188317947
1783114380,2026-07-03T14:33:00-07:00,403.18607188317947
1783114440,2026-07-03T14:34:00-07:00,403.18607188317947
1783114500,2026-07-03T14:35:00-07:00,403.18607188317947
1783114680,2026-07-03T14:38:00-07:00,351.1762275387993
1783114740,2026-07-03T14:39:00-07:00,351.1762275387993
1783114800,2026-07-03T14:40:00-07:00,351.1762275387993
1783114860,2026-07-03T14:41:00-07:00,351.1762275387993
1783114920,2026-07-03T14:42:00-07:00,351.1762275387993
1783115700,2026-07-03T14:55:00-07:00,43.023089430107206
1783115760,2026-07-03T14:56:00-07:00,43.023089430107206
1783115820,2026-07-03T14:57:00-07:00,43.023089430107206
1783115880,2026-07-03T14:58:00-07:00,43.023089430107206
1783115940,2026-07-03T14:59:00-07:00,43.023089430107206
1783116060,2026-07-03T15:01:00-07:00,182.56794835303984
1783116120,2026-07-03T15:02:00-07:00,182.56794835303984
1783116180,2026-07-03T15:03:00-07:00,182.56794835303984
1783116240,2026-07-03T15:04:00-07:00,182.56794835303984
1783116300,2026-07-03T15:05:00-07:00,182.56794835303984
1783116480,2026-07-03T15:08:00-07:00,158.85563257773495
1783116540,2026-07-03T15:09:00-07:00,158.85563257773495
1783116600,2026-07-03T15:10:00-07:00,158.85563257773495
1783116660,2026-07-03T15:11:00-07:00,158.85563257773495
1783116720,2026-07-03T15:12:00-07:00,158.85563257773495
1783116780,2026-07-03T15:13:00-07:00,376.1685087526907
1783116840,2026-07-03T15:14:00-07:00,376.1685087526907
1783116900,2026-07-03T15:15:00-07:00,376.1685087526907
1783116960,2026-07-03T15:16:00-07:00,376.1685087526907
1783117020,2026-07-03T15:17:00-07:00,376.1685087526907
1783117080,2026-07-03T15:18:00-07:00,147.44573730539545
1783117140,2026-07-03T15:19:00-07:00,147.44573730539545
1783117200,2026-07-03T15:20:00-07:00,147.44573730539545
1783117260,2026-07-03T15:21:00-07:00,147.44573730539545
1783117320,2026-07-03T15:22:00-07:00,147.44573730539545
1783117380,2026-07-03T15:23:00-07:00,411.6646626458237
1783117440,2026-07-03T15:24:00-07:00,411.6646626458237
1783117500,2026-07-03T15:25:00-07:00,411.6646626458237
1783117560,2026-07-03T15:26:00-07:00,411.6646626458237
1783117620,2026-07-03T15:27:00-07:00,411.6646626458237
1783117680,2026-07-03T15:28:00-07:00,43.7585067566825
1783117740,2026-07-03T15:29:00-07:00,43.7585067566825
1783117800,2026-07-03T15:30:00-07:00,43.7585067566825
1783117860,2026-07-03T15:31:00-07:00,43.7585067566825
1783117920,2026-07-03T15:32:00-07:00,43.7585067566825
1783118040,2026-07-03T15:34:00-07:00,102.78699414864612
1783118100,2026-07-03T15:35:00-07:00,102.78699414864612
1783118160,2026-07-03T15:36:00-07:00,102.78699414864612
1783118220,2026-07-03T15:37:00-07:00,102.78699414864612
1783118280,2026-07-03T15:38:00-07:00,102.78699414864612
1783118700,2026-07-03T15:45:00-07:00,5.728539919437762
1783118760,2026-07-03T15:46:00-07:00,5.728539919437762
1783118820,2026-07-03T15:47:00-07:00,5.728539919437762
1783118880,2026-07-03T15:48:00-07:00,5.728539919437762
1783118940,2026-07-03T15:49:00-07:00,5.728539919437762
1783119060,2026-07-03T15:51:00-07:00,3.7098171954665733
1783119120,2026-07-03T15:52:00-07:00,3.7098171954665733
1783119180,2026-07-03T15:53:00-07:00,3.7098171954665733
1783119240,2026-07-03T15:54:00-07:00,3.7098171954665733
1783119300,2026-07-03T15:55:00-07:00,3.7098171954665733
1783119420,2026-07-03T15:57:00-07:00,7.68176189041597
1783119480,2026-07-03T15:58:00-07:00,7.68176189041597
1783119540,2026-07-03T15:59:00-07:00,7.68176189041597
1783119600,2026-07-03T16:00:00-07:00,7.68176189041597
1783119660,2026-07-03T16:01:00-07:00,7.68176189041597
1783119780,2026-07-03T16:03:00-07:00,3.954365878716057
1783119840,2026-07-03T16:04:00-07:00,3.954365878716057
1783119900,2026-07-03T16:05:00-07:00,3.954365878716057
1783119960,2026-07-03T16:06:00-07:00,3.954365878716057
1783120020,2026-07-03T16:07:00-07:00,3.954365878716057
1783120140,2026-07-03T16:09:00-07:00,8.115178246689007
1783120200,2026-07-03T16:10:00-07:00,8.115178246689007
1783120260,2026-07-03T16:11:00-07:00,8.115178246689007
1783120320,2026-07-03T16:12:00-07:00,8.115178246689007
1783120380,2026-07-03T16:13:00-07:00,8.115178246689007
1783120500,2026-07-03T16:15:00-07:00,1.5080299395972059
1783120560,2026-07-03T16:16:00-07:00,1.5080299395972059
1783120620,2026-07-03T16:17:00-07:00,1.5080299395972059
1783120680,2026-07-03T16:18:00-07:00,1.5080299395972059
1783120740,2026-07-03T16:19:00-07:00,1.5080299395972059
1783120860,2026-07-03T16:21:00-07:00,3.4131877616994486
1783120920,2026-07-03T16:22:00-07:00,3.4131877616994486
1783120980,2026-07-03T16:23:00-07:00,3.4131877616994486
1783121040,2026-07-03T16:24:00-07:00,3.4131877616994486
1783121100,2026-07-03T16:25:00-07:00,3.4131877616994486
1783121220,2026-07-03T16:27:00-07:00,2.188264175333549
1783121280,2026-07-03T16:28:00-07:00,2.188264175333549
1783121340,2026-07-03T16:29:00-07:00,2.188264175333549
1783121400,2026-07-03T16:30:00-07:00,2.188264175333549
1783121460,2026-07-03T16:31:00-07:00,2.188264175333549
1783121700,2026-07-03T16:35:00-07:00,5.542192374932938
1783121760,2026-07-03T16:36:00-07:00,5.542192374932938
1783121820,2026-07-03T16:37:00-07:00,5.542192374932938
1783121880,2026-07-03T16:38:00-07:00,5.542192374932938
1783121940,2026-07-03T16:39:00-07:00,5.542192374932938
1783122060,2026-07-03T16:41:00-07:00,6.417280864198673
1783122120,2026-07-03T16:42:00-07:00,6.417280864198673
1783122180,2026-07-03T16:43:00-07:00,6.417280864198673
1783122240,2026-07-03T16:44:00-07:00,6.417280864198673
1783122300,2026-07-03T16:45:00-07:00,6.417280864198673
1783122360,2026-07-03T16:46:00-07:00,443.5399967564515
1783122420,2026-07-03T16:47:00-07:00,443.5399967564515
1783122480,2026-07-03T16:48:00-07:00,443.5399967564515
1783122540,2026-07-03T16:49:00-07:00,443.5399967564515
1783122600,2026-07-03T16:50:00-07:00,443.5399967564515
1783122660,2026-07-03T16:51:00-07:00,2.6568583833500714
1783122720,2026-07-03T16:52:00-07:00,2.6568583833500714
1783122780,2026-07-03T16:53:00-07:00,2.6568583833500714
1783122840,2026-07-03T16:54:00-07:00,2.6568583833500714
1783122900,2026-07-03T16:55:00-07:00,2.6568583833500714
1783123020,2026-07-03T16:57:00-07:00,3.370333245576338
1783123080,2026-07-03T16:58:00-07:00,3.370333245576338
1783123140,2026-07-03T16:59:00-07:00,3.370333245576338
1783123200,2026-07-03T17:00:00-07:00,3.370333245576338
1783123260,2026-07-03T17:01:00-07:00,3.370333245576338
1783123320,2026-07-03T17:02:00-07:00,3.298055516865591
1783123380,2026-07-03T17:03:00-07:00,3.298055516865591
1783123440,2026-07-03T17:04:00-07:00,3.298055516865591
1783123500,2026-07-03T17:05:00-07:00,3.298055516865591
1783123560,2026-07-03T17:06:00-07:00,3.298055516865591
1783123740,2026-07-03T17:09:00-07:00,3.2912376303954627
1783123800,2026-07-03T17:10:00-07:00,3.2912376303954627
1783123860,2026-07-03T17:11:00-07:00,3.2912376303954627
1783123920,2026-07-03T17:12:00-07:00,3.2912376303954627
1783123980,2026-07-03T17:13:00-07:00,3.2912376303954627
1783124160,2026-07-03T17:16:00-07:00,5.05484088603429
1783124220,2026-07-03T17:17:00-07:00,5.05484088603429
1783124280,2026-07-03T17:18:00-07:00,5.05484088603429
1783124340,2026-07-03T17:19:00-07:00,5.05484088603429
1783124400,2026-07-03T17:20:00-07:00,5.05484088603429
1783124460,2026-07-03T17:21:00-07:00,5.31469048007554
1783124520,2026-07-03T17:22:00-07:00,5.31469048007554
1783124580,2026-07-03T17:23:00-07:00,5.31469048007554
1783124640,2026-07-03T17:24:00-07:00,5.31469048007554
1783124700,2026-07-03T17:25:00-07:00,5.31469048007554
1783124760,2026-07-03T17:26:00-07:00,5.819163633835383
1783124820,2026-07-03T17:27:00-07:00,5.819163633835383
1783124880,2026-07-03T17:28:00-07:00,5.819163633835383
1783124940,2026-07-03T17:29:00-07:00,5.819163633835383
1783125000,2026-07-03T17:30:00-07:00,5.819163633835383
1783125120,2026-07-03T17:32:00-07:00,133.53441150153054
1783125180,2026-07-03T17:33:00-07:00,133.53441150153054
1783125240,2026-07-03T17:34:00-07:00,133.53441150153054
1783125300,2026-07-03T17:35:00-07:00,133.53441150153054
1783125360,2026-07-03T17:36:00-07:00,133.53441150153054
1783125480,2026-07-03T17:38:00-07:00,164.4064657950915
1783125540,2026-07-03T17:39:00-07:00,164.4064657950915
1783125600,2026-07-03T17:40:00-07:00,164.4064657950915
1783125660,2026-07-03T17:41:00-07:00,164.4064657950915
1783125720,2026-07-03T17:42:00-07:00,164.4064657950915
1783126140,2026-07-03T17:49:00-07:00,107.11099690098787
1783126200,2026-07-03T17:50:00-07:00,107.11099690098787
1783126260,2026-07-03T17:51:00-07:00,107.11099690098787
1783126320,2026-07-03T17:52:00-07:00,107.11099690098787
1783126380,2026-07-03T17:53:00-07:00,107.11099690098787
1783126500,2026-07-03T17:55:00-07:00,162.69193965779976
1783126560,2026-07-03T17:56:00-07:00,162.69193965779976
1783126620,2026-07-03T17:57:00-07:00,162.69193965779976
1783126680,2026-07-03T17:58:00-07:00,162.69193965779976
1783126740,2026-07-03T17:59:00-07:00,162.69193965779976
1783126800,2026-07-03T18:00:00-07:00,363.9187431966596
1783126860,2026-07-03T18:01:00-07:00,363.9187431966596
1783126920,2026-07-03T18:02:00-07:00,363.9187431966596
1783126980,2026-07-03T18:03:00-07:00,363.9187431966596
1783127040,2026-07-03T18:04:00-07:00,363.9187431966596
1783127100,2026-07-03T18:05:00-07:00,181.26356020492537
1783127160,2026-07-03T18:06:00-07:00,181.26356020492537
1783127220,2026-07-03T18:07:00-07:00,181.26356020492537
1783127280,2026-07-03T18:08:00-07:00,181.26356020492537
1783127340,2026-07-03T18:09:00-07:00,181.26356020492537
1783127460,2026-07-03T18:11:00-07:00,157.81136723796928
1783127520,2026-07-03T18:12:00-07:00,157.81136723796928
1783127580,2026-07-03T18:13:00-07:00,157.81136723796928
1783127640,2026-07-03T18:14:00-07:00,157.81136723796928
1783127700,2026-07-03T18:15:00-07:00,157.81136723796928
1783127820,2026-07-03T18:17:00-07:00,73.71531238693554
1783127880,2026-07-03T18:18:00-07:00,73.71531238693554
1783127940,2026-07-03T18:19:00-07:00,73.71531238693554
1783128000,2026-07-03T18:20:00-07:00,73.71531238693554
1783128060,2026-07-03T18:21:00-07:00,73.71531238693554
1783128120,2026-07-03T18:22:00-07:00,473.0706071715812
1783128180,2026-07-03T18:23:00-07:00,473.0706071715812
1783128240,2026-07-03T18:24:00-07:00,473.0706071715812
1783128300,2026-07-03T18:25:00-07:00,473.0706071715812
1783128360,2026-07-03T18:26:00-07:00,473.0706071715812
1783128480,2026-07-03T18:28:00-07:00,468.4951433115971
1783128540,2026-07-03T18:29:00-07:00,468.4951433115971
1783128600,2026-07-03T18:30:00-07:00,468.4951433115971
1783128660,2026-07-03T18:31:00-07:00,468.4951433115971
1783128720,2026-07-03T18:32:00-07:00,468.4951433115971
1783128900,2026-07-03T18:35:00-07:00,206.25828016744876
1783128960,2026-07-03T18:36:00-07:00,206.25828016744876
1783129020,2026-07-03T18:37:00-07:00,206.25828016744876
1783129080,2026-07-03T18:38:00-07:00,206.25828016744876
1783129140,2026-07-03T18:39:00-07:00,206.25828016744876
1783129260,2026-07-03T18:41:00-07:00,365.6292124966816
1783129320,2026-07-03T18:42:00-07:00,365.6292124966816
1783129380,2026-07-03T18:43:00-07:00,365.6292124966816
1783129440,2026-07-03T18:44:00-07:00,365.6292124966816
1783129500,2026-07-03T18:45:00-07:00,365.6292124966816
1783129620,2026-07-03T18:47:00-07:00,27.186619573612575
1783129680,2026-07-03T18:48:00-07:00,27.186619573612575
1783129740,2026-07-03T18:49:00-07:00,27.186619573612575
1783129800,2026-07-03T18:50:00-07:00,27.186619573612575
1783129860,2026-07-03T18:51:00-07:00,27.186619573612575
1783129980,2026-07-03T18:53:00-07:00,155.07395798944447
1783130040,2026-07-03T18:54:00-07:00,155.07395798944447
1783130100,2026-07-03T18:55:00-07:00,155.07395798944447
1783130160,2026-07-03T18:56:00-07:00,155.07395798944447
1783130220,2026-07-03T18:57:00-07:00,155.07395798944447
1783130280,2026-07-03T18:58:00-07:00,69.25673644595855
1783130340,2026-07-03T18:59:00-07:00,69.25673644595855
1783130400,2026-07-03T19:00:00-07:00,69.25673644595855
1783130460,2026-07-03T19:01:00-07:00,69.25673644595855
1783130520,2026-07-03T19:02:00-07:00,69.25673644595855
1783130580,2026-07-03T19:03:00-07:00,432.8704063285775
1783130640,2026-07-03T19:04:00-07:00,432.8704063285775
1783130700,2026-07-03T19:05:00-07:00,432.8704063285775
1783130760,2026-07-03T19:06:00-07:00,432.8704063285775
1783130820,2026-07-03T19:07:00-07:00,432.8704063285775
1783130940,2026-07-03T19:09:00-07:00,499.084468326369
1783131000,2026-07-03T19:10:00-07:00,499.084468326369
1783131060,2026-07-03T19:11:00-07:00,499.084468326369
1783131120,2026-07-03T19:12:00-07:00,499.084468326369
1783131180,2026-07-03T19:13:00-07:00,499.084468326369
1783131240,2026-07-03T19:14:00-07:00,76.25503535950602
1783131300,2026-07-03T19:15:00-07:00,76.25503535950602
1783131360,2026-07-03T19:16:00-07:00,76.25503535950602
1783131420,2026-07-03T19:17:00-07:00,76.25503535950602
1783131480,2026-07-03T19:18:00-07:00,76.25503535950602
1783131600,2026-07-03T19:20:00-07:00,154.7881437573337
1783131660,2026-07-03T19:21:00-07:00,154.7881437573337
1783131720,2026-07-03T19:22:00-07:00,154.7881437573337
1783131780,2026-07-03T19:23:00-07:00,154.7881437573337
1783131840,2026-07-03T19:24:00-07:00,154.7881437573337
1783131900,2026-07-03T19:25:00-07:00,215.872452284536
1783131960,2026-07-03T19:26:00-07:00,215.872452284536
1783132020,2026-07-03T19:27:00-07:00,215.872452284536
1783132080,2026-07-03T19:28:00-07:00,215.872452284536
1783132140,2026-07-03T19:29:00-07:00,215.872452284536
1783132380,2026-07-03T19:33:00-07:00,388.08369446000694
1783132440,2026-07-03T19:34:00-07:00,388.08369446000694
1783132500,2026-07-03T19:35:00-07:00,388.08369446000694
1783132560,2026-07-03T19:36:00-07:00,388.08369446000694
1783132620,2026-07-03T19:37:00-07:00,388.08369446000694
1783133160,2026-07-03T19:46:00-07:00,66.10755860038174
1783133220,2026-07-03T19:47:00-07:00,66.10755860038174
1783133280,2026-07-03T19:48:00-07:00,66.10755860038174
1783133340,2026-07-03T19:49:00-07:00,66.10755860038174
1783133400,2026-07-03T19:50:00-07:00,66.10755860038174
1783133520,2026-07-03T19:52:00-07:00,351.9147160077191
1783133580,2026-07-03T19:53:00-07:00,351.9147160077191
1783133640,2026-07-03T19:54:00-07:00,351.9147160077191
1783133700,2026-07-03T19:55:00-07:00,351.9147160077191
1783133760,2026-07-03T19:56:00-07:00,351.9147160077191
1783133880,2026-07-03T19:58:00-07:00,128.21258567359473
1783133940,2026-07-03T19:59:00-07:00,128.21258567359473
1783134000,2026-07-03T20:00:00-07:00,128.21258567359473
1783134060,2026-07-03T20:01:00-07:00,128.21258567359473
1783134120,2026-07-03T20:02:00-07:00,128.21258567359473
1783134660,2026-07-03T20:11:00-07:00,141.31118105646266
1783134720,2026-07-03T20:12:00-07:00,141.31118105646266
1783134780,2026-07-03T20:13:00-07:00,141.31118105646266
1783134840,2026-07-03T20:14:00-07:00,141.31118105646266
1783134900,2026-07-03T20:15:00-07:00,141.31118105646266
1783135020,2026-07-03T20:17:00-07:00,107.97622274878374
1783135080,2026-07-03T20:18:00-07:00,107.97622274878374
1783135140,2026-07-03T20:19:00-07:00,107.97622274878374
1783135200,2026-07-03T20:20:00-07:00,107.97622274878374
1783135260,2026-07-03T20:21:00-07:00,107.97622274878374
1783135320,2026-07-03T20:22:00-07:00,77.15687402810501
1783135380,2026-07-03T20:23:00-07:00,77.15687402810501
1783135440,2026-07-03T20:24:00-07:00,77.15687402810501
1783135500,2026-07-03T20:25:00-07:00,77.15687402810501
1783135560,2026-07-03T20:26:00-07:00,77.15687402810501
1783135620,2026-07-03T20:27:00-07:00,457.1546990188004
1783135680,2026-07-03T20:28:00-07:00,457.1546990188004
1783135740,2026-07-03T20:29:00-07:00,457.1546990188004
1783135800,2026-07-03T20:30:00-07:00,457.1546990188004
1783135860,2026-07-03T20:31:00-07:00,457.1546990188004
1783135920,2026-07-03T20:32:00-07:00,108.76795765133151
1783135980,2026-07-03T20:33:00-07:00,108.76795765133151
1783136040,2026-07-03T20:34:00-07:00,108.76795765133151
1783136100,2026-07-03T20:35:00-07:00,108.76795765133151
1783136160,2026-07-03T20:36:00-07:00,108.76795765133151
1783136580,2026-07-03T20:43:00-07:00,395.6928971562764
1783136640,2026-07-03T20:44:00-07:00,395.6928971562764
1783136700,2026-07-03T20:45:00-07:00,395.6928971562764
1783136760,2026-07-03T20:46:00-07:00,395.6928971562764
1783136820,2026-07-03T20:47:00-07:00,395.6928971562764
1783136880,2026-07-03T20:48:00-07:00,32.45774667918211
1783136940,2026-07-03T20:49:00-07:00,32.45774667918211
1783137000,2026-07-03T20:50:00-07:00,32.45774667918211
1783137060,2026-07-03T20:51:00-07:00,32.45774667918211
1783137120,2026-07-03T20:52:00-07:00,32.45774667918211
1783137480,2026-07-03T20:58:00-07:00,176.8771532755961
1783137540,2026-07-03T20:59:00-07:00,176.8771532755961
1783137600,2026-07-03T21:00:00-07:00,176.8771532755961
1783137660,2026-07-03T21:01:00-07:00,176.8771532755961
1783137720,2026-07-03T21:02:00-07:00,176.8771532755961
1783137780,2026-07-03T21:03:00-07:00,80.87439852868124
1783137840,2026-07-03T21:04:00-07:00,80.87439852868124
1783137900,2026-07-03T21:05:00-07:00,80.87439852868124
1783137960,2026-07-03T21:06:00-07:00,80.87439852868124
1783138020,2026-07-03T21:07:00-07:00,80.87439852868124
1783138080,2026-07-03T21:08:00-07:00,468.76826449506177
1783138140,2026-07-03T21:09:00-07:00,468.76826449506177
1783138200,2026-07-03T21:10:00-07:00,468.76826449506177
1783138260,2026-07-03T21:11:00-07:00,468.76826449506177
1783138320,2026-07-03T21:12:00-07:00,468.76826449506177
1783138380,2026-07-03T21:13:00-07:00,375.96033860737987
1783138440,2026-07-03T21:14:00-07:00,375.96033860737987
1783138500,2026-07-03T21:15:00-07:00,375.96033860737987
1783138560,2026-07-03T21:16:00-07:00,375.96033860737987
1783138620,2026-07-03T21:17:00-07:00,375.96033860737987
1783138680,2026-07-03T21:18:00-07:00,65.02183215246559
1783138740,2026-07-03T21:19:00-07:00,65.02183215246559
1783138800,2026-07-03T21:20:00-07:00,65.02183215246559
1783138860,2026-07-03T21:21:00-07:00,65.02183215246559
1783138920,2026-07-03T21:22:00-07:00,65.02183215246559
1783139040,2026-07-03T21:24:00-07:00,325.3350883214132
1783139100,2026-07-03T21:25:00-07:00,325.3350883214132
1783139160,2026-07-03T21:26:00-07:00,325.3350883214132
1783139220,2026-07-03T21:27:00-07:00,325.3350883214132
1783139280,2026-07-03T21:28:00-07:00,325.3350883214132
1783139340,2026-07-03T21:29:00-07:00,128.03894162932315
1783139400,2026-07-03T21:30:00-07:00,128.03894162932315
1783139460,2026-07-03T21:31:00-07:00,128.03894162932315
1783139520,2026-07-03T21:32:00-07:00,128.03894162932315
1783139580,2026-07-03T21:33:00-07:00,128.03894162932315
1783139640,2026-07-03T21:34:00-07:00,81.62577318987844
1783139700,2026-07-03T21:35:00-07:00,81.62577318987844
1783139760,2026-07-03T21:36:00-07:00,81.62577318987844
1783139820,2026-07-03T21:37:00-07:00,81.62577318987844
1783139880,2026-07-03T21:38:00-07:00,81.62577318987844
1783139940,2026-07-03T21:39:00-07:00,91.49388632190039
1783140000,2026-07-03T21:40:00-07:00,91.49388632190039
1783140060,2026-07-03T21:41:00-07:00,91.49388632190039
1783140120,2026-07-03T21:42:00-07:00,91.49388632190039
1783140180,2026-07-03T21:43:00-07:00,91.49388632190039
1783140240,2026-07-03T21:44:00-07:00,69.50963223165019
1783140300,2026-07-03T21:45:00-07:00,69.50963223165019
1783140360,2026-07-03T21:46:00-07:00,69.50963223165019
1783140420,2026-07-03T21:47:00-07:00,69.50963223165019
1783140480,2026-07-03T21:48:00-07:00,69.50963223165019
1783140540,2026-07-03T21:49:00-07:00,96.62137008594692
1783140600,2026-07-03T21:50:00-07:00,96.62137008594692
1783140660,2026-07-03T21:51:00-07:00,96.62137008594692
1783140720,2026-07-03T21:52:00-07:00,96.62137008594692
1783140780,2026-07-03T21:53:00-07:00,96.62137008594692
1783141200,2026-07-03T22:00:00-07:00,88.35611084616583
1783141260,2026-07-03T22:01:00-07:00,88.35611084616583
1783141320,2026-07-03T22:02:00-07:00,88.35611084616583
1783141380,2026-07-03T22:03:00-07:00,88.35611084616583
1783141440,2026-07-03T22:04:00-07:00,88.35611084616583
1783141500,2026-07-03T22:05:00-07:00,63.06164990099085
1783141560,2026-07-03T22:06:00-07:00,63.06164990099085
1783141620,2026-07-03T22:07:00-07:00,63.06164990099085
1783141680,2026-07-03T22:08:00-07:00,63.06164990099085
1783141740,2026-07-03T22:09:00-07:00,63.06164990099085
1783141800,2026-07-03T22:10:00-07:00,438.20654464986495
1783141860,2026-07-03T22:11:00-07:00,438.20654464986495
1783141920,2026-07-03T22:12:00-07:00,438.20654464986495
1783141980,2026-07-03T22:13:00-07:00,438.20654464986495
1783142040,2026-07-03T22:14:00-07:00,438.20654464986495
1783142100,2026-07-03T22:15:00-07:00,445.20934173050296
1783142160,2026-07-03T22:16:00-07:00,445.20934173050296
1783142220,2026-07-03T22:17:00-07:00,445.20934173050296
1783142280,2026-07-03T22:18:00-07:00,445.20934173050296
1783142340,2026-07-03T22:19:00-07:00,445.20934173050296
1783142400,2026-07-03T22:20:00-07:00,504.14614990677114
1783142460,2026-07-03T22:21:00-07:00,504.14614990677114
1783142520,2026-07-03T22:22:00-07:00,504.14614990677114
1783142580,2026-07-03T22:23:00-07:00,504.14614990677114
1783142640,2026-07-03T22:24:00-07:00,504.14614990677114
1783142700,2026-07-03T22:25:00-07:00,349.92833495603173
1783142760,2026-07-03T22:26:00-07:00,349.92833495603173
1783142820,2026-07-03T22:27:00-07:00,349.92833495603173
1783142880,2026-07-03T22:28:00-07:00,349.92833495603173
1783142940,2026-07-03T22:29:00-07:00,349.92833495603173
1783143000,2026-07-03T22:30:00-07:00,216.26917175679856
1783143060,2026-07-03T22:31:00-07:00,216.26917175679856
1783143120,2026-07-03T22:32:00-07:00,216.26917175679856
1783143180,2026-07-03T22:33:00-07:00,216.26917175679856
1783143240,2026-07-03T22:34:00-07:00,216.26917175679856
1783143300,2026-07-03T22:35:00-07:00,191.4259818714242
1783143360,2026-07-03T22:36:00-07:00,191.4259818714242
1783143420,2026-07-03T22:37:00-07:00,191.4259818714242
1783143480,2026-07-03T22:38:00-07:00,191.4259818714242
1783143540,2026-07-03T22:39:00-07:00,191.4259818714242
1783143600,2026-07-03T22:40:00-07:00,496.777446323105
1783143660,2026-07-03T22:41:00-07:00,496.777446323105
1783143720,2026-07-03T22:42:00-07:00,496.777446323105
1783143780,2026-07-03T22:43:00-07:00,496.777446323105
1783143840,2026-07-03T22:44:00-07:00,496.777446323105
1783143900,2026-07-03T22:45:00-07:00,339.63357449375115
1783143960,2026-07-03T22:46:00-07:00,339.63357449375115
1783144020,2026-07-03T22:47:00-07:00,339.63357449375115
1783144080,2026-07-03T22:48:00-07:00,339.63357449375115
1783144140,2026-07-03T22:49:00-07:00,339.63357449375115
1783144200,2026-07-03T22:50:00-07:00,369.15702131947523
1783144260,2026-07-03T22:51:00-07:00,369.15702131947523
1783144320,2026-07-03T22:52:00-07:00,369.15702131947523
1783144380,2026-07-03T22:53:00-07:00,369.15702131947523
1783144440,2026-07-03T22:54:00-07:00,369.15702131947523
1783144800,2026-07-03T23:00:00-07:00,74.06746554510694
1783144860,2026-07-03T23:01:00-07:00,74.06746554510694
1783144920,2026-07-03T23:02:00-07:00,74.06746554510694
1783144980,2026-07-03T23:03:00-07:00,74.06746554510694
1783145040,2026-07-03T23:04:00-07:00,74.06746554510694
1783145100,2026-07-03T23:05:00-07:00,307.0078001763375
1783145160,2026-07-03T23:06:00-07:00,307.0078001763375
1783145220,2026-07-03T23:07:00-07:00,307.0078001763375
1783145280,2026-07-03T23:08:00-07:00,307.0078001763375
1783145340,2026-07-03T23:09:00-07:00,307.0078001763375
1783145400,2026-07-03T23:10:00-07:00,159.835486581022
1783145460,2026-07-03T23:11:00-07:00,159.835486581022
1783145520,2026-07-03T23:12:00-07:00,159.835486581022
1783145580,2026-07-03T23:13:00-07:00,159.835486581022
1783145640,2026-07-03T23:14:00-07:00,159.835486581022
1783145700,2026-07-03T23:15:00-07:00,93.99689397276764
1783145760,2026-07-03T23:16:00-07:00,93.99689397276764
1783145820,2026-07-03T23:17:00-07:00,93.99689397276764
1783145880,2026-07-03T23:18:00-07:00,93.99689397276764
1783145940,2026-07-03T23:19:00-07:00,93.99689397276764
1783146060,2026-07-03T23:21:00-07:00,158.19091908566705
1783146120,2026-07-03T23:22:00-07:00,158.19091908566705
1783146180,2026-07-03T23:23:00-07:00,158.19091908566705
1783146240,2026-07-03T23:24:00-07:00,158.19091908566705
1783146300,2026-07-03T23:25:00-07:00,158.19091908566705
1783146360,2026-07-03T23:26:00-07:00,136.35736019004818
1783146420,2026-07-03T23:27:00-07:00,136.35736019004818
1783146480,2026-07-03T23:28:00-07:00,136.35736019004818
1783146540,2026-07-03T23:29:00-07:00,136.35736019004818
1783146600,2026-07-03T23:30:00-07:00,136.35736019004818
1783146660,2026-07-03T23:31:00-07:00,68.93522118213032
1783146720,2026-07-03T23:32:00-07:00,68.93522118213032
1783146780,2026-07-03T23:33:00-07:00,68.93522118213032
1783146840,2026-07-03T23:34:00-07:00,68.93522118213032
1783146900,2026-07-03T23:35:00-07:00,68.93522118213032
1783146960,2026-07-03T23:36:00-07:00,39.72757814577721
1783147020,2026-07-03T23:37:00-07:00,39.72757814577721
1783147080,2026-07-03T23:38:00-07:00,39.72757814577721
1783147140,2026-07-03T23:39:00-07:00,39.72757814577721
1783147200,2026-07-03T23:40:00-07:00,39.72757814577721
1783147560,2026-07-03T23:46:00-07:00,479.07889433639195
1783147620,2026-07-03T23:47:00-07:00,479.07889433639195
1783147680,2026-07-03T23:48:00-07:00,479.07889433639195
1783147740,2026-07-03T23:49:00-07:00,479.07889433639195
1783147800,2026-07-03T23:50:00-07:00,479.07889433639195
1783147980,2026-07-03T23:53:00-07:00,180.14704409138673
1783148040,2026-07-03T23:54:00-07:00,180.14704409138673
1783148100,2026-07-03T23:55:00-07:00,180.14704409138673
1783148160,2026-07-03T23:56:00-07:00,180.14704409138673
1783148220,2026-07-03T23:57:00-07:00,180.14704409138673
1783148280,2026-07-03T23:58:00-07:00,132.1431331924295
1783148340,2026-07-03T23:59:00-07:00,132.1431331924295
1783148400,2026-07-04T00:00:00-07:00,132.1431331924295
1783148460,2026-07-04T00:01:00-07:00,132.1431331924295
1783148520,2026-07-04T00:02:00-07:00,132.1431331924295
1783148700,2026-07-04T00:05:00-07:00,19.94376463768321
1783148760,2026-07-04T00:06:00-07:00,19.94376463768321
1783148820,2026-07-04T00:07:00-07:00,19.94376463768321
1783148880,2026-07-04T00:08:00-07:00,19.94376463768321
1783148940,2026-07-04T00:09:00-07:00,19.94376463768321
1783149000,2026-07-04T00:10:00-07:00,31.73616942995701
1783149060,2026-07-04T00:11:00-07:00,31.73616942995701
1783149120,2026-07-04T00:12:00-07:00,31.73616942995701
1783149180,2026-07-04T00:13:00-07:00,31.73616942995701
1783149240,2026-07-04T00:14:00-07:00,31.73616942995701
1783149360,2026-07-04T00:16:00-07:00,53.27769957593071
1783149420,2026-07-04T00:17:00-07:00,53.27769957593071
1783149480,2026-07-04T00:18:00-07:00,53.27769957593071
1783149540,2026-07-04T00:19:00-07:00,53.27769957593071
1783149600,2026-07-04T00:20:00-07:00,53.27769957593071
1783149660,2026-07-04T00:21:00-07:00,222.01393190254146
1783149720,2026-07-04T00:22:00-07:00,222.01393190254146
1783149780,2026-07-04T00:23:00-07:00,222.01393190254146
1783149840,2026-07-04T00:24:00-07:00,222.01393190254146
1783149900,2026-07-04T00:25:00-07:00,222.01393190254146
1783149960,2026-07-04T00:26:00-07:00,106.60008149329775
1783150020,2026-07-04T00:27:00-07:00,106.60008149329775
1783150080,2026-07-04T00:28:00-07:00,106.60008149329775
1783150140,2026-07-04T00:29:00-07:00,106.60008149329775
1783150200,2026-07-04T00:30:00-07:00,106.60008149329775
1783150320,2026-07-04T00:32:00-07:00,120.09048186704621
1783150380,2026-07-04T00:33:00-07:00,120.09048186704621
1783150440,2026-07-04T00:34:00-07:00,120.09048186704621
1783150500,2026-07-04T00:35:00-07:00,120.09048186704621
1783150560,2026-07-04T00:36:00-07:00,120.09048186704621
1783150680,2026-07-04T00:38:00-07:00,31.450463516055
1783150740,2026-07-04T00:39:00-07:00,31.450463516055
1783150800,2026-07-04T00:40:00-07:00,31.450463516055
1783150860,2026-07-04T00:41:00-07:00,31.450463516055
1783150920,2026-07-04T00:42:00-07:00,31.450463516055
1783150980,2026-07-04T00:43:00-07:00,40.50286955450127
1783151040,2026-07-04T00:44:00-07:00,40.50286955450127
1783151100,2026-07-04T00:45:00-07:00,40.50286955450127
1783151160,2026-07-04T00:46:00-07:00,40.50286955450127
1783151220,2026-07-04T00:47:00-07:00,40.50286955450127
1783151280,2026-07-04T00:48:00-07:00,11.537212241385173
1783151340,2026-07-04T00:49:00-07:00,11.537212241385173
1783151400,2026-07-04T00:50:00-07:00,11.537212241385173
1783151460,2026-07-04T00:51:00-07:00,11.537212241385173
1783151520,2026-07-04T00:52:00-07:00,11.537212241385173
1783151700,2026-07-04T00:55:00-07:00,34.40210825775251
1783151760,2026-07-04T00:56:00-07:00,34.40210825775251
1783151820,2026-07-04T00:57:00-07:00,34.40210825775251
1783151880,2026-07-04T00:58:00-07:00,34.40210825775251
1783151940,2026-07-04T00:59:00-07:00,34.40210825775251
1783152000,2026-07-04T01:00:00-07:00,103.95515750982992
1783152060,2026-07-04T01:01:00-07:00,103.95515750982992
1783152120,2026-07-04T01:02:00-07:00,103.95515750982992
1783152180,2026-07-04T01:03:00-07:00,103.95515750982992
1783152240,2026-07-04T01:04:00-07:00,103.95515750982992
1783152360,2026-07-04T01:06:00-07:00,37.157521271356025
1783152420,2026-07-04T01:07:00-07:00,37.157521271356025
1783152480,2026-07-04T01:08:00-07:00,37.157521271356025
1783152540,2026-07-04T01:09:00-07:00,37.157521271356025
1783152600,2026-07-04T01:10:00-07:00,37.157521271356025
1783152780,2026-07-04T01:13:00-07:00,18.561688871580408
1783152840,2026-07-04T01:14:00-07:00,18.561688871580408
1783152900,2026-07-04T01:15:00-07:00,18.561688871580408
1783152960,2026-07-04T01:16:00-07:00,18.561688871580408
1783153020,2026-07-04T01:17:00-07:00,18.561688871580408
1783153140,2026-07-04T01:19:00-07:00,144.06334843020682
1783153200,2026-07-04T01:20:00-07:00,144.06334843020682
1783153260,2026-07-04T01:21:00-07:00,144.06334843020682
1783153320,2026-07-04T01:22:00-07:00,144.06334843020682
1783153380,2026-07-04T01:23:00-07:00,144.06334843020682
1783153500,2026-07-04T01:25:00-07:00,6.994928307134937
1783153560,2026-07-04T01:26:00-07:00,6.994928307134937
1783153620,2026-07-04T01:27:00-07:00,6.994928307134937
1783153680,2026-07-04T01:28:00-07:00,6.994928307134937
1783153740,2026-07-04T01:29:00-07:00,6.994928307134937
1783153800,2026-07-04T01:30:00-07:00,7.704278007587193
1783153860,2026-07-04T01:31:00-07:00,7.704278007587193
1783153920,2026-07-04T01:32:00-07:00,7.704278007587193
1783153980,2026-07-04T01:33:00-07:00,7.704278007587193
1783154040,2026-07-04T01:34:00-07:00,7.704278007587193
1783154160,2026-07-04T01:36:00-07:00,5.887688569572229
1783154220,2026-07-04T01:37:00-07:00,5.887688569572229
1783154280,2026-07-04T01:38:00-07:00,5.887688569572229
1783154340,2026-07-04T01:39:00-07:00,5.887688569572229
1783154400,2026-07-04T01:40:00-07:00,5.887688569572229
1783154460,2026-07-04T01:41:00-07:00,4.317242353256663
1783154520,2026-07-04T01:42:00-07:00,4.317242353256663
1783154580,2026-07-04T01:43:00-07:00,4.317242353256663
1783154640,2026-07-04T01:44:00-07:00,4.317242353256663
1783154700,2026-07-04T01:45:00-07:00,4.317242353256663
1783154820,2026-07-04T01:47:00-07:00,14.096260792627854
1783154880,2026-07-04T01:48:00-07:00,14.096260792627854
1783154940,2026-07-04T01:49:00-07:00,14.096260792627854
1783155000,2026-07-04T01:50:00-07:00,14.096260792627854
1783155060,2026-07-04T01:51:00-07:00,14.096260792627854
1783155180,2026-07-04T01:53:00-07:00,15.055201712862981
1783155240,2026-07-04T01:54:00-07:00,15.055201712862981
1783155300,2026-07-04T01:55:00-07:00,15.055201712862981
1783155360,2026-07-04T01:56:00-07:00,15.055201712862981
1783155420,2026-07-04T01:57:00-07:00,15.055201712862981
1783155600,2026-07-04T02:00:00-07:00,1.5857573421453242
1783155660,2026-07-04T02:01:00-07:00,1.5857573421453242
1783155720,2026-07-04T02:02:00-07:00,1.5857573421453242
1783155780,2026-07-04T02:03:00-07:00,1.5857573421453242
1783155840,2026-07-04T02:04:00-07:00,1.5857573421453242
1783155960,2026-07-04T02:06:00-07:00,5.882641612417889
1783156020,2026-07-04T02:07:00-07:00,5.882641612417889
1783156080,2026-07-04T02:08:00-07:00,5.882641612417889
1783156140,2026-07-04T02:09:00-07:00,5.882641612417889
1783156200,2026-07-04T02:10:00-07:00,5.882641612417889
1783156260,2026-07-04T02:11:00-07:00,5.411063602855501
1783156320,2026-07-04T02:12:00-07:00,5.411063602855501
1783156380,2026-07-04T02:13:00-07:00,5.411063602855501
1783156440,2026-07-04T02:14:00-07:00,5.411063602855501
1783156500,2026-07-04T02:15:00-07:00,5.411063602855501
1783156560,2026-07-04T02:16:00-07:00,7.308398223798875
1783156620,2026-07-04T02:17:00-07:00,7.308398223798875
1783156680,2026-07-04T02:18:00-07:00,7.308398223798875
1783156740,2026-07-04T02:19:00-07:00,7.308398223798875
1783156800,2026-07-04T02:20:00-07:00,7.308398223798875
1783156980,2026-07-04T02:23:00-07:00,27.56249336551489
1783157040,2026-07-04T02:24:00-07:00,27.56249336551489
1783157100,2026-07-04T02:25:00-07:00,27.56249336551489
1783157160,2026-07-04T02:26:00-07:00,27.56249336551489
1783157220,2026-07-04T02:27:00-07:00,27.56249336551489
1783157340,2026-07-04T02:29:00-07:00,5.259421251807042
1783157400,2026-07-04T02:30:00-07:00,5.259421251807042
1783157460,2026-07-04T02:31:00-07:00,5.259421251807042
1783157520,2026-07-04T02:32:00-07:00,5.259421251807042
1783157580,2026-07-04T02:33:00-07:00,5.259421251807042
1783157760,2026-07-04T02:36:00-07:00,11.355429615369019
1783157820,2026-07-04T02:37:00-07:00,11.355429615369019
1783157880,2026-07-04T02:38:00-07:00,11.355429615369019
1783157940,2026-07-04T02:39:00-07:00,11.355429615369019
1783158000,2026-07-04T02:40:00-07:00,11.355429615369019
1783158060,2026-07-04T02:41:00-07:00,5.060193505323906
1783158120,2026-07-04T02:42:00-07:00,5.060193505323906
1783158180,2026-07-04T02:43:00-07:00,5.060193505323906
1783158240,2026-07-04T02:44:00-07:00,5.060193505323906
1783158300,2026-07-04T02:45:00-07:00,5.060193505323906
1783158420,2026-07-04T02:47:00-07:00,15.063002694360835
1783158480,2026-07-04T02:48:00-07:00,15.063002694360835
1783158540,2026-07-04T02:49:00-07:00,15.063002694360835
1783158600,2026-07-04T02:50:00-07:00,15.063002694360835
1783158660,2026-07-04T02:51:00-07:00,15.063002694360835
1783158720,2026-07-04T02:52:00-07:00,365.0299035272011
1783158780,2026-07-04T02:53:00-07:00,365.0299035272011
1783158840,2026-07-04T02:54:00-07:00,365.0299035272011
1783158900,2026-07-04T02:55:00-07:00,365.0299035272011
1783158960,2026-07-04T02:56:00-07:00,365.0299035272011
1783159140,2026-07-04T02:59:00-07:00,21.06278631252103
1783159200,2026-07-04T03:00:00-07:00,21.06278631252103
1783159260,2026-07-04T03:01:00-07:00,21.06278631252103
1783159320,2026-07-04T03:02:00-07:00,21.06278631252103
1783159380,2026-07-04T03:03:00-07:00,21.06278631252103
1783159440,2026-07-04T03:04:00-07:00,23.28878943576431
1783159500,2026-07-04T03:05:00-07:00,23.28878943576431
1783159560,2026-07-04T03:06:00-07:00,23.28878943576431
1783159620,2026-07-04T03:07:00-07:00,23.28878943576431
1783159680,2026-07-04T03:08:00-07:00,23.28878943576431
1783159980,2026-07-04T03:13:00-07:00,27.517469577250864
1783160040,2026-07-04T03:14:00-07:00,27.517469577250864
1783160100,2026-07-04T03:15:00-07:00,27.517469577250864
1783160160,2026-07-04T03:16:00-07:00,27.517469577250864
1783160220,2026-07-04T03:17:00-07:00,27.517469577250864
1783160340,2026-07-04T03:19:00-07:00,3.2167857972153238
1783160400,2026-07-04T03:20:00-07:00,3.2167857972153238
1783160460,2026-07-04T03:21:00-07:00,3.2167857972153238
1783160520,2026-07-04T03:22:00-07:00,3.2167857972153238
1783160580,2026-07-04T03:23:00-07:00,3.2167857972153238
1783160700,2026-07-04T03:25:00-07:00,5.83825804206071
1783160760,2026-07-04T03:26:00-07:00,5.83825804206071
1783160820,2026-07-04T03:27:00-07:00,5.83825804206071
1783160880,2026-07-04T03:28:00-07:00,5.83825804206071
1783160940,2026-07-04T03:29:00-07:00,5.83825804206071
1783161060,2026-07-04T03:31:00-07:00,6.485821729924626
1783161120,2026-07-04T03:32:00-07:00,6.485821729924626
1783161180,2026-07-04T03:33:00-07:00,6.485821729924626
1783161240,2026-07-04T03:34:00-07:00,6.485821729924626
1783161300,2026-07-04T03:35:00-07:00,6.485821729924626
1783161480,2026-07-04T03:38:00-07:00,6.414100875612487
1783161540,2026-07-04T03:39:00-07:00,6.414100875612487
1783161600,2026-07-04T03:40:00-07:00,6.414100875612487
1783161660,2026-07-04T03:41:00-07:00,6.414100875612487
1783161720,2026-07-04T03:42:00-07:00,6.414100875612487
1783161840,2026-07-04T03:44:00-07:00,3.2502576551024602
1783161900,2026-07-04T03:45:00-07:00,3.2502576551024602
1783161960,2026-07-04T03:46:00-07:00,3.2502576551024602
1783162020,2026-07-04T03:47:00-07:00,3.2502576551024602
1783162080,2026-07-04T03:48:00-07:00,3.2502576551024602
1783162140,2026-07-04T03:49:00-07:00,2.671370228573994
1783162200,2026-07-04T03:50:00-07:00,2.671370228573994
1783162260,2026-07-04T03:51:00-07:00,2.671370228573994
1783162320,2026-07-04T03:52:00-07:00,2.671370228573994
1783162380,2026-07-04T03:53:00-07:00,2.671370228573994
1783162500,2026-07-04T03:55:00-07:00,15.256298365165975
1783162560,2026-07-04T03:56:00-07:00,15.256298365165975
1783162620,2026-07-04T03:57:00-07:00,15.256298365165975
1783162680,2026-07-04T03:58:00-07:00,15.256298365165975
1783162740,2026-07-04T03:59:00-07:00,15.256298365165975
1783162800,2026-07-04T04:00:00-07:00,4.1889926119246805
1783162860,2026-07-04T04:01:00-07:00,4.1889926119246805
1783162920,2026-07-04T04:02:00-07:00,4.1889926119246805
1783162980,2026-07-04T04:03:00-07:00,4.1889926119246805
1783163040,2026-07-04T04:04:00-07:00,4.1889926119246805
1783163280,2026-07-04T04:08:00-07:00,5.979192492623278
1783163340,2026-07-04T04:09:00-07:00,5.979192492623278
1783163400,2026-07-04T04:10:00-07:00,5.979192492623278
1783163460,2026-07-04T04:11:00-07:00,5.979192492623278
1783163520,2026-07-04T04:12:00-07:00,5.979192492623278
1783163580,2026-07-04T04:13:00-07:00,3.770000245980613
1783163640,2026-07-04T04:14:00-07:00,3.770000245980613
1783163700,2026-07-04T04:15:00-07:00,3.770000245980613
1783163760,2026-07-04T04:16:00-07:00,3.770000245980613
1783163820,2026-07-04T04:17:00-07:00,3.770000245980613
1783163880,2026-07-04T04:18:00-07:00,2.3596973335683447
1783163940,2026-07-04T04:19:00-07:00,2.3596973335683447
1783164000,2026-07-04T04:20:00-07:00,2.3596973335683447
1783164060,2026-07-04T04:21:00-07:00,2.3596973335683447
1783164120,2026-07-04T04:22:00-07:00,2.3596973335683447
1783164240,2026-07-04T04:24:00-07:00,3.1485183659043368
1783164300,2026-07-04T04:25:00-07:00,3.1485183659043368
1783164360,2026-07-04T04:26:00-07:00,3.1485183659043368
1783164420,2026-07-04T04:27:00-07:00,3.1485183659043368
1783164480,2026-07-04T04:28:00-07:00,3.1485183659043368
1783164600,2026-07-04T04:30:00-07:00,5.405167312147844
1783164660,2026-07-04T04:31:00-07:00,5.405167312147844
1783164720,2026-07-04T04:32:00-07:00,5.405167312147844
1783164780,2026-07-04T04:33:00-07:00,5.405167312147844
1783164840,2026-07-04T04:34:00-07:00,5.405167312147844
1783164960,2026-07-04T04:36:00-07:00,4.045630141845002
1783165020,2026-07-04T04:37:00-07:00,4.045630141845002
1783165080,2026-07-04T04:38:00-07:00,4.045630141845002
1783165140,2026-07-04T04:39:00-07:00,4.045630141845002
1783165200,2026-07-04T04:40:00-07:00,4.045630141845002
1783165320,2026-07-04T04:42:00-07:00,3.5057669044870283
1783165380,2026-07-04T04:43:00-07:00,3.5057669044870283
1783165440,2026-07-04T04:44:00-07:00,3.5057669044870283
1783165500,2026-07-04T04:45:00-07:00,3.5057669044870283
1783165560,2026-07-04T04:46:00-07:00,3.5057669044870283
1783165740,2026-07-04T04:49:00-07:00,15.777199952747345
1783165800,2026-07-04T04:50:00-07:00,15.777199952747345
1783165860,2026-07-04T04:51:00-07:00,15.777199952747345
1783165920,2026-07-04T04:52:00-07:00,15.777199952747345
1783165980,2026-07-04T04:53:00-07:00,15.777199952747345
1783166040,2026-07-04T04:54:00-07:00,2.9911714111412246
1783166100,2026-07-04T04:55:00-07:00,2.9911714111412246
1783166160,2026-07-04T04:56:00-07:00,2.9911714111412246
1783166220,2026-07-04T04:57:00-07:00,2.9911714111412246
1783166280,2026-07-04T04:58:00-07:00,2.9911714111412246
1783166340,2026-07-04T04:59:00-07:00,39.691759891870774
1783166400,2026-07-04T05:00:00-07:00,39.691759891870774
1783166460,2026-07-04T05:01:00-07:00,39.691759891870774
1783166520,2026-07-04T05:02:00-07:00,39.691759891870774
1783166580,2026-07-04T05:03:00-07:00,39.691759891870774
1783166640,2026-07-04T05:04:00-07:00,4.890899535798012
1783166700,2026-07-04T05:05:00-07:00,4.890899535798012
1783166760,2026-07-04T05:06:00-07:00,4.890899535798012
1783166820,2026-07-04T05:07:00-07:00,4.890899535798012
1783166880,2026-07-04T05:08:00-07:00,4.890899535798012
1783167060,2026-07-04T05:11:00-07:00,3.6007698441822784
1783167120,2026-07-04T05:12:00-07:00,3.6007698441822784
1783167180,2026-07-04T05:13:00-07:00,3.6007698441822784
1783167240,2026-07-04T05:14:00-07:00,3.6007698441822784
1783167300,2026-07-04T05:15:00-07:00,3.6007698441822784
1783167480,2026-07-04T05:18:00-07:00,5.1187758687078695
1783167540,2026-07-04T05:19:00-07:00,5.1187758687078695
1783167600,2026-07-04T05:20:00-07:00,5.1187758687078695
1783167660,2026-07-04T05:21:00-07:00,5.1187758687078695
1783167720,2026-07-04T05:22:00-07:00,5.1187758687078695
1783167780,2026-07-04T05:23:00-07:00,4.180252352762109
1783167840,2026-07-04T05:24:00-07:00,4.180252352762109
1783167900,2026-07-04T05:25:00-07:00,4.180252352762109
1783167960,2026-07-04T05:26:00-07:00,4.180252352762109
1783168020,2026-07-04T05:27:00-07:00,4.180252352762109
1783168140,2026-07-04T05:29:00-07:00,9.269320400902533
1783168200,2026-07-04T05:30:00-07:00,9.269320400902533
1783168260,2026-07-04T05:31:00-07:00,9.269320400902533
1783168320,2026-07-04T05:32:00-07:00,9.269320400902533
1783168380,2026-07-04T05:33:00-07:00,9.269320400902533
1783168560,2026-07-04T05:36:00-07:00,14.566056837994472
1783168620,2026-07-04T05:37:00-07:00,14.566056837994472
1783168680,2026-07-04T05:38:00-07:00,14.566056837994472
1783168740,2026-07-04T05:39:00-07:00,14.566056837994472
1783168800,2026-07-04T05:40:00-07:00,14.566056837994472
1783168920,2026-07-04T05:42:00-07:00,1.71511030090756
1783168980,2026-07-04T05:43:00-07:00,1.71511030090756
1783169040,2026-07-04T05:44:00-07:00,1.71511030090756
1783169100,2026-07-04T05:45:00-07:00,1.71511030090756
1783169160,2026-07-04T05:46:00-07:00,1.71511030090756
1783169340,2026-07-04T05:49:00-07:00,3.4928477306737724
1783169400,2026-07-04T05:50:00-07:00,3.4928477306737724
1783169460,2026-07-04T05:51:00-07:00,3.4928477306737724
1783169520,2026-07-04T05:52:00-07:00,3.4928477306737724
1783169580,2026-07-04T05:53:00-07:00,3.4928477306737724
1783169640,2026-07-04T05:54:00-07:00,28.287571766903373
1783169700,2026-07-04T05:55:00-07:00,28.287571766903373
1783169760,2026-07-04T05:56:00-07:00,28.287571766903373
1783169820,2026-07-04T05:57:00-07:00,28.287571766903373
1783169880,2026-07-04T05:58:00-07:00,28.287571766903373
1783170000,2026-07-04T06:00:00-07:00,3.246392194330227
1783170060,2026-07-04T06:01:00-07:00,3.246392194330227
1783170120,2026-07-04T06:02:00-07:00,3.246392194330227
1783170180,2026-07-04T06:03:00-07:00,3.246392194330227
1783170240,2026-07-04T06:04:00-07:00,3.246392194330227
1783170300,2026-07-04T06:05:00-07:00,4.12836847170445
1783170360,2026-07-04T06:06:00-07:00,4.12836847170445
1783170420,2026-07-04T06:07:00-07:00,4.12836847170445
1783170480,2026-07-04T06:08:00-07:00,4.12836847170445
1783170540,2026-07-04T06:09:00-07:00,4.12836847170445
1783170660,2026-07-04T06:11:00-07:00,4.55700792156134
1783170720,2026-07-04T06:12:00-07:00,4.55700792156134
1783170780,2026-07-04T06:13:00-07:00,4.55700792156134
1783170840,2026-07-04T06:14:00-07:00,4.55700792156134
1783170900,2026-07-04T06:15:00-07:00,4.55700792156134
1783171020,2026-07-04T06:17:00-07:00,8.322808863181523
1783171080,2026-07-04T06:18:00-07:00,8.322808863181523
1783171140,2026-07-04T06:19:00-07:00,8.322808863181523
1783171200,2026-07-04T06:20:00-07:00,8.322808863181523
1783171260,2026-07-04T06:21:00-07:00,8.322808863181523
1783171320,2026-07-04T06:22:00-07:00,5.511703681532316
1783171380,2026-07-04T06:23:00-07:00,5.511703681532316
1783171440,2026-07-04T06:24:00-07:00,5.511703681532316
1783171500,2026-07-04T06:25:00-07:00,5.511703681532316
1783171560,2026-07-04T06:26:00-07:00,5.511703681532316
1783171680,2026-07-04T06:28:00-07:00,6.4385450766454335
1783171740,2026-07-04T06:29:00-07:00,6.4385450766454335
1783171800,2026-07-04T06:30:00-07:00,6.4385450766454335
1783171860,2026-07-04T06:31:00-07:00,6.4385450766454335
1783171920,2026-07-04T06:32:00-07:00,6.4385450766454335
1783171980,2026-07-04T06:33:00-07:00,5.086615757501641
1783172040,2026-07-04T06:34:00-07:00,5.086615757501641
1783172100,2026-07-04T06:35:00-07:00,5.086615757501641
1783172160,2026-07-04T06:36:00-07:00,5.086615757501641
1783172220,2026-07-04T06:37:00-07:00,5.086615757501641
1783172340,2026-07-04T06:39:00-07:00,10.334939809682437
1783172400,2026-07-04T06:40:00-07:00,10.334939809682437
1783172460,2026-07-04T06:41:00-07:00,10.334939809682437
1783172520,2026-07-04T06:42:00-07:00,10.334939809682437
1783172580,2026-07-04T06:43:00-07:00,10.334939809682437
1783172760,2026-07-04T06:46:00-07:00,31.601546373597547
1783172820,2026-07-04T06:47:00-07:00,31.601546373597547
1783172880,2026-07-04T06:48:00-07:00,31.601546373597547
1783172940,2026-07-04T06:49:00-07:00,31.601546373597547
1783173000,2026-07-04T06:50:00-07:00,31.601546373597547
1783173060,2026-07-04T06:51:00-07:00,8.75475399014691
1783173120,2026-07-04T06:52:00-07:00,8.75475399014691
1783173180,2026-07-04T06:53:00-07:00,8.75475399014691
1783173240,2026-07-04T06:54:00-07:00,8.75475399014691
1783173300,2026-07-04T06:55:00-07:00,8.75475399014691
1783173360,2026-07-04T06:56:00-07:00,46.17530135824251
1783173420,2026-07-04T06:57:00-07:00,46.17530135824251
1783173480,2026-07-04T06:58:00-07:00,46.17530135824251
1783173540,2026-07-04T06:59:00-07:00,46.17530135824251
1783173600,2026-07-04T07:00:00-07:00,46.17530135824251
1783173660,2026-07-04T07:01:00-07:00,64.37167626904437
1783173720,2026-07-04T07:02:00-07:00,64.37167626904437
1783173780,2026-07-04T07:03:00-07:00,64.37167626904437
1783173840,2026-07-04T07:04:00-07:00,64.37167626904437
1783173900,2026-07-04T07:05:00-07:00,64.37167626904437
1783174020,2026-07-04T07:07:00-07:00,11.728107384929684
1783174080,2026-07-04T07:08:00-07:00,11.728107384929684
1783174140,2026-07-04T07:09:00-07:00,11.728107384929684
1783174200,2026-07-04T07:10:00-07:00,11.728107384929684
1783174260,2026-07-04T07:11:00-07:00,11.728107384929684
1783174440,2026-07-04T07:14:00-07:00,91.50769223945545
1783174500,2026-07-04T07:15:00-07:00,91.50769223945545
1783174560,2026-07-04T07:16:00-07:00,91.50769223945545
1783174620,2026-07-04T07:17:00-07:00,91.50769223945545
1783174680,2026-07-04T07:18:00-07:00,91.50769223945545
1783174980,2026-07-04T07:23:00-07:00,9.52680756026721
1783175040,2026-07-04T07:24:00-07:00,9.52680756026721
1783175100,2026-07-04T07:25:00-07:00,9.52680756026721
1783175160,2026-07-04T07:26:00-07:00,9.52680756026721
1783175220,2026-07-04T07:27:00-07:00,9.52680756026721
1783175340,2026-07-04T07:29:00-07:00,262.49043857709586
1783175400,2026-07-04T07:30:00-07:00,262.49043857709586
1783175460,2026-07-04T07:31:00-07:00,262.49043857709586
1783175520,2026-07-04T07:32:00-07:00,262.49043857709586
1783175580,2026-07-04T07:33:00-07:00,262.49043857709586
1783175640,2026-07-04T07:34:00-07:00,7.163574554421478
1783175700,2026-07-04T07:35:00-07:00,7.163574554421478
1783175760,2026-07-04T07:36:00-07:00,7.163574554421478
1783175820,2026-07-04T07:37:00-07:00,7.163574554421478
1783175880,2026-07-04T07:38:00-07:00,7.163574554421478
1783176000,2026-07-04T07:40:00-07:00,64.07045821779283
1783176060,2026-07-04T07:41:00-07:00,64.07045821779283
1783176120,2026-07-04T07:42:00-07:00,64.07045821779283
1783176180,2026-07-04T07:43:00-07:00,64.07045821779283
1783176240,2026-07-04T07:44:00-07:00,64.07045821779283
1783176300,2026-07-04T07:45:00-07:00,115.71591400034214
1783176360,2026-07-04T07:46:00-07:00,115.71591400034214
1783176420,2026-07-04T07:47:00-07:00,115.71591400034214
1783176480,2026-07-04T07:48:00-07:00,115.71591400034214
1783176540,2026-07-04T07:49:00-07:00,115.71591400034214
1783176660,2026-07-04T07:51:00-07:00,102.16783229314844
1783176720,2026-07-04T07:52:00-07:00,102.16783229314844
1783176780,2026-07-04T07:53:00-07:00,102.16783229314844
1783176840,2026-07-04T07:54:00-07:00,102.16783229314844
1783176900,2026-07-04T07:55:00-07:00,102.16783229314844
1783177020,2026-07-04T07:57:00-07:00,246.6178805554316
1783177080,2026-07-04T07:58:00-07:00,246.6178805554316
1783177140,2026-07-04T07:59:00-07:00,246.6178805554316
1783177200,2026-07-04T08:00:00-07:00,246.6178805554316
1783177260,2026-07-04T08:01:00-07:00,246.6178805554316
1783177380,2026-07-04T08:03:00-07:00,401.81659740677884
1783177440,2026-07-04T08:04:00-07:00,401.81659740677884
1783177500,2026-07-04T08:05:00-07:00,401.81659740677884
1783177560,2026-07-04T08:06:00-07:00,401.81659740677884
1783177620,2026-07-04T08:07:00-07:00,401.81659740677884
1783177800,2026-07-04T08:10:00-07:00,61.95764063043635
1783177860,2026-07-04T08:11:00-07:00,61.95764063043635
1783177920,2026-07-04T08:12:00-07:00,61.95764063043635
1783177980,2026-07-04T08:13:00-07:00,61.95764063043635
1783178040,2026-07-04T08:14:00-07:00,61.95764063043635
1783178100,2026-07-04T08:15:00-07:00,32.17505397331809
1783178160,2026-07-04T08:16:00-07:00,32.17505397331809
1783178220,2026-07-04T08:17:00-07:00,32.17505397331809
1783178280,2026-07-04T08:18:00-07:00,32.17505397331809
1783178340,2026-07-04T08:19:00-07:00,32.17505397331809
1783178520,2026-07-04T08:22:00-07:00,501.2100599793417
1783178580,2026-07-04T08:23:00-07:00,501.2100599793417
1783178640,2026-07-04T08:24:00-07:00,501.2100599793417
1783178700,2026-07-04T08:25:00-07:00,501.2100599793417
1783178760,2026-07-04T08:26:00-07:00,501.2100599793417
1783178820,2026-07-04T08:27:00-07:00,71.3679654032264
1783178880,2026-07-04T08:28:00-07:00,71.3679654032264
1783178940,2026-07-04T08:29:00-07:00,71.3679654032264
1783179000,2026-07-04T08:30:00-07:00,71.3679654032264
1783179060,2026-07-04T08:31:00-07:00,71.3679654032264
1783179120,2026-07-04T08:32:00-07:00,147.98940488974043
1783179180,2026-07-04T08:33:00-07:00,147.98940488974043
1783179240,2026-07-04T08:34:00-07:00,147.98940488974043
1783179300,2026-07-04T08:35:00-07:00,147.98940488974043
1783179360,2026-07-04T08:36:00-07:00,147.98940488974043
1783179480,2026-07-04T08:38:00-07:00,197.25164604356408
1783179540,2026-07-04T08:39:00-07:00,197.25164604356408
1783179600,2026-07-04T08:40:00-07:00,197.25164604356408
1783179660,2026-07-04T08:41:00-07:00,197.25164604356408
1783179720,2026-07-04T08:42:00-07:00,197.25164604356408
1783179900,2026-07-04T08:45:00-07:00,269.7487195939091
1783179960,2026-07-04T08:46:00-07:00,269.7487195939091
1783180020,2026-07-04T08:47:00-07:00,269.7487195939091
1783180080,2026-07-04T08:48:00-07:00,269.7487195939091
1783180140,2026-07-04T08:49:00-07:00,269.7487195939091
1783180260,2026-07-04T08:51:00-07:00,128.79417524356214
1783180320,2026-07-04T08:52:00-07:00,128.79417524356214
1783180380,2026-07-04T08:53:00-07:00,128.79417524356214
1783180440,2026-07-04T08:54:00-07:00,128.79417524356214
1783180500,2026-07-04T08:55:00-07:00,128.79417524356214
1783180680,2026-07-04T08:58:00-07:00,89.28564141825412
1783180740,2026-07-04T08:59:00-07:00,89.28564141825412
1783180800,2026-07-04T09:00:00-07:00,89.28564141825412
1783180860,2026-07-04T09:01:00-07:00,89.28564141825412
1783180920,2026-07-04T09:02:00-07:00,89.28564141825412
1783180980,2026-07-04T09:03:00-07:00,42.819467841034175
1783181040,2026-07-04T09:04:00-07:00,42.819467841034175
1783181100,2026-07-04T09:05:00-07:00,42.819467841034175
1783181160,2026-07-04T09:06:00-07:00,42.819467841034175
1783181220,2026-07-04T09:07:00-07:00,42.819467841034175
1783181280,2026-07-04T09:08:00-07:00,109.65802001397239
1783181340,2026-07-04T09:09:00-07:00,109.65802001397239
1783181400,2026-07-04T09:10:00-07:00,109.65802001397239
1783181460,2026-07-04T09:11:00-07:00,109.65802001397239
1783181520,2026-07-04T09:12:00-07:00,109.65802001397239
1783181940,2026-07-04T09:19:00-07:00,476.21446709381814
1783182000,2026-07-04T09:20:00-07:00,476.21446709381814
1783182060,2026-07-04T09:21:00-07:00,476.21446709381814
1783182120,2026-07-04T09:22:00-07:00,476.21446709381814
1783182180,2026-07-04T09:23:00-07:00,476.21446709381814
1783182240,2026-07-04T09:24:00-07:00,91.92143284688153
1783182300,2026-07-04T09:25:00-07:00,91.92143284688153
1783182360,2026-07-04T09:26:00-07:00,91.92143284688153
1783182420,2026-07-04T09:27:00-07:00,91.92143284688153
1783182480,2026-07-04T09:28:00-07:00,91.92143284688153
1783182720,2026-07-04T09:32:00-07:00,375.69845780222346
1783182780,2026-07-04T09:33:00-07:00,375.69845780222346
1783182840,2026-07-04T09:34:00-07:00,375.69845780222346
1783182900,2026-07-04T09:35:00-07:00,375.69845780222346
1783182960,2026-07-04T09:36:00-07:00,375.69845780222346
1783183080,2026-07-04T09:38:00-07:00,394.20830298369157
1783183140,2026-07-04T09:39:00-07:00,394.20830298369157
1783183200,2026-07-04T09:40:00-07:00,394.20830298369157
1783183260,2026-07-04T09:41:00-07:00,394.20830298369157
1783183320,2026-07-04T09:42:00-07:00,394.20830298369157
1783184580,2026-07-04T10:03:00-07:00,203.72661573520665
1783184640,2026-07-04T10:04:00-07:00,203.72661573520665
1783184700,2026-07-04T10:05:00-07:00,203.72661573520665
1783184760,2026-07-04T10:06:00-07:00,203.72661573520665
1783184820,2026-07-04T10:07:00-07:00,203.72661573520665
1783185240,2026-07-04T10:14:00-07:00,142.34082456677123
1783185300,2026-07-04T10:15:00-07:00,142.34082456677123
1783185360,2026-07-04T10:16:00-07:00,142.34082456677123
1783185420,2026-07-04T10:17:00-07:00,142.34082456677123
1783185480,2026-07-04T10:18:00-07:00,142.34082456677123
1783185660,2026-07-04T10:21:00-07:00,457.1959702281298
1783185720,2026-07-04T10:22:00-07:00,457.1959702281298
1783185780,2026-07-04T10:23:00-07:00,457.1959702281298
1783185840,2026-07-04T10:24:00-07:00,457.1959702281298
1783185900,2026-07-04T10:25:00-07:00,457.1959702281298
1783186020,2026-07-04T10:27:00-07:00,189.8869287044269
1783186080,2026-07-04T10:28:00-07:00,189.8869287044269
1783186140,2026-07-04T10:29:00-07:00,189.8869287044269
1783186200,2026-07-04T10:30:00-07:00,189.8869287044269
1783186260,2026-07-04T10:31:00-07:00,189.8869287044269
1783186380,2026-07-04T10:33:00-07:00,369.5496292836633
1783186440,2026-07-04T10:34:00-07:00,369.5496292836633
1783186500,2026-07-04T10:35:00-07:00,369.5496292836633
1783186560,2026-07-04T10:36:00-07:00,369.5496292836633
1783186620,2026-07-04T10:37:00-07:00,369.5496292836633
1783186740,2026-07-04T10:39:00-07:00,52.79083551629875
1783186800,2026-07-04T10:40:00-07:00,52.79083551629875
1783186860,2026-07-04T10:41:00-07:00,52.79083551629875
1783186920,2026-07-04T10:42:00-07:00,52.79083551629875
1783186980,2026-07-04T10:43:00-07:00,52.79083551629875
1783188420,2026-07-04T11:07:00-07:00,64.80828977626825
1783188480,2026-07-04T11:08:00-07:00,64.80828977626825
1783188540,2026-07-04T11:09:00-07:00,64.80828977626825
1783188600,2026-07-04T11:10:00-07:00,64.80828977626825
1783188660,2026-07-04T11:11:00-07:00,64.80828977626825
1783188780,2026-07-04T11:13:00-07:00,181.5038095101388
1783188840,2026-07-04T11:14:00-07:00,181.5038095101388
1783188900,2026-07-04T11:15:00-07:00,181.5038095101388
1783188960,2026-07-04T11:16:00-07:00,181.5038095101388
1783189020,2026-07-04T11:17:00-07:00,181.5038095101388
1783189140,2026-07-04T11:19:00-07:00,42.118763790821426
1783189200,2026-07-04T11:20:00-07:00,42.118763790821426
1783189260,2026-07-04T11:21:00-07:00,42.118763790821426
1783189320,2026-07-04T11:22:00-07:00,42.118763790821426
1783189380,2026-07-04T11:23:00-07:00,42.118763790821426
1783189800,2026-07-04T11:30:00-07:00,367.84314934669413
1783189860,2026-07-04T11:31:00-07:00,367.84314934669413
1783189920,2026-07-04T11:32:00-07:00,367.84314934669413
1783189980,2026-07-04T11:33:00-07:00,367.84314934669413
1783190040,2026-07-04T11:34:00-07:00,367.84314934669413
1783190160,2026-07-04T11:36:00-07:00,53.68744685182089
1783190220,2026-07-04T11:37:00-07:00,53.68744685182089
1783190280,2026-07-04T11:38:00-07:00,53.68744685182089
1783190340,2026-07-04T11:39:00-07:00,53.68744685182089
1783190400,2026-07-04T11:40:00-07:00,53.68744685182089
1783190520,2026-07-04T11:42:00-07:00,382.5394897587181
1783190580,2026-07-04T11:43:00-07:00,382.5394897587181
1783190640,2026-07-04T11:44:00-07:00,382.5394897587181
1783190700,2026-07-04T11:45:00-07:00,382.5394897587181
1783190760,2026-07-04T11:46:00-07:00,382.5394897587181
1783190820,2026-07-04T11:47:00-07:00,172.3652308175381
1783190880,2026-07-04T11:48:00-07:00,172.3652308175381
1783190940,2026-07-04T11:49:00-07:00,172.3652308175381
1783191000,2026-07-04T11:50:00-07:00,172.3652308175381
1783191060,2026-07-04T11:51:00-07:00,172.3652308175381
1783191480,2026-07-04T11:58:00-07:00,135.7642427679806
1783191540,2026-07-04T11:59:00-07:00,135.7642427679806
1783191600,2026-07-04T12:00:00-07:00,135.7642427679806
1783191660,2026-07-04T12:01:00-07:00,135.7642427679806
1783191720,2026-07-04T12:02:00-07:00,135.7642427679806
1783191780,2026-07-04T12:03:00-07:00,475.67282352587216
1783191840,2026-07-04T12:04:00-07:00,475.67282352587216
1783191900,2026-07-04T12:05:00-07:00,475.67282352587216
1783191960,2026-07-04T12:06:00-07:00,475.67282352587216
1783192020,2026-07-04T12:07:00-07:00,475.67282352587216
1783192080,2026-07-04T12:08:00-07:00,99.3790231317071
1783192140,2026-07-04T12:09:00-07:00,99.3790231317071
1783192200,2026-07-04T12:10:00-07:00,99.3790231317071
1783192260,2026-07-04T12:11:00-07:00,99.3790231317071
1783192320,2026-07-04T12:12:00-07:00,99.3790231317071
1783192380,2026-07-04T12:13:00-07:00,207.06248270848454
1783192440,2026-07-04T12:14:00-07:00,207.06248270848454
1783192500,2026-07-04T12:15:00-07:00,207.06248270848454
1783192560,2026-07-04T12:16:00-07:00,207.06248270848454
1783192620,2026-07-04T12:17:00-07:00,207.06248270848454
1783192740,2026-07-04T12:19:00-07:00,72.26565957383578
1783192800,2026-07-04T12:20:00-07:00,72.26565957383578
1783192860,2026-07-04T12:21:00-07:00,72.26565957383578
1783192920,2026-07-04T12:22:00-07:00,72.26565957383578
1783192980,2026-07-04T12:23:00-07:00,72.26565957383578
1783193040,2026-07-04T12:24:00-07:00,466.8497191608188
1783193100,2026-07-04T12:25:00-07:00,466.8497191608188
1783193160,2026-07-04T12:26:00-07:00,466.8497191608188
1783193220,2026-07-04T12:27:00-07:00,466.8497191608188
1783193280,2026-07-04T12:28:00-07:00,466.8497191608188
1783193760,2026-07-04T12:36:00-07:00,254.68972398152354
1783193820,2026-07-04T12:37:00-07:00,254.68972398152354
1783193880,2026-07-04T12:38:00-07:00,254.68972398152354
1783193940,2026-07-04T12:39:00-07:00,254.68972398152354
1783194000,2026-07-04T12:40:00-07:00,254.68972398152354
1783194120,2026-07-04T12:42:00-07:00,111.28995656273183
1783194180,2026-07-04T12:43:00-07:00,111.28995656273183
1783194240,2026-07-04T12:44:00-07:00,111.28995656273183
1783194300,2026-07-04T12:45:00-07:00,111.28995656273183
1783194360,2026-07-04T12:46:00-07:00,111.28995656273183
1783194420,2026-07-04T12:47:00-07:00,400.65572065382133
1783194480,2026-07-04T12:48:00-07:00,400.65572065382133
1783194540,2026-07-04T12:49:00-07:00,400.65572065382133
1783194600,2026-07-04T12:50:00-07:00,400.65572065382133
1783194660,2026-07-04T12:51:00-07:00,400.65572065382133
1783195080,2026-07-04T12:58:00-07:00,159.03611190586835
1783195140,2026-07-04T12:59:00-07:00,159.03611190586835
1783195200,2026-07-04T13:00:00-07:00,159.03611190586835
1783195260,2026-07-04T13:01:00-07:00,159.03611190586835
1783195320,2026-07-04T13:02:00-07:00,159.03611190586835
1783195440,2026-07-04T13:04:00-07:00,150.6863486776043
1783195500,2026-07-04T13:05:00-07:00,150.6863486776043
1783195560,2026-07-04T13:06:00-07:00,150.6863486776043
1783195620,2026-07-04T13:07:00-07:00,150.6863486776043
1783195680,2026-07-04T13:08:00-07:00,150.6863486776043
1783195740,2026-07-04T13:09:00-07:00,167.52724688266497
1783195800,2026-07-04T13:10:00-07:00,167.52724688266497
1783195860,2026-07-04T13:11:00-07:00,167.52724688266497
1783195920,2026-07-04T13:12:00-07:00,167.52724688266497
1783195980,2026-07-04T13:13:00-07:00,167.52724688266497
1783196040,2026-07-04T13:14:00-07:00,82.911350109907
1783196100,2026-07-04T13:15:00-07:00,82.911350109907
1783196160,2026-07-04T13:16:00-07:00,82.911350109907
1783196220,2026-07-04T13:17:00-07:00,82.911350109907
1783196280,2026-07-04T13:18:00-07:00,82.911350109907
1783196400,2026-07-04T13:20:00-07:00,412.46683401886145
1783196460,2026-07-04T13:21:00-07:00,412.46683401886145
1783196520,2026-07-04T13:22:00-07:00,412.46683401886145
1783196580,2026-07-04T13:23:00-07:00,412.46683401886145
1783196640,2026-07-04T13:24:00-07:00,412.46683401886145
1783196700,2026-07-04T13:25:00-07:00,108.8189346393029
1783196760,2026-07-04T13:26:00-07:00,108.8189346393029
1783196820,2026-07-04T13:27:00-07:00,108.8189346393029
1783196880,2026-07-04T13:28:00-07:00,108.8189346393029
1783196940,2026-07-04T13:29:00-07:00,108.8189346393029
1783197060,2026-07-04T13:31:00-07:00,182.01942290090358
1783197120,2026-07-04T13:32:00-07:00,182.01942290090358
1783197180,2026-07-04T13:33:00-07:00,182.01942290090358
1783197240,2026-07-04T13:34:00-07:00,182.01942290090358
1783197300,2026-07-04T13:35:00-07:00,182.01942290090358
1783197360,2026-07-04T13:36:00-07:00,47.38515658930653
1783197420,2026-07-04T13:37:00-07:00,47.38515658930653
1783197480,2026-07-04T13:38:00-07:00,47.38515658930653
1783197540,2026-07-04T13:39:00-07:00,47.38515658930653
1783197600,2026-07-04T13:40:00-07:00,47.38515658930653
1783197720,2026-07-04T13:42:00-07:00,368.31450161037463
1783197780,2026-07-04T13:43:00-07:00,368.31450161037463
1783197840,2026-07-04T13:44:00-07:00,368.31450161037463
1783197900,2026-07-04T13:45:00-07:00,368.31450161037463
1783197960,2026-07-04T13:46:00-07:00,368.31450161037463
1783198680,2026-07-04T13:58:00-07:00,138.07842652528342
1783198740,2026-07-04T13:59:00-07:00,138.07842652528342
1783198800,2026-07-04T14:00:00-07:00,138.07842652528342
1783198860,2026-07-04T14:01:00-07:00,138.07842652528342
1783198920,2026-07-04T14:02:00-07:00,138.07842652528342
1783201800,2026-07-04T14:50:00-07:00,3.2178274143670507
1783201860,2026-07-04T14:51:00-07:00,3.2178274143670507
1783201920,2026-07-04T14:52:00-07:00,3.2178274143670507
1783201980,2026-07-04T14:53:00-07:00,3.2178274143670507
1783202040,2026-07-04T14:54:00-07:00,3.2178274143670507
1783207020,2026-07-04T16:17:00-07:00,138.58265698254215
1783207080,2026-07-04T16:18:00-07:00,138.58265698254215
1783207140,2026-07-04T16:19:00-07:00,138.58265698254215
1783207200,2026-07-04T16:20:00-07:00,138.58265698254215
1783207260,2026-07-04T16:21:00-07:00,138.58265698254215
1783207380,2026-07-04T16:23:00-07:00,20.43875547423133
1783207440,2026-07-04T16:24:00-07:00,20.43875547423133
1783207500,2026-07-04T16:25:00-07:00,20.43875547423133
1783207560,2026-07-04T16:26:00-07:00,20.43875547423133
1783207620,2026-07-04T16:27:00-07:00,20.43875547423133
1783207680,2026-07-04T16:28:00-07:00,346.47407675628915
1783207740,2026-07-04T16:29:00-07:00,346.47407675628915
1783207800,2026-07-04T16:30:00-07:00,346.47407675628915
1783207860,2026-07-04T16:31:00-07:00,346.47407675628915
1783207920,2026-07-04T16:32:00-07:00,346.47407675628915
1783208040,2026-07-04T16:34:00-07:00,350.9149993981949
1783208100,2026-07-04T16:35:00-07:00,350.9149993981949
1783208160,2026-07-04T16:36:00-07:00,350.9149993981949
1783208220,2026-07-04T16:37:00-07:00,350.9149993981949
1783208280,2026-07-04T16:38:00-07:00,350.9149993981949
1783208400,2026-07-04T16:40:00-07:00,195.7336230143965
1783208460,2026-07-04T16:41:00-07:00,195.7336230143965
1783208520,2026-07-04T16:42:00-07:00,195.7336230143965
1783208580,2026-07-04T16:43:00-07:00,195.7336230143965
1783208640,2026-07-04T16:44:00-07:00,195.7336230143965
1783208760,2026-07-04T16:46:00-07:00,127.18991991723567
1783208820,2026-07-04T16:47:00-07:00,127.18991991723567
1783208880,2026-07-04T16:48:00-07:00,127.18991991723567
1783208940,2026-07-04T16:49:00-07:00,127.18991991723567
1783209000,2026-07-04T16:50:00-07:00,127.18991991723567
1783209120,2026-07-04T16:52:00-07:00,37.02623423637585
1783209180,2026-07-04T16:53:00-07:00,37.02623423637585
1783209240,2026-07-04T16:54:00-07:00,37.02623423637585
1783209300,2026-07-04T16:55:00-07:00,37.02623423637585
1783209360,2026-07-04T16:56:00-07:00,37.02623423637585
1783209480,2026-07-04T16:58:00-07:00,185.2346746853226
1783209540,2026-07-04T16:59:00-07:00,185.2346746853226
1783209600,2026-07-04T17:00:00-07:00,185.2346746853226
1783209660,2026-07-04T17:01:00-07:00,185.2346746853226
1783209720,2026-07-04T17:02:00-07:00,185.2346746853226
1783209840,2026-07-04T17:04:00-07:00,202.0561216216605
1783209900,2026-07-04T17:05:00-07:00,202.0561216216605
1783209960,2026-07-04T17:06:00-07:00,202.0561216216605
1783210020,2026-07-04T17:07:00-07:00,202.0561216216605
1783210080,2026-07-04T17:08:00-07:00,202.0561216216605
1783210140,2026-07-04T17:09:00-07:00,278.00155074369485
1783210200,2026-07-04T17:10:00-07:00,278.00155074369485
1783210260,2026-07-04T17:11:00-07:00,278.00155074369485
1783210320,2026-07-04T17:12:00-07:00,278.00155074369485
1783210380,2026-07-04T17:13:00-07:00,278.00155074369485
1783210440,2026-07-04T17:14:00-07:00,155.33681509062376
1783210500,2026-07-04T17:15:00-07:00,155.33681509062376
1783210560,2026-07-04T17:16:00-07:00,155.33681509062376
1783210620,2026-07-04T17:17:00-07:00,155.33681509062376
1783210680,2026-07-04T17:18:00-07:00,155.33681509062376
1783210800,2026-07-04T17:20:00-07:00,133.47926722259155
1783210860,2026-07-04T17:21:00-07:00,133.47926722259155
1783210920,2026-07-04T17:22:00-07:00,133.47926722259155
1783210980,2026-07-04T17:23:00-07:00,133.47926722259155
1783211040,2026-07-04T17:24:00-07:00,133.47926722259155
1783211220,2026-07-04T17:27:00-07:00,415.6038616329275
1783211280,2026-07-04T17:28:00-07:00,415.6038616329275
1783211340,2026-07-04T17:29:00-07:00,415.6038616329275
1783211400,2026-07-04T17:30:00-07:00,415.6038616329275
1783211460,2026-07-04T17:31:00-07:00,415.6038616329275
1783211580,2026-07-04T17:33:00-07:00,137.36465144243965
1783211640,2026-07-04T17:34:00-07:00,137.36465144243965
1783211700,2026-07-04T17:35:00-07:00,137.36465144243965
1783211760,2026-07-04T17:36:00-07:00,137.36465144243965
1783211820,2026-07-04T17:37:00-07:00,137.36465144243965
1783211880,2026-07-04T17:38:00-07:00,161.04104338082647
1783211940,2026-07-04T17:39:00-07:00,161.04104338082647
1783212000,2026-07-04T17:40:00-07:00,161.04104338082647
1783212060,2026-07-04T17:41:00-07:00,161.04104338082647
1783212120,2026-07-04T17:42:00-07:00,161.04104338082647
1783212180,2026-07-04T17:43:00-07:00,366.71413328914457
1783212240,2026-07-04T17:44:00-07:00,366.71413328914457
1783212300,2026-07-04T17:45:00-07:00,366.71413328914457
1783212360,2026-07-04T17:46:00-07:00,366.71413328914457
1783212420,2026-07-04T17:47:00-07:00,366.71413328914457
1783212480,2026-07-04T17:48:00-07:00,380.3275849371827
1783212540,2026-07-04T17:49:00-07:00,380.3275849371827
1783212600,2026-07-04T17:50:00-07:00,380.3275849371827
1783212660,2026-07-04T17:51:00-07:00,380.3275849371827
1783212720,2026-07-04T17:52:00-07:00,380.3275849371827
1783213080,2026-07-04T17:58:00-07:00,460.02986615404035
1783213140,2026-07-04T17:59:00-07:00,460.02986615404035
1783213200,2026-07-04T18:00:00-07:00,460.02986615404035
1783213260,2026-07-04T18:01:00-07:00,460.02986615404035
1783213320,2026-07-04T18:02:00-07:00,460.02986615404035
1783213440,2026-07-04T18:04:00-07:00,341.6120611129263
1783213500,2026-07-04T18:05:00-07:00,341.6120611129263
1783213560,2026-07-04T18:06:00-07:00,341.6120611129263
1783213620,2026-07-04T18:07:00-07:00,341.6120611129263
1783213680,2026-07-04T18:08:00-07:00,341.6120611129263
1783213740,2026-07-04T18:09:00-07:00,401.2298029443177
1783213800,2026-07-04T18:10:00-07:00,401.2298029443177
1783213860,2026-07-04T18:11:00-07:00,401.2298029443177
1783213920,2026-07-04T18:12:00-07:00,401.2298029443177
1783213980,2026-07-04T18:13:00-07:00,401.2298029443177
1783214040,2026-07-04T18:14:00-07:00,77.30396286832548
1783214100,2026-07-04T18:15:00-07:00,77.30396286832548
1783214160,2026-07-04T18:16:00-07:00,77.30396286832548
1783214220,2026-07-04T18:17:00-07:00,77.30396286832548
1783214280,2026-07-04T18:18:00-07:00,77.30396286832548
1783214340,2026-07-04T18:19:00-07:00,397.2527447391913
1783214400,2026-07-04T18:20:00-07:00,397.2527447391913
1783214460,2026-07-04T18:21:00-07:00,397.2527447391913
1783214520,2026-07-04T18:22:00-07:00,397.2527447391913
1783214580,2026-07-04T18:23:00-07:00,397.2527447391913
1783214640,2026-07-04T18:24:00-07:00,177.68122062167436
1783214700,2026-07-04T18:25:00-07:00,177.68122062167436
1783214760,2026-07-04T18:26:00-07:00,177.68122062167436
1783214820,2026-07-04T18:27:00-07:00,177.68122062167436
1783214880,2026-07-04T18:28:00-07:00,177.68122062167436
1783214940,2026-07-04T18:29:00-07:00,114.03082052815039
1783215000,2026-07-04T18:30:00-07:00,114.03082052815039
1783215060,2026-07-04T18:31:00-07:00,114.03082052815039
1783215120,2026-07-04T18:32:00-07:00,114.03082052815039
1783215180,2026-07-04T18:33:00-07:00,114.03082052815039
1783215240,2026-07-04T18:34:00-07:00,49.44958664181064
1783215300,2026-07-04T18:35:00-07:00,49.44958664181064
1783215360,2026-07-04T18:36:00-07:00,49.44958664181064
1783215420,2026-07-04T18:37:00-07:00,49.44958664181064
1783215480,2026-07-04T18:38:00-07:00,49.44958664181064
1783215540,2026-07-04T18:39:00-07:00,64.04507995890114
1783215600,2026-07-04T18:40:00-07:00,64.04507995890114
1783215660,2026-07-04T18:41:00-07:00,64.04507995890114
1783215720,2026-07-04T18:42:00-07:00,64.04507995890114
1783215780,2026-07-04T18:43:00-07:00,64.04507995890114
1783215840,2026-07-04T18:44:00-07:00,166.25723727827878
1783215900,2026-07-04T18:45:00-07:00,166.25723727827878
1783215960,2026-07-04T18:46:00-07:00,166.25723727827878
1783216020,2026-07-04T18:47:00-07:00,166.25723727827878
1783216080,2026-07-04T18:48:00-07:00,166.25723727827878
1783216140,2026-07-04T18:49:00-07:00,74.72071278334195
1783216200,2026-07-04T18:50:00-07:00,74.72071278334195
1783216260,2026-07-04T18:51:00-07:00,74.72071278334195
1783216320,2026-07-04T18:52:00-07:00,74.72071278334195
1783216380,2026-07-04T18:53:00-07:00,74.72071278334195
1783216440,2026-07-04T18:54:00-07:00,115.17696973714405
1783216500,2026-07-04T18:55:00-07:00,115.17696973714405
1783216560,2026-07-04T18:56:00-07:00,115.17696973714405
1783216620,2026-07-04T18:57:00-07:00,115.17696973714405
1783216680,2026-07-04T18:58:00-07:00,115.17696973714405
1783216800,2026-07-04T19:00:00-07:00,370.9852785142769
1783216860,2026-07-04T19:01:00-07:00,370.9852785142769
1783216920,2026-07-04T19:02:00-07:00,370.9852785142769
1783216980,2026-07-04T19:03:00-07:00,370.9852785142769
1783217040,2026-07-04T19:04:00-07:00,370.9852785142769
1783217100,2026-07-04T19:05:00-07:00,330.71027915648244
1783217160,2026-07-04T19:06:00-07:00,330.71027915648244
1783217220,2026-07-04T19:07:00-07:00,330.71027915648244
1783217280,2026-07-04T19:08:00-07:00,330.71027915648244
1783217340,2026-07-04T19:09:00-07:00,330.71027915648244
1783217400,2026-07-04T19:10:00-07:00,68.0125466730695
1783217460,2026-07-04T19:11:00-07:00,68.0125466730695
1783217520,2026-07-04T19:12:00-07:00,68.0125466730695
1783217580,2026-07-04T19:13:00-07:00,68.0125466730695
1783217640,2026-07-04T19:14:00-07:00,68.0125466730695
1783217700,2026-07-04T19:15:00-07:00,44.88892756178342
1783217760,2026-07-04T19:16:00-07:00,44.88892756178342
1783217820,2026-07-04T19:17:00-07:00,44.88892756178342
1783217880,2026-07-04T19:18:00-07:00,44.88892756178342
1783217940,2026-07-04T19:19:00-07:00,44.88892756178342
1783218000,2026-07-04T19:20:00-07:00,357.9980812566375
1783218060,2026-07-04T19:21:00-07:00,357.9980812566375
1783218120,2026-07-04T19:22:00-07:00,357.9980812566375
1783218180,2026-07-04T19:23:00-07:00,357.9980812566375
1783218240,2026-07-04T19:24:00-07:00,357.9980812566375
1783218300,2026-07-04T19:25:00-07:00,75.27099281815363
1783218360,2026-07-04T19:26:00-07:00,75.27099281815363
1783218420,2026-07-04T19:27:00-07:00,75.27099281815363
1783218480,2026-07-04T19:28:00-07:00,75.27099281815363
1783218540,2026-07-04T19:29:00-07:00,75.27099281815363
1783218600,2026-07-04T19:30:00-07:00,30.44009016731058
1783218660,2026-07-04T19:31:00-07:00,30.44009016731058
1783218720,2026-07-04T19:32:00-07:00,30.44009016731058
1783218780,2026-07-04T19:33:00-07:00,30.44009016731058
1783218840,2026-07-04T19:34:00-07:00,30.44009016731058
1783218900,2026-07-04T19:35:00-07:00,78.78668145784829
1783218960,2026-07-04T19:36:00-07:00,78.78668145784829
1783219020,2026-07-04T19:37:00-07:00,78.78668145784829
1783219080,2026-07-04T19:38:00-07:00,78.78668145784829
1783219140,2026-07-04T19:39:00-07:00,78.78668145784829
1783219200,2026-07-04T19:40:00-07:00,364.84442731736397
1783219260,2026-07-04T19:41:00-07:00,364.84442731736397
1783219320,2026-07-04T19:42:00-07:00,364.84442731736397
1783219380,2026-07-04T19:43:00-07:00,364.84442731736397
1783219440,2026-07-04T19:44:00-07:00,364.84442731736397
1783219560,2026-07-04T19:46:00-07:00,342.32559080380105
1783219620,2026-07-04T19:47:00-07:00,342.32559080380105
1783219680,2026-07-04T19:48:00-07:00,342.32559080380105
1783219740,2026-07-04T19:49:00-07:00,342.32559080380105
1783219800,2026-07-04T19:50:00-07:00,342.32559080380105
1783219860,2026-07-04T19:51:00-07:00,472.6213661582988
1783219920,2026-07-04T19:52:00-07:00,472.6213661582988
1783219980,2026-07-04T19:53:00-07:00,472.6213661582988
1783220040,2026-07-04T19:54:00-07:00,472.6213661582988
1783220100,2026-07-04T19:55:00-07:00,472.6213661582988
1783220160,2026-07-04T19:56:00-07:00,407.0036407489658
1783220220,2026-07-04T19:57:00-07:00,407.0036407489658
1783220280,2026-07-04T19:58:00-07:00,407.0036407489658
1783220340,2026-07-04T19:59:00-07:00,407.0036407489658
1783220400,2026-07-04T20:00:00-07:00,407.0036407489658
1783220460,2026-07-04T20:01:00-07:00,196.6507722587942
1783220520,2026-07-04T20:02:00-07:00,196.6507722587942
1783220580,2026-07-04T20:03:00-07:00,196.6507722587942
1783220640,2026-07-04T20:04:00-07:00,196.6507722587942
1783220700,2026-07-04T20:05:00-07:00,196.6507722587942
1783220760,2026-07-04T20:06:00-07:00,215.4506775941593
1783220820,2026-07-04T20:07:00-07:00,215.4506775941593
1783220880,2026-07-04T20:08:00-07:00,215.4506775941593
1783220940,2026-07-04T20:09:00-07:00,215.4506775941593
1783221000,2026-07-04T20:10:00-07:00,215.4506775941593
1783221120,2026-07-04T20:12:00-07:00,406.22857668773526
1783221180,2026-07-04T20:13:00-07:00,406.22857668773526
1783221240,2026-07-04T20:14:00-07:00,406.22857668773526
1783221300,2026-07-04T20:15:00-07:00,406.22857668773526
1783221360,2026-07-04T20:16:00-07:00,406.22857668773526
1783221480,2026-07-04T20:18:00-07:00,490.4015161604556
1783221540,2026-07-04T20:19:00-07:00,490.4015161604556
1783221600,2026-07-04T20:20:00-07:00,490.4015161604556
1783221660,2026-07-04T20:21:00-07:00,490.4015161604556
1783221720,2026-07-04T20:22:00-07:00,490.4015161604556
1783221840,2026-07-04T20:24:00-07:00,490.1889314248875
1783221900,2026-07-04T20:25:00-07:00,490.1889314248875
1783221960,2026-07-04T20:26:00-07:00,490.1889314248875
1783222020,2026-07-04T20:27:00-07:00,490.1889314248875
1783222080,2026-07-04T20:28:00-07:00,490.1889314248875
1783222140,2026-07-04T20:29:00-07:00,193.1826716795825
1783222200,2026-07-04T20:30:00-07:00,193.1826716795825
1783222260,2026-07-04T20:31:00-07:00,193.1826716795825
1783222320,2026-07-04T20:32:00-07:00,193.1826716795825
1783222380,2026-07-04T20:33:00-07:00,193.1826716795825
1783222500,2026-07-04T20:35:00-07:00,137.77932974649877
1783222560,2026-07-04T20:36:00-07:00,137.77932974649877
1783222620,2026-07-04T20:37:00-07:00,137.77932974649877
1783222680,2026-07-04T20:38:00-07:00,137.77932974649877
1783222740,2026-07-04T20:39:00-07:00,137.77932974649877
1783222800,2026-07-04T20:40:00-07:00,94.82681794424948
1783222860,2026-07-04T20:41:00-07:00,94.82681794424948
1783222920,2026-07-04T20:42:00-07:00,94.82681794424948
1783222980,2026-07-04T20:43:00-07:00,94.82681794424948
1783223040,2026-07-04T20:44:00-07:00,94.82681794424948
1783223220,2026-07-04T20:47:00-07:00,577.9312266711671
1783223280,2026-07-04T20:48:00-07:00,577.9312266711671
1783223340,2026-07-04T20:49:00-07:00,577.9312266711671
1783223400,2026-07-04T20:50:00-07:00,577.9312266711671
1783223460,2026-07-04T20:51:00-07:00,577.9312266711671
1783223520,2026-07-04T20:52:00-07:00,373.166565443156
1783223580,2026-07-04T20:53:00-07:00,373.166565443156
1783223640,2026-07-04T20:54:00-07:00,373.166565443156
1783223700,2026-07-04T20:55:00-07:00,373.166565443156
1783223760,2026-07-04T20:56:00-07:00,373.166565443156
1783223820,2026-07-04T20:57:00-07:00,79.12950261069987
1783223880,2026-07-04T20:58:00-07:00,79.12950261069987
1783223940,2026-07-04T20:59:00-07:00,79.12950261069987
1783224000,2026-07-04T21:00:00-07:00,79.12950261069987
1783224060,2026-07-04T21:01:00-07:00,79.12950261069987
1783224240,2026-07-04T21:04:00-07:00,106.2812677472108
1783224300,2026-07-04T21:05:00-07:00,106.2812677472108
1783224360,2026-07-04T21:06:00-07:00,106.2812677472108
1783224420,2026-07-04T21:07:00-07:00,106.2812677472108
1783224480,2026-07-04T21:08:00-07:00,106.2812677472108
1783224660,2026-07-04T21:11:00-07:00,361.1833883999786
1783224720,2026-07-04T21:12:00-07:00,361.1833883999786
1783224780,2026-07-04T21:13:00-07:00,361.1833883999786
1783224840,2026-07-04T21:14:00-07:00,361.1833883999786
1783224900,2026-07-04T21:15:00-07:00,361.1833883999786
1783224960,2026-07-04T21:16:00-07:00,205.83218137299136
1783225020,2026-07-04T21:17:00-07:00,205.83218137299136
1783225080,2026-07-04T21:18:00-07:00,205.83218137299136
1783225140,2026-07-04T21:19:00-07:00,205.83218137299136
1783225200,2026-07-04T21:20:00-07:00,205.83218137299136
1783225260,2026-07-04T21:21:00-07:00,84.15061110737588
1783225320,2026-07-04T21:22:00-07:00,84.15061110737588
1783225380,2026-07-04T21:23:00-07:00,84.15061110737588
1783225440,2026-07-04T21:24:00-07:00,84.15061110737588
1783225500,2026-07-04T21:25:00-07:00,84.15061110737588
1783225560,2026-07-04T21:26:00-07:00,36.00008100901319
1783225620,2026-07-04T21:27:00-07:00,36.00008100901319
1783225680,2026-07-04T21:28:00-07:00,36.00008100901319
1783225740,2026-07-04T21:29:00-07:00,36.00008100901319
1783225800,2026-07-04T21:30:00-07:00,36.00008100901319
1783225860,2026-07-04T21:31:00-07:00,164.05417702477735
1783225920,2026-07-04T21:32:00-07:00,164.05417702477735
1783225980,2026-07-04T21:33:00-07:00,164.05417702477735
1783226040,2026-07-04T21:34:00-07:00,164.05417702477735
1783226100,2026-07-04T21:35:00-07:00,164.05417702477735
1783226160,2026-07-04T21:36:00-07:00,80.79131556634849
1783226220,2026-07-04T21:37:00-07:00,80.79131556634849
1783226280,2026-07-04T21:38:00-07:00,80.79131556634849
1783226340,2026-07-04T21:39:00-07:00,80.79131556634849
1783226400,2026-07-04T21:40:00-07:00,80.79131556634849
1783226460,2026-07-04T21:41:00-07:00,56.278021183031
1783226520,2026-07-04T21:42:00-07:00,56.278021183031
1783226580,2026-07-04T21:43:00-07:00,56.278021183031
1783226640,2026-07-04T21:44:00-07:00,56.278021183031
1783226700,2026-07-04T21:45:00-07:00,56.278021183031
1783226760,2026-07-04T21:46:00-07:00,373.075131804675
1783226820,2026-07-04T21:47:00-07:00,373.075131804675
1783226880,2026-07-04T21:48:00-07:00,373.075131804675
1783226940,2026-07-04T21:49:00-07:00,373.075131804675
1783227000,2026-07-04T21:50:00-07:00,373.075131804675
1783227120,2026-07-04T21:52:00-07:00,353.55426383900965
1783227180,2026-07-04T21:53:00-07:00,353.55426383900965
1783227240,2026-07-04T21:54:00-07:00,353.55426383900965
1783227300,2026-07-04T21:55:00-07:00,353.55426383900965
1783227360,2026-07-04T21:56:00-07:00,353.55426383900965
1783227420,2026-07-04T21:57:00-07:00,177.9715158602845
1783227480,2026-07-04T21:58:00-07:00,177.9715158602845
1783227540,2026-07-04T21:59:00-07:00,177.9715158602845
1783227600,2026-07-04T22:00:00-07:00,177.9715158602845
1783227660,2026-07-04T22:01:00-07:00,177.9715158602845
1783227720,2026-07-04T22:02:00-07:00,166.81336377253496
1783227780,2026-07-04T22:03:00-07:00,166.81336377253496
1783227840,2026-07-04T22:04:00-07:00,166.81336377253496
1783227900,2026-07-04T22:05:00-07:00,166.81336377253496
1783227960,2026-07-04T22:06:00-07:00,166.81336377253496
1783228320,2026-07-04T22:12:00-07:00,390.8010048443004
1783228380,2026-07-04T22:13:00-07:00,390.8010048443004
1783228440,2026-07-04T22:14:00-07:00,390.8010048443004
1783228500,2026-07-04T22:15:00-07:00,390.8010048443004
1783228560,2026-07-04T22:16:00-07:00,390.8010048443004
1783228620,2026-07-04T22:17:00-07:00,134.4694137050726
1783228680,2026-07-04T22:18:00-07:00,134.4694137050726
1783228740,2026-07-04T22:19:00-07:00,134.4694137050726
1783228800,2026-07-04T22:20:00-07:00,134.4694137050726
1783228860,2026-07-04T22:21:00-07:00,134.4694137050726
1783228920,2026-07-04T22:22:00-07:00,81.82257820380198
1783228980,2026-07-04T22:23:00-07:00,81.82257820380198
1783229040,2026-07-04T22:24:00-07:00,81.82257820380198
1783229100,2026-07-04T22:25:00-07:00,81.82257820380198
1783229160,2026-07-04T22:26:00-07:00,81.82257820380198
1783229220,2026-07-04T22:27:00-07:00,369.74119471686305
1783229280,2026-07-04T22:28:00-07:00,369.74119471686305
1783229340,2026-07-04T22:29:00-07:00,369.74119471686305
1783229400,2026-07-04T22:30:00-07:00,369.74119471686305
1783229460,2026-07-04T22:31:00-07:00,369.74119471686305
1783229520,2026-07-04T22:32:00-07:00,76.92694357457665
1783229580,2026-07-04T22:33:00-07:00,76.92694357457665
1783229640,2026-07-04T22:34:00-07:00,76.92694357457665
1783229700,2026-07-04T22:35:00-07:00,76.92694357457665
1783229760,2026-07-04T22:36:00-07:00,76.92694357457665
1783229880,2026-07-04T22:38:00-07:00,62.07957648809005
1783229940,2026-07-04T22:39:00-07:00,62.07957648809005
1783230000,2026-07-04T22:40:00-07:00,62.07957648809005
1783230060,2026-07-04T22:41:00-07:00,62.07957648809005
1783230120,2026-07-04T22:42:00-07:00,62.07957648809005
1783230180,2026-07-04T22:43:00-07:00,141.51790086602398
1783230240,2026-07-04T22:44:00-07:00,141.51790086602398
1783230300,2026-07-04T22:45:00-07:00,141.51790086602398
1783230360,2026-07-04T22:46:00-07:00,141.51790086602398
1783230420,2026-07-04T22:47:00-07:00,141.51790086602398
1783230480,2026-07-04T22:48:00-07:00,302.4621381401649
1783230540,2026-07-04T22:49:00-07:00,302.4621381401649
1783230600,2026-07-04T22:50:00-07:00,302.4621381401649
1783230660,2026-07-04T22:51:00-07:00,302.4621381401649
1783230720,2026-07-04T22:52:00-07:00,302.4621381401649
1783230840,2026-07-04T22:54:00-07:00,259.752445477984
1783230900,2026-07-04T22:55:00-07:00,259.752445477984
1783230960,2026-07-04T22:56:00-07:00,259.752445477984
1783231020,2026-07-04T22:57:00-07:00,259.752445477984
1783231080,2026-07-04T22:58:00-07:00,259.752445477984
1783231140,2026-07-04T22:59:00-07:00,310.7545810752993
1783231200,2026-07-04T23:00:00-07:00,310.7545810752993
1783231260,2026-07-04T23:01:00-07:00,310.7545810752993
1783231320,2026-07-04T23:02:00-07:00,310.7545810752993
1783231380,2026-07-04T23:03:00-07:00,310.7545810752993
1783231440,2026-07-04T23:04:00-07:00,446.091909339378
1783231500,2026-07-04T23:05:00-07:00,446.091909339378
1783231560,2026-07-04T23:06:00-07:00,446.091909339378
1783231620,2026-07-04T23:07:00-07:00,446.091909339378
1783231680,2026-07-04T23:08:00-07:00,446.091909339378
1783231740,2026-07-04T23:09:00-07:00,170.8017725876997
1783231800,2026-07-04T23:10:00-07:00,170.8017725876997
1783231860,2026-07-04T23:11:00-07:00,170.8017725876997
1783231920,2026-07-04T23:12:00-07:00,170.8017725876997
1783231980,2026-07-04T23:13:00-07:00,170.8017725876997
1783232100,2026-07-04T23:15:00-07:00,138.3303429042837
1783232160,2026-07-04T23:16:00-07:00,138.3303429042837
1783232220,2026-07-04T23:17:00-07:00,138.3303429042837
1783232280,2026-07-04T23:18:00-07:00,138.3303429042837
1783232340,2026-07-04T23:19:00-07:00,138.3303429042837
1783232400,2026-07-04T23:20:00-07:00,8.771617466443312
1783232460,2026-07-04T23:21:00-07:00,8.771617466443312
1783232520,2026-07-04T23:22:00-07:00,8.771617466443312
1783232580,2026-07-04T23:23:00-07:00,8.771617466443312
1783232640,2026-07-04T23:24:00-07:00,8.771617466443312
1783232700,2026-07-04T23:25:00-07:00,165.81956995970452
1783232760,2026-07-04T23:26:00-07:00,165.81956995970452
1783232820,2026-07-04T23:27:00-07:00,165.81956995970452
1783232880,2026-07-04T23:28:00-07:00,165.81956995970452
1783232940,2026-07-04T23:29:00-07:00,165.81956995970452
1783233000,2026-07-04T23:30:00-07:00,61.844401494944556
1783233060,2026-07-04T23:31:00-07:00,61.844401494944556
1783233120,2026-07-04T23:32:00-07:00,61.844401494944556
1783233180,2026-07-04T23:33:00-07:00,61.844401494944556
1783233240,2026-07-04T23:34:00-07:00,61.844401494944556
1783233300,2026-07-04T23:35:00-07:00,107.4992370790589
1783233360,2026-07-04T23:36:00-07:00,107.4992370790589
1783233420,2026-07-04T23:37:00-07:00,107.4992370790589
1783233480,2026-07-04T23:38:00-07:00,107.4992370790589
1783233540,2026-07-04T23:39:00-07:00,107.4992370790589
1783233660,2026-07-04T23:41:00-07:00,21.059867876924944
1783233720,2026-07-04T23:42:00-07:00,21.059867876924944
1783233780,2026-07-04T23:43:00-07:00,21.059867876924944
1783233840,2026-07-04T23:44:00-07:00,21.059867876924944
1783233900,2026-07-04T23:45:00-07:00,21.059867876924944
1783233960,2026-07-04T23:46:00-07:00,112.64046070221099
1783234020,2026-07-04T23:47:00-07:00,112.64046070221099
1783234080,2026-07-04T23:48:00-07:00,112.64046070221099
1783234140,2026-07-04T23:49:00-07:00,112.64046070221099
1783234200,2026-07-04T23:50:00-07:00,112.64046070221099
1783234260,2026-07-04T23:51:00-07:00,430.2225799249814
1783234320,2026-07-04T23:52:00-07:00,430.2225799249814
1783234380,2026-07-04T23:53:00-07:00,430.2225799249814
1783234440,2026-07-04T23:54:00-07:00,430.2225799249814
1783234500,2026-07-04T23:55:00-07:00,430.2225799249814
1783234560,2026-07-04T23:56:00-07:00,120.33071178582053
1783234620,2026-07-04T23:57:00-07:00,120.33071178582053
1783234680,2026-07-04T23:58:00-07:00,120.33071178582053
1783234740,2026-07-04T23:59:00-07:00,120.33071178582053
1783234800,2026-07-05T00:00:00-07:00,120.33071178582053
1783234920,2026-07-05T00:02:00-07:00,100.57484952288533
1783234980,2026-07-05T00:03:00-07:00,100.57484952288533
1783235040,2026-07-05T00:04:00-07:00,100.57484952288533
1783235100,2026-07-05T00:05:00-07:00,100.57484952288533
1783235160,2026-07-05T00:06:00-07:00,100.57484952288533
1783235220,2026-07-05T00:07:00-07:00,94.39483096237493
1783235280,2026-07-05T00:08:00-07:00,94.39483096237493
1783235340,2026-07-05T00:09:00-07:00,94.39483096237493
1783235400,2026-07-05T00:10:00-07:00,94.39483096237493
1783235460,2026-07-05T00:11:00-07:00,94.39483096237493
1783235520,2026-07-05T00:12:00-07:00,189.41588261488496
1783235580,2026-07-05T00:13:00-07:00,189.41588261488496
1783235640,2026-07-05T00:14:00-07:00,189.41588261488496
1783235700,2026-07-05T00:15:00-07:00,189.41588261488496
1783235760,2026-07-05T00:16:00-07:00,189.41588261488496
1783235820,2026-07-05T00:17:00-07:00,79.99069378470749
1783235880,2026-07-05T00:18:00-07:00,79.99069378470749
1783235940,2026-07-05T00:19:00-07:00,79.99069378470749
1783236000,2026-07-05T00:20:00-07:00,79.99069378470749
1783236060,2026-07-05T00:21:00-07:00,79.99069378470749
1783236120,2026-07-05T00:22:00-07:00,386.14116665555724
1783236180,2026-07-05T00:23:00-07:00,386.14116665555724
1783236240,2026-07-05T00:24:00-07:00,386.14116665555724
1783236300,2026-07-05T00:25:00-07:00,386.14116665555724
1783236360,2026-07-05T00:26:00-07:00,386.14116665555724
1783236420,2026-07-05T00:27:00-07:00,425.4083209743363
1783236480,2026-07-05T00:28:00-07:00,425.4083209743363
1783236540,2026-07-05T00:29:00-07:00,425.4083209743363
1783236600,2026-07-05T00:30:00-07:00,425.4083209743363
1783236660,2026-07-05T00:31:00-07:00,425.4083209743363
1783236720,2026-07-05T00:32:00-07:00,142.5937135776361
1783236780,2026-07-05T00:33:00-07:00,142.5937135776361
1783236840,2026-07-05T00:34:00-07:00,142.5937135776361
1783236900,2026-07-05T00:35:00-07:00,142.5937135776361
1783236960,2026-07-05T00:36:00-07:00,142.5937135776361
1783237080,2026-07-05T00:38:00-07:00,174.25998684647556
1783237140,2026-07-05T00:39:00-07:00,174.25998684647556
1783237200,2026-07-05T00:40:00-07:00,174.25998684647556
1783237260,2026-07-05T00:41:00-07:00,174.25998684647556
1783237320,2026-07-05T00:42:00-07:00,174.25998684647556
1783237380,2026-07-05T00:43:00-07:00,275.3455696947549
1783237440,2026-07-05T00:44:00-07:00,275.3455696947549
1783237500,2026-07-05T00:45:00-07:00,275.3455696947549
1783237560,2026-07-05T00:46:00-07:00,275.3455696947549
1783237620,2026-07-05T00:47:00-07:00,275.3455696947549
1783237680,2026-07-05T00:48:00-07:00,81.70753205624617
1783237740,2026-07-05T00:49:00-07:00,81.70753205624617
1783237800,2026-07-05T00:50:00-07:00,81.70753205624617
1783237860,2026-07-05T00:51:00-07:00,81.70753205624617
1783237920,2026-07-05T00:52:00-07:00,81.70753205624617
1783237980,2026-07-05T00:53:00-07:00,88.56754307920795
1783238040,2026-07-05T00:54:00-07:00,88.56754307920795
1783238100,2026-07-05T00:55:00-07:00,88.56754307920795
1783238160,2026-07-05T00:56:00-07:00,88.56754307920795
1783238220,2026-07-05T00:57:00-07:00,88.56754307920795
1783238280,2026-07-05T00:58:00-07:00,113.19790070536922
1783238340,2026-07-05T00:59:00-07:00,113.19790070536922
1783238400,2026-07-05T01:00:00-07:00,113.19790070536922
1783238460,2026-07-05T01:01:00-07:00,113.19790070536922
1783238520,2026-07-05T01:02:00-07:00,113.19790070536922
1783238640,2026-07-05T01:04:00-07:00,77.00625047928862
1783238700,2026-07-05T01:05:00-07:00,77.00625047928862
1783238760,2026-07-05T01:06:00-07:00,77.00625047928862
1783238820,2026-07-05T01:07:00-07:00,77.00625047928862
1783238880,2026-07-05T01:08:00-07:00,77.00625047928862
1783238940,2026-07-05T01:09:00-07:00,429.16947239896444
1783239000,2026-07-05T01:10:00-07:00,429.16947239896444
1783239060,2026-07-05T01:11:00-07:00,429.16947239896444
1783239120,2026-07-05T01:12:00-07:00,429.16947239896444
1783239180,2026-07-05T01:13:00-07:00,429.16947239896444
1783239300,2026-07-05T01:15:00-07:00,11.812378149511787
1783239360,2026-07-05T01:16:00-07:00,11.812378149511787
1783239420,2026-07-05T01:17:00-07:00,11.812378149511787
1783239480,2026-07-05T01:18:00-07:00,11.812378149511787
1783239540,2026-07-05T01:19:00-07:00,11.812378149511787
1783239600,2026-07-05T01:20:00-07:00,163.7255697211795
1783239660,2026-07-05T01:21:00-07:00,163.7255697211795
1783239720,2026-07-05T01:22:00-07:00,163.7255697211795
1783239780,2026-07-05T01:23:00-07:00,163.7255697211795
1783239840,2026-07-05T01:24:00-07:00,163.7255697211795
1783239960,2026-07-05T01:26:00-07:00,77.1068646120157
1783240020,2026-07-05T01:27:00-07:00,77.1068646120157
1783240080,2026-07-05T01:28:00-07:00,77.1068646120157
1783240140,2026-07-05T01:29:00-07:00,77.1068646120157
1783240200,2026-07-05T01:30:00-07:00,77.1068646120157
1783240260,2026-07-05T01:31:00-07:00,17.124580929334414
1783240320,2026-07-05T01:32:00-07:00,17.124580929334414
1783240380,2026-07-05T01:33:00-07:00,17.124580929334414
1783240440,2026-07-05T01:34:00-07:00,17.124580929334414
1783240500,2026-07-05T01:35:00-07:00,17.124580929334414
1783240560,2026-07-05T01:36:00-07:00,262.2723601423404
1783240620,2026-07-05T01:37:00-07:00,262.2723601423404
1783240680,2026-07-05T01:38:00-07:00,262.2723601423404
1783240740,2026-07-05T01:39:00-07:00,262.2723601423404
1783240800,2026-07-05T01:40:00-07:00,262.2723601423404
1783240920,2026-07-05T01:42:00-07:00,15.919663775739
1783240980,2026-07-05T01:43:00-07:00,15.919663775739
1783241040,2026-07-05T01:44:00-07:00,15.919663775739
1783241100,2026-07-05T01:45:00-07:00,15.919663775739
1783241160,2026-07-05T01:46:00-07:00,15.919663775739
1783241220,2026-07-05T01:47:00-07:00,14.047152988794414
1783241280,2026-07-05T01:48:00-07:00,14.047152988794414
1783241340,2026-07-05T01:49:00-07:00,14.047152988794414
1783241400,2026-07-05T01:50:00-07:00,14.047152988794414
1783241460,2026-07-05T01:51:00-07:00,14.047152988794414
1783241520,2026-07-05T01:52:00-07:00,57.61146882342311
1783241580,2026-07-05T01:53:00-07:00,57.61146882342311
1783241640,2026-07-05T01:54:00-07:00,57.61146882342311
1783241700,2026-07-05T01:55:00-07:00,57.61146882342311
1783241760,2026-07-05T01:56:00-07:00,57.61146882342311
1783241880,2026-07-05T01:58:00-07:00,6.222069651027972
1783241940,2026-07-05T01:59:00-07:00,6.222069651027972
1783242000,2026-07-05T02:00:00-07:00,6.222069651027972
1783242060,2026-07-05T02:01:00-07:00,6.222069651027972
1783242120,2026-07-05T02:02:00-07:00,6.222069651027972
1783242180,2026-07-05T02:03:00-07:00,18.968198887625405
1783242240,2026-07-05T02:04:00-07:00,18.968198887625405
1783242300,2026-07-05T02:05:00-07:00,18.968198887625405
1783242360,2026-07-05T02:06:00-07:00,18.968198887625405
1783242420,2026-07-05T02:07:00-07:00,18.968198887625405
1783242480,2026-07-05T02:08:00-07:00,16.181982351756265
1783242540,2026-07-05T02:09:00-07:00,16.181982351756265
1783242600,2026-07-05T02:10:00-07:00,16.181982351756265
1783242660,2026-07-05T02:11:00-07:00,16.181982351756265
1783242720,2026-07-05T02:12:00-07:00,16.181982351756265
1783242780,2026-07-05T02:13:00-07:00,12.076906191090064
1783242840,2026-07-05T02:14:00-07:00,12.076906191090064
1783242900,2026-07-05T02:15:00-07:00,12.076906191090064
1783242960,2026-07-05T02:16:00-07:00,12.076906191090064
1783243020,2026-07-05T02:17:00-07:00,12.076906191090064
1783243080,2026-07-05T02:18:00-07:00,22.466996880160295
1783243140,2026-07-05T02:19:00-07:00,22.466996880160295
1783243200,2026-07-05T02:20:00-07:00,22.466996880160295
1783243260,2026-07-05T02:21:00-07:00,22.466996880160295
1783243320,2026-07-05T02:22:00-07:00,22.466996880160295
1783243380,2026-07-05T02:23:00-07:00,20.58331684626666
1783243440,2026-07-05T02:24:00-07:00,20.58331684626666
1783243500,2026-07-05T02:25:00-07:00,20.58331684626666
1783243560,2026-07-05T02:26:00-07:00,20.58331684626666
1783243620,2026-07-05T02:27:00-07:00,20.58331684626666
1783243680,2026-07-05T02:28:00-07:00,20.621247842858274
1783243740,2026-07-05T02:29:00-07:00,20.621247842858274
1783243800,2026-07-05T02:30:00-07:00,20.621247842858274
1783243860,2026-07-05T02:31:00-07:00,20.621247842858274
1783243920,2026-07-05T02:32:00-07:00,20.621247842858274
1783243980,2026-07-05T02:33:00-07:00,8.09722495195757
1783244040,2026-07-05T02:34:00-07:00,8.09722495195757
1783244100,2026-07-05T02:35:00-07:00,8.09722495195757
1783244160,2026-07-05T02:36:00-07:00,8.09722495195757
1783244220,2026-07-05T02:37:00-07:00,8.09722495195757
1783244280,2026-07-05T02:38:00-07:00,29.907387189754825
1783244340,2026-07-05T02:39:00-07:00,29.907387189754825
1783244400,2026-07-05T02:40:00-07:00,29.907387189754825
1783244460,2026-07-05T02:41:00-07:00,29.907387189754825
1783244520,2026-07-05T02:42:00-07:00,29.907387189754825
1783244580,2026-07-05T02:43:00-07:00,40.2551637149252
1783244640,2026-07-05T02:44:00-07:00,40.2551637149252
1783244700,2026-07-05T02:45:00-07:00,40.2551637149252
1783244760,2026-07-05T02:46:00-07:00,40.2551637149252
1783244820,2026-07-05T02:47:00-07:00,40.2551637149252
1783244940,2026-07-05T02:49:00-07:00,6.590734838834145
1783245000,2026-07-05T02:50:00-07:00,6.590734838834145
1783245060,2026-07-05T02:51:00-07:00,6.590734838834145
1783245120,2026-07-05T02:52:00-07:00,6.590734838834145
1783245180,2026-07-05T02:53:00-07:00,6.590734838834145
1783245240,2026-07-05T02:54:00-07:00,7.837537032299783
1783245300,2026-07-05T02:55:00-07:00,7.837537032299783
1783245360,2026-07-05T02:56:00-07:00,7.837537032299783
1783245420,2026-07-05T02:57:00-07:00,7.837537032299783
1783245480,2026-07-05T02:58:00-07:00,7.837537032299783
1783245600,2026-07-05T03:00:00-07:00,4.313675914813791
1783245660,2026-07-05T03:01:00-07:00,4.313675914813791
1783245720,2026-07-05T03:02:00-07:00,4.313675914813791
1783245780,2026-07-05T03:03:00-07:00,4.313675914813791
1783245840,2026-07-05T03:04:00-07:00,4.313675914813791
1783245900,2026-07-05T03:05:00-07:00,441.9100622875553
1783245960,2026-07-05T03:06:00-07:00,441.9100622875553
1783246020,2026-07-05T03:07:00-07:00,441.9100622875553
1783246080,2026-07-05T03:08:00-07:00,441.9100622875553
1783246140,2026-07-05T03:09:00-07:00,441.9100622875553
1783246200,2026-07-05T03:10:00-07:00,5.07814422841224
1783246260,2026-07-05T03:11:00-07:00,5.07814422841224
1783246320,2026-07-05T03:12:00-07:00,5.07814422841224
1783246380,2026-07-05T03:13:00-07:00,5.07814422841224
1783246440,2026-07-05T03:14:00-07:00,5.07814422841224
1783246500,2026-07-05T03:15:00-07:00,5.612830377954792
1783246560,2026-07-05T03:16:00-07:00,5.612830377954792
1783246620,2026-07-05T03:17:00-07:00,5.612830377954792
1783246680,2026-07-05T03:18:00-07:00,5.612830377954792
1783246740,2026-07-05T03:19:00-07:00,5.612830377954792
1783246860,2026-07-05T03:21:00-07:00,439.1744736330714
1783246920,2026-07-05T03:22:00-07:00,439.1744736330714
1783246980,2026-07-05T03:23:00-07:00,439.1744736330714
1783247040,2026-07-05T03:24:00-07:00,439.1744736330714
1783247100,2026-07-05T03:25:00-07:00,439.1744736330714
1783247160,2026-07-05T03:26:00-07:00,6.550247111376808
1783247220,2026-07-05T03:27:00-07:00,6.550247111376808
1783247280,2026-07-05T03:28:00-07:00,6.550247111376808
1783247340,2026-07-05T03:29:00-07:00,6.550247111376808
1783247400,2026-07-05T03:30:00-07:00,6.550247111376808
1783247460,2026-07-05T03:31:00-07:00,372.31296793802477
1783247520,2026-07-05T03:32:00-07:00,372.31296793802477
1783247580,2026-07-05T03:33:00-07:00,372.31296793802477
1783247640,2026-07-05T03:34:00-07:00,372.31296793802477
1783247700,2026-07-05T03:35:00-07:00,372.31296793802477
1783247760,2026-07-05T03:36:00-07:00,441.79056039054393
1783247820,2026-07-05T03:37:00-07:00,441.79056039054393
1783247880,2026-07-05T03:38:00-07:00,441.79056039054393
1783247940,2026-07-05T03:39:00-07:00,441.79056039054393
1783248000,2026-07-05T03:40:00-07:00,441.79056039054393
1783248060,2026-07-05T03:41:00-07:00,4.896180481866341
1783248120,2026-07-05T03:42:00-07:00,4.896180481866341
1783248180,2026-07-05T03:43:00-07:00,4.896180481866341
1783248240,2026-07-05T03:44:00-07:00,4.896180481866341
1783248300,2026-07-05T03:45:00-07:00,4.896180481866341
1783248360,2026-07-05T03:46:00-07:00,4.005217578830518
1783248420,2026-07-05T03:47:00-07:00,4.005217578830518
1783248480,2026-07-05T03:48:00-07:00,4.005217578830518
1783248540,2026-07-05T03:49:00-07:00,4.005217578830518
1783248600,2026-07-05T03:50:00-07:00,4.005217578830518
1783248720,2026-07-05T03:52:00-07:00,10.575083225336396
1783248780,2026-07-05T03:53:00-07:00,10.575083225336396
1783248840,2026-07-05T03:54:00-07:00,10.575083225336396
1783248900,2026-07-05T03:55:00-07:00,10.575083225336396
1783248960,2026-07-05T03:56:00-07:00,10.575083225336396
1783249080,2026-07-05T03:58:00-07:00,2.0463082921793307
1783249140,2026-07-05T03:59:00-07:00,2.0463082921793307
1783249200,2026-07-05T04:00:00-07:00,2.0463082921793307
1783249260,2026-07-05T04:01:00-07:00,2.0463082921793307
1783249320,2026-07-05T04:02:00-07:00,2.0463082921793307
1783249380,2026-07-05T04:03:00-07:00,339.5910082669143
1783249440,2026-07-05T04:04:00-07:00,339.5910082669143
1783249500,2026-07-05T04:05:00-07:00,339.5910082669143
1783249560,2026-07-05T04:06:00-07:00,339.5910082669143
1783249620,2026-07-05T04:07:00-07:00,339.5910082669143
1783249680,2026-07-05T04:08:00-07:00,6.525860529271328
1783249740,2026-07-05T04:09:00-07:00,6.525860529271328
1783249800,2026-07-05T04:10:00-07:00,6.525860529271328
1783249860,2026-07-05T04:11:00-07:00,6.525860529271328
1783249920,2026-07-05T04:12:00-07:00,6.525860529271328
1783249980,2026-07-05T04:13:00-07:00,1.7678628373624294
1783250040,2026-07-05T04:14:00-07:00,1.7678628373624294
1783250100,2026-07-05T04:15:00-07:00,1.7678628373624294
1783250160,2026-07-05T04:16:00-07:00,1.7678628373624294
1783250220,2026-07-05T04:17:00-07:00,1.7678628373624294
1783250280,2026-07-05T04:18:00-07:00,2.978589655971635
1783250340,2026-07-05T04:19:00-07:00,2.978589655971635
1783250400,2026-07-05T04:20:00-07:00,2.978589655971635
1783250460,2026-07-05T04:21:00-07:00,2.978589655971635
1783250520,2026-07-05T04:22:00-07:00,2.978589655971635
1783250580,2026-07-05T04:23:00-07:00,9.898816741812382
1783250640,2026-07-05T04:24:00-07:00,9.898816741812382
1783250700,2026-07-05T04:25:00-07:00,9.898816741812382
1783250760,2026-07-05T04:26:00-07:00,9.898816741812382
1783250820,2026-07-05T04:27:00-07:00,9.898816741812382
1783250940,2026-07-05T04:29:00-07:00,4.256179903774773
1783251000,2026-07-05T04:30:00-07:00,4.256179903774773
1783251060,2026-07-05T04:31:00-07:00,4.256179903774773
1783251120,2026-07-05T04:32:00-07:00,4.256179903774773
1783251180,2026-07-05T04:33:00-07:00,4.256179903774773
1783251240,2026-07-05T04:34:00-07:00,4.672628710653829
1783251300,2026-07-05T04:35:00-07:00,4.672628710653829
1783251360,2026-07-05T04:36:00-07:00,4.672628710653829
1783251420,2026-07-05T04:37:00-07:00,4.672628710653829
1783251480,2026-07-05T04:38:00-07:00,4.672628710653829
1783251540,2026-07-05T04:39:00-07:00,5.6485893632009105
1783251600,2026-07-05T04:40:00-07:00,5.6485893632009105
1783251660,2026-07-05T04:41:00-07:00,5.6485893632009105
1783251720,2026-07-05T04:42:00-07:00,5.6485893632009105
1783251780,2026-07-05T04:43:00-07:00,5.6485893632009105
1783251900,2026-07-05T04:45:00-07:00,436.3044868374308
1783251960,2026-07-05T04:46:00-07:00,436.3044868374308
1783252020,2026-07-05T04:47:00-07:00,436.3044868374308
1783252080,2026-07-05T04:48:00-07:00,436.3044868374308
1783252140,2026-07-05T04:49:00-07:00,436.3044868374308
1783252200,2026-07-05T04:50:00-07:00,1.8975264446501563
1783252260,2026-07-05T04:51:00-07:00,1.8975264446501563
1783252320,2026-07-05T04:52:00-07:00,1.8975264446501563
1783252380,2026-07-05T04:53:00-07:00,1.8975264446501563
1783252440,2026-07-05T04:54:00-07:00,1.8975264446501563
1783252500,2026-07-05T04:55:00-07:00,5.459321906326554
1783252560,2026-07-05T04:56:00-07:00,5.459321906326554
1783252620,2026-07-05T04:57:00-07:00,5.459321906326554
1783252680,2026-07-05T04:58:00-07:00,5.459321906326554
1783252740,2026-07-05T04:59:00-07:00,5.459321906326554
1783252860,2026-07-05T05:01:00-07:00,5.224513964187567
1783252920,2026-07-05T05:02:00-07:00,5.224513964187567
1783252980,2026-07-05T05:03:00-07:00,5.224513964187567
1783253040,2026-07-05T05:04:00-07:00,5.224513964187567
1783253100,2026-07-05T05:05:00-07:00,5.224513964187567
1783253160,2026-07-05T05:06:00-07:00,5.334130870274163
1783253220,2026-07-05T05:07:00-07:00,5.334130870274163
1783253280,2026-07-05T05:08:00-07:00,5.334130870274163
1783253340,2026-07-05T05:09:00-07:00,5.334130870274163
1783253400,2026-07-05T05:10:00-07:00,5.334130870274163
1783253520,2026-07-05T05:12:00-07:00,4.804798487123763
1783253580,2026-07-05T05:13:00-07:00,4.804798487123763
1783253640,2026-07-05T05:14:00-07:00,4.804798487123763
1783253700,2026-07-05T05:15:00-07:00,4.804798487123763
1783253760,2026-07-05T05:16:00-07:00,4.804798487123763
1783253820,2026-07-05T05:17:00-07:00,123.33716867763535
1783253880,2026-07-05T05:18:00-07:00,123.33716867763535
1783253940,2026-07-05T05:19:00-07:00,123.33716867763535
1783254000,2026-07-05T05:20:00-07:00,123.33716867763535
1783254060,2026-07-05T05:21:00-07:00,123.33716867763535
1783254180,2026-07-05T05:23:00-07:00,3.6364955092343436
1783254240,2026-07-05T05:24:00-07:00,3.6364955092343436
1783254300,2026-07-05T05:25:00-07:00,3.6364955092343436
1783254360,2026-07-05T05:26:00-07:00,3.6364955092343436
1783254420,2026-07-05T05:27:00-07:00,3.6364955092343436
1783254540,2026-07-05T05:29:00-07:00,1.7402858447103833
1783254600,2026-07-05T05:30:00-07:00,1.7402858447103833
1783254660,2026-07-05T05:31:00-07:00,1.7402858447103833
1783254720,2026-07-05T05:32:00-07:00,1.7402858447103833
1783254780,2026-07-05T05:33:00-07:00,1.7402858447103833
1783254840,2026-07-05T05:34:00-07:00,6.687825257191902
1783254900,2026-07-05T05:35:00-07:00,6.687825257191902
1783254960,2026-07-05T05:36:00-07:00,6.687825257191902
1783255020,2026-07-05T05:37:00-07:00,6.687825257191902
1783255080,2026-07-05T05:38:00-07:00,6.687825257191902
1783255200,2026-07-05T05:40:00-07:00,4.093128371627989
1783255260,2026-07-05T05:41:00-07:00,4.093128371627989
1783255320,2026-07-05T05:42:00-07:00,4.093128371627989
1783255380,2026-07-05T05:43:00-07:00,4.093128371627989
1783255440,2026-07-05T05:44:00-07:00,4.093128371627989
1783255560,2026-07-05T05:46:00-07:00,8.0110462136102
1783255620,2026-07-05T05:47:00-07:00,8.0110462136102
1783255680,2026-07-05T05:48:00-07:00,8.0110462136102
1783255740,2026-07-05T05:49:00-07:00,8.0110462136102
1783255800,2026-07-05T05:50:00-07:00,8.0110462136102
1783255860,2026-07-05T05:51:00-07:00,6.161144692051732
1783255920,2026-07-05T05:52:00-07:00,6.161144692051732
1783255980,2026-07-05T05:53:00-07:00,6.161144692051732
1783256040,2026-07-05T05:54:00-07:00,6.161144692051732
1783256100,2026-07-05T05:55:00-07:00,6.161144692051732
1783256160,2026-07-05T05:56:00-07:00,108.25365464102556
1783256220,2026-07-05T05:57:00-07:00,108.25365464102556
1783256280,2026-07-05T05:58:00-07:00,108.25365464102556
1783256340,2026-07-05T05:59:00-07:00,108.25365464102556
1783256400,2026-07-05T06:00:00-07:00,108.25365464102556
1783256520,2026-07-05T06:02:00-07:00,62.80423904901794
1783256580,2026-07-05T06:03:00-07:00,62.80423904901794
1783256640,2026-07-05T06:04:00-07:00,62.80423904901794
1783256700,2026-07-05T06:05:00-07:00,62.80423904901794
1783256760,2026-07-05T06:06:00-07:00,62.80423904901794
1783256820,2026-07-05T06:07:00-07:00,9.074117007183295
1783256880,2026-07-05T06:08:00-07:00,9.074117007183295
1783256940,2026-07-05T06:09:00-07:00,9.074117007183295
1783257000,2026-07-05T06:10:00-07:00,9.074117007183295
1783257060,2026-07-05T06:11:00-07:00,9.074117007183295
1783257120,2026-07-05T06:12:00-07:00,1.5811692741675558
1783257180,2026-07-05T06:13:00-07:00,1.5811692741675558
1783257240,2026-07-05T06:14:00-07:00,1.5811692741675558
1783257300,2026-07-05T06:15:00-07:00,1.5811692741675558
1783257360,2026-07-05T06:16:00-07:00,1.5811692741675558
1783257480,2026-07-05T06:18:00-07:00,3.6837736246551427
1783257540,2026-07-05T06:19:00-07:00,3.6837736246551427
1783257600,2026-07-05T06:20:00-07:00,3.6837736246551427
1783257660,2026-07-05T06:21:00-07:00,3.6837736246551427
1783257720,2026-07-05T06:22:00-07:00,3.6837736246551427
1783257780,2026-07-05T06:23:00-07:00,12.381202400937463
1783257840,2026-07-05T06:24:00-07:00,12.381202400937463
1783257900,2026-07-05T06:25:00-07:00,12.381202400937463
1783257960,2026-07-05T06:26:00-07:00,12.381202400937463
1783258020,2026-07-05T06:27:00-07:00,12.381202400937463
1783258140,2026-07-05T06:29:00-07:00,9.976846514452022
1783258200,2026-07-05T06:30:00-07:00,9.976846514452022
1783258260,2026-07-05T06:31:00-07:00,9.976846514452022
1783258320,2026-07-05T06:32:00-07:00,9.976846514452022
1783258380,2026-07-05T06:33:00-07:00,9.976846514452022
1783258440,2026-07-05T06:34:00-07:00,7.4468220622421315
1783258500,2026-07-05T06:35:00-07:00,7.4468220622421315
1783258560,2026-07-05T06:36:00-07:00,7.4468220622421315
1783258620,2026-07-05T06:37:00-07:00,7.4468220622421315
1783258680,2026-07-05T06:38:00-07:00,7.4468220622421315
1783258740,2026-07-05T06:39:00-07:00,13.532317906432386
1783258800,2026-07-05T06:40:00-07:00,13.532317906432386
1783258860,2026-07-05T06:41:00-07:00,13.532317906432386
1783258920,2026-07-05T06:42:00-07:00,13.532317906432386
1783258980,2026-07-05T06:43:00-07:00,13.532317906432386
1783259040,2026-07-05T06:44:00-07:00,75.66945394747351
1783259100,2026-07-05T06:45:00-07:00,75.66945394747351
1783259160,2026-07-05T06:46:00-07:00,75.66945394747351
1783259220,2026-07-05T06:47:00-07:00,75.66945394747351
1783259280,2026-07-05T06:48:00-07:00,75.66945394747351
1783259340,2026-07-05T06:49:00-07:00,16.540071081983513
1783259400,2026-07-05T06:50:00-07:00,16.540071081983513
1783259460,2026-07-05T06:51:00-07:00,16.540071081983513
1783259520,2026-07-05T06:52:00-07:00,16.540071081983513
1783259580,2026-07-05T06:53:00-07:00,16.540071081983513
1783259700,2026-07-05T06:55:00-07:00,20.603400384772943
1783259760,2026-07-05T06:56:00-07:00,20.603400384772943
1783259820,2026-07-05T06:57:00-07:00,20.603400384772943
1783259880,2026-07-05T06:58:00-07:00,20.603400384772943
1783259940,2026-07-05T06:59:00-07:00,20.603400384772943
1783260000,2026-07-05T07:00:00-07:00,53.5086696376795
1783260060,2026-07-05T07:01:00-07:00,53.5086696376795
1783260120,2026-07-05T07:02:00-07:00,53.5086696376795
1783260180,2026-07-05T07:03:00-07:00,53.5086696376795
1783260240,2026-07-05T07:04:00-07:00,53.5086696376795
1783260300,2026-07-05T07:05:00-07:00,13.309696658693078
1783260360,2026-07-05T07:06:00-07:00,13.309696658693078
1783260420,2026-07-05T07:07:00-07:00,13.309696658693078
1783260480,2026-07-05T07:08:00-07:00,13.309696658693078
1783260540,2026-07-05T07:09:00-07:00,13.309696658693078
1783260660,2026-07-05T07:11:00-07:00,11.38885271680437
1783260720,2026-07-05T07:12:00-07:00,11.38885271680437
1783260780,2026-07-05T07:13:00-07:00,11.38885271680437
1783260840,2026-07-05T07:14:00-07:00,11.38885271680437
1783260900,2026-07-05T07:15:00-07:00,11.38885271680437
1783260960,2026-07-05T07:16:00-07:00,42.200883322964636
1783261020,2026-07-05T07:17:00-07:00,42.200883322964636
1783261080,2026-07-05T07:18:00-07:00,42.200883322964636
1783261140,2026-07-05T07:19:00-07:00,42.200883322964636
1783261200,2026-07-05T07:20:00-07:00,42.200883322964636
1783261320,2026-07-05T07:22:00-07:00,62.266838756515654
1783261380,2026-07-05T07:23:00-07:00,62.266838756515654
1783261440,2026-07-05T07:24:00-07:00,62.266838756515654
1783261500,2026-07-05T07:25:00-07:00,62.266838756515654
1783261560,2026-07-05T07:26:00-07:00,62.266838756515654
1783261620,2026-07-05T07:27:00-07:00,70.18579052695986
1783261680,2026-07-05T07:28:00-07:00,70.18579052695986
1783261740,2026-07-05T07:29:00-07:00,70.18579052695986
1783261800,2026-07-05T07:30:00-07:00,70.18579052695986
1783261860,2026-07-05T07:31:00-07:00,70.18579052695986
1783261980,2026-07-05T07:33:00-07:00,178.9751078571281
1783262040,2026-07-05T07:34:00-07:00,178.9751078571281
1783262100,2026-07-05T07:35:00-07:00,178.9751078571281
1783262160,2026-07-05T07:36:00-07:00,178.9751078571281
1783262220,2026-07-05T07:37:00-07:00,178.9751078571281
1783262400,2026-07-05T07:40:00-07:00,5.103722941257969
1783262460,2026-07-05T07:41:00-07:00,5.103722941257969
1783262520,2026-07-05T07:42:00-07:00,5.103722941257969
1783262580,2026-07-05T07:43:00-07:00,5.103722941257969
1783262640,2026-07-05T07:44:00-07:00,5.103722941257969
1783262820,2026-07-05T07:47:00-07:00,135.9391397855891
1783262880,2026-07-05T07:48:00-07:00,135.9391397855891
1783262940,2026-07-05T07:49:00-07:00,135.9391397855891
1783263000,2026-07-05T07:50:00-07:00,135.9391397855891
1783263060,2026-07-05T07:51:00-07:00,135.9391397855891
1783263120,2026-07-05T07:52:00-07:00,98.50828532407286
1783263180,2026-07-05T07:53:00-07:00,98.50828532407286
1783263240,2026-07-05T07:54:00-07:00,98.50828532407286
1783263300,2026-07-05T07:55:00-07:00,98.50828532407286
1783263360,2026-07-05T07:56:00-07:00,98.50828532407286
1783263540,2026-07-05T07:59:00-07:00,14.083206180272434
1783263600,2026-07-05T08:00:00-07:00,14.083206180272434
1783263660,2026-07-05T08:01:00-07:00,14.083206180272434
1783263720,2026-07-05T08:02:00-07:00,14.083206180272434
1783263780,2026-07-05T08:03:00-07:00,14.083206180272434
1783263900,2026-07-05T08:05:00-07:00,38.45654331465442
1783263960,2026-07-05T08:06:00-07:00,38.45654331465442
1783264020,2026-07-05T08:07:00-07:00,38.45654331465442
1783264080,2026-07-05T08:08:00-07:00,38.45654331465442
1783264140,2026-07-05T08:09:00-07:00,38.45654331465442
1783264320,2026-07-05T08:12:00-07:00,146.22967480990826
1783264380,2026-07-05T08:13:00-07:00,146.22967480990826
1783264440,2026-07-05T08:14:00-07:00,146.22967480990826
1783264500,2026-07-05T08:15:00-07:00,146.22967480990826
1783264560,2026-07-05T08:16:00-07:00,146.22967480990826
1783264680,2026-07-05T08:18:00-07:00,402.25175417152735
1783264740,2026-07-05T08:19:00-07:00,402.25175417152735
1783264800,2026-07-05T08:20:00-07:00,402.25175417152735
1783264860,2026-07-05T08:21:00-07:00,402.25175417152735
1783264920,2026-07-05T08:22:00-07:00,402.25175417152735
1783265100,2026-07-05T08:25:00-07:00,111.22298994578848
1783265160,2026-07-05T08:26:00-07:00,111.22298994578848
1783265220,2026-07-05T08:27:00-07:00,111.22298994578848
1783265280,2026-07-05T08:28:00-07:00,111.22298994578848
1783265340,2026-07-05T08:29:00-07:00,111.22298994578848
1783265460,2026-07-05T08:31:00-07:00,181.3119498734342
1783265520,2026-07-05T08:32:00-07:00,181.3119498734342
1783265580,2026-07-05T08:33:00-07:00,181.3119498734342
1783265640,2026-07-05T08:34:00-07:00,181.3119498734342
1783265700,2026-07-05T08:35:00-07:00,181.3119498734342
1783265760,2026-07-05T08:36:00-07:00,244.11250704514853
1783265820,2026-07-05T08:37:00-07:00,244.11250704514853
1783265880,2026-07-05T08:38:00-07:00,244.11250704514853
1783265940,2026-07-05T08:39:00-07:00,244.11250704514853
1783266000,2026-07-05T08:40:00-07:00,244.11250704514853
1783266180,2026-07-05T08:43:00-07:00,382.8590054044126
1783266240,2026-07-05T08:44:00-07:00,382.8590054044126
1783266300,2026-07-05T08:45:00-07:00,382.8590054044126
1783266360,2026-07-05T08:46:00-07:00,382.8590054044126
1783266420,2026-07-05T08:47:00-07:00,382.8590054044126
1783266480,2026-07-05T08:48:00-07:00,41.37852910701605
1783266540,2026-07-05T08:49:00-07:00,41.37852910701605
1783266600,2026-07-05T08:50:00-07:00,41.37852910701605
1783266660,2026-07-05T08:51:00-07:00,41.37852910701605
1783266720,2026-07-05T08:52:00-07:00,41.37852910701605
1783266840,2026-07-05T08:54:00-07:00,163.3847360648443
1783266900,2026-07-05T08:55:00-07:00,163.3847360648443
1783266960,2026-07-05T08:56:00-07:00,163.3847360648443
1783267020,2026-07-05T08:57:00-07:00,163.3847360648443
1783267080,2026-07-05T08:58:00-07:00,163.3847360648443
1783267200,2026-07-05T09:00:00-07:00,15.816615341165706
1783267260,2026-07-05T09:01:00-07:00,15.816615341165706
1783267320,2026-07-05T09:02:00-07:00,15.816615341165706
1783267380,2026-07-05T09:03:00-07:00,15.816615341165706
1783267440,2026-07-05T09:04:00-07:00,15.816615341165706
1783267500,2026-07-05T09:05:00-07:00,17.821669352212293
1783267560,2026-07-05T09:06:00-07:00,17.821669352212293
1783267620,2026-07-05T09:07:00-07:00,17.821669352212293
1783267680,2026-07-05T09:08:00-07:00,17.821669352212293
1783267740,2026-07-05T09:09:00-07:00,17.821669352212293
1783267920,2026-07-05T09:12:00-07:00,317.4123156835108
1783267980,2026-07-05T09:13:00-07:00,317.4123156835108
1783268040,2026-07-05T09:14:00-07:00,317.4123156835108
1783268100,2026-07-05T09:15:00-07:00,317.4123156835108
1783268160,2026-07-05T09:16:00-07:00,317.4123156835108
1783268220,2026-07-05T09:17:00-07:00,264.1072998904941
1783268280,2026-07-05T09:18:00-07:00,264.1072998904941
1783268340,2026-07-05T09:19:00-07:00,264.1072998904941
1783268400,2026-07-05T09:20:00-07:00,264.1072998904941
1783268460,2026-07-05T09:21:00-07:00,264.1072998904941
1783268580,2026-07-05T09:23:00-07:00,70.66710212139064
1783268640,2026-07-05T09:24:00-07:00,70.66710212139064
1783268700,2026-07-05T09:25:00-07:00,70.66710212139064
1783268760,2026-07-05T09:26:00-07:00,70.66710212139064
1783268820,2026-07-05T09:27:00-07:00,70.66710212139064
1783268940,2026-07-05T09:29:00-07:00,109.40936493990033
1783269000,2026-07-05T09:30:00-07:00,109.40936493990033
1783269060,2026-07-05T09:31:00-07:00,109.40936493990033
1783269120,2026-07-05T09:32:00-07:00,109.40936493990033
1783269180,2026-07-05T09:33:00-07:00,109.40936493990033
1783269300,2026-07-05T09:35:00-07:00,433.2532504686727
1783269360,2026-07-05T09:36:00-07:00,433.2532504686727
1783269420,2026-07-05T09:37:00-07:00,433.2532504686727
1783269480,2026-07-05T09:38:00-07:00,433.2532504686727
1783269540,2026-07-05T09:39:00-07:00,433.2532504686727
1783269660,2026-07-05T09:41:00-07:00,565.7408419040773
1783269720,2026-07-05T09:42:00-07:00,565.7408419040773
1783269780,2026-07-05T09:43:00-07:00,565.7408419040773
1783269840,2026-07-05T09:44:00-07:00,565.7408419040773
1783269900,2026-07-05T09:45:00-07:00,565.7408419040773
1783269960,2026-07-05T09:46:00-07:00,191.81335595167283
1783270020,2026-07-05T09:47:00-07:00,191.81335595167283
1783270080,2026-07-05T09:48:00-07:00,191.81335595167283
1783270140,2026-07-05T09:49:00-07:00,191.81335595167283
1783270200,2026-07-05T09:50:00-07:00,191.81335595167283
1783270260,2026-07-05T09:51:00-07:00,169.76164989712598
1783270320,2026-07-05T09:52:00-07:00,169.76164989712598
1783270380,2026-07-05T09:53:00-07:00,169.76164989712598
1783270440,2026-07-05T09:54:00-07:00,169.76164989712598
1783270500,2026-07-05T09:55:00-07:00,169.76164989712598
1783270620,2026-07-05T09:57:00-07:00,149.90262802918687
1783270680,2026-07-05T09:58:00-07:00,149.90262802918687
1783270740,2026-07-05T09:59:00-07:00,149.90262802918687
1783270800,2026-07-05T10:00:00-07:00,149.90262802918687
1783270860,2026-07-05T10:01:00-07:00,149.90262802918687
1783270920,2026-07-05T10:02:00-07:00,105.14332711522115
1783270980,2026-07-05T10:03:00-07:00,105.14332711522115
1783271040,2026-07-05T10:04:00-07:00,105.14332711522115
1783271100,2026-07-05T10:05:00-07:00,105.14332711522115
1783271160,2026-07-05T10:06:00-07:00,105.14332711522115
1783271340,2026-07-05T10:09:00-07:00,91.5557351526683
1783271400,2026-07-05T10:10:00-07:00,91.5557351526683
1783271460,2026-07-05T10:11:00-07:00,91.5557351526683
1783271520,2026-07-05T10:12:00-07:00,91.5557351526683
1783271580,2026-07-05T10:13:00-07:00,91.5557351526683
1783271640,2026-07-05T10:14:00-07:00,350.08910258501095
1783271700,2026-07-05T10:15:00-07:00,350.08910258501095
1783271760,2026-07-05T10:16:00-07:00,350.08910258501095
1783271820,2026-07-05T10:17:00-07:00,350.08910258501095
1783271880,2026-07-05T10:18:00-07:00,350.08910258501095
1783272420,2026-07-05T10:27:00-07:00,142.11405502613653
1783272480,2026-07-05T10:28:00-07:00,142.11405502613653
1783272540,2026-07-05T10:29:00-07:00,142.11405502613653
1783272600,2026-07-05T10:30:00-07:00,142.11405502613653
1783272660,2026-07-05T10:31:00-07:00,142.11405502613653
1783272720,2026-07-05T10:32:00-07:00,165.22926606066852
1783272780,2026-07-05T10:33:00-07:00,165.22926606066852
1783272840,2026-07-05T10:34:00-07:00,165.22926606066852
1783272900,2026-07-05T10:35:00-07:00,165.22926606066852
1783272960,2026-07-05T10:36:00-07:00,165.22926606066852
1783273440,2026-07-05T10:44:00-07:00,35.240464103427726
1783273500,2026-07-05T10:45:00-07:00,35.240464103427726
1783273560,2026-07-05T10:46:00-07:00,35.240464103427726
1783273620,2026-07-05T10:47:00-07:00,35.240464103427726
1783273680,2026-07-05T10:48:00-07:00,35.240464103427726
1783273740,2026-07-05T10:49:00-07:00,133.2275123638808
1783273800,2026-07-05T10:50:00-07:00,133.2275123638808
1783273860,2026-07-05T10:51:00-07:00,133.2275123638808
1783273920,2026-07-05T10:52:00-07:00,133.2275123638808
1783273980,2026-07-05T10:53:00-07:00,133.2275123638808
1783274040,2026-07-05T10:54:00-07:00,91.67855404947817
1783274100,2026-07-05T10:55:00-07:00,91.67855404947817
1783274160,2026-07-05T10:56:00-07:00,91.67855404947817
1783274220,2026-07-05T10:57:00-07:00,91.67855404947817
1783274280,2026-07-05T10:58:00-07:00,91.67855404947817
1783274400,2026-07-05T11:00:00-07:00,54.54055843689
1783274460,2026-07-05T11:01:00-07:00,54.54055843689
1783274520,2026-07-05T11:02:00-07:00,54.54055843689
1783274580,2026-07-05T11:03:00-07:00,54.54055843689
1783274640,2026-07-05T11:04:00-07:00,54.54055843689
1783274700,2026-07-05T11:05:00-07:00,72.13314029966203
1783274760,2026-07-05T11:06:00-07:00,72.13314029966203
1783274820,2026-07-05T11:07:00-07:00,72.13314029966203
1783274880,2026-07-05T11:08:00-07:00,72.13314029966203
1783274940,2026-07-05T11:09:00-07:00,72.13314029966203
1783275060,2026-07-05T11:11:00-07:00,83.01735055950307
1783275120,2026-07-05T11:12:00-07:00,83.01735055950307
1783275180,2026-07-05T11:13:00-07:00,83.01735055950307
1783275240,2026-07-05T11:14:00-07:00,83.01735055950307
1783275300,2026-07-05T11:15:00-07:00,83.01735055950307
1783275360,2026-07-05T11:16:00-07:00,524.5884391709058
1783275420,2026-07-05T11:17:00-07:00,524.5884391709058
1783275480,2026-07-05T11:18:00-07:00,524.5884391709058
1783275540,2026-07-05T11:19:00-07:00,524.5884391709058
1783275600,2026-07-05T11:20:00-07:00,524.5884391709058
1783275660,2026-07-05T11:21:00-07:00,350.29714562450005
1783275720,2026-07-05T11:22:00-07:00,350.29714562450005
1783275780,2026-07-05T11:23:00-07:00,350.29714562450005
1783275840,2026-07-05T11:24:00-07:00,350.29714562450005
1783275900,2026-07-05T11:25:00-07:00,350.29714562450005
1783275960,2026-07-05T11:26:00-07:00,157.044886838974
1783276020,2026-07-05T11:27:00-07:00,157.044886838974
1783276080,2026-07-05T11:28:00-07:00,157.044886838974
1783276140,2026-07-05T11:29:00-07:00,157.044886838974
1783276200,2026-07-05T11:30:00-07:00,157.044886838974
1783276380,2026-07-05T11:33:00-07:00,366.7738798324032
1783276440,2026-07-05T11:34:00-07:00,366.7738798324032
1783276500,2026-07-05T11:35:00-07:00,366.7738798324032
1783276560,2026-07-05T11:36:00-07:00,366.7738798324032
1783276620,2026-07-05T11:37:00-07:00,366.7738798324032
1783276680,2026-07-05T11:38:00-07:00,107.24073654137983
1783276740,2026-07-05T11:39:00-07:00,107.24073654137983
1783276800,2026-07-05T11:40:00-07:00,107.24073654137983
1783276860,2026-07-05T11:41:00-07:00,107.24073654137983
1783276920,2026-07-05T11:42:00-07:00,107.24073654137983
1783276980,2026-07-05T11:43:00-07:00,148.33993304336866
1783277040,2026-07-05T11:44:00-07:00,148.33993304336866
1783277100,2026-07-05T11:45:00-07:00,148.33993304336866
1783277160,2026-07-05T11:46:00-07:00,148.33993304336866
1783277220,2026-07-05T11:47:00-07:00,148.33993304336866
1783277340,2026-07-05T11:49:00-07:00,93.27729681001529
1783277400,2026-07-05T11:50:00-07:00,93.27729681001529
1783277460,2026-07-05T11:51:00-07:00,93.27729681001529
1783277520,2026-07-05T11:52:00-07:00,93.27729681001529
1783277580,2026-07-05T11:53:00-07:00,93.27729681001529
1783277700,2026-07-05T11:55:00-07:00,326.75897190063796
1783277760,2026-07-05T11:56:00-07:00,326.75897190063796
1783277820,2026-07-05T11:57:00-07:00,326.75897190063796
1783277880,2026-07-05T11:58:00-07:00,326.75897190063796
1783277940,2026-07-05T11:59:00-07:00,326.75897190063796
1783278000,2026-07-05T12:00:00-07:00,53.637981644877506
1783278060,2026-07-05T12:01:00-07:00,53.637981644877506
1783278120,2026-07-05T12:02:00-07:00,53.637981644877506
1783278180,2026-07-05T12:03:00-07:00,53.637981644877506
1783278240,2026-07-05T12:04:00-07:00,53.637981644877506
1783278600,2026-07-05T12:10:00-07:00,45.64310158218411
1783278660,2026-07-05T12:11:00-07:00,45.64310158218411
1783278720,2026-07-05T12:12:00-07:00,45.64310158218411
1783278780,2026-07-05T12:13:00-07:00,45.64310158218411
1783278840,2026-07-05T12:14:00-07:00,45.64310158218411
1783278900,2026-07-05T12:15:00-07:00,148.82450624788646
1783278960,2026-07-05T12:16:00-07:00,148.82450624788646
1783279020,2026-07-05T12:17:00-07:00,148.82450624788646
1783279080,2026-07-05T12:18:00-07:00,148.82450624788646
1783279140,2026-07-05T12:19:00-07:00,148.82450624788646
1783279200,2026-07-05T12:20:00-07:00,66.140871849978
1783279260,2026-07-05T12:21:00-07:00,66.140871849978
1783279320,2026-07-05T12:22:00-07:00,66.140871849978
1783279380,2026-07-05T12:23:00-07:00,66.140871849978
1783279440,2026-07-05T12:24:00-07:00,66.140871849978
1783279560,2026-07-05T12:26:00-07:00,554.9999432425295
1783279620,2026-07-05T12:27:00-07:00,554.9999432425295
1783279680,2026-07-05T12:28:00-07:00,554.9999432425295
1783279740,2026-07-05T12:29:00-07:00,554.9999432425295
1783279800,2026-07-05T12:30:00-07:00,554.9999432425295
1783280820,2026-07-05T12:47:00-07:00,476.8341282235629
1783280880,2026-07-05T12:48:00-07:00,476.8341282235629
1783280940,2026-07-05T12:49:00-07:00,476.8341282235629
1783281000,2026-07-05T12:50:00-07:00,476.8341282235629
1783281060,2026-07-05T12:51:00-07:00,476.8341282235629
1783281480,2026-07-05T12:58:00-07:00,40.47590544267149
1783281540,2026-07-05T12:59:00-07:00,40.47590544267149
1783281600,2026-07-05T13:00:00-07:00,40.47590544267149
1783281660,2026-07-05T13:01:00-07:00,40.47590544267149
1783281720,2026-07-05T13:02:00-07:00,40.47590544267149
1783283280,2026-07-05T13:28:00-07:00,53.76429291366667
1783283340,2026-07-05T13:29:00-07:00,53.76429291366667
1783283400,2026-07-05T13:30:00-07:00,53.76429291366667
1783283460,2026-07-05T13:31:00-07:00,53.76429291366667
1783283520,2026-07-05T13:32:00-07:00,53.76429291366667
1783283580,2026-07-05T13:33:00-07:00,6.022084981274038
1783283640,2026-07-05T13:34:00-07:00,6.022084981274038
1783283700,2026-07-05T13:35:00-07:00,6.022084981274038
1783283760,2026-07-05T13:36:00-07:00,6.022084981274038
1783283820,2026-07-05T13:37:00-07:00,6.022084981274038
1783284540,2026-07-05T13:49:00-07:00,4.9767458089698655
1783284600,2026-07-05T13:50:00-07:00,4.9767458089698655
1783284660,2026-07-05T13:51:00-07:00,4.9767458089698655
1783284720,2026-07-05T13:52:00-07:00,4.9767458089698655
1783284780,2026-07-05T13:53:00-07:00,4.9767458089698655
1783285140,2026-07-05T13:59:00-07:00,22.41480763643752
1783285200,2026-07-05T14:00:00-07:00,22.41480763643752
1783285260,2026-07-05T14:01:00-07:00,22.41480763643752
1783285320,2026-07-05T14:02:00-07:00,22.41480763643752
1783285380,2026-07-05T14:03:00-07:00,22.41480763643752
1783285440,2026-07-05T14:04:00-07:00,6.889512448027905
1783285500,2026-07-05T14:05:00-07:00,6.889512448027905
1783285560,2026-07-05T14:06:00-07:00,6.889512448027905
1783285620,2026-07-05T14:07:00-07:00,6.889512448027905
1783285680,2026-07-05T14:08:00-07:00,6.889512448027905
1783286040,2026-07-05T14:14:00-07:00,4.42600870886496
1783286100,2026-07-05T14:15:00-07:00,4.42600870886496
1783286160,2026-07-05T14:16:00-07:00,4.42600870886496
1783286220,2026-07-05T14:17:00-07:00,4.42600870886496
1783286280,2026-07-05T14:18:00-07:00,4.42600870886496
1783286400,2026-07-05T14:20:00-07:00,1.7685524313580103
1783286460,2026-07-05T14:21:00-07:00,1.7685524313580103
1783286520,2026-07-05T14:22:00-07:00,1.7685524313580103
1783286580,2026-07-05T14:23:00-07:00,1.7685524313580103
1783286640,2026-07-05T14:24:00-07:00,1.7685524313580103
1783286700,2026-07-05T14:25:00-07:00,2.0639345484907383
1783286760,2026-07-05T14:26:00-07:00,2.0639345484907383
1783286820,2026-07-05T14:27:00-07:00,2.0639345484907383
1783286880,2026-07-05T14:28:00-07:00,2.0639345484907383
1783286940,2026-07-05T14:29:00-07:00,2.0639345484907383
1783287000,2026-07-05T14:30:00-07:00,66.51977413053208
1783287060,2026-07-05T14:31:00-07:00,66.51977413053208
1783287120,2026-07-05T14:32:00-07:00,66.51977413053208
1783287180,2026-07-05T14:33:00-07:00,66.51977413053208
1783287240,2026-07-05T14:34:00-07:00,66.51977413053208
1783287300,2026-07-05T14:35:00-07:00,3.99447992055285
1783287360,2026-07-05T14:36:00-07:00,3.99447992055285
1783287420,2026-07-05T14:37:00-07:00,3.99447992055285
1783287480,2026-07-05T14:38:00-07:00,3.99447992055285
1783287540,2026-07-05T14:39:00-07:00,3.99447992055285
1783287720,2026-07-05T14:42:00-07:00,12.062995797783689
1783287780,2026-07-05T14:43:00-07:00,12.062995797783689
1783287840,2026-07-05T14:44:00-07:00,12.062995797783689
1783287900,2026-07-05T14:45:00-07:00,12.062995797783689
1783287960,2026-07-05T14:46:00-07:00,12.062995797783689
1783288080,2026-07-05T14:48:00-07:00,76.29506994984257
1783288140,2026-07-05T14:49:00-07:00,76.29506994984257
1783288200,2026-07-05T14:50:00-07:00,76.29506994984257
1783288260,2026-07-05T14:51:00-07:00,76.29506994984257
1783288320,2026-07-05T14:52:00-07:00,76.29506994984257
1783288440,2026-07-05T14:54:00-07:00,7.976362185679921
1783288500,2026-07-05T14:55:00-07:00,7.976362185679921
1783288560,2026-07-05T14:56:00-07:00,7.976362185679921
1783288620,2026-07-05T14:57:00-07:00,7.976362185679921
1783288680,2026-07-05T14:58:00-07:00,7.976362185679921
1783289400,2026-07-05T15:10:00-07:00,60.403722175260036
1783289460,2026-07-05T15:11:00-07:00,60.403722175260036
1783289520,2026-07-05T15:12:00-07:00,60.403722175260036
1783289580,2026-07-05T15:13:00-07:00,60.403722175260036
1783289640,2026-07-05T15:14:00-07:00,60.403722175260036
1783289760,2026-07-05T15:16:00-07:00,3.3416149359675242
1783289820,2026-07-05T15:17:00-07:00,3.3416149359675242
1783289880,2026-07-05T15:18:00-07:00,3.3416149359675242
1783289940,2026-07-05T15:19:00-07:00,3.3416149359675242
1783290000,2026-07-05T15:20:00-07:00,3.3416149359675242
1783290120,2026-07-05T15:22:00-07:00,13.150394050677685
1783290180,2026-07-05T15:23:00-07:00,13.150394050677685
1783290240,2026-07-05T15:24:00-07:00,13.150394050677685
1783290300,2026-07-05T15:25:00-07:00,13.150394050677685
1783290360,2026-07-05T15:26:00-07:00,13.150394050677685
1783290420,2026-07-05T15:27:00-07:00,3.116309447600662
1783290480,2026-07-05T15:28:00-07:00,3.116309447600662
1783290540,2026-07-05T15:29:00-07:00,3.116309447600662
1783290600,2026-07-05T15:30:00-07:00,3.116309447600662
1783290660,2026-07-05T15:31:00-07:00,3.116309447600662
1783291080,2026-07-05T15:38:00-07:00,3.3598373330845446
1783291140,2026-07-05T15:39:00-07:00,3.3598373330845446
1783291200,2026-07-05T15:40:00-07:00,3.3598373330845446
1783291260,2026-07-05T15:41:00-07:00,3.3598373330845446
1783291320,2026-07-05T15:42:00-07:00,3.3598373330845446
1783291380,2026-07-05T15:43:00-07:00,3.671266490885616
1783291440,2026-07-05T15:44:00-07:00,3.671266490885616
1783291500,2026-07-05T15:45:00-07:00,3.671266490885616
1783291560,2026-07-05T15:46:00-07:00,3.671266490885616
1783291620,2026-07-05T15:47:00-07:00,3.671266490885616
1783292040,2026-07-05T15:54:00-07:00,3.5787992288042028
1783292100,2026-07-05T15:55:00-07:00,3.5787992288042028
1783292160,2026-07-05T15:56:00-07:00,3.5787992288042028
1783292220,2026-07-05T15:57:00-07:00,3.5787992288042028
1783292280,2026-07-05T15:58:00-07:00,3.5787992288042028
1783292340,2026-07-05T15:59:00-07:00,5.428894268829397
1783292400,2026-07-05T16:00:00-07:00,5.428894268829397
1783292460,2026-07-05T16:01:00-07:00,5.428894268829397
1783292520,2026-07-05T16:02:00-07:00,5.428894268829397
1783292580,2026-07-05T16:03:00-07:00,5.428894268829397
1783294080,2026-07-05T16:28:00-07:00,43.06007144334138
1783294140,2026-07-05T16:29:00-07:00,43.06007144334138
1783294200,2026-07-05T16:30:00-07:00,43.06007144334138
1783294260,2026-07-05T16:31:00-07:00,43.06007144334138
1783294320,2026-07-05T16:32:00-07:00,43.06007144334138
1783294380,2026-07-05T16:33:00-07:00,87.46718061995325
1783294440,2026-07-05T16:34:00-07:00,87.46718061995325
1783294500,2026-07-05T16:35:00-07:00,87.46718061995325
1783294560,2026-07-05T16:36:00-07:00,87.46718061995325
1783294620,2026-07-05T16:37:00-07:00,87.46718061995325
1783294680,2026-07-05T16:38:00-07:00,81.71751959004918
1783294740,2026-07-05T16:39:00-07:00,81.71751959004918
1783294800,2026-07-05T16:40:00-07:00,81.71751959004918
1783294860,2026-07-05T16:41:00-07:00,81.71751959004918
1783294920,2026-07-05T16:42:00-07:00,81.71751959004918
1783295340,2026-07-05T16:49:00-07:00,4.534173547239073
1783295400,2026-07-05T16:50:00-07:00,4.534173547239073
1783295460,2026-07-05T16:51:00-07:00,4.534173547239073
1783295520,2026-07-05T16:52:00-07:00,4.534173547239073
1783295580,2026-07-05T16:53:00-07:00,4.534173547239073
1783295700,2026-07-05T16:55:00-07:00,8.388815999051781
1783295760,2026-07-05T16:56:00-07:00,8.388815999051781
1783295820,2026-07-05T16:57:00-07:00,8.388815999051781
1783295880,2026-07-05T16:58:00-07:00,8.388815999051781
1783295940,2026-07-05T16:59:00-07:00,8.388815999051781
1783296060,2026-07-05T17:01:00-07:00,3.205984106002577
1783296120,2026-07-05T17:02:00-07:00,3.205984106002577
1783296180,2026-07-05T17:03:00-07:00,3.205984106002577
1783296240,2026-07-05T17:04:00-07:00,3.205984106002577
1783296300,2026-07-05T17:05:00-07:00,3.205984106002577
1783296360,2026-07-05T17:06:00-07:00,120.23554441548366
1783296420,2026-07-05T17:07:00-07:00,120.23554441548366
1783296480,2026-07-05T17:08:00-07:00,120.23554441548366
1783296540,2026-07-05T17:09:00-07:00,120.23554441548366
1783296600,2026-07-05T17:10:00-07:00,120.23554441548366
1783297020,2026-07-05T17:17:00-07:00,217.8308338951041
1783297080,2026-07-05T17:18:00-07:00,217.8308338951041
1783297140,2026-07-05T17:19:00-07:00,217.8308338951041
1783297200,2026-07-05T17:20:00-07:00,217.8308338951041
1783297260,2026-07-05T17:21:00-07:00,217.8308338951041
1783297320,2026-07-05T17:22:00-07:00,89.93526003010794
1783297380,2026-07-05T17:23:00-07:00,89.93526003010794
1783297440,2026-07-05T17:24:00-07:00,89.93526003010794
1783297500,2026-07-05T17:25:00-07:00,89.93526003010794
1783297560,2026-07-05T17:26:00-07:00,89.93526003010794
1783297620,2026-07-05T17:27:00-07:00,47.22461798611875
1783297680,2026-07-05T17:28:00-07:00,47.22461798611875
1783297740,2026-07-05T17:29:00-07:00,47.22461798611875
1783297800,2026-07-05T17:30:00-07:00,47.22461798611875
1783297860,2026-07-05T17:31:00-07:00,47.22461798611875
1783297920,2026-07-05T17:32:00-07:00,35.69151038602527
1783297980,2026-07-05T17:33:00-07:00,35.69151038602527
1783298040,2026-07-05T17:34:00-07:00,35.69151038602527
1783298100,2026-07-05T17:35:00-07:00,35.69151038602527
1783298160,2026-07-05T17:36:00-07:00,35.69151038602527
1783298280,2026-07-05T17:38:00-07:00,4.489632811895995
1783298340,2026-07-05T17:39:00-07:00,4.489632811895995
1783298400,2026-07-05T17:40:00-07:00,4.489632811895995
1783298460,2026-07-05T17:41:00-07:00,4.489632811895995
1783298520,2026-07-05T17:42:00-07:00,4.489632811895995
1783298580,2026-07-05T17:43:00-07:00,5.5881272259822925
1783298640,2026-07-05T17:44:00-07:00,5.5881272259822925
1783298700,2026-07-05T17:45:00-07:00,5.5881272259822925
1783298760,2026-07-05T17:46:00-07:00,5.5881272259822925
1783298820,2026-07-05T17:47:00-07:00,5.5881272259822925
1783298940,2026-07-05T17:49:00-07:00,8.617576960558262
1783299000,2026-07-05T17:50:00-07:00,8.617576960558262
1783299060,2026-07-05T17:51:00-07:00,8.617576960558262
1783299120,2026-07-05T17:52:00-07:00,8.617576960558262
1783299180,2026-07-05T17:53:00-07:00,8.617576960558262
1783299360,2026-07-05T17:56:00-07:00,12.468345145929959
1783299420,2026-07-05T17:57:00-07:00,12.468345145929959
1783299480,2026-07-05T17:58:00-07:00,12.468345145929959
1783299540,2026-07-05T17:59:00-07:00,12.468345145929959
1783299600,2026-07-05T18:00:00-07:00,12.468345145929959
1783299660,2026-07-05T18:01:00-07:00,7.186004525786048
1783299720,2026-07-05T18:02:00-07:00,7.186004525786048
1783299780,2026-07-05T18:03:00-07:00,7.186004525786048
1783299840,2026-07-05T18:04:00-07:00,7.186004525786048
1783299900,2026-07-05T18:05:00-07:00,7.186004525786048
1783299960,2026-07-05T18:06:00-07:00,77.28243931786695
1783300020,2026-07-05T18:07:00-07:00,77.28243931786695
1783300080,2026-07-05T18:08:00-07:00,77.28243931786695
1783300140,2026-07-05T18:09:00-07:00,77.28243931786695
1783300200,2026-07-05T18:10:00-07:00,77.28243931786695
1783300560,2026-07-05T18:16:00-07:00,72.15597304679416
1783300620,2026-07-05T18:17:00-07:00,72.15597304679416
1783300680,2026-07-05T18:18:00-07:00,72.15597304679416
1783300740,2026-07-05T18:19:00-07:00,72.15597304679416
1783300800,2026-07-05T18:20:00-07:00,72.15597304679416
1783300860,2026-07-05T18:21:00-07:00,74.66400075096908
1783300920,2026-07-05T18:22:00-07:00,74.66400075096908
1783300980,2026-07-05T18:23:00-07:00,74.66400075096908
1783301040,2026-07-05T18:24:00-07:00,74.66400075096908
1783301100,2026-07-05T18:25:00-07:00,74.66400075096908
1783301160,2026-07-05T18:26:00-07:00,24.61095399997268
1783301220,2026-07-05T18:27:00-07:00,24.61095399997268
1783301280,2026-07-05T18:28:00-07:00,24.61095399997268
1783301340,2026-07-05T18:29:00-07:00,24.61095399997268
1783301400,2026-07-05T18:30:00-07:00,24.61095399997268
1783301460,2026-07-05T18:31:00-07:00,63.17436006388837
1783301520,2026-07-05T18:32:00-07:00,63.17436006388837
1783301580,2026-07-05T18:33:00-07:00,63.17436006388837
1783301640,2026-07-05T18:34:00-07:00,63.17436006388837
1783301700,2026-07-05T18:35:00-07:00,63.17436006388837
1783301760,2026-07-05T18:36:00-07:00,4.438159831432796
1783301820,2026-07-05T18:37:00-07:00,4.438159831432796
1783301880,2026-07-05T18:38:00-07:00,4.438159831432796
1783301940,2026-07-05T18:39:00-07:00,4.438159831432796
1783302000,2026-07-05T18:40:00-07:00,4.438159831432796
1783302480,2026-07-05T18:48:00-07:00,3.146467394556708
1783302540,2026-07-05T18:49:00-07:00,3.146467394556708
1783302600,2026-07-05T18:50:00-07:00,3.146467394556708
1783302660,2026-07-05T18:51:00-07:00,3.146467394556708
1783302720,2026-07-05T18:52:00-07:00,3.146467394556708
1783302780,2026-07-05T18:53:00-07:00,5.198804484581199
1783302840,2026-07-05T18:54:00-07:00,5.198804484581199
1783302900,2026-07-05T18:55:00-07:00,5.198804484581199
1783302960,2026-07-05T18:56:00-07:00,5.198804484581199
1783303020,2026-07-05T18:57:00-07:00,5.198804484581199
1783303140,2026-07-05T18:59:00-07:00,77.62208028680195
1783303200,2026-07-05T19:00:00-07:00,77.62208028680195
1783303260,2026-07-05T19:01:00-07:00,77.62208028680195
1783303320,2026-07-05T19:02:00-07:00,77.62208028680195
1783303380,2026-07-05T19:03:00-07:00,77.62208028680195
1783304040,2026-07-05T19:14:00-07:00,5.615897154643249
1783304100,2026-07-05T19:15:00-07:00,5.615897154643249
1783304160,2026-07-05T19:16:00-07:00,5.615897154643249
1783304220,2026-07-05T19:17:00-07:00,5.615897154643249
1783304280,2026-07-05T19:18:00-07:00,5.615897154643249
1783304400,2026-07-05T19:20:00-07:00,78.58021715318844
1783304460,2026-07-05T19:21:00-07:00,78.58021715318844
1783304520,2026-07-05T19:22:00-07:00,78.58021715318844
1783304580,2026-07-05T19:23:00-07:00,78.58021715318844
1783304640,2026-07-05T19:24:00-07:00,78.58021715318844
1783304700,2026-07-05T19:25:00-07:00,5.432211870523338
1783304760,2026-07-05T19:26:00-07:00,5.432211870523338
1783304820,2026-07-05T19:27:00-07:00,5.432211870523338
1783304880,2026-07-05T19:28:00-07:00,5.432211870523338
1783304940,2026-07-05T19:29:00-07:00,5.432211870523338
1783305120,2026-07-05T19:32:00-07:00,3.5983337433820064
1783305180,2026-07-05T19:33:00-07:00,3.5983337433820064
1783305240,2026-07-05T19:34:00-07:00,3.5983337433820064
1783305300,2026-07-05T19:35:00-07:00,3.5983337433820064
1783305360,2026-07-05T19:36:00-07:00,3.5983337433820064
1783305480,2026-07-05T19:38:00-07:00,13.622004609166138
1783305540,2026-07-05T19:39:00-07:00,13.622004609166138
1783305600,2026-07-05T19:40:00-07:00,13.622004609166138
1783305660,2026-07-05T19:41:00-07:00,13.622004609166138
1783305720,2026-07-05T19:42:00-07:00,13.622004609166138
1783305900,2026-07-05T19:45:00-07:00,5.101714934084206
1783305960,2026-07-05T19:46:00-07:00,5.101714934084206
1783306020,2026-07-05T19:47:00-07:00,5.101714934084206
1783306080,2026-07-05T19:48:00-07:00,5.101714934084206
1783306140,2026-07-05T19:49:00-07:00,5.101714934084206
1783306200,2026-07-05T19:50:00-07:00,135.25180869997223
1783306260,2026-07-05T19:51:00-07:00,135.25180869997223
1783306320,2026-07-05T19:52:00-07:00,135.25180869997223
1783306380,2026-07-05T19:53:00-07:00,135.25180869997223
1783306440,2026-07-05T19:54:00-07:00,135.25180869997223
1783306560,2026-07-05T19:56:00-07:00,4.375789091210969
1783306620,2026-07-05T19:57:00-07:00,4.375789091210969
1783306680,2026-07-05T19:58:00-07:00,4.375789091210969
1783306740,2026-07-05T19:59:00-07:00,4.375789091210969
1783306800,2026-07-05T20:00:00-07:00,4.375789091210969
1783306860,2026-07-05T20:01:00-07:00,4.289623287442915
1783306920,2026-07-05T20:02:00-07:00,4.289623287442915
1783306980,2026-07-05T20:03:00-07:00,4.289623287442915
1783307040,2026-07-05T20:04:00-07:00,4.289623287442915
1783307100,2026-07-05T20:05:00-07:00,4.289623287442915
1783307280,2026-07-05T20:08:00-07:00,3.936269693298017
1783307340,2026-07-05T20:09:00-07:00,3.936269693298017
1783307400,2026-07-05T20:10:00-07:00,3.936269693298017
1783307460,2026-07-05T20:11:00-07:00,3.936269693298017
1783307520,2026-07-05T20:12:00-07:00,3.936269693298017
1783307640,2026-07-05T20:14:00-07:00,4.864888299561152
1783307700,2026-07-05T20:15:00-07:00,4.864888299561152
1783307760,2026-07-05T20:16:00-07:00,4.864888299561152
1783307820,2026-07-05T20:17:00-07:00,4.864888299561152
1783307880,2026-07-05T20:18:00-07:00,4.864888299561152
1783307940,2026-07-05T20:19:00-07:00,3.62746686484006
1783308000,2026-07-05T20:20:00-07:00,3.62746686484006
1783308060,2026-07-05T20:21:00-07:00,3.62746686484006
1783308120,2026-07-05T20:22:00-07:00,3.62746686484006
1783308180,2026-07-05T20:23:00-07:00,3.62746686484006
1783308300,2026-07-05T20:25:00-07:00,3.450001887533155
1783308360,2026-07-05T20:26:00-07:00,3.450001887533155
1783308420,2026-07-05T20:27:00-07:00,3.450001887533155
1783308480,2026-07-05T20:28:00-07:00,3.450001887533155
1783308540,2026-07-05T20:29:00-07:00,3.450001887533155
1783308660,2026-07-05T20:31:00-07:00,5.803955581582435
1783308720,2026-07-05T20:32:00-07:00,5.803955581582435
1783308780,2026-07-05T20:33:00-07:00,5.803955581582435
1783308840,2026-07-05T20:34:00-07:00,5.803955581582435
1783308900,2026-07-05T20:35:00-07:00,5.803955581582435
1783309020,2026-07-05T20:37:00-07:00,7.914211952728261
1783309080,2026-07-05T20:38:00-07:00,7.914211952728261
1783309140,2026-07-05T20:39:00-07:00,7.914211952728261
1783309200,2026-07-05T20:40:00-07:00,7.914211952728261
1783309260,2026-07-05T20:41:00-07:00,7.914211952728261
1783309800,2026-07-05T20:50:00-07:00,5.711730358040742
1783309860,2026-07-05T20:51:00-07:00,5.711730358040742
1783309920,2026-07-05T20:52:00-07:00,5.711730358040742
1783309980,2026-07-05T20:53:00-07:00,5.711730358040742
1783310040,2026-07-05T20:54:00-07:00,5.711730358040742
1783310160,2026-07-05T20:56:00-07:00,2.8263896832780286
1783310220,2026-07-05T20:57:00-07:00,2.8263896832780286
1783310280,2026-07-05T20:58:00-07:00,2.8263896832780286
1783310340,2026-07-05T20:59:00-07:00,2.8263896832780286
1783310400,2026-07-05T21:00:00-07:00,2.8263896832780286
1783310520,2026-07-05T21:02:00-07:00,4.602583152659673
1783310580,2026-07-05T21:03:00-07:00,4.602583152659673
1783310640,2026-07-05T21:04:00-07:00,4.602583152659673
1783310700,2026-07-05T21:05:00-07:00,4.602583152659673
1783310760,2026-07-05T21:06:00-07:00,4.602583152659673
1783310880,2026-07-05T21:08:00-07:00,6.039162320159359
1783310940,2026-07-05T21:09:00-07:00,6.039162320159359
1783311000,2026-07-05T21:10:00-07:00,6.039162320159359
1783311060,2026-07-05T21:11:00-07:00,6.039162320159359
1783311120,2026-07-05T21:12:00-07:00,6.039162320159359
1783311180,2026-07-05T21:13:00-07:00,108.67656141672602
1783311240,2026-07-05T21:14:00-07:00,108.67656141672602
1783311300,2026-07-05T21:15:00-07:00,108.67656141672602
1783311360,2026-07-05T21:16:00-07:00,108.67656141672602
1783311420,2026-07-05T21:17:00-07:00,108.67656141672602
1783311540,2026-07-05T21:19:00-07:00,7.391434171774004
1783311600,2026-07-05T21:20:00-07:00,7.391434171774004
1783311660,2026-07-05T21:21:00-07:00,7.391434171774004
1783311720,2026-07-05T21:22:00-07:00,7.391434171774004
1783311780,2026-07-05T21:23:00-07:00,7.391434171774004
1783311900,2026-07-05T21:25:00-07:00,5.210748677629977
1783311960,2026-07-05T21:26:00-07:00,5.210748677629977
1783312020,2026-07-05T21:27:00-07:00,5.210748677629977
1783312080,2026-07-05T21:28:00-07:00,5.210748677629977
1783312140,2026-07-05T21:29:00-07:00,5.210748677629977
1783312200,2026-07-05T21:30:00-07:00,75.68443418497988
1783312260,2026-07-05T21:31:00-07:00,75.68443418497988
1783312320,2026-07-05T21:32:00-07:00,75.68443418497988
1783312380,2026-07-05T21:33:00-07:00,75.68443418497988
1783312440,2026-07-05T21:34:00-07:00,75.68443418497988
1783312500,2026-07-05T21:35:00-07:00,107.62707167184897
1783312560,2026-07-05T21:36:00-07:00,107.62707167184897
1783312620,2026-07-05T21:37:00-07:00,107.62707167184897
1783312680,2026-07-05T21:38:00-07:00,107.62707167184897
1783312740,2026-07-05T21:39:00-07:00,107.62707167184897
1783312860,2026-07-05T21:41:00-07:00,6.143203308165035
1783312920,2026-07-05T21:42:00-07:00,6.143203308165035
1783312980,2026-07-05T21:43:00-07:00,6.143203308165035
1783313040,2026-07-05T21:44:00-07:00,6.143203308165035
1783313100,2026-07-05T21:45:00-07:00,6.143203308165035
1783313160,2026-07-05T21:46:00-07:00,41.20093045336929
1783313220,2026-07-05T21:47:00-07:00,41.20093045336929
1783313280,2026-07-05T21:48:00-07:00,41.20093045336929
1783313340,2026-07-05T21:49:00-07:00,41.20093045336929
1783313400,2026-07-05T21:50:00-07:00,41.20093045336929
1783313460,2026-07-05T21:51:00-07:00,73.20623968319245
1783313520,2026-07-05T21:52:00-07:00,73.20623968319245
1783313580,2026-07-05T21:53:00-07:00,73.20623968319245
1783313640,2026-07-05T21:54:00-07:00,73.20623968319245
1783313700,2026-07-05T21:55:00-07:00,73.20623968319245
1783313760,2026-07-05T21:56:00-07:00,4.676283430280314
1783313820,2026-07-05T21:57:00-07:00,4.676283430280314
1783313880,2026-07-05T21:58:00-07:00,4.676283430280314
1783313940,2026-07-05T21:59:00-07:00,4.676283430280314
1783314000,2026-07-05T22:00:00-07:00,4.676283430280314
1783314060,2026-07-05T22:01:00-07:00,80.69788934824278
1783314120,2026-07-05T22:02:00-07:00,80.69788934824278
1783314180,2026-07-05T22:03:00-07:00,80.69788934824278
1783314240,2026-07-05T22:04:00-07:00,80.69788934824278
1783314300,2026-07-05T22:05:00-07:00,80.69788934824278
1783314360,2026-07-05T22:06:00-07:00,0.7931122737810973
1783314420,2026-07-05T22:07:00-07:00,0.7931122737810973
1783314480,2026-07-05T22:08:00-07:00,0.7931122737810973
1783314540,2026-07-05T22:09:00-07:00,0.7931122737810973
1783314600,2026-07-05T22:10:00-07:00,0.7931122737810973
1783314720,2026-07-05T22:12:00-07:00,5.802327322486749
1783314780,2026-07-05T22:13:00-07:00,5.802327322486749
1783314840,2026-07-05T22:14:00-07:00,5.802327322486749
1783314900,2026-07-05T22:15:00-07:00,5.802327322486749
1783314960,2026-07-05T22:16:00-07:00,5.802327322486749
1783315020,2026-07-05T22:17:00-07:00,7.269284055605035
1783315080,2026-07-05T22:18:00-07:00,7.269284055605035
1783315140,2026-07-05T22:19:00-07:00,7.269284055605035
1783315200,2026-07-05T22:20:00-07:00,7.269284055605035
1783315260,2026-07-05T22:21:00-07:00,7.269284055605035
1783315380,2026-07-05T22:23:00-07:00,1.2002058284623525
1783315440,2026-07-05T22:24:00-07:00,1.2002058284623525
1783315500,2026-07-05T22:25:00-07:00,1.2002058284623525
1783315560,2026-07-05T22:26:00-07:00,1.2002058284623525
1783315620,2026-07-05T22:27:00-07:00,1.2002058284623525
1783315680,2026-07-05T22:28:00-07:00,5.511191865463707
1783315740,2026-07-05T22:29:00-07:00,5.511191865463707
1783315800,2026-07-05T22:30:00-07:00,5.511191865463707
1783315860,2026-07-05T22:31:00-07:00,5.511191865463707
1783315920,2026-07-05T22:32:00-07:00,5.511191865463707
1783316040,2026-07-05T22:34:00-07:00,6.183251134977555
1783316100,2026-07-05T22:35:00-07:00,6.183251134977555
1783316160,2026-07-05T22:36:00-07:00,6.183251134977555
1783316220,2026-07-05T22:37:00-07:00,6.183251134977555
1783316280,2026-07-05T22:38:00-07:00,6.183251134977555
1783316340,2026-07-05T22:39:00-07:00,65.55598696920954
1783316400,2026-07-05T22:40:00-07:00,65.55598696920954
1783316460,2026-07-05T22:41:00-07:00,65.55598696920954
1783316520,2026-07-05T22:42:00-07:00,65.55598696920954
1783316580,2026-07-05T22:43:00-07:00,65.55598696920954
1783316640,2026-07-05T22:44:00-07:00,2.4286567742178273
1783316700,2026-07-05T22:45:00-07:00,2.4286567742178273
1783316760,2026-07-05T22:46:00-07:00,2.4286567742178273
1783316820,2026-07-05T22:47:00-07:00,2.4286567742178273
1783316880,2026-07-05T22:48:00-07:00,2.4286567742178273
1783317000,2026-07-05T22:50:00-07:00,83.67350011954525
1783317060,2026-07-05T22:51:00-07:00,83.67350011954525
1783317120,2026-07-05T22:52:00-07:00,83.67350011954525
1783317180,2026-07-05T22:53:00-07:00,83.67350011954525
1783317240,2026-07-05T22:54:00-07:00,83.67350011954525
1783317360,2026-07-05T22:56:00-07:00,8.037043957358563
1783317420,2026-07-05T22:57:00-07:00,8.037043957358563
1783317480,2026-07-05T22:58:00-07:00,8.037043957358563
1783317540,2026-07-05T22:59:00-07:00,8.037043957358563
1783317600,2026-07-05T23:00:00-07:00,8.037043957358563
1783317660,2026-07-05T23:01:00-07:00,50.98796089619998
1783317720,2026-07-05T23:02:00-07:00,50.98796089619998
1783317780,2026-07-05T23:03:00-07:00,50.98796089619998
1783317840,2026-07-05T23:04:00-07:00,50.98796089619998
1783317900,2026-07-05T23:05:00-07:00,50.98796089619998
1783317960,2026-07-05T23:06:00-07:00,61.850591872088245
1783318020,2026-07-05T23:07:00-07:00,61.850591872088245
1783318080,2026-07-05T23:08:00-07:00,61.850591872088245
1783318140,2026-07-05T23:09:00-07:00,61.850591872088245
1783318200,2026-07-05T23:10:00-07:00,61.850591872088245
1783318320,2026-07-05T23:12:00-07:00,5.5792380213207355
1783318380,2026-07-05T23:13:00-07:00,5.5792380213207355
1783318440,2026-07-05T23:14:00-07:00,5.5792380213207355
1783318500,2026-07-05T23:15:00-07:00,5.5792380213207355
1783318560,2026-07-05T23:16:00-07:00,5.5792380213207355
1783318620,2026-07-05T23:17:00-07:00,44.53532700188283
1783318680,2026-07-05T23:18:00-07:00,44.53532700188283
1783318740,2026-07-05T23:19:00-07:00,44.53532700188283
1783318800,2026-07-05T23:20:00-07:00,44.53532700188283
1783318860,2026-07-05T23:21:00-07:00,44.53532700188283
1783318980,2026-07-05T23:23:00-07:00,1.8269127686361506
1783319040,2026-07-05T23:24:00-07:00,1.8269127686361506
1783319100,2026-07-05T23:25:00-07:00,1.8269127686361506
1783319160,2026-07-05T23:26:00-07:00,1.8269127686361506
1783319220,2026-07-05T23:27:00-07:00,1.8269127686361506
1783319340,2026-07-05T23:29:00-07:00,7.888636846323387
1783319400,2026-07-05T23:30:00-07:00,7.888636846323387
1783319460,2026-07-05T23:31:00-07:00,7.888636846323387
1783319520,2026-07-05T23:32:00-07:00,7.888636846323387
1783319580,2026-07-05T23:33:00-07:00,7.888636846323387
1783319640,2026-07-05T23:34:00-07:00,83.10543740008566
1783319700,2026-07-05T23:35:00-07:00,83.10543740008566
1783319760,2026-07-05T23:36:00-07:00,83.10543740008566
1783319820,2026-07-05T23:37:00-07:00,83.10543740008566
1783319880,2026-07-05T23:38:00-07:00,83.10543740008566
1783319940,2026-07-05T23:39:00-07:00,7.2544643369818695
1783320000,2026-07-05T23:40:00-07:00,7.2544643369818695
1783320060,2026-07-05T23:41:00-07:00,7.2544643369818695
1783320120,2026-07-05T23:42:00-07:00,7.2544643369818695
1783320180,2026-07-05T23:43:00-07:00,7.2544643369818695
1783320360,2026-07-05T23:46:00-07:00,124.49936632424132
1783320420,2026-07-05T23:47:00-07:00,124.49936632424132
1783320480,2026-07-05T23:48:00-07:00,124.49936632424132
1783320540,2026-07-05T23:49:00-07:00,124.49936632424132
1783320600,2026-07-05T23:50:00-07:00,124.49936632424132
1783320720,2026-07-05T23:52:00-07:00,8.678511166063462
1783320780,2026-07-05T23:53:00-07:00,8.678511166063462
1783320840,2026-07-05T23:54:00-07:00,8.678511166063462
1783320900,2026-07-05T23:55:00-07:00,8.678511166063462
1783320960,2026-07-05T23:56:00-07:00,8.678511166063462
1783321020,2026-07-05T23:57:00-07:00,8.703554606211714
1783321080,2026-07-05T23:58:00-07:00,8.703554606211714
1783321140,2026-07-05T23:59:00-07:00,8.703554606211714
1783321200,2026-07-06T00:00:00-07:00,8.703554606211714
