timestamp_utc,iso_pdt,carrier=verizon;connection_type=lte_cellular;experiment=none,default
1782975600,2026-07-02T00:00:00-07:00,2.3,
1782975660,2026-07-02T00:01:00-07:00,1.7,
1782975720,2026-07-02T00:02:00-07:00,2.5,
1782975780,2026-07-02T00:03:00-07:00,2.3,
1782975840,2026-07-02T00:04:00-07:00,2.5,
1782975900,2026-07-02T00:05:00-07:00,1.8,
1782975960,2026-07-02T00:06:00-07:00,1.9,
1782976020,2026-07-02T00:07:00-07:00,2.5,
1782976080,2026-07-02T00:08:00-07:00,2,
1782976140,2026-07-02T00:09:00-07:00,1.9,
1782976200,2026-07-02T00:10:00-07:00,2.5,
1782976260,2026-07-02T00:11:00-07:00,2.4,
1782976320,2026-07-02T00:12:00-07:00,2.4,
1782976380,2026-07-02T00:13:00-07:00,2.4,
1782976440,2026-07-02T00:14:00-07:00,2.2,
1782976500,2026-07-02T00:15:00-07:00,3.2,
1782976560,2026-07-02T00:16:00-07:00,10.6,
1782976620,2026-07-02T00:17:00-07:00,2.4,
1782976680,2026-07-02T00:18:00-07:00,4.2,
1782976740,2026-07-02T00:19:00-07:00,1.6,
1782976800,2026-07-02T00:20:00-07:00,2.3,
1782976860,2026-07-02T00:21:00-07:00,3.1,
1782976920,2026-07-02T00:22:00-07:00,2.8,
1782976980,2026-07-02T00:23:00-07:00,2.1,
1782977040,2026-07-02T00:24:00-07:00,2.8,
1782977100,2026-07-02T00:25:00-07:00,2.4,
1782977160,2026-07-02T00:26:00-07:00,3.8,
1782977220,2026-07-02T00:27:00-07:00,2,
1782977280,2026-07-02T00:28:00-07:00,2.5,
1782977340,2026-07-02T00:29:00-07:00,2.3,
1782977400,2026-07-02T00:30:00-07:00,3.1,
1782977460,2026-07-02T00:31:00-07:00,2.3,
1782977520,2026-07-02T00:32:00-07:00,1.8,
1782977580,2026-07-02T00:33:00-07:00,2.2,
1782977640,2026-07-02T00:34:00-07:00,2.2,
1782977700,2026-07-02T00:35:00-07:00,2.2,
1782977760,2026-07-02T00:36:00-07:00,2.6,
1782977820,2026-07-02T00:37:00-07:00,2.4,
1782977880,2026-07-02T00:38:00-07:00,2,
1782977940,2026-07-02T00:39:00-07:00,2.9,
1782978000,2026-07-02T00:40:00-07:00,2.8,
1782978060,2026-07-02T00:41:00-07:00,2.4,
1782978120,2026-07-02T00:42:00-07:00,2.5,
1782978180,2026-07-02T00:43:00-07:00,2.9,
1782978240,2026-07-02T00:44:00-07:00,2.3,
1782978300,2026-07-02T00:45:00-07:00,2.9,
1782978360,2026-07-02T00:46:00-07:00,2.4,
1782978420,2026-07-02T00:47:00-07:00,2.7,
1782978480,2026-07-02T00:48:00-07:00,2.8,
1782978540,2026-07-02T00:49:00-07:00,1.8,
1782978600,2026-07-02T00:50:00-07:00,2.7,
1782978660,2026-07-02T00:51:00-07:00,2.3,
1782978720,2026-07-02T00:52:00-07:00,2.7,
1782978780,2026-07-02T00:53:00-07:00,2.8,
1782978840,2026-07-02T00:54:00-07:00,2.6,
1782978900,2026-07-02T00:55:00-07:00,2.3,
1782978960,2026-07-02T00:56:00-07:00,4.3,
1782979020,2026-07-02T00:57:00-07:00,4.5,
1782979080,2026-07-02T00:58:00-07:00,2.8,
1782979140,2026-07-02T00:59:00-07:00,2.1,
1782979200,2026-07-02T01:00:00-07:00,2.8,
1782979260,2026-07-02T01:01:00-07:00,2.5,
1782979320,2026-07-02T01:02:00-07:00,2.5,
1782979380,2026-07-02T01:03:00-07:00,4.4,
1782979440,2026-07-02T01:04:00-07:00,2.4,
1782979500,2026-07-02T01:05:00-07:00,1.9,
1782979560,2026-07-02T01:06:00-07:00,2.8,
1782979620,2026-07-02T01:07:00-07:00,3,
1782979680,2026-07-02T01:08:00-07:00,2,
1782979740,2026-07-02T01:09:00-07:00,3,
1782979800,2026-07-02T01:10:00-07:00,2.6,
1782979860,2026-07-02T01:11:00-07:00,3.1,
1782979920,2026-07-02T01:12:00-07:00,2.6,
1782979980,2026-07-02T01:13:00-07:00,2.3,
1782980040,2026-07-02T01:14:00-07:00,2.7,
1782980100,2026-07-02T01:15:00-07:00,1.9,
1782980160,2026-07-02T01:16:00-07:00,2.7,
1782980220,2026-07-02T01:17:00-07:00,2.5,
1782980280,2026-07-02T01:18:00-07:00,2.8,
1782980340,2026-07-02T01:19:00-07:00,2.6,
1782980400,2026-07-02T01:20:00-07:00,2.4,
1782980460,2026-07-02T01:21:00-07:00,2.5,
1782980520,2026-07-02T01:22:00-07:00,2.7,
1782980580,2026-07-02T01:23:00-07:00,2.2,
1782980640,2026-07-02T01:24:00-07:00,2.4,
1782980700,2026-07-02T01:25:00-07:00,2.5,
1782980760,2026-07-02T01:26:00-07:00,2.4,
1782980820,2026-07-02T01:27:00-07:00,2.5,
1782980880,2026-07-02T01:28:00-07:00,2.3,
1782980940,2026-07-02T01:29:00-07:00,2.3,
1782981000,2026-07-02T01:30:00-07:00,3.1,
1782981060,2026-07-02T01:31:00-07:00,2.8,
1782981120,2026-07-02T01:32:00-07:00,2.7,
1782981180,2026-07-02T01:33:00-07:00,3,
1782981240,2026-07-02T01:34:00-07:00,2.7,
1782981300,2026-07-02T01:35:00-07:00,2.1,
1782981360,2026-07-02T01:36:00-07:00,3,
1782981420,2026-07-02T01:37:00-07:00,3.6,
1782981480,2026-07-02T01:38:00-07:00,2.8,
1782981540,2026-07-02T01:39:00-07:00,2.1,
1782981600,2026-07-02T01:40:00-07:00,2.1,
1782981660,2026-07-02T01:41:00-07:00,2.9,
1782981720,2026-07-02T01:42:00-07:00,3,
1782981780,2026-07-02T01:43:00-07:00,2.8,
1782981840,2026-07-02T01:44:00-07:00,2,
1782981900,2026-07-02T01:45:00-07:00,3.2,
1782981960,2026-07-02T01:46:00-07:00,2,
1782982020,2026-07-02T01:47:00-07:00,2,
1782982080,2026-07-02T01:48:00-07:00,4.3,
1782982140,2026-07-02T01:49:00-07:00,2.1,
1782982200,2026-07-02T01:50:00-07:00,3,
1782982260,2026-07-02T01:51:00-07:00,2.5,
1782982320,2026-07-02T01:52:00-07:00,4.5,
1782982380,2026-07-02T01:53:00-07:00,3.1,
1782982440,2026-07-02T01:54:00-07:00,2.3,
1782982500,2026-07-02T01:55:00-07:00,3.3,
1782982560,2026-07-02T01:56:00-07:00,3.4,
1782982620,2026-07-02T01:57:00-07:00,2.9,
1782982680,2026-07-02T01:58:00-07:00,3.3,
1782982740,2026-07-02T01:59:00-07:00,2.9,
1782982800,2026-07-02T02:00:00-07:00,3.2,
1782982860,2026-07-02T02:01:00-07:00,2.1,
1782982920,2026-07-02T02:02:00-07:00,2.3,
1782982980,2026-07-02T02:03:00-07:00,3,
1782983040,2026-07-02T02:04:00-07:00,2.9,
1782983100,2026-07-02T02:05:00-07:00,3,
1782983160,2026-07-02T02:06:00-07:00,1.8,
1782983220,2026-07-02T02:07:00-07:00,2.3,
1782983280,2026-07-02T02:08:00-07:00,2.4,
1782983340,2026-07-02T02:09:00-07:00,2.7,
1782983400,2026-07-02T02:10:00-07:00,3.5,
1782983460,2026-07-02T02:11:00-07:00,2.4,
1782983520,2026-07-02T02:12:00-07:00,2.4,
1782983580,2026-07-02T02:13:00-07:00,2.8,
1782983640,2026-07-02T02:14:00-07:00,3.9,
1782983700,2026-07-02T02:15:00-07:00,2.9,
1782983760,2026-07-02T02:16:00-07:00,2.3,
1782983820,2026-07-02T02:17:00-07:00,2.6,
1782983880,2026-07-02T02:18:00-07:00,2.9,
1782983940,2026-07-02T02:19:00-07:00,2.8,
1782984000,2026-07-02T02:20:00-07:00,3,
1782984060,2026-07-02T02:21:00-07:00,2,
1782984120,2026-07-02T02:22:00-07:00,3.7,
1782984180,2026-07-02T02:23:00-07:00,2,
1782984240,2026-07-02T02:24:00-07:00,3.2,
1782984300,2026-07-02T02:25:00-07:00,11.6,
1782984360,2026-07-02T02:26:00-07:00,2.9,
1782984420,2026-07-02T02:27:00-07:00,4,
1782984480,2026-07-02T02:28:00-07:00,1.9,
1782984540,2026-07-02T02:29:00-07:00,2.6,
1782984600,2026-07-02T02:30:00-07:00,2.8,
1782984660,2026-07-02T02:31:00-07:00,2.7,
1782984720,2026-07-02T02:32:00-07:00,3.9,
1782984780,2026-07-02T02:33:00-07:00,4.1,
1782984840,2026-07-02T02:34:00-07:00,1.9,
1782984900,2026-07-02T02:35:00-07:00,2.8,
1782984960,2026-07-02T02:36:00-07:00,2.5,
1782985020,2026-07-02T02:37:00-07:00,2.4,
1782985080,2026-07-02T02:38:00-07:00,2.9,
1782985140,2026-07-02T02:39:00-07:00,3.6,
1782985200,2026-07-02T02:40:00-07:00,2.7,
1782985260,2026-07-02T02:41:00-07:00,2.7,
1782985320,2026-07-02T02:42:00-07:00,3.1,
1782985380,2026-07-02T02:43:00-07:00,2.7,
1782985440,2026-07-02T02:44:00-07:00,4.5,
1782985500,2026-07-02T02:45:00-07:00,2.4,
1782985560,2026-07-02T02:46:00-07:00,2.4,
1782985620,2026-07-02T02:47:00-07:00,2.9,
1782985680,2026-07-02T02:48:00-07:00,2,
1782985740,2026-07-02T02:49:00-07:00,2.2,
1782985800,2026-07-02T02:50:00-07:00,2.9,
1782985860,2026-07-02T02:51:00-07:00,2.4,
1782985920,2026-07-02T02:52:00-07:00,2.3,
1782985980,2026-07-02T02:53:00-07:00,2,
1782986040,2026-07-02T02:54:00-07:00,1.8,
1782986100,2026-07-02T02:55:00-07:00,4.8,
1782986160,2026-07-02T02:56:00-07:00,3.4,
1782986220,2026-07-02T02:57:00-07:00,2.7,
1782986280,2026-07-02T02:58:00-07:00,2.5,
1782986340,2026-07-02T02:59:00-07:00,2.6,
1782986400,2026-07-02T03:00:00-07:00,2.9,
1782986460,2026-07-02T03:01:00-07:00,2.9,
1782986520,2026-07-02T03:02:00-07:00,2.7,
1782986580,2026-07-02T03:03:00-07:00,2.2,
1782986640,2026-07-02T03:04:00-07:00,2.9,
1782986700,2026-07-02T03:05:00-07:00,2.4,
1782986760,2026-07-02T03:06:00-07:00,2.3,
1782986820,2026-07-02T03:07:00-07:00,2.5,
1782986880,2026-07-02T03:08:00-07:00,2.6,
1782986940,2026-07-02T03:09:00-07:00,2,
1782987000,2026-07-02T03:10:00-07:00,2.1,
1782987060,2026-07-02T03:11:00-07:00,2.4,
1782987120,2026-07-02T03:12:00-07:00,2.8,
1782987180,2026-07-02T03:13:00-07:00,1.9,
1782987240,2026-07-02T03:14:00-07:00,2.3,
1782987300,2026-07-02T03:15:00-07:00,2.3,
1782987360,2026-07-02T03:16:00-07:00,2.7,
1782987420,2026-07-02T03:17:00-07:00,2.6,
1782987480,2026-07-02T03:18:00-07:00,2,
1782987540,2026-07-02T03:19:00-07:00,2.9,
1782987600,2026-07-02T03:20:00-07:00,2.8,
1782987660,2026-07-02T03:21:00-07:00,2.9,
1782987720,2026-07-02T03:22:00-07:00,3.7,
1782987780,2026-07-02T03:23:00-07:00,2.7,
1782987840,2026-07-02T03:24:00-07:00,2.3,
1782987900,2026-07-02T03:25:00-07:00,2.1,
1782987960,2026-07-02T03:26:00-07:00,2.3,
1782988020,2026-07-02T03:27:00-07:00,2.1,
1782988080,2026-07-02T03:28:00-07:00,2.9,
1782988140,2026-07-02T03:29:00-07:00,2.9,
1782988200,2026-07-02T03:30:00-07:00,2.9,
1782988260,2026-07-02T03:31:00-07:00,3.2,
1782988320,2026-07-02T03:32:00-07:00,2.9,
1782988380,2026-07-02T03:33:00-07:00,2.9,
1782988440,2026-07-02T03:34:00-07:00,2.8,
1782988500,2026-07-02T03:35:00-07:00,2.3,
1782988560,2026-07-02T03:36:00-07:00,2.2,
1782988620,2026-07-02T03:37:00-07:00,2.1,
1782988680,2026-07-02T03:38:00-07:00,2.3,
1782988740,2026-07-02T03:39:00-07:00,2.9,
1782988800,2026-07-02T03:40:00-07:00,2.4,
1782988860,2026-07-02T03:41:00-07:00,1.9,
1782988920,2026-07-02T03:42:00-07:00,2.8,
1782988980,2026-07-02T03:43:00-07:00,2.2,
1782989040,2026-07-02T03:44:00-07:00,3.1,
1782989100,2026-07-02T03:45:00-07:00,3.2,
1782989160,2026-07-02T03:46:00-07:00,3.7,
1782989220,2026-07-02T03:47:00-07:00,2.8,
1782989280,2026-07-02T03:48:00-07:00,2.8,
1782989340,2026-07-02T03:49:00-07:00,4.7,
1782989400,2026-07-02T03:50:00-07:00,3.1,
1782989460,2026-07-02T03:51:00-07:00,3.4,
1782989520,2026-07-02T03:52:00-07:00,2.8,
1782989580,2026-07-02T03:53:00-07:00,3.2,
1782989640,2026-07-02T03:54:00-07:00,4.4,
1782989700,2026-07-02T03:55:00-07:00,2.6,
1782989760,2026-07-02T03:56:00-07:00,2.8,
1782989820,2026-07-02T03:57:00-07:00,2.1,
1782989880,2026-07-02T03:58:00-07:00,3,
1782989940,2026-07-02T03:59:00-07:00,2.7,
1782990000,2026-07-02T04:00:00-07:00,5.5,
1782990060,2026-07-02T04:01:00-07:00,3,
1782990120,2026-07-02T04:02:00-07:00,2.2,
1782990180,2026-07-02T04:03:00-07:00,2.8,
1782990240,2026-07-02T04:04:00-07:00,2.3,
1782990300,2026-07-02T04:05:00-07:00,3.1,
1782990360,2026-07-02T04:06:00-07:00,9,
1782990420,2026-07-02T04:07:00-07:00,3.4,
1782990480,2026-07-02T04:08:00-07:00,2.9,
1782990540,2026-07-02T04:09:00-07:00,3.1,
1782990600,2026-07-02T04:10:00-07:00,2.1,
1782990660,2026-07-02T04:11:00-07:00,2.8,
1782990720,2026-07-02T04:12:00-07:00,3.2,
1782990780,2026-07-02T04:13:00-07:00,1.7,
1782990840,2026-07-02T04:14:00-07:00,2.9,
1782990900,2026-07-02T04:15:00-07:00,3,
1782990960,2026-07-02T04:16:00-07:00,3,
1782991020,2026-07-02T04:17:00-07:00,1.6,
1782991080,2026-07-02T04:18:00-07:00,2.4,
1782991140,2026-07-02T04:19:00-07:00,2.3,
1782991200,2026-07-02T04:20:00-07:00,3.4,
1782991260,2026-07-02T04:21:00-07:00,2.9,
1782991320,2026-07-02T04:22:00-07:00,2.5,
1782991380,2026-07-02T04:23:00-07:00,3.1,
1782991440,2026-07-02T04:24:00-07:00,4.7,
1782991500,2026-07-02T04:25:00-07:00,1.9,
1782991560,2026-07-02T04:26:00-07:00,3.3,
1782991620,2026-07-02T04:27:00-07:00,3.2,
1782991680,2026-07-02T04:28:00-07:00,3.7,
1782991740,2026-07-02T04:29:00-07:00,2.3,
1782991800,2026-07-02T04:30:00-07:00,2.8,
1782991860,2026-07-02T04:31:00-07:00,2.4,
1782991920,2026-07-02T04:32:00-07:00,2,
1782991980,2026-07-02T04:33:00-07:00,2.6,
1782992040,2026-07-02T04:34:00-07:00,2.7,
1782992100,2026-07-02T04:35:00-07:00,3.1,
1782992160,2026-07-02T04:36:00-07:00,2.8,
1782992220,2026-07-02T04:37:00-07:00,2.1,
1782992280,2026-07-02T04:38:00-07:00,4.9,
1782992340,2026-07-02T04:39:00-07:00,2.3,
1782992400,2026-07-02T04:40:00-07:00,2.2,
1782992460,2026-07-02T04:41:00-07:00,2.7,
1782992520,2026-07-02T04:42:00-07:00,2.1,
1782992580,2026-07-02T04:43:00-07:00,3.1,
1782992640,2026-07-02T04:44:00-07:00,2.1,
1782992700,2026-07-02T04:45:00-07:00,2.9,
1782992760,2026-07-02T04:46:00-07:00,3,
1782992820,2026-07-02T04:47:00-07:00,2.3,
1782992880,2026-07-02T04:48:00-07:00,2.2,
1782992940,2026-07-02T04:49:00-07:00,1.7,
1782993000,2026-07-02T04:50:00-07:00,2.1,
1782993060,2026-07-02T04:51:00-07:00,4.6,
1782993120,2026-07-02T04:52:00-07:00,2.3,
1782993180,2026-07-02T04:53:00-07:00,2.7,
1782993240,2026-07-02T04:54:00-07:00,2.9,
1782993300,2026-07-02T04:55:00-07:00,3.1,
1782993360,2026-07-02T04:56:00-07:00,2.8,
1782993420,2026-07-02T04:57:00-07:00,2.6,
1782993480,2026-07-02T04:58:00-07:00,2.9,
1782993540,2026-07-02T04:59:00-07:00,2.5,
1782993600,2026-07-02T05:00:00-07:00,2.9,
1782993660,2026-07-02T05:01:00-07:00,2.5,
1782993720,2026-07-02T05:02:00-07:00,2.7,
1782993780,2026-07-02T05:03:00-07:00,2.8,
1782993840,2026-07-02T05:04:00-07:00,2.7,
1782993900,2026-07-02T05:05:00-07:00,2.9,
1782993960,2026-07-02T05:06:00-07:00,3.2,
1782994020,2026-07-02T05:07:00-07:00,2.7,
1782994080,2026-07-02T05:08:00-07:00,2.1,
1782994140,2026-07-02T05:09:00-07:00,2.4,
1782994200,2026-07-02T05:10:00-07:00,1.9,
1782994260,2026-07-02T05:11:00-07:00,2.9,
1782994320,2026-07-02T05:12:00-07:00,3.3,
1782994380,2026-07-02T05:13:00-07:00,2,
1782994440,2026-07-02T05:14:00-07:00,3.1,
1782994500,2026-07-02T05:15:00-07:00,2.4,
1782994560,2026-07-02T05:16:00-07:00,2.6,
1782994620,2026-07-02T05:17:00-07:00,2.6,
1782994680,2026-07-02T05:18:00-07:00,2.3,
1782994740,2026-07-02T05:19:00-07:00,2.8,
1782994800,2026-07-02T05:20:00-07:00,2.6,
1782994860,2026-07-02T05:21:00-07:00,1.7,
1782994920,2026-07-02T05:22:00-07:00,2.4,
1782994980,2026-07-02T05:23:00-07:00,4.1,
1782995040,2026-07-02T05:24:00-07:00,3.1,
1782995100,2026-07-02T05:25:00-07:00,3,
1782995160,2026-07-02T05:26:00-07:00,2.3,
1782995220,2026-07-02T05:27:00-07:00,2.2,
1782995280,2026-07-02T05:28:00-07:00,3,
1782995340,2026-07-02T05:29:00-07:00,2.1,
1782995400,2026-07-02T05:30:00-07:00,2.1,
1782995460,2026-07-02T05:31:00-07:00,2.6,
1782995520,2026-07-02T05:32:00-07:00,2.3,
1782995580,2026-07-02T05:33:00-07:00,3.3,
1782995640,2026-07-02T05:34:00-07:00,3.6,
1782995700,2026-07-02T05:35:00-07:00,3.1,
1782995760,2026-07-02T05:36:00-07:00,2.6,
1782995820,2026-07-02T05:37:00-07:00,1.8,
1782995880,2026-07-02T05:38:00-07:00,2.9,
1782995940,2026-07-02T05:39:00-07:00,2.7,
1782996000,2026-07-02T05:40:00-07:00,2.2,
1782996060,2026-07-02T05:41:00-07:00,2.7,
1782996120,2026-07-02T05:42:00-07:00,2.7,
1782996180,2026-07-02T05:43:00-07:00,2.8,
1782996240,2026-07-02T05:44:00-07:00,2.2,
1782996300,2026-07-02T05:45:00-07:00,2,
1782996360,2026-07-02T05:46:00-07:00,1.7,
1782996420,2026-07-02T05:47:00-07:00,2.6,
1782996480,2026-07-02T05:48:00-07:00,3.3,
1782996540,2026-07-02T05:49:00-07:00,2.5,
1782996600,2026-07-02T05:50:00-07:00,3,
1782996660,2026-07-02T05:51:00-07:00,3.1,
1782996720,2026-07-02T05:52:00-07:00,3.1,
1782996780,2026-07-02T05:53:00-07:00,2.4,
1782996840,2026-07-02T05:54:00-07:00,4.5,
1782996900,2026-07-02T05:55:00-07:00,2.8,
1782996960,2026-07-02T05:56:00-07:00,3.2,
1782997020,2026-07-02T05:57:00-07:00,3.7,
1782997080,2026-07-02T05:58:00-07:00,3,
1782997140,2026-07-02T05:59:00-07:00,3.1,
1782997200,2026-07-02T06:00:00-07:00,2.6,
1782997260,2026-07-02T06:01:00-07:00,1.8,
1782997320,2026-07-02T06:02:00-07:00,2.3,
1782997380,2026-07-02T06:03:00-07:00,2.4,
1782997440,2026-07-02T06:04:00-07:00,2.9,
1782997500,2026-07-02T06:05:00-07:00,2.4,
1782997560,2026-07-02T06:06:00-07:00,3.4,
1782997620,2026-07-02T06:07:00-07:00,2.8,
1782997680,2026-07-02T06:08:00-07:00,3,
1782997740,2026-07-02T06:09:00-07:00,2.7,
1782997800,2026-07-02T06:10:00-07:00,2.7,
1782997860,2026-07-02T06:11:00-07:00,2,
1782997920,2026-07-02T06:12:00-07:00,1.9,
1782997980,2026-07-02T06:13:00-07:00,2.3,
1782998040,2026-07-02T06:14:00-07:00,2.8,
1782998100,2026-07-02T06:15:00-07:00,1.7,
1782998160,2026-07-02T06:16:00-07:00,2.4,
1782998220,2026-07-02T06:17:00-07:00,2.4,
1782998280,2026-07-02T06:18:00-07:00,2.8,
1782998340,2026-07-02T06:19:00-07:00,2.3,
1782998400,2026-07-02T06:20:00-07:00,2.8,
1782998460,2026-07-02T06:21:00-07:00,2.1,
1782998520,2026-07-02T06:22:00-07:00,3.1,
1782998580,2026-07-02T06:23:00-07:00,3,
1782998640,2026-07-02T06:24:00-07:00,2.1,
1782998700,2026-07-02T06:25:00-07:00,1.8,
1782998760,2026-07-02T06:26:00-07:00,3.3,
1782998820,2026-07-02T06:27:00-07:00,1.8,
1782998880,2026-07-02T06:28:00-07:00,2.9,
1782998940,2026-07-02T06:29:00-07:00,2.8,
1782999000,2026-07-02T06:30:00-07:00,2.9,
1782999060,2026-07-02T06:31:00-07:00,2.3,
1782999120,2026-07-02T06:32:00-07:00,3.2,
1782999180,2026-07-02T06:33:00-07:00,1.6,
1782999240,2026-07-02T06:34:00-07:00,2.8,
1782999300,2026-07-02T06:35:00-07:00,2.9,
1782999360,2026-07-02T06:36:00-07:00,1.8,
1782999420,2026-07-02T06:37:00-07:00,2.1,
1782999480,2026-07-02T06:38:00-07:00,4.2,
1782999540,2026-07-02T06:39:00-07:00,2.9,
1782999600,2026-07-02T06:40:00-07:00,2.2,
1782999660,2026-07-02T06:41:00-07:00,3,
1782999720,2026-07-02T06:42:00-07:00,3.7,
1782999780,2026-07-02T06:43:00-07:00,2.9,
1782999840,2026-07-02T06:44:00-07:00,2.2,
1782999900,2026-07-02T06:45:00-07:00,2.7,
1782999960,2026-07-02T06:46:00-07:00,2.8,
1783000020,2026-07-02T06:47:00-07:00,2.4,
1783000080,2026-07-02T06:48:00-07:00,2.1,
1783000140,2026-07-02T06:49:00-07:00,2.2,
1783000200,2026-07-02T06:50:00-07:00,1.9,
1783000260,2026-07-02T06:51:00-07:00,1.7,
1783000320,2026-07-02T06:52:00-07:00,2.7,
1783000380,2026-07-02T06:53:00-07:00,3.1,
1783000440,2026-07-02T06:54:00-07:00,2.2,
1783000500,2026-07-02T06:55:00-07:00,2,
1783000560,2026-07-02T06:56:00-07:00,3.3,
1783000620,2026-07-02T06:57:00-07:00,2.8,
1783000680,2026-07-02T06:58:00-07:00,1.7,
1783000740,2026-07-02T06:59:00-07:00,2.9,
1783000800,2026-07-02T07:00:00-07:00,2.8,
1783000860,2026-07-02T07:01:00-07:00,2.9,
1783000920,2026-07-02T07:02:00-07:00,2.4,
1783000980,2026-07-02T07:03:00-07:00,3,
1783001040,2026-07-02T07:04:00-07:00,2,
1783001100,2026-07-02T07:05:00-07:00,2.8,
1783001160,2026-07-02T07:06:00-07:00,2.3,
1783001220,2026-07-02T07:07:00-07:00,4.6,
1783001280,2026-07-02T07:08:00-07:00,2.7,
1783001340,2026-07-02T07:09:00-07:00,3.5,
1783001400,2026-07-02T07:10:00-07:00,2,
1783001460,2026-07-02T07:11:00-07:00,2.1,
1783001520,2026-07-02T07:12:00-07:00,2.3,
1783001580,2026-07-02T07:13:00-07:00,1.5,
1783001640,2026-07-02T07:14:00-07:00,2.4,
1783001700,2026-07-02T07:15:00-07:00,2.6,
1783001760,2026-07-02T07:16:00-07:00,2.8,
1783001820,2026-07-02T07:17:00-07:00,2.2,
1783001880,2026-07-02T07:18:00-07:00,3.1,
1783001940,2026-07-02T07:19:00-07:00,2.5,
1783002000,2026-07-02T07:20:00-07:00,2.4,
1783002060,2026-07-02T07:21:00-07:00,3,
1783002120,2026-07-02T07:22:00-07:00,2.7,
1783002180,2026-07-02T07:23:00-07:00,2.7,
1783002240,2026-07-02T07:24:00-07:00,3.3,
1783002300,2026-07-02T07:25:00-07:00,2,
1783002360,2026-07-02T07:26:00-07:00,2.4,
1783002420,2026-07-02T07:27:00-07:00,3,
1783002480,2026-07-02T07:28:00-07:00,2.8,
1783002540,2026-07-02T07:29:00-07:00,2.2,
1783002600,2026-07-02T07:30:00-07:00,2.1,
1783002660,2026-07-02T07:31:00-07:00,1.6,
1783002720,2026-07-02T07:32:00-07:00,3,
1783002780,2026-07-02T07:33:00-07:00,1.6,
1783002840,2026-07-02T07:34:00-07:00,1.7,
1783002900,2026-07-02T07:35:00-07:00,2.4,
1783002960,2026-07-02T07:36:00-07:00,2.5,
1783003020,2026-07-02T07:37:00-07:00,1.9,
1783003080,2026-07-02T07:38:00-07:00,2.5,
1783003140,2026-07-02T07:39:00-07:00,4.1,
1783003200,2026-07-02T07:40:00-07:00,14.6,
1783003260,2026-07-02T07:41:00-07:00,2.2,
1783003320,2026-07-02T07:42:00-07:00,2.2,
1783003380,2026-07-02T07:43:00-07:00,2.2,
1783003440,2026-07-02T07:44:00-07:00,2.3,
1783003500,2026-07-02T07:45:00-07:00,2.6,
1783003560,2026-07-02T07:46:00-07:00,2.4,
1783003620,2026-07-02T07:47:00-07:00,2.3,
1783003680,2026-07-02T07:48:00-07:00,1.9,
1783003740,2026-07-02T07:49:00-07:00,2.4,
1783003800,2026-07-02T07:50:00-07:00,1.6,
1783003860,2026-07-02T07:51:00-07:00,3.3,
1783003920,2026-07-02T07:52:00-07:00,2.3,
1783003980,2026-07-02T07:53:00-07:00,2,
1783004040,2026-07-02T07:54:00-07:00,1.5,
1783004100,2026-07-02T07:55:00-07:00,2.5,
1783004160,2026-07-02T07:56:00-07:00,2.2,
1783004220,2026-07-02T07:57:00-07:00,4.1,
1783004280,2026-07-02T07:58:00-07:00,8.5,
1783004340,2026-07-02T07:59:00-07:00,1.8,
1783004400,2026-07-02T08:00:00-07:00,2.3,
1783004460,2026-07-02T08:01:00-07:00,1.6,
1783004520,2026-07-02T08:02:00-07:00,1.7,
1783004580,2026-07-02T08:03:00-07:00,2.2,
1783004640,2026-07-02T08:04:00-07:00,2.4,
1783004700,2026-07-02T08:05:00-07:00,2.1,
1783004760,2026-07-02T08:06:00-07:00,2.5,
1783004820,2026-07-02T08:07:00-07:00,3.1,
1783004880,2026-07-02T08:08:00-07:00,2.6,
1783004940,2026-07-02T08:09:00-07:00,2.3,
1783005000,2026-07-02T08:10:00-07:00,2.2,
1783005060,2026-07-02T08:11:00-07:00,1.6,
1783005120,2026-07-02T08:12:00-07:00,2.4,
1783005180,2026-07-02T08:13:00-07:00,2.3,
1783005240,2026-07-02T08:14:00-07:00,2.2,
1783005300,2026-07-02T08:15:00-07:00,1.9,
1783005360,2026-07-02T08:16:00-07:00,1.6,
1783005420,2026-07-02T08:17:00-07:00,2.3,
1783005480,2026-07-02T08:18:00-07:00,2.5,
1783005540,2026-07-02T08:19:00-07:00,2.3,
1783005600,2026-07-02T08:20:00-07:00,2.1,
1783005660,2026-07-02T08:21:00-07:00,2.5,
1783005720,2026-07-02T08:22:00-07:00,2.6,
1783005780,2026-07-02T08:23:00-07:00,2.3,
1783005840,2026-07-02T08:24:00-07:00,1.6,
1783005900,2026-07-02T08:25:00-07:00,1.6,
1783005960,2026-07-02T08:26:00-07:00,2.6,
1783006020,2026-07-02T08:27:00-07:00,2,
1783006080,2026-07-02T08:28:00-07:00,1.9,
1783006140,2026-07-02T08:29:00-07:00,3.1,
1783006200,2026-07-02T08:30:00-07:00,2.3,
1783006260,2026-07-02T08:31:00-07:00,2.8,
1783006320,2026-07-02T08:32:00-07:00,2.4,
1783006380,2026-07-02T08:33:00-07:00,2.3,
1783006440,2026-07-02T08:34:00-07:00,2.6,
1783006500,2026-07-02T08:35:00-07:00,2.2,
1783006560,2026-07-02T08:36:00-07:00,3.5,
1783006620,2026-07-02T08:37:00-07:00,2,
1783006680,2026-07-02T08:38:00-07:00,3.9,
1783006740,2026-07-02T08:39:00-07:00,2.8,
1783006800,2026-07-02T08:40:00-07:00,2.2,
1783006860,2026-07-02T08:41:00-07:00,2.7,
1783006920,2026-07-02T08:42:00-07:00,2.8,
1783006980,2026-07-02T08:43:00-07:00,1.5,
1783007040,2026-07-02T08:44:00-07:00,3.2,
1783007100,2026-07-02T08:45:00-07:00,3,
1783007160,2026-07-02T08:46:00-07:00,2.1,
1783007220,2026-07-02T08:47:00-07:00,2.2,
1783007280,2026-07-02T08:48:00-07:00,2.1,
1783007340,2026-07-02T08:49:00-07:00,2.4,
1783007400,2026-07-02T08:50:00-07:00,2.2,
1783007460,2026-07-02T08:51:00-07:00,2.3,
1783007520,2026-07-02T08:52:00-07:00,2.5,
1783007580,2026-07-02T08:53:00-07:00,1.8,
1783007640,2026-07-02T08:54:00-07:00,2.6,
1783007700,2026-07-02T08:55:00-07:00,2.5,
1783007760,2026-07-02T08:56:00-07:00,2.2,
1783007820,2026-07-02T08:57:00-07:00,2.2,
1783007880,2026-07-02T08:58:00-07:00,2.6,
1783007940,2026-07-02T08:59:00-07:00,2.4,
1783008000,2026-07-02T09:00:00-07:00,2.6,
1783008060,2026-07-02T09:01:00-07:00,2.4,
1783008120,2026-07-02T09:02:00-07:00,2,
1783008180,2026-07-02T09:03:00-07:00,4.5,
1783008240,2026-07-02T09:04:00-07:00,2.2,
1783008300,2026-07-02T09:05:00-07:00,2.4,
1783008360,2026-07-02T09:06:00-07:00,1.8,
1783008420,2026-07-02T09:07:00-07:00,1.6,
1783008480,2026-07-02T09:08:00-07:00,1.9,
1783008540,2026-07-02T09:09:00-07:00,2.6,
1783008600,2026-07-02T09:10:00-07:00,2.6,
1783008660,2026-07-02T09:11:00-07:00,2.3,
1783008720,2026-07-02T09:12:00-07:00,2.3,
1783008780,2026-07-02T09:13:00-07:00,2.9,
1783008840,2026-07-02T09:14:00-07:00,3,
1783008900,2026-07-02T09:15:00-07:00,2.7,
1783008960,2026-07-02T09:16:00-07:00,2.5,
1783009020,2026-07-02T09:17:00-07:00,1.9,
1783009080,2026-07-02T09:18:00-07:00,2.7,
1783009140,2026-07-02T09:19:00-07:00,2.6,
1783009200,2026-07-02T09:20:00-07:00,1.9,
1783009260,2026-07-02T09:21:00-07:00,2.3,
1783009320,2026-07-02T09:22:00-07:00,2.2,
1783009380,2026-07-02T09:23:00-07:00,2,
1783009440,2026-07-02T09:24:00-07:00,1.9,
1783009500,2026-07-02T09:25:00-07:00,1.9,
1783009560,2026-07-02T09:26:00-07:00,2,
1783009620,2026-07-02T09:27:00-07:00,2.5,
1783009680,2026-07-02T09:28:00-07:00,1.7,
1783009740,2026-07-02T09:29:00-07:00,1.7,
1783009800,2026-07-02T09:30:00-07:00,3.6,
1783009860,2026-07-02T09:31:00-07:00,2.5,
1783009920,2026-07-02T09:32:00-07:00,2.3,
1783009980,2026-07-02T09:33:00-07:00,2.3,
1783010040,2026-07-02T09:34:00-07:00,1.8,
1783010100,2026-07-02T09:35:00-07:00,2.5,
1783010160,2026-07-02T09:36:00-07:00,2.2,
1783010220,2026-07-02T09:37:00-07:00,3,
1783010280,2026-07-02T09:38:00-07:00,1.7,
1783010340,2026-07-02T09:39:00-07:00,2.4,
1783010400,2026-07-02T09:40:00-07:00,1.7,
1783010460,2026-07-02T09:41:00-07:00,2,
1783010520,2026-07-02T09:42:00-07:00,2.2,
1783010580,2026-07-02T09:43:00-07:00,2.4,
1783010640,2026-07-02T09:44:00-07:00,2.5,
1783010700,2026-07-02T09:45:00-07:00,2.1,
1783010760,2026-07-02T09:46:00-07:00,3.2,
1783010820,2026-07-02T09:47:00-07:00,2.2,
1783010880,2026-07-02T09:48:00-07:00,2.6,
1783010940,2026-07-02T09:49:00-07:00,1.7,
1783011000,2026-07-02T09:50:00-07:00,1.9,
1783011060,2026-07-02T09:51:00-07:00,2.3,
1783011120,2026-07-02T09:52:00-07:00,2.4,
1783011180,2026-07-02T09:53:00-07:00,1.9,
1783011240,2026-07-02T09:54:00-07:00,2.4,
1783011300,2026-07-02T09:55:00-07:00,2.4,
1783011360,2026-07-02T09:56:00-07:00,2.4,
1783011420,2026-07-02T09:57:00-07:00,2.3,
1783011480,2026-07-02T09:58:00-07:00,2.5,
1783011540,2026-07-02T09:59:00-07:00,2.4,
1783011600,2026-07-02T10:00:00-07:00,2.2,
1783011660,2026-07-02T10:01:00-07:00,2.1,
1783011720,2026-07-02T10:02:00-07:00,2.5,
1783011780,2026-07-02T10:03:00-07:00,1.7,
1783011840,2026-07-02T10:04:00-07:00,2.4,
1783011900,2026-07-02T10:05:00-07:00,2.2,
1783011960,2026-07-02T10:06:00-07:00,1.6,
1783012020,2026-07-02T10:07:00-07:00,2.3,
1783012080,2026-07-02T10:08:00-07:00,6,
1783012140,2026-07-02T10:09:00-07:00,3.6,
1783012200,2026-07-02T10:10:00-07:00,2.5,
1783012260,2026-07-02T10:11:00-07:00,2.2,
1783012320,2026-07-02T10:12:00-07:00,2.3,
1783012380,2026-07-02T10:13:00-07:00,4.1,
1783012440,2026-07-02T10:14:00-07:00,2.1,
1783012500,2026-07-02T10:15:00-07:00,2,
1783012560,2026-07-02T10:16:00-07:00,2.5,
1783012620,2026-07-02T10:17:00-07:00,9.6,
1783012680,2026-07-02T10:18:00-07:00,2.4,
1783012740,2026-07-02T10:19:00-07:00,2.2,
1783012800,2026-07-02T10:20:00-07:00,2.3,
1783012860,2026-07-02T10:21:00-07:00,1.8,
1783012920,2026-07-02T10:22:00-07:00,3.6,
1783012980,2026-07-02T10:23:00-07:00,2.8,
1783013040,2026-07-02T10:24:00-07:00,2.2,
1783013100,2026-07-02T10:25:00-07:00,2.2,
1783013160,2026-07-02T10:26:00-07:00,2,
1783013220,2026-07-02T10:27:00-07:00,2.2,
1783013280,2026-07-02T10:28:00-07:00,1.9,
1783013340,2026-07-02T10:29:00-07:00,2,
1783013400,2026-07-02T10:30:00-07:00,2.2,
1783013460,2026-07-02T10:31:00-07:00,2.2,
1783013520,2026-07-02T10:32:00-07:00,2.2,
1783013580,2026-07-02T10:33:00-07:00,2.7,
1783013640,2026-07-02T10:34:00-07:00,2.4,
1783013700,2026-07-02T10:35:00-07:00,1.9,
1783013760,2026-07-02T10:36:00-07:00,2.1,
1783013820,2026-07-02T10:37:00-07:00,2.7,
1783013880,2026-07-02T10:38:00-07:00,2.3,
1783013940,2026-07-02T10:39:00-07:00,2.5,
1783014000,2026-07-02T10:40:00-07:00,2.4,
1783014060,2026-07-02T10:41:00-07:00,2.4,
1783014120,2026-07-02T10:42:00-07:00,2.2,
1783014180,2026-07-02T10:43:00-07:00,1.7,
1783014240,2026-07-02T10:44:00-07:00,2.2,
1783014300,2026-07-02T10:45:00-07:00,1.7,
1783014360,2026-07-02T10:46:00-07:00,1.6,
1783014420,2026-07-02T10:47:00-07:00,1.7,
1783014480,2026-07-02T10:48:00-07:00,3.2,
1783014540,2026-07-02T10:49:00-07:00,2.3,
1783014600,2026-07-02T10:50:00-07:00,4.1,
1783014660,2026-07-02T10:51:00-07:00,2.2,
1783014720,2026-07-02T10:52:00-07:00,2.5,
1783014780,2026-07-02T10:53:00-07:00,2.6,
1783014840,2026-07-02T10:54:00-07:00,2.2,
1783014900,2026-07-02T10:55:00-07:00,2.3,
1783014960,2026-07-02T10:56:00-07:00,1.9,
1783015020,2026-07-02T10:57:00-07:00,2.4,
1783015080,2026-07-02T10:58:00-07:00,2.4,
1783015140,2026-07-02T10:59:00-07:00,2.6,
1783015200,2026-07-02T11:00:00-07:00,2.3,
1783015260,2026-07-02T11:01:00-07:00,3.6,
1783015320,2026-07-02T11:02:00-07:00,1.7,
1783015380,2026-07-02T11:03:00-07:00,2.2,
1783015440,2026-07-02T11:04:00-07:00,1.8,
1783015500,2026-07-02T11:05:00-07:00,3.1,
1783015560,2026-07-02T11:06:00-07:00,2.5,
1783015620,2026-07-02T11:07:00-07:00,2.4,
1783015680,2026-07-02T11:08:00-07:00,2.6,
1783015740,2026-07-02T11:09:00-07:00,2.4,
1783015800,2026-07-02T11:10:00-07:00,2.6,
1783015860,2026-07-02T11:11:00-07:00,2.2,
1783015920,2026-07-02T11:12:00-07:00,1.7,
1783015980,2026-07-02T11:13:00-07:00,2.3,
1783016040,2026-07-02T11:14:00-07:00,2.4,
1783016100,2026-07-02T11:15:00-07:00,2.1,
1783016160,2026-07-02T11:16:00-07:00,2.3,
1783016220,2026-07-02T11:17:00-07:00,1.9,
1783016280,2026-07-02T11:18:00-07:00,1.6,
1783016340,2026-07-02T11:19:00-07:00,1.7,
1783016400,2026-07-02T11:20:00-07:00,2.1,
1783016460,2026-07-02T11:21:00-07:00,2.2,
1783016520,2026-07-02T11:22:00-07:00,2.2,
1783016580,2026-07-02T11:23:00-07:00,1.6,
1783016640,2026-07-02T11:24:00-07:00,1.7,
1783016700,2026-07-02T11:25:00-07:00,1.6,
1783016760,2026-07-02T11:26:00-07:00,2.3,
1783016820,2026-07-02T11:27:00-07:00,2.1,
1783016880,2026-07-02T11:28:00-07:00,2.3,
1783016940,2026-07-02T11:29:00-07:00,2.3,
1783017000,2026-07-02T11:30:00-07:00,2.7,
1783017060,2026-07-02T11:31:00-07:00,2.2,
1783017120,2026-07-02T11:32:00-07:00,1.9,
1783017180,2026-07-02T11:33:00-07:00,1.7,
1783017240,2026-07-02T11:34:00-07:00,1.8,
1783017300,2026-07-02T11:35:00-07:00,2.3,
1783017360,2026-07-02T11:36:00-07:00,2.5,
1783017420,2026-07-02T11:37:00-07:00,1.6,
1783017480,2026-07-02T11:38:00-07:00,2.5,
1783017540,2026-07-02T11:39:00-07:00,3,
1783017600,2026-07-02T11:40:00-07:00,2.4,
1783017660,2026-07-02T11:41:00-07:00,2,
1783017720,2026-07-02T11:42:00-07:00,2.8,
1783017780,2026-07-02T11:43:00-07:00,6.7,
1783017840,2026-07-02T11:44:00-07:00,2.3,
1783017900,2026-07-02T11:45:00-07:00,2.3,
1783017960,2026-07-02T11:46:00-07:00,2.3,
1783018020,2026-07-02T11:47:00-07:00,2.4,
1783018080,2026-07-02T11:48:00-07:00,1.8,
1783018140,2026-07-02T11:49:00-07:00,2.5,
1783018200,2026-07-02T11:50:00-07:00,2.1,
1783018260,2026-07-02T11:51:00-07:00,2.2,
1783018320,2026-07-02T11:52:00-07:00,2.5,
1783018380,2026-07-02T11:53:00-07:00,1.8,
1783018440,2026-07-02T11:54:00-07:00,3,
1783018500,2026-07-02T11:55:00-07:00,1.7,
1783018560,2026-07-02T11:56:00-07:00,2.6,
1783018620,2026-07-02T11:57:00-07:00,3.1,
1783018680,2026-07-02T11:58:00-07:00,2.5,
1783018740,2026-07-02T11:59:00-07:00,2.2,
1783018800,2026-07-02T12:00:00-07:00,2.1,
1783018860,2026-07-02T12:01:00-07:00,1.9,
1783018920,2026-07-02T12:02:00-07:00,2.5,
1783018980,2026-07-02T12:03:00-07:00,1.7,
1783019040,2026-07-02T12:04:00-07:00,2.3,
1783019100,2026-07-02T12:05:00-07:00,2.4,
1783019160,2026-07-02T12:06:00-07:00,2.2,
1783019220,2026-07-02T12:07:00-07:00,2.4,
1783019280,2026-07-02T12:08:00-07:00,1.8,
1783019340,2026-07-02T12:09:00-07:00,3.9,
1783019400,2026-07-02T12:10:00-07:00,2.1,
1783019460,2026-07-02T12:11:00-07:00,1.8,
1783019520,2026-07-02T12:12:00-07:00,2,
1783019580,2026-07-02T12:13:00-07:00,2.1,
1783019640,2026-07-02T12:14:00-07:00,2,
1783019700,2026-07-02T12:15:00-07:00,2.2,
1783019760,2026-07-02T12:16:00-07:00,1.9,
1783019820,2026-07-02T12:17:00-07:00,2.3,
1783019880,2026-07-02T12:18:00-07:00,2,
1783019940,2026-07-02T12:19:00-07:00,2.6,
1783020000,2026-07-02T12:20:00-07:00,10.4,
1783020060,2026-07-02T12:21:00-07:00,2.2,
1783020120,2026-07-02T12:22:00-07:00,2.4,
1783020180,2026-07-02T12:23:00-07:00,1.8,
1783020240,2026-07-02T12:24:00-07:00,2.3,
1783020300,2026-07-02T12:25:00-07:00,2.3,
1783020360,2026-07-02T12:26:00-07:00,1.9,
1783020420,2026-07-02T12:27:00-07:00,2.6,
1783020480,2026-07-02T12:28:00-07:00,2.4,
1783020540,2026-07-02T12:29:00-07:00,1.8,
1783020600,2026-07-02T12:30:00-07:00,2.2,
1783020660,2026-07-02T12:31:00-07:00,3,
1783020720,2026-07-02T12:32:00-07:00,1.7,
1783020780,2026-07-02T12:33:00-07:00,2.3,
1783020840,2026-07-02T12:34:00-07:00,1.9,
1783020900,2026-07-02T12:35:00-07:00,2.3,
1783020960,2026-07-02T12:36:00-07:00,1.8,
1783021020,2026-07-02T12:37:00-07:00,3.3,
1783021080,2026-07-02T12:38:00-07:00,2.3,
1783021140,2026-07-02T12:39:00-07:00,1.6,
1783021200,2026-07-02T12:40:00-07:00,2.7,
1783021260,2026-07-02T12:41:00-07:00,2.4,
1783021320,2026-07-02T12:42:00-07:00,2,
1783021380,2026-07-02T12:43:00-07:00,2.1,
1783021440,2026-07-02T12:44:00-07:00,2.2,
1783021500,2026-07-02T12:45:00-07:00,2.5,
1783021560,2026-07-02T12:46:00-07:00,1.8,
1783021620,2026-07-02T12:47:00-07:00,2.3,
1783021680,2026-07-02T12:48:00-07:00,2.6,
1783021740,2026-07-02T12:49:00-07:00,3,
1783021800,2026-07-02T12:50:00-07:00,2.2,
1783021860,2026-07-02T12:51:00-07:00,5.8,
1783021920,2026-07-02T12:52:00-07:00,1.7,
1783021980,2026-07-02T12:53:00-07:00,1.7,
1783022040,2026-07-02T12:54:00-07:00,1.9,
1783022100,2026-07-02T12:55:00-07:00,1.9,
1783022160,2026-07-02T12:56:00-07:00,1.9,
1783022220,2026-07-02T12:57:00-07:00,2.4,
1783022280,2026-07-02T12:58:00-07:00,2.3,
1783022340,2026-07-02T12:59:00-07:00,2.2,
1783022400,2026-07-02T13:00:00-07:00,1.7,
1783022460,2026-07-02T13:01:00-07:00,2.3,
1783022520,2026-07-02T13:02:00-07:00,2.1,
1783022580,2026-07-02T13:03:00-07:00,2.2,
1783022640,2026-07-02T13:04:00-07:00,2.3,
1783022700,2026-07-02T13:05:00-07:00,2.6,
1783022760,2026-07-02T13:06:00-07:00,2.1,
1783022820,2026-07-02T13:07:00-07:00,2.6,
1783022880,2026-07-02T13:08:00-07:00,2.1,
1783022940,2026-07-02T13:09:00-07:00,1.6,
1783023000,2026-07-02T13:10:00-07:00,2.3,
1783023060,2026-07-02T13:11:00-07:00,2.9,
1783023120,2026-07-02T13:12:00-07:00,2.1,
1783023180,2026-07-02T13:13:00-07:00,1.7,
1783023240,2026-07-02T13:14:00-07:00,2,
1783023300,2026-07-02T13:15:00-07:00,2,
1783023360,2026-07-02T13:16:00-07:00,2.5,
1783023420,2026-07-02T13:17:00-07:00,2,
1783023480,2026-07-02T13:18:00-07:00,2.3,
1783023540,2026-07-02T13:19:00-07:00,2.2,
1783023600,2026-07-02T13:20:00-07:00,2.3,
1783023660,2026-07-02T13:21:00-07:00,2.3,
1783023720,2026-07-02T13:22:00-07:00,1.9,
1783023780,2026-07-02T13:23:00-07:00,2.3,
1783023840,2026-07-02T13:24:00-07:00,6.8,
1783023900,2026-07-02T13:25:00-07:00,2.8,
1783023960,2026-07-02T13:26:00-07:00,2.4,
1783024020,2026-07-02T13:27:00-07:00,2.2,
1783024080,2026-07-02T13:28:00-07:00,2,
1783024140,2026-07-02T13:29:00-07:00,2.1,
1783024200,2026-07-02T13:30:00-07:00,2.2,
1783024260,2026-07-02T13:31:00-07:00,1.7,
1783024320,2026-07-02T13:32:00-07:00,1.7,
1783024380,2026-07-02T13:33:00-07:00,1.9,
1783024440,2026-07-02T13:34:00-07:00,2,
1783024500,2026-07-02T13:35:00-07:00,2.5,
1783024560,2026-07-02T13:36:00-07:00,1.8,
1783024620,2026-07-02T13:37:00-07:00,1.6,
1783024680,2026-07-02T13:38:00-07:00,1.9,
1783024740,2026-07-02T13:39:00-07:00,1.9,
1783024800,2026-07-02T13:40:00-07:00,2.4,
1783024860,2026-07-02T13:41:00-07:00,2.2,
1783024920,2026-07-02T13:42:00-07:00,2.3,
1783024980,2026-07-02T13:43:00-07:00,4.5,
1783025040,2026-07-02T13:44:00-07:00,2.4,
1783025100,2026-07-02T13:45:00-07:00,2.5,
1783025160,2026-07-02T13:46:00-07:00,2.1,
1783025220,2026-07-02T13:47:00-07:00,2.2,
1783025280,2026-07-02T13:48:00-07:00,2.5,
1783025340,2026-07-02T13:49:00-07:00,2.7,
1783025400,2026-07-02T13:50:00-07:00,2.5,
1783025460,2026-07-02T13:51:00-07:00,2.7,
1783025520,2026-07-02T13:52:00-07:00,2.1,
1783025580,2026-07-02T13:53:00-07:00,3.2,
1783025640,2026-07-02T13:54:00-07:00,2.2,
1783025700,2026-07-02T13:55:00-07:00,2.1,
1783025760,2026-07-02T13:56:00-07:00,2.7,
1783025820,2026-07-02T13:57:00-07:00,2.2,
1783025880,2026-07-02T13:58:00-07:00,8.7,
1783025940,2026-07-02T13:59:00-07:00,2.6,
1783026000,2026-07-02T14:00:00-07:00,2.3,
1783026060,2026-07-02T14:01:00-07:00,2.3,
1783026120,2026-07-02T14:02:00-07:00,2.4,
1783026180,2026-07-02T14:03:00-07:00,2.4,
1783026240,2026-07-02T14:04:00-07:00,2.2,
1783026300,2026-07-02T14:05:00-07:00,2.2,
1783026360,2026-07-02T14:06:00-07:00,2.4,
1783026420,2026-07-02T14:07:00-07:00,2.2,
1783026480,2026-07-02T14:08:00-07:00,1.8,
1783026540,2026-07-02T14:09:00-07:00,2.3,
1783026600,2026-07-02T14:10:00-07:00,2.2,
1783026660,2026-07-02T14:11:00-07:00,5.8,
1783026720,2026-07-02T14:12:00-07:00,2.4,
1783026780,2026-07-02T14:13:00-07:00,1.9,
1783026840,2026-07-02T14:14:00-07:00,2.3,
1783026900,2026-07-02T14:15:00-07:00,2.8,
1783026960,2026-07-02T14:16:00-07:00,2,
1783027020,2026-07-02T14:17:00-07:00,1.7,
1783027080,2026-07-02T14:18:00-07:00,2.4,
1783027140,2026-07-02T14:19:00-07:00,3.1,
1783027200,2026-07-02T14:20:00-07:00,2.4,
1783027260,2026-07-02T14:21:00-07:00,2.5,
1783027320,2026-07-02T14:22:00-07:00,2.3,
1783027380,2026-07-02T14:23:00-07:00,2.1,
1783027440,2026-07-02T14:24:00-07:00,2.3,
1783027500,2026-07-02T14:25:00-07:00,1.9,
1783027560,2026-07-02T14:26:00-07:00,1.7,
1783027620,2026-07-02T14:27:00-07:00,2.3,
1783027680,2026-07-02T14:28:00-07:00,1.6,
1783027740,2026-07-02T14:29:00-07:00,2.5,
1783027800,2026-07-02T14:30:00-07:00,2.3,
1783027860,2026-07-02T14:31:00-07:00,2.6,
1783027920,2026-07-02T14:32:00-07:00,1.8,
1783027980,2026-07-02T14:33:00-07:00,1.5,
1783028040,2026-07-02T14:34:00-07:00,1.7,
1783028100,2026-07-02T14:35:00-07:00,2.1,
1783028160,2026-07-02T14:36:00-07:00,2.2,
1783028220,2026-07-02T14:37:00-07:00,2.1,
1783028280,2026-07-02T14:38:00-07:00,1.9,
1783028340,2026-07-02T14:39:00-07:00,2.2,
1783028400,2026-07-02T14:40:00-07:00,2.2,
1783028460,2026-07-02T14:41:00-07:00,1.6,
1783028520,2026-07-02T14:42:00-07:00,2.3,
1783028580,2026-07-02T14:43:00-07:00,1.9,
1783028640,2026-07-02T14:44:00-07:00,2.3,
1783028700,2026-07-02T14:45:00-07:00,2.2,
1783028760,2026-07-02T14:46:00-07:00,1.9,
1783028820,2026-07-02T14:47:00-07:00,1.8,
1783028880,2026-07-02T14:48:00-07:00,2.2,
1783028940,2026-07-02T14:49:00-07:00,2.4,
1783029000,2026-07-02T14:50:00-07:00,2.2,
1783029060,2026-07-02T14:51:00-07:00,2.1,
1783029120,2026-07-02T14:52:00-07:00,2.2,
1783029180,2026-07-02T14:53:00-07:00,2.4,
1783029240,2026-07-02T14:54:00-07:00,2.6,
1783029300,2026-07-02T14:55:00-07:00,2.4,
1783029360,2026-07-02T14:56:00-07:00,1.8,
1783029420,2026-07-02T14:57:00-07:00,1.7,
1783029480,2026-07-02T14:58:00-07:00,12.3,
1783029540,2026-07-02T14:59:00-07:00,2,
1783029600,2026-07-02T15:00:00-07:00,2.3,
1783029660,2026-07-02T15:01:00-07:00,2.2,
1783029720,2026-07-02T15:02:00-07:00,2.6,
1783029780,2026-07-02T15:03:00-07:00,2.4,
1783029840,2026-07-02T15:04:00-07:00,2.3,
1783029900,2026-07-02T15:05:00-07:00,2.3,
1783029960,2026-07-02T15:06:00-07:00,2.4,
1783030020,2026-07-02T15:07:00-07:00,3.1,
1783030080,2026-07-02T15:08:00-07:00,2.2,
1783030140,2026-07-02T15:09:00-07:00,2.5,
1783030200,2026-07-02T15:10:00-07:00,1.9,
1783030260,2026-07-02T15:11:00-07:00,2.1,
1783030320,2026-07-02T15:12:00-07:00,2.3,
1783030380,2026-07-02T15:13:00-07:00,2.1,
1783030440,2026-07-02T15:14:00-07:00,2.3,
1783030500,2026-07-02T15:15:00-07:00,2.4,
1783030560,2026-07-02T15:16:00-07:00,2.2,
1783030620,2026-07-02T15:17:00-07:00,1.6,
1783030680,2026-07-02T15:18:00-07:00,1.7,
1783030740,2026-07-02T15:19:00-07:00,2.2,
1783030800,2026-07-02T15:20:00-07:00,1.7,
1783030860,2026-07-02T15:21:00-07:00,2.2,
1783030920,2026-07-02T15:22:00-07:00,1.8,
1783030980,2026-07-02T15:23:00-07:00,2,
1783031040,2026-07-02T15:24:00-07:00,2.2,
1783031100,2026-07-02T15:25:00-07:00,2,
1783031160,2026-07-02T15:26:00-07:00,2.1,
1783031220,2026-07-02T15:27:00-07:00,2.8,
1783031280,2026-07-02T15:28:00-07:00,2.5,
1783031340,2026-07-02T15:29:00-07:00,2,
1783031400,2026-07-02T15:30:00-07:00,2.3,
1783031460,2026-07-02T15:31:00-07:00,2.5,
1783031520,2026-07-02T15:32:00-07:00,2.3,
1783031580,2026-07-02T15:33:00-07:00,1.6,
1783031640,2026-07-02T15:34:00-07:00,2.2,
1783031700,2026-07-02T15:35:00-07:00,2.1,
1783031760,2026-07-02T15:36:00-07:00,1.7,
1783031820,2026-07-02T15:37:00-07:00,2.4,
1783031880,2026-07-02T15:38:00-07:00,2.8,
1783031940,2026-07-02T15:39:00-07:00,2.3,
1783032000,2026-07-02T15:40:00-07:00,2.2,
1783032060,2026-07-02T15:41:00-07:00,1.8,
1783032120,2026-07-02T15:42:00-07:00,1.7,
1783032180,2026-07-02T15:43:00-07:00,2,
1783032240,2026-07-02T15:44:00-07:00,5.1,
1783032300,2026-07-02T15:45:00-07:00,2.2,
1783032360,2026-07-02T15:46:00-07:00,1.7,
1783032420,2026-07-02T15:47:00-07:00,3.8,
1783032480,2026-07-02T15:48:00-07:00,2.4,
1783032540,2026-07-02T15:49:00-07:00,2.6,
1783032600,2026-07-02T15:50:00-07:00,2.8,
1783032660,2026-07-02T15:51:00-07:00,2.1,
1783032720,2026-07-02T15:52:00-07:00,2.1,
1783032780,2026-07-02T15:53:00-07:00,2.5,
1783032840,2026-07-02T15:54:00-07:00,2.6,
1783032900,2026-07-02T15:55:00-07:00,2.2,
1783032960,2026-07-02T15:56:00-07:00,2.4,
1783033020,2026-07-02T15:57:00-07:00,1.8,
1783033080,2026-07-02T15:58:00-07:00,2.5,
1783033140,2026-07-02T15:59:00-07:00,2.1,
1783033200,2026-07-02T16:00:00-07:00,2.4,
1783033260,2026-07-02T16:01:00-07:00,1.8,
1783033320,2026-07-02T16:02:00-07:00,1.6,
1783033380,2026-07-02T16:03:00-07:00,3.7,
1783033440,2026-07-02T16:04:00-07:00,2.1,
1783033500,2026-07-02T16:05:00-07:00,2.5,
1783033560,2026-07-02T16:06:00-07:00,2.4,
1783033620,2026-07-02T16:07:00-07:00,2,
1783033680,2026-07-02T16:08:00-07:00,2.4,
1783033740,2026-07-02T16:09:00-07:00,2.3,
1783033800,2026-07-02T16:10:00-07:00,2.1,
1783033860,2026-07-02T16:11:00-07:00,1.9,
1783033920,2026-07-02T16:12:00-07:00,1.7,
1783033980,2026-07-02T16:13:00-07:00,1.7,
1783034040,2026-07-02T16:14:00-07:00,2.1,
1783034100,2026-07-02T16:15:00-07:00,3.5,
1783034160,2026-07-02T16:16:00-07:00,1.6,
1783034220,2026-07-02T16:17:00-07:00,1.8,
1783034280,2026-07-02T16:18:00-07:00,2.2,
1783034340,2026-07-02T16:19:00-07:00,1.8,
1783034400,2026-07-02T16:20:00-07:00,5.7,
1783034460,2026-07-02T16:21:00-07:00,2.1,
1783034520,2026-07-02T16:22:00-07:00,2.2,
1783034580,2026-07-02T16:23:00-07:00,2.3,
1783034640,2026-07-02T16:24:00-07:00,1.6,
1783034700,2026-07-02T16:25:00-07:00,2.2,
1783034760,2026-07-02T16:26:00-07:00,2.2,
1783034820,2026-07-02T16:27:00-07:00,2.4,
1783034880,2026-07-02T16:28:00-07:00,13.2,
1783034940,2026-07-02T16:29:00-07:00,2.5,
1783035000,2026-07-02T16:30:00-07:00,2.5,
1783035060,2026-07-02T16:31:00-07:00,1.4,
1783035120,2026-07-02T16:32:00-07:00,2,
1783035180,2026-07-02T16:33:00-07:00,3.1,
1783035240,2026-07-02T16:34:00-07:00,2.3,
1783035300,2026-07-02T16:35:00-07:00,2.2,
1783035360,2026-07-02T16:36:00-07:00,1.7,
1783035420,2026-07-02T16:37:00-07:00,1.9,
1783035480,2026-07-02T16:38:00-07:00,1.7,
1783035540,2026-07-02T16:39:00-07:00,2.1,
1783035600,2026-07-02T16:40:00-07:00,2.3,
1783035660,2026-07-02T16:41:00-07:00,2,
1783035720,2026-07-02T16:42:00-07:00,2.6,
1783035780,2026-07-02T16:43:00-07:00,2.1,
1783035840,2026-07-02T16:44:00-07:00,2.5,
1783035900,2026-07-02T16:45:00-07:00,2.8,
1783035960,2026-07-02T16:46:00-07:00,2.2,
1783036020,2026-07-02T16:47:00-07:00,2,
1783036080,2026-07-02T16:48:00-07:00,1.7,
1783036140,2026-07-02T16:49:00-07:00,2.2,
1783036200,2026-07-02T16:50:00-07:00,2.1,
1783036260,2026-07-02T16:51:00-07:00,2.3,
1783036320,2026-07-02T16:52:00-07:00,7.1,
1783036380,2026-07-02T16:53:00-07:00,1.7,
1783036440,2026-07-02T16:54:00-07:00,2.2,
1783036500,2026-07-02T16:55:00-07:00,2.1,
1783036560,2026-07-02T16:56:00-07:00,1.9,
1783036620,2026-07-02T16:57:00-07:00,2.1,
1783036680,2026-07-02T16:58:00-07:00,2.5,
1783036740,2026-07-02T16:59:00-07:00,2.2,
1783036800,2026-07-02T17:00:00-07:00,1.9,
1783036860,2026-07-02T17:01:00-07:00,2.2,
1783036920,2026-07-02T17:02:00-07:00,1.7,
1783036980,2026-07-02T17:03:00-07:00,2.3,
1783037040,2026-07-02T17:04:00-07:00,2,
1783037100,2026-07-02T17:05:00-07:00,1.9,
1783037160,2026-07-02T17:06:00-07:00,2.4,
1783037220,2026-07-02T17:07:00-07:00,1.6,
1783037280,2026-07-02T17:08:00-07:00,2.4,
1783037340,2026-07-02T17:09:00-07:00,2.1,
1783037400,2026-07-02T17:10:00-07:00,2.2,
1783037460,2026-07-02T17:11:00-07:00,1.7,
1783037520,2026-07-02T17:12:00-07:00,1.8,
1783037580,2026-07-02T17:13:00-07:00,1.6,
1783037640,2026-07-02T17:14:00-07:00,2.4,
1783037700,2026-07-02T17:15:00-07:00,1.8,
1783037760,2026-07-02T17:16:00-07:00,2.6,
1783037820,2026-07-02T17:17:00-07:00,1.8,
1783037880,2026-07-02T17:18:00-07:00,2.4,
1783037940,2026-07-02T17:19:00-07:00,2.5,
1783038000,2026-07-02T17:20:00-07:00,2.1,
1783038060,2026-07-02T17:21:00-07:00,1.6,
1783038120,2026-07-02T17:22:00-07:00,3.7,
1783038180,2026-07-02T17:23:00-07:00,2.5,
1783038240,2026-07-02T17:24:00-07:00,1.6,
1783038300,2026-07-02T17:25:00-07:00,2,
1783038360,2026-07-02T17:26:00-07:00,2.2,
1783038420,2026-07-02T17:27:00-07:00,1.6,
1783038480,2026-07-02T17:28:00-07:00,2.4,
1783038540,2026-07-02T17:29:00-07:00,1.6,
1783038600,2026-07-02T17:30:00-07:00,3.7,
1783038660,2026-07-02T17:31:00-07:00,2.2,
1783038720,2026-07-02T17:32:00-07:00,2,
1783038780,2026-07-02T17:33:00-07:00,1.6,
1783038840,2026-07-02T17:34:00-07:00,2.6,
1783038900,2026-07-02T17:35:00-07:00,1.7,
1783038960,2026-07-02T17:36:00-07:00,10.1,
1783039020,2026-07-02T17:37:00-07:00,5.6,
1783039080,2026-07-02T17:38:00-07:00,2,
1783039140,2026-07-02T17:39:00-07:00,5,
1783039200,2026-07-02T17:40:00-07:00,2.7,
1783039260,2026-07-02T17:41:00-07:00,2.5,
1783039320,2026-07-02T17:42:00-07:00,1.7,
1783039380,2026-07-02T17:43:00-07:00,1.7,
1783039440,2026-07-02T17:44:00-07:00,2.2,
1783039500,2026-07-02T17:45:00-07:00,2.1,
1783039560,2026-07-02T17:46:00-07:00,2.2,
1783039620,2026-07-02T17:47:00-07:00,2.4,
1783039680,2026-07-02T17:48:00-07:00,3.2,
1783039740,2026-07-02T17:49:00-07:00,2.1,
1783039800,2026-07-02T17:50:00-07:00,2.2,
1783039860,2026-07-02T17:51:00-07:00,2.2,
1783039920,2026-07-02T17:52:00-07:00,3.2,
1783039980,2026-07-02T17:53:00-07:00,2.4,
1783040040,2026-07-02T17:54:00-07:00,2.2,
1783040100,2026-07-02T17:55:00-07:00,2.1,
1783040160,2026-07-02T17:56:00-07:00,2.4,
1783040220,2026-07-02T17:57:00-07:00,2.2,
1783040280,2026-07-02T17:58:00-07:00,4.6,
1783040340,2026-07-02T17:59:00-07:00,2.1,
1783040400,2026-07-02T18:00:00-07:00,1.9,
1783040460,2026-07-02T18:01:00-07:00,2.4,
1783040520,2026-07-02T18:02:00-07:00,1.9,
1783040580,2026-07-02T18:03:00-07:00,2.4,
1783040640,2026-07-02T18:04:00-07:00,1.7,
1783040700,2026-07-02T18:05:00-07:00,1.6,
1783040760,2026-07-02T18:06:00-07:00,2.3,
1783040820,2026-07-02T18:07:00-07:00,2.5,
1783040880,2026-07-02T18:08:00-07:00,2.3,
1783040940,2026-07-02T18:09:00-07:00,1.7,
1783041000,2026-07-02T18:10:00-07:00,2.3,
1783041060,2026-07-02T18:11:00-07:00,1.7,
1783041120,2026-07-02T18:12:00-07:00,2.7,
1783041180,2026-07-02T18:13:00-07:00,1.9,
1783041240,2026-07-02T18:14:00-07:00,2.5,
1783041300,2026-07-02T18:15:00-07:00,2.3,
1783041360,2026-07-02T18:16:00-07:00,2.4,
1783041420,2026-07-02T18:17:00-07:00,2.2,
1783041480,2026-07-02T18:18:00-07:00,2,
1783041540,2026-07-02T18:19:00-07:00,2.6,
1783041600,2026-07-02T18:20:00-07:00,2.7,
1783041660,2026-07-02T18:21:00-07:00,2.5,
1783041720,2026-07-02T18:22:00-07:00,2.2,
1783041780,2026-07-02T18:23:00-07:00,1.6,
1783041840,2026-07-02T18:24:00-07:00,1.9,
1783041900,2026-07-02T18:25:00-07:00,2.2,
1783041960,2026-07-02T18:26:00-07:00,2,
1783042020,2026-07-02T18:27:00-07:00,1.6,
1783042080,2026-07-02T18:28:00-07:00,2.4,
1783042140,2026-07-02T18:29:00-07:00,2.2,
1783042200,2026-07-02T18:30:00-07:00,2.4,
1783042260,2026-07-02T18:31:00-07:00,3.7,
1783042320,2026-07-02T18:32:00-07:00,1.7,
1783042380,2026-07-02T18:33:00-07:00,2,
1783042440,2026-07-02T18:34:00-07:00,2.1,
1783042500,2026-07-02T18:35:00-07:00,1.9,
1783042560,2026-07-02T18:36:00-07:00,2.4,
1783042620,2026-07-02T18:37:00-07:00,2.2,
1783042680,2026-07-02T18:38:00-07:00,2.1,
1783042740,2026-07-02T18:39:00-07:00,2.1,
1783042800,2026-07-02T18:40:00-07:00,2.3,
1783042860,2026-07-02T18:41:00-07:00,2.5,
1783042920,2026-07-02T18:42:00-07:00,2.4,
1783042980,2026-07-02T18:43:00-07:00,2,
1783043040,2026-07-02T18:44:00-07:00,1.8,
1783043100,2026-07-02T18:45:00-07:00,2.3,
1783043160,2026-07-02T18:46:00-07:00,2,
1783043220,2026-07-02T18:47:00-07:00,2.5,
1783043280,2026-07-02T18:48:00-07:00,2.1,
1783043340,2026-07-02T18:49:00-07:00,2.1,
1783043400,2026-07-02T18:50:00-07:00,2.4,
1783043460,2026-07-02T18:51:00-07:00,2.7,
1783043520,2026-07-02T18:52:00-07:00,3,
1783043580,2026-07-02T18:53:00-07:00,2.1,
1783043640,2026-07-02T18:54:00-07:00,1.9,
1783043700,2026-07-02T18:55:00-07:00,2.2,
1783043760,2026-07-02T18:56:00-07:00,2.6,
1783043820,2026-07-02T18:57:00-07:00,2.1,
1783043880,2026-07-02T18:58:00-07:00,2.1,
1783043940,2026-07-02T18:59:00-07:00,2.2,
1783044000,2026-07-02T19:00:00-07:00,2.5,
1783044060,2026-07-02T19:01:00-07:00,2.4,
1783044120,2026-07-02T19:02:00-07:00,2.1,
1783044180,2026-07-02T19:03:00-07:00,1.9,
1783044240,2026-07-02T19:04:00-07:00,1.6,
1783044300,2026-07-02T19:05:00-07:00,2.1,
1783044360,2026-07-02T19:06:00-07:00,1.8,
1783044420,2026-07-02T19:07:00-07:00,2.5,
1783044480,2026-07-02T19:08:00-07:00,2.1,
1783044540,2026-07-02T19:09:00-07:00,2.1,
1783044600,2026-07-02T19:10:00-07:00,2.1,
1783044660,2026-07-02T19:11:00-07:00,2.6,
1783044720,2026-07-02T19:12:00-07:00,2.3,
1783044780,2026-07-02T19:13:00-07:00,2.6,
1783044840,2026-07-02T19:14:00-07:00,2,
1783044900,2026-07-02T19:15:00-07:00,2.4,
1783044960,2026-07-02T19:16:00-07:00,2.4,
1783045020,2026-07-02T19:17:00-07:00,2.7,
1783045080,2026-07-02T19:18:00-07:00,2.7,
1783045140,2026-07-02T19:19:00-07:00,2.4,
1783045200,2026-07-02T19:20:00-07:00,2.2,
1783045260,2026-07-02T19:21:00-07:00,2.3,
1783045320,2026-07-02T19:22:00-07:00,1.8,
1783045380,2026-07-02T19:23:00-07:00,2.3,
1783045440,2026-07-02T19:24:00-07:00,5.2,
1783045500,2026-07-02T19:25:00-07:00,2.4,
1783045560,2026-07-02T19:26:00-07:00,1.8,
1783045620,2026-07-02T19:27:00-07:00,1.9,
1783045680,2026-07-02T19:28:00-07:00,1.9,
1783045740,2026-07-02T19:29:00-07:00,2.1,
1783045800,2026-07-02T19:30:00-07:00,2.5,
1783045860,2026-07-02T19:31:00-07:00,2.5,
1783045920,2026-07-02T19:32:00-07:00,1.7,
1783045980,2026-07-02T19:33:00-07:00,2.3,
1783046040,2026-07-02T19:34:00-07:00,2.2,
1783046100,2026-07-02T19:35:00-07:00,2.1,
1783046160,2026-07-02T19:36:00-07:00,2.3,
1783046220,2026-07-02T19:37:00-07:00,2.2,
1783046280,2026-07-02T19:38:00-07:00,7.7,
1783046340,2026-07-02T19:39:00-07:00,2.2,
1783046400,2026-07-02T19:40:00-07:00,2.2,
1783046460,2026-07-02T19:41:00-07:00,2.4,
1783046520,2026-07-02T19:42:00-07:00,2.1,
1783046580,2026-07-02T19:43:00-07:00,2.3,
1783046640,2026-07-02T19:44:00-07:00,1.5,
1783046700,2026-07-02T19:45:00-07:00,2.1,
1783046760,2026-07-02T19:46:00-07:00,2.3,
1783046820,2026-07-02T19:47:00-07:00,1.8,
1783046880,2026-07-02T19:48:00-07:00,2.3,
1783046940,2026-07-02T19:49:00-07:00,2.8,
1783047000,2026-07-02T19:50:00-07:00,1.9,
1783047060,2026-07-02T19:51:00-07:00,2.4,
1783047120,2026-07-02T19:52:00-07:00,3.5,
1783047180,2026-07-02T19:53:00-07:00,2.3,
1783047240,2026-07-02T19:54:00-07:00,2.1,
1783047300,2026-07-02T19:55:00-07:00,2.5,
1783047360,2026-07-02T19:56:00-07:00,2.1,
1783047420,2026-07-02T19:57:00-07:00,2.5,
1783047480,2026-07-02T19:58:00-07:00,1.9,
1783047540,2026-07-02T19:59:00-07:00,1.8,
1783047600,2026-07-02T20:00:00-07:00,1.4,
1783047660,2026-07-02T20:01:00-07:00,2.8,
1783047720,2026-07-02T20:02:00-07:00,1.7,
1783047780,2026-07-02T20:03:00-07:00,2.2,
1783047840,2026-07-02T20:04:00-07:00,2.6,
1783047900,2026-07-02T20:05:00-07:00,2.3,
1783047960,2026-07-02T20:06:00-07:00,2.4,
1783048020,2026-07-02T20:07:00-07:00,4,
1783048080,2026-07-02T20:08:00-07:00,2.9,
1783048140,2026-07-02T20:09:00-07:00,2.5,
1783048200,2026-07-02T20:10:00-07:00,2.5,
1783048260,2026-07-02T20:11:00-07:00,4.9,
1783048320,2026-07-02T20:12:00-07:00,1.7,
1783048380,2026-07-02T20:13:00-07:00,2.1,
1783048440,2026-07-02T20:14:00-07:00,2.3,
1783048500,2026-07-02T20:15:00-07:00,1.7,
1783048560,2026-07-02T20:16:00-07:00,2.3,
1783048620,2026-07-02T20:17:00-07:00,2.7,
1783048680,2026-07-02T20:18:00-07:00,2.3,
1783048740,2026-07-02T20:19:00-07:00,2.6,
1783048800,2026-07-02T20:20:00-07:00,2.1,
1783048860,2026-07-02T20:21:00-07:00,2.5,
1783048920,2026-07-02T20:22:00-07:00,2.4,
1783048980,2026-07-02T20:23:00-07:00,1.7,
1783049040,2026-07-02T20:24:00-07:00,2.2,
1783049100,2026-07-02T20:25:00-07:00,2,
1783049160,2026-07-02T20:26:00-07:00,2.1,
1783049220,2026-07-02T20:27:00-07:00,2.1,
1783049280,2026-07-02T20:28:00-07:00,1.6,
1783049340,2026-07-02T20:29:00-07:00,1.7,
1783049400,2026-07-02T20:30:00-07:00,2.7,
1783049460,2026-07-02T20:31:00-07:00,2.2,
1783049520,2026-07-02T20:32:00-07:00,2.6,
1783049580,2026-07-02T20:33:00-07:00,1.7,
1783049640,2026-07-02T20:34:00-07:00,2.6,
1783049700,2026-07-02T20:35:00-07:00,2,
1783049760,2026-07-02T20:36:00-07:00,2.5,
1783049820,2026-07-02T20:37:00-07:00,2.3,
1783049880,2026-07-02T20:38:00-07:00,1.7,
1783049940,2026-07-02T20:39:00-07:00,2.1,
1783050000,2026-07-02T20:40:00-07:00,7.6,
1783050060,2026-07-02T20:41:00-07:00,2.1,
1783050120,2026-07-02T20:42:00-07:00,1.6,
1783050180,2026-07-02T20:43:00-07:00,2.2,
1783050240,2026-07-02T20:44:00-07:00,2.2,
1783050300,2026-07-02T20:45:00-07:00,2.1,
1783050360,2026-07-02T20:46:00-07:00,2.1,
1783050420,2026-07-02T20:47:00-07:00,2.3,
1783050480,2026-07-02T20:48:00-07:00,2.1,
1783050540,2026-07-02T20:49:00-07:00,2.3,
1783050600,2026-07-02T20:50:00-07:00,4.1,
1783050660,2026-07-02T20:51:00-07:00,2.8,
1783050720,2026-07-02T20:52:00-07:00,2,
1783050780,2026-07-02T20:53:00-07:00,2.6,
1783050840,2026-07-02T20:54:00-07:00,2.8,
1783050900,2026-07-02T20:55:00-07:00,1.7,
1783050960,2026-07-02T20:56:00-07:00,1.9,
1783051020,2026-07-02T20:57:00-07:00,2.2,
1783051080,2026-07-02T20:58:00-07:00,2.4,
1783051140,2026-07-02T20:59:00-07:00,2.6,
1783051200,2026-07-02T21:00:00-07:00,2.5,
1783051260,2026-07-02T21:01:00-07:00,2.2,
1783051320,2026-07-02T21:02:00-07:00,3.4,
1783051380,2026-07-02T21:03:00-07:00,1.9,
1783051440,2026-07-02T21:04:00-07:00,2,
1783051500,2026-07-02T21:05:00-07:00,10.6,
1783051560,2026-07-02T21:06:00-07:00,2.5,
1783051620,2026-07-02T21:07:00-07:00,2.2,
1783051680,2026-07-02T21:08:00-07:00,2.4,
1783051740,2026-07-02T21:09:00-07:00,2.5,
1783051800,2026-07-02T21:10:00-07:00,2.1,
1783051860,2026-07-02T21:11:00-07:00,1.7,
1783051920,2026-07-02T21:12:00-07:00,2.2,
1783051980,2026-07-02T21:13:00-07:00,2.5,
1783052040,2026-07-02T21:14:00-07:00,2,
1783052100,2026-07-02T21:15:00-07:00,2.3,
1783052160,2026-07-02T21:16:00-07:00,2.7,
1783052220,2026-07-02T21:17:00-07:00,2.4,
1783052280,2026-07-02T21:18:00-07:00,1.9,
1783052340,2026-07-02T21:19:00-07:00,2.6,
1783052400,2026-07-02T21:20:00-07:00,2.4,
1783052460,2026-07-02T21:21:00-07:00,2.1,
1783052520,2026-07-02T21:22:00-07:00,2.4,
1783052580,2026-07-02T21:23:00-07:00,2.7,
1783052640,2026-07-02T21:24:00-07:00,3,
1783052700,2026-07-02T21:25:00-07:00,2.3,
1783052760,2026-07-02T21:26:00-07:00,1.7,
1783052820,2026-07-02T21:27:00-07:00,1.8,
1783052880,2026-07-02T21:28:00-07:00,2.6,
1783052940,2026-07-02T21:29:00-07:00,2.2,
1783053000,2026-07-02T21:30:00-07:00,2,
1783053060,2026-07-02T21:31:00-07:00,1.6,
1783053120,2026-07-02T21:32:00-07:00,1.8,
1783053180,2026-07-02T21:33:00-07:00,2.3,
1783053240,2026-07-02T21:34:00-07:00,1.6,
1783053300,2026-07-02T21:35:00-07:00,2.7,
1783053360,2026-07-02T21:36:00-07:00,1.6,
1783053420,2026-07-02T21:37:00-07:00,2.2,
1783053480,2026-07-02T21:38:00-07:00,2.1,
1783053540,2026-07-02T21:39:00-07:00,2.1,
1783053600,2026-07-02T21:40:00-07:00,2.4,
1783053660,2026-07-02T21:41:00-07:00,2,
1783053720,2026-07-02T21:42:00-07:00,3.9,
1783053780,2026-07-02T21:43:00-07:00,2,
1783053840,2026-07-02T21:44:00-07:00,3.7,
1783053900,2026-07-02T21:45:00-07:00,1.8,
1783053960,2026-07-02T21:46:00-07:00,2.2,
1783054020,2026-07-02T21:47:00-07:00,2.5,
1783054080,2026-07-02T21:48:00-07:00,1.9,
1783054140,2026-07-02T21:49:00-07:00,4.1,
1783054200,2026-07-02T21:50:00-07:00,2.6,
1783054260,2026-07-02T21:51:00-07:00,10.1,
1783054320,2026-07-02T21:52:00-07:00,2.4,
1783054380,2026-07-02T21:53:00-07:00,2.4,
1783054440,2026-07-02T21:54:00-07:00,2.6,
1783054500,2026-07-02T21:55:00-07:00,2.7,
1783054560,2026-07-02T21:56:00-07:00,1.7,
1783054620,2026-07-02T21:57:00-07:00,2.2,
1783054680,2026-07-02T21:58:00-07:00,2.6,
1783054740,2026-07-02T21:59:00-07:00,2,
1783054800,2026-07-02T22:00:00-07:00,2,
1783054860,2026-07-02T22:01:00-07:00,2.2,
1783054920,2026-07-02T22:02:00-07:00,2.2,
1783054980,2026-07-02T22:03:00-07:00,2.4,
1783055040,2026-07-02T22:04:00-07:00,2,
1783055100,2026-07-02T22:05:00-07:00,2.1,
1783055160,2026-07-02T22:06:00-07:00,2.6,
1783055220,2026-07-02T22:07:00-07:00,2.2,
1783055280,2026-07-02T22:08:00-07:00,1.7,
1783055340,2026-07-02T22:09:00-07:00,2.1,
1783055400,2026-07-02T22:10:00-07:00,2.8,
1783055460,2026-07-02T22:11:00-07:00,2.4,
1783055520,2026-07-02T22:12:00-07:00,2.5,
1783055580,2026-07-02T22:13:00-07:00,2.2,
1783055640,2026-07-02T22:14:00-07:00,2.3,
1783055700,2026-07-02T22:15:00-07:00,2.5,
1783055760,2026-07-02T22:16:00-07:00,2.4,
1783055820,2026-07-02T22:17:00-07:00,14.1,
1783055880,2026-07-02T22:18:00-07:00,2,
1783055940,2026-07-02T22:19:00-07:00,2,
1783056000,2026-07-02T22:20:00-07:00,3,
1783056060,2026-07-02T22:21:00-07:00,1.7,
1783056120,2026-07-02T22:22:00-07:00,1.9,
1783056180,2026-07-02T22:23:00-07:00,2.7,
1783056240,2026-07-02T22:24:00-07:00,2.4,
1783056300,2026-07-02T22:25:00-07:00,1.8,
1783056360,2026-07-02T22:26:00-07:00,1.7,
1783056420,2026-07-02T22:27:00-07:00,1.8,
1783056480,2026-07-02T22:28:00-07:00,1.7,
1783056540,2026-07-02T22:29:00-07:00,2.2,
1783056600,2026-07-02T22:30:00-07:00,2,
1783056660,2026-07-02T22:31:00-07:00,2.4,
1783056720,2026-07-02T22:32:00-07:00,2.5,
1783056780,2026-07-02T22:33:00-07:00,3,
1783056840,2026-07-02T22:34:00-07:00,1.7,
1783056900,2026-07-02T22:35:00-07:00,1.9,
1783056960,2026-07-02T22:36:00-07:00,2.5,
1783057020,2026-07-02T22:37:00-07:00,2.6,
1783057080,2026-07-02T22:38:00-07:00,1.6,
1783057140,2026-07-02T22:39:00-07:00,2.1,
1783057200,2026-07-02T22:40:00-07:00,1.7,
1783057260,2026-07-02T22:41:00-07:00,2.5,
1783057320,2026-07-02T22:42:00-07:00,1.9,
1783057380,2026-07-02T22:43:00-07:00,2,
1783057440,2026-07-02T22:44:00-07:00,3.3,
1783057500,2026-07-02T22:45:00-07:00,2.6,
1783057560,2026-07-02T22:46:00-07:00,6,
1783057620,2026-07-02T22:47:00-07:00,9.4,
1783057680,2026-07-02T22:48:00-07:00,1.7,
1783057740,2026-07-02T22:49:00-07:00,1.6,
1783057800,2026-07-02T22:50:00-07:00,1.7,
1783057860,2026-07-02T22:51:00-07:00,4.4,
1783057920,2026-07-02T22:52:00-07:00,2.1,
1783057980,2026-07-02T22:53:00-07:00,1.9,
1783058040,2026-07-02T22:54:00-07:00,2.5,
1783058100,2026-07-02T22:55:00-07:00,2.2,
1783058160,2026-07-02T22:56:00-07:00,2.2,
1783058220,2026-07-02T22:57:00-07:00,6.8,
1783058280,2026-07-02T22:58:00-07:00,2.3,
1783058340,2026-07-02T22:59:00-07:00,2.7,
1783058400,2026-07-02T23:00:00-07:00,2.4,
1783058460,2026-07-02T23:01:00-07:00,7.2,
1783058520,2026-07-02T23:02:00-07:00,2.2,
1783058580,2026-07-02T23:03:00-07:00,2.2,
1783058640,2026-07-02T23:04:00-07:00,2.9,
1783058700,2026-07-02T23:05:00-07:00,2.5,
1783058760,2026-07-02T23:06:00-07:00,2.2,
1783058820,2026-07-02T23:07:00-07:00,2.1,
1783058880,2026-07-02T23:08:00-07:00,2.2,
1783058940,2026-07-02T23:09:00-07:00,7.1,
1783059000,2026-07-02T23:10:00-07:00,2.8,
1783059060,2026-07-02T23:11:00-07:00,1.9,
1783059120,2026-07-02T23:12:00-07:00,2.3,
1783059180,2026-07-02T23:13:00-07:00,2.1,
1783059240,2026-07-02T23:14:00-07:00,2.4,
1783059300,2026-07-02T23:15:00-07:00,2.5,
1783059360,2026-07-02T23:16:00-07:00,1.7,
1783059420,2026-07-02T23:17:00-07:00,1.9,
1783059480,2026-07-02T23:18:00-07:00,2.4,
1783059540,2026-07-02T23:19:00-07:00,2.1,
1783059600,2026-07-02T23:20:00-07:00,1.6,
1783059660,2026-07-02T23:21:00-07:00,2.2,
1783059720,2026-07-02T23:22:00-07:00,2.2,
1783059780,2026-07-02T23:23:00-07:00,2.3,
1783059840,2026-07-02T23:24:00-07:00,1.8,
1783059900,2026-07-02T23:25:00-07:00,2.8,
1783059960,2026-07-02T23:26:00-07:00,2.3,
1783060020,2026-07-02T23:27:00-07:00,2.8,
1783060080,2026-07-02T23:28:00-07:00,2.4,
1783060140,2026-07-02T23:29:00-07:00,1.9,
1783060200,2026-07-02T23:30:00-07:00,2.8,
1783060260,2026-07-02T23:31:00-07:00,2,
1783060320,2026-07-02T23:32:00-07:00,3.1,
1783060380,2026-07-02T23:33:00-07:00,2.3,
1783060440,2026-07-02T23:34:00-07:00,2.1,
1783060500,2026-07-02T23:35:00-07:00,2.3,
1783060560,2026-07-02T23:36:00-07:00,2.3,
1783060620,2026-07-02T23:37:00-07:00,2.4,
1783060680,2026-07-02T23:38:00-07:00,2.2,
1783060740,2026-07-02T23:39:00-07:00,3.9,
1783060800,2026-07-02T23:40:00-07:00,2.2,
1783060860,2026-07-02T23:41:00-07:00,2.1,
1783060920,2026-07-02T23:42:00-07:00,2.3,
1783060980,2026-07-02T23:43:00-07:00,2,
1783061040,2026-07-02T23:44:00-07:00,2.1,
1783061100,2026-07-02T23:45:00-07:00,1.8,
1783061160,2026-07-02T23:46:00-07:00,2,
1783061220,2026-07-02T23:47:00-07:00,2.3,
1783061280,2026-07-02T23:48:00-07:00,2.9,
1783061340,2026-07-02T23:49:00-07:00,2.9,
1783061400,2026-07-02T23:50:00-07:00,2.1,
1783061460,2026-07-02T23:51:00-07:00,1.6,
1783061520,2026-07-02T23:52:00-07:00,1.8,
1783061580,2026-07-02T23:53:00-07:00,1.9,
1783061640,2026-07-02T23:54:00-07:00,1.7,
1783061700,2026-07-02T23:55:00-07:00,3,
1783061760,2026-07-02T23:56:00-07:00,2.4,
1783061820,2026-07-02T23:57:00-07:00,2.6,
1783061880,2026-07-02T23:58:00-07:00,2.2,
1783061940,2026-07-02T23:59:00-07:00,2,
1783062000,2026-07-03T00:00:00-07:00,1.5,
1783062060,2026-07-03T00:01:00-07:00,2.8,
1783062120,2026-07-03T00:02:00-07:00,2.2,
1783062180,2026-07-03T00:03:00-07:00,1.9,
1783062240,2026-07-03T00:04:00-07:00,2.3,
1783062300,2026-07-03T00:05:00-07:00,2,
1783062360,2026-07-03T00:06:00-07:00,1.9,
1783062420,2026-07-03T00:07:00-07:00,2.3,
1783062480,2026-07-03T00:08:00-07:00,1.7,
1783062540,2026-07-03T00:09:00-07:00,1.7,
1783062600,2026-07-03T00:10:00-07:00,1.9,
1783062660,2026-07-03T00:11:00-07:00,2.1,
1783062720,2026-07-03T00:12:00-07:00,2.1,
1783062780,2026-07-03T00:13:00-07:00,1.7,
1783062840,2026-07-03T00:14:00-07:00,2,
1783062900,2026-07-03T00:15:00-07:00,1.8,
1783062960,2026-07-03T00:16:00-07:00,3.1,
1783063020,2026-07-03T00:17:00-07:00,2.3,
1783063080,2026-07-03T00:18:00-07:00,2.3,
1783063140,2026-07-03T00:19:00-07:00,1.8,
1783063200,2026-07-03T00:20:00-07:00,3,
1783063260,2026-07-03T00:21:00-07:00,1.7,
1783063320,2026-07-03T00:22:00-07:00,3.5,
1783063380,2026-07-03T00:23:00-07:00,2.4,
1783063440,2026-07-03T00:24:00-07:00,2.4,
1783063500,2026-07-03T00:25:00-07:00,2.5,
1783063560,2026-07-03T00:26:00-07:00,2.2,
1783063620,2026-07-03T00:27:00-07:00,1.5,
1783063680,2026-07-03T00:28:00-07:00,2.5,
1783063740,2026-07-03T00:29:00-07:00,2.5,
1783063800,2026-07-03T00:30:00-07:00,2.1,
1783063860,2026-07-03T00:31:00-07:00,3.2,
1783063920,2026-07-03T00:32:00-07:00,2.6,
1783063980,2026-07-03T00:33:00-07:00,3.1,
1783064040,2026-07-03T00:34:00-07:00,2.4,
1783064100,2026-07-03T00:35:00-07:00,1.6,
1783064160,2026-07-03T00:36:00-07:00,2.3,
1783064220,2026-07-03T00:37:00-07:00,2.1,
1783064280,2026-07-03T00:38:00-07:00,2.1,
1783064340,2026-07-03T00:39:00-07:00,2,
1783064400,2026-07-03T00:40:00-07:00,2.8,
1783064460,2026-07-03T00:41:00-07:00,2.5,
1783064520,2026-07-03T00:42:00-07:00,4.5,
1783064580,2026-07-03T00:43:00-07:00,3.5,
1783064640,2026-07-03T00:44:00-07:00,2,
1783064700,2026-07-03T00:45:00-07:00,2.1,
1783064760,2026-07-03T00:46:00-07:00,2.1,
1783064820,2026-07-03T00:47:00-07:00,2,
1783064880,2026-07-03T00:48:00-07:00,3,
1783064940,2026-07-03T00:49:00-07:00,1.5,
1783065000,2026-07-03T00:50:00-07:00,1.9,
1783065060,2026-07-03T00:51:00-07:00,5.6,
1783065120,2026-07-03T00:52:00-07:00,2.6,
1783065180,2026-07-03T00:53:00-07:00,3.3,
1783065240,2026-07-03T00:54:00-07:00,2.8,
1783065300,2026-07-03T00:55:00-07:00,3.1,
1783065360,2026-07-03T00:56:00-07:00,2.8,
1783065420,2026-07-03T00:57:00-07:00,1.7,
1783065480,2026-07-03T00:58:00-07:00,2.4,
1783065540,2026-07-03T00:59:00-07:00,2.3,
1783065600,2026-07-03T01:00:00-07:00,3.6,
1783065660,2026-07-03T01:01:00-07:00,2.5,
1783065720,2026-07-03T01:02:00-07:00,2.7,
1783065780,2026-07-03T01:03:00-07:00,2.3,
1783065840,2026-07-03T01:04:00-07:00,2.2,
1783065900,2026-07-03T01:05:00-07:00,2.4,
1783065960,2026-07-03T01:06:00-07:00,2,
1783066020,2026-07-03T01:07:00-07:00,2.5,
1783066080,2026-07-03T01:08:00-07:00,2.2,
1783066140,2026-07-03T01:09:00-07:00,2.1,
1783066200,2026-07-03T01:10:00-07:00,2.3,
1783066260,2026-07-03T01:11:00-07:00,2.1,
1783066320,2026-07-03T01:12:00-07:00,3,
1783066380,2026-07-03T01:13:00-07:00,6.2,
1783066440,2026-07-03T01:14:00-07:00,2.2,
1783066500,2026-07-03T01:15:00-07:00,2,
1783066560,2026-07-03T01:16:00-07:00,4.6,
1783066620,2026-07-03T01:17:00-07:00,2.6,
1783066680,2026-07-03T01:18:00-07:00,2.8,
1783066740,2026-07-03T01:19:00-07:00,4.3,
1783066800,2026-07-03T01:20:00-07:00,3.2,
1783066860,2026-07-03T01:21:00-07:00,2.2,
1783066920,2026-07-03T01:22:00-07:00,2.1,
1783066980,2026-07-03T01:23:00-07:00,2.4,
1783067040,2026-07-03T01:24:00-07:00,2.2,
1783067100,2026-07-03T01:25:00-07:00,3,
1783067160,2026-07-03T01:26:00-07:00,2.7,
1783067220,2026-07-03T01:27:00-07:00,2.8,
1783067280,2026-07-03T01:28:00-07:00,2.8,
1783067340,2026-07-03T01:29:00-07:00,2.4,
1783067400,2026-07-03T01:30:00-07:00,1.9,
1783067460,2026-07-03T01:31:00-07:00,3.1,
1783067520,2026-07-03T01:32:00-07:00,2.1,
1783067580,2026-07-03T01:33:00-07:00,3.1,
1783067640,2026-07-03T01:34:00-07:00,3.1,
1783067700,2026-07-03T01:35:00-07:00,3.2,
1783067760,2026-07-03T01:36:00-07:00,2.3,
1783067820,2026-07-03T01:37:00-07:00,1.7,
1783067880,2026-07-03T01:38:00-07:00,2.3,
1783067940,2026-07-03T01:39:00-07:00,5.2,
1783068000,2026-07-03T01:40:00-07:00,3,
1783068060,2026-07-03T01:41:00-07:00,2.4,
1783068120,2026-07-03T01:42:00-07:00,2.9,
1783068180,2026-07-03T01:43:00-07:00,2.1,
1783068240,2026-07-03T01:44:00-07:00,3.2,
1783068300,2026-07-03T01:45:00-07:00,2.1,
1783068360,2026-07-03T01:46:00-07:00,2.3,
1783068420,2026-07-03T01:47:00-07:00,2.4,
1783068480,2026-07-03T01:48:00-07:00,3.1,
1783068540,2026-07-03T01:49:00-07:00,2.3,
1783068600,2026-07-03T01:50:00-07:00,2.6,
1783068660,2026-07-03T01:51:00-07:00,2.4,
1783068720,2026-07-03T01:52:00-07:00,1.9,
1783068780,2026-07-03T01:53:00-07:00,3,
1783068840,2026-07-03T01:54:00-07:00,3.2,
1783068900,2026-07-03T01:55:00-07:00,5.8,
1783068960,2026-07-03T01:56:00-07:00,2.3,
1783069020,2026-07-03T01:57:00-07:00,2.7,
1783069080,2026-07-03T01:58:00-07:00,2.2,
1783069140,2026-07-03T01:59:00-07:00,2.6,
1783069200,2026-07-03T02:00:00-07:00,2.4,
1783069260,2026-07-03T02:01:00-07:00,2.9,
1783069320,2026-07-03T02:02:00-07:00,2.8,
1783069380,2026-07-03T02:03:00-07:00,1.6,
1783069440,2026-07-03T02:04:00-07:00,2.9,
1783069500,2026-07-03T02:05:00-07:00,2.9,
1783069560,2026-07-03T02:06:00-07:00,2.8,
1783069620,2026-07-03T02:07:00-07:00,1.5,
1783069680,2026-07-03T02:08:00-07:00,2.4,
1783069740,2026-07-03T02:09:00-07:00,2.5,
1783069800,2026-07-03T02:10:00-07:00,2.8,
1783069860,2026-07-03T02:11:00-07:00,2.7,
1783069920,2026-07-03T02:12:00-07:00,2.4,
1783069980,2026-07-03T02:13:00-07:00,2.7,
1783070040,2026-07-03T02:14:00-07:00,2.8,
1783070100,2026-07-03T02:15:00-07:00,3,
1783070160,2026-07-03T02:16:00-07:00,2,
1783070220,2026-07-03T02:17:00-07:00,2.1,
1783070280,2026-07-03T02:18:00-07:00,2.3,
1783070340,2026-07-03T02:19:00-07:00,2.5,
1783070400,2026-07-03T02:20:00-07:00,2.3,
1783070460,2026-07-03T02:21:00-07:00,3.4,
1783070520,2026-07-03T02:22:00-07:00,2.4,
1783070580,2026-07-03T02:23:00-07:00,3.3,
1783070640,2026-07-03T02:24:00-07:00,2.6,
1783070700,2026-07-03T02:25:00-07:00,2,
1783070760,2026-07-03T02:26:00-07:00,2.1,
1783070820,2026-07-03T02:27:00-07:00,2.8,
1783070880,2026-07-03T02:28:00-07:00,2.7,
1783070940,2026-07-03T02:29:00-07:00,1.7,
1783071000,2026-07-03T02:30:00-07:00,3,
1783071060,2026-07-03T02:31:00-07:00,2.9,
1783071120,2026-07-03T02:32:00-07:00,2.4,
1783071180,2026-07-03T02:33:00-07:00,2.6,
1783071240,2026-07-03T02:34:00-07:00,3,
1783071300,2026-07-03T02:35:00-07:00,2.7,
1783071360,2026-07-03T02:36:00-07:00,2.4,
1783071420,2026-07-03T02:37:00-07:00,2.7,
1783071480,2026-07-03T02:38:00-07:00,1.9,
1783071540,2026-07-03T02:39:00-07:00,2.4,
1783071600,2026-07-03T02:40:00-07:00,2.6,
1783071660,2026-07-03T02:41:00-07:00,2.8,
1783071720,2026-07-03T02:42:00-07:00,2.1,
1783071780,2026-07-03T02:43:00-07:00,2.5,
1783071840,2026-07-03T02:44:00-07:00,3.1,
1783071900,2026-07-03T02:45:00-07:00,3,
1783071960,2026-07-03T02:46:00-07:00,2.7,
1783072020,2026-07-03T02:47:00-07:00,1.8,
1783072080,2026-07-03T02:48:00-07:00,2.6,
1783072140,2026-07-03T02:49:00-07:00,2.5,
1783072200,2026-07-03T02:50:00-07:00,2.4,
1783072260,2026-07-03T02:51:00-07:00,2.4,
1783072320,2026-07-03T02:52:00-07:00,2.8,
1783072380,2026-07-03T02:53:00-07:00,2.5,
1783072440,2026-07-03T02:54:00-07:00,1.8,
1783072500,2026-07-03T02:55:00-07:00,2.5,
1783072560,2026-07-03T02:56:00-07:00,3,
1783072620,2026-07-03T02:57:00-07:00,1.8,
1783072680,2026-07-03T02:58:00-07:00,1.7,
1783072740,2026-07-03T02:59:00-07:00,2.1,
1783072800,2026-07-03T03:00:00-07:00,1.7,
1783072860,2026-07-03T03:01:00-07:00,3.4,
1783072920,2026-07-03T03:02:00-07:00,2.1,
1783072980,2026-07-03T03:03:00-07:00,1.7,
1783073040,2026-07-03T03:04:00-07:00,2.8,
1783073100,2026-07-03T03:05:00-07:00,4.3,
1783073160,2026-07-03T03:06:00-07:00,2.1,
1783073220,2026-07-03T03:07:00-07:00,2.7,
1783073280,2026-07-03T03:08:00-07:00,2.9,
1783073340,2026-07-03T03:09:00-07:00,2.6,
1783073400,2026-07-03T03:10:00-07:00,2.9,
1783073460,2026-07-03T03:11:00-07:00,2.2,
1783073520,2026-07-03T03:12:00-07:00,3.1,
1783073580,2026-07-03T03:13:00-07:00,2,
1783073640,2026-07-03T03:14:00-07:00,2.1,
1783073700,2026-07-03T03:15:00-07:00,2.4,
1783073760,2026-07-03T03:16:00-07:00,2.5,
1783073820,2026-07-03T03:17:00-07:00,2.6,
1783073880,2026-07-03T03:18:00-07:00,2.7,
1783073940,2026-07-03T03:19:00-07:00,2.4,
1783074000,2026-07-03T03:20:00-07:00,1.8,
1783074060,2026-07-03T03:21:00-07:00,2.6,
1783074120,2026-07-03T03:22:00-07:00,2.3,
1783074180,2026-07-03T03:23:00-07:00,2.1,
1783074240,2026-07-03T03:24:00-07:00,3,
1783074300,2026-07-03T03:25:00-07:00,2.6,
1783074360,2026-07-03T03:26:00-07:00,3.2,
1783074420,2026-07-03T03:27:00-07:00,2.1,
1783074480,2026-07-03T03:28:00-07:00,2.8,
1783074540,2026-07-03T03:29:00-07:00,2.9,
1783074600,2026-07-03T03:30:00-07:00,2.6,
1783074660,2026-07-03T03:31:00-07:00,2.8,
1783074720,2026-07-03T03:32:00-07:00,5.7,
1783074780,2026-07-03T03:33:00-07:00,3.1,
1783074840,2026-07-03T03:34:00-07:00,2.1,
1783074900,2026-07-03T03:35:00-07:00,2.2,
1783074960,2026-07-03T03:36:00-07:00,5.4,
1783075020,2026-07-03T03:37:00-07:00,2.8,
1783075080,2026-07-03T03:38:00-07:00,3.2,
1783075140,2026-07-03T03:39:00-07:00,2.7,
1783075200,2026-07-03T03:40:00-07:00,2.6,
1783075260,2026-07-03T03:41:00-07:00,2.2,
1783075320,2026-07-03T03:42:00-07:00,2.8,
1783075380,2026-07-03T03:43:00-07:00,2.9,
1783075440,2026-07-03T03:44:00-07:00,2.5,
1783075500,2026-07-03T03:45:00-07:00,3.7,
1783075560,2026-07-03T03:46:00-07:00,4.8,
1783075620,2026-07-03T03:47:00-07:00,4.2,
1783075680,2026-07-03T03:48:00-07:00,2.8,
1783075740,2026-07-03T03:49:00-07:00,2.9,
1783075800,2026-07-03T03:50:00-07:00,3.1,
1783075860,2026-07-03T03:51:00-07:00,2.5,
1783075920,2026-07-03T03:52:00-07:00,1.8,
1783075980,2026-07-03T03:53:00-07:00,2,
1783076040,2026-07-03T03:54:00-07:00,1.7,
1783076100,2026-07-03T03:55:00-07:00,3,
1783076160,2026-07-03T03:56:00-07:00,3.5,
1783076220,2026-07-03T03:57:00-07:00,2.5,
1783076280,2026-07-03T03:58:00-07:00,2.7,
1783076340,2026-07-03T03:59:00-07:00,2.9,
1783076400,2026-07-03T04:00:00-07:00,2.9,
1783076460,2026-07-03T04:01:00-07:00,2.9,
1783076520,2026-07-03T04:02:00-07:00,2.4,
1783076580,2026-07-03T04:03:00-07:00,2.8,
1783076640,2026-07-03T04:04:00-07:00,2.7,
1783076700,2026-07-03T04:05:00-07:00,3,
1783076760,2026-07-03T04:06:00-07:00,2.9,
1783076820,2026-07-03T04:07:00-07:00,2.9,
1783076880,2026-07-03T04:08:00-07:00,3.1,
1783076940,2026-07-03T04:09:00-07:00,2.4,
1783077000,2026-07-03T04:10:00-07:00,2.8,
1783077060,2026-07-03T04:11:00-07:00,2.4,
1783077120,2026-07-03T04:12:00-07:00,2.7,
1783077180,2026-07-03T04:13:00-07:00,2.5,
1783077240,2026-07-03T04:14:00-07:00,2.3,
1783077300,2026-07-03T04:15:00-07:00,2.4,
1783077360,2026-07-03T04:16:00-07:00,2.2,
1783077420,2026-07-03T04:17:00-07:00,3.1,
1783077480,2026-07-03T04:18:00-07:00,3.6,
1783077540,2026-07-03T04:19:00-07:00,3.2,
1783077600,2026-07-03T04:20:00-07:00,2.1,
1783077660,2026-07-03T04:21:00-07:00,3.1,
1783077720,2026-07-03T04:22:00-07:00,3.1,
1783077780,2026-07-03T04:23:00-07:00,3,
1783077840,2026-07-03T04:24:00-07:00,5.9,
1783077900,2026-07-03T04:25:00-07:00,4.5,
1783077960,2026-07-03T04:26:00-07:00,2.2,
1783078020,2026-07-03T04:27:00-07:00,2.8,
1783078080,2026-07-03T04:28:00-07:00,3.4,
1783078140,2026-07-03T04:29:00-07:00,2,
1783078200,2026-07-03T04:30:00-07:00,2.7,
1783078260,2026-07-03T04:31:00-07:00,2.7,
1783078320,2026-07-03T04:32:00-07:00,2.8,
1783078380,2026-07-03T04:33:00-07:00,3.1,
1783078440,2026-07-03T04:34:00-07:00,1.7,
1783078500,2026-07-03T04:35:00-07:00,2.9,
1783078560,2026-07-03T04:36:00-07:00,2.7,
1783078620,2026-07-03T04:37:00-07:00,3.2,
1783078680,2026-07-03T04:38:00-07:00,2,
1783078740,2026-07-03T04:39:00-07:00,3,
1783078800,2026-07-03T04:40:00-07:00,2.3,
1783078860,2026-07-03T04:41:00-07:00,2.5,
1783078920,2026-07-03T04:42:00-07:00,2.6,
1783078980,2026-07-03T04:43:00-07:00,2.9,
1783079040,2026-07-03T04:44:00-07:00,3.1,
1783079100,2026-07-03T04:45:00-07:00,2.5,
1783079160,2026-07-03T04:46:00-07:00,3.1,
1783079220,2026-07-03T04:47:00-07:00,2.1,
1783079280,2026-07-03T04:48:00-07:00,2.7,
1783079340,2026-07-03T04:49:00-07:00,2.3,
1783079400,2026-07-03T04:50:00-07:00,2.5,
1783079460,2026-07-03T04:51:00-07:00,2.3,
1783079520,2026-07-03T04:52:00-07:00,3.1,
1783079580,2026-07-03T04:53:00-07:00,3.1,
1783079640,2026-07-03T04:54:00-07:00,1.8,
1783079700,2026-07-03T04:55:00-07:00,1.9,
1783079760,2026-07-03T04:56:00-07:00,2.6,
1783079820,2026-07-03T04:57:00-07:00,2.3,
1783079880,2026-07-03T04:58:00-07:00,2.1,
1783079940,2026-07-03T04:59:00-07:00,2.6,
1783080000,2026-07-03T05:00:00-07:00,1.6,
1783080060,2026-07-03T05:01:00-07:00,3,
1783080120,2026-07-03T05:02:00-07:00,2.4,
1783080180,2026-07-03T05:03:00-07:00,2.2,
1783080240,2026-07-03T05:04:00-07:00,1.8,
1783080300,2026-07-03T05:05:00-07:00,2.5,
1783080360,2026-07-03T05:06:00-07:00,2,
1783080420,2026-07-03T05:07:00-07:00,1.7,
1783080480,2026-07-03T05:08:00-07:00,3.1,
1783080540,2026-07-03T05:09:00-07:00,2.2,
1783080600,2026-07-03T05:10:00-07:00,1.6,
1783080660,2026-07-03T05:11:00-07:00,2.8,
1783080720,2026-07-03T05:12:00-07:00,2.8,
1783080780,2026-07-03T05:13:00-07:00,2.5,
1783080840,2026-07-03T05:14:00-07:00,2.5,
1783080900,2026-07-03T05:15:00-07:00,2.8,
1783080960,2026-07-03T05:16:00-07:00,3.1,
1783081020,2026-07-03T05:17:00-07:00,2.6,
1783081080,2026-07-03T05:18:00-07:00,2.1,
1783081140,2026-07-03T05:19:00-07:00,2.9,
1783081200,2026-07-03T05:20:00-07:00,2.7,
1783081260,2026-07-03T05:21:00-07:00,3.1,
1783081320,2026-07-03T05:22:00-07:00,2.4,
1783081380,2026-07-03T05:23:00-07:00,3.4,
1783081440,2026-07-03T05:24:00-07:00,3,
1783081500,2026-07-03T05:25:00-07:00,3,
1783081560,2026-07-03T05:26:00-07:00,2.6,
1783081620,2026-07-03T05:27:00-07:00,2,
1783081680,2026-07-03T05:28:00-07:00,2.9,
1783081740,2026-07-03T05:29:00-07:00,4,
1783081800,2026-07-03T05:30:00-07:00,2.3,
1783081860,2026-07-03T05:31:00-07:00,2.5,
1783081920,2026-07-03T05:32:00-07:00,3.2,
1783081980,2026-07-03T05:33:00-07:00,2.7,
1783082040,2026-07-03T05:34:00-07:00,2.2,
1783082100,2026-07-03T05:35:00-07:00,2.3,
1783082160,2026-07-03T05:36:00-07:00,4.9,
1783082220,2026-07-03T05:37:00-07:00,3,
1783082280,2026-07-03T05:38:00-07:00,2.1,
1783082340,2026-07-03T05:39:00-07:00,2.8,
1783082400,2026-07-03T05:40:00-07:00,1.8,
1783082460,2026-07-03T05:41:00-07:00,7.4,
1783082520,2026-07-03T05:42:00-07:00,2.8,
1783082580,2026-07-03T05:43:00-07:00,2.7,
1783082640,2026-07-03T05:44:00-07:00,2.3,
1783082700,2026-07-03T05:45:00-07:00,2.2,
1783082760,2026-07-03T05:46:00-07:00,3.5,
1783082820,2026-07-03T05:47:00-07:00,2.2,
1783082880,2026-07-03T05:48:00-07:00,2.2,
1783082940,2026-07-03T05:49:00-07:00,2.6,
1783083000,2026-07-03T05:50:00-07:00,2.1,
1783083060,2026-07-03T05:51:00-07:00,2.3,
1783083120,2026-07-03T05:52:00-07:00,2.1,
1783083180,2026-07-03T05:53:00-07:00,2.3,
1783083240,2026-07-03T05:54:00-07:00,2.6,
1783083300,2026-07-03T05:55:00-07:00,2,
1783083360,2026-07-03T05:56:00-07:00,3.1,
1783083420,2026-07-03T05:57:00-07:00,2.7,
1783083480,2026-07-03T05:58:00-07:00,2.3,
1783083540,2026-07-03T05:59:00-07:00,7.5,
1783083600,2026-07-03T06:00:00-07:00,2.7,
1783083660,2026-07-03T06:01:00-07:00,3,
1783083720,2026-07-03T06:02:00-07:00,2.2,
1783083780,2026-07-03T06:03:00-07:00,2.1,
1783083840,2026-07-03T06:04:00-07:00,3.5,
1783083900,2026-07-03T06:05:00-07:00,2.9,
1783083960,2026-07-03T06:06:00-07:00,2.8,
1783084020,2026-07-03T06:07:00-07:00,2.1,
1783084080,2026-07-03T06:08:00-07:00,3.1,
1783084140,2026-07-03T06:09:00-07:00,2.9,
1783084200,2026-07-03T06:10:00-07:00,2.6,
1783084260,2026-07-03T06:11:00-07:00,2.5,
1783084320,2026-07-03T06:12:00-07:00,2.1,
1783084380,2026-07-03T06:13:00-07:00,2.7,
1783084440,2026-07-03T06:14:00-07:00,2.5,
1783084500,2026-07-03T06:15:00-07:00,2.7,
1783084560,2026-07-03T06:16:00-07:00,2.5,
1783084620,2026-07-03T06:17:00-07:00,2.4,
1783084680,2026-07-03T06:18:00-07:00,3,
1783084740,2026-07-03T06:19:00-07:00,2.7,
1783084800,2026-07-03T06:20:00-07:00,1.6,
1783084860,2026-07-03T06:21:00-07:00,2.8,
1783084920,2026-07-03T06:22:00-07:00,2.7,
1783084980,2026-07-03T06:23:00-07:00,2.7,
1783085040,2026-07-03T06:24:00-07:00,3,
1783085100,2026-07-03T06:25:00-07:00,2.4,
1783085160,2026-07-03T06:26:00-07:00,2.9,
1783085220,2026-07-03T06:27:00-07:00,8.1,
1783085280,2026-07-03T06:28:00-07:00,2.5,
1783085340,2026-07-03T06:29:00-07:00,2.1,
1783085400,2026-07-03T06:30:00-07:00,3.2,
1783085460,2026-07-03T06:31:00-07:00,2.3,
1783085520,2026-07-03T06:32:00-07:00,3,
1783085580,2026-07-03T06:33:00-07:00,2,
1783085640,2026-07-03T06:34:00-07:00,2.7,
1783085700,2026-07-03T06:35:00-07:00,3.1,
1783085760,2026-07-03T06:36:00-07:00,2.4,
1783085820,2026-07-03T06:37:00-07:00,2.1,
1783085880,2026-07-03T06:38:00-07:00,2.9,
1783085940,2026-07-03T06:39:00-07:00,2.8,
1783086000,2026-07-03T06:40:00-07:00,2.9,
1783086060,2026-07-03T06:41:00-07:00,2.9,
1783086120,2026-07-03T06:42:00-07:00,2.1,
1783086180,2026-07-03T06:43:00-07:00,2.3,
1783086240,2026-07-03T06:44:00-07:00,2.5,
1783086300,2026-07-03T06:45:00-07:00,2.4,
1783086360,2026-07-03T06:46:00-07:00,2.9,
1783086420,2026-07-03T06:47:00-07:00,1.6,
1783086480,2026-07-03T06:48:00-07:00,3.3,
1783086540,2026-07-03T06:49:00-07:00,2,
1783086600,2026-07-03T06:50:00-07:00,2.2,
1783086660,2026-07-03T06:51:00-07:00,2.3,
1783086720,2026-07-03T06:52:00-07:00,2.8,
1783086780,2026-07-03T06:53:00-07:00,1.9,
1783086840,2026-07-03T06:54:00-07:00,2.2,
1783086900,2026-07-03T06:55:00-07:00,2.7,
1783086960,2026-07-03T06:56:00-07:00,2.2,
1783087020,2026-07-03T06:57:00-07:00,2.2,
1783087080,2026-07-03T06:58:00-07:00,2.2,
1783087140,2026-07-03T06:59:00-07:00,2.3,
1783087200,2026-07-03T07:00:00-07:00,2.7,
1783087260,2026-07-03T07:01:00-07:00,2.7,
1783087320,2026-07-03T07:02:00-07:00,1.7,
1783087380,2026-07-03T07:03:00-07:00,2.6,
1783087440,2026-07-03T07:04:00-07:00,2.9,
1783087500,2026-07-03T07:05:00-07:00,4.8,
1783087560,2026-07-03T07:06:00-07:00,2.2,
1783087620,2026-07-03T07:07:00-07:00,8.2,
1783087680,2026-07-03T07:08:00-07:00,9.3,
1783087740,2026-07-03T07:09:00-07:00,2.4,
1783087800,2026-07-03T07:10:00-07:00,5.8,
1783087860,2026-07-03T07:11:00-07:00,2.4,
1783087920,2026-07-03T07:12:00-07:00,2,
1783087980,2026-07-03T07:13:00-07:00,2.3,
1783088040,2026-07-03T07:14:00-07:00,1.7,
1783088100,2026-07-03T07:15:00-07:00,2,
1783088160,2026-07-03T07:16:00-07:00,2.2,
1783088220,2026-07-03T07:17:00-07:00,2.6,
1783088280,2026-07-03T07:18:00-07:00,2.4,
1783088340,2026-07-03T07:19:00-07:00,2.6,
1783088400,2026-07-03T07:20:00-07:00,2.3,
1783088460,2026-07-03T07:21:00-07:00,2.3,
1783088520,2026-07-03T07:22:00-07:00,2.1,
1783088580,2026-07-03T07:23:00-07:00,2.4,
1783088640,2026-07-03T07:24:00-07:00,2.3,
1783088700,2026-07-03T07:25:00-07:00,2.4,
1783088760,2026-07-03T07:26:00-07:00,2.6,
1783088820,2026-07-03T07:27:00-07:00,2,
1783088880,2026-07-03T07:28:00-07:00,2.8,
1783088940,2026-07-03T07:29:00-07:00,2.5,
1783089000,2026-07-03T07:30:00-07:00,2.4,
1783089060,2026-07-03T07:31:00-07:00,2.2,
1783089120,2026-07-03T07:32:00-07:00,2.4,
1783089180,2026-07-03T07:33:00-07:00,2.6,
1783089240,2026-07-03T07:34:00-07:00,2.1,
1783089300,2026-07-03T07:35:00-07:00,2.3,
1783089360,2026-07-03T07:36:00-07:00,2.1,
1783089420,2026-07-03T07:37:00-07:00,2.1,
1783089480,2026-07-03T07:38:00-07:00,3.2,
1783089540,2026-07-03T07:39:00-07:00,2.5,
1783089600,2026-07-03T07:40:00-07:00,2.6,
1783089660,2026-07-03T07:41:00-07:00,2.2,
1783089720,2026-07-03T07:42:00-07:00,2.2,
1783089780,2026-07-03T07:43:00-07:00,2,
1783089840,2026-07-03T07:44:00-07:00,2.1,
1783089900,2026-07-03T07:45:00-07:00,2.3,
1783089960,2026-07-03T07:46:00-07:00,2.3,
1783090020,2026-07-03T07:47:00-07:00,2.5,
1783090080,2026-07-03T07:48:00-07:00,2.2,
1783090140,2026-07-03T07:49:00-07:00,2.4,
1783090200,2026-07-03T07:50:00-07:00,2.5,
1783090260,2026-07-03T07:51:00-07:00,2.1,
1783090320,2026-07-03T07:52:00-07:00,2.4,
1783090380,2026-07-03T07:53:00-07:00,1.9,
1783090440,2026-07-03T07:54:00-07:00,2,
1783090500,2026-07-03T07:55:00-07:00,2.4,
1783090560,2026-07-03T07:56:00-07:00,2.6,
1783090620,2026-07-03T07:57:00-07:00,4.2,
1783090680,2026-07-03T07:58:00-07:00,2.4,
1783090740,2026-07-03T07:59:00-07:00,2.3,
1783090800,2026-07-03T08:00:00-07:00,4.7,
1783090860,2026-07-03T08:01:00-07:00,3.6,
1783090920,2026-07-03T08:02:00-07:00,2.5,
1783090980,2026-07-03T08:03:00-07:00,2.2,
1783091040,2026-07-03T08:04:00-07:00,2.2,
1783091100,2026-07-03T08:05:00-07:00,1.8,
1783091160,2026-07-03T08:06:00-07:00,1.8,
1783091220,2026-07-03T08:07:00-07:00,3.2,
1783091280,2026-07-03T08:08:00-07:00,2,
1783091340,2026-07-03T08:09:00-07:00,2,
1783091400,2026-07-03T08:10:00-07:00,3.5,
1783091460,2026-07-03T08:11:00-07:00,2.4,
1783091520,2026-07-03T08:12:00-07:00,2.5,
1783091580,2026-07-03T08:13:00-07:00,2.1,
1783091640,2026-07-03T08:14:00-07:00,3.4,
1783091700,2026-07-03T08:15:00-07:00,2.3,
1783091760,2026-07-03T08:16:00-07:00,1.8,
1783091820,2026-07-03T08:17:00-07:00,2.3,
1783091880,2026-07-03T08:18:00-07:00,3,
1783091940,2026-07-03T08:19:00-07:00,2,
1783092000,2026-07-03T08:20:00-07:00,2.1,
1783092060,2026-07-03T08:21:00-07:00,2.6,
1783092120,2026-07-03T08:22:00-07:00,2.2,
1783092180,2026-07-03T08:23:00-07:00,2.3,
1783092240,2026-07-03T08:24:00-07:00,2.2,
1783092300,2026-07-03T08:25:00-07:00,2.3,
1783092360,2026-07-03T08:26:00-07:00,2,
1783092420,2026-07-03T08:27:00-07:00,2.5,
1783092480,2026-07-03T08:28:00-07:00,2.2,
1783092540,2026-07-03T08:29:00-07:00,2.2,
1783092600,2026-07-03T08:30:00-07:00,2.1,
1783092660,2026-07-03T08:31:00-07:00,2.4,
1783092720,2026-07-03T08:32:00-07:00,1.7,
1783092780,2026-07-03T08:33:00-07:00,2.5,
1783092840,2026-07-03T08:34:00-07:00,2.4,
1783092900,2026-07-03T08:35:00-07:00,1.8,
1783092960,2026-07-03T08:36:00-07:00,2.6,
1783093020,2026-07-03T08:37:00-07:00,2.4,
1783093080,2026-07-03T08:38:00-07:00,8.2,
1783093140,2026-07-03T08:39:00-07:00,2.4,
1783093200,2026-07-03T08:40:00-07:00,2.5,
1783093260,2026-07-03T08:41:00-07:00,1.9,
1783093320,2026-07-03T08:42:00-07:00,2.5,
1783093380,2026-07-03T08:43:00-07:00,2.6,
1783093440,2026-07-03T08:44:00-07:00,2.4,
1783093500,2026-07-03T08:45:00-07:00,2.5,
1783093560,2026-07-03T08:46:00-07:00,2.1,
1783093620,2026-07-03T08:47:00-07:00,3.3,
1783093680,2026-07-03T08:48:00-07:00,2.1,
1783093740,2026-07-03T08:49:00-07:00,2.4,
1783093800,2026-07-03T08:50:00-07:00,1.6,
1783093860,2026-07-03T08:51:00-07:00,2.3,
1783093920,2026-07-03T08:52:00-07:00,2.1,
1783093980,2026-07-03T08:53:00-07:00,2.9,
1783094040,2026-07-03T08:54:00-07:00,2.3,
1783094100,2026-07-03T08:55:00-07:00,2.4,
1783094160,2026-07-03T08:56:00-07:00,2,
1783094220,2026-07-03T08:57:00-07:00,2.7,
1783094280,2026-07-03T08:58:00-07:00,2,
1783094340,2026-07-03T08:59:00-07:00,1.8,
1783094400,2026-07-03T09:00:00-07:00,2,
1783094460,2026-07-03T09:01:00-07:00,2.2,
1783094520,2026-07-03T09:02:00-07:00,1.9,
1783094580,2026-07-03T09:03:00-07:00,1.7,
1783094640,2026-07-03T09:04:00-07:00,2.2,
1783094700,2026-07-03T09:05:00-07:00,2.1,
1783094760,2026-07-03T09:06:00-07:00,2.5,
1783094820,2026-07-03T09:07:00-07:00,1.7,
1783094880,2026-07-03T09:08:00-07:00,2.4,
1783094940,2026-07-03T09:09:00-07:00,3.1,
1783095000,2026-07-03T09:10:00-07:00,1.6,
1783095060,2026-07-03T09:11:00-07:00,1.9,
1783095120,2026-07-03T09:12:00-07:00,2.5,
1783095180,2026-07-03T09:13:00-07:00,2.9,
1783095240,2026-07-03T09:14:00-07:00,9.9,
1783095300,2026-07-03T09:15:00-07:00,2.1,
1783095360,2026-07-03T09:16:00-07:00,2.5,
1783095420,2026-07-03T09:17:00-07:00,2.3,
1783095480,2026-07-03T09:18:00-07:00,2.1,
1783095540,2026-07-03T09:19:00-07:00,2.4,
1783095600,2026-07-03T09:20:00-07:00,2.2,
1783095660,2026-07-03T09:21:00-07:00,1.7,
1783095720,2026-07-03T09:22:00-07:00,7.9,
1783095780,2026-07-03T09:23:00-07:00,2.2,
1783095840,2026-07-03T09:24:00-07:00,2.6,
1783095900,2026-07-03T09:25:00-07:00,5.3,
1783095960,2026-07-03T09:26:00-07:00,2.1,
1783096020,2026-07-03T09:27:00-07:00,2.3,
1783096080,2026-07-03T09:28:00-07:00,1.9,
1783096140,2026-07-03T09:29:00-07:00,7.1,
1783096200,2026-07-03T09:30:00-07:00,2.4,
1783096260,2026-07-03T09:31:00-07:00,2.4,
1783096320,2026-07-03T09:32:00-07:00,2.4,
1783096380,2026-07-03T09:33:00-07:00,2.4,
1783096440,2026-07-03T09:34:00-07:00,2.6,
1783096500,2026-07-03T09:35:00-07:00,2.3,
1783096560,2026-07-03T09:36:00-07:00,2.6,
1783096620,2026-07-03T09:37:00-07:00,2.6,
1783096680,2026-07-03T09:38:00-07:00,2.1,
1783096740,2026-07-03T09:39:00-07:00,2.2,
1783096800,2026-07-03T09:40:00-07:00,2.4,
1783096860,2026-07-03T09:41:00-07:00,2,
1783096920,2026-07-03T09:42:00-07:00,3.2,
1783096980,2026-07-03T09:43:00-07:00,2,
1783097040,2026-07-03T09:44:00-07:00,2.4,
1783097100,2026-07-03T09:45:00-07:00,2.6,
1783097160,2026-07-03T09:46:00-07:00,2.9,
1783097220,2026-07-03T09:47:00-07:00,2.5,
1783097280,2026-07-03T09:48:00-07:00,2,
1783097340,2026-07-03T09:49:00-07:00,2.9,
1783097400,2026-07-03T09:50:00-07:00,2.2,
1783097460,2026-07-03T09:51:00-07:00,2.2,
1783097520,2026-07-03T09:52:00-07:00,1.9,
1783097580,2026-07-03T09:53:00-07:00,1.9,
1783097640,2026-07-03T09:54:00-07:00,2.3,
1783097700,2026-07-03T09:55:00-07:00,2.2,
1783097760,2026-07-03T09:56:00-07:00,2.6,
1783097820,2026-07-03T09:57:00-07:00,2.6,
1783097880,2026-07-03T09:58:00-07:00,2.9,
1783097940,2026-07-03T09:59:00-07:00,3.1,
1783098000,2026-07-03T10:00:00-07:00,1.9,
1783098060,2026-07-03T10:01:00-07:00,2.4,
1783098120,2026-07-03T10:02:00-07:00,2.3,
1783098180,2026-07-03T10:03:00-07:00,2.5,
1783098240,2026-07-03T10:04:00-07:00,2.4,
1783098300,2026-07-03T10:05:00-07:00,2.4,
1783098360,2026-07-03T10:06:00-07:00,2.3,
1783098420,2026-07-03T10:07:00-07:00,2.6,
1783098480,2026-07-03T10:08:00-07:00,2,
1783098540,2026-07-03T10:09:00-07:00,14.3,
1783098600,2026-07-03T10:10:00-07:00,2.1,
1783098660,2026-07-03T10:11:00-07:00,1.9,
1783098720,2026-07-03T10:12:00-07:00,2.5,
1783098780,2026-07-03T10:13:00-07:00,1.6,
1783098840,2026-07-03T10:14:00-07:00,2.1,
1783098900,2026-07-03T10:15:00-07:00,1.7,
1783098960,2026-07-03T10:16:00-07:00,2.2,
1783099020,2026-07-03T10:17:00-07:00,3.3,
1783099080,2026-07-03T10:18:00-07:00,1.6,
1783099140,2026-07-03T10:19:00-07:00,2.3,
1783099200,2026-07-03T10:20:00-07:00,2.5,
1783099260,2026-07-03T10:21:00-07:00,2.1,
1783099320,2026-07-03T10:22:00-07:00,2.5,
1783099380,2026-07-03T10:23:00-07:00,2,
1783099440,2026-07-03T10:24:00-07:00,2.3,
1783099500,2026-07-03T10:25:00-07:00,2.3,
1783099560,2026-07-03T10:26:00-07:00,2.5,
1783099620,2026-07-03T10:27:00-07:00,2,
1783099680,2026-07-03T10:28:00-07:00,1.8,
1783099740,2026-07-03T10:29:00-07:00,2.3,
1783099800,2026-07-03T10:30:00-07:00,2.6,
1783099860,2026-07-03T10:31:00-07:00,1.9,
1783099920,2026-07-03T10:32:00-07:00,2.5,
1783099980,2026-07-03T10:33:00-07:00,1.8,
1783100040,2026-07-03T10:34:00-07:00,1.7,
1783100100,2026-07-03T10:35:00-07:00,2,
1783100160,2026-07-03T10:36:00-07:00,1.6,
1783100220,2026-07-03T10:37:00-07:00,2.5,
1783100280,2026-07-03T10:38:00-07:00,2.1,
1783100340,2026-07-03T10:39:00-07:00,2.4,
1783100400,2026-07-03T10:40:00-07:00,2.5,
1783100460,2026-07-03T10:41:00-07:00,1.9,
1783100520,2026-07-03T10:42:00-07:00,4.7,
1783100580,2026-07-03T10:43:00-07:00,5.1,
1783100640,2026-07-03T10:44:00-07:00,1.6,
1783100700,2026-07-03T10:45:00-07:00,2,
1783100760,2026-07-03T10:46:00-07:00,1.6,
1783100820,2026-07-03T10:47:00-07:00,2.1,
1783100880,2026-07-03T10:48:00-07:00,1.6,
1783100940,2026-07-03T10:49:00-07:00,2.3,
1783101000,2026-07-03T10:50:00-07:00,2.7,
1783101060,2026-07-03T10:51:00-07:00,2.2,
1783101120,2026-07-03T10:52:00-07:00,2.4,
1783101180,2026-07-03T10:53:00-07:00,2.3,
1783101240,2026-07-03T10:54:00-07:00,4.9,
1783101300,2026-07-03T10:55:00-07:00,2.2,
1783101360,2026-07-03T10:56:00-07:00,2.1,
1783101420,2026-07-03T10:57:00-07:00,2.2,
1783101480,2026-07-03T10:58:00-07:00,2.3,
1783101540,2026-07-03T10:59:00-07:00,2.5,
1783101600,2026-07-03T11:00:00-07:00,1.7,
1783101660,2026-07-03T11:01:00-07:00,2.2,
1783101720,2026-07-03T11:02:00-07:00,2.6,
1783101780,2026-07-03T11:03:00-07:00,1.8,
1783101840,2026-07-03T11:04:00-07:00,2.2,
1783101900,2026-07-03T11:05:00-07:00,1.6,
1783101960,2026-07-03T11:06:00-07:00,2.4,
1783102020,2026-07-03T11:07:00-07:00,2.3,
1783102080,2026-07-03T11:08:00-07:00,2.8,
1783102140,2026-07-03T11:09:00-07:00,2.3,
1783102200,2026-07-03T11:10:00-07:00,2.5,
1783102260,2026-07-03T11:11:00-07:00,3.3,
1783102320,2026-07-03T11:12:00-07:00,2.1,
1783102380,2026-07-03T11:13:00-07:00,2.8,
1783102440,2026-07-03T11:14:00-07:00,2.3,
1783102500,2026-07-03T11:15:00-07:00,2.1,
1783102560,2026-07-03T11:16:00-07:00,1.9,
1783102620,2026-07-03T11:17:00-07:00,2.3,
1783102680,2026-07-03T11:18:00-07:00,1.6,
1783102740,2026-07-03T11:19:00-07:00,2.2,
1783102800,2026-07-03T11:20:00-07:00,2,
1783102860,2026-07-03T11:21:00-07:00,2.2,
1783102920,2026-07-03T11:22:00-07:00,2.4,
1783102980,2026-07-03T11:23:00-07:00,2,
1783103040,2026-07-03T11:24:00-07:00,2.4,
1783103100,2026-07-03T11:25:00-07:00,2.2,
1783103160,2026-07-03T11:26:00-07:00,2.3,
1783103220,2026-07-03T11:27:00-07:00,2.5,
1783103280,2026-07-03T11:28:00-07:00,1.7,
1783103340,2026-07-03T11:29:00-07:00,1.6,
1783103400,2026-07-03T11:30:00-07:00,2.7,
1783103460,2026-07-03T11:31:00-07:00,2.3,
1783103520,2026-07-03T11:32:00-07:00,1.7,
1783103580,2026-07-03T11:33:00-07:00,2.1,
1783103640,2026-07-03T11:34:00-07:00,1.7,
1783103700,2026-07-03T11:35:00-07:00,2.2,
1783103760,2026-07-03T11:36:00-07:00,2.5,
1783103820,2026-07-03T11:37:00-07:00,1.7,
1783103880,2026-07-03T11:38:00-07:00,2.5,
1783103940,2026-07-03T11:39:00-07:00,1.7,
1783104000,2026-07-03T11:40:00-07:00,2.3,
1783104060,2026-07-03T11:41:00-07:00,2.1,
1783104120,2026-07-03T11:42:00-07:00,3,
1783104180,2026-07-03T11:43:00-07:00,2.1,
1783104240,2026-07-03T11:44:00-07:00,2.2,
1783104300,2026-07-03T11:45:00-07:00,1.6,
1783104360,2026-07-03T11:46:00-07:00,1.8,
1783104420,2026-07-03T11:47:00-07:00,1.9,
1783104480,2026-07-03T11:48:00-07:00,10.8,
1783104540,2026-07-03T11:49:00-07:00,1.8,
1783104600,2026-07-03T11:50:00-07:00,2.4,
1783104660,2026-07-03T11:51:00-07:00,2.4,
1783104720,2026-07-03T11:52:00-07:00,3.9,
1783104780,2026-07-03T11:53:00-07:00,2.1,
1783104840,2026-07-03T11:54:00-07:00,2.3,
1783104900,2026-07-03T11:55:00-07:00,2.4,
1783104960,2026-07-03T11:56:00-07:00,1.6,
1783105020,2026-07-03T11:57:00-07:00,2.2,
1783105080,2026-07-03T11:58:00-07:00,3.1,
1783105140,2026-07-03T11:59:00-07:00,2,
1783105200,2026-07-03T12:00:00-07:00,2.3,
1783105260,2026-07-03T12:01:00-07:00,2.4,
1783105320,2026-07-03T12:02:00-07:00,2.6,
1783105380,2026-07-03T12:03:00-07:00,2,
1783105440,2026-07-03T12:04:00-07:00,1.6,
1783105500,2026-07-03T12:05:00-07:00,2,
1783105560,2026-07-03T12:06:00-07:00,2.1,
1783105620,2026-07-03T12:07:00-07:00,2.1,
1783105680,2026-07-03T12:08:00-07:00,2.2,
1783105740,2026-07-03T12:09:00-07:00,2.4,
1783105800,2026-07-03T12:10:00-07:00,2,
1783105860,2026-07-03T12:11:00-07:00,2.2,
1783105920,2026-07-03T12:12:00-07:00,2.2,
1783105980,2026-07-03T12:13:00-07:00,1.7,
1783106040,2026-07-03T12:14:00-07:00,2.2,
1783106100,2026-07-03T12:15:00-07:00,1.8,
1783106160,2026-07-03T12:16:00-07:00,2.5,
1783106220,2026-07-03T12:17:00-07:00,2.2,
1783106280,2026-07-03T12:18:00-07:00,2.9,
1783106340,2026-07-03T12:19:00-07:00,2.1,
1783106400,2026-07-03T12:20:00-07:00,1.7,
1783106460,2026-07-03T12:21:00-07:00,2.2,
1783106520,2026-07-03T12:22:00-07:00,3.2,
1783106580,2026-07-03T12:23:00-07:00,2,
1783106640,2026-07-03T12:24:00-07:00,1.9,
1783106700,2026-07-03T12:25:00-07:00,2.3,
1783106760,2026-07-03T12:26:00-07:00,1.9,
1783106820,2026-07-03T12:27:00-07:00,1.9,
1783106880,2026-07-03T12:28:00-07:00,2.1,
1783106940,2026-07-03T12:29:00-07:00,2,
1783107000,2026-07-03T12:30:00-07:00,2.4,
1783107060,2026-07-03T12:31:00-07:00,2.4,
1783107120,2026-07-03T12:32:00-07:00,2.5,
1783107180,2026-07-03T12:33:00-07:00,2.1,
1783107240,2026-07-03T12:34:00-07:00,23.6,
1783107300,2026-07-03T12:35:00-07:00,2.5,
1783107360,2026-07-03T12:36:00-07:00,1.9,
1783107420,2026-07-03T12:37:00-07:00,1.8,
1783107480,2026-07-03T12:38:00-07:00,1.6,
1783107540,2026-07-03T12:39:00-07:00,2.3,
1783107600,2026-07-03T12:40:00-07:00,2.1,
1783107660,2026-07-03T12:41:00-07:00,2.4,
1783107720,2026-07-03T12:42:00-07:00,2.3,
1783107780,2026-07-03T12:43:00-07:00,2.2,
1783107840,2026-07-03T12:44:00-07:00,2.9,
1783107900,2026-07-03T12:45:00-07:00,2.3,
1783107960,2026-07-03T12:46:00-07:00,2.5,
1783108020,2026-07-03T12:47:00-07:00,2.4,
1783108080,2026-07-03T12:48:00-07:00,3.4,
1783108140,2026-07-03T12:49:00-07:00,1.8,
1783108200,2026-07-03T12:50:00-07:00,2.6,
1783108260,2026-07-03T12:51:00-07:00,2.3,
1783108320,2026-07-03T12:52:00-07:00,2.2,
1783108380,2026-07-03T12:53:00-07:00,2.1,
1783108440,2026-07-03T12:54:00-07:00,1.9,
1783108500,2026-07-03T12:55:00-07:00,4.3,
1783108560,2026-07-03T12:56:00-07:00,1.7,
1783108620,2026-07-03T12:57:00-07:00,2.4,
1783108680,2026-07-03T12:58:00-07:00,2.4,
1783108740,2026-07-03T12:59:00-07:00,8.4,
1783108800,2026-07-03T13:00:00-07:00,9.8,
1783108860,2026-07-03T13:01:00-07:00,2.8,
1783108920,2026-07-03T13:02:00-07:00,2,
1783108980,2026-07-03T13:03:00-07:00,2,
1783109040,2026-07-03T13:04:00-07:00,1.7,
1783109100,2026-07-03T13:05:00-07:00,2.1,
1783109160,2026-07-03T13:06:00-07:00,1.5,
1783109220,2026-07-03T13:07:00-07:00,1.9,
1783109280,2026-07-03T13:08:00-07:00,2.5,
1783109340,2026-07-03T13:09:00-07:00,1.7,
1783109400,2026-07-03T13:10:00-07:00,2,
1783109460,2026-07-03T13:11:00-07:00,1.8,
1783109520,2026-07-03T13:12:00-07:00,2.3,
1783109580,2026-07-03T13:13:00-07:00,2.4,
1783109640,2026-07-03T13:14:00-07:00,2.1,
1783109700,2026-07-03T13:15:00-07:00,1.7,
1783109760,2026-07-03T13:16:00-07:00,2.3,
1783109820,2026-07-03T13:17:00-07:00,2.3,
1783109880,2026-07-03T13:18:00-07:00,2.5,
1783109940,2026-07-03T13:19:00-07:00,1.8,
1783110000,2026-07-03T13:20:00-07:00,1.9,
1783110060,2026-07-03T13:21:00-07:00,2.2,
1783110120,2026-07-03T13:22:00-07:00,2.2,
1783110180,2026-07-03T13:23:00-07:00,2.6,
1783110240,2026-07-03T13:24:00-07:00,2.2,
1783110300,2026-07-03T13:25:00-07:00,2.7,
1783110360,2026-07-03T13:26:00-07:00,9.3,
1783110420,2026-07-03T13:27:00-07:00,2.7,
1783110480,2026-07-03T13:28:00-07:00,1.6,
1783110540,2026-07-03T13:29:00-07:00,2.2,
1783110600,2026-07-03T13:30:00-07:00,2.1,
1783110660,2026-07-03T13:31:00-07:00,2.1,
1783110720,2026-07-03T13:32:00-07:00,2.1,
1783110780,2026-07-03T13:33:00-07:00,2.1,
1783110840,2026-07-03T13:34:00-07:00,2.1,
1783110900,2026-07-03T13:35:00-07:00,2.1,
1783114740,2026-07-03T14:39:00-07:00,,0
1783114800,2026-07-03T14:40:00-07:00,,0
1783114860,2026-07-03T14:41:00-07:00,,0
1783114920,2026-07-03T14:42:00-07:00,,0
1783114980,2026-07-03T14:43:00-07:00,,0
1783115040,2026-07-03T14:44:00-07:00,,0
1783115100,2026-07-03T14:45:00-07:00,,0
1783115160,2026-07-03T14:46:00-07:00,,0
1783115220,2026-07-03T14:47:00-07:00,,0
1783115280,2026-07-03T14:48:00-07:00,,0
1783115340,2026-07-03T14:49:00-07:00,,0
1783115400,2026-07-03T14:50:00-07:00,,0
1783115460,2026-07-03T14:51:00-07:00,,0
1783115520,2026-07-03T14:52:00-07:00,,0
1783115580,2026-07-03T14:53:00-07:00,,0
1783115640,2026-07-03T14:54:00-07:00,,0
1783115700,2026-07-03T14:55:00-07:00,,0
1783115760,2026-07-03T14:56:00-07:00,,0
1783115820,2026-07-03T14:57:00-07:00,,0
1783115880,2026-07-03T14:58:00-07:00,,0
1783115940,2026-07-03T14:59:00-07:00,,0
1783116000,2026-07-03T15:00:00-07:00,,0
1783116060,2026-07-03T15:01:00-07:00,,0
1783116120,2026-07-03T15:02:00-07:00,,0
1783116180,2026-07-03T15:03:00-07:00,,0
1783116240,2026-07-03T15:04:00-07:00,,0
1783116300,2026-07-03T15:05:00-07:00,,0
1783116360,2026-07-03T15:06:00-07:00,,0
1783116420,2026-07-03T15:07:00-07:00,,0
1783116480,2026-07-03T15:08:00-07:00,,0
1783116540,2026-07-03T15:09:00-07:00,,0
1783116600,2026-07-03T15:10:00-07:00,,0
1783116660,2026-07-03T15:11:00-07:00,,0
1783116720,2026-07-03T15:12:00-07:00,,0
1783116780,2026-07-03T15:13:00-07:00,,0
1783116840,2026-07-03T15:14:00-07:00,,0
1783116900,2026-07-03T15:15:00-07:00,,0
1783116960,2026-07-03T15:16:00-07:00,,0
1783117020,2026-07-03T15:17:00-07:00,,0
1783117080,2026-07-03T15:18:00-07:00,,0
1783117140,2026-07-03T15:19:00-07:00,,0
1783117200,2026-07-03T15:20:00-07:00,,0
1783117260,2026-07-03T15:21:00-07:00,,0
1783117320,2026-07-03T15:22:00-07:00,,0
1783117380,2026-07-03T15:23:00-07:00,,0
1783117440,2026-07-03T15:24:00-07:00,,0
1783117500,2026-07-03T15:25:00-07:00,,0
1783117560,2026-07-03T15:26:00-07:00,,0
1783117620,2026-07-03T15:27:00-07:00,,0
1783117680,2026-07-03T15:28:00-07:00,,0
1783117740,2026-07-03T15:29:00-07:00,,0
1783117800,2026-07-03T15:30:00-07:00,,0
1783117860,2026-07-03T15:31:00-07:00,,0
1783117920,2026-07-03T15:32:00-07:00,,0
1783117980,2026-07-03T15:33:00-07:00,,0
1783118040,2026-07-03T15:34:00-07:00,,0
1783118100,2026-07-03T15:35:00-07:00,,0
1783118160,2026-07-03T15:36:00-07:00,,0
1783118220,2026-07-03T15:37:00-07:00,,0
1783118280,2026-07-03T15:38:00-07:00,,0
1783118340,2026-07-03T15:39:00-07:00,,0
1783118400,2026-07-03T15:40:00-07:00,,0
1783118460,2026-07-03T15:41:00-07:00,,0
1783118520,2026-07-03T15:42:00-07:00,,0
1783118580,2026-07-03T15:43:00-07:00,,0
1783118640,2026-07-03T15:44:00-07:00,,0
1783118700,2026-07-03T15:45:00-07:00,,0
1783118760,2026-07-03T15:46:00-07:00,,0
1783118820,2026-07-03T15:47:00-07:00,,0
1783118880,2026-07-03T15:48:00-07:00,,0
1783118940,2026-07-03T15:49:00-07:00,,0
1783119000,2026-07-03T15:50:00-07:00,,0
1783119060,2026-07-03T15:51:00-07:00,,0
1783119120,2026-07-03T15:52:00-07:00,,0
1783119180,2026-07-03T15:53:00-07:00,,0
1783119240,2026-07-03T15:54:00-07:00,,0
1783119300,2026-07-03T15:55:00-07:00,,0
1783119360,2026-07-03T15:56:00-07:00,,0
1783119420,2026-07-03T15:57:00-07:00,,0
1783119480,2026-07-03T15:58:00-07:00,,0
1783119540,2026-07-03T15:59:00-07:00,,0
1783119600,2026-07-03T16:00:00-07:00,,0
1783119660,2026-07-03T16:01:00-07:00,,0
1783119720,2026-07-03T16:02:00-07:00,,0
1783119780,2026-07-03T16:03:00-07:00,,0
1783119840,2026-07-03T16:04:00-07:00,,0
1783119900,2026-07-03T16:05:00-07:00,,0
1783119960,2026-07-03T16:06:00-07:00,,0
1783120020,2026-07-03T16:07:00-07:00,,0
1783120080,2026-07-03T16:08:00-07:00,,0
1783120140,2026-07-03T16:09:00-07:00,,0
1783120200,2026-07-03T16:10:00-07:00,,0
1783120260,2026-07-03T16:11:00-07:00,,0
1783120320,2026-07-03T16:12:00-07:00,,0
1783120380,2026-07-03T16:13:00-07:00,,0
1783120440,2026-07-03T16:14:00-07:00,,0
1783120500,2026-07-03T16:15:00-07:00,,0
1783120560,2026-07-03T16:16:00-07:00,,0
1783120620,2026-07-03T16:17:00-07:00,,0
1783120680,2026-07-03T16:18:00-07:00,,0
1783120740,2026-07-03T16:19:00-07:00,,0
1783120800,2026-07-03T16:20:00-07:00,,0
1783120860,2026-07-03T16:21:00-07:00,,0
1783120920,2026-07-03T16:22:00-07:00,,0
1783120980,2026-07-03T16:23:00-07:00,,0
1783121040,2026-07-03T16:24:00-07:00,,0
1783121100,2026-07-03T16:25:00-07:00,,0
1783121160,2026-07-03T16:26:00-07:00,,0
1783121220,2026-07-03T16:27:00-07:00,,0
1783121280,2026-07-03T16:28:00-07:00,,0
1783121340,2026-07-03T16:29:00-07:00,,0
1783121400,2026-07-03T16:30:00-07:00,,0
1783121460,2026-07-03T16:31:00-07:00,,0
1783121520,2026-07-03T16:32:00-07:00,,0
1783121580,2026-07-03T16:33:00-07:00,,0
1783121640,2026-07-03T16:34:00-07:00,,0
1783121700,2026-07-03T16:35:00-07:00,,0
1783121760,2026-07-03T16:36:00-07:00,,0
1783121820,2026-07-03T16:37:00-07:00,,0
1783121880,2026-07-03T16:38:00-07:00,,0
1783121940,2026-07-03T16:39:00-07:00,,0
1783122000,2026-07-03T16:40:00-07:00,,0
1783122060,2026-07-03T16:41:00-07:00,,0
1783122120,2026-07-03T16:42:00-07:00,,0
1783122180,2026-07-03T16:43:00-07:00,,0
1783122240,2026-07-03T16:44:00-07:00,,0
1783122300,2026-07-03T16:45:00-07:00,,0
1783122360,2026-07-03T16:46:00-07:00,,0
1783122420,2026-07-03T16:47:00-07:00,,0
1783122480,2026-07-03T16:48:00-07:00,,0
1783122540,2026-07-03T16:49:00-07:00,,0
1783122600,2026-07-03T16:50:00-07:00,,0
1783122660,2026-07-03T16:51:00-07:00,,0
1783122720,2026-07-03T16:52:00-07:00,,0
1783122780,2026-07-03T16:53:00-07:00,,0
1783122840,2026-07-03T16:54:00-07:00,,0
1783122900,2026-07-03T16:55:00-07:00,,0
1783122960,2026-07-03T16:56:00-07:00,,0
1783123020,2026-07-03T16:57:00-07:00,,0
1783123080,2026-07-03T16:58:00-07:00,,0
1783123140,2026-07-03T16:59:00-07:00,,0
1783123200,2026-07-03T17:00:00-07:00,,0
1783123260,2026-07-03T17:01:00-07:00,,0
1783123320,2026-07-03T17:02:00-07:00,,0
1783123380,2026-07-03T17:03:00-07:00,,0
1783123440,2026-07-03T17:04:00-07:00,,0
1783123500,2026-07-03T17:05:00-07:00,,0
1783123560,2026-07-03T17:06:00-07:00,,0
1783123620,2026-07-03T17:07:00-07:00,,0
1783123680,2026-07-03T17:08:00-07:00,,0
1783123740,2026-07-03T17:09:00-07:00,,0
1783123800,2026-07-03T17:10:00-07:00,,0
1783123860,2026-07-03T17:11:00-07:00,,0
1783123920,2026-07-03T17:12:00-07:00,,0
1783123980,2026-07-03T17:13:00-07:00,,0
1783124040,2026-07-03T17:14:00-07:00,,0
1783124100,2026-07-03T17:15:00-07:00,,0
1783124160,2026-07-03T17:16:00-07:00,,0
1783124220,2026-07-03T17:17:00-07:00,,0
1783124280,2026-07-03T17:18:00-07:00,,0
1783124340,2026-07-03T17:19:00-07:00,,0
1783124400,2026-07-03T17:20:00-07:00,,0
1783124460,2026-07-03T17:21:00-07:00,,0
1783124520,2026-07-03T17:22:00-07:00,,0
1783124580,2026-07-03T17:23:00-07:00,,0
1783124640,2026-07-03T17:24:00-07:00,,0
1783124700,2026-07-03T17:25:00-07:00,,0
1783124760,2026-07-03T17:26:00-07:00,,0
1783124820,2026-07-03T17:27:00-07:00,,0
1783124880,2026-07-03T17:28:00-07:00,,0
1783124940,2026-07-03T17:29:00-07:00,,0
1783125000,2026-07-03T17:30:00-07:00,,0
1783125060,2026-07-03T17:31:00-07:00,,0
1783125120,2026-07-03T17:32:00-07:00,,0
1783125180,2026-07-03T17:33:00-07:00,,0
1783125240,2026-07-03T17:34:00-07:00,,0
1783125300,2026-07-03T17:35:00-07:00,,0
1783125360,2026-07-03T17:36:00-07:00,,0
1783125420,2026-07-03T17:37:00-07:00,,0
1783125480,2026-07-03T17:38:00-07:00,,0
1783125540,2026-07-03T17:39:00-07:00,,0
1783125600,2026-07-03T17:40:00-07:00,,0
1783125660,2026-07-03T17:41:00-07:00,,0
1783125720,2026-07-03T17:42:00-07:00,,0
1783125780,2026-07-03T17:43:00-07:00,,0
1783125840,2026-07-03T17:44:00-07:00,,0
1783125900,2026-07-03T17:45:00-07:00,,0
1783125960,2026-07-03T17:46:00-07:00,,0
1783126020,2026-07-03T17:47:00-07:00,,0
1783126080,2026-07-03T17:48:00-07:00,,0
1783126140,2026-07-03T17:49:00-07:00,,0
1783126200,2026-07-03T17:50:00-07:00,,0
1783126260,2026-07-03T17:51:00-07:00,,0
1783126320,2026-07-03T17:52:00-07:00,,0
1783126380,2026-07-03T17:53:00-07:00,,0
1783126440,2026-07-03T17:54:00-07:00,,0
1783126500,2026-07-03T17:55:00-07:00,,0
1783126560,2026-07-03T17:56:00-07:00,,0
1783126620,2026-07-03T17:57:00-07:00,,0
1783126680,2026-07-03T17:58:00-07:00,,0
1783126740,2026-07-03T17:59:00-07:00,,0
1783126800,2026-07-03T18:00:00-07:00,,0
1783126860,2026-07-03T18:01:00-07:00,,0
1783126920,2026-07-03T18:02:00-07:00,,0
1783126980,2026-07-03T18:03:00-07:00,,0
1783127040,2026-07-03T18:04:00-07:00,,0
1783127100,2026-07-03T18:05:00-07:00,,0
1783127160,2026-07-03T18:06:00-07:00,,0
1783127220,2026-07-03T18:07:00-07:00,,0
1783127280,2026-07-03T18:08:00-07:00,,0
1783127340,2026-07-03T18:09:00-07:00,,0
1783127400,2026-07-03T18:10:00-07:00,,0
1783127460,2026-07-03T18:11:00-07:00,,0
1783127520,2026-07-03T18:12:00-07:00,,0
1783127580,2026-07-03T18:13:00-07:00,,0
1783127640,2026-07-03T18:14:00-07:00,,0
1783127700,2026-07-03T18:15:00-07:00,,0
1783127760,2026-07-03T18:16:00-07:00,,0
1783127820,2026-07-03T18:17:00-07:00,,0
1783127880,2026-07-03T18:18:00-07:00,,0
1783127940,2026-07-03T18:19:00-07:00,,0
1783128000,2026-07-03T18:20:00-07:00,,0
1783128060,2026-07-03T18:21:00-07:00,,0
1783128120,2026-07-03T18:22:00-07:00,,0
1783128180,2026-07-03T18:23:00-07:00,,0
1783128240,2026-07-03T18:24:00-07:00,,0
1783128300,2026-07-03T18:25:00-07:00,,0
1783128360,2026-07-03T18:26:00-07:00,,0
1783128420,2026-07-03T18:27:00-07:00,,0
1783128480,2026-07-03T18:28:00-07:00,,0
1783128540,2026-07-03T18:29:00-07:00,,0
1783128600,2026-07-03T18:30:00-07:00,,0
1783128660,2026-07-03T18:31:00-07:00,,0
1783128720,2026-07-03T18:32:00-07:00,,0
1783128780,2026-07-03T18:33:00-07:00,,0
1783128840,2026-07-03T18:34:00-07:00,,0
1783128900,2026-07-03T18:35:00-07:00,,0
1783128960,2026-07-03T18:36:00-07:00,,0
1783129020,2026-07-03T18:37:00-07:00,,0
1783129080,2026-07-03T18:38:00-07:00,,0
1783129140,2026-07-03T18:39:00-07:00,,0
1783129200,2026-07-03T18:40:00-07:00,,0
1783129260,2026-07-03T18:41:00-07:00,,0
1783129320,2026-07-03T18:42:00-07:00,,0
1783129380,2026-07-03T18:43:00-07:00,,0
1783129440,2026-07-03T18:44:00-07:00,,0
1783129500,2026-07-03T18:45:00-07:00,,0
1783129560,2026-07-03T18:46:00-07:00,,0
1783129620,2026-07-03T18:47:00-07:00,,0
1783129680,2026-07-03T18:48:00-07:00,,0
1783129740,2026-07-03T18:49:00-07:00,,0
1783129800,2026-07-03T18:50:00-07:00,,0
1783129860,2026-07-03T18:51:00-07:00,,0
1783129920,2026-07-03T18:52:00-07:00,,0
1783129980,2026-07-03T18:53:00-07:00,,0
1783130040,2026-07-03T18:54:00-07:00,,0
1783130100,2026-07-03T18:55:00-07:00,,0
1783130160,2026-07-03T18:56:00-07:00,,0
1783130220,2026-07-03T18:57:00-07:00,,0
1783130280,2026-07-03T18:58:00-07:00,,0
1783130340,2026-07-03T18:59:00-07:00,,0
1783130400,2026-07-03T19:00:00-07:00,,0
1783130460,2026-07-03T19:01:00-07:00,,0
1783130520,2026-07-03T19:02:00-07:00,,0
1783130580,2026-07-03T19:03:00-07:00,,0
1783130640,2026-07-03T19:04:00-07:00,,0
1783130700,2026-07-03T19:05:00-07:00,,0
1783130760,2026-07-03T19:06:00-07:00,,0
1783130820,2026-07-03T19:07:00-07:00,,0
1783130880,2026-07-03T19:08:00-07:00,,0
1783130940,2026-07-03T19:09:00-07:00,,0
1783131000,2026-07-03T19:10:00-07:00,,0
1783131060,2026-07-03T19:11:00-07:00,,0
1783131120,2026-07-03T19:12:00-07:00,,0
1783131180,2026-07-03T19:13:00-07:00,,0
1783131240,2026-07-03T19:14:00-07:00,,0
1783131300,2026-07-03T19:15:00-07:00,,0
1783131360,2026-07-03T19:16:00-07:00,,0
1783131420,2026-07-03T19:17:00-07:00,,0
1783131480,2026-07-03T19:18:00-07:00,,0
1783131540,2026-07-03T19:19:00-07:00,,0
1783131600,2026-07-03T19:20:00-07:00,,0
1783131660,2026-07-03T19:21:00-07:00,,0
1783131720,2026-07-03T19:22:00-07:00,,0
1783131780,2026-07-03T19:23:00-07:00,,0
1783131840,2026-07-03T19:24:00-07:00,,0
1783131900,2026-07-03T19:25:00-07:00,,0
1783131960,2026-07-03T19:26:00-07:00,,0
1783132020,2026-07-03T19:27:00-07:00,,0
1783132080,2026-07-03T19:28:00-07:00,,0
1783132140,2026-07-03T19:29:00-07:00,,0
1783132200,2026-07-03T19:30:00-07:00,,0
1783132260,2026-07-03T19:31:00-07:00,,0
1783132320,2026-07-03T19:32:00-07:00,,0
1783132380,2026-07-03T19:33:00-07:00,,0
1783132440,2026-07-03T19:34:00-07:00,,0
1783132500,2026-07-03T19:35:00-07:00,,0
1783132560,2026-07-03T19:36:00-07:00,,0
1783132620,2026-07-03T19:37:00-07:00,,0
1783132680,2026-07-03T19:38:00-07:00,,0
1783132740,2026-07-03T19:39:00-07:00,,0
1783132800,2026-07-03T19:40:00-07:00,,0
1783132860,2026-07-03T19:41:00-07:00,,0
1783132920,2026-07-03T19:42:00-07:00,,0
1783132980,2026-07-03T19:43:00-07:00,,0
1783133040,2026-07-03T19:44:00-07:00,,0
1783133100,2026-07-03T19:45:00-07:00,,0
1783133160,2026-07-03T19:46:00-07:00,,0
1783133220,2026-07-03T19:47:00-07:00,,0
1783133280,2026-07-03T19:48:00-07:00,,0
1783133340,2026-07-03T19:49:00-07:00,,0
1783133400,2026-07-03T19:50:00-07:00,,0
1783133460,2026-07-03T19:51:00-07:00,,0
1783133520,2026-07-03T19:52:00-07:00,,0
1783133580,2026-07-03T19:53:00-07:00,,0
1783133640,2026-07-03T19:54:00-07:00,,0
1783133700,2026-07-03T19:55:00-07:00,,0
1783133760,2026-07-03T19:56:00-07:00,,0
1783133820,2026-07-03T19:57:00-07:00,,0
1783133880,2026-07-03T19:58:00-07:00,,0
1783133940,2026-07-03T19:59:00-07:00,,0
1783134000,2026-07-03T20:00:00-07:00,,0
1783134060,2026-07-03T20:01:00-07:00,,0
1783134120,2026-07-03T20:02:00-07:00,,0
1783134180,2026-07-03T20:03:00-07:00,,0
1783134240,2026-07-03T20:04:00-07:00,,0
1783134300,2026-07-03T20:05:00-07:00,,0
1783134360,2026-07-03T20:06:00-07:00,,0
1783134420,2026-07-03T20:07:00-07:00,,0
1783134480,2026-07-03T20:08:00-07:00,,0
1783134540,2026-07-03T20:09:00-07:00,,0
1783134600,2026-07-03T20:10:00-07:00,,0
1783134660,2026-07-03T20:11:00-07:00,,0
1783134720,2026-07-03T20:12:00-07:00,,0
1783134780,2026-07-03T20:13:00-07:00,,0
1783134840,2026-07-03T20:14:00-07:00,,0
1783134900,2026-07-03T20:15:00-07:00,,0
1783134960,2026-07-03T20:16:00-07:00,,0
1783135020,2026-07-03T20:17:00-07:00,,0
1783135080,2026-07-03T20:18:00-07:00,,0
1783135140,2026-07-03T20:19:00-07:00,,0
1783135200,2026-07-03T20:20:00-07:00,,0
1783135260,2026-07-03T20:21:00-07:00,,0
1783135320,2026-07-03T20:22:00-07:00,,0
1783135380,2026-07-03T20:23:00-07:00,,0
1783135440,2026-07-03T20:24:00-07:00,,0
1783135500,2026-07-03T20:25:00-07:00,,0
1783135560,2026-07-03T20:26:00-07:00,,0
1783135620,2026-07-03T20:27:00-07:00,,0
1783135680,2026-07-03T20:28:00-07:00,,0
1783135740,2026-07-03T20:29:00-07:00,,0
1783135800,2026-07-03T20:30:00-07:00,,0
1783135860,2026-07-03T20:31:00-07:00,,0
1783135920,2026-07-03T20:32:00-07:00,,0
1783135980,2026-07-03T20:33:00-07:00,,0
1783136040,2026-07-03T20:34:00-07:00,,0
1783136100,2026-07-03T20:35:00-07:00,,0
1783136160,2026-07-03T20:36:00-07:00,,0
1783136220,2026-07-03T20:37:00-07:00,,0
1783136280,2026-07-03T20:38:00-07:00,,0
1783136340,2026-07-03T20:39:00-07:00,,0
1783136400,2026-07-03T20:40:00-07:00,,0
1783136460,2026-07-03T20:41:00-07:00,,0
1783136520,2026-07-03T20:42:00-07:00,,0
1783136580,2026-07-03T20:43:00-07:00,,0
1783136640,2026-07-03T20:44:00-07:00,,0
1783136700,2026-07-03T20:45:00-07:00,,0
1783136760,2026-07-03T20:46:00-07:00,,0
1783136820,2026-07-03T20:47:00-07:00,,0
1783136880,2026-07-03T20:48:00-07:00,,0
1783136940,2026-07-03T20:49:00-07:00,,0
1783137000,2026-07-03T20:50:00-07:00,,0
1783137060,2026-07-03T20:51:00-07:00,,0
1783137120,2026-07-03T20:52:00-07:00,,0
1783137180,2026-07-03T20:53:00-07:00,,0
1783137240,2026-07-03T20:54:00-07:00,,0
1783137300,2026-07-03T20:55:00-07:00,,0
1783137360,2026-07-03T20:56:00-07:00,,0
1783137420,2026-07-03T20:57:00-07:00,,0
1783137480,2026-07-03T20:58:00-07:00,,0
1783137540,2026-07-03T20:59:00-07:00,,0
1783137600,2026-07-03T21:00:00-07:00,,0
1783137660,2026-07-03T21:01:00-07:00,,0
1783137720,2026-07-03T21:02:00-07:00,,0
1783137780,2026-07-03T21:03:00-07:00,,0
1783137840,2026-07-03T21:04:00-07:00,,0
1783137900,2026-07-03T21:05:00-07:00,,0
1783137960,2026-07-03T21:06:00-07:00,,0
1783138020,2026-07-03T21:07:00-07:00,,0
1783138080,2026-07-03T21:08:00-07:00,,0
1783138140,2026-07-03T21:09:00-07:00,,0
1783138200,2026-07-03T21:10:00-07:00,,0
1783138260,2026-07-03T21:11:00-07:00,,0
1783138320,2026-07-03T21:12:00-07:00,,0
1783138380,2026-07-03T21:13:00-07:00,,0
1783138440,2026-07-03T21:14:00-07:00,,0
1783138500,2026-07-03T21:15:00-07:00,,0
1783138560,2026-07-03T21:16:00-07:00,,0
1783138620,2026-07-03T21:17:00-07:00,,0
1783138680,2026-07-03T21:18:00-07:00,,0
1783138740,2026-07-03T21:19:00-07:00,,0
1783138800,2026-07-03T21:20:00-07:00,,0
1783138860,2026-07-03T21:21:00-07:00,,0
1783138920,2026-07-03T21:22:00-07:00,,0
1783138980,2026-07-03T21:23:00-07:00,,0
1783139040,2026-07-03T21:24:00-07:00,,0
1783139100,2026-07-03T21:25:00-07:00,,0
1783139160,2026-07-03T21:26:00-07:00,,0
1783139220,2026-07-03T21:27:00-07:00,,0
1783139280,2026-07-03T21:28:00-07:00,,0
1783139340,2026-07-03T21:29:00-07:00,,0
1783139400,2026-07-03T21:30:00-07:00,,0
1783139460,2026-07-03T21:31:00-07:00,,0
1783139520,2026-07-03T21:32:00-07:00,,0
1783139580,2026-07-03T21:33:00-07:00,,0
1783139640,2026-07-03T21:34:00-07:00,,0
1783139700,2026-07-03T21:35:00-07:00,,0
1783139760,2026-07-03T21:36:00-07:00,,0
1783139820,2026-07-03T21:37:00-07:00,,0
1783139880,2026-07-03T21:38:00-07:00,,0
1783139940,2026-07-03T21:39:00-07:00,,0
1783140000,2026-07-03T21:40:00-07:00,,0
1783140060,2026-07-03T21:41:00-07:00,,0
1783140120,2026-07-03T21:42:00-07:00,,0
1783140180,2026-07-03T21:43:00-07:00,,0
1783140240,2026-07-03T21:44:00-07:00,,0
1783140300,2026-07-03T21:45:00-07:00,,0
1783140360,2026-07-03T21:46:00-07:00,,0
1783140420,2026-07-03T21:47:00-07:00,,0
1783140480,2026-07-03T21:48:00-07:00,,0
1783140540,2026-07-03T21:49:00-07:00,,0
1783140600,2026-07-03T21:50:00-07:00,,0
1783140660,2026-07-03T21:51:00-07:00,,0
1783140720,2026-07-03T21:52:00-07:00,,0
1783140780,2026-07-03T21:53:00-07:00,,0
1783140840,2026-07-03T21:54:00-07:00,,0
1783140900,2026-07-03T21:55:00-07:00,,0
1783140960,2026-07-03T21:56:00-07:00,,0
1783141020,2026-07-03T21:57:00-07:00,,0
1783141080,2026-07-03T21:58:00-07:00,,0
1783141140,2026-07-03T21:59:00-07:00,,0
1783141200,2026-07-03T22:00:00-07:00,,0
1783141260,2026-07-03T22:01:00-07:00,,0
1783141320,2026-07-03T22:02:00-07:00,,0
1783141380,2026-07-03T22:03:00-07:00,,0
1783141440,2026-07-03T22:04:00-07:00,,0
1783141500,2026-07-03T22:05:00-07:00,,0
1783141560,2026-07-03T22:06:00-07:00,,0
1783141620,2026-07-03T22:07:00-07:00,,0
1783141680,2026-07-03T22:08:00-07:00,,0
1783141740,2026-07-03T22:09:00-07:00,,0
1783141800,2026-07-03T22:10:00-07:00,,0
1783141860,2026-07-03T22:11:00-07:00,,0
1783141920,2026-07-03T22:12:00-07:00,,0
1783141980,2026-07-03T22:13:00-07:00,,0
1783142040,2026-07-03T22:14:00-07:00,,0
1783142100,2026-07-03T22:15:00-07:00,,0
1783142160,2026-07-03T22:16:00-07:00,,0
1783142220,2026-07-03T22:17:00-07:00,,0
1783142280,2026-07-03T22:18:00-07:00,,0
1783142340,2026-07-03T22:19:00-07:00,,0
1783142400,2026-07-03T22:20:00-07:00,,0
1783142460,2026-07-03T22:21:00-07:00,,0
1783142520,2026-07-03T22:22:00-07:00,,0
1783142580,2026-07-03T22:23:00-07:00,,0
1783142640,2026-07-03T22:24:00-07:00,,0
1783142700,2026-07-03T22:25:00-07:00,,0
1783142760,2026-07-03T22:26:00-07:00,,0
1783142820,2026-07-03T22:27:00-07:00,,0
1783142880,2026-07-03T22:28:00-07:00,,0
1783142940,2026-07-03T22:29:00-07:00,,0
1783143000,2026-07-03T22:30:00-07:00,,0
1783143060,2026-07-03T22:31:00-07:00,,0
1783143120,2026-07-03T22:32:00-07:00,,0
1783143180,2026-07-03T22:33:00-07:00,,0
1783143240,2026-07-03T22:34:00-07:00,,0
1783143300,2026-07-03T22:35:00-07:00,,0
1783143360,2026-07-03T22:36:00-07:00,,0
1783143420,2026-07-03T22:37:00-07:00,,0
1783143480,2026-07-03T22:38:00-07:00,,0
1783143540,2026-07-03T22:39:00-07:00,,0
1783143600,2026-07-03T22:40:00-07:00,,0
1783143660,2026-07-03T22:41:00-07:00,,0
1783143720,2026-07-03T22:42:00-07:00,,0
1783143780,2026-07-03T22:43:00-07:00,,0
1783143840,2026-07-03T22:44:00-07:00,,0
1783143900,2026-07-03T22:45:00-07:00,,0
1783143960,2026-07-03T22:46:00-07:00,,0
1783144020,2026-07-03T22:47:00-07:00,,0
1783144080,2026-07-03T22:48:00-07:00,,0
1783144140,2026-07-03T22:49:00-07:00,,0
1783144200,2026-07-03T22:50:00-07:00,,0
1783144260,2026-07-03T22:51:00-07:00,,0
1783144320,2026-07-03T22:52:00-07:00,,0
1783144380,2026-07-03T22:53:00-07:00,,0
1783144440,2026-07-03T22:54:00-07:00,,0
1783144500,2026-07-03T22:55:00-07:00,,0
1783144560,2026-07-03T22:56:00-07:00,,0
1783144620,2026-07-03T22:57:00-07:00,,0
1783144680,2026-07-03T22:58:00-07:00,,0
1783144740,2026-07-03T22:59:00-07:00,,0
1783144800,2026-07-03T23:00:00-07:00,,0
1783144860,2026-07-03T23:01:00-07:00,,0
1783144920,2026-07-03T23:02:00-07:00,,0
1783144980,2026-07-03T23:03:00-07:00,,0
1783145040,2026-07-03T23:04:00-07:00,,0
1783145100,2026-07-03T23:05:00-07:00,,0
1783145160,2026-07-03T23:06:00-07:00,,0
1783145220,2026-07-03T23:07:00-07:00,,0
1783145280,2026-07-03T23:08:00-07:00,,0
1783145340,2026-07-03T23:09:00-07:00,,0
1783145400,2026-07-03T23:10:00-07:00,,0
1783145460,2026-07-03T23:11:00-07:00,,0
1783145520,2026-07-03T23:12:00-07:00,,0
1783145580,2026-07-03T23:13:00-07:00,,0
1783145640,2026-07-03T23:14:00-07:00,,0
1783145700,2026-07-03T23:15:00-07:00,,0
1783145760,2026-07-03T23:16:00-07:00,,0
1783145820,2026-07-03T23:17:00-07:00,,0
1783145880,2026-07-03T23:18:00-07:00,,0
1783145940,2026-07-03T23:19:00-07:00,,0
1783146000,2026-07-03T23:20:00-07:00,,0
1783146060,2026-07-03T23:21:00-07:00,,0
1783146120,2026-07-03T23:22:00-07:00,,0
1783146180,2026-07-03T23:23:00-07:00,,0
1783146240,2026-07-03T23:24:00-07:00,,0
1783146300,2026-07-03T23:25:00-07:00,,0
1783146360,2026-07-03T23:26:00-07:00,,0
1783146420,2026-07-03T23:27:00-07:00,,0
1783146480,2026-07-03T23:28:00-07:00,,0
1783146540,2026-07-03T23:29:00-07:00,,0
1783146600,2026-07-03T23:30:00-07:00,,0
1783146660,2026-07-03T23:31:00-07:00,,0
1783146720,2026-07-03T23:32:00-07:00,,0
1783146780,2026-07-03T23:33:00-07:00,,0
1783146840,2026-07-03T23:34:00-07:00,,0
1783146900,2026-07-03T23:35:00-07:00,,0
1783146960,2026-07-03T23:36:00-07:00,,0
1783147020,2026-07-03T23:37:00-07:00,,0
1783147080,2026-07-03T23:38:00-07:00,,0
1783147140,2026-07-03T23:39:00-07:00,,0
1783147200,2026-07-03T23:40:00-07:00,,0
1783147260,2026-07-03T23:41:00-07:00,,0
1783147320,2026-07-03T23:42:00-07:00,,0
1783147380,2026-07-03T23:43:00-07:00,,0
1783147440,2026-07-03T23:44:00-07:00,,0
1783147500,2026-07-03T23:45:00-07:00,,0
1783147560,2026-07-03T23:46:00-07:00,,0
1783147620,2026-07-03T23:47:00-07:00,,0
1783147680,2026-07-03T23:48:00-07:00,,0
1783147740,2026-07-03T23:49:00-07:00,,0
1783147800,2026-07-03T23:50:00-07:00,,0
1783147860,2026-07-03T23:51:00-07:00,,0
1783147920,2026-07-03T23:52:00-07:00,,0
1783147980,2026-07-03T23:53:00-07:00,,0
1783148040,2026-07-03T23:54:00-07:00,,0
1783148100,2026-07-03T23:55:00-07:00,,0
1783148160,2026-07-03T23:56:00-07:00,,0
1783148220,2026-07-03T23:57:00-07:00,,0
1783148280,2026-07-03T23:58:00-07:00,,0
1783148340,2026-07-03T23:59:00-07:00,,0
1783148400,2026-07-04T00:00:00-07:00,,0
1783148460,2026-07-04T00:01:00-07:00,,0
1783148520,2026-07-04T00:02:00-07:00,,0
1783148580,2026-07-04T00:03:00-07:00,,0
1783148640,2026-07-04T00:04:00-07:00,,0
1783148700,2026-07-04T00:05:00-07:00,,0
1783148760,2026-07-04T00:06:00-07:00,,0
1783148820,2026-07-04T00:07:00-07:00,,0
1783148880,2026-07-04T00:08:00-07:00,,0
1783148940,2026-07-04T00:09:00-07:00,,0
1783149000,2026-07-04T00:10:00-07:00,,0
1783149060,2026-07-04T00:11:00-07:00,,0
1783149120,2026-07-04T00:12:00-07:00,,0
1783149180,2026-07-04T00:13:00-07:00,,0
1783149240,2026-07-04T00:14:00-07:00,,0
1783149300,2026-07-04T00:15:00-07:00,,0
1783149360,2026-07-04T00:16:00-07:00,,0
1783149420,2026-07-04T00:17:00-07:00,,0
1783149480,2026-07-04T00:18:00-07:00,,0
1783149540,2026-07-04T00:19:00-07:00,,0
1783149600,2026-07-04T00:20:00-07:00,,0
1783149660,2026-07-04T00:21:00-07:00,,0
1783149720,2026-07-04T00:22:00-07:00,,0
1783149780,2026-07-04T00:23:00-07:00,,0
1783149840,2026-07-04T00:24:00-07:00,,0
1783149900,2026-07-04T00:25:00-07:00,,0
1783149960,2026-07-04T00:26:00-07:00,,0
1783150020,2026-07-04T00:27:00-07:00,,0
1783150080,2026-07-04T00:28:00-07:00,,0
1783150140,2026-07-04T00:29:00-07:00,,0
1783150200,2026-07-04T00:30:00-07:00,,0
1783150260,2026-07-04T00:31:00-07:00,,0
1783150320,2026-07-04T00:32:00-07:00,,0
1783150380,2026-07-04T00:33:00-07:00,,0
1783150440,2026-07-04T00:34:00-07:00,,0
1783150500,2026-07-04T00:35:00-07:00,,0
1783150560,2026-07-04T00:36:00-07:00,,0
1783150620,2026-07-04T00:37:00-07:00,,0
1783150680,2026-07-04T00:38:00-07:00,,0
1783150740,2026-07-04T00:39:00-07:00,,0
1783150800,2026-07-04T00:40:00-07:00,,0
1783150860,2026-07-04T00:41:00-07:00,,0
1783150920,2026-07-04T00:42:00-07:00,,0
1783150980,2026-07-04T00:43:00-07:00,,0
1783151040,2026-07-04T00:44:00-07:00,,0
1783151100,2026-07-04T00:45:00-07:00,,0
1783151160,2026-07-04T00:46:00-07:00,,0
1783151220,2026-07-04T00:47:00-07:00,,0
1783151280,2026-07-04T00:48:00-07:00,,0
1783151340,2026-07-04T00:49:00-07:00,,0
1783151400,2026-07-04T00:50:00-07:00,,0
1783151460,2026-07-04T00:51:00-07:00,,0
1783151520,2026-07-04T00:52:00-07:00,,0
1783151580,2026-07-04T00:53:00-07:00,,0
1783151640,2026-07-04T00:54:00-07:00,,0
1783151700,2026-07-04T00:55:00-07:00,,0
1783151760,2026-07-04T00:56:00-07:00,,0
1783151820,2026-07-04T00:57:00-07:00,,0
1783151880,2026-07-04T00:58:00-07:00,,0
1783151940,2026-07-04T00:59:00-07:00,,0
1783152000,2026-07-04T01:00:00-07:00,,0
1783152060,2026-07-04T01:01:00-07:00,,0
1783152120,2026-07-04T01:02:00-07:00,,0
1783152180,2026-07-04T01:03:00-07:00,,0
1783152240,2026-07-04T01:04:00-07:00,,0
1783152300,2026-07-04T01:05:00-07:00,,0
1783152360,2026-07-04T01:06:00-07:00,,0
1783152420,2026-07-04T01:07:00-07:00,,0
1783152480,2026-07-04T01:08:00-07:00,,0
1783152540,2026-07-04T01:09:00-07:00,,0
1783152600,2026-07-04T01:10:00-07:00,,0
1783152660,2026-07-04T01:11:00-07:00,,0
1783152720,2026-07-04T01:12:00-07:00,,0
1783152780,2026-07-04T01:13:00-07:00,,0
1783152840,2026-07-04T01:14:00-07:00,,0
1783152900,2026-07-04T01:15:00-07:00,,0
1783152960,2026-07-04T01:16:00-07:00,,0
1783153020,2026-07-04T01:17:00-07:00,,0
1783153080,2026-07-04T01:18:00-07:00,,0
1783153140,2026-07-04T01:19:00-07:00,,0
1783153200,2026-07-04T01:20:00-07:00,,0
1783153260,2026-07-04T01:21:00-07:00,,0
1783153320,2026-07-04T01:22:00-07:00,,0
1783153380,2026-07-04T01:23:00-07:00,,0
1783153440,2026-07-04T01:24:00-07:00,,0
1783153500,2026-07-04T01:25:00-07:00,,0
1783153560,2026-07-04T01:26:00-07:00,,0
1783153620,2026-07-04T01:27:00-07:00,,0
1783153680,2026-07-04T01:28:00-07:00,,0
1783153740,2026-07-04T01:29:00-07:00,,0
1783153800,2026-07-04T01:30:00-07:00,,0
1783153860,2026-07-04T01:31:00-07:00,,0
1783153920,2026-07-04T01:32:00-07:00,,0
1783153980,2026-07-04T01:33:00-07:00,,0
1783154040,2026-07-04T01:34:00-07:00,,0
1783154100,2026-07-04T01:35:00-07:00,,0
1783154160,2026-07-04T01:36:00-07:00,,0
1783154220,2026-07-04T01:37:00-07:00,,0
1783154280,2026-07-04T01:38:00-07:00,,0
1783154340,2026-07-04T01:39:00-07:00,,0
1783154400,2026-07-04T01:40:00-07:00,,0
1783154460,2026-07-04T01:41:00-07:00,,0
1783154520,2026-07-04T01:42:00-07:00,,0
1783154580,2026-07-04T01:43:00-07:00,,0
1783154640,2026-07-04T01:44:00-07:00,,0
1783154700,2026-07-04T01:45:00-07:00,,0
1783154760,2026-07-04T01:46:00-07:00,,0
1783154820,2026-07-04T01:47:00-07:00,,0
1783154880,2026-07-04T01:48:00-07:00,,0
1783154940,2026-07-04T01:49:00-07:00,,0
1783155000,2026-07-04T01:50:00-07:00,,0
1783155060,2026-07-04T01:51:00-07:00,,0
1783155120,2026-07-04T01:52:00-07:00,,0
1783155180,2026-07-04T01:53:00-07:00,,0
1783155240,2026-07-04T01:54:00-07:00,,0
1783155300,2026-07-04T01:55:00-07:00,,0
1783155360,2026-07-04T01:56:00-07:00,,0
1783155420,2026-07-04T01:57:00-07:00,,0
1783155480,2026-07-04T01:58:00-07:00,,0
1783155540,2026-07-04T01:59:00-07:00,,0
1783155600,2026-07-04T02:00:00-07:00,,0
1783155660,2026-07-04T02:01:00-07:00,,0
1783155720,2026-07-04T02:02:00-07:00,,0
1783155780,2026-07-04T02:03:00-07:00,,0
1783155840,2026-07-04T02:04:00-07:00,,0
1783155900,2026-07-04T02:05:00-07:00,,0
1783155960,2026-07-04T02:06:00-07:00,,0
1783156020,2026-07-04T02:07:00-07:00,,0
1783156080,2026-07-04T02:08:00-07:00,,0
1783156140,2026-07-04T02:09:00-07:00,,0
1783156200,2026-07-04T02:10:00-07:00,,0
1783156260,2026-07-04T02:11:00-07:00,,0
1783156320,2026-07-04T02:12:00-07:00,,0
1783156380,2026-07-04T02:13:00-07:00,,0
1783156440,2026-07-04T02:14:00-07:00,,0
1783156500,2026-07-04T02:15:00-07:00,,0
1783156560,2026-07-04T02:16:00-07:00,,0
1783156620,2026-07-04T02:17:00-07:00,,0
1783156680,2026-07-04T02:18:00-07:00,,0
1783156740,2026-07-04T02:19:00-07:00,,0
1783156800,2026-07-04T02:20:00-07:00,,0
1783156860,2026-07-04T02:21:00-07:00,,0
1783156920,2026-07-04T02:22:00-07:00,,0
1783156980,2026-07-04T02:23:00-07:00,,0
1783157040,2026-07-04T02:24:00-07:00,,0
1783157100,2026-07-04T02:25:00-07:00,,0
1783157160,2026-07-04T02:26:00-07:00,,0
1783157220,2026-07-04T02:27:00-07:00,,0
1783157280,2026-07-04T02:28:00-07:00,,0
1783157340,2026-07-04T02:29:00-07:00,,0
1783157400,2026-07-04T02:30:00-07:00,,0
1783157460,2026-07-04T02:31:00-07:00,,0
1783157520,2026-07-04T02:32:00-07:00,,0
1783157580,2026-07-04T02:33:00-07:00,,0
1783157640,2026-07-04T02:34:00-07:00,,0
1783157700,2026-07-04T02:35:00-07:00,,0
1783157760,2026-07-04T02:36:00-07:00,,0
1783157820,2026-07-04T02:37:00-07:00,,0
1783157880,2026-07-04T02:38:00-07:00,,0
1783157940,2026-07-04T02:39:00-07:00,,0
1783158000,2026-07-04T02:40:00-07:00,,0
1783158060,2026-07-04T02:41:00-07:00,,0
1783158120,2026-07-04T02:42:00-07:00,,0
1783158180,2026-07-04T02:43:00-07:00,,0
1783158240,2026-07-04T02:44:00-07:00,,0
1783158300,2026-07-04T02:45:00-07:00,,0
1783158360,2026-07-04T02:46:00-07:00,,0
1783158420,2026-07-04T02:47:00-07:00,,0
1783158480,2026-07-04T02:48:00-07:00,,0
1783158540,2026-07-04T02:49:00-07:00,,0
1783158600,2026-07-04T02:50:00-07:00,,0
1783158660,2026-07-04T02:51:00-07:00,,0
1783158720,2026-07-04T02:52:00-07:00,,0
1783158780,2026-07-04T02:53:00-07:00,,0
1783158840,2026-07-04T02:54:00-07:00,,0
1783158900,2026-07-04T02:55:00-07:00,,0
1783158960,2026-07-04T02:56:00-07:00,,0
1783159020,2026-07-04T02:57:00-07:00,,0
1783159080,2026-07-04T02:58:00-07:00,,0
1783159140,2026-07-04T02:59:00-07:00,,0
1783159200,2026-07-04T03:00:00-07:00,,0
1783159260,2026-07-04T03:01:00-07:00,,0
1783159320,2026-07-04T03:02:00-07:00,,0
1783159380,2026-07-04T03:03:00-07:00,,0
1783159440,2026-07-04T03:04:00-07:00,,0
1783159500,2026-07-04T03:05:00-07:00,,0
1783159560,2026-07-04T03:06:00-07:00,,0
1783159620,2026-07-04T03:07:00-07:00,,0
1783159680,2026-07-04T03:08:00-07:00,,0
1783159740,2026-07-04T03:09:00-07:00,,0
1783159800,2026-07-04T03:10:00-07:00,,0
1783159860,2026-07-04T03:11:00-07:00,,0
1783159920,2026-07-04T03:12:00-07:00,,0
1783159980,2026-07-04T03:13:00-07:00,,0
1783160040,2026-07-04T03:14:00-07:00,,0
1783160100,2026-07-04T03:15:00-07:00,,0
1783160160,2026-07-04T03:16:00-07:00,,0
1783160220,2026-07-04T03:17:00-07:00,,0
1783160280,2026-07-04T03:18:00-07:00,,0
1783160340,2026-07-04T03:19:00-07:00,,0
1783160400,2026-07-04T03:20:00-07:00,,0
1783160460,2026-07-04T03:21:00-07:00,,0
1783160520,2026-07-04T03:22:00-07:00,,0
1783160580,2026-07-04T03:23:00-07:00,,0
1783160640,2026-07-04T03:24:00-07:00,,0
1783160700,2026-07-04T03:25:00-07:00,,0
1783160760,2026-07-04T03:26:00-07:00,,0
1783160820,2026-07-04T03:27:00-07:00,,0
1783160880,2026-07-04T03:28:00-07:00,,0
1783160940,2026-07-04T03:29:00-07:00,,0
1783161000,2026-07-04T03:30:00-07:00,,0
1783161060,2026-07-04T03:31:00-07:00,,0
1783161120,2026-07-04T03:32:00-07:00,,0
1783161180,2026-07-04T03:33:00-07:00,,0
1783161240,2026-07-04T03:34:00-07:00,,0
1783161300,2026-07-04T03:35:00-07:00,,0
1783161360,2026-07-04T03:36:00-07:00,,0
1783161420,2026-07-04T03:37:00-07:00,,0
1783161480,2026-07-04T03:38:00-07:00,,0
1783161540,2026-07-04T03:39:00-07:00,,0
1783161600,2026-07-04T03:40:00-07:00,,0
1783161660,2026-07-04T03:41:00-07:00,,0
1783161720,2026-07-04T03:42:00-07:00,,0
1783161780,2026-07-04T03:43:00-07:00,,0
1783161840,2026-07-04T03:44:00-07:00,,0
1783161900,2026-07-04T03:45:00-07:00,,0
1783161960,2026-07-04T03:46:00-07:00,,0
1783162020,2026-07-04T03:47:00-07:00,,0
1783162080,2026-07-04T03:48:00-07:00,,0
1783162140,2026-07-04T03:49:00-07:00,,0
1783162200,2026-07-04T03:50:00-07:00,,0
1783162260,2026-07-04T03:51:00-07:00,,0
1783162320,2026-07-04T03:52:00-07:00,,0
1783162380,2026-07-04T03:53:00-07:00,,0
1783162440,2026-07-04T03:54:00-07:00,,0
1783162500,2026-07-04T03:55:00-07:00,,0
1783162560,2026-07-04T03:56:00-07:00,,0
1783162620,2026-07-04T03:57:00-07:00,,0
1783162680,2026-07-04T03:58:00-07:00,,0
1783162740,2026-07-04T03:59:00-07:00,,0
1783162800,2026-07-04T04:00:00-07:00,,0
1783162860,2026-07-04T04:01:00-07:00,,0
1783162920,2026-07-04T04:02:00-07:00,,0
1783162980,2026-07-04T04:03:00-07:00,,0
1783163040,2026-07-04T04:04:00-07:00,,0
1783163100,2026-07-04T04:05:00-07:00,,0
1783163160,2026-07-04T04:06:00-07:00,,0
1783163220,2026-07-04T04:07:00-07:00,,0
1783163280,2026-07-04T04:08:00-07:00,,0
1783163340,2026-07-04T04:09:00-07:00,,0
1783163400,2026-07-04T04:10:00-07:00,,0
1783163460,2026-07-04T04:11:00-07:00,,0
1783163520,2026-07-04T04:12:00-07:00,,0
1783163580,2026-07-04T04:13:00-07:00,,0
1783163640,2026-07-04T04:14:00-07:00,,0
1783163700,2026-07-04T04:15:00-07:00,,0
1783163760,2026-07-04T04:16:00-07:00,,0
1783163820,2026-07-04T04:17:00-07:00,,0
1783163880,2026-07-04T04:18:00-07:00,,0
1783163940,2026-07-04T04:19:00-07:00,,0
1783164000,2026-07-04T04:20:00-07:00,,0
1783164060,2026-07-04T04:21:00-07:00,,0
1783164120,2026-07-04T04:22:00-07:00,,0
1783164180,2026-07-04T04:23:00-07:00,,0
1783164240,2026-07-04T04:24:00-07:00,,0
1783164300,2026-07-04T04:25:00-07:00,,0
1783164360,2026-07-04T04:26:00-07:00,,0
1783164420,2026-07-04T04:27:00-07:00,,0
1783164480,2026-07-04T04:28:00-07:00,,0
1783164540,2026-07-04T04:29:00-07:00,,0
1783164600,2026-07-04T04:30:00-07:00,,0
1783164660,2026-07-04T04:31:00-07:00,,0
1783164720,2026-07-04T04:32:00-07:00,,0
1783164780,2026-07-04T04:33:00-07:00,,0
1783164840,2026-07-04T04:34:00-07:00,,0
1783164900,2026-07-04T04:35:00-07:00,,0
1783164960,2026-07-04T04:36:00-07:00,,0
1783165020,2026-07-04T04:37:00-07:00,,0
1783165080,2026-07-04T04:38:00-07:00,,0
1783165140,2026-07-04T04:39:00-07:00,,0
1783165200,2026-07-04T04:40:00-07:00,,0
1783165260,2026-07-04T04:41:00-07:00,,0
1783165320,2026-07-04T04:42:00-07:00,,0
1783165380,2026-07-04T04:43:00-07:00,,0
1783165440,2026-07-04T04:44:00-07:00,,0
1783165500,2026-07-04T04:45:00-07:00,,0
1783165560,2026-07-04T04:46:00-07:00,,0
1783165620,2026-07-04T04:47:00-07:00,,0
1783165680,2026-07-04T04:48:00-07:00,,0
1783165740,2026-07-04T04:49:00-07:00,,0
1783165800,2026-07-04T04:50:00-07:00,,0
1783165860,2026-07-04T04:51:00-07:00,,0
1783165920,2026-07-04T04:52:00-07:00,,0
1783165980,2026-07-04T04:53:00-07:00,,0
1783166040,2026-07-04T04:54:00-07:00,,0
1783166100,2026-07-04T04:55:00-07:00,,0
1783166160,2026-07-04T04:56:00-07:00,,0
1783166220,2026-07-04T04:57:00-07:00,,0
1783166280,2026-07-04T04:58:00-07:00,,0
1783166340,2026-07-04T04:59:00-07:00,,0
1783166400,2026-07-04T05:00:00-07:00,,0
1783166460,2026-07-04T05:01:00-07:00,,0
1783166520,2026-07-04T05:02:00-07:00,,0
1783166580,2026-07-04T05:03:00-07:00,,0
1783166640,2026-07-04T05:04:00-07:00,,0
1783166700,2026-07-04T05:05:00-07:00,,0
1783166760,2026-07-04T05:06:00-07:00,,0
1783166820,2026-07-04T05:07:00-07:00,,0
1783166880,2026-07-04T05:08:00-07:00,,0
1783166940,2026-07-04T05:09:00-07:00,,0
1783167000,2026-07-04T05:10:00-07:00,,0
1783167060,2026-07-04T05:11:00-07:00,,0
1783167120,2026-07-04T05:12:00-07:00,,0
1783167180,2026-07-04T05:13:00-07:00,,0
1783167240,2026-07-04T05:14:00-07:00,,0
1783167300,2026-07-04T05:15:00-07:00,,0
1783167360,2026-07-04T05:16:00-07:00,,0
1783167420,2026-07-04T05:17:00-07:00,,0
1783167480,2026-07-04T05:18:00-07:00,,0
1783167540,2026-07-04T05:19:00-07:00,,0
1783167600,2026-07-04T05:20:00-07:00,,0
1783167660,2026-07-04T05:21:00-07:00,,0
1783167720,2026-07-04T05:22:00-07:00,,0
1783167780,2026-07-04T05:23:00-07:00,,0
1783167840,2026-07-04T05:24:00-07:00,,0
1783167900,2026-07-04T05:25:00-07:00,,0
1783167960,2026-07-04T05:26:00-07:00,,0
1783168020,2026-07-04T05:27:00-07:00,,0
1783168080,2026-07-04T05:28:00-07:00,,0
1783168140,2026-07-04T05:29:00-07:00,,0
1783168200,2026-07-04T05:30:00-07:00,,0
1783168260,2026-07-04T05:31:00-07:00,,0
1783168320,2026-07-04T05:32:00-07:00,,0
1783168380,2026-07-04T05:33:00-07:00,,0
1783168440,2026-07-04T05:34:00-07:00,,0
1783168500,2026-07-04T05:35:00-07:00,,0
1783168560,2026-07-04T05:36:00-07:00,,0
1783168620,2026-07-04T05:37:00-07:00,,0
1783168680,2026-07-04T05:38:00-07:00,,0
1783168740,2026-07-04T05:39:00-07:00,,0
1783168800,2026-07-04T05:40:00-07:00,,0
1783168860,2026-07-04T05:41:00-07:00,,0
1783168920,2026-07-04T05:42:00-07:00,,0
1783168980,2026-07-04T05:43:00-07:00,,0
1783169040,2026-07-04T05:44:00-07:00,,0
1783169100,2026-07-04T05:45:00-07:00,,0
1783169160,2026-07-04T05:46:00-07:00,,0
1783169220,2026-07-04T05:47:00-07:00,,0
1783169280,2026-07-04T05:48:00-07:00,,0
1783169340,2026-07-04T05:49:00-07:00,,0
1783169400,2026-07-04T05:50:00-07:00,,0
1783169460,2026-07-04T05:51:00-07:00,,0
1783169520,2026-07-04T05:52:00-07:00,,0
1783169580,2026-07-04T05:53:00-07:00,,0
1783169640,2026-07-04T05:54:00-07:00,,0
1783169700,2026-07-04T05:55:00-07:00,,0
1783169760,2026-07-04T05:56:00-07:00,,0
1783169820,2026-07-04T05:57:00-07:00,,0
1783169880,2026-07-04T05:58:00-07:00,,0
1783169940,2026-07-04T05:59:00-07:00,,0
1783170000,2026-07-04T06:00:00-07:00,,0
1783170060,2026-07-04T06:01:00-07:00,,0
1783170120,2026-07-04T06:02:00-07:00,,0
1783170180,2026-07-04T06:03:00-07:00,,0
1783170240,2026-07-04T06:04:00-07:00,,0
1783170300,2026-07-04T06:05:00-07:00,,0
1783170360,2026-07-04T06:06:00-07:00,,0
1783170420,2026-07-04T06:07:00-07:00,,0
1783170480,2026-07-04T06:08:00-07:00,,0
1783170540,2026-07-04T06:09:00-07:00,,0
1783170600,2026-07-04T06:10:00-07:00,,0
1783170660,2026-07-04T06:11:00-07:00,,0
1783170720,2026-07-04T06:12:00-07:00,,0
1783170780,2026-07-04T06:13:00-07:00,,0
1783170840,2026-07-04T06:14:00-07:00,,0
1783170900,2026-07-04T06:15:00-07:00,,0
1783170960,2026-07-04T06:16:00-07:00,,0
1783171020,2026-07-04T06:17:00-07:00,,0
1783171080,2026-07-04T06:18:00-07:00,,0
1783171140,2026-07-04T06:19:00-07:00,,0
1783171200,2026-07-04T06:20:00-07:00,,0
1783171260,2026-07-04T06:21:00-07:00,,0
1783171320,2026-07-04T06:22:00-07:00,,0
1783171380,2026-07-04T06:23:00-07:00,,0
1783171440,2026-07-04T06:24:00-07:00,,0
1783171500,2026-07-04T06:25:00-07:00,,0
1783171560,2026-07-04T06:26:00-07:00,,0
1783171620,2026-07-04T06:27:00-07:00,,0
1783171680,2026-07-04T06:28:00-07:00,,0
1783171740,2026-07-04T06:29:00-07:00,,0
1783171800,2026-07-04T06:30:00-07:00,,0
1783171860,2026-07-04T06:31:00-07:00,,0
1783171920,2026-07-04T06:32:00-07:00,,0
1783171980,2026-07-04T06:33:00-07:00,,0
1783172040,2026-07-04T06:34:00-07:00,,0
1783172100,2026-07-04T06:35:00-07:00,,0
1783172160,2026-07-04T06:36:00-07:00,,0
1783172220,2026-07-04T06:37:00-07:00,,0
1783172280,2026-07-04T06:38:00-07:00,,0
1783172340,2026-07-04T06:39:00-07:00,,0
1783172400,2026-07-04T06:40:00-07:00,,0
1783172460,2026-07-04T06:41:00-07:00,,0
1783172520,2026-07-04T06:42:00-07:00,,0
1783172580,2026-07-04T06:43:00-07:00,,0
1783172640,2026-07-04T06:44:00-07:00,,0
1783172700,2026-07-04T06:45:00-07:00,,0
1783172760,2026-07-04T06:46:00-07:00,,0
1783172820,2026-07-04T06:47:00-07:00,,0
1783172880,2026-07-04T06:48:00-07:00,,0
1783172940,2026-07-04T06:49:00-07:00,,0
1783173000,2026-07-04T06:50:00-07:00,,0
1783173060,2026-07-04T06:51:00-07:00,,0
1783173120,2026-07-04T06:52:00-07:00,,0
1783173180,2026-07-04T06:53:00-07:00,,0
1783173240,2026-07-04T06:54:00-07:00,,0
1783173300,2026-07-04T06:55:00-07:00,,0
1783173360,2026-07-04T06:56:00-07:00,,0
1783173420,2026-07-04T06:57:00-07:00,,0
1783173480,2026-07-04T06:58:00-07:00,,0
1783173540,2026-07-04T06:59:00-07:00,,0
1783173600,2026-07-04T07:00:00-07:00,,0
1783173660,2026-07-04T07:01:00-07:00,,0
1783173720,2026-07-04T07:02:00-07:00,,0
1783173780,2026-07-04T07:03:00-07:00,,0
1783173840,2026-07-04T07:04:00-07:00,,0
1783173900,2026-07-04T07:05:00-07:00,,0
1783173960,2026-07-04T07:06:00-07:00,,0
1783174020,2026-07-04T07:07:00-07:00,,0
1783174080,2026-07-04T07:08:00-07:00,,0
1783174140,2026-07-04T07:09:00-07:00,,0
1783174200,2026-07-04T07:10:00-07:00,,0
1783174260,2026-07-04T07:11:00-07:00,,0
1783174320,2026-07-04T07:12:00-07:00,,0
1783174380,2026-07-04T07:13:00-07:00,,0
1783174440,2026-07-04T07:14:00-07:00,,0
1783174500,2026-07-04T07:15:00-07:00,,0
1783174560,2026-07-04T07:16:00-07:00,,0
1783174620,2026-07-04T07:17:00-07:00,,0
1783174680,2026-07-04T07:18:00-07:00,,0
1783174740,2026-07-04T07:19:00-07:00,,0
1783174800,2026-07-04T07:20:00-07:00,,0
1783174860,2026-07-04T07:21:00-07:00,,0
1783174920,2026-07-04T07:22:00-07:00,,0
1783174980,2026-07-04T07:23:00-07:00,,0
1783175040,2026-07-04T07:24:00-07:00,,0
1783175100,2026-07-04T07:25:00-07:00,,0
1783175160,2026-07-04T07:26:00-07:00,,0
1783175220,2026-07-04T07:27:00-07:00,,0
1783175280,2026-07-04T07:28:00-07:00,,0
1783175340,2026-07-04T07:29:00-07:00,,0
1783175400,2026-07-04T07:30:00-07:00,,0
1783175460,2026-07-04T07:31:00-07:00,,0
1783175520,2026-07-04T07:32:00-07:00,,0
1783175580,2026-07-04T07:33:00-07:00,,0
1783175640,2026-07-04T07:34:00-07:00,,0
1783175700,2026-07-04T07:35:00-07:00,,0
1783175760,2026-07-04T07:36:00-07:00,,0
1783175820,2026-07-04T07:37:00-07:00,,0
1783175880,2026-07-04T07:38:00-07:00,,0
1783175940,2026-07-04T07:39:00-07:00,,0
1783176000,2026-07-04T07:40:00-07:00,,0
1783176060,2026-07-04T07:41:00-07:00,,0
1783176120,2026-07-04T07:42:00-07:00,,0
1783176180,2026-07-04T07:43:00-07:00,,0
1783176240,2026-07-04T07:44:00-07:00,,0
1783176300,2026-07-04T07:45:00-07:00,,0
1783176360,2026-07-04T07:46:00-07:00,,0
1783176420,2026-07-04T07:47:00-07:00,,0
1783176480,2026-07-04T07:48:00-07:00,,0
1783176540,2026-07-04T07:49:00-07:00,,0
1783176600,2026-07-04T07:50:00-07:00,,0
1783176660,2026-07-04T07:51:00-07:00,,0
1783176720,2026-07-04T07:52:00-07:00,,0
1783176780,2026-07-04T07:53:00-07:00,,0
1783176840,2026-07-04T07:54:00-07:00,,0
1783176900,2026-07-04T07:55:00-07:00,,0
1783176960,2026-07-04T07:56:00-07:00,,0
1783177020,2026-07-04T07:57:00-07:00,,0
1783177080,2026-07-04T07:58:00-07:00,,0
1783177140,2026-07-04T07:59:00-07:00,,0
1783177200,2026-07-04T08:00:00-07:00,,0
1783177260,2026-07-04T08:01:00-07:00,,0
1783177320,2026-07-04T08:02:00-07:00,,0
1783177380,2026-07-04T08:03:00-07:00,,0
1783177440,2026-07-04T08:04:00-07:00,,0
1783177500,2026-07-04T08:05:00-07:00,,0
1783177560,2026-07-04T08:06:00-07:00,,0
1783177620,2026-07-04T08:07:00-07:00,,0
1783177680,2026-07-04T08:08:00-07:00,,0
1783177740,2026-07-04T08:09:00-07:00,,0
1783177800,2026-07-04T08:10:00-07:00,,0
1783177860,2026-07-04T08:11:00-07:00,,0
1783177920,2026-07-04T08:12:00-07:00,,0
1783177980,2026-07-04T08:13:00-07:00,,0
1783178040,2026-07-04T08:14:00-07:00,,0
1783178100,2026-07-04T08:15:00-07:00,,0
1783178160,2026-07-04T08:16:00-07:00,,0
1783178220,2026-07-04T08:17:00-07:00,,0
1783178280,2026-07-04T08:18:00-07:00,,0
1783178340,2026-07-04T08:19:00-07:00,,0
1783178400,2026-07-04T08:20:00-07:00,,0
1783178460,2026-07-04T08:21:00-07:00,,0
1783178520,2026-07-04T08:22:00-07:00,,0
1783178580,2026-07-04T08:23:00-07:00,,0
1783178640,2026-07-04T08:24:00-07:00,,0
1783178700,2026-07-04T08:25:00-07:00,,0
1783178760,2026-07-04T08:26:00-07:00,,0
1783178820,2026-07-04T08:27:00-07:00,,0
1783178880,2026-07-04T08:28:00-07:00,,0
1783178940,2026-07-04T08:29:00-07:00,,0
1783179000,2026-07-04T08:30:00-07:00,,0
1783179060,2026-07-04T08:31:00-07:00,,0
1783179120,2026-07-04T08:32:00-07:00,,0
1783179180,2026-07-04T08:33:00-07:00,,0
1783179240,2026-07-04T08:34:00-07:00,,0
1783179300,2026-07-04T08:35:00-07:00,,0
1783179360,2026-07-04T08:36:00-07:00,,0
1783179420,2026-07-04T08:37:00-07:00,,0
1783179480,2026-07-04T08:38:00-07:00,,0
1783179540,2026-07-04T08:39:00-07:00,,0
1783179600,2026-07-04T08:40:00-07:00,,0
1783179660,2026-07-04T08:41:00-07:00,,0
1783179720,2026-07-04T08:42:00-07:00,,0
1783179780,2026-07-04T08:43:00-07:00,,0
1783179840,2026-07-04T08:44:00-07:00,,0
1783179900,2026-07-04T08:45:00-07:00,,0
1783179960,2026-07-04T08:46:00-07:00,,0
1783180020,2026-07-04T08:47:00-07:00,,0
1783180080,2026-07-04T08:48:00-07:00,,0
1783180140,2026-07-04T08:49:00-07:00,,0
1783180200,2026-07-04T08:50:00-07:00,,0
1783180260,2026-07-04T08:51:00-07:00,,0
1783180320,2026-07-04T08:52:00-07:00,,0
1783180380,2026-07-04T08:53:00-07:00,,0
1783180440,2026-07-04T08:54:00-07:00,,0
1783180500,2026-07-04T08:55:00-07:00,,0
1783180560,2026-07-04T08:56:00-07:00,,0
1783180620,2026-07-04T08:57:00-07:00,,0
1783180680,2026-07-04T08:58:00-07:00,,0
1783180740,2026-07-04T08:59:00-07:00,,0
1783180800,2026-07-04T09:00:00-07:00,,0
1783180860,2026-07-04T09:01:00-07:00,,0
1783180920,2026-07-04T09:02:00-07:00,,0
1783180980,2026-07-04T09:03:00-07:00,,0
1783181040,2026-07-04T09:04:00-07:00,,0
1783181100,2026-07-04T09:05:00-07:00,,0
1783181160,2026-07-04T09:06:00-07:00,,0
1783181220,2026-07-04T09:07:00-07:00,,0
1783181280,2026-07-04T09:08:00-07:00,,0
1783181340,2026-07-04T09:09:00-07:00,,0
1783181400,2026-07-04T09:10:00-07:00,,0
1783181460,2026-07-04T09:11:00-07:00,,0
1783181520,2026-07-04T09:12:00-07:00,,0
1783181580,2026-07-04T09:13:00-07:00,,0
1783181640,2026-07-04T09:14:00-07:00,,0
1783181700,2026-07-04T09:15:00-07:00,,0
1783181760,2026-07-04T09:16:00-07:00,,0
1783181820,2026-07-04T09:17:00-07:00,,0
1783181880,2026-07-04T09:18:00-07:00,,0
1783181940,2026-07-04T09:19:00-07:00,,0
1783182000,2026-07-04T09:20:00-07:00,,0
1783182060,2026-07-04T09:21:00-07:00,,0
1783182120,2026-07-04T09:22:00-07:00,,0
1783182180,2026-07-04T09:23:00-07:00,,0
1783182240,2026-07-04T09:24:00-07:00,,0
1783182300,2026-07-04T09:25:00-07:00,,0
1783182360,2026-07-04T09:26:00-07:00,,0
1783182420,2026-07-04T09:27:00-07:00,,0
1783182480,2026-07-04T09:28:00-07:00,,0
1783182540,2026-07-04T09:29:00-07:00,,0
1783182600,2026-07-04T09:30:00-07:00,,0
1783182660,2026-07-04T09:31:00-07:00,,0
1783182720,2026-07-04T09:32:00-07:00,,0
1783182780,2026-07-04T09:33:00-07:00,,0
1783182840,2026-07-04T09:34:00-07:00,,0
1783182900,2026-07-04T09:35:00-07:00,,0
1783182960,2026-07-04T09:36:00-07:00,,0
1783183020,2026-07-04T09:37:00-07:00,,0
1783183080,2026-07-04T09:38:00-07:00,,0
1783183140,2026-07-04T09:39:00-07:00,,0
1783183200,2026-07-04T09:40:00-07:00,,0
1783183260,2026-07-04T09:41:00-07:00,,0
1783183320,2026-07-04T09:42:00-07:00,,0
1783183380,2026-07-04T09:43:00-07:00,,0
1783183440,2026-07-04T09:44:00-07:00,,0
1783183500,2026-07-04T09:45:00-07:00,,0
1783183560,2026-07-04T09:46:00-07:00,,0
1783183620,2026-07-04T09:47:00-07:00,,0
1783183680,2026-07-04T09:48:00-07:00,,0
1783183740,2026-07-04T09:49:00-07:00,,0
1783183800,2026-07-04T09:50:00-07:00,,0
1783183860,2026-07-04T09:51:00-07:00,,0
1783183920,2026-07-04T09:52:00-07:00,,0
1783183980,2026-07-04T09:53:00-07:00,,0
1783184040,2026-07-04T09:54:00-07:00,,0
1783184100,2026-07-04T09:55:00-07:00,,0
1783184160,2026-07-04T09:56:00-07:00,,0
1783184220,2026-07-04T09:57:00-07:00,,0
1783184280,2026-07-04T09:58:00-07:00,,0
1783184340,2026-07-04T09:59:00-07:00,,0
1783184400,2026-07-04T10:00:00-07:00,,0
1783184460,2026-07-04T10:01:00-07:00,,0
1783184520,2026-07-04T10:02:00-07:00,,0
1783184580,2026-07-04T10:03:00-07:00,,0
1783184640,2026-07-04T10:04:00-07:00,,0
1783184700,2026-07-04T10:05:00-07:00,,0
1783184760,2026-07-04T10:06:00-07:00,,0
1783184820,2026-07-04T10:07:00-07:00,,0
1783184880,2026-07-04T10:08:00-07:00,,0
1783184940,2026-07-04T10:09:00-07:00,,0
1783185000,2026-07-04T10:10:00-07:00,,0
1783185060,2026-07-04T10:11:00-07:00,,0
1783185120,2026-07-04T10:12:00-07:00,,0
1783185180,2026-07-04T10:13:00-07:00,,0
1783185240,2026-07-04T10:14:00-07:00,,0
1783185300,2026-07-04T10:15:00-07:00,,0
1783185360,2026-07-04T10:16:00-07:00,,0
1783185420,2026-07-04T10:17:00-07:00,,0
1783185480,2026-07-04T10:18:00-07:00,,0
1783185540,2026-07-04T10:19:00-07:00,,0
1783185600,2026-07-04T10:20:00-07:00,,0
1783185660,2026-07-04T10:21:00-07:00,,0
1783185720,2026-07-04T10:22:00-07:00,,0
1783185780,2026-07-04T10:23:00-07:00,,0
1783185840,2026-07-04T10:24:00-07:00,,0
1783185900,2026-07-04T10:25:00-07:00,,0
1783185960,2026-07-04T10:26:00-07:00,,0
1783186020,2026-07-04T10:27:00-07:00,,0
1783186080,2026-07-04T10:28:00-07:00,,0
1783186140,2026-07-04T10:29:00-07:00,,0
1783186200,2026-07-04T10:30:00-07:00,,0
1783186260,2026-07-04T10:31:00-07:00,,0
1783186320,2026-07-04T10:32:00-07:00,,0
1783186380,2026-07-04T10:33:00-07:00,,0
1783186440,2026-07-04T10:34:00-07:00,,0
1783186500,2026-07-04T10:35:00-07:00,,0
1783186560,2026-07-04T10:36:00-07:00,,0
1783186620,2026-07-04T10:37:00-07:00,,0
1783186680,2026-07-04T10:38:00-07:00,,0
1783186740,2026-07-04T10:39:00-07:00,,0
1783186800,2026-07-04T10:40:00-07:00,,0
1783186860,2026-07-04T10:41:00-07:00,,0
1783186920,2026-07-04T10:42:00-07:00,,0
1783186980,2026-07-04T10:43:00-07:00,,0
1783187040,2026-07-04T10:44:00-07:00,,0
1783187100,2026-07-04T10:45:00-07:00,,0
1783187160,2026-07-04T10:46:00-07:00,,0
1783187220,2026-07-04T10:47:00-07:00,,0
1783187280,2026-07-04T10:48:00-07:00,,0
1783187340,2026-07-04T10:49:00-07:00,,0
1783187400,2026-07-04T10:50:00-07:00,,0
1783187460,2026-07-04T10:51:00-07:00,,0
1783187520,2026-07-04T10:52:00-07:00,,0
1783187580,2026-07-04T10:53:00-07:00,,0
1783187640,2026-07-04T10:54:00-07:00,,0
1783187700,2026-07-04T10:55:00-07:00,,0
1783187760,2026-07-04T10:56:00-07:00,,0
1783187820,2026-07-04T10:57:00-07:00,,0
1783187880,2026-07-04T10:58:00-07:00,,0
1783187940,2026-07-04T10:59:00-07:00,,0
1783188000,2026-07-04T11:00:00-07:00,,0
1783188060,2026-07-04T11:01:00-07:00,,0
1783188120,2026-07-04T11:02:00-07:00,,0
1783188180,2026-07-04T11:03:00-07:00,,0
1783188240,2026-07-04T11:04:00-07:00,,0
1783188300,2026-07-04T11:05:00-07:00,,0
1783188360,2026-07-04T11:06:00-07:00,,0
1783188420,2026-07-04T11:07:00-07:00,,0
1783188480,2026-07-04T11:08:00-07:00,,0
1783188540,2026-07-04T11:09:00-07:00,,0
1783188600,2026-07-04T11:10:00-07:00,,0
1783188660,2026-07-04T11:11:00-07:00,,0
1783188720,2026-07-04T11:12:00-07:00,,0
1783188780,2026-07-04T11:13:00-07:00,,0
1783188840,2026-07-04T11:14:00-07:00,,0
1783188900,2026-07-04T11:15:00-07:00,,0
1783188960,2026-07-04T11:16:00-07:00,,0
1783189020,2026-07-04T11:17:00-07:00,,0
1783189080,2026-07-04T11:18:00-07:00,,0
1783189140,2026-07-04T11:19:00-07:00,,0
1783189200,2026-07-04T11:20:00-07:00,,0
1783189260,2026-07-04T11:21:00-07:00,,0
1783189320,2026-07-04T11:22:00-07:00,,0
1783189380,2026-07-04T11:23:00-07:00,,0
1783189440,2026-07-04T11:24:00-07:00,,0
1783189500,2026-07-04T11:25:00-07:00,,0
1783189560,2026-07-04T11:26:00-07:00,,0
1783189620,2026-07-04T11:27:00-07:00,,0
1783189740,2026-07-04T11:29:00-07:00,,0
1783189800,2026-07-04T11:30:00-07:00,,0
1783189860,2026-07-04T11:31:00-07:00,,0
1783189920,2026-07-04T11:32:00-07:00,,0
1783189980,2026-07-04T11:33:00-07:00,,0
1783190040,2026-07-04T11:34:00-07:00,,0
1783190100,2026-07-04T11:35:00-07:00,,0
1783190160,2026-07-04T11:36:00-07:00,,0
1783190220,2026-07-04T11:37:00-07:00,,0
1783190280,2026-07-04T11:38:00-07:00,,0
1783190340,2026-07-04T11:39:00-07:00,,0
1783190400,2026-07-04T11:40:00-07:00,,0
1783190460,2026-07-04T11:41:00-07:00,,0
1783190520,2026-07-04T11:42:00-07:00,,0
1783190580,2026-07-04T11:43:00-07:00,,0
1783190640,2026-07-04T11:44:00-07:00,,0
1783190700,2026-07-04T11:45:00-07:00,,0
1783190760,2026-07-04T11:46:00-07:00,,0
1783190820,2026-07-04T11:47:00-07:00,,0
1783190880,2026-07-04T11:48:00-07:00,,0
1783190940,2026-07-04T11:49:00-07:00,,0
1783191000,2026-07-04T11:50:00-07:00,,0
1783191060,2026-07-04T11:51:00-07:00,,0
1783191120,2026-07-04T11:52:00-07:00,,0
1783191180,2026-07-04T11:53:00-07:00,,0
1783191240,2026-07-04T11:54:00-07:00,,0
1783191300,2026-07-04T11:55:00-07:00,,0
1783191360,2026-07-04T11:56:00-07:00,,0
1783191420,2026-07-04T11:57:00-07:00,,0
1783191480,2026-07-04T11:58:00-07:00,,0
1783191540,2026-07-04T11:59:00-07:00,,0
1783191600,2026-07-04T12:00:00-07:00,,0
1783191660,2026-07-04T12:01:00-07:00,,0
1783191720,2026-07-04T12:02:00-07:00,,0
1783191780,2026-07-04T12:03:00-07:00,,0
1783191840,2026-07-04T12:04:00-07:00,,0
1783191900,2026-07-04T12:05:00-07:00,,0
1783191960,2026-07-04T12:06:00-07:00,,0
1783192020,2026-07-04T12:07:00-07:00,,0
1783192080,2026-07-04T12:08:00-07:00,,0
1783192140,2026-07-04T12:09:00-07:00,,0
1783192200,2026-07-04T12:10:00-07:00,,0
1783192260,2026-07-04T12:11:00-07:00,,0
1783192320,2026-07-04T12:12:00-07:00,,0
1783192380,2026-07-04T12:13:00-07:00,,0
1783192440,2026-07-04T12:14:00-07:00,,0
1783192500,2026-07-04T12:15:00-07:00,,0
1783192560,2026-07-04T12:16:00-07:00,,0
1783192620,2026-07-04T12:17:00-07:00,,0
1783192680,2026-07-04T12:18:00-07:00,,0
1783192740,2026-07-04T12:19:00-07:00,,0
1783192800,2026-07-04T12:20:00-07:00,,0
1783192860,2026-07-04T12:21:00-07:00,,0
1783192920,2026-07-04T12:22:00-07:00,,0
1783192980,2026-07-04T12:23:00-07:00,,0
1783193040,2026-07-04T12:24:00-07:00,,0
1783193100,2026-07-04T12:25:00-07:00,,0
1783193160,2026-07-04T12:26:00-07:00,,0
1783193220,2026-07-04T12:27:00-07:00,,0
1783193280,2026-07-04T12:28:00-07:00,,0
1783193340,2026-07-04T12:29:00-07:00,,0
1783193400,2026-07-04T12:30:00-07:00,,0
1783193460,2026-07-04T12:31:00-07:00,,0
1783193520,2026-07-04T12:32:00-07:00,,0
1783193580,2026-07-04T12:33:00-07:00,,0
1783193640,2026-07-04T12:34:00-07:00,,0
1783193700,2026-07-04T12:35:00-07:00,,0
1783193760,2026-07-04T12:36:00-07:00,,0
1783193820,2026-07-04T12:37:00-07:00,,0
1783193880,2026-07-04T12:38:00-07:00,,0
1783193940,2026-07-04T12:39:00-07:00,,0
1783194000,2026-07-04T12:40:00-07:00,,0
1783194060,2026-07-04T12:41:00-07:00,,0
1783194120,2026-07-04T12:42:00-07:00,,0
1783194180,2026-07-04T12:43:00-07:00,,0
1783194240,2026-07-04T12:44:00-07:00,,0
1783194300,2026-07-04T12:45:00-07:00,,0
1783194360,2026-07-04T12:46:00-07:00,,0
1783194420,2026-07-04T12:47:00-07:00,,0
1783194480,2026-07-04T12:48:00-07:00,,0
1783194540,2026-07-04T12:49:00-07:00,,0
1783194600,2026-07-04T12:50:00-07:00,,0
1783194660,2026-07-04T12:51:00-07:00,,0
1783194720,2026-07-04T12:52:00-07:00,,0
1783194780,2026-07-04T12:53:00-07:00,,0
1783194840,2026-07-04T12:54:00-07:00,,0
1783194900,2026-07-04T12:55:00-07:00,,0
1783194960,2026-07-04T12:56:00-07:00,,0
1783195020,2026-07-04T12:57:00-07:00,,0
1783195080,2026-07-04T12:58:00-07:00,,0
1783195140,2026-07-04T12:59:00-07:00,,0
1783195200,2026-07-04T13:00:00-07:00,,0
1783195260,2026-07-04T13:01:00-07:00,,0
1783195320,2026-07-04T13:02:00-07:00,,0
1783195380,2026-07-04T13:03:00-07:00,,0
1783195440,2026-07-04T13:04:00-07:00,,0
1783195500,2026-07-04T13:05:00-07:00,,0
1783195560,2026-07-04T13:06:00-07:00,,0
1783195620,2026-07-04T13:07:00-07:00,,0
1783195680,2026-07-04T13:08:00-07:00,,0
1783195740,2026-07-04T13:09:00-07:00,,0
1783195800,2026-07-04T13:10:00-07:00,,0
1783195860,2026-07-04T13:11:00-07:00,,0
1783195920,2026-07-04T13:12:00-07:00,,0
1783195980,2026-07-04T13:13:00-07:00,,0
1783196040,2026-07-04T13:14:00-07:00,,0
1783196100,2026-07-04T13:15:00-07:00,,0
1783196160,2026-07-04T13:16:00-07:00,,0
1783196220,2026-07-04T13:17:00-07:00,,0
1783196280,2026-07-04T13:18:00-07:00,,0
1783196340,2026-07-04T13:19:00-07:00,,0
1783196400,2026-07-04T13:20:00-07:00,,0
1783196460,2026-07-04T13:21:00-07:00,,0
1783196520,2026-07-04T13:22:00-07:00,,0
1783196580,2026-07-04T13:23:00-07:00,,0
1783196640,2026-07-04T13:24:00-07:00,,0
1783196700,2026-07-04T13:25:00-07:00,,0
1783196760,2026-07-04T13:26:00-07:00,,0
1783196820,2026-07-04T13:27:00-07:00,,0
1783196880,2026-07-04T13:28:00-07:00,,0
1783196940,2026-07-04T13:29:00-07:00,,0
1783197000,2026-07-04T13:30:00-07:00,,0
1783197060,2026-07-04T13:31:00-07:00,,0
1783197120,2026-07-04T13:32:00-07:00,,0
1783197180,2026-07-04T13:33:00-07:00,,0
1783197240,2026-07-04T13:34:00-07:00,,0
1783197300,2026-07-04T13:35:00-07:00,,0
1783197360,2026-07-04T13:36:00-07:00,,0
1783197420,2026-07-04T13:37:00-07:00,,0
1783197480,2026-07-04T13:38:00-07:00,,0
1783197540,2026-07-04T13:39:00-07:00,,0
1783197600,2026-07-04T13:40:00-07:00,,0
1783197660,2026-07-04T13:41:00-07:00,,0
1783197720,2026-07-04T13:42:00-07:00,,0
1783197780,2026-07-04T13:43:00-07:00,,0
1783197840,2026-07-04T13:44:00-07:00,,0
1783197900,2026-07-04T13:45:00-07:00,,0
1783197960,2026-07-04T13:46:00-07:00,,0
1783198020,2026-07-04T13:47:00-07:00,,0
1783198080,2026-07-04T13:48:00-07:00,,0
1783198140,2026-07-04T13:49:00-07:00,,0
1783198200,2026-07-04T13:50:00-07:00,,0
1783198260,2026-07-04T13:51:00-07:00,,0
1783198320,2026-07-04T13:52:00-07:00,,0
1783198380,2026-07-04T13:53:00-07:00,,0
1783198440,2026-07-04T13:54:00-07:00,,0
1783198500,2026-07-04T13:55:00-07:00,,0
1783198560,2026-07-04T13:56:00-07:00,,0
1783198620,2026-07-04T13:57:00-07:00,,0
1783198680,2026-07-04T13:58:00-07:00,,0
1783198740,2026-07-04T13:59:00-07:00,,0
1783198800,2026-07-04T14:00:00-07:00,,0
1783198860,2026-07-04T14:01:00-07:00,,0
1783198920,2026-07-04T14:02:00-07:00,,0
1783198980,2026-07-04T14:03:00-07:00,,0
1783199040,2026-07-04T14:04:00-07:00,,0
1783199100,2026-07-04T14:05:00-07:00,,0
1783199160,2026-07-04T14:06:00-07:00,,0
1783199220,2026-07-04T14:07:00-07:00,,0
1783199280,2026-07-04T14:08:00-07:00,,0
1783199340,2026-07-04T14:09:00-07:00,,0
1783199400,2026-07-04T14:10:00-07:00,,0
1783199460,2026-07-04T14:11:00-07:00,,0
1783199520,2026-07-04T14:12:00-07:00,,0
1783199580,2026-07-04T14:13:00-07:00,,0
1783199640,2026-07-04T14:14:00-07:00,,0
1783199700,2026-07-04T14:15:00-07:00,,0
1783199760,2026-07-04T14:16:00-07:00,,0
1783199820,2026-07-04T14:17:00-07:00,,0
1783199880,2026-07-04T14:18:00-07:00,,0
1783199940,2026-07-04T14:19:00-07:00,,0
1783200000,2026-07-04T14:20:00-07:00,,0
1783200060,2026-07-04T14:21:00-07:00,,0
1783200120,2026-07-04T14:22:00-07:00,,0
1783200180,2026-07-04T14:23:00-07:00,,0
1783200240,2026-07-04T14:24:00-07:00,,0
1783200300,2026-07-04T14:25:00-07:00,,0
1783200360,2026-07-04T14:26:00-07:00,,0
1783200420,2026-07-04T14:27:00-07:00,,0
1783200480,2026-07-04T14:28:00-07:00,,0
1783200540,2026-07-04T14:29:00-07:00,,0
1783200600,2026-07-04T14:30:00-07:00,,0
1783200660,2026-07-04T14:31:00-07:00,,0
1783200720,2026-07-04T14:32:00-07:00,,0
1783200780,2026-07-04T14:33:00-07:00,,0
1783200840,2026-07-04T14:34:00-07:00,,0
1783200900,2026-07-04T14:35:00-07:00,,0
1783200960,2026-07-04T14:36:00-07:00,,0
1783201020,2026-07-04T14:37:00-07:00,,0
1783201080,2026-07-04T14:38:00-07:00,,0
1783201140,2026-07-04T14:39:00-07:00,,0
1783201200,2026-07-04T14:40:00-07:00,,0
1783201260,2026-07-04T14:41:00-07:00,,0
1783201320,2026-07-04T14:42:00-07:00,,0
1783201380,2026-07-04T14:43:00-07:00,,0
1783201440,2026-07-04T14:44:00-07:00,,0
1783201500,2026-07-04T14:45:00-07:00,,0
1783201560,2026-07-04T14:46:00-07:00,,0
1783201620,2026-07-04T14:47:00-07:00,,0
1783201680,2026-07-04T14:48:00-07:00,,0
1783201740,2026-07-04T14:49:00-07:00,,0
1783201800,2026-07-04T14:50:00-07:00,,0
1783201860,2026-07-04T14:51:00-07:00,,0
1783201920,2026-07-04T14:52:00-07:00,,0
1783201980,2026-07-04T14:53:00-07:00,,0
1783202040,2026-07-04T14:54:00-07:00,,0
1783202100,2026-07-04T14:55:00-07:00,,0
1783202160,2026-07-04T14:56:00-07:00,,0
1783202220,2026-07-04T14:57:00-07:00,,0
1783202280,2026-07-04T14:58:00-07:00,,0
1783202340,2026-07-04T14:59:00-07:00,,0
1783202400,2026-07-04T15:00:00-07:00,,0
1783202460,2026-07-04T15:01:00-07:00,,0
1783202520,2026-07-04T15:02:00-07:00,,0
1783202580,2026-07-04T15:03:00-07:00,,0
1783202640,2026-07-04T15:04:00-07:00,,0
1783202700,2026-07-04T15:05:00-07:00,,0
1783202760,2026-07-04T15:06:00-07:00,,0
1783202820,2026-07-04T15:07:00-07:00,,0
1783202880,2026-07-04T15:08:00-07:00,,0
1783202940,2026-07-04T15:09:00-07:00,,0
1783203000,2026-07-04T15:10:00-07:00,,0
1783203060,2026-07-04T15:11:00-07:00,,0
1783203120,2026-07-04T15:12:00-07:00,,0
1783203180,2026-07-04T15:13:00-07:00,,0
1783203240,2026-07-04T15:14:00-07:00,,0
1783203300,2026-07-04T15:15:00-07:00,,0
1783203360,2026-07-04T15:16:00-07:00,,0
1783203420,2026-07-04T15:17:00-07:00,,0
1783203480,2026-07-04T15:18:00-07:00,,0
1783203540,2026-07-04T15:19:00-07:00,,0
1783203600,2026-07-04T15:20:00-07:00,,0
1783203660,2026-07-04T15:21:00-07:00,,0
1783203720,2026-07-04T15:22:00-07:00,,0
1783203780,2026-07-04T15:23:00-07:00,,0
1783203840,2026-07-04T15:24:00-07:00,,0
1783203900,2026-07-04T15:25:00-07:00,,0
1783203960,2026-07-04T15:26:00-07:00,,0
1783204020,2026-07-04T15:27:00-07:00,,0
1783204080,2026-07-04T15:28:00-07:00,,0
1783204140,2026-07-04T15:29:00-07:00,,0
1783204200,2026-07-04T15:30:00-07:00,,0
1783204260,2026-07-04T15:31:00-07:00,,0
1783204320,2026-07-04T15:32:00-07:00,,0
1783204380,2026-07-04T15:33:00-07:00,,0
1783204440,2026-07-04T15:34:00-07:00,,0
1783204500,2026-07-04T15:35:00-07:00,,0
1783204560,2026-07-04T15:36:00-07:00,,0
1783204620,2026-07-04T15:37:00-07:00,,0
1783204680,2026-07-04T15:38:00-07:00,,0
1783204740,2026-07-04T15:39:00-07:00,,0
1783204800,2026-07-04T15:40:00-07:00,,0
1783204860,2026-07-04T15:41:00-07:00,,0
1783204920,2026-07-04T15:42:00-07:00,,0
1783204980,2026-07-04T15:43:00-07:00,,0
1783205040,2026-07-04T15:44:00-07:00,,0
1783205100,2026-07-04T15:45:00-07:00,,0
1783205160,2026-07-04T15:46:00-07:00,,0
1783205220,2026-07-04T15:47:00-07:00,,0
1783205280,2026-07-04T15:48:00-07:00,,0
1783205340,2026-07-04T15:49:00-07:00,,0
1783205400,2026-07-04T15:50:00-07:00,,0
1783205460,2026-07-04T15:51:00-07:00,,0
1783205520,2026-07-04T15:52:00-07:00,,0
1783205580,2026-07-04T15:53:00-07:00,,0
1783205640,2026-07-04T15:54:00-07:00,,0
1783205700,2026-07-04T15:55:00-07:00,,0
1783205760,2026-07-04T15:56:00-07:00,,0
1783205820,2026-07-04T15:57:00-07:00,,0
1783205880,2026-07-04T15:58:00-07:00,,0
1783205940,2026-07-04T15:59:00-07:00,,0
1783206000,2026-07-04T16:00:00-07:00,,0
1783206060,2026-07-04T16:01:00-07:00,,0
1783206120,2026-07-04T16:02:00-07:00,,0
1783206180,2026-07-04T16:03:00-07:00,,0
1783206240,2026-07-04T16:04:00-07:00,,0
1783206300,2026-07-04T16:05:00-07:00,,0
1783206360,2026-07-04T16:06:00-07:00,,0
1783206420,2026-07-04T16:07:00-07:00,,0
1783206480,2026-07-04T16:08:00-07:00,,0
1783206540,2026-07-04T16:09:00-07:00,,0
1783206600,2026-07-04T16:10:00-07:00,,0
1783206660,2026-07-04T16:11:00-07:00,,0
1783206720,2026-07-04T16:12:00-07:00,,0
1783206780,2026-07-04T16:13:00-07:00,,0
1783206840,2026-07-04T16:14:00-07:00,,0
1783206900,2026-07-04T16:15:00-07:00,,0
1783206960,2026-07-04T16:16:00-07:00,,0
1783207020,2026-07-04T16:17:00-07:00,,0
1783207080,2026-07-04T16:18:00-07:00,,0
1783207140,2026-07-04T16:19:00-07:00,,0
1783207200,2026-07-04T16:20:00-07:00,,0
1783207260,2026-07-04T16:21:00-07:00,,0
1783207320,2026-07-04T16:22:00-07:00,,0
1783207380,2026-07-04T16:23:00-07:00,,0
1783207440,2026-07-04T16:24:00-07:00,,0
1783207500,2026-07-04T16:25:00-07:00,,0
1783207560,2026-07-04T16:26:00-07:00,,0
1783207620,2026-07-04T16:27:00-07:00,,0
1783207680,2026-07-04T16:28:00-07:00,,0
1783207740,2026-07-04T16:29:00-07:00,,0
1783207800,2026-07-04T16:30:00-07:00,,0
1783207860,2026-07-04T16:31:00-07:00,,0
1783207920,2026-07-04T16:32:00-07:00,,0
1783207980,2026-07-04T16:33:00-07:00,,0
1783208040,2026-07-04T16:34:00-07:00,,0
1783208100,2026-07-04T16:35:00-07:00,,0
1783208160,2026-07-04T16:36:00-07:00,,0
1783208220,2026-07-04T16:37:00-07:00,,0
1783208280,2026-07-04T16:38:00-07:00,,0
1783208340,2026-07-04T16:39:00-07:00,,0
1783208400,2026-07-04T16:40:00-07:00,,0
1783208460,2026-07-04T16:41:00-07:00,,0
1783208520,2026-07-04T16:42:00-07:00,,0
1783208580,2026-07-04T16:43:00-07:00,,0
1783208640,2026-07-04T16:44:00-07:00,,0
1783208700,2026-07-04T16:45:00-07:00,,0
1783208760,2026-07-04T16:46:00-07:00,,0
1783208820,2026-07-04T16:47:00-07:00,,0
1783208880,2026-07-04T16:48:00-07:00,,0
1783208940,2026-07-04T16:49:00-07:00,,0
1783209000,2026-07-04T16:50:00-07:00,,0
1783209060,2026-07-04T16:51:00-07:00,,0
1783209120,2026-07-04T16:52:00-07:00,,0
1783209180,2026-07-04T16:53:00-07:00,,0
1783209240,2026-07-04T16:54:00-07:00,,0
1783209300,2026-07-04T16:55:00-07:00,,0
1783209360,2026-07-04T16:56:00-07:00,,0
1783209420,2026-07-04T16:57:00-07:00,,0
1783209480,2026-07-04T16:58:00-07:00,,0
1783209540,2026-07-04T16:59:00-07:00,,0
1783209600,2026-07-04T17:00:00-07:00,,0
1783209660,2026-07-04T17:01:00-07:00,,0
1783209720,2026-07-04T17:02:00-07:00,,0
1783209780,2026-07-04T17:03:00-07:00,,0
1783209840,2026-07-04T17:04:00-07:00,,0
1783209900,2026-07-04T17:05:00-07:00,,0
1783209960,2026-07-04T17:06:00-07:00,,0
1783210020,2026-07-04T17:07:00-07:00,,0
1783210080,2026-07-04T17:08:00-07:00,,0
1783210140,2026-07-04T17:09:00-07:00,,0
1783210200,2026-07-04T17:10:00-07:00,,0
1783210260,2026-07-04T17:11:00-07:00,,0
1783210320,2026-07-04T17:12:00-07:00,,0
1783210380,2026-07-04T17:13:00-07:00,,0
1783210440,2026-07-04T17:14:00-07:00,,0
1783210500,2026-07-04T17:15:00-07:00,,0
1783210560,2026-07-04T17:16:00-07:00,,0
1783210620,2026-07-04T17:17:00-07:00,,0
1783210680,2026-07-04T17:18:00-07:00,,0
1783210740,2026-07-04T17:19:00-07:00,,0
1783210800,2026-07-04T17:20:00-07:00,,0
1783210860,2026-07-04T17:21:00-07:00,,0
1783210920,2026-07-04T17:22:00-07:00,,0
1783210980,2026-07-04T17:23:00-07:00,,0
1783211040,2026-07-04T17:24:00-07:00,,0
1783211100,2026-07-04T17:25:00-07:00,,0
1783211160,2026-07-04T17:26:00-07:00,,0
1783211220,2026-07-04T17:27:00-07:00,,0
1783211340,2026-07-04T17:29:00-07:00,,0
1783211400,2026-07-04T17:30:00-07:00,,0
1783211460,2026-07-04T17:31:00-07:00,,0
1783211520,2026-07-04T17:32:00-07:00,,0
1783211580,2026-07-04T17:33:00-07:00,,0
1783211640,2026-07-04T17:34:00-07:00,,0
1783211700,2026-07-04T17:35:00-07:00,,0
1783211760,2026-07-04T17:36:00-07:00,,0
1783211820,2026-07-04T17:37:00-07:00,,0
1783211880,2026-07-04T17:38:00-07:00,,0
1783211940,2026-07-04T17:39:00-07:00,,0
1783212000,2026-07-04T17:40:00-07:00,,0
1783212060,2026-07-04T17:41:00-07:00,,0
1783212120,2026-07-04T17:42:00-07:00,,0
1783212180,2026-07-04T17:43:00-07:00,,0
1783212240,2026-07-04T17:44:00-07:00,,0
1783212300,2026-07-04T17:45:00-07:00,,0
1783212360,2026-07-04T17:46:00-07:00,,0
1783212420,2026-07-04T17:47:00-07:00,,0
1783212480,2026-07-04T17:48:00-07:00,,0
1783212540,2026-07-04T17:49:00-07:00,,0
1783212600,2026-07-04T17:50:00-07:00,,0
1783212660,2026-07-04T17:51:00-07:00,,0
1783212720,2026-07-04T17:52:00-07:00,,0
1783212780,2026-07-04T17:53:00-07:00,,0
1783212840,2026-07-04T17:54:00-07:00,,0
1783212900,2026-07-04T17:55:00-07:00,,0
1783212960,2026-07-04T17:56:00-07:00,,0
1783213020,2026-07-04T17:57:00-07:00,,0
1783213080,2026-07-04T17:58:00-07:00,,0
1783213140,2026-07-04T17:59:00-07:00,,0
1783213200,2026-07-04T18:00:00-07:00,,0
1783213260,2026-07-04T18:01:00-07:00,,0
1783213320,2026-07-04T18:02:00-07:00,,0
1783213380,2026-07-04T18:03:00-07:00,,0
1783213440,2026-07-04T18:04:00-07:00,,0
1783213500,2026-07-04T18:05:00-07:00,,0
1783213560,2026-07-04T18:06:00-07:00,,0
1783213620,2026-07-04T18:07:00-07:00,,0
1783213680,2026-07-04T18:08:00-07:00,,0
1783213740,2026-07-04T18:09:00-07:00,,0
1783213800,2026-07-04T18:10:00-07:00,,0
1783213860,2026-07-04T18:11:00-07:00,,0
1783213920,2026-07-04T18:12:00-07:00,,0
1783213980,2026-07-04T18:13:00-07:00,,0
1783214040,2026-07-04T18:14:00-07:00,,0
1783214100,2026-07-04T18:15:00-07:00,,0
1783214160,2026-07-04T18:16:00-07:00,,0
1783214220,2026-07-04T18:17:00-07:00,,0
1783214280,2026-07-04T18:18:00-07:00,,0
1783214340,2026-07-04T18:19:00-07:00,,0
1783214400,2026-07-04T18:20:00-07:00,,0
1783214460,2026-07-04T18:21:00-07:00,,0
1783214520,2026-07-04T18:22:00-07:00,,0
1783214580,2026-07-04T18:23:00-07:00,,0
1783214640,2026-07-04T18:24:00-07:00,,0
1783214700,2026-07-04T18:25:00-07:00,,0
1783214760,2026-07-04T18:26:00-07:00,,0
1783214820,2026-07-04T18:27:00-07:00,,0
1783214880,2026-07-04T18:28:00-07:00,,0
1783214940,2026-07-04T18:29:00-07:00,,0
1783215000,2026-07-04T18:30:00-07:00,,0
1783215060,2026-07-04T18:31:00-07:00,,0
1783215120,2026-07-04T18:32:00-07:00,,0
1783215180,2026-07-04T18:33:00-07:00,,0
1783215240,2026-07-04T18:34:00-07:00,,0
1783215300,2026-07-04T18:35:00-07:00,,0
1783215360,2026-07-04T18:36:00-07:00,,0
1783215420,2026-07-04T18:37:00-07:00,,0
1783215480,2026-07-04T18:38:00-07:00,,0
1783215540,2026-07-04T18:39:00-07:00,,0
1783215600,2026-07-04T18:40:00-07:00,,0
1783215660,2026-07-04T18:41:00-07:00,,0
1783215720,2026-07-04T18:42:00-07:00,,0
1783215780,2026-07-04T18:43:00-07:00,,0
1783215840,2026-07-04T18:44:00-07:00,,0
1783215900,2026-07-04T18:45:00-07:00,,0
1783215960,2026-07-04T18:46:00-07:00,,0
1783216020,2026-07-04T18:47:00-07:00,,0
1783216080,2026-07-04T18:48:00-07:00,,0
1783216140,2026-07-04T18:49:00-07:00,,0
1783216200,2026-07-04T18:50:00-07:00,,0
1783216260,2026-07-04T18:51:00-07:00,,0
1783216320,2026-07-04T18:52:00-07:00,,0
1783216380,2026-07-04T18:53:00-07:00,,0
1783216440,2026-07-04T18:54:00-07:00,,0
1783216500,2026-07-04T18:55:00-07:00,,0
1783216560,2026-07-04T18:56:00-07:00,,0
1783216620,2026-07-04T18:57:00-07:00,,0
1783216680,2026-07-04T18:58:00-07:00,,0
1783216740,2026-07-04T18:59:00-07:00,,0
1783216800,2026-07-04T19:00:00-07:00,,0
1783216860,2026-07-04T19:01:00-07:00,,0
1783216920,2026-07-04T19:02:00-07:00,,0
1783216980,2026-07-04T19:03:00-07:00,,0
1783217040,2026-07-04T19:04:00-07:00,,0
1783217100,2026-07-04T19:05:00-07:00,,0
1783217160,2026-07-04T19:06:00-07:00,,0
1783217220,2026-07-04T19:07:00-07:00,,0
1783217280,2026-07-04T19:08:00-07:00,,0
1783217340,2026-07-04T19:09:00-07:00,,0
1783217400,2026-07-04T19:10:00-07:00,,0
1783217460,2026-07-04T19:11:00-07:00,,0
1783217520,2026-07-04T19:12:00-07:00,,0
1783217580,2026-07-04T19:13:00-07:00,,0
1783217640,2026-07-04T19:14:00-07:00,,0
1783217700,2026-07-04T19:15:00-07:00,,0
1783217760,2026-07-04T19:16:00-07:00,,0
1783217820,2026-07-04T19:17:00-07:00,,0
1783217880,2026-07-04T19:18:00-07:00,,0
1783217940,2026-07-04T19:19:00-07:00,,0
1783218000,2026-07-04T19:20:00-07:00,,0
1783218060,2026-07-04T19:21:00-07:00,,0
1783218120,2026-07-04T19:22:00-07:00,,0
1783218180,2026-07-04T19:23:00-07:00,,0
1783218240,2026-07-04T19:24:00-07:00,,0
1783218300,2026-07-04T19:25:00-07:00,,0
1783218360,2026-07-04T19:26:00-07:00,,0
1783218420,2026-07-04T19:27:00-07:00,,0
1783218480,2026-07-04T19:28:00-07:00,,0
1783218540,2026-07-04T19:29:00-07:00,,0
1783218600,2026-07-04T19:30:00-07:00,,0
1783218660,2026-07-04T19:31:00-07:00,,0
1783218720,2026-07-04T19:32:00-07:00,,0
1783218780,2026-07-04T19:33:00-07:00,,0
1783218840,2026-07-04T19:34:00-07:00,,0
1783218900,2026-07-04T19:35:00-07:00,,0
1783218960,2026-07-04T19:36:00-07:00,,0
1783219020,2026-07-04T19:37:00-07:00,,0
1783219080,2026-07-04T19:38:00-07:00,,0
1783219140,2026-07-04T19:39:00-07:00,,0
1783219200,2026-07-04T19:40:00-07:00,,0
1783219260,2026-07-04T19:41:00-07:00,,0
1783219320,2026-07-04T19:42:00-07:00,,0
1783219380,2026-07-04T19:43:00-07:00,,0
1783219440,2026-07-04T19:44:00-07:00,,0
1783219500,2026-07-04T19:45:00-07:00,,0
1783219560,2026-07-04T19:46:00-07:00,,0
1783219620,2026-07-04T19:47:00-07:00,,0
1783219680,2026-07-04T19:48:00-07:00,,0
1783219740,2026-07-04T19:49:00-07:00,,0
1783219800,2026-07-04T19:50:00-07:00,,0
1783219860,2026-07-04T19:51:00-07:00,,0
1783219920,2026-07-04T19:52:00-07:00,,0
1783219980,2026-07-04T19:53:00-07:00,,0
1783220040,2026-07-04T19:54:00-07:00,,0
1783220100,2026-07-04T19:55:00-07:00,,0
1783220160,2026-07-04T19:56:00-07:00,,0
1783220220,2026-07-04T19:57:00-07:00,,0
1783220280,2026-07-04T19:58:00-07:00,,0
1783220340,2026-07-04T19:59:00-07:00,,0
1783220400,2026-07-04T20:00:00-07:00,,0
1783220460,2026-07-04T20:01:00-07:00,,0
1783220520,2026-07-04T20:02:00-07:00,,0
1783220580,2026-07-04T20:03:00-07:00,,0
1783220640,2026-07-04T20:04:00-07:00,,0
1783220700,2026-07-04T20:05:00-07:00,,0
1783220760,2026-07-04T20:06:00-07:00,,0
1783220820,2026-07-04T20:07:00-07:00,,0
1783220880,2026-07-04T20:08:00-07:00,,0
1783220940,2026-07-04T20:09:00-07:00,,0
1783221000,2026-07-04T20:10:00-07:00,,0
1783221060,2026-07-04T20:11:00-07:00,,0
1783221120,2026-07-04T20:12:00-07:00,,0
1783221180,2026-07-04T20:13:00-07:00,,0
1783221240,2026-07-04T20:14:00-07:00,,0
1783221300,2026-07-04T20:15:00-07:00,,0
1783221360,2026-07-04T20:16:00-07:00,,0
1783221420,2026-07-04T20:17:00-07:00,,0
1783221480,2026-07-04T20:18:00-07:00,,0
1783221540,2026-07-04T20:19:00-07:00,,0
1783221600,2026-07-04T20:20:00-07:00,,0
1783221660,2026-07-04T20:21:00-07:00,,0
1783221720,2026-07-04T20:22:00-07:00,,0
1783221780,2026-07-04T20:23:00-07:00,,0
1783221840,2026-07-04T20:24:00-07:00,,0
1783221900,2026-07-04T20:25:00-07:00,,0
1783221960,2026-07-04T20:26:00-07:00,,0
1783222020,2026-07-04T20:27:00-07:00,,0
1783222080,2026-07-04T20:28:00-07:00,,0
1783222140,2026-07-04T20:29:00-07:00,,0
1783222200,2026-07-04T20:30:00-07:00,,0
1783222260,2026-07-04T20:31:00-07:00,,0
1783222320,2026-07-04T20:32:00-07:00,,0
1783222380,2026-07-04T20:33:00-07:00,,0
1783222440,2026-07-04T20:34:00-07:00,,0
1783222500,2026-07-04T20:35:00-07:00,,0
1783222560,2026-07-04T20:36:00-07:00,,0
1783222620,2026-07-04T20:37:00-07:00,,0
1783222680,2026-07-04T20:38:00-07:00,,0
1783222740,2026-07-04T20:39:00-07:00,,0
1783222800,2026-07-04T20:40:00-07:00,,0
1783222860,2026-07-04T20:41:00-07:00,,0
1783222920,2026-07-04T20:42:00-07:00,,0
1783222980,2026-07-04T20:43:00-07:00,,0
1783223040,2026-07-04T20:44:00-07:00,,0
1783223100,2026-07-04T20:45:00-07:00,,0
1783223160,2026-07-04T20:46:00-07:00,,0
1783223220,2026-07-04T20:47:00-07:00,,0
1783223280,2026-07-04T20:48:00-07:00,,0
1783223340,2026-07-04T20:49:00-07:00,,0
1783223400,2026-07-04T20:50:00-07:00,,0
1783223460,2026-07-04T20:51:00-07:00,,0
1783223520,2026-07-04T20:52:00-07:00,,0
1783223580,2026-07-04T20:53:00-07:00,,0
1783223640,2026-07-04T20:54:00-07:00,,0
1783223700,2026-07-04T20:55:00-07:00,,0
1783223760,2026-07-04T20:56:00-07:00,,0
1783223820,2026-07-04T20:57:00-07:00,,0
1783223880,2026-07-04T20:58:00-07:00,,0
1783223940,2026-07-04T20:59:00-07:00,,0
1783224000,2026-07-04T21:00:00-07:00,,0
1783224060,2026-07-04T21:01:00-07:00,,0
1783224120,2026-07-04T21:02:00-07:00,,0
1783224180,2026-07-04T21:03:00-07:00,,0
1783224240,2026-07-04T21:04:00-07:00,,0
1783224300,2026-07-04T21:05:00-07:00,,0
1783224360,2026-07-04T21:06:00-07:00,,0
1783224420,2026-07-04T21:07:00-07:00,,0
1783224480,2026-07-04T21:08:00-07:00,,0
1783224540,2026-07-04T21:09:00-07:00,,0
1783224600,2026-07-04T21:10:00-07:00,,0
1783224660,2026-07-04T21:11:00-07:00,,0
1783224720,2026-07-04T21:12:00-07:00,,0
1783224780,2026-07-04T21:13:00-07:00,,0
1783224840,2026-07-04T21:14:00-07:00,,0
1783224900,2026-07-04T21:15:00-07:00,,0
1783224960,2026-07-04T21:16:00-07:00,,0
1783225020,2026-07-04T21:17:00-07:00,,0
1783225080,2026-07-04T21:18:00-07:00,,0
1783225140,2026-07-04T21:19:00-07:00,,0
1783225200,2026-07-04T21:20:00-07:00,,0
1783225260,2026-07-04T21:21:00-07:00,,0
1783225320,2026-07-04T21:22:00-07:00,,0
1783225380,2026-07-04T21:23:00-07:00,,0
1783225440,2026-07-04T21:24:00-07:00,,0
1783225500,2026-07-04T21:25:00-07:00,,0
1783225560,2026-07-04T21:26:00-07:00,,0
1783225620,2026-07-04T21:27:00-07:00,,0
1783225680,2026-07-04T21:28:00-07:00,,0
1783225740,2026-07-04T21:29:00-07:00,,0
1783225800,2026-07-04T21:30:00-07:00,,0
1783225860,2026-07-04T21:31:00-07:00,,0
1783225920,2026-07-04T21:32:00-07:00,,0
1783225980,2026-07-04T21:33:00-07:00,,0
1783226040,2026-07-04T21:34:00-07:00,,0
1783226100,2026-07-04T21:35:00-07:00,,0
1783226160,2026-07-04T21:36:00-07:00,,0
1783226220,2026-07-04T21:37:00-07:00,,0
1783226280,2026-07-04T21:38:00-07:00,,0
1783226340,2026-07-04T21:39:00-07:00,,0
1783226400,2026-07-04T21:40:00-07:00,,0
1783226460,2026-07-04T21:41:00-07:00,,0
1783226520,2026-07-04T21:42:00-07:00,,0
1783226580,2026-07-04T21:43:00-07:00,,0
1783226640,2026-07-04T21:44:00-07:00,,0
1783226700,2026-07-04T21:45:00-07:00,,0
1783226760,2026-07-04T21:46:00-07:00,,0
1783226820,2026-07-04T21:47:00-07:00,,0
1783226880,2026-07-04T21:48:00-07:00,,0
1783226940,2026-07-04T21:49:00-07:00,,0
1783227000,2026-07-04T21:50:00-07:00,,0
1783227060,2026-07-04T21:51:00-07:00,,0
1783227120,2026-07-04T21:52:00-07:00,,0
1783227180,2026-07-04T21:53:00-07:00,,0
1783227240,2026-07-04T21:54:00-07:00,,0
1783227300,2026-07-04T21:55:00-07:00,,0
1783227360,2026-07-04T21:56:00-07:00,,0
1783227420,2026-07-04T21:57:00-07:00,,0
1783227480,2026-07-04T21:58:00-07:00,,0
1783227540,2026-07-04T21:59:00-07:00,,0
1783227600,2026-07-04T22:00:00-07:00,,0
1783227660,2026-07-04T22:01:00-07:00,,0
1783227720,2026-07-04T22:02:00-07:00,,0
1783227780,2026-07-04T22:03:00-07:00,,0
1783227840,2026-07-04T22:04:00-07:00,,0
1783227900,2026-07-04T22:05:00-07:00,,0
1783227960,2026-07-04T22:06:00-07:00,,0
1783228020,2026-07-04T22:07:00-07:00,,0
1783228080,2026-07-04T22:08:00-07:00,,0
1783228140,2026-07-04T22:09:00-07:00,,0
1783228200,2026-07-04T22:10:00-07:00,,0
1783228260,2026-07-04T22:11:00-07:00,,0
1783228320,2026-07-04T22:12:00-07:00,,0
1783228380,2026-07-04T22:13:00-07:00,,0
1783228440,2026-07-04T22:14:00-07:00,,0
1783228500,2026-07-04T22:15:00-07:00,,0
1783228560,2026-07-04T22:16:00-07:00,,0
1783228620,2026-07-04T22:17:00-07:00,,0
1783228680,2026-07-04T22:18:00-07:00,,0
1783228740,2026-07-04T22:19:00-07:00,,0
1783228800,2026-07-04T22:20:00-07:00,,0
1783228860,2026-07-04T22:21:00-07:00,,0
1783228920,2026-07-04T22:22:00-07:00,,0
1783228980,2026-07-04T22:23:00-07:00,,0
1783229040,2026-07-04T22:24:00-07:00,,0
1783229100,2026-07-04T22:25:00-07:00,,0
1783229160,2026-07-04T22:26:00-07:00,,0
1783229220,2026-07-04T22:27:00-07:00,,0
1783229280,2026-07-04T22:28:00-07:00,,0
1783229340,2026-07-04T22:29:00-07:00,,0
1783229400,2026-07-04T22:30:00-07:00,,0
1783229460,2026-07-04T22:31:00-07:00,,0
1783229520,2026-07-04T22:32:00-07:00,,0
1783229580,2026-07-04T22:33:00-07:00,,0
1783229640,2026-07-04T22:34:00-07:00,,0
1783229700,2026-07-04T22:35:00-07:00,,0
1783229760,2026-07-04T22:36:00-07:00,,0
1783229820,2026-07-04T22:37:00-07:00,,0
1783229880,2026-07-04T22:38:00-07:00,,0
1783229940,2026-07-04T22:39:00-07:00,,0
1783230000,2026-07-04T22:40:00-07:00,,0
1783230060,2026-07-04T22:41:00-07:00,,0
1783230120,2026-07-04T22:42:00-07:00,,0
1783230180,2026-07-04T22:43:00-07:00,,0
1783230240,2026-07-04T22:44:00-07:00,,0
1783230300,2026-07-04T22:45:00-07:00,,0
1783230360,2026-07-04T22:46:00-07:00,,0
1783230420,2026-07-04T22:47:00-07:00,,0
1783230480,2026-07-04T22:48:00-07:00,,0
1783230540,2026-07-04T22:49:00-07:00,,0
1783230600,2026-07-04T22:50:00-07:00,,0
1783230660,2026-07-04T22:51:00-07:00,,0
1783230720,2026-07-04T22:52:00-07:00,,0
1783230780,2026-07-04T22:53:00-07:00,,0
1783230840,2026-07-04T22:54:00-07:00,,0
1783230900,2026-07-04T22:55:00-07:00,,0
1783230960,2026-07-04T22:56:00-07:00,,0
1783231020,2026-07-04T22:57:00-07:00,,0
1783231080,2026-07-04T22:58:00-07:00,,0
1783231140,2026-07-04T22:59:00-07:00,,0
1783231200,2026-07-04T23:00:00-07:00,,0
1783231260,2026-07-04T23:01:00-07:00,,0
1783231320,2026-07-04T23:02:00-07:00,,0
1783231380,2026-07-04T23:03:00-07:00,,0
1783231440,2026-07-04T23:04:00-07:00,,0
1783231500,2026-07-04T23:05:00-07:00,,0
1783231560,2026-07-04T23:06:00-07:00,,0
1783231620,2026-07-04T23:07:00-07:00,,0
1783231680,2026-07-04T23:08:00-07:00,,0
1783231740,2026-07-04T23:09:00-07:00,,0
1783231800,2026-07-04T23:10:00-07:00,,0
1783231860,2026-07-04T23:11:00-07:00,,0
1783231920,2026-07-04T23:12:00-07:00,,0
1783231980,2026-07-04T23:13:00-07:00,,0
1783232040,2026-07-04T23:14:00-07:00,,0
1783232100,2026-07-04T23:15:00-07:00,,0
1783232160,2026-07-04T23:16:00-07:00,,0
1783232220,2026-07-04T23:17:00-07:00,,0
1783232280,2026-07-04T23:18:00-07:00,,0
1783232340,2026-07-04T23:19:00-07:00,,0
1783232400,2026-07-04T23:20:00-07:00,,0
1783232460,2026-07-04T23:21:00-07:00,,0
1783232520,2026-07-04T23:22:00-07:00,,0
1783232580,2026-07-04T23:23:00-07:00,,0
1783232640,2026-07-04T23:24:00-07:00,,0
1783232700,2026-07-04T23:25:00-07:00,,0
1783232760,2026-07-04T23:26:00-07:00,,0
1783232820,2026-07-04T23:27:00-07:00,,0
1783232880,2026-07-04T23:28:00-07:00,,0
1783232940,2026-07-04T23:29:00-07:00,,0
1783233000,2026-07-04T23:30:00-07:00,,0
1783233060,2026-07-04T23:31:00-07:00,,0
1783233120,2026-07-04T23:32:00-07:00,,0
1783233180,2026-07-04T23:33:00-07:00,,0
1783233240,2026-07-04T23:34:00-07:00,,0
1783233300,2026-07-04T23:35:00-07:00,,0
1783233360,2026-07-04T23:36:00-07:00,,0
1783233420,2026-07-04T23:37:00-07:00,,0
1783233480,2026-07-04T23:38:00-07:00,,0
1783233540,2026-07-04T23:39:00-07:00,,0
1783233600,2026-07-04T23:40:00-07:00,,0
1783233660,2026-07-04T23:41:00-07:00,,0
1783233720,2026-07-04T23:42:00-07:00,,0
1783233780,2026-07-04T23:43:00-07:00,,0
1783233840,2026-07-04T23:44:00-07:00,,0
1783233900,2026-07-04T23:45:00-07:00,,0
1783233960,2026-07-04T23:46:00-07:00,,0
1783234020,2026-07-04T23:47:00-07:00,,0
1783234080,2026-07-04T23:48:00-07:00,,0
1783234140,2026-07-04T23:49:00-07:00,,0
1783234200,2026-07-04T23:50:00-07:00,,0
1783234260,2026-07-04T23:51:00-07:00,,0
1783234320,2026-07-04T23:52:00-07:00,,0
1783234380,2026-07-04T23:53:00-07:00,,0
1783234440,2026-07-04T23:54:00-07:00,,0
1783234500,2026-07-04T23:55:00-07:00,,0
1783234560,2026-07-04T23:56:00-07:00,,0
1783234620,2026-07-04T23:57:00-07:00,,0
1783234680,2026-07-04T23:58:00-07:00,,0
1783234740,2026-07-04T23:59:00-07:00,,0
1783234800,2026-07-05T00:00:00-07:00,,0
1783234860,2026-07-05T00:01:00-07:00,,0
1783234920,2026-07-05T00:02:00-07:00,,0
1783234980,2026-07-05T00:03:00-07:00,,0
1783235040,2026-07-05T00:04:00-07:00,,0
1783235100,2026-07-05T00:05:00-07:00,,0
1783235160,2026-07-05T00:06:00-07:00,,0
1783235220,2026-07-05T00:07:00-07:00,,0
1783235280,2026-07-05T00:08:00-07:00,,0
1783235340,2026-07-05T00:09:00-07:00,,0
1783235400,2026-07-05T00:10:00-07:00,,0
1783235460,2026-07-05T00:11:00-07:00,,0
1783235520,2026-07-05T00:12:00-07:00,,0
1783235580,2026-07-05T00:13:00-07:00,,0
1783235640,2026-07-05T00:14:00-07:00,,0
1783235700,2026-07-05T00:15:00-07:00,,0
1783235760,2026-07-05T00:16:00-07:00,,0
1783235820,2026-07-05T00:17:00-07:00,,0
1783235880,2026-07-05T00:18:00-07:00,,0
1783235940,2026-07-05T00:19:00-07:00,,0
1783236000,2026-07-05T00:20:00-07:00,,0
1783236060,2026-07-05T00:21:00-07:00,,0
1783236120,2026-07-05T00:22:00-07:00,,0
1783236180,2026-07-05T00:23:00-07:00,,0
1783236240,2026-07-05T00:24:00-07:00,,0
1783236300,2026-07-05T00:25:00-07:00,,0
1783236360,2026-07-05T00:26:00-07:00,,0
1783236420,2026-07-05T00:27:00-07:00,,0
1783236480,2026-07-05T00:28:00-07:00,,0
1783236540,2026-07-05T00:29:00-07:00,,0
1783236600,2026-07-05T00:30:00-07:00,,0
1783236660,2026-07-05T00:31:00-07:00,,0
1783236720,2026-07-05T00:32:00-07:00,,0
1783236780,2026-07-05T00:33:00-07:00,,0
1783236840,2026-07-05T00:34:00-07:00,,0
1783236900,2026-07-05T00:35:00-07:00,,0
1783236960,2026-07-05T00:36:00-07:00,,0
1783237020,2026-07-05T00:37:00-07:00,,0
1783237080,2026-07-05T00:38:00-07:00,,0
1783237140,2026-07-05T00:39:00-07:00,,0
1783237200,2026-07-05T00:40:00-07:00,,0
1783237260,2026-07-05T00:41:00-07:00,,0
1783237320,2026-07-05T00:42:00-07:00,,0
1783237380,2026-07-05T00:43:00-07:00,,0
1783237440,2026-07-05T00:44:00-07:00,,0
1783237500,2026-07-05T00:45:00-07:00,,0
1783237560,2026-07-05T00:46:00-07:00,,0
1783237620,2026-07-05T00:47:00-07:00,,0
1783237680,2026-07-05T00:48:00-07:00,,0
1783237740,2026-07-05T00:49:00-07:00,,0
1783237800,2026-07-05T00:50:00-07:00,,0
1783237860,2026-07-05T00:51:00-07:00,,0
1783237920,2026-07-05T00:52:00-07:00,,0
1783237980,2026-07-05T00:53:00-07:00,,0
1783238040,2026-07-05T00:54:00-07:00,,0
1783238100,2026-07-05T00:55:00-07:00,,0
1783238160,2026-07-05T00:56:00-07:00,,0
1783238220,2026-07-05T00:57:00-07:00,,0
1783238280,2026-07-05T00:58:00-07:00,,0
1783238340,2026-07-05T00:59:00-07:00,,0
1783238400,2026-07-05T01:00:00-07:00,,0
1783238460,2026-07-05T01:01:00-07:00,,0
1783238520,2026-07-05T01:02:00-07:00,,0
1783238580,2026-07-05T01:03:00-07:00,,0
1783238640,2026-07-05T01:04:00-07:00,,0
1783238700,2026-07-05T01:05:00-07:00,,0
1783238760,2026-07-05T01:06:00-07:00,,0
1783238820,2026-07-05T01:07:00-07:00,,0
1783238880,2026-07-05T01:08:00-07:00,,0
1783238940,2026-07-05T01:09:00-07:00,,0
1783239000,2026-07-05T01:10:00-07:00,,0
1783239060,2026-07-05T01:11:00-07:00,,0
1783239120,2026-07-05T01:12:00-07:00,,0
1783239180,2026-07-05T01:13:00-07:00,,0
1783239240,2026-07-05T01:14:00-07:00,,0
1783239300,2026-07-05T01:15:00-07:00,,0
1783239360,2026-07-05T01:16:00-07:00,,0
1783239420,2026-07-05T01:17:00-07:00,,0
1783239480,2026-07-05T01:18:00-07:00,,0
1783239540,2026-07-05T01:19:00-07:00,,0
1783239600,2026-07-05T01:20:00-07:00,,0
1783239660,2026-07-05T01:21:00-07:00,,0
1783239720,2026-07-05T01:22:00-07:00,,0
1783239780,2026-07-05T01:23:00-07:00,,0
1783239840,2026-07-05T01:24:00-07:00,,0
1783239900,2026-07-05T01:25:00-07:00,,0
1783239960,2026-07-05T01:26:00-07:00,,0
1783240020,2026-07-05T01:27:00-07:00,,0
1783240080,2026-07-05T01:28:00-07:00,,0
1783240140,2026-07-05T01:29:00-07:00,,0
1783240200,2026-07-05T01:30:00-07:00,,0
1783240260,2026-07-05T01:31:00-07:00,,0
1783240320,2026-07-05T01:32:00-07:00,,0
1783240380,2026-07-05T01:33:00-07:00,,0
1783240440,2026-07-05T01:34:00-07:00,,0
1783240500,2026-07-05T01:35:00-07:00,,0
1783240560,2026-07-05T01:36:00-07:00,,0
1783240620,2026-07-05T01:37:00-07:00,,0
1783240680,2026-07-05T01:38:00-07:00,,0
1783240740,2026-07-05T01:39:00-07:00,,0
1783240800,2026-07-05T01:40:00-07:00,,0
1783240860,2026-07-05T01:41:00-07:00,,0
1783240920,2026-07-05T01:42:00-07:00,,0
1783240980,2026-07-05T01:43:00-07:00,,0
1783241040,2026-07-05T01:44:00-07:00,,0
1783241100,2026-07-05T01:45:00-07:00,,0
1783241160,2026-07-05T01:46:00-07:00,,0
1783241220,2026-07-05T01:47:00-07:00,,0
1783241280,2026-07-05T01:48:00-07:00,,0
1783241340,2026-07-05T01:49:00-07:00,,0
1783241400,2026-07-05T01:50:00-07:00,,0
1783241460,2026-07-05T01:51:00-07:00,,0
1783241520,2026-07-05T01:52:00-07:00,,0
1783241580,2026-07-05T01:53:00-07:00,,0
1783241640,2026-07-05T01:54:00-07:00,,0
1783241700,2026-07-05T01:55:00-07:00,,0
1783241760,2026-07-05T01:56:00-07:00,,0
1783241820,2026-07-05T01:57:00-07:00,,0
1783241880,2026-07-05T01:58:00-07:00,,0
1783241940,2026-07-05T01:59:00-07:00,,0
1783242000,2026-07-05T02:00:00-07:00,,0
1783242060,2026-07-05T02:01:00-07:00,,0
1783242120,2026-07-05T02:02:00-07:00,,0
1783242180,2026-07-05T02:03:00-07:00,,0
1783242240,2026-07-05T02:04:00-07:00,,0
1783242300,2026-07-05T02:05:00-07:00,,0
1783242360,2026-07-05T02:06:00-07:00,,0
1783242420,2026-07-05T02:07:00-07:00,,0
1783242480,2026-07-05T02:08:00-07:00,,0
1783242540,2026-07-05T02:09:00-07:00,,0
1783242600,2026-07-05T02:10:00-07:00,,0
1783242660,2026-07-05T02:11:00-07:00,,0
1783242720,2026-07-05T02:12:00-07:00,,0
1783242780,2026-07-05T02:13:00-07:00,,0
1783242840,2026-07-05T02:14:00-07:00,,0
1783242900,2026-07-05T02:15:00-07:00,,0
1783242960,2026-07-05T02:16:00-07:00,,0
1783243020,2026-07-05T02:17:00-07:00,,0
1783243080,2026-07-05T02:18:00-07:00,,0
1783243140,2026-07-05T02:19:00-07:00,,0
1783243200,2026-07-05T02:20:00-07:00,,0
1783243260,2026-07-05T02:21:00-07:00,,0
1783243320,2026-07-05T02:22:00-07:00,,0
1783243380,2026-07-05T02:23:00-07:00,,0
1783243440,2026-07-05T02:24:00-07:00,,0
1783243500,2026-07-05T02:25:00-07:00,,0
1783243560,2026-07-05T02:26:00-07:00,,0
1783243620,2026-07-05T02:27:00-07:00,,0
1783243680,2026-07-05T02:28:00-07:00,,0
1783243740,2026-07-05T02:29:00-07:00,,0
1783243800,2026-07-05T02:30:00-07:00,,0
1783243860,2026-07-05T02:31:00-07:00,,0
1783243920,2026-07-05T02:32:00-07:00,,0
1783243980,2026-07-05T02:33:00-07:00,,0
1783244040,2026-07-05T02:34:00-07:00,,0
1783244100,2026-07-05T02:35:00-07:00,,0
1783244160,2026-07-05T02:36:00-07:00,,0
1783244220,2026-07-05T02:37:00-07:00,,0
1783244280,2026-07-05T02:38:00-07:00,,0
1783244340,2026-07-05T02:39:00-07:00,,0
1783244400,2026-07-05T02:40:00-07:00,,0
1783244460,2026-07-05T02:41:00-07:00,,0
1783244520,2026-07-05T02:42:00-07:00,,0
1783244580,2026-07-05T02:43:00-07:00,,0
1783244640,2026-07-05T02:44:00-07:00,,0
1783244700,2026-07-05T02:45:00-07:00,,0
1783244760,2026-07-05T02:46:00-07:00,,0
1783244820,2026-07-05T02:47:00-07:00,,0
1783244880,2026-07-05T02:48:00-07:00,,0
1783244940,2026-07-05T02:49:00-07:00,,0
1783245000,2026-07-05T02:50:00-07:00,,0
1783245060,2026-07-05T02:51:00-07:00,,0
1783245120,2026-07-05T02:52:00-07:00,,0
1783245180,2026-07-05T02:53:00-07:00,,0
1783245240,2026-07-05T02:54:00-07:00,,0
1783245300,2026-07-05T02:55:00-07:00,,0
1783245360,2026-07-05T02:56:00-07:00,,0
1783245420,2026-07-05T02:57:00-07:00,,0
1783245480,2026-07-05T02:58:00-07:00,,0
1783245540,2026-07-05T02:59:00-07:00,,0
1783245600,2026-07-05T03:00:00-07:00,,0
1783245660,2026-07-05T03:01:00-07:00,,0
1783245720,2026-07-05T03:02:00-07:00,,0
1783245780,2026-07-05T03:03:00-07:00,,0
1783245840,2026-07-05T03:04:00-07:00,,0
1783245900,2026-07-05T03:05:00-07:00,,0
1783245960,2026-07-05T03:06:00-07:00,,0
1783246020,2026-07-05T03:07:00-07:00,,0
1783246080,2026-07-05T03:08:00-07:00,,0
1783246140,2026-07-05T03:09:00-07:00,,0
1783246200,2026-07-05T03:10:00-07:00,,0
1783246260,2026-07-05T03:11:00-07:00,,0
1783246320,2026-07-05T03:12:00-07:00,,0
1783246380,2026-07-05T03:13:00-07:00,,0
1783246440,2026-07-05T03:14:00-07:00,,0
1783246500,2026-07-05T03:15:00-07:00,,0
1783246560,2026-07-05T03:16:00-07:00,,0
1783246620,2026-07-05T03:17:00-07:00,,0
1783246680,2026-07-05T03:18:00-07:00,,0
1783246740,2026-07-05T03:19:00-07:00,,0
1783246800,2026-07-05T03:20:00-07:00,,0
1783246860,2026-07-05T03:21:00-07:00,,0
1783246920,2026-07-05T03:22:00-07:00,,0
1783246980,2026-07-05T03:23:00-07:00,,0
1783247040,2026-07-05T03:24:00-07:00,,0
1783247100,2026-07-05T03:25:00-07:00,,0
1783247160,2026-07-05T03:26:00-07:00,,0
1783247220,2026-07-05T03:27:00-07:00,,0
1783247280,2026-07-05T03:28:00-07:00,,0
1783247340,2026-07-05T03:29:00-07:00,,0
1783247400,2026-07-05T03:30:00-07:00,,0
1783247460,2026-07-05T03:31:00-07:00,,0
1783247520,2026-07-05T03:32:00-07:00,,0
1783247580,2026-07-05T03:33:00-07:00,,0
1783247640,2026-07-05T03:34:00-07:00,,0
1783247700,2026-07-05T03:35:00-07:00,,0
1783247760,2026-07-05T03:36:00-07:00,,0
1783247820,2026-07-05T03:37:00-07:00,,0
1783247880,2026-07-05T03:38:00-07:00,,0
1783247940,2026-07-05T03:39:00-07:00,,0
1783248000,2026-07-05T03:40:00-07:00,,0
1783248060,2026-07-05T03:41:00-07:00,,0
1783248120,2026-07-05T03:42:00-07:00,,0
1783248180,2026-07-05T03:43:00-07:00,,0
1783248240,2026-07-05T03:44:00-07:00,,0
1783248300,2026-07-05T03:45:00-07:00,,0
1783248360,2026-07-05T03:46:00-07:00,,0
1783248420,2026-07-05T03:47:00-07:00,,0
1783248480,2026-07-05T03:48:00-07:00,,0
1783248540,2026-07-05T03:49:00-07:00,,0
1783248600,2026-07-05T03:50:00-07:00,,0
1783248660,2026-07-05T03:51:00-07:00,,0
1783248720,2026-07-05T03:52:00-07:00,,0
1783248780,2026-07-05T03:53:00-07:00,,0
1783248840,2026-07-05T03:54:00-07:00,,0
1783248900,2026-07-05T03:55:00-07:00,,0
1783248960,2026-07-05T03:56:00-07:00,,0
1783249020,2026-07-05T03:57:00-07:00,,0
1783249080,2026-07-05T03:58:00-07:00,,0
1783249140,2026-07-05T03:59:00-07:00,,0
1783249200,2026-07-05T04:00:00-07:00,,0
1783249260,2026-07-05T04:01:00-07:00,,0
1783249320,2026-07-05T04:02:00-07:00,,0
1783249380,2026-07-05T04:03:00-07:00,,0
1783249440,2026-07-05T04:04:00-07:00,,0
1783249500,2026-07-05T04:05:00-07:00,,0
1783249560,2026-07-05T04:06:00-07:00,,0
1783249620,2026-07-05T04:07:00-07:00,,0
1783249680,2026-07-05T04:08:00-07:00,,0
1783249740,2026-07-05T04:09:00-07:00,,0
1783249800,2026-07-05T04:10:00-07:00,,0
1783249860,2026-07-05T04:11:00-07:00,,0
1783249920,2026-07-05T04:12:00-07:00,,0
1783249980,2026-07-05T04:13:00-07:00,,0
1783250040,2026-07-05T04:14:00-07:00,,0
1783250100,2026-07-05T04:15:00-07:00,,0
1783250160,2026-07-05T04:16:00-07:00,,0
1783250220,2026-07-05T04:17:00-07:00,,0
1783250280,2026-07-05T04:18:00-07:00,,0
1783250340,2026-07-05T04:19:00-07:00,,0
1783250400,2026-07-05T04:20:00-07:00,,0
1783250460,2026-07-05T04:21:00-07:00,,0
1783250520,2026-07-05T04:22:00-07:00,,0
1783250580,2026-07-05T04:23:00-07:00,,0
1783250640,2026-07-05T04:24:00-07:00,,0
1783250700,2026-07-05T04:25:00-07:00,,0
1783250760,2026-07-05T04:26:00-07:00,,0
1783250820,2026-07-05T04:27:00-07:00,,0
1783250880,2026-07-05T04:28:00-07:00,,0
1783250940,2026-07-05T04:29:00-07:00,,0
1783251000,2026-07-05T04:30:00-07:00,,0
1783251060,2026-07-05T04:31:00-07:00,,0
1783251120,2026-07-05T04:32:00-07:00,,0
1783251180,2026-07-05T04:33:00-07:00,,0
1783251240,2026-07-05T04:34:00-07:00,,0
1783251300,2026-07-05T04:35:00-07:00,,0
1783251360,2026-07-05T04:36:00-07:00,,0
1783251420,2026-07-05T04:37:00-07:00,,0
1783251480,2026-07-05T04:38:00-07:00,,0
1783251540,2026-07-05T04:39:00-07:00,,0
1783251600,2026-07-05T04:40:00-07:00,,0
1783251660,2026-07-05T04:41:00-07:00,,0
1783251720,2026-07-05T04:42:00-07:00,,0
1783251780,2026-07-05T04:43:00-07:00,,0
1783251840,2026-07-05T04:44:00-07:00,,0
1783251900,2026-07-05T04:45:00-07:00,,0
1783251960,2026-07-05T04:46:00-07:00,,0
1783252020,2026-07-05T04:47:00-07:00,,0
1783252080,2026-07-05T04:48:00-07:00,,0
1783252140,2026-07-05T04:49:00-07:00,,0
1783252200,2026-07-05T04:50:00-07:00,,0
1783252260,2026-07-05T04:51:00-07:00,,0
1783252320,2026-07-05T04:52:00-07:00,,0
1783252380,2026-07-05T04:53:00-07:00,,0
1783252440,2026-07-05T04:54:00-07:00,,0
1783252500,2026-07-05T04:55:00-07:00,,0
1783252560,2026-07-05T04:56:00-07:00,,0
1783252620,2026-07-05T04:57:00-07:00,,0
1783252680,2026-07-05T04:58:00-07:00,,0
1783252740,2026-07-05T04:59:00-07:00,,0
1783252800,2026-07-05T05:00:00-07:00,,0
1783252860,2026-07-05T05:01:00-07:00,,0
1783252920,2026-07-05T05:02:00-07:00,,0
1783252980,2026-07-05T05:03:00-07:00,,0
1783253040,2026-07-05T05:04:00-07:00,,0
1783253100,2026-07-05T05:05:00-07:00,,0
1783253160,2026-07-05T05:06:00-07:00,,0
1783253220,2026-07-05T05:07:00-07:00,,0
1783253280,2026-07-05T05:08:00-07:00,,0
1783253340,2026-07-05T05:09:00-07:00,,0
1783253400,2026-07-05T05:10:00-07:00,,0
1783253460,2026-07-05T05:11:00-07:00,,0
1783253520,2026-07-05T05:12:00-07:00,,0
1783253580,2026-07-05T05:13:00-07:00,,0
1783253640,2026-07-05T05:14:00-07:00,,0
1783253700,2026-07-05T05:15:00-07:00,,0
1783253760,2026-07-05T05:16:00-07:00,,0
1783253820,2026-07-05T05:17:00-07:00,,0
1783253880,2026-07-05T05:18:00-07:00,,0
1783253940,2026-07-05T05:19:00-07:00,,0
1783254000,2026-07-05T05:20:00-07:00,,0
1783254060,2026-07-05T05:21:00-07:00,,0
1783254120,2026-07-05T05:22:00-07:00,,0
1783254180,2026-07-05T05:23:00-07:00,,0
1783254240,2026-07-05T05:24:00-07:00,,0
1783254300,2026-07-05T05:25:00-07:00,,0
1783254360,2026-07-05T05:26:00-07:00,,0
1783254420,2026-07-05T05:27:00-07:00,,0
1783254480,2026-07-05T05:28:00-07:00,,0
1783254540,2026-07-05T05:29:00-07:00,,0
1783254600,2026-07-05T05:30:00-07:00,,0
1783254660,2026-07-05T05:31:00-07:00,,0
1783254720,2026-07-05T05:32:00-07:00,,0
1783254780,2026-07-05T05:33:00-07:00,,0
1783254840,2026-07-05T05:34:00-07:00,,0
1783254900,2026-07-05T05:35:00-07:00,,0
1783254960,2026-07-05T05:36:00-07:00,,0
1783255020,2026-07-05T05:37:00-07:00,,0
1783255080,2026-07-05T05:38:00-07:00,,0
1783255140,2026-07-05T05:39:00-07:00,,0
1783255200,2026-07-05T05:40:00-07:00,,0
1783255260,2026-07-05T05:41:00-07:00,,0
1783255320,2026-07-05T05:42:00-07:00,,0
1783255380,2026-07-05T05:43:00-07:00,,0
1783255440,2026-07-05T05:44:00-07:00,,0
1783255500,2026-07-05T05:45:00-07:00,,0
1783255560,2026-07-05T05:46:00-07:00,,0
1783255620,2026-07-05T05:47:00-07:00,,0
1783255680,2026-07-05T05:48:00-07:00,,0
1783255740,2026-07-05T05:49:00-07:00,,0
1783255800,2026-07-05T05:50:00-07:00,,0
1783255860,2026-07-05T05:51:00-07:00,,0
1783255920,2026-07-05T05:52:00-07:00,,0
1783255980,2026-07-05T05:53:00-07:00,,0
1783256040,2026-07-05T05:54:00-07:00,,0
1783256100,2026-07-05T05:55:00-07:00,,0
1783256160,2026-07-05T05:56:00-07:00,,0
1783256220,2026-07-05T05:57:00-07:00,,0
1783256280,2026-07-05T05:58:00-07:00,,0
1783256340,2026-07-05T05:59:00-07:00,,0
1783256400,2026-07-05T06:00:00-07:00,,0
1783256460,2026-07-05T06:01:00-07:00,,0
1783256520,2026-07-05T06:02:00-07:00,,0
1783256580,2026-07-05T06:03:00-07:00,,0
1783256640,2026-07-05T06:04:00-07:00,,0
1783256700,2026-07-05T06:05:00-07:00,,0
1783256760,2026-07-05T06:06:00-07:00,,0
1783256820,2026-07-05T06:07:00-07:00,,0
1783256880,2026-07-05T06:08:00-07:00,,0
1783256940,2026-07-05T06:09:00-07:00,,0
1783257000,2026-07-05T06:10:00-07:00,,0
1783257060,2026-07-05T06:11:00-07:00,,0
1783257120,2026-07-05T06:12:00-07:00,,0
1783257180,2026-07-05T06:13:00-07:00,,0
1783257240,2026-07-05T06:14:00-07:00,,0
1783257300,2026-07-05T06:15:00-07:00,,0
1783257360,2026-07-05T06:16:00-07:00,,0
1783257420,2026-07-05T06:17:00-07:00,,0
1783257480,2026-07-05T06:18:00-07:00,,0
1783257540,2026-07-05T06:19:00-07:00,,0
1783257600,2026-07-05T06:20:00-07:00,,0
1783257660,2026-07-05T06:21:00-07:00,,0
1783257720,2026-07-05T06:22:00-07:00,,0
1783257780,2026-07-05T06:23:00-07:00,,0
1783257840,2026-07-05T06:24:00-07:00,,0
1783257900,2026-07-05T06:25:00-07:00,,0
1783257960,2026-07-05T06:26:00-07:00,,0
1783258020,2026-07-05T06:27:00-07:00,,0
1783258080,2026-07-05T06:28:00-07:00,,0
1783258140,2026-07-05T06:29:00-07:00,,0
1783258200,2026-07-05T06:30:00-07:00,,0
1783258260,2026-07-05T06:31:00-07:00,,0
1783258320,2026-07-05T06:32:00-07:00,,0
1783258380,2026-07-05T06:33:00-07:00,,0
1783258440,2026-07-05T06:34:00-07:00,,0
1783258500,2026-07-05T06:35:00-07:00,,0
1783258560,2026-07-05T06:36:00-07:00,,0
1783258620,2026-07-05T06:37:00-07:00,,0
1783258680,2026-07-05T06:38:00-07:00,,0
1783258740,2026-07-05T06:39:00-07:00,,0
1783258800,2026-07-05T06:40:00-07:00,,0
1783258860,2026-07-05T06:41:00-07:00,,0
1783258920,2026-07-05T06:42:00-07:00,,0
1783258980,2026-07-05T06:43:00-07:00,,0
1783259040,2026-07-05T06:44:00-07:00,,0
1783259100,2026-07-05T06:45:00-07:00,,0
1783259160,2026-07-05T06:46:00-07:00,,0
1783259220,2026-07-05T06:47:00-07:00,,0
1783259280,2026-07-05T06:48:00-07:00,,0
1783259340,2026-07-05T06:49:00-07:00,,0
1783259400,2026-07-05T06:50:00-07:00,,0
1783259460,2026-07-05T06:51:00-07:00,,0
1783259520,2026-07-05T06:52:00-07:00,,0
1783259580,2026-07-05T06:53:00-07:00,,0
1783259640,2026-07-05T06:54:00-07:00,,0
1783259700,2026-07-05T06:55:00-07:00,,0
1783259760,2026-07-05T06:56:00-07:00,,0
1783259820,2026-07-05T06:57:00-07:00,,0
1783259880,2026-07-05T06:58:00-07:00,,0
1783259940,2026-07-05T06:59:00-07:00,,0
1783260000,2026-07-05T07:00:00-07:00,,0
1783260060,2026-07-05T07:01:00-07:00,,0
1783260120,2026-07-05T07:02:00-07:00,,0
1783260180,2026-07-05T07:03:00-07:00,,0
1783260240,2026-07-05T07:04:00-07:00,,0
1783260300,2026-07-05T07:05:00-07:00,,0
1783260360,2026-07-05T07:06:00-07:00,,0
1783260420,2026-07-05T07:07:00-07:00,,0
1783260480,2026-07-05T07:08:00-07:00,,0
1783260540,2026-07-05T07:09:00-07:00,,0
1783260600,2026-07-05T07:10:00-07:00,,0
1783260660,2026-07-05T07:11:00-07:00,,0
1783260720,2026-07-05T07:12:00-07:00,,0
1783260780,2026-07-05T07:13:00-07:00,,0
1783260840,2026-07-05T07:14:00-07:00,,0
1783260900,2026-07-05T07:15:00-07:00,,0
1783260960,2026-07-05T07:16:00-07:00,,0
1783261020,2026-07-05T07:17:00-07:00,,0
1783261080,2026-07-05T07:18:00-07:00,,0
1783261140,2026-07-05T07:19:00-07:00,,0
1783261200,2026-07-05T07:20:00-07:00,,0
1783261260,2026-07-05T07:21:00-07:00,,0
1783261320,2026-07-05T07:22:00-07:00,,0
1783261380,2026-07-05T07:23:00-07:00,,0
1783261440,2026-07-05T07:24:00-07:00,,0
1783261500,2026-07-05T07:25:00-07:00,,0
1783261560,2026-07-05T07:26:00-07:00,,0
1783261620,2026-07-05T07:27:00-07:00,,0
1783261680,2026-07-05T07:28:00-07:00,,0
1783261740,2026-07-05T07:29:00-07:00,,0
1783261800,2026-07-05T07:30:00-07:00,,0
1783261860,2026-07-05T07:31:00-07:00,,0
1783261920,2026-07-05T07:32:00-07:00,,0
1783261980,2026-07-05T07:33:00-07:00,,0
1783262040,2026-07-05T07:34:00-07:00,,0
1783262100,2026-07-05T07:35:00-07:00,,0
1783262160,2026-07-05T07:36:00-07:00,,0
1783262220,2026-07-05T07:37:00-07:00,,0
1783262280,2026-07-05T07:38:00-07:00,,0
1783262340,2026-07-05T07:39:00-07:00,,0
1783262400,2026-07-05T07:40:00-07:00,,0
1783262460,2026-07-05T07:41:00-07:00,,0
1783262520,2026-07-05T07:42:00-07:00,,0
1783262580,2026-07-05T07:43:00-07:00,,0
1783262640,2026-07-05T07:44:00-07:00,,0
1783262700,2026-07-05T07:45:00-07:00,,0
1783262760,2026-07-05T07:46:00-07:00,,0
1783262820,2026-07-05T07:47:00-07:00,,0
1783262880,2026-07-05T07:48:00-07:00,,0
1783262940,2026-07-05T07:49:00-07:00,,0
1783263000,2026-07-05T07:50:00-07:00,,0
1783263060,2026-07-05T07:51:00-07:00,,0
1783263120,2026-07-05T07:52:00-07:00,,0
1783263180,2026-07-05T07:53:00-07:00,,0
1783263240,2026-07-05T07:54:00-07:00,,0
1783263300,2026-07-05T07:55:00-07:00,,0
1783263360,2026-07-05T07:56:00-07:00,,0
1783263420,2026-07-05T07:57:00-07:00,,0
1783263480,2026-07-05T07:58:00-07:00,,0
1783263540,2026-07-05T07:59:00-07:00,,0
1783263600,2026-07-05T08:00:00-07:00,,0
1783263660,2026-07-05T08:01:00-07:00,,0
1783263720,2026-07-05T08:02:00-07:00,,0
1783263780,2026-07-05T08:03:00-07:00,,0
1783263840,2026-07-05T08:04:00-07:00,,0
1783263900,2026-07-05T08:05:00-07:00,,0
1783263960,2026-07-05T08:06:00-07:00,,0
1783264020,2026-07-05T08:07:00-07:00,,0
1783264080,2026-07-05T08:08:00-07:00,,0
1783264140,2026-07-05T08:09:00-07:00,,0
1783264200,2026-07-05T08:10:00-07:00,,0
1783264260,2026-07-05T08:11:00-07:00,,0
1783264320,2026-07-05T08:12:00-07:00,,0
1783264380,2026-07-05T08:13:00-07:00,,0
1783264440,2026-07-05T08:14:00-07:00,,0
1783264500,2026-07-05T08:15:00-07:00,,0
1783264560,2026-07-05T08:16:00-07:00,,0
1783264620,2026-07-05T08:17:00-07:00,,0
1783264680,2026-07-05T08:18:00-07:00,,0
1783264740,2026-07-05T08:19:00-07:00,,0
1783264800,2026-07-05T08:20:00-07:00,,0
1783264860,2026-07-05T08:21:00-07:00,,0
1783264920,2026-07-05T08:22:00-07:00,,0
1783264980,2026-07-05T08:23:00-07:00,,0
1783265040,2026-07-05T08:24:00-07:00,,0
1783265100,2026-07-05T08:25:00-07:00,,0
1783265160,2026-07-05T08:26:00-07:00,,0
1783265220,2026-07-05T08:27:00-07:00,,0
1783265280,2026-07-05T08:28:00-07:00,,0
1783265340,2026-07-05T08:29:00-07:00,,0
1783265400,2026-07-05T08:30:00-07:00,,0
1783265460,2026-07-05T08:31:00-07:00,,0
1783265520,2026-07-05T08:32:00-07:00,,0
1783265580,2026-07-05T08:33:00-07:00,,0
1783265640,2026-07-05T08:34:00-07:00,,0
1783265700,2026-07-05T08:35:00-07:00,,0
1783265760,2026-07-05T08:36:00-07:00,,0
1783265820,2026-07-05T08:37:00-07:00,,0
1783265880,2026-07-05T08:38:00-07:00,,0
1783265940,2026-07-05T08:39:00-07:00,,0
1783266000,2026-07-05T08:40:00-07:00,,0
1783266060,2026-07-05T08:41:00-07:00,,0
1783266120,2026-07-05T08:42:00-07:00,,0
1783266180,2026-07-05T08:43:00-07:00,,0
1783266240,2026-07-05T08:44:00-07:00,,0
1783266300,2026-07-05T08:45:00-07:00,,0
1783266360,2026-07-05T08:46:00-07:00,,0
1783266420,2026-07-05T08:47:00-07:00,,0
1783266480,2026-07-05T08:48:00-07:00,,0
1783266540,2026-07-05T08:49:00-07:00,,0
1783266600,2026-07-05T08:50:00-07:00,,0
1783266660,2026-07-05T08:51:00-07:00,,0
1783266720,2026-07-05T08:52:00-07:00,,0
1783266780,2026-07-05T08:53:00-07:00,,0
1783266840,2026-07-05T08:54:00-07:00,,0
1783266900,2026-07-05T08:55:00-07:00,,0
1783266960,2026-07-05T08:56:00-07:00,,0
1783267020,2026-07-05T08:57:00-07:00,,0
1783267080,2026-07-05T08:58:00-07:00,,0
1783267140,2026-07-05T08:59:00-07:00,,0
1783267200,2026-07-05T09:00:00-07:00,,0
1783267260,2026-07-05T09:01:00-07:00,,0
1783267320,2026-07-05T09:02:00-07:00,,0
1783267380,2026-07-05T09:03:00-07:00,,0
1783267440,2026-07-05T09:04:00-07:00,,0
1783267500,2026-07-05T09:05:00-07:00,,0
1783267560,2026-07-05T09:06:00-07:00,,0
1783267620,2026-07-05T09:07:00-07:00,,0
1783267680,2026-07-05T09:08:00-07:00,,0
1783267740,2026-07-05T09:09:00-07:00,,0
1783267800,2026-07-05T09:10:00-07:00,,0
1783267860,2026-07-05T09:11:00-07:00,,0
1783267920,2026-07-05T09:12:00-07:00,,0
1783267980,2026-07-05T09:13:00-07:00,,0
1783268040,2026-07-05T09:14:00-07:00,,0
1783268100,2026-07-05T09:15:00-07:00,,0
1783268160,2026-07-05T09:16:00-07:00,,0
1783268220,2026-07-05T09:17:00-07:00,,0
1783268280,2026-07-05T09:18:00-07:00,,0
1783268340,2026-07-05T09:19:00-07:00,,0
1783268400,2026-07-05T09:20:00-07:00,,0
1783268460,2026-07-05T09:21:00-07:00,,0
1783268520,2026-07-05T09:22:00-07:00,,0
1783268580,2026-07-05T09:23:00-07:00,,0
1783268640,2026-07-05T09:24:00-07:00,,0
1783268700,2026-07-05T09:25:00-07:00,,0
1783268760,2026-07-05T09:26:00-07:00,,0
1783268820,2026-07-05T09:27:00-07:00,,0
1783268880,2026-07-05T09:28:00-07:00,,0
1783268940,2026-07-05T09:29:00-07:00,,0
1783269000,2026-07-05T09:30:00-07:00,,0
1783269060,2026-07-05T09:31:00-07:00,,0
1783269120,2026-07-05T09:32:00-07:00,,0
1783269180,2026-07-05T09:33:00-07:00,,0
1783269240,2026-07-05T09:34:00-07:00,,0
1783269300,2026-07-05T09:35:00-07:00,,0
1783269360,2026-07-05T09:36:00-07:00,,0
1783269420,2026-07-05T09:37:00-07:00,,0
1783269480,2026-07-05T09:38:00-07:00,,0
1783269540,2026-07-05T09:39:00-07:00,,0
1783269600,2026-07-05T09:40:00-07:00,,0
1783269660,2026-07-05T09:41:00-07:00,,0
1783269720,2026-07-05T09:42:00-07:00,,0
1783269780,2026-07-05T09:43:00-07:00,,0
1783269840,2026-07-05T09:44:00-07:00,,0
1783269900,2026-07-05T09:45:00-07:00,,0
1783269960,2026-07-05T09:46:00-07:00,,0
1783270020,2026-07-05T09:47:00-07:00,,0
1783270080,2026-07-05T09:48:00-07:00,,0
1783270140,2026-07-05T09:49:00-07:00,,0
1783270200,2026-07-05T09:50:00-07:00,,0
1783270260,2026-07-05T09:51:00-07:00,,0
1783270320,2026-07-05T09:52:00-07:00,,0
1783270380,2026-07-05T09:53:00-07:00,,0
1783270440,2026-07-05T09:54:00-07:00,,0
1783270500,2026-07-05T09:55:00-07:00,,0
1783270560,2026-07-05T09:56:00-07:00,,0
1783270620,2026-07-05T09:57:00-07:00,,0
1783270680,2026-07-05T09:58:00-07:00,,0
1783270740,2026-07-05T09:59:00-07:00,,0
1783270800,2026-07-05T10:00:00-07:00,,0
1783270860,2026-07-05T10:01:00-07:00,,0
1783270920,2026-07-05T10:02:00-07:00,,0
1783270980,2026-07-05T10:03:00-07:00,,0
1783271040,2026-07-05T10:04:00-07:00,,0
1783271100,2026-07-05T10:05:00-07:00,,0
1783271160,2026-07-05T10:06:00-07:00,,0
1783271220,2026-07-05T10:07:00-07:00,,0
1783271280,2026-07-05T10:08:00-07:00,,0
1783271340,2026-07-05T10:09:00-07:00,,0
1783271400,2026-07-05T10:10:00-07:00,,0
1783271460,2026-07-05T10:11:00-07:00,,0
1783271520,2026-07-05T10:12:00-07:00,,0
1783271580,2026-07-05T10:13:00-07:00,,0
1783271640,2026-07-05T10:14:00-07:00,,0
1783271700,2026-07-05T10:15:00-07:00,,0
1783271760,2026-07-05T10:16:00-07:00,,0
1783271820,2026-07-05T10:17:00-07:00,,0
1783271880,2026-07-05T10:18:00-07:00,,0
1783271940,2026-07-05T10:19:00-07:00,,0
1783272000,2026-07-05T10:20:00-07:00,,0
1783272060,2026-07-05T10:21:00-07:00,,0
1783272120,2026-07-05T10:22:00-07:00,,0
1783272180,2026-07-05T10:23:00-07:00,,0
1783272240,2026-07-05T10:24:00-07:00,,0
1783272300,2026-07-05T10:25:00-07:00,,0
1783272360,2026-07-05T10:26:00-07:00,,0
1783272420,2026-07-05T10:27:00-07:00,,0
1783272480,2026-07-05T10:28:00-07:00,,0
1783272540,2026-07-05T10:29:00-07:00,,0
1783272600,2026-07-05T10:30:00-07:00,,0
1783272660,2026-07-05T10:31:00-07:00,,0
1783272720,2026-07-05T10:32:00-07:00,,0
1783272780,2026-07-05T10:33:00-07:00,,0
1783272840,2026-07-05T10:34:00-07:00,,0
1783272900,2026-07-05T10:35:00-07:00,,0
1783272960,2026-07-05T10:36:00-07:00,,0
1783273020,2026-07-05T10:37:00-07:00,,0
1783273080,2026-07-05T10:38:00-07:00,,0
1783273140,2026-07-05T10:39:00-07:00,,0
1783273200,2026-07-05T10:40:00-07:00,,0
1783273260,2026-07-05T10:41:00-07:00,,0
1783273320,2026-07-05T10:42:00-07:00,,0
1783273380,2026-07-05T10:43:00-07:00,,0
1783273440,2026-07-05T10:44:00-07:00,,0
1783273500,2026-07-05T10:45:00-07:00,,0
1783273560,2026-07-05T10:46:00-07:00,,0
1783273620,2026-07-05T10:47:00-07:00,,0
1783273680,2026-07-05T10:48:00-07:00,,0
1783273740,2026-07-05T10:49:00-07:00,,0
1783273800,2026-07-05T10:50:00-07:00,,0
1783273860,2026-07-05T10:51:00-07:00,,0
1783273920,2026-07-05T10:52:00-07:00,,0
1783273980,2026-07-05T10:53:00-07:00,,0
1783274040,2026-07-05T10:54:00-07:00,,0
1783274100,2026-07-05T10:55:00-07:00,,0
1783274160,2026-07-05T10:56:00-07:00,,0
1783274220,2026-07-05T10:57:00-07:00,,0
1783274280,2026-07-05T10:58:00-07:00,,0
1783274340,2026-07-05T10:59:00-07:00,,0
1783274400,2026-07-05T11:00:00-07:00,,0
1783274460,2026-07-05T11:01:00-07:00,,0
1783274520,2026-07-05T11:02:00-07:00,,0
1783274580,2026-07-05T11:03:00-07:00,,0
1783274640,2026-07-05T11:04:00-07:00,,0
1783274700,2026-07-05T11:05:00-07:00,,0
1783274760,2026-07-05T11:06:00-07:00,,0
1783274820,2026-07-05T11:07:00-07:00,,0
1783274880,2026-07-05T11:08:00-07:00,,0
1783274940,2026-07-05T11:09:00-07:00,,0
1783275000,2026-07-05T11:10:00-07:00,,0
1783275060,2026-07-05T11:11:00-07:00,,0
1783275120,2026-07-05T11:12:00-07:00,,0
1783275180,2026-07-05T11:13:00-07:00,,0
1783275240,2026-07-05T11:14:00-07:00,,0
1783275300,2026-07-05T11:15:00-07:00,,0
1783275360,2026-07-05T11:16:00-07:00,,0
1783275420,2026-07-05T11:17:00-07:00,,0
1783275480,2026-07-05T11:18:00-07:00,,0
1783275540,2026-07-05T11:19:00-07:00,,0
1783275600,2026-07-05T11:20:00-07:00,,0
1783275660,2026-07-05T11:21:00-07:00,,0
1783275720,2026-07-05T11:22:00-07:00,,0
1783275780,2026-07-05T11:23:00-07:00,,0
1783275840,2026-07-05T11:24:00-07:00,,0
1783275900,2026-07-05T11:25:00-07:00,,0
1783275960,2026-07-05T11:26:00-07:00,,0
1783276020,2026-07-05T11:27:00-07:00,,0
1783276080,2026-07-05T11:28:00-07:00,,0
1783276140,2026-07-05T11:29:00-07:00,,0
1783276200,2026-07-05T11:30:00-07:00,,0
1783276260,2026-07-05T11:31:00-07:00,,0
1783276320,2026-07-05T11:32:00-07:00,,0
1783276380,2026-07-05T11:33:00-07:00,,0
1783276440,2026-07-05T11:34:00-07:00,,0
1783276500,2026-07-05T11:35:00-07:00,,0
1783276560,2026-07-05T11:36:00-07:00,,0
1783276620,2026-07-05T11:37:00-07:00,,0
1783276680,2026-07-05T11:38:00-07:00,,0
1783276740,2026-07-05T11:39:00-07:00,,0
1783276800,2026-07-05T11:40:00-07:00,,0
1783276860,2026-07-05T11:41:00-07:00,,0
1783276920,2026-07-05T11:42:00-07:00,,0
1783276980,2026-07-05T11:43:00-07:00,,0
1783277040,2026-07-05T11:44:00-07:00,,0
1783277100,2026-07-05T11:45:00-07:00,,0
1783277160,2026-07-05T11:46:00-07:00,,0
1783277220,2026-07-05T11:47:00-07:00,,0
1783277280,2026-07-05T11:48:00-07:00,,0
1783277340,2026-07-05T11:49:00-07:00,,0
1783277400,2026-07-05T11:50:00-07:00,,0
1783277460,2026-07-05T11:51:00-07:00,,0
1783277520,2026-07-05T11:52:00-07:00,,0
1783277580,2026-07-05T11:53:00-07:00,,0
1783277640,2026-07-05T11:54:00-07:00,,0
1783277700,2026-07-05T11:55:00-07:00,,0
1783277760,2026-07-05T11:56:00-07:00,,0
1783277820,2026-07-05T11:57:00-07:00,,0
1783277880,2026-07-05T11:58:00-07:00,,0
1783277940,2026-07-05T11:59:00-07:00,,0
1783278000,2026-07-05T12:00:00-07:00,,0
1783278060,2026-07-05T12:01:00-07:00,,0
1783278120,2026-07-05T12:02:00-07:00,,0
1783278180,2026-07-05T12:03:00-07:00,,0
1783278240,2026-07-05T12:04:00-07:00,,0
1783278300,2026-07-05T12:05:00-07:00,,0
1783278360,2026-07-05T12:06:00-07:00,,0
1783278420,2026-07-05T12:07:00-07:00,,0
1783278480,2026-07-05T12:08:00-07:00,,0
1783278540,2026-07-05T12:09:00-07:00,,0
1783278600,2026-07-05T12:10:00-07:00,,0
1783278660,2026-07-05T12:11:00-07:00,,0
1783278720,2026-07-05T12:12:00-07:00,,0
1783278780,2026-07-05T12:13:00-07:00,,0
1783278840,2026-07-05T12:14:00-07:00,,0
1783278900,2026-07-05T12:15:00-07:00,,0
1783278960,2026-07-05T12:16:00-07:00,,0
1783279020,2026-07-05T12:17:00-07:00,,0
1783279080,2026-07-05T12:18:00-07:00,,0
1783279140,2026-07-05T12:19:00-07:00,,0
1783279200,2026-07-05T12:20:00-07:00,,0
1783279260,2026-07-05T12:21:00-07:00,,0
1783279320,2026-07-05T12:22:00-07:00,,0
1783279380,2026-07-05T12:23:00-07:00,,0
1783279440,2026-07-05T12:24:00-07:00,,0
1783279500,2026-07-05T12:25:00-07:00,,0
1783279560,2026-07-05T12:26:00-07:00,,0
1783279620,2026-07-05T12:27:00-07:00,,0
1783279680,2026-07-05T12:28:00-07:00,,0
1783279740,2026-07-05T12:29:00-07:00,,0
1783279800,2026-07-05T12:30:00-07:00,,0
1783279860,2026-07-05T12:31:00-07:00,,0
1783279920,2026-07-05T12:32:00-07:00,,0
1783279980,2026-07-05T12:33:00-07:00,,0
1783280040,2026-07-05T12:34:00-07:00,,0
1783280100,2026-07-05T12:35:00-07:00,,0
1783280160,2026-07-05T12:36:00-07:00,,0
1783280220,2026-07-05T12:37:00-07:00,,0
1783280280,2026-07-05T12:38:00-07:00,,0
1783280340,2026-07-05T12:39:00-07:00,,0
1783280400,2026-07-05T12:40:00-07:00,,0
1783280460,2026-07-05T12:41:00-07:00,,0
1783280520,2026-07-05T12:42:00-07:00,,0
1783280580,2026-07-05T12:43:00-07:00,,0
1783280640,2026-07-05T12:44:00-07:00,,0
1783280700,2026-07-05T12:45:00-07:00,,0
1783280760,2026-07-05T12:46:00-07:00,,0
1783280820,2026-07-05T12:47:00-07:00,,0
1783280880,2026-07-05T12:48:00-07:00,,0
1783280940,2026-07-05T12:49:00-07:00,,0
1783281000,2026-07-05T12:50:00-07:00,,0
1783281060,2026-07-05T12:51:00-07:00,,0
1783281120,2026-07-05T12:52:00-07:00,,0
1783281180,2026-07-05T12:53:00-07:00,,0
1783281240,2026-07-05T12:54:00-07:00,,0
1783281300,2026-07-05T12:55:00-07:00,,0
1783281360,2026-07-05T12:56:00-07:00,,0
1783281420,2026-07-05T12:57:00-07:00,,0
1783281480,2026-07-05T12:58:00-07:00,,0
1783281540,2026-07-05T12:59:00-07:00,,0
1783281600,2026-07-05T13:00:00-07:00,,0
1783281660,2026-07-05T13:01:00-07:00,,0
1783281720,2026-07-05T13:02:00-07:00,,0
1783281780,2026-07-05T13:03:00-07:00,,0
1783281840,2026-07-05T13:04:00-07:00,,0
1783281900,2026-07-05T13:05:00-07:00,,0
1783281960,2026-07-05T13:06:00-07:00,,0
1783282020,2026-07-05T13:07:00-07:00,,0
1783282080,2026-07-05T13:08:00-07:00,,0
1783282140,2026-07-05T13:09:00-07:00,,0
1783282200,2026-07-05T13:10:00-07:00,,0
1783282260,2026-07-05T13:11:00-07:00,,0
1783282320,2026-07-05T13:12:00-07:00,,0
1783282380,2026-07-05T13:13:00-07:00,,0
1783282440,2026-07-05T13:14:00-07:00,,0
1783282500,2026-07-05T13:15:00-07:00,,0
1783282560,2026-07-05T13:16:00-07:00,,0
1783282620,2026-07-05T13:17:00-07:00,,0
1783282680,2026-07-05T13:18:00-07:00,,0
1783282740,2026-07-05T13:19:00-07:00,,0
1783282800,2026-07-05T13:20:00-07:00,,0
1783282860,2026-07-05T13:21:00-07:00,,0
1783282920,2026-07-05T13:22:00-07:00,,0
1783282980,2026-07-05T13:23:00-07:00,,0
1783283040,2026-07-05T13:24:00-07:00,,0
1783283100,2026-07-05T13:25:00-07:00,,0
1783283160,2026-07-05T13:26:00-07:00,,0
1783283220,2026-07-05T13:27:00-07:00,,0
1783283280,2026-07-05T13:28:00-07:00,,0
1783283340,2026-07-05T13:29:00-07:00,,0
1783283400,2026-07-05T13:30:00-07:00,,0
1783283460,2026-07-05T13:31:00-07:00,,0
1783283520,2026-07-05T13:32:00-07:00,,0
1783283580,2026-07-05T13:33:00-07:00,,0
1783283640,2026-07-05T13:34:00-07:00,,0
1783283700,2026-07-05T13:35:00-07:00,,0
1783283760,2026-07-05T13:36:00-07:00,,0
1783283820,2026-07-05T13:37:00-07:00,,0
1783283880,2026-07-05T13:38:00-07:00,,0
1783283940,2026-07-05T13:39:00-07:00,,0
1783284000,2026-07-05T13:40:00-07:00,,0
1783284060,2026-07-05T13:41:00-07:00,,0
1783284120,2026-07-05T13:42:00-07:00,,0
1783284180,2026-07-05T13:43:00-07:00,,0
1783284240,2026-07-05T13:44:00-07:00,,0
1783284300,2026-07-05T13:45:00-07:00,,0
1783284360,2026-07-05T13:46:00-07:00,,0
1783284420,2026-07-05T13:47:00-07:00,,0
1783284480,2026-07-05T13:48:00-07:00,,0
1783284540,2026-07-05T13:49:00-07:00,,0
1783284600,2026-07-05T13:50:00-07:00,,0
1783284660,2026-07-05T13:51:00-07:00,,0
1783284720,2026-07-05T13:52:00-07:00,,0
1783284780,2026-07-05T13:53:00-07:00,,0
1783284840,2026-07-05T13:54:00-07:00,,0
1783284900,2026-07-05T13:55:00-07:00,,0
1783284960,2026-07-05T13:56:00-07:00,,0
1783285020,2026-07-05T13:57:00-07:00,,0
1783285080,2026-07-05T13:58:00-07:00,,0
1783285140,2026-07-05T13:59:00-07:00,,0
1783285200,2026-07-05T14:00:00-07:00,,0
1783285260,2026-07-05T14:01:00-07:00,,0
1783285320,2026-07-05T14:02:00-07:00,,0
1783285380,2026-07-05T14:03:00-07:00,,0
1783285440,2026-07-05T14:04:00-07:00,,0
1783285500,2026-07-05T14:05:00-07:00,,0
1783285560,2026-07-05T14:06:00-07:00,,0
1783285620,2026-07-05T14:07:00-07:00,,0
1783285680,2026-07-05T14:08:00-07:00,,0
1783285740,2026-07-05T14:09:00-07:00,,0
1783285800,2026-07-05T14:10:00-07:00,,0
1783285860,2026-07-05T14:11:00-07:00,,0
1783285920,2026-07-05T14:12:00-07:00,,0
1783285980,2026-07-05T14:13:00-07:00,,0
1783286040,2026-07-05T14:14:00-07:00,,0
1783286100,2026-07-05T14:15:00-07:00,,0
1783286160,2026-07-05T14:16:00-07:00,,0
1783286220,2026-07-05T14:17:00-07:00,,0
1783286280,2026-07-05T14:18:00-07:00,,0
1783286340,2026-07-05T14:19:00-07:00,,0
1783286400,2026-07-05T14:20:00-07:00,,0
1783286460,2026-07-05T14:21:00-07:00,,0
1783286520,2026-07-05T14:22:00-07:00,,0
1783286580,2026-07-05T14:23:00-07:00,,0
1783286640,2026-07-05T14:24:00-07:00,,0
1783286700,2026-07-05T14:25:00-07:00,,0
1783286760,2026-07-05T14:26:00-07:00,,0
1783286820,2026-07-05T14:27:00-07:00,,0
1783286880,2026-07-05T14:28:00-07:00,,0
1783286940,2026-07-05T14:29:00-07:00,,0
1783287000,2026-07-05T14:30:00-07:00,,0
1783287060,2026-07-05T14:31:00-07:00,,0
1783287120,2026-07-05T14:32:00-07:00,,0
1783287180,2026-07-05T14:33:00-07:00,,0
1783287240,2026-07-05T14:34:00-07:00,,0
1783287300,2026-07-05T14:35:00-07:00,,0
1783287360,2026-07-05T14:36:00-07:00,,0
1783287420,2026-07-05T14:37:00-07:00,,0
1783287480,2026-07-05T14:38:00-07:00,,0
1783287540,2026-07-05T14:39:00-07:00,,0
1783287600,2026-07-05T14:40:00-07:00,,0
1783287660,2026-07-05T14:41:00-07:00,,0
1783287720,2026-07-05T14:42:00-07:00,,0
1783287780,2026-07-05T14:43:00-07:00,,0
1783287840,2026-07-05T14:44:00-07:00,,0
1783287900,2026-07-05T14:45:00-07:00,,0
1783287960,2026-07-05T14:46:00-07:00,,0
1783288020,2026-07-05T14:47:00-07:00,,0
1783288080,2026-07-05T14:48:00-07:00,,0
1783288140,2026-07-05T14:49:00-07:00,,0
1783288200,2026-07-05T14:50:00-07:00,,0
1783288260,2026-07-05T14:51:00-07:00,,0
1783288320,2026-07-05T14:52:00-07:00,,0
1783288380,2026-07-05T14:53:00-07:00,,0
1783288440,2026-07-05T14:54:00-07:00,,0
1783288500,2026-07-05T14:55:00-07:00,,0
1783288560,2026-07-05T14:56:00-07:00,,0
1783288620,2026-07-05T14:57:00-07:00,,0
1783288680,2026-07-05T14:58:00-07:00,,0
1783288740,2026-07-05T14:59:00-07:00,,0
1783288800,2026-07-05T15:00:00-07:00,,0
1783288860,2026-07-05T15:01:00-07:00,,0
1783288920,2026-07-05T15:02:00-07:00,,0
1783288980,2026-07-05T15:03:00-07:00,,0
1783289040,2026-07-05T15:04:00-07:00,,0
1783289100,2026-07-05T15:05:00-07:00,,0
1783289160,2026-07-05T15:06:00-07:00,,0
1783289220,2026-07-05T15:07:00-07:00,,0
1783289280,2026-07-05T15:08:00-07:00,,0
1783289340,2026-07-05T15:09:00-07:00,,0
1783289400,2026-07-05T15:10:00-07:00,,0
1783289460,2026-07-05T15:11:00-07:00,,0
1783289520,2026-07-05T15:12:00-07:00,,0
1783289580,2026-07-05T15:13:00-07:00,,0
1783289640,2026-07-05T15:14:00-07:00,,0
1783289700,2026-07-05T15:15:00-07:00,,0
1783289760,2026-07-05T15:16:00-07:00,,0
1783289820,2026-07-05T15:17:00-07:00,,0
1783289880,2026-07-05T15:18:00-07:00,,0
1783289940,2026-07-05T15:19:00-07:00,,0
1783290000,2026-07-05T15:20:00-07:00,,0
1783290060,2026-07-05T15:21:00-07:00,,0
1783290120,2026-07-05T15:22:00-07:00,,0
1783290180,2026-07-05T15:23:00-07:00,,0
1783290240,2026-07-05T15:24:00-07:00,,0
1783290300,2026-07-05T15:25:00-07:00,,0
1783290360,2026-07-05T15:26:00-07:00,,0
1783290420,2026-07-05T15:27:00-07:00,,0
1783290480,2026-07-05T15:28:00-07:00,,0
1783290540,2026-07-05T15:29:00-07:00,,0
1783290600,2026-07-05T15:30:00-07:00,,0
1783290660,2026-07-05T15:31:00-07:00,,0
1783290720,2026-07-05T15:32:00-07:00,,0
1783290780,2026-07-05T15:33:00-07:00,,0
1783290840,2026-07-05T15:34:00-07:00,,0
1783290900,2026-07-05T15:35:00-07:00,,0
1783290960,2026-07-05T15:36:00-07:00,,0
1783291020,2026-07-05T15:37:00-07:00,,0
1783291080,2026-07-05T15:38:00-07:00,,0
1783291140,2026-07-05T15:39:00-07:00,,0
1783291200,2026-07-05T15:40:00-07:00,,0
1783291260,2026-07-05T15:41:00-07:00,,0
1783291320,2026-07-05T15:42:00-07:00,,0
1783291380,2026-07-05T15:43:00-07:00,,0
1783291440,2026-07-05T15:44:00-07:00,,0
1783291500,2026-07-05T15:45:00-07:00,,0
1783291560,2026-07-05T15:46:00-07:00,,0
1783291620,2026-07-05T15:47:00-07:00,,0
1783291680,2026-07-05T15:48:00-07:00,,0
1783291740,2026-07-05T15:49:00-07:00,,0
1783291800,2026-07-05T15:50:00-07:00,,0
1783291860,2026-07-05T15:51:00-07:00,,0
1783291920,2026-07-05T15:52:00-07:00,,0
1783291980,2026-07-05T15:53:00-07:00,,0
1783292040,2026-07-05T15:54:00-07:00,,0
1783292100,2026-07-05T15:55:00-07:00,,0
1783292160,2026-07-05T15:56:00-07:00,,0
1783292220,2026-07-05T15:57:00-07:00,,0
1783292280,2026-07-05T15:58:00-07:00,,0
1783292340,2026-07-05T15:59:00-07:00,,0
1783292400,2026-07-05T16:00:00-07:00,,0
1783292460,2026-07-05T16:01:00-07:00,,0
1783292520,2026-07-05T16:02:00-07:00,,0
1783292580,2026-07-05T16:03:00-07:00,,0
1783292640,2026-07-05T16:04:00-07:00,,0
1783292700,2026-07-05T16:05:00-07:00,,0
1783292760,2026-07-05T16:06:00-07:00,,0
1783292820,2026-07-05T16:07:00-07:00,,0
1783292880,2026-07-05T16:08:00-07:00,,0
1783292940,2026-07-05T16:09:00-07:00,,0
1783293000,2026-07-05T16:10:00-07:00,,0
1783293060,2026-07-05T16:11:00-07:00,,0
1783293120,2026-07-05T16:12:00-07:00,,0
1783293180,2026-07-05T16:13:00-07:00,,0
1783293240,2026-07-05T16:14:00-07:00,,0
1783293300,2026-07-05T16:15:00-07:00,,0
1783293360,2026-07-05T16:16:00-07:00,,0
1783293420,2026-07-05T16:17:00-07:00,,0
1783293480,2026-07-05T16:18:00-07:00,,0
1783293540,2026-07-05T16:19:00-07:00,,0
1783293600,2026-07-05T16:20:00-07:00,,0
1783293660,2026-07-05T16:21:00-07:00,,0
1783293720,2026-07-05T16:22:00-07:00,,0
1783293780,2026-07-05T16:23:00-07:00,,0
1783293840,2026-07-05T16:24:00-07:00,,0
1783293900,2026-07-05T16:25:00-07:00,,0
1783293960,2026-07-05T16:26:00-07:00,,0
1783294020,2026-07-05T16:27:00-07:00,,0
1783294080,2026-07-05T16:28:00-07:00,,0
1783294140,2026-07-05T16:29:00-07:00,,0
1783294200,2026-07-05T16:30:00-07:00,,0
1783294260,2026-07-05T16:31:00-07:00,,0
1783294320,2026-07-05T16:32:00-07:00,,0
1783294380,2026-07-05T16:33:00-07:00,,0
1783294440,2026-07-05T16:34:00-07:00,,0
1783294500,2026-07-05T16:35:00-07:00,,0
1783294560,2026-07-05T16:36:00-07:00,,0
1783294620,2026-07-05T16:37:00-07:00,,0
1783294680,2026-07-05T16:38:00-07:00,,0
1783294740,2026-07-05T16:39:00-07:00,,0
1783294800,2026-07-05T16:40:00-07:00,,0
1783294860,2026-07-05T16:41:00-07:00,,0
1783294920,2026-07-05T16:42:00-07:00,,0
1783294980,2026-07-05T16:43:00-07:00,,0
1783295040,2026-07-05T16:44:00-07:00,,0
1783295100,2026-07-05T16:45:00-07:00,,0
1783295160,2026-07-05T16:46:00-07:00,,0
1783295220,2026-07-05T16:47:00-07:00,,0
1783295280,2026-07-05T16:48:00-07:00,,0
1783295340,2026-07-05T16:49:00-07:00,,0
1783295400,2026-07-05T16:50:00-07:00,,0
1783295460,2026-07-05T16:51:00-07:00,,0
1783295520,2026-07-05T16:52:00-07:00,,0
1783295580,2026-07-05T16:53:00-07:00,,0
1783295640,2026-07-05T16:54:00-07:00,,0
1783295700,2026-07-05T16:55:00-07:00,,0
1783295760,2026-07-05T16:56:00-07:00,,0
1783295820,2026-07-05T16:57:00-07:00,,0
1783295880,2026-07-05T16:58:00-07:00,,0
1783295940,2026-07-05T16:59:00-07:00,,0
1783296000,2026-07-05T17:00:00-07:00,,0
1783296060,2026-07-05T17:01:00-07:00,,0
1783296120,2026-07-05T17:02:00-07:00,,0
1783296180,2026-07-05T17:03:00-07:00,,0
1783296240,2026-07-05T17:04:00-07:00,,0
1783296300,2026-07-05T17:05:00-07:00,,0
1783296360,2026-07-05T17:06:00-07:00,,0
1783296420,2026-07-05T17:07:00-07:00,,0
1783296480,2026-07-05T17:08:00-07:00,,0
1783296540,2026-07-05T17:09:00-07:00,,0
1783296600,2026-07-05T17:10:00-07:00,,0
1783296660,2026-07-05T17:11:00-07:00,,0
1783296720,2026-07-05T17:12:00-07:00,,0
1783296780,2026-07-05T17:13:00-07:00,,0
1783296840,2026-07-05T17:14:00-07:00,,0
1783296900,2026-07-05T17:15:00-07:00,,0
1783296960,2026-07-05T17:16:00-07:00,,0
1783297020,2026-07-05T17:17:00-07:00,,0
1783297080,2026-07-05T17:18:00-07:00,,0
1783297140,2026-07-05T17:19:00-07:00,,0
1783297200,2026-07-05T17:20:00-07:00,,0
1783297260,2026-07-05T17:21:00-07:00,,0
1783297320,2026-07-05T17:22:00-07:00,,0
1783297380,2026-07-05T17:23:00-07:00,,0
1783297440,2026-07-05T17:24:00-07:00,,0
1783297500,2026-07-05T17:25:00-07:00,,0
1783297560,2026-07-05T17:26:00-07:00,,0
1783297620,2026-07-05T17:27:00-07:00,,0
1783297680,2026-07-05T17:28:00-07:00,,0
1783297740,2026-07-05T17:29:00-07:00,,0
1783297800,2026-07-05T17:30:00-07:00,,0
1783297860,2026-07-05T17:31:00-07:00,,0
1783297920,2026-07-05T17:32:00-07:00,,0
1783297980,2026-07-05T17:33:00-07:00,,0
1783298040,2026-07-05T17:34:00-07:00,,0
1783298100,2026-07-05T17:35:00-07:00,,0
1783298160,2026-07-05T17:36:00-07:00,,0
1783298220,2026-07-05T17:37:00-07:00,,0
1783298280,2026-07-05T17:38:00-07:00,,0
1783298340,2026-07-05T17:39:00-07:00,,0
1783298400,2026-07-05T17:40:00-07:00,,0
1783298460,2026-07-05T17:41:00-07:00,,0
1783298520,2026-07-05T17:42:00-07:00,,0
1783298580,2026-07-05T17:43:00-07:00,,0
1783298640,2026-07-05T17:44:00-07:00,,0
1783298700,2026-07-05T17:45:00-07:00,,0
1783298760,2026-07-05T17:46:00-07:00,,0
1783298820,2026-07-05T17:47:00-07:00,,0
1783298880,2026-07-05T17:48:00-07:00,,0
1783298940,2026-07-05T17:49:00-07:00,,0
1783299000,2026-07-05T17:50:00-07:00,,0
1783299060,2026-07-05T17:51:00-07:00,,0
1783299120,2026-07-05T17:52:00-07:00,,0
1783299180,2026-07-05T17:53:00-07:00,,0
1783299240,2026-07-05T17:54:00-07:00,,0
1783299300,2026-07-05T17:55:00-07:00,,0
1783299360,2026-07-05T17:56:00-07:00,,0
1783299420,2026-07-05T17:57:00-07:00,,0
1783299480,2026-07-05T17:58:00-07:00,,0
1783299540,2026-07-05T17:59:00-07:00,,0
1783299600,2026-07-05T18:00:00-07:00,,0
1783299660,2026-07-05T18:01:00-07:00,,0
1783299720,2026-07-05T18:02:00-07:00,,0
1783299780,2026-07-05T18:03:00-07:00,,0
1783299840,2026-07-05T18:04:00-07:00,,0
1783299900,2026-07-05T18:05:00-07:00,,0
1783299960,2026-07-05T18:06:00-07:00,,0
1783300020,2026-07-05T18:07:00-07:00,,0
1783300080,2026-07-05T18:08:00-07:00,,0
1783300140,2026-07-05T18:09:00-07:00,,0
1783300200,2026-07-05T18:10:00-07:00,,0
1783300260,2026-07-05T18:11:00-07:00,,0
1783300320,2026-07-05T18:12:00-07:00,,0
1783300380,2026-07-05T18:13:00-07:00,,0
1783300440,2026-07-05T18:14:00-07:00,,0
1783300500,2026-07-05T18:15:00-07:00,,0
1783300560,2026-07-05T18:16:00-07:00,,0
1783300620,2026-07-05T18:17:00-07:00,,0
1783300680,2026-07-05T18:18:00-07:00,,0
1783300740,2026-07-05T18:19:00-07:00,,0
1783300800,2026-07-05T18:20:00-07:00,,0
1783300860,2026-07-05T18:21:00-07:00,,0
1783300920,2026-07-05T18:22:00-07:00,,0
1783300980,2026-07-05T18:23:00-07:00,,0
1783301040,2026-07-05T18:24:00-07:00,,0
1783301100,2026-07-05T18:25:00-07:00,,0
1783301160,2026-07-05T18:26:00-07:00,,0
1783301220,2026-07-05T18:27:00-07:00,,0
1783301280,2026-07-05T18:28:00-07:00,,0
1783301340,2026-07-05T18:29:00-07:00,,0
1783301400,2026-07-05T18:30:00-07:00,,0
1783301460,2026-07-05T18:31:00-07:00,,0
1783301520,2026-07-05T18:32:00-07:00,,0
1783301580,2026-07-05T18:33:00-07:00,,0
1783301640,2026-07-05T18:34:00-07:00,,0
1783301700,2026-07-05T18:35:00-07:00,,0
1783301760,2026-07-05T18:36:00-07:00,,0
1783301820,2026-07-05T18:37:00-07:00,,0
1783301880,2026-07-05T18:38:00-07:00,,0
1783301940,2026-07-05T18:39:00-07:00,,0
1783302000,2026-07-05T18:40:00-07:00,,0
1783302060,2026-07-05T18:41:00-07:00,,0
1783302120,2026-07-05T18:42:00-07:00,,0
1783302180,2026-07-05T18:43:00-07:00,,0
1783302240,2026-07-05T18:44:00-07:00,,0
1783302300,2026-07-05T18:45:00-07:00,,0
1783302360,2026-07-05T18:46:00-07:00,,0
1783302420,2026-07-05T18:47:00-07:00,,0
1783302480,2026-07-05T18:48:00-07:00,,0
1783302540,2026-07-05T18:49:00-07:00,,0
1783302600,2026-07-05T18:50:00-07:00,,0
1783302660,2026-07-05T18:51:00-07:00,,0
1783302720,2026-07-05T18:52:00-07:00,,0
1783302780,2026-07-05T18:53:00-07:00,,0
1783302840,2026-07-05T18:54:00-07:00,,0
1783302900,2026-07-05T18:55:00-07:00,,0
1783302960,2026-07-05T18:56:00-07:00,,0
1783303020,2026-07-05T18:57:00-07:00,,0
1783303080,2026-07-05T18:58:00-07:00,,0
1783303140,2026-07-05T18:59:00-07:00,,0
1783303200,2026-07-05T19:00:00-07:00,,0
1783303260,2026-07-05T19:01:00-07:00,,0
1783303320,2026-07-05T19:02:00-07:00,,0
1783303380,2026-07-05T19:03:00-07:00,,0
1783303440,2026-07-05T19:04:00-07:00,,0
1783303500,2026-07-05T19:05:00-07:00,,0
1783303560,2026-07-05T19:06:00-07:00,,0
1783303620,2026-07-05T19:07:00-07:00,,0
1783303680,2026-07-05T19:08:00-07:00,,0
1783303740,2026-07-05T19:09:00-07:00,,0
1783303800,2026-07-05T19:10:00-07:00,,0
1783303860,2026-07-05T19:11:00-07:00,,0
1783303920,2026-07-05T19:12:00-07:00,,0
1783303980,2026-07-05T19:13:00-07:00,,0
1783304040,2026-07-05T19:14:00-07:00,,0
1783304100,2026-07-05T19:15:00-07:00,,0
1783304160,2026-07-05T19:16:00-07:00,,0
1783304220,2026-07-05T19:17:00-07:00,,0
1783304280,2026-07-05T19:18:00-07:00,,0
1783304340,2026-07-05T19:19:00-07:00,,0
1783304400,2026-07-05T19:20:00-07:00,,0
1783304460,2026-07-05T19:21:00-07:00,,0
1783304520,2026-07-05T19:22:00-07:00,,0
1783304580,2026-07-05T19:23:00-07:00,,0
1783304640,2026-07-05T19:24:00-07:00,,0
1783304700,2026-07-05T19:25:00-07:00,,0
1783304760,2026-07-05T19:26:00-07:00,,0
1783304820,2026-07-05T19:27:00-07:00,,0
1783304880,2026-07-05T19:28:00-07:00,,0
1783304940,2026-07-05T19:29:00-07:00,,0
1783305000,2026-07-05T19:30:00-07:00,,0
1783305060,2026-07-05T19:31:00-07:00,,0
1783305120,2026-07-05T19:32:00-07:00,,0
1783305180,2026-07-05T19:33:00-07:00,,0
1783305240,2026-07-05T19:34:00-07:00,,0
1783305300,2026-07-05T19:35:00-07:00,,0
1783305360,2026-07-05T19:36:00-07:00,,0
1783305420,2026-07-05T19:37:00-07:00,,0
1783305480,2026-07-05T19:38:00-07:00,,0
1783305540,2026-07-05T19:39:00-07:00,,0
1783305600,2026-07-05T19:40:00-07:00,,0
1783305660,2026-07-05T19:41:00-07:00,,0
1783305720,2026-07-05T19:42:00-07:00,,0
1783305780,2026-07-05T19:43:00-07:00,,0
1783305840,2026-07-05T19:44:00-07:00,,0
1783305900,2026-07-05T19:45:00-07:00,,0
1783305960,2026-07-05T19:46:00-07:00,,0
1783306020,2026-07-05T19:47:00-07:00,,0
1783306080,2026-07-05T19:48:00-07:00,,0
1783306140,2026-07-05T19:49:00-07:00,,0
1783306200,2026-07-05T19:50:00-07:00,,0
1783306260,2026-07-05T19:51:00-07:00,,0
1783306320,2026-07-05T19:52:00-07:00,,0
1783306380,2026-07-05T19:53:00-07:00,,0
1783306440,2026-07-05T19:54:00-07:00,,0
1783306500,2026-07-05T19:55:00-07:00,,0
1783306560,2026-07-05T19:56:00-07:00,,0
1783306620,2026-07-05T19:57:00-07:00,,0
1783306680,2026-07-05T19:58:00-07:00,,0
1783306740,2026-07-05T19:59:00-07:00,,0
1783306800,2026-07-05T20:00:00-07:00,,0
1783306860,2026-07-05T20:01:00-07:00,,0
1783306920,2026-07-05T20:02:00-07:00,,0
1783306980,2026-07-05T20:03:00-07:00,,0
1783307040,2026-07-05T20:04:00-07:00,,0
1783307100,2026-07-05T20:05:00-07:00,,0
1783307160,2026-07-05T20:06:00-07:00,,0
1783307220,2026-07-05T20:07:00-07:00,,0
1783307280,2026-07-05T20:08:00-07:00,,0
1783307340,2026-07-05T20:09:00-07:00,,0
1783307400,2026-07-05T20:10:00-07:00,,0
1783307460,2026-07-05T20:11:00-07:00,,0
1783307520,2026-07-05T20:12:00-07:00,,0
1783307580,2026-07-05T20:13:00-07:00,,0
1783307640,2026-07-05T20:14:00-07:00,,0
1783307700,2026-07-05T20:15:00-07:00,,0
1783307760,2026-07-05T20:16:00-07:00,,0
1783307820,2026-07-05T20:17:00-07:00,,0
1783307880,2026-07-05T20:18:00-07:00,,0
1783307940,2026-07-05T20:19:00-07:00,,0
1783308000,2026-07-05T20:20:00-07:00,,0
1783308060,2026-07-05T20:21:00-07:00,,0
1783308120,2026-07-05T20:22:00-07:00,,0
1783308180,2026-07-05T20:23:00-07:00,,0
1783308240,2026-07-05T20:24:00-07:00,,0
1783308300,2026-07-05T20:25:00-07:00,,0
1783308360,2026-07-05T20:26:00-07:00,,0
1783308420,2026-07-05T20:27:00-07:00,,0
1783308480,2026-07-05T20:28:00-07:00,,0
1783308540,2026-07-05T20:29:00-07:00,,0
1783308600,2026-07-05T20:30:00-07:00,,0
1783308660,2026-07-05T20:31:00-07:00,,0
1783308720,2026-07-05T20:32:00-07:00,,0
1783308780,2026-07-05T20:33:00-07:00,,0
1783308840,2026-07-05T20:34:00-07:00,,0
1783308900,2026-07-05T20:35:00-07:00,,0
1783308960,2026-07-05T20:36:00-07:00,,0
1783309020,2026-07-05T20:37:00-07:00,,0
1783309080,2026-07-05T20:38:00-07:00,,0
1783309140,2026-07-05T20:39:00-07:00,,0
1783309200,2026-07-05T20:40:00-07:00,,0
1783309260,2026-07-05T20:41:00-07:00,,0
1783309320,2026-07-05T20:42:00-07:00,,0
1783309380,2026-07-05T20:43:00-07:00,,0
1783309440,2026-07-05T20:44:00-07:00,,0
1783309500,2026-07-05T20:45:00-07:00,,0
1783309560,2026-07-05T20:46:00-07:00,,0
1783309620,2026-07-05T20:47:00-07:00,,0
1783309680,2026-07-05T20:48:00-07:00,,0
1783309740,2026-07-05T20:49:00-07:00,,0
1783309800,2026-07-05T20:50:00-07:00,,0
1783309860,2026-07-05T20:51:00-07:00,,0
1783309920,2026-07-05T20:52:00-07:00,,0
1783309980,2026-07-05T20:53:00-07:00,,0
1783310040,2026-07-05T20:54:00-07:00,,0
1783310100,2026-07-05T20:55:00-07:00,,0
1783310160,2026-07-05T20:56:00-07:00,,0
1783310220,2026-07-05T20:57:00-07:00,,0
1783310280,2026-07-05T20:58:00-07:00,,0
1783310340,2026-07-05T20:59:00-07:00,,0
1783310400,2026-07-05T21:00:00-07:00,,0
1783310460,2026-07-05T21:01:00-07:00,,0
1783310520,2026-07-05T21:02:00-07:00,,0
1783310580,2026-07-05T21:03:00-07:00,,0
1783310640,2026-07-05T21:04:00-07:00,,0
1783310700,2026-07-05T21:05:00-07:00,,0
1783310760,2026-07-05T21:06:00-07:00,,0
1783310820,2026-07-05T21:07:00-07:00,,0
1783310880,2026-07-05T21:08:00-07:00,,0
1783310940,2026-07-05T21:09:00-07:00,,0
1783311000,2026-07-05T21:10:00-07:00,,0
1783311060,2026-07-05T21:11:00-07:00,,0
1783311120,2026-07-05T21:12:00-07:00,,0
1783311180,2026-07-05T21:13:00-07:00,,0
1783311240,2026-07-05T21:14:00-07:00,,0
1783311300,2026-07-05T21:15:00-07:00,,0
1783311360,2026-07-05T21:16:00-07:00,,0
1783311420,2026-07-05T21:17:00-07:00,,0
1783311480,2026-07-05T21:18:00-07:00,,0
1783311540,2026-07-05T21:19:00-07:00,,0
1783311600,2026-07-05T21:20:00-07:00,,0
1783311660,2026-07-05T21:21:00-07:00,,0
1783311720,2026-07-05T21:22:00-07:00,,0
1783311780,2026-07-05T21:23:00-07:00,,0
1783311840,2026-07-05T21:24:00-07:00,,0
1783311900,2026-07-05T21:25:00-07:00,,0
1783311960,2026-07-05T21:26:00-07:00,,0
1783312020,2026-07-05T21:27:00-07:00,,0
1783312080,2026-07-05T21:28:00-07:00,,0
1783312140,2026-07-05T21:29:00-07:00,,0
1783312200,2026-07-05T21:30:00-07:00,,0
1783312260,2026-07-05T21:31:00-07:00,,0
1783312320,2026-07-05T21:32:00-07:00,,0
1783312380,2026-07-05T21:33:00-07:00,,0
1783312440,2026-07-05T21:34:00-07:00,,0
1783312500,2026-07-05T21:35:00-07:00,,0
1783312560,2026-07-05T21:36:00-07:00,,0
1783312620,2026-07-05T21:37:00-07:00,,0
1783312680,2026-07-05T21:38:00-07:00,,0
1783312740,2026-07-05T21:39:00-07:00,,0
1783312800,2026-07-05T21:40:00-07:00,,0
1783312860,2026-07-05T21:41:00-07:00,,0
1783312920,2026-07-05T21:42:00-07:00,,0
1783312980,2026-07-05T21:43:00-07:00,,0
1783313040,2026-07-05T21:44:00-07:00,,0
1783313100,2026-07-05T21:45:00-07:00,,0
1783313160,2026-07-05T21:46:00-07:00,,0
1783313220,2026-07-05T21:47:00-07:00,,0
1783313280,2026-07-05T21:48:00-07:00,,0
1783313340,2026-07-05T21:49:00-07:00,,0
1783313400,2026-07-05T21:50:00-07:00,,0
1783313460,2026-07-05T21:51:00-07:00,,0
1783313520,2026-07-05T21:52:00-07:00,,0
1783313580,2026-07-05T21:53:00-07:00,,0
1783313640,2026-07-05T21:54:00-07:00,,0
1783313700,2026-07-05T21:55:00-07:00,,0
1783313760,2026-07-05T21:56:00-07:00,,0
1783313820,2026-07-05T21:57:00-07:00,,0
1783313880,2026-07-05T21:58:00-07:00,,0
1783313940,2026-07-05T21:59:00-07:00,,0
1783314000,2026-07-05T22:00:00-07:00,,0
1783314060,2026-07-05T22:01:00-07:00,,0
1783314120,2026-07-05T22:02:00-07:00,,0
1783314180,2026-07-05T22:03:00-07:00,,0
1783314240,2026-07-05T22:04:00-07:00,,0
1783314300,2026-07-05T22:05:00-07:00,,0
1783314360,2026-07-05T22:06:00-07:00,,0
1783314420,2026-07-05T22:07:00-07:00,,0
1783314480,2026-07-05T22:08:00-07:00,,0
1783314540,2026-07-05T22:09:00-07:00,,0
1783314600,2026-07-05T22:10:00-07:00,,0
1783314660,2026-07-05T22:11:00-07:00,,0
1783314720,2026-07-05T22:12:00-07:00,,0
1783314780,2026-07-05T22:13:00-07:00,,0
1783314840,2026-07-05T22:14:00-07:00,,0
1783314900,2026-07-05T22:15:00-07:00,,0
1783314960,2026-07-05T22:16:00-07:00,,0
1783315020,2026-07-05T22:17:00-07:00,,0
1783315080,2026-07-05T22:18:00-07:00,,0
1783315140,2026-07-05T22:19:00-07:00,,0
1783315200,2026-07-05T22:20:00-07:00,,0
1783315260,2026-07-05T22:21:00-07:00,,0
1783315320,2026-07-05T22:22:00-07:00,,0
1783315380,2026-07-05T22:23:00-07:00,,0
1783315440,2026-07-05T22:24:00-07:00,,0
1783315500,2026-07-05T22:25:00-07:00,,0
1783315560,2026-07-05T22:26:00-07:00,,0
1783315620,2026-07-05T22:27:00-07:00,,0
1783315680,2026-07-05T22:28:00-07:00,,0
1783315740,2026-07-05T22:29:00-07:00,,0
1783315800,2026-07-05T22:30:00-07:00,,0
1783315860,2026-07-05T22:31:00-07:00,,0
1783315920,2026-07-05T22:32:00-07:00,,0
1783315980,2026-07-05T22:33:00-07:00,,0
1783316040,2026-07-05T22:34:00-07:00,,0
1783316100,2026-07-05T22:35:00-07:00,,0
1783316160,2026-07-05T22:36:00-07:00,,0
1783316220,2026-07-05T22:37:00-07:00,,0
1783316280,2026-07-05T22:38:00-07:00,,0
1783316340,2026-07-05T22:39:00-07:00,,0
1783316400,2026-07-05T22:40:00-07:00,,0
1783316460,2026-07-05T22:41:00-07:00,,0
1783316520,2026-07-05T22:42:00-07:00,,0
1783316580,2026-07-05T22:43:00-07:00,,0
1783316640,2026-07-05T22:44:00-07:00,,0
1783316700,2026-07-05T22:45:00-07:00,,0
1783316760,2026-07-05T22:46:00-07:00,,0
1783316820,2026-07-05T22:47:00-07:00,,0
1783316880,2026-07-05T22:48:00-07:00,,0
1783316940,2026-07-05T22:49:00-07:00,,0
1783317000,2026-07-05T22:50:00-07:00,,0
1783317060,2026-07-05T22:51:00-07:00,,0
1783317120,2026-07-05T22:52:00-07:00,,0
1783317180,2026-07-05T22:53:00-07:00,,0
1783317240,2026-07-05T22:54:00-07:00,,0
1783317300,2026-07-05T22:55:00-07:00,,0
1783317360,2026-07-05T22:56:00-07:00,,0
1783317420,2026-07-05T22:57:00-07:00,,0
1783317480,2026-07-05T22:58:00-07:00,,0
1783317540,2026-07-05T22:59:00-07:00,,0
1783317600,2026-07-05T23:00:00-07:00,,0
1783317660,2026-07-05T23:01:00-07:00,,0
1783317720,2026-07-05T23:02:00-07:00,,0
1783317780,2026-07-05T23:03:00-07:00,,0
1783317840,2026-07-05T23:04:00-07:00,,0
1783317900,2026-07-05T23:05:00-07:00,,0
1783317960,2026-07-05T23:06:00-07:00,,0
1783318020,2026-07-05T23:07:00-07:00,,0
1783318080,2026-07-05T23:08:00-07:00,,0
1783318140,2026-07-05T23:09:00-07:00,,0
1783318200,2026-07-05T23:10:00-07:00,,0
1783318260,2026-07-05T23:11:00-07:00,,0
1783318320,2026-07-05T23:12:00-07:00,,0
1783318380,2026-07-05T23:13:00-07:00,,0
1783318440,2026-07-05T23:14:00-07:00,,0
1783318500,2026-07-05T23:15:00-07:00,,0
1783318560,2026-07-05T23:16:00-07:00,,0
1783318620,2026-07-05T23:17:00-07:00,,0
1783318680,2026-07-05T23:18:00-07:00,,0
1783318740,2026-07-05T23:19:00-07:00,,0
1783318800,2026-07-05T23:20:00-07:00,,0
1783318860,2026-07-05T23:21:00-07:00,,0
1783318920,2026-07-05T23:22:00-07:00,,0
1783318980,2026-07-05T23:23:00-07:00,,0
1783319040,2026-07-05T23:24:00-07:00,,0
1783319100,2026-07-05T23:25:00-07:00,,0
1783319160,2026-07-05T23:26:00-07:00,,0
1783319220,2026-07-05T23:27:00-07:00,,0
1783319280,2026-07-05T23:28:00-07:00,,0
1783319340,2026-07-05T23:29:00-07:00,,0
1783319400,2026-07-05T23:30:00-07:00,,0
1783319460,2026-07-05T23:31:00-07:00,,0
1783319520,2026-07-05T23:32:00-07:00,,0
1783319580,2026-07-05T23:33:00-07:00,,0
1783319640,2026-07-05T23:34:00-07:00,,0
1783319700,2026-07-05T23:35:00-07:00,,0
1783319760,2026-07-05T23:36:00-07:00,,0
1783319820,2026-07-05T23:37:00-07:00,,0
1783319880,2026-07-05T23:38:00-07:00,,0
1783319940,2026-07-05T23:39:00-07:00,,0
1783320000,2026-07-05T23:40:00-07:00,,0
1783320060,2026-07-05T23:41:00-07:00,,0
1783320120,2026-07-05T23:42:00-07:00,,0
1783320180,2026-07-05T23:43:00-07:00,,0
1783320240,2026-07-05T23:44:00-07:00,,0
1783320300,2026-07-05T23:45:00-07:00,,0
1783320360,2026-07-05T23:46:00-07:00,,0
1783320420,2026-07-05T23:47:00-07:00,,0
1783320480,2026-07-05T23:48:00-07:00,,0
1783320540,2026-07-05T23:49:00-07:00,,0
1783320600,2026-07-05T23:50:00-07:00,,0
1783320660,2026-07-05T23:51:00-07:00,,0
1783320720,2026-07-05T23:52:00-07:00,,0
1783320780,2026-07-05T23:53:00-07:00,,0
1783320840,2026-07-05T23:54:00-07:00,,0
1783320900,2026-07-05T23:55:00-07:00,,0
1783320960,2026-07-05T23:56:00-07:00,,0
1783321020,2026-07-05T23:57:00-07:00,,0
1783321080,2026-07-05T23:58:00-07:00,,0
1783321140,2026-07-05T23:59:00-07:00,,0
1783321200,2026-07-06T00:00:00-07:00,,0
