timestamp_utc,iso_pdt,carrier=verizon;connection_type=lte_cellular;experiment=none
1782975600,2026-07-02T00:00:00-07:00,2220457
1782975660,2026-07-02T00:01:00-07:00,2220518
1782975720,2026-07-02T00:02:00-07:00,2220577
1782975780,2026-07-02T00:03:00-07:00,2220639
1782975840,2026-07-02T00:04:00-07:00,2220698
1782975900,2026-07-02T00:05:00-07:00,2220758
1782975960,2026-07-02T00:06:00-07:00,2220818
1782976020,2026-07-02T00:07:00-07:00,2220877
1782976080,2026-07-02T00:08:00-07:00,2220938
1782976140,2026-07-02T00:09:00-07:00,2220998
1782976200,2026-07-02T00:10:00-07:00,2221056
1782976260,2026-07-02T00:11:00-07:00,2221116
1782976320,2026-07-02T00:12:00-07:00,2221176
1782976380,2026-07-02T00:13:00-07:00,2221236
1782976440,2026-07-02T00:14:00-07:00,2221297
1782976500,2026-07-02T00:15:00-07:00,2221357
1782976560,2026-07-02T00:16:00-07:00,2221417
1782976620,2026-07-02T00:17:00-07:00,2221477
1782976680,2026-07-02T00:18:00-07:00,2221537
1782976740,2026-07-02T00:19:00-07:00,2221597
1782976800,2026-07-02T00:20:00-07:00,2221656
1782976860,2026-07-02T00:21:00-07:00,2221717
1782976920,2026-07-02T00:22:00-07:00,2221778
1782976980,2026-07-02T00:23:00-07:00,2221839
1782977040,2026-07-02T00:24:00-07:00,2221896
1782977100,2026-07-02T00:25:00-07:00,2221956
1782977160,2026-07-02T00:26:00-07:00,2222016
1782977220,2026-07-02T00:27:00-07:00,2222076
1782977280,2026-07-02T00:28:00-07:00,2222137
1782977340,2026-07-02T00:29:00-07:00,2222196
1782977400,2026-07-02T00:30:00-07:00,2222256
1782977460,2026-07-02T00:31:00-07:00,2222317
1782977520,2026-07-02T00:32:00-07:00,2222377
1782977580,2026-07-02T00:33:00-07:00,2222437
1782977640,2026-07-02T00:34:00-07:00,2222496
1782977700,2026-07-02T00:35:00-07:00,2222556
1782977760,2026-07-02T00:36:00-07:00,2222616
1782977820,2026-07-02T00:37:00-07:00,2222676
1782977880,2026-07-02T00:38:00-07:00,2222736
1782977940,2026-07-02T00:39:00-07:00,2222797
1782978000,2026-07-02T00:40:00-07:00,2222856
1782978060,2026-07-02T00:41:00-07:00,2222916
1782978120,2026-07-02T00:42:00-07:00,2222976
1782978180,2026-07-02T00:43:00-07:00,2223036
1782978240,2026-07-02T00:44:00-07:00,2223096
1782978300,2026-07-02T00:45:00-07:00,2223156
1782978360,2026-07-02T00:46:00-07:00,2223218
1782978420,2026-07-02T00:47:00-07:00,2223276
1782978480,2026-07-02T00:48:00-07:00,2223336
1782978540,2026-07-02T00:49:00-07:00,2223397
1782978600,2026-07-02T00:50:00-07:00,2223456
1782978660,2026-07-02T00:51:00-07:00,2223516
1782978720,2026-07-02T00:52:00-07:00,2223576
1782978780,2026-07-02T00:53:00-07:00,2223636
1782978840,2026-07-02T00:54:00-07:00,2223696
1782978900,2026-07-02T00:55:00-07:00,2223756
1782978960,2026-07-02T00:56:00-07:00,2223816
1782979020,2026-07-02T00:57:00-07:00,2223876
1782979080,2026-07-02T00:58:00-07:00,2223936
1782979140,2026-07-02T00:59:00-07:00,2223997
1782979200,2026-07-02T01:00:00-07:00,2224056
1782979260,2026-07-02T01:01:00-07:00,2224116
1782979320,2026-07-02T01:02:00-07:00,2224177
1782979380,2026-07-02T01:03:00-07:00,2224236
1782979440,2026-07-02T01:04:00-07:00,2224297
1782979500,2026-07-02T01:05:00-07:00,2224356
1782979560,2026-07-02T01:06:00-07:00,2224417
1782979620,2026-07-02T01:07:00-07:00,2224476
1782979680,2026-07-02T01:08:00-07:00,2224536
1782979740,2026-07-02T01:09:00-07:00,2224596
1782979800,2026-07-02T01:10:00-07:00,2224656
1782979860,2026-07-02T01:11:00-07:00,2224716
1782979920,2026-07-02T01:12:00-07:00,2224776
1782979980,2026-07-02T01:13:00-07:00,2224836
1782980040,2026-07-02T01:14:00-07:00,2224896
1782980100,2026-07-02T01:15:00-07:00,2224956
1782980160,2026-07-02T01:16:00-07:00,2225016
1782980220,2026-07-02T01:17:00-07:00,2225076
1782980280,2026-07-02T01:18:00-07:00,2225136
1782980340,2026-07-02T01:19:00-07:00,2225196
1782980400,2026-07-02T01:20:00-07:00,2225256
1782980460,2026-07-02T01:21:00-07:00,2225316
1782980520,2026-07-02T01:22:00-07:00,2225376
1782980580,2026-07-02T01:23:00-07:00,2225436
1782980640,2026-07-02T01:24:00-07:00,2225496
1782980700,2026-07-02T01:25:00-07:00,2225556
1782980760,2026-07-02T01:26:00-07:00,2225617
1782980820,2026-07-02T01:27:00-07:00,2225676
1782980880,2026-07-02T01:28:00-07:00,2225736
1782980940,2026-07-02T01:29:00-07:00,2225796
1782981000,2026-07-02T01:30:00-07:00,2225856
1782981060,2026-07-02T01:31:00-07:00,2225916
1782981120,2026-07-02T01:32:00-07:00,2225976
1782981180,2026-07-02T01:33:00-07:00,2226036
1782981240,2026-07-02T01:34:00-07:00,2226096
1782981300,2026-07-02T01:35:00-07:00,2226156
1782981360,2026-07-02T01:36:00-07:00,2226216
1782981420,2026-07-02T01:37:00-07:00,2226276
1782981480,2026-07-02T01:38:00-07:00,2226336
1782981540,2026-07-02T01:39:00-07:00,2226396
1782981600,2026-07-02T01:40:00-07:00,2226456
1782981660,2026-07-02T01:41:00-07:00,2226516
1782981720,2026-07-02T01:42:00-07:00,2226576
1782981780,2026-07-02T01:43:00-07:00,2226636
1782981840,2026-07-02T01:44:00-07:00,2226696
1782981900,2026-07-02T01:45:00-07:00,2226756
1782981960,2026-07-02T01:46:00-07:00,2226816
1782982020,2026-07-02T01:47:00-07:00,2226876
1782982080,2026-07-02T01:48:00-07:00,2226936
1782982140,2026-07-02T01:49:00-07:00,2226996
1782982200,2026-07-02T01:50:00-07:00,2227056
1782982260,2026-07-02T01:51:00-07:00,2227116
1782982320,2026-07-02T01:52:00-07:00,2227176
1782982380,2026-07-02T01:53:00-07:00,2227236
1782982440,2026-07-02T01:54:00-07:00,2227296
1782982500,2026-07-02T01:55:00-07:00,2227356
1782982560,2026-07-02T01:56:00-07:00,2227416
1782982620,2026-07-02T01:57:00-07:00,2227476
1782982680,2026-07-02T01:58:00-07:00,2227536
1782982740,2026-07-02T01:59:00-07:00,2227596
1782982800,2026-07-02T02:00:00-07:00,2227656
1782982860,2026-07-02T02:01:00-07:00,2227716
1782982920,2026-07-02T02:02:00-07:00,2227776
1782982980,2026-07-02T02:03:00-07:00,2227836
1782983040,2026-07-02T02:04:00-07:00,2227896
1782983100,2026-07-02T02:05:00-07:00,2227957
1782983160,2026-07-02T02:06:00-07:00,2228016
1782983220,2026-07-02T02:07:00-07:00,2228076
1782983280,2026-07-02T02:08:00-07:00,2228136
1782983340,2026-07-02T02:09:00-07:00,2228196
1782983400,2026-07-02T02:10:00-07:00,2228256
1782983460,2026-07-02T02:11:00-07:00,2228316
1782983520,2026-07-02T02:12:00-07:00,2228376
1782983580,2026-07-02T02:13:00-07:00,2228436
1782983640,2026-07-02T02:14:00-07:00,2228496
1782983700,2026-07-02T02:15:00-07:00,2228556
1782983760,2026-07-02T02:16:00-07:00,2228616
1782983820,2026-07-02T02:17:00-07:00,2228676
1782983880,2026-07-02T02:18:00-07:00,2228736
1782983940,2026-07-02T02:19:00-07:00,2228796
1782984000,2026-07-02T02:20:00-07:00,2228856
1782984060,2026-07-02T02:21:00-07:00,2228916
1782984120,2026-07-02T02:22:00-07:00,2228976
1782984180,2026-07-02T02:23:00-07:00,2229036
1782984240,2026-07-02T02:24:00-07:00,2229096
1782984300,2026-07-02T02:25:00-07:00,2229156
1782984360,2026-07-02T02:26:00-07:00,2229216
1782984420,2026-07-02T02:27:00-07:00,2229276
1782984480,2026-07-02T02:28:00-07:00,2229336
1782984540,2026-07-02T02:29:00-07:00,2229396
1782984600,2026-07-02T02:30:00-07:00,2229456
1782984660,2026-07-02T02:31:00-07:00,2229516
1782984720,2026-07-02T02:32:00-07:00,2229576
1782984780,2026-07-02T02:33:00-07:00,2229636
1782984840,2026-07-02T02:34:00-07:00,2229696
1782984900,2026-07-02T02:35:00-07:00,2229756
1782984960,2026-07-02T02:36:00-07:00,2229816
1782985020,2026-07-02T02:37:00-07:00,2229876
1782985080,2026-07-02T02:38:00-07:00,2229937
1782985140,2026-07-02T02:39:00-07:00,2229996
1782985200,2026-07-02T02:40:00-07:00,2230056
1782985260,2026-07-02T02:41:00-07:00,2230116
1782985320,2026-07-02T02:42:00-07:00,2230176
1782985380,2026-07-02T02:43:00-07:00,2230236
1782985440,2026-07-02T02:44:00-07:00,2230296
1782985500,2026-07-02T02:45:00-07:00,2230356
1782985560,2026-07-02T02:46:00-07:00,2230416
1782985620,2026-07-02T02:47:00-07:00,2230476
1782985680,2026-07-02T02:48:00-07:00,2230536
1782985740,2026-07-02T02:49:00-07:00,2230596
1782985800,2026-07-02T02:50:00-07:00,2230656
1782985860,2026-07-02T02:51:00-07:00,2230716
1782985920,2026-07-02T02:52:00-07:00,2230776
1782985980,2026-07-02T02:53:00-07:00,2230836
1782986040,2026-07-02T02:54:00-07:00,2230896
1782986100,2026-07-02T02:55:00-07:00,2230956
1782986160,2026-07-02T02:56:00-07:00,2231016
1782986220,2026-07-02T02:57:00-07:00,2231076
1782986280,2026-07-02T02:58:00-07:00,2231136
1782986340,2026-07-02T02:59:00-07:00,2231196
1782986400,2026-07-02T03:00:00-07:00,2231256
1782986460,2026-07-02T03:01:00-07:00,2231316
1782986520,2026-07-02T03:02:00-07:00,2231376
1782986580,2026-07-02T03:03:00-07:00,2231436
1782986640,2026-07-02T03:04:00-07:00,2231496
1782986700,2026-07-02T03:05:00-07:00,2231556
1782986760,2026-07-02T03:06:00-07:00,2231616
1782986820,2026-07-02T03:07:00-07:00,2231676
1782986880,2026-07-02T03:08:00-07:00,2231736
1782986940,2026-07-02T03:09:00-07:00,2231796
1782987000,2026-07-02T03:10:00-07:00,2231856
1782987060,2026-07-02T03:11:00-07:00,2231916
1782987120,2026-07-02T03:12:00-07:00,2231976
1782987180,2026-07-02T03:13:00-07:00,2232036
1782987240,2026-07-02T03:14:00-07:00,2232096
1782987300,2026-07-02T03:15:00-07:00,2232156
1782987360,2026-07-02T03:16:00-07:00,2232216
1782987420,2026-07-02T03:17:00-07:00,2232276
1782987480,2026-07-02T03:18:00-07:00,2232336
1782987540,2026-07-02T03:19:00-07:00,2232396
1782987600,2026-07-02T03:20:00-07:00,2232456
1782987660,2026-07-02T03:21:00-07:00,2232516
1782987720,2026-07-02T03:22:00-07:00,2232576
1782987780,2026-07-02T03:23:00-07:00,2232636
1782987840,2026-07-02T03:24:00-07:00,2232696
1782987900,2026-07-02T03:25:00-07:00,2232756
1782987960,2026-07-02T03:26:00-07:00,2232816
1782988020,2026-07-02T03:27:00-07:00,2232876
1782988080,2026-07-02T03:28:00-07:00,2232936
1782988140,2026-07-02T03:29:00-07:00,2232996
1782988200,2026-07-02T03:30:00-07:00,2233056
1782988260,2026-07-02T03:31:00-07:00,2233116
1782988320,2026-07-02T03:32:00-07:00,2233176
1782988380,2026-07-02T03:33:00-07:00,2233236
1782988440,2026-07-02T03:34:00-07:00,2233296
1782988500,2026-07-02T03:35:00-07:00,2233356
1782988560,2026-07-02T03:36:00-07:00,2233416
1782988620,2026-07-02T03:37:00-07:00,2233476
1782988680,2026-07-02T03:38:00-07:00,2233536
1782988740,2026-07-02T03:39:00-07:00,2233596
1782988800,2026-07-02T03:40:00-07:00,2233656
1782988860,2026-07-02T03:41:00-07:00,2233716
1782988920,2026-07-02T03:42:00-07:00,2233776
1782988980,2026-07-02T03:43:00-07:00,2233836
1782989040,2026-07-02T03:44:00-07:00,2233896
1782989100,2026-07-02T03:45:00-07:00,2233956
1782989160,2026-07-02T03:46:00-07:00,2234016
1782989220,2026-07-02T03:47:00-07:00,2234076
1782989280,2026-07-02T03:48:00-07:00,2234136
1782989340,2026-07-02T03:49:00-07:00,2234196
1782989400,2026-07-02T03:50:00-07:00,2234256
1782989460,2026-07-02T03:51:00-07:00,2234316
1782989520,2026-07-02T03:52:00-07:00,2234376
1782989580,2026-07-02T03:53:00-07:00,2234436
1782989640,2026-07-02T03:54:00-07:00,2234496
1782989700,2026-07-02T03:55:00-07:00,2234556
1782989760,2026-07-02T03:56:00-07:00,2234616
1782989820,2026-07-02T03:57:00-07:00,2234676
1782989880,2026-07-02T03:58:00-07:00,2234736
1782989940,2026-07-02T03:59:00-07:00,2234796
1782990000,2026-07-02T04:00:00-07:00,2234856
1782990060,2026-07-02T04:01:00-07:00,2234916
1782990120,2026-07-02T04:02:00-07:00,2234976
1782990180,2026-07-02T04:03:00-07:00,2235036
1782990240,2026-07-02T04:04:00-07:00,2235096
1782990300,2026-07-02T04:05:00-07:00,2235156
1782990360,2026-07-02T04:06:00-07:00,2235216
1782990420,2026-07-02T04:07:00-07:00,2235276
1782990480,2026-07-02T04:08:00-07:00,2235336
1782990540,2026-07-02T04:09:00-07:00,2235396
1782990600,2026-07-02T04:10:00-07:00,2235456
1782990660,2026-07-02T04:11:00-07:00,2235516
1782990720,2026-07-02T04:12:00-07:00,2235576
1782990780,2026-07-02T04:13:00-07:00,2235636
1782990840,2026-07-02T04:14:00-07:00,2235696
1782990900,2026-07-02T04:15:00-07:00,2235756
1782990960,2026-07-02T04:16:00-07:00,2235816
1782991020,2026-07-02T04:17:00-07:00,2235876
1782991080,2026-07-02T04:18:00-07:00,2235936
1782991140,2026-07-02T04:19:00-07:00,2235996
1782991200,2026-07-02T04:20:00-07:00,2236056
1782991260,2026-07-02T04:21:00-07:00,2236116
1782991320,2026-07-02T04:22:00-07:00,2236176
1782991380,2026-07-02T04:23:00-07:00,2236236
1782991440,2026-07-02T04:24:00-07:00,2236296
1782991500,2026-07-02T04:25:00-07:00,2236356
1782991560,2026-07-02T04:26:00-07:00,2236416
1782991620,2026-07-02T04:27:00-07:00,2236476
1782991680,2026-07-02T04:28:00-07:00,2236536
1782991740,2026-07-02T04:29:00-07:00,2236596
1782991800,2026-07-02T04:30:00-07:00,2236656
1782991860,2026-07-02T04:31:00-07:00,2236716
1782991920,2026-07-02T04:32:00-07:00,2236776
1782991980,2026-07-02T04:33:00-07:00,2236836
1782992040,2026-07-02T04:34:00-07:00,2236896
1782992100,2026-07-02T04:35:00-07:00,2236956
1782992160,2026-07-02T04:36:00-07:00,2237016
1782992220,2026-07-02T04:37:00-07:00,2237076
1782992280,2026-07-02T04:38:00-07:00,2237136
1782992340,2026-07-02T04:39:00-07:00,2237196
1782992400,2026-07-02T04:40:00-07:00,2237256
1782992460,2026-07-02T04:41:00-07:00,2237316
1782992520,2026-07-02T04:42:00-07:00,2237376
1782992580,2026-07-02T04:43:00-07:00,2237436
1782992640,2026-07-02T04:44:00-07:00,2237496
1782992700,2026-07-02T04:45:00-07:00,2237556
1782992760,2026-07-02T04:46:00-07:00,2237616
1782992820,2026-07-02T04:47:00-07:00,2237676
1782992880,2026-07-02T04:48:00-07:00,2237736
1782992940,2026-07-02T04:49:00-07:00,2237796
1782993000,2026-07-02T04:50:00-07:00,2237856
1782993060,2026-07-02T04:51:00-07:00,2237916
1782993120,2026-07-02T04:52:00-07:00,2237976
1782993180,2026-07-02T04:53:00-07:00,2238036
1782993240,2026-07-02T04:54:00-07:00,2238096
1782993300,2026-07-02T04:55:00-07:00,2238156
1782993360,2026-07-02T04:56:00-07:00,2238216
1782993420,2026-07-02T04:57:00-07:00,2238276
1782993480,2026-07-02T04:58:00-07:00,2238336
1782993540,2026-07-02T04:59:00-07:00,2238396
1782993600,2026-07-02T05:00:00-07:00,2238456
1782993660,2026-07-02T05:01:00-07:00,2238516
1782993720,2026-07-02T05:02:00-07:00,2238576
1782993780,2026-07-02T05:03:00-07:00,2238636
1782993840,2026-07-02T05:04:00-07:00,2238696
1782993900,2026-07-02T05:05:00-07:00,2238756
1782993960,2026-07-02T05:06:00-07:00,2238816
1782994020,2026-07-02T05:07:00-07:00,2238876
1782994080,2026-07-02T05:08:00-07:00,2238936
1782994140,2026-07-02T05:09:00-07:00,2238996
1782994200,2026-07-02T05:10:00-07:00,2239056
1782994260,2026-07-02T05:11:00-07:00,2239116
1782994320,2026-07-02T05:12:00-07:00,2239176
1782994380,2026-07-02T05:13:00-07:00,2239236
1782994440,2026-07-02T05:14:00-07:00,2239296
1782994500,2026-07-02T05:15:00-07:00,2239356
1782994560,2026-07-02T05:16:00-07:00,2239416
1782994620,2026-07-02T05:17:00-07:00,2239476
1782994680,2026-07-02T05:18:00-07:00,2239536
1782994740,2026-07-02T05:19:00-07:00,2239596
1782994800,2026-07-02T05:20:00-07:00,2239656
1782994860,2026-07-02T05:21:00-07:00,2239716
1782994920,2026-07-02T05:22:00-07:00,2239776
1782994980,2026-07-02T05:23:00-07:00,2239836
1782995040,2026-07-02T05:24:00-07:00,2239896
1782995100,2026-07-02T05:25:00-07:00,2239956
1782995160,2026-07-02T05:26:00-07:00,2240016
1782995220,2026-07-02T05:27:00-07:00,2240076
1782995280,2026-07-02T05:28:00-07:00,2240136
1782995340,2026-07-02T05:29:00-07:00,2240196
1782995400,2026-07-02T05:30:00-07:00,2240256
1782995460,2026-07-02T05:31:00-07:00,2240316
1782995520,2026-07-02T05:32:00-07:00,2240376
1782995580,2026-07-02T05:33:00-07:00,2240436
1782995640,2026-07-02T05:34:00-07:00,2240496
1782995700,2026-07-02T05:35:00-07:00,2240556
1782995760,2026-07-02T05:36:00-07:00,2240616
1782995820,2026-07-02T05:37:00-07:00,2240676
1782995880,2026-07-02T05:38:00-07:00,2240736
1782995940,2026-07-02T05:39:00-07:00,2240796
1782996000,2026-07-02T05:40:00-07:00,2240856
1782996060,2026-07-02T05:41:00-07:00,2240916
1782996120,2026-07-02T05:42:00-07:00,2240976
1782996180,2026-07-02T05:43:00-07:00,2241036
1782996240,2026-07-02T05:44:00-07:00,2241096
1782996300,2026-07-02T05:45:00-07:00,2241156
1782996360,2026-07-02T05:46:00-07:00,2241216
1782996420,2026-07-02T05:47:00-07:00,2241276
1782996480,2026-07-02T05:48:00-07:00,2241336
1782996540,2026-07-02T05:49:00-07:00,2241396
1782996600,2026-07-02T05:50:00-07:00,2241456
1782996660,2026-07-02T05:51:00-07:00,2241516
1782996720,2026-07-02T05:52:00-07:00,2241576
1782996780,2026-07-02T05:53:00-07:00,2241636
1782996840,2026-07-02T05:54:00-07:00,2241696
1782996900,2026-07-02T05:55:00-07:00,2241756
1782996960,2026-07-02T05:56:00-07:00,2241816
1782997020,2026-07-02T05:57:00-07:00,2241876
1782997080,2026-07-02T05:58:00-07:00,2241936
1782997140,2026-07-02T05:59:00-07:00,2241996
1782997200,2026-07-02T06:00:00-07:00,2242056
1782997260,2026-07-02T06:01:00-07:00,2242116
1782997320,2026-07-02T06:02:00-07:00,2242176
1782997380,2026-07-02T06:03:00-07:00,2242236
1782997440,2026-07-02T06:04:00-07:00,2242297
1782997500,2026-07-02T06:05:00-07:00,2242356
1782997560,2026-07-02T06:06:00-07:00,2242416
1782997620,2026-07-02T06:07:00-07:00,2242476
1782997680,2026-07-02T06:08:00-07:00,2242536
1782997740,2026-07-02T06:09:00-07:00,2242596
1782997800,2026-07-02T06:10:00-07:00,2242656
1782997860,2026-07-02T06:11:00-07:00,2242716
1782997920,2026-07-02T06:12:00-07:00,2242776
1782997980,2026-07-02T06:13:00-07:00,2242836
1782998040,2026-07-02T06:14:00-07:00,2242896
1782998100,2026-07-02T06:15:00-07:00,2242956
1782998160,2026-07-02T06:16:00-07:00,2243016
1782998220,2026-07-02T06:17:00-07:00,2243076
1782998280,2026-07-02T06:18:00-07:00,2243136
1782998340,2026-07-02T06:19:00-07:00,2243196
1782998400,2026-07-02T06:20:00-07:00,2243256
1782998460,2026-07-02T06:21:00-07:00,2243316
1782998520,2026-07-02T06:22:00-07:00,2243376
1782998580,2026-07-02T06:23:00-07:00,2243436
1782998640,2026-07-02T06:24:00-07:00,2243496
1782998700,2026-07-02T06:25:00-07:00,2243556
1782998760,2026-07-02T06:26:00-07:00,2243616
1782998820,2026-07-02T06:27:00-07:00,2243676
1782998880,2026-07-02T06:28:00-07:00,2243736
1782998940,2026-07-02T06:29:00-07:00,2243796
1782999000,2026-07-02T06:30:00-07:00,2243856
1782999060,2026-07-02T06:31:00-07:00,2243916
1782999120,2026-07-02T06:32:00-07:00,2243976
1782999180,2026-07-02T06:33:00-07:00,2244036
1782999240,2026-07-02T06:34:00-07:00,2244096
1782999300,2026-07-02T06:35:00-07:00,2244156
1782999360,2026-07-02T06:36:00-07:00,2244217
1782999420,2026-07-02T06:37:00-07:00,2244277
1782999480,2026-07-02T06:38:00-07:00,2244336
1782999540,2026-07-02T06:39:00-07:00,2244396
1782999600,2026-07-02T06:40:00-07:00,2244456
1782999660,2026-07-02T06:41:00-07:00,2244516
1782999720,2026-07-02T06:42:00-07:00,2244576
1782999780,2026-07-02T06:43:00-07:00,2244636
1782999840,2026-07-02T06:44:00-07:00,2244696
1782999900,2026-07-02T06:45:00-07:00,2244756
1782999960,2026-07-02T06:46:00-07:00,2244816
1783000020,2026-07-02T06:47:00-07:00,2244876
1783000080,2026-07-02T06:48:00-07:00,2244936
1783000140,2026-07-02T06:49:00-07:00,2244996
1783000200,2026-07-02T06:50:00-07:00,2245056
1783000260,2026-07-02T06:51:00-07:00,2245116
1783000320,2026-07-02T06:52:00-07:00,2245176
1783000380,2026-07-02T06:53:00-07:00,2245236
1783000440,2026-07-02T06:54:00-07:00,2245296
1783000500,2026-07-02T06:55:00-07:00,2245357
1783000560,2026-07-02T06:56:00-07:00,2245416
1783000620,2026-07-02T06:57:00-07:00,2245476
1783000680,2026-07-02T06:58:00-07:00,2245537
1783000740,2026-07-02T06:59:00-07:00,2245596
1783000800,2026-07-02T07:00:00-07:00,2245656
1783000860,2026-07-02T07:01:00-07:00,2245716
1783000920,2026-07-02T07:02:00-07:00,2245776
1783000980,2026-07-02T07:03:00-07:00,2245836
1783001040,2026-07-02T07:04:00-07:00,2245896
1783001100,2026-07-02T07:05:00-07:00,2245956
1783001160,2026-07-02T07:06:00-07:00,2246017
1783001220,2026-07-02T07:07:00-07:00,2246077
1783001280,2026-07-02T07:08:00-07:00,2246138
1783001340,2026-07-02T07:09:00-07:00,2246196
1783001400,2026-07-02T07:10:00-07:00,2246257
1783001460,2026-07-02T07:11:00-07:00,2246316
1783001520,2026-07-02T07:12:00-07:00,2246376
1783001580,2026-07-02T07:13:00-07:00,2246436
1783001640,2026-07-02T07:14:00-07:00,2246496
1783001700,2026-07-02T07:15:00-07:00,2246556
1783001760,2026-07-02T07:16:00-07:00,2246616
1783001820,2026-07-02T07:17:00-07:00,2246676
1783001880,2026-07-02T07:18:00-07:00,2246736
1783001940,2026-07-02T07:19:00-07:00,2246796
1783002000,2026-07-02T07:20:00-07:00,2246856
1783002060,2026-07-02T07:21:00-07:00,2246916
1783002120,2026-07-02T07:22:00-07:00,2246976
1783002180,2026-07-02T07:23:00-07:00,2247036
1783002240,2026-07-02T07:24:00-07:00,2247096
1783002300,2026-07-02T07:25:00-07:00,2247156
1783002360,2026-07-02T07:26:00-07:00,2247218
1783002420,2026-07-02T07:27:00-07:00,2247276
1783002480,2026-07-02T07:28:00-07:00,2247336
1783002540,2026-07-02T07:29:00-07:00,2247397
1783002600,2026-07-02T07:30:00-07:00,2247456
1783002660,2026-07-02T07:31:00-07:00,2247517
1783002720,2026-07-02T07:32:00-07:00,2247576
1783002780,2026-07-02T07:33:00-07:00,2247636
1783002840,2026-07-02T07:34:00-07:00,2247696
1783002900,2026-07-02T07:35:00-07:00,2247756
1783002960,2026-07-02T07:36:00-07:00,2247816
1783003020,2026-07-02T07:37:00-07:00,2247876
1783003080,2026-07-02T07:38:00-07:00,2247936
1783003140,2026-07-02T07:39:00-07:00,2247996
1783003200,2026-07-02T07:40:00-07:00,2248056
1783003260,2026-07-02T07:41:00-07:00,2248117
1783003320,2026-07-02T07:42:00-07:00,2248177
1783003380,2026-07-02T07:43:00-07:00,2248237
1783003440,2026-07-02T07:44:00-07:00,2248297
1783003500,2026-07-02T07:45:00-07:00,2248358
1783003560,2026-07-02T07:46:00-07:00,2248416
1783003620,2026-07-02T07:47:00-07:00,2248476
1783003680,2026-07-02T07:48:00-07:00,2248537
1783003740,2026-07-02T07:49:00-07:00,2248596
1783003800,2026-07-02T07:50:00-07:00,2248656
1783003860,2026-07-02T07:51:00-07:00,2248716
1783003920,2026-07-02T07:52:00-07:00,2248778
1783003980,2026-07-02T07:53:00-07:00,2248838
1783004040,2026-07-02T07:54:00-07:00,2248898
1783004100,2026-07-02T07:55:00-07:00,2248956
1783004160,2026-07-02T07:56:00-07:00,2249016
1783004220,2026-07-02T07:57:00-07:00,2249076
1783004280,2026-07-02T07:58:00-07:00,2249137
1783004340,2026-07-02T07:59:00-07:00,2249198
1783004400,2026-07-02T08:00:00-07:00,2249258
1783004460,2026-07-02T08:01:00-07:00,2249321
1783004520,2026-07-02T08:02:00-07:00,2249377
1783004580,2026-07-02T08:03:00-07:00,2249439
1783004640,2026-07-02T08:04:00-07:00,2249497
1783004700,2026-07-02T08:05:00-07:00,2249556
1783004760,2026-07-02T08:06:00-07:00,2249616
1783004820,2026-07-02T08:07:00-07:00,2249677
1783004880,2026-07-02T08:08:00-07:00,2249736
1783004940,2026-07-02T08:09:00-07:00,2249797
1783005000,2026-07-02T08:10:00-07:00,2249858
1783005060,2026-07-02T08:11:00-07:00,2249919
1783005120,2026-07-02T08:12:00-07:00,2249978
1783005180,2026-07-02T08:13:00-07:00,2250038
1783005240,2026-07-02T08:14:00-07:00,2250098
1783005300,2026-07-02T08:15:00-07:00,2250160
1783005360,2026-07-02T08:16:00-07:00,2250218
1783005420,2026-07-02T08:17:00-07:00,2250277
1783005480,2026-07-02T08:18:00-07:00,2250338
1783005540,2026-07-02T08:19:00-07:00,2250398
1783005600,2026-07-02T08:20:00-07:00,2250457
1783005660,2026-07-02T08:21:00-07:00,2250517
1783005720,2026-07-02T08:22:00-07:00,2250577
1783005780,2026-07-02T08:23:00-07:00,2250638
1783005840,2026-07-02T08:24:00-07:00,2250698
1783005900,2026-07-02T08:25:00-07:00,2250758
1783005960,2026-07-02T08:26:00-07:00,2250816
1783006020,2026-07-02T08:27:00-07:00,2250877
1783006080,2026-07-02T08:28:00-07:00,2250937
1783006140,2026-07-02T08:29:00-07:00,2250996
1783006200,2026-07-02T08:30:00-07:00,2251057
1783006260,2026-07-02T08:31:00-07:00,2251117
1783006320,2026-07-02T08:32:00-07:00,2251177
1783006380,2026-07-02T08:33:00-07:00,2251240
1783006440,2026-07-02T08:34:00-07:00,2251296
1783006500,2026-07-02T08:35:00-07:00,2251357
1783006560,2026-07-02T08:36:00-07:00,2251418
1783006620,2026-07-02T08:37:00-07:00,2251477
1783006680,2026-07-02T08:38:00-07:00,2251540
1783006740,2026-07-02T08:39:00-07:00,2251599
1783006800,2026-07-02T08:40:00-07:00,2251659
1783006860,2026-07-02T08:41:00-07:00,2251716
1783006920,2026-07-02T08:42:00-07:00,2251778
1783006980,2026-07-02T08:43:00-07:00,2251838
1783007040,2026-07-02T08:44:00-07:00,2251897
1783007100,2026-07-02T08:45:00-07:00,2251956
1783007160,2026-07-02T08:46:00-07:00,2252017
1783007220,2026-07-02T08:47:00-07:00,2252078
1783007280,2026-07-02T08:48:00-07:00,2252138
1783007340,2026-07-02T08:49:00-07:00,2252198
1783007400,2026-07-02T08:50:00-07:00,2252260
1783007460,2026-07-02T08:51:00-07:00,2252319
1783007520,2026-07-02T08:52:00-07:00,2252379
1783007580,2026-07-02T08:53:00-07:00,2252440
1783007640,2026-07-02T08:54:00-07:00,2252500
1783007700,2026-07-02T08:55:00-07:00,2252558
1783007760,2026-07-02T08:56:00-07:00,2252620
1783007820,2026-07-02T08:57:00-07:00,2252678
1783007880,2026-07-02T08:58:00-07:00,2252740
1783007940,2026-07-02T08:59:00-07:00,2252802
1783008000,2026-07-02T09:00:00-07:00,2252856
1783008060,2026-07-02T09:01:00-07:00,2252917
1783008120,2026-07-02T09:02:00-07:00,2252978
1783008180,2026-07-02T09:03:00-07:00,2253039
1783008240,2026-07-02T09:04:00-07:00,2253103
1783008300,2026-07-02T09:05:00-07:00,2253159
1783008360,2026-07-02T09:06:00-07:00,2253219
1783008420,2026-07-02T09:07:00-07:00,2253281
1783008480,2026-07-02T09:08:00-07:00,2253338
1783008540,2026-07-02T09:09:00-07:00,2253400
1783008600,2026-07-02T09:10:00-07:00,2253459
1783008660,2026-07-02T09:11:00-07:00,2253521
1783008720,2026-07-02T09:12:00-07:00,2253578
1783008780,2026-07-02T09:13:00-07:00,2253638
1783008840,2026-07-02T09:14:00-07:00,2253700
1783008900,2026-07-02T09:15:00-07:00,2253760
1783008960,2026-07-02T09:16:00-07:00,2253818
1783009020,2026-07-02T09:17:00-07:00,2253879
1783009080,2026-07-02T09:18:00-07:00,2253938
1783009140,2026-07-02T09:19:00-07:00,2254000
1783009200,2026-07-02T09:20:00-07:00,2254058
1783009260,2026-07-02T09:21:00-07:00,2254120
1783009320,2026-07-02T09:22:00-07:00,2254179
1783009380,2026-07-02T09:23:00-07:00,2254240
1783009440,2026-07-02T09:24:00-07:00,2254299
1783009500,2026-07-02T09:25:00-07:00,2254359
1783009560,2026-07-02T09:26:00-07:00,2254419
1783009620,2026-07-02T09:27:00-07:00,2254481
1783009680,2026-07-02T09:28:00-07:00,2254539
1783009740,2026-07-02T09:29:00-07:00,2254601
1783009800,2026-07-02T09:30:00-07:00,2254658
1783009860,2026-07-02T09:31:00-07:00,2254719
1783009920,2026-07-02T09:32:00-07:00,2254779
1783009980,2026-07-02T09:33:00-07:00,2254839
1783010040,2026-07-02T09:34:00-07:00,2254899
1783010100,2026-07-02T09:35:00-07:00,2254959
1783010160,2026-07-02T09:36:00-07:00,2255021
1783010220,2026-07-02T09:37:00-07:00,2255078
1783010280,2026-07-02T09:38:00-07:00,2255140
1783010340,2026-07-02T09:39:00-07:00,2255199
1783010400,2026-07-02T09:40:00-07:00,2255260
1783010460,2026-07-02T09:41:00-07:00,2255319
1783010520,2026-07-02T09:42:00-07:00,2255380
1783010580,2026-07-02T09:43:00-07:00,2255442
1783010640,2026-07-02T09:44:00-07:00,2255501
1783010700,2026-07-02T09:45:00-07:00,2255560
1783010760,2026-07-02T09:46:00-07:00,2255620
1783010820,2026-07-02T09:47:00-07:00,2255680
1783010880,2026-07-02T09:48:00-07:00,2255740
1783010940,2026-07-02T09:49:00-07:00,2255801
1783011000,2026-07-02T09:50:00-07:00,2255859
1783011060,2026-07-02T09:51:00-07:00,2255920
1783011120,2026-07-02T09:52:00-07:00,2255979
1783011180,2026-07-02T09:53:00-07:00,2256039
1783011240,2026-07-02T09:54:00-07:00,2256100
1783011300,2026-07-02T09:55:00-07:00,2256159
1783011360,2026-07-02T09:56:00-07:00,2256219
1783011420,2026-07-02T09:57:00-07:00,2256278
1783011480,2026-07-02T09:58:00-07:00,2256338
1783011540,2026-07-02T09:59:00-07:00,2256404
1783011600,2026-07-02T10:00:00-07:00,2256458
1783011660,2026-07-02T10:01:00-07:00,2256521
1783011720,2026-07-02T10:02:00-07:00,2256583
1783011780,2026-07-02T10:03:00-07:00,2256644
1783011840,2026-07-02T10:04:00-07:00,2256700
1783011900,2026-07-02T10:05:00-07:00,2256762
1783011960,2026-07-02T10:06:00-07:00,2256821
1783012020,2026-07-02T10:07:00-07:00,2256881
1783012080,2026-07-02T10:08:00-07:00,2256940
1783012140,2026-07-02T10:09:00-07:00,2257000
1783012200,2026-07-02T10:10:00-07:00,2257062
1783012260,2026-07-02T10:11:00-07:00,2257119
1783012320,2026-07-02T10:12:00-07:00,2257181
1783012380,2026-07-02T10:13:00-07:00,2257240
1783012440,2026-07-02T10:14:00-07:00,2257301
1783012500,2026-07-02T10:15:00-07:00,2257364
1783012560,2026-07-02T10:16:00-07:00,2257420
1783012620,2026-07-02T10:17:00-07:00,2257480
1783012680,2026-07-02T10:18:00-07:00,2257539
1783012740,2026-07-02T10:19:00-07:00,2257600
1783012800,2026-07-02T10:20:00-07:00,2257660
1783012860,2026-07-02T10:21:00-07:00,2257719
1783012920,2026-07-02T10:22:00-07:00,2257779
1783012980,2026-07-02T10:23:00-07:00,2257840
1783013040,2026-07-02T10:24:00-07:00,2257902
1783013100,2026-07-02T10:25:00-07:00,2257958
1783013160,2026-07-02T10:26:00-07:00,2258024
1783013220,2026-07-02T10:27:00-07:00,2258080
1783013280,2026-07-02T10:28:00-07:00,2258139
1783013340,2026-07-02T10:29:00-07:00,2258199
1783013400,2026-07-02T10:30:00-07:00,2258259
1783013460,2026-07-02T10:31:00-07:00,2258320
1783013520,2026-07-02T10:32:00-07:00,2258381
1783013580,2026-07-02T10:33:00-07:00,2258439
1783013640,2026-07-02T10:34:00-07:00,2258498
1783013700,2026-07-02T10:35:00-07:00,2258560
1783013760,2026-07-02T10:36:00-07:00,2258621
1783013820,2026-07-02T10:37:00-07:00,2258680
1783013880,2026-07-02T10:38:00-07:00,2258742
1783013940,2026-07-02T10:39:00-07:00,2258801
1783014000,2026-07-02T10:40:00-07:00,2258860
1783014060,2026-07-02T10:41:00-07:00,2258921
1783014120,2026-07-02T10:42:00-07:00,2258980
1783014180,2026-07-02T10:43:00-07:00,2259039
1783014240,2026-07-02T10:44:00-07:00,2259100
1783014300,2026-07-02T10:45:00-07:00,2259163
1783014360,2026-07-02T10:46:00-07:00,2259222
1783014420,2026-07-02T10:47:00-07:00,2259281
1783014480,2026-07-02T10:48:00-07:00,2259340
1783014540,2026-07-02T10:49:00-07:00,2259400
1783014600,2026-07-02T10:50:00-07:00,2259460
1783014660,2026-07-02T10:51:00-07:00,2259518
1783014720,2026-07-02T10:52:00-07:00,2259579
1783014780,2026-07-02T10:53:00-07:00,2259640
1783014840,2026-07-02T10:54:00-07:00,2259698
1783014900,2026-07-02T10:55:00-07:00,2259760
1783014960,2026-07-02T10:56:00-07:00,2259820
1783015020,2026-07-02T10:57:00-07:00,2259878
1783015080,2026-07-02T10:58:00-07:00,2259939
1783015140,2026-07-02T10:59:00-07:00,2259999
1783015200,2026-07-02T11:00:00-07:00,2260059
1783015260,2026-07-02T11:01:00-07:00,2260119
1783015320,2026-07-02T11:02:00-07:00,2260179
1783015380,2026-07-02T11:03:00-07:00,2260241
1783015440,2026-07-02T11:04:00-07:00,2260299
1783015500,2026-07-02T11:05:00-07:00,2260359
1783015560,2026-07-02T11:06:00-07:00,2260418
1783015620,2026-07-02T11:07:00-07:00,2260481
1783015680,2026-07-02T11:08:00-07:00,2260538
1783015740,2026-07-02T11:09:00-07:00,2260600
1783015800,2026-07-02T11:10:00-07:00,2260659
1783015860,2026-07-02T11:11:00-07:00,2260719
1783015920,2026-07-02T11:12:00-07:00,2260777
1783015980,2026-07-02T11:13:00-07:00,2260840
1783016040,2026-07-02T11:14:00-07:00,2260899
1783016100,2026-07-02T11:15:00-07:00,2260958
1783016160,2026-07-02T11:16:00-07:00,2261018
1783016220,2026-07-02T11:17:00-07:00,2261079
1783016280,2026-07-02T11:18:00-07:00,2261138
1783016340,2026-07-02T11:19:00-07:00,2261199
1783016400,2026-07-02T11:20:00-07:00,2261259
1783016460,2026-07-02T11:21:00-07:00,2261319
1783016520,2026-07-02T11:22:00-07:00,2261379
1783016580,2026-07-02T11:23:00-07:00,2261440
1783016640,2026-07-02T11:24:00-07:00,2261499
1783016700,2026-07-02T11:25:00-07:00,2261558
1783016760,2026-07-02T11:26:00-07:00,2261619
1783016820,2026-07-02T11:27:00-07:00,2261681
1783016880,2026-07-02T11:28:00-07:00,2261741
1783016940,2026-07-02T11:29:00-07:00,2261801
1783017000,2026-07-02T11:30:00-07:00,2261859
1783017060,2026-07-02T11:31:00-07:00,2261919
1783017120,2026-07-02T11:32:00-07:00,2261980
1783017180,2026-07-02T11:33:00-07:00,2262043
1783017240,2026-07-02T11:34:00-07:00,2262098
1783017300,2026-07-02T11:35:00-07:00,2262158
1783017360,2026-07-02T11:36:00-07:00,2262220
1783017420,2026-07-02T11:37:00-07:00,2262281
1783017480,2026-07-02T11:38:00-07:00,2262339
1783017540,2026-07-02T11:39:00-07:00,2262399
1783017600,2026-07-02T11:40:00-07:00,2262460
1783017660,2026-07-02T11:41:00-07:00,2262520
1783017720,2026-07-02T11:42:00-07:00,2262579
1783017780,2026-07-02T11:43:00-07:00,2262643
1783017840,2026-07-02T11:44:00-07:00,2262699
1783017900,2026-07-02T11:45:00-07:00,2262760
1783017960,2026-07-02T11:46:00-07:00,2262820
1783018020,2026-07-02T11:47:00-07:00,2262881
1783018080,2026-07-02T11:48:00-07:00,2262940
1783018140,2026-07-02T11:49:00-07:00,2262999
1783018200,2026-07-02T11:50:00-07:00,2263059
1783018260,2026-07-02T11:51:00-07:00,2263123
1783018320,2026-07-02T11:52:00-07:00,2263180
1783018380,2026-07-02T11:53:00-07:00,2263240
1783018440,2026-07-02T11:54:00-07:00,2263299
1783018500,2026-07-02T11:55:00-07:00,2263359
1783018560,2026-07-02T11:56:00-07:00,2263419
1783018620,2026-07-02T11:57:00-07:00,2263481
1783018680,2026-07-02T11:58:00-07:00,2263539
1783018740,2026-07-02T11:59:00-07:00,2263599
1783018800,2026-07-02T12:00:00-07:00,2263661
1783018860,2026-07-02T12:01:00-07:00,2263719
1783018920,2026-07-02T12:02:00-07:00,2263784
1783018980,2026-07-02T12:03:00-07:00,2263839
1783019040,2026-07-02T12:04:00-07:00,2263899
1783019100,2026-07-02T12:05:00-07:00,2263959
1783019160,2026-07-02T12:06:00-07:00,2264020
1783019220,2026-07-02T12:07:00-07:00,2264079
1783019280,2026-07-02T12:08:00-07:00,2264142
1783019340,2026-07-02T12:09:00-07:00,2264200
1783019400,2026-07-02T12:10:00-07:00,2264259
1783019460,2026-07-02T12:11:00-07:00,2264318
1783019520,2026-07-02T12:12:00-07:00,2264381
1783019580,2026-07-02T12:13:00-07:00,2264438
1783019640,2026-07-02T12:14:00-07:00,2264501
1783019700,2026-07-02T12:15:00-07:00,2264560
1783019760,2026-07-02T12:16:00-07:00,2264621
1783019820,2026-07-02T12:17:00-07:00,2264679
1783019880,2026-07-02T12:18:00-07:00,2264740
1783019940,2026-07-02T12:19:00-07:00,2264799
1783020000,2026-07-02T12:20:00-07:00,2264859
1783020060,2026-07-02T12:21:00-07:00,2264921
1783020120,2026-07-02T12:22:00-07:00,2264980
1783020180,2026-07-02T12:23:00-07:00,2265039
1783020240,2026-07-02T12:24:00-07:00,2265100
1783020300,2026-07-02T12:25:00-07:00,2265160
1783020360,2026-07-02T12:26:00-07:00,2265222
1783020420,2026-07-02T12:27:00-07:00,2265282
1783020480,2026-07-02T12:28:00-07:00,2265341
1783020540,2026-07-02T12:29:00-07:00,2265400
1783020600,2026-07-02T12:30:00-07:00,2265459
1783020660,2026-07-02T12:31:00-07:00,2265520
1783020720,2026-07-02T12:32:00-07:00,2265606
1783020780,2026-07-02T12:33:00-07:00,2265667
1783020840,2026-07-02T12:34:00-07:00,2265727
1783020900,2026-07-02T12:35:00-07:00,2265788
1783020960,2026-07-02T12:36:00-07:00,2265847
1783021020,2026-07-02T12:37:00-07:00,2265908
1783021080,2026-07-02T12:38:00-07:00,2265965
1783021140,2026-07-02T12:39:00-07:00,2266026
1783021200,2026-07-02T12:40:00-07:00,2266091
1783021260,2026-07-02T12:41:00-07:00,2266147
1783021320,2026-07-02T12:42:00-07:00,2266208
1783021380,2026-07-02T12:43:00-07:00,2266267
1783021440,2026-07-02T12:44:00-07:00,2266328
1783021500,2026-07-02T12:45:00-07:00,2266386
1783021560,2026-07-02T12:46:00-07:00,2266449
1783021620,2026-07-02T12:47:00-07:00,2266507
1783021680,2026-07-02T12:48:00-07:00,2266566
1783021740,2026-07-02T12:49:00-07:00,2266626
1783021800,2026-07-02T12:50:00-07:00,2266687
1783021860,2026-07-02T12:51:00-07:00,2266745
1783021920,2026-07-02T12:52:00-07:00,2266809
1783021980,2026-07-02T12:53:00-07:00,2266867
1783022040,2026-07-02T12:54:00-07:00,2266928
1783022100,2026-07-02T12:55:00-07:00,2266988
1783022160,2026-07-02T12:56:00-07:00,2267048
1783022220,2026-07-02T12:57:00-07:00,2267106
1783022280,2026-07-02T12:58:00-07:00,2267166
1783022340,2026-07-02T12:59:00-07:00,2267226
1783022400,2026-07-02T13:00:00-07:00,2267286
1783022460,2026-07-02T13:01:00-07:00,2267346
1783022520,2026-07-02T13:02:00-07:00,2267406
1783022580,2026-07-02T13:03:00-07:00,2267467
1783022640,2026-07-02T13:04:00-07:00,2267526
1783022700,2026-07-02T13:05:00-07:00,2267585
1783022760,2026-07-02T13:06:00-07:00,2267646
1783022820,2026-07-02T13:07:00-07:00,2267708
1783022880,2026-07-02T13:08:00-07:00,2267767
1783022940,2026-07-02T13:09:00-07:00,2267826
1783023000,2026-07-02T13:10:00-07:00,2267887
1783023060,2026-07-02T13:11:00-07:00,2267945
1783023120,2026-07-02T13:12:00-07:00,2268007
1783023180,2026-07-02T13:13:00-07:00,2268067
1783023240,2026-07-02T13:14:00-07:00,2268127
1783023300,2026-07-02T13:15:00-07:00,2268187
1783023360,2026-07-02T13:16:00-07:00,2268247
1783023420,2026-07-02T13:17:00-07:00,2268307
1783023480,2026-07-02T13:18:00-07:00,2268369
1783023540,2026-07-02T13:19:00-07:00,2268428
1783023600,2026-07-02T13:20:00-07:00,2268490
1783023660,2026-07-02T13:21:00-07:00,2268546
1783023720,2026-07-02T13:22:00-07:00,2268608
1783023780,2026-07-02T13:23:00-07:00,2268665
1783023840,2026-07-02T13:24:00-07:00,2268727
1783023900,2026-07-02T13:25:00-07:00,2268786
1783023960,2026-07-02T13:26:00-07:00,2268847
1783024020,2026-07-02T13:27:00-07:00,2268911
1783024080,2026-07-02T13:28:00-07:00,2268966
1783024140,2026-07-02T13:29:00-07:00,2269025
1783024200,2026-07-02T13:30:00-07:00,2269085
1783024260,2026-07-02T13:31:00-07:00,2269146
1783024320,2026-07-02T13:32:00-07:00,2269207
1783024380,2026-07-02T13:33:00-07:00,2269265
1783024440,2026-07-02T13:34:00-07:00,2269327
1783024500,2026-07-02T13:35:00-07:00,2269387
1783024560,2026-07-02T13:36:00-07:00,2269448
1783024620,2026-07-02T13:37:00-07:00,2269508
1783024680,2026-07-02T13:38:00-07:00,2269570
1783024740,2026-07-02T13:39:00-07:00,2269628
1783024800,2026-07-02T13:40:00-07:00,2269690
1783024860,2026-07-02T13:41:00-07:00,2269746
1783024920,2026-07-02T13:42:00-07:00,2269806
1783024980,2026-07-02T13:43:00-07:00,2269866
1783025040,2026-07-02T13:44:00-07:00,2269927
1783025100,2026-07-02T13:45:00-07:00,2269988
1783025160,2026-07-02T13:46:00-07:00,2270047
1783025220,2026-07-02T13:47:00-07:00,2270107
1783025280,2026-07-02T13:48:00-07:00,2270167
1783025340,2026-07-02T13:49:00-07:00,2270227
1783025400,2026-07-02T13:50:00-07:00,2270287
1783025460,2026-07-02T13:51:00-07:00,2270348
1783025520,2026-07-02T13:52:00-07:00,2270406
1783025580,2026-07-02T13:53:00-07:00,2270466
1783025640,2026-07-02T13:54:00-07:00,2270525
1783025700,2026-07-02T13:55:00-07:00,2270585
1783025760,2026-07-02T13:56:00-07:00,2270646
1783025820,2026-07-02T13:57:00-07:00,2270706
1783025880,2026-07-02T13:58:00-07:00,2270765
1783025940,2026-07-02T13:59:00-07:00,2270826
1783026000,2026-07-02T14:00:00-07:00,2270885
1783026060,2026-07-02T14:01:00-07:00,2270947
1783026120,2026-07-02T14:02:00-07:00,2271007
1783026180,2026-07-02T14:03:00-07:00,2271067
1783026240,2026-07-02T14:04:00-07:00,2271126
1783026300,2026-07-02T14:05:00-07:00,2271186
1783026360,2026-07-02T14:06:00-07:00,2271245
1783026420,2026-07-02T14:07:00-07:00,2271306
1783026480,2026-07-02T14:08:00-07:00,2271367
1783026540,2026-07-02T14:09:00-07:00,2271426
1783026600,2026-07-02T14:10:00-07:00,2271487
1783026660,2026-07-02T14:11:00-07:00,2271548
1783026720,2026-07-02T14:12:00-07:00,2271607
1783026780,2026-07-02T14:13:00-07:00,2271667
1783026840,2026-07-02T14:14:00-07:00,2271727
1783026900,2026-07-02T14:15:00-07:00,2271786
1783026960,2026-07-02T14:16:00-07:00,2271846
1783027020,2026-07-02T14:17:00-07:00,2271907
1783027080,2026-07-02T14:18:00-07:00,2271967
1783027140,2026-07-02T14:19:00-07:00,2272035
1783027200,2026-07-02T14:20:00-07:00,2272088
1783027260,2026-07-02T14:21:00-07:00,2272152
1783027320,2026-07-02T14:22:00-07:00,2272208
1783027380,2026-07-02T14:23:00-07:00,2272266
1783027440,2026-07-02T14:24:00-07:00,2272328
1783027500,2026-07-02T14:25:00-07:00,2272387
1783027560,2026-07-02T14:26:00-07:00,2272447
1783027620,2026-07-02T14:27:00-07:00,2272507
1783027680,2026-07-02T14:28:00-07:00,2272567
1783027740,2026-07-02T14:29:00-07:00,2272630
1783027800,2026-07-02T14:30:00-07:00,2272688
1783027860,2026-07-02T14:31:00-07:00,2272747
1783027920,2026-07-02T14:32:00-07:00,2272808
1783027980,2026-07-02T14:33:00-07:00,2272875
1783028040,2026-07-02T14:34:00-07:00,2272926
1783028100,2026-07-02T14:35:00-07:00,2272987
1783028160,2026-07-02T14:36:00-07:00,2273047
1783028220,2026-07-02T14:37:00-07:00,2273109
1783028280,2026-07-02T14:38:00-07:00,2273167
1783028340,2026-07-02T14:39:00-07:00,2273230
1783028400,2026-07-02T14:40:00-07:00,2273287
1783028460,2026-07-02T14:41:00-07:00,2273347
1783028520,2026-07-02T14:42:00-07:00,2273406
1783028580,2026-07-02T14:43:00-07:00,2273467
1783028640,2026-07-02T14:44:00-07:00,2273526
1783028700,2026-07-02T14:45:00-07:00,2273586
1783028760,2026-07-02T14:46:00-07:00,2273647
1783028820,2026-07-02T14:47:00-07:00,2273707
1783028880,2026-07-02T14:48:00-07:00,2273768
1783028940,2026-07-02T14:49:00-07:00,2273826
1783029000,2026-07-02T14:50:00-07:00,2273887
1783029060,2026-07-02T14:51:00-07:00,2273949
1783029120,2026-07-02T14:52:00-07:00,2274008
1783029180,2026-07-02T14:53:00-07:00,2274066
1783029240,2026-07-02T14:54:00-07:00,2274127
1783029300,2026-07-02T14:55:00-07:00,2274187
1783029360,2026-07-02T14:56:00-07:00,2274247
1783029420,2026-07-02T14:57:00-07:00,2274307
1783029480,2026-07-02T14:58:00-07:00,2274366
1783029540,2026-07-02T14:59:00-07:00,2274427
1783029600,2026-07-02T15:00:00-07:00,2274487
1783029660,2026-07-02T15:01:00-07:00,2274547
1783029720,2026-07-02T15:02:00-07:00,2274608
1783029780,2026-07-02T15:03:00-07:00,2274666
1783029840,2026-07-02T15:04:00-07:00,2274729
1783029900,2026-07-02T15:05:00-07:00,2274789
1783029960,2026-07-02T15:06:00-07:00,2274847
1783030020,2026-07-02T15:07:00-07:00,2274908
1783030080,2026-07-02T15:08:00-07:00,2274969
1783030140,2026-07-02T15:09:00-07:00,2275027
1783030200,2026-07-02T15:10:00-07:00,2275089
1783030260,2026-07-02T15:11:00-07:00,2275148
1783030320,2026-07-02T15:12:00-07:00,2275208
1783030380,2026-07-02T15:13:00-07:00,2275267
1783030440,2026-07-02T15:14:00-07:00,2275328
1783030500,2026-07-02T15:15:00-07:00,2275389
1783030560,2026-07-02T15:16:00-07:00,2275446
1783030620,2026-07-02T15:17:00-07:00,2275507
1783030680,2026-07-02T15:18:00-07:00,2275565
1783030740,2026-07-02T15:19:00-07:00,2275626
1783030800,2026-07-02T15:20:00-07:00,2275689
1783030860,2026-07-02T15:21:00-07:00,2275748
1783030920,2026-07-02T15:22:00-07:00,2275806
1783030980,2026-07-02T15:23:00-07:00,2275869
1783031040,2026-07-02T15:24:00-07:00,2275929
1783031100,2026-07-02T15:25:00-07:00,2275987
1783031160,2026-07-02T15:26:00-07:00,2276047
1783031220,2026-07-02T15:27:00-07:00,2276110
1783031280,2026-07-02T15:28:00-07:00,2276167
1783031340,2026-07-02T15:29:00-07:00,2276229
1783031400,2026-07-02T15:30:00-07:00,2276288
1783031460,2026-07-02T15:31:00-07:00,2276346
1783031520,2026-07-02T15:32:00-07:00,2276407
1783031580,2026-07-02T15:33:00-07:00,2276467
1783031640,2026-07-02T15:34:00-07:00,2276528
1783031700,2026-07-02T15:35:00-07:00,2276587
1783031760,2026-07-02T15:36:00-07:00,2276646
1783031820,2026-07-02T15:37:00-07:00,2276706
1783031880,2026-07-02T15:38:00-07:00,2276767
1783031940,2026-07-02T15:39:00-07:00,2276826
1783032000,2026-07-02T15:40:00-07:00,2276886
1783032060,2026-07-02T15:41:00-07:00,2276946
1783032120,2026-07-02T15:42:00-07:00,2277007
1783032180,2026-07-02T15:43:00-07:00,2277066
1783032240,2026-07-02T15:44:00-07:00,2277127
1783032300,2026-07-02T15:45:00-07:00,2277186
1783032360,2026-07-02T15:46:00-07:00,2277246
1783032420,2026-07-02T15:47:00-07:00,2277307
1783032480,2026-07-02T15:48:00-07:00,2277368
1783032540,2026-07-02T15:49:00-07:00,2277427
1783032600,2026-07-02T15:50:00-07:00,2277488
1783032660,2026-07-02T15:51:00-07:00,2277546
1783032720,2026-07-02T15:52:00-07:00,2277607
1783032780,2026-07-02T15:53:00-07:00,2277666
1783032840,2026-07-02T15:54:00-07:00,2277732
1783032900,2026-07-02T15:55:00-07:00,2277785
1783032960,2026-07-02T15:56:00-07:00,2277846
1783033020,2026-07-02T15:57:00-07:00,2277907
1783033080,2026-07-02T15:58:00-07:00,2277965
1783033140,2026-07-02T15:59:00-07:00,2278027
1783033200,2026-07-02T16:00:00-07:00,2278086
1783033260,2026-07-02T16:01:00-07:00,2278146
1783033320,2026-07-02T16:02:00-07:00,2278206
1783033380,2026-07-02T16:03:00-07:00,2278266
1783033440,2026-07-02T16:04:00-07:00,2278328
1783033500,2026-07-02T16:05:00-07:00,2278390
1783033560,2026-07-02T16:06:00-07:00,2278448
1783033620,2026-07-02T16:07:00-07:00,2278508
1783033680,2026-07-02T16:08:00-07:00,2278570
1783033740,2026-07-02T16:09:00-07:00,2278627
1783033800,2026-07-02T16:10:00-07:00,2278687
1783033860,2026-07-02T16:11:00-07:00,2278746
1783033920,2026-07-02T16:12:00-07:00,2278807
1783033980,2026-07-02T16:13:00-07:00,2278866
1783034040,2026-07-02T16:14:00-07:00,2278930
1783034100,2026-07-02T16:15:00-07:00,2278987
1783034160,2026-07-02T16:16:00-07:00,2279047
1783034220,2026-07-02T16:17:00-07:00,2279106
1783034280,2026-07-02T16:18:00-07:00,2279167
1783034340,2026-07-02T16:19:00-07:00,2279227
1783034400,2026-07-02T16:20:00-07:00,2279286
1783034460,2026-07-02T16:21:00-07:00,2279346
1783034520,2026-07-02T16:22:00-07:00,2279409
1783034580,2026-07-02T16:23:00-07:00,2279468
1783034640,2026-07-02T16:24:00-07:00,2279526
1783034700,2026-07-02T16:25:00-07:00,2279586
1783034760,2026-07-02T16:26:00-07:00,2279650
1783034820,2026-07-02T16:27:00-07:00,2279705
1783034880,2026-07-02T16:28:00-07:00,2279771
1783034940,2026-07-02T16:29:00-07:00,2279827
1783035000,2026-07-02T16:30:00-07:00,2279885
1783035060,2026-07-02T16:31:00-07:00,2279946
1783035120,2026-07-02T16:32:00-07:00,2280007
1783035180,2026-07-02T16:33:00-07:00,2280068
1783035240,2026-07-02T16:34:00-07:00,2280127
1783035300,2026-07-02T16:35:00-07:00,2280186
1783035360,2026-07-02T16:36:00-07:00,2280248
1783035420,2026-07-02T16:37:00-07:00,2280308
1783035480,2026-07-02T16:38:00-07:00,2280371
1783035540,2026-07-02T16:39:00-07:00,2280426
1783035600,2026-07-02T16:40:00-07:00,2280487
1783035660,2026-07-02T16:41:00-07:00,2280550
1783035720,2026-07-02T16:42:00-07:00,2280609
1783035780,2026-07-02T16:43:00-07:00,2280667
1783035840,2026-07-02T16:44:00-07:00,2280727
1783035900,2026-07-02T16:45:00-07:00,2280786
1783035960,2026-07-02T16:46:00-07:00,2280849
1783036020,2026-07-02T16:47:00-07:00,2280912
1783036080,2026-07-02T16:48:00-07:00,2280966
1783036140,2026-07-02T16:49:00-07:00,2281028
1783036200,2026-07-02T16:50:00-07:00,2281087
1783036260,2026-07-02T16:51:00-07:00,2281147
1783036320,2026-07-02T16:52:00-07:00,2281210
1783036380,2026-07-02T16:53:00-07:00,2281266
1783036440,2026-07-02T16:54:00-07:00,2281326
1783036500,2026-07-02T16:55:00-07:00,2281387
1783036560,2026-07-02T16:56:00-07:00,2281448
1783036620,2026-07-02T16:57:00-07:00,2281510
1783036680,2026-07-02T16:58:00-07:00,2281567
1783036740,2026-07-02T16:59:00-07:00,2281626
1783036800,2026-07-02T17:00:00-07:00,2281687
1783036860,2026-07-02T17:01:00-07:00,2281746
1783036920,2026-07-02T17:02:00-07:00,2281805
1783036980,2026-07-02T17:03:00-07:00,2281866
1783037040,2026-07-02T17:04:00-07:00,2281928
1783037100,2026-07-02T17:05:00-07:00,2281987
1783037160,2026-07-02T17:06:00-07:00,2282047
1783037220,2026-07-02T17:07:00-07:00,2282107
1783037280,2026-07-02T17:08:00-07:00,2282167
1783037340,2026-07-02T17:09:00-07:00,2282227
1783037400,2026-07-02T17:10:00-07:00,2282286
1783037460,2026-07-02T17:11:00-07:00,2282347
1783037520,2026-07-02T17:12:00-07:00,2282406
1783037580,2026-07-02T17:13:00-07:00,2282466
1783037640,2026-07-02T17:14:00-07:00,2282530
1783037700,2026-07-02T17:15:00-07:00,2282587
1783037760,2026-07-02T17:16:00-07:00,2282646
1783037820,2026-07-02T17:17:00-07:00,2282706
1783037880,2026-07-02T17:18:00-07:00,2282768
1783037940,2026-07-02T17:19:00-07:00,2282826
1783038000,2026-07-02T17:20:00-07:00,2282890
1783038060,2026-07-02T17:21:00-07:00,2282947
1783038120,2026-07-02T17:22:00-07:00,2283010
1783038180,2026-07-02T17:23:00-07:00,2283066
1783038240,2026-07-02T17:24:00-07:00,2283126
1783038300,2026-07-02T17:25:00-07:00,2283187
1783038360,2026-07-02T17:26:00-07:00,2283246
1783038420,2026-07-02T17:27:00-07:00,2283306
1783038480,2026-07-02T17:28:00-07:00,2283366
1783038540,2026-07-02T17:29:00-07:00,2283427
1783038600,2026-07-02T17:30:00-07:00,2283487
1783038660,2026-07-02T17:31:00-07:00,2283547
1783038720,2026-07-02T17:32:00-07:00,2283606
1783038780,2026-07-02T17:33:00-07:00,2283666
1783038840,2026-07-02T17:34:00-07:00,2283727
1783038900,2026-07-02T17:35:00-07:00,2283788
1783038960,2026-07-02T17:36:00-07:00,2283848
1783039020,2026-07-02T17:37:00-07:00,2283907
1783039080,2026-07-02T17:38:00-07:00,2283967
1783039140,2026-07-02T17:39:00-07:00,2284027
1783039200,2026-07-02T17:40:00-07:00,2284089
1783039260,2026-07-02T17:41:00-07:00,2284148
1783039320,2026-07-02T17:42:00-07:00,2284206
1783039380,2026-07-02T17:43:00-07:00,2284206
1783039440,2026-07-02T17:44:00-07:00,2284326
1783039500,2026-07-02T17:45:00-07:00,2284388
1783039560,2026-07-02T17:46:00-07:00,2284448
1783039620,2026-07-02T17:47:00-07:00,2284506
1783039680,2026-07-02T17:48:00-07:00,2284569
1783039740,2026-07-02T17:49:00-07:00,2284626
1783039800,2026-07-02T17:50:00-07:00,2284686
1783039860,2026-07-02T17:51:00-07:00,2284749
1783039920,2026-07-02T17:52:00-07:00,2284807
1783039980,2026-07-02T17:53:00-07:00,2284866
1783040040,2026-07-02T17:54:00-07:00,2284929
1783040100,2026-07-02T17:55:00-07:00,2284988
1783040160,2026-07-02T17:56:00-07:00,2285048
1783040220,2026-07-02T17:57:00-07:00,2285108
1783040280,2026-07-02T17:58:00-07:00,2285168
1783040340,2026-07-02T17:59:00-07:00,2285227
1783040400,2026-07-02T18:00:00-07:00,2285287
1783040460,2026-07-02T18:01:00-07:00,2285347
1783040520,2026-07-02T18:02:00-07:00,2285407
1783040580,2026-07-02T18:03:00-07:00,2285466
1783040640,2026-07-02T18:04:00-07:00,2285528
1783040700,2026-07-02T18:05:00-07:00,2285587
1783040760,2026-07-02T18:06:00-07:00,2285649
1783040820,2026-07-02T18:07:00-07:00,2285709
1783040880,2026-07-02T18:08:00-07:00,2285769
1783040940,2026-07-02T18:09:00-07:00,2285827
1783041000,2026-07-02T18:10:00-07:00,2285887
1783041060,2026-07-02T18:11:00-07:00,2285950
1783041120,2026-07-02T18:12:00-07:00,2286007
1783041180,2026-07-02T18:13:00-07:00,2286067
1783041240,2026-07-02T18:14:00-07:00,2286127
1783041300,2026-07-02T18:15:00-07:00,2286188
1783041360,2026-07-02T18:16:00-07:00,2286247
1783041420,2026-07-02T18:17:00-07:00,2286307
1783041480,2026-07-02T18:18:00-07:00,2286370
1783041540,2026-07-02T18:19:00-07:00,2286433
1783041600,2026-07-02T18:20:00-07:00,2286488
1783041660,2026-07-02T18:21:00-07:00,2286546
1783041720,2026-07-02T18:22:00-07:00,2286608
1783041780,2026-07-02T18:23:00-07:00,2286667
1783041840,2026-07-02T18:24:00-07:00,2286726
1783041900,2026-07-02T18:25:00-07:00,2286788
1783041960,2026-07-02T18:26:00-07:00,2286846
1783042020,2026-07-02T18:27:00-07:00,2286907
1783042080,2026-07-02T18:28:00-07:00,2286967
1783042140,2026-07-02T18:29:00-07:00,2287026
1783042200,2026-07-02T18:30:00-07:00,2287086
1783042260,2026-07-02T18:31:00-07:00,2287148
1783042320,2026-07-02T18:32:00-07:00,2287206
1783042380,2026-07-02T18:33:00-07:00,2287268
1783042440,2026-07-02T18:34:00-07:00,2287326
1783042500,2026-07-02T18:35:00-07:00,2287387
1783042560,2026-07-02T18:36:00-07:00,2287450
1783042620,2026-07-02T18:37:00-07:00,2287506
1783042680,2026-07-02T18:38:00-07:00,2287568
1783042740,2026-07-02T18:39:00-07:00,2287625
1783042800,2026-07-02T18:40:00-07:00,2287690
1783042860,2026-07-02T18:41:00-07:00,2287748
1783042920,2026-07-02T18:42:00-07:00,2287809
1783042980,2026-07-02T18:43:00-07:00,2287867
1783043040,2026-07-02T18:44:00-07:00,2287927
1783043100,2026-07-02T18:45:00-07:00,2287990
1783043160,2026-07-02T18:46:00-07:00,2288046
1783043220,2026-07-02T18:47:00-07:00,2288107
1783043280,2026-07-02T18:48:00-07:00,2288169
1783043340,2026-07-02T18:49:00-07:00,2288229
1783043400,2026-07-02T18:50:00-07:00,2288286
1783043460,2026-07-02T18:51:00-07:00,2288347
1783043520,2026-07-02T18:52:00-07:00,2288407
1783043580,2026-07-02T18:53:00-07:00,2288471
1783043640,2026-07-02T18:54:00-07:00,2288528
1783043700,2026-07-02T18:55:00-07:00,2288590
1783043760,2026-07-02T18:56:00-07:00,2288650
1783043820,2026-07-02T18:57:00-07:00,2288707
1783043880,2026-07-02T18:58:00-07:00,2288769
1783043940,2026-07-02T18:59:00-07:00,2288827
1783044000,2026-07-02T19:00:00-07:00,2288888
1783044060,2026-07-02T19:01:00-07:00,2288946
1783044120,2026-07-02T19:02:00-07:00,2289010
1783044180,2026-07-02T19:03:00-07:00,2289069
1783044240,2026-07-02T19:04:00-07:00,2289131
1783044300,2026-07-02T19:05:00-07:00,2289189
1783044360,2026-07-02T19:06:00-07:00,2289250
1783044420,2026-07-02T19:07:00-07:00,2289307
1783044480,2026-07-02T19:08:00-07:00,2289367
1783044540,2026-07-02T19:09:00-07:00,2289430
1783044600,2026-07-02T19:10:00-07:00,2289487
1783044660,2026-07-02T19:11:00-07:00,2289548
1783044720,2026-07-02T19:12:00-07:00,2289606
1783044780,2026-07-02T19:13:00-07:00,2289677
1783044840,2026-07-02T19:14:00-07:00,2289726
1783044900,2026-07-02T19:15:00-07:00,2289787
1783044960,2026-07-02T19:16:00-07:00,2289851
1783045020,2026-07-02T19:17:00-07:00,2289908
1783045080,2026-07-02T19:18:00-07:00,2289968
1783045140,2026-07-02T19:19:00-07:00,2290031
1783045200,2026-07-02T19:20:00-07:00,2290091
1783045260,2026-07-02T19:21:00-07:00,2290147
1783045320,2026-07-02T19:22:00-07:00,2290210
1783045380,2026-07-02T19:23:00-07:00,2290268
1783045440,2026-07-02T19:24:00-07:00,2290329
1783045500,2026-07-02T19:25:00-07:00,2290388
1783045560,2026-07-02T19:26:00-07:00,2290448
1783045620,2026-07-02T19:27:00-07:00,2290507
1783045680,2026-07-02T19:28:00-07:00,2290568
1783045740,2026-07-02T19:29:00-07:00,2290627
1783045800,2026-07-02T19:30:00-07:00,2290688
1783045860,2026-07-02T19:31:00-07:00,2290750
1783045920,2026-07-02T19:32:00-07:00,2290807
1783045980,2026-07-02T19:33:00-07:00,2290869
1783046040,2026-07-02T19:34:00-07:00,2290931
1783046100,2026-07-02T19:35:00-07:00,2290988
1783046160,2026-07-02T19:36:00-07:00,2291052
1783046220,2026-07-02T19:37:00-07:00,2291108
1783046280,2026-07-02T19:38:00-07:00,2291169
1783046340,2026-07-02T19:39:00-07:00,2291227
1783046400,2026-07-02T19:40:00-07:00,2291287
1783046460,2026-07-02T19:41:00-07:00,2291348
1783046520,2026-07-02T19:42:00-07:00,2291408
1783046580,2026-07-02T19:43:00-07:00,2291470
1783046640,2026-07-02T19:44:00-07:00,2291527
1783046700,2026-07-02T19:45:00-07:00,2291587
1783046760,2026-07-02T19:46:00-07:00,2291647
1783046820,2026-07-02T19:47:00-07:00,2291707
1783046880,2026-07-02T19:48:00-07:00,2291766
1783046940,2026-07-02T19:49:00-07:00,2291826
1783047000,2026-07-02T19:50:00-07:00,2291888
1783047060,2026-07-02T19:51:00-07:00,2291948
1783047120,2026-07-02T19:52:00-07:00,2292007
1783047180,2026-07-02T19:53:00-07:00,2292068
1783047240,2026-07-02T19:54:00-07:00,2292129
1783047300,2026-07-02T19:55:00-07:00,2292188
1783047360,2026-07-02T19:56:00-07:00,2292247
1783047420,2026-07-02T19:57:00-07:00,2292308
1783047480,2026-07-02T19:58:00-07:00,2292369
1783047540,2026-07-02T19:59:00-07:00,2292428
1783047600,2026-07-02T20:00:00-07:00,2292488
1783047660,2026-07-02T20:01:00-07:00,2292558
1783047720,2026-07-02T20:02:00-07:00,2292610
1783047780,2026-07-02T20:03:00-07:00,2292668
1783047840,2026-07-02T20:04:00-07:00,2292726
1783047900,2026-07-02T20:05:00-07:00,2292787
1783047960,2026-07-02T20:06:00-07:00,2292847
1783048020,2026-07-02T20:07:00-07:00,2292908
1783048080,2026-07-02T20:08:00-07:00,2292970
1783048140,2026-07-02T20:09:00-07:00,2293028
1783048200,2026-07-02T20:10:00-07:00,2293087
1783048260,2026-07-02T20:11:00-07:00,2293150
1783048320,2026-07-02T20:12:00-07:00,2293209
1783048380,2026-07-02T20:13:00-07:00,2293268
1783048440,2026-07-02T20:14:00-07:00,2293327
1783048500,2026-07-02T20:15:00-07:00,2293387
1783048560,2026-07-02T20:16:00-07:00,2293449
1783048620,2026-07-02T20:17:00-07:00,2293508
1783048680,2026-07-02T20:18:00-07:00,2293568
1783048740,2026-07-02T20:19:00-07:00,2293631
1783048800,2026-07-02T20:20:00-07:00,2293688
1783048860,2026-07-02T20:21:00-07:00,2293749
1783048920,2026-07-02T20:22:00-07:00,2293808
1783048980,2026-07-02T20:23:00-07:00,2293872
1783049040,2026-07-02T20:24:00-07:00,2293929
1783049100,2026-07-02T20:25:00-07:00,2293988
1783049160,2026-07-02T20:26:00-07:00,2294047
1783049220,2026-07-02T20:27:00-07:00,2294108
1783049280,2026-07-02T20:28:00-07:00,2294168
1783049340,2026-07-02T20:29:00-07:00,2294226
1783049400,2026-07-02T20:30:00-07:00,2294287
1783049460,2026-07-02T20:31:00-07:00,2294348
1783049520,2026-07-02T20:32:00-07:00,2294408
1783049580,2026-07-02T20:33:00-07:00,2294467
1783049640,2026-07-02T20:34:00-07:00,2294530
1783049700,2026-07-02T20:35:00-07:00,2294589
1783049760,2026-07-02T20:36:00-07:00,2294649
1783049820,2026-07-02T20:37:00-07:00,2294707
1783049880,2026-07-02T20:38:00-07:00,2294769
1783049940,2026-07-02T20:39:00-07:00,2294827
1783050000,2026-07-02T20:40:00-07:00,2294887
1783050060,2026-07-02T20:41:00-07:00,2294948
1783050120,2026-07-02T20:42:00-07:00,2295008
1783050180,2026-07-02T20:43:00-07:00,2295067
1783050240,2026-07-02T20:44:00-07:00,2295127
1783050300,2026-07-02T20:45:00-07:00,2295187
1783050360,2026-07-02T20:46:00-07:00,2295252
1783050420,2026-07-02T20:47:00-07:00,2295308
1783050480,2026-07-02T20:48:00-07:00,2295369
1783050540,2026-07-02T20:49:00-07:00,2295428
1783050600,2026-07-02T20:50:00-07:00,2295489
1783050660,2026-07-02T20:51:00-07:00,2295549
1783050720,2026-07-02T20:52:00-07:00,2295611
1783050780,2026-07-02T20:53:00-07:00,2295668
1783050840,2026-07-02T20:54:00-07:00,2295728
1783050900,2026-07-02T20:55:00-07:00,2295788
1783050960,2026-07-02T20:56:00-07:00,2295848
1783051020,2026-07-02T20:57:00-07:00,2295906
1783051080,2026-07-02T20:58:00-07:00,2295968
1783051140,2026-07-02T20:59:00-07:00,2296027
1783051200,2026-07-02T21:00:00-07:00,2296087
1783051260,2026-07-02T21:01:00-07:00,2296156
1783051320,2026-07-02T21:02:00-07:00,2296208
1783051380,2026-07-02T21:03:00-07:00,2296268
1783051440,2026-07-02T21:04:00-07:00,2296327
1783051500,2026-07-02T21:05:00-07:00,2296387
1783051560,2026-07-02T21:06:00-07:00,2296449
1783051620,2026-07-02T21:07:00-07:00,2296511
1783051680,2026-07-02T21:08:00-07:00,2296568
1783051740,2026-07-02T21:09:00-07:00,2296628
1783051800,2026-07-02T21:10:00-07:00,2296687
1783051860,2026-07-02T21:11:00-07:00,2296749
1783051920,2026-07-02T21:12:00-07:00,2296808
1783051980,2026-07-02T21:13:00-07:00,2296866
1783052040,2026-07-02T21:14:00-07:00,2296933
1783052100,2026-07-02T21:15:00-07:00,2296986
1783052160,2026-07-02T21:16:00-07:00,2297048
1783052220,2026-07-02T21:17:00-07:00,2297108
1783052280,2026-07-02T21:18:00-07:00,2297167
1783052340,2026-07-02T21:19:00-07:00,2297230
1783052400,2026-07-02T21:20:00-07:00,2297288
1783052460,2026-07-02T21:21:00-07:00,2297347
1783052520,2026-07-02T21:22:00-07:00,2297407
1783052580,2026-07-02T21:23:00-07:00,2297468
1783052640,2026-07-02T21:24:00-07:00,2297527
1783052700,2026-07-02T21:25:00-07:00,2297590
1783052760,2026-07-02T21:26:00-07:00,2297647
1783052820,2026-07-02T21:27:00-07:00,2297708
1783052880,2026-07-02T21:28:00-07:00,2297767
1783052940,2026-07-02T21:29:00-07:00,2297831
1783053000,2026-07-02T21:30:00-07:00,2297890
1783053060,2026-07-02T21:31:00-07:00,2297947
1783053120,2026-07-02T21:32:00-07:00,2298007
1783053180,2026-07-02T21:33:00-07:00,2298068
1783053240,2026-07-02T21:34:00-07:00,2298127
1783053300,2026-07-02T21:35:00-07:00,2298189
1783053360,2026-07-02T21:36:00-07:00,2298248
1783053420,2026-07-02T21:37:00-07:00,2298309
1783053480,2026-07-02T21:38:00-07:00,2298369
1783053540,2026-07-02T21:39:00-07:00,2298427
1783053600,2026-07-02T21:40:00-07:00,2298487
1783053660,2026-07-02T21:41:00-07:00,2298548
1783053720,2026-07-02T21:42:00-07:00,2298607
1783053780,2026-07-02T21:43:00-07:00,2298667
1783053840,2026-07-02T21:44:00-07:00,2298729
1783053900,2026-07-02T21:45:00-07:00,2298789
1783053960,2026-07-02T21:46:00-07:00,2298848
1783054020,2026-07-02T21:47:00-07:00,2298907
1783054080,2026-07-02T21:48:00-07:00,2298967
1783054140,2026-07-02T21:49:00-07:00,2299029
1783054200,2026-07-02T21:50:00-07:00,2299088
1783054260,2026-07-02T21:51:00-07:00,2299150
1783054320,2026-07-02T21:52:00-07:00,2299210
1783054380,2026-07-02T21:53:00-07:00,2299268
1783054440,2026-07-02T21:54:00-07:00,2299326
1783054500,2026-07-02T21:55:00-07:00,2299388
1783054560,2026-07-02T21:56:00-07:00,2299451
1783054620,2026-07-02T21:57:00-07:00,2299508
1783054680,2026-07-02T21:58:00-07:00,2299570
1783054740,2026-07-02T21:59:00-07:00,2299628
1783054800,2026-07-02T22:00:00-07:00,2299690
1783054860,2026-07-02T22:01:00-07:00,2299750
1783054920,2026-07-02T22:02:00-07:00,2299812
1783054980,2026-07-02T22:03:00-07:00,2299870
1783055040,2026-07-02T22:04:00-07:00,2299928
1783055100,2026-07-02T22:05:00-07:00,2299989
1783055160,2026-07-02T22:06:00-07:00,2300047
1783055220,2026-07-02T22:07:00-07:00,2300108
1783055280,2026-07-02T22:08:00-07:00,2300168
1783055340,2026-07-02T22:09:00-07:00,2300231
1783055400,2026-07-02T22:10:00-07:00,2300289
1783055460,2026-07-02T22:11:00-07:00,2300350
1783055520,2026-07-02T22:12:00-07:00,2300406
1783055580,2026-07-02T22:13:00-07:00,2300468
1783055640,2026-07-02T22:14:00-07:00,2300528
1783055700,2026-07-02T22:15:00-07:00,2300587
1783055760,2026-07-02T22:16:00-07:00,2300648
1783055820,2026-07-02T22:17:00-07:00,2300711
1783055880,2026-07-02T22:18:00-07:00,2300768
1783055940,2026-07-02T22:19:00-07:00,2300828
1783056000,2026-07-02T22:20:00-07:00,2300888
1783056060,2026-07-02T22:21:00-07:00,2300946
1783056120,2026-07-02T22:22:00-07:00,2301010
1783056180,2026-07-02T22:23:00-07:00,2301068
1783056240,2026-07-02T22:24:00-07:00,2301128
1783056300,2026-07-02T22:25:00-07:00,2301187
1783056360,2026-07-02T22:26:00-07:00,2301247
1783056420,2026-07-02T22:27:00-07:00,2301308
1783056480,2026-07-02T22:28:00-07:00,2301367
1783056540,2026-07-02T22:29:00-07:00,2301429
1783056600,2026-07-02T22:30:00-07:00,2301487
1783056660,2026-07-02T22:31:00-07:00,2301547
1783056720,2026-07-02T22:32:00-07:00,2301608
1783056780,2026-07-02T22:33:00-07:00,2301670
1783056840,2026-07-02T22:34:00-07:00,2301727
1783056900,2026-07-02T22:35:00-07:00,2301789
1783056960,2026-07-02T22:36:00-07:00,2301848
1783057020,2026-07-02T22:37:00-07:00,2301908
1783057080,2026-07-02T22:38:00-07:00,2301967
1783057140,2026-07-02T22:39:00-07:00,2302028
1783057200,2026-07-02T22:40:00-07:00,2302090
1783057260,2026-07-02T22:41:00-07:00,2302148
1783057320,2026-07-02T22:42:00-07:00,2302206
1783057380,2026-07-02T22:43:00-07:00,2302268
1783057440,2026-07-02T22:44:00-07:00,2302330
1783057500,2026-07-02T22:45:00-07:00,2302389
1783057560,2026-07-02T22:46:00-07:00,2302450
1783057620,2026-07-02T22:47:00-07:00,2302507
1783057680,2026-07-02T22:48:00-07:00,2302568
1783057740,2026-07-02T22:49:00-07:00,2302628
1783057800,2026-07-02T22:50:00-07:00,2302690
1783057860,2026-07-02T22:51:00-07:00,2302747
1783057920,2026-07-02T22:52:00-07:00,2302810
1783057980,2026-07-02T22:53:00-07:00,2302871
1783058040,2026-07-02T22:54:00-07:00,2302926
1783058100,2026-07-02T22:55:00-07:00,2302986
1783058160,2026-07-02T22:56:00-07:00,2303046
1783058220,2026-07-02T22:57:00-07:00,2303108
1783058280,2026-07-02T22:58:00-07:00,2303167
1783058340,2026-07-02T22:59:00-07:00,2303228
1783058400,2026-07-02T23:00:00-07:00,2303290
1783058460,2026-07-02T23:01:00-07:00,2303349
1783058520,2026-07-02T23:02:00-07:00,2303409
1783058580,2026-07-02T23:03:00-07:00,2303466
1783058640,2026-07-02T23:04:00-07:00,2303527
1783058700,2026-07-02T23:05:00-07:00,2303587
1783058760,2026-07-02T23:06:00-07:00,2303647
1783058820,2026-07-02T23:07:00-07:00,2303707
1783058880,2026-07-02T23:08:00-07:00,2303765
1783058940,2026-07-02T23:09:00-07:00,2303827
1783059000,2026-07-02T23:10:00-07:00,2303888
1783059060,2026-07-02T23:11:00-07:00,2303946
1783059120,2026-07-02T23:12:00-07:00,2304006
1783059180,2026-07-02T23:13:00-07:00,2304067
1783059240,2026-07-02T23:14:00-07:00,2304127
1783059300,2026-07-02T23:15:00-07:00,2304186
1783059360,2026-07-02T23:16:00-07:00,2304248
1783059420,2026-07-02T23:17:00-07:00,2304307
1783059480,2026-07-02T23:18:00-07:00,2304365
1783059540,2026-07-02T23:19:00-07:00,2304425
1783059600,2026-07-02T23:20:00-07:00,2304487
1783059660,2026-07-02T23:21:00-07:00,2304546
1783059720,2026-07-02T23:22:00-07:00,2304609
1783059780,2026-07-02T23:23:00-07:00,2304667
1783059840,2026-07-02T23:24:00-07:00,2304725
1783059900,2026-07-02T23:25:00-07:00,2304786
1783059960,2026-07-02T23:26:00-07:00,2304848
1783060020,2026-07-02T23:27:00-07:00,2304909
1783060080,2026-07-02T23:28:00-07:00,2304968
1783060140,2026-07-02T23:29:00-07:00,2305026
1783060200,2026-07-02T23:30:00-07:00,2305086
1783060260,2026-07-02T23:31:00-07:00,2305146
1783060320,2026-07-02T23:32:00-07:00,2305205
1783060380,2026-07-02T23:33:00-07:00,2305266
1783060440,2026-07-02T23:34:00-07:00,2305326
1783060500,2026-07-02T23:35:00-07:00,2305386
1783060560,2026-07-02T23:36:00-07:00,2305447
1783060620,2026-07-02T23:37:00-07:00,2305506
1783060680,2026-07-02T23:38:00-07:00,2305568
1783060740,2026-07-02T23:39:00-07:00,2305626
1783060800,2026-07-02T23:40:00-07:00,2305687
1783060860,2026-07-02T23:41:00-07:00,2305746
1783060920,2026-07-02T23:42:00-07:00,2305805
1783060980,2026-07-02T23:43:00-07:00,2305865
1783061040,2026-07-02T23:44:00-07:00,2305926
1783061100,2026-07-02T23:45:00-07:00,2305984
1783061160,2026-07-02T23:46:00-07:00,2306047
1783061220,2026-07-02T23:47:00-07:00,2306105
1783061280,2026-07-02T23:48:00-07:00,2306164
1783061340,2026-07-02T23:49:00-07:00,2306224
1783061400,2026-07-02T23:50:00-07:00,2306286
1783061460,2026-07-02T23:51:00-07:00,2306346
1783061520,2026-07-02T23:52:00-07:00,2306404
1783061580,2026-07-02T23:53:00-07:00,2306464
1783061640,2026-07-02T23:54:00-07:00,2306525
1783061700,2026-07-02T23:55:00-07:00,2306584
1783061760,2026-07-02T23:56:00-07:00,2306646
1783061820,2026-07-02T23:57:00-07:00,2306704
1783061880,2026-07-02T23:58:00-07:00,2306764
1783061940,2026-07-02T23:59:00-07:00,2306824
1783062000,2026-07-03T00:00:00-07:00,2306885
1783062060,2026-07-03T00:01:00-07:00,2306945
1783062120,2026-07-03T00:02:00-07:00,2307004
1783062180,2026-07-03T00:03:00-07:00,2307065
1783062240,2026-07-03T00:04:00-07:00,2307127
1783062300,2026-07-03T00:05:00-07:00,2307187
1783062360,2026-07-03T00:06:00-07:00,2307246
1783062420,2026-07-03T00:07:00-07:00,2307306
1783062480,2026-07-03T00:08:00-07:00,2307364
1783062540,2026-07-03T00:09:00-07:00,2307427
1783062600,2026-07-03T00:10:00-07:00,2307485
1783062660,2026-07-03T00:11:00-07:00,2307544
1783062720,2026-07-03T00:12:00-07:00,2307605
1783062780,2026-07-03T00:13:00-07:00,2307664
1783062840,2026-07-03T00:14:00-07:00,2307724
1783062900,2026-07-03T00:15:00-07:00,2307785
1783062960,2026-07-03T00:16:00-07:00,2307844
1783063020,2026-07-03T00:17:00-07:00,2307906
1783063080,2026-07-03T00:18:00-07:00,2307966
1783063140,2026-07-03T00:19:00-07:00,2308026
1783063200,2026-07-03T00:20:00-07:00,2308088
1783063260,2026-07-03T00:21:00-07:00,2308146
1783063320,2026-07-03T00:22:00-07:00,2308205
1783063380,2026-07-03T00:23:00-07:00,2308265
1783063440,2026-07-03T00:24:00-07:00,2308326
1783063500,2026-07-03T00:25:00-07:00,2308385
1783063560,2026-07-03T00:26:00-07:00,2308446
1783063620,2026-07-03T00:27:00-07:00,2308506
1783063680,2026-07-03T00:28:00-07:00,2308566
1783063740,2026-07-03T00:29:00-07:00,2308629
1783063800,2026-07-03T00:30:00-07:00,2308684
1783063860,2026-07-03T00:31:00-07:00,2308744
1783063920,2026-07-03T00:32:00-07:00,2308806
1783063980,2026-07-03T00:33:00-07:00,2308865
1783064040,2026-07-03T00:34:00-07:00,2308926
1783064100,2026-07-03T00:35:00-07:00,2308984
1783064160,2026-07-03T00:36:00-07:00,2309045
1783064220,2026-07-03T00:37:00-07:00,2309106
1783064280,2026-07-03T00:38:00-07:00,2309165
1783064340,2026-07-03T00:39:00-07:00,2309224
1783064400,2026-07-03T00:40:00-07:00,2309284
1783064460,2026-07-03T00:41:00-07:00,2309344
1783064520,2026-07-03T00:42:00-07:00,2309404
1783064580,2026-07-03T00:43:00-07:00,2309464
1783064640,2026-07-03T00:44:00-07:00,2309524
1783064700,2026-07-03T00:45:00-07:00,2309584
1783064760,2026-07-03T00:46:00-07:00,2309644
1783064820,2026-07-03T00:47:00-07:00,2309704
1783064880,2026-07-03T00:48:00-07:00,2309764
1783064940,2026-07-03T00:49:00-07:00,2309824
1783065000,2026-07-03T00:50:00-07:00,2309884
1783065060,2026-07-03T00:51:00-07:00,2309944
1783065120,2026-07-03T00:52:00-07:00,2310004
1783065180,2026-07-03T00:53:00-07:00,2310064
1783065240,2026-07-03T00:54:00-07:00,2310124
1783065300,2026-07-03T00:55:00-07:00,2310184
1783065360,2026-07-03T00:56:00-07:00,2310244
1783065420,2026-07-03T00:57:00-07:00,2310304
1783065480,2026-07-03T00:58:00-07:00,2310364
1783065540,2026-07-03T00:59:00-07:00,2310424
1783065600,2026-07-03T01:00:00-07:00,2310484
1783065660,2026-07-03T01:01:00-07:00,2310545
1783065720,2026-07-03T01:02:00-07:00,2310604
1783065780,2026-07-03T01:03:00-07:00,2310664
1783065840,2026-07-03T01:04:00-07:00,2310724
1783065900,2026-07-03T01:05:00-07:00,2310784
1783065960,2026-07-03T01:06:00-07:00,2310844
1783066020,2026-07-03T01:07:00-07:00,2310904
1783066080,2026-07-03T01:08:00-07:00,2310964
1783066140,2026-07-03T01:09:00-07:00,2311024
1783066200,2026-07-03T01:10:00-07:00,2311084
1783066260,2026-07-03T01:11:00-07:00,2311144
1783066320,2026-07-03T01:12:00-07:00,2311204
1783066380,2026-07-03T01:13:00-07:00,2311264
1783066440,2026-07-03T01:14:00-07:00,2311324
1783066500,2026-07-03T01:15:00-07:00,2311384
1783066560,2026-07-03T01:16:00-07:00,2311444
1783066620,2026-07-03T01:17:00-07:00,2311504
1783066680,2026-07-03T01:18:00-07:00,2311564
1783066740,2026-07-03T01:19:00-07:00,2311624
1783066800,2026-07-03T01:20:00-07:00,2311684
1783066860,2026-07-03T01:21:00-07:00,2311744
1783066920,2026-07-03T01:22:00-07:00,2311804
1783066980,2026-07-03T01:23:00-07:00,2311864
1783067040,2026-07-03T01:24:00-07:00,2311924
1783067100,2026-07-03T01:25:00-07:00,2311984
1783067160,2026-07-03T01:26:00-07:00,2312044
1783067220,2026-07-03T01:27:00-07:00,2312104
1783067280,2026-07-03T01:28:00-07:00,2312164
1783067340,2026-07-03T01:29:00-07:00,2312224
1783067400,2026-07-03T01:30:00-07:00,2312284
1783067460,2026-07-03T01:31:00-07:00,2312344
1783067520,2026-07-03T01:32:00-07:00,2312404
1783067580,2026-07-03T01:33:00-07:00,2312464
1783067640,2026-07-03T01:34:00-07:00,2312524
1783067700,2026-07-03T01:35:00-07:00,2312584
1783067760,2026-07-03T01:36:00-07:00,2312644
1783067820,2026-07-03T01:37:00-07:00,2312705
1783067880,2026-07-03T01:38:00-07:00,2312764
1783067940,2026-07-03T01:39:00-07:00,2312824
1783068000,2026-07-03T01:40:00-07:00,2312884
1783068060,2026-07-03T01:41:00-07:00,2312944
1783068120,2026-07-03T01:42:00-07:00,2313004
1783068180,2026-07-03T01:43:00-07:00,2313064
1783068240,2026-07-03T01:44:00-07:00,2313124
1783068300,2026-07-03T01:45:00-07:00,2313184
1783068360,2026-07-03T01:46:00-07:00,2313244
1783068420,2026-07-03T01:47:00-07:00,2313304
1783068480,2026-07-03T01:48:00-07:00,2313364
1783068540,2026-07-03T01:49:00-07:00,2313424
1783068600,2026-07-03T01:50:00-07:00,2313484
1783068660,2026-07-03T01:51:00-07:00,2313544
1783068720,2026-07-03T01:52:00-07:00,2313604
1783068780,2026-07-03T01:53:00-07:00,2313664
1783068840,2026-07-03T01:54:00-07:00,2313724
1783068900,2026-07-03T01:55:00-07:00,2313784
1783068960,2026-07-03T01:56:00-07:00,2313844
1783069020,2026-07-03T01:57:00-07:00,2313904
1783069080,2026-07-03T01:58:00-07:00,2313964
1783069140,2026-07-03T01:59:00-07:00,2314024
1783069200,2026-07-03T02:00:00-07:00,2314084
1783069260,2026-07-03T02:01:00-07:00,2314144
1783069320,2026-07-03T02:02:00-07:00,2314204
1783069380,2026-07-03T02:03:00-07:00,2314264
1783069440,2026-07-03T02:04:00-07:00,2314324
1783069500,2026-07-03T02:05:00-07:00,2314384
1783069560,2026-07-03T02:06:00-07:00,2314444
1783069620,2026-07-03T02:07:00-07:00,2314504
1783069680,2026-07-03T02:08:00-07:00,2314564
1783069740,2026-07-03T02:09:00-07:00,2314626
1783069800,2026-07-03T02:10:00-07:00,2314685
1783069860,2026-07-03T02:11:00-07:00,2314744
1783069920,2026-07-03T02:12:00-07:00,2314804
1783069980,2026-07-03T02:13:00-07:00,2314864
1783070040,2026-07-03T02:14:00-07:00,2314924
1783070100,2026-07-03T02:15:00-07:00,2314984
1783070160,2026-07-03T02:16:00-07:00,2315044
1783070220,2026-07-03T02:17:00-07:00,2315104
1783070280,2026-07-03T02:18:00-07:00,2315164
1783070340,2026-07-03T02:19:00-07:00,2315224
1783070400,2026-07-03T02:20:00-07:00,2315284
1783070460,2026-07-03T02:21:00-07:00,2315344
1783070520,2026-07-03T02:22:00-07:00,2315404
1783070580,2026-07-03T02:23:00-07:00,2315464
1783070640,2026-07-03T02:24:00-07:00,2315524
1783070700,2026-07-03T02:25:00-07:00,2315584
1783070760,2026-07-03T02:26:00-07:00,2315644
1783070820,2026-07-03T02:27:00-07:00,2315704
1783070880,2026-07-03T02:28:00-07:00,2315764
1783070940,2026-07-03T02:29:00-07:00,2315824
1783071000,2026-07-03T02:30:00-07:00,2315884
1783071060,2026-07-03T02:31:00-07:00,2315944
1783071120,2026-07-03T02:32:00-07:00,2316004
1783071180,2026-07-03T02:33:00-07:00,2316064
1783071240,2026-07-03T02:34:00-07:00,2316124
1783071300,2026-07-03T02:35:00-07:00,2316184
1783071360,2026-07-03T02:36:00-07:00,2316244
1783071420,2026-07-03T02:37:00-07:00,2316304
1783071480,2026-07-03T02:38:00-07:00,2316364
1783071540,2026-07-03T02:39:00-07:00,2316424
1783071600,2026-07-03T02:40:00-07:00,2316484
1783071660,2026-07-03T02:41:00-07:00,2316544
1783071720,2026-07-03T02:42:00-07:00,2316604
1783071780,2026-07-03T02:43:00-07:00,2316664
1783071840,2026-07-03T02:44:00-07:00,2316724
1783071900,2026-07-03T02:45:00-07:00,2316784
1783071960,2026-07-03T02:46:00-07:00,2316844
1783072020,2026-07-03T02:47:00-07:00,2316904
1783072080,2026-07-03T02:48:00-07:00,2316964
1783072140,2026-07-03T02:49:00-07:00,2317024
1783072200,2026-07-03T02:50:00-07:00,2317084
1783072260,2026-07-03T02:51:00-07:00,2317144
1783072320,2026-07-03T02:52:00-07:00,2317204
1783072380,2026-07-03T02:53:00-07:00,2317264
1783072440,2026-07-03T02:54:00-07:00,2317324
1783072500,2026-07-03T02:55:00-07:00,2317384
1783072560,2026-07-03T02:56:00-07:00,2317444
1783072620,2026-07-03T02:57:00-07:00,2317504
1783072680,2026-07-03T02:58:00-07:00,2317564
1783072740,2026-07-03T02:59:00-07:00,2317624
1783072800,2026-07-03T03:00:00-07:00,2317684
1783072860,2026-07-03T03:01:00-07:00,2317744
1783072920,2026-07-03T03:02:00-07:00,2317804
1783072980,2026-07-03T03:03:00-07:00,2317864
1783073040,2026-07-03T03:04:00-07:00,2317924
1783073100,2026-07-03T03:05:00-07:00,2317984
1783073160,2026-07-03T03:06:00-07:00,2318044
1783073220,2026-07-03T03:07:00-07:00,2318104
1783073280,2026-07-03T03:08:00-07:00,2318164
1783073340,2026-07-03T03:09:00-07:00,2318224
1783073400,2026-07-03T03:10:00-07:00,2318284
1783073460,2026-07-03T03:11:00-07:00,2318344
1783073520,2026-07-03T03:12:00-07:00,2318404
1783073580,2026-07-03T03:13:00-07:00,2318464
1783073640,2026-07-03T03:14:00-07:00,2318524
1783073700,2026-07-03T03:15:00-07:00,2318584
1783073760,2026-07-03T03:16:00-07:00,2318644
1783073820,2026-07-03T03:17:00-07:00,2318704
1783073880,2026-07-03T03:18:00-07:00,2318764
1783073940,2026-07-03T03:19:00-07:00,2318824
1783074000,2026-07-03T03:20:00-07:00,2318884
1783074060,2026-07-03T03:21:00-07:00,2318944
1783074120,2026-07-03T03:22:00-07:00,2319004
1783074180,2026-07-03T03:23:00-07:00,2319064
1783074240,2026-07-03T03:24:00-07:00,2319124
1783074300,2026-07-03T03:25:00-07:00,2319184
1783074360,2026-07-03T03:26:00-07:00,2319244
1783074420,2026-07-03T03:27:00-07:00,2319304
1783074480,2026-07-03T03:28:00-07:00,2319364
1783074540,2026-07-03T03:29:00-07:00,2319424
1783074600,2026-07-03T03:30:00-07:00,2319484
1783074660,2026-07-03T03:31:00-07:00,2319544
1783074720,2026-07-03T03:32:00-07:00,2319604
1783074780,2026-07-03T03:33:00-07:00,2319664
1783074840,2026-07-03T03:34:00-07:00,2319724
1783074900,2026-07-03T03:35:00-07:00,2319784
1783074960,2026-07-03T03:36:00-07:00,2319844
1783075020,2026-07-03T03:37:00-07:00,2319904
1783075080,2026-07-03T03:38:00-07:00,2319964
1783075140,2026-07-03T03:39:00-07:00,2320024
1783075200,2026-07-03T03:40:00-07:00,2320084
1783075260,2026-07-03T03:41:00-07:00,2320144
1783075320,2026-07-03T03:42:00-07:00,2320204
1783075380,2026-07-03T03:43:00-07:00,2320264
1783075440,2026-07-03T03:44:00-07:00,2320324
1783075500,2026-07-03T03:45:00-07:00,2320384
1783075560,2026-07-03T03:46:00-07:00,2320444
1783075620,2026-07-03T03:47:00-07:00,2320504
1783075680,2026-07-03T03:48:00-07:00,2320564
1783075740,2026-07-03T03:49:00-07:00,2320624
1783075800,2026-07-03T03:50:00-07:00,2320684
1783075860,2026-07-03T03:51:00-07:00,2320744
1783075920,2026-07-03T03:52:00-07:00,2320804
1783075980,2026-07-03T03:53:00-07:00,2320864
1783076040,2026-07-03T03:54:00-07:00,2320924
1783076100,2026-07-03T03:55:00-07:00,2320984
1783076160,2026-07-03T03:56:00-07:00,2321044
1783076220,2026-07-03T03:57:00-07:00,2321104
1783076280,2026-07-03T03:58:00-07:00,2321164
1783076340,2026-07-03T03:59:00-07:00,2321224
1783076400,2026-07-03T04:00:00-07:00,2321284
1783076460,2026-07-03T04:01:00-07:00,2321344
1783076520,2026-07-03T04:02:00-07:00,2321404
1783076580,2026-07-03T04:03:00-07:00,2321464
1783076640,2026-07-03T04:04:00-07:00,2321524
1783076700,2026-07-03T04:05:00-07:00,2321584
1783076760,2026-07-03T04:06:00-07:00,2321644
1783076820,2026-07-03T04:07:00-07:00,2321704
1783076880,2026-07-03T04:08:00-07:00,2321764
1783076940,2026-07-03T04:09:00-07:00,2321824
1783077000,2026-07-03T04:10:00-07:00,2321884
1783077060,2026-07-03T04:11:00-07:00,2321944
1783077120,2026-07-03T04:12:00-07:00,2322004
1783077180,2026-07-03T04:13:00-07:00,2322064
1783077240,2026-07-03T04:14:00-07:00,2322124
1783077300,2026-07-03T04:15:00-07:00,2322184
1783077360,2026-07-03T04:16:00-07:00,2322244
1783077420,2026-07-03T04:17:00-07:00,2322304
1783077480,2026-07-03T04:18:00-07:00,2322364
1783077540,2026-07-03T04:19:00-07:00,2322424
1783077600,2026-07-03T04:20:00-07:00,2322484
1783077660,2026-07-03T04:21:00-07:00,2322544
1783077720,2026-07-03T04:22:00-07:00,2322604
1783077780,2026-07-03T04:23:00-07:00,2322664
1783077840,2026-07-03T04:24:00-07:00,2322724
1783077900,2026-07-03T04:25:00-07:00,2322784
1783077960,2026-07-03T04:26:00-07:00,2322844
1783078020,2026-07-03T04:27:00-07:00,2322904
1783078080,2026-07-03T04:28:00-07:00,2322964
1783078140,2026-07-03T04:29:00-07:00,2323024
1783078200,2026-07-03T04:30:00-07:00,2323084
1783078260,2026-07-03T04:31:00-07:00,2323144
1783078320,2026-07-03T04:32:00-07:00,2323204
1783078380,2026-07-03T04:33:00-07:00,2323264
1783078440,2026-07-03T04:34:00-07:00,2323324
1783078500,2026-07-03T04:35:00-07:00,2323384
1783078560,2026-07-03T04:36:00-07:00,2323444
1783078620,2026-07-03T04:37:00-07:00,2323504
1783078680,2026-07-03T04:38:00-07:00,2323564
1783078740,2026-07-03T04:39:00-07:00,2323624
1783078800,2026-07-03T04:40:00-07:00,2323684
1783078860,2026-07-03T04:41:00-07:00,2323744
1783078920,2026-07-03T04:42:00-07:00,2323804
1783078980,2026-07-03T04:43:00-07:00,2323864
1783079040,2026-07-03T04:44:00-07:00,2323924
1783079100,2026-07-03T04:45:00-07:00,2323984
1783079160,2026-07-03T04:46:00-07:00,2324044
1783079220,2026-07-03T04:47:00-07:00,2324104
1783079280,2026-07-03T04:48:00-07:00,2324164
1783079340,2026-07-03T04:49:00-07:00,2324224
1783079400,2026-07-03T04:50:00-07:00,2324284
1783079460,2026-07-03T04:51:00-07:00,2324344
1783079520,2026-07-03T04:52:00-07:00,2324404
1783079580,2026-07-03T04:53:00-07:00,2324464
1783079640,2026-07-03T04:54:00-07:00,2324524
1783079700,2026-07-03T04:55:00-07:00,2324584
1783079760,2026-07-03T04:56:00-07:00,2324644
1783079820,2026-07-03T04:57:00-07:00,2324704
1783079880,2026-07-03T04:58:00-07:00,2324764
1783079940,2026-07-03T04:59:00-07:00,2324824
1783080000,2026-07-03T05:00:00-07:00,2324884
1783080060,2026-07-03T05:01:00-07:00,2324944
1783080120,2026-07-03T05:02:00-07:00,2325004
1783080180,2026-07-03T05:03:00-07:00,2325064
1783080240,2026-07-03T05:04:00-07:00,2325124
1783080300,2026-07-03T05:05:00-07:00,2325184
1783080360,2026-07-03T05:06:00-07:00,2325244
1783080420,2026-07-03T05:07:00-07:00,2325304
1783080480,2026-07-03T05:08:00-07:00,2325364
1783080540,2026-07-03T05:09:00-07:00,2325424
1783080600,2026-07-03T05:10:00-07:00,2325484
1783080660,2026-07-03T05:11:00-07:00,2325544
1783080720,2026-07-03T05:12:00-07:00,2325604
1783080780,2026-07-03T05:13:00-07:00,2325664
1783080840,2026-07-03T05:14:00-07:00,2325724
1783080900,2026-07-03T05:15:00-07:00,2325784
1783080960,2026-07-03T05:16:00-07:00,2325844
1783081020,2026-07-03T05:17:00-07:00,2325904
1783081080,2026-07-03T05:18:00-07:00,2325964
1783081140,2026-07-03T05:19:00-07:00,2326024
1783081200,2026-07-03T05:20:00-07:00,2326084
1783081260,2026-07-03T05:21:00-07:00,2326144
1783081320,2026-07-03T05:22:00-07:00,2326204
1783081380,2026-07-03T05:23:00-07:00,2326264
1783081440,2026-07-03T05:24:00-07:00,2326324
1783081500,2026-07-03T05:25:00-07:00,2326384
1783081560,2026-07-03T05:26:00-07:00,2326444
1783081620,2026-07-03T05:27:00-07:00,2326504
1783081680,2026-07-03T05:28:00-07:00,2326564
1783081740,2026-07-03T05:29:00-07:00,2326624
1783081800,2026-07-03T05:30:00-07:00,2326684
1783081860,2026-07-03T05:31:00-07:00,2326744
1783081920,2026-07-03T05:32:00-07:00,2326804
1783081980,2026-07-03T05:33:00-07:00,2326864
1783082040,2026-07-03T05:34:00-07:00,2326924
1783082100,2026-07-03T05:35:00-07:00,2326984
1783082160,2026-07-03T05:36:00-07:00,2327044
1783082220,2026-07-03T05:37:00-07:00,2327104
1783082280,2026-07-03T05:38:00-07:00,2327164
1783082340,2026-07-03T05:39:00-07:00,2327224
1783082400,2026-07-03T05:40:00-07:00,2327284
1783082460,2026-07-03T05:41:00-07:00,2327344
1783082520,2026-07-03T05:42:00-07:00,2327404
1783082580,2026-07-03T05:43:00-07:00,2327464
1783082640,2026-07-03T05:44:00-07:00,2327524
1783082700,2026-07-03T05:45:00-07:00,2327584
1783082760,2026-07-03T05:46:00-07:00,2327644
1783082820,2026-07-03T05:47:00-07:00,2327704
1783082880,2026-07-03T05:48:00-07:00,2327764
1783082940,2026-07-03T05:49:00-07:00,2327824
1783083000,2026-07-03T05:50:00-07:00,2327884
1783083060,2026-07-03T05:51:00-07:00,2327944
1783083120,2026-07-03T05:52:00-07:00,2328004
1783083180,2026-07-03T05:53:00-07:00,2328064
1783083240,2026-07-03T05:54:00-07:00,2328124
1783083300,2026-07-03T05:55:00-07:00,2328184
1783083360,2026-07-03T05:56:00-07:00,2328244
1783083420,2026-07-03T05:57:00-07:00,2328304
1783083480,2026-07-03T05:58:00-07:00,2328364
1783083540,2026-07-03T05:59:00-07:00,2328424
1783083600,2026-07-03T06:00:00-07:00,2328484
1783083660,2026-07-03T06:01:00-07:00,2328544
1783083720,2026-07-03T06:02:00-07:00,2328604
1783083780,2026-07-03T06:03:00-07:00,2328664
1783083840,2026-07-03T06:04:00-07:00,2328724
1783083900,2026-07-03T06:05:00-07:00,2328784
1783083960,2026-07-03T06:06:00-07:00,2328844
1783084020,2026-07-03T06:07:00-07:00,2328904
1783084080,2026-07-03T06:08:00-07:00,2328964
1783084140,2026-07-03T06:09:00-07:00,2329024
1783084200,2026-07-03T06:10:00-07:00,2329084
1783084260,2026-07-03T06:11:00-07:00,2329144
1783084320,2026-07-03T06:12:00-07:00,2329204
1783084380,2026-07-03T06:13:00-07:00,2329264
1783084440,2026-07-03T06:14:00-07:00,2329324
1783084500,2026-07-03T06:15:00-07:00,2329384
1783084560,2026-07-03T06:16:00-07:00,2329444
1783084620,2026-07-03T06:17:00-07:00,2329504
1783084680,2026-07-03T06:18:00-07:00,2329564
1783084740,2026-07-03T06:19:00-07:00,2329624
1783084800,2026-07-03T06:20:00-07:00,2329684
1783084860,2026-07-03T06:21:00-07:00,2329744
1783084920,2026-07-03T06:22:00-07:00,2329804
1783084980,2026-07-03T06:23:00-07:00,2329864
1783085040,2026-07-03T06:24:00-07:00,2329924
1783085100,2026-07-03T06:25:00-07:00,2329984
1783085160,2026-07-03T06:26:00-07:00,2330044
1783085220,2026-07-03T06:27:00-07:00,2330104
1783085280,2026-07-03T06:28:00-07:00,2330164
1783085340,2026-07-03T06:29:00-07:00,2330224
1783085400,2026-07-03T06:30:00-07:00,2330284
1783085460,2026-07-03T06:31:00-07:00,2330344
1783085520,2026-07-03T06:32:00-07:00,2330404
1783085580,2026-07-03T06:33:00-07:00,2330464
1783085640,2026-07-03T06:34:00-07:00,2330524
1783085700,2026-07-03T06:35:00-07:00,2330584
1783085760,2026-07-03T06:36:00-07:00,2330644
1783085820,2026-07-03T06:37:00-07:00,2330704
1783085880,2026-07-03T06:38:00-07:00,2330764
1783085940,2026-07-03T06:39:00-07:00,2330824
1783086000,2026-07-03T06:40:00-07:00,2330884
1783086060,2026-07-03T06:41:00-07:00,2330944
1783086120,2026-07-03T06:42:00-07:00,2331004
1783086180,2026-07-03T06:43:00-07:00,2331064
1783086240,2026-07-03T06:44:00-07:00,2331124
1783086300,2026-07-03T06:45:00-07:00,2331184
1783086360,2026-07-03T06:46:00-07:00,2331244
1783086420,2026-07-03T06:47:00-07:00,2331304
1783086480,2026-07-03T06:48:00-07:00,2331364
1783086540,2026-07-03T06:49:00-07:00,2331424
1783086600,2026-07-03T06:50:00-07:00,2331484
1783086660,2026-07-03T06:51:00-07:00,2331544
1783086720,2026-07-03T06:52:00-07:00,2331604
1783086780,2026-07-03T06:53:00-07:00,2331664
1783086840,2026-07-03T06:54:00-07:00,2331724
1783086900,2026-07-03T06:55:00-07:00,2331784
1783086960,2026-07-03T06:56:00-07:00,2331844
1783087020,2026-07-03T06:57:00-07:00,2331904
1783087080,2026-07-03T06:58:00-07:00,2331964
1783087140,2026-07-03T06:59:00-07:00,2332024
1783087200,2026-07-03T07:00:00-07:00,2332084
1783087260,2026-07-03T07:01:00-07:00,2332144
1783087320,2026-07-03T07:02:00-07:00,2332205
1783087380,2026-07-03T07:03:00-07:00,2332264
1783087440,2026-07-03T07:04:00-07:00,2332324
1783087500,2026-07-03T07:05:00-07:00,2332385
1783087560,2026-07-03T07:06:00-07:00,2332444
1783087620,2026-07-03T07:07:00-07:00,2332504
1783087680,2026-07-03T07:08:00-07:00,2332564
1783087740,2026-07-03T07:09:00-07:00,2332624
1783087800,2026-07-03T07:10:00-07:00,2332684
1783087860,2026-07-03T07:11:00-07:00,2332744
1783087920,2026-07-03T07:12:00-07:00,2332805
1783087980,2026-07-03T07:13:00-07:00,2332864
1783088040,2026-07-03T07:14:00-07:00,2332924
1783088100,2026-07-03T07:15:00-07:00,2332984
1783088160,2026-07-03T07:16:00-07:00,2333044
1783088220,2026-07-03T07:17:00-07:00,2333104
1783088280,2026-07-03T07:18:00-07:00,2333164
1783088340,2026-07-03T07:19:00-07:00,2333224
1783088400,2026-07-03T07:20:00-07:00,2333287
1783088460,2026-07-03T07:21:00-07:00,2333345
1783088520,2026-07-03T07:22:00-07:00,2333405
1783088580,2026-07-03T07:23:00-07:00,2333464
1783088640,2026-07-03T07:24:00-07:00,2333526
1783088700,2026-07-03T07:25:00-07:00,2333584
1783088760,2026-07-03T07:26:00-07:00,2333646
1783088820,2026-07-03T07:27:00-07:00,2333705
1783088880,2026-07-03T07:28:00-07:00,2333764
1783088940,2026-07-03T07:29:00-07:00,2333825
1783089000,2026-07-03T07:30:00-07:00,2333884
1783089060,2026-07-03T07:31:00-07:00,2333944
1783089120,2026-07-03T07:32:00-07:00,2334004
1783089180,2026-07-03T07:33:00-07:00,2334065
1783089240,2026-07-03T07:34:00-07:00,2334124
1783089300,2026-07-03T07:35:00-07:00,2334184
1783089360,2026-07-03T07:36:00-07:00,2334248
1783089420,2026-07-03T07:37:00-07:00,2334304
1783089480,2026-07-03T07:38:00-07:00,2334364
1783089540,2026-07-03T07:39:00-07:00,2334424
1783089600,2026-07-03T07:40:00-07:00,2334484
1783089660,2026-07-03T07:41:00-07:00,2334544
1783089720,2026-07-03T07:42:00-07:00,2334605
1783089780,2026-07-03T07:43:00-07:00,2334667
1783089840,2026-07-03T07:44:00-07:00,2334725
1783089900,2026-07-03T07:45:00-07:00,2334786
1783089960,2026-07-03T07:46:00-07:00,2334846
1783090020,2026-07-03T07:47:00-07:00,2334905
1783090080,2026-07-03T07:48:00-07:00,2334966
1783090140,2026-07-03T07:49:00-07:00,2335026
1783090200,2026-07-03T07:50:00-07:00,2335084
1783090260,2026-07-03T07:51:00-07:00,2335145
1783090320,2026-07-03T07:52:00-07:00,2335206
1783090380,2026-07-03T07:53:00-07:00,2335265
1783090440,2026-07-03T07:54:00-07:00,2335325
1783090500,2026-07-03T07:55:00-07:00,2335388
1783090560,2026-07-03T07:56:00-07:00,2335444
1783090620,2026-07-03T07:57:00-07:00,2335506
1783090680,2026-07-03T07:58:00-07:00,2335566
1783090740,2026-07-03T07:59:00-07:00,2335625
1783090800,2026-07-03T08:00:00-07:00,2335685
1783090860,2026-07-03T08:01:00-07:00,2335746
1783090920,2026-07-03T08:02:00-07:00,2335806
1783090980,2026-07-03T08:03:00-07:00,2335866
1783091040,2026-07-03T08:04:00-07:00,2335925
1783091100,2026-07-03T08:05:00-07:00,2335988
1783091160,2026-07-03T08:06:00-07:00,2336045
1783091220,2026-07-03T08:07:00-07:00,2336106
1783091280,2026-07-03T08:08:00-07:00,2336166
1783091340,2026-07-03T08:09:00-07:00,2336166
1783091400,2026-07-03T08:10:00-07:00,2336246
1783091460,2026-07-03T08:11:00-07:00,2336307
1783091520,2026-07-03T08:12:00-07:00,2336367
1783091580,2026-07-03T08:13:00-07:00,2336425
1783091640,2026-07-03T08:14:00-07:00,2336486
1783091700,2026-07-03T08:15:00-07:00,2336545
1783091760,2026-07-03T08:16:00-07:00,2336604
1783091820,2026-07-03T08:17:00-07:00,2336665
1783091880,2026-07-03T08:18:00-07:00,2336729
1783091940,2026-07-03T08:19:00-07:00,2336785
1783092000,2026-07-03T08:20:00-07:00,2336846
1783092060,2026-07-03T08:21:00-07:00,2336910
1783092120,2026-07-03T08:22:00-07:00,2336965
1783092180,2026-07-03T08:23:00-07:00,2337026
1783092240,2026-07-03T08:24:00-07:00,2337085
1783092300,2026-07-03T08:25:00-07:00,2337145
1783092360,2026-07-03T08:26:00-07:00,2337206
1783092420,2026-07-03T08:27:00-07:00,2337266
1783092480,2026-07-03T08:28:00-07:00,2337326
1783092540,2026-07-03T08:29:00-07:00,2337388
1783092600,2026-07-03T08:30:00-07:00,2337445
1783092660,2026-07-03T08:31:00-07:00,2337505
1783092720,2026-07-03T08:32:00-07:00,2337570
1783092780,2026-07-03T08:33:00-07:00,2337626
1783092840,2026-07-03T08:34:00-07:00,2337686
1783092900,2026-07-03T08:35:00-07:00,2337746
1783092960,2026-07-03T08:36:00-07:00,2337808
1783093020,2026-07-03T08:37:00-07:00,2337865
1783093080,2026-07-03T08:38:00-07:00,2337928
1783093140,2026-07-03T08:39:00-07:00,2337986
1783093200,2026-07-03T08:40:00-07:00,2338046
1783093260,2026-07-03T08:41:00-07:00,2338107
1783093320,2026-07-03T08:42:00-07:00,2338167
1783093380,2026-07-03T08:43:00-07:00,2338229
1783093440,2026-07-03T08:44:00-07:00,2338286
1783093500,2026-07-03T08:45:00-07:00,2338348
1783093560,2026-07-03T08:46:00-07:00,2338408
1783093620,2026-07-03T08:47:00-07:00,2338465
1783093680,2026-07-03T08:48:00-07:00,2338526
1783093740,2026-07-03T08:49:00-07:00,2338589
1783093800,2026-07-03T08:50:00-07:00,2338648
1783093860,2026-07-03T08:51:00-07:00,2338708
1783093920,2026-07-03T08:52:00-07:00,2338766
1783093980,2026-07-03T08:53:00-07:00,2338828
1783094040,2026-07-03T08:54:00-07:00,2338886
1783094100,2026-07-03T08:55:00-07:00,2338948
1783094160,2026-07-03T08:56:00-07:00,2339006
1783094220,2026-07-03T08:57:00-07:00,2339068
1783094280,2026-07-03T08:58:00-07:00,2339125
1783094340,2026-07-03T08:59:00-07:00,2339186
1783094400,2026-07-03T09:00:00-07:00,2339246
1783094460,2026-07-03T09:01:00-07:00,2339306
1783094520,2026-07-03T09:02:00-07:00,2339367
1783094580,2026-07-03T09:03:00-07:00,2339426
1783094640,2026-07-03T09:04:00-07:00,2339487
1783094700,2026-07-03T09:05:00-07:00,2339545
1783094760,2026-07-03T09:06:00-07:00,2339606
1783094820,2026-07-03T09:07:00-07:00,2339665
1783094880,2026-07-03T09:08:00-07:00,2339726
1783094940,2026-07-03T09:09:00-07:00,2339789
1783095000,2026-07-03T09:10:00-07:00,2339845
1783095060,2026-07-03T09:11:00-07:00,2339906
1783095120,2026-07-03T09:12:00-07:00,2339967
1783095180,2026-07-03T09:13:00-07:00,2340028
1783095240,2026-07-03T09:14:00-07:00,2340086
1783095300,2026-07-03T09:15:00-07:00,2340149
1783095360,2026-07-03T09:16:00-07:00,2340209
1783095420,2026-07-03T09:17:00-07:00,2340267
1783095480,2026-07-03T09:18:00-07:00,2340328
1783095540,2026-07-03T09:19:00-07:00,2340386
1783095600,2026-07-03T09:20:00-07:00,2340446
1783095660,2026-07-03T09:21:00-07:00,2340506
1783095720,2026-07-03T09:22:00-07:00,2340567
1783095780,2026-07-03T09:23:00-07:00,2340629
1783095840,2026-07-03T09:24:00-07:00,2340686
1783095900,2026-07-03T09:25:00-07:00,2340746
1783095960,2026-07-03T09:26:00-07:00,2340810
1783096020,2026-07-03T09:27:00-07:00,2340867
1783096080,2026-07-03T09:28:00-07:00,2340926
1783096140,2026-07-03T09:29:00-07:00,2340987
1783096200,2026-07-03T09:30:00-07:00,2341046
1783096260,2026-07-03T09:31:00-07:00,2341106
1783096320,2026-07-03T09:32:00-07:00,2341166
1783096380,2026-07-03T09:33:00-07:00,2341226
1783096440,2026-07-03T09:34:00-07:00,2341286
1783096500,2026-07-03T09:35:00-07:00,2341346
1783096560,2026-07-03T09:36:00-07:00,2341407
1783096620,2026-07-03T09:37:00-07:00,2341466
1783096680,2026-07-03T09:38:00-07:00,2341526
1783096740,2026-07-03T09:39:00-07:00,2341586
1783096800,2026-07-03T09:40:00-07:00,2341646
1783096860,2026-07-03T09:41:00-07:00,2341708
1783096920,2026-07-03T09:42:00-07:00,2341767
1783096980,2026-07-03T09:43:00-07:00,2341826
1783097040,2026-07-03T09:44:00-07:00,2341890
1783097100,2026-07-03T09:45:00-07:00,2341947
1783097160,2026-07-03T09:46:00-07:00,2342006
1783097220,2026-07-03T09:47:00-07:00,2342066
1783097280,2026-07-03T09:48:00-07:00,2342127
1783097340,2026-07-03T09:49:00-07:00,2342188
1783097400,2026-07-03T09:50:00-07:00,2342248
1783097460,2026-07-03T09:51:00-07:00,2342308
1783097520,2026-07-03T09:52:00-07:00,2342366
1783097580,2026-07-03T09:53:00-07:00,2342426
1783097640,2026-07-03T09:54:00-07:00,2342487
1783097700,2026-07-03T09:55:00-07:00,2342549
1783097760,2026-07-03T09:56:00-07:00,2342608
1783097820,2026-07-03T09:57:00-07:00,2342666
1783097880,2026-07-03T09:58:00-07:00,2342726
1783097940,2026-07-03T09:59:00-07:00,2342787
1783098000,2026-07-03T10:00:00-07:00,2342847
1783098060,2026-07-03T10:01:00-07:00,2342906
1783098120,2026-07-03T10:02:00-07:00,2342968
1783098180,2026-07-03T10:03:00-07:00,2343030
1783098240,2026-07-03T10:04:00-07:00,2343088
1783098300,2026-07-03T10:05:00-07:00,2343148
1783098360,2026-07-03T10:06:00-07:00,2343207
1783098420,2026-07-03T10:07:00-07:00,2343267
1783098480,2026-07-03T10:08:00-07:00,2343327
1783098540,2026-07-03T10:09:00-07:00,2343387
1783098600,2026-07-03T10:10:00-07:00,2343445
1783098660,2026-07-03T10:11:00-07:00,2343507
1783098720,2026-07-03T10:12:00-07:00,2343567
1783098780,2026-07-03T10:13:00-07:00,2343627
1783098840,2026-07-03T10:14:00-07:00,2343687
1783098900,2026-07-03T10:15:00-07:00,2343746
1783098960,2026-07-03T10:16:00-07:00,2343807
1783099020,2026-07-03T10:17:00-07:00,2343867
1783099080,2026-07-03T10:18:00-07:00,2343927
1783099140,2026-07-03T10:19:00-07:00,2343985
1783099200,2026-07-03T10:20:00-07:00,2344045
1783099260,2026-07-03T10:21:00-07:00,2344106
1783099320,2026-07-03T10:22:00-07:00,2344167
1783099380,2026-07-03T10:23:00-07:00,2344225
1783099440,2026-07-03T10:24:00-07:00,2344287
1783099500,2026-07-03T10:25:00-07:00,2344345
1783099560,2026-07-03T10:26:00-07:00,2344406
1783099620,2026-07-03T10:27:00-07:00,2344465
1783099680,2026-07-03T10:28:00-07:00,2344526
1783099740,2026-07-03T10:29:00-07:00,2344586
1783099800,2026-07-03T10:30:00-07:00,2344646
1783099860,2026-07-03T10:31:00-07:00,2344707
1783099920,2026-07-03T10:32:00-07:00,2344767
1783099980,2026-07-03T10:33:00-07:00,2344828
1783100040,2026-07-03T10:34:00-07:00,2344886
1783100100,2026-07-03T10:35:00-07:00,2344948
1783100160,2026-07-03T10:36:00-07:00,2345007
1783100220,2026-07-03T10:37:00-07:00,2345066
1783100280,2026-07-03T10:38:00-07:00,2345127
1783100340,2026-07-03T10:39:00-07:00,2345187
1783100400,2026-07-03T10:40:00-07:00,2345247
1783100460,2026-07-03T10:41:00-07:00,2345307
1783100520,2026-07-03T10:42:00-07:00,2345367
1783100580,2026-07-03T10:43:00-07:00,2345426
1783100640,2026-07-03T10:44:00-07:00,2345486
1783100700,2026-07-03T10:45:00-07:00,2345547
1783100760,2026-07-03T10:46:00-07:00,2345608
1783100820,2026-07-03T10:47:00-07:00,2345665
1783100880,2026-07-03T10:48:00-07:00,2345727
1783100940,2026-07-03T10:49:00-07:00,2345787
1783101000,2026-07-03T10:50:00-07:00,2345848
1783101060,2026-07-03T10:51:00-07:00,2345907
1783101120,2026-07-03T10:52:00-07:00,2345967
1783101180,2026-07-03T10:53:00-07:00,2346026
1783101240,2026-07-03T10:54:00-07:00,2346087
1783101300,2026-07-03T10:55:00-07:00,2346147
1783101360,2026-07-03T10:56:00-07:00,2346207
1783101420,2026-07-03T10:57:00-07:00,2346270
1783101480,2026-07-03T10:58:00-07:00,2346325
1783101540,2026-07-03T10:59:00-07:00,2346389
1783101600,2026-07-03T11:00:00-07:00,2346448
1783101660,2026-07-03T11:01:00-07:00,2346506
1783101720,2026-07-03T11:02:00-07:00,2346567
1783101780,2026-07-03T11:03:00-07:00,2346626
1783101840,2026-07-03T11:04:00-07:00,2346690
1783101900,2026-07-03T11:05:00-07:00,2346748
1783101960,2026-07-03T11:06:00-07:00,2346808
1783102020,2026-07-03T11:07:00-07:00,2346869
1783102080,2026-07-03T11:08:00-07:00,2346927
1783102140,2026-07-03T11:09:00-07:00,2346988
1783102200,2026-07-03T11:10:00-07:00,2347050
1783102260,2026-07-03T11:11:00-07:00,2347106
1783102320,2026-07-03T11:12:00-07:00,2347171
1783102380,2026-07-03T11:13:00-07:00,2347226
1783102440,2026-07-03T11:14:00-07:00,2347286
1783102500,2026-07-03T11:15:00-07:00,2347348
1783102560,2026-07-03T11:16:00-07:00,2347408
1783102620,2026-07-03T11:17:00-07:00,2347467
1783102680,2026-07-03T11:18:00-07:00,2347532
1783102740,2026-07-03T11:19:00-07:00,2347586
1783102800,2026-07-03T11:20:00-07:00,2347648
1783102860,2026-07-03T11:21:00-07:00,2347706
1783102920,2026-07-03T11:22:00-07:00,2347769
1783102980,2026-07-03T11:23:00-07:00,2347826
1783103040,2026-07-03T11:24:00-07:00,2347888
1783103100,2026-07-03T11:25:00-07:00,2347950
1783103160,2026-07-03T11:26:00-07:00,2348006
1783103220,2026-07-03T11:27:00-07:00,2348066
1783103280,2026-07-03T11:28:00-07:00,2348128
1783103340,2026-07-03T11:29:00-07:00,2348187
1783103400,2026-07-03T11:30:00-07:00,2348250
1783103460,2026-07-03T11:31:00-07:00,2348309
1783103520,2026-07-03T11:32:00-07:00,2348367
1783103580,2026-07-03T11:33:00-07:00,2348427
1783103640,2026-07-03T11:34:00-07:00,2348487
1783103700,2026-07-03T11:35:00-07:00,2348546
1783103760,2026-07-03T11:36:00-07:00,2348608
1783103820,2026-07-03T11:37:00-07:00,2348666
1783103880,2026-07-03T11:38:00-07:00,2348727
1783103940,2026-07-03T11:39:00-07:00,2348789
1783104000,2026-07-03T11:40:00-07:00,2348846
1783104060,2026-07-03T11:41:00-07:00,2348905
1783104120,2026-07-03T11:42:00-07:00,2348971
1783104180,2026-07-03T11:43:00-07:00,2349027
1783104240,2026-07-03T11:44:00-07:00,2349087
1783104300,2026-07-03T11:45:00-07:00,2349147
1783104360,2026-07-03T11:46:00-07:00,2349207
1783104420,2026-07-03T11:47:00-07:00,2349267
1783104480,2026-07-03T11:48:00-07:00,2349326
1783104540,2026-07-03T11:49:00-07:00,2349387
1783104600,2026-07-03T11:50:00-07:00,2349447
1783104660,2026-07-03T11:51:00-07:00,2349507
1783104720,2026-07-03T11:52:00-07:00,2349567
1783104780,2026-07-03T11:53:00-07:00,2349628
1783104840,2026-07-03T11:54:00-07:00,2349689
1783104900,2026-07-03T11:55:00-07:00,2349749
1783104960,2026-07-03T11:56:00-07:00,2349807
1783105020,2026-07-03T11:57:00-07:00,2349868
1783105080,2026-07-03T11:58:00-07:00,2349928
1783105140,2026-07-03T11:59:00-07:00,2349986
1783105200,2026-07-03T12:00:00-07:00,2350049
1783105260,2026-07-03T12:01:00-07:00,2350106
1783105320,2026-07-03T12:02:00-07:00,2350166
1783105380,2026-07-03T12:03:00-07:00,2350230
1783105440,2026-07-03T12:04:00-07:00,2350288
1783105500,2026-07-03T12:05:00-07:00,2350347
1783105560,2026-07-03T12:06:00-07:00,2350408
1783105620,2026-07-03T12:07:00-07:00,2350408
1783105680,2026-07-03T12:08:00-07:00,2350572
1783105740,2026-07-03T12:09:00-07:00,2350632
1783105800,2026-07-03T12:10:00-07:00,2350692
1783105860,2026-07-03T12:11:00-07:00,2350752
1783105920,2026-07-03T12:12:00-07:00,2350812
1783105980,2026-07-03T12:13:00-07:00,2350873
1783106040,2026-07-03T12:14:00-07:00,2350933
1783106100,2026-07-03T12:15:00-07:00,2350994
1783106160,2026-07-03T12:16:00-07:00,2351054
1783106220,2026-07-03T12:17:00-07:00,2351119
1783106280,2026-07-03T12:18:00-07:00,2351173
1783106340,2026-07-03T12:19:00-07:00,2351234
1783106400,2026-07-03T12:20:00-07:00,2351292
1783106460,2026-07-03T12:21:00-07:00,2351355
1783106520,2026-07-03T12:22:00-07:00,2351414
1783106580,2026-07-03T12:23:00-07:00,2351472
1783106640,2026-07-03T12:24:00-07:00,2351534
1783106700,2026-07-03T12:25:00-07:00,2351593
1783106760,2026-07-03T12:26:00-07:00,2351652
1783106820,2026-07-03T12:27:00-07:00,2351714
1783106880,2026-07-03T12:28:00-07:00,2351771
1783106940,2026-07-03T12:29:00-07:00,2351833
1783107000,2026-07-03T12:30:00-07:00,2351891
1783107060,2026-07-03T12:31:00-07:00,2351953
1783107120,2026-07-03T12:32:00-07:00,2352014
1783107180,2026-07-03T12:33:00-07:00,2352072
1783107240,2026-07-03T12:34:00-07:00,2352132
1783107300,2026-07-03T12:35:00-07:00,2352192
1783107360,2026-07-03T12:36:00-07:00,2352252
1783107420,2026-07-03T12:37:00-07:00,2352313
1783107480,2026-07-03T12:38:00-07:00,2352371
1783107540,2026-07-03T12:39:00-07:00,2352431
1783107600,2026-07-03T12:40:00-07:00,2352494
1783107660,2026-07-03T12:41:00-07:00,2352553
1783107720,2026-07-03T12:42:00-07:00,2352625
1783107780,2026-07-03T12:43:00-07:00,2352673
1783107840,2026-07-03T12:44:00-07:00,2352733
1783107900,2026-07-03T12:45:00-07:00,2352792
1783107960,2026-07-03T12:46:00-07:00,2352854
1783108020,2026-07-03T12:47:00-07:00,2352913
1783108080,2026-07-03T12:48:00-07:00,2352971
1783108140,2026-07-03T12:49:00-07:00,2353033
1783108200,2026-07-03T12:50:00-07:00,2353092
1783108260,2026-07-03T12:51:00-07:00,2353153
1783108320,2026-07-03T12:52:00-07:00,2353212
1783108380,2026-07-03T12:53:00-07:00,2353274
1783108440,2026-07-03T12:54:00-07:00,2353332
1783108500,2026-07-03T12:55:00-07:00,2353395
1783108560,2026-07-03T12:56:00-07:00,2353452
1783108620,2026-07-03T12:57:00-07:00,2353513
1783108680,2026-07-03T12:58:00-07:00,2353571
1783108740,2026-07-03T12:59:00-07:00,2353633
1783108800,2026-07-03T13:00:00-07:00,2353694
1783108860,2026-07-03T13:01:00-07:00,2353756
1783108920,2026-07-03T13:02:00-07:00,2353815
1783108980,2026-07-03T13:03:00-07:00,2353872
1783109040,2026-07-03T13:04:00-07:00,2353932
1783109100,2026-07-03T13:05:00-07:00,2353993
1783109160,2026-07-03T13:06:00-07:00,2354057
1783109220,2026-07-03T13:07:00-07:00,2354115
1783109280,2026-07-03T13:08:00-07:00,2354172
1783109340,2026-07-03T13:09:00-07:00,2354232
1783109400,2026-07-03T13:10:00-07:00,2354291
1783109460,2026-07-03T13:11:00-07:00,2354353
1783109520,2026-07-03T13:12:00-07:00,2354412
1783109580,2026-07-03T13:13:00-07:00,2354473
1783109640,2026-07-03T13:14:00-07:00,2354533
1783109700,2026-07-03T13:15:00-07:00,2354592
1783109760,2026-07-03T13:16:00-07:00,2354653
1783109820,2026-07-03T13:17:00-07:00,2354715
1783109880,2026-07-03T13:18:00-07:00,2354771
1783109940,2026-07-03T13:19:00-07:00,2354834
1783110000,2026-07-03T13:20:00-07:00,2354890
1783110060,2026-07-03T13:21:00-07:00,2354953
1783110120,2026-07-03T13:22:00-07:00,2355012
1783110180,2026-07-03T13:23:00-07:00,2355073
1783110240,2026-07-03T13:24:00-07:00,2355135
1783110300,2026-07-03T13:25:00-07:00,2355193
1783110360,2026-07-03T13:26:00-07:00,2355254
1783110420,2026-07-03T13:27:00-07:00,2355313
1783110480,2026-07-03T13:28:00-07:00,2355372
1783110540,2026-07-03T13:29:00-07:00,2355433
1783110600,2026-07-03T13:30:00-07:00,2355491
1783110660,2026-07-03T13:31:00-07:00,2355553
1783110720,2026-07-03T13:32:00-07:00,2355553
1783110780,2026-07-03T13:33:00-07:00,2355553
1783110840,2026-07-03T13:34:00-07:00,2355553
1783110900,2026-07-03T13:35:00-07:00,2355553
