timestamp_utc,iso_pdt,carrier=verizon;connection_type=5g_cellular;experiment=none;triggered_by=rf-logger
1782975600,2026-07-02T00:00:00-07:00,44.038289666666664
1782975660,2026-07-02T00:01:00-07:00,48.76383483333333
1782975720,2026-07-02T00:02:00-07:00,48.76383483333333
1782975780,2026-07-02T00:03:00-07:00,48.76383483333333
1782975840,2026-07-02T00:04:00-07:00,48.76383483333333
1782975900,2026-07-02T00:05:00-07:00,48.76383483333333
1782975960,2026-07-02T00:06:00-07:00,38.79300933333334
1782976020,2026-07-02T00:07:00-07:00,38.79300933333334
1782976080,2026-07-02T00:08:00-07:00,38.79300933333334
1782976140,2026-07-02T00:09:00-07:00,38.79300933333334
1782976200,2026-07-02T00:10:00-07:00,38.79300933333334
1782976260,2026-07-02T00:11:00-07:00,32.86301016666666
1782976320,2026-07-02T00:12:00-07:00,32.86301016666666
1782976380,2026-07-02T00:13:00-07:00,32.86301016666666
1782976440,2026-07-02T00:14:00-07:00,32.86301016666666
1782976500,2026-07-02T00:15:00-07:00,32.86301016666666
1782976620,2026-07-02T00:17:00-07:00,35.305074
1782976680,2026-07-02T00:18:00-07:00,35.305074
1782976740,2026-07-02T00:19:00-07:00,35.305074
1782976800,2026-07-02T00:20:00-07:00,35.305074
1782976860,2026-07-02T00:21:00-07:00,35.305074
1782976980,2026-07-02T00:23:00-07:00,40.564303833333334
1782977040,2026-07-02T00:24:00-07:00,40.564303833333334
1782977100,2026-07-02T00:25:00-07:00,40.564303833333334
1782977160,2026-07-02T00:26:00-07:00,40.564303833333334
1782977220,2026-07-02T00:27:00-07:00,40.564303833333334
1782977340,2026-07-02T00:29:00-07:00,65.07551383333333
1782977400,2026-07-02T00:30:00-07:00,65.07551383333333
1782977460,2026-07-02T00:31:00-07:00,65.07551383333333
1782977520,2026-07-02T00:32:00-07:00,65.07551383333333
1782977580,2026-07-02T00:33:00-07:00,65.07551383333333
1782977700,2026-07-02T00:35:00-07:00,33.48845083333333
1782977760,2026-07-02T00:36:00-07:00,33.48845083333333
1782977820,2026-07-02T00:37:00-07:00,33.48845083333333
1782977880,2026-07-02T00:38:00-07:00,33.48845083333333
1782977940,2026-07-02T00:39:00-07:00,33.48845083333333
1782978000,2026-07-02T00:40:00-07:00,38.911099166666666
1782978060,2026-07-02T00:41:00-07:00,38.911099166666666
1782978120,2026-07-02T00:42:00-07:00,38.911099166666666
1782978180,2026-07-02T00:43:00-07:00,38.911099166666666
1782978240,2026-07-02T00:44:00-07:00,38.911099166666666
1782978360,2026-07-02T00:46:00-07:00,36.7521905
1782978420,2026-07-02T00:47:00-07:00,36.7521905
1782978480,2026-07-02T00:48:00-07:00,36.7521905
1782978540,2026-07-02T00:49:00-07:00,36.7521905
1782978600,2026-07-02T00:50:00-07:00,36.7521905
1782978660,2026-07-02T00:51:00-07:00,38.22045216666667
1782978720,2026-07-02T00:52:00-07:00,38.22045216666667
1782978780,2026-07-02T00:53:00-07:00,38.22045216666667
1782978840,2026-07-02T00:54:00-07:00,38.22045216666667
1782978900,2026-07-02T00:55:00-07:00,38.22045216666667
1782979020,2026-07-02T00:57:00-07:00,38.98989533333334
1782979080,2026-07-02T00:58:00-07:00,38.98989533333334
1782979140,2026-07-02T00:59:00-07:00,38.98989533333334
1782979200,2026-07-02T01:00:00-07:00,38.98989533333334
1782979260,2026-07-02T01:01:00-07:00,38.98989533333334
1782979380,2026-07-02T01:03:00-07:00,47.26734100000001
1782979440,2026-07-02T01:04:00-07:00,47.26734100000001
1782979500,2026-07-02T01:05:00-07:00,47.26734100000001
1782979560,2026-07-02T01:06:00-07:00,47.26734100000001
1782979620,2026-07-02T01:07:00-07:00,47.26734100000001
1782979680,2026-07-02T01:08:00-07:00,38.943325333333334
1782979740,2026-07-02T01:09:00-07:00,38.943325333333334
1782979800,2026-07-02T01:10:00-07:00,38.943325333333334
1782979860,2026-07-02T01:11:00-07:00,38.943325333333334
1782979920,2026-07-02T01:12:00-07:00,38.943325333333334
1782979980,2026-07-02T01:13:00-07:00,34.878587333333336
1782980040,2026-07-02T01:14:00-07:00,34.878587333333336
1782980100,2026-07-02T01:15:00-07:00,34.878587333333336
1782980160,2026-07-02T01:16:00-07:00,34.878587333333336
1782980220,2026-07-02T01:17:00-07:00,34.878587333333336
1782980340,2026-07-02T01:19:00-07:00,38.42620866666667
1782980400,2026-07-02T01:20:00-07:00,38.42620866666667
1782980460,2026-07-02T01:21:00-07:00,38.42620866666667
1782980520,2026-07-02T01:22:00-07:00,38.42620866666667
1782980580,2026-07-02T01:23:00-07:00,38.42620866666667
1782980700,2026-07-02T01:25:00-07:00,34.84379066666667
1782980760,2026-07-02T01:26:00-07:00,34.84379066666667
1782980820,2026-07-02T01:27:00-07:00,34.84379066666667
1782980880,2026-07-02T01:28:00-07:00,34.84379066666667
1782980940,2026-07-02T01:29:00-07:00,34.84379066666667
1782981060,2026-07-02T01:31:00-07:00,91.84362116666667
1782981120,2026-07-02T01:32:00-07:00,91.84362116666667
1782981180,2026-07-02T01:33:00-07:00,91.84362116666667
1782981240,2026-07-02T01:34:00-07:00,91.84362116666667
1782981300,2026-07-02T01:35:00-07:00,91.84362116666667
1782981360,2026-07-02T01:36:00-07:00,62.85401083333333
1782981420,2026-07-02T01:37:00-07:00,62.85401083333333
1782981480,2026-07-02T01:38:00-07:00,62.85401083333333
1782981540,2026-07-02T01:39:00-07:00,62.85401083333333
1782981600,2026-07-02T01:40:00-07:00,62.85401083333333
1782981720,2026-07-02T01:42:00-07:00,33.324544333333336
1782981780,2026-07-02T01:43:00-07:00,33.324544333333336
1782981840,2026-07-02T01:44:00-07:00,33.324544333333336
1782981900,2026-07-02T01:45:00-07:00,33.324544333333336
1782981960,2026-07-02T01:46:00-07:00,33.324544333333336
1782982020,2026-07-02T01:47:00-07:00,70.29284016666666
1782982080,2026-07-02T01:48:00-07:00,70.29284016666666
1782982140,2026-07-02T01:49:00-07:00,70.29284016666666
1782982200,2026-07-02T01:50:00-07:00,70.29284016666666
1782982260,2026-07-02T01:51:00-07:00,70.29284016666666
1782982380,2026-07-02T01:53:00-07:00,37.319241
1782982440,2026-07-02T01:54:00-07:00,37.319241
1782982500,2026-07-02T01:55:00-07:00,37.319241
1782982560,2026-07-02T01:56:00-07:00,37.319241
1782982620,2026-07-02T01:57:00-07:00,37.319241
1782982740,2026-07-02T01:59:00-07:00,33.9037745
1782982800,2026-07-02T02:00:00-07:00,33.9037745
1782982860,2026-07-02T02:01:00-07:00,33.9037745
1782982920,2026-07-02T02:02:00-07:00,33.9037745
1782982980,2026-07-02T02:03:00-07:00,33.9037745
1782983040,2026-07-02T02:04:00-07:00,37.54181583333334
1782983100,2026-07-02T02:05:00-07:00,37.54181583333334
1782983160,2026-07-02T02:06:00-07:00,37.54181583333334
1782983220,2026-07-02T02:07:00-07:00,37.54181583333334
1782983280,2026-07-02T02:08:00-07:00,37.54181583333334
1782983340,2026-07-02T02:09:00-07:00,72.57746716666666
1782983400,2026-07-02T02:10:00-07:00,72.57746716666666
1782983460,2026-07-02T02:11:00-07:00,72.57746716666666
1782983520,2026-07-02T02:12:00-07:00,72.57746716666666
1782983580,2026-07-02T02:13:00-07:00,72.57746716666666
1782983700,2026-07-02T02:15:00-07:00,71.846795
1782983760,2026-07-02T02:16:00-07:00,71.846795
1782983820,2026-07-02T02:17:00-07:00,71.846795
1782983880,2026-07-02T02:18:00-07:00,71.846795
1782983940,2026-07-02T02:19:00-07:00,71.846795
1782984000,2026-07-02T02:20:00-07:00,36.39554866666666
1782984060,2026-07-02T02:21:00-07:00,36.39554866666666
1782984120,2026-07-02T02:22:00-07:00,36.39554866666666
1782984180,2026-07-02T02:23:00-07:00,36.39554866666666
1782984240,2026-07-02T02:24:00-07:00,36.39554866666666
1782984300,2026-07-02T02:25:00-07:00,37.58086466666666
1782984360,2026-07-02T02:26:00-07:00,37.58086466666666
1782984420,2026-07-02T02:27:00-07:00,37.58086466666666
1782984480,2026-07-02T02:28:00-07:00,37.58086466666666
1782984540,2026-07-02T02:29:00-07:00,37.58086466666666
1782984600,2026-07-02T02:30:00-07:00,37.213623
1782984660,2026-07-02T02:31:00-07:00,37.213623
1782984720,2026-07-02T02:32:00-07:00,37.213623
1782984780,2026-07-02T02:33:00-07:00,37.213623
1782984840,2026-07-02T02:34:00-07:00,37.213623
1782984960,2026-07-02T02:36:00-07:00,71.03484416666667
1782985020,2026-07-02T02:37:00-07:00,71.03484416666667
1782985080,2026-07-02T02:38:00-07:00,71.03484416666667
1782985140,2026-07-02T02:39:00-07:00,71.03484416666667
1782985200,2026-07-02T02:40:00-07:00,71.03484416666667
1782985260,2026-07-02T02:41:00-07:00,74.54047983333334
1782985320,2026-07-02T02:42:00-07:00,74.54047983333334
1782985380,2026-07-02T02:43:00-07:00,74.54047983333334
1782985440,2026-07-02T02:44:00-07:00,74.54047983333334
1782985500,2026-07-02T02:45:00-07:00,74.54047983333334
1782985560,2026-07-02T02:46:00-07:00,67.80118150000001
1782985620,2026-07-02T02:47:00-07:00,67.80118150000001
1782985680,2026-07-02T02:48:00-07:00,67.80118150000001
1782985740,2026-07-02T02:49:00-07:00,67.80118150000001
1782985800,2026-07-02T02:50:00-07:00,67.80118150000001
1782985980,2026-07-02T02:53:00-07:00,34.27550583333333
1782986040,2026-07-02T02:54:00-07:00,34.27550583333333
1782986100,2026-07-02T02:55:00-07:00,34.27550583333333
1782986160,2026-07-02T02:56:00-07:00,34.27550583333333
1782986220,2026-07-02T02:57:00-07:00,34.27550583333333
1782986340,2026-07-02T02:59:00-07:00,36.083421666666666
1782986400,2026-07-02T03:00:00-07:00,36.083421666666666
1782986460,2026-07-02T03:01:00-07:00,36.083421666666666
1782986520,2026-07-02T03:02:00-07:00,36.083421666666666
1782986580,2026-07-02T03:03:00-07:00,36.083421666666666
1782986640,2026-07-02T03:04:00-07:00,62.46001533333333
1782986700,2026-07-02T03:05:00-07:00,62.46001533333333
1782986760,2026-07-02T03:06:00-07:00,62.46001533333333
1782986820,2026-07-02T03:07:00-07:00,62.46001533333333
1782986880,2026-07-02T03:08:00-07:00,62.46001533333333
1782986940,2026-07-02T03:09:00-07:00,37.595615
1782987000,2026-07-02T03:10:00-07:00,37.595615
1782987060,2026-07-02T03:11:00-07:00,37.595615
1782987120,2026-07-02T03:12:00-07:00,37.595615
1782987180,2026-07-02T03:13:00-07:00,37.595615
1782987240,2026-07-02T03:14:00-07:00,69.96085633333333
1782987300,2026-07-02T03:15:00-07:00,69.96085633333333
1782987360,2026-07-02T03:16:00-07:00,69.96085633333333
1782987420,2026-07-02T03:17:00-07:00,69.96085633333333
1782987480,2026-07-02T03:18:00-07:00,69.96085633333333
1782987540,2026-07-02T03:19:00-07:00,41.33897583333333
1782987600,2026-07-02T03:20:00-07:00,41.33897583333333
1782987660,2026-07-02T03:21:00-07:00,41.33897583333333
1782987720,2026-07-02T03:22:00-07:00,41.33897583333333
1782987780,2026-07-02T03:23:00-07:00,41.33897583333333
1782987900,2026-07-02T03:25:00-07:00,37.47176766666667
1782987960,2026-07-02T03:26:00-07:00,37.47176766666667
1782988020,2026-07-02T03:27:00-07:00,37.47176766666667
1782988080,2026-07-02T03:28:00-07:00,37.47176766666667
1782988140,2026-07-02T03:29:00-07:00,37.47176766666667
1782988200,2026-07-02T03:30:00-07:00,38.586764833333326
1782988260,2026-07-02T03:31:00-07:00,38.586764833333326
1782988320,2026-07-02T03:32:00-07:00,38.586764833333326
1782988380,2026-07-02T03:33:00-07:00,38.586764833333326
1782988440,2026-07-02T03:34:00-07:00,38.586764833333326
1782988500,2026-07-02T03:35:00-07:00,67.52577716666667
1782988560,2026-07-02T03:36:00-07:00,67.52577716666667
1782988620,2026-07-02T03:37:00-07:00,67.52577716666667
1782988680,2026-07-02T03:38:00-07:00,67.52577716666667
1782988740,2026-07-02T03:39:00-07:00,67.52577716666667
1782988800,2026-07-02T03:40:00-07:00,41.472018999999996
1782988860,2026-07-02T03:41:00-07:00,41.472018999999996
1782988920,2026-07-02T03:42:00-07:00,41.472018999999996
1782988980,2026-07-02T03:43:00-07:00,41.472018999999996
1782989040,2026-07-02T03:44:00-07:00,41.472018999999996
1782989100,2026-07-02T03:45:00-07:00,68.105184
1782989160,2026-07-02T03:46:00-07:00,68.105184
1782989220,2026-07-02T03:47:00-07:00,68.105184
1782989280,2026-07-02T03:48:00-07:00,68.105184
1782989340,2026-07-02T03:49:00-07:00,68.105184
1782989460,2026-07-02T03:51:00-07:00,37.03534633333333
1782989520,2026-07-02T03:52:00-07:00,37.03534633333333
1782989580,2026-07-02T03:53:00-07:00,37.03534633333333
1782989640,2026-07-02T03:54:00-07:00,37.03534633333333
1782989700,2026-07-02T03:55:00-07:00,37.03534633333333
1782989760,2026-07-02T03:56:00-07:00,66.72770183333333
1782989820,2026-07-02T03:57:00-07:00,66.72770183333333
1782989880,2026-07-02T03:58:00-07:00,66.72770183333333
1782989940,2026-07-02T03:59:00-07:00,66.72770183333333
1782990000,2026-07-02T04:00:00-07:00,66.72770183333333
1782990120,2026-07-02T04:02:00-07:00,40.49081733333333
1782990180,2026-07-02T04:03:00-07:00,40.49081733333333
1782990240,2026-07-02T04:04:00-07:00,40.49081733333333
1782990300,2026-07-02T04:05:00-07:00,40.49081733333333
1782990360,2026-07-02T04:06:00-07:00,40.49081733333333
1782990420,2026-07-02T04:07:00-07:00,82.44082300000001
1782990480,2026-07-02T04:08:00-07:00,82.44082300000001
1782990540,2026-07-02T04:09:00-07:00,82.44082300000001
1782990600,2026-07-02T04:10:00-07:00,82.44082300000001
1782990660,2026-07-02T04:11:00-07:00,82.44082300000001
1782990720,2026-07-02T04:12:00-07:00,35.60381416666667
1782990780,2026-07-02T04:13:00-07:00,35.60381416666667
1782990840,2026-07-02T04:14:00-07:00,35.60381416666667
1782990900,2026-07-02T04:15:00-07:00,35.60381416666667
1782990960,2026-07-02T04:16:00-07:00,35.60381416666667
1782991080,2026-07-02T04:18:00-07:00,69.94613966666667
1782991140,2026-07-02T04:19:00-07:00,69.94613966666667
1782991200,2026-07-02T04:20:00-07:00,69.94613966666667
1782991260,2026-07-02T04:21:00-07:00,69.94613966666667
1782991320,2026-07-02T04:22:00-07:00,69.94613966666667
1782991440,2026-07-02T04:24:00-07:00,37.23541916666667
1782991500,2026-07-02T04:25:00-07:00,37.23541916666667
1782991560,2026-07-02T04:26:00-07:00,37.23541916666667
1782991620,2026-07-02T04:27:00-07:00,37.23541916666667
1782991680,2026-07-02T04:28:00-07:00,37.23541916666667
1782991740,2026-07-02T04:29:00-07:00,36.4546375
1782991800,2026-07-02T04:30:00-07:00,36.4546375
1782991860,2026-07-02T04:31:00-07:00,36.4546375
1782991920,2026-07-02T04:32:00-07:00,36.4546375
1782991980,2026-07-02T04:33:00-07:00,36.4546375
1782992100,2026-07-02T04:35:00-07:00,35.16174983333333
1782992160,2026-07-02T04:36:00-07:00,35.16174983333333
1782992220,2026-07-02T04:37:00-07:00,35.16174983333333
1782992280,2026-07-02T04:38:00-07:00,35.16174983333333
1782992340,2026-07-02T04:39:00-07:00,35.16174983333333
1782992460,2026-07-02T04:41:00-07:00,35.069641
1782992520,2026-07-02T04:42:00-07:00,35.069641
1782992580,2026-07-02T04:43:00-07:00,35.069641
1782992640,2026-07-02T04:44:00-07:00,35.069641
1782992700,2026-07-02T04:45:00-07:00,35.069641
1782992760,2026-07-02T04:46:00-07:00,32.30099833333333
1782992820,2026-07-02T04:47:00-07:00,32.30099833333333
1782992880,2026-07-02T04:48:00-07:00,32.30099833333333
1782992940,2026-07-02T04:49:00-07:00,32.30099833333333
1782993000,2026-07-02T04:50:00-07:00,32.30099833333333
1782993060,2026-07-02T04:51:00-07:00,35.55615216666667
1782993120,2026-07-02T04:52:00-07:00,35.55615216666667
1782993180,2026-07-02T04:53:00-07:00,35.55615216666667
1782993240,2026-07-02T04:54:00-07:00,35.55615216666667
1782993300,2026-07-02T04:55:00-07:00,35.55615216666667
1782993420,2026-07-02T04:57:00-07:00,39.115593999999994
1782993480,2026-07-02T04:58:00-07:00,39.115593999999994
1782993540,2026-07-02T04:59:00-07:00,39.115593999999994
1782993600,2026-07-02T05:00:00-07:00,39.115593999999994
1782993660,2026-07-02T05:01:00-07:00,39.115593999999994
1782993720,2026-07-02T05:02:00-07:00,72.6047905
1782993780,2026-07-02T05:03:00-07:00,72.6047905
1782993840,2026-07-02T05:04:00-07:00,72.6047905
1782993900,2026-07-02T05:05:00-07:00,72.6047905
1782993960,2026-07-02T05:06:00-07:00,72.6047905
1782994080,2026-07-02T05:08:00-07:00,34.412672333333326
1782994140,2026-07-02T05:09:00-07:00,34.412672333333326
1782994200,2026-07-02T05:10:00-07:00,34.412672333333326
1782994260,2026-07-02T05:11:00-07:00,34.412672333333326
1782994320,2026-07-02T05:12:00-07:00,34.412672333333326
1782994380,2026-07-02T05:13:00-07:00,36.23702683333334
1782994440,2026-07-02T05:14:00-07:00,36.23702683333334
1782994500,2026-07-02T05:15:00-07:00,36.23702683333334
1782994560,2026-07-02T05:16:00-07:00,36.23702683333334
1782994620,2026-07-02T05:17:00-07:00,36.23702683333334
1782994680,2026-07-02T05:18:00-07:00,64.59419749999999
1782994740,2026-07-02T05:19:00-07:00,64.59419749999999
1782994800,2026-07-02T05:20:00-07:00,64.59419749999999
1782994860,2026-07-02T05:21:00-07:00,64.59419749999999
1782994920,2026-07-02T05:22:00-07:00,64.59419749999999
1782995040,2026-07-02T05:24:00-07:00,33.02429899999999
1782995100,2026-07-02T05:25:00-07:00,33.02429899999999
1782995160,2026-07-02T05:26:00-07:00,33.02429899999999
1782995220,2026-07-02T05:27:00-07:00,33.02429899999999
1782995280,2026-07-02T05:28:00-07:00,33.02429899999999
1782995400,2026-07-02T05:30:00-07:00,37.91274683333333
1782995460,2026-07-02T05:31:00-07:00,37.91274683333333
1782995520,2026-07-02T05:32:00-07:00,37.91274683333333
1782995580,2026-07-02T05:33:00-07:00,37.91274683333333
1782995640,2026-07-02T05:34:00-07:00,37.91274683333333
1782995700,2026-07-02T05:35:00-07:00,66.51818183333334
1782995760,2026-07-02T05:36:00-07:00,66.51818183333334
1782995820,2026-07-02T05:37:00-07:00,66.51818183333334
1782995880,2026-07-02T05:38:00-07:00,66.51818183333334
1782995940,2026-07-02T05:39:00-07:00,66.51818183333334
1782996000,2026-07-02T05:40:00-07:00,65.789429
1782996060,2026-07-02T05:41:00-07:00,65.789429
1782996120,2026-07-02T05:42:00-07:00,65.789429
1782996180,2026-07-02T05:43:00-07:00,65.789429
1782996240,2026-07-02T05:44:00-07:00,65.789429
1782996300,2026-07-02T05:45:00-07:00,41.597893666666664
1782996360,2026-07-02T05:46:00-07:00,41.597893666666664
1782996420,2026-07-02T05:47:00-07:00,41.597893666666664
1782996480,2026-07-02T05:48:00-07:00,41.597893666666664
1782996540,2026-07-02T05:49:00-07:00,41.597893666666664
1782996600,2026-07-02T05:50:00-07:00,38.9454685
1782996660,2026-07-02T05:51:00-07:00,38.9454685
1782996720,2026-07-02T05:52:00-07:00,38.9454685
1782996780,2026-07-02T05:53:00-07:00,38.9454685
1782996840,2026-07-02T05:54:00-07:00,38.9454685
1782998100,2026-07-02T06:15:00-07:00,210.39866833333335
1782998160,2026-07-02T06:16:00-07:00,210.39866833333335
1782998220,2026-07-02T06:17:00-07:00,210.39866833333335
1782998280,2026-07-02T06:18:00-07:00,210.39866833333335
1782998340,2026-07-02T06:19:00-07:00,210.39866833333335
1782998400,2026-07-02T06:20:00-07:00,33.93347816666667
1782998460,2026-07-02T06:21:00-07:00,33.93347816666667
1782998520,2026-07-02T06:22:00-07:00,33.93347816666667
1782998580,2026-07-02T06:23:00-07:00,33.93347816666667
1782998640,2026-07-02T06:24:00-07:00,33.93347816666667
1782998700,2026-07-02T06:25:00-07:00,37.449103666666666
1782998760,2026-07-02T06:26:00-07:00,37.449103666666666
1782998820,2026-07-02T06:27:00-07:00,37.449103666666666
1782998880,2026-07-02T06:28:00-07:00,37.449103666666666
1782998940,2026-07-02T06:29:00-07:00,37.449103666666666
1782999000,2026-07-02T06:30:00-07:00,31.64346
1782999060,2026-07-02T06:31:00-07:00,31.64346
1782999120,2026-07-02T06:32:00-07:00,31.64346
1782999180,2026-07-02T06:33:00-07:00,31.64346
1782999240,2026-07-02T06:34:00-07:00,31.64346
1782999360,2026-07-02T06:36:00-07:00,35.83434383333333
1782999420,2026-07-02T06:37:00-07:00,35.83434383333333
1782999480,2026-07-02T06:38:00-07:00,35.83434383333333
1782999540,2026-07-02T06:39:00-07:00,35.83434383333333
1782999600,2026-07-02T06:40:00-07:00,35.83434383333333
1782999960,2026-07-02T06:46:00-07:00,40.25665983333334
1783000020,2026-07-02T06:47:00-07:00,40.25665983333334
1783000080,2026-07-02T06:48:00-07:00,40.25665983333334
1783000140,2026-07-02T06:49:00-07:00,40.25665983333334
1783000200,2026-07-02T06:50:00-07:00,40.25665983333334
1783000260,2026-07-02T06:51:00-07:00,130.14897999999997
1783000320,2026-07-02T06:52:00-07:00,130.14897999999997
1783000380,2026-07-02T06:53:00-07:00,130.14897999999997
1783000440,2026-07-02T06:54:00-07:00,130.14897999999997
1783000500,2026-07-02T06:55:00-07:00,130.14897999999997
1783000560,2026-07-02T06:56:00-07:00,56.40766716666666
1783000620,2026-07-02T06:57:00-07:00,56.40766716666666
1783000680,2026-07-02T06:58:00-07:00,56.40766716666666
1783000740,2026-07-02T06:59:00-07:00,56.40766716666666
1783000800,2026-07-02T07:00:00-07:00,56.40766716666666
1783000860,2026-07-02T07:01:00-07:00,34.83384183333333
1783000920,2026-07-02T07:02:00-07:00,34.83384183333333
1783000980,2026-07-02T07:03:00-07:00,34.83384183333333
1783001040,2026-07-02T07:04:00-07:00,34.83384183333333
1783001100,2026-07-02T07:05:00-07:00,34.83384183333333
1783001160,2026-07-02T07:06:00-07:00,22.87657333333333
1783001220,2026-07-02T07:07:00-07:00,22.87657333333333
1783001280,2026-07-02T07:08:00-07:00,22.87657333333333
1783001340,2026-07-02T07:09:00-07:00,22.87657333333333
1783001400,2026-07-02T07:10:00-07:00,22.87657333333333
1783001460,2026-07-02T07:11:00-07:00,36.426744666666664
1783001520,2026-07-02T07:12:00-07:00,36.426744666666664
1783001580,2026-07-02T07:13:00-07:00,36.426744666666664
1783001640,2026-07-02T07:14:00-07:00,36.426744666666664
1783001700,2026-07-02T07:15:00-07:00,36.426744666666664
1783001760,2026-07-02T07:16:00-07:00,35.28346083333333
1783001820,2026-07-02T07:17:00-07:00,35.28346083333333
1783001880,2026-07-02T07:18:00-07:00,35.28346083333333
1783001940,2026-07-02T07:19:00-07:00,35.28346083333333
1783002000,2026-07-02T07:20:00-07:00,35.28346083333333
1783002180,2026-07-02T07:23:00-07:00,34.163641999999996
1783002240,2026-07-02T07:24:00-07:00,34.163641999999996
1783002300,2026-07-02T07:25:00-07:00,34.163641999999996
1783002360,2026-07-02T07:26:00-07:00,34.163641999999996
1783002420,2026-07-02T07:27:00-07:00,34.163641999999996
1783002480,2026-07-02T07:28:00-07:00,31.962863333333335
1783002540,2026-07-02T07:29:00-07:00,31.962863333333335
1783002600,2026-07-02T07:30:00-07:00,31.962863333333335
1783002660,2026-07-02T07:31:00-07:00,31.962863333333335
1783002720,2026-07-02T07:32:00-07:00,31.962863333333335
1783002780,2026-07-02T07:33:00-07:00,62.20067016666667
1783002840,2026-07-02T07:34:00-07:00,62.20067016666667
1783002900,2026-07-02T07:35:00-07:00,62.20067016666667
1783002960,2026-07-02T07:36:00-07:00,62.20067016666667
1783003020,2026-07-02T07:37:00-07:00,62.20067016666667
1783003140,2026-07-02T07:39:00-07:00,34.86185699999999
1783003200,2026-07-02T07:40:00-07:00,34.86185699999999
1783003260,2026-07-02T07:41:00-07:00,34.86185699999999
1783003320,2026-07-02T07:42:00-07:00,34.86185699999999
1783003380,2026-07-02T07:43:00-07:00,34.86185699999999
1783003440,2026-07-02T07:44:00-07:00,36.209343833333335
1783003500,2026-07-02T07:45:00-07:00,36.209343833333335
1783003560,2026-07-02T07:46:00-07:00,36.209343833333335
1783003620,2026-07-02T07:47:00-07:00,36.209343833333335
1783003680,2026-07-02T07:48:00-07:00,36.209343833333335
1783003800,2026-07-02T07:50:00-07:00,36.328098
1783003860,2026-07-02T07:51:00-07:00,36.328098
1783003920,2026-07-02T07:52:00-07:00,36.328098
1783003980,2026-07-02T07:53:00-07:00,36.328098
1783004040,2026-07-02T07:54:00-07:00,36.328098
1783004160,2026-07-02T07:56:00-07:00,33.96936733333333
1783004220,2026-07-02T07:57:00-07:00,33.96936733333333
1783004280,2026-07-02T07:58:00-07:00,33.96936733333333
1783004340,2026-07-02T07:59:00-07:00,33.96936733333333
1783004400,2026-07-02T08:00:00-07:00,33.96936733333333
1783004520,2026-07-02T08:02:00-07:00,35.071343166666665
1783004580,2026-07-02T08:03:00-07:00,35.071343166666665
1783004640,2026-07-02T08:04:00-07:00,35.071343166666665
1783004700,2026-07-02T08:05:00-07:00,35.071343166666665
1783004760,2026-07-02T08:06:00-07:00,35.071343166666665
1783004880,2026-07-02T08:08:00-07:00,33.89858
1783004940,2026-07-02T08:09:00-07:00,33.89858
1783005000,2026-07-02T08:10:00-07:00,33.89858
1783005060,2026-07-02T08:11:00-07:00,33.89858
1783005120,2026-07-02T08:12:00-07:00,33.89858
1783005180,2026-07-02T08:13:00-07:00,39.85275600000001
1783005240,2026-07-02T08:14:00-07:00,39.85275600000001
1783005300,2026-07-02T08:15:00-07:00,39.85275600000001
1783005360,2026-07-02T08:16:00-07:00,39.85275600000001
1783005420,2026-07-02T08:17:00-07:00,39.85275600000001
1783005480,2026-07-02T08:18:00-07:00,33.9205525
1783005540,2026-07-02T08:19:00-07:00,33.9205525
1783005600,2026-07-02T08:20:00-07:00,33.9205525
1783005660,2026-07-02T08:21:00-07:00,33.9205525
1783005720,2026-07-02T08:22:00-07:00,33.9205525
1783005900,2026-07-02T08:25:00-07:00,47.458021333333335
1783005960,2026-07-02T08:26:00-07:00,47.458021333333335
1783006020,2026-07-02T08:27:00-07:00,47.458021333333335
1783006080,2026-07-02T08:28:00-07:00,47.458021333333335
1783006140,2026-07-02T08:29:00-07:00,47.458021333333335
1783006260,2026-07-02T08:31:00-07:00,45.685641999999994
1783006320,2026-07-02T08:32:00-07:00,45.685641999999994
1783006380,2026-07-02T08:33:00-07:00,45.685641999999994
1783006440,2026-07-02T08:34:00-07:00,45.685641999999994
1783006500,2026-07-02T08:35:00-07:00,45.685641999999994
1783006620,2026-07-02T08:37:00-07:00,32.623657333333334
1783006680,2026-07-02T08:38:00-07:00,32.623657333333334
1783006740,2026-07-02T08:39:00-07:00,32.623657333333334
1783006800,2026-07-02T08:40:00-07:00,32.623657333333334
1783006860,2026-07-02T08:41:00-07:00,32.623657333333334
1783006980,2026-07-02T08:43:00-07:00,31.801499833333335
1783007040,2026-07-02T08:44:00-07:00,31.801499833333335
1783007100,2026-07-02T08:45:00-07:00,31.801499833333335
1783007160,2026-07-02T08:46:00-07:00,31.801499833333335
1783007220,2026-07-02T08:47:00-07:00,31.801499833333335
1783007400,2026-07-02T08:50:00-07:00,38.71090366666667
1783007460,2026-07-02T08:51:00-07:00,38.71090366666667
1783007520,2026-07-02T08:52:00-07:00,38.71090366666667
1783007580,2026-07-02T08:53:00-07:00,38.71090366666667
1783007640,2026-07-02T08:54:00-07:00,38.71090366666667
1783008120,2026-07-02T09:02:00-07:00,36.185533166666666
1783008180,2026-07-02T09:03:00-07:00,36.185533166666666
1783008240,2026-07-02T09:04:00-07:00,36.185533166666666
1783008300,2026-07-02T09:05:00-07:00,36.185533166666666
1783008360,2026-07-02T09:06:00-07:00,36.185533166666666
1783008480,2026-07-02T09:08:00-07:00,43.464640333333335
1783008540,2026-07-02T09:09:00-07:00,43.464640333333335
1783008600,2026-07-02T09:10:00-07:00,43.464640333333335
1783008660,2026-07-02T09:11:00-07:00,43.464640333333335
1783008720,2026-07-02T09:12:00-07:00,43.464640333333335
1783008840,2026-07-02T09:14:00-07:00,37.7909885
1783008900,2026-07-02T09:15:00-07:00,37.7909885
1783008960,2026-07-02T09:16:00-07:00,37.7909885
1783009020,2026-07-02T09:17:00-07:00,37.7909885
1783009080,2026-07-02T09:18:00-07:00,37.7909885
1783009680,2026-07-02T09:28:00-07:00,33.249789666666665
1783009740,2026-07-02T09:29:00-07:00,33.249789666666665
1783009800,2026-07-02T09:30:00-07:00,33.249789666666665
1783009860,2026-07-02T09:31:00-07:00,33.249789666666665
1783009920,2026-07-02T09:32:00-07:00,33.249789666666665
1783009980,2026-07-02T09:33:00-07:00,35.11793333333333
1783010040,2026-07-02T09:34:00-07:00,35.11793333333333
1783010100,2026-07-02T09:35:00-07:00,35.11793333333333
1783010160,2026-07-02T09:36:00-07:00,35.11793333333333
1783010220,2026-07-02T09:37:00-07:00,35.11793333333333
1783010340,2026-07-02T09:39:00-07:00,34.5014105
1783010400,2026-07-02T09:40:00-07:00,34.5014105
1783010460,2026-07-02T09:41:00-07:00,34.5014105
1783010520,2026-07-02T09:42:00-07:00,34.5014105
1783010580,2026-07-02T09:43:00-07:00,34.5014105
1783010640,2026-07-02T09:44:00-07:00,33.8543295
1783010700,2026-07-02T09:45:00-07:00,33.8543295
1783010760,2026-07-02T09:46:00-07:00,33.8543295
1783010820,2026-07-02T09:47:00-07:00,33.8543295
1783010880,2026-07-02T09:48:00-07:00,33.8543295
1783011000,2026-07-02T09:50:00-07:00,33.4577295
1783011060,2026-07-02T09:51:00-07:00,33.4577295
1783011120,2026-07-02T09:52:00-07:00,33.4577295
1783011180,2026-07-02T09:53:00-07:00,33.4577295
1783011240,2026-07-02T09:54:00-07:00,33.4577295
1783011360,2026-07-02T09:56:00-07:00,39.782321499999995
1783011420,2026-07-02T09:57:00-07:00,39.782321499999995
1783011480,2026-07-02T09:58:00-07:00,39.782321499999995
1783011540,2026-07-02T09:59:00-07:00,39.782321499999995
1783011600,2026-07-02T10:00:00-07:00,39.782321499999995
1783011780,2026-07-02T10:03:00-07:00,30.98357466666667
1783011840,2026-07-02T10:04:00-07:00,30.98357466666667
1783011900,2026-07-02T10:05:00-07:00,30.98357466666667
1783011960,2026-07-02T10:06:00-07:00,30.98357466666667
1783012020,2026-07-02T10:07:00-07:00,30.98357466666667
1783012140,2026-07-02T10:09:00-07:00,36.5832385
1783012200,2026-07-02T10:10:00-07:00,36.5832385
1783012260,2026-07-02T10:11:00-07:00,36.5832385
1783012320,2026-07-02T10:12:00-07:00,36.5832385
1783012380,2026-07-02T10:13:00-07:00,36.5832385
1783012440,2026-07-02T10:14:00-07:00,31.595621833333336
1783012500,2026-07-02T10:15:00-07:00,31.595621833333336
1783012560,2026-07-02T10:16:00-07:00,31.595621833333336
1783012620,2026-07-02T10:17:00-07:00,31.595621833333336
1783012680,2026-07-02T10:18:00-07:00,31.595621833333336
1783012800,2026-07-02T10:20:00-07:00,37.115451
1783012860,2026-07-02T10:21:00-07:00,37.115451
1783012920,2026-07-02T10:22:00-07:00,37.115451
1783012980,2026-07-02T10:23:00-07:00,37.115451
1783013040,2026-07-02T10:24:00-07:00,37.115451
1783013160,2026-07-02T10:26:00-07:00,34.29969633333334
1783013220,2026-07-02T10:27:00-07:00,34.29969633333334
1783013280,2026-07-02T10:28:00-07:00,34.29969633333334
1783013340,2026-07-02T10:29:00-07:00,34.29969633333334
1783013400,2026-07-02T10:30:00-07:00,34.29969633333334
1783013460,2026-07-02T10:31:00-07:00,33.22576933333334
1783013520,2026-07-02T10:32:00-07:00,33.22576933333334
1783013580,2026-07-02T10:33:00-07:00,33.22576933333334
1783013640,2026-07-02T10:34:00-07:00,33.22576933333334
1783013700,2026-07-02T10:35:00-07:00,33.22576933333334
1783013760,2026-07-02T10:36:00-07:00,41.013197
1783013820,2026-07-02T10:37:00-07:00,41.013197
1783013880,2026-07-02T10:38:00-07:00,41.013197
1783013940,2026-07-02T10:39:00-07:00,41.013197
1783014000,2026-07-02T10:40:00-07:00,41.013197
1783014060,2026-07-02T10:41:00-07:00,31.204427166666665
1783014120,2026-07-02T10:42:00-07:00,31.204427166666665
1783014180,2026-07-02T10:43:00-07:00,31.204427166666665
1783014240,2026-07-02T10:44:00-07:00,31.204427166666665
1783014300,2026-07-02T10:45:00-07:00,31.204427166666665
1783014420,2026-07-02T10:47:00-07:00,31.225552166666663
1783014480,2026-07-02T10:48:00-07:00,31.225552166666663
1783014540,2026-07-02T10:49:00-07:00,31.225552166666663
1783014600,2026-07-02T10:50:00-07:00,31.225552166666663
1783014660,2026-07-02T10:51:00-07:00,31.225552166666663
1783014720,2026-07-02T10:52:00-07:00,36.505032
1783014780,2026-07-02T10:53:00-07:00,36.505032
1783014840,2026-07-02T10:54:00-07:00,36.505032
1783014900,2026-07-02T10:55:00-07:00,36.505032
1783014960,2026-07-02T10:56:00-07:00,36.505032
1783015140,2026-07-02T10:59:00-07:00,36.34348566666667
1783015200,2026-07-02T11:00:00-07:00,36.34348566666667
1783015260,2026-07-02T11:01:00-07:00,36.34348566666667
1783015320,2026-07-02T11:02:00-07:00,36.34348566666667
1783015380,2026-07-02T11:03:00-07:00,36.34348566666667
1783015440,2026-07-02T11:04:00-07:00,32.06160500000001
1783015500,2026-07-02T11:05:00-07:00,32.06160500000001
1783015560,2026-07-02T11:06:00-07:00,32.06160500000001
1783015620,2026-07-02T11:07:00-07:00,32.06160500000001
1783015680,2026-07-02T11:08:00-07:00,32.06160500000001
1783015800,2026-07-02T11:10:00-07:00,36.7361315
1783015860,2026-07-02T11:11:00-07:00,36.7361315
1783015920,2026-07-02T11:12:00-07:00,36.7361315
1783015980,2026-07-02T11:13:00-07:00,36.7361315
1783016040,2026-07-02T11:14:00-07:00,36.7361315
1783016520,2026-07-02T11:22:00-07:00,36.01672383333333
1783016580,2026-07-02T11:23:00-07:00,36.01672383333333
1783016640,2026-07-02T11:24:00-07:00,36.01672383333333
1783016700,2026-07-02T11:25:00-07:00,36.01672383333333
1783016760,2026-07-02T11:26:00-07:00,36.01672383333333
1783016940,2026-07-02T11:29:00-07:00,36.2778795
1783017000,2026-07-02T11:30:00-07:00,36.2778795
1783017060,2026-07-02T11:31:00-07:00,36.2778795
1783017120,2026-07-02T11:32:00-07:00,36.2778795
1783017180,2026-07-02T11:33:00-07:00,36.2778795
1783017660,2026-07-02T11:41:00-07:00,31.434868833333336
1783017720,2026-07-02T11:42:00-07:00,31.434868833333336
1783017780,2026-07-02T11:43:00-07:00,31.434868833333336
1783017840,2026-07-02T11:44:00-07:00,31.434868833333336
1783017900,2026-07-02T11:45:00-07:00,31.434868833333336
1783018020,2026-07-02T11:47:00-07:00,33.5001225
1783018080,2026-07-02T11:48:00-07:00,33.5001225
1783018140,2026-07-02T11:49:00-07:00,33.5001225
1783018200,2026-07-02T11:50:00-07:00,33.5001225
1783018260,2026-07-02T11:51:00-07:00,33.5001225
1783018380,2026-07-02T11:53:00-07:00,77.89260533333332
1783018440,2026-07-02T11:54:00-07:00,77.89260533333332
1783018500,2026-07-02T11:55:00-07:00,77.89260533333332
1783018560,2026-07-02T11:56:00-07:00,77.89260533333332
1783018620,2026-07-02T11:57:00-07:00,77.89260533333332
1783018680,2026-07-02T11:58:00-07:00,71.788154
1783018740,2026-07-02T11:59:00-07:00,71.788154
1783018800,2026-07-02T12:00:00-07:00,71.788154
1783018860,2026-07-02T12:01:00-07:00,71.788154
1783018920,2026-07-02T12:02:00-07:00,71.788154
1783018980,2026-07-02T12:03:00-07:00,37.200602499999995
1783019040,2026-07-02T12:04:00-07:00,37.200602499999995
1783019100,2026-07-02T12:05:00-07:00,37.200602499999995
1783019160,2026-07-02T12:06:00-07:00,37.200602499999995
1783019220,2026-07-02T12:07:00-07:00,37.200602499999995
1783019280,2026-07-02T12:08:00-07:00,33.87613266666667
1783019340,2026-07-02T12:09:00-07:00,33.87613266666667
1783019400,2026-07-02T12:10:00-07:00,33.87613266666667
1783019460,2026-07-02T12:11:00-07:00,33.87613266666667
1783019520,2026-07-02T12:12:00-07:00,33.87613266666667
1783019640,2026-07-02T12:14:00-07:00,61.52853066666666
1783019700,2026-07-02T12:15:00-07:00,61.52853066666666
1783019760,2026-07-02T12:16:00-07:00,61.52853066666666
1783019820,2026-07-02T12:17:00-07:00,61.52853066666666
1783019880,2026-07-02T12:18:00-07:00,61.52853066666666
1783019940,2026-07-02T12:19:00-07:00,34.63326
1783020000,2026-07-02T12:20:00-07:00,34.63326
1783020060,2026-07-02T12:21:00-07:00,34.63326
1783020120,2026-07-02T12:22:00-07:00,34.63326
1783020180,2026-07-02T12:23:00-07:00,34.63326
1783020900,2026-07-02T12:35:00-07:00,31.798685833333337
1783020960,2026-07-02T12:36:00-07:00,31.798685833333337
1783021020,2026-07-02T12:37:00-07:00,31.798685833333337
1783021080,2026-07-02T12:38:00-07:00,31.798685833333337
1783021140,2026-07-02T12:39:00-07:00,31.798685833333337
1783021200,2026-07-02T12:40:00-07:00,38.176418999999996
1783021260,2026-07-02T12:41:00-07:00,38.176418999999996
1783021320,2026-07-02T12:42:00-07:00,38.176418999999996
1783021380,2026-07-02T12:43:00-07:00,38.176418999999996
1783021440,2026-07-02T12:44:00-07:00,38.176418999999996
1783021500,2026-07-02T12:45:00-07:00,30.369099833333337
1783021560,2026-07-02T12:46:00-07:00,30.369099833333337
1783021620,2026-07-02T12:47:00-07:00,30.369099833333337
1783021680,2026-07-02T12:48:00-07:00,30.369099833333337
1783021740,2026-07-02T12:49:00-07:00,30.369099833333337
1783021860,2026-07-02T12:51:00-07:00,131.97496216666667
1783021920,2026-07-02T12:52:00-07:00,131.97496216666667
1783021980,2026-07-02T12:53:00-07:00,131.97496216666667
1783022040,2026-07-02T12:54:00-07:00,131.97496216666667
1783022100,2026-07-02T12:55:00-07:00,131.97496216666667
1783022160,2026-07-02T12:56:00-07:00,35.5882565
1783022220,2026-07-02T12:57:00-07:00,35.5882565
1783022280,2026-07-02T12:58:00-07:00,35.5882565
1783022340,2026-07-02T12:59:00-07:00,35.5882565
1783022400,2026-07-02T13:00:00-07:00,35.5882565
1783022460,2026-07-02T13:01:00-07:00,31.642537500000003
1783022520,2026-07-02T13:02:00-07:00,31.642537500000003
1783022580,2026-07-02T13:03:00-07:00,31.642537500000003
1783022640,2026-07-02T13:04:00-07:00,31.642537500000003
1783022700,2026-07-02T13:05:00-07:00,31.642537500000003
1783022820,2026-07-02T13:07:00-07:00,51.18358033333333
1783022880,2026-07-02T13:08:00-07:00,51.18358033333333
1783022940,2026-07-02T13:09:00-07:00,51.18358033333333
1783023000,2026-07-02T13:10:00-07:00,51.18358033333333
1783023060,2026-07-02T13:11:00-07:00,51.18358033333333
1783023180,2026-07-02T13:13:00-07:00,41.42147516666666
1783023240,2026-07-02T13:14:00-07:00,41.42147516666666
1783023300,2026-07-02T13:15:00-07:00,41.42147516666666
1783023360,2026-07-02T13:16:00-07:00,41.42147516666666
1783023420,2026-07-02T13:17:00-07:00,41.42147516666666
1783023480,2026-07-02T13:18:00-07:00,40.957506
1783023540,2026-07-02T13:19:00-07:00,40.957506
1783023600,2026-07-02T13:20:00-07:00,40.957506
1783023660,2026-07-02T13:21:00-07:00,40.957506
1783023720,2026-07-02T13:22:00-07:00,40.957506
1783023900,2026-07-02T13:25:00-07:00,34.41710066666666
1783023960,2026-07-02T13:26:00-07:00,34.41710066666666
1783024020,2026-07-02T13:27:00-07:00,34.41710066666666
1783024080,2026-07-02T13:28:00-07:00,34.41710066666666
1783024140,2026-07-02T13:29:00-07:00,34.41710066666666
1783024200,2026-07-02T13:30:00-07:00,38.47784433333334
1783024260,2026-07-02T13:31:00-07:00,38.47784433333334
1783024320,2026-07-02T13:32:00-07:00,38.47784433333334
1783024380,2026-07-02T13:33:00-07:00,38.47784433333334
1783024440,2026-07-02T13:34:00-07:00,38.47784433333334
1783024500,2026-07-02T13:35:00-07:00,37.32961016666666
1783024560,2026-07-02T13:36:00-07:00,37.32961016666666
1783024620,2026-07-02T13:37:00-07:00,37.32961016666666
1783024680,2026-07-02T13:38:00-07:00,37.32961016666666
1783024740,2026-07-02T13:39:00-07:00,37.32961016666666
1783024800,2026-07-02T13:40:00-07:00,36.306355833333335
1783024860,2026-07-02T13:41:00-07:00,36.306355833333335
1783024920,2026-07-02T13:42:00-07:00,36.306355833333335
1783024980,2026-07-02T13:43:00-07:00,36.306355833333335
1783025040,2026-07-02T13:44:00-07:00,36.306355833333335
1783025160,2026-07-02T13:46:00-07:00,31.679307999999995
1783025220,2026-07-02T13:47:00-07:00,31.679307999999995
1783025280,2026-07-02T13:48:00-07:00,31.679307999999995
1783025340,2026-07-02T13:49:00-07:00,31.679307999999995
1783025400,2026-07-02T13:50:00-07:00,31.679307999999995
1783025460,2026-07-02T13:51:00-07:00,37.56962083333333
1783025520,2026-07-02T13:52:00-07:00,37.56962083333333
1783025580,2026-07-02T13:53:00-07:00,37.56962083333333
1783025640,2026-07-02T13:54:00-07:00,37.56962083333333
1783025700,2026-07-02T13:55:00-07:00,37.56962083333333
1783025760,2026-07-02T13:56:00-07:00,37.11794016666667
1783025820,2026-07-02T13:57:00-07:00,37.11794016666667
1783025880,2026-07-02T13:58:00-07:00,37.11794016666667
1783025940,2026-07-02T13:59:00-07:00,37.11794016666667
1783026000,2026-07-02T14:00:00-07:00,37.11794016666667
1783026060,2026-07-02T14:01:00-07:00,43.58796516666667
1783026120,2026-07-02T14:02:00-07:00,43.58796516666667
1783026180,2026-07-02T14:03:00-07:00,43.58796516666667
1783026240,2026-07-02T14:04:00-07:00,43.58796516666667
1783026300,2026-07-02T14:05:00-07:00,43.58796516666667
1783026420,2026-07-02T14:07:00-07:00,35.28726533333333
1783026480,2026-07-02T14:08:00-07:00,35.28726533333333
1783026540,2026-07-02T14:09:00-07:00,35.28726533333333
1783026600,2026-07-02T14:10:00-07:00,35.28726533333333
1783026660,2026-07-02T14:11:00-07:00,35.28726533333333
1783026780,2026-07-02T14:13:00-07:00,29.856058666666666
1783026840,2026-07-02T14:14:00-07:00,29.856058666666666
1783026900,2026-07-02T14:15:00-07:00,29.856058666666666
1783026960,2026-07-02T14:16:00-07:00,29.856058666666666
1783027020,2026-07-02T14:17:00-07:00,29.856058666666666
1783027140,2026-07-02T14:19:00-07:00,70.33496099999999
1783027200,2026-07-02T14:20:00-07:00,70.33496099999999
1783027260,2026-07-02T14:21:00-07:00,70.33496099999999
1783027320,2026-07-02T14:22:00-07:00,70.33496099999999
1783027380,2026-07-02T14:23:00-07:00,70.33496099999999
1783027500,2026-07-02T14:25:00-07:00,33.479933
1783027560,2026-07-02T14:26:00-07:00,33.479933
1783027620,2026-07-02T14:27:00-07:00,33.479933
1783027680,2026-07-02T14:28:00-07:00,33.479933
1783027740,2026-07-02T14:29:00-07:00,33.479933
1783027800,2026-07-02T14:30:00-07:00,38.36742466666667
1783027860,2026-07-02T14:31:00-07:00,38.36742466666667
1783027920,2026-07-02T14:32:00-07:00,38.36742466666667
1783027980,2026-07-02T14:33:00-07:00,38.36742466666667
1783028040,2026-07-02T14:34:00-07:00,38.36742466666667
1783028160,2026-07-02T14:36:00-07:00,35.66703999999999
1783028220,2026-07-02T14:37:00-07:00,35.66703999999999
1783028280,2026-07-02T14:38:00-07:00,35.66703999999999
1783028340,2026-07-02T14:39:00-07:00,35.66703999999999
1783028400,2026-07-02T14:40:00-07:00,35.66703999999999
1783028520,2026-07-02T14:42:00-07:00,39.865668166666666
1783028580,2026-07-02T14:43:00-07:00,39.865668166666666
1783028640,2026-07-02T14:44:00-07:00,39.865668166666666
1783028700,2026-07-02T14:45:00-07:00,39.865668166666666
1783028760,2026-07-02T14:46:00-07:00,39.865668166666666
1783028820,2026-07-02T14:47:00-07:00,32.654134
1783028880,2026-07-02T14:48:00-07:00,32.654134
1783028940,2026-07-02T14:49:00-07:00,32.654134
1783029000,2026-07-02T14:50:00-07:00,32.654134
1783029060,2026-07-02T14:51:00-07:00,32.654134
1783029120,2026-07-02T14:52:00-07:00,47.510504999999995
1783029180,2026-07-02T14:53:00-07:00,47.510504999999995
1783029240,2026-07-02T14:54:00-07:00,47.510504999999995
1783029300,2026-07-02T14:55:00-07:00,47.510504999999995
1783029360,2026-07-02T14:56:00-07:00,47.510504999999995
1783029420,2026-07-02T14:57:00-07:00,26.31946483333333
1783029480,2026-07-02T14:58:00-07:00,26.31946483333333
1783029540,2026-07-02T14:59:00-07:00,26.31946483333333
1783029600,2026-07-02T15:00:00-07:00,26.31946483333333
1783029660,2026-07-02T15:01:00-07:00,26.31946483333333
1783029720,2026-07-02T15:02:00-07:00,37.70045983333333
1783029780,2026-07-02T15:03:00-07:00,37.70045983333333
1783029840,2026-07-02T15:04:00-07:00,37.70045983333333
1783029900,2026-07-02T15:05:00-07:00,37.70045983333333
1783029960,2026-07-02T15:06:00-07:00,37.70045983333333
1783030080,2026-07-02T15:08:00-07:00,33.61207383333333
1783030140,2026-07-02T15:09:00-07:00,33.61207383333333
1783030200,2026-07-02T15:10:00-07:00,33.61207383333333
1783030260,2026-07-02T15:11:00-07:00,33.61207383333333
1783030320,2026-07-02T15:12:00-07:00,33.61207383333333
1783030380,2026-07-02T15:13:00-07:00,54.472317333333336
1783030440,2026-07-02T15:14:00-07:00,54.472317333333336
1783030500,2026-07-02T15:15:00-07:00,54.472317333333336
1783030560,2026-07-02T15:16:00-07:00,54.472317333333336
1783030620,2026-07-02T15:17:00-07:00,54.472317333333336
1783030680,2026-07-02T15:18:00-07:00,55.67946416666666
1783030740,2026-07-02T15:19:00-07:00,55.67946416666666
1783030800,2026-07-02T15:20:00-07:00,55.67946416666666
1783030860,2026-07-02T15:21:00-07:00,55.67946416666666
1783030920,2026-07-02T15:22:00-07:00,55.67946416666666
1783030980,2026-07-02T15:23:00-07:00,42.938151000000005
1783031040,2026-07-02T15:24:00-07:00,42.938151000000005
1783031100,2026-07-02T15:25:00-07:00,42.938151000000005
1783031160,2026-07-02T15:26:00-07:00,42.938151000000005
1783031220,2026-07-02T15:27:00-07:00,42.938151000000005
1783031280,2026-07-02T15:28:00-07:00,44.359287
1783031340,2026-07-02T15:29:00-07:00,44.359287
1783031400,2026-07-02T15:30:00-07:00,44.359287
1783031460,2026-07-02T15:31:00-07:00,44.359287
1783031520,2026-07-02T15:32:00-07:00,44.359287
1783031880,2026-07-02T15:38:00-07:00,41.24961316666667
1783031940,2026-07-02T15:39:00-07:00,41.24961316666667
1783032000,2026-07-02T15:40:00-07:00,41.24961316666667
1783032060,2026-07-02T15:41:00-07:00,41.24961316666667
1783032120,2026-07-02T15:42:00-07:00,41.24961316666667
1783032180,2026-07-02T15:43:00-07:00,44.6344805
1783032240,2026-07-02T15:44:00-07:00,44.6344805
1783032300,2026-07-02T15:45:00-07:00,44.6344805
1783032360,2026-07-02T15:46:00-07:00,44.6344805
1783032420,2026-07-02T15:47:00-07:00,44.6344805
1783032480,2026-07-02T15:48:00-07:00,31.16373033333333
1783032540,2026-07-02T15:49:00-07:00,31.16373033333333
1783032600,2026-07-02T15:50:00-07:00,31.16373033333333
1783032660,2026-07-02T15:51:00-07:00,31.16373033333333
1783032720,2026-07-02T15:52:00-07:00,31.16373033333333
1783032780,2026-07-02T15:53:00-07:00,36.97059466666666
1783032840,2026-07-02T15:54:00-07:00,36.97059466666666
1783032900,2026-07-02T15:55:00-07:00,36.97059466666666
1783032960,2026-07-02T15:56:00-07:00,36.97059466666666
1783033020,2026-07-02T15:57:00-07:00,36.97059466666666
1783033080,2026-07-02T15:58:00-07:00,51.48376483333334
1783033140,2026-07-02T15:59:00-07:00,51.48376483333334
1783033200,2026-07-02T16:00:00-07:00,51.48376483333334
1783033260,2026-07-02T16:01:00-07:00,51.48376483333334
1783033320,2026-07-02T16:02:00-07:00,51.48376483333334
1783033380,2026-07-02T16:03:00-07:00,39.736802833333336
1783033440,2026-07-02T16:04:00-07:00,39.736802833333336
1783033500,2026-07-02T16:05:00-07:00,39.736802833333336
1783033560,2026-07-02T16:06:00-07:00,39.736802833333336
1783033620,2026-07-02T16:07:00-07:00,39.736802833333336
1783033680,2026-07-02T16:08:00-07:00,129.6014065
1783033740,2026-07-02T16:09:00-07:00,129.6014065
1783033800,2026-07-02T16:10:00-07:00,129.6014065
1783033860,2026-07-02T16:11:00-07:00,129.6014065
1783033920,2026-07-02T16:12:00-07:00,129.6014065
1783034700,2026-07-02T16:25:00-07:00,45.50273983333333
1783034760,2026-07-02T16:26:00-07:00,45.50273983333333
1783034820,2026-07-02T16:27:00-07:00,45.50273983333333
1783034880,2026-07-02T16:28:00-07:00,45.50273983333333
1783034940,2026-07-02T16:29:00-07:00,45.50273983333333
1783035000,2026-07-02T16:30:00-07:00,92.97431133333333
1783035060,2026-07-02T16:31:00-07:00,92.97431133333333
1783035120,2026-07-02T16:32:00-07:00,92.97431133333333
1783035180,2026-07-02T16:33:00-07:00,92.97431133333333
1783035240,2026-07-02T16:34:00-07:00,92.97431133333333
1783035660,2026-07-02T16:41:00-07:00,41.49580216666667
1783035720,2026-07-02T16:42:00-07:00,41.49580216666667
1783035780,2026-07-02T16:43:00-07:00,41.49580216666667
1783035840,2026-07-02T16:44:00-07:00,41.49580216666667
1783035900,2026-07-02T16:45:00-07:00,41.49580216666667
1783036020,2026-07-02T16:47:00-07:00,34.62702783333334
1783036080,2026-07-02T16:48:00-07:00,34.62702783333334
1783036140,2026-07-02T16:49:00-07:00,34.62702783333334
1783036200,2026-07-02T16:50:00-07:00,34.62702783333334
1783036260,2026-07-02T16:51:00-07:00,34.62702783333334
1783036380,2026-07-02T16:53:00-07:00,66.77718116666667
1783036440,2026-07-02T16:54:00-07:00,66.77718116666667
1783036500,2026-07-02T16:55:00-07:00,66.77718116666667
1783036560,2026-07-02T16:56:00-07:00,66.77718116666667
1783036620,2026-07-02T16:57:00-07:00,66.77718116666667
1783036680,2026-07-02T16:58:00-07:00,68.89811216666666
1783036740,2026-07-02T16:59:00-07:00,68.89811216666666
1783036800,2026-07-02T17:00:00-07:00,68.89811216666666
1783036860,2026-07-02T17:01:00-07:00,68.89811216666666
1783036920,2026-07-02T17:02:00-07:00,68.89811216666666
1783036980,2026-07-02T17:03:00-07:00,48.16918283333333
1783037040,2026-07-02T17:04:00-07:00,48.16918283333333
1783037100,2026-07-02T17:05:00-07:00,48.16918283333333
1783037160,2026-07-02T17:06:00-07:00,48.16918283333333
1783037220,2026-07-02T17:07:00-07:00,48.16918283333333
1783037400,2026-07-02T17:10:00-07:00,36.805169
1783037460,2026-07-02T17:11:00-07:00,36.805169
1783037520,2026-07-02T17:12:00-07:00,36.805169
1783037580,2026-07-02T17:13:00-07:00,36.805169
1783037640,2026-07-02T17:14:00-07:00,36.805169
1783038720,2026-07-02T17:32:00-07:00,41.53589516666667
1783038780,2026-07-02T17:33:00-07:00,41.53589516666667
1783038840,2026-07-02T17:34:00-07:00,41.53589516666667
1783038900,2026-07-02T17:35:00-07:00,41.53589516666667
1783038960,2026-07-02T17:36:00-07:00,41.53589516666667
1783039380,2026-07-02T17:43:00-07:00,38.619140333333334
1783039440,2026-07-02T17:44:00-07:00,38.619140333333334
1783039500,2026-07-02T17:45:00-07:00,38.619140333333334
1783039560,2026-07-02T17:46:00-07:00,38.619140333333334
1783039620,2026-07-02T17:47:00-07:00,38.619140333333334
1783039800,2026-07-02T17:50:00-07:00,37.67245833333333
1783039860,2026-07-02T17:51:00-07:00,37.67245833333333
1783039920,2026-07-02T17:52:00-07:00,37.67245833333333
1783039980,2026-07-02T17:53:00-07:00,37.67245833333333
1783040040,2026-07-02T17:54:00-07:00,37.67245833333333
1783040460,2026-07-02T18:01:00-07:00,43.648573166666665
1783040520,2026-07-02T18:02:00-07:00,43.648573166666665
1783040580,2026-07-02T18:03:00-07:00,43.648573166666665
1783040640,2026-07-02T18:04:00-07:00,43.648573166666665
1783040700,2026-07-02T18:05:00-07:00,43.648573166666665
1783040820,2026-07-02T18:07:00-07:00,35.3462795
1783040880,2026-07-02T18:08:00-07:00,35.3462795
1783040940,2026-07-02T18:09:00-07:00,35.3462795
1783041000,2026-07-02T18:10:00-07:00,35.3462795
1783041060,2026-07-02T18:11:00-07:00,35.3462795
1783041480,2026-07-02T18:18:00-07:00,52.88117133333333
1783041540,2026-07-02T18:19:00-07:00,52.88117133333333
1783041600,2026-07-02T18:20:00-07:00,52.88117133333333
1783041660,2026-07-02T18:21:00-07:00,52.88117133333333
1783041720,2026-07-02T18:22:00-07:00,52.88117133333333
1783042140,2026-07-02T18:29:00-07:00,54.70614283333333
1783042200,2026-07-02T18:30:00-07:00,54.70614283333333
1783042260,2026-07-02T18:31:00-07:00,54.70614283333333
1783042320,2026-07-02T18:32:00-07:00,54.70614283333333
1783042380,2026-07-02T18:33:00-07:00,54.70614283333333
1783042800,2026-07-02T18:40:00-07:00,39.200623
1783042860,2026-07-02T18:41:00-07:00,39.200623
1783042920,2026-07-02T18:42:00-07:00,39.200623
1783042980,2026-07-02T18:43:00-07:00,39.200623
1783043040,2026-07-02T18:44:00-07:00,39.200623
1783043160,2026-07-02T18:46:00-07:00,34.410224
1783043220,2026-07-02T18:47:00-07:00,34.410224
1783043280,2026-07-02T18:48:00-07:00,34.410224
1783043340,2026-07-02T18:49:00-07:00,34.410224
1783043400,2026-07-02T18:50:00-07:00,34.410224
1783043520,2026-07-02T18:52:00-07:00,70.40942383333332
1783043580,2026-07-02T18:53:00-07:00,70.40942383333332
1783043640,2026-07-02T18:54:00-07:00,70.40942383333332
1783043700,2026-07-02T18:55:00-07:00,70.40942383333332
1783043760,2026-07-02T18:56:00-07:00,70.40942383333332
1783044180,2026-07-02T19:03:00-07:00,37.224107499999995
1783044240,2026-07-02T19:04:00-07:00,37.224107499999995
1783044300,2026-07-02T19:05:00-07:00,37.224107499999995
1783044360,2026-07-02T19:06:00-07:00,37.224107499999995
1783044420,2026-07-02T19:07:00-07:00,37.224107499999995
1783044600,2026-07-02T19:10:00-07:00,37.479845
1783044660,2026-07-02T19:11:00-07:00,37.479845
1783044720,2026-07-02T19:12:00-07:00,37.479845
1783044780,2026-07-02T19:13:00-07:00,37.479845
1783044840,2026-07-02T19:14:00-07:00,37.479845
1783045020,2026-07-02T19:17:00-07:00,38.58268233333334
1783045080,2026-07-02T19:18:00-07:00,38.58268233333334
1783045140,2026-07-02T19:19:00-07:00,38.58268233333334
1783045200,2026-07-02T19:20:00-07:00,38.58268233333334
1783045260,2026-07-02T19:21:00-07:00,38.58268233333334
1783045380,2026-07-02T19:23:00-07:00,40.58551716666667
1783045440,2026-07-02T19:24:00-07:00,40.58551716666667
1783045500,2026-07-02T19:25:00-07:00,40.58551716666667
1783045560,2026-07-02T19:26:00-07:00,40.58551716666667
1783045620,2026-07-02T19:27:00-07:00,40.58551716666667
1783045740,2026-07-02T19:29:00-07:00,38.542948333333335
1783045800,2026-07-02T19:30:00-07:00,38.542948333333335
1783045860,2026-07-02T19:31:00-07:00,38.542948333333335
1783045920,2026-07-02T19:32:00-07:00,38.542948333333335
1783045980,2026-07-02T19:33:00-07:00,38.542948333333335
1783046100,2026-07-02T19:35:00-07:00,67.07175683333334
1783046160,2026-07-02T19:36:00-07:00,67.07175683333334
1783046220,2026-07-02T19:37:00-07:00,67.07175683333334
1783046280,2026-07-02T19:38:00-07:00,67.07175683333334
1783046340,2026-07-02T19:39:00-07:00,67.07175683333334
1783046400,2026-07-02T19:40:00-07:00,62.08262766666666
1783046460,2026-07-02T19:41:00-07:00,62.08262766666666
1783046520,2026-07-02T19:42:00-07:00,62.08262766666666
1783046580,2026-07-02T19:43:00-07:00,62.08262766666666
1783046640,2026-07-02T19:44:00-07:00,62.08262766666666
1783046760,2026-07-02T19:46:00-07:00,93.18195949999999
1783046820,2026-07-02T19:47:00-07:00,93.18195949999999
1783046880,2026-07-02T19:48:00-07:00,93.18195949999999
1783046940,2026-07-02T19:49:00-07:00,93.18195949999999
1783047000,2026-07-02T19:50:00-07:00,93.18195949999999
1783047120,2026-07-02T19:52:00-07:00,36.33673783333332
1783047180,2026-07-02T19:53:00-07:00,36.33673783333332
1783047240,2026-07-02T19:54:00-07:00,36.33673783333332
1783047300,2026-07-02T19:55:00-07:00,36.33673783333332
1783047360,2026-07-02T19:56:00-07:00,36.33673783333332
1783047900,2026-07-02T20:05:00-07:00,46.59061016666667
1783047960,2026-07-02T20:06:00-07:00,46.59061016666667
1783048020,2026-07-02T20:07:00-07:00,46.59061016666667
1783048080,2026-07-02T20:08:00-07:00,46.59061016666667
1783048140,2026-07-02T20:09:00-07:00,46.59061016666667
1783048260,2026-07-02T20:11:00-07:00,39.7013615
1783048320,2026-07-02T20:12:00-07:00,39.7013615
1783048380,2026-07-02T20:13:00-07:00,39.7013615
1783048440,2026-07-02T20:14:00-07:00,39.7013615
1783048500,2026-07-02T20:15:00-07:00,39.7013615
1783048560,2026-07-02T20:16:00-07:00,44.535699
1783048620,2026-07-02T20:17:00-07:00,44.535699
1783048680,2026-07-02T20:18:00-07:00,44.535699
1783048740,2026-07-02T20:19:00-07:00,44.535699
1783048800,2026-07-02T20:20:00-07:00,44.535699
1783048920,2026-07-02T20:22:00-07:00,271.69754279999995
1783048980,2026-07-02T20:23:00-07:00,271.69754279999995
1783049040,2026-07-02T20:24:00-07:00,271.69754279999995
1783049100,2026-07-02T20:25:00-07:00,271.69754279999995
1783049160,2026-07-02T20:26:00-07:00,271.69754279999995
1783050060,2026-07-02T20:41:00-07:00,156.26024049999998
1783050120,2026-07-02T20:42:00-07:00,156.26024049999998
1783050180,2026-07-02T20:43:00-07:00,156.26024049999998
1783050240,2026-07-02T20:44:00-07:00,156.26024049999998
1783050300,2026-07-02T20:45:00-07:00,156.26024049999998
1783050360,2026-07-02T20:46:00-07:00,37.70771633333333
1783050420,2026-07-02T20:47:00-07:00,37.70771633333333
1783050480,2026-07-02T20:48:00-07:00,37.70771633333333
1783050540,2026-07-02T20:49:00-07:00,37.70771633333333
1783050600,2026-07-02T20:50:00-07:00,37.70771633333333
1783050720,2026-07-02T20:52:00-07:00,38.8852335
1783050780,2026-07-02T20:53:00-07:00,38.8852335
1783050840,2026-07-02T20:54:00-07:00,38.8852335
1783050900,2026-07-02T20:55:00-07:00,38.8852335
1783050960,2026-07-02T20:56:00-07:00,38.8852335
1783051020,2026-07-02T20:57:00-07:00,40.64317483333334
1783051080,2026-07-02T20:58:00-07:00,40.64317483333334
1783051140,2026-07-02T20:59:00-07:00,40.64317483333334
1783051200,2026-07-02T21:00:00-07:00,40.64317483333334
1783051260,2026-07-02T21:01:00-07:00,40.64317483333334
1783051440,2026-07-02T21:04:00-07:00,36.566976000000004
1783051500,2026-07-02T21:05:00-07:00,36.566976000000004
1783051560,2026-07-02T21:06:00-07:00,36.566976000000004
1783051620,2026-07-02T21:07:00-07:00,36.566976000000004
1783051680,2026-07-02T21:08:00-07:00,36.566976000000004
1783051860,2026-07-02T21:11:00-07:00,35.08266883333334
1783051920,2026-07-02T21:12:00-07:00,35.08266883333334
1783051980,2026-07-02T21:13:00-07:00,35.08266883333334
1783052040,2026-07-02T21:14:00-07:00,35.08266883333334
1783052100,2026-07-02T21:15:00-07:00,35.08266883333334
1783052520,2026-07-02T21:22:00-07:00,37.528361
1783052580,2026-07-02T21:23:00-07:00,37.528361
1783052640,2026-07-02T21:24:00-07:00,37.528361
1783052700,2026-07-02T21:25:00-07:00,37.528361
1783052760,2026-07-02T21:26:00-07:00,37.528361
1783052820,2026-07-02T21:27:00-07:00,35.302083333333336
1783052880,2026-07-02T21:28:00-07:00,35.302083333333336
1783052940,2026-07-02T21:29:00-07:00,35.302083333333336
1783053000,2026-07-02T21:30:00-07:00,35.302083333333336
1783053060,2026-07-02T21:31:00-07:00,35.302083333333336
1783053780,2026-07-02T21:43:00-07:00,53.373114333333326
1783053840,2026-07-02T21:44:00-07:00,53.373114333333326
1783053900,2026-07-02T21:45:00-07:00,53.373114333333326
1783053960,2026-07-02T21:46:00-07:00,53.373114333333326
1783054020,2026-07-02T21:47:00-07:00,53.373114333333326
1783054080,2026-07-02T21:48:00-07:00,66.62841766666666
1783054140,2026-07-02T21:49:00-07:00,66.62841766666666
1783054200,2026-07-02T21:50:00-07:00,66.62841766666666
1783054260,2026-07-02T21:51:00-07:00,66.62841766666666
1783054320,2026-07-02T21:52:00-07:00,66.62841766666666
1783054380,2026-07-02T21:53:00-07:00,29.440735166666666
1783054440,2026-07-02T21:54:00-07:00,29.440735166666666
1783054500,2026-07-02T21:55:00-07:00,29.440735166666666
1783054560,2026-07-02T21:56:00-07:00,29.440735166666666
1783054620,2026-07-02T21:57:00-07:00,29.440735166666666
1783054680,2026-07-02T21:58:00-07:00,1104.52365175
1783054740,2026-07-02T21:59:00-07:00,1104.52365175
1783054800,2026-07-02T22:00:00-07:00,1104.52365175
1783054860,2026-07-02T22:01:00-07:00,1104.52365175
1783054920,2026-07-02T22:02:00-07:00,1104.52365175
1783055040,2026-07-02T22:04:00-07:00,39.62259233333333
1783055100,2026-07-02T22:05:00-07:00,39.62259233333333
1783055160,2026-07-02T22:06:00-07:00,39.62259233333333
1783055220,2026-07-02T22:07:00-07:00,39.62259233333333
1783055280,2026-07-02T22:08:00-07:00,39.62259233333333
1783055340,2026-07-02T22:09:00-07:00,41.730902500000006
1783055400,2026-07-02T22:10:00-07:00,41.730902500000006
1783055460,2026-07-02T22:11:00-07:00,41.730902500000006
1783055520,2026-07-02T22:12:00-07:00,41.730902500000006
1783055580,2026-07-02T22:13:00-07:00,41.730902500000006
1783055640,2026-07-02T22:14:00-07:00,33.79886216666667
1783055700,2026-07-02T22:15:00-07:00,33.79886216666667
1783055760,2026-07-02T22:16:00-07:00,33.79886216666667
1783055820,2026-07-02T22:17:00-07:00,33.79886216666667
1783055880,2026-07-02T22:18:00-07:00,33.79886216666667
1783055940,2026-07-02T22:19:00-07:00,39.07244850000001
1783056000,2026-07-02T22:20:00-07:00,39.07244850000001
1783056060,2026-07-02T22:21:00-07:00,39.07244850000001
1783056120,2026-07-02T22:22:00-07:00,39.07244850000001
1783056180,2026-07-02T22:23:00-07:00,39.07244850000001
1783056240,2026-07-02T22:24:00-07:00,60.500460833333335
1783056300,2026-07-02T22:25:00-07:00,60.500460833333335
1783056360,2026-07-02T22:26:00-07:00,60.500460833333335
1783056420,2026-07-02T22:27:00-07:00,60.500460833333335
1783056480,2026-07-02T22:28:00-07:00,60.500460833333335
1783056840,2026-07-02T22:34:00-07:00,36.93375666666667
1783056900,2026-07-02T22:35:00-07:00,36.93375666666667
1783056960,2026-07-02T22:36:00-07:00,36.93375666666667
1783057020,2026-07-02T22:37:00-07:00,36.93375666666667
1783057080,2026-07-02T22:38:00-07:00,36.93375666666667
1783057140,2026-07-02T22:39:00-07:00,45.06590433333333
1783057200,2026-07-02T22:40:00-07:00,45.06590433333333
1783057260,2026-07-02T22:41:00-07:00,45.06590433333333
1783057320,2026-07-02T22:42:00-07:00,45.06590433333333
1783057380,2026-07-02T22:43:00-07:00,45.06590433333333
1783057440,2026-07-02T22:44:00-07:00,43.080132166666665
1783057500,2026-07-02T22:45:00-07:00,43.080132166666665
1783057560,2026-07-02T22:46:00-07:00,43.080132166666665
1783057620,2026-07-02T22:47:00-07:00,43.080132166666665
1783057680,2026-07-02T22:48:00-07:00,43.080132166666665
1783058040,2026-07-02T22:54:00-07:00,42.11722833333334
1783058100,2026-07-02T22:55:00-07:00,42.11722833333334
1783058160,2026-07-02T22:56:00-07:00,42.11722833333334
1783058220,2026-07-02T22:57:00-07:00,42.11722833333334
1783058280,2026-07-02T22:58:00-07:00,42.11722833333334
1783058640,2026-07-02T23:04:00-07:00,717.8764855
1783058700,2026-07-02T23:05:00-07:00,717.8764855
1783058760,2026-07-02T23:06:00-07:00,717.8764855
1783058820,2026-07-02T23:07:00-07:00,717.8764855
1783058880,2026-07-02T23:08:00-07:00,717.8764855
1783059060,2026-07-02T23:11:00-07:00,293.13408766666674
1783059120,2026-07-02T23:12:00-07:00,293.13408766666674
1783059180,2026-07-02T23:13:00-07:00,293.13408766666674
1783059240,2026-07-02T23:14:00-07:00,293.13408766666674
1783059300,2026-07-02T23:15:00-07:00,293.13408766666674
1783059360,2026-07-02T23:16:00-07:00,497.28624816666667
1783059420,2026-07-02T23:17:00-07:00,497.28624816666667
1783059480,2026-07-02T23:18:00-07:00,497.28624816666667
1783059540,2026-07-02T23:19:00-07:00,497.28624816666667
1783059600,2026-07-02T23:20:00-07:00,497.28624816666667
1783059660,2026-07-02T23:21:00-07:00,422.65528
1783059720,2026-07-02T23:22:00-07:00,422.65528
1783059780,2026-07-02T23:23:00-07:00,422.65528
1783059840,2026-07-02T23:24:00-07:00,422.65528
1783059900,2026-07-02T23:25:00-07:00,422.65528
1783060020,2026-07-02T23:27:00-07:00,546.5748161666667
1783060080,2026-07-02T23:28:00-07:00,546.5748161666667
1783060140,2026-07-02T23:29:00-07:00,546.5748161666667
1783060200,2026-07-02T23:30:00-07:00,546.5748161666667
1783060260,2026-07-02T23:31:00-07:00,546.5748161666667
1783060320,2026-07-02T23:32:00-07:00,394.93828016666663
1783060380,2026-07-02T23:33:00-07:00,394.93828016666663
1783060440,2026-07-02T23:34:00-07:00,394.93828016666663
1783060500,2026-07-02T23:35:00-07:00,394.93828016666663
1783060560,2026-07-02T23:36:00-07:00,394.93828016666663
1783060620,2026-07-02T23:37:00-07:00,411.41397466666666
1783060680,2026-07-02T23:38:00-07:00,411.41397466666666
1783060740,2026-07-02T23:39:00-07:00,411.41397466666666
1783060800,2026-07-02T23:40:00-07:00,411.41397466666666
1783060860,2026-07-02T23:41:00-07:00,411.41397466666666
1783060920,2026-07-02T23:42:00-07:00,86.62439
1783060980,2026-07-02T23:43:00-07:00,86.62439
1783061040,2026-07-02T23:44:00-07:00,86.62439
1783061100,2026-07-02T23:45:00-07:00,86.62439
1783061160,2026-07-02T23:46:00-07:00,86.62439
1783061220,2026-07-02T23:47:00-07:00,83.34492300000001
1783061280,2026-07-02T23:48:00-07:00,83.34492300000001
1783061340,2026-07-02T23:49:00-07:00,83.34492300000001
1783061400,2026-07-02T23:50:00-07:00,83.34492300000001
1783061460,2026-07-02T23:51:00-07:00,83.34492300000001
1783061640,2026-07-02T23:54:00-07:00,416.70428483333336
1783061700,2026-07-02T23:55:00-07:00,416.70428483333336
1783061760,2026-07-02T23:56:00-07:00,416.70428483333336
1783061820,2026-07-02T23:57:00-07:00,416.70428483333336
1783061880,2026-07-02T23:58:00-07:00,416.70428483333336
1783061940,2026-07-02T23:59:00-07:00,56.18610333333334
1783062000,2026-07-03T00:00:00-07:00,56.18610333333334
1783062060,2026-07-03T00:01:00-07:00,56.18610333333334
1783062120,2026-07-03T00:02:00-07:00,56.18610333333334
1783062180,2026-07-03T00:03:00-07:00,56.18610333333334
1783062240,2026-07-03T00:04:00-07:00,226.19628250000002
1783062300,2026-07-03T00:05:00-07:00,226.19628250000002
1783062360,2026-07-03T00:06:00-07:00,226.19628250000002
1783062420,2026-07-03T00:07:00-07:00,226.19628250000002
1783062480,2026-07-03T00:08:00-07:00,226.19628250000002
1783062540,2026-07-03T00:09:00-07:00,222.68202033333333
1783062600,2026-07-03T00:10:00-07:00,222.68202033333333
1783062660,2026-07-03T00:11:00-07:00,222.68202033333333
1783062720,2026-07-03T00:12:00-07:00,222.68202033333333
1783062780,2026-07-03T00:13:00-07:00,222.68202033333333
1783062840,2026-07-03T00:14:00-07:00,62.030809
1783062900,2026-07-03T00:15:00-07:00,62.030809
1783062960,2026-07-03T00:16:00-07:00,62.030809
1783063020,2026-07-03T00:17:00-07:00,62.030809
1783063080,2026-07-03T00:18:00-07:00,62.030809
1783063140,2026-07-03T00:19:00-07:00,334.55334500000004
1783063200,2026-07-03T00:20:00-07:00,334.55334500000004
1783063260,2026-07-03T00:21:00-07:00,334.55334500000004
1783063320,2026-07-03T00:22:00-07:00,334.55334500000004
1783063380,2026-07-03T00:23:00-07:00,334.55334500000004
1783063500,2026-07-03T00:25:00-07:00,237.420485
1783063560,2026-07-03T00:26:00-07:00,237.420485
1783063620,2026-07-03T00:27:00-07:00,237.420485
1783063680,2026-07-03T00:28:00-07:00,237.420485
1783063740,2026-07-03T00:29:00-07:00,237.420485
1783063800,2026-07-03T00:30:00-07:00,183.67426799999998
1783063860,2026-07-03T00:31:00-07:00,183.67426799999998
1783063920,2026-07-03T00:32:00-07:00,183.67426799999998
1783063980,2026-07-03T00:33:00-07:00,183.67426799999998
1783064040,2026-07-03T00:34:00-07:00,183.67426799999998
1783064100,2026-07-03T00:35:00-07:00,155.16267916666666
1783064160,2026-07-03T00:36:00-07:00,155.16267916666666
1783064220,2026-07-03T00:37:00-07:00,155.16267916666666
1783064280,2026-07-03T00:38:00-07:00,155.16267916666666
1783064340,2026-07-03T00:39:00-07:00,155.16267916666666
1783064400,2026-07-03T00:40:00-07:00,101.47559283333334
1783064460,2026-07-03T00:41:00-07:00,101.47559283333334
1783064520,2026-07-03T00:42:00-07:00,101.47559283333334
1783064580,2026-07-03T00:43:00-07:00,101.47559283333334
1783064640,2026-07-03T00:44:00-07:00,101.47559283333334
1783064760,2026-07-03T00:46:00-07:00,45.38580316666667
1783064820,2026-07-03T00:47:00-07:00,45.38580316666667
1783064880,2026-07-03T00:48:00-07:00,45.38580316666667
1783064940,2026-07-03T00:49:00-07:00,45.38580316666667
1783065000,2026-07-03T00:50:00-07:00,45.38580316666667
1783065060,2026-07-03T00:51:00-07:00,35.524868500000004
1783065120,2026-07-03T00:52:00-07:00,35.524868500000004
1783065180,2026-07-03T00:53:00-07:00,35.524868500000004
1783065240,2026-07-03T00:54:00-07:00,35.524868500000004
1783065300,2026-07-03T00:55:00-07:00,35.524868500000004
1783065360,2026-07-03T00:56:00-07:00,71.54589866666667
1783065420,2026-07-03T00:57:00-07:00,71.54589866666667
1783065480,2026-07-03T00:58:00-07:00,71.54589866666667
1783065540,2026-07-03T00:59:00-07:00,71.54589866666667
1783065600,2026-07-03T01:00:00-07:00,71.54589866666667
1783065660,2026-07-03T01:01:00-07:00,74.2326455
1783065720,2026-07-03T01:02:00-07:00,74.2326455
1783065780,2026-07-03T01:03:00-07:00,74.2326455
1783065840,2026-07-03T01:04:00-07:00,74.2326455
1783065900,2026-07-03T01:05:00-07:00,74.2326455
1783065960,2026-07-03T01:06:00-07:00,48.19836416666667
1783066020,2026-07-03T01:07:00-07:00,48.19836416666667
1783066080,2026-07-03T01:08:00-07:00,48.19836416666667
1783066140,2026-07-03T01:09:00-07:00,48.19836416666667
1783066200,2026-07-03T01:10:00-07:00,48.19836416666667
1783066260,2026-07-03T01:11:00-07:00,60.0698715
1783066320,2026-07-03T01:12:00-07:00,60.0698715
1783066380,2026-07-03T01:13:00-07:00,60.0698715
1783066440,2026-07-03T01:14:00-07:00,60.0698715
1783066500,2026-07-03T01:15:00-07:00,60.0698715
1783066620,2026-07-03T01:17:00-07:00,62.7262845
1783066680,2026-07-03T01:18:00-07:00,62.7262845
1783066740,2026-07-03T01:19:00-07:00,62.7262845
1783066800,2026-07-03T01:20:00-07:00,62.7262845
1783066860,2026-07-03T01:21:00-07:00,62.7262845
1783066980,2026-07-03T01:23:00-07:00,36.78413883333334
1783067040,2026-07-03T01:24:00-07:00,36.78413883333334
1783067100,2026-07-03T01:25:00-07:00,36.78413883333334
1783067160,2026-07-03T01:26:00-07:00,36.78413883333334
1783067220,2026-07-03T01:27:00-07:00,36.78413883333334
1783067340,2026-07-03T01:29:00-07:00,36.10338683333333
1783067400,2026-07-03T01:30:00-07:00,36.10338683333333
1783067460,2026-07-03T01:31:00-07:00,36.10338683333333
1783067520,2026-07-03T01:32:00-07:00,36.10338683333333
1783067580,2026-07-03T01:33:00-07:00,36.10338683333333
1783067640,2026-07-03T01:34:00-07:00,38.0177545
1783067700,2026-07-03T01:35:00-07:00,38.0177545
1783067760,2026-07-03T01:36:00-07:00,38.0177545
1783067820,2026-07-03T01:37:00-07:00,38.0177545
1783067880,2026-07-03T01:38:00-07:00,38.0177545
1783068000,2026-07-03T01:40:00-07:00,65.79772966666665
1783068060,2026-07-03T01:41:00-07:00,65.79772966666665
1783068120,2026-07-03T01:42:00-07:00,65.79772966666665
1783068180,2026-07-03T01:43:00-07:00,65.79772966666665
1783068240,2026-07-03T01:44:00-07:00,65.79772966666665
1783068420,2026-07-03T01:47:00-07:00,46.6603935
1783068480,2026-07-03T01:48:00-07:00,46.6603935
1783068540,2026-07-03T01:49:00-07:00,46.6603935
1783068600,2026-07-03T01:50:00-07:00,46.6603935
1783068660,2026-07-03T01:51:00-07:00,46.6603935
1783068720,2026-07-03T01:52:00-07:00,42.15015333333333
1783068780,2026-07-03T01:53:00-07:00,42.15015333333333
1783068840,2026-07-03T01:54:00-07:00,42.15015333333333
1783068900,2026-07-03T01:55:00-07:00,42.15015333333333
1783068960,2026-07-03T01:56:00-07:00,42.15015333333333
1783069080,2026-07-03T01:58:00-07:00,37.6483765
1783069140,2026-07-03T01:59:00-07:00,37.6483765
1783069200,2026-07-03T02:00:00-07:00,37.6483765
1783069260,2026-07-03T02:01:00-07:00,37.6483765
1783069320,2026-07-03T02:02:00-07:00,37.6483765
1783069380,2026-07-03T02:03:00-07:00,73.06844083333333
1783069440,2026-07-03T02:04:00-07:00,73.06844083333333
1783069500,2026-07-03T02:05:00-07:00,73.06844083333333
1783069560,2026-07-03T02:06:00-07:00,73.06844083333333
1783069620,2026-07-03T02:07:00-07:00,73.06844083333333
1783069740,2026-07-03T02:09:00-07:00,65.18722216666667
1783069800,2026-07-03T02:10:00-07:00,65.18722216666667
1783069860,2026-07-03T02:11:00-07:00,65.18722216666667
1783069920,2026-07-03T02:12:00-07:00,65.18722216666667
1783069980,2026-07-03T02:13:00-07:00,65.18722216666667
1783070100,2026-07-03T02:15:00-07:00,35.378201000000004
1783070160,2026-07-03T02:16:00-07:00,35.378201000000004
1783070220,2026-07-03T02:17:00-07:00,35.378201000000004
1783070280,2026-07-03T02:18:00-07:00,35.378201000000004
1783070340,2026-07-03T02:19:00-07:00,35.378201000000004
1783070460,2026-07-03T02:21:00-07:00,35.18387216666667
1783070520,2026-07-03T02:22:00-07:00,35.18387216666667
1783070580,2026-07-03T02:23:00-07:00,35.18387216666667
1783070640,2026-07-03T02:24:00-07:00,35.18387216666667
1783070700,2026-07-03T02:25:00-07:00,35.18387216666667
1783070820,2026-07-03T02:27:00-07:00,48.806057166666676
1783070880,2026-07-03T02:28:00-07:00,48.806057166666676
1783070940,2026-07-03T02:29:00-07:00,48.806057166666676
1783071000,2026-07-03T02:30:00-07:00,48.806057166666676
1783071060,2026-07-03T02:31:00-07:00,48.806057166666676
1783071120,2026-07-03T02:32:00-07:00,41.430046833333336
1783071180,2026-07-03T02:33:00-07:00,41.430046833333336
1783071240,2026-07-03T02:34:00-07:00,41.430046833333336
1783071300,2026-07-03T02:35:00-07:00,41.430046833333336
1783071360,2026-07-03T02:36:00-07:00,41.430046833333336
1783071480,2026-07-03T02:38:00-07:00,37.82163499999999
1783071540,2026-07-03T02:39:00-07:00,37.82163499999999
1783071600,2026-07-03T02:40:00-07:00,37.82163499999999
1783071660,2026-07-03T02:41:00-07:00,37.82163499999999
1783071720,2026-07-03T02:42:00-07:00,37.82163499999999
1783071840,2026-07-03T02:44:00-07:00,34.90597183333334
1783071900,2026-07-03T02:45:00-07:00,34.90597183333334
1783071960,2026-07-03T02:46:00-07:00,34.90597183333334
1783072020,2026-07-03T02:47:00-07:00,34.90597183333334
1783072080,2026-07-03T02:48:00-07:00,34.90597183333334
1783072140,2026-07-03T02:49:00-07:00,55.8851115
1783072200,2026-07-03T02:50:00-07:00,55.8851115
1783072260,2026-07-03T02:51:00-07:00,55.8851115
1783072320,2026-07-03T02:52:00-07:00,55.8851115
1783072380,2026-07-03T02:53:00-07:00,55.8851115
1783072500,2026-07-03T02:55:00-07:00,35.32350683333333
1783072560,2026-07-03T02:56:00-07:00,35.32350683333333
1783072620,2026-07-03T02:57:00-07:00,35.32350683333333
1783072680,2026-07-03T02:58:00-07:00,35.32350683333333
1783072740,2026-07-03T02:59:00-07:00,35.32350683333333
1783072800,2026-07-03T03:00:00-07:00,37.35319
1783072860,2026-07-03T03:01:00-07:00,37.35319
1783072920,2026-07-03T03:02:00-07:00,37.35319
1783072980,2026-07-03T03:03:00-07:00,37.35319
1783073040,2026-07-03T03:04:00-07:00,37.35319
1783073100,2026-07-03T03:05:00-07:00,35.88628483333333
1783073160,2026-07-03T03:06:00-07:00,35.88628483333333
1783073220,2026-07-03T03:07:00-07:00,35.88628483333333
1783073280,2026-07-03T03:08:00-07:00,35.88628483333333
1783073340,2026-07-03T03:09:00-07:00,35.88628483333333
1783073400,2026-07-03T03:10:00-07:00,98.21759033333335
1783073460,2026-07-03T03:11:00-07:00,98.21759033333335
1783073520,2026-07-03T03:12:00-07:00,98.21759033333335
1783073580,2026-07-03T03:13:00-07:00,98.21759033333335
1783073640,2026-07-03T03:14:00-07:00,98.21759033333335
1783073760,2026-07-03T03:16:00-07:00,40.86591283333333
1783073820,2026-07-03T03:17:00-07:00,40.86591283333333
1783073880,2026-07-03T03:18:00-07:00,40.86591283333333
1783073940,2026-07-03T03:19:00-07:00,40.86591283333333
1783074000,2026-07-03T03:20:00-07:00,40.86591283333333
1783074120,2026-07-03T03:22:00-07:00,39.48258466666666
1783074180,2026-07-03T03:23:00-07:00,39.48258466666666
1783074240,2026-07-03T03:24:00-07:00,39.48258466666666
1783074300,2026-07-03T03:25:00-07:00,39.48258466666666
1783074360,2026-07-03T03:26:00-07:00,39.48258466666666
1783074420,2026-07-03T03:27:00-07:00,38.7992825
1783074480,2026-07-03T03:28:00-07:00,38.7992825
1783074540,2026-07-03T03:29:00-07:00,38.7992825
1783074600,2026-07-03T03:30:00-07:00,38.7992825
1783074660,2026-07-03T03:31:00-07:00,38.7992825
1783074720,2026-07-03T03:32:00-07:00,53.651299333333334
1783074780,2026-07-03T03:33:00-07:00,53.651299333333334
1783074840,2026-07-03T03:34:00-07:00,53.651299333333334
1783074900,2026-07-03T03:35:00-07:00,53.651299333333334
1783074960,2026-07-03T03:36:00-07:00,53.651299333333334
1783075080,2026-07-03T03:38:00-07:00,37.124579166666656
1783075140,2026-07-03T03:39:00-07:00,37.124579166666656
1783075200,2026-07-03T03:40:00-07:00,37.124579166666656
1783075260,2026-07-03T03:41:00-07:00,37.124579166666656
1783075320,2026-07-03T03:42:00-07:00,37.124579166666656
1783075440,2026-07-03T03:44:00-07:00,37.81759983333333
1783075500,2026-07-03T03:45:00-07:00,37.81759983333333
1783075560,2026-07-03T03:46:00-07:00,37.81759983333333
1783075620,2026-07-03T03:47:00-07:00,37.81759983333333
1783075680,2026-07-03T03:48:00-07:00,37.81759983333333
1783075740,2026-07-03T03:49:00-07:00,36.33138016666667
1783075800,2026-07-03T03:50:00-07:00,36.33138016666667
1783075860,2026-07-03T03:51:00-07:00,36.33138016666667
1783075920,2026-07-03T03:52:00-07:00,36.33138016666667
1783075980,2026-07-03T03:53:00-07:00,36.33138016666667
1783076040,2026-07-03T03:54:00-07:00,50.501919333333326
1783076100,2026-07-03T03:55:00-07:00,50.501919333333326
1783076160,2026-07-03T03:56:00-07:00,50.501919333333326
1783076220,2026-07-03T03:57:00-07:00,50.501919333333326
1783076280,2026-07-03T03:58:00-07:00,50.501919333333326
1783076400,2026-07-03T04:00:00-07:00,35.184251833333335
1783076460,2026-07-03T04:01:00-07:00,35.184251833333335
1783076520,2026-07-03T04:02:00-07:00,35.184251833333335
1783076580,2026-07-03T04:03:00-07:00,35.184251833333335
1783076640,2026-07-03T04:04:00-07:00,35.184251833333335
1783076700,2026-07-03T04:05:00-07:00,37.84394016666667
1783076760,2026-07-03T04:06:00-07:00,37.84394016666667
1783076820,2026-07-03T04:07:00-07:00,37.84394016666667
1783076880,2026-07-03T04:08:00-07:00,37.84394016666667
1783076940,2026-07-03T04:09:00-07:00,37.84394016666667
1783077000,2026-07-03T04:10:00-07:00,27.856255333333337
1783077060,2026-07-03T04:11:00-07:00,27.856255333333337
1783077120,2026-07-03T04:12:00-07:00,27.856255333333337
1783077180,2026-07-03T04:13:00-07:00,27.856255333333337
1783077240,2026-07-03T04:14:00-07:00,27.856255333333337
1783077300,2026-07-03T04:15:00-07:00,26.552564666666665
1783077360,2026-07-03T04:16:00-07:00,26.552564666666665
1783077420,2026-07-03T04:17:00-07:00,26.552564666666665
1783077480,2026-07-03T04:18:00-07:00,26.552564666666665
1783077540,2026-07-03T04:19:00-07:00,26.552564666666665
1783077600,2026-07-03T04:20:00-07:00,38.47478566666667
1783077660,2026-07-03T04:21:00-07:00,38.47478566666667
1783077720,2026-07-03T04:22:00-07:00,38.47478566666667
1783077780,2026-07-03T04:23:00-07:00,38.47478566666667
1783077840,2026-07-03T04:24:00-07:00,38.47478566666667
1783077900,2026-07-03T04:25:00-07:00,37.872491
1783077960,2026-07-03T04:26:00-07:00,37.872491
1783078020,2026-07-03T04:27:00-07:00,37.872491
1783078080,2026-07-03T04:28:00-07:00,37.872491
1783078140,2026-07-03T04:29:00-07:00,37.872491
1783078200,2026-07-03T04:30:00-07:00,39.41556116666667
1783078260,2026-07-03T04:31:00-07:00,39.41556116666667
1783078320,2026-07-03T04:32:00-07:00,39.41556116666667
1783078380,2026-07-03T04:33:00-07:00,39.41556116666667
1783078440,2026-07-03T04:34:00-07:00,39.41556116666667
1783078500,2026-07-03T04:35:00-07:00,34.840176
1783078560,2026-07-03T04:36:00-07:00,34.840176
1783078620,2026-07-03T04:37:00-07:00,34.840176
1783078680,2026-07-03T04:38:00-07:00,34.840176
1783078740,2026-07-03T04:39:00-07:00,34.840176
1783078800,2026-07-03T04:40:00-07:00,201.93060316666663
1783078860,2026-07-03T04:41:00-07:00,201.93060316666663
1783078920,2026-07-03T04:42:00-07:00,201.93060316666663
1783078980,2026-07-03T04:43:00-07:00,201.93060316666663
1783079040,2026-07-03T04:44:00-07:00,201.93060316666663
1783079160,2026-07-03T04:46:00-07:00,38.126709
1783079220,2026-07-03T04:47:00-07:00,38.126709
1783079280,2026-07-03T04:48:00-07:00,38.126709
1783079340,2026-07-03T04:49:00-07:00,38.126709
1783079400,2026-07-03T04:50:00-07:00,38.126709
1783079460,2026-07-03T04:51:00-07:00,35.28911
1783079520,2026-07-03T04:52:00-07:00,35.28911
1783079580,2026-07-03T04:53:00-07:00,35.28911
1783079640,2026-07-03T04:54:00-07:00,35.28911
1783079700,2026-07-03T04:55:00-07:00,35.28911
1783079820,2026-07-03T04:57:00-07:00,168.05269383333334
1783079880,2026-07-03T04:58:00-07:00,168.05269383333334
1783079940,2026-07-03T04:59:00-07:00,168.05269383333334
1783080000,2026-07-03T05:00:00-07:00,168.05269383333334
1783080060,2026-07-03T05:01:00-07:00,168.05269383333334
1783080120,2026-07-03T05:02:00-07:00,40.6035495
1783080180,2026-07-03T05:03:00-07:00,40.6035495
1783080240,2026-07-03T05:04:00-07:00,40.6035495
1783080300,2026-07-03T05:05:00-07:00,40.6035495
1783080360,2026-07-03T05:06:00-07:00,40.6035495
1783080420,2026-07-03T05:07:00-07:00,163.6533135
1783080480,2026-07-03T05:08:00-07:00,163.6533135
1783080540,2026-07-03T05:09:00-07:00,163.6533135
1783080600,2026-07-03T05:10:00-07:00,163.6533135
1783080660,2026-07-03T05:11:00-07:00,163.6533135
1783080720,2026-07-03T05:12:00-07:00,65.6803455
1783080780,2026-07-03T05:13:00-07:00,65.6803455
1783080840,2026-07-03T05:14:00-07:00,65.6803455
1783080900,2026-07-03T05:15:00-07:00,65.6803455
1783080960,2026-07-03T05:16:00-07:00,65.6803455
1783081020,2026-07-03T05:17:00-07:00,41.22784433333334
1783081080,2026-07-03T05:18:00-07:00,41.22784433333334
1783081140,2026-07-03T05:19:00-07:00,41.22784433333334
1783081200,2026-07-03T05:20:00-07:00,41.22784433333334
1783081260,2026-07-03T05:21:00-07:00,41.22784433333334
1783081320,2026-07-03T05:22:00-07:00,36.26755083333334
1783081380,2026-07-03T05:23:00-07:00,36.26755083333334
1783081440,2026-07-03T05:24:00-07:00,36.26755083333334
1783081500,2026-07-03T05:25:00-07:00,36.26755083333334
1783081560,2026-07-03T05:26:00-07:00,36.26755083333334
1783081680,2026-07-03T05:28:00-07:00,75.96728516666666
1783081740,2026-07-03T05:29:00-07:00,75.96728516666666
1783081800,2026-07-03T05:30:00-07:00,75.96728516666666
1783081860,2026-07-03T05:31:00-07:00,75.96728516666666
1783081920,2026-07-03T05:32:00-07:00,75.96728516666666
1783082040,2026-07-03T05:34:00-07:00,36.81687416666667
1783082100,2026-07-03T05:35:00-07:00,36.81687416666667
1783082160,2026-07-03T05:36:00-07:00,36.81687416666667
1783082220,2026-07-03T05:37:00-07:00,36.81687416666667
1783082280,2026-07-03T05:38:00-07:00,36.81687416666667
1783082400,2026-07-03T05:40:00-07:00,36.772901999999995
1783082460,2026-07-03T05:41:00-07:00,36.772901999999995
1783082520,2026-07-03T05:42:00-07:00,36.772901999999995
1783082580,2026-07-03T05:43:00-07:00,36.772901999999995
1783082640,2026-07-03T05:44:00-07:00,36.772901999999995
1783082700,2026-07-03T05:45:00-07:00,38.62962533333334
1783082760,2026-07-03T05:46:00-07:00,38.62962533333334
1783082820,2026-07-03T05:47:00-07:00,38.62962533333334
1783082880,2026-07-03T05:48:00-07:00,38.62962533333334
1783082940,2026-07-03T05:49:00-07:00,38.62962533333334
1783083060,2026-07-03T05:51:00-07:00,43.519165166666674
1783083120,2026-07-03T05:52:00-07:00,43.519165166666674
1783083180,2026-07-03T05:53:00-07:00,43.519165166666674
1783083240,2026-07-03T05:54:00-07:00,43.519165166666674
1783083300,2026-07-03T05:55:00-07:00,43.519165166666674
1783083360,2026-07-03T05:56:00-07:00,35.74949133333333
1783083420,2026-07-03T05:57:00-07:00,35.74949133333333
1783083480,2026-07-03T05:58:00-07:00,35.74949133333333
1783083540,2026-07-03T05:59:00-07:00,35.74949133333333
1783083600,2026-07-03T06:00:00-07:00,35.74949133333333
1783083720,2026-07-03T06:02:00-07:00,44.724331666666664
1783083780,2026-07-03T06:03:00-07:00,44.724331666666664
1783083840,2026-07-03T06:04:00-07:00,44.724331666666664
1783083900,2026-07-03T06:05:00-07:00,44.724331666666664
1783083960,2026-07-03T06:06:00-07:00,44.724331666666664
1783084020,2026-07-03T06:07:00-07:00,37.788492999999995
1783084080,2026-07-03T06:08:00-07:00,37.788492999999995
1783084140,2026-07-03T06:09:00-07:00,37.788492999999995
1783084200,2026-07-03T06:10:00-07:00,37.788492999999995
1783084260,2026-07-03T06:11:00-07:00,37.788492999999995
1783084380,2026-07-03T06:13:00-07:00,35.62694633333333
1783084440,2026-07-03T06:14:00-07:00,35.62694633333333
1783084500,2026-07-03T06:15:00-07:00,35.62694633333333
1783084560,2026-07-03T06:16:00-07:00,35.62694633333333
1783084620,2026-07-03T06:17:00-07:00,35.62694633333333
1783084680,2026-07-03T06:18:00-07:00,39.67190216666666
1783084740,2026-07-03T06:19:00-07:00,39.67190216666666
1783084800,2026-07-03T06:20:00-07:00,39.67190216666666
1783084860,2026-07-03T06:21:00-07:00,39.67190216666666
1783084920,2026-07-03T06:22:00-07:00,39.67190216666666
1783084980,2026-07-03T06:23:00-07:00,35.063089999999995
1783085040,2026-07-03T06:24:00-07:00,35.063089999999995
1783085100,2026-07-03T06:25:00-07:00,35.063089999999995
1783085160,2026-07-03T06:26:00-07:00,35.063089999999995
1783085220,2026-07-03T06:27:00-07:00,35.063089999999995
1783085280,2026-07-03T06:28:00-07:00,34.58281783333334
1783085340,2026-07-03T06:29:00-07:00,34.58281783333334
1783085400,2026-07-03T06:30:00-07:00,34.58281783333334
1783085460,2026-07-03T06:31:00-07:00,34.58281783333334
1783085520,2026-07-03T06:32:00-07:00,34.58281783333334
1783085580,2026-07-03T06:33:00-07:00,36.88535566666667
1783085640,2026-07-03T06:34:00-07:00,36.88535566666667
1783085700,2026-07-03T06:35:00-07:00,36.88535566666667
1783085760,2026-07-03T06:36:00-07:00,36.88535566666667
1783085820,2026-07-03T06:37:00-07:00,36.88535566666667
1783085940,2026-07-03T06:39:00-07:00,35.80459266666667
1783086000,2026-07-03T06:40:00-07:00,35.80459266666667
1783086060,2026-07-03T06:41:00-07:00,35.80459266666667
1783086120,2026-07-03T06:42:00-07:00,35.80459266666667
1783086180,2026-07-03T06:43:00-07:00,35.80459266666667
1783086300,2026-07-03T06:45:00-07:00,38.557074666666665
1783086360,2026-07-03T06:46:00-07:00,38.557074666666665
1783086420,2026-07-03T06:47:00-07:00,38.557074666666665
1783086480,2026-07-03T06:48:00-07:00,38.557074666666665
1783086540,2026-07-03T06:49:00-07:00,38.557074666666665
1783086600,2026-07-03T06:50:00-07:00,44.56082466666667
1783086660,2026-07-03T06:51:00-07:00,44.56082466666667
1783086720,2026-07-03T06:52:00-07:00,44.56082466666667
1783086780,2026-07-03T06:53:00-07:00,44.56082466666667
1783086840,2026-07-03T06:54:00-07:00,44.56082466666667
1783086900,2026-07-03T06:55:00-07:00,52.13943816666667
1783086960,2026-07-03T06:56:00-07:00,52.13943816666667
1783087020,2026-07-03T06:57:00-07:00,52.13943816666667
1783087080,2026-07-03T06:58:00-07:00,52.13943816666667
1783087140,2026-07-03T06:59:00-07:00,52.13943816666667
1783087200,2026-07-03T07:00:00-07:00,48.231499500000005
1783087260,2026-07-03T07:01:00-07:00,48.231499500000005
1783087320,2026-07-03T07:02:00-07:00,48.231499500000005
1783087380,2026-07-03T07:03:00-07:00,48.231499500000005
1783087440,2026-07-03T07:04:00-07:00,48.231499500000005
1783087560,2026-07-03T07:06:00-07:00,52.42822966666666
1783087620,2026-07-03T07:07:00-07:00,52.42822966666666
1783087680,2026-07-03T07:08:00-07:00,52.42822966666666
1783087740,2026-07-03T07:09:00-07:00,52.42822966666666
1783087800,2026-07-03T07:10:00-07:00,52.42822966666666
1783087860,2026-07-03T07:11:00-07:00,149.19372566666667
1783087920,2026-07-03T07:12:00-07:00,149.19372566666667
1783087980,2026-07-03T07:13:00-07:00,149.19372566666667
1783088040,2026-07-03T07:14:00-07:00,149.19372566666667
1783088100,2026-07-03T07:15:00-07:00,149.19372566666667
1783088160,2026-07-03T07:16:00-07:00,44.956217333333335
1783088220,2026-07-03T07:17:00-07:00,44.956217333333335
1783088280,2026-07-03T07:18:00-07:00,44.956217333333335
1783088340,2026-07-03T07:19:00-07:00,44.956217333333335
1783088400,2026-07-03T07:20:00-07:00,44.956217333333335
1783088460,2026-07-03T07:21:00-07:00,420.7932336666667
1783088520,2026-07-03T07:22:00-07:00,420.7932336666667
1783088580,2026-07-03T07:23:00-07:00,420.7932336666667
1783088640,2026-07-03T07:24:00-07:00,420.7932336666667
1783088700,2026-07-03T07:25:00-07:00,420.7932336666667
1783088820,2026-07-03T07:27:00-07:00,261.5008751666667
1783088880,2026-07-03T07:28:00-07:00,261.5008751666667
1783088940,2026-07-03T07:29:00-07:00,261.5008751666667
1783089000,2026-07-03T07:30:00-07:00,261.5008751666667
1783089060,2026-07-03T07:31:00-07:00,261.5008751666667
1783089120,2026-07-03T07:32:00-07:00,31.31887466666667
1783089180,2026-07-03T07:33:00-07:00,31.31887466666667
1783089240,2026-07-03T07:34:00-07:00,31.31887466666667
1783089300,2026-07-03T07:35:00-07:00,31.31887466666667
1783089360,2026-07-03T07:36:00-07:00,31.31887466666667
1783089420,2026-07-03T07:37:00-07:00,304.36447516666664
1783089480,2026-07-03T07:38:00-07:00,304.36447516666664
1783089540,2026-07-03T07:39:00-07:00,304.36447516666664
1783089600,2026-07-03T07:40:00-07:00,304.36447516666664
1783089660,2026-07-03T07:41:00-07:00,304.36447516666664
1783089720,2026-07-03T07:42:00-07:00,54.44316933333334
1783089780,2026-07-03T07:43:00-07:00,54.44316933333334
1783089840,2026-07-03T07:44:00-07:00,54.44316933333334
1783089900,2026-07-03T07:45:00-07:00,54.44316933333334
1783089960,2026-07-03T07:46:00-07:00,54.44316933333334
1783090020,2026-07-03T07:47:00-07:00,170.54147016666667
1783090080,2026-07-03T07:48:00-07:00,170.54147016666667
1783090140,2026-07-03T07:49:00-07:00,170.54147016666667
1783090200,2026-07-03T07:50:00-07:00,170.54147016666667
1783090260,2026-07-03T07:51:00-07:00,170.54147016666667
1783090320,2026-07-03T07:52:00-07:00,132.17818883333334
1783090380,2026-07-03T07:53:00-07:00,132.17818883333334
1783090440,2026-07-03T07:54:00-07:00,132.17818883333334
1783090500,2026-07-03T07:55:00-07:00,132.17818883333334
1783090560,2026-07-03T07:56:00-07:00,132.17818883333334
1783090680,2026-07-03T07:58:00-07:00,426.88797350000004
1783090740,2026-07-03T07:59:00-07:00,426.88797350000004
1783090800,2026-07-03T08:00:00-07:00,426.88797350000004
1783090860,2026-07-03T08:01:00-07:00,426.88797350000004
1783090920,2026-07-03T08:02:00-07:00,426.88797350000004
1783090980,2026-07-03T08:03:00-07:00,260.8448488333333
1783091040,2026-07-03T08:04:00-07:00,260.8448488333333
1783091100,2026-07-03T08:05:00-07:00,260.8448488333333
1783091160,2026-07-03T08:06:00-07:00,260.8448488333333
1783091220,2026-07-03T08:07:00-07:00,260.8448488333333
1783091700,2026-07-03T08:15:00-07:00,382.8982883333333
1783091760,2026-07-03T08:16:00-07:00,382.8982883333333
1783091820,2026-07-03T08:17:00-07:00,382.8982883333333
1783091880,2026-07-03T08:18:00-07:00,382.8982883333333
1783091940,2026-07-03T08:19:00-07:00,382.8982883333333
1783092120,2026-07-03T08:22:00-07:00,228.149082
1783092180,2026-07-03T08:23:00-07:00,228.149082
1783092240,2026-07-03T08:24:00-07:00,228.149082
1783092300,2026-07-03T08:25:00-07:00,228.149082
1783092360,2026-07-03T08:26:00-07:00,228.149082
1783092540,2026-07-03T08:29:00-07:00,413.80883783333337
1783092600,2026-07-03T08:30:00-07:00,413.80883783333337
1783092660,2026-07-03T08:31:00-07:00,413.80883783333337
1783092720,2026-07-03T08:32:00-07:00,413.80883783333337
1783092780,2026-07-03T08:33:00-07:00,413.80883783333337
1783092900,2026-07-03T08:35:00-07:00,575.7222360000001
1783092960,2026-07-03T08:36:00-07:00,575.7222360000001
1783093020,2026-07-03T08:37:00-07:00,575.7222360000001
1783093080,2026-07-03T08:38:00-07:00,575.7222360000001
1783093140,2026-07-03T08:39:00-07:00,575.7222360000001
1783093320,2026-07-03T08:42:00-07:00,514.6842246666666
1783093380,2026-07-03T08:43:00-07:00,514.6842246666666
1783093440,2026-07-03T08:44:00-07:00,514.6842246666666
1783093500,2026-07-03T08:45:00-07:00,514.6842246666666
1783093560,2026-07-03T08:46:00-07:00,514.6842246666666
1783093620,2026-07-03T08:47:00-07:00,442.3868546666667
1783093680,2026-07-03T08:48:00-07:00,442.3868546666667
1783093740,2026-07-03T08:49:00-07:00,442.3868546666667
1783093800,2026-07-03T08:50:00-07:00,442.3868546666667
1783093860,2026-07-03T08:51:00-07:00,442.3868546666667
1783093980,2026-07-03T08:53:00-07:00,521.9585303333333
1783094040,2026-07-03T08:54:00-07:00,521.9585303333333
1783094100,2026-07-03T08:55:00-07:00,521.9585303333333
1783094160,2026-07-03T08:56:00-07:00,521.9585303333333
1783094220,2026-07-03T08:57:00-07:00,521.9585303333333
1783094280,2026-07-03T08:58:00-07:00,434.10718449999996
1783094340,2026-07-03T08:59:00-07:00,434.10718449999996
1783094400,2026-07-03T09:00:00-07:00,434.10718449999996
1783094460,2026-07-03T09:01:00-07:00,434.10718449999996
1783094520,2026-07-03T09:02:00-07:00,434.10718449999996
1783094580,2026-07-03T09:03:00-07:00,529.2763743333334
1783094640,2026-07-03T09:04:00-07:00,529.2763743333334
1783094700,2026-07-03T09:05:00-07:00,529.2763743333334
1783094760,2026-07-03T09:06:00-07:00,529.2763743333334
1783094820,2026-07-03T09:07:00-07:00,529.2763743333334
1783094940,2026-07-03T09:09:00-07:00,512.2722646666666
1783095000,2026-07-03T09:10:00-07:00,512.2722646666666
1783095060,2026-07-03T09:11:00-07:00,512.2722646666666
1783095120,2026-07-03T09:12:00-07:00,512.2722646666666
1783095180,2026-07-03T09:13:00-07:00,512.2722646666666
1783095300,2026-07-03T09:15:00-07:00,696.0155306666667
1783095360,2026-07-03T09:16:00-07:00,696.0155306666667
1783095420,2026-07-03T09:17:00-07:00,696.0155306666667
1783095480,2026-07-03T09:18:00-07:00,696.0155306666667
1783095540,2026-07-03T09:19:00-07:00,696.0155306666667
1783095720,2026-07-03T09:22:00-07:00,433.70224333333334
1783095780,2026-07-03T09:23:00-07:00,433.70224333333334
1783095840,2026-07-03T09:24:00-07:00,433.70224333333334
1783095900,2026-07-03T09:25:00-07:00,433.70224333333334
1783095960,2026-07-03T09:26:00-07:00,433.70224333333334
1783096080,2026-07-03T09:28:00-07:00,633.0276086666667
1783096140,2026-07-03T09:29:00-07:00,633.0276086666667
1783096200,2026-07-03T09:30:00-07:00,633.0276086666667
1783096260,2026-07-03T09:31:00-07:00,633.0276086666667
1783096320,2026-07-03T09:32:00-07:00,633.0276086666667
1783096440,2026-07-03T09:34:00-07:00,393.665168
1783096500,2026-07-03T09:35:00-07:00,393.665168
1783096560,2026-07-03T09:36:00-07:00,393.665168
1783096620,2026-07-03T09:37:00-07:00,393.665168
1783096680,2026-07-03T09:38:00-07:00,393.665168
1783096740,2026-07-03T09:39:00-07:00,521.7584366666666
1783096800,2026-07-03T09:40:00-07:00,521.7584366666666
1783096860,2026-07-03T09:41:00-07:00,521.7584366666666
1783096920,2026-07-03T09:42:00-07:00,521.7584366666666
1783096980,2026-07-03T09:43:00-07:00,521.7584366666666
1783097100,2026-07-03T09:45:00-07:00,399.3426786666667
1783097160,2026-07-03T09:46:00-07:00,399.3426786666667
1783097220,2026-07-03T09:47:00-07:00,399.3426786666667
1783097280,2026-07-03T09:48:00-07:00,399.3426786666667
1783097340,2026-07-03T09:49:00-07:00,399.3426786666667
1783097400,2026-07-03T09:50:00-07:00,416.4846668333334
1783097460,2026-07-03T09:51:00-07:00,416.4846668333334
1783097520,2026-07-03T09:52:00-07:00,416.4846668333334
1783097580,2026-07-03T09:53:00-07:00,416.4846668333334
1783097640,2026-07-03T09:54:00-07:00,416.4846668333334
1783097700,2026-07-03T09:55:00-07:00,446.16965766666664
1783097760,2026-07-03T09:56:00-07:00,446.16965766666664
1783097820,2026-07-03T09:57:00-07:00,446.16965766666664
1783097880,2026-07-03T09:58:00-07:00,446.16965766666664
1783097940,2026-07-03T09:59:00-07:00,446.16965766666664
1783098000,2026-07-03T10:00:00-07:00,425.30082899999996
1783098060,2026-07-03T10:01:00-07:00,425.30082899999996
1783098120,2026-07-03T10:02:00-07:00,425.30082899999996
1783098180,2026-07-03T10:03:00-07:00,425.30082899999996
1783098240,2026-07-03T10:04:00-07:00,425.30082899999996
1783098300,2026-07-03T10:05:00-07:00,475.47709166666664
1783098360,2026-07-03T10:06:00-07:00,475.47709166666664
1783098420,2026-07-03T10:07:00-07:00,475.47709166666664
1783098480,2026-07-03T10:08:00-07:00,475.47709166666664
1783098540,2026-07-03T10:09:00-07:00,475.47709166666664
1783098600,2026-07-03T10:10:00-07:00,598.8741051666667
1783098660,2026-07-03T10:11:00-07:00,598.8741051666667
1783098720,2026-07-03T10:12:00-07:00,598.8741051666667
1783098780,2026-07-03T10:13:00-07:00,598.8741051666667
1783098840,2026-07-03T10:14:00-07:00,598.8741051666667
1783098900,2026-07-03T10:15:00-07:00,498.99157066666663
1783098960,2026-07-03T10:16:00-07:00,498.99157066666663
1783099020,2026-07-03T10:17:00-07:00,498.99157066666663
1783099080,2026-07-03T10:18:00-07:00,498.99157066666663
1783099140,2026-07-03T10:19:00-07:00,498.99157066666663
1783099260,2026-07-03T10:21:00-07:00,479.6944786666666
1783099320,2026-07-03T10:22:00-07:00,479.6944786666666
1783099380,2026-07-03T10:23:00-07:00,479.6944786666666
1783099440,2026-07-03T10:24:00-07:00,479.6944786666666
1783099500,2026-07-03T10:25:00-07:00,479.6944786666666
1783099560,2026-07-03T10:26:00-07:00,516.8781875000001
1783099620,2026-07-03T10:27:00-07:00,516.8781875000001
1783099680,2026-07-03T10:28:00-07:00,516.8781875000001
1783099740,2026-07-03T10:29:00-07:00,516.8781875000001
1783099800,2026-07-03T10:30:00-07:00,516.8781875000001
1783099980,2026-07-03T10:33:00-07:00,580.7057090000001
1783100040,2026-07-03T10:34:00-07:00,580.7057090000001
1783100100,2026-07-03T10:35:00-07:00,580.7057090000001
1783100160,2026-07-03T10:36:00-07:00,580.7057090000001
1783100220,2026-07-03T10:37:00-07:00,580.7057090000001
1783100280,2026-07-03T10:38:00-07:00,515.177863
1783100340,2026-07-03T10:39:00-07:00,515.177863
1783100400,2026-07-03T10:40:00-07:00,515.177863
1783100460,2026-07-03T10:41:00-07:00,515.177863
1783100520,2026-07-03T10:42:00-07:00,515.177863
1783100640,2026-07-03T10:44:00-07:00,524.8400135
1783100700,2026-07-03T10:45:00-07:00,524.8400135
1783100760,2026-07-03T10:46:00-07:00,524.8400135
1783100820,2026-07-03T10:47:00-07:00,524.8400135
1783100880,2026-07-03T10:48:00-07:00,524.8400135
1783101000,2026-07-03T10:50:00-07:00,740.0629481666666
1783101060,2026-07-03T10:51:00-07:00,740.0629481666666
1783101120,2026-07-03T10:52:00-07:00,740.0629481666666
1783101180,2026-07-03T10:53:00-07:00,740.0629481666666
1783101240,2026-07-03T10:54:00-07:00,740.0629481666666
1783101420,2026-07-03T10:57:00-07:00,617.5432333333333
1783101480,2026-07-03T10:58:00-07:00,617.5432333333333
1783101540,2026-07-03T10:59:00-07:00,617.5432333333333
1783101600,2026-07-03T11:00:00-07:00,617.5432333333333
1783101660,2026-07-03T11:01:00-07:00,617.5432333333333
1783101780,2026-07-03T11:03:00-07:00,527.4337568333334
1783101840,2026-07-03T11:04:00-07:00,527.4337568333334
1783101900,2026-07-03T11:05:00-07:00,527.4337568333334
1783101960,2026-07-03T11:06:00-07:00,527.4337568333334
1783102020,2026-07-03T11:07:00-07:00,527.4337568333334
1783102140,2026-07-03T11:09:00-07:00,580.6935158333333
1783102200,2026-07-03T11:10:00-07:00,580.6935158333333
1783102260,2026-07-03T11:11:00-07:00,580.6935158333333
1783102320,2026-07-03T11:12:00-07:00,580.6935158333333
1783102380,2026-07-03T11:13:00-07:00,580.6935158333333
1783102560,2026-07-03T11:16:00-07:00,621.7588706
1783102620,2026-07-03T11:17:00-07:00,621.7588706
1783102680,2026-07-03T11:18:00-07:00,621.7588706
1783102740,2026-07-03T11:19:00-07:00,621.7588706
1783102800,2026-07-03T11:20:00-07:00,621.7588706
1783102860,2026-07-03T11:21:00-07:00,813.3159995
1783102920,2026-07-03T11:22:00-07:00,813.3159995
1783102980,2026-07-03T11:23:00-07:00,813.3159995
1783103040,2026-07-03T11:24:00-07:00,813.3159995
1783103100,2026-07-03T11:25:00-07:00,813.3159995
1783103220,2026-07-03T11:27:00-07:00,556.8527225000001
1783103280,2026-07-03T11:28:00-07:00,556.8527225000001
1783103340,2026-07-03T11:29:00-07:00,556.8527225000001
1783103400,2026-07-03T11:30:00-07:00,556.8527225000001
1783103460,2026-07-03T11:31:00-07:00,556.8527225000001
1783103580,2026-07-03T11:33:00-07:00,686.5447188333333
1783103640,2026-07-03T11:34:00-07:00,686.5447188333333
1783103700,2026-07-03T11:35:00-07:00,686.5447188333333
1783103760,2026-07-03T11:36:00-07:00,686.5447188333333
1783103820,2026-07-03T11:37:00-07:00,686.5447188333333
1783103880,2026-07-03T11:38:00-07:00,628.2659914999999
1783103940,2026-07-03T11:39:00-07:00,628.2659914999999
1783104000,2026-07-03T11:40:00-07:00,628.2659914999999
1783104060,2026-07-03T11:41:00-07:00,628.2659914999999
1783104120,2026-07-03T11:42:00-07:00,628.2659914999999
1783104300,2026-07-03T11:45:00-07:00,731.4733483333333
1783104360,2026-07-03T11:46:00-07:00,731.4733483333333
1783104420,2026-07-03T11:47:00-07:00,731.4733483333333
1783104480,2026-07-03T11:48:00-07:00,731.4733483333333
1783104540,2026-07-03T11:49:00-07:00,731.4733483333333
1783104600,2026-07-03T11:50:00-07:00,520.0998538333333
1783104660,2026-07-03T11:51:00-07:00,520.0998538333333
1783104720,2026-07-03T11:52:00-07:00,520.0998538333333
1783104780,2026-07-03T11:53:00-07:00,520.0998538333333
1783104840,2026-07-03T11:54:00-07:00,520.0998538333333
1783104960,2026-07-03T11:56:00-07:00,490.4855616666666
1783105020,2026-07-03T11:57:00-07:00,490.4855616666666
1783105080,2026-07-03T11:58:00-07:00,490.4855616666666
1783105140,2026-07-03T11:59:00-07:00,490.4855616666666
1783105200,2026-07-03T12:00:00-07:00,490.4855616666666
1783105260,2026-07-03T12:01:00-07:00,619.034926
1783105320,2026-07-03T12:02:00-07:00,619.034926
1783105380,2026-07-03T12:03:00-07:00,619.034926
1783105440,2026-07-03T12:04:00-07:00,619.034926
1783105500,2026-07-03T12:05:00-07:00,619.034926
1783105680,2026-07-03T12:08:00-07:00,536.7740073333333
1783105740,2026-07-03T12:09:00-07:00,536.7740073333333
1783105800,2026-07-03T12:10:00-07:00,536.7740073333333
1783105860,2026-07-03T12:11:00-07:00,536.7740073333333
1783105920,2026-07-03T12:12:00-07:00,536.7740073333333
1783105980,2026-07-03T12:13:00-07:00,747.2335548333334
1783106040,2026-07-03T12:14:00-07:00,747.2335548333334
1783106100,2026-07-03T12:15:00-07:00,747.2335548333334
1783106160,2026-07-03T12:16:00-07:00,747.2335548333334
1783106220,2026-07-03T12:17:00-07:00,747.2335548333334
1783106340,2026-07-03T12:19:00-07:00,680.7446833333332
1783106400,2026-07-03T12:20:00-07:00,680.7446833333332
1783106460,2026-07-03T12:21:00-07:00,680.7446833333332
1783106520,2026-07-03T12:22:00-07:00,680.7446833333332
1783106580,2026-07-03T12:23:00-07:00,680.7446833333332
1783106760,2026-07-03T12:26:00-07:00,723.8121341666666
1783106820,2026-07-03T12:27:00-07:00,723.8121341666666
1783106880,2026-07-03T12:28:00-07:00,723.8121341666666
1783106940,2026-07-03T12:29:00-07:00,723.8121341666666
1783107000,2026-07-03T12:30:00-07:00,723.8121341666666
1783107120,2026-07-03T12:32:00-07:00,532.6966013333334
1783107180,2026-07-03T12:33:00-07:00,532.6966013333334
1783107240,2026-07-03T12:34:00-07:00,532.6966013333334
1783107300,2026-07-03T12:35:00-07:00,532.6966013333334
1783107360,2026-07-03T12:36:00-07:00,532.6966013333334
1783107420,2026-07-03T12:37:00-07:00,517.0238311666667
1783107480,2026-07-03T12:38:00-07:00,517.0238311666667
1783107540,2026-07-03T12:39:00-07:00,517.0238311666667
1783107600,2026-07-03T12:40:00-07:00,517.0238311666667
1783107660,2026-07-03T12:41:00-07:00,517.0238311666667
1783107780,2026-07-03T12:43:00-07:00,492.34946716666667
1783107840,2026-07-03T12:44:00-07:00,492.34946716666667
1783107900,2026-07-03T12:45:00-07:00,492.34946716666667
1783107960,2026-07-03T12:46:00-07:00,492.34946716666667
1783108020,2026-07-03T12:47:00-07:00,492.34946716666667
1783108080,2026-07-03T12:48:00-07:00,660.4141511666667
1783108140,2026-07-03T12:49:00-07:00,660.4141511666667
1783108200,2026-07-03T12:50:00-07:00,660.4141511666667
1783108260,2026-07-03T12:51:00-07:00,660.4141511666667
1783108320,2026-07-03T12:52:00-07:00,660.4141511666667
1783108500,2026-07-03T12:55:00-07:00,562.5787522
1783108560,2026-07-03T12:56:00-07:00,562.5787522
1783108620,2026-07-03T12:57:00-07:00,562.5787522
1783108680,2026-07-03T12:58:00-07:00,562.5787522
1783108740,2026-07-03T12:59:00-07:00,562.5787522
1783108800,2026-07-03T13:00:00-07:00,468.4658953333333
1783108860,2026-07-03T13:01:00-07:00,468.4658953333333
1783108920,2026-07-03T13:02:00-07:00,468.4658953333333
1783108980,2026-07-03T13:03:00-07:00,468.4658953333333
1783109040,2026-07-03T13:04:00-07:00,468.4658953333333
1783109160,2026-07-03T13:06:00-07:00,695.87125
1783109220,2026-07-03T13:07:00-07:00,695.87125
1783109280,2026-07-03T13:08:00-07:00,695.87125
1783109340,2026-07-03T13:09:00-07:00,695.87125
1783109400,2026-07-03T13:10:00-07:00,695.87125
1783109520,2026-07-03T13:12:00-07:00,619.6605773333332
1783109580,2026-07-03T13:13:00-07:00,619.6605773333332
1783109640,2026-07-03T13:14:00-07:00,619.6605773333332
1783109700,2026-07-03T13:15:00-07:00,619.6605773333332
1783109760,2026-07-03T13:16:00-07:00,619.6605773333332
1783109820,2026-07-03T13:17:00-07:00,595.8153148333333
1783109880,2026-07-03T13:18:00-07:00,595.8153148333333
1783109940,2026-07-03T13:19:00-07:00,595.8153148333333
1783110000,2026-07-03T13:20:00-07:00,595.8153148333333
1783110060,2026-07-03T13:21:00-07:00,595.8153148333333
1783110120,2026-07-03T13:22:00-07:00,818.758213
1783110180,2026-07-03T13:23:00-07:00,818.758213
1783110240,2026-07-03T13:24:00-07:00,818.758213
1783110300,2026-07-03T13:25:00-07:00,818.758213
1783110360,2026-07-03T13:26:00-07:00,818.758213
1783110420,2026-07-03T13:27:00-07:00,633.6063303333334
1783110480,2026-07-03T13:28:00-07:00,633.6063303333334
1783110540,2026-07-03T13:29:00-07:00,633.6063303333334
1783110600,2026-07-03T13:30:00-07:00,633.6063303333334
1783110660,2026-07-03T13:31:00-07:00,633.6063303333334
1783110780,2026-07-03T13:33:00-07:00,958.4331533333334
1783110840,2026-07-03T13:34:00-07:00,958.4331533333334
1783110900,2026-07-03T13:35:00-07:00,958.4331533333334
1783110960,2026-07-03T13:36:00-07:00,958.4331533333334
1783111020,2026-07-03T13:37:00-07:00,958.4331533333334
1783111260,2026-07-03T13:41:00-07:00,448.6923015
1783111320,2026-07-03T13:42:00-07:00,448.6923015
1783111380,2026-07-03T13:43:00-07:00,448.6923015
1783111440,2026-07-03T13:44:00-07:00,448.6923015
1783111500,2026-07-03T13:45:00-07:00,448.6923015
1783111560,2026-07-03T13:46:00-07:00,527.5520701666667
1783111620,2026-07-03T13:47:00-07:00,527.5520701666667
1783111680,2026-07-03T13:48:00-07:00,527.5520701666667
1783111740,2026-07-03T13:49:00-07:00,527.5520701666667
1783111800,2026-07-03T13:50:00-07:00,527.5520701666667
1783111920,2026-07-03T13:52:00-07:00,814.7801586666668
1783111980,2026-07-03T13:53:00-07:00,814.7801586666668
1783112040,2026-07-03T13:54:00-07:00,814.7801586666668
1783112100,2026-07-03T13:55:00-07:00,814.7801586666668
1783112160,2026-07-03T13:56:00-07:00,814.7801586666668
1783112220,2026-07-03T13:57:00-07:00,633.0866836666668
1783112280,2026-07-03T13:58:00-07:00,633.0866836666668
1783112340,2026-07-03T13:59:00-07:00,633.0866836666668
1783112400,2026-07-03T14:00:00-07:00,633.0866836666668
1783112460,2026-07-03T14:01:00-07:00,633.0866836666668
1783112520,2026-07-03T14:02:00-07:00,527.2175906666666
1783112580,2026-07-03T14:03:00-07:00,527.2175906666666
1783112640,2026-07-03T14:04:00-07:00,527.2175906666666
1783112700,2026-07-03T14:05:00-07:00,527.2175906666666
1783112760,2026-07-03T14:06:00-07:00,527.2175906666666
1783112880,2026-07-03T14:08:00-07:00,522.4431223333333
1783112940,2026-07-03T14:09:00-07:00,522.4431223333333
1783113000,2026-07-03T14:10:00-07:00,522.4431223333333
1783113060,2026-07-03T14:11:00-07:00,522.4431223333333
1783113120,2026-07-03T14:12:00-07:00,522.4431223333333
1783113180,2026-07-03T14:13:00-07:00,436.7165801666667
1783113240,2026-07-03T14:14:00-07:00,436.7165801666667
1783113300,2026-07-03T14:15:00-07:00,436.7165801666667
1783113360,2026-07-03T14:16:00-07:00,436.7165801666667
1783113420,2026-07-03T14:17:00-07:00,436.7165801666667
1783113600,2026-07-03T14:20:00-07:00,599.8985258333333
1783113660,2026-07-03T14:21:00-07:00,599.8985258333333
1783113720,2026-07-03T14:22:00-07:00,599.8985258333333
1783113780,2026-07-03T14:23:00-07:00,599.8985258333333
1783113840,2026-07-03T14:24:00-07:00,599.8985258333333
1783113900,2026-07-03T14:25:00-07:00,718.5687261666666
1783113960,2026-07-03T14:26:00-07:00,718.5687261666666
1783114020,2026-07-03T14:27:00-07:00,718.5687261666666
1783114080,2026-07-03T14:28:00-07:00,718.5687261666666
1783114140,2026-07-03T14:29:00-07:00,718.5687261666666
1783114260,2026-07-03T14:31:00-07:00,794.2616511666666
1783114320,2026-07-03T14:32:00-07:00,794.2616511666666
1783114380,2026-07-03T14:33:00-07:00,794.2616511666666
1783114440,2026-07-03T14:34:00-07:00,794.2616511666666
1783114500,2026-07-03T14:35:00-07:00,794.2616511666666
1783114680,2026-07-03T14:38:00-07:00,746.3147448333333
1783114740,2026-07-03T14:39:00-07:00,746.3147448333333
1783114800,2026-07-03T14:40:00-07:00,746.3147448333333
1783114860,2026-07-03T14:41:00-07:00,746.3147448333333
1783114920,2026-07-03T14:42:00-07:00,746.3147448333333
1783115700,2026-07-03T14:55:00-07:00,386.01055933333333
1783115760,2026-07-03T14:56:00-07:00,386.01055933333333
1783115820,2026-07-03T14:57:00-07:00,386.01055933333333
1783115880,2026-07-03T14:58:00-07:00,386.01055933333333
1783115940,2026-07-03T14:59:00-07:00,386.01055933333333
1783116060,2026-07-03T15:01:00-07:00,697.2825865
1783116120,2026-07-03T15:02:00-07:00,697.2825865
1783116180,2026-07-03T15:03:00-07:00,697.2825865
1783116240,2026-07-03T15:04:00-07:00,697.2825865
1783116300,2026-07-03T15:05:00-07:00,697.2825865
1783116480,2026-07-03T15:08:00-07:00,660.5463598333333
1783116540,2026-07-03T15:09:00-07:00,660.5463598333333
1783116600,2026-07-03T15:10:00-07:00,660.5463598333333
1783116660,2026-07-03T15:11:00-07:00,660.5463598333333
1783116720,2026-07-03T15:12:00-07:00,660.5463598333333
1783116780,2026-07-03T15:13:00-07:00,752.9062164999999
1783116840,2026-07-03T15:14:00-07:00,752.9062164999999
1783116900,2026-07-03T15:15:00-07:00,752.9062164999999
1783116960,2026-07-03T15:16:00-07:00,752.9062164999999
1783117020,2026-07-03T15:17:00-07:00,752.9062164999999
1783117080,2026-07-03T15:18:00-07:00,533.9675025
1783117140,2026-07-03T15:19:00-07:00,533.9675025
1783117200,2026-07-03T15:20:00-07:00,533.9675025
1783117260,2026-07-03T15:21:00-07:00,533.9675025
1783117320,2026-07-03T15:22:00-07:00,533.9675025
1783117380,2026-07-03T15:23:00-07:00,876.1282288333335
1783117440,2026-07-03T15:24:00-07:00,876.1282288333335
1783117500,2026-07-03T15:25:00-07:00,876.1282288333335
1783117560,2026-07-03T15:26:00-07:00,876.1282288333335
1783117620,2026-07-03T15:27:00-07:00,876.1282288333335
1783117680,2026-07-03T15:28:00-07:00,580.0033776666667
1783117740,2026-07-03T15:29:00-07:00,580.0033776666667
1783117800,2026-07-03T15:30:00-07:00,580.0033776666667
1783117860,2026-07-03T15:31:00-07:00,580.0033776666667
1783117920,2026-07-03T15:32:00-07:00,580.0033776666667
1783118040,2026-07-03T15:34:00-07:00,609.0508306
1783118100,2026-07-03T15:35:00-07:00,609.0508306
1783118160,2026-07-03T15:36:00-07:00,609.0508306
1783118220,2026-07-03T15:37:00-07:00,609.0508306
1783118280,2026-07-03T15:38:00-07:00,609.0508306
1783118700,2026-07-03T15:45:00-07:00,35.935445
1783118760,2026-07-03T15:46:00-07:00,35.935445
1783118820,2026-07-03T15:47:00-07:00,35.935445
1783118880,2026-07-03T15:48:00-07:00,35.935445
1783118940,2026-07-03T15:49:00-07:00,35.935445
1783119060,2026-07-03T15:51:00-07:00,40.02174183333333
1783119120,2026-07-03T15:52:00-07:00,40.02174183333333
1783119180,2026-07-03T15:53:00-07:00,40.02174183333333
1783119240,2026-07-03T15:54:00-07:00,40.02174183333333
1783119300,2026-07-03T15:55:00-07:00,40.02174183333333
1783119420,2026-07-03T15:57:00-07:00,40.21188016666667
1783119480,2026-07-03T15:58:00-07:00,40.21188016666667
1783119540,2026-07-03T15:59:00-07:00,40.21188016666667
1783119600,2026-07-03T16:00:00-07:00,40.21188016666667
1783119660,2026-07-03T16:01:00-07:00,40.21188016666667
1783119780,2026-07-03T16:03:00-07:00,37.98799616666666
1783119840,2026-07-03T16:04:00-07:00,37.98799616666666
1783119900,2026-07-03T16:05:00-07:00,37.98799616666666
1783119960,2026-07-03T16:06:00-07:00,37.98799616666666
1783120020,2026-07-03T16:07:00-07:00,37.98799616666666
1783120140,2026-07-03T16:09:00-07:00,45.282836833333334
1783120200,2026-07-03T16:10:00-07:00,45.282836833333334
1783120260,2026-07-03T16:11:00-07:00,45.282836833333334
1783120320,2026-07-03T16:12:00-07:00,45.282836833333334
1783120380,2026-07-03T16:13:00-07:00,45.282836833333334
1783120500,2026-07-03T16:15:00-07:00,36.18201366666667
1783120560,2026-07-03T16:16:00-07:00,36.18201366666667
1783120620,2026-07-03T16:17:00-07:00,36.18201366666667
1783120680,2026-07-03T16:18:00-07:00,36.18201366666667
1783120740,2026-07-03T16:19:00-07:00,36.18201366666667
1783120860,2026-07-03T16:21:00-07:00,39.08577466666667
1783120920,2026-07-03T16:22:00-07:00,39.08577466666667
1783120980,2026-07-03T16:23:00-07:00,39.08577466666667
1783121040,2026-07-03T16:24:00-07:00,39.08577466666667
1783121100,2026-07-03T16:25:00-07:00,39.08577466666667
1783121220,2026-07-03T16:27:00-07:00,36.65020766666667
1783121280,2026-07-03T16:28:00-07:00,36.65020766666667
1783121340,2026-07-03T16:29:00-07:00,36.65020766666667
1783121400,2026-07-03T16:30:00-07:00,36.65020766666667
1783121460,2026-07-03T16:31:00-07:00,36.65020766666667
1783121700,2026-07-03T16:35:00-07:00,40.89752883333333
1783121760,2026-07-03T16:36:00-07:00,40.89752883333333
1783121820,2026-07-03T16:37:00-07:00,40.89752883333333
1783121880,2026-07-03T16:38:00-07:00,40.89752883333333
1783121940,2026-07-03T16:39:00-07:00,40.89752883333333
1783122060,2026-07-03T16:41:00-07:00,38.42371283333333
1783122120,2026-07-03T16:42:00-07:00,38.42371283333333
1783122180,2026-07-03T16:43:00-07:00,38.42371283333333
1783122240,2026-07-03T16:44:00-07:00,38.42371283333333
1783122300,2026-07-03T16:45:00-07:00,38.42371283333333
1783122360,2026-07-03T16:46:00-07:00,236.05571166666664
1783122420,2026-07-03T16:47:00-07:00,236.05571166666664
1783122480,2026-07-03T16:48:00-07:00,236.05571166666664
1783122540,2026-07-03T16:49:00-07:00,236.05571166666664
1783122600,2026-07-03T16:50:00-07:00,236.05571166666664
1783122660,2026-07-03T16:51:00-07:00,38.05813966666667
1783122720,2026-07-03T16:52:00-07:00,38.05813966666667
1783122780,2026-07-03T16:53:00-07:00,38.05813966666667
1783122840,2026-07-03T16:54:00-07:00,38.05813966666667
1783122900,2026-07-03T16:55:00-07:00,38.05813966666667
1783123020,2026-07-03T16:57:00-07:00,37.38136116666667
1783123080,2026-07-03T16:58:00-07:00,37.38136116666667
1783123140,2026-07-03T16:59:00-07:00,37.38136116666667
1783123200,2026-07-03T17:00:00-07:00,37.38136116666667
1783123260,2026-07-03T17:01:00-07:00,37.38136116666667
1783123320,2026-07-03T17:02:00-07:00,39.34771733333333
1783123380,2026-07-03T17:03:00-07:00,39.34771733333333
1783123440,2026-07-03T17:04:00-07:00,39.34771733333333
1783123500,2026-07-03T17:05:00-07:00,39.34771733333333
1783123560,2026-07-03T17:06:00-07:00,39.34771733333333
1783123740,2026-07-03T17:09:00-07:00,38.63817016666667
1783123800,2026-07-03T17:10:00-07:00,38.63817016666667
1783123860,2026-07-03T17:11:00-07:00,38.63817016666667
1783123920,2026-07-03T17:12:00-07:00,38.63817016666667
1783123980,2026-07-03T17:13:00-07:00,38.63817016666667
1783124160,2026-07-03T17:16:00-07:00,41.8515625
1783124220,2026-07-03T17:17:00-07:00,41.8515625
1783124280,2026-07-03T17:18:00-07:00,41.8515625
1783124340,2026-07-03T17:19:00-07:00,41.8515625
1783124400,2026-07-03T17:20:00-07:00,41.8515625
1783124460,2026-07-03T17:21:00-07:00,34.95714666666667
1783124520,2026-07-03T17:22:00-07:00,34.95714666666667
1783124580,2026-07-03T17:23:00-07:00,34.95714666666667
1783124640,2026-07-03T17:24:00-07:00,34.95714666666667
1783124700,2026-07-03T17:25:00-07:00,34.95714666666667
1783124760,2026-07-03T17:26:00-07:00,37.67378766666666
1783124820,2026-07-03T17:27:00-07:00,37.67378766666666
1783124880,2026-07-03T17:28:00-07:00,37.67378766666666
1783124940,2026-07-03T17:29:00-07:00,37.67378766666666
1783125000,2026-07-03T17:30:00-07:00,37.67378766666666
1783125120,2026-07-03T17:32:00-07:00,572.6224235
1783125180,2026-07-03T17:33:00-07:00,572.6224235
1783125240,2026-07-03T17:34:00-07:00,572.6224235
1783125300,2026-07-03T17:35:00-07:00,572.6224235
1783125360,2026-07-03T17:36:00-07:00,572.6224235
1783125480,2026-07-03T17:38:00-07:00,841.5789798333334
1783125540,2026-07-03T17:39:00-07:00,841.5789798333334
1783125600,2026-07-03T17:40:00-07:00,841.5789798333334
1783125660,2026-07-03T17:41:00-07:00,841.5789798333334
1783125720,2026-07-03T17:42:00-07:00,841.5789798333334
1783126140,2026-07-03T17:49:00-07:00,461.9466826666667
1783126200,2026-07-03T17:50:00-07:00,461.9466826666667
1783126260,2026-07-03T17:51:00-07:00,461.9466826666667
1783126320,2026-07-03T17:52:00-07:00,461.9466826666667
1783126380,2026-07-03T17:53:00-07:00,461.9466826666667
1783126500,2026-07-03T17:55:00-07:00,664.9016391666667
1783126560,2026-07-03T17:56:00-07:00,664.9016391666667
1783126620,2026-07-03T17:57:00-07:00,664.9016391666667
1783126680,2026-07-03T17:58:00-07:00,664.9016391666667
1783126740,2026-07-03T17:59:00-07:00,664.9016391666667
1783126800,2026-07-03T18:00:00-07:00,753.196676
1783126860,2026-07-03T18:01:00-07:00,753.196676
1783126920,2026-07-03T18:02:00-07:00,753.196676
1783126980,2026-07-03T18:03:00-07:00,753.196676
1783127040,2026-07-03T18:04:00-07:00,753.196676
1783127100,2026-07-03T18:05:00-07:00,760.9630473333333
1783127160,2026-07-03T18:06:00-07:00,760.9630473333333
1783127220,2026-07-03T18:07:00-07:00,760.9630473333333
1783127280,2026-07-03T18:08:00-07:00,760.9630473333333
1783127340,2026-07-03T18:09:00-07:00,760.9630473333333
1783127460,2026-07-03T18:11:00-07:00,669.6582511666667
1783127520,2026-07-03T18:12:00-07:00,669.6582511666667
1783127580,2026-07-03T18:13:00-07:00,669.6582511666667
1783127640,2026-07-03T18:14:00-07:00,669.6582511666667
1783127700,2026-07-03T18:15:00-07:00,669.6582511666667
1783127820,2026-07-03T18:17:00-07:00,651.2205403333334
1783127880,2026-07-03T18:18:00-07:00,651.2205403333334
1783127940,2026-07-03T18:19:00-07:00,651.2205403333334
1783128000,2026-07-03T18:20:00-07:00,651.2205403333334
1783128060,2026-07-03T18:21:00-07:00,651.2205403333334
1783128120,2026-07-03T18:22:00-07:00,845.5386291666667
1783128180,2026-07-03T18:23:00-07:00,845.5386291666667
1783128240,2026-07-03T18:24:00-07:00,845.5386291666667
1783128300,2026-07-03T18:25:00-07:00,845.5386291666667
1783128360,2026-07-03T18:26:00-07:00,845.5386291666667
1783128480,2026-07-03T18:28:00-07:00,707.2406074999999
1783128540,2026-07-03T18:29:00-07:00,707.2406074999999
1783128600,2026-07-03T18:30:00-07:00,707.2406074999999
1783128660,2026-07-03T18:31:00-07:00,707.2406074999999
1783128720,2026-07-03T18:32:00-07:00,707.2406074999999
1783128900,2026-07-03T18:35:00-07:00,672.3465171666668
1783128960,2026-07-03T18:36:00-07:00,672.3465171666668
1783129020,2026-07-03T18:37:00-07:00,672.3465171666668
1783129080,2026-07-03T18:38:00-07:00,672.3465171666668
1783129140,2026-07-03T18:39:00-07:00,672.3465171666668
1783129260,2026-07-03T18:41:00-07:00,662.8191531666666
1783129320,2026-07-03T18:42:00-07:00,662.8191531666666
1783129380,2026-07-03T18:43:00-07:00,662.8191531666666
1783129440,2026-07-03T18:44:00-07:00,662.8191531666666
1783129500,2026-07-03T18:45:00-07:00,662.8191531666666
1783129620,2026-07-03T18:47:00-07:00,578.5089858333333
1783129680,2026-07-03T18:48:00-07:00,578.5089858333333
1783129740,2026-07-03T18:49:00-07:00,578.5089858333333
1783129800,2026-07-03T18:50:00-07:00,578.5089858333333
1783129860,2026-07-03T18:51:00-07:00,578.5089858333333
1783129980,2026-07-03T18:53:00-07:00,786.3763363333334
1783130040,2026-07-03T18:54:00-07:00,786.3763363333334
1783130100,2026-07-03T18:55:00-07:00,786.3763363333334
1783130160,2026-07-03T18:56:00-07:00,786.3763363333334
1783130220,2026-07-03T18:57:00-07:00,786.3763363333334
1783130280,2026-07-03T18:58:00-07:00,896.1578578333333
1783130340,2026-07-03T18:59:00-07:00,896.1578578333333
1783130400,2026-07-03T19:00:00-07:00,896.1578578333333
1783130460,2026-07-03T19:01:00-07:00,896.1578578333333
1783130520,2026-07-03T19:02:00-07:00,896.1578578333333
1783130580,2026-07-03T19:03:00-07:00,847.6205920000001
1783130640,2026-07-03T19:04:00-07:00,847.6205920000001
1783130700,2026-07-03T19:05:00-07:00,847.6205920000001
1783130760,2026-07-03T19:06:00-07:00,847.6205920000001
1783130820,2026-07-03T19:07:00-07:00,847.6205920000001
1783130940,2026-07-03T19:09:00-07:00,786.8167116666667
1783131000,2026-07-03T19:10:00-07:00,786.8167116666667
1783131060,2026-07-03T19:11:00-07:00,786.8167116666667
1783131120,2026-07-03T19:12:00-07:00,786.8167116666667
1783131180,2026-07-03T19:13:00-07:00,786.8167116666667
1783131240,2026-07-03T19:14:00-07:00,511.39141440000003
1783131300,2026-07-03T19:15:00-07:00,511.39141440000003
1783131360,2026-07-03T19:16:00-07:00,511.39141440000003
1783131420,2026-07-03T19:17:00-07:00,511.39141440000003
1783131480,2026-07-03T19:18:00-07:00,511.39141440000003
1783131600,2026-07-03T19:20:00-07:00,686.2634211666667
1783131660,2026-07-03T19:21:00-07:00,686.2634211666667
1783131720,2026-07-03T19:22:00-07:00,686.2634211666667
1783131780,2026-07-03T19:23:00-07:00,686.2634211666667
1783131840,2026-07-03T19:24:00-07:00,686.2634211666667
1783131900,2026-07-03T19:25:00-07:00,624.628059
1783131960,2026-07-03T19:26:00-07:00,624.628059
1783132020,2026-07-03T19:27:00-07:00,624.628059
1783132080,2026-07-03T19:28:00-07:00,624.628059
1783132140,2026-07-03T19:29:00-07:00,624.628059
1783132380,2026-07-03T19:33:00-07:00,736.712172
1783132440,2026-07-03T19:34:00-07:00,736.712172
1783132500,2026-07-03T19:35:00-07:00,736.712172
1783132560,2026-07-03T19:36:00-07:00,736.712172
1783132620,2026-07-03T19:37:00-07:00,736.712172
1783133160,2026-07-03T19:46:00-07:00,585.0912951666668
1783133220,2026-07-03T19:47:00-07:00,585.0912951666668
1783133280,2026-07-03T19:48:00-07:00,585.0912951666668
1783133340,2026-07-03T19:49:00-07:00,585.0912951666668
1783133400,2026-07-03T19:50:00-07:00,585.0912951666668
1783133520,2026-07-03T19:52:00-07:00,727.9294576666666
1783133580,2026-07-03T19:53:00-07:00,727.9294576666666
1783133640,2026-07-03T19:54:00-07:00,727.9294576666666
1783133700,2026-07-03T19:55:00-07:00,727.9294576666666
1783133760,2026-07-03T19:56:00-07:00,727.9294576666666
1783133880,2026-07-03T19:58:00-07:00,526.2550051999999
1783133940,2026-07-03T19:59:00-07:00,526.2550051999999
1783134000,2026-07-03T20:00:00-07:00,526.2550051999999
1783134060,2026-07-03T20:01:00-07:00,526.2550051999999
1783134120,2026-07-03T20:02:00-07:00,526.2550051999999
1783134660,2026-07-03T20:11:00-07:00,631.5132993333333
1783134720,2026-07-03T20:12:00-07:00,631.5132993333333
1783134780,2026-07-03T20:13:00-07:00,631.5132993333333
1783134840,2026-07-03T20:14:00-07:00,631.5132993333333
1783134900,2026-07-03T20:15:00-07:00,631.5132993333333
1783135020,2026-07-03T20:17:00-07:00,478.57543300000003
1783135080,2026-07-03T20:18:00-07:00,478.57543300000003
1783135140,2026-07-03T20:19:00-07:00,478.57543300000003
1783135200,2026-07-03T20:20:00-07:00,478.57543300000003
1783135260,2026-07-03T20:21:00-07:00,478.57543300000003
1783135320,2026-07-03T20:22:00-07:00,657.611403
1783135380,2026-07-03T20:23:00-07:00,657.611403
1783135440,2026-07-03T20:24:00-07:00,657.611403
1783135500,2026-07-03T20:25:00-07:00,657.611403
1783135560,2026-07-03T20:26:00-07:00,657.611403
1783135620,2026-07-03T20:27:00-07:00,975.074572
1783135680,2026-07-03T20:28:00-07:00,975.074572
1783135740,2026-07-03T20:29:00-07:00,975.074572
1783135800,2026-07-03T20:30:00-07:00,975.074572
1783135860,2026-07-03T20:31:00-07:00,975.074572
1783135920,2026-07-03T20:32:00-07:00,555.7521296666667
1783135980,2026-07-03T20:33:00-07:00,555.7521296666667
1783136040,2026-07-03T20:34:00-07:00,555.7521296666667
1783136100,2026-07-03T20:35:00-07:00,555.7521296666667
1783136160,2026-07-03T20:36:00-07:00,555.7521296666667
1783136580,2026-07-03T20:43:00-07:00,724.2945765
1783136640,2026-07-03T20:44:00-07:00,724.2945765
1783136700,2026-07-03T20:45:00-07:00,724.2945765
1783136760,2026-07-03T20:46:00-07:00,724.2945765
1783136820,2026-07-03T20:47:00-07:00,724.2945765
1783136880,2026-07-03T20:48:00-07:00,614.2344486
1783136940,2026-07-03T20:49:00-07:00,614.2344486
1783137000,2026-07-03T20:50:00-07:00,614.2344486
1783137060,2026-07-03T20:51:00-07:00,614.2344486
1783137120,2026-07-03T20:52:00-07:00,614.2344486
1783137480,2026-07-03T20:58:00-07:00,579.7888733333333
1783137540,2026-07-03T20:59:00-07:00,579.7888733333333
1783137600,2026-07-03T21:00:00-07:00,579.7888733333333
1783137660,2026-07-03T21:01:00-07:00,579.7888733333333
1783137720,2026-07-03T21:02:00-07:00,579.7888733333333
1783137780,2026-07-03T21:03:00-07:00,500.3446859999999
1783137840,2026-07-03T21:04:00-07:00,500.3446859999999
1783137900,2026-07-03T21:05:00-07:00,500.3446859999999
1783137960,2026-07-03T21:06:00-07:00,500.3446859999999
1783138020,2026-07-03T21:07:00-07:00,500.3446859999999
1783138080,2026-07-03T21:08:00-07:00,937.7043258333333
1783138140,2026-07-03T21:09:00-07:00,937.7043258333333
1783138200,2026-07-03T21:10:00-07:00,937.7043258333333
1783138260,2026-07-03T21:11:00-07:00,937.7043258333333
1783138320,2026-07-03T21:12:00-07:00,937.7043258333333
1783138380,2026-07-03T21:13:00-07:00,764.6106366666667
1783138440,2026-07-03T21:14:00-07:00,764.6106366666667
1783138500,2026-07-03T21:15:00-07:00,764.6106366666667
1783138560,2026-07-03T21:16:00-07:00,764.6106366666667
1783138620,2026-07-03T21:17:00-07:00,764.6106366666667
1783138680,2026-07-03T21:18:00-07:00,487.17515066666664
1783138740,2026-07-03T21:19:00-07:00,487.17515066666664
1783138800,2026-07-03T21:20:00-07:00,487.17515066666664
1783138860,2026-07-03T21:21:00-07:00,487.17515066666664
1783138920,2026-07-03T21:22:00-07:00,487.17515066666664
1783139040,2026-07-03T21:24:00-07:00,871.8945451666667
1783139100,2026-07-03T21:25:00-07:00,871.8945451666667
1783139160,2026-07-03T21:26:00-07:00,871.8945451666667
1783139220,2026-07-03T21:27:00-07:00,871.8945451666667
1783139280,2026-07-03T21:28:00-07:00,871.8945451666667
1783139340,2026-07-03T21:29:00-07:00,587.2804163333334
1783139400,2026-07-03T21:30:00-07:00,587.2804163333334
1783139460,2026-07-03T21:31:00-07:00,587.2804163333334
1783139520,2026-07-03T21:32:00-07:00,587.2804163333334
1783139580,2026-07-03T21:33:00-07:00,587.2804163333334
1783139640,2026-07-03T21:34:00-07:00,715.2150273333333
1783139700,2026-07-03T21:35:00-07:00,715.2150273333333
1783139760,2026-07-03T21:36:00-07:00,715.2150273333333
1783139820,2026-07-03T21:37:00-07:00,715.2150273333333
1783139880,2026-07-03T21:38:00-07:00,715.2150273333333
1783139940,2026-07-03T21:39:00-07:00,634.9576619999999
1783140000,2026-07-03T21:40:00-07:00,634.9576619999999
1783140060,2026-07-03T21:41:00-07:00,634.9576619999999
1783140120,2026-07-03T21:42:00-07:00,634.9576619999999
1783140180,2026-07-03T21:43:00-07:00,634.9576619999999
1783140240,2026-07-03T21:44:00-07:00,658.7401196666667
1783140300,2026-07-03T21:45:00-07:00,658.7401196666667
1783140360,2026-07-03T21:46:00-07:00,658.7401196666667
1783140420,2026-07-03T21:47:00-07:00,658.7401196666667
1783140480,2026-07-03T21:48:00-07:00,658.7401196666667
1783140540,2026-07-03T21:49:00-07:00,685.6232994
1783140600,2026-07-03T21:50:00-07:00,685.6232994
1783140660,2026-07-03T21:51:00-07:00,685.6232994
1783140720,2026-07-03T21:52:00-07:00,685.6232994
1783140780,2026-07-03T21:53:00-07:00,685.6232994
1783141200,2026-07-03T22:00:00-07:00,590.30315175
1783141260,2026-07-03T22:01:00-07:00,590.30315175
1783141320,2026-07-03T22:02:00-07:00,590.30315175
1783141380,2026-07-03T22:03:00-07:00,590.30315175
1783141440,2026-07-03T22:04:00-07:00,590.30315175
1783141500,2026-07-03T22:05:00-07:00,545.6080121666668
1783141560,2026-07-03T22:06:00-07:00,545.6080121666668
1783141620,2026-07-03T22:07:00-07:00,545.6080121666668
1783141680,2026-07-03T22:08:00-07:00,545.6080121666668
1783141740,2026-07-03T22:09:00-07:00,545.6080121666668
1783141800,2026-07-03T22:10:00-07:00,1171.6920579999999
1783141860,2026-07-03T22:11:00-07:00,1171.6920579999999
1783141920,2026-07-03T22:12:00-07:00,1171.6920579999999
1783141980,2026-07-03T22:13:00-07:00,1171.6920579999999
1783142040,2026-07-03T22:14:00-07:00,1171.6920579999999
1783142100,2026-07-03T22:15:00-07:00,768.6526426666666
1783142160,2026-07-03T22:16:00-07:00,768.6526426666666
1783142220,2026-07-03T22:17:00-07:00,768.6526426666666
1783142280,2026-07-03T22:18:00-07:00,768.6526426666666
1783142340,2026-07-03T22:19:00-07:00,768.6526426666666
1783142400,2026-07-03T22:20:00-07:00,997.5016346666666
1783142460,2026-07-03T22:21:00-07:00,997.5016346666666
1783142520,2026-07-03T22:22:00-07:00,997.5016346666666
1783142580,2026-07-03T22:23:00-07:00,997.5016346666666
1783142640,2026-07-03T22:24:00-07:00,997.5016346666666
1783142700,2026-07-03T22:25:00-07:00,879.2325850000001
1783142760,2026-07-03T22:26:00-07:00,879.2325850000001
1783142820,2026-07-03T22:27:00-07:00,879.2325850000001
1783142880,2026-07-03T22:28:00-07:00,879.2325850000001
1783142940,2026-07-03T22:29:00-07:00,879.2325850000001
1783143000,2026-07-03T22:30:00-07:00,697.8650176666666
1783143060,2026-07-03T22:31:00-07:00,697.8650176666666
1783143120,2026-07-03T22:32:00-07:00,697.8650176666666
1783143180,2026-07-03T22:33:00-07:00,697.8650176666666
1783143240,2026-07-03T22:34:00-07:00,697.8650176666666
1783143300,2026-07-03T22:35:00-07:00,585.4756338333333
1783143360,2026-07-03T22:36:00-07:00,585.4756338333333
1783143420,2026-07-03T22:37:00-07:00,585.4756338333333
1783143480,2026-07-03T22:38:00-07:00,585.4756338333333
1783143540,2026-07-03T22:39:00-07:00,585.4756338333333
1783143600,2026-07-03T22:40:00-07:00,922.2517636666668
1783143660,2026-07-03T22:41:00-07:00,922.2517636666668
1783143720,2026-07-03T22:42:00-07:00,922.2517636666668
1783143780,2026-07-03T22:43:00-07:00,922.2517636666668
1783143840,2026-07-03T22:44:00-07:00,922.2517636666668
1783143900,2026-07-03T22:45:00-07:00,766.5414433333332
1783143960,2026-07-03T22:46:00-07:00,766.5414433333332
1783144020,2026-07-03T22:47:00-07:00,766.5414433333332
1783144080,2026-07-03T22:48:00-07:00,766.5414433333332
1783144140,2026-07-03T22:49:00-07:00,766.5414433333332
1783144200,2026-07-03T22:50:00-07:00,836.2156906
1783144260,2026-07-03T22:51:00-07:00,836.2156906
1783144320,2026-07-03T22:52:00-07:00,836.2156906
1783144380,2026-07-03T22:53:00-07:00,836.2156906
1783144440,2026-07-03T22:54:00-07:00,836.2156906
1783144800,2026-07-03T23:00:00-07:00,563.9653051666667
1783144860,2026-07-03T23:01:00-07:00,563.9653051666667
1783144920,2026-07-03T23:02:00-07:00,563.9653051666667
1783144980,2026-07-03T23:03:00-07:00,563.9653051666667
1783145040,2026-07-03T23:04:00-07:00,563.9653051666667
1783145100,2026-07-03T23:05:00-07:00,891.0733439999999
1783145160,2026-07-03T23:06:00-07:00,891.0733439999999
1783145220,2026-07-03T23:07:00-07:00,891.0733439999999
1783145280,2026-07-03T23:08:00-07:00,891.0733439999999
1783145340,2026-07-03T23:09:00-07:00,891.0733439999999
1783145400,2026-07-03T23:10:00-07:00,688.1097211666666
1783145460,2026-07-03T23:11:00-07:00,688.1097211666666
1783145520,2026-07-03T23:12:00-07:00,688.1097211666666
1783145580,2026-07-03T23:13:00-07:00,688.1097211666666
1783145640,2026-07-03T23:14:00-07:00,688.1097211666666
1783145700,2026-07-03T23:15:00-07:00,607.8984243333333
1783145760,2026-07-03T23:16:00-07:00,607.8984243333333
1783145820,2026-07-03T23:17:00-07:00,607.8984243333333
1783145880,2026-07-03T23:18:00-07:00,607.8984243333333
1783145940,2026-07-03T23:19:00-07:00,607.8984243333333
1783146060,2026-07-03T23:21:00-07:00,596.7931385
1783146120,2026-07-03T23:22:00-07:00,596.7931385
1783146180,2026-07-03T23:23:00-07:00,596.7931385
1783146240,2026-07-03T23:24:00-07:00,596.7931385
1783146300,2026-07-03T23:25:00-07:00,596.7931385
1783146360,2026-07-03T23:26:00-07:00,625.825867
1783146420,2026-07-03T23:27:00-07:00,625.825867
1783146480,2026-07-03T23:28:00-07:00,625.825867
1783146540,2026-07-03T23:29:00-07:00,625.825867
1783146600,2026-07-03T23:30:00-07:00,625.825867
1783146660,2026-07-03T23:31:00-07:00,523.2135693333333
1783146720,2026-07-03T23:32:00-07:00,523.2135693333333
1783146780,2026-07-03T23:33:00-07:00,523.2135693333333
1783146840,2026-07-03T23:34:00-07:00,523.2135693333333
1783146900,2026-07-03T23:35:00-07:00,523.2135693333333
1783146960,2026-07-03T23:36:00-07:00,452.1246065
1783147020,2026-07-03T23:37:00-07:00,452.1246065
1783147080,2026-07-03T23:38:00-07:00,452.1246065
1783147140,2026-07-03T23:39:00-07:00,452.1246065
1783147200,2026-07-03T23:40:00-07:00,452.1246065
1783147560,2026-07-03T23:46:00-07:00,719.6423208333334
1783147620,2026-07-03T23:47:00-07:00,719.6423208333334
1783147680,2026-07-03T23:48:00-07:00,719.6423208333334
1783147740,2026-07-03T23:49:00-07:00,719.6423208333334
1783147800,2026-07-03T23:50:00-07:00,719.6423208333334
1783147980,2026-07-03T23:53:00-07:00,594.0411515
1783148040,2026-07-03T23:54:00-07:00,594.0411515
1783148100,2026-07-03T23:55:00-07:00,594.0411515
1783148160,2026-07-03T23:56:00-07:00,594.0411515
1783148220,2026-07-03T23:57:00-07:00,594.0411515
1783148280,2026-07-03T23:58:00-07:00,528.3422853333333
1783148340,2026-07-03T23:59:00-07:00,528.3422853333333
1783148400,2026-07-04T00:00:00-07:00,528.3422853333333
1783148460,2026-07-04T00:01:00-07:00,528.3422853333333
1783148520,2026-07-04T00:02:00-07:00,528.3422853333333
1783148700,2026-07-04T00:05:00-07:00,393.16230616666667
1783148760,2026-07-04T00:06:00-07:00,393.16230616666667
1783148820,2026-07-04T00:07:00-07:00,393.16230616666667
1783148880,2026-07-04T00:08:00-07:00,393.16230616666667
1783148940,2026-07-04T00:09:00-07:00,393.16230616666667
1783149000,2026-07-04T00:10:00-07:00,313.492147
1783149060,2026-07-04T00:11:00-07:00,313.492147
1783149120,2026-07-04T00:12:00-07:00,313.492147
1783149180,2026-07-04T00:13:00-07:00,313.492147
1783149240,2026-07-04T00:14:00-07:00,313.492147
1783149360,2026-07-04T00:16:00-07:00,243.06808166666664
1783149420,2026-07-04T00:17:00-07:00,243.06808166666664
1783149480,2026-07-04T00:18:00-07:00,243.06808166666664
1783149540,2026-07-04T00:19:00-07:00,243.06808166666664
1783149600,2026-07-04T00:20:00-07:00,243.06808166666664
1783149660,2026-07-04T00:21:00-07:00,500.5368045
1783149720,2026-07-04T00:22:00-07:00,500.5368045
1783149780,2026-07-04T00:23:00-07:00,500.5368045
1783149840,2026-07-04T00:24:00-07:00,500.5368045
1783149900,2026-07-04T00:25:00-07:00,500.5368045
1783149960,2026-07-04T00:26:00-07:00,361.8372601666667
1783150020,2026-07-04T00:27:00-07:00,361.8372601666667
1783150080,2026-07-04T00:28:00-07:00,361.8372601666667
1783150140,2026-07-04T00:29:00-07:00,361.8372601666667
1783150200,2026-07-04T00:30:00-07:00,361.8372601666667
1783150320,2026-07-04T00:32:00-07:00,211.6937055
1783150380,2026-07-04T00:33:00-07:00,211.6937055
1783150440,2026-07-04T00:34:00-07:00,211.6937055
1783150500,2026-07-04T00:35:00-07:00,211.6937055
1783150560,2026-07-04T00:36:00-07:00,211.6937055
1783150680,2026-07-04T00:38:00-07:00,116.04351133333334
1783150740,2026-07-04T00:39:00-07:00,116.04351133333334
1783150800,2026-07-04T00:40:00-07:00,116.04351133333334
1783150860,2026-07-04T00:41:00-07:00,116.04351133333334
1783150920,2026-07-04T00:42:00-07:00,116.04351133333334
1783150980,2026-07-04T00:43:00-07:00,73.62334550000001
1783151040,2026-07-04T00:44:00-07:00,73.62334550000001
1783151100,2026-07-04T00:45:00-07:00,73.62334550000001
1783151160,2026-07-04T00:46:00-07:00,73.62334550000001
1783151220,2026-07-04T00:47:00-07:00,73.62334550000001
1783151280,2026-07-04T00:48:00-07:00,102.9713405
1783151340,2026-07-04T00:49:00-07:00,102.9713405
1783151400,2026-07-04T00:50:00-07:00,102.9713405
1783151460,2026-07-04T00:51:00-07:00,102.9713405
1783151520,2026-07-04T00:52:00-07:00,102.9713405
1783151700,2026-07-04T00:55:00-07:00,362.88787866666667
1783151760,2026-07-04T00:56:00-07:00,362.88787866666667
1783151820,2026-07-04T00:57:00-07:00,362.88787866666667
1783151880,2026-07-04T00:58:00-07:00,362.88787866666667
1783151940,2026-07-04T00:59:00-07:00,362.88787866666667
1783152000,2026-07-04T01:00:00-07:00,154.7386675
1783152060,2026-07-04T01:01:00-07:00,154.7386675
1783152120,2026-07-04T01:02:00-07:00,154.7386675
1783152180,2026-07-04T01:03:00-07:00,154.7386675
1783152240,2026-07-04T01:04:00-07:00,154.7386675
1783152360,2026-07-04T01:06:00-07:00,91.45760066666666
1783152420,2026-07-04T01:07:00-07:00,91.45760066666666
1783152480,2026-07-04T01:08:00-07:00,91.45760066666666
1783152540,2026-07-04T01:09:00-07:00,91.45760066666666
1783152600,2026-07-04T01:10:00-07:00,91.45760066666666
1783152780,2026-07-04T01:13:00-07:00,117.33650733333333
1783152840,2026-07-04T01:14:00-07:00,117.33650733333333
1783152900,2026-07-04T01:15:00-07:00,117.33650733333333
1783152960,2026-07-04T01:16:00-07:00,117.33650733333333
1783153020,2026-07-04T01:17:00-07:00,117.33650733333333
1783153140,2026-07-04T01:19:00-07:00,474.44477016666673
1783153200,2026-07-04T01:20:00-07:00,474.44477016666673
1783153260,2026-07-04T01:21:00-07:00,474.44477016666673
1783153320,2026-07-04T01:22:00-07:00,474.44477016666673
1783153380,2026-07-04T01:23:00-07:00,474.44477016666673
1783153500,2026-07-04T01:25:00-07:00,82.14381199999998
1783153560,2026-07-04T01:26:00-07:00,82.14381199999998
1783153620,2026-07-04T01:27:00-07:00,82.14381199999998
1783153680,2026-07-04T01:28:00-07:00,82.14381199999998
1783153740,2026-07-04T01:29:00-07:00,82.14381199999998
1783153800,2026-07-04T01:30:00-07:00,72.01425499999999
1783153860,2026-07-04T01:31:00-07:00,72.01425499999999
1783153920,2026-07-04T01:32:00-07:00,72.01425499999999
1783153980,2026-07-04T01:33:00-07:00,72.01425499999999
1783154040,2026-07-04T01:34:00-07:00,72.01425499999999
1783154160,2026-07-04T01:36:00-07:00,36.596849166666665
1783154220,2026-07-04T01:37:00-07:00,36.596849166666665
1783154280,2026-07-04T01:38:00-07:00,36.596849166666665
1783154340,2026-07-04T01:39:00-07:00,36.596849166666665
1783154400,2026-07-04T01:40:00-07:00,36.596849166666665
1783154460,2026-07-04T01:41:00-07:00,38.505757833333334
1783154520,2026-07-04T01:42:00-07:00,38.505757833333334
1783154580,2026-07-04T01:43:00-07:00,38.505757833333334
1783154640,2026-07-04T01:44:00-07:00,38.505757833333334
1783154700,2026-07-04T01:45:00-07:00,38.505757833333334
1783154820,2026-07-04T01:47:00-07:00,57.27296949999999
1783154880,2026-07-04T01:48:00-07:00,57.27296949999999
1783154940,2026-07-04T01:49:00-07:00,57.27296949999999
1783155000,2026-07-04T01:50:00-07:00,57.27296949999999
1783155060,2026-07-04T01:51:00-07:00,57.27296949999999
1783155180,2026-07-04T01:53:00-07:00,61.283650833333326
1783155240,2026-07-04T01:54:00-07:00,61.283650833333326
1783155300,2026-07-04T01:55:00-07:00,61.283650833333326
1783155360,2026-07-04T01:56:00-07:00,61.283650833333326
1783155420,2026-07-04T01:57:00-07:00,61.283650833333326
1783155600,2026-07-04T02:00:00-07:00,38.292128166666664
1783155660,2026-07-04T02:01:00-07:00,38.292128166666664
1783155720,2026-07-04T02:02:00-07:00,38.292128166666664
1783155780,2026-07-04T02:03:00-07:00,38.292128166666664
1783155840,2026-07-04T02:04:00-07:00,38.292128166666664
1783155960,2026-07-04T02:06:00-07:00,42.894388666666664
1783156020,2026-07-04T02:07:00-07:00,42.894388666666664
1783156080,2026-07-04T02:08:00-07:00,42.894388666666664
1783156140,2026-07-04T02:09:00-07:00,42.894388666666664
1783156200,2026-07-04T02:10:00-07:00,42.894388666666664
1783156260,2026-07-04T02:11:00-07:00,36.469265666666665
1783156320,2026-07-04T02:12:00-07:00,36.469265666666665
1783156380,2026-07-04T02:13:00-07:00,36.469265666666665
1783156440,2026-07-04T02:14:00-07:00,36.469265666666665
1783156500,2026-07-04T02:15:00-07:00,36.469265666666665
1783156560,2026-07-04T02:16:00-07:00,38.13610166666666
1783156620,2026-07-04T02:17:00-07:00,38.13610166666666
1783156680,2026-07-04T02:18:00-07:00,38.13610166666666
1783156740,2026-07-04T02:19:00-07:00,38.13610166666666
1783156800,2026-07-04T02:20:00-07:00,38.13610166666666
1783156980,2026-07-04T02:23:00-07:00,67.613722
1783157040,2026-07-04T02:24:00-07:00,67.613722
1783157100,2026-07-04T02:25:00-07:00,67.613722
1783157160,2026-07-04T02:26:00-07:00,67.613722
1783157220,2026-07-04T02:27:00-07:00,67.613722
1783157340,2026-07-04T02:29:00-07:00,41.014431333333334
1783157400,2026-07-04T02:30:00-07:00,41.014431333333334
1783157460,2026-07-04T02:31:00-07:00,41.014431333333334
1783157520,2026-07-04T02:32:00-07:00,41.014431333333334
1783157580,2026-07-04T02:33:00-07:00,41.014431333333334
1783157760,2026-07-04T02:36:00-07:00,47.45192483333333
1783157820,2026-07-04T02:37:00-07:00,47.45192483333333
1783157880,2026-07-04T02:38:00-07:00,47.45192483333333
1783157940,2026-07-04T02:39:00-07:00,47.45192483333333
1783158000,2026-07-04T02:40:00-07:00,47.45192483333333
1783158060,2026-07-04T02:41:00-07:00,33.6946345
1783158120,2026-07-04T02:42:00-07:00,33.6946345
1783158180,2026-07-04T02:43:00-07:00,33.6946345
1783158240,2026-07-04T02:44:00-07:00,33.6946345
1783158300,2026-07-04T02:45:00-07:00,33.6946345
1783158420,2026-07-04T02:47:00-07:00,89.33076316666667
1783158480,2026-07-04T02:48:00-07:00,89.33076316666667
1783158540,2026-07-04T02:49:00-07:00,89.33076316666667
1783158600,2026-07-04T02:50:00-07:00,89.33076316666667
1783158660,2026-07-04T02:51:00-07:00,89.33076316666667
1783158720,2026-07-04T02:52:00-07:00,320.4095458333333
1783158780,2026-07-04T02:53:00-07:00,320.4095458333333
1783158840,2026-07-04T02:54:00-07:00,320.4095458333333
1783158900,2026-07-04T02:55:00-07:00,320.4095458333333
1783158960,2026-07-04T02:56:00-07:00,320.4095458333333
1783159140,2026-07-04T02:59:00-07:00,110.83226183333335
1783159200,2026-07-04T03:00:00-07:00,110.83226183333335
1783159260,2026-07-04T03:01:00-07:00,110.83226183333335
1783159320,2026-07-04T03:02:00-07:00,110.83226183333335
1783159380,2026-07-04T03:03:00-07:00,110.83226183333335
1783159440,2026-07-04T03:04:00-07:00,102.06033683333332
1783159500,2026-07-04T03:05:00-07:00,102.06033683333332
1783159560,2026-07-04T03:06:00-07:00,102.06033683333332
1783159620,2026-07-04T03:07:00-07:00,102.06033683333332
1783159680,2026-07-04T03:08:00-07:00,102.06033683333332
1783159980,2026-07-04T03:13:00-07:00,89.97826483333334
1783160040,2026-07-04T03:14:00-07:00,89.97826483333334
1783160100,2026-07-04T03:15:00-07:00,89.97826483333334
1783160160,2026-07-04T03:16:00-07:00,89.97826483333334
1783160220,2026-07-04T03:17:00-07:00,89.97826483333334
1783160340,2026-07-04T03:19:00-07:00,36.285671666666666
1783160400,2026-07-04T03:20:00-07:00,36.285671666666666
1783160460,2026-07-04T03:21:00-07:00,36.285671666666666
1783160520,2026-07-04T03:22:00-07:00,36.285671666666666
1783160580,2026-07-04T03:23:00-07:00,36.285671666666666
1783160700,2026-07-04T03:25:00-07:00,37.77986633333334
1783160760,2026-07-04T03:26:00-07:00,37.77986633333334
1783160820,2026-07-04T03:27:00-07:00,37.77986633333334
1783160880,2026-07-04T03:28:00-07:00,37.77986633333334
1783160940,2026-07-04T03:29:00-07:00,37.77986633333334
1783161060,2026-07-04T03:31:00-07:00,35.50950783333334
1783161120,2026-07-04T03:32:00-07:00,35.50950783333334
1783161180,2026-07-04T03:33:00-07:00,35.50950783333334
1783161240,2026-07-04T03:34:00-07:00,35.50950783333334
1783161300,2026-07-04T03:35:00-07:00,35.50950783333334
1783161480,2026-07-04T03:38:00-07:00,34.983269666666665
1783161540,2026-07-04T03:39:00-07:00,34.983269666666665
1783161600,2026-07-04T03:40:00-07:00,34.983269666666665
1783161660,2026-07-04T03:41:00-07:00,34.983269666666665
1783161720,2026-07-04T03:42:00-07:00,34.983269666666665
1783161840,2026-07-04T03:44:00-07:00,35.64619283333333
1783161900,2026-07-04T03:45:00-07:00,35.64619283333333
1783161960,2026-07-04T03:46:00-07:00,35.64619283333333
1783162020,2026-07-04T03:47:00-07:00,35.64619283333333
1783162080,2026-07-04T03:48:00-07:00,35.64619283333333
1783162140,2026-07-04T03:49:00-07:00,38.10179983333334
1783162200,2026-07-04T03:50:00-07:00,38.10179983333334
1783162260,2026-07-04T03:51:00-07:00,38.10179983333334
1783162320,2026-07-04T03:52:00-07:00,38.10179983333334
1783162380,2026-07-04T03:53:00-07:00,38.10179983333334
1783162500,2026-07-04T03:55:00-07:00,48.818813999999996
1783162560,2026-07-04T03:56:00-07:00,48.818813999999996
1783162620,2026-07-04T03:57:00-07:00,48.818813999999996
1783162680,2026-07-04T03:58:00-07:00,48.818813999999996
1783162740,2026-07-04T03:59:00-07:00,48.818813999999996
1783162800,2026-07-04T04:00:00-07:00,34.97432433333333
1783162860,2026-07-04T04:01:00-07:00,34.97432433333333
1783162920,2026-07-04T04:02:00-07:00,34.97432433333333
1783162980,2026-07-04T04:03:00-07:00,34.97432433333333
1783163040,2026-07-04T04:04:00-07:00,34.97432433333333
1783163280,2026-07-04T04:08:00-07:00,34.677551333333334
1783163340,2026-07-04T04:09:00-07:00,34.677551333333334
1783163400,2026-07-04T04:10:00-07:00,34.677551333333334
1783163460,2026-07-04T04:11:00-07:00,34.677551333333334
1783163520,2026-07-04T04:12:00-07:00,34.677551333333334
1783163580,2026-07-04T04:13:00-07:00,35.403455666666666
1783163640,2026-07-04T04:14:00-07:00,35.403455666666666
1783163700,2026-07-04T04:15:00-07:00,35.403455666666666
1783163760,2026-07-04T04:16:00-07:00,35.403455666666666
1783163820,2026-07-04T04:17:00-07:00,35.403455666666666
1783163880,2026-07-04T04:18:00-07:00,37.723463333333335
1783163940,2026-07-04T04:19:00-07:00,37.723463333333335
1783164000,2026-07-04T04:20:00-07:00,37.723463333333335
1783164060,2026-07-04T04:21:00-07:00,37.723463333333335
1783164120,2026-07-04T04:22:00-07:00,37.723463333333335
1783164240,2026-07-04T04:24:00-07:00,39.528035499999994
1783164300,2026-07-04T04:25:00-07:00,39.528035499999994
1783164360,2026-07-04T04:26:00-07:00,39.528035499999994
1783164420,2026-07-04T04:27:00-07:00,39.528035499999994
1783164480,2026-07-04T04:28:00-07:00,39.528035499999994
1783164600,2026-07-04T04:30:00-07:00,35.45388466666667
1783164660,2026-07-04T04:31:00-07:00,35.45388466666667
1783164720,2026-07-04T04:32:00-07:00,35.45388466666667
1783164780,2026-07-04T04:33:00-07:00,35.45388466666667
1783164840,2026-07-04T04:34:00-07:00,35.45388466666667
1783164960,2026-07-04T04:36:00-07:00,37.42600483333334
1783165020,2026-07-04T04:37:00-07:00,37.42600483333334
1783165080,2026-07-04T04:38:00-07:00,37.42600483333334
1783165140,2026-07-04T04:39:00-07:00,37.42600483333334
1783165200,2026-07-04T04:40:00-07:00,37.42600483333334
1783165320,2026-07-04T04:42:00-07:00,39.748894666666665
1783165380,2026-07-04T04:43:00-07:00,39.748894666666665
1783165440,2026-07-04T04:44:00-07:00,39.748894666666665
1783165500,2026-07-04T04:45:00-07:00,39.748894666666665
1783165560,2026-07-04T04:46:00-07:00,39.748894666666665
1783165740,2026-07-04T04:49:00-07:00,87.92931466666666
1783165800,2026-07-04T04:50:00-07:00,87.92931466666666
1783165860,2026-07-04T04:51:00-07:00,87.92931466666666
1783165920,2026-07-04T04:52:00-07:00,87.92931466666666
1783165980,2026-07-04T04:53:00-07:00,87.92931466666666
1783166040,2026-07-04T04:54:00-07:00,37.03293849999999
1783166100,2026-07-04T04:55:00-07:00,37.03293849999999
1783166160,2026-07-04T04:56:00-07:00,37.03293849999999
1783166220,2026-07-04T04:57:00-07:00,37.03293849999999
1783166280,2026-07-04T04:58:00-07:00,37.03293849999999
1783166340,2026-07-04T04:59:00-07:00,40.52280683333333
1783166400,2026-07-04T05:00:00-07:00,40.52280683333333
1783166460,2026-07-04T05:01:00-07:00,40.52280683333333
1783166520,2026-07-04T05:02:00-07:00,40.52280683333333
1783166580,2026-07-04T05:03:00-07:00,40.52280683333333
1783166640,2026-07-04T05:04:00-07:00,35.27237266666666
1783166700,2026-07-04T05:05:00-07:00,35.27237266666666
1783166760,2026-07-04T05:06:00-07:00,35.27237266666666
1783166820,2026-07-04T05:07:00-07:00,35.27237266666666
1783166880,2026-07-04T05:08:00-07:00,35.27237266666666
1783167060,2026-07-04T05:11:00-07:00,36.81942416666667
1783167120,2026-07-04T05:12:00-07:00,36.81942416666667
1783167180,2026-07-04T05:13:00-07:00,36.81942416666667
1783167240,2026-07-04T05:14:00-07:00,36.81942416666667
1783167300,2026-07-04T05:15:00-07:00,36.81942416666667
1783167480,2026-07-04T05:18:00-07:00,36.147156
1783167540,2026-07-04T05:19:00-07:00,36.147156
1783167600,2026-07-04T05:20:00-07:00,36.147156
1783167660,2026-07-04T05:21:00-07:00,36.147156
1783167720,2026-07-04T05:22:00-07:00,36.147156
1783167780,2026-07-04T05:23:00-07:00,37.22037083333333
1783167840,2026-07-04T05:24:00-07:00,37.22037083333333
1783167900,2026-07-04T05:25:00-07:00,37.22037083333333
1783167960,2026-07-04T05:26:00-07:00,37.22037083333333
1783168020,2026-07-04T05:27:00-07:00,37.22037083333333
1783168140,2026-07-04T05:29:00-07:00,41.96041566666667
1783168200,2026-07-04T05:30:00-07:00,41.96041566666667
1783168260,2026-07-04T05:31:00-07:00,41.96041566666667
1783168320,2026-07-04T05:32:00-07:00,41.96041566666667
1783168380,2026-07-04T05:33:00-07:00,41.96041566666667
1783168560,2026-07-04T05:36:00-07:00,73.40691433333333
1783168620,2026-07-04T05:37:00-07:00,73.40691433333333
1783168680,2026-07-04T05:38:00-07:00,73.40691433333333
1783168740,2026-07-04T05:39:00-07:00,73.40691433333333
1783168800,2026-07-04T05:40:00-07:00,73.40691433333333
1783168920,2026-07-04T05:42:00-07:00,38.18251533333333
1783168980,2026-07-04T05:43:00-07:00,38.18251533333333
1783169040,2026-07-04T05:44:00-07:00,38.18251533333333
1783169100,2026-07-04T05:45:00-07:00,38.18251533333333
1783169160,2026-07-04T05:46:00-07:00,38.18251533333333
1783169340,2026-07-04T05:49:00-07:00,34.998372499999995
1783169400,2026-07-04T05:50:00-07:00,34.998372499999995
1783169460,2026-07-04T05:51:00-07:00,34.998372499999995
1783169520,2026-07-04T05:52:00-07:00,34.998372499999995
1783169580,2026-07-04T05:53:00-07:00,34.998372499999995
1783169640,2026-07-04T05:54:00-07:00,58.27102983333333
1783169700,2026-07-04T05:55:00-07:00,58.27102983333333
1783169760,2026-07-04T05:56:00-07:00,58.27102983333333
1783169820,2026-07-04T05:57:00-07:00,58.27102983333333
1783169880,2026-07-04T05:58:00-07:00,58.27102983333333
1783170000,2026-07-04T06:00:00-07:00,36.706414333333335
1783170060,2026-07-04T06:01:00-07:00,36.706414333333335
1783170120,2026-07-04T06:02:00-07:00,36.706414333333335
1783170180,2026-07-04T06:03:00-07:00,36.706414333333335
1783170240,2026-07-04T06:04:00-07:00,36.706414333333335
1783170300,2026-07-04T06:05:00-07:00,33.64923099999999
1783170360,2026-07-04T06:06:00-07:00,33.64923099999999
1783170420,2026-07-04T06:07:00-07:00,33.64923099999999
1783170480,2026-07-04T06:08:00-07:00,33.64923099999999
1783170540,2026-07-04T06:09:00-07:00,33.64923099999999
1783170660,2026-07-04T06:11:00-07:00,34.60219983333333
1783170720,2026-07-04T06:12:00-07:00,34.60219983333333
1783170780,2026-07-04T06:13:00-07:00,34.60219983333333
1783170840,2026-07-04T06:14:00-07:00,34.60219983333333
1783170900,2026-07-04T06:15:00-07:00,34.60219983333333
1783171020,2026-07-04T06:17:00-07:00,39.8799915
1783171080,2026-07-04T06:18:00-07:00,39.8799915
1783171140,2026-07-04T06:19:00-07:00,39.8799915
1783171200,2026-07-04T06:20:00-07:00,39.8799915
1783171260,2026-07-04T06:21:00-07:00,39.8799915
1783171320,2026-07-04T06:22:00-07:00,37.64753566666667
1783171380,2026-07-04T06:23:00-07:00,37.64753566666667
1783171440,2026-07-04T06:24:00-07:00,37.64753566666667
1783171500,2026-07-04T06:25:00-07:00,37.64753566666667
1783171560,2026-07-04T06:26:00-07:00,37.64753566666667
1783171680,2026-07-04T06:28:00-07:00,38.84492316666667
1783171740,2026-07-04T06:29:00-07:00,38.84492316666667
1783171800,2026-07-04T06:30:00-07:00,38.84492316666667
1783171860,2026-07-04T06:31:00-07:00,38.84492316666667
1783171920,2026-07-04T06:32:00-07:00,38.84492316666667
1783171980,2026-07-04T06:33:00-07:00,39.204271
1783172040,2026-07-04T06:34:00-07:00,39.204271
1783172100,2026-07-04T06:35:00-07:00,39.204271
1783172160,2026-07-04T06:36:00-07:00,39.204271
1783172220,2026-07-04T06:37:00-07:00,39.204271
1783172340,2026-07-04T06:39:00-07:00,58.867892833333336
1783172400,2026-07-04T06:40:00-07:00,58.867892833333336
1783172460,2026-07-04T06:41:00-07:00,58.867892833333336
1783172520,2026-07-04T06:42:00-07:00,58.867892833333336
1783172580,2026-07-04T06:43:00-07:00,58.867892833333336
1783172760,2026-07-04T06:46:00-07:00,54.573601833333335
1783172820,2026-07-04T06:47:00-07:00,54.573601833333335
1783172880,2026-07-04T06:48:00-07:00,54.573601833333335
1783172940,2026-07-04T06:49:00-07:00,54.573601833333335
1783173000,2026-07-04T06:50:00-07:00,54.573601833333335
1783173060,2026-07-04T06:51:00-07:00,39.05095766666667
1783173120,2026-07-04T06:52:00-07:00,39.05095766666667
1783173180,2026-07-04T06:53:00-07:00,39.05095766666667
1783173240,2026-07-04T06:54:00-07:00,39.05095766666667
1783173300,2026-07-04T06:55:00-07:00,39.05095766666667
1783173360,2026-07-04T06:56:00-07:00,99.75498483333332
1783173420,2026-07-04T06:57:00-07:00,99.75498483333332
1783173480,2026-07-04T06:58:00-07:00,99.75498483333332
1783173540,2026-07-04T06:59:00-07:00,99.75498483333332
1783173600,2026-07-04T07:00:00-07:00,99.75498483333332
1783173660,2026-07-04T07:01:00-07:00,136.35470266666667
1783173720,2026-07-04T07:02:00-07:00,136.35470266666667
1783173780,2026-07-04T07:03:00-07:00,136.35470266666667
1783173840,2026-07-04T07:04:00-07:00,136.35470266666667
1783173900,2026-07-04T07:05:00-07:00,136.35470266666667
1783174020,2026-07-04T07:07:00-07:00,58.181403166666676
1783174080,2026-07-04T07:08:00-07:00,58.181403166666676
1783174140,2026-07-04T07:09:00-07:00,58.181403166666676
1783174200,2026-07-04T07:10:00-07:00,58.181403166666676
1783174260,2026-07-04T07:11:00-07:00,58.181403166666676
1783174440,2026-07-04T07:14:00-07:00,258.14194066666664
1783174500,2026-07-04T07:15:00-07:00,258.14194066666664
1783174560,2026-07-04T07:16:00-07:00,258.14194066666664
1783174620,2026-07-04T07:17:00-07:00,258.14194066666664
1783174680,2026-07-04T07:18:00-07:00,258.14194066666664
1783174980,2026-07-04T07:23:00-07:00,86.89015016666666
1783175040,2026-07-04T07:24:00-07:00,86.89015016666666
1783175100,2026-07-04T07:25:00-07:00,86.89015016666666
1783175160,2026-07-04T07:26:00-07:00,86.89015016666666
1783175220,2026-07-04T07:27:00-07:00,86.89015016666666
1783175340,2026-07-04T07:29:00-07:00,430.84130020000003
1783175400,2026-07-04T07:30:00-07:00,430.84130020000003
1783175460,2026-07-04T07:31:00-07:00,430.84130020000003
1783175520,2026-07-04T07:32:00-07:00,430.84130020000003
1783175580,2026-07-04T07:33:00-07:00,430.84130020000003
1783175640,2026-07-04T07:34:00-07:00,120.39243549999999
1783175700,2026-07-04T07:35:00-07:00,120.39243549999999
1783175760,2026-07-04T07:36:00-07:00,120.39243549999999
1783175820,2026-07-04T07:37:00-07:00,120.39243549999999
1783175880,2026-07-04T07:38:00-07:00,120.39243549999999
1783176000,2026-07-04T07:40:00-07:00,141.96915033333332
1783176060,2026-07-04T07:41:00-07:00,141.96915033333332
1783176120,2026-07-04T07:42:00-07:00,141.96915033333332
1783176180,2026-07-04T07:43:00-07:00,141.96915033333332
1783176240,2026-07-04T07:44:00-07:00,141.96915033333332
1783176300,2026-07-04T07:45:00-07:00,494.5803905
1783176360,2026-07-04T07:46:00-07:00,494.5803905
1783176420,2026-07-04T07:47:00-07:00,494.5803905
1783176480,2026-07-04T07:48:00-07:00,494.5803905
1783176540,2026-07-04T07:49:00-07:00,494.5803905
1783176660,2026-07-04T07:51:00-07:00,397.13576933333337
1783176720,2026-07-04T07:52:00-07:00,397.13576933333337
1783176780,2026-07-04T07:53:00-07:00,397.13576933333337
1783176840,2026-07-04T07:54:00-07:00,397.13576933333337
1783176900,2026-07-04T07:55:00-07:00,397.13576933333337
1783177020,2026-07-04T07:57:00-07:00,614.2869810000001
1783177080,2026-07-04T07:58:00-07:00,614.2869810000001
1783177140,2026-07-04T07:59:00-07:00,614.2869810000001
1783177200,2026-07-04T08:00:00-07:00,614.2869810000001
1783177260,2026-07-04T08:01:00-07:00,614.2869810000001
1783177380,2026-07-04T08:03:00-07:00,607.4049275000001
1783177440,2026-07-04T08:04:00-07:00,607.4049275000001
1783177500,2026-07-04T08:05:00-07:00,607.4049275000001
1783177560,2026-07-04T08:06:00-07:00,607.4049275000001
1783177620,2026-07-04T08:07:00-07:00,607.4049275000001
1783177800,2026-07-04T08:10:00-07:00,190.18796783333335
1783177860,2026-07-04T08:11:00-07:00,190.18796783333335
1783177920,2026-07-04T08:12:00-07:00,190.18796783333335
1783177980,2026-07-04T08:13:00-07:00,190.18796783333335
1783178040,2026-07-04T08:14:00-07:00,190.18796783333335
1783178100,2026-07-04T08:15:00-07:00,399.5210368333333
1783178160,2026-07-04T08:16:00-07:00,399.5210368333333
1783178220,2026-07-04T08:17:00-07:00,399.5210368333333
1783178280,2026-07-04T08:18:00-07:00,399.5210368333333
1783178340,2026-07-04T08:19:00-07:00,399.5210368333333
1783178520,2026-07-04T08:22:00-07:00,890.5011600000001
1783178580,2026-07-04T08:23:00-07:00,890.5011600000001
1783178640,2026-07-04T08:24:00-07:00,890.5011600000001
1783178700,2026-07-04T08:25:00-07:00,890.5011600000001
1783178760,2026-07-04T08:26:00-07:00,890.5011600000001
1783178820,2026-07-04T08:27:00-07:00,467.66250299999996
1783178880,2026-07-04T08:28:00-07:00,467.66250299999996
1783178940,2026-07-04T08:29:00-07:00,467.66250299999996
1783179000,2026-07-04T08:30:00-07:00,467.66250299999996
1783179060,2026-07-04T08:31:00-07:00,467.66250299999996
1783179120,2026-07-04T08:32:00-07:00,566.6845365
1783179180,2026-07-04T08:33:00-07:00,566.6845365
1783179240,2026-07-04T08:34:00-07:00,566.6845365
1783179300,2026-07-04T08:35:00-07:00,566.6845365
1783179360,2026-07-04T08:36:00-07:00,566.6845365
1783179480,2026-07-04T08:38:00-07:00,638.558716
1783179540,2026-07-04T08:39:00-07:00,638.558716
1783179600,2026-07-04T08:40:00-07:00,638.558716
1783179660,2026-07-04T08:41:00-07:00,638.558716
1783179720,2026-07-04T08:42:00-07:00,638.558716
1783179900,2026-07-04T08:45:00-07:00,618.833259
1783179960,2026-07-04T08:46:00-07:00,618.833259
1783180020,2026-07-04T08:47:00-07:00,618.833259
1783180080,2026-07-04T08:48:00-07:00,618.833259
1783180140,2026-07-04T08:49:00-07:00,618.833259
1783180260,2026-07-04T08:51:00-07:00,587.5044896666667
1783180320,2026-07-04T08:52:00-07:00,587.5044896666667
1783180380,2026-07-04T08:53:00-07:00,587.5044896666667
1783180440,2026-07-04T08:54:00-07:00,587.5044896666667
1783180500,2026-07-04T08:55:00-07:00,587.5044896666667
1783180680,2026-07-04T08:58:00-07:00,565.7504271666667
1783180740,2026-07-04T08:59:00-07:00,565.7504271666667
1783180800,2026-07-04T09:00:00-07:00,565.7504271666667
1783180860,2026-07-04T09:01:00-07:00,565.7504271666667
1783180920,2026-07-04T09:02:00-07:00,565.7504271666667
1783180980,2026-07-04T09:03:00-07:00,579.714139
1783181040,2026-07-04T09:04:00-07:00,579.714139
1783181100,2026-07-04T09:05:00-07:00,579.714139
1783181160,2026-07-04T09:06:00-07:00,579.714139
1783181220,2026-07-04T09:07:00-07:00,579.714139
1783181280,2026-07-04T09:08:00-07:00,579.9136961666667
1783181340,2026-07-04T09:09:00-07:00,579.9136961666667
1783181400,2026-07-04T09:10:00-07:00,579.9136961666667
1783181460,2026-07-04T09:11:00-07:00,579.9136961666667
1783181520,2026-07-04T09:12:00-07:00,579.9136961666667
1783181940,2026-07-04T09:19:00-07:00,726.8887333333333
1783182000,2026-07-04T09:20:00-07:00,726.8887333333333
1783182060,2026-07-04T09:21:00-07:00,726.8887333333333
1783182120,2026-07-04T09:22:00-07:00,726.8887333333333
1783182180,2026-07-04T09:23:00-07:00,726.8887333333333
1783182240,2026-07-04T09:24:00-07:00,634.1391268333333
1783182300,2026-07-04T09:25:00-07:00,634.1391268333333
1783182360,2026-07-04T09:26:00-07:00,634.1391268333333
1783182420,2026-07-04T09:27:00-07:00,634.1391268333333
1783182480,2026-07-04T09:28:00-07:00,634.1391268333333
1783182720,2026-07-04T09:32:00-07:00,848.4825375000001
1783182780,2026-07-04T09:33:00-07:00,848.4825375000001
1783182840,2026-07-04T09:34:00-07:00,848.4825375000001
1783182900,2026-07-04T09:35:00-07:00,848.4825375000001
1783182960,2026-07-04T09:36:00-07:00,848.4825375000001
1783183080,2026-07-04T09:38:00-07:00,733.3863458333334
1783183140,2026-07-04T09:39:00-07:00,733.3863458333334
1783183200,2026-07-04T09:40:00-07:00,733.3863458333334
1783183260,2026-07-04T09:41:00-07:00,733.3863458333334
1783183320,2026-07-04T09:42:00-07:00,733.3863458333334
1783184580,2026-07-04T10:03:00-07:00,635.6120473333333
1783184640,2026-07-04T10:04:00-07:00,635.6120473333333
1783184700,2026-07-04T10:05:00-07:00,635.6120473333333
1783184760,2026-07-04T10:06:00-07:00,635.6120473333333
1783184820,2026-07-04T10:07:00-07:00,635.6120473333333
1783185240,2026-07-04T10:14:00-07:00,847.2728886666667
1783185300,2026-07-04T10:15:00-07:00,847.2728886666667
1783185360,2026-07-04T10:16:00-07:00,847.2728886666667
1783185420,2026-07-04T10:17:00-07:00,847.2728886666667
1783185480,2026-07-04T10:18:00-07:00,847.2728886666667
1783185660,2026-07-04T10:21:00-07:00,914.9170200000002
1783185720,2026-07-04T10:22:00-07:00,914.9170200000002
1783185780,2026-07-04T10:23:00-07:00,914.9170200000002
1783185840,2026-07-04T10:24:00-07:00,914.9170200000002
1783185900,2026-07-04T10:25:00-07:00,914.9170200000002
1783186020,2026-07-04T10:27:00-07:00,595.0239058333334
1783186080,2026-07-04T10:28:00-07:00,595.0239058333334
1783186140,2026-07-04T10:29:00-07:00,595.0239058333334
1783186200,2026-07-04T10:30:00-07:00,595.0239058333334
1783186260,2026-07-04T10:31:00-07:00,595.0239058333334
1783186380,2026-07-04T10:33:00-07:00,714.6801353333334
1783186440,2026-07-04T10:34:00-07:00,714.6801353333334
1783186500,2026-07-04T10:35:00-07:00,714.6801353333334
1783186560,2026-07-04T10:36:00-07:00,714.6801353333334
1783186620,2026-07-04T10:37:00-07:00,714.6801353333334
1783186740,2026-07-04T10:39:00-07:00,862.31918375
1783186800,2026-07-04T10:40:00-07:00,862.31918375
1783186860,2026-07-04T10:41:00-07:00,862.31918375
1783186920,2026-07-04T10:42:00-07:00,862.31918375
1783186980,2026-07-04T10:43:00-07:00,862.31918375
1783188420,2026-07-04T11:07:00-07:00,627.5791559999999
1783188480,2026-07-04T11:08:00-07:00,627.5791559999999
1783188540,2026-07-04T11:09:00-07:00,627.5791559999999
1783188600,2026-07-04T11:10:00-07:00,627.5791559999999
1783188660,2026-07-04T11:11:00-07:00,627.5791559999999
1783188780,2026-07-04T11:13:00-07:00,703.4446348333335
1783188840,2026-07-04T11:14:00-07:00,703.4446348333335
1783188900,2026-07-04T11:15:00-07:00,703.4446348333335
1783188960,2026-07-04T11:16:00-07:00,703.4446348333335
1783189020,2026-07-04T11:17:00-07:00,703.4446348333335
1783189140,2026-07-04T11:19:00-07:00,506.99630400000007
1783189200,2026-07-04T11:20:00-07:00,506.99630400000007
1783189260,2026-07-04T11:21:00-07:00,506.99630400000007
1783189320,2026-07-04T11:22:00-07:00,506.99630400000007
1783189380,2026-07-04T11:23:00-07:00,506.99630400000007
1783189800,2026-07-04T11:30:00-07:00,737.9785563333335
1783189860,2026-07-04T11:31:00-07:00,737.9785563333335
1783189920,2026-07-04T11:32:00-07:00,737.9785563333335
1783189980,2026-07-04T11:33:00-07:00,737.9785563333335
1783190040,2026-07-04T11:34:00-07:00,737.9785563333335
1783190160,2026-07-04T11:36:00-07:00,505.41029499999996
1783190220,2026-07-04T11:37:00-07:00,505.41029499999996
1783190280,2026-07-04T11:38:00-07:00,505.41029499999996
1783190340,2026-07-04T11:39:00-07:00,505.41029499999996
1783190400,2026-07-04T11:40:00-07:00,505.41029499999996
1783190520,2026-07-04T11:42:00-07:00,793.5230376666667
1783190580,2026-07-04T11:43:00-07:00,793.5230376666667
1783190640,2026-07-04T11:44:00-07:00,793.5230376666667
1783190700,2026-07-04T11:45:00-07:00,793.5230376666667
1783190760,2026-07-04T11:46:00-07:00,793.5230376666667
1783190820,2026-07-04T11:47:00-07:00,635.4423561666666
1783190880,2026-07-04T11:48:00-07:00,635.4423561666666
1783190940,2026-07-04T11:49:00-07:00,635.4423561666666
1783191000,2026-07-04T11:50:00-07:00,635.4423561666666
1783191060,2026-07-04T11:51:00-07:00,635.4423561666666
1783191480,2026-07-04T11:58:00-07:00,759.6662466666667
1783191540,2026-07-04T11:59:00-07:00,759.6662466666667
1783191600,2026-07-04T12:00:00-07:00,759.6662466666667
1783191660,2026-07-04T12:01:00-07:00,759.6662466666667
1783191720,2026-07-04T12:02:00-07:00,759.6662466666667
1783191780,2026-07-04T12:03:00-07:00,952.0178833333334
1783191840,2026-07-04T12:04:00-07:00,952.0178833333334
1783191900,2026-07-04T12:05:00-07:00,952.0178833333334
1783191960,2026-07-04T12:06:00-07:00,952.0178833333334
1783192020,2026-07-04T12:07:00-07:00,952.0178833333334
1783192080,2026-07-04T12:08:00-07:00,525.1058351666667
1783192140,2026-07-04T12:09:00-07:00,525.1058351666667
1783192200,2026-07-04T12:10:00-07:00,525.1058351666667
1783192260,2026-07-04T12:11:00-07:00,525.1058351666667
1783192320,2026-07-04T12:12:00-07:00,525.1058351666667
1783192380,2026-07-04T12:13:00-07:00,708.3480091666667
1783192440,2026-07-04T12:14:00-07:00,708.3480091666667
1783192500,2026-07-04T12:15:00-07:00,708.3480091666667
1783192560,2026-07-04T12:16:00-07:00,708.3480091666667
1783192620,2026-07-04T12:17:00-07:00,708.3480091666667
1783192740,2026-07-04T12:19:00-07:00,675.4814294
1783192800,2026-07-04T12:20:00-07:00,675.4814294
1783192860,2026-07-04T12:21:00-07:00,675.4814294
1783192920,2026-07-04T12:22:00-07:00,675.4814294
1783192980,2026-07-04T12:23:00-07:00,675.4814294
1783193040,2026-07-04T12:24:00-07:00,793.9825446666667
1783193100,2026-07-04T12:25:00-07:00,793.9825446666667
1783193160,2026-07-04T12:26:00-07:00,793.9825446666667
1783193220,2026-07-04T12:27:00-07:00,793.9825446666667
1783193280,2026-07-04T12:28:00-07:00,793.9825446666667
1783193760,2026-07-04T12:36:00-07:00,741.0286123333334
1783193820,2026-07-04T12:37:00-07:00,741.0286123333334
1783193880,2026-07-04T12:38:00-07:00,741.0286123333334
1783193940,2026-07-04T12:39:00-07:00,741.0286123333334
1783194000,2026-07-04T12:40:00-07:00,741.0286123333334
1783194120,2026-07-04T12:42:00-07:00,524.0659045
1783194180,2026-07-04T12:43:00-07:00,524.0659045
1783194240,2026-07-04T12:44:00-07:00,524.0659045
1783194300,2026-07-04T12:45:00-07:00,524.0659045
1783194360,2026-07-04T12:46:00-07:00,524.0659045
1783194420,2026-07-04T12:47:00-07:00,701.9458485
1783194480,2026-07-04T12:48:00-07:00,701.9458485
1783194540,2026-07-04T12:49:00-07:00,701.9458485
1783194600,2026-07-04T12:50:00-07:00,701.9458485
1783194660,2026-07-04T12:51:00-07:00,701.9458485
1783195080,2026-07-04T12:58:00-07:00,740.6382345
1783195140,2026-07-04T12:59:00-07:00,740.6382345
1783195200,2026-07-04T13:00:00-07:00,740.6382345
1783195260,2026-07-04T13:01:00-07:00,740.6382345
1783195320,2026-07-04T13:02:00-07:00,740.6382345
1783195440,2026-07-04T13:04:00-07:00,635.8297121666667
1783195500,2026-07-04T13:05:00-07:00,635.8297121666667
1783195560,2026-07-04T13:06:00-07:00,635.8297121666667
1783195620,2026-07-04T13:07:00-07:00,635.8297121666667
1783195680,2026-07-04T13:08:00-07:00,635.8297121666667
1783195740,2026-07-04T13:09:00-07:00,687.0002441666667
1783195800,2026-07-04T13:10:00-07:00,687.0002441666667
1783195860,2026-07-04T13:11:00-07:00,687.0002441666667
1783195920,2026-07-04T13:12:00-07:00,687.0002441666667
1783195980,2026-07-04T13:13:00-07:00,687.0002441666667
1783196040,2026-07-04T13:14:00-07:00,522.1356541666667
1783196100,2026-07-04T13:15:00-07:00,522.1356541666667
1783196160,2026-07-04T13:16:00-07:00,522.1356541666667
1783196220,2026-07-04T13:17:00-07:00,522.1356541666667
1783196280,2026-07-04T13:18:00-07:00,522.1356541666667
1783196400,2026-07-04T13:20:00-07:00,697.2746516666666
1783196460,2026-07-04T13:21:00-07:00,697.2746516666666
1783196520,2026-07-04T13:22:00-07:00,697.2746516666666
1783196580,2026-07-04T13:23:00-07:00,697.2746516666666
1783196640,2026-07-04T13:24:00-07:00,697.2746516666666
1783196700,2026-07-04T13:25:00-07:00,526.0304566666667
1783196760,2026-07-04T13:26:00-07:00,526.0304566666667
1783196820,2026-07-04T13:27:00-07:00,526.0304566666667
1783196880,2026-07-04T13:28:00-07:00,526.0304566666667
1783196940,2026-07-04T13:29:00-07:00,526.0304566666667
1783197060,2026-07-04T13:31:00-07:00,634.4013335
1783197120,2026-07-04T13:32:00-07:00,634.4013335
1783197180,2026-07-04T13:33:00-07:00,634.4013335
1783197240,2026-07-04T13:34:00-07:00,634.4013335
1783197300,2026-07-04T13:35:00-07:00,634.4013335
1783197360,2026-07-04T13:36:00-07:00,457.6214803333333
1783197420,2026-07-04T13:37:00-07:00,457.6214803333333
1783197480,2026-07-04T13:38:00-07:00,457.6214803333333
1783197540,2026-07-04T13:39:00-07:00,457.6214803333333
1783197600,2026-07-04T13:40:00-07:00,457.6214803333333
1783197720,2026-07-04T13:42:00-07:00,740.2350196666667
1783197780,2026-07-04T13:43:00-07:00,740.2350196666667
1783197840,2026-07-04T13:44:00-07:00,740.2350196666667
1783197900,2026-07-04T13:45:00-07:00,740.2350196666667
1783197960,2026-07-04T13:46:00-07:00,740.2350196666667
1783198680,2026-07-04T13:58:00-07:00,527.3843928333332
1783198740,2026-07-04T13:59:00-07:00,527.3843928333332
1783198800,2026-07-04T14:00:00-07:00,527.3843928333332
1783198860,2026-07-04T14:01:00-07:00,527.3843928333332
1783198920,2026-07-04T14:02:00-07:00,527.3843928333332
1783201800,2026-07-04T14:50:00-07:00,43.86940516666667
1783201860,2026-07-04T14:51:00-07:00,43.86940516666667
1783201920,2026-07-04T14:52:00-07:00,43.86940516666667
1783201980,2026-07-04T14:53:00-07:00,43.86940516666667
1783202040,2026-07-04T14:54:00-07:00,43.86940516666667
1783207020,2026-07-04T16:17:00-07:00,833.6960111666666
1783207080,2026-07-04T16:18:00-07:00,833.6960111666666
1783207140,2026-07-04T16:19:00-07:00,833.6960111666666
1783207200,2026-07-04T16:20:00-07:00,833.6960111666666
1783207260,2026-07-04T16:21:00-07:00,833.6960111666666
1783207380,2026-07-04T16:23:00-07:00,592.3512536
1783207440,2026-07-04T16:24:00-07:00,592.3512536
1783207500,2026-07-04T16:25:00-07:00,592.3512536
1783207560,2026-07-04T16:26:00-07:00,592.3512536
1783207620,2026-07-04T16:27:00-07:00,592.3512536
1783207680,2026-07-04T16:28:00-07:00,961.0895931666668
1783207740,2026-07-04T16:29:00-07:00,961.0895931666668
1783207800,2026-07-04T16:30:00-07:00,961.0895931666668
1783207860,2026-07-04T16:31:00-07:00,961.0895931666668
1783207920,2026-07-04T16:32:00-07:00,961.0895931666668
1783208040,2026-07-04T16:34:00-07:00,762.6851338333332
1783208100,2026-07-04T16:35:00-07:00,762.6851338333332
1783208160,2026-07-04T16:36:00-07:00,762.6851338333332
1783208220,2026-07-04T16:37:00-07:00,762.6851338333332
1783208280,2026-07-04T16:38:00-07:00,762.6851338333332
1783208400,2026-07-04T16:40:00-07:00,639.5607233333333
1783208460,2026-07-04T16:41:00-07:00,639.5607233333333
1783208520,2026-07-04T16:42:00-07:00,639.5607233333333
1783208580,2026-07-04T16:43:00-07:00,639.5607233333333
1783208640,2026-07-04T16:44:00-07:00,639.5607233333333
1783208760,2026-07-04T16:46:00-07:00,634.5403581666666
1783208820,2026-07-04T16:47:00-07:00,634.5403581666666
1783208880,2026-07-04T16:48:00-07:00,634.5403581666666
1783208940,2026-07-04T16:49:00-07:00,634.5403581666666
1783209000,2026-07-04T16:50:00-07:00,634.5403581666666
1783209120,2026-07-04T16:52:00-07:00,579.3447061666666
1783209180,2026-07-04T16:53:00-07:00,579.3447061666666
1783209240,2026-07-04T16:54:00-07:00,579.3447061666666
1783209300,2026-07-04T16:55:00-07:00,579.3447061666666
1783209360,2026-07-04T16:56:00-07:00,579.3447061666666
1783209480,2026-07-04T16:58:00-07:00,759.84078
1783209540,2026-07-04T16:59:00-07:00,759.84078
1783209600,2026-07-04T17:00:00-07:00,759.84078
1783209660,2026-07-04T17:01:00-07:00,759.84078
1783209720,2026-07-04T17:02:00-07:00,759.84078
1783209840,2026-07-04T17:04:00-07:00,635.0788846666666
1783209900,2026-07-04T17:05:00-07:00,635.0788846666666
1783209960,2026-07-04T17:06:00-07:00,635.0788846666666
1783210020,2026-07-04T17:07:00-07:00,635.0788846666666
1783210080,2026-07-04T17:08:00-07:00,635.0788846666666
1783210140,2026-07-04T17:09:00-07:00,731.8421431666666
1783210200,2026-07-04T17:10:00-07:00,731.8421431666666
1783210260,2026-07-04T17:11:00-07:00,731.8421431666666
1783210320,2026-07-04T17:12:00-07:00,731.8421431666666
1783210380,2026-07-04T17:13:00-07:00,731.8421431666666
1783210440,2026-07-04T17:14:00-07:00,642.2932063333334
1783210500,2026-07-04T17:15:00-07:00,642.2932063333334
1783210560,2026-07-04T17:16:00-07:00,642.2932063333334
1783210620,2026-07-04T17:17:00-07:00,642.2932063333334
1783210680,2026-07-04T17:18:00-07:00,642.2932063333334
1783210800,2026-07-04T17:20:00-07:00,579.963196
1783210860,2026-07-04T17:21:00-07:00,579.963196
1783210920,2026-07-04T17:22:00-07:00,579.963196
1783210980,2026-07-04T17:23:00-07:00,579.963196
1783211040,2026-07-04T17:24:00-07:00,579.963196
1783211220,2026-07-04T17:27:00-07:00,698.6049468333334
1783211280,2026-07-04T17:28:00-07:00,698.6049468333334
1783211340,2026-07-04T17:29:00-07:00,698.6049468333334
1783211400,2026-07-04T17:30:00-07:00,698.6049468333334
1783211460,2026-07-04T17:31:00-07:00,698.6049468333334
1783211580,2026-07-04T17:33:00-07:00,613.1753541666667
1783211640,2026-07-04T17:34:00-07:00,613.1753541666667
1783211700,2026-07-04T17:35:00-07:00,613.1753541666667
1783211760,2026-07-04T17:36:00-07:00,613.1753541666667
1783211820,2026-07-04T17:37:00-07:00,613.1753541666667
1783211880,2026-07-04T17:38:00-07:00,523.3722873333332
1783211940,2026-07-04T17:39:00-07:00,523.3722873333332
1783212000,2026-07-04T17:40:00-07:00,523.3722873333332
1783212060,2026-07-04T17:41:00-07:00,523.3722873333332
1783212120,2026-07-04T17:42:00-07:00,523.3722873333332
1783212180,2026-07-04T17:43:00-07:00,662.8083836666666
1783212240,2026-07-04T17:44:00-07:00,662.8083836666666
1783212300,2026-07-04T17:45:00-07:00,662.8083836666666
1783212360,2026-07-04T17:46:00-07:00,662.8083836666666
1783212420,2026-07-04T17:47:00-07:00,662.8083836666666
1783212480,2026-07-04T17:48:00-07:00,642.5071075
1783212540,2026-07-04T17:49:00-07:00,642.5071075
1783212600,2026-07-04T17:50:00-07:00,642.5071075
1783212660,2026-07-04T17:51:00-07:00,642.5071075
1783212720,2026-07-04T17:52:00-07:00,642.5071075
1783213080,2026-07-04T17:58:00-07:00,708.9660322
1783213140,2026-07-04T17:59:00-07:00,708.9660322
1783213200,2026-07-04T18:00:00-07:00,708.9660322
1783213260,2026-07-04T18:01:00-07:00,708.9660322
1783213320,2026-07-04T18:02:00-07:00,708.9660322
1783213440,2026-07-04T18:04:00-07:00,777.224108
1783213500,2026-07-04T18:05:00-07:00,777.224108
1783213560,2026-07-04T18:06:00-07:00,777.224108
1783213620,2026-07-04T18:07:00-07:00,777.224108
1783213680,2026-07-04T18:08:00-07:00,777.224108
1783213740,2026-07-04T18:09:00-07:00,693.3285186666667
1783213800,2026-07-04T18:10:00-07:00,693.3285186666667
1783213860,2026-07-04T18:11:00-07:00,693.3285186666667
1783213920,2026-07-04T18:12:00-07:00,693.3285186666667
1783213980,2026-07-04T18:13:00-07:00,693.3285186666667
1783214040,2026-07-04T18:14:00-07:00,524.060215
1783214100,2026-07-04T18:15:00-07:00,524.060215
1783214160,2026-07-04T18:16:00-07:00,524.060215
1783214220,2026-07-04T18:17:00-07:00,524.060215
1783214280,2026-07-04T18:18:00-07:00,524.060215
1783214340,2026-07-04T18:19:00-07:00,647.9303795
1783214400,2026-07-04T18:20:00-07:00,647.9303795
1783214460,2026-07-04T18:21:00-07:00,647.9303795
1783214520,2026-07-04T18:22:00-07:00,647.9303795
1783214580,2026-07-04T18:23:00-07:00,647.9303795
1783214640,2026-07-04T18:24:00-07:00,775.0680100000001
1783214700,2026-07-04T18:25:00-07:00,775.0680100000001
1783214760,2026-07-04T18:26:00-07:00,775.0680100000001
1783214820,2026-07-04T18:27:00-07:00,775.0680100000001
1783214880,2026-07-04T18:28:00-07:00,775.0680100000001
1783214940,2026-07-04T18:29:00-07:00,514.1346305000001
1783215000,2026-07-04T18:30:00-07:00,514.1346305000001
1783215060,2026-07-04T18:31:00-07:00,514.1346305000001
1783215120,2026-07-04T18:32:00-07:00,514.1346305000001
1783215180,2026-07-04T18:33:00-07:00,514.1346305000001
1783215240,2026-07-04T18:34:00-07:00,524.5011465
1783215300,2026-07-04T18:35:00-07:00,524.5011465
1783215360,2026-07-04T18:36:00-07:00,524.5011465
1783215420,2026-07-04T18:37:00-07:00,524.5011465
1783215480,2026-07-04T18:38:00-07:00,524.5011465
1783215540,2026-07-04T18:39:00-07:00,533.1214261666667
1783215600,2026-07-04T18:40:00-07:00,533.1214261666667
1783215660,2026-07-04T18:41:00-07:00,533.1214261666667
1783215720,2026-07-04T18:42:00-07:00,533.1214261666667
1783215780,2026-07-04T18:43:00-07:00,533.1214261666667
1783215840,2026-07-04T18:44:00-07:00,549.8279895
1783215900,2026-07-04T18:45:00-07:00,549.8279895
1783215960,2026-07-04T18:46:00-07:00,549.8279895
1783216020,2026-07-04T18:47:00-07:00,549.8279895
1783216080,2026-07-04T18:48:00-07:00,549.8279895
1783216140,2026-07-04T18:49:00-07:00,526.6456846666666
1783216200,2026-07-04T18:50:00-07:00,526.6456846666666
1783216260,2026-07-04T18:51:00-07:00,526.6456846666666
1783216320,2026-07-04T18:52:00-07:00,526.6456846666666
1783216380,2026-07-04T18:53:00-07:00,526.6456846666666
1783216440,2026-07-04T18:54:00-07:00,537.4595271666667
1783216500,2026-07-04T18:55:00-07:00,537.4595271666667
1783216560,2026-07-04T18:56:00-07:00,537.4595271666667
1783216620,2026-07-04T18:57:00-07:00,537.4595271666667
1783216680,2026-07-04T18:58:00-07:00,537.4595271666667
1783216800,2026-07-04T19:00:00-07:00,700.8272981666665
1783216860,2026-07-04T19:01:00-07:00,700.8272981666665
1783216920,2026-07-04T19:02:00-07:00,700.8272981666665
1783216980,2026-07-04T19:03:00-07:00,700.8272981666665
1783217040,2026-07-04T19:04:00-07:00,700.8272981666665
1783217100,2026-07-04T19:05:00-07:00,776.8607793333334
1783217160,2026-07-04T19:06:00-07:00,776.8607793333334
1783217220,2026-07-04T19:07:00-07:00,776.8607793333334
1783217280,2026-07-04T19:08:00-07:00,776.8607793333334
1783217340,2026-07-04T19:09:00-07:00,776.8607793333334
1783217400,2026-07-04T19:10:00-07:00,547.3534823333333
1783217460,2026-07-04T19:11:00-07:00,547.3534823333333
1783217520,2026-07-04T19:12:00-07:00,547.3534823333333
1783217580,2026-07-04T19:13:00-07:00,547.3534823333333
1783217640,2026-07-04T19:14:00-07:00,547.3534823333333
1783217700,2026-07-04T19:15:00-07:00,582.3511491666667
1783217760,2026-07-04T19:16:00-07:00,582.3511491666667
1783217820,2026-07-04T19:17:00-07:00,582.3511491666667
1783217880,2026-07-04T19:18:00-07:00,582.3511491666667
1783217940,2026-07-04T19:19:00-07:00,582.3511491666667
1783218000,2026-07-04T19:20:00-07:00,642.3807445
1783218060,2026-07-04T19:21:00-07:00,642.3807445
1783218120,2026-07-04T19:22:00-07:00,642.3807445
1783218180,2026-07-04T19:23:00-07:00,642.3807445
1783218240,2026-07-04T19:24:00-07:00,642.3807445
1783218300,2026-07-04T19:25:00-07:00,476.57725066666666
1783218360,2026-07-04T19:26:00-07:00,476.57725066666666
1783218420,2026-07-04T19:27:00-07:00,476.57725066666666
1783218480,2026-07-04T19:28:00-07:00,476.57725066666666
1783218540,2026-07-04T19:29:00-07:00,476.57725066666666
1783218600,2026-07-04T19:30:00-07:00,458.16879616666665
1783218660,2026-07-04T19:31:00-07:00,458.16879616666665
1783218720,2026-07-04T19:32:00-07:00,458.16879616666665
1783218780,2026-07-04T19:33:00-07:00,458.16879616666665
1783218840,2026-07-04T19:34:00-07:00,458.16879616666665
1783218900,2026-07-04T19:35:00-07:00,507.0725978333333
1783218960,2026-07-04T19:36:00-07:00,507.0725978333333
1783219020,2026-07-04T19:37:00-07:00,507.0725978333333
1783219080,2026-07-04T19:38:00-07:00,507.0725978333333
1783219140,2026-07-04T19:39:00-07:00,507.0725978333333
1783219200,2026-07-04T19:40:00-07:00,805.4042901666668
1783219260,2026-07-04T19:41:00-07:00,805.4042901666668
1783219320,2026-07-04T19:42:00-07:00,805.4042901666668
1783219380,2026-07-04T19:43:00-07:00,805.4042901666668
1783219440,2026-07-04T19:44:00-07:00,805.4042901666668
1783219560,2026-07-04T19:46:00-07:00,783.7096286666666
1783219620,2026-07-04T19:47:00-07:00,783.7096286666666
1783219680,2026-07-04T19:48:00-07:00,783.7096286666666
1783219740,2026-07-04T19:49:00-07:00,783.7096286666666
1783219800,2026-07-04T19:50:00-07:00,783.7096286666666
1783219860,2026-07-04T19:51:00-07:00,857.392972
1783219920,2026-07-04T19:52:00-07:00,857.392972
1783219980,2026-07-04T19:53:00-07:00,857.392972
1783220040,2026-07-04T19:54:00-07:00,857.392972
1783220100,2026-07-04T19:55:00-07:00,857.392972
1783220160,2026-07-04T19:56:00-07:00,740.3163451666668
1783220220,2026-07-04T19:57:00-07:00,740.3163451666668
1783220280,2026-07-04T19:58:00-07:00,740.3163451666668
1783220340,2026-07-04T19:59:00-07:00,740.3163451666668
1783220400,2026-07-04T20:00:00-07:00,740.3163451666668
1783220460,2026-07-04T20:01:00-07:00,802.1285730000001
1783220520,2026-07-04T20:02:00-07:00,802.1285730000001
1783220580,2026-07-04T20:03:00-07:00,802.1285730000001
1783220640,2026-07-04T20:04:00-07:00,802.1285730000001
1783220700,2026-07-04T20:05:00-07:00,802.1285730000001
1783220760,2026-07-04T20:06:00-07:00,756.62171475
1783220820,2026-07-04T20:07:00-07:00,756.62171475
1783220880,2026-07-04T20:08:00-07:00,756.62171475
1783220940,2026-07-04T20:09:00-07:00,756.62171475
1783221000,2026-07-04T20:10:00-07:00,756.62171475
1783221120,2026-07-04T20:12:00-07:00,661.5397746666666
1783221180,2026-07-04T20:13:00-07:00,661.5397746666666
1783221240,2026-07-04T20:14:00-07:00,661.5397746666666
1783221300,2026-07-04T20:15:00-07:00,661.5397746666666
1783221360,2026-07-04T20:16:00-07:00,661.5397746666666
1783221480,2026-07-04T20:18:00-07:00,835.4552886666667
1783221540,2026-07-04T20:19:00-07:00,835.4552886666667
1783221600,2026-07-04T20:20:00-07:00,835.4552886666667
1783221660,2026-07-04T20:21:00-07:00,835.4552886666667
1783221720,2026-07-04T20:22:00-07:00,835.4552886666667
1783221840,2026-07-04T20:24:00-07:00,832.6403611666666
1783221900,2026-07-04T20:25:00-07:00,832.6403611666666
1783221960,2026-07-04T20:26:00-07:00,832.6403611666666
1783222020,2026-07-04T20:27:00-07:00,832.6403611666666
1783222080,2026-07-04T20:28:00-07:00,832.6403611666666
1783222140,2026-07-04T20:29:00-07:00,594.9836918
1783222200,2026-07-04T20:30:00-07:00,594.9836918
1783222260,2026-07-04T20:31:00-07:00,594.9836918
1783222320,2026-07-04T20:32:00-07:00,594.9836918
1783222380,2026-07-04T20:33:00-07:00,594.9836918
1783222500,2026-07-04T20:35:00-07:00,739.3189833333334
1783222560,2026-07-04T20:36:00-07:00,739.3189833333334
1783222620,2026-07-04T20:37:00-07:00,739.3189833333334
1783222680,2026-07-04T20:38:00-07:00,739.3189833333334
1783222740,2026-07-04T20:39:00-07:00,739.3189833333334
1783222800,2026-07-04T20:40:00-07:00,537.1893926666667
1783222860,2026-07-04T20:41:00-07:00,537.1893926666667
1783222920,2026-07-04T20:42:00-07:00,537.1893926666667
1783222980,2026-07-04T20:43:00-07:00,537.1893926666667
1783223040,2026-07-04T20:44:00-07:00,537.1893926666667
1783223220,2026-07-04T20:47:00-07:00,1037.0526605
1783223280,2026-07-04T20:48:00-07:00,1037.0526605
1783223340,2026-07-04T20:49:00-07:00,1037.0526605
1783223400,2026-07-04T20:50:00-07:00,1037.0526605
1783223460,2026-07-04T20:51:00-07:00,1037.0526605
1783223520,2026-07-04T20:52:00-07:00,962.6864086666666
1783223580,2026-07-04T20:53:00-07:00,962.6864086666666
1783223640,2026-07-04T20:54:00-07:00,962.6864086666666
1783223700,2026-07-04T20:55:00-07:00,962.6864086666666
1783223760,2026-07-04T20:56:00-07:00,962.6864086666666
1783223820,2026-07-04T20:57:00-07:00,526.4420101666666
1783223880,2026-07-04T20:58:00-07:00,526.4420101666666
1783223940,2026-07-04T20:59:00-07:00,526.4420101666666
1783224000,2026-07-04T21:00:00-07:00,526.4420101666666
1783224060,2026-07-04T21:01:00-07:00,526.4420101666666
1783224240,2026-07-04T21:04:00-07:00,526.7965701666667
1783224300,2026-07-04T21:05:00-07:00,526.7965701666667
1783224360,2026-07-04T21:06:00-07:00,526.7965701666667
1783224420,2026-07-04T21:07:00-07:00,526.7965701666667
1783224480,2026-07-04T21:08:00-07:00,526.7965701666667
1783224660,2026-07-04T21:11:00-07:00,793.4173183333332
1783224720,2026-07-04T21:12:00-07:00,793.4173183333332
1783224780,2026-07-04T21:13:00-07:00,793.4173183333332
1783224840,2026-07-04T21:14:00-07:00,793.4173183333332
1783224900,2026-07-04T21:15:00-07:00,793.4173183333332
1783224960,2026-07-04T21:16:00-07:00,657.3451066666668
1783225020,2026-07-04T21:17:00-07:00,657.3451066666668
1783225080,2026-07-04T21:18:00-07:00,657.3451066666668
1783225140,2026-07-04T21:19:00-07:00,657.3451066666668
1783225200,2026-07-04T21:20:00-07:00,657.3451066666668
1783225260,2026-07-04T21:21:00-07:00,657.475593
1783225320,2026-07-04T21:22:00-07:00,657.475593
1783225380,2026-07-04T21:23:00-07:00,657.475593
1783225440,2026-07-04T21:24:00-07:00,657.475593
1783225500,2026-07-04T21:25:00-07:00,657.475593
1783225560,2026-07-04T21:26:00-07:00,456.3831993333334
1783225620,2026-07-04T21:27:00-07:00,456.3831993333334
1783225680,2026-07-04T21:28:00-07:00,456.3831993333334
1783225740,2026-07-04T21:29:00-07:00,456.3831993333334
1783225800,2026-07-04T21:30:00-07:00,456.3831993333334
1783225860,2026-07-04T21:31:00-07:00,640.7688400000001
1783225920,2026-07-04T21:32:00-07:00,640.7688400000001
1783225980,2026-07-04T21:33:00-07:00,640.7688400000001
1783226040,2026-07-04T21:34:00-07:00,640.7688400000001
1783226100,2026-07-04T21:35:00-07:00,640.7688400000001
1783226160,2026-07-04T21:36:00-07:00,542.9591878333334
1783226220,2026-07-04T21:37:00-07:00,542.9591878333334
1783226280,2026-07-04T21:38:00-07:00,542.9591878333334
1783226340,2026-07-04T21:39:00-07:00,542.9591878333334
1783226400,2026-07-04T21:40:00-07:00,542.9591878333334
1783226460,2026-07-04T21:41:00-07:00,542.0519003333334
1783226520,2026-07-04T21:42:00-07:00,542.0519003333334
1783226580,2026-07-04T21:43:00-07:00,542.0519003333334
1783226640,2026-07-04T21:44:00-07:00,542.0519003333334
1783226700,2026-07-04T21:45:00-07:00,542.0519003333334
1783226760,2026-07-04T21:46:00-07:00,860.4109433333333
1783226820,2026-07-04T21:47:00-07:00,860.4109433333333
1783226880,2026-07-04T21:48:00-07:00,860.4109433333333
1783226940,2026-07-04T21:49:00-07:00,860.4109433333333
1783227000,2026-07-04T21:50:00-07:00,860.4109433333333
1783227120,2026-07-04T21:52:00-07:00,718.2870148333333
1783227180,2026-07-04T21:53:00-07:00,718.2870148333333
1783227240,2026-07-04T21:54:00-07:00,718.2870148333333
1783227300,2026-07-04T21:55:00-07:00,718.2870148333333
1783227360,2026-07-04T21:56:00-07:00,718.2870148333333
1783227420,2026-07-04T21:57:00-07:00,677.072198
1783227480,2026-07-04T21:58:00-07:00,677.072198
1783227540,2026-07-04T21:59:00-07:00,677.072198
1783227600,2026-07-04T22:00:00-07:00,677.072198
1783227660,2026-07-04T22:01:00-07:00,677.072198
1783227720,2026-07-04T22:02:00-07:00,505.1777075
1783227780,2026-07-04T22:03:00-07:00,505.1777075
1783227840,2026-07-04T22:04:00-07:00,505.1777075
1783227900,2026-07-04T22:05:00-07:00,505.1777075
1783227960,2026-07-04T22:06:00-07:00,505.1777075
1783228320,2026-07-04T22:12:00-07:00,869.4845178333334
1783228380,2026-07-04T22:13:00-07:00,869.4845178333334
1783228440,2026-07-04T22:14:00-07:00,869.4845178333334
1783228500,2026-07-04T22:15:00-07:00,869.4845178333334
1783228560,2026-07-04T22:16:00-07:00,869.4845178333334
1783228620,2026-07-04T22:17:00-07:00,657.3669776666666
1783228680,2026-07-04T22:18:00-07:00,657.3669776666666
1783228740,2026-07-04T22:19:00-07:00,657.3669776666666
1783228800,2026-07-04T22:20:00-07:00,657.3669776666666
1783228860,2026-07-04T22:21:00-07:00,657.3669776666666
1783228920,2026-07-04T22:22:00-07:00,528.7530925
1783228980,2026-07-04T22:23:00-07:00,528.7530925
1783229040,2026-07-04T22:24:00-07:00,528.7530925
1783229100,2026-07-04T22:25:00-07:00,528.7530925
1783229160,2026-07-04T22:26:00-07:00,528.7530925
1783229220,2026-07-04T22:27:00-07:00,975.4464661666667
1783229280,2026-07-04T22:28:00-07:00,975.4464661666667
1783229340,2026-07-04T22:29:00-07:00,975.4464661666667
1783229400,2026-07-04T22:30:00-07:00,975.4464661666667
1783229460,2026-07-04T22:31:00-07:00,975.4464661666667
1783229520,2026-07-04T22:32:00-07:00,486.62029383333333
1783229580,2026-07-04T22:33:00-07:00,486.62029383333333
1783229640,2026-07-04T22:34:00-07:00,486.62029383333333
1783229700,2026-07-04T22:35:00-07:00,486.62029383333333
1783229760,2026-07-04T22:36:00-07:00,486.62029383333333
1783229880,2026-07-04T22:38:00-07:00,587.7719324999999
1783229940,2026-07-04T22:39:00-07:00,587.7719324999999
1783230000,2026-07-04T22:40:00-07:00,587.7719324999999
1783230060,2026-07-04T22:41:00-07:00,587.7719324999999
1783230120,2026-07-04T22:42:00-07:00,587.7719324999999
1783230180,2026-07-04T22:43:00-07:00,611.7098258333332
1783230240,2026-07-04T22:44:00-07:00,611.7098258333332
1783230300,2026-07-04T22:45:00-07:00,611.7098258333332
1783230360,2026-07-04T22:46:00-07:00,611.7098258333332
1783230420,2026-07-04T22:47:00-07:00,611.7098258333332
1783230480,2026-07-04T22:48:00-07:00,761.6613434999999
1783230540,2026-07-04T22:49:00-07:00,761.6613434999999
1783230600,2026-07-04T22:50:00-07:00,761.6613434999999
1783230660,2026-07-04T22:51:00-07:00,761.6613434999999
1783230720,2026-07-04T22:52:00-07:00,761.6613434999999
1783230840,2026-07-04T22:54:00-07:00,691.672445
1783230900,2026-07-04T22:55:00-07:00,691.672445
1783230960,2026-07-04T22:56:00-07:00,691.672445
1783231020,2026-07-04T22:57:00-07:00,691.672445
1783231080,2026-07-04T22:58:00-07:00,691.672445
1783231140,2026-07-04T22:59:00-07:00,801.9845513333333
1783231200,2026-07-04T23:00:00-07:00,801.9845513333333
1783231260,2026-07-04T23:01:00-07:00,801.9845513333333
1783231320,2026-07-04T23:02:00-07:00,801.9845513333333
1783231380,2026-07-04T23:03:00-07:00,801.9845513333333
1783231440,2026-07-04T23:04:00-07:00,1057.028866
1783231500,2026-07-04T23:05:00-07:00,1057.028866
1783231560,2026-07-04T23:06:00-07:00,1057.028866
1783231620,2026-07-04T23:07:00-07:00,1057.028866
1783231680,2026-07-04T23:08:00-07:00,1057.028866
1783231740,2026-07-04T23:09:00-07:00,664.3680830000001
1783231800,2026-07-04T23:10:00-07:00,664.3680830000001
1783231860,2026-07-04T23:11:00-07:00,664.3680830000001
1783231920,2026-07-04T23:12:00-07:00,664.3680830000001
1783231980,2026-07-04T23:13:00-07:00,664.3680830000001
1783232100,2026-07-04T23:15:00-07:00,714.4989220000001
1783232160,2026-07-04T23:16:00-07:00,714.4989220000001
1783232220,2026-07-04T23:17:00-07:00,714.4989220000001
1783232280,2026-07-04T23:18:00-07:00,714.4989220000001
1783232340,2026-07-04T23:19:00-07:00,714.4989220000001
1783232400,2026-07-04T23:20:00-07:00,497.87702099999996
1783232460,2026-07-04T23:21:00-07:00,497.87702099999996
1783232520,2026-07-04T23:22:00-07:00,497.87702099999996
1783232580,2026-07-04T23:23:00-07:00,497.87702099999996
1783232640,2026-07-04T23:24:00-07:00,497.87702099999996
1783232700,2026-07-04T23:25:00-07:00,514.0377133333333
1783232760,2026-07-04T23:26:00-07:00,514.0377133333333
1783232820,2026-07-04T23:27:00-07:00,514.0377133333333
1783232880,2026-07-04T23:28:00-07:00,514.0377133333333
1783232940,2026-07-04T23:29:00-07:00,514.0377133333333
1783233000,2026-07-04T23:30:00-07:00,497.0189685
1783233060,2026-07-04T23:31:00-07:00,497.0189685
1783233120,2026-07-04T23:32:00-07:00,497.0189685
1783233180,2026-07-04T23:33:00-07:00,497.0189685
1783233240,2026-07-04T23:34:00-07:00,497.0189685
1783233300,2026-07-04T23:35:00-07:00,601.9622126666667
1783233360,2026-07-04T23:36:00-07:00,601.9622126666667
1783233420,2026-07-04T23:37:00-07:00,601.9622126666667
1783233480,2026-07-04T23:38:00-07:00,601.9622126666667
1783233540,2026-07-04T23:39:00-07:00,601.9622126666667
1783233660,2026-07-04T23:41:00-07:00,411.1136881666667
1783233720,2026-07-04T23:42:00-07:00,411.1136881666667
1783233780,2026-07-04T23:43:00-07:00,411.1136881666667
1783233840,2026-07-04T23:44:00-07:00,411.1136881666667
1783233900,2026-07-04T23:45:00-07:00,411.1136881666667
1783233960,2026-07-04T23:46:00-07:00,515.4322173333334
1783234020,2026-07-04T23:47:00-07:00,515.4322173333334
1783234080,2026-07-04T23:48:00-07:00,515.4322173333334
1783234140,2026-07-04T23:49:00-07:00,515.4322173333334
1783234200,2026-07-04T23:50:00-07:00,515.4322173333334
1783234260,2026-07-04T23:51:00-07:00,938.4544751666666
1783234320,2026-07-04T23:52:00-07:00,938.4544751666666
1783234380,2026-07-04T23:53:00-07:00,938.4544751666666
1783234440,2026-07-04T23:54:00-07:00,938.4544751666666
1783234500,2026-07-04T23:55:00-07:00,938.4544751666666
1783234560,2026-07-04T23:56:00-07:00,605.3285933333334
1783234620,2026-07-04T23:57:00-07:00,605.3285933333334
1783234680,2026-07-04T23:58:00-07:00,605.3285933333334
1783234740,2026-07-04T23:59:00-07:00,605.3285933333334
1783234800,2026-07-05T00:00:00-07:00,605.3285933333334
1783234920,2026-07-05T00:02:00-07:00,536.4222548333333
1783234980,2026-07-05T00:03:00-07:00,536.4222548333333
1783235040,2026-07-05T00:04:00-07:00,536.4222548333333
1783235100,2026-07-05T00:05:00-07:00,536.4222548333333
1783235160,2026-07-05T00:06:00-07:00,536.4222548333333
1783235220,2026-07-05T00:07:00-07:00,526.0613880000001
1783235280,2026-07-05T00:08:00-07:00,526.0613880000001
1783235340,2026-07-05T00:09:00-07:00,526.0613880000001
1783235400,2026-07-05T00:10:00-07:00,526.0613880000001
1783235460,2026-07-05T00:11:00-07:00,526.0613880000001
1783235520,2026-07-05T00:12:00-07:00,440.2849868333333
1783235580,2026-07-05T00:13:00-07:00,440.2849868333333
1783235640,2026-07-05T00:14:00-07:00,440.2849868333333
1783235700,2026-07-05T00:15:00-07:00,440.2849868333333
1783235760,2026-07-05T00:16:00-07:00,440.2849868333333
1783235820,2026-07-05T00:17:00-07:00,470.5425148333333
1783235880,2026-07-05T00:18:00-07:00,470.5425148333333
1783235940,2026-07-05T00:19:00-07:00,470.5425148333333
1783236000,2026-07-05T00:20:00-07:00,470.5425148333333
1783236060,2026-07-05T00:21:00-07:00,470.5425148333333
1783236120,2026-07-05T00:22:00-07:00,659.3285661666666
1783236180,2026-07-05T00:23:00-07:00,659.3285661666666
1783236240,2026-07-05T00:24:00-07:00,659.3285661666666
1783236300,2026-07-05T00:25:00-07:00,659.3285661666666
1783236360,2026-07-05T00:26:00-07:00,659.3285661666666
1783236420,2026-07-05T00:27:00-07:00,858.9323596666667
1783236480,2026-07-05T00:28:00-07:00,858.9323596666667
1783236540,2026-07-05T00:29:00-07:00,858.9323596666667
1783236600,2026-07-05T00:30:00-07:00,858.9323596666667
1783236660,2026-07-05T00:31:00-07:00,858.9323596666667
1783236720,2026-07-05T00:32:00-07:00,505.68273266666665
1783236780,2026-07-05T00:33:00-07:00,505.68273266666665
1783236840,2026-07-05T00:34:00-07:00,505.68273266666665
1783236900,2026-07-05T00:35:00-07:00,505.68273266666665
1783236960,2026-07-05T00:36:00-07:00,505.68273266666665
1783237080,2026-07-05T00:38:00-07:00,479.8947823333333
1783237140,2026-07-05T00:39:00-07:00,479.8947823333333
1783237200,2026-07-05T00:40:00-07:00,479.8947823333333
1783237260,2026-07-05T00:41:00-07:00,479.8947823333333
1783237320,2026-07-05T00:42:00-07:00,479.8947823333333
1783237380,2026-07-05T00:43:00-07:00,623.9503583333334
1783237440,2026-07-05T00:44:00-07:00,623.9503583333334
1783237500,2026-07-05T00:45:00-07:00,623.9503583333334
1783237560,2026-07-05T00:46:00-07:00,623.9503583333334
1783237620,2026-07-05T00:47:00-07:00,623.9503583333334
1783237680,2026-07-05T00:48:00-07:00,472.2905885
1783237740,2026-07-05T00:49:00-07:00,472.2905885
1783237800,2026-07-05T00:50:00-07:00,472.2905885
1783237860,2026-07-05T00:51:00-07:00,472.2905885
1783237920,2026-07-05T00:52:00-07:00,472.2905885
1783237980,2026-07-05T00:53:00-07:00,360.96575966666666
1783238040,2026-07-05T00:54:00-07:00,360.96575966666666
1783238100,2026-07-05T00:55:00-07:00,360.96575966666666
1783238160,2026-07-05T00:56:00-07:00,360.96575966666666
1783238220,2026-07-05T00:57:00-07:00,360.96575966666666
1783238280,2026-07-05T00:58:00-07:00,407.33266899999995
1783238340,2026-07-05T00:59:00-07:00,407.33266899999995
1783238400,2026-07-05T01:00:00-07:00,407.33266899999995
1783238460,2026-07-05T01:01:00-07:00,407.33266899999995
1783238520,2026-07-05T01:02:00-07:00,407.33266899999995
1783238640,2026-07-05T01:04:00-07:00,396.9861113333333
1783238700,2026-07-05T01:05:00-07:00,396.9861113333333
1783238760,2026-07-05T01:06:00-07:00,396.9861113333333
1783238820,2026-07-05T01:07:00-07:00,396.9861113333333
1783238880,2026-07-05T01:08:00-07:00,396.9861113333333
1783238940,2026-07-05T01:09:00-07:00,348.88998100000003
1783239000,2026-07-05T01:10:00-07:00,348.88998100000003
1783239060,2026-07-05T01:11:00-07:00,348.88998100000003
1783239120,2026-07-05T01:12:00-07:00,348.88998100000003
1783239180,2026-07-05T01:13:00-07:00,348.88998100000003
1783239300,2026-07-05T01:15:00-07:00,130.8665705
1783239360,2026-07-05T01:16:00-07:00,130.8665705
1783239420,2026-07-05T01:17:00-07:00,130.8665705
1783239480,2026-07-05T01:18:00-07:00,130.8665705
1783239540,2026-07-05T01:19:00-07:00,130.8665705
1783239600,2026-07-05T01:20:00-07:00,171.86827933333333
1783239660,2026-07-05T01:21:00-07:00,171.86827933333333
1783239720,2026-07-05T01:22:00-07:00,171.86827933333333
1783239780,2026-07-05T01:23:00-07:00,171.86827933333333
1783239840,2026-07-05T01:24:00-07:00,171.86827933333333
1783239960,2026-07-05T01:26:00-07:00,163.0319485
1783240020,2026-07-05T01:27:00-07:00,163.0319485
1783240080,2026-07-05T01:28:00-07:00,163.0319485
1783240140,2026-07-05T01:29:00-07:00,163.0319485
1783240200,2026-07-05T01:30:00-07:00,163.0319485
1783240260,2026-07-05T01:31:00-07:00,113.78994416666667
1783240320,2026-07-05T01:32:00-07:00,113.78994416666667
1783240380,2026-07-05T01:33:00-07:00,113.78994416666667
1783240440,2026-07-05T01:34:00-07:00,113.78994416666667
1783240500,2026-07-05T01:35:00-07:00,113.78994416666667
1783240560,2026-07-05T01:36:00-07:00,182.22219516666667
1783240620,2026-07-05T01:37:00-07:00,182.22219516666667
1783240680,2026-07-05T01:38:00-07:00,182.22219516666667
1783240740,2026-07-05T01:39:00-07:00,182.22219516666667
1783240800,2026-07-05T01:40:00-07:00,182.22219516666667
1783240920,2026-07-05T01:42:00-07:00,112.42401816666666
1783240980,2026-07-05T01:43:00-07:00,112.42401816666666
1783241040,2026-07-05T01:44:00-07:00,112.42401816666666
1783241100,2026-07-05T01:45:00-07:00,112.42401816666666
1783241160,2026-07-05T01:46:00-07:00,112.42401816666666
1783241220,2026-07-05T01:47:00-07:00,62.545199833333335
1783241280,2026-07-05T01:48:00-07:00,62.545199833333335
1783241340,2026-07-05T01:49:00-07:00,62.545199833333335
1783241400,2026-07-05T01:50:00-07:00,62.545199833333335
1783241460,2026-07-05T01:51:00-07:00,62.545199833333335
1783241520,2026-07-05T01:52:00-07:00,92.684862
1783241580,2026-07-05T01:53:00-07:00,92.684862
1783241640,2026-07-05T01:54:00-07:00,92.684862
1783241700,2026-07-05T01:55:00-07:00,92.684862
1783241760,2026-07-05T01:56:00-07:00,92.684862
1783241880,2026-07-05T01:58:00-07:00,50.377821000000004
1783241940,2026-07-05T01:59:00-07:00,50.377821000000004
1783242000,2026-07-05T02:00:00-07:00,50.377821000000004
1783242060,2026-07-05T02:01:00-07:00,50.377821000000004
1783242120,2026-07-05T02:02:00-07:00,50.377821000000004
1783242180,2026-07-05T02:03:00-07:00,62.56975
1783242240,2026-07-05T02:04:00-07:00,62.56975
1783242300,2026-07-05T02:05:00-07:00,62.56975
1783242360,2026-07-05T02:06:00-07:00,62.56975
1783242420,2026-07-05T02:07:00-07:00,62.56975
1783242480,2026-07-05T02:08:00-07:00,65.67654083333333
1783242540,2026-07-05T02:09:00-07:00,65.67654083333333
1783242600,2026-07-05T02:10:00-07:00,65.67654083333333
1783242660,2026-07-05T02:11:00-07:00,65.67654083333333
1783242720,2026-07-05T02:12:00-07:00,65.67654083333333
1783242780,2026-07-05T02:13:00-07:00,54.22100849999999
1783242840,2026-07-05T02:14:00-07:00,54.22100849999999
1783242900,2026-07-05T02:15:00-07:00,54.22100849999999
1783242960,2026-07-05T02:16:00-07:00,54.22100849999999
1783243020,2026-07-05T02:17:00-07:00,54.22100849999999
1783243080,2026-07-05T02:18:00-07:00,99.87942866666667
1783243140,2026-07-05T02:19:00-07:00,99.87942866666667
1783243200,2026-07-05T02:20:00-07:00,99.87942866666667
1783243260,2026-07-05T02:21:00-07:00,99.87942866666667
1783243320,2026-07-05T02:22:00-07:00,99.87942866666667
1783243380,2026-07-05T02:23:00-07:00,85.99768766666666
1783243440,2026-07-05T02:24:00-07:00,85.99768766666666
1783243500,2026-07-05T02:25:00-07:00,85.99768766666666
1783243560,2026-07-05T02:26:00-07:00,85.99768766666666
1783243620,2026-07-05T02:27:00-07:00,85.99768766666666
1783243680,2026-07-05T02:28:00-07:00,41.210821833333334
1783243740,2026-07-05T02:29:00-07:00,41.210821833333334
1783243800,2026-07-05T02:30:00-07:00,41.210821833333334
1783243860,2026-07-05T02:31:00-07:00,41.210821833333334
1783243920,2026-07-05T02:32:00-07:00,41.210821833333334
1783243980,2026-07-05T02:33:00-07:00,42.356309499999995
1783244040,2026-07-05T02:34:00-07:00,42.356309499999995
1783244100,2026-07-05T02:35:00-07:00,42.356309499999995
1783244160,2026-07-05T02:36:00-07:00,42.356309499999995
1783244220,2026-07-05T02:37:00-07:00,42.356309499999995
1783244280,2026-07-05T02:38:00-07:00,77.05437533333334
1783244340,2026-07-05T02:39:00-07:00,77.05437533333334
1783244400,2026-07-05T02:40:00-07:00,77.05437533333334
1783244460,2026-07-05T02:41:00-07:00,77.05437533333334
1783244520,2026-07-05T02:42:00-07:00,77.05437533333334
1783244580,2026-07-05T02:43:00-07:00,58.54834016666667
1783244640,2026-07-05T02:44:00-07:00,58.54834016666667
1783244700,2026-07-05T02:45:00-07:00,58.54834016666667
1783244760,2026-07-05T02:46:00-07:00,58.54834016666667
1783244820,2026-07-05T02:47:00-07:00,58.54834016666667
1783244940,2026-07-05T02:49:00-07:00,39.53684483333333
1783245000,2026-07-05T02:50:00-07:00,39.53684483333333
1783245060,2026-07-05T02:51:00-07:00,39.53684483333333
1783245120,2026-07-05T02:52:00-07:00,39.53684483333333
1783245180,2026-07-05T02:53:00-07:00,39.53684483333333
1783245240,2026-07-05T02:54:00-07:00,38.57858616666667
1783245300,2026-07-05T02:55:00-07:00,38.57858616666667
1783245360,2026-07-05T02:56:00-07:00,38.57858616666667
1783245420,2026-07-05T02:57:00-07:00,38.57858616666667
1783245480,2026-07-05T02:58:00-07:00,38.57858616666667
1783245600,2026-07-05T03:00:00-07:00,36.344353500000004
1783245660,2026-07-05T03:01:00-07:00,36.344353500000004
1783245720,2026-07-05T03:02:00-07:00,36.344353500000004
1783245780,2026-07-05T03:03:00-07:00,36.344353500000004
1783245840,2026-07-05T03:04:00-07:00,36.344353500000004
1783245900,2026-07-05T03:05:00-07:00,234.73626066666665
1783245960,2026-07-05T03:06:00-07:00,234.73626066666665
1783246020,2026-07-05T03:07:00-07:00,234.73626066666665
1783246080,2026-07-05T03:08:00-07:00,234.73626066666665
1783246140,2026-07-05T03:09:00-07:00,234.73626066666665
1783246200,2026-07-05T03:10:00-07:00,32.47574866666666
1783246260,2026-07-05T03:11:00-07:00,32.47574866666666
1783246320,2026-07-05T03:12:00-07:00,32.47574866666666
1783246380,2026-07-05T03:13:00-07:00,32.47574866666666
1783246440,2026-07-05T03:14:00-07:00,32.47574866666666
1783246500,2026-07-05T03:15:00-07:00,36.53193483333333
1783246560,2026-07-05T03:16:00-07:00,36.53193483333333
1783246620,2026-07-05T03:17:00-07:00,36.53193483333333
1783246680,2026-07-05T03:18:00-07:00,36.53193483333333
1783246740,2026-07-05T03:19:00-07:00,36.53193483333333
1783246860,2026-07-05T03:21:00-07:00,234.1712103333333
1783246920,2026-07-05T03:22:00-07:00,234.1712103333333
1783246980,2026-07-05T03:23:00-07:00,234.1712103333333
1783247040,2026-07-05T03:24:00-07:00,234.1712103333333
1783247100,2026-07-05T03:25:00-07:00,234.1712103333333
1783247160,2026-07-05T03:26:00-07:00,37.33603266666666
1783247220,2026-07-05T03:27:00-07:00,37.33603266666666
1783247280,2026-07-05T03:28:00-07:00,37.33603266666666
1783247340,2026-07-05T03:29:00-07:00,37.33603266666666
1783247400,2026-07-05T03:30:00-07:00,37.33603266666666
1783247460,2026-07-05T03:31:00-07:00,261.421448
1783247520,2026-07-05T03:32:00-07:00,261.421448
1783247580,2026-07-05T03:33:00-07:00,261.421448
1783247640,2026-07-05T03:34:00-07:00,261.421448
1783247700,2026-07-05T03:35:00-07:00,261.421448
1783247760,2026-07-05T03:36:00-07:00,257.9774166666667
1783247820,2026-07-05T03:37:00-07:00,257.9774166666667
1783247880,2026-07-05T03:38:00-07:00,257.9774166666667
1783247940,2026-07-05T03:39:00-07:00,257.9774166666667
1783248000,2026-07-05T03:40:00-07:00,257.9774166666667
1783248060,2026-07-05T03:41:00-07:00,36.8697445
1783248120,2026-07-05T03:42:00-07:00,36.8697445
1783248180,2026-07-05T03:43:00-07:00,36.8697445
1783248240,2026-07-05T03:44:00-07:00,36.8697445
1783248300,2026-07-05T03:45:00-07:00,36.8697445
1783248360,2026-07-05T03:46:00-07:00,39.341078
1783248420,2026-07-05T03:47:00-07:00,39.341078
1783248480,2026-07-05T03:48:00-07:00,39.341078
1783248540,2026-07-05T03:49:00-07:00,39.341078
1783248600,2026-07-05T03:50:00-07:00,39.341078
1783248720,2026-07-05T03:52:00-07:00,40.78975433333333
1783248780,2026-07-05T03:53:00-07:00,40.78975433333333
1783248840,2026-07-05T03:54:00-07:00,40.78975433333333
1783248900,2026-07-05T03:55:00-07:00,40.78975433333333
1783248960,2026-07-05T03:56:00-07:00,40.78975433333333
1783249080,2026-07-05T03:58:00-07:00,37.503112666666674
1783249140,2026-07-05T03:59:00-07:00,37.503112666666674
1783249200,2026-07-05T04:00:00-07:00,37.503112666666674
1783249260,2026-07-05T04:01:00-07:00,37.503112666666674
1783249320,2026-07-05T04:02:00-07:00,37.503112666666674
1783249380,2026-07-05T04:03:00-07:00,189.21556266666673
1783249440,2026-07-05T04:04:00-07:00,189.21556266666673
1783249500,2026-07-05T04:05:00-07:00,189.21556266666673
1783249560,2026-07-05T04:06:00-07:00,189.21556266666673
1783249620,2026-07-05T04:07:00-07:00,189.21556266666673
1783249680,2026-07-05T04:08:00-07:00,36.47987883333332
1783249740,2026-07-05T04:09:00-07:00,36.47987883333332
1783249800,2026-07-05T04:10:00-07:00,36.47987883333332
1783249860,2026-07-05T04:11:00-07:00,36.47987883333332
1783249920,2026-07-05T04:12:00-07:00,36.47987883333332
1783249980,2026-07-05T04:13:00-07:00,37.172037833333334
1783250040,2026-07-05T04:14:00-07:00,37.172037833333334
1783250100,2026-07-05T04:15:00-07:00,37.172037833333334
1783250160,2026-07-05T04:16:00-07:00,37.172037833333334
1783250220,2026-07-05T04:17:00-07:00,37.172037833333334
1783250280,2026-07-05T04:18:00-07:00,36.71074766666666
1783250340,2026-07-05T04:19:00-07:00,36.71074766666666
1783250400,2026-07-05T04:20:00-07:00,36.71074766666666
1783250460,2026-07-05T04:21:00-07:00,36.71074766666666
1783250520,2026-07-05T04:22:00-07:00,36.71074766666666
1783250580,2026-07-05T04:23:00-07:00,42.95738383333333
1783250640,2026-07-05T04:24:00-07:00,42.95738383333333
1783250700,2026-07-05T04:25:00-07:00,42.95738383333333
1783250760,2026-07-05T04:26:00-07:00,42.95738383333333
1783250820,2026-07-05T04:27:00-07:00,42.95738383333333
1783250940,2026-07-05T04:29:00-07:00,38.13187633333334
1783251000,2026-07-05T04:30:00-07:00,38.13187633333334
1783251060,2026-07-05T04:31:00-07:00,38.13187633333334
1783251120,2026-07-05T04:32:00-07:00,38.13187633333334
1783251180,2026-07-05T04:33:00-07:00,38.13187633333334
1783251240,2026-07-05T04:34:00-07:00,34.98983416666667
1783251300,2026-07-05T04:35:00-07:00,34.98983416666667
1783251360,2026-07-05T04:36:00-07:00,34.98983416666667
1783251420,2026-07-05T04:37:00-07:00,34.98983416666667
1783251480,2026-07-05T04:38:00-07:00,34.98983416666667
1783251540,2026-07-05T04:39:00-07:00,38.574462833333335
1783251600,2026-07-05T04:40:00-07:00,38.574462833333335
1783251660,2026-07-05T04:41:00-07:00,38.574462833333335
1783251720,2026-07-05T04:42:00-07:00,38.574462833333335
1783251780,2026-07-05T04:43:00-07:00,38.574462833333335
1783251900,2026-07-05T04:45:00-07:00,228.2138878333333
1783251960,2026-07-05T04:46:00-07:00,228.2138878333333
1783252020,2026-07-05T04:47:00-07:00,228.2138878333333
1783252080,2026-07-05T04:48:00-07:00,228.2138878333333
1783252140,2026-07-05T04:49:00-07:00,228.2138878333333
1783252200,2026-07-05T04:50:00-07:00,38.979811000000005
1783252260,2026-07-05T04:51:00-07:00,38.979811000000005
1783252320,2026-07-05T04:52:00-07:00,38.979811000000005
1783252380,2026-07-05T04:53:00-07:00,38.979811000000005
1783252440,2026-07-05T04:54:00-07:00,38.979811000000005
1783252500,2026-07-05T04:55:00-07:00,36.631504
1783252560,2026-07-05T04:56:00-07:00,36.631504
1783252620,2026-07-05T04:57:00-07:00,36.631504
1783252680,2026-07-05T04:58:00-07:00,36.631504
1783252740,2026-07-05T04:59:00-07:00,36.631504
1783252860,2026-07-05T05:01:00-07:00,39.27219633333333
1783252920,2026-07-05T05:02:00-07:00,39.27219633333333
1783252980,2026-07-05T05:03:00-07:00,39.27219633333333
1783253040,2026-07-05T05:04:00-07:00,39.27219633333333
1783253100,2026-07-05T05:05:00-07:00,39.27219633333333
1783253160,2026-07-05T05:06:00-07:00,35.04311116666667
1783253220,2026-07-05T05:07:00-07:00,35.04311116666667
1783253280,2026-07-05T05:08:00-07:00,35.04311116666667
1783253340,2026-07-05T05:09:00-07:00,35.04311116666667
1783253400,2026-07-05T05:10:00-07:00,35.04311116666667
1783253520,2026-07-05T05:12:00-07:00,36.50368916666667
1783253580,2026-07-05T05:13:00-07:00,36.50368916666667
1783253640,2026-07-05T05:14:00-07:00,36.50368916666667
1783253700,2026-07-05T05:15:00-07:00,36.50368916666667
1783253760,2026-07-05T05:16:00-07:00,36.50368916666667
1783253820,2026-07-05T05:17:00-07:00,87.72392433333333
1783253880,2026-07-05T05:18:00-07:00,87.72392433333333
1783253940,2026-07-05T05:19:00-07:00,87.72392433333333
1783254000,2026-07-05T05:20:00-07:00,87.72392433333333
1783254060,2026-07-05T05:21:00-07:00,87.72392433333333
1783254180,2026-07-05T05:23:00-07:00,35.077874333333334
1783254240,2026-07-05T05:24:00-07:00,35.077874333333334
1783254300,2026-07-05T05:25:00-07:00,35.077874333333334
1783254360,2026-07-05T05:26:00-07:00,35.077874333333334
1783254420,2026-07-05T05:27:00-07:00,35.077874333333334
1783254540,2026-07-05T05:29:00-07:00,38.412286
1783254600,2026-07-05T05:30:00-07:00,38.412286
1783254660,2026-07-05T05:31:00-07:00,38.412286
1783254720,2026-07-05T05:32:00-07:00,38.412286
1783254780,2026-07-05T05:33:00-07:00,38.412286
1783254840,2026-07-05T05:34:00-07:00,37.0044215
1783254900,2026-07-05T05:35:00-07:00,37.0044215
1783254960,2026-07-05T05:36:00-07:00,37.0044215
1783255020,2026-07-05T05:37:00-07:00,37.0044215
1783255080,2026-07-05T05:38:00-07:00,37.0044215
1783255200,2026-07-05T05:40:00-07:00,36.265869
1783255260,2026-07-05T05:41:00-07:00,36.265869
1783255320,2026-07-05T05:42:00-07:00,36.265869
1783255380,2026-07-05T05:43:00-07:00,36.265869
1783255440,2026-07-05T05:44:00-07:00,36.265869
1783255560,2026-07-05T05:46:00-07:00,44.650343
1783255620,2026-07-05T05:47:00-07:00,44.650343
1783255680,2026-07-05T05:48:00-07:00,44.650343
1783255740,2026-07-05T05:49:00-07:00,44.650343
1783255800,2026-07-05T05:50:00-07:00,44.650343
1783255860,2026-07-05T05:51:00-07:00,39.32716166666666
1783255920,2026-07-05T05:52:00-07:00,39.32716166666666
1783255980,2026-07-05T05:53:00-07:00,39.32716166666666
1783256040,2026-07-05T05:54:00-07:00,39.32716166666666
1783256100,2026-07-05T05:55:00-07:00,39.32716166666666
1783256160,2026-07-05T05:56:00-07:00,85.97789833333333
1783256220,2026-07-05T05:57:00-07:00,85.97789833333333
1783256280,2026-07-05T05:58:00-07:00,85.97789833333333
1783256340,2026-07-05T05:59:00-07:00,85.97789833333333
1783256400,2026-07-05T06:00:00-07:00,85.97789833333333
1783256520,2026-07-05T06:02:00-07:00,70.76508249999999
1783256580,2026-07-05T06:03:00-07:00,70.76508249999999
1783256640,2026-07-05T06:04:00-07:00,70.76508249999999
1783256700,2026-07-05T06:05:00-07:00,70.76508249999999
1783256760,2026-07-05T06:06:00-07:00,70.76508249999999
1783256820,2026-07-05T06:07:00-07:00,42.163343833333336
1783256880,2026-07-05T06:08:00-07:00,42.163343833333336
1783256940,2026-07-05T06:09:00-07:00,42.163343833333336
1783257000,2026-07-05T06:10:00-07:00,42.163343833333336
1783257060,2026-07-05T06:11:00-07:00,42.163343833333336
1783257120,2026-07-05T06:12:00-07:00,38.95920133333333
1783257180,2026-07-05T06:13:00-07:00,38.95920133333333
1783257240,2026-07-05T06:14:00-07:00,38.95920133333333
1783257300,2026-07-05T06:15:00-07:00,38.95920133333333
1783257360,2026-07-05T06:16:00-07:00,38.95920133333333
1783257480,2026-07-05T06:18:00-07:00,38.013027666666666
1783257540,2026-07-05T06:19:00-07:00,38.013027666666666
1783257600,2026-07-05T06:20:00-07:00,38.013027666666666
1783257660,2026-07-05T06:21:00-07:00,38.013027666666666
1783257720,2026-07-05T06:22:00-07:00,38.013027666666666
1783257780,2026-07-05T06:23:00-07:00,40.383477500000005
1783257840,2026-07-05T06:24:00-07:00,40.383477500000005
1783257900,2026-07-05T06:25:00-07:00,40.383477500000005
1783257960,2026-07-05T06:26:00-07:00,40.383477500000005
1783258020,2026-07-05T06:27:00-07:00,40.383477500000005
1783258140,2026-07-05T06:29:00-07:00,35.635389833333335
1783258200,2026-07-05T06:30:00-07:00,35.635389833333335
1783258260,2026-07-05T06:31:00-07:00,35.635389833333335
1783258320,2026-07-05T06:32:00-07:00,35.635389833333335
1783258380,2026-07-05T06:33:00-07:00,35.635389833333335
1783258440,2026-07-05T06:34:00-07:00,43.161282166666666
1783258500,2026-07-05T06:35:00-07:00,43.161282166666666
1783258560,2026-07-05T06:36:00-07:00,43.161282166666666
1783258620,2026-07-05T06:37:00-07:00,43.161282166666666
1783258680,2026-07-05T06:38:00-07:00,43.161282166666666
1783258740,2026-07-05T06:39:00-07:00,48.518588666666666
1783258800,2026-07-05T06:40:00-07:00,48.518588666666666
1783258860,2026-07-05T06:41:00-07:00,48.518588666666666
1783258920,2026-07-05T06:42:00-07:00,48.518588666666666
1783258980,2026-07-05T06:43:00-07:00,48.518588666666666
1783259040,2026-07-05T06:44:00-07:00,72.86927633333333
1783259100,2026-07-05T06:45:00-07:00,72.86927633333333
1783259160,2026-07-05T06:46:00-07:00,72.86927633333333
1783259220,2026-07-05T06:47:00-07:00,72.86927633333333
1783259280,2026-07-05T06:48:00-07:00,72.86927633333333
1783259340,2026-07-05T06:49:00-07:00,70.69826283333333
1783259400,2026-07-05T06:50:00-07:00,70.69826283333333
1783259460,2026-07-05T06:51:00-07:00,70.69826283333333
1783259520,2026-07-05T06:52:00-07:00,70.69826283333333
1783259580,2026-07-05T06:53:00-07:00,70.69826283333333
1783259700,2026-07-05T06:55:00-07:00,79.55387383333333
1783259760,2026-07-05T06:56:00-07:00,79.55387383333333
1783259820,2026-07-05T06:57:00-07:00,79.55387383333333
1783259880,2026-07-05T06:58:00-07:00,79.55387383333333
1783259940,2026-07-05T06:59:00-07:00,79.55387383333333
1783260000,2026-07-05T07:00:00-07:00,73.60474983333333
1783260060,2026-07-05T07:01:00-07:00,73.60474983333333
1783260120,2026-07-05T07:02:00-07:00,73.60474983333333
1783260180,2026-07-05T07:03:00-07:00,73.60474983333333
1783260240,2026-07-05T07:04:00-07:00,73.60474983333333
1783260300,2026-07-05T07:05:00-07:00,78.4837375
1783260360,2026-07-05T07:06:00-07:00,78.4837375
1783260420,2026-07-05T07:07:00-07:00,78.4837375
1783260480,2026-07-05T07:08:00-07:00,78.4837375
1783260540,2026-07-05T07:09:00-07:00,78.4837375
1783260660,2026-07-05T07:11:00-07:00,43.247104500000006
1783260720,2026-07-05T07:12:00-07:00,43.247104500000006
1783260780,2026-07-05T07:13:00-07:00,43.247104500000006
1783260840,2026-07-05T07:14:00-07:00,43.247104500000006
1783260900,2026-07-05T07:15:00-07:00,43.247104500000006
1783260960,2026-07-05T07:16:00-07:00,55.84613066666666
1783261020,2026-07-05T07:17:00-07:00,55.84613066666666
1783261080,2026-07-05T07:18:00-07:00,55.84613066666666
1783261140,2026-07-05T07:19:00-07:00,55.84613066666666
1783261200,2026-07-05T07:20:00-07:00,55.84613066666666
1783261320,2026-07-05T07:22:00-07:00,143.80881066666666
1783261380,2026-07-05T07:23:00-07:00,143.80881066666666
1783261440,2026-07-05T07:24:00-07:00,143.80881066666666
1783261500,2026-07-05T07:25:00-07:00,143.80881066666666
1783261560,2026-07-05T07:26:00-07:00,143.80881066666666
1783261620,2026-07-05T07:27:00-07:00,120.48913583333335
1783261680,2026-07-05T07:28:00-07:00,120.48913583333335
1783261740,2026-07-05T07:29:00-07:00,120.48913583333335
1783261800,2026-07-05T07:30:00-07:00,120.48913583333335
1783261860,2026-07-05T07:31:00-07:00,120.48913583333335
1783261980,2026-07-05T07:33:00-07:00,210.93471283333338
1783262040,2026-07-05T07:34:00-07:00,210.93471283333338
1783262100,2026-07-05T07:35:00-07:00,210.93471283333338
1783262160,2026-07-05T07:36:00-07:00,210.93471283333338
1783262220,2026-07-05T07:37:00-07:00,210.93471283333338
1783262400,2026-07-05T07:40:00-07:00,38.40155733333333
1783262460,2026-07-05T07:41:00-07:00,38.40155733333333
1783262520,2026-07-05T07:42:00-07:00,38.40155733333333
1783262580,2026-07-05T07:43:00-07:00,38.40155733333333
1783262640,2026-07-05T07:44:00-07:00,38.40155733333333
1783262820,2026-07-05T07:47:00-07:00,210.35892066666668
1783262880,2026-07-05T07:48:00-07:00,210.35892066666668
1783262940,2026-07-05T07:49:00-07:00,210.35892066666668
1783263000,2026-07-05T07:50:00-07:00,210.35892066666668
1783263060,2026-07-05T07:51:00-07:00,210.35892066666668
1783263120,2026-07-05T07:52:00-07:00,193.55912283333336
1783263180,2026-07-05T07:53:00-07:00,193.55912283333336
1783263240,2026-07-05T07:54:00-07:00,193.55912283333336
1783263300,2026-07-05T07:55:00-07:00,193.55912283333336
1783263360,2026-07-05T07:56:00-07:00,193.55912283333336
1783263540,2026-07-05T07:59:00-07:00,276.25305183333336
1783263600,2026-07-05T08:00:00-07:00,276.25305183333336
1783263660,2026-07-05T08:01:00-07:00,276.25305183333336
1783263720,2026-07-05T08:02:00-07:00,276.25305183333336
1783263780,2026-07-05T08:03:00-07:00,276.25305183333336
1783263900,2026-07-05T08:05:00-07:00,339.4364966666667
1783263960,2026-07-05T08:06:00-07:00,339.4364966666667
1783264020,2026-07-05T08:07:00-07:00,339.4364966666667
1783264080,2026-07-05T08:08:00-07:00,339.4364966666667
1783264140,2026-07-05T08:09:00-07:00,339.4364966666667
1783264320,2026-07-05T08:12:00-07:00,251.72294783333334
1783264380,2026-07-05T08:13:00-07:00,251.72294783333334
1783264440,2026-07-05T08:14:00-07:00,251.72294783333334
1783264500,2026-07-05T08:15:00-07:00,251.72294783333334
1783264560,2026-07-05T08:16:00-07:00,251.72294783333334
1783264680,2026-07-05T08:18:00-07:00,472.6704038333334
1783264740,2026-07-05T08:19:00-07:00,472.6704038333334
1783264800,2026-07-05T08:20:00-07:00,472.6704038333334
1783264860,2026-07-05T08:21:00-07:00,472.6704038333334
1783264920,2026-07-05T08:22:00-07:00,472.6704038333334
1783265100,2026-07-05T08:25:00-07:00,511.0701159999999
1783265160,2026-07-05T08:26:00-07:00,511.0701159999999
1783265220,2026-07-05T08:27:00-07:00,511.0701159999999
1783265280,2026-07-05T08:28:00-07:00,511.0701159999999
1783265340,2026-07-05T08:29:00-07:00,511.0701159999999
1783265460,2026-07-05T08:31:00-07:00,451.8813614999999
1783265520,2026-07-05T08:32:00-07:00,451.8813614999999
1783265580,2026-07-05T08:33:00-07:00,451.8813614999999
1783265640,2026-07-05T08:34:00-07:00,451.8813614999999
1783265700,2026-07-05T08:35:00-07:00,451.8813614999999
1783265760,2026-07-05T08:36:00-07:00,748.3751426666666
1783265820,2026-07-05T08:37:00-07:00,748.3751426666666
1783265880,2026-07-05T08:38:00-07:00,748.3751426666666
1783265940,2026-07-05T08:39:00-07:00,748.3751426666666
1783266000,2026-07-05T08:40:00-07:00,748.3751426666666
1783266180,2026-07-05T08:43:00-07:00,583.5018246666667
1783266240,2026-07-05T08:44:00-07:00,583.5018246666667
1783266300,2026-07-05T08:45:00-07:00,583.5018246666667
1783266360,2026-07-05T08:46:00-07:00,583.5018246666667
1783266420,2026-07-05T08:47:00-07:00,583.5018246666667
1783266480,2026-07-05T08:48:00-07:00,374.52326833333336
1783266540,2026-07-05T08:49:00-07:00,374.52326833333336
1783266600,2026-07-05T08:50:00-07:00,374.52326833333336
1783266660,2026-07-05T08:51:00-07:00,374.52326833333336
1783266720,2026-07-05T08:52:00-07:00,374.52326833333336
1783266840,2026-07-05T08:54:00-07:00,453.3624406666667
1783266900,2026-07-05T08:55:00-07:00,453.3624406666667
1783266960,2026-07-05T08:56:00-07:00,453.3624406666667
1783267020,2026-07-05T08:57:00-07:00,453.3624406666667
1783267080,2026-07-05T08:58:00-07:00,453.3624406666667
1783267200,2026-07-05T09:00:00-07:00,128.46179233333334
1783267260,2026-07-05T09:01:00-07:00,128.46179233333334
1783267320,2026-07-05T09:02:00-07:00,128.46179233333334
1783267380,2026-07-05T09:03:00-07:00,128.46179233333334
1783267440,2026-07-05T09:04:00-07:00,128.46179233333334
1783267500,2026-07-05T09:05:00-07:00,419.9673058333333
1783267560,2026-07-05T09:06:00-07:00,419.9673058333333
1783267620,2026-07-05T09:07:00-07:00,419.9673058333333
1783267680,2026-07-05T09:08:00-07:00,419.9673058333333
1783267740,2026-07-05T09:09:00-07:00,419.9673058333333
1783267920,2026-07-05T09:12:00-07:00,538.8583513333333
1783267980,2026-07-05T09:13:00-07:00,538.8583513333333
1783268040,2026-07-05T09:14:00-07:00,538.8583513333333
1783268100,2026-07-05T09:15:00-07:00,538.8583513333333
1783268160,2026-07-05T09:16:00-07:00,538.8583513333333
1783268220,2026-07-05T09:17:00-07:00,564.5152181666666
1783268280,2026-07-05T09:18:00-07:00,564.5152181666666
1783268340,2026-07-05T09:19:00-07:00,564.5152181666666
1783268400,2026-07-05T09:20:00-07:00,564.5152181666666
1783268460,2026-07-05T09:21:00-07:00,564.5152181666666
1783268580,2026-07-05T09:23:00-07:00,580.8877026666667
1783268640,2026-07-05T09:24:00-07:00,580.8877026666667
1783268700,2026-07-05T09:25:00-07:00,580.8877026666667
1783268760,2026-07-05T09:26:00-07:00,580.8877026666667
1783268820,2026-07-05T09:27:00-07:00,580.8877026666667
1783268940,2026-07-05T09:29:00-07:00,519.656257
1783269000,2026-07-05T09:30:00-07:00,519.656257
1783269060,2026-07-05T09:31:00-07:00,519.656257
1783269120,2026-07-05T09:32:00-07:00,519.656257
1783269180,2026-07-05T09:33:00-07:00,519.656257
1783269300,2026-07-05T09:35:00-07:00,846.6074971666667
1783269360,2026-07-05T09:36:00-07:00,846.6074971666667
1783269420,2026-07-05T09:37:00-07:00,846.6074971666667
1783269480,2026-07-05T09:38:00-07:00,846.6074971666667
1783269540,2026-07-05T09:39:00-07:00,846.6074971666667
1783269660,2026-07-05T09:41:00-07:00,1065.6247091666667
1783269720,2026-07-05T09:42:00-07:00,1065.6247091666667
1783269780,2026-07-05T09:43:00-07:00,1065.6247091666667
1783269840,2026-07-05T09:44:00-07:00,1065.6247091666667
1783269900,2026-07-05T09:45:00-07:00,1065.6247091666667
1783269960,2026-07-05T09:46:00-07:00,513.3562218333333
1783270020,2026-07-05T09:47:00-07:00,513.3562218333333
1783270080,2026-07-05T09:48:00-07:00,513.3562218333333
1783270140,2026-07-05T09:49:00-07:00,513.3562218333333
1783270200,2026-07-05T09:50:00-07:00,513.3562218333333
1783270260,2026-07-05T09:51:00-07:00,555.6868491666667
1783270320,2026-07-05T09:52:00-07:00,555.6868491666667
1783270380,2026-07-05T09:53:00-07:00,555.6868491666667
1783270440,2026-07-05T09:54:00-07:00,555.6868491666667
1783270500,2026-07-05T09:55:00-07:00,555.6868491666667
1783270620,2026-07-05T09:57:00-07:00,573.6625571666667
1783270680,2026-07-05T09:58:00-07:00,573.6625571666667
1783270740,2026-07-05T09:59:00-07:00,573.6625571666667
1783270800,2026-07-05T10:00:00-07:00,573.6625571666667
1783270860,2026-07-05T10:01:00-07:00,573.6625571666667
1783270920,2026-07-05T10:02:00-07:00,483.193624
1783270980,2026-07-05T10:03:00-07:00,483.193624
1783271040,2026-07-05T10:04:00-07:00,483.193624
1783271100,2026-07-05T10:05:00-07:00,483.193624
1783271160,2026-07-05T10:06:00-07:00,483.193624
1783271340,2026-07-05T10:09:00-07:00,506.1459218333334
1783271400,2026-07-05T10:10:00-07:00,506.1459218333334
1783271460,2026-07-05T10:11:00-07:00,506.1459218333334
1783271520,2026-07-05T10:12:00-07:00,506.1459218333334
1783271580,2026-07-05T10:13:00-07:00,506.1459218333334
1783271640,2026-07-05T10:14:00-07:00,795.8098556666667
1783271700,2026-07-05T10:15:00-07:00,795.8098556666667
1783271760,2026-07-05T10:16:00-07:00,795.8098556666667
1783271820,2026-07-05T10:17:00-07:00,795.8098556666667
1783271880,2026-07-05T10:18:00-07:00,795.8098556666667
1783272420,2026-07-05T10:27:00-07:00,461.36863216666666
1783272480,2026-07-05T10:28:00-07:00,461.36863216666666
1783272540,2026-07-05T10:29:00-07:00,461.36863216666666
1783272600,2026-07-05T10:30:00-07:00,461.36863216666666
1783272660,2026-07-05T10:31:00-07:00,461.36863216666666
1783272720,2026-07-05T10:32:00-07:00,598.7387563333333
1783272780,2026-07-05T10:33:00-07:00,598.7387563333333
1783272840,2026-07-05T10:34:00-07:00,598.7387563333333
1783272900,2026-07-05T10:35:00-07:00,598.7387563333333
1783272960,2026-07-05T10:36:00-07:00,598.7387563333333
1783273440,2026-07-05T10:44:00-07:00,580.6924035
1783273500,2026-07-05T10:45:00-07:00,580.6924035
1783273560,2026-07-05T10:46:00-07:00,580.6924035
1783273620,2026-07-05T10:47:00-07:00,580.6924035
1783273680,2026-07-05T10:48:00-07:00,580.6924035
1783273740,2026-07-05T10:49:00-07:00,687.0536841666666
1783273800,2026-07-05T10:50:00-07:00,687.0536841666666
1783273860,2026-07-05T10:51:00-07:00,687.0536841666666
1783273920,2026-07-05T10:52:00-07:00,687.0536841666666
1783273980,2026-07-05T10:53:00-07:00,687.0536841666666
1783274040,2026-07-05T10:54:00-07:00,525.3610976666666
1783274100,2026-07-05T10:55:00-07:00,525.3610976666666
1783274160,2026-07-05T10:56:00-07:00,525.3610976666666
1783274220,2026-07-05T10:57:00-07:00,525.3610976666666
1783274280,2026-07-05T10:58:00-07:00,525.3610976666666
1783274400,2026-07-05T11:00:00-07:00,463.04209399999996
1783274460,2026-07-05T11:01:00-07:00,463.04209399999996
1783274520,2026-07-05T11:02:00-07:00,463.04209399999996
1783274580,2026-07-05T11:03:00-07:00,463.04209399999996
1783274640,2026-07-05T11:04:00-07:00,463.04209399999996
1783274700,2026-07-05T11:05:00-07:00,513.0729506666667
1783274760,2026-07-05T11:06:00-07:00,513.0729506666667
1783274820,2026-07-05T11:07:00-07:00,513.0729506666667
1783274880,2026-07-05T11:08:00-07:00,513.0729506666667
1783274940,2026-07-05T11:09:00-07:00,513.0729506666667
1783275060,2026-07-05T11:11:00-07:00,493.88276516666673
1783275120,2026-07-05T11:12:00-07:00,493.88276516666673
1783275180,2026-07-05T11:13:00-07:00,493.88276516666673
1783275240,2026-07-05T11:14:00-07:00,493.88276516666673
1783275300,2026-07-05T11:15:00-07:00,493.88276516666673
1783275360,2026-07-05T11:16:00-07:00,795.8672216666668
1783275420,2026-07-05T11:17:00-07:00,795.8672216666668
1783275480,2026-07-05T11:18:00-07:00,795.8672216666668
1783275540,2026-07-05T11:19:00-07:00,795.8672216666668
1783275600,2026-07-05T11:20:00-07:00,795.8672216666668
1783275660,2026-07-05T11:21:00-07:00,897.9285893333334
1783275720,2026-07-05T11:22:00-07:00,897.9285893333334
1783275780,2026-07-05T11:23:00-07:00,897.9285893333334
1783275840,2026-07-05T11:24:00-07:00,897.9285893333334
1783275900,2026-07-05T11:25:00-07:00,897.9285893333334
1783275960,2026-07-05T11:26:00-07:00,824.3554011666666
1783276020,2026-07-05T11:27:00-07:00,824.3554011666666
1783276080,2026-07-05T11:28:00-07:00,824.3554011666666
1783276140,2026-07-05T11:29:00-07:00,824.3554011666666
1783276200,2026-07-05T11:30:00-07:00,824.3554011666666
1783276380,2026-07-05T11:33:00-07:00,687.1167740000001
1783276440,2026-07-05T11:34:00-07:00,687.1167740000001
1783276500,2026-07-05T11:35:00-07:00,687.1167740000001
1783276560,2026-07-05T11:36:00-07:00,687.1167740000001
1783276620,2026-07-05T11:37:00-07:00,687.1167740000001
1783276680,2026-07-05T11:38:00-07:00,466.203573
1783276740,2026-07-05T11:39:00-07:00,466.203573
1783276800,2026-07-05T11:40:00-07:00,466.203573
1783276860,2026-07-05T11:41:00-07:00,466.203573
1783276920,2026-07-05T11:42:00-07:00,466.203573
1783276980,2026-07-05T11:43:00-07:00,636.4356828333333
1783277040,2026-07-05T11:44:00-07:00,636.4356828333333
1783277100,2026-07-05T11:45:00-07:00,636.4356828333333
1783277160,2026-07-05T11:46:00-07:00,636.4356828333333
1783277220,2026-07-05T11:47:00-07:00,636.4356828333333
1783277340,2026-07-05T11:49:00-07:00,645.8803171666666
1783277400,2026-07-05T11:50:00-07:00,645.8803171666666
1783277460,2026-07-05T11:51:00-07:00,645.8803171666666
1783277520,2026-07-05T11:52:00-07:00,645.8803171666666
1783277580,2026-07-05T11:53:00-07:00,645.8803171666666
1783277700,2026-07-05T11:55:00-07:00,794.7213881666667
1783277760,2026-07-05T11:56:00-07:00,794.7213881666667
1783277820,2026-07-05T11:57:00-07:00,794.7213881666667
1783277880,2026-07-05T11:58:00-07:00,794.7213881666667
1783277940,2026-07-05T11:59:00-07:00,794.7213881666667
1783278000,2026-07-05T12:00:00-07:00,459.86371549999996
1783278060,2026-07-05T12:01:00-07:00,459.86371549999996
1783278120,2026-07-05T12:02:00-07:00,459.86371549999996
1783278180,2026-07-05T12:03:00-07:00,459.86371549999996
1783278240,2026-07-05T12:04:00-07:00,459.86371549999996
1783278600,2026-07-05T12:10:00-07:00,498.2725912000001
1783278660,2026-07-05T12:11:00-07:00,498.2725912000001
1783278720,2026-07-05T12:12:00-07:00,498.2725912000001
1783278780,2026-07-05T12:13:00-07:00,498.2725912000001
1783278840,2026-07-05T12:14:00-07:00,498.2725912000001
1783278900,2026-07-05T12:15:00-07:00,581.1880021666667
1783278960,2026-07-05T12:16:00-07:00,581.1880021666667
1783279020,2026-07-05T12:17:00-07:00,581.1880021666667
1783279080,2026-07-05T12:18:00-07:00,581.1880021666667
1783279140,2026-07-05T12:19:00-07:00,581.1880021666667
1783279200,2026-07-05T12:20:00-07:00,567.3449224
1783279260,2026-07-05T12:21:00-07:00,567.3449224
1783279320,2026-07-05T12:22:00-07:00,567.3449224
1783279380,2026-07-05T12:23:00-07:00,567.3449224
1783279440,2026-07-05T12:24:00-07:00,567.3449224
1783279560,2026-07-05T12:26:00-07:00,604.4676678000001
1783279620,2026-07-05T12:27:00-07:00,604.4676678000001
1783279680,2026-07-05T12:28:00-07:00,604.4676678000001
1783279740,2026-07-05T12:29:00-07:00,604.4676678000001
1783279800,2026-07-05T12:30:00-07:00,604.4676678000001
1783280820,2026-07-05T12:47:00-07:00,932.7292812
1783280880,2026-07-05T12:48:00-07:00,932.7292812
1783280940,2026-07-05T12:49:00-07:00,932.7292812
1783281000,2026-07-05T12:50:00-07:00,932.7292812
1783281060,2026-07-05T12:51:00-07:00,932.7292812
1783281480,2026-07-05T12:58:00-07:00,52.345920166666666
1783281540,2026-07-05T12:59:00-07:00,52.345920166666666
1783281600,2026-07-05T13:00:00-07:00,52.345920166666666
1783281660,2026-07-05T13:01:00-07:00,52.345920166666666
1783281720,2026-07-05T13:02:00-07:00,52.345920166666666
1783283280,2026-07-05T13:28:00-07:00,56.93250866666667
1783283340,2026-07-05T13:29:00-07:00,56.93250866666667
1783283400,2026-07-05T13:30:00-07:00,56.93250866666667
1783283460,2026-07-05T13:31:00-07:00,56.93250866666667
1783283520,2026-07-05T13:32:00-07:00,56.93250866666667
1783283580,2026-07-05T13:33:00-07:00,48.80986199999999
1783283640,2026-07-05T13:34:00-07:00,48.80986199999999
1783283700,2026-07-05T13:35:00-07:00,48.80986199999999
1783283760,2026-07-05T13:36:00-07:00,48.80986199999999
1783283820,2026-07-05T13:37:00-07:00,48.80986199999999
1783284540,2026-07-05T13:49:00-07:00,40.28053116666667
1783284600,2026-07-05T13:50:00-07:00,40.28053116666667
1783284660,2026-07-05T13:51:00-07:00,40.28053116666667
1783284720,2026-07-05T13:52:00-07:00,40.28053116666667
1783284780,2026-07-05T13:53:00-07:00,40.28053116666667
1783285140,2026-07-05T13:59:00-07:00,42.524542833333335
1783285200,2026-07-05T14:00:00-07:00,42.524542833333335
1783285260,2026-07-05T14:01:00-07:00,42.524542833333335
1783285320,2026-07-05T14:02:00-07:00,42.524542833333335
1783285380,2026-07-05T14:03:00-07:00,42.524542833333335
1783285440,2026-07-05T14:04:00-07:00,28.007792166666665
1783285500,2026-07-05T14:05:00-07:00,28.007792166666665
1783285560,2026-07-05T14:06:00-07:00,28.007792166666665
1783285620,2026-07-05T14:07:00-07:00,28.007792166666665
1783285680,2026-07-05T14:08:00-07:00,28.007792166666665
1783286040,2026-07-05T14:14:00-07:00,35.979397166666665
1783286100,2026-07-05T14:15:00-07:00,35.979397166666665
1783286160,2026-07-05T14:16:00-07:00,35.979397166666665
1783286220,2026-07-05T14:17:00-07:00,35.979397166666665
1783286280,2026-07-05T14:18:00-07:00,35.979397166666665
1783286400,2026-07-05T14:20:00-07:00,38.033054
1783286460,2026-07-05T14:21:00-07:00,38.033054
1783286520,2026-07-05T14:22:00-07:00,38.033054
1783286580,2026-07-05T14:23:00-07:00,38.033054
1783286640,2026-07-05T14:24:00-07:00,38.033054
1783286700,2026-07-05T14:25:00-07:00,27.302904
1783286760,2026-07-05T14:26:00-07:00,27.302904
1783286820,2026-07-05T14:27:00-07:00,27.302904
1783286880,2026-07-05T14:28:00-07:00,27.302904
1783286940,2026-07-05T14:29:00-07:00,27.302904
1783287000,2026-07-05T14:30:00-07:00,66.55316833333335
1783287060,2026-07-05T14:31:00-07:00,66.55316833333335
1783287120,2026-07-05T14:32:00-07:00,66.55316833333335
1783287180,2026-07-05T14:33:00-07:00,66.55316833333335
1783287240,2026-07-05T14:34:00-07:00,66.55316833333335
1783287300,2026-07-05T14:35:00-07:00,39.7736955
1783287360,2026-07-05T14:36:00-07:00,39.7736955
1783287420,2026-07-05T14:37:00-07:00,39.7736955
1783287480,2026-07-05T14:38:00-07:00,39.7736955
1783287540,2026-07-05T14:39:00-07:00,39.7736955
1783287720,2026-07-05T14:42:00-07:00,43.346015333333334
1783287780,2026-07-05T14:43:00-07:00,43.346015333333334
1783287840,2026-07-05T14:44:00-07:00,43.346015333333334
1783287900,2026-07-05T14:45:00-07:00,43.346015333333334
1783287960,2026-07-05T14:46:00-07:00,43.346015333333334
1783288080,2026-07-05T14:48:00-07:00,69.88641333333332
1783288140,2026-07-05T14:49:00-07:00,69.88641333333332
1783288200,2026-07-05T14:50:00-07:00,69.88641333333332
1783288260,2026-07-05T14:51:00-07:00,69.88641333333332
1783288320,2026-07-05T14:52:00-07:00,69.88641333333332
1783288440,2026-07-05T14:54:00-07:00,39.65942366666666
1783288500,2026-07-05T14:55:00-07:00,39.65942366666666
1783288560,2026-07-05T14:56:00-07:00,39.65942366666666
1783288620,2026-07-05T14:57:00-07:00,39.65942366666666
1783288680,2026-07-05T14:58:00-07:00,39.65942366666666
1783289400,2026-07-05T15:10:00-07:00,85.41952816666667
1783289460,2026-07-05T15:11:00-07:00,85.41952816666667
1783289520,2026-07-05T15:12:00-07:00,85.41952816666667
1783289580,2026-07-05T15:13:00-07:00,85.41952816666667
1783289640,2026-07-05T15:14:00-07:00,85.41952816666667
1783289760,2026-07-05T15:16:00-07:00,37.0327285
1783289820,2026-07-05T15:17:00-07:00,37.0327285
1783289880,2026-07-05T15:18:00-07:00,37.0327285
1783289940,2026-07-05T15:19:00-07:00,37.0327285
1783290000,2026-07-05T15:20:00-07:00,37.0327285
1783290120,2026-07-05T15:22:00-07:00,44.96573916666667
1783290180,2026-07-05T15:23:00-07:00,44.96573916666667
1783290240,2026-07-05T15:24:00-07:00,44.96573916666667
1783290300,2026-07-05T15:25:00-07:00,44.96573916666667
1783290360,2026-07-05T15:26:00-07:00,44.96573916666667
1783290420,2026-07-05T15:27:00-07:00,40.74605983333333
1783290480,2026-07-05T15:28:00-07:00,40.74605983333333
1783290540,2026-07-05T15:29:00-07:00,40.74605983333333
1783290600,2026-07-05T15:30:00-07:00,40.74605983333333
1783290660,2026-07-05T15:31:00-07:00,40.74605983333333
1783291080,2026-07-05T15:38:00-07:00,36.838941999999996
1783291140,2026-07-05T15:39:00-07:00,36.838941999999996
1783291200,2026-07-05T15:40:00-07:00,36.838941999999996
1783291260,2026-07-05T15:41:00-07:00,36.838941999999996
1783291320,2026-07-05T15:42:00-07:00,36.838941999999996
1783291380,2026-07-05T15:43:00-07:00,33.9971855
1783291440,2026-07-05T15:44:00-07:00,33.9971855
1783291500,2026-07-05T15:45:00-07:00,33.9971855
1783291560,2026-07-05T15:46:00-07:00,33.9971855
1783291620,2026-07-05T15:47:00-07:00,33.9971855
1783292040,2026-07-05T15:54:00-07:00,37.24180066666667
1783292100,2026-07-05T15:55:00-07:00,37.24180066666667
1783292160,2026-07-05T15:56:00-07:00,37.24180066666667
1783292220,2026-07-05T15:57:00-07:00,37.24180066666667
1783292280,2026-07-05T15:58:00-07:00,37.24180066666667
1783292340,2026-07-05T15:59:00-07:00,39.400465000000004
1783292400,2026-07-05T16:00:00-07:00,39.400465000000004
1783292460,2026-07-05T16:01:00-07:00,39.400465000000004
1783292520,2026-07-05T16:02:00-07:00,39.400465000000004
1783292580,2026-07-05T16:03:00-07:00,39.400465000000004
1783294080,2026-07-05T16:28:00-07:00,79.82817916666667
1783294140,2026-07-05T16:29:00-07:00,79.82817916666667
1783294200,2026-07-05T16:30:00-07:00,79.82817916666667
1783294260,2026-07-05T16:31:00-07:00,79.82817916666667
1783294320,2026-07-05T16:32:00-07:00,79.82817916666667
1783294380,2026-07-05T16:33:00-07:00,78.657742
1783294440,2026-07-05T16:34:00-07:00,78.657742
1783294500,2026-07-05T16:35:00-07:00,78.657742
1783294560,2026-07-05T16:36:00-07:00,78.657742
1783294620,2026-07-05T16:37:00-07:00,78.657742
1783294680,2026-07-05T16:38:00-07:00,70.2917075
1783294740,2026-07-05T16:39:00-07:00,70.2917075
1783294800,2026-07-05T16:40:00-07:00,70.2917075
1783294860,2026-07-05T16:41:00-07:00,70.2917075
1783294920,2026-07-05T16:42:00-07:00,70.2917075
1783295340,2026-07-05T16:49:00-07:00,39.577385666666665
1783295400,2026-07-05T16:50:00-07:00,39.577385666666665
1783295460,2026-07-05T16:51:00-07:00,39.577385666666665
1783295520,2026-07-05T16:52:00-07:00,39.577385666666665
1783295580,2026-07-05T16:53:00-07:00,39.577385666666665
1783295700,2026-07-05T16:55:00-07:00,43.658833833333325
1783295760,2026-07-05T16:56:00-07:00,43.658833833333325
1783295820,2026-07-05T16:57:00-07:00,43.658833833333325
1783295880,2026-07-05T16:58:00-07:00,43.658833833333325
1783295940,2026-07-05T16:59:00-07:00,43.658833833333325
1783296060,2026-07-05T17:01:00-07:00,35.80633516666666
1783296120,2026-07-05T17:02:00-07:00,35.80633516666666
1783296180,2026-07-05T17:03:00-07:00,35.80633516666666
1783296240,2026-07-05T17:04:00-07:00,35.80633516666666
1783296300,2026-07-05T17:05:00-07:00,35.80633516666666
1783296360,2026-07-05T17:06:00-07:00,111.63107633333334
1783296420,2026-07-05T17:07:00-07:00,111.63107633333334
1783296480,2026-07-05T17:08:00-07:00,111.63107633333334
1783296540,2026-07-05T17:09:00-07:00,111.63107633333334
1783296600,2026-07-05T17:10:00-07:00,111.63107633333334
1783297020,2026-07-05T17:17:00-07:00,366.85683216666666
1783297080,2026-07-05T17:18:00-07:00,366.85683216666666
1783297140,2026-07-05T17:19:00-07:00,366.85683216666666
1783297200,2026-07-05T17:20:00-07:00,366.85683216666666
1783297260,2026-07-05T17:21:00-07:00,366.85683216666666
1783297320,2026-07-05T17:22:00-07:00,82.01850766666666
1783297380,2026-07-05T17:23:00-07:00,82.01850766666666
1783297440,2026-07-05T17:24:00-07:00,82.01850766666666
1783297500,2026-07-05T17:25:00-07:00,82.01850766666666
1783297560,2026-07-05T17:26:00-07:00,82.01850766666666
1783297620,2026-07-05T17:27:00-07:00,56.40585683333334
1783297680,2026-07-05T17:28:00-07:00,56.40585683333334
1783297740,2026-07-05T17:29:00-07:00,56.40585683333334
1783297800,2026-07-05T17:30:00-07:00,56.40585683333334
1783297860,2026-07-05T17:31:00-07:00,56.40585683333334
1783297920,2026-07-05T17:32:00-07:00,49.82590050000001
1783297980,2026-07-05T17:33:00-07:00,49.82590050000001
1783298040,2026-07-05T17:34:00-07:00,49.82590050000001
1783298100,2026-07-05T17:35:00-07:00,49.82590050000001
1783298160,2026-07-05T17:36:00-07:00,49.82590050000001
1783298280,2026-07-05T17:38:00-07:00,37.674296166666664
1783298340,2026-07-05T17:39:00-07:00,37.674296166666664
1783298400,2026-07-05T17:40:00-07:00,37.674296166666664
1783298460,2026-07-05T17:41:00-07:00,37.674296166666664
1783298520,2026-07-05T17:42:00-07:00,37.674296166666664
1783298580,2026-07-05T17:43:00-07:00,38.31124566666667
1783298640,2026-07-05T17:44:00-07:00,38.31124566666667
1783298700,2026-07-05T17:45:00-07:00,38.31124566666667
1783298760,2026-07-05T17:46:00-07:00,38.31124566666667
1783298820,2026-07-05T17:47:00-07:00,38.31124566666667
1783298940,2026-07-05T17:49:00-07:00,37.92614066666667
1783299000,2026-07-05T17:50:00-07:00,37.92614066666667
1783299060,2026-07-05T17:51:00-07:00,37.92614066666667
1783299120,2026-07-05T17:52:00-07:00,37.92614066666667
1783299180,2026-07-05T17:53:00-07:00,37.92614066666667
1783299360,2026-07-05T17:56:00-07:00,43.51171866666667
1783299420,2026-07-05T17:57:00-07:00,43.51171866666667
1783299480,2026-07-05T17:58:00-07:00,43.51171866666667
1783299540,2026-07-05T17:59:00-07:00,43.51171866666667
1783299600,2026-07-05T18:00:00-07:00,43.51171866666667
1783299660,2026-07-05T18:01:00-07:00,40.6333145
1783299720,2026-07-05T18:02:00-07:00,40.6333145
1783299780,2026-07-05T18:03:00-07:00,40.6333145
1783299840,2026-07-05T18:04:00-07:00,40.6333145
1783299900,2026-07-05T18:05:00-07:00,40.6333145
1783299960,2026-07-05T18:06:00-07:00,70.83348233333334
1783300020,2026-07-05T18:07:00-07:00,70.83348233333334
1783300080,2026-07-05T18:08:00-07:00,70.83348233333334
1783300140,2026-07-05T18:09:00-07:00,70.83348233333334
1783300200,2026-07-05T18:10:00-07:00,70.83348233333334
1783300560,2026-07-05T18:16:00-07:00,73.001336
1783300620,2026-07-05T18:17:00-07:00,73.001336
1783300680,2026-07-05T18:18:00-07:00,73.001336
1783300740,2026-07-05T18:19:00-07:00,73.001336
1783300800,2026-07-05T18:20:00-07:00,73.001336
1783300860,2026-07-05T18:21:00-07:00,67.33980983333333
1783300920,2026-07-05T18:22:00-07:00,67.33980983333333
1783300980,2026-07-05T18:23:00-07:00,67.33980983333333
1783301040,2026-07-05T18:24:00-07:00,67.33980983333333
1783301100,2026-07-05T18:25:00-07:00,67.33980983333333
1783301160,2026-07-05T18:26:00-07:00,48.9974635
1783301220,2026-07-05T18:27:00-07:00,48.9974635
1783301280,2026-07-05T18:28:00-07:00,48.9974635
1783301340,2026-07-05T18:29:00-07:00,48.9974635
1783301400,2026-07-05T18:30:00-07:00,48.9974635
1783301460,2026-07-05T18:31:00-07:00,68.49136733333333
1783301520,2026-07-05T18:32:00-07:00,68.49136733333333
1783301580,2026-07-05T18:33:00-07:00,68.49136733333333
1783301640,2026-07-05T18:34:00-07:00,68.49136733333333
1783301700,2026-07-05T18:35:00-07:00,68.49136733333333
1783301760,2026-07-05T18:36:00-07:00,38.6492785
1783301820,2026-07-05T18:37:00-07:00,38.6492785
1783301880,2026-07-05T18:38:00-07:00,38.6492785
1783301940,2026-07-05T18:39:00-07:00,38.6492785
1783302000,2026-07-05T18:40:00-07:00,38.6492785
1783302480,2026-07-05T18:48:00-07:00,37.65774883333333
1783302540,2026-07-05T18:49:00-07:00,37.65774883333333
1783302600,2026-07-05T18:50:00-07:00,37.65774883333333
1783302660,2026-07-05T18:51:00-07:00,37.65774883333333
1783302720,2026-07-05T18:52:00-07:00,37.65774883333333
1783302780,2026-07-05T18:53:00-07:00,34.5627105
1783302840,2026-07-05T18:54:00-07:00,34.5627105
1783302900,2026-07-05T18:55:00-07:00,34.5627105
1783302960,2026-07-05T18:56:00-07:00,34.5627105
1783303020,2026-07-05T18:57:00-07:00,34.5627105
1783303140,2026-07-05T18:59:00-07:00,67.39173699999999
1783303200,2026-07-05T19:00:00-07:00,67.39173699999999
1783303260,2026-07-05T19:01:00-07:00,67.39173699999999
1783303320,2026-07-05T19:02:00-07:00,67.39173699999999
1783303380,2026-07-05T19:03:00-07:00,67.39173699999999
1783304040,2026-07-05T19:14:00-07:00,39.05669483333333
1783304100,2026-07-05T19:15:00-07:00,39.05669483333333
1783304160,2026-07-05T19:16:00-07:00,39.05669483333333
1783304220,2026-07-05T19:17:00-07:00,39.05669483333333
1783304280,2026-07-05T19:18:00-07:00,39.05669483333333
1783304400,2026-07-05T19:20:00-07:00,69.35989733333334
1783304460,2026-07-05T19:21:00-07:00,69.35989733333334
1783304520,2026-07-05T19:22:00-07:00,69.35989733333334
1783304580,2026-07-05T19:23:00-07:00,69.35989733333334
1783304640,2026-07-05T19:24:00-07:00,69.35989733333334
1783304700,2026-07-05T19:25:00-07:00,35.418545
1783304760,2026-07-05T19:26:00-07:00,35.418545
1783304820,2026-07-05T19:27:00-07:00,35.418545
1783304880,2026-07-05T19:28:00-07:00,35.418545
1783304940,2026-07-05T19:29:00-07:00,35.418545
1783305120,2026-07-05T19:32:00-07:00,36.38318566666667
1783305180,2026-07-05T19:33:00-07:00,36.38318566666667
1783305240,2026-07-05T19:34:00-07:00,36.38318566666667
1783305300,2026-07-05T19:35:00-07:00,36.38318566666667
1783305360,2026-07-05T19:36:00-07:00,36.38318566666667
1783305480,2026-07-05T19:38:00-07:00,54.689548333333335
1783305540,2026-07-05T19:39:00-07:00,54.689548333333335
1783305600,2026-07-05T19:40:00-07:00,54.689548333333335
1783305660,2026-07-05T19:41:00-07:00,54.689548333333335
1783305720,2026-07-05T19:42:00-07:00,54.689548333333335
1783305900,2026-07-05T19:45:00-07:00,40.52313916666667
1783305960,2026-07-05T19:46:00-07:00,40.52313916666667
1783306020,2026-07-05T19:47:00-07:00,40.52313916666667
1783306080,2026-07-05T19:48:00-07:00,40.52313916666667
1783306140,2026-07-05T19:49:00-07:00,40.52313916666667
1783306200,2026-07-05T19:50:00-07:00,110.38677316666667
1783306260,2026-07-05T19:51:00-07:00,110.38677316666667
1783306320,2026-07-05T19:52:00-07:00,110.38677316666667
1783306380,2026-07-05T19:53:00-07:00,110.38677316666667
1783306440,2026-07-05T19:54:00-07:00,110.38677316666667
1783306560,2026-07-05T19:56:00-07:00,35.1009455
1783306620,2026-07-05T19:57:00-07:00,35.1009455
1783306680,2026-07-05T19:58:00-07:00,35.1009455
1783306740,2026-07-05T19:59:00-07:00,35.1009455
1783306800,2026-07-05T20:00:00-07:00,35.1009455
1783306860,2026-07-05T20:01:00-07:00,37.00916866666667
1783306920,2026-07-05T20:02:00-07:00,37.00916866666667
1783306980,2026-07-05T20:03:00-07:00,37.00916866666667
1783307040,2026-07-05T20:04:00-07:00,37.00916866666667
1783307100,2026-07-05T20:05:00-07:00,37.00916866666667
1783307280,2026-07-05T20:08:00-07:00,35.50250916666666
1783307340,2026-07-05T20:09:00-07:00,35.50250916666666
1783307400,2026-07-05T20:10:00-07:00,35.50250916666666
1783307460,2026-07-05T20:11:00-07:00,35.50250916666666
1783307520,2026-07-05T20:12:00-07:00,35.50250916666666
1783307640,2026-07-05T20:14:00-07:00,36.680162
1783307700,2026-07-05T20:15:00-07:00,36.680162
1783307760,2026-07-05T20:16:00-07:00,36.680162
1783307820,2026-07-05T20:17:00-07:00,36.680162
1783307880,2026-07-05T20:18:00-07:00,36.680162
1783307940,2026-07-05T20:19:00-07:00,40.344970499999995
1783308000,2026-07-05T20:20:00-07:00,40.344970499999995
1783308060,2026-07-05T20:21:00-07:00,40.344970499999995
1783308120,2026-07-05T20:22:00-07:00,40.344970499999995
1783308180,2026-07-05T20:23:00-07:00,40.344970499999995
1783308300,2026-07-05T20:25:00-07:00,37.61963599999999
1783308360,2026-07-05T20:26:00-07:00,37.61963599999999
1783308420,2026-07-05T20:27:00-07:00,37.61963599999999
1783308480,2026-07-05T20:28:00-07:00,37.61963599999999
1783308540,2026-07-05T20:29:00-07:00,37.61963599999999
1783308660,2026-07-05T20:31:00-07:00,37.66338433333333
1783308720,2026-07-05T20:32:00-07:00,37.66338433333333
1783308780,2026-07-05T20:33:00-07:00,37.66338433333333
1783308840,2026-07-05T20:34:00-07:00,37.66338433333333
1783308900,2026-07-05T20:35:00-07:00,37.66338433333333
1783309020,2026-07-05T20:37:00-07:00,47.46352133333334
1783309080,2026-07-05T20:38:00-07:00,47.46352133333334
1783309140,2026-07-05T20:39:00-07:00,47.46352133333334
1783309200,2026-07-05T20:40:00-07:00,47.46352133333334
1783309260,2026-07-05T20:41:00-07:00,47.46352133333334
1783309800,2026-07-05T20:50:00-07:00,40.51329233333333
1783309860,2026-07-05T20:51:00-07:00,40.51329233333333
1783309920,2026-07-05T20:52:00-07:00,40.51329233333333
1783309980,2026-07-05T20:53:00-07:00,40.51329233333333
1783310040,2026-07-05T20:54:00-07:00,40.51329233333333
1783310160,2026-07-05T20:56:00-07:00,35.46015083333333
1783310220,2026-07-05T20:57:00-07:00,35.46015083333333
1783310280,2026-07-05T20:58:00-07:00,35.46015083333333
1783310340,2026-07-05T20:59:00-07:00,35.46015083333333
1783310400,2026-07-05T21:00:00-07:00,35.46015083333333
1783310520,2026-07-05T21:02:00-07:00,35.797316
1783310580,2026-07-05T21:03:00-07:00,35.797316
1783310640,2026-07-05T21:04:00-07:00,35.797316
1783310700,2026-07-05T21:05:00-07:00,35.797316
1783310760,2026-07-05T21:06:00-07:00,35.797316
1783310880,2026-07-05T21:08:00-07:00,37.8661295
1783310940,2026-07-05T21:09:00-07:00,37.8661295
1783311000,2026-07-05T21:10:00-07:00,37.8661295
1783311060,2026-07-05T21:11:00-07:00,37.8661295
1783311120,2026-07-05T21:12:00-07:00,37.8661295
1783311180,2026-07-05T21:13:00-07:00,123.622328
1783311240,2026-07-05T21:14:00-07:00,123.622328
1783311300,2026-07-05T21:15:00-07:00,123.622328
1783311360,2026-07-05T21:16:00-07:00,123.622328
1783311420,2026-07-05T21:17:00-07:00,123.622328
1783311540,2026-07-05T21:19:00-07:00,40.29402016666666
1783311600,2026-07-05T21:20:00-07:00,40.29402016666666
1783311660,2026-07-05T21:21:00-07:00,40.29402016666666
1783311720,2026-07-05T21:22:00-07:00,40.29402016666666
1783311780,2026-07-05T21:23:00-07:00,40.29402016666666
1783311900,2026-07-05T21:25:00-07:00,40.91467933333333
1783311960,2026-07-05T21:26:00-07:00,40.91467933333333
1783312020,2026-07-05T21:27:00-07:00,40.91467933333333
1783312080,2026-07-05T21:28:00-07:00,40.91467933333333
1783312140,2026-07-05T21:29:00-07:00,40.91467933333333
1783312200,2026-07-05T21:30:00-07:00,68.72794616666667
1783312260,2026-07-05T21:31:00-07:00,68.72794616666667
1783312320,2026-07-05T21:32:00-07:00,68.72794616666667
1783312380,2026-07-05T21:33:00-07:00,68.72794616666667
1783312440,2026-07-05T21:34:00-07:00,68.72794616666667
1783312500,2026-07-05T21:35:00-07:00,93.486464
1783312560,2026-07-05T21:36:00-07:00,93.486464
1783312620,2026-07-05T21:37:00-07:00,93.486464
1783312680,2026-07-05T21:38:00-07:00,93.486464
1783312740,2026-07-05T21:39:00-07:00,93.486464
1783312860,2026-07-05T21:41:00-07:00,39.02945283333333
1783312920,2026-07-05T21:42:00-07:00,39.02945283333333
1783312980,2026-07-05T21:43:00-07:00,39.02945283333333
1783313040,2026-07-05T21:44:00-07:00,39.02945283333333
1783313100,2026-07-05T21:45:00-07:00,39.02945283333333
1783313160,2026-07-05T21:46:00-07:00,54.368605
1783313220,2026-07-05T21:47:00-07:00,54.368605
1783313280,2026-07-05T21:48:00-07:00,54.368605
1783313340,2026-07-05T21:49:00-07:00,54.368605
1783313400,2026-07-05T21:50:00-07:00,54.368605
1783313460,2026-07-05T21:51:00-07:00,67.87061216666665
1783313520,2026-07-05T21:52:00-07:00,67.87061216666665
1783313580,2026-07-05T21:53:00-07:00,67.87061216666665
1783313640,2026-07-05T21:54:00-07:00,67.87061216666665
1783313700,2026-07-05T21:55:00-07:00,67.87061216666665
1783313760,2026-07-05T21:56:00-07:00,39.90540266666667
1783313820,2026-07-05T21:57:00-07:00,39.90540266666667
1783313880,2026-07-05T21:58:00-07:00,39.90540266666667
1783313940,2026-07-05T21:59:00-07:00,39.90540266666667
1783314000,2026-07-05T22:00:00-07:00,39.90540266666667
1783314060,2026-07-05T22:01:00-07:00,73.12232833333333
1783314120,2026-07-05T22:02:00-07:00,73.12232833333333
1783314180,2026-07-05T22:03:00-07:00,73.12232833333333
1783314240,2026-07-05T22:04:00-07:00,73.12232833333333
1783314300,2026-07-05T22:05:00-07:00,73.12232833333333
1783314360,2026-07-05T22:06:00-07:00,38.071933333333334
1783314420,2026-07-05T22:07:00-07:00,38.071933333333334
1783314480,2026-07-05T22:08:00-07:00,38.071933333333334
1783314540,2026-07-05T22:09:00-07:00,38.071933333333334
1783314600,2026-07-05T22:10:00-07:00,38.071933333333334
1783314720,2026-07-05T22:12:00-07:00,37.3415795
1783314780,2026-07-05T22:13:00-07:00,37.3415795
1783314840,2026-07-05T22:14:00-07:00,37.3415795
1783314900,2026-07-05T22:15:00-07:00,37.3415795
1783314960,2026-07-05T22:16:00-07:00,37.3415795
1783315020,2026-07-05T22:17:00-07:00,41.8475005
1783315080,2026-07-05T22:18:00-07:00,41.8475005
1783315140,2026-07-05T22:19:00-07:00,41.8475005
1783315200,2026-07-05T22:20:00-07:00,41.8475005
1783315260,2026-07-05T22:21:00-07:00,41.8475005
1783315380,2026-07-05T22:23:00-07:00,37.875719
1783315440,2026-07-05T22:24:00-07:00,37.875719
1783315500,2026-07-05T22:25:00-07:00,37.875719
1783315560,2026-07-05T22:26:00-07:00,37.875719
1783315620,2026-07-05T22:27:00-07:00,37.875719
1783315680,2026-07-05T22:28:00-07:00,35.129591
1783315740,2026-07-05T22:29:00-07:00,35.129591
1783315800,2026-07-05T22:30:00-07:00,35.129591
1783315860,2026-07-05T22:31:00-07:00,35.129591
1783315920,2026-07-05T22:32:00-07:00,35.129591
1783316040,2026-07-05T22:34:00-07:00,38.34826666666667
1783316100,2026-07-05T22:35:00-07:00,38.34826666666667
1783316160,2026-07-05T22:36:00-07:00,38.34826666666667
1783316220,2026-07-05T22:37:00-07:00,38.34826666666667
1783316280,2026-07-05T22:38:00-07:00,38.34826666666667
1783316340,2026-07-05T22:39:00-07:00,62.8239475
1783316400,2026-07-05T22:40:00-07:00,62.8239475
1783316460,2026-07-05T22:41:00-07:00,62.8239475
1783316520,2026-07-05T22:42:00-07:00,62.8239475
1783316580,2026-07-05T22:43:00-07:00,62.8239475
1783316640,2026-07-05T22:44:00-07:00,37.48885783333333
1783316700,2026-07-05T22:45:00-07:00,37.48885783333333
1783316760,2026-07-05T22:46:00-07:00,37.48885783333333
1783316820,2026-07-05T22:47:00-07:00,37.48885783333333
1783316880,2026-07-05T22:48:00-07:00,37.48885783333333
1783317000,2026-07-05T22:50:00-07:00,71.04726149999999
1783317060,2026-07-05T22:51:00-07:00,71.04726149999999
1783317120,2026-07-05T22:52:00-07:00,71.04726149999999
1783317180,2026-07-05T22:53:00-07:00,71.04726149999999
1783317240,2026-07-05T22:54:00-07:00,71.04726149999999
1783317360,2026-07-05T22:56:00-07:00,43.73324916666667
1783317420,2026-07-05T22:57:00-07:00,43.73324916666667
1783317480,2026-07-05T22:58:00-07:00,43.73324916666667
1783317540,2026-07-05T22:59:00-07:00,43.73324916666667
1783317600,2026-07-05T23:00:00-07:00,43.73324916666667
1783317660,2026-07-05T23:01:00-07:00,57.442179333333335
1783317720,2026-07-05T23:02:00-07:00,57.442179333333335
1783317780,2026-07-05T23:03:00-07:00,57.442179333333335
1783317840,2026-07-05T23:04:00-07:00,57.442179333333335
1783317900,2026-07-05T23:05:00-07:00,57.442179333333335
1783317960,2026-07-05T23:06:00-07:00,64.54606116666668
1783318020,2026-07-05T23:07:00-07:00,64.54606116666668
1783318080,2026-07-05T23:08:00-07:00,64.54606116666668
1783318140,2026-07-05T23:09:00-07:00,64.54606116666668
1783318200,2026-07-05T23:10:00-07:00,64.54606116666668
1783318320,2026-07-05T23:12:00-07:00,39.3364325
1783318380,2026-07-05T23:13:00-07:00,39.3364325
1783318440,2026-07-05T23:14:00-07:00,39.3364325
1783318500,2026-07-05T23:15:00-07:00,39.3364325
1783318560,2026-07-05T23:16:00-07:00,39.3364325
1783318620,2026-07-05T23:17:00-07:00,53.66971833333332
1783318680,2026-07-05T23:18:00-07:00,53.66971833333332
1783318740,2026-07-05T23:19:00-07:00,53.66971833333332
1783318800,2026-07-05T23:20:00-07:00,53.66971833333332
1783318860,2026-07-05T23:21:00-07:00,53.66971833333332
1783318980,2026-07-05T23:23:00-07:00,34.53350816666667
1783319040,2026-07-05T23:24:00-07:00,34.53350816666667
1783319100,2026-07-05T23:25:00-07:00,34.53350816666667
1783319160,2026-07-05T23:26:00-07:00,34.53350816666667
1783319220,2026-07-05T23:27:00-07:00,34.53350816666667
1783319340,2026-07-05T23:29:00-07:00,39.043043000000004
1783319400,2026-07-05T23:30:00-07:00,39.043043000000004
1783319460,2026-07-05T23:31:00-07:00,39.043043000000004
1783319520,2026-07-05T23:32:00-07:00,39.043043000000004
1783319580,2026-07-05T23:33:00-07:00,39.043043000000004
1783319640,2026-07-05T23:34:00-07:00,71.909431
1783319700,2026-07-05T23:35:00-07:00,71.909431
1783319760,2026-07-05T23:36:00-07:00,71.909431
1783319820,2026-07-05T23:37:00-07:00,71.909431
1783319880,2026-07-05T23:38:00-07:00,71.909431
1783319940,2026-07-05T23:39:00-07:00,39.07608416666667
1783320000,2026-07-05T23:40:00-07:00,39.07608416666667
1783320060,2026-07-05T23:41:00-07:00,39.07608416666667
1783320120,2026-07-05T23:42:00-07:00,39.07608416666667
1783320180,2026-07-05T23:43:00-07:00,39.07608416666667
1783320360,2026-07-05T23:46:00-07:00,112.452447
1783320420,2026-07-05T23:47:00-07:00,112.452447
1783320480,2026-07-05T23:48:00-07:00,112.452447
1783320540,2026-07-05T23:49:00-07:00,112.452447
1783320600,2026-07-05T23:50:00-07:00,112.452447
1783320720,2026-07-05T23:52:00-07:00,41.82247566666667
1783320780,2026-07-05T23:53:00-07:00,41.82247566666667
1783320840,2026-07-05T23:54:00-07:00,41.82247566666667
1783320900,2026-07-05T23:55:00-07:00,41.82247566666667
1783320960,2026-07-05T23:56:00-07:00,41.82247566666667
1783321020,2026-07-05T23:57:00-07:00,39.34450283333334
1783321080,2026-07-05T23:58:00-07:00,39.34450283333334
1783321140,2026-07-05T23:59:00-07:00,39.34450283333334
1783321200,2026-07-06T00:00:00-07:00,39.34450283333334
